2025-06-04 09:54:39 | INFO     | src.utils.logger_setup:setup_logger:64 | 日志系统初始化完成
2025-06-04 09:54:39 | INFO     | __main__:main:53 | ============================================================
2025-06-04 09:54:39 | INFO     | __main__:main:54 | EOD期权交易机器人启动
2025-06-04 09:54:39 | INFO     | __main__:main:55 | ============================================================
2025-06-04 09:54:39 | INFO     | __main__:main:56 | 运行模式: test
2025-06-04 09:54:39 | INFO     | __main__:main:57 | 日志级别: INFO
2025-06-04 09:54:39 | INFO     | __main__:main:58 | 干运行模式: False
2025-06-04 09:54:39 | INFO     | __main__:main:59 | 交易标的: SPY
2025-06-04 09:54:39 | INFO     | __main__:main:60 | API地址: https://paper-api.alpaca.markets
2025-06-04 09:54:39 | INFO     | src.utils.logger_setup:setup_logger:64 | 日志系统初始化完成
2025-06-04 09:54:39 | INFO     | src.trading.executor:update_account_info:123 | 账户更新: 总值$9988.98, 买入力$3239.92
2025-06-04 09:54:39 | INFO     | src.utils.notifications:__init__:39 | 通知管理器初始化完成（简化模式）
2025-06-04 09:54:39 | INFO     | __main__:main:72 | 正在启动交易机器人...
2025-06-04 09:54:39 | INFO     | src.bot.trading_bot:start:58 | 启动末日期权交易机器人
2025-06-04 09:54:39 | INFO     | src.utils.notifications:send_message:63 | [GENERAL] 🚀 EOD期权交易机器人已启动
标的: SPY
账户资金: $9,988.98
最大日风险: $199.78
交易时间: 09:30 - 15:50
2025-06-04 09:55:09 | INFO     | src.trading.executor:update_account_info:123 | 账户更新: 总值$10001.98, 买入力$3239.92
2025-06-04 09:55:09 | DEBUG    | src.bot.trading_bot:_update_market_data:134 | 市场数据更新完成
2025-06-04 09:55:40 | DEBUG    | src.bot.trading_bot:_update_positions:184 | 头寸更新完成
2025-06-04 09:55:40 | INFO     | src.trading.executor:update_account_info:123 | 账户更新: 总值$10003.98, 买入力$3239.92
2025-06-04 09:55:40 | DEBUG    | src.bot.trading_bot:_update_market_data:134 | 市场数据更新完成
2025-06-04 09:56:10 | INFO     | src.trading.executor:update_account_info:123 | 账户更新: 总值$10003.98, 买入力$3239.92
2025-06-04 09:56:10 | DEBUG    | src.bot.trading_bot:_update_market_data:134 | 市场数据更新完成
2025-06-04 09:56:41 | DEBUG    | src.bot.trading_bot:_update_positions:184 | 头寸更新完成
2025-06-04 09:56:41 | INFO     | src.trading.executor:update_account_info:123 | 账户更新: 总值$10003.98, 买入力$3239.92
2025-06-04 09:56:41 | DEBUG    | src.bot.trading_bot:_update_market_data:134 | 市场数据更新完成
2025-06-04 09:57:11 | INFO     | src.trading.executor:update_account_info:123 | 账户更新: 总值$10016.98, 买入力$3239.92
2025-06-04 09:57:11 | DEBUG    | src.bot.trading_bot:_update_market_data:134 | 市场数据更新完成
2025-06-04 09:57:41 | DEBUG    | src.bot.trading_bot:_update_positions:184 | 头寸更新完成
2025-06-04 09:57:41 | INFO     | src.trading.executor:update_account_info:123 | 账户更新: 总值$10010.98, 买入力$3239.92
2025-06-04 09:57:41 | DEBUG    | src.bot.trading_bot:_update_market_data:134 | 市场数据更新完成
2025-06-04 09:58:12 | INFO     | src.trading.executor:update_account_info:123 | 账户更新: 总值$10003.98, 买入力$3239.92
2025-06-04 09:58:12 | DEBUG    | src.bot.trading_bot:_update_market_data:134 | 市场数据更新完成
2025-06-04 09:58:42 | DEBUG    | src.bot.trading_bot:_update_positions:184 | 头寸更新完成
2025-06-04 09:58:42 | INFO     | src.trading.executor:update_account_info:123 | 账户更新: 总值$10003.98, 买入力$3239.92
2025-06-04 09:58:42 | DEBUG    | src.bot.trading_bot:_update_market_data:134 | 市场数据更新完成
2025-06-04 09:59:12 | INFO     | src.trading.executor:update_account_info:123 | 账户更新: 总值$10003.98, 买入力$3239.92
2025-06-04 09:59:12 | DEBUG    | src.bot.trading_bot:_update_market_data:134 | 市场数据更新完成
2025-06-04 09:59:43 | DEBUG    | src.bot.trading_bot:_update_positions:184 | 头寸更新完成
2025-06-04 09:59:43 | INFO     | src.trading.executor:update_account_info:123 | 账户更新: 总值$10003.98, 买入力$3239.92
2025-06-04 09:59:43 | DEBUG    | src.bot.trading_bot:_update_market_data:134 | 市场数据更新完成
2025-06-04 10:00:12 | INFO     | src.utils.logger_setup:setup_logger:64 | 日志系统初始化完成
2025-06-04 10:00:12 | INFO     | src.trading.executor:update_account_info:125 | 账户更新: 总值$10003.98, 买入力$3239.92
2025-06-04 10:00:12 | INFO     | src.trading.executor:sync_existing_positions:672 | 正在同步Alpaca账户现有持仓...
2025-06-04 10:00:12 | INFO     | src.trading.executor:sync_existing_positions:721 | 已同步期权持仓: SPY250604C00569000 1.0张 @$27.55
2025-06-04 10:00:12 | INFO     | src.trading.executor:sync_existing_positions:726 | 持仓同步完成: 总共同步了 1 个期权持仓
2025-06-04 10:00:13 | INFO     | src.trading.executor:update_account_info:123 | 账户更新: 总值$10003.98, 买入力$3239.92
2025-06-04 10:00:13 | DEBUG    | src.bot.trading_bot:_update_market_data:134 | 市场数据更新完成
2025-06-04 10:00:35 | INFO     | src.bot.trading_bot:start:78 | 收到停止信号，正在关闭机器人...
2025-06-04 10:00:35 | INFO     | src.bot.trading_bot:stop:381 | 正在停止交易机器人...
2025-06-04 10:00:35 | INFO     | src.utils.notifications:send_message:63 | [GENERAL] 🛑 交易机器人已停止
最终盈亏: $0.00
总交易次数: 0
运行时间: 0:05:56.371215
2025-06-04 10:00:35 | INFO     | src.bot.trading_bot:stop:400 | 交易机器人已安全停止
2025-06-04 10:00:35 | INFO     | __main__:main:81 | 程序结束
2025-06-04 10:00:42 | INFO     | src.utils.logger_setup:setup_logger:64 | 日志系统初始化完成
2025-06-04 10:00:42 | INFO     | __main__:main:53 | ============================================================
2025-06-04 10:00:42 | INFO     | __main__:main:54 | EOD期权交易机器人启动
2025-06-04 10:00:42 | INFO     | __main__:main:55 | ============================================================
2025-06-04 10:00:42 | INFO     | __main__:main:56 | 运行模式: test
2025-06-04 10:00:42 | INFO     | __main__:main:57 | 日志级别: INFO
2025-06-04 10:00:42 | INFO     | __main__:main:58 | 干运行模式: False
2025-06-04 10:00:42 | INFO     | __main__:main:59 | 交易标的: SPY
2025-06-04 10:00:42 | INFO     | __main__:main:60 | API地址: https://paper-api.alpaca.markets
2025-06-04 10:00:42 | INFO     | src.utils.logger_setup:setup_logger:64 | 日志系统初始化完成
2025-06-04 10:00:42 | INFO     | src.trading.executor:update_account_info:125 | 账户更新: 总值$10008.98, 买入力$3239.92
2025-06-04 10:00:42 | INFO     | src.trading.executor:sync_existing_positions:672 | 正在同步Alpaca账户现有持仓...
2025-06-04 10:00:42 | INFO     | src.trading.executor:sync_existing_positions:721 | 已同步期权持仓: SPY250604C00569000 1.0张 @$27.55
2025-06-04 10:00:42 | INFO     | src.trading.executor:sync_existing_positions:726 | 持仓同步完成: 总共同步了 1 个期权持仓
2025-06-04 10:00:42 | INFO     | src.utils.notifications:__init__:39 | 通知管理器初始化完成（简化模式）
2025-06-04 10:00:42 | INFO     | __main__:main:72 | 正在启动交易机器人...
2025-06-04 10:00:42 | INFO     | src.bot.trading_bot:start:58 | 启动末日期权交易机器人
2025-06-04 10:00:42 | INFO     | src.utils.notifications:send_message:63 | [GENERAL] 🚀 EOD期权交易机器人已启动
标的: SPY
账户资金: $10,008.98
最大日风险: $200.18
交易时间: 09:30 - 15:50
2025-06-04 10:01:13 | INFO     | src.trading.executor:update_account_info:125 | 账户更新: 总值$10036.98, 买入力$3239.92
2025-06-04 10:01:13 | DEBUG    | src.bot.trading_bot:_update_market_data:134 | 市场数据更新完成
2025-06-04 10:01:43 | INFO     | src.data.market_data:_get_option_chain_sdk:148 | 开始获取SPY期权链数据 (使用Alpaca SDK)
2025-06-04 10:01:53 | INFO     | src.data.market_data:_get_option_chain_sdk:162 | ✅ SDK获取期权快照: 9118个快照，用时9.62秒
2025-06-04 10:01:53 | INFO     | src.data.market_data:_get_option_chain_sdk:258 | 成功解析期权链: 4559个看涨期权, 4559个看跌期权
2025-06-04 10:01:53 | DEBUG    | src.bot.trading_bot:_update_positions:184 | 头寸更新完成
2025-06-04 10:01:53 | INFO     | src.trading.executor:update_account_info:125 | 账户更新: 总值$10036.98, 买入力$3239.92
2025-06-04 10:01:53 | DEBUG    | src.bot.trading_bot:_update_market_data:134 | 市场数据更新完成
2025-06-04 10:02:23 | INFO     | src.trading.executor:update_account_info:125 | 账户更新: 总值$10036.98, 买入力$3239.92
2025-06-04 10:02:23 | DEBUG    | src.bot.trading_bot:_update_market_data:134 | 市场数据更新完成
2025-06-04 10:02:30 | INFO     | src.utils.logger_setup:setup_logger:64 | 日志系统初始化完成
2025-06-04 10:02:30 | INFO     | src.trading.executor:update_account_info:125 | 账户更新: 总值$10036.98, 买入力$3239.92
2025-06-04 10:02:30 | INFO     | src.trading.executor:sync_existing_positions:672 | 正在同步Alpaca账户现有持仓...
2025-06-04 10:02:30 | INFO     | src.data.market_data:_get_option_chain_sdk:148 | 开始获取SPY期权链数据 (使用Alpaca SDK)
2025-06-04 10:02:40 | INFO     | src.data.market_data:_get_option_chain_sdk:162 | ✅ SDK获取期权快照: 9118个快照，用时9.55秒
2025-06-04 10:02:40 | INFO     | src.data.market_data:_get_option_chain_sdk:258 | 成功解析期权链: 4559个看涨期权, 4559个看跌期权
2025-06-04 10:02:40 | INFO     | src.trading.executor:sync_existing_positions:733 | 已更新期权 SPY250604C00569000 实时价格: $27.87
2025-06-04 10:02:40 | INFO     | src.trading.executor:sync_existing_positions:746 | 已同步期权持仓: SPY250604C00569000 1.0张 入场$27.55 当前$27.87 盈亏$32.00
2025-06-04 10:02:40 | INFO     | src.trading.executor:sync_existing_positions:754 | 正在更新所有持仓的实时价格...
2025-06-04 10:02:40 | INFO     | src.trading.executor:sync_existing_positions:757 | 持仓同步完成: 总共同步了 1 个期权持仓
2025-06-04 10:02:54 | INFO     | src.data.market_data:_get_option_chain_sdk:148 | 开始获取SPY期权链数据 (使用Alpaca SDK)
2025-06-04 10:03:03 | INFO     | src.data.market_data:_get_option_chain_sdk:162 | ✅ SDK获取期权快照: 9118个快照，用时9.48秒
2025-06-04 10:03:03 | INFO     | src.data.market_data:_get_option_chain_sdk:258 | 成功解析期权链: 4559个看涨期权, 4559个看跌期权
2025-06-04 10:03:03 | DEBUG    | src.bot.trading_bot:_update_positions:184 | 头寸更新完成
2025-06-04 10:03:04 | INFO     | src.trading.executor:update_account_info:125 | 账户更新: 总值$10036.98, 买入力$3239.92
2025-06-04 10:03:04 | DEBUG    | src.bot.trading_bot:_update_market_data:134 | 市场数据更新完成
2025-06-04 10:03:34 | INFO     | src.trading.executor:update_account_info:125 | 账户更新: 总值$10036.98, 买入力$3239.92
2025-06-04 10:03:34 | DEBUG    | src.bot.trading_bot:_update_market_data:134 | 市场数据更新完成
2025-06-04 10:03:49 | INFO     | src.utils.logger_setup:setup_logger:64 | 日志系统初始化完成
2025-06-04 10:03:49 | INFO     | src.trading.executor:update_account_info:125 | 账户更新: 总值$10036.98, 买入力$3239.92
2025-06-04 10:03:49 | INFO     | src.trading.executor:sync_existing_positions:676 | 正在同步Alpaca账户现有持仓...
2025-06-04 10:03:50 | INFO     | src.data.market_data:_get_option_chain_sdk:148 | 开始获取SPY期权链数据 (使用Alpaca SDK)
2025-06-04 10:03:59 | INFO     | src.data.market_data:_get_option_chain_sdk:162 | ✅ SDK获取期权快照: 9118个快照，用时9.49秒
2025-06-04 10:03:59 | INFO     | src.data.market_data:_get_option_chain_sdk:258 | 成功解析期权链: 4559个看涨期权, 4559个看跌期权
2025-06-04 10:03:59 | INFO     | src.trading.executor:sync_existing_positions:737 | 已更新期权 SPY250604C00569000 实时价格: $27.76
2025-06-04 10:03:59 | INFO     | src.trading.executor:sync_existing_positions:750 | 已同步期权持仓: SPY250604C00569000 1.0张 入场$27.55 当前$27.76 盈亏$21.00
2025-06-04 10:03:59 | INFO     | src.trading.executor:sync_existing_positions:758 | 正在更新所有持仓的实时价格...
2025-06-04 10:03:59 | INFO     | src.trading.executor:sync_existing_positions:761 | 持仓同步完成: 总共同步了 1 个期权持仓
2025-06-04 10:04:04 | INFO     | src.data.market_data:_get_option_chain_sdk:148 | 开始获取SPY期权链数据 (使用Alpaca SDK)
2025-06-04 10:04:14 | INFO     | src.data.market_data:_get_option_chain_sdk:162 | ✅ SDK获取期权快照: 9118个快照，用时9.74秒
2025-06-04 10:04:14 | INFO     | src.data.market_data:_get_option_chain_sdk:258 | 成功解析期权链: 4559个看涨期权, 4559个看跌期权
2025-06-04 10:04:14 | DEBUG    | src.bot.trading_bot:_update_positions:184 | 头寸更新完成
2025-06-04 10:04:14 | INFO     | src.trading.executor:update_account_info:125 | 账户更新: 总值$10036.98, 买入力$3239.92
2025-06-04 10:04:14 | DEBUG    | src.bot.trading_bot:_update_market_data:134 | 市场数据更新完成
2025-06-04 10:04:24 | INFO     | src.bot.trading_bot:start:78 | 收到停止信号，正在关闭机器人...
2025-06-04 10:04:24 | INFO     | src.bot.trading_bot:stop:381 | 正在停止交易机器人...
2025-06-04 10:04:24 | INFO     | src.bot.trading_bot:stop:387 | 平仓所有未平头寸...
2025-06-04 10:04:24 | ERROR    | src.trading.executor:_close_position:576 | 平仓失败: {"code":40310000,"message":"account not eligible to trade uncovered option contracts"}
2025-06-04 10:04:24 | INFO     | src.trading.executor:close_all_positions:598 | 已平仓所有头寸，原因: 机器人停止
2025-06-04 10:04:24 | INFO     | src.utils.notifications:send_message:63 | [GENERAL] 🛑 交易机器人已停止
最终盈亏: $0.00
总交易次数: 0
运行时间: 0:03:41.331282
2025-06-04 10:04:24 | INFO     | src.bot.trading_bot:stop:400 | 交易机器人已安全停止
2025-06-04 10:04:24 | INFO     | __main__:main:81 | 程序结束
2025-06-04 10:04:26 | INFO     | src.utils.logger_setup:setup_logger:64 | 日志系统初始化完成
2025-06-04 10:04:26 | INFO     | __main__:main:53 | ============================================================
2025-06-04 10:04:26 | INFO     | __main__:main:54 | EOD期权交易机器人启动
2025-06-04 10:04:26 | INFO     | __main__:main:55 | ============================================================
2025-06-04 10:04:26 | INFO     | __main__:main:56 | 运行模式: test
2025-06-04 10:04:26 | INFO     | __main__:main:57 | 日志级别: INFO
2025-06-04 10:04:26 | INFO     | __main__:main:58 | 干运行模式: False
2025-06-04 10:04:26 | INFO     | __main__:main:59 | 交易标的: SPY
2025-06-04 10:04:26 | INFO     | __main__:main:60 | API地址: https://paper-api.alpaca.markets
2025-06-04 10:04:26 | INFO     | src.utils.logger_setup:setup_logger:64 | 日志系统初始化完成
2025-06-04 10:04:26 | INFO     | src.trading.executor:update_account_info:125 | 账户更新: 总值$10036.98, 买入力$3239.92
2025-06-04 10:04:26 | INFO     | src.trading.executor:sync_existing_positions:676 | 正在同步Alpaca账户现有持仓...
2025-06-04 10:04:27 | INFO     | src.data.market_data:_get_option_chain_sdk:148 | 开始获取SPY期权链数据 (使用Alpaca SDK)
2025-06-04 10:04:36 | INFO     | src.data.market_data:_get_option_chain_sdk:162 | ✅ SDK获取期权快照: 9118个快照，用时9.39秒
2025-06-04 10:04:36 | INFO     | src.data.market_data:_get_option_chain_sdk:258 | 成功解析期权链: 4559个看涨期权, 4559个看跌期权
2025-06-04 10:04:36 | INFO     | src.trading.executor:sync_existing_positions:737 | 已更新期权 SPY250604C00569000 实时价格: $27.77
2025-06-04 10:04:36 | INFO     | src.trading.executor:sync_existing_positions:750 | 已同步期权持仓: SPY250604C00569000 1.0张 入场$27.55 当前$27.77 盈亏$22.00
2025-06-04 10:04:36 | INFO     | src.trading.executor:sync_existing_positions:758 | 正在更新所有持仓的实时价格...
2025-06-04 10:04:36 | INFO     | src.trading.executor:sync_existing_positions:761 | 持仓同步完成: 总共同步了 1 个期权持仓
2025-06-04 10:04:36 | INFO     | src.utils.notifications:__init__:39 | 通知管理器初始化完成（简化模式）
2025-06-04 10:04:36 | INFO     | __main__:main:72 | 正在启动交易机器人...
2025-06-04 10:04:36 | INFO     | src.bot.trading_bot:start:58 | 启动末日期权交易机器人
2025-06-04 10:04:36 | INFO     | src.utils.notifications:send_message:63 | [GENERAL] 🚀 EOD期权交易机器人已启动
标的: SPY
账户资金: $10,036.98
最大日风险: $200.74
交易时间: 09:30 - 15:50
2025-06-04 10:05:07 | INFO     | src.trading.executor:update_account_info:125 | 账户更新: 总值$10036.98, 买入力$3239.92
2025-06-04 10:05:07 | DEBUG    | src.bot.trading_bot:_update_market_data:134 | 市场数据更新完成
2025-06-04 10:05:37 | INFO     | src.data.market_data:_get_option_chain_sdk:148 | 开始获取SPY期权链数据 (使用Alpaca SDK)
2025-06-04 10:05:48 | INFO     | src.data.market_data:_get_option_chain_sdk:162 | ✅ SDK获取期权快照: 9118个快照，用时11.25秒
2025-06-04 10:05:49 | INFO     | src.data.market_data:_get_option_chain_sdk:258 | 成功解析期权链: 4559个看涨期权, 4559个看跌期权
2025-06-04 10:05:49 | DEBUG    | src.bot.trading_bot:_update_positions:184 | 头寸更新完成
2025-06-04 10:05:49 | INFO     | src.trading.executor:update_account_info:125 | 账户更新: 总值$10036.98, 买入力$3239.92
2025-06-04 10:05:49 | DEBUG    | src.bot.trading_bot:_update_market_data:134 | 市场数据更新完成
2025-06-04 10:05:53 | INFO     | src.utils.logger_setup:setup_logger:64 | 日志系统初始化完成
2025-06-04 10:05:53 | INFO     | __main__:main:53 | ============================================================
2025-06-04 10:05:53 | INFO     | __main__:main:54 | EOD期权交易机器人启动
2025-06-04 10:05:53 | INFO     | __main__:main:55 | ============================================================
2025-06-04 10:05:53 | INFO     | __main__:main:56 | 运行模式: test
2025-06-04 10:05:53 | INFO     | __main__:main:57 | 日志级别: INFO
2025-06-04 10:05:53 | INFO     | __main__:main:58 | 干运行模式: False
2025-06-04 10:05:53 | INFO     | __main__:main:59 | 交易标的: SPY
2025-06-04 10:05:53 | INFO     | __main__:main:60 | API地址: https://paper-api.alpaca.markets
2025-06-04 10:05:53 | INFO     | src.utils.logger_setup:setup_logger:64 | 日志系统初始化完成
2025-06-04 10:05:54 | INFO     | src.trading.executor:update_account_info:125 | 账户更新: 总值$10036.98, 买入力$3239.92
2025-06-04 10:05:54 | INFO     | src.trading.executor:sync_existing_positions:681 | 正在同步Alpaca账户现有持仓...
2025-06-04 10:05:54 | INFO     | src.data.market_data:_get_option_chain_sdk:148 | 开始获取SPY期权链数据 (使用Alpaca SDK)
2025-06-04 10:06:04 | INFO     | src.data.market_data:_get_option_chain_sdk:162 | ✅ SDK获取期权快照: 9118个快照，用时9.72秒
2025-06-04 10:06:04 | INFO     | src.data.market_data:_get_option_chain_sdk:258 | 成功解析期权链: 4559个看涨期权, 4559个看跌期权
2025-06-04 10:06:04 | INFO     | src.trading.executor:sync_existing_positions:742 | 已更新期权 SPY250604C00569000 实时价格: $27.59
2025-06-04 10:06:04 | INFO     | src.trading.executor:sync_existing_positions:755 | 已同步期权持仓: SPY250604C00569000 1.0张 入场$27.55 当前$27.59 盈亏$4.00
2025-06-04 10:06:04 | INFO     | src.trading.executor:sync_existing_positions:763 | 正在更新所有持仓的实时价格...
2025-06-04 10:06:04 | INFO     | src.trading.executor:sync_existing_positions:766 | 持仓同步完成: 总共同步了 1 个期权持仓
2025-06-04 10:06:04 | INFO     | src.utils.notifications:__init__:39 | 通知管理器初始化完成（简化模式）
2025-06-04 10:06:04 | INFO     | __main__:main:72 | 正在启动交易机器人...
2025-06-04 10:06:04 | INFO     | src.bot.trading_bot:start:58 | 启动末日期权交易机器人
2025-06-04 10:06:04 | INFO     | src.utils.notifications:send_message:63 | [GENERAL] 🚀 EOD期权交易机器人已启动
标的: SPY
账户资金: $10,036.98
最大日风险: $200.74
交易时间: 09:30 - 15:50
2025-06-04 10:06:19 | INFO     | src.trading.executor:update_account_info:125 | 账户更新: 总值$10036.98, 买入力$3239.92
2025-06-04 10:06:19 | DEBUG    | src.bot.trading_bot:_update_market_data:134 | 市场数据更新完成
2025-06-04 10:06:34 | INFO     | src.trading.executor:update_account_info:125 | 账户更新: 总值$10036.98, 买入力$3239.92
2025-06-04 10:06:34 | DEBUG    | src.bot.trading_bot:_update_market_data:134 | 市场数据更新完成
2025-06-04 10:06:49 | INFO     | src.data.market_data:_get_option_chain_sdk:148 | 开始获取SPY期权链数据 (使用Alpaca SDK)
2025-06-04 10:06:59 | INFO     | src.utils.logger_setup:setup_logger:64 | 日志系统初始化完成
2025-06-04 10:06:59 | INFO     | src.data.market_data:_get_option_chain_sdk:162 | ✅ SDK获取期权快照: 9118个快照，用时9.70秒
2025-06-04 10:06:59 | INFO     | src.data.market_data:_get_option_chain_sdk:258 | 成功解析期权链: 4559个看涨期权, 4559个看跌期权
2025-06-04 10:06:59 | DEBUG    | src.bot.trading_bot:_update_positions:184 | 头寸更新完成
2025-06-04 10:06:59 | INFO     | src.trading.executor:update_account_info:125 | 账户更新: 总值$10036.98, 买入力$3239.92
2025-06-04 10:06:59 | INFO     | src.trading.executor:sync_existing_positions:681 | 正在同步Alpaca账户现有持仓...
2025-06-04 10:06:59 | INFO     | src.trading.executor:update_account_info:125 | 账户更新: 总值$10036.98, 买入力$3239.92
2025-06-04 10:06:59 | DEBUG    | src.bot.trading_bot:_update_market_data:134 | 市场数据更新完成
2025-06-04 10:07:00 | INFO     | src.data.market_data:_get_option_chain_sdk:148 | 开始获取SPY期权链数据 (使用Alpaca SDK)
2025-06-04 10:07:05 | INFO     | src.data.market_data:_get_option_chain_sdk:148 | 开始获取SPY期权链数据 (使用Alpaca SDK)
2025-06-04 10:07:09 | INFO     | src.data.market_data:_get_option_chain_sdk:162 | ✅ SDK获取期权快照: 9118个快照，用时9.64秒
2025-06-04 10:07:09 | INFO     | src.data.market_data:_get_option_chain_sdk:258 | 成功解析期权链: 4559个看涨期权, 4559个看跌期权
2025-06-04 10:07:09 | INFO     | src.trading.executor:sync_existing_positions:742 | 已更新期权 SPY250604C00569000 实时价格: $28.17
2025-06-04 10:07:09 | INFO     | src.trading.executor:sync_existing_positions:755 | 已同步期权持仓: SPY250604C00569000 1.0张 入场$27.55 当前$28.17 盈亏$62.00
2025-06-04 10:07:09 | INFO     | src.trading.executor:sync_existing_positions:763 | 正在更新所有持仓的实时价格...
2025-06-04 10:07:09 | INFO     | src.trading.executor:sync_existing_positions:766 | 持仓同步完成: 总共同步了 1 个期权持仓
2025-06-04 10:07:14 | INFO     | src.data.market_data:_get_option_chain_sdk:162 | ✅ SDK获取期权快照: 9118个快照，用时9.30秒
2025-06-04 10:07:14 | INFO     | src.data.market_data:_get_option_chain_sdk:258 | 成功解析期权链: 4559个看涨期权, 4559个看跌期权
2025-06-04 10:07:14 | DEBUG    | src.bot.trading_bot:_update_positions:184 | 头寸更新完成
2025-06-04 10:07:14 | INFO     | src.trading.executor:update_account_info:125 | 账户更新: 总值$10036.98, 买入力$3239.92
2025-06-04 10:07:14 | DEBUG    | src.bot.trading_bot:_update_market_data:134 | 市场数据更新完成
2025-06-04 10:07:29 | INFO     | src.trading.executor:update_account_info:125 | 账户更新: 总值$10036.98, 买入力$3239.92
2025-06-04 10:07:29 | DEBUG    | src.bot.trading_bot:_update_market_data:134 | 市场数据更新完成
2025-06-04 10:07:44 | INFO     | src.trading.executor:update_account_info:125 | 账户更新: 总值$10036.98, 买入力$3239.92
2025-06-04 10:07:44 | DEBUG    | src.bot.trading_bot:_update_market_data:134 | 市场数据更新完成
2025-06-04 10:08:00 | INFO     | src.data.market_data:_get_option_chain_sdk:148 | 开始获取SPY期权链数据 (使用Alpaca SDK)
2025-06-04 10:08:06 | INFO     | src.strategy.signals:generate_signals:468 | 生成信号: LONG - VWAP多头突破: 偏离0.18%, MACD转正
2025-06-04 10:08:06 | INFO     | src.bot.trading_bot:_check_signals:152 | 检测到信号: LONG 置信度: 0.85 原因: VWAP多头突破: 偏离0.18%, MACD转正
2025-06-04 10:08:06 | INFO     | src.utils.notifications:send_message:63 | [GENERAL] 📡 交易信号
类型: LONG
强度: MEDIUM
置信度: 0.85
价格: $597.61
原因: VWAP多头突破: 偏离0.18%, MACD转正
2025-06-04 10:08:06 | INFO     | src.bot.trading_bot:_should_execute_signal:305 | 已有同方向头寸，跳过执行
2025-06-04 10:08:10 | INFO     | src.data.market_data:_get_option_chain_sdk:162 | ✅ SDK获取期权快照: 9118个快照，用时9.75秒
2025-06-04 10:08:10 | INFO     | src.data.market_data:_get_option_chain_sdk:258 | 成功解析期权链: 4559个看涨期权, 4559个看跌期权
2025-06-04 10:08:10 | DEBUG    | src.bot.trading_bot:_update_positions:184 | 头寸更新完成
2025-06-04 10:08:10 | INFO     | src.trading.executor:update_account_info:125 | 账户更新: 总值$10025.98, 买入力$3239.92
2025-06-04 10:08:10 | DEBUG    | src.bot.trading_bot:_update_market_data:134 | 市场数据更新完成
2025-06-04 10:08:15 | INFO     | src.data.market_data:_get_option_chain_sdk:148 | 开始获取SPY期权链数据 (使用Alpaca SDK)
2025-06-04 10:08:24 | INFO     | src.data.market_data:_get_option_chain_sdk:162 | ✅ SDK获取期权快照: 9118个快照，用时9.50秒
2025-06-04 10:08:24 | INFO     | src.data.market_data:_get_option_chain_sdk:258 | 成功解析期权链: 4559个看涨期权, 4559个看跌期权
2025-06-04 10:08:24 | DEBUG    | src.bot.trading_bot:_update_positions:184 | 头寸更新完成
2025-06-04 10:08:24 | INFO     | src.trading.executor:update_account_info:125 | 账户更新: 总值$10025.98, 买入力$3239.92
2025-06-04 10:08:24 | DEBUG    | src.bot.trading_bot:_update_market_data:134 | 市场数据更新完成
2025-06-04 10:08:39 | INFO     | src.strategy.signals:generate_signals:468 | 生成信号: LONG - VWAP多头突破: 偏离0.18%, MACD转正
2025-06-04 10:08:39 | INFO     | src.bot.trading_bot:_check_signals:152 | 检测到信号: LONG 置信度: 0.85 原因: VWAP多头突破: 偏离0.18%, MACD转正
2025-06-04 10:08:39 | INFO     | src.utils.notifications:send_message:63 | [GENERAL] 📡 交易信号
类型: LONG
强度: MEDIUM
置信度: 0.85
价格: $597.61
原因: VWAP多头突破: 偏离0.18%, MACD转正
2025-06-04 10:08:39 | INFO     | src.bot.trading_bot:_should_execute_signal:305 | 已有同方向头寸，跳过执行
2025-06-04 10:08:40 | INFO     | src.trading.executor:update_account_info:125 | 账户更新: 总值$10055.98, 买入力$3239.92
2025-06-04 10:08:40 | DEBUG    | src.bot.trading_bot:_update_market_data:134 | 市场数据更新完成
2025-06-04 10:08:55 | INFO     | src.trading.executor:update_account_info:125 | 账户更新: 总值$10055.98, 买入力$3239.92
2025-06-04 10:08:55 | DEBUG    | src.bot.trading_bot:_update_market_data:134 | 市场数据更新完成
2025-06-04 10:08:59 | INFO     | src.bot.trading_bot:start:78 | 收到停止信号，正在关闭机器人...
2025-06-04 10:08:59 | INFO     | src.bot.trading_bot:stop:381 | 正在停止交易机器人...
2025-06-04 10:08:59 | INFO     | src.bot.trading_bot:stop:387 | 平仓所有未平头寸...
2025-06-04 10:08:59 | ERROR    | src.trading.executor:_close_position:576 | 平仓失败: {"code":40310000,"message":"account not eligible to trade uncovered option contracts"}
2025-06-04 10:08:59 | INFO     | src.trading.executor:close_all_positions:598 | 已平仓所有头寸，原因: 机器人停止
2025-06-04 10:08:59 | INFO     | src.utils.notifications:send_message:63 | [GENERAL] 🛑 交易机器人已停止
最终盈亏: $84.00
总交易次数: 0
运行时间: 0:04:22.731475
2025-06-04 10:08:59 | INFO     | src.bot.trading_bot:stop:400 | 交易机器人已安全停止
2025-06-04 10:08:59 | INFO     | __main__:main:81 | 程序结束
2025-06-04 10:09:02 | INFO     | src.utils.logger_setup:setup_logger:64 | 日志系统初始化完成
2025-06-04 10:09:02 | INFO     | __main__:main:53 | ============================================================
2025-06-04 10:09:02 | INFO     | __main__:main:54 | EOD期权交易机器人启动
2025-06-04 10:09:02 | INFO     | __main__:main:55 | ============================================================
2025-06-04 10:09:02 | INFO     | __main__:main:56 | 运行模式: test
2025-06-04 10:09:02 | INFO     | __main__:main:57 | 日志级别: INFO
2025-06-04 10:09:02 | INFO     | __main__:main:58 | 干运行模式: False
2025-06-04 10:09:02 | INFO     | __main__:main:59 | 交易标的: SPY
2025-06-04 10:09:02 | INFO     | __main__:main:60 | API地址: https://paper-api.alpaca.markets
2025-06-04 10:09:02 | INFO     | src.utils.logger_setup:setup_logger:64 | 日志系统初始化完成
2025-06-04 10:09:03 | INFO     | src.trading.executor:update_account_info:125 | 账户更新: 总值$10055.98, 买入力$3239.92
2025-06-04 10:09:03 | INFO     | src.trading.executor:sync_existing_positions:681 | 正在同步Alpaca账户现有持仓...
2025-06-04 10:09:03 | INFO     | src.data.market_data:_get_option_chain_sdk:148 | 开始获取SPY期权链数据 (使用Alpaca SDK)
2025-06-04 10:09:06 | INFO     | src.strategy.signals:generate_signals:468 | 生成信号: LONG - VWAP多头突破: 偏离0.18%, MACD转正
2025-06-04 10:09:06 | INFO     | src.bot.trading_bot:_check_signals:152 | 检测到信号: LONG 置信度: 0.85 原因: VWAP多头突破: 偏离0.18%, MACD转正
2025-06-04 10:09:06 | INFO     | src.utils.notifications:send_message:63 | [GENERAL] 📡 交易信号
类型: LONG
强度: MEDIUM
置信度: 0.85
价格: $597.60
原因: VWAP多头突破: 偏离0.18%, MACD转正
2025-06-04 10:09:06 | INFO     | src.bot.trading_bot:_should_execute_signal:305 | 已有同方向头寸，跳过执行
2025-06-04 10:09:13 | INFO     | src.data.market_data:_get_option_chain_sdk:162 | ✅ SDK获取期权快照: 9118个快照，用时9.81秒
2025-06-04 10:09:13 | INFO     | src.data.market_data:_get_option_chain_sdk:258 | 成功解析期权链: 4559个看涨期权, 4559个看跌期权
2025-06-04 10:09:13 | INFO     | src.trading.executor:sync_existing_positions:742 | 已更新期权 SPY250604C00569000 实时价格: $28.18
2025-06-04 10:09:13 | INFO     | src.trading.executor:sync_existing_positions:755 | 已同步期权持仓: SPY250604C00569000 1.0张 入场$27.55 当前$28.18 盈亏$63.00
2025-06-04 10:09:13 | INFO     | src.trading.executor:sync_existing_positions:763 | 正在更新所有持仓的实时价格...
2025-06-04 10:09:13 | INFO     | src.trading.executor:sync_existing_positions:766 | 持仓同步完成: 总共同步了 1 个期权持仓
2025-06-04 10:09:13 | INFO     | src.utils.notifications:__init__:39 | 通知管理器初始化完成（简化模式）
2025-06-04 10:09:13 | INFO     | __main__:main:72 | 正在启动交易机器人...
2025-06-04 10:09:13 | INFO     | src.bot.trading_bot:start:58 | 启动末日期权交易机器人
2025-06-04 10:09:13 | INFO     | src.utils.notifications:send_message:63 | [GENERAL] 🚀 EOD期权交易机器人已启动
标的: SPY
账户资金: $10,055.98
最大日风险: $201.12
交易时间: 09:30 - 15:50
2025-06-04 10:09:25 | INFO     | src.data.market_data:_get_option_chain_sdk:148 | 开始获取SPY期权链数据 (使用Alpaca SDK)
2025-06-04 10:09:34 | INFO     | src.data.market_data:_get_option_chain_sdk:162 | ✅ SDK获取期权快照: 9118个快照，用时9.25秒
2025-06-04 10:09:34 | INFO     | src.data.market_data:_get_option_chain_sdk:258 | 成功解析期权链: 4559个看涨期权, 4559个看跌期权
2025-06-04 10:09:35 | DEBUG    | src.bot.trading_bot:_update_positions:184 | 头寸更新完成
2025-06-04 10:09:35 | INFO     | src.trading.executor:update_account_info:125 | 账户更新: 总值$10053.98, 买入力$3239.92
2025-06-04 10:09:35 | DEBUG    | src.bot.trading_bot:_update_market_data:134 | 市场数据更新完成
2025-06-04 10:09:43 | INFO     | src.trading.executor:update_account_info:125 | 账户更新: 总值$10051.98, 买入力$3239.92
2025-06-04 10:09:43 | DEBUG    | src.bot.trading_bot:_update_market_data:134 | 市场数据更新完成
2025-06-04 10:10:05 | INFO     | src.trading.executor:update_account_info:125 | 账户更新: 总值$10053.98, 买入力$3239.92
2025-06-04 10:10:05 | DEBUG    | src.bot.trading_bot:_update_market_data:134 | 市场数据更新完成
2025-06-04 10:10:07 | INFO     | src.strategy.signals:generate_signals:468 | 生成信号: LONG - VWAP多头突破: 偏离0.18%, MACD转正
2025-06-04 10:10:07 | INFO     | src.bot.trading_bot:_check_signals:152 | 检测到信号: LONG 置信度: 0.85 原因: VWAP多头突破: 偏离0.18%, MACD转正
2025-06-04 10:10:07 | INFO     | src.utils.notifications:send_message:63 | [GENERAL] 📡 交易信号
类型: LONG
强度: MEDIUM
置信度: 0.85
价格: $597.59
原因: VWAP多头突破: 偏离0.18%, MACD转正
2025-06-04 10:10:07 | INFO     | src.bot.trading_bot:_should_execute_signal:305 | 已有同方向头寸，跳过执行
2025-06-04 10:10:14 | INFO     | src.strategy.signals:generate_signals:468 | 生成信号: LONG - VWAP多头突破: 偏离0.18%, MACD转正
2025-06-04 10:10:14 | INFO     | src.bot.trading_bot:_check_signals:152 | 检测到信号: LONG 置信度: 0.85 原因: VWAP多头突破: 偏离0.18%, MACD转正
2025-06-04 10:10:14 | INFO     | src.utils.notifications:send_message:63 | [GENERAL] 📡 交易信号
类型: LONG
强度: MEDIUM
置信度: 0.85
价格: $597.59
原因: VWAP多头突破: 偏离0.18%, MACD转正
2025-06-04 10:10:14 | INFO     | src.bot.trading_bot:_should_execute_signal:305 | 已有同方向头寸，跳过执行
2025-06-04 10:10:14 | INFO     | src.data.market_data:_get_option_chain_sdk:148 | 开始获取SPY期权链数据 (使用Alpaca SDK)
2025-06-04 10:10:23 | INFO     | src.data.market_data:_get_option_chain_sdk:162 | ✅ SDK获取期权快照: 9118个快照，用时9.45秒
2025-06-04 10:10:23 | INFO     | src.data.market_data:_get_option_chain_sdk:258 | 成功解析期权链: 4559个看涨期权, 4559个看跌期权
2025-06-04 10:10:23 | DEBUG    | src.bot.trading_bot:_update_positions:184 | 头寸更新完成
2025-06-04 10:10:23 | INFO     | src.trading.executor:update_account_info:125 | 账户更新: 总值$10053.98, 买入力$3239.92
2025-06-04 10:10:23 | DEBUG    | src.bot.trading_bot:_update_market_data:134 | 市场数据更新完成
2025-06-04 10:10:35 | INFO     | src.data.market_data:_get_option_chain_sdk:148 | 开始获取SPY期权链数据 (使用Alpaca SDK)
2025-06-04 10:10:45 | INFO     | src.data.market_data:_get_option_chain_sdk:162 | ✅ SDK获取期权快照: 9118个快照，用时9.52秒
2025-06-04 10:10:45 | INFO     | src.data.market_data:_get_option_chain_sdk:258 | 成功解析期权链: 4559个看涨期权, 4559个看跌期权
2025-06-04 10:10:45 | DEBUG    | src.bot.trading_bot:_update_positions:184 | 头寸更新完成
2025-06-04 10:10:45 | INFO     | src.trading.executor:update_account_info:125 | 账户更新: 总值$10053.98, 买入力$3239.92
2025-06-04 10:10:45 | DEBUG    | src.bot.trading_bot:_update_market_data:134 | 市场数据更新完成
2025-06-04 10:10:54 | INFO     | src.trading.executor:update_account_info:125 | 账户更新: 总值$10053.98, 买入力$3239.92
2025-06-04 10:10:54 | DEBUG    | src.bot.trading_bot:_update_market_data:134 | 市场数据更新完成
2025-06-04 10:11:07 | INFO     | src.strategy.signals:generate_signals:468 | 生成信号: LONG - VWAP多头突破: 偏离0.18%, MACD转正
2025-06-04 10:11:07 | INFO     | src.bot.trading_bot:_check_signals:152 | 检测到信号: LONG 置信度: 0.85 原因: VWAP多头突破: 偏离0.18%, MACD转正
2025-06-04 10:11:07 | INFO     | src.utils.notifications:send_message:63 | [GENERAL] 📡 交易信号
类型: LONG
强度: MEDIUM
置信度: 0.85
价格: $597.63
原因: VWAP多头突破: 偏离0.18%, MACD转正
2025-06-04 10:11:07 | INFO     | src.bot.trading_bot:_should_execute_signal:305 | 已有同方向头寸，跳过执行
2025-06-04 10:11:14 | INFO     | src.strategy.signals:generate_signals:468 | 生成信号: LONG - VWAP多头突破: 偏离0.18%, MACD转正
2025-06-04 10:11:14 | INFO     | src.bot.trading_bot:_check_signals:152 | 检测到信号: LONG 置信度: 0.85 原因: VWAP多头突破: 偏离0.18%, MACD转正
2025-06-04 10:11:14 | INFO     | src.utils.notifications:send_message:63 | [GENERAL] 📡 交易信号
类型: LONG
强度: MEDIUM
置信度: 0.85
价格: $597.63
原因: VWAP多头突破: 偏离0.18%, MACD转正
2025-06-04 10:11:14 | INFO     | src.bot.trading_bot:_should_execute_signal:305 | 已有同方向头寸，跳过执行
2025-06-04 10:11:15 | INFO     | src.trading.executor:update_account_info:125 | 账户更新: 总值$10053.98, 买入力$3239.92
2025-06-04 10:11:15 | DEBUG    | src.bot.trading_bot:_update_market_data:134 | 市场数据更新完成
2025-06-04 10:11:24 | INFO     | src.data.market_data:_get_option_chain_sdk:148 | 开始获取SPY期权链数据 (使用Alpaca SDK)
2025-06-04 10:11:34 | INFO     | src.data.market_data:_get_option_chain_sdk:162 | ✅ SDK获取期权快照: 9118个快照，用时9.67秒
2025-06-04 10:11:34 | INFO     | src.data.market_data:_get_option_chain_sdk:258 | 成功解析期权链: 4559个看涨期权, 4559个看跌期权
2025-06-04 10:11:34 | DEBUG    | src.bot.trading_bot:_update_positions:184 | 头寸更新完成
2025-06-04 10:11:34 | INFO     | src.trading.executor:update_account_info:125 | 账户更新: 总值$10053.98, 买入力$3239.92
2025-06-04 10:11:34 | DEBUG    | src.bot.trading_bot:_update_market_data:134 | 市场数据更新完成
2025-06-04 10:11:46 | INFO     | src.data.market_data:_get_option_chain_sdk:148 | 开始获取SPY期权链数据 (使用Alpaca SDK)
2025-06-04 10:11:57 | INFO     | src.data.market_data:_get_option_chain_sdk:162 | ✅ SDK获取期权快照: 9118个快照，用时11.36秒
2025-06-04 10:11:57 | INFO     | src.data.market_data:_get_option_chain_sdk:258 | 成功解析期权链: 4559个看涨期权, 4559个看跌期权
2025-06-04 10:11:57 | DEBUG    | src.bot.trading_bot:_update_positions:184 | 头寸更新完成
2025-06-04 10:11:57 | INFO     | src.trading.executor:update_account_info:125 | 账户更新: 总值$10053.98, 买入力$3239.92
2025-06-04 10:11:57 | DEBUG    | src.bot.trading_bot:_update_market_data:134 | 市场数据更新完成
2025-06-04 10:12:04 | INFO     | src.trading.executor:update_account_info:125 | 账户更新: 总值$10053.98, 买入力$3239.92
2025-06-04 10:12:04 | DEBUG    | src.bot.trading_bot:_update_market_data:134 | 市场数据更新完成
2025-06-04 10:12:09 | INFO     | src.strategy.signals:generate_signals:468 | 生成信号: LONG - VWAP多头突破: 偏离0.18%, MACD转正
2025-06-04 10:12:09 | INFO     | src.bot.trading_bot:_check_signals:152 | 检测到信号: LONG 置信度: 0.85 原因: VWAP多头突破: 偏离0.18%, MACD转正
2025-06-04 10:12:09 | INFO     | src.utils.notifications:send_message:63 | [GENERAL] 📡 交易信号
类型: LONG
强度: MEDIUM
置信度: 0.85
价格: $597.63
原因: VWAP多头突破: 偏离0.18%, MACD转正
2025-06-04 10:12:09 | INFO     | src.bot.trading_bot:_should_execute_signal:305 | 已有同方向头寸，跳过执行
2025-06-04 10:12:15 | INFO     | src.strategy.signals:generate_signals:468 | 生成信号: LONG - VWAP多头突破: 偏离0.18%, MACD转正
2025-06-04 10:12:15 | INFO     | src.bot.trading_bot:_check_signals:152 | 检测到信号: LONG 置信度: 0.85 原因: VWAP多头突破: 偏离0.18%, MACD转正
2025-06-04 10:12:15 | INFO     | src.utils.notifications:send_message:63 | [GENERAL] 📡 交易信号
类型: LONG
强度: MEDIUM
置信度: 0.85
价格: $597.63
原因: VWAP多头突破: 偏离0.18%, MACD转正
2025-06-04 10:12:15 | INFO     | src.bot.trading_bot:_should_execute_signal:305 | 已有同方向头寸，跳过执行
2025-06-04 10:12:28 | INFO     | src.trading.executor:update_account_info:125 | 账户更新: 总值$10053.98, 买入力$3239.92
2025-06-04 10:12:28 | DEBUG    | src.bot.trading_bot:_update_market_data:134 | 市场数据更新完成
2025-06-04 10:12:35 | INFO     | src.data.market_data:_get_option_chain_sdk:148 | 开始获取SPY期权链数据 (使用Alpaca SDK)
2025-06-04 10:12:48 | INFO     | src.data.market_data:_get_option_chain_sdk:162 | ✅ SDK获取期权快照: 9118个快照，用时12.96秒
2025-06-04 10:12:48 | INFO     | src.data.market_data:_get_option_chain_sdk:258 | 成功解析期权链: 4559个看涨期权, 4559个看跌期权
2025-06-04 10:12:48 | DEBUG    | src.bot.trading_bot:_update_positions:184 | 头寸更新完成
2025-06-04 10:12:48 | INFO     | src.trading.executor:update_account_info:125 | 账户更新: 总值$10053.98, 买入力$3239.92
2025-06-04 10:12:48 | DEBUG    | src.bot.trading_bot:_update_market_data:134 | 市场数据更新完成
2025-06-04 10:12:58 | INFO     | src.data.market_data:_get_option_chain_sdk:148 | 开始获取SPY期权链数据 (使用Alpaca SDK)
2025-06-04 10:13:08 | INFO     | src.data.market_data:_get_option_chain_sdk:162 | ✅ SDK获取期权快照: 9118个快照，用时10.02秒
2025-06-04 10:13:08 | INFO     | src.data.market_data:_get_option_chain_sdk:258 | 成功解析期权链: 4559个看涨期权, 4559个看跌期权
2025-06-04 10:13:08 | DEBUG    | src.bot.trading_bot:_update_positions:184 | 头寸更新完成
2025-06-04 10:13:08 | INFO     | src.trading.executor:update_account_info:125 | 账户更新: 总值$10053.98, 买入力$3239.92
2025-06-04 10:13:08 | DEBUG    | src.bot.trading_bot:_update_market_data:134 | 市场数据更新完成
2025-06-04 10:13:18 | INFO     | src.trading.executor:update_account_info:125 | 账户更新: 总值$10053.98, 买入力$3239.92
2025-06-04 10:13:18 | DEBUG    | src.bot.trading_bot:_update_market_data:134 | 市场数据更新完成
2025-06-04 10:13:39 | INFO     | src.trading.executor:update_account_info:125 | 账户更新: 总值$10053.98, 买入力$3239.92
2025-06-04 10:13:39 | DEBUG    | src.bot.trading_bot:_update_market_data:134 | 市场数据更新完成
2025-06-04 10:13:49 | INFO     | src.data.market_data:_get_option_chain_sdk:148 | 开始获取SPY期权链数据 (使用Alpaca SDK)
2025-06-04 10:14:00 | INFO     | src.data.market_data:_get_option_chain_sdk:162 | ✅ SDK获取期权快照: 9118个快照，用时10.94秒
2025-06-04 10:14:00 | INFO     | src.data.market_data:_get_option_chain_sdk:258 | 成功解析期权链: 4559个看涨期权, 4559个看跌期权
2025-06-04 10:14:00 | DEBUG    | src.bot.trading_bot:_update_positions:184 | 头寸更新完成
2025-06-04 10:14:00 | INFO     | src.trading.executor:update_account_info:125 | 账户更新: 总值$10053.98, 买入力$3239.92
2025-06-04 10:14:00 | DEBUG    | src.bot.trading_bot:_update_market_data:134 | 市场数据更新完成
2025-06-04 10:14:09 | INFO     | src.data.market_data:_get_option_chain_sdk:148 | 开始获取SPY期权链数据 (使用Alpaca SDK)
2025-06-04 10:14:18 | INFO     | src.data.market_data:_get_option_chain_sdk:162 | ✅ SDK获取期权快照: 9118个快照，用时9.26秒
2025-06-04 10:14:18 | INFO     | src.data.market_data:_get_option_chain_sdk:258 | 成功解析期权链: 4559个看涨期权, 4559个看跌期权
2025-06-04 10:14:18 | DEBUG    | src.bot.trading_bot:_update_positions:184 | 头寸更新完成
2025-06-04 10:14:18 | INFO     | src.trading.executor:update_account_info:125 | 账户更新: 总值$10053.98, 买入力$3239.92
2025-06-04 10:14:18 | DEBUG    | src.bot.trading_bot:_update_market_data:134 | 市场数据更新完成
2025-06-04 10:14:30 | INFO     | src.trading.executor:update_account_info:125 | 账户更新: 总值$10053.98, 买入力$3239.92
2025-06-04 10:14:30 | DEBUG    | src.bot.trading_bot:_update_market_data:134 | 市场数据更新完成
2025-06-04 10:14:49 | INFO     | src.trading.executor:update_account_info:125 | 账户更新: 总值$10053.98, 买入力$3239.92
2025-06-04 10:14:49 | DEBUG    | src.bot.trading_bot:_update_market_data:134 | 市场数据更新完成
2025-06-04 10:15:01 | INFO     | src.data.market_data:_get_option_chain_sdk:148 | 开始获取SPY期权链数据 (使用Alpaca SDK)
2025-06-04 10:15:11 | INFO     | src.data.market_data:_get_option_chain_sdk:162 | ✅ SDK获取期权快照: 9118个快照，用时10.28秒
2025-06-04 10:15:11 | INFO     | src.data.market_data:_get_option_chain_sdk:258 | 成功解析期权链: 4559个看涨期权, 4559个看跌期权
2025-06-04 10:15:11 | DEBUG    | src.bot.trading_bot:_update_positions:184 | 头寸更新完成
2025-06-04 10:15:11 | INFO     | src.trading.executor:update_account_info:125 | 账户更新: 总值$10053.98, 买入力$3239.92
2025-06-04 10:15:11 | DEBUG    | src.bot.trading_bot:_update_market_data:134 | 市场数据更新完成
2025-06-04 10:15:19 | INFO     | src.data.market_data:_get_option_chain_sdk:148 | 开始获取SPY期权链数据 (使用Alpaca SDK)
2025-06-04 10:15:29 | INFO     | src.data.market_data:_get_option_chain_sdk:162 | ✅ SDK获取期权快照: 9118个快照，用时9.41秒
2025-06-04 10:15:29 | INFO     | src.data.market_data:_get_option_chain_sdk:258 | 成功解析期权链: 4559个看涨期权, 4559个看跌期权
2025-06-04 10:15:29 | DEBUG    | src.bot.trading_bot:_update_positions:184 | 头寸更新完成
2025-06-04 10:15:29 | INFO     | src.trading.executor:update_account_info:125 | 账户更新: 总值$10053.98, 买入力$3239.92
2025-06-04 10:15:29 | DEBUG    | src.bot.trading_bot:_update_market_data:134 | 市场数据更新完成
2025-06-04 10:15:41 | INFO     | src.trading.executor:update_account_info:125 | 账户更新: 总值$10053.98, 买入力$3239.92
2025-06-04 10:15:41 | DEBUG    | src.bot.trading_bot:_update_market_data:134 | 市场数据更新完成
2025-06-04 10:15:59 | INFO     | src.trading.executor:update_account_info:125 | 账户更新: 总值$10053.98, 买入力$3239.92
2025-06-04 10:15:59 | DEBUG    | src.bot.trading_bot:_update_market_data:134 | 市场数据更新完成
2025-06-04 10:16:12 | INFO     | src.data.market_data:_get_option_chain_sdk:148 | 开始获取SPY期权链数据 (使用Alpaca SDK)
2025-06-04 10:16:21 | INFO     | src.data.market_data:_get_option_chain_sdk:162 | ✅ SDK获取期权快照: 9118个快照，用时9.72秒
2025-06-04 10:16:22 | INFO     | src.data.market_data:_get_option_chain_sdk:258 | 成功解析期权链: 4559个看涨期权, 4559个看跌期权
2025-06-04 10:16:22 | DEBUG    | src.bot.trading_bot:_update_positions:184 | 头寸更新完成
2025-06-04 10:16:22 | INFO     | src.trading.executor:update_account_info:125 | 账户更新: 总值$10053.98, 买入力$3239.92
2025-06-04 10:16:22 | DEBUG    | src.bot.trading_bot:_update_market_data:134 | 市场数据更新完成
2025-06-04 10:16:30 | INFO     | src.data.market_data:_get_option_chain_sdk:148 | 开始获取SPY期权链数据 (使用Alpaca SDK)
2025-06-04 10:16:39 | INFO     | src.data.market_data:_get_option_chain_sdk:162 | ✅ SDK获取期权快照: 9118个快照，用时9.21秒
2025-06-04 10:16:39 | INFO     | src.data.market_data:_get_option_chain_sdk:258 | 成功解析期权链: 4559个看涨期权, 4559个看跌期权
2025-06-04 10:16:39 | DEBUG    | src.bot.trading_bot:_update_positions:184 | 头寸更新完成
2025-06-04 10:16:39 | INFO     | src.trading.executor:update_account_info:125 | 账户更新: 总值$10053.98, 买入力$3239.92
2025-06-04 10:16:39 | DEBUG    | src.bot.trading_bot:_update_market_data:134 | 市场数据更新完成
2025-06-04 10:16:52 | INFO     | src.trading.executor:update_account_info:125 | 账户更新: 总值$10053.98, 买入力$3239.92
2025-06-04 10:16:52 | DEBUG    | src.bot.trading_bot:_update_market_data:134 | 市场数据更新完成
2025-06-04 10:17:09 | INFO     | src.trading.executor:update_account_info:125 | 账户更新: 总值$10053.98, 买入力$3239.92
2025-06-04 10:17:09 | DEBUG    | src.bot.trading_bot:_update_market_data:134 | 市场数据更新完成
2025-06-04 10:17:23 | INFO     | src.data.market_data:_get_option_chain_sdk:148 | 开始获取SPY期权链数据 (使用Alpaca SDK)
2025-06-04 10:17:32 | INFO     | src.data.market_data:_get_option_chain_sdk:162 | ✅ SDK获取期权快照: 9118个快照，用时9.62秒
2025-06-04 10:17:32 | INFO     | src.data.market_data:_get_option_chain_sdk:258 | 成功解析期权链: 4559个看涨期权, 4559个看跌期权
2025-06-04 10:17:32 | DEBUG    | src.bot.trading_bot:_update_positions:184 | 头寸更新完成
2025-06-04 10:17:32 | INFO     | src.trading.executor:update_account_info:125 | 账户更新: 总值$10053.98, 买入力$3239.92
2025-06-04 10:17:32 | DEBUG    | src.bot.trading_bot:_update_market_data:134 | 市场数据更新完成
2025-06-04 10:17:40 | INFO     | src.data.market_data:_get_option_chain_sdk:148 | 开始获取SPY期权链数据 (使用Alpaca SDK)
2025-06-04 10:17:50 | INFO     | src.data.market_data:_get_option_chain_sdk:162 | ✅ SDK获取期权快照: 9118个快照，用时9.71秒
2025-06-04 10:17:50 | INFO     | src.data.market_data:_get_option_chain_sdk:258 | 成功解析期权链: 4559个看涨期权, 4559个看跌期权
2025-06-04 10:17:50 | DEBUG    | src.bot.trading_bot:_update_positions:184 | 头寸更新完成
2025-06-04 10:17:50 | INFO     | src.trading.executor:update_account_info:125 | 账户更新: 总值$10053.98, 买入力$3239.92
2025-06-04 10:17:50 | DEBUG    | src.bot.trading_bot:_update_market_data:134 | 市场数据更新完成
2025-06-04 10:18:03 | INFO     | src.trading.executor:update_account_info:125 | 账户更新: 总值$10053.98, 买入力$3239.92
2025-06-04 10:18:03 | DEBUG    | src.bot.trading_bot:_update_market_data:134 | 市场数据更新完成
2025-06-04 10:18:20 | INFO     | src.trading.executor:update_account_info:125 | 账户更新: 总值$10053.98, 买入力$3239.92
2025-06-04 10:18:20 | DEBUG    | src.bot.trading_bot:_update_market_data:134 | 市场数据更新完成
2025-06-04 10:18:33 | INFO     | src.data.market_data:_get_option_chain_sdk:148 | 开始获取SPY期权链数据 (使用Alpaca SDK)
2025-06-04 10:18:43 | INFO     | src.data.market_data:_get_option_chain_sdk:162 | ✅ SDK获取期权快照: 9118个快照，用时10.16秒
2025-06-04 10:18:43 | INFO     | src.data.market_data:_get_option_chain_sdk:258 | 成功解析期权链: 4559个看涨期权, 4559个看跌期权
2025-06-04 10:18:43 | DEBUG    | src.bot.trading_bot:_update_positions:184 | 头寸更新完成
2025-06-04 10:18:44 | INFO     | src.trading.executor:update_account_info:125 | 账户更新: 总值$10053.98, 买入力$3239.92
2025-06-04 10:18:44 | DEBUG    | src.bot.trading_bot:_update_market_data:134 | 市场数据更新完成
2025-06-04 10:18:51 | INFO     | src.data.market_data:_get_option_chain_sdk:148 | 开始获取SPY期权链数据 (使用Alpaca SDK)
2025-06-04 10:19:01 | INFO     | src.data.market_data:_get_option_chain_sdk:162 | ✅ SDK获取期权快照: 9118个快照，用时10.10秒
2025-06-04 10:19:01 | INFO     | src.data.market_data:_get_option_chain_sdk:258 | 成功解析期权链: 4559个看涨期权, 4559个看跌期权
2025-06-04 10:19:01 | DEBUG    | src.bot.trading_bot:_update_positions:184 | 头寸更新完成
2025-06-04 10:19:01 | INFO     | src.trading.executor:update_account_info:125 | 账户更新: 总值$10053.98, 买入力$3239.92
2025-06-04 10:19:01 | DEBUG    | src.bot.trading_bot:_update_market_data:134 | 市场数据更新完成
2025-06-04 10:19:14 | INFO     | src.trading.executor:update_account_info:125 | 账户更新: 总值$10053.98, 买入力$3239.92
2025-06-04 10:19:14 | DEBUG    | src.bot.trading_bot:_update_market_data:134 | 市场数据更新完成
2025-06-04 10:19:32 | INFO     | src.trading.executor:update_account_info:125 | 账户更新: 总值$10050.98, 买入力$3239.92
2025-06-04 10:19:32 | DEBUG    | src.bot.trading_bot:_update_market_data:134 | 市场数据更新完成
2025-06-04 10:19:44 | INFO     | src.data.market_data:_get_option_chain_sdk:148 | 开始获取SPY期权链数据 (使用Alpaca SDK)
2025-06-04 10:19:54 | INFO     | src.data.market_data:_get_option_chain_sdk:162 | ✅ SDK获取期权快照: 9118个快照，用时9.82秒
2025-06-04 10:19:54 | INFO     | src.data.market_data:_get_option_chain_sdk:258 | 成功解析期权链: 4559个看涨期权, 4559个看跌期权
2025-06-04 10:19:54 | DEBUG    | src.bot.trading_bot:_update_positions:184 | 头寸更新完成
2025-06-04 10:19:54 | INFO     | src.trading.executor:update_account_info:125 | 账户更新: 总值$10059.98, 买入力$3239.92
2025-06-04 10:19:54 | DEBUG    | src.bot.trading_bot:_update_market_data:134 | 市场数据更新完成
2025-06-04 10:20:02 | INFO     | src.data.market_data:_get_option_chain_sdk:148 | 开始获取SPY期权链数据 (使用Alpaca SDK)
2025-06-04 10:20:11 | INFO     | src.data.market_data:_get_option_chain_sdk:162 | ✅ SDK获取期权快照: 9118个快照，用时9.32秒
2025-06-04 10:20:11 | INFO     | src.data.market_data:_get_option_chain_sdk:258 | 成功解析期权链: 4559个看涨期权, 4559个看跌期权
2025-06-04 10:20:11 | DEBUG    | src.bot.trading_bot:_update_positions:184 | 头寸更新完成
2025-06-04 10:20:11 | INFO     | src.trading.executor:update_account_info:125 | 账户更新: 总值$10065.98, 买入力$3239.92
2025-06-04 10:20:11 | DEBUG    | src.bot.trading_bot:_update_market_data:134 | 市场数据更新完成
2025-06-04 10:20:25 | INFO     | src.trading.executor:update_account_info:125 | 账户更新: 总值$10065.98, 买入力$3239.92
2025-06-04 10:20:25 | DEBUG    | src.bot.trading_bot:_update_market_data:134 | 市场数据更新完成
2025-06-04 10:20:42 | INFO     | src.trading.executor:update_account_info:125 | 账户更新: 总值$10064.98, 买入力$3239.92
2025-06-04 10:20:42 | DEBUG    | src.bot.trading_bot:_update_market_data:134 | 市场数据更新完成
2025-06-04 10:20:55 | INFO     | src.data.market_data:_get_option_chain_sdk:148 | 开始获取SPY期权链数据 (使用Alpaca SDK)
2025-06-04 10:21:11 | INFO     | src.data.market_data:_get_option_chain_sdk:162 | ✅ SDK获取期权快照: 9118个快照，用时15.69秒
2025-06-04 10:21:11 | INFO     | src.data.market_data:_get_option_chain_sdk:258 | 成功解析期权链: 4559个看涨期权, 4559个看跌期权
2025-06-04 10:21:11 | DEBUG    | src.bot.trading_bot:_update_positions:184 | 头寸更新完成
2025-06-04 10:21:11 | INFO     | src.trading.executor:update_account_info:125 | 账户更新: 总值$10066.98, 买入力$3239.92
2025-06-04 10:21:11 | DEBUG    | src.bot.trading_bot:_update_market_data:134 | 市场数据更新完成
2025-06-04 10:21:12 | INFO     | src.data.market_data:_get_option_chain_sdk:148 | 开始获取SPY期权链数据 (使用Alpaca SDK)
2025-06-04 10:21:22 | INFO     | src.data.market_data:_get_option_chain_sdk:162 | ✅ SDK获取期权快照: 9118个快照，用时10.15秒
2025-06-04 10:21:22 | INFO     | src.data.market_data:_get_option_chain_sdk:258 | 成功解析期权链: 4559个看涨期权, 4559个看跌期权
2025-06-04 10:21:22 | DEBUG    | src.bot.trading_bot:_update_positions:184 | 头寸更新完成
2025-06-04 10:21:22 | INFO     | src.trading.executor:update_account_info:125 | 账户更新: 总值$10065.98, 买入力$3239.92
2025-06-04 10:21:22 | DEBUG    | src.bot.trading_bot:_update_market_data:134 | 市场数据更新完成
2025-06-04 10:21:41 | INFO     | src.trading.executor:update_account_info:125 | 账户更新: 总值$10066.98, 买入力$3239.92
2025-06-04 10:21:41 | DEBUG    | src.bot.trading_bot:_update_market_data:134 | 市场数据更新完成
2025-06-04 10:21:53 | INFO     | src.trading.executor:update_account_info:125 | 账户更新: 总值$10066.98, 买入力$3239.92
2025-06-04 10:21:53 | DEBUG    | src.bot.trading_bot:_update_market_data:134 | 市场数据更新完成
2025-06-04 10:22:12 | INFO     | src.data.market_data:_get_option_chain_sdk:148 | 开始获取SPY期权链数据 (使用Alpaca SDK)
2025-06-04 10:22:23 | INFO     | src.data.market_data:_get_option_chain_sdk:148 | 开始获取SPY期权链数据 (使用Alpaca SDK)
2025-06-04 10:22:23 | INFO     | src.data.market_data:_get_option_chain_sdk:162 | ✅ SDK获取期权快照: 9118个快照，用时11.80秒
2025-06-04 10:22:24 | INFO     | src.data.market_data:_get_option_chain_sdk:258 | 成功解析期权链: 4559个看涨期权, 4559个看跌期权
2025-06-04 10:22:24 | DEBUG    | src.bot.trading_bot:_update_positions:184 | 头寸更新完成
2025-06-04 10:22:24 | INFO     | src.trading.executor:update_account_info:125 | 账户更新: 总值$10068.98, 买入力$3239.92
2025-06-04 10:22:24 | DEBUG    | src.bot.trading_bot:_update_market_data:134 | 市场数据更新完成
2025-06-04 10:22:34 | INFO     | src.data.market_data:_get_option_chain_sdk:162 | ✅ SDK获取期权快照: 9118个快照，用时11.00秒
2025-06-04 10:22:34 | INFO     | src.data.market_data:_get_option_chain_sdk:258 | 成功解析期权链: 4559个看涨期权, 4559个看跌期权
2025-06-04 10:22:34 | DEBUG    | src.bot.trading_bot:_update_positions:184 | 头寸更新完成
2025-06-04 10:22:34 | INFO     | src.trading.executor:update_account_info:125 | 账户更新: 总值$10069.98, 买入力$3239.92
2025-06-04 10:22:34 | DEBUG    | src.bot.trading_bot:_update_market_data:134 | 市场数据更新完成
2025-06-04 10:22:54 | INFO     | src.trading.executor:update_account_info:125 | 账户更新: 总值$10067.98, 买入力$3239.92
2025-06-04 10:22:54 | DEBUG    | src.bot.trading_bot:_update_market_data:134 | 市场数据更新完成
2025-06-04 10:23:05 | INFO     | src.trading.executor:update_account_info:125 | 账户更新: 总值$10067.98, 买入力$3239.92
2025-06-04 10:23:05 | DEBUG    | src.bot.trading_bot:_update_market_data:134 | 市场数据更新完成
2025-06-04 10:23:24 | INFO     | src.data.market_data:_get_option_chain_sdk:148 | 开始获取SPY期权链数据 (使用Alpaca SDK)
2025-06-04 10:23:34 | INFO     | src.data.market_data:_get_option_chain_sdk:162 | ✅ SDK获取期权快照: 9118个快照，用时9.61秒
2025-06-04 10:23:34 | INFO     | src.data.market_data:_get_option_chain_sdk:258 | 成功解析期权链: 4559个看涨期权, 4559个看跌期权
2025-06-04 10:23:34 | DEBUG    | src.bot.trading_bot:_update_positions:184 | 头寸更新完成
2025-06-04 10:23:34 | INFO     | src.trading.executor:update_account_info:125 | 账户更新: 总值$10067.98, 买入力$3239.92
2025-06-04 10:23:34 | DEBUG    | src.bot.trading_bot:_update_market_data:134 | 市场数据更新完成
2025-06-04 10:23:35 | INFO     | src.data.market_data:_get_option_chain_sdk:148 | 开始获取SPY期权链数据 (使用Alpaca SDK)
2025-06-04 10:23:44 | INFO     | src.data.market_data:_get_option_chain_sdk:162 | ✅ SDK获取期权快照: 9118个快照，用时9.30秒
2025-06-04 10:23:45 | INFO     | src.data.market_data:_get_option_chain_sdk:258 | 成功解析期权链: 4559个看涨期权, 4559个看跌期权
2025-06-04 10:23:45 | DEBUG    | src.bot.trading_bot:_update_positions:184 | 头寸更新完成
2025-06-04 10:23:45 | INFO     | src.trading.executor:update_account_info:125 | 账户更新: 总值$10067.98, 买入力$3239.92
2025-06-04 10:23:45 | DEBUG    | src.bot.trading_bot:_update_market_data:134 | 市场数据更新完成
2025-06-04 10:24:05 | INFO     | src.trading.executor:update_account_info:125 | 账户更新: 总值$10067.98, 买入力$3239.92
2025-06-04 10:24:05 | DEBUG    | src.bot.trading_bot:_update_market_data:134 | 市场数据更新完成
2025-06-04 10:24:15 | INFO     | src.trading.executor:update_account_info:125 | 账户更新: 总值$10067.98, 买入力$3239.92
2025-06-04 10:24:15 | DEBUG    | src.bot.trading_bot:_update_market_data:134 | 市场数据更新完成
2025-06-04 10:24:35 | INFO     | src.data.market_data:_get_option_chain_sdk:148 | 开始获取SPY期权链数据 (使用Alpaca SDK)
2025-06-04 10:24:45 | INFO     | src.data.market_data:_get_option_chain_sdk:162 | ✅ SDK获取期权快照: 9118个快照，用时9.81秒
2025-06-04 10:24:45 | INFO     | src.data.market_data:_get_option_chain_sdk:258 | 成功解析期权链: 4559个看涨期权, 4559个看跌期权
2025-06-04 10:24:45 | DEBUG    | src.bot.trading_bot:_update_positions:184 | 头寸更新完成
2025-06-04 10:24:45 | INFO     | src.trading.executor:update_account_info:125 | 账户更新: 总值$10059.98, 买入力$3239.92
2025-06-04 10:24:45 | DEBUG    | src.bot.trading_bot:_update_market_data:134 | 市场数据更新完成
2025-06-04 10:24:45 | INFO     | src.data.market_data:_get_option_chain_sdk:148 | 开始获取SPY期权链数据 (使用Alpaca SDK)
2025-06-04 10:24:54 | INFO     | src.data.market_data:_get_option_chain_sdk:162 | ✅ SDK获取期权快照: 9118个快照，用时9.24秒
2025-06-04 10:24:55 | INFO     | src.data.market_data:_get_option_chain_sdk:258 | 成功解析期权链: 4559个看涨期权, 4559个看跌期权
2025-06-04 10:24:55 | DEBUG    | src.bot.trading_bot:_update_positions:184 | 头寸更新完成
2025-06-04 10:24:55 | INFO     | src.trading.executor:update_account_info:125 | 账户更新: 总值$10059.98, 买入力$3239.92
2025-06-04 10:24:55 | DEBUG    | src.bot.trading_bot:_update_market_data:134 | 市场数据更新完成
2025-06-04 10:25:15 | INFO     | src.trading.executor:update_account_info:125 | 账户更新: 总值$10059.98, 买入力$3239.92
2025-06-04 10:25:15 | DEBUG    | src.bot.trading_bot:_update_market_data:134 | 市场数据更新完成
2025-06-04 10:25:25 | INFO     | src.trading.executor:update_account_info:125 | 账户更新: 总值$10059.98, 买入力$3239.92
2025-06-04 10:25:25 | DEBUG    | src.bot.trading_bot:_update_market_data:134 | 市场数据更新完成
2025-06-04 10:25:46 | INFO     | src.data.market_data:_get_option_chain_sdk:148 | 开始获取SPY期权链数据 (使用Alpaca SDK)
2025-06-04 10:25:55 | INFO     | src.data.market_data:_get_option_chain_sdk:162 | ✅ SDK获取期权快照: 9118个快照，用时9.51秒
2025-06-04 10:25:55 | INFO     | src.data.market_data:_get_option_chain_sdk:258 | 成功解析期权链: 4559个看涨期权, 4559个看跌期权
2025-06-04 10:25:55 | DEBUG    | src.bot.trading_bot:_update_positions:184 | 头寸更新完成
2025-06-04 10:25:55 | INFO     | src.data.market_data:_get_option_chain_sdk:148 | 开始获取SPY期权链数据 (使用Alpaca SDK)
2025-06-04 10:25:55 | INFO     | src.trading.executor:update_account_info:125 | 账户更新: 总值$10059.98, 买入力$3239.92
2025-06-04 10:25:55 | DEBUG    | src.bot.trading_bot:_update_market_data:134 | 市场数据更新完成
2025-06-04 10:26:06 | INFO     | src.data.market_data:_get_option_chain_sdk:162 | ✅ SDK获取期权快照: 9118个快照，用时10.67秒
2025-06-04 10:26:06 | INFO     | src.data.market_data:_get_option_chain_sdk:258 | 成功解析期权链: 4559个看涨期权, 4559个看跌期权
2025-06-04 10:26:06 | DEBUG    | src.bot.trading_bot:_update_positions:184 | 头寸更新完成
2025-06-04 10:26:06 | INFO     | src.trading.executor:update_account_info:125 | 账户更新: 总值$10059.98, 买入力$3239.92
2025-06-04 10:26:06 | DEBUG    | src.bot.trading_bot:_update_market_data:134 | 市场数据更新完成
2025-06-04 10:26:26 | INFO     | src.trading.executor:update_account_info:125 | 账户更新: 总值$10042.98, 买入力$3239.92
2025-06-04 10:26:26 | DEBUG    | src.bot.trading_bot:_update_market_data:134 | 市场数据更新完成
2025-06-04 10:26:37 | INFO     | src.trading.executor:update_account_info:125 | 账户更新: 总值$10042.98, 买入力$3239.92
2025-06-04 10:26:37 | DEBUG    | src.bot.trading_bot:_update_market_data:134 | 市场数据更新完成
2025-06-04 10:26:56 | INFO     | src.data.market_data:_get_option_chain_sdk:148 | 开始获取SPY期权链数据 (使用Alpaca SDK)
2025-06-04 10:27:06 | INFO     | src.data.market_data:_get_option_chain_sdk:162 | ✅ SDK获取期权快照: 9118个快照，用时9.64秒
2025-06-04 10:27:06 | INFO     | src.data.market_data:_get_option_chain_sdk:258 | 成功解析期权链: 4559个看涨期权, 4559个看跌期权
2025-06-04 10:27:06 | DEBUG    | src.bot.trading_bot:_update_positions:184 | 头寸更新完成
2025-06-04 10:27:06 | INFO     | src.trading.executor:update_account_info:125 | 账户更新: 总值$10042.98, 买入力$3239.92
2025-06-04 10:27:06 | DEBUG    | src.bot.trading_bot:_update_market_data:134 | 市场数据更新完成
2025-06-04 10:27:07 | INFO     | src.data.market_data:_get_option_chain_sdk:148 | 开始获取SPY期权链数据 (使用Alpaca SDK)
2025-06-04 10:27:17 | INFO     | src.data.market_data:_get_option_chain_sdk:162 | ✅ SDK获取期权快照: 9118个快照，用时9.85秒
2025-06-04 10:27:17 | INFO     | src.data.market_data:_get_option_chain_sdk:258 | 成功解析期权链: 4559个看涨期权, 4559个看跌期权
2025-06-04 10:27:17 | DEBUG    | src.bot.trading_bot:_update_positions:184 | 头寸更新完成
2025-06-04 10:27:17 | INFO     | src.trading.executor:update_account_info:125 | 账户更新: 总值$10042.98, 买入力$3239.92
2025-06-04 10:27:17 | DEBUG    | src.bot.trading_bot:_update_market_data:134 | 市场数据更新完成
2025-06-04 10:27:37 | INFO     | src.trading.executor:update_account_info:125 | 账户更新: 总值$10078.98, 买入力$3239.92
2025-06-04 10:27:37 | DEBUG    | src.bot.trading_bot:_update_market_data:134 | 市场数据更新完成
2025-06-04 10:27:47 | INFO     | src.trading.executor:update_account_info:125 | 账户更新: 总值$10080.98, 买入力$3239.92
2025-06-04 10:27:47 | DEBUG    | src.bot.trading_bot:_update_market_data:134 | 市场数据更新完成
2025-06-04 10:28:07 | INFO     | src.data.market_data:_get_option_chain_sdk:148 | 开始获取SPY期权链数据 (使用Alpaca SDK)
2025-06-04 10:28:16 | INFO     | src.data.market_data:_get_option_chain_sdk:162 | ✅ SDK获取期权快照: 9118个快照，用时9.49秒
2025-06-04 10:28:16 | INFO     | src.data.market_data:_get_option_chain_sdk:258 | 成功解析期权链: 4559个看涨期权, 4559个看跌期权
2025-06-04 10:28:16 | DEBUG    | src.bot.trading_bot:_update_positions:184 | 头寸更新完成
2025-06-04 10:28:17 | INFO     | src.trading.executor:update_account_info:125 | 账户更新: 总值$10072.98, 买入力$3239.92
2025-06-04 10:28:17 | DEBUG    | src.bot.trading_bot:_update_market_data:134 | 市场数据更新完成
2025-06-04 10:28:18 | INFO     | src.data.market_data:_get_option_chain_sdk:148 | 开始获取SPY期权链数据 (使用Alpaca SDK)
2025-06-04 10:28:28 | INFO     | src.data.market_data:_get_option_chain_sdk:162 | ✅ SDK获取期权快照: 9118个快照，用时10.15秒
2025-06-04 10:28:28 | INFO     | src.data.market_data:_get_option_chain_sdk:258 | 成功解析期权链: 4559个看涨期权, 4559个看跌期权
2025-06-04 10:28:28 | DEBUG    | src.bot.trading_bot:_update_positions:184 | 头寸更新完成
2025-06-04 10:28:28 | INFO     | src.trading.executor:update_account_info:125 | 账户更新: 总值$10073.98, 买入力$3239.92
2025-06-04 10:28:28 | DEBUG    | src.bot.trading_bot:_update_market_data:134 | 市场数据更新完成
2025-06-04 10:28:47 | INFO     | src.trading.executor:update_account_info:125 | 账户更新: 总值$10073.98, 买入力$3239.92
2025-06-04 10:28:47 | DEBUG    | src.bot.trading_bot:_update_market_data:134 | 市场数据更新完成
2025-06-04 10:28:59 | INFO     | src.trading.executor:update_account_info:125 | 账户更新: 总值$10073.98, 买入力$3239.92
2025-06-04 10:28:59 | DEBUG    | src.bot.trading_bot:_update_market_data:134 | 市场数据更新完成
2025-06-04 10:29:17 | INFO     | src.data.market_data:_get_option_chain_sdk:148 | 开始获取SPY期权链数据 (使用Alpaca SDK)
2025-06-04 10:29:27 | INFO     | src.data.market_data:_get_option_chain_sdk:162 | ✅ SDK获取期权快照: 9118个快照，用时9.64秒
2025-06-04 10:29:27 | INFO     | src.data.market_data:_get_option_chain_sdk:258 | 成功解析期权链: 4559个看涨期权, 4559个看跌期权
2025-06-04 10:29:27 | DEBUG    | src.bot.trading_bot:_update_positions:184 | 头寸更新完成
2025-06-04 10:29:27 | INFO     | src.trading.executor:update_account_info:125 | 账户更新: 总值$10073.98, 买入力$3239.92
2025-06-04 10:29:27 | DEBUG    | src.bot.trading_bot:_update_market_data:134 | 市场数据更新完成
2025-06-04 10:29:29 | INFO     | src.data.market_data:_get_option_chain_sdk:148 | 开始获取SPY期权链数据 (使用Alpaca SDK)
2025-06-04 10:29:39 | INFO     | src.data.market_data:_get_option_chain_sdk:162 | ✅ SDK获取期权快照: 9118个快照，用时9.71秒
2025-06-04 10:29:39 | INFO     | src.data.market_data:_get_option_chain_sdk:258 | 成功解析期权链: 4559个看涨期权, 4559个看跌期权
2025-06-04 10:29:39 | DEBUG    | src.bot.trading_bot:_update_positions:184 | 头寸更新完成
2025-06-04 10:29:39 | INFO     | src.trading.executor:update_account_info:125 | 账户更新: 总值$10074.98, 买入力$3239.92
2025-06-04 10:29:39 | DEBUG    | src.bot.trading_bot:_update_market_data:134 | 市场数据更新完成
2025-06-04 10:29:58 | INFO     | src.trading.executor:update_account_info:125 | 账户更新: 总值$10069.98, 买入力$3239.92
2025-06-04 10:29:58 | DEBUG    | src.bot.trading_bot:_update_market_data:134 | 市场数据更新完成
2025-06-04 10:30:09 | INFO     | src.trading.executor:update_account_info:125 | 账户更新: 总值$10069.98, 买入力$3239.92
2025-06-04 10:30:09 | DEBUG    | src.bot.trading_bot:_update_market_data:134 | 市场数据更新完成
2025-06-04 10:30:28 | INFO     | src.data.market_data:_get_option_chain_sdk:148 | 开始获取SPY期权链数据 (使用Alpaca SDK)
2025-06-04 10:30:39 | INFO     | src.data.market_data:_get_option_chain_sdk:162 | ✅ SDK获取期权快照: 9118个快照，用时10.76秒
2025-06-04 10:30:39 | INFO     | src.data.market_data:_get_option_chain_sdk:258 | 成功解析期权链: 4559个看涨期权, 4559个看跌期权
2025-06-04 10:30:39 | DEBUG    | src.bot.trading_bot:_update_positions:184 | 头寸更新完成
2025-06-04 10:30:39 | INFO     | src.trading.executor:update_account_info:125 | 账户更新: 总值$10070.98, 买入力$3239.92
2025-06-04 10:30:39 | DEBUG    | src.bot.trading_bot:_update_market_data:134 | 市场数据更新完成
2025-06-04 10:30:39 | INFO     | src.data.market_data:_get_option_chain_sdk:148 | 开始获取SPY期权链数据 (使用Alpaca SDK)
2025-06-04 10:30:49 | INFO     | src.data.market_data:_get_option_chain_sdk:162 | ✅ SDK获取期权快照: 9118个快照，用时10.03秒
2025-06-04 10:30:50 | INFO     | src.data.market_data:_get_option_chain_sdk:258 | 成功解析期权链: 4559个看涨期权, 4559个看跌期权
2025-06-04 10:30:50 | DEBUG    | src.bot.trading_bot:_update_positions:184 | 头寸更新完成
2025-06-04 10:30:50 | INFO     | src.trading.executor:update_account_info:125 | 账户更新: 总值$10069.98, 买入力$3239.92
2025-06-04 10:30:50 | DEBUG    | src.bot.trading_bot:_update_market_data:134 | 市场数据更新完成
2025-06-04 10:31:09 | INFO     | src.trading.executor:update_account_info:125 | 账户更新: 总值$10064.98, 买入力$3239.92
2025-06-04 10:31:09 | DEBUG    | src.bot.trading_bot:_update_market_data:134 | 市场数据更新完成
2025-06-04 10:31:20 | INFO     | src.trading.executor:update_account_info:125 | 账户更新: 总值$10060.98, 买入力$3239.92
2025-06-04 10:31:20 | DEBUG    | src.bot.trading_bot:_update_market_data:134 | 市场数据更新完成
2025-06-04 10:31:40 | INFO     | src.data.market_data:_get_option_chain_sdk:148 | 开始获取SPY期权链数据 (使用Alpaca SDK)
2025-06-04 10:31:50 | INFO     | src.data.market_data:_get_option_chain_sdk:148 | 开始获取SPY期权链数据 (使用Alpaca SDK)
2025-06-04 10:31:55 | INFO     | src.data.market_data:_get_option_chain_sdk:162 | ✅ SDK获取期权快照: 9118个快照，用时14.85秒
2025-06-04 10:31:55 | INFO     | src.data.market_data:_get_option_chain_sdk:258 | 成功解析期权链: 4559个看涨期权, 4559个看跌期权
2025-06-04 10:31:55 | DEBUG    | src.bot.trading_bot:_update_positions:184 | 头寸更新完成
2025-06-04 10:31:55 | INFO     | src.trading.executor:update_account_info:125 | 账户更新: 总值$10057.98, 买入力$3239.92
2025-06-04 10:31:55 | DEBUG    | src.bot.trading_bot:_update_market_data:134 | 市场数据更新完成
2025-06-04 10:32:01 | INFO     | src.data.market_data:_get_option_chain_sdk:162 | ✅ SDK获取期权快照: 9118个快照，用时10.42秒
2025-06-04 10:32:01 | INFO     | src.data.market_data:_get_option_chain_sdk:258 | 成功解析期权链: 4559个看涨期权, 4559个看跌期权
2025-06-04 10:32:01 | DEBUG    | src.bot.trading_bot:_update_positions:184 | 头寸更新完成
2025-06-04 10:32:01 | INFO     | src.trading.executor:update_account_info:125 | 账户更新: 总值$10057.98, 买入力$3239.92
2025-06-04 10:32:01 | DEBUG    | src.bot.trading_bot:_update_market_data:134 | 市场数据更新完成
2025-06-04 10:32:26 | INFO     | src.trading.executor:update_account_info:125 | 账户更新: 总值$10057.98, 买入力$3239.92
2025-06-04 10:32:26 | DEBUG    | src.bot.trading_bot:_update_market_data:134 | 市场数据更新完成
2025-06-04 10:32:32 | INFO     | src.trading.executor:update_account_info:125 | 账户更新: 总值$10057.98, 买入力$3239.92
2025-06-04 10:32:32 | DEBUG    | src.bot.trading_bot:_update_market_data:134 | 市场数据更新完成
2025-06-04 10:32:55 | INFO     | src.data.market_data:_get_option_chain_sdk:148 | 开始获取SPY期权链数据 (使用Alpaca SDK)
2025-06-04 10:33:02 | INFO     | src.data.market_data:_get_option_chain_sdk:148 | 开始获取SPY期权链数据 (使用Alpaca SDK)
2025-06-04 10:33:08 | INFO     | src.data.market_data:_get_option_chain_sdk:162 | ✅ SDK获取期权快照: 9118个快照，用时12.97秒
2025-06-04 10:33:08 | INFO     | src.data.market_data:_get_option_chain_sdk:258 | 成功解析期权链: 4559个看涨期权, 4559个看跌期权
2025-06-04 10:33:08 | DEBUG    | src.bot.trading_bot:_update_positions:184 | 头寸更新完成
2025-06-04 10:33:09 | INFO     | src.trading.executor:update_account_info:125 | 账户更新: 总值$10057.98, 买入力$3239.92
2025-06-04 10:33:09 | DEBUG    | src.bot.trading_bot:_update_market_data:134 | 市场数据更新完成
2025-06-04 10:33:16 | INFO     | src.data.market_data:_get_option_chain_sdk:162 | ✅ SDK获取期权快照: 9118个快照，用时13.39秒
2025-06-04 10:33:16 | INFO     | src.data.market_data:_get_option_chain_sdk:258 | 成功解析期权链: 4559个看涨期权, 4559个看跌期权
2025-06-04 10:33:16 | DEBUG    | src.bot.trading_bot:_update_positions:184 | 头寸更新完成
2025-06-04 10:33:16 | INFO     | src.trading.executor:update_account_info:125 | 账户更新: 总值$10057.98, 买入力$3239.92
2025-06-04 10:33:16 | DEBUG    | src.bot.trading_bot:_update_market_data:134 | 市场数据更新完成
2025-06-04 10:33:40 | INFO     | src.trading.executor:update_account_info:125 | 账户更新: 总值$10057.98, 买入力$3239.92
2025-06-04 10:33:40 | DEBUG    | src.bot.trading_bot:_update_market_data:134 | 市场数据更新完成
2025-06-04 10:33:46 | INFO     | src.trading.executor:update_account_info:125 | 账户更新: 总值$10057.98, 买入力$3239.92
2025-06-04 10:33:46 | DEBUG    | src.bot.trading_bot:_update_market_data:134 | 市场数据更新完成
2025-06-04 10:34:09 | INFO     | src.data.market_data:_get_option_chain_sdk:148 | 开始获取SPY期权链数据 (使用Alpaca SDK)
2025-06-04 10:34:17 | INFO     | src.data.market_data:_get_option_chain_sdk:148 | 开始获取SPY期权链数据 (使用Alpaca SDK)
2025-06-04 10:34:25 | INFO     | src.data.market_data:_get_option_chain_sdk:162 | ✅ SDK获取期权快照: 9118个快照，用时15.73秒
2025-06-04 10:34:25 | INFO     | src.data.market_data:_get_option_chain_sdk:258 | 成功解析期权链: 4559个看涨期权, 4559个看跌期权
2025-06-04 10:34:25 | DEBUG    | src.bot.trading_bot:_update_positions:184 | 头寸更新完成
2025-06-04 10:34:26 | INFO     | src.trading.executor:update_account_info:125 | 账户更新: 总值$10057.98, 买入力$3239.92
2025-06-04 10:34:26 | DEBUG    | src.bot.trading_bot:_update_market_data:134 | 市场数据更新完成
2025-06-04 10:34:28 | INFO     | src.data.market_data:_get_option_chain_sdk:162 | ✅ SDK获取期权快照: 9118个快照，用时11.07秒
2025-06-04 10:34:28 | INFO     | src.data.market_data:_get_option_chain_sdk:258 | 成功解析期权链: 4559个看涨期权, 4559个看跌期权
2025-06-04 10:34:28 | DEBUG    | src.bot.trading_bot:_update_positions:184 | 头寸更新完成
2025-06-04 10:34:28 | INFO     | src.trading.executor:update_account_info:125 | 账户更新: 总值$10057.98, 买入力$3239.92
2025-06-04 10:34:28 | DEBUG    | src.bot.trading_bot:_update_market_data:134 | 市场数据更新完成
2025-06-04 10:34:56 | INFO     | src.trading.executor:update_account_info:125 | 账户更新: 总值$10057.98, 买入力$3239.92
2025-06-04 10:34:56 | DEBUG    | src.bot.trading_bot:_update_market_data:134 | 市场数据更新完成
2025-06-04 10:34:58 | INFO     | src.trading.executor:update_account_info:125 | 账户更新: 总值$10057.98, 买入力$3239.92
2025-06-04 10:34:58 | DEBUG    | src.bot.trading_bot:_update_market_data:134 | 市场数据更新完成
2025-06-04 10:35:26 | INFO     | src.data.market_data:_get_option_chain_sdk:148 | 开始获取SPY期权链数据 (使用Alpaca SDK)
2025-06-04 10:35:29 | INFO     | src.data.market_data:_get_option_chain_sdk:148 | 开始获取SPY期权链数据 (使用Alpaca SDK)
2025-06-04 10:35:41 | INFO     | src.data.market_data:_get_option_chain_sdk:162 | ✅ SDK获取期权快照: 9118个快照，用时15.11秒
2025-06-04 10:35:41 | INFO     | src.data.market_data:_get_option_chain_sdk:258 | 成功解析期权链: 4559个看涨期权, 4559个看跌期权
2025-06-04 10:35:41 | DEBUG    | src.bot.trading_bot:_update_positions:184 | 头寸更新完成
2025-06-04 10:35:42 | INFO     | src.trading.executor:update_account_info:125 | 账户更新: 总值$10064.98, 买入力$3239.92
2025-06-04 10:35:42 | DEBUG    | src.bot.trading_bot:_update_market_data:134 | 市场数据更新完成
2025-06-04 10:35:45 | INFO     | src.data.market_data:_get_option_chain_sdk:162 | ✅ SDK获取期权快照: 9118个快照，用时15.65秒
2025-06-04 10:35:45 | INFO     | src.data.market_data:_get_option_chain_sdk:258 | 成功解析期权链: 4559个看涨期权, 4559个看跌期权
2025-06-04 10:35:45 | DEBUG    | src.bot.trading_bot:_update_positions:184 | 头寸更新完成
2025-06-04 10:35:45 | INFO     | src.trading.executor:update_account_info:125 | 账户更新: 总值$10064.98, 买入力$3239.92
2025-06-04 10:35:45 | DEBUG    | src.bot.trading_bot:_update_market_data:134 | 市场数据更新完成
2025-06-04 10:36:13 | INFO     | src.trading.executor:update_account_info:125 | 账户更新: 总值$10064.98, 买入力$3239.92
2025-06-04 10:36:13 | DEBUG    | src.bot.trading_bot:_update_market_data:134 | 市场数据更新完成
2025-06-04 10:36:15 | INFO     | src.trading.executor:update_account_info:125 | 账户更新: 总值$10064.98, 买入力$3239.92
2025-06-04 10:36:15 | DEBUG    | src.bot.trading_bot:_update_market_data:134 | 市场数据更新完成
2025-06-04 10:36:41 | INFO     | src.data.market_data:_get_option_chain_sdk:148 | 开始获取SPY期权链数据 (使用Alpaca SDK)
2025-06-04 10:36:46 | INFO     | src.data.market_data:_get_option_chain_sdk:148 | 开始获取SPY期权链数据 (使用Alpaca SDK)
2025-06-04 10:36:53 | INFO     | src.data.market_data:_get_option_chain_sdk:162 | ✅ SDK获取期权快照: 9118个快照，用时12.31秒
2025-06-04 10:36:53 | INFO     | src.data.market_data:_get_option_chain_sdk:258 | 成功解析期权链: 4559个看涨期权, 4559个看跌期权
2025-06-04 10:36:53 | DEBUG    | src.bot.trading_bot:_update_positions:184 | 头寸更新完成
2025-06-04 10:36:55 | INFO     | src.trading.executor:update_account_info:125 | 账户更新: 总值$10057.98, 买入力$3239.92
2025-06-04 10:36:55 | DEBUG    | src.bot.trading_bot:_update_market_data:134 | 市场数据更新完成
2025-06-04 10:36:59 | INFO     | src.data.market_data:_get_option_chain_sdk:162 | ✅ SDK获取期权快照: 9118个快照，用时13.11秒
2025-06-04 10:36:59 | INFO     | src.data.market_data:_get_option_chain_sdk:258 | 成功解析期权链: 4559个看涨期权, 4559个看跌期权
2025-06-04 10:36:59 | DEBUG    | src.bot.trading_bot:_update_positions:184 | 头寸更新完成
2025-06-04 10:36:59 | INFO     | src.trading.executor:update_account_info:125 | 账户更新: 总值$10057.98, 买入力$3239.92
2025-06-04 10:36:59 | DEBUG    | src.bot.trading_bot:_update_market_data:134 | 市场数据更新完成
2025-06-04 10:37:25 | INFO     | src.trading.executor:update_account_info:125 | 账户更新: 总值$10086.98, 买入力$3239.92
2025-06-04 10:37:25 | DEBUG    | src.bot.trading_bot:_update_market_data:134 | 市场数据更新完成
2025-06-04 10:37:30 | INFO     | src.trading.executor:update_account_info:125 | 账户更新: 总值$10086.98, 买入力$3239.92
2025-06-04 10:37:30 | DEBUG    | src.bot.trading_bot:_update_market_data:134 | 市场数据更新完成
2025-06-04 10:37:54 | INFO     | src.data.market_data:_get_option_chain_sdk:148 | 开始获取SPY期权链数据 (使用Alpaca SDK)
2025-06-04 10:38:00 | INFO     | src.data.market_data:_get_option_chain_sdk:148 | 开始获取SPY期权链数据 (使用Alpaca SDK)
2025-06-04 10:38:04 | INFO     | src.data.market_data:_get_option_chain_sdk:162 | ✅ SDK获取期权快照: 9118个快照，用时10.87秒
2025-06-04 10:38:05 | INFO     | src.data.market_data:_get_option_chain_sdk:258 | 成功解析期权链: 4559个看涨期权, 4559个看跌期权
2025-06-04 10:38:05 | DEBUG    | src.bot.trading_bot:_update_positions:184 | 头寸更新完成
2025-06-04 10:38:07 | INFO     | src.trading.executor:update_account_info:125 | 账户更新: 总值$10075.98, 买入力$3239.92
2025-06-04 10:38:07 | DEBUG    | src.bot.trading_bot:_update_market_data:134 | 市场数据更新完成
2025-06-04 10:38:14 | INFO     | src.data.market_data:_get_option_chain_sdk:162 | ✅ SDK获取期权快照: 9118个快照，用时13.52秒
2025-06-04 10:38:14 | INFO     | src.data.market_data:_get_option_chain_sdk:258 | 成功解析期权链: 4559个看涨期权, 4559个看跌期权
2025-06-04 10:38:14 | DEBUG    | src.bot.trading_bot:_update_positions:184 | 头寸更新完成
2025-06-04 10:38:14 | INFO     | src.trading.executor:update_account_info:125 | 账户更新: 总值$10075.98, 买入力$3239.92
2025-06-04 10:38:14 | DEBUG    | src.bot.trading_bot:_update_market_data:134 | 市场数据更新完成
2025-06-04 10:38:37 | INFO     | src.trading.executor:update_account_info:125 | 账户更新: 总值$10075.98, 买入力$3239.92
2025-06-04 10:38:37 | DEBUG    | src.bot.trading_bot:_update_market_data:134 | 市场数据更新完成
2025-06-04 10:38:44 | INFO     | src.trading.executor:update_account_info:125 | 账户更新: 总值$10075.98, 买入力$3239.92
2025-06-04 10:38:44 | DEBUG    | src.bot.trading_bot:_update_market_data:134 | 市场数据更新完成
2025-06-04 10:39:05 | INFO     | src.data.market_data:_get_option_chain_sdk:148 | 开始获取SPY期权链数据 (使用Alpaca SDK)
2025-06-04 10:39:14 | INFO     | src.data.market_data:_get_option_chain_sdk:162 | ✅ SDK获取期权快照: 9118个快照，用时9.59秒
2025-06-04 10:39:14 | INFO     | src.data.market_data:_get_option_chain_sdk:258 | 成功解析期权链: 4559个看涨期权, 4559个看跌期权
2025-06-04 10:39:14 | DEBUG    | src.bot.trading_bot:_update_positions:184 | 头寸更新完成
2025-06-04 10:39:15 | INFO     | src.data.market_data:_get_option_chain_sdk:148 | 开始获取SPY期权链数据 (使用Alpaca SDK)
2025-06-04 10:39:16 | INFO     | src.trading.executor:update_account_info:125 | 账户更新: 总值$10077.98, 买入力$3239.92
2025-06-04 10:39:16 | DEBUG    | src.bot.trading_bot:_update_market_data:134 | 市场数据更新完成
2025-06-04 10:39:33 | INFO     | src.data.market_data:_get_option_chain_sdk:162 | ✅ SDK获取期权快照: 9118个快照，用时17.98秒
2025-06-04 10:39:33 | INFO     | src.data.market_data:_get_option_chain_sdk:258 | 成功解析期权链: 4559个看涨期权, 4559个看跌期权
2025-06-04 10:39:33 | DEBUG    | src.bot.trading_bot:_update_positions:184 | 头寸更新完成
2025-06-04 10:39:33 | INFO     | src.trading.executor:update_account_info:125 | 账户更新: 总值$10077.98, 买入力$3239.92
2025-06-04 10:39:33 | DEBUG    | src.bot.trading_bot:_update_market_data:134 | 市场数据更新完成
2025-06-04 10:39:47 | INFO     | src.trading.executor:update_account_info:125 | 账户更新: 总值$10074.98, 买入力$3239.92
2025-06-04 10:39:47 | DEBUG    | src.bot.trading_bot:_update_market_data:134 | 市场数据更新完成
2025-06-04 10:40:04 | INFO     | src.trading.executor:update_account_info:125 | 账户更新: 总值$10042.98, 买入力$3239.92
2025-06-04 10:40:04 | DEBUG    | src.bot.trading_bot:_update_market_data:134 | 市场数据更新完成
2025-06-04 10:40:15 | INFO     | src.data.market_data:_get_option_chain_sdk:148 | 开始获取SPY期权链数据 (使用Alpaca SDK)
2025-06-04 10:40:26 | INFO     | src.data.market_data:_get_option_chain_sdk:162 | ✅ SDK获取期权快照: 9118个快照，用时10.92秒
2025-06-04 10:40:26 | INFO     | src.data.market_data:_get_option_chain_sdk:258 | 成功解析期权链: 4559个看涨期权, 4559个看跌期权
2025-06-04 10:40:26 | DEBUG    | src.bot.trading_bot:_update_positions:184 | 头寸更新完成
2025-06-04 10:40:27 | INFO     | src.trading.executor:update_account_info:125 | 账户更新: 总值$10042.98, 买入力$3239.92
2025-06-04 10:40:27 | DEBUG    | src.bot.trading_bot:_update_market_data:134 | 市场数据更新完成
2025-06-04 10:40:34 | INFO     | src.data.market_data:_get_option_chain_sdk:148 | 开始获取SPY期权链数据 (使用Alpaca SDK)
2025-06-04 10:40:47 | INFO     | src.data.market_data:_get_option_chain_sdk:162 | ✅ SDK获取期权快照: 9118个快照，用时12.25秒
2025-06-04 10:40:47 | INFO     | src.data.market_data:_get_option_chain_sdk:258 | 成功解析期权链: 4559个看涨期权, 4559个看跌期权
2025-06-04 10:40:47 | DEBUG    | src.bot.trading_bot:_update_positions:184 | 头寸更新完成
2025-06-04 10:40:47 | INFO     | src.trading.executor:update_account_info:125 | 账户更新: 总值$10042.98, 买入力$3239.92
2025-06-04 10:40:47 | DEBUG    | src.bot.trading_bot:_update_market_data:134 | 市场数据更新完成
2025-06-04 10:40:58 | INFO     | src.trading.executor:update_account_info:125 | 账户更新: 总值$10042.98, 买入力$3239.92
2025-06-04 10:40:58 | DEBUG    | src.bot.trading_bot:_update_market_data:134 | 市场数据更新完成
2025-06-04 10:41:17 | INFO     | src.trading.executor:update_account_info:125 | 账户更新: 总值$10042.98, 买入力$3239.92
2025-06-04 10:41:17 | DEBUG    | src.bot.trading_bot:_update_market_data:134 | 市场数据更新完成
2025-06-04 10:41:27 | INFO     | src.data.market_data:_get_option_chain_sdk:148 | 开始获取SPY期权链数据 (使用Alpaca SDK)
2025-06-04 10:41:37 | INFO     | src.data.market_data:_get_option_chain_sdk:162 | ✅ SDK获取期权快照: 9118个快照，用时9.52秒
2025-06-04 10:41:37 | INFO     | src.data.market_data:_get_option_chain_sdk:258 | 成功解析期权链: 4559个看涨期权, 4559个看跌期权
2025-06-04 10:41:37 | DEBUG    | src.bot.trading_bot:_update_positions:184 | 头寸更新完成
2025-06-04 10:41:38 | INFO     | src.trading.executor:update_account_info:125 | 账户更新: 总值$10068.98, 买入力$3239.92
2025-06-04 10:41:38 | DEBUG    | src.bot.trading_bot:_update_market_data:134 | 市场数据更新完成
2025-06-04 10:41:48 | INFO     | src.data.market_data:_get_option_chain_sdk:148 | 开始获取SPY期权链数据 (使用Alpaca SDK)
2025-06-04 10:41:57 | INFO     | src.data.market_data:_get_option_chain_sdk:162 | ✅ SDK获取期权快照: 9118个快照，用时9.35秒
2025-06-04 10:41:57 | INFO     | src.data.market_data:_get_option_chain_sdk:258 | 成功解析期权链: 4559个看涨期权, 4559个看跌期权
2025-06-04 10:41:57 | DEBUG    | src.bot.trading_bot:_update_positions:184 | 头寸更新完成
2025-06-04 10:41:57 | INFO     | src.trading.executor:update_account_info:125 | 账户更新: 总值$10062.98, 买入力$3239.92
2025-06-04 10:41:57 | DEBUG    | src.bot.trading_bot:_update_market_data:134 | 市场数据更新完成
2025-06-04 10:42:08 | INFO     | src.trading.executor:update_account_info:125 | 账户更新: 总值$10062.98, 买入力$3239.92
2025-06-04 10:42:08 | DEBUG    | src.bot.trading_bot:_update_market_data:134 | 市场数据更新完成
2025-06-04 10:42:28 | INFO     | src.trading.executor:update_account_info:125 | 账户更新: 总值$10062.98, 买入力$3239.92
2025-06-04 10:42:28 | DEBUG    | src.bot.trading_bot:_update_market_data:134 | 市场数据更新完成
2025-06-04 10:42:38 | INFO     | src.data.market_data:_get_option_chain_sdk:148 | 开始获取SPY期权链数据 (使用Alpaca SDK)
2025-06-04 10:42:47 | INFO     | src.data.market_data:_get_option_chain_sdk:162 | ✅ SDK获取期权快照: 9118个快照，用时9.66秒
2025-06-04 10:42:47 | INFO     | src.data.market_data:_get_option_chain_sdk:258 | 成功解析期权链: 4559个看涨期权, 4559个看跌期权
2025-06-04 10:42:47 | DEBUG    | src.bot.trading_bot:_update_positions:184 | 头寸更新完成
2025-06-04 10:42:49 | INFO     | src.trading.executor:update_account_info:125 | 账户更新: 总值$10062.98, 买入力$3239.92
2025-06-04 10:42:49 | DEBUG    | src.bot.trading_bot:_update_market_data:134 | 市场数据更新完成
2025-06-04 10:42:58 | INFO     | src.data.market_data:_get_option_chain_sdk:148 | 开始获取SPY期权链数据 (使用Alpaca SDK)
2025-06-04 10:43:08 | INFO     | src.data.market_data:_get_option_chain_sdk:162 | ✅ SDK获取期权快照: 9118个快照，用时9.53秒
2025-06-04 10:43:08 | INFO     | src.data.market_data:_get_option_chain_sdk:258 | 成功解析期权链: 4559个看涨期权, 4559个看跌期权
2025-06-04 10:43:08 | DEBUG    | src.bot.trading_bot:_update_positions:184 | 头寸更新完成
2025-06-04 10:43:08 | INFO     | src.trading.executor:update_account_info:125 | 账户更新: 总值$10062.98, 买入力$3239.92
2025-06-04 10:43:08 | DEBUG    | src.bot.trading_bot:_update_market_data:134 | 市场数据更新完成
2025-06-04 10:43:19 | INFO     | src.trading.executor:update_account_info:125 | 账户更新: 总值$10062.98, 买入力$3239.92
2025-06-04 10:43:19 | DEBUG    | src.bot.trading_bot:_update_market_data:134 | 市场数据更新完成
2025-06-04 10:43:38 | INFO     | src.trading.executor:update_account_info:125 | 账户更新: 总值$10062.98, 买入力$3239.92
2025-06-04 10:43:38 | DEBUG    | src.bot.trading_bot:_update_market_data:134 | 市场数据更新完成
2025-06-04 10:43:48 | INFO     | src.data.market_data:_get_option_chain_sdk:148 | 开始获取SPY期权链数据 (使用Alpaca SDK)
2025-06-04 10:43:58 | INFO     | src.data.market_data:_get_option_chain_sdk:162 | ✅ SDK获取期权快照: 9118个快照，用时9.65秒
2025-06-04 10:43:58 | INFO     | src.data.market_data:_get_option_chain_sdk:258 | 成功解析期权链: 4559个看涨期权, 4559个看跌期权
2025-06-04 10:43:58 | DEBUG    | src.bot.trading_bot:_update_positions:184 | 头寸更新完成
2025-06-04 10:43:59 | INFO     | src.trading.executor:update_account_info:125 | 账户更新: 总值$10062.98, 买入力$3239.92
2025-06-04 10:43:59 | DEBUG    | src.bot.trading_bot:_update_market_data:134 | 市场数据更新完成
2025-06-04 10:44:09 | INFO     | src.data.market_data:_get_option_chain_sdk:148 | 开始获取SPY期权链数据 (使用Alpaca SDK)
2025-06-04 10:44:19 | INFO     | src.data.market_data:_get_option_chain_sdk:162 | ✅ SDK获取期权快照: 9118个快照，用时9.79秒
2025-06-04 10:44:19 | INFO     | src.data.market_data:_get_option_chain_sdk:258 | 成功解析期权链: 4559个看涨期权, 4559个看跌期权
2025-06-04 10:44:19 | DEBUG    | src.bot.trading_bot:_update_positions:184 | 头寸更新完成
2025-06-04 10:44:19 | INFO     | src.trading.executor:update_account_info:125 | 账户更新: 总值$10062.98, 买入力$3239.92
2025-06-04 10:44:19 | DEBUG    | src.bot.trading_bot:_update_market_data:134 | 市场数据更新完成
2025-06-04 10:44:30 | INFO     | src.trading.executor:update_account_info:125 | 账户更新: 总值$10062.98, 买入力$3239.92
2025-06-04 10:44:30 | DEBUG    | src.bot.trading_bot:_update_market_data:134 | 市场数据更新完成
2025-06-04 10:44:49 | INFO     | src.trading.executor:update_account_info:125 | 账户更新: 总值$10062.98, 买入力$3239.92
2025-06-04 10:44:49 | DEBUG    | src.bot.trading_bot:_update_market_data:134 | 市场数据更新完成
2025-06-04 10:44:59 | INFO     | src.data.market_data:_get_option_chain_sdk:148 | 开始获取SPY期权链数据 (使用Alpaca SDK)
2025-06-04 10:45:09 | INFO     | src.data.market_data:_get_option_chain_sdk:162 | ✅ SDK获取期权快照: 9118个快照，用时9.96秒
2025-06-04 10:45:09 | INFO     | src.data.market_data:_get_option_chain_sdk:258 | 成功解析期权链: 4559个看涨期权, 4559个看跌期权
2025-06-04 10:45:09 | DEBUG    | src.bot.trading_bot:_update_positions:184 | 头寸更新完成
2025-06-04 10:45:11 | INFO     | src.trading.executor:update_account_info:125 | 账户更新: 总值$10062.98, 买入力$3239.92
2025-06-04 10:45:11 | DEBUG    | src.bot.trading_bot:_update_market_data:134 | 市场数据更新完成
2025-06-04 10:45:20 | INFO     | src.data.market_data:_get_option_chain_sdk:148 | 开始获取SPY期权链数据 (使用Alpaca SDK)
2025-06-04 10:45:29 | INFO     | src.data.market_data:_get_option_chain_sdk:162 | ✅ SDK获取期权快照: 9118个快照，用时9.38秒
2025-06-04 10:45:29 | INFO     | src.data.market_data:_get_option_chain_sdk:258 | 成功解析期权链: 4559个看涨期权, 4559个看跌期权
2025-06-04 10:45:29 | DEBUG    | src.bot.trading_bot:_update_positions:184 | 头寸更新完成
2025-06-04 10:45:29 | INFO     | src.trading.executor:update_account_info:125 | 账户更新: 总值$10062.98, 买入力$3239.92
2025-06-04 10:45:29 | DEBUG    | src.bot.trading_bot:_update_market_data:134 | 市场数据更新完成
2025-06-04 10:45:41 | INFO     | src.trading.executor:update_account_info:125 | 账户更新: 总值$10062.98, 买入力$3239.92
2025-06-04 10:45:41 | DEBUG    | src.bot.trading_bot:_update_market_data:134 | 市场数据更新完成
2025-06-04 10:46:00 | INFO     | src.trading.executor:update_account_info:125 | 账户更新: 总值$10062.98, 买入力$3239.92
2025-06-04 10:46:00 | DEBUG    | src.bot.trading_bot:_update_market_data:134 | 市场数据更新完成
2025-06-04 10:46:10 | INFO     | src.data.market_data:_get_option_chain_sdk:148 | 开始获取SPY期权链数据 (使用Alpaca SDK)
2025-06-04 10:46:20 | INFO     | src.data.market_data:_get_option_chain_sdk:162 | ✅ SDK获取期权快照: 9118个快照，用时9.63秒
2025-06-04 10:46:20 | INFO     | src.data.market_data:_get_option_chain_sdk:258 | 成功解析期权链: 4559个看涨期权, 4559个看跌期权
2025-06-04 10:46:20 | DEBUG    | src.bot.trading_bot:_update_positions:184 | 头寸更新完成
2025-06-04 10:46:21 | INFO     | src.trading.executor:update_account_info:125 | 账户更新: 总值$10062.98, 买入力$3239.92
2025-06-04 10:46:21 | DEBUG    | src.bot.trading_bot:_update_market_data:134 | 市场数据更新完成
2025-06-04 10:46:30 | INFO     | src.data.market_data:_get_option_chain_sdk:148 | 开始获取SPY期权链数据 (使用Alpaca SDK)
2025-06-04 10:46:40 | INFO     | src.data.market_data:_get_option_chain_sdk:162 | ✅ SDK获取期权快照: 9118个快照，用时9.43秒
2025-06-04 10:46:40 | INFO     | src.data.market_data:_get_option_chain_sdk:258 | 成功解析期权链: 4559个看涨期权, 4559个看跌期权
2025-06-04 10:46:40 | DEBUG    | src.bot.trading_bot:_update_positions:184 | 头寸更新完成
2025-06-04 10:46:40 | INFO     | src.trading.executor:update_account_info:125 | 账户更新: 总值$10062.98, 买入力$3239.92
2025-06-04 10:46:40 | DEBUG    | src.bot.trading_bot:_update_market_data:134 | 市场数据更新完成
2025-06-04 10:46:52 | INFO     | src.trading.executor:update_account_info:125 | 账户更新: 总值$10062.98, 买入力$3239.92
2025-06-04 10:46:52 | DEBUG    | src.bot.trading_bot:_update_market_data:134 | 市场数据更新完成
2025-06-04 10:47:10 | INFO     | src.trading.executor:update_account_info:125 | 账户更新: 总值$10062.98, 买入力$3239.92
2025-06-04 10:47:10 | DEBUG    | src.bot.trading_bot:_update_market_data:134 | 市场数据更新完成
2025-06-04 10:47:21 | INFO     | src.data.market_data:_get_option_chain_sdk:148 | 开始获取SPY期权链数据 (使用Alpaca SDK)
2025-06-04 10:47:31 | INFO     | src.data.market_data:_get_option_chain_sdk:162 | ✅ SDK获取期权快照: 9118个快照，用时10.13秒
2025-06-04 10:47:31 | INFO     | src.data.market_data:_get_option_chain_sdk:258 | 成功解析期权链: 4559个看涨期权, 4559个看跌期权
2025-06-04 10:47:31 | DEBUG    | src.bot.trading_bot:_update_positions:184 | 头寸更新完成
2025-06-04 10:47:33 | INFO     | src.trading.executor:update_account_info:125 | 账户更新: 总值$10062.98, 买入力$3239.92
2025-06-04 10:47:33 | DEBUG    | src.bot.trading_bot:_update_market_data:134 | 市场数据更新完成
2025-06-04 10:47:41 | INFO     | src.data.market_data:_get_option_chain_sdk:148 | 开始获取SPY期权链数据 (使用Alpaca SDK)
2025-06-04 10:47:52 | INFO     | src.data.market_data:_get_option_chain_sdk:162 | ✅ SDK获取期权快照: 9118个快照，用时11.14秒
2025-06-04 10:47:52 | INFO     | src.data.market_data:_get_option_chain_sdk:258 | 成功解析期权链: 4559个看涨期权, 4559个看跌期权
2025-06-04 10:47:52 | DEBUG    | src.bot.trading_bot:_update_positions:184 | 头寸更新完成
2025-06-04 10:47:52 | INFO     | src.trading.executor:update_account_info:125 | 账户更新: 总值$10062.98, 买入力$3239.92
2025-06-04 10:47:52 | DEBUG    | src.bot.trading_bot:_update_market_data:134 | 市场数据更新完成
2025-06-04 10:48:03 | INFO     | src.trading.executor:update_account_info:125 | 账户更新: 总值$10062.98, 买入力$3239.92
2025-06-04 10:48:03 | DEBUG    | src.bot.trading_bot:_update_market_data:134 | 市场数据更新完成
2025-06-04 10:48:23 | INFO     | src.trading.executor:update_account_info:125 | 账户更新: 总值$10062.98, 买入力$3239.92
2025-06-04 10:48:23 | DEBUG    | src.bot.trading_bot:_update_market_data:134 | 市场数据更新完成
2025-06-04 10:48:32 | INFO     | src.data.market_data:_get_option_chain_sdk:148 | 开始获取SPY期权链数据 (使用Alpaca SDK)
2025-06-04 10:48:43 | INFO     | src.data.market_data:_get_option_chain_sdk:162 | ✅ SDK获取期权快照: 9118个快照，用时10.75秒
2025-06-04 10:48:43 | INFO     | src.data.market_data:_get_option_chain_sdk:258 | 成功解析期权链: 4559个看涨期权, 4559个看跌期权
2025-06-04 10:48:43 | DEBUG    | src.bot.trading_bot:_update_positions:184 | 头寸更新完成
2025-06-04 10:48:45 | INFO     | src.trading.executor:update_account_info:125 | 账户更新: 总值$10064.98, 买入力$3239.92
2025-06-04 10:48:45 | DEBUG    | src.bot.trading_bot:_update_market_data:134 | 市场数据更新完成
2025-06-04 10:48:53 | INFO     | src.data.market_data:_get_option_chain_sdk:148 | 开始获取SPY期权链数据 (使用Alpaca SDK)
2025-06-04 10:49:03 | INFO     | src.data.market_data:_get_option_chain_sdk:162 | ✅ SDK获取期权快照: 9118个快照，用时9.93秒
2025-06-04 10:49:03 | INFO     | src.data.market_data:_get_option_chain_sdk:258 | 成功解析期权链: 4559个看涨期权, 4559个看跌期权
2025-06-04 10:49:03 | DEBUG    | src.bot.trading_bot:_update_positions:184 | 头寸更新完成
2025-06-04 10:49:03 | INFO     | src.trading.executor:update_account_info:125 | 账户更新: 总值$10064.98, 买入力$3239.92
2025-06-04 10:49:03 | DEBUG    | src.bot.trading_bot:_update_market_data:134 | 市场数据更新完成
2025-06-04 10:49:15 | INFO     | src.trading.executor:update_account_info:125 | 账户更新: 总值$10064.98, 买入力$3239.92
2025-06-04 10:49:15 | DEBUG    | src.bot.trading_bot:_update_market_data:134 | 市场数据更新完成
2025-06-04 10:49:34 | INFO     | src.trading.executor:update_account_info:125 | 账户更新: 总值$10095.98, 买入力$3239.92
2025-06-04 10:49:34 | DEBUG    | src.bot.trading_bot:_update_market_data:134 | 市场数据更新完成
2025-06-04 10:49:43 | INFO     | src.data.market_data:_get_option_chain_sdk:148 | 开始获取SPY期权链数据 (使用Alpaca SDK)
2025-06-04 10:49:53 | INFO     | src.data.market_data:_get_option_chain_sdk:162 | ✅ SDK获取期权快照: 9118个快照，用时9.70秒
2025-06-04 10:49:53 | INFO     | src.data.market_data:_get_option_chain_sdk:258 | 成功解析期权链: 4559个看涨期权, 4559个看跌期权
2025-06-04 10:49:53 | DEBUG    | src.bot.trading_bot:_update_positions:184 | 头寸更新完成
2025-06-04 10:49:54 | INFO     | src.trading.executor:update_account_info:125 | 账户更新: 总值$10094.98, 买入力$3239.92
2025-06-04 10:49:54 | DEBUG    | src.bot.trading_bot:_update_market_data:134 | 市场数据更新完成
2025-06-04 10:50:04 | INFO     | src.data.market_data:_get_option_chain_sdk:148 | 开始获取SPY期权链数据 (使用Alpaca SDK)
2025-06-04 10:50:14 | INFO     | src.data.market_data:_get_option_chain_sdk:162 | ✅ SDK获取期权快照: 9118个快照，用时9.79秒
2025-06-04 10:50:14 | INFO     | src.data.market_data:_get_option_chain_sdk:258 | 成功解析期权链: 4559个看涨期权, 4559个看跌期权
2025-06-04 10:50:14 | DEBUG    | src.bot.trading_bot:_update_positions:184 | 头寸更新完成
2025-06-04 10:50:14 | INFO     | src.trading.executor:update_account_info:125 | 账户更新: 总值$10089.98, 买入力$3239.92
2025-06-04 10:50:14 | DEBUG    | src.bot.trading_bot:_update_market_data:134 | 市场数据更新完成
2025-06-04 10:50:25 | INFO     | src.trading.executor:update_account_info:125 | 账户更新: 总值$10086.98, 买入力$3239.92
2025-06-04 10:50:25 | DEBUG    | src.bot.trading_bot:_update_market_data:134 | 市场数据更新完成
2025-06-04 10:50:45 | INFO     | src.trading.executor:update_account_info:125 | 账户更新: 总值$10086.98, 买入力$3239.92
2025-06-04 10:50:45 | DEBUG    | src.bot.trading_bot:_update_market_data:134 | 市场数据更新完成
2025-06-04 10:50:54 | INFO     | src.data.market_data:_get_option_chain_sdk:148 | 开始获取SPY期权链数据 (使用Alpaca SDK)
2025-06-04 10:51:04 | INFO     | src.data.market_data:_get_option_chain_sdk:162 | ✅ SDK获取期权快照: 9118个快照，用时9.61秒
2025-06-04 10:51:04 | INFO     | src.data.market_data:_get_option_chain_sdk:258 | 成功解析期权链: 4559个看涨期权, 4559个看跌期权
2025-06-04 10:51:04 | DEBUG    | src.bot.trading_bot:_update_positions:184 | 头寸更新完成
2025-06-04 10:51:05 | INFO     | src.trading.executor:update_account_info:125 | 账户更新: 总值$10086.98, 买入力$3239.92
2025-06-04 10:51:05 | DEBUG    | src.bot.trading_bot:_update_market_data:134 | 市场数据更新完成
2025-06-04 10:51:15 | INFO     | src.data.market_data:_get_option_chain_sdk:148 | 开始获取SPY期权链数据 (使用Alpaca SDK)
2025-06-04 10:51:24 | INFO     | src.data.market_data:_get_option_chain_sdk:162 | ✅ SDK获取期权快照: 9118个快照，用时9.59秒
2025-06-04 10:51:25 | INFO     | src.data.market_data:_get_option_chain_sdk:258 | 成功解析期权链: 4559个看涨期权, 4559个看跌期权
2025-06-04 10:51:25 | DEBUG    | src.bot.trading_bot:_update_positions:184 | 头寸更新完成
2025-06-04 10:51:25 | INFO     | src.trading.executor:update_account_info:125 | 账户更新: 总值$10078.98, 买入力$3239.92
2025-06-04 10:51:25 | DEBUG    | src.bot.trading_bot:_update_market_data:134 | 市场数据更新完成
2025-06-04 10:51:35 | INFO     | src.trading.executor:update_account_info:125 | 账户更新: 总值$10078.98, 买入力$3239.92
2025-06-04 10:51:35 | DEBUG    | src.bot.trading_bot:_update_market_data:134 | 市场数据更新完成
2025-06-04 10:51:55 | INFO     | src.trading.executor:update_account_info:125 | 账户更新: 总值$10055.98, 买入力$3239.92
2025-06-04 10:51:55 | DEBUG    | src.bot.trading_bot:_update_market_data:134 | 市场数据更新完成
2025-06-04 10:52:05 | INFO     | src.data.market_data:_get_option_chain_sdk:148 | 开始获取SPY期权链数据 (使用Alpaca SDK)
2025-06-04 10:52:14 | INFO     | src.data.market_data:_get_option_chain_sdk:162 | ✅ SDK获取期权快照: 9118个快照，用时9.66秒
2025-06-04 10:52:14 | INFO     | src.data.market_data:_get_option_chain_sdk:258 | 成功解析期权链: 4559个看涨期权, 4559个看跌期权
2025-06-04 10:52:14 | DEBUG    | src.bot.trading_bot:_update_positions:184 | 头寸更新完成
2025-06-04 10:52:16 | INFO     | src.trading.executor:update_account_info:125 | 账户更新: 总值$10082.98, 买入力$3239.92
2025-06-04 10:52:16 | DEBUG    | src.bot.trading_bot:_update_market_data:134 | 市场数据更新完成
2025-06-04 10:52:26 | INFO     | src.data.market_data:_get_option_chain_sdk:148 | 开始获取SPY期权链数据 (使用Alpaca SDK)
2025-06-04 10:52:35 | INFO     | src.data.market_data:_get_option_chain_sdk:162 | ✅ SDK获取期权快照: 9118个快照，用时9.95秒
2025-06-04 10:52:36 | INFO     | src.data.market_data:_get_option_chain_sdk:258 | 成功解析期权链: 4559个看涨期权, 4559个看跌期权
2025-06-04 10:52:36 | DEBUG    | src.bot.trading_bot:_update_positions:184 | 头寸更新完成
2025-06-04 10:52:36 | INFO     | src.trading.executor:update_account_info:125 | 账户更新: 总值$10082.98, 买入力$3239.92
2025-06-04 10:52:36 | DEBUG    | src.bot.trading_bot:_update_market_data:134 | 市场数据更新完成
2025-06-04 10:52:46 | INFO     | src.trading.executor:update_account_info:125 | 账户更新: 总值$10082.98, 买入力$3239.92
2025-06-04 10:52:46 | DEBUG    | src.bot.trading_bot:_update_market_data:134 | 市场数据更新完成
2025-06-04 10:53:06 | INFO     | src.trading.executor:update_account_info:125 | 账户更新: 总值$10082.98, 买入力$3239.92
2025-06-04 10:53:06 | DEBUG    | src.bot.trading_bot:_update_market_data:134 | 市场数据更新完成
2025-06-04 10:53:15 | INFO     | src.data.market_data:_get_option_chain_sdk:148 | 开始获取SPY期权链数据 (使用Alpaca SDK)
2025-06-04 10:53:25 | INFO     | src.data.market_data:_get_option_chain_sdk:162 | ✅ SDK获取期权快照: 9118个快照，用时9.54秒
2025-06-04 10:53:25 | INFO     | src.data.market_data:_get_option_chain_sdk:258 | 成功解析期权链: 4559个看涨期权, 4559个看跌期权
2025-06-04 10:53:25 | DEBUG    | src.bot.trading_bot:_update_positions:184 | 头寸更新完成
2025-06-04 10:53:26 | INFO     | src.trading.executor:update_account_info:125 | 账户更新: 总值$10082.98, 买入力$3239.92
2025-06-04 10:53:26 | DEBUG    | src.bot.trading_bot:_update_market_data:134 | 市场数据更新完成
2025-06-04 10:53:37 | INFO     | src.data.market_data:_get_option_chain_sdk:148 | 开始获取SPY期权链数据 (使用Alpaca SDK)
2025-06-04 10:53:46 | INFO     | src.data.market_data:_get_option_chain_sdk:162 | ✅ SDK获取期权快照: 9118个快照，用时9.37秒
2025-06-04 10:53:46 | INFO     | src.data.market_data:_get_option_chain_sdk:258 | 成功解析期权链: 4559个看涨期权, 4559个看跌期权
2025-06-04 10:53:46 | DEBUG    | src.bot.trading_bot:_update_positions:184 | 头寸更新完成
2025-06-04 10:53:46 | INFO     | src.trading.executor:update_account_info:125 | 账户更新: 总值$10082.98, 买入力$3239.92
2025-06-04 10:53:46 | DEBUG    | src.bot.trading_bot:_update_market_data:134 | 市场数据更新完成
2025-06-04 10:53:57 | INFO     | src.trading.executor:update_account_info:125 | 账户更新: 总值$10092.98, 买入力$3239.92
2025-06-04 10:53:57 | DEBUG    | src.bot.trading_bot:_update_market_data:134 | 市场数据更新完成
2025-06-04 10:54:17 | INFO     | src.trading.executor:update_account_info:125 | 账户更新: 总值$10092.98, 买入力$3239.92
2025-06-04 10:54:17 | DEBUG    | src.bot.trading_bot:_update_market_data:134 | 市场数据更新完成
2025-06-04 10:54:26 | INFO     | src.data.market_data:_get_option_chain_sdk:148 | 开始获取SPY期权链数据 (使用Alpaca SDK)
2025-06-04 10:54:37 | INFO     | src.data.market_data:_get_option_chain_sdk:162 | ✅ SDK获取期权快照: 9118个快照，用时11.04秒
2025-06-04 10:54:37 | INFO     | src.data.market_data:_get_option_chain_sdk:258 | 成功解析期权链: 4559个看涨期权, 4559个看跌期权
2025-06-04 10:54:37 | DEBUG    | src.bot.trading_bot:_update_positions:184 | 头寸更新完成
2025-06-04 10:54:39 | INFO     | src.trading.executor:update_account_info:125 | 账户更新: 总值$10092.98, 买入力$3239.92
2025-06-04 10:54:39 | DEBUG    | src.bot.trading_bot:_update_market_data:134 | 市场数据更新完成
2025-06-04 10:54:47 | INFO     | src.data.market_data:_get_option_chain_sdk:148 | 开始获取SPY期权链数据 (使用Alpaca SDK)
2025-06-04 10:54:57 | INFO     | src.data.market_data:_get_option_chain_sdk:162 | ✅ SDK获取期权快照: 9118个快照，用时10.02秒
2025-06-04 10:54:57 | INFO     | src.data.market_data:_get_option_chain_sdk:258 | 成功解析期权链: 4559个看涨期权, 4559个看跌期权
2025-06-04 10:54:57 | DEBUG    | src.bot.trading_bot:_update_positions:184 | 头寸更新完成
2025-06-04 10:54:58 | INFO     | src.trading.executor:update_account_info:125 | 账户更新: 总值$10085.98, 买入力$3239.92
2025-06-04 10:54:58 | DEBUG    | src.bot.trading_bot:_update_market_data:134 | 市场数据更新完成
2025-06-04 10:55:09 | INFO     | src.trading.executor:update_account_info:125 | 账户更新: 总值$10087.98, 买入力$3239.92
2025-06-04 10:55:09 | DEBUG    | src.bot.trading_bot:_update_market_data:134 | 市场数据更新完成
2025-06-04 10:55:28 | INFO     | src.trading.executor:update_account_info:125 | 账户更新: 总值$10087.98, 买入力$3239.92
2025-06-04 10:55:28 | DEBUG    | src.bot.trading_bot:_update_market_data:134 | 市场数据更新完成
2025-06-04 10:55:38 | INFO     | src.data.market_data:_get_option_chain_sdk:148 | 开始获取SPY期权链数据 (使用Alpaca SDK)
2025-06-04 10:55:51 | INFO     | src.data.market_data:_get_option_chain_sdk:162 | ✅ SDK获取期权快照: 9118个快照，用时12.77秒
2025-06-04 10:55:51 | INFO     | src.data.market_data:_get_option_chain_sdk:258 | 成功解析期权链: 4559个看涨期权, 4559个看跌期权
2025-06-04 10:55:51 | DEBUG    | src.bot.trading_bot:_update_positions:184 | 头寸更新完成
2025-06-04 10:55:53 | INFO     | src.trading.executor:update_account_info:125 | 账户更新: 总值$10087.98, 买入力$3239.92
2025-06-04 10:55:53 | DEBUG    | src.bot.trading_bot:_update_market_data:134 | 市场数据更新完成
2025-06-04 10:55:58 | INFO     | src.data.market_data:_get_option_chain_sdk:148 | 开始获取SPY期权链数据 (使用Alpaca SDK)
2025-06-04 10:56:07 | INFO     | src.data.market_data:_get_option_chain_sdk:162 | ✅ SDK获取期权快照: 9118个快照，用时9.72秒
2025-06-04 10:56:07 | INFO     | src.data.market_data:_get_option_chain_sdk:258 | 成功解析期权链: 4559个看涨期权, 4559个看跌期权
2025-06-04 10:56:07 | DEBUG    | src.bot.trading_bot:_update_positions:184 | 头寸更新完成
2025-06-04 10:56:09 | INFO     | src.trading.executor:update_account_info:125 | 账户更新: 总值$10087.98, 买入力$3239.92
2025-06-04 10:56:09 | DEBUG    | src.bot.trading_bot:_update_market_data:134 | 市场数据更新完成
2025-06-04 10:56:23 | INFO     | src.trading.executor:update_account_info:125 | 账户更新: 总值$10087.98, 买入力$3239.92
2025-06-04 10:56:23 | DEBUG    | src.bot.trading_bot:_update_market_data:134 | 市场数据更新完成
2025-06-04 10:56:39 | INFO     | src.trading.executor:update_account_info:125 | 账户更新: 总值$10087.98, 买入力$3239.92
2025-06-04 10:56:39 | DEBUG    | src.bot.trading_bot:_update_market_data:134 | 市场数据更新完成
2025-06-04 10:56:52 | INFO     | src.data.market_data:_get_option_chain_sdk:148 | 开始获取SPY期权链数据 (使用Alpaca SDK)
2025-06-04 10:57:06 | INFO     | src.data.market_data:_get_option_chain_sdk:162 | ✅ SDK获取期权快照: 9118个快照，用时13.53秒
2025-06-04 10:57:06 | INFO     | src.data.market_data:_get_option_chain_sdk:258 | 成功解析期权链: 4559个看涨期权, 4559个看跌期权
2025-06-04 10:57:06 | DEBUG    | src.bot.trading_bot:_update_positions:184 | 头寸更新完成
2025-06-04 10:57:07 | INFO     | src.trading.executor:update_account_info:125 | 账户更新: 总值$10087.98, 买入力$3239.92
2025-06-04 10:57:07 | DEBUG    | src.bot.trading_bot:_update_market_data:134 | 市场数据更新完成
2025-06-04 10:57:08 | INFO     | src.data.market_data:_get_option_chain_sdk:148 | 开始获取SPY期权链数据 (使用Alpaca SDK)
2025-06-04 10:57:18 | INFO     | src.data.market_data:_get_option_chain_sdk:162 | ✅ SDK获取期权快照: 9118个快照，用时9.72秒
2025-06-04 10:57:18 | INFO     | src.data.market_data:_get_option_chain_sdk:258 | 成功解析期权链: 4559个看涨期权, 4559个看跌期权
2025-06-04 10:57:18 | DEBUG    | src.bot.trading_bot:_update_positions:184 | 头寸更新完成
2025-06-04 10:57:20 | INFO     | src.trading.executor:update_account_info:125 | 账户更新: 总值$10087.98, 买入力$3239.92
2025-06-04 10:57:20 | DEBUG    | src.bot.trading_bot:_update_market_data:134 | 市场数据更新完成
2025-06-04 10:57:38 | INFO     | src.trading.executor:update_account_info:125 | 账户更新: 总值$10087.98, 买入力$3239.92
2025-06-04 10:57:38 | DEBUG    | src.bot.trading_bot:_update_market_data:134 | 市场数据更新完成
2025-06-04 10:57:50 | INFO     | src.trading.executor:update_account_info:125 | 账户更新: 总值$10087.98, 买入力$3239.92
2025-06-04 10:57:50 | DEBUG    | src.bot.trading_bot:_update_market_data:134 | 市场数据更新完成
2025-06-04 10:58:07 | INFO     | src.data.market_data:_get_option_chain_sdk:148 | 开始获取SPY期权链数据 (使用Alpaca SDK)
2025-06-04 10:58:16 | INFO     | src.data.market_data:_get_option_chain_sdk:162 | ✅ SDK获取期权快照: 9118个快照，用时9.43秒
2025-06-04 10:58:17 | INFO     | src.data.market_data:_get_option_chain_sdk:258 | 成功解析期权链: 4559个看涨期权, 4559个看跌期权
2025-06-04 10:58:17 | DEBUG    | src.bot.trading_bot:_update_positions:184 | 头寸更新完成
2025-06-04 10:58:18 | INFO     | src.trading.executor:update_account_info:125 | 账户更新: 总值$10087.98, 买入力$3239.92
2025-06-04 10:58:18 | DEBUG    | src.bot.trading_bot:_update_market_data:134 | 市场数据更新完成
2025-06-04 10:58:19 | INFO     | src.data.market_data:_get_option_chain_sdk:148 | 开始获取SPY期权链数据 (使用Alpaca SDK)
2025-06-04 10:58:29 | INFO     | src.data.market_data:_get_option_chain_sdk:162 | ✅ SDK获取期权快照: 9118个快照，用时9.54秒
2025-06-04 10:58:29 | INFO     | src.data.market_data:_get_option_chain_sdk:258 | 成功解析期权链: 4559个看涨期权, 4559个看跌期权
2025-06-04 10:58:29 | DEBUG    | src.bot.trading_bot:_update_positions:184 | 头寸更新完成
2025-06-04 10:58:30 | INFO     | src.trading.executor:update_account_info:125 | 账户更新: 总值$10087.98, 买入力$3239.92
2025-06-04 10:58:30 | DEBUG    | src.bot.trading_bot:_update_market_data:134 | 市场数据更新完成
2025-06-04 10:58:48 | INFO     | src.trading.executor:update_account_info:125 | 账户更新: 总值$10087.98, 买入力$3239.92
2025-06-04 10:58:48 | DEBUG    | src.bot.trading_bot:_update_market_data:134 | 市场数据更新完成
2025-06-04 10:59:01 | INFO     | src.trading.executor:update_account_info:125 | 账户更新: 总值$10087.98, 买入力$3239.92
2025-06-04 10:59:01 | DEBUG    | src.bot.trading_bot:_update_market_data:134 | 市场数据更新完成
2025-06-04 10:59:18 | INFO     | src.data.market_data:_get_option_chain_sdk:148 | 开始获取SPY期权链数据 (使用Alpaca SDK)
2025-06-04 10:59:28 | INFO     | src.data.market_data:_get_option_chain_sdk:162 | ✅ SDK获取期权快照: 9118个快照，用时10.56秒
2025-06-04 10:59:28 | INFO     | src.data.market_data:_get_option_chain_sdk:258 | 成功解析期权链: 4559个看涨期权, 4559个看跌期权
2025-06-04 10:59:28 | DEBUG    | src.bot.trading_bot:_update_positions:184 | 头寸更新完成
2025-06-04 10:59:30 | INFO     | src.trading.executor:update_account_info:125 | 账户更新: 总值$10087.98, 买入力$3239.92
2025-06-04 10:59:30 | DEBUG    | src.bot.trading_bot:_update_market_data:134 | 市场数据更新完成
2025-06-04 10:59:30 | INFO     | src.data.market_data:_get_option_chain_sdk:148 | 开始获取SPY期权链数据 (使用Alpaca SDK)
2025-06-04 10:59:39 | INFO     | src.data.market_data:_get_option_chain_sdk:162 | ✅ SDK获取期权快照: 9118个快照，用时9.28秒
2025-06-04 10:59:39 | INFO     | src.data.market_data:_get_option_chain_sdk:258 | 成功解析期权链: 4559个看涨期权, 4559个看跌期权
2025-06-04 10:59:39 | DEBUG    | src.bot.trading_bot:_update_positions:184 | 头寸更新完成
2025-06-04 10:59:41 | INFO     | src.trading.executor:update_account_info:125 | 账户更新: 总值$10087.98, 买入力$3239.92
2025-06-04 10:59:41 | DEBUG    | src.bot.trading_bot:_update_market_data:134 | 市场数据更新完成
2025-06-04 11:00:00 | INFO     | src.trading.executor:update_account_info:125 | 账户更新: 总值$10087.98, 买入力$3239.92
2025-06-04 11:00:00 | DEBUG    | src.bot.trading_bot:_update_market_data:134 | 市场数据更新完成
2025-06-04 11:00:11 | INFO     | src.trading.executor:update_account_info:125 | 账户更新: 总值$10087.98, 买入力$3239.92
2025-06-04 11:00:11 | DEBUG    | src.bot.trading_bot:_update_market_data:134 | 市场数据更新完成
2025-06-04 11:00:29 | INFO     | src.data.market_data:_get_option_chain_sdk:148 | 开始获取SPY期权链数据 (使用Alpaca SDK)
2025-06-04 11:00:39 | INFO     | src.data.market_data:_get_option_chain_sdk:162 | ✅ SDK获取期权快照: 9118个快照，用时9.84秒
2025-06-04 11:00:39 | INFO     | src.data.market_data:_get_option_chain_sdk:258 | 成功解析期权链: 4559个看涨期权, 4559个看跌期权
2025-06-04 11:00:39 | DEBUG    | src.bot.trading_bot:_update_positions:184 | 头寸更新完成
2025-06-04 11:00:40 | INFO     | src.data.market_data:_get_option_chain_sdk:148 | 开始获取SPY期权链数据 (使用Alpaca SDK)
2025-06-04 11:00:41 | INFO     | src.trading.executor:update_account_info:125 | 账户更新: 总值$10087.98, 买入力$3239.92
2025-06-04 11:00:41 | DEBUG    | src.bot.trading_bot:_update_market_data:134 | 市场数据更新完成
2025-06-04 11:00:50 | INFO     | src.data.market_data:_get_option_chain_sdk:162 | ✅ SDK获取期权快照: 9118个快照，用时9.67秒
2025-06-04 11:00:50 | INFO     | src.data.market_data:_get_option_chain_sdk:258 | 成功解析期权链: 4559个看涨期权, 4559个看跌期权
2025-06-04 11:00:50 | DEBUG    | src.bot.trading_bot:_update_positions:184 | 头寸更新完成
2025-06-04 11:00:51 | INFO     | src.trading.executor:update_account_info:125 | 账户更新: 总值$10114.98, 买入力$3239.92
2025-06-04 11:00:51 | DEBUG    | src.bot.trading_bot:_update_market_data:134 | 市场数据更新完成
2025-06-04 11:01:11 | INFO     | src.trading.executor:update_account_info:125 | 账户更新: 总值$10110.98, 买入力$3239.92
2025-06-04 11:01:11 | DEBUG    | src.bot.trading_bot:_update_market_data:134 | 市场数据更新完成
2025-06-04 11:01:22 | INFO     | src.trading.executor:update_account_info:125 | 账户更新: 总值$10110.98, 买入力$3239.92
2025-06-04 11:01:22 | DEBUG    | src.bot.trading_bot:_update_market_data:134 | 市场数据更新完成
2025-06-04 11:01:40 | INFO     | src.data.market_data:_get_option_chain_sdk:148 | 开始获取SPY期权链数据 (使用Alpaca SDK)
2025-06-04 11:01:50 | INFO     | src.data.market_data:_get_option_chain_sdk:162 | ✅ SDK获取期权快照: 9118个快照，用时9.95秒
2025-06-04 11:01:50 | INFO     | src.data.market_data:_get_option_chain_sdk:258 | 成功解析期权链: 4559个看涨期权, 4559个看跌期权
2025-06-04 11:01:50 | DEBUG    | src.bot.trading_bot:_update_positions:184 | 头寸更新完成
2025-06-04 11:01:51 | INFO     | src.data.market_data:_get_option_chain_sdk:148 | 开始获取SPY期权链数据 (使用Alpaca SDK)
2025-06-04 11:01:52 | INFO     | src.trading.executor:update_account_info:125 | 账户更新: 总值$10110.98, 买入力$3239.92
2025-06-04 11:01:52 | DEBUG    | src.bot.trading_bot:_update_market_data:134 | 市场数据更新完成
2025-06-04 11:02:00 | INFO     | src.data.market_data:_get_option_chain_sdk:162 | ✅ SDK获取期权快照: 9118个快照，用时9.47秒
2025-06-04 11:02:00 | INFO     | src.data.market_data:_get_option_chain_sdk:258 | 成功解析期权链: 4559个看涨期权, 4559个看跌期权
2025-06-04 11:02:00 | DEBUG    | src.bot.trading_bot:_update_positions:184 | 头寸更新完成
2025-06-04 11:02:02 | INFO     | src.trading.executor:update_account_info:125 | 账户更新: 总值$10110.98, 买入力$3239.92
2025-06-04 11:02:02 | DEBUG    | src.bot.trading_bot:_update_market_data:134 | 市场数据更新完成
2025-06-04 11:02:22 | INFO     | src.trading.executor:update_account_info:125 | 账户更新: 总值$10110.98, 买入力$3239.92
2025-06-04 11:02:22 | DEBUG    | src.bot.trading_bot:_update_market_data:134 | 市场数据更新完成
2025-06-04 11:02:32 | INFO     | src.trading.executor:update_account_info:125 | 账户更新: 总值$10110.98, 买入力$3239.92
2025-06-04 11:02:32 | DEBUG    | src.bot.trading_bot:_update_market_data:134 | 市场数据更新完成
2025-06-04 11:02:51 | INFO     | src.data.market_data:_get_option_chain_sdk:148 | 开始获取SPY期权链数据 (使用Alpaca SDK)
2025-06-04 11:03:01 | INFO     | src.data.market_data:_get_option_chain_sdk:162 | ✅ SDK获取期权快照: 9118个快照，用时9.67秒
2025-06-04 11:03:01 | INFO     | src.data.market_data:_get_option_chain_sdk:258 | 成功解析期权链: 4559个看涨期权, 4559个看跌期权
2025-06-04 11:03:01 | DEBUG    | src.bot.trading_bot:_update_positions:184 | 头寸更新完成
2025-06-04 11:03:01 | INFO     | src.data.market_data:_get_option_chain_sdk:148 | 开始获取SPY期权链数据 (使用Alpaca SDK)
2025-06-04 11:03:02 | INFO     | src.trading.executor:update_account_info:125 | 账户更新: 总值$10108.98, 买入力$3239.92
2025-06-04 11:03:02 | DEBUG    | src.bot.trading_bot:_update_market_data:134 | 市场数据更新完成
2025-06-04 11:03:11 | INFO     | src.data.market_data:_get_option_chain_sdk:162 | ✅ SDK获取期权快照: 9118个快照，用时9.24秒
2025-06-04 11:03:11 | INFO     | src.data.market_data:_get_option_chain_sdk:258 | 成功解析期权链: 4559个看涨期权, 4559个看跌期权
2025-06-04 11:03:11 | DEBUG    | src.bot.trading_bot:_update_positions:184 | 头寸更新完成
2025-06-04 11:03:12 | INFO     | src.trading.executor:update_account_info:125 | 账户更新: 总值$10108.98, 买入力$3239.92
2025-06-04 11:03:12 | DEBUG    | src.bot.trading_bot:_update_market_data:134 | 市场数据更新完成
2025-06-04 11:03:33 | INFO     | src.trading.executor:update_account_info:125 | 账户更新: 总值$10108.98, 买入力$3239.92
2025-06-04 11:03:33 | DEBUG    | src.bot.trading_bot:_update_market_data:134 | 市场数据更新完成
2025-06-04 11:03:42 | INFO     | src.trading.executor:update_account_info:125 | 账户更新: 总值$10108.98, 买入力$3239.92
2025-06-04 11:03:42 | DEBUG    | src.bot.trading_bot:_update_market_data:134 | 市场数据更新完成
2025-06-04 11:04:02 | INFO     | src.data.market_data:_get_option_chain_sdk:148 | 开始获取SPY期权链数据 (使用Alpaca SDK)
2025-06-04 11:04:12 | INFO     | src.data.market_data:_get_option_chain_sdk:162 | ✅ SDK获取期权快照: 9118个快照，用时9.66秒
2025-06-04 11:04:12 | INFO     | src.data.market_data:_get_option_chain_sdk:148 | 开始获取SPY期权链数据 (使用Alpaca SDK)
2025-06-04 11:04:12 | INFO     | src.data.market_data:_get_option_chain_sdk:258 | 成功解析期权链: 4559个看涨期权, 4559个看跌期权
2025-06-04 11:04:12 | DEBUG    | src.bot.trading_bot:_update_positions:184 | 头寸更新完成
2025-06-04 11:04:13 | INFO     | src.trading.executor:update_account_info:125 | 账户更新: 总值$10108.98, 买入力$3239.92
2025-06-04 11:04:13 | DEBUG    | src.bot.trading_bot:_update_market_data:134 | 市场数据更新完成
2025-06-04 11:04:21 | INFO     | src.data.market_data:_get_option_chain_sdk:162 | ✅ SDK获取期权快照: 9118个快照，用时9.34秒
2025-06-04 11:04:21 | INFO     | src.data.market_data:_get_option_chain_sdk:258 | 成功解析期权链: 4559个看涨期权, 4559个看跌期权
2025-06-04 11:04:21 | DEBUG    | src.bot.trading_bot:_update_positions:184 | 头寸更新完成
2025-06-04 11:04:23 | INFO     | src.trading.executor:update_account_info:125 | 账户更新: 总值$10108.98, 买入力$3239.92
2025-06-04 11:04:23 | DEBUG    | src.bot.trading_bot:_update_market_data:134 | 市场数据更新完成
2025-06-04 11:04:43 | INFO     | src.trading.executor:update_account_info:125 | 账户更新: 总值$10108.98, 买入力$3239.92
2025-06-04 11:04:43 | DEBUG    | src.bot.trading_bot:_update_market_data:134 | 市场数据更新完成
2025-06-04 11:04:53 | INFO     | src.trading.executor:update_account_info:125 | 账户更新: 总值$10108.98, 买入力$3239.92
2025-06-04 11:04:53 | DEBUG    | src.bot.trading_bot:_update_market_data:134 | 市场数据更新完成
2025-06-04 11:05:13 | INFO     | src.data.market_data:_get_option_chain_sdk:148 | 开始获取SPY期权链数据 (使用Alpaca SDK)
2025-06-04 11:05:22 | INFO     | src.data.market_data:_get_option_chain_sdk:148 | 开始获取SPY期权链数据 (使用Alpaca SDK)
2025-06-04 11:05:25 | INFO     | src.data.market_data:_get_option_chain_sdk:162 | ✅ SDK获取期权快照: 9118个快照，用时12.22秒
2025-06-04 11:05:25 | INFO     | src.data.market_data:_get_option_chain_sdk:258 | 成功解析期权链: 4559个看涨期权, 4559个看跌期权
2025-06-04 11:05:25 | DEBUG    | src.bot.trading_bot:_update_positions:184 | 头寸更新完成
2025-06-04 11:05:27 | INFO     | src.trading.executor:update_account_info:125 | 账户更新: 总值$10114.98, 买入力$3239.92
2025-06-04 11:05:27 | DEBUG    | src.bot.trading_bot:_update_market_data:134 | 市场数据更新完成
2025-06-04 11:05:34 | INFO     | src.data.market_data:_get_option_chain_sdk:162 | ✅ SDK获取期权快照: 9118个快照，用时11.64秒
2025-06-04 11:05:34 | INFO     | src.data.market_data:_get_option_chain_sdk:258 | 成功解析期权链: 4559个看涨期权, 4559个看跌期权
2025-06-04 11:05:34 | DEBUG    | src.bot.trading_bot:_update_positions:184 | 头寸更新完成
2025-06-04 11:05:35 | INFO     | src.trading.executor:update_account_info:125 | 账户更新: 总值$10112.98, 买入力$3239.92
2025-06-04 11:05:35 | DEBUG    | src.bot.trading_bot:_update_market_data:134 | 市场数据更新完成
2025-06-04 11:05:57 | INFO     | src.trading.executor:update_account_info:125 | 账户更新: 总值$10114.98, 买入力$3239.92
2025-06-04 11:05:57 | DEBUG    | src.bot.trading_bot:_update_market_data:134 | 市场数据更新完成
2025-06-04 11:06:04 | INFO     | src.utils.notifications:send_message:63 | [GENERAL] 📊 每小时报告
时间: 11:06
当前头寸: 1
当日交易: 0
当日盈亏: $73.00
账户总值: $10,112.98
2025-06-04 11:06:06 | INFO     | src.trading.executor:update_account_info:125 | 账户更新: 总值$10114.98, 买入力$3239.92
2025-06-04 11:06:06 | DEBUG    | src.bot.trading_bot:_update_market_data:134 | 市场数据更新完成
2025-06-04 11:06:25 | INFO     | src.data.market_data:_get_option_chain_sdk:148 | 开始获取SPY期权链数据 (使用Alpaca SDK)
2025-06-04 11:06:35 | INFO     | src.data.market_data:_get_option_chain_sdk:148 | 开始获取SPY期权链数据 (使用Alpaca SDK)
2025-06-04 11:06:35 | INFO     | src.data.market_data:_get_option_chain_sdk:162 | ✅ SDK获取期权快照: 9118个快照，用时9.98秒
2025-06-04 11:06:36 | INFO     | src.data.market_data:_get_option_chain_sdk:258 | 成功解析期权链: 4559个看涨期权, 4559个看跌期权
2025-06-04 11:06:36 | DEBUG    | src.bot.trading_bot:_update_positions:184 | 头寸更新完成
2025-06-04 11:06:37 | INFO     | src.trading.executor:update_account_info:125 | 账户更新: 总值$10114.98, 买入力$3239.92
2025-06-04 11:06:37 | DEBUG    | src.bot.trading_bot:_update_market_data:134 | 市场数据更新完成
2025-06-04 11:06:44 | INFO     | src.data.market_data:_get_option_chain_sdk:162 | ✅ SDK获取期权快照: 9118个快照，用时9.38秒
2025-06-04 11:06:44 | INFO     | src.data.market_data:_get_option_chain_sdk:258 | 成功解析期权链: 4559个看涨期权, 4559个看跌期权
2025-06-04 11:06:44 | DEBUG    | src.bot.trading_bot:_update_positions:184 | 头寸更新完成
2025-06-04 11:06:46 | INFO     | src.trading.executor:update_account_info:125 | 账户更新: 总值$10114.98, 买入力$3239.92
2025-06-04 11:06:46 | DEBUG    | src.bot.trading_bot:_update_market_data:134 | 市场数据更新完成
2025-06-04 11:07:07 | INFO     | src.trading.executor:update_account_info:125 | 账户更新: 总值$10114.98, 买入力$3239.92
2025-06-04 11:07:07 | DEBUG    | src.bot.trading_bot:_update_market_data:134 | 市场数据更新完成
2025-06-04 11:07:17 | INFO     | src.trading.executor:update_account_info:125 | 账户更新: 总值$10114.98, 买入力$3239.92
2025-06-04 11:07:17 | DEBUG    | src.bot.trading_bot:_update_market_data:134 | 市场数据更新完成
2025-06-04 11:07:36 | INFO     | src.data.market_data:_get_option_chain_sdk:148 | 开始获取SPY期权链数据 (使用Alpaca SDK)
2025-06-04 11:07:45 | INFO     | src.data.market_data:_get_option_chain_sdk:148 | 开始获取SPY期权链数据 (使用Alpaca SDK)
2025-06-04 11:07:46 | INFO     | src.data.market_data:_get_option_chain_sdk:162 | ✅ SDK获取期权快照: 9118个快照，用时9.43秒
2025-06-04 11:07:46 | INFO     | src.data.market_data:_get_option_chain_sdk:258 | 成功解析期权链: 4559个看涨期权, 4559个看跌期权
2025-06-04 11:07:46 | DEBUG    | src.bot.trading_bot:_update_positions:184 | 头寸更新完成
2025-06-04 11:07:47 | INFO     | src.trading.executor:update_account_info:125 | 账户更新: 总值$10116.98, 买入力$3239.92
2025-06-04 11:07:47 | DEBUG    | src.bot.trading_bot:_update_market_data:134 | 市场数据更新完成
2025-06-04 11:07:54 | INFO     | src.data.market_data:_get_option_chain_sdk:162 | ✅ SDK获取期权快照: 9118个快照，用时9.18秒
2025-06-04 11:07:54 | INFO     | src.data.market_data:_get_option_chain_sdk:258 | 成功解析期权链: 4559个看涨期权, 4559个看跌期权
2025-06-04 11:07:54 | DEBUG    | src.bot.trading_bot:_update_positions:184 | 头寸更新完成
2025-06-04 11:07:55 | INFO     | src.trading.executor:update_account_info:125 | 账户更新: 总值$10112.98, 买入力$3239.92
2025-06-04 11:07:55 | DEBUG    | src.bot.trading_bot:_update_market_data:134 | 市场数据更新完成
2025-06-04 11:08:18 | INFO     | src.trading.executor:update_account_info:125 | 账户更新: 总值$10109.98, 买入力$3239.92
2025-06-04 11:08:18 | DEBUG    | src.bot.trading_bot:_update_market_data:134 | 市场数据更新完成
2025-06-04 11:08:26 | INFO     | src.trading.executor:update_account_info:125 | 账户更新: 总值$10102.98, 买入力$3239.92
2025-06-04 11:08:26 | DEBUG    | src.bot.trading_bot:_update_market_data:134 | 市场数据更新完成
2025-06-04 11:08:47 | INFO     | src.data.market_data:_get_option_chain_sdk:148 | 开始获取SPY期权链数据 (使用Alpaca SDK)
2025-06-04 11:08:55 | INFO     | src.data.market_data:_get_option_chain_sdk:148 | 开始获取SPY期权链数据 (使用Alpaca SDK)
2025-06-04 11:08:57 | INFO     | src.data.market_data:_get_option_chain_sdk:162 | ✅ SDK获取期权快照: 9118个快照，用时9.86秒
2025-06-04 11:08:57 | INFO     | src.data.market_data:_get_option_chain_sdk:258 | 成功解析期权链: 4559个看涨期权, 4559个看跌期权
2025-06-04 11:08:57 | DEBUG    | src.bot.trading_bot:_update_positions:184 | 头寸更新完成
2025-06-04 11:08:58 | INFO     | src.trading.executor:update_account_info:125 | 账户更新: 总值$10095.98, 买入力$3239.92
2025-06-04 11:08:58 | DEBUG    | src.bot.trading_bot:_update_market_data:134 | 市场数据更新完成
2025-06-04 11:09:04 | INFO     | src.data.market_data:_get_option_chain_sdk:162 | ✅ SDK获取期权快照: 9118个快照，用时9.35秒
2025-06-04 11:09:05 | INFO     | src.data.market_data:_get_option_chain_sdk:258 | 成功解析期权链: 4559个看涨期权, 4559个看跌期权
2025-06-04 11:09:05 | DEBUG    | src.bot.trading_bot:_update_positions:184 | 头寸更新完成
2025-06-04 11:09:06 | INFO     | src.trading.executor:update_account_info:125 | 账户更新: 总值$10095.98, 买入力$3239.92
2025-06-04 11:09:06 | DEBUG    | src.bot.trading_bot:_update_market_data:134 | 市场数据更新完成
2025-06-04 11:09:13 | INFO     | src.utils.notifications:send_message:63 | [GENERAL] 📊 每小时报告
时间: 11:09
当前头寸: 1
当日交易: 0
当日盈亏: $84.00
账户总值: $10,095.98
2025-06-04 11:09:29 | INFO     | src.trading.executor:update_account_info:125 | 账户更新: 总值$10087.98, 买入力$3239.92
2025-06-04 11:09:29 | DEBUG    | src.bot.trading_bot:_update_market_data:134 | 市场数据更新完成
2025-06-04 11:09:36 | INFO     | src.trading.executor:update_account_info:125 | 账户更新: 总值$10087.98, 买入力$3239.92
2025-06-04 11:09:36 | DEBUG    | src.bot.trading_bot:_update_market_data:134 | 市场数据更新完成
2025-06-04 11:09:58 | INFO     | src.data.market_data:_get_option_chain_sdk:148 | 开始获取SPY期权链数据 (使用Alpaca SDK)
2025-06-04 11:10:06 | INFO     | src.data.market_data:_get_option_chain_sdk:148 | 开始获取SPY期权链数据 (使用Alpaca SDK)
2025-06-04 11:10:08 | INFO     | src.data.market_data:_get_option_chain_sdk:162 | ✅ SDK获取期权快照: 9118个快照，用时9.67秒
2025-06-04 11:10:08 | INFO     | src.data.market_data:_get_option_chain_sdk:258 | 成功解析期权链: 4559个看涨期权, 4559个看跌期权
2025-06-04 11:10:08 | DEBUG    | src.bot.trading_bot:_update_positions:184 | 头寸更新完成
2025-06-04 11:10:09 | INFO     | src.trading.executor:update_account_info:125 | 账户更新: 总值$10087.98, 买入力$3239.92
2025-06-04 11:10:09 | DEBUG    | src.bot.trading_bot:_update_market_data:134 | 市场数据更新完成
2025-06-04 11:10:15 | INFO     | src.data.market_data:_get_option_chain_sdk:162 | ✅ SDK获取期权快照: 9118个快照，用时9.90秒
2025-06-04 11:10:16 | INFO     | src.data.market_data:_get_option_chain_sdk:258 | 成功解析期权链: 4559个看涨期权, 4559个看跌期权
2025-06-04 11:10:16 | DEBUG    | src.bot.trading_bot:_update_positions:184 | 头寸更新完成
2025-06-04 11:10:17 | INFO     | src.trading.executor:update_account_info:125 | 账户更新: 总值$10087.98, 买入力$3239.92
2025-06-04 11:10:17 | DEBUG    | src.bot.trading_bot:_update_market_data:134 | 市场数据更新完成
2025-06-04 11:10:40 | INFO     | src.trading.executor:update_account_info:125 | 账户更新: 总值$10087.98, 买入力$3239.92
2025-06-04 11:10:40 | DEBUG    | src.bot.trading_bot:_update_market_data:134 | 市场数据更新完成
2025-06-04 11:10:47 | INFO     | src.trading.executor:update_account_info:125 | 账户更新: 总值$10087.98, 买入力$3239.92
2025-06-04 11:10:47 | DEBUG    | src.bot.trading_bot:_update_market_data:134 | 市场数据更新完成
2025-06-04 11:11:08 | INFO     | src.data.market_data:_get_option_chain_sdk:148 | 开始获取SPY期权链数据 (使用Alpaca SDK)
2025-06-04 11:11:17 | INFO     | src.data.market_data:_get_option_chain_sdk:148 | 开始获取SPY期权链数据 (使用Alpaca SDK)
2025-06-04 11:11:18 | INFO     | src.data.market_data:_get_option_chain_sdk:162 | ✅ SDK获取期权快照: 9118个快照，用时9.72秒
2025-06-04 11:11:18 | INFO     | src.data.market_data:_get_option_chain_sdk:258 | 成功解析期权链: 4559个看涨期权, 4559个看跌期权
2025-06-04 11:11:18 | DEBUG    | src.bot.trading_bot:_update_positions:184 | 头寸更新完成
2025-06-04 11:11:19 | INFO     | src.trading.executor:update_account_info:125 | 账户更新: 总值$10077.98, 买入力$3239.92
2025-06-04 11:11:19 | DEBUG    | src.bot.trading_bot:_update_market_data:134 | 市场数据更新完成
2025-06-04 11:11:26 | INFO     | src.data.market_data:_get_option_chain_sdk:162 | ✅ SDK获取期权快照: 9118个快照，用时9.30秒
2025-06-04 11:11:26 | INFO     | src.data.market_data:_get_option_chain_sdk:258 | 成功解析期权链: 4559个看涨期权, 4559个看跌期权
2025-06-04 11:11:26 | DEBUG    | src.bot.trading_bot:_update_positions:184 | 头寸更新完成
2025-06-04 11:11:27 | INFO     | src.trading.executor:update_account_info:125 | 账户更新: 总值$10077.98, 买入力$3239.92
2025-06-04 11:11:27 | DEBUG    | src.bot.trading_bot:_update_market_data:134 | 市场数据更新完成
2025-06-04 11:11:50 | INFO     | src.trading.executor:update_account_info:125 | 账户更新: 总值$10077.98, 买入力$3239.92
2025-06-04 11:11:50 | DEBUG    | src.bot.trading_bot:_update_market_data:134 | 市场数据更新完成
2025-06-04 11:11:58 | INFO     | src.trading.executor:update_account_info:125 | 账户更新: 总值$10077.98, 买入力$3239.92
2025-06-04 11:11:58 | DEBUG    | src.bot.trading_bot:_update_market_data:134 | 市场数据更新完成
2025-06-04 11:12:19 | INFO     | src.data.market_data:_get_option_chain_sdk:148 | 开始获取SPY期权链数据 (使用Alpaca SDK)
2025-06-04 11:12:27 | INFO     | src.data.market_data:_get_option_chain_sdk:148 | 开始获取SPY期权链数据 (使用Alpaca SDK)
2025-06-04 11:12:29 | INFO     | src.data.market_data:_get_option_chain_sdk:162 | ✅ SDK获取期权快照: 9118个快照，用时9.77秒
2025-06-04 11:12:29 | INFO     | src.data.market_data:_get_option_chain_sdk:258 | 成功解析期权链: 4559个看涨期权, 4559个看跌期权
2025-06-04 11:12:29 | DEBUG    | src.bot.trading_bot:_update_positions:184 | 头寸更新完成
2025-06-04 11:12:30 | INFO     | src.trading.executor:update_account_info:125 | 账户更新: 总值$10077.98, 买入力$3239.92
2025-06-04 11:12:30 | DEBUG    | src.bot.trading_bot:_update_market_data:134 | 市场数据更新完成
2025-06-04 11:12:36 | INFO     | src.data.market_data:_get_option_chain_sdk:162 | ✅ SDK获取期权快照: 9118个快照，用时9.46秒
2025-06-04 11:12:36 | INFO     | src.data.market_data:_get_option_chain_sdk:258 | 成功解析期权链: 4559个看涨期权, 4559个看跌期权
2025-06-04 11:12:36 | DEBUG    | src.bot.trading_bot:_update_positions:184 | 头寸更新完成
2025-06-04 11:12:38 | INFO     | src.trading.executor:update_account_info:125 | 账户更新: 总值$10077.98, 买入力$3239.92
2025-06-04 11:12:38 | DEBUG    | src.bot.trading_bot:_update_market_data:134 | 市场数据更新完成
2025-06-04 11:13:01 | INFO     | src.trading.executor:update_account_info:125 | 账户更新: 总值$10077.98, 买入力$3239.92
2025-06-04 11:13:01 | DEBUG    | src.bot.trading_bot:_update_market_data:134 | 市场数据更新完成
2025-06-04 11:13:08 | INFO     | src.trading.executor:update_account_info:125 | 账户更新: 总值$10077.98, 买入力$3239.92
2025-06-04 11:13:08 | DEBUG    | src.bot.trading_bot:_update_market_data:134 | 市场数据更新完成
2025-06-04 11:13:30 | INFO     | src.data.market_data:_get_option_chain_sdk:148 | 开始获取SPY期权链数据 (使用Alpaca SDK)
2025-06-04 11:13:37 | INFO     | src.data.market_data:_get_option_chain_sdk:148 | 开始获取SPY期权链数据 (使用Alpaca SDK)
2025-06-04 11:13:40 | INFO     | src.data.market_data:_get_option_chain_sdk:162 | ✅ SDK获取期权快照: 9118个快照，用时10.00秒
2025-06-04 11:13:40 | INFO     | src.data.market_data:_get_option_chain_sdk:258 | 成功解析期权链: 4559个看涨期权, 4559个看跌期权
2025-06-04 11:13:40 | DEBUG    | src.bot.trading_bot:_update_positions:184 | 头寸更新完成
2025-06-04 11:13:41 | INFO     | src.trading.executor:update_account_info:125 | 账户更新: 总值$10077.98, 买入力$3239.92
2025-06-04 11:13:41 | DEBUG    | src.bot.trading_bot:_update_market_data:134 | 市场数据更新完成
2025-06-04 11:13:47 | INFO     | src.data.market_data:_get_option_chain_sdk:162 | ✅ SDK获取期权快照: 9118个快照，用时9.32秒
2025-06-04 11:13:47 | INFO     | src.data.market_data:_get_option_chain_sdk:258 | 成功解析期权链: 4559个看涨期权, 4559个看跌期权
2025-06-04 11:13:47 | DEBUG    | src.bot.trading_bot:_update_positions:184 | 头寸更新完成
2025-06-04 11:13:48 | INFO     | src.trading.executor:update_account_info:125 | 账户更新: 总值$10077.98, 买入力$3239.92
2025-06-04 11:13:48 | DEBUG    | src.bot.trading_bot:_update_market_data:134 | 市场数据更新完成
2025-06-04 11:14:12 | INFO     | src.trading.executor:update_account_info:125 | 账户更新: 总值$10077.98, 买入力$3239.92
2025-06-04 11:14:12 | DEBUG    | src.bot.trading_bot:_update_market_data:134 | 市场数据更新完成
2025-06-04 11:14:19 | INFO     | src.trading.executor:update_account_info:125 | 账户更新: 总值$10077.98, 买入力$3239.92
2025-06-04 11:14:19 | DEBUG    | src.bot.trading_bot:_update_market_data:134 | 市场数据更新完成
2025-06-04 11:14:41 | INFO     | src.data.market_data:_get_option_chain_sdk:148 | 开始获取SPY期权链数据 (使用Alpaca SDK)
2025-06-04 11:14:48 | INFO     | src.data.market_data:_get_option_chain_sdk:148 | 开始获取SPY期权链数据 (使用Alpaca SDK)
2025-06-04 11:14:51 | INFO     | src.data.market_data:_get_option_chain_sdk:162 | ✅ SDK获取期权快照: 9118个快照，用时9.58秒
2025-06-04 11:14:51 | INFO     | src.data.market_data:_get_option_chain_sdk:258 | 成功解析期权链: 4559个看涨期权, 4559个看跌期权
2025-06-04 11:14:51 | DEBUG    | src.bot.trading_bot:_update_positions:184 | 头寸更新完成
2025-06-04 11:14:52 | INFO     | src.trading.executor:update_account_info:125 | 账户更新: 总值$10077.98, 买入力$3239.92
2025-06-04 11:14:52 | DEBUG    | src.bot.trading_bot:_update_market_data:134 | 市场数据更新完成
2025-06-04 11:14:57 | INFO     | src.data.market_data:_get_option_chain_sdk:162 | ✅ SDK获取期权快照: 9118个快照，用时9.25秒
2025-06-04 11:14:57 | INFO     | src.data.market_data:_get_option_chain_sdk:258 | 成功解析期权链: 4559个看涨期权, 4559个看跌期权
2025-06-04 11:14:57 | DEBUG    | src.bot.trading_bot:_update_positions:184 | 头寸更新完成
2025-06-04 11:14:59 | INFO     | src.trading.executor:update_account_info:125 | 账户更新: 总值$10077.98, 买入力$3239.92
2025-06-04 11:14:59 | DEBUG    | src.bot.trading_bot:_update_market_data:134 | 市场数据更新完成
2025-06-04 11:15:22 | INFO     | src.trading.executor:update_account_info:125 | 账户更新: 总值$10077.98, 买入力$3239.92
2025-06-04 11:15:22 | DEBUG    | src.bot.trading_bot:_update_market_data:134 | 市场数据更新完成
2025-06-04 11:15:29 | INFO     | src.trading.executor:update_account_info:125 | 账户更新: 总值$10077.98, 买入力$3239.92
2025-06-04 11:15:29 | DEBUG    | src.bot.trading_bot:_update_market_data:134 | 市场数据更新完成
2025-06-04 11:15:52 | INFO     | src.data.market_data:_get_option_chain_sdk:148 | 开始获取SPY期权链数据 (使用Alpaca SDK)
2025-06-04 11:15:58 | INFO     | src.data.market_data:_get_option_chain_sdk:148 | 开始获取SPY期权链数据 (使用Alpaca SDK)
2025-06-04 11:16:03 | INFO     | src.data.market_data:_get_option_chain_sdk:162 | ✅ SDK获取期权快照: 9118个快照，用时10.96秒
2025-06-04 11:16:03 | INFO     | src.data.market_data:_get_option_chain_sdk:258 | 成功解析期权链: 4559个看涨期权, 4559个看跌期权
2025-06-04 11:16:03 | DEBUG    | src.bot.trading_bot:_update_positions:184 | 头寸更新完成
2025-06-04 11:16:04 | INFO     | src.trading.executor:update_account_info:125 | 账户更新: 总值$10077.98, 买入力$3239.92
2025-06-04 11:16:04 | DEBUG    | src.bot.trading_bot:_update_market_data:134 | 市场数据更新完成
2025-06-04 11:16:08 | INFO     | src.data.market_data:_get_option_chain_sdk:162 | ✅ SDK获取期权快照: 9118个快照，用时9.80秒
2025-06-04 11:16:08 | INFO     | src.data.market_data:_get_option_chain_sdk:258 | 成功解析期权链: 4559个看涨期权, 4559个看跌期权
2025-06-04 11:16:08 | DEBUG    | src.bot.trading_bot:_update_positions:184 | 头寸更新完成
2025-06-04 11:16:09 | INFO     | src.trading.executor:update_account_info:125 | 账户更新: 总值$10077.98, 买入力$3239.92
2025-06-04 11:16:09 | DEBUG    | src.bot.trading_bot:_update_market_data:134 | 市场数据更新完成
2025-06-04 11:16:34 | INFO     | src.trading.executor:update_account_info:125 | 账户更新: 总值$10077.98, 买入力$3239.92
2025-06-04 11:16:34 | DEBUG    | src.bot.trading_bot:_update_market_data:134 | 市场数据更新完成
2025-06-04 11:16:40 | INFO     | src.trading.executor:update_account_info:125 | 账户更新: 总值$10077.98, 买入力$3239.92
2025-06-04 11:16:40 | DEBUG    | src.bot.trading_bot:_update_market_data:134 | 市场数据更新完成
2025-06-04 11:17:04 | INFO     | src.data.market_data:_get_option_chain_sdk:148 | 开始获取SPY期权链数据 (使用Alpaca SDK)
2025-06-04 11:17:08 | INFO     | src.data.market_data:_get_option_chain_sdk:148 | 开始获取SPY期权链数据 (使用Alpaca SDK)
2025-06-04 11:17:14 | INFO     | src.data.market_data:_get_option_chain_sdk:162 | ✅ SDK获取期权快照: 9118个快照，用时10.09秒
2025-06-04 11:17:14 | INFO     | src.data.market_data:_get_option_chain_sdk:258 | 成功解析期权链: 4559个看涨期权, 4559个看跌期权
2025-06-04 11:17:14 | DEBUG    | src.bot.trading_bot:_update_positions:184 | 头寸更新完成
2025-06-04 11:17:15 | INFO     | src.trading.executor:update_account_info:125 | 账户更新: 总值$10064.98, 买入力$3239.92
2025-06-04 11:17:15 | DEBUG    | src.bot.trading_bot:_update_market_data:134 | 市场数据更新完成
2025-06-04 11:17:18 | INFO     | src.data.market_data:_get_option_chain_sdk:162 | ✅ SDK获取期权快照: 9118个快照，用时9.91秒
2025-06-04 11:17:18 | INFO     | src.data.market_data:_get_option_chain_sdk:258 | 成功解析期权链: 4559个看涨期权, 4559个看跌期权
2025-06-04 11:17:18 | DEBUG    | src.bot.trading_bot:_update_positions:184 | 头寸更新完成
2025-06-04 11:17:20 | INFO     | src.trading.executor:update_account_info:125 | 账户更新: 总值$10064.98, 买入力$3239.92
2025-06-04 11:17:20 | DEBUG    | src.bot.trading_bot:_update_market_data:134 | 市场数据更新完成
2025-06-04 11:17:46 | INFO     | src.trading.executor:update_account_info:125 | 账户更新: 总值$10094.98, 买入力$3239.92
2025-06-04 11:17:46 | DEBUG    | src.bot.trading_bot:_update_market_data:134 | 市场数据更新完成
2025-06-04 11:17:50 | INFO     | src.trading.executor:update_account_info:125 | 账户更新: 总值$10092.98, 买入力$3239.92
2025-06-04 11:17:50 | DEBUG    | src.bot.trading_bot:_update_market_data:134 | 市场数据更新完成
2025-06-04 11:18:15 | INFO     | src.data.market_data:_get_option_chain_sdk:148 | 开始获取SPY期权链数据 (使用Alpaca SDK)
2025-06-04 11:18:19 | INFO     | src.data.market_data:_get_option_chain_sdk:148 | 开始获取SPY期权链数据 (使用Alpaca SDK)
2025-06-04 11:18:25 | INFO     | src.data.market_data:_get_option_chain_sdk:162 | ✅ SDK获取期权快照: 9118个快照，用时9.71秒
2025-06-04 11:18:25 | INFO     | src.data.market_data:_get_option_chain_sdk:258 | 成功解析期权链: 4559个看涨期权, 4559个看跌期权
2025-06-04 11:18:25 | DEBUG    | src.bot.trading_bot:_update_positions:184 | 头寸更新完成
2025-06-04 11:18:26 | INFO     | src.trading.executor:update_account_info:125 | 账户更新: 总值$10088.98, 买入力$3239.92
2025-06-04 11:18:26 | DEBUG    | src.bot.trading_bot:_update_market_data:134 | 市场数据更新完成
2025-06-04 11:18:29 | INFO     | src.data.market_data:_get_option_chain_sdk:162 | ✅ SDK获取期权快照: 9118个快照，用时9.33秒
2025-06-04 11:18:29 | INFO     | src.data.market_data:_get_option_chain_sdk:258 | 成功解析期权链: 4559个看涨期权, 4559个看跌期权
2025-06-04 11:18:29 | DEBUG    | src.bot.trading_bot:_update_positions:184 | 头寸更新完成
2025-06-04 11:18:30 | INFO     | src.trading.executor:update_account_info:125 | 账户更新: 总值$10090.98, 买入力$3239.92
2025-06-04 11:18:30 | DEBUG    | src.bot.trading_bot:_update_market_data:134 | 市场数据更新完成
2025-06-04 11:18:56 | INFO     | src.trading.executor:update_account_info:125 | 账户更新: 总值$10089.98, 买入力$3239.92
2025-06-04 11:18:56 | DEBUG    | src.bot.trading_bot:_update_market_data:134 | 市场数据更新完成
2025-06-04 11:19:00 | INFO     | src.trading.executor:update_account_info:125 | 账户更新: 总值$10089.98, 买入力$3239.92
2025-06-04 11:19:00 | DEBUG    | src.bot.trading_bot:_update_market_data:134 | 市场数据更新完成
2025-06-04 11:19:26 | INFO     | src.data.market_data:_get_option_chain_sdk:148 | 开始获取SPY期权链数据 (使用Alpaca SDK)
2025-06-04 11:19:30 | INFO     | src.data.market_data:_get_option_chain_sdk:148 | 开始获取SPY期权链数据 (使用Alpaca SDK)
2025-06-04 11:19:35 | INFO     | src.data.market_data:_get_option_chain_sdk:162 | ✅ SDK获取期权快照: 9118个快照，用时9.40秒
2025-06-04 11:19:35 | INFO     | src.data.market_data:_get_option_chain_sdk:258 | 成功解析期权链: 4559个看涨期权, 4559个看跌期权
2025-06-04 11:19:35 | DEBUG    | src.bot.trading_bot:_update_positions:184 | 头寸更新完成
2025-06-04 11:19:36 | INFO     | src.trading.executor:update_account_info:125 | 账户更新: 总值$10089.98, 买入力$3239.92
2025-06-04 11:19:36 | DEBUG    | src.bot.trading_bot:_update_market_data:134 | 市场数据更新完成
2025-06-04 11:19:39 | INFO     | src.data.market_data:_get_option_chain_sdk:162 | ✅ SDK获取期权快照: 9118个快照，用时9.41秒
2025-06-04 11:19:39 | INFO     | src.data.market_data:_get_option_chain_sdk:258 | 成功解析期权链: 4559个看涨期权, 4559个看跌期权
2025-06-04 11:19:39 | DEBUG    | src.bot.trading_bot:_update_positions:184 | 头寸更新完成
2025-06-04 11:19:41 | INFO     | src.trading.executor:update_account_info:125 | 账户更新: 总值$10090.98, 买入力$3239.92
2025-06-04 11:19:41 | DEBUG    | src.bot.trading_bot:_update_market_data:134 | 市场数据更新完成
2025-06-04 11:20:07 | INFO     | src.trading.executor:update_account_info:125 | 账户更新: 总值$10092.98, 买入力$3239.92
2025-06-04 11:20:07 | DEBUG    | src.bot.trading_bot:_update_market_data:134 | 市场数据更新完成
2025-06-04 11:20:11 | INFO     | src.trading.executor:update_account_info:125 | 账户更新: 总值$10092.98, 买入力$3239.92
2025-06-04 11:20:11 | DEBUG    | src.bot.trading_bot:_update_market_data:134 | 市场数据更新完成
2025-06-04 11:20:36 | INFO     | src.data.market_data:_get_option_chain_sdk:148 | 开始获取SPY期权链数据 (使用Alpaca SDK)
2025-06-04 11:20:40 | INFO     | src.data.market_data:_get_option_chain_sdk:148 | 开始获取SPY期权链数据 (使用Alpaca SDK)
2025-06-04 11:20:46 | INFO     | src.data.market_data:_get_option_chain_sdk:162 | ✅ SDK获取期权快照: 9118个快照，用时9.70秒
2025-06-04 11:20:46 | INFO     | src.data.market_data:_get_option_chain_sdk:258 | 成功解析期权链: 4559个看涨期权, 4559个看跌期权
2025-06-04 11:20:46 | DEBUG    | src.bot.trading_bot:_update_positions:184 | 头寸更新完成
2025-06-04 11:20:47 | INFO     | src.trading.executor:update_account_info:125 | 账户更新: 总值$10092.98, 买入力$3239.92
2025-06-04 11:20:47 | DEBUG    | src.bot.trading_bot:_update_market_data:134 | 市场数据更新完成
2025-06-04 11:20:50 | INFO     | src.data.market_data:_get_option_chain_sdk:162 | ✅ SDK获取期权快照: 9118个快照，用时9.53秒
2025-06-04 11:20:50 | INFO     | src.data.market_data:_get_option_chain_sdk:258 | 成功解析期权链: 4559个看涨期权, 4559个看跌期权
2025-06-04 11:20:50 | DEBUG    | src.bot.trading_bot:_update_positions:184 | 头寸更新完成
2025-06-04 11:20:51 | INFO     | src.trading.executor:update_account_info:125 | 账户更新: 总值$10092.98, 买入力$3239.92
2025-06-04 11:20:51 | DEBUG    | src.bot.trading_bot:_update_market_data:134 | 市场数据更新完成
2025-06-04 11:21:18 | INFO     | src.trading.executor:update_account_info:125 | 账户更新: 总值$10092.98, 买入力$3239.92
2025-06-04 11:21:18 | DEBUG    | src.bot.trading_bot:_update_market_data:134 | 市场数据更新完成
2025-06-04 11:21:22 | INFO     | src.trading.executor:update_account_info:125 | 账户更新: 总值$10092.98, 买入力$3239.92
2025-06-04 11:21:22 | DEBUG    | src.bot.trading_bot:_update_market_data:134 | 市场数据更新完成
2025-06-04 11:21:47 | INFO     | src.data.market_data:_get_option_chain_sdk:148 | 开始获取SPY期权链数据 (使用Alpaca SDK)
2025-06-04 11:21:49 | ERROR    | src.data.market_data:_get_option_chain_sdk:268 | SDK获取期权链失败: <html>
<head><title>502 Bad Gateway</title></head>
<body>
<center><h1>502 Bad Gateway</h1></center>
<hr><center>nginx</center>
</body>
</html>

2025-06-04 11:21:49 | WARNING  | src.trading.executor:_get_option_price:373 | 无法获取期权SPY250604C00569000的实际报价，使用保守估价
2025-06-04 11:21:49 | DEBUG    | src.bot.trading_bot:_update_positions:184 | 头寸更新完成
2025-06-04 11:21:51 | INFO     | src.trading.executor:update_account_info:125 | 账户更新: 总值$10092.98, 买入力$3239.92
2025-06-04 11:21:51 | DEBUG    | src.bot.trading_bot:_update_market_data:134 | 市场数据更新完成
2025-06-04 11:21:51 | INFO     | src.data.market_data:_get_option_chain_sdk:148 | 开始获取SPY期权链数据 (使用Alpaca SDK)
2025-06-04 11:22:05 | INFO     | src.data.market_data:_get_option_chain_sdk:162 | ✅ SDK获取期权快照: 9118个快照，用时14.50秒
2025-06-04 11:22:06 | INFO     | src.data.market_data:_get_option_chain_sdk:258 | 成功解析期权链: 4559个看涨期权, 4559个看跌期权
2025-06-04 11:22:06 | DEBUG    | src.bot.trading_bot:_update_positions:184 | 头寸更新完成
2025-06-04 11:22:07 | INFO     | src.trading.executor:update_account_info:125 | 账户更新: 总值$10103.98, 买入力$3239.92
2025-06-04 11:22:07 | DEBUG    | src.bot.trading_bot:_update_market_data:134 | 市场数据更新完成
2025-06-04 11:22:21 | INFO     | src.trading.executor:update_account_info:125 | 账户更新: 总值$10102.98, 买入力$3239.92
2025-06-04 11:22:21 | DEBUG    | src.bot.trading_bot:_update_market_data:134 | 市场数据更新完成
2025-06-04 11:22:37 | INFO     | src.trading.executor:update_account_info:125 | 账户更新: 总值$10102.98, 买入力$3239.92
2025-06-04 11:22:37 | DEBUG    | src.bot.trading_bot:_update_market_data:134 | 市场数据更新完成
2025-06-04 11:22:50 | INFO     | src.data.market_data:_get_option_chain_sdk:148 | 开始获取SPY期权链数据 (使用Alpaca SDK)
2025-06-04 11:23:03 | INFO     | src.data.market_data:_get_option_chain_sdk:162 | ✅ SDK获取期权快照: 9118个快照，用时12.75秒
2025-06-04 11:23:03 | INFO     | src.data.market_data:_get_option_chain_sdk:258 | 成功解析期权链: 4559个看涨期权, 4559个看跌期权
2025-06-04 11:23:03 | DEBUG    | src.bot.trading_bot:_update_positions:184 | 头寸更新完成
2025-06-04 11:23:05 | INFO     | src.trading.executor:update_account_info:125 | 账户更新: 总值$10077.98, 买入力$3239.92
2025-06-04 11:23:05 | DEBUG    | src.bot.trading_bot:_update_market_data:134 | 市场数据更新完成
2025-06-04 11:23:07 | INFO     | src.data.market_data:_get_option_chain_sdk:148 | 开始获取SPY期权链数据 (使用Alpaca SDK)
2025-06-04 11:23:19 | INFO     | src.data.market_data:_get_option_chain_sdk:162 | ✅ SDK获取期权快照: 9118个快照，用时12.36秒
2025-06-04 11:23:19 | INFO     | src.data.market_data:_get_option_chain_sdk:258 | 成功解析期权链: 4559个看涨期权, 4559个看跌期权
2025-06-04 11:23:19 | DEBUG    | src.bot.trading_bot:_update_positions:184 | 头寸更新完成
2025-06-04 11:23:20 | INFO     | src.trading.executor:update_account_info:125 | 账户更新: 总值$10102.98, 买入力$3239.92
2025-06-04 11:23:20 | DEBUG    | src.bot.trading_bot:_update_market_data:134 | 市场数据更新完成
2025-06-04 11:23:35 | INFO     | src.trading.executor:update_account_info:125 | 账户更新: 总值$10103.98, 买入力$3239.92
2025-06-04 11:23:35 | DEBUG    | src.bot.trading_bot:_update_market_data:134 | 市场数据更新完成
2025-06-04 11:23:51 | INFO     | src.trading.executor:update_account_info:125 | 账户更新: 总值$10102.98, 买入力$3239.92
2025-06-04 11:23:51 | DEBUG    | src.bot.trading_bot:_update_market_data:134 | 市场数据更新完成
2025-06-04 11:24:03 | INFO     | src.data.market_data:_get_option_chain_sdk:148 | 开始获取SPY期权链数据 (使用Alpaca SDK)
2025-06-04 11:24:13 | INFO     | src.data.market_data:_get_option_chain_sdk:162 | ✅ SDK获取期权快照: 9118个快照，用时9.88秒
2025-06-04 11:24:13 | INFO     | src.data.market_data:_get_option_chain_sdk:258 | 成功解析期权链: 4559个看涨期权, 4559个看跌期权
2025-06-04 11:24:13 | DEBUG    | src.bot.trading_bot:_update_positions:184 | 头寸更新完成
2025-06-04 11:24:15 | INFO     | src.trading.executor:update_account_info:125 | 账户更新: 总值$10103.98, 买入力$3239.92
2025-06-04 11:24:15 | DEBUG    | src.bot.trading_bot:_update_market_data:134 | 市场数据更新完成
2025-06-04 11:24:19 | INFO     | src.data.market_data:_get_option_chain_sdk:148 | 开始获取SPY期权链数据 (使用Alpaca SDK)
2025-06-04 11:24:28 | INFO     | src.data.market_data:_get_option_chain_sdk:162 | ✅ SDK获取期权快照: 9118个快照，用时9.17秒
2025-06-04 11:24:28 | INFO     | src.data.market_data:_get_option_chain_sdk:258 | 成功解析期权链: 4559个看涨期权, 4559个看跌期权
2025-06-04 11:24:28 | DEBUG    | src.bot.trading_bot:_update_positions:184 | 头寸更新完成
2025-06-04 11:24:30 | INFO     | src.trading.executor:update_account_info:125 | 账户更新: 总值$10103.98, 买入力$3239.92
2025-06-04 11:24:30 | DEBUG    | src.bot.trading_bot:_update_market_data:134 | 市场数据更新完成
2025-06-04 11:24:45 | INFO     | src.trading.executor:update_account_info:125 | 账户更新: 总值$10103.98, 买入力$3239.92
2025-06-04 11:24:45 | DEBUG    | src.bot.trading_bot:_update_market_data:134 | 市场数据更新完成
2025-06-04 11:25:00 | INFO     | src.trading.executor:update_account_info:125 | 账户更新: 总值$10095.98, 买入力$3239.92
2025-06-04 11:25:00 | DEBUG    | src.bot.trading_bot:_update_market_data:134 | 市场数据更新完成
2025-06-04 11:25:14 | INFO     | src.data.market_data:_get_option_chain_sdk:148 | 开始获取SPY期权链数据 (使用Alpaca SDK)
2025-06-04 11:25:24 | INFO     | src.data.market_data:_get_option_chain_sdk:162 | ✅ SDK获取期权快照: 9118个快照，用时9.74秒
2025-06-04 11:25:24 | INFO     | src.data.market_data:_get_option_chain_sdk:258 | 成功解析期权链: 4559个看涨期权, 4559个看跌期权
2025-06-04 11:25:24 | DEBUG    | src.bot.trading_bot:_update_positions:184 | 头寸更新完成
2025-06-04 11:25:25 | INFO     | src.trading.executor:update_account_info:125 | 账户更新: 总值$10090.98, 买入力$3239.92
2025-06-04 11:25:25 | DEBUG    | src.bot.trading_bot:_update_market_data:134 | 市场数据更新完成
2025-06-04 11:25:29 | INFO     | src.data.market_data:_get_option_chain_sdk:148 | 开始获取SPY期权链数据 (使用Alpaca SDK)
2025-06-04 11:25:39 | INFO     | src.data.market_data:_get_option_chain_sdk:162 | ✅ SDK获取期权快照: 9118个快照，用时9.51秒
2025-06-04 11:25:39 | INFO     | src.data.market_data:_get_option_chain_sdk:258 | 成功解析期权链: 4559个看涨期权, 4559个看跌期权
2025-06-04 11:25:39 | DEBUG    | src.bot.trading_bot:_update_positions:184 | 头寸更新完成
2025-06-04 11:25:40 | INFO     | src.trading.executor:update_account_info:125 | 账户更新: 总值$10074.98, 买入力$3239.92
2025-06-04 11:25:40 | DEBUG    | src.bot.trading_bot:_update_market_data:134 | 市场数据更新完成
2025-06-04 11:25:56 | INFO     | src.trading.executor:update_account_info:125 | 账户更新: 总值$10072.98, 买入力$3239.92
2025-06-04 11:25:56 | DEBUG    | src.bot.trading_bot:_update_market_data:134 | 市场数据更新完成
2025-06-04 11:26:11 | INFO     | src.trading.executor:update_account_info:125 | 账户更新: 总值$10073.98, 买入力$3239.92
2025-06-04 11:26:11 | DEBUG    | src.bot.trading_bot:_update_market_data:134 | 市场数据更新完成
2025-06-04 11:26:25 | INFO     | src.data.market_data:_get_option_chain_sdk:148 | 开始获取SPY期权链数据 (使用Alpaca SDK)
2025-06-04 11:26:35 | INFO     | src.data.market_data:_get_option_chain_sdk:162 | ✅ SDK获取期权快照: 9118个快照，用时10.08秒
2025-06-04 11:26:35 | INFO     | src.data.market_data:_get_option_chain_sdk:258 | 成功解析期权链: 4559个看涨期权, 4559个看跌期权
2025-06-04 11:26:35 | DEBUG    | src.bot.trading_bot:_update_positions:184 | 头寸更新完成
2025-06-04 11:26:37 | INFO     | src.trading.executor:update_account_info:125 | 账户更新: 总值$10073.98, 买入力$3239.92
2025-06-04 11:26:37 | DEBUG    | src.bot.trading_bot:_update_market_data:134 | 市场数据更新完成
2025-06-04 11:26:40 | INFO     | src.data.market_data:_get_option_chain_sdk:148 | 开始获取SPY期权链数据 (使用Alpaca SDK)
2025-06-04 11:26:50 | INFO     | src.data.market_data:_get_option_chain_sdk:162 | ✅ SDK获取期权快照: 9118个快照，用时9.73秒
2025-06-04 11:26:50 | INFO     | src.data.market_data:_get_option_chain_sdk:258 | 成功解析期权链: 4559个看涨期权, 4559个看跌期权
2025-06-04 11:26:50 | DEBUG    | src.bot.trading_bot:_update_positions:184 | 头寸更新完成
2025-06-04 11:26:51 | INFO     | src.trading.executor:update_account_info:125 | 账户更新: 总值$10074.98, 买入力$3239.92
2025-06-04 11:26:51 | DEBUG    | src.bot.trading_bot:_update_market_data:134 | 市场数据更新完成
2025-06-04 11:27:07 | INFO     | src.trading.executor:update_account_info:125 | 账户更新: 总值$10074.98, 买入力$3239.92
2025-06-04 11:27:07 | DEBUG    | src.bot.trading_bot:_update_market_data:134 | 市场数据更新完成
2025-06-04 11:27:21 | INFO     | src.trading.executor:update_account_info:125 | 账户更新: 总值$10074.98, 买入力$3239.92
2025-06-04 11:27:21 | DEBUG    | src.bot.trading_bot:_update_market_data:134 | 市场数据更新完成
2025-06-04 11:27:36 | INFO     | src.data.market_data:_get_option_chain_sdk:148 | 开始获取SPY期权链数据 (使用Alpaca SDK)
2025-06-04 11:27:46 | INFO     | src.data.market_data:_get_option_chain_sdk:162 | ✅ SDK获取期权快照: 9118个快照，用时10.16秒
2025-06-04 11:27:47 | INFO     | src.data.market_data:_get_option_chain_sdk:258 | 成功解析期权链: 4559个看涨期权, 4559个看跌期权
2025-06-04 11:27:47 | DEBUG    | src.bot.trading_bot:_update_positions:184 | 头寸更新完成
2025-06-04 11:27:48 | INFO     | src.trading.executor:update_account_info:125 | 账户更新: 总值$10071.98, 买入力$3239.92
2025-06-04 11:27:48 | DEBUG    | src.bot.trading_bot:_update_market_data:134 | 市场数据更新完成
2025-06-04 11:27:51 | INFO     | src.data.market_data:_get_option_chain_sdk:148 | 开始获取SPY期权链数据 (使用Alpaca SDK)
2025-06-04 11:28:00 | INFO     | src.data.market_data:_get_option_chain_sdk:162 | ✅ SDK获取期权快照: 9118个快照，用时9.60秒
2025-06-04 11:28:01 | INFO     | src.data.market_data:_get_option_chain_sdk:258 | 成功解析期权链: 4559个看涨期权, 4559个看跌期权
2025-06-04 11:28:01 | DEBUG    | src.bot.trading_bot:_update_positions:184 | 头寸更新完成
2025-06-04 11:28:02 | INFO     | src.trading.executor:update_account_info:125 | 账户更新: 总值$10070.98, 买入力$3239.92
2025-06-04 11:28:02 | DEBUG    | src.bot.trading_bot:_update_market_data:134 | 市场数据更新完成
2025-06-04 11:28:18 | INFO     | src.trading.executor:update_account_info:125 | 账户更新: 总值$10069.98, 买入力$3239.92
2025-06-04 11:28:18 | DEBUG    | src.bot.trading_bot:_update_market_data:134 | 市场数据更新完成
2025-06-04 11:28:32 | INFO     | src.trading.executor:update_account_info:125 | 账户更新: 总值$10053.98, 买入力$3239.92
2025-06-04 11:28:32 | DEBUG    | src.bot.trading_bot:_update_market_data:134 | 市场数据更新完成
2025-06-04 11:28:47 | INFO     | src.data.market_data:_get_option_chain_sdk:148 | 开始获取SPY期权链数据 (使用Alpaca SDK)
2025-06-04 11:28:57 | INFO     | src.data.market_data:_get_option_chain_sdk:162 | ✅ SDK获取期权快照: 9118个快照，用时9.87秒
2025-06-04 11:28:57 | INFO     | src.data.market_data:_get_option_chain_sdk:258 | 成功解析期权链: 4559个看涨期权, 4559个看跌期权
2025-06-04 11:28:57 | DEBUG    | src.bot.trading_bot:_update_positions:184 | 头寸更新完成
2025-06-04 11:28:58 | INFO     | src.trading.executor:update_account_info:125 | 账户更新: 总值$10053.98, 买入力$3239.92
2025-06-04 11:28:58 | DEBUG    | src.bot.trading_bot:_update_market_data:134 | 市场数据更新完成
2025-06-04 11:29:02 | INFO     | src.data.market_data:_get_option_chain_sdk:148 | 开始获取SPY期权链数据 (使用Alpaca SDK)
2025-06-04 11:29:11 | INFO     | src.data.market_data:_get_option_chain_sdk:162 | ✅ SDK获取期权快照: 9118个快照，用时9.13秒
2025-06-04 11:29:11 | INFO     | src.data.market_data:_get_option_chain_sdk:258 | 成功解析期权链: 4559个看涨期权, 4559个看跌期权
2025-06-04 11:29:11 | DEBUG    | src.bot.trading_bot:_update_positions:184 | 头寸更新完成
2025-06-04 11:29:12 | INFO     | src.trading.executor:update_account_info:125 | 账户更新: 总值$10087.98, 买入力$3239.92
2025-06-04 11:29:12 | DEBUG    | src.bot.trading_bot:_update_market_data:134 | 市场数据更新完成
2025-06-04 11:29:28 | INFO     | src.trading.executor:update_account_info:125 | 账户更新: 总值$10085.98, 买入力$3239.92
2025-06-04 11:29:28 | DEBUG    | src.bot.trading_bot:_update_market_data:134 | 市场数据更新完成
2025-06-04 11:29:42 | INFO     | src.trading.executor:update_account_info:125 | 账户更新: 总值$10087.98, 买入力$3239.92
2025-06-04 11:29:42 | DEBUG    | src.bot.trading_bot:_update_market_data:134 | 市场数据更新完成
2025-06-04 11:29:58 | INFO     | src.data.market_data:_get_option_chain_sdk:148 | 开始获取SPY期权链数据 (使用Alpaca SDK)
2025-06-04 11:30:08 | INFO     | src.data.market_data:_get_option_chain_sdk:162 | ✅ SDK获取期权快照: 9118个快照，用时9.80秒
2025-06-04 11:30:08 | INFO     | src.data.market_data:_get_option_chain_sdk:258 | 成功解析期权链: 4559个看涨期权, 4559个看跌期权
2025-06-04 11:30:08 | DEBUG    | src.bot.trading_bot:_update_positions:184 | 头寸更新完成
2025-06-04 11:30:09 | INFO     | src.trading.executor:update_account_info:125 | 账户更新: 总值$10087.98, 买入力$3239.92
2025-06-04 11:30:09 | DEBUG    | src.bot.trading_bot:_update_market_data:134 | 市场数据更新完成
2025-06-04 11:30:12 | INFO     | src.data.market_data:_get_option_chain_sdk:148 | 开始获取SPY期权链数据 (使用Alpaca SDK)
2025-06-04 11:30:21 | INFO     | src.data.market_data:_get_option_chain_sdk:162 | ✅ SDK获取期权快照: 9118个快照，用时9.25秒
2025-06-04 11:30:21 | INFO     | src.data.market_data:_get_option_chain_sdk:258 | 成功解析期权链: 4559个看涨期权, 4559个看跌期权
2025-06-04 11:30:21 | DEBUG    | src.bot.trading_bot:_update_positions:184 | 头寸更新完成
2025-06-04 11:30:22 | INFO     | src.trading.executor:update_account_info:125 | 账户更新: 总值$10087.98, 买入力$3239.92
2025-06-04 11:30:22 | DEBUG    | src.bot.trading_bot:_update_market_data:134 | 市场数据更新完成
2025-06-04 11:30:39 | INFO     | src.trading.executor:update_account_info:125 | 账户更新: 总值$10087.98, 买入力$3239.92
2025-06-04 11:30:39 | DEBUG    | src.bot.trading_bot:_update_market_data:134 | 市场数据更新完成
2025-06-04 11:30:53 | INFO     | src.trading.executor:update_account_info:125 | 账户更新: 总值$10086.98, 买入力$3239.92
2025-06-04 11:30:53 | DEBUG    | src.bot.trading_bot:_update_market_data:134 | 市场数据更新完成
2025-06-04 11:31:09 | INFO     | src.data.market_data:_get_option_chain_sdk:148 | 开始获取SPY期权链数据 (使用Alpaca SDK)
2025-06-04 11:31:22 | INFO     | src.data.market_data:_get_option_chain_sdk:148 | 开始获取SPY期权链数据 (使用Alpaca SDK)
2025-06-04 11:31:23 | INFO     | src.data.market_data:_get_option_chain_sdk:162 | ✅ SDK获取期权快照: 9118个快照，用时14.33秒
2025-06-04 11:31:23 | INFO     | src.data.market_data:_get_option_chain_sdk:258 | 成功解析期权链: 4559个看涨期权, 4559个看跌期权
2025-06-04 11:31:23 | DEBUG    | src.bot.trading_bot:_update_positions:184 | 头寸更新完成
2025-06-04 11:31:25 | INFO     | src.trading.executor:update_account_info:125 | 账户更新: 总值$10082.98, 买入力$3239.92
2025-06-04 11:31:25 | DEBUG    | src.bot.trading_bot:_update_market_data:134 | 市场数据更新完成
2025-06-04 11:31:34 | INFO     | src.data.market_data:_get_option_chain_sdk:162 | ✅ SDK获取期权快照: 9118个快照，用时12.05秒
2025-06-04 11:31:34 | INFO     | src.data.market_data:_get_option_chain_sdk:258 | 成功解析期权链: 4559个看涨期权, 4559个看跌期权
2025-06-04 11:31:34 | DEBUG    | src.bot.trading_bot:_update_positions:184 | 头寸更新完成
2025-06-04 11:31:36 | INFO     | src.trading.executor:update_account_info:125 | 账户更新: 总值$10087.98, 买入力$3239.92
2025-06-04 11:31:36 | DEBUG    | src.bot.trading_bot:_update_market_data:134 | 市场数据更新完成
2025-06-04 11:31:55 | INFO     | src.trading.executor:update_account_info:125 | 账户更新: 总值$10056.98, 买入力$3239.92
2025-06-04 11:31:55 | DEBUG    | src.bot.trading_bot:_update_market_data:134 | 市场数据更新完成
2025-06-04 11:32:06 | INFO     | src.trading.executor:update_account_info:125 | 账户更新: 总值$10056.98, 买入力$3239.92
2025-06-04 11:32:06 | DEBUG    | src.bot.trading_bot:_update_market_data:134 | 市场数据更新完成
2025-06-04 11:32:24 | INFO     | src.data.market_data:_get_option_chain_sdk:148 | 开始获取SPY期权链数据 (使用Alpaca SDK)
2025-06-04 11:32:34 | INFO     | src.data.market_data:_get_option_chain_sdk:162 | ✅ SDK获取期权快照: 9118个快照，用时10.14秒
2025-06-04 11:32:34 | INFO     | src.data.market_data:_get_option_chain_sdk:258 | 成功解析期权链: 4559个看涨期权, 4559个看跌期权
2025-06-04 11:32:34 | DEBUG    | src.bot.trading_bot:_update_positions:184 | 头寸更新完成
2025-06-04 11:32:35 | INFO     | src.data.market_data:_get_option_chain_sdk:148 | 开始获取SPY期权链数据 (使用Alpaca SDK)
2025-06-04 11:32:36 | INFO     | src.trading.executor:update_account_info:125 | 账户更新: 总值$10056.98, 买入力$3239.92
2025-06-04 11:32:36 | DEBUG    | src.bot.trading_bot:_update_market_data:134 | 市场数据更新完成
2025-06-04 11:32:45 | INFO     | src.data.market_data:_get_option_chain_sdk:162 | ✅ SDK获取期权快照: 9118个快照，用时9.55秒
2025-06-04 11:32:45 | INFO     | src.data.market_data:_get_option_chain_sdk:258 | 成功解析期权链: 4559个看涨期权, 4559个看跌期权
2025-06-04 11:32:45 | DEBUG    | src.bot.trading_bot:_update_positions:184 | 头寸更新完成
2025-06-04 11:32:46 | INFO     | src.trading.executor:update_account_info:125 | 账户更新: 总值$10056.98, 买入力$3239.92
2025-06-04 11:32:46 | DEBUG    | src.bot.trading_bot:_update_market_data:134 | 市场数据更新完成
2025-06-04 11:33:06 | INFO     | src.trading.executor:update_account_info:125 | 账户更新: 总值$10080.98, 买入力$3239.92
2025-06-04 11:33:06 | DEBUG    | src.bot.trading_bot:_update_market_data:134 | 市场数据更新完成
2025-06-04 11:33:17 | INFO     | src.trading.executor:update_account_info:125 | 账户更新: 总值$10080.98, 买入力$3239.92
2025-06-04 11:33:17 | DEBUG    | src.bot.trading_bot:_update_market_data:134 | 市场数据更新完成
2025-06-04 11:33:35 | INFO     | src.data.market_data:_get_option_chain_sdk:148 | 开始获取SPY期权链数据 (使用Alpaca SDK)
2025-06-04 11:33:45 | INFO     | src.data.market_data:_get_option_chain_sdk:162 | ✅ SDK获取期权快照: 9118个快照，用时9.59秒
2025-06-04 11:33:45 | INFO     | src.data.market_data:_get_option_chain_sdk:258 | 成功解析期权链: 4559个看涨期权, 4559个看跌期权
2025-06-04 11:33:45 | DEBUG    | src.bot.trading_bot:_update_positions:184 | 头寸更新完成
2025-06-04 11:33:46 | INFO     | src.data.market_data:_get_option_chain_sdk:148 | 开始获取SPY期权链数据 (使用Alpaca SDK)
2025-06-04 11:33:46 | INFO     | src.trading.executor:update_account_info:125 | 账户更新: 总值$10076.98, 买入力$3239.92
2025-06-04 11:33:46 | DEBUG    | src.bot.trading_bot:_update_market_data:134 | 市场数据更新完成
2025-06-04 11:33:55 | INFO     | src.data.market_data:_get_option_chain_sdk:162 | ✅ SDK获取期权快照: 9118个快照，用时9.37秒
2025-06-04 11:33:55 | INFO     | src.data.market_data:_get_option_chain_sdk:258 | 成功解析期权链: 4559个看涨期权, 4559个看跌期权
2025-06-04 11:33:55 | DEBUG    | src.bot.trading_bot:_update_positions:184 | 头寸更新完成
2025-06-04 11:33:57 | INFO     | src.trading.executor:update_account_info:125 | 账户更新: 总值$10074.98, 买入力$3239.92
2025-06-04 11:33:57 | DEBUG    | src.bot.trading_bot:_update_market_data:134 | 市场数据更新完成
2025-06-04 11:34:17 | INFO     | src.trading.executor:update_account_info:125 | 账户更新: 总值$10072.98, 买入力$3239.92
2025-06-04 11:34:17 | DEBUG    | src.bot.trading_bot:_update_market_data:134 | 市场数据更新完成
2025-06-04 11:34:27 | INFO     | src.trading.executor:update_account_info:125 | 账户更新: 总值$10070.98, 买入力$3239.92
2025-06-04 11:34:27 | DEBUG    | src.bot.trading_bot:_update_market_data:134 | 市场数据更新完成
2025-06-04 11:34:46 | INFO     | src.data.market_data:_get_option_chain_sdk:148 | 开始获取SPY期权链数据 (使用Alpaca SDK)
2025-06-04 11:34:56 | INFO     | src.data.market_data:_get_option_chain_sdk:162 | ✅ SDK获取期权快照: 9118个快照，用时9.73秒
2025-06-04 11:34:56 | INFO     | src.data.market_data:_get_option_chain_sdk:258 | 成功解析期权链: 4559个看涨期权, 4559个看跌期权
2025-06-04 11:34:56 | DEBUG    | src.bot.trading_bot:_update_positions:184 | 头寸更新完成
2025-06-04 11:34:56 | INFO     | src.data.market_data:_get_option_chain_sdk:148 | 开始获取SPY期权链数据 (使用Alpaca SDK)
2025-06-04 11:34:57 | INFO     | src.trading.executor:update_account_info:125 | 账户更新: 总值$10070.98, 买入力$3239.92
2025-06-04 11:34:57 | DEBUG    | src.bot.trading_bot:_update_market_data:134 | 市场数据更新完成
2025-06-04 11:35:06 | INFO     | src.data.market_data:_get_option_chain_sdk:162 | ✅ SDK获取期权快照: 9118个快照，用时9.46秒
2025-06-04 11:35:06 | INFO     | src.data.market_data:_get_option_chain_sdk:258 | 成功解析期权链: 4559个看涨期权, 4559个看跌期权
2025-06-04 11:35:06 | DEBUG    | src.bot.trading_bot:_update_positions:184 | 头寸更新完成
2025-06-04 11:35:07 | INFO     | src.trading.executor:update_account_info:125 | 账户更新: 总值$10070.98, 买入力$3239.92
2025-06-04 11:35:07 | DEBUG    | src.bot.trading_bot:_update_market_data:134 | 市场数据更新完成
2025-06-04 11:35:28 | INFO     | src.trading.executor:update_account_info:125 | 账户更新: 总值$10070.98, 买入力$3239.92
2025-06-04 11:35:28 | DEBUG    | src.bot.trading_bot:_update_market_data:134 | 市场数据更新完成
2025-06-04 11:35:38 | INFO     | src.trading.executor:update_account_info:125 | 账户更新: 总值$10070.98, 买入力$3239.92
2025-06-04 11:35:38 | DEBUG    | src.bot.trading_bot:_update_market_data:134 | 市场数据更新完成
2025-06-04 11:35:57 | INFO     | src.data.market_data:_get_option_chain_sdk:148 | 开始获取SPY期权链数据 (使用Alpaca SDK)
2025-06-04 11:36:07 | INFO     | src.data.market_data:_get_option_chain_sdk:162 | ✅ SDK获取期权快照: 9118个快照，用时9.82秒
2025-06-04 11:36:07 | INFO     | src.data.market_data:_get_option_chain_sdk:258 | 成功解析期权链: 4559个看涨期权, 4559个看跌期权
2025-06-04 11:36:07 | DEBUG    | src.bot.trading_bot:_update_positions:184 | 头寸更新完成
2025-06-04 11:36:07 | INFO     | src.data.market_data:_get_option_chain_sdk:148 | 开始获取SPY期权链数据 (使用Alpaca SDK)
2025-06-04 11:36:08 | INFO     | src.trading.executor:update_account_info:125 | 账户更新: 总值$10070.98, 买入力$3239.92
2025-06-04 11:36:08 | DEBUG    | src.bot.trading_bot:_update_market_data:134 | 市场数据更新完成
2025-06-04 11:36:17 | INFO     | src.data.market_data:_get_option_chain_sdk:162 | ✅ SDK获取期权快照: 9118个快照，用时9.66秒
2025-06-04 11:36:17 | INFO     | src.data.market_data:_get_option_chain_sdk:258 | 成功解析期权链: 4559个看涨期权, 4559个看跌期权
2025-06-04 11:36:17 | DEBUG    | src.bot.trading_bot:_update_positions:184 | 头寸更新完成
2025-06-04 11:36:18 | INFO     | src.trading.executor:update_account_info:125 | 账户更新: 总值$10070.98, 买入力$3239.92
2025-06-04 11:36:18 | DEBUG    | src.bot.trading_bot:_update_market_data:134 | 市场数据更新完成
2025-06-04 11:36:39 | INFO     | src.trading.executor:update_account_info:125 | 账户更新: 总值$10070.98, 买入力$3239.92
2025-06-04 11:36:39 | DEBUG    | src.bot.trading_bot:_update_market_data:134 | 市场数据更新完成
2025-06-04 11:36:48 | INFO     | src.trading.executor:update_account_info:125 | 账户更新: 总值$10052.98, 买入力$3239.92
2025-06-04 11:36:48 | DEBUG    | src.bot.trading_bot:_update_market_data:134 | 市场数据更新完成
2025-06-04 11:37:08 | INFO     | src.data.market_data:_get_option_chain_sdk:148 | 开始获取SPY期权链数据 (使用Alpaca SDK)
2025-06-04 11:37:17 | INFO     | src.data.market_data:_get_option_chain_sdk:162 | ✅ SDK获取期权快照: 9118个快照，用时9.13秒
2025-06-04 11:37:17 | INFO     | src.data.market_data:_get_option_chain_sdk:258 | 成功解析期权链: 4559个看涨期权, 4559个看跌期权
2025-06-04 11:37:17 | DEBUG    | src.bot.trading_bot:_update_positions:184 | 头寸更新完成
2025-06-04 11:37:18 | INFO     | src.data.market_data:_get_option_chain_sdk:148 | 开始获取SPY期权链数据 (使用Alpaca SDK)
2025-06-04 11:37:18 | INFO     | src.trading.executor:update_account_info:125 | 账户更新: 总值$10054.98, 买入力$3239.92
2025-06-04 11:37:18 | DEBUG    | src.bot.trading_bot:_update_market_data:134 | 市场数据更新完成
2025-06-04 11:37:19 | ERROR    | src.data.market_data:_get_option_chain_sdk:268 | SDK获取期权链失败: <html>
<head><title>502 Bad Gateway</title></head>
<body>
<center><h1>502 Bad Gateway</h1></center>
<hr><center>nginx</center>
</body>
</html>

2025-06-04 11:37:20 | WARNING  | src.trading.executor:_get_option_price:373 | 无法获取期权SPY250604C00569000的实际报价，使用保守估价
2025-06-04 11:37:20 | DEBUG    | src.bot.trading_bot:_update_positions:184 | 头寸更新完成
2025-06-04 11:37:21 | INFO     | src.trading.executor:update_account_info:125 | 账户更新: 总值$10054.98, 买入力$3239.92
2025-06-04 11:37:21 | DEBUG    | src.bot.trading_bot:_update_market_data:134 | 市场数据更新完成
2025-06-04 11:37:49 | INFO     | src.trading.executor:update_account_info:125 | 账户更新: 总值$10054.98, 买入力$3239.92
2025-06-04 11:37:49 | DEBUG    | src.bot.trading_bot:_update_market_data:134 | 市场数据更新完成
2025-06-04 11:37:51 | INFO     | src.trading.executor:update_account_info:125 | 账户更新: 总值$10054.98, 买入力$3239.92
2025-06-04 11:37:51 | DEBUG    | src.bot.trading_bot:_update_market_data:134 | 市场数据更新完成
2025-06-04 11:38:18 | INFO     | src.data.market_data:_get_option_chain_sdk:148 | 开始获取SPY期权链数据 (使用Alpaca SDK)
2025-06-04 11:38:21 | INFO     | src.data.market_data:_get_option_chain_sdk:148 | 开始获取SPY期权链数据 (使用Alpaca SDK)
2025-06-04 11:38:31 | INFO     | src.data.market_data:_get_option_chain_sdk:162 | ✅ SDK获取期权快照: 9118个快照，用时12.98秒
2025-06-04 11:38:31 | INFO     | src.data.market_data:_get_option_chain_sdk:258 | 成功解析期权链: 4559个看涨期权, 4559个看跌期权
2025-06-04 11:38:31 | DEBUG    | src.bot.trading_bot:_update_positions:184 | 头寸更新完成
2025-06-04 11:38:33 | INFO     | src.trading.executor:update_account_info:125 | 账户更新: 总值$10054.98, 买入力$3239.92
2025-06-04 11:38:33 | DEBUG    | src.bot.trading_bot:_update_market_data:134 | 市场数据更新完成
2025-06-04 11:38:33 | INFO     | src.data.market_data:_get_option_chain_sdk:162 | ✅ SDK获取期权快照: 9118个快照，用时12.52秒
2025-06-04 11:38:33 | INFO     | src.data.market_data:_get_option_chain_sdk:258 | 成功解析期权链: 4559个看涨期权, 4559个看跌期权
2025-06-04 11:38:33 | DEBUG    | src.bot.trading_bot:_update_positions:184 | 头寸更新完成
2025-06-04 11:38:35 | INFO     | src.trading.executor:update_account_info:125 | 账户更新: 总值$10054.98, 买入力$3239.92
2025-06-04 11:38:35 | DEBUG    | src.bot.trading_bot:_update_market_data:134 | 市场数据更新完成
2025-06-04 11:39:03 | INFO     | src.trading.executor:update_account_info:125 | 账户更新: 总值$10054.98, 买入力$3239.92
2025-06-04 11:39:03 | DEBUG    | src.bot.trading_bot:_update_market_data:134 | 市场数据更新完成
2025-06-04 11:39:05 | INFO     | src.trading.executor:update_account_info:125 | 账户更新: 总值$10054.98, 买入力$3239.92
2025-06-04 11:39:05 | DEBUG    | src.bot.trading_bot:_update_market_data:134 | 市场数据更新完成
2025-06-04 11:39:31 | INFO     | src.data.market_data:_get_option_chain_sdk:148 | 开始获取SPY期权链数据 (使用Alpaca SDK)
2025-06-04 11:39:34 | INFO     | src.data.market_data:_get_option_chain_sdk:148 | 开始获取SPY期权链数据 (使用Alpaca SDK)
2025-06-04 11:39:41 | INFO     | src.data.market_data:_get_option_chain_sdk:162 | ✅ SDK获取期权快照: 9118个快照，用时9.97秒
2025-06-04 11:39:41 | INFO     | src.data.market_data:_get_option_chain_sdk:258 | 成功解析期权链: 4559个看涨期权, 4559个看跌期权
2025-06-04 11:39:41 | DEBUG    | src.bot.trading_bot:_update_positions:184 | 头寸更新完成
2025-06-04 11:39:43 | INFO     | src.trading.executor:update_account_info:125 | 账户更新: 总值$10081.98, 买入力$3239.92
2025-06-04 11:39:43 | DEBUG    | src.bot.trading_bot:_update_market_data:134 | 市场数据更新完成
2025-06-04 11:39:44 | INFO     | src.data.market_data:_get_option_chain_sdk:162 | ✅ SDK获取期权快照: 9118个快照，用时9.41秒
2025-06-04 11:39:44 | INFO     | src.data.market_data:_get_option_chain_sdk:258 | 成功解析期权链: 4559个看涨期权, 4559个看跌期权
2025-06-04 11:39:44 | DEBUG    | src.bot.trading_bot:_update_positions:184 | 头寸更新完成
2025-06-04 11:39:45 | INFO     | src.trading.executor:update_account_info:125 | 账户更新: 总值$10081.98, 买入力$3239.92
2025-06-04 11:39:45 | DEBUG    | src.bot.trading_bot:_update_market_data:134 | 市场数据更新完成
2025-06-04 11:40:13 | INFO     | src.trading.executor:update_account_info:125 | 账户更新: 总值$10076.98, 买入力$3239.92
2025-06-04 11:40:13 | DEBUG    | src.bot.trading_bot:_update_market_data:134 | 市场数据更新完成
2025-06-04 11:40:15 | INFO     | src.trading.executor:update_account_info:125 | 账户更新: 总值$10076.98, 买入力$3239.92
2025-06-04 11:40:15 | DEBUG    | src.bot.trading_bot:_update_market_data:134 | 市场数据更新完成
2025-06-04 11:40:42 | INFO     | src.data.market_data:_get_option_chain_sdk:148 | 开始获取SPY期权链数据 (使用Alpaca SDK)
2025-06-04 11:40:45 | INFO     | src.data.market_data:_get_option_chain_sdk:148 | 开始获取SPY期权链数据 (使用Alpaca SDK)
2025-06-04 11:40:52 | INFO     | src.data.market_data:_get_option_chain_sdk:162 | ✅ SDK获取期权快照: 9118个快照，用时9.89秒
2025-06-04 11:40:52 | INFO     | src.data.market_data:_get_option_chain_sdk:258 | 成功解析期权链: 4559个看涨期权, 4559个看跌期权
2025-06-04 11:40:52 | DEBUG    | src.bot.trading_bot:_update_positions:184 | 头寸更新完成
2025-06-04 11:40:54 | INFO     | src.trading.executor:update_account_info:125 | 账户更新: 总值$10072.98, 买入力$3239.92
2025-06-04 11:40:54 | DEBUG    | src.bot.trading_bot:_update_market_data:134 | 市场数据更新完成
2025-06-04 11:40:54 | INFO     | src.data.market_data:_get_option_chain_sdk:162 | ✅ SDK获取期权快照: 9118个快照，用时9.38秒
2025-06-04 11:40:54 | INFO     | src.data.market_data:_get_option_chain_sdk:258 | 成功解析期权链: 4559个看涨期权, 4559个看跌期权
2025-06-04 11:40:54 | DEBUG    | src.bot.trading_bot:_update_positions:184 | 头寸更新完成
2025-06-04 11:40:56 | INFO     | src.trading.executor:update_account_info:125 | 账户更新: 总值$10073.98, 买入力$3239.92
2025-06-04 11:40:56 | DEBUG    | src.bot.trading_bot:_update_market_data:134 | 市场数据更新完成
2025-06-04 11:41:24 | INFO     | src.trading.executor:update_account_info:125 | 账户更新: 总值$10074.98, 买入力$3239.92
2025-06-04 11:41:24 | DEBUG    | src.bot.trading_bot:_update_market_data:134 | 市场数据更新完成
2025-06-04 11:41:26 | INFO     | src.trading.executor:update_account_info:125 | 账户更新: 总值$10074.98, 买入力$3239.92
2025-06-04 11:41:26 | DEBUG    | src.bot.trading_bot:_update_market_data:134 | 市场数据更新完成
2025-06-04 11:41:54 | INFO     | src.data.market_data:_get_option_chain_sdk:148 | 开始获取SPY期权链数据 (使用Alpaca SDK)
2025-06-04 11:41:55 | INFO     | src.data.market_data:_get_option_chain_sdk:148 | 开始获取SPY期权链数据 (使用Alpaca SDK)
2025-06-04 11:42:03 | INFO     | src.data.market_data:_get_option_chain_sdk:162 | ✅ SDK获取期权快照: 9118个快照，用时9.56秒
2025-06-04 11:42:03 | INFO     | src.data.market_data:_get_option_chain_sdk:258 | 成功解析期权链: 4559个看涨期权, 4559个看跌期权
2025-06-04 11:42:03 | DEBUG    | src.bot.trading_bot:_update_positions:184 | 头寸更新完成
2025-06-04 11:42:05 | INFO     | src.trading.executor:update_account_info:125 | 账户更新: 总值$10070.98, 买入力$3239.92
2025-06-04 11:42:05 | DEBUG    | src.bot.trading_bot:_update_market_data:134 | 市场数据更新完成
2025-06-04 11:42:05 | INFO     | src.data.market_data:_get_option_chain_sdk:162 | ✅ SDK获取期权快照: 9118个快照，用时9.37秒
2025-06-04 11:42:05 | INFO     | src.data.market_data:_get_option_chain_sdk:258 | 成功解析期权链: 4559个看涨期权, 4559个看跌期权
2025-06-04 11:42:05 | DEBUG    | src.bot.trading_bot:_update_positions:184 | 头寸更新完成
2025-06-04 11:42:06 | INFO     | src.trading.executor:update_account_info:125 | 账户更新: 总值$10070.98, 买入力$3239.92
2025-06-04 11:42:06 | DEBUG    | src.bot.trading_bot:_update_market_data:134 | 市场数据更新完成
2025-06-04 11:42:35 | INFO     | src.trading.executor:update_account_info:125 | 账户更新: 总值$10070.98, 买入力$3239.92
2025-06-04 11:42:35 | DEBUG    | src.bot.trading_bot:_update_market_data:134 | 市场数据更新完成
2025-06-04 11:42:36 | INFO     | src.trading.executor:update_account_info:125 | 账户更新: 总值$10070.98, 买入力$3239.92
2025-06-04 11:42:36 | DEBUG    | src.bot.trading_bot:_update_market_data:134 | 市场数据更新完成
2025-06-04 11:43:04 | INFO     | src.data.market_data:_get_option_chain_sdk:148 | 开始获取SPY期权链数据 (使用Alpaca SDK)
2025-06-04 11:43:06 | INFO     | src.data.market_data:_get_option_chain_sdk:148 | 开始获取SPY期权链数据 (使用Alpaca SDK)
2025-06-04 11:43:14 | INFO     | src.data.market_data:_get_option_chain_sdk:162 | ✅ SDK获取期权快照: 9118个快照，用时9.66秒
2025-06-04 11:43:14 | INFO     | src.data.market_data:_get_option_chain_sdk:258 | 成功解析期权链: 4559个看涨期权, 4559个看跌期权
2025-06-04 11:43:14 | DEBUG    | src.bot.trading_bot:_update_positions:184 | 头寸更新完成
2025-06-04 11:43:15 | INFO     | src.data.market_data:_get_option_chain_sdk:162 | ✅ SDK获取期权快照: 9118个快照，用时9.31秒
2025-06-04 11:43:15 | INFO     | src.data.market_data:_get_option_chain_sdk:258 | 成功解析期权链: 4559个看涨期权, 4559个看跌期权
2025-06-04 11:43:15 | DEBUG    | src.bot.trading_bot:_update_positions:184 | 头寸更新完成
2025-06-04 11:43:15 | INFO     | src.trading.executor:update_account_info:125 | 账户更新: 总值$10070.98, 买入力$3239.92
2025-06-04 11:43:15 | DEBUG    | src.bot.trading_bot:_update_market_data:134 | 市场数据更新完成
2025-06-04 11:43:16 | INFO     | src.trading.executor:update_account_info:125 | 账户更新: 总值$10070.98, 买入力$3239.92
2025-06-04 11:43:16 | DEBUG    | src.bot.trading_bot:_update_market_data:134 | 市场数据更新完成
2025-06-04 11:43:46 | INFO     | src.trading.executor:update_account_info:125 | 账户更新: 总值$10070.98, 买入力$3239.92
2025-06-04 11:43:46 | DEBUG    | src.bot.trading_bot:_update_market_data:134 | 市场数据更新完成
2025-06-04 11:43:47 | INFO     | src.trading.executor:update_account_info:125 | 账户更新: 总值$10070.98, 买入力$3239.92
2025-06-04 11:43:47 | DEBUG    | src.bot.trading_bot:_update_market_data:134 | 市场数据更新完成
2025-06-04 11:44:15 | INFO     | src.data.market_data:_get_option_chain_sdk:148 | 开始获取SPY期权链数据 (使用Alpaca SDK)
2025-06-04 11:44:16 | INFO     | src.data.market_data:_get_option_chain_sdk:148 | 开始获取SPY期权链数据 (使用Alpaca SDK)
2025-06-04 11:44:25 | INFO     | src.data.market_data:_get_option_chain_sdk:162 | ✅ SDK获取期权快照: 9118个快照，用时9.67秒
2025-06-04 11:44:25 | INFO     | src.data.market_data:_get_option_chain_sdk:258 | 成功解析期权链: 4559个看涨期权, 4559个看跌期权
2025-06-04 11:44:25 | DEBUG    | src.bot.trading_bot:_update_positions:184 | 头寸更新完成
2025-06-04 11:44:25 | INFO     | src.data.market_data:_get_option_chain_sdk:162 | ✅ SDK获取期权快照: 9118个快照，用时9.34秒
2025-06-04 11:44:25 | INFO     | src.data.market_data:_get_option_chain_sdk:258 | 成功解析期权链: 4559个看涨期权, 4559个看跌期权
2025-06-04 11:44:25 | DEBUG    | src.bot.trading_bot:_update_positions:184 | 头寸更新完成
2025-06-04 11:44:26 | INFO     | src.trading.executor:update_account_info:125 | 账户更新: 总值$10070.98, 买入力$3239.92
2025-06-04 11:44:26 | DEBUG    | src.bot.trading_bot:_update_market_data:134 | 市场数据更新完成
2025-06-04 11:44:27 | INFO     | src.trading.executor:update_account_info:125 | 账户更新: 总值$10070.98, 买入力$3239.92
2025-06-04 11:44:27 | DEBUG    | src.bot.trading_bot:_update_market_data:134 | 市场数据更新完成
2025-06-04 11:44:56 | INFO     | src.trading.executor:update_account_info:125 | 账户更新: 总值$10070.98, 买入力$3239.92
2025-06-04 11:44:56 | DEBUG    | src.bot.trading_bot:_update_market_data:134 | 市场数据更新完成
2025-06-04 11:44:57 | INFO     | src.trading.executor:update_account_info:125 | 账户更新: 总值$10070.98, 买入力$3239.92
2025-06-04 11:44:57 | DEBUG    | src.bot.trading_bot:_update_market_data:134 | 市场数据更新完成
2025-06-04 11:45:26 | INFO     | src.data.market_data:_get_option_chain_sdk:148 | 开始获取SPY期权链数据 (使用Alpaca SDK)
2025-06-04 11:45:26 | INFO     | src.data.market_data:_get_option_chain_sdk:148 | 开始获取SPY期权链数据 (使用Alpaca SDK)
2025-06-04 11:45:35 | INFO     | src.data.market_data:_get_option_chain_sdk:162 | ✅ SDK获取期权快照: 9118个快照，用时9.60秒
2025-06-04 11:45:35 | INFO     | src.data.market_data:_get_option_chain_sdk:258 | 成功解析期权链: 4559个看涨期权, 4559个看跌期权
2025-06-04 11:45:35 | DEBUG    | src.bot.trading_bot:_update_positions:184 | 头寸更新完成
2025-06-04 11:45:36 | INFO     | src.data.market_data:_get_option_chain_sdk:162 | ✅ SDK获取期权快照: 9118个快照，用时9.44秒
2025-06-04 11:45:36 | INFO     | src.data.market_data:_get_option_chain_sdk:258 | 成功解析期权链: 4559个看涨期权, 4559个看跌期权
2025-06-04 11:45:36 | DEBUG    | src.bot.trading_bot:_update_positions:184 | 头寸更新完成
2025-06-04 11:45:37 | INFO     | src.trading.executor:update_account_info:125 | 账户更新: 总值$10070.98, 买入力$3239.92
2025-06-04 11:45:37 | DEBUG    | src.bot.trading_bot:_update_market_data:134 | 市场数据更新完成
2025-06-04 11:45:37 | INFO     | src.trading.executor:update_account_info:125 | 账户更新: 总值$10070.98, 买入力$3239.92
2025-06-04 11:45:37 | DEBUG    | src.bot.trading_bot:_update_market_data:134 | 市场数据更新完成
2025-06-04 11:46:07 | INFO     | src.trading.executor:update_account_info:125 | 账户更新: 总值$10070.98, 买入力$3239.92
2025-06-04 11:46:07 | DEBUG    | src.bot.trading_bot:_update_market_data:134 | 市场数据更新完成
2025-06-04 11:46:08 | INFO     | src.trading.executor:update_account_info:125 | 账户更新: 总值$10070.98, 买入力$3239.92
2025-06-04 11:46:08 | DEBUG    | src.bot.trading_bot:_update_market_data:134 | 市场数据更新完成
2025-06-04 11:46:36 | INFO     | src.data.market_data:_get_option_chain_sdk:148 | 开始获取SPY期权链数据 (使用Alpaca SDK)
2025-06-04 11:46:37 | INFO     | src.data.market_data:_get_option_chain_sdk:148 | 开始获取SPY期权链数据 (使用Alpaca SDK)
2025-06-04 11:46:46 | INFO     | src.data.market_data:_get_option_chain_sdk:162 | ✅ SDK获取期权快照: 9118个快照，用时9.45秒
2025-06-04 11:46:46 | INFO     | src.data.market_data:_get_option_chain_sdk:258 | 成功解析期权链: 4559个看涨期权, 4559个看跌期权
2025-06-04 11:46:46 | DEBUG    | src.bot.trading_bot:_update_positions:184 | 头寸更新完成
2025-06-04 11:46:46 | INFO     | src.data.market_data:_get_option_chain_sdk:162 | ✅ SDK获取期权快照: 9118个快照，用时9.20秒
2025-06-04 11:46:46 | INFO     | src.data.market_data:_get_option_chain_sdk:258 | 成功解析期权链: 4559个看涨期权, 4559个看跌期权
2025-06-04 11:46:46 | DEBUG    | src.bot.trading_bot:_update_positions:184 | 头寸更新完成
2025-06-04 11:46:47 | INFO     | src.trading.executor:update_account_info:125 | 账户更新: 总值$10083.98, 买入力$3239.92
2025-06-04 11:46:47 | DEBUG    | src.bot.trading_bot:_update_market_data:134 | 市场数据更新完成
2025-06-04 11:46:47 | INFO     | src.trading.executor:update_account_info:125 | 账户更新: 总值$10083.98, 买入力$3239.92
2025-06-04 11:46:47 | DEBUG    | src.bot.trading_bot:_update_market_data:134 | 市场数据更新完成
2025-06-04 11:47:18 | INFO     | src.trading.executor:update_account_info:125 | 账户更新: 总值$10079.98, 买入力$3239.92
2025-06-04 11:47:18 | DEBUG    | src.bot.trading_bot:_update_market_data:134 | 市场数据更新完成
2025-06-04 11:47:18 | INFO     | src.trading.executor:update_account_info:125 | 账户更新: 总值$10079.98, 买入力$3239.92
2025-06-04 11:47:18 | DEBUG    | src.bot.trading_bot:_update_market_data:134 | 市场数据更新完成
2025-06-04 11:47:47 | INFO     | src.data.market_data:_get_option_chain_sdk:148 | 开始获取SPY期权链数据 (使用Alpaca SDK)
2025-06-04 11:47:47 | INFO     | src.data.market_data:_get_option_chain_sdk:148 | 开始获取SPY期权链数据 (使用Alpaca SDK)
2025-06-04 11:47:57 | INFO     | src.data.market_data:_get_option_chain_sdk:162 | ✅ SDK获取期权快照: 9118个快照，用时9.57秒
2025-06-04 11:47:57 | INFO     | src.data.market_data:_get_option_chain_sdk:162 | ✅ SDK获取期权快照: 9118个快照，用时9.46秒
2025-06-04 11:47:57 | INFO     | src.data.market_data:_get_option_chain_sdk:258 | 成功解析期权链: 4559个看涨期权, 4559个看跌期权
2025-06-04 11:47:57 | DEBUG    | src.bot.trading_bot:_update_positions:184 | 头寸更新完成
2025-06-04 11:47:57 | INFO     | src.data.market_data:_get_option_chain_sdk:258 | 成功解析期权链: 4559个看涨期权, 4559个看跌期权
2025-06-04 11:47:57 | DEBUG    | src.bot.trading_bot:_update_positions:184 | 头寸更新完成
2025-06-04 11:47:58 | INFO     | src.trading.executor:update_account_info:125 | 账户更新: 总值$10068.98, 买入力$3239.92
2025-06-04 11:47:58 | DEBUG    | src.bot.trading_bot:_update_market_data:134 | 市场数据更新完成
2025-06-04 11:47:58 | INFO     | src.trading.executor:update_account_info:125 | 账户更新: 总值$10068.98, 买入力$3239.92
2025-06-04 11:47:58 | DEBUG    | src.bot.trading_bot:_update_market_data:134 | 市场数据更新完成
2025-06-04 11:48:28 | INFO     | src.trading.executor:update_account_info:125 | 账户更新: 总值$10061.98, 买入力$3239.92
2025-06-04 11:48:28 | DEBUG    | src.bot.trading_bot:_update_market_data:134 | 市场数据更新完成
2025-06-04 11:48:28 | INFO     | src.trading.executor:update_account_info:125 | 账户更新: 总值$10061.98, 买入力$3239.92
2025-06-04 11:48:28 | DEBUG    | src.bot.trading_bot:_update_market_data:134 | 市场数据更新完成
2025-06-04 11:48:58 | INFO     | src.data.market_data:_get_option_chain_sdk:148 | 开始获取SPY期权链数据 (使用Alpaca SDK)
2025-06-04 11:48:58 | INFO     | src.data.market_data:_get_option_chain_sdk:148 | 开始获取SPY期权链数据 (使用Alpaca SDK)
2025-06-04 11:49:07 | INFO     | src.data.market_data:_get_option_chain_sdk:162 | ✅ SDK获取期权快照: 9118个快照，用时9.61秒
2025-06-04 11:49:07 | INFO     | src.data.market_data:_get_option_chain_sdk:162 | ✅ SDK获取期权快照: 9118个快照，用时9.66秒
2025-06-04 11:49:07 | INFO     | src.data.market_data:_get_option_chain_sdk:258 | 成功解析期权链: 4559个看涨期权, 4559个看跌期权
2025-06-04 11:49:07 | INFO     | src.data.market_data:_get_option_chain_sdk:258 | 成功解析期权链: 4559个看涨期权, 4559个看跌期权
2025-06-04 11:49:07 | DEBUG    | src.bot.trading_bot:_update_positions:184 | 头寸更新完成
2025-06-04 11:49:07 | DEBUG    | src.bot.trading_bot:_update_positions:184 | 头寸更新完成
2025-06-04 11:49:09 | INFO     | src.trading.executor:update_account_info:125 | 账户更新: 总值$10053.98, 买入力$3239.92
2025-06-04 11:49:09 | DEBUG    | src.bot.trading_bot:_update_market_data:134 | 市场数据更新完成
2025-06-04 11:49:09 | INFO     | src.trading.executor:update_account_info:125 | 账户更新: 总值$10053.98, 买入力$3239.92
2025-06-04 11:49:09 | DEBUG    | src.bot.trading_bot:_update_market_data:134 | 市场数据更新完成
2025-06-04 11:49:39 | INFO     | src.trading.executor:update_account_info:125 | 账户更新: 总值$10050.98, 买入力$3239.92
2025-06-04 11:49:39 | DEBUG    | src.bot.trading_bot:_update_market_data:134 | 市场数据更新完成
2025-06-04 11:49:39 | INFO     | src.trading.executor:update_account_info:125 | 账户更新: 总值$10050.98, 买入力$3239.92
2025-06-04 11:49:39 | DEBUG    | src.bot.trading_bot:_update_market_data:134 | 市场数据更新完成
2025-06-04 11:50:08 | INFO     | src.data.market_data:_get_option_chain_sdk:148 | 开始获取SPY期权链数据 (使用Alpaca SDK)
2025-06-04 11:50:09 | INFO     | src.data.market_data:_get_option_chain_sdk:148 | 开始获取SPY期权链数据 (使用Alpaca SDK)
2025-06-04 11:50:18 | INFO     | src.data.market_data:_get_option_chain_sdk:162 | ✅ SDK获取期权快照: 9118个快照，用时9.29秒
2025-06-04 11:50:18 | INFO     | src.data.market_data:_get_option_chain_sdk:258 | 成功解析期权链: 4559个看涨期权, 4559个看跌期权
2025-06-04 11:50:18 | DEBUG    | src.bot.trading_bot:_update_positions:184 | 头寸更新完成
2025-06-04 11:50:18 | INFO     | src.data.market_data:_get_option_chain_sdk:162 | ✅ SDK获取期权快照: 9118个快照，用时9.50秒
2025-06-04 11:50:18 | INFO     | src.data.market_data:_get_option_chain_sdk:258 | 成功解析期权链: 4559个看涨期权, 4559个看跌期权
2025-06-04 11:50:18 | DEBUG    | src.bot.trading_bot:_update_positions:184 | 头寸更新完成
2025-06-04 11:50:19 | INFO     | src.trading.executor:update_account_info:125 | 账户更新: 总值$10048.98, 买入力$3239.92
2025-06-04 11:50:19 | DEBUG    | src.bot.trading_bot:_update_market_data:134 | 市场数据更新完成
2025-06-04 11:50:19 | INFO     | src.trading.executor:update_account_info:125 | 账户更新: 总值$10048.98, 买入力$3239.92
2025-06-04 11:50:19 | DEBUG    | src.bot.trading_bot:_update_market_data:134 | 市场数据更新完成
2025-06-04 11:50:50 | INFO     | src.trading.executor:update_account_info:125 | 账户更新: 总值$10001.98, 买入力$3239.92
2025-06-04 11:50:50 | DEBUG    | src.bot.trading_bot:_update_market_data:134 | 市场数据更新完成
2025-06-04 11:50:50 | INFO     | src.trading.executor:update_account_info:125 | 账户更新: 总值$10001.98, 买入力$3239.92
2025-06-04 11:50:50 | DEBUG    | src.bot.trading_bot:_update_market_data:134 | 市场数据更新完成
2025-06-04 11:51:19 | INFO     | src.data.market_data:_get_option_chain_sdk:148 | 开始获取SPY期权链数据 (使用Alpaca SDK)
2025-06-04 11:51:19 | INFO     | src.data.market_data:_get_option_chain_sdk:148 | 开始获取SPY期权链数据 (使用Alpaca SDK)
2025-06-04 11:51:28 | INFO     | src.data.market_data:_get_option_chain_sdk:162 | ✅ SDK获取期权快照: 9118个快照，用时9.17秒
2025-06-04 11:51:28 | INFO     | src.data.market_data:_get_option_chain_sdk:258 | 成功解析期权链: 4559个看涨期权, 4559个看跌期权
2025-06-04 11:51:28 | DEBUG    | src.bot.trading_bot:_update_positions:184 | 头寸更新完成
2025-06-04 11:51:29 | INFO     | src.data.market_data:_get_option_chain_sdk:162 | ✅ SDK获取期权快照: 9118个快照，用时9.77秒
2025-06-04 11:51:29 | INFO     | src.data.market_data:_get_option_chain_sdk:258 | 成功解析期权链: 4559个看涨期权, 4559个看跌期权
2025-06-04 11:51:29 | DEBUG    | src.bot.trading_bot:_update_positions:184 | 头寸更新完成
2025-06-04 11:51:29 | INFO     | src.trading.executor:update_account_info:125 | 账户更新: 总值$10037.98, 买入力$3239.92
2025-06-04 11:51:29 | DEBUG    | src.bot.trading_bot:_update_market_data:134 | 市场数据更新完成
2025-06-04 11:51:30 | INFO     | src.trading.executor:update_account_info:125 | 账户更新: 总值$10037.98, 买入力$3239.92
2025-06-04 11:51:30 | DEBUG    | src.bot.trading_bot:_update_market_data:134 | 市场数据更新完成
2025-06-04 11:52:00 | INFO     | src.trading.executor:update_account_info:125 | 账户更新: 总值$10005.98, 买入力$3239.92
2025-06-04 11:52:00 | DEBUG    | src.bot.trading_bot:_update_market_data:134 | 市场数据更新完成
2025-06-04 11:52:01 | INFO     | src.trading.executor:update_account_info:125 | 账户更新: 总值$10005.98, 买入力$3239.92
2025-06-04 11:52:01 | DEBUG    | src.bot.trading_bot:_update_market_data:134 | 市场数据更新完成
2025-06-04 11:52:29 | INFO     | src.data.market_data:_get_option_chain_sdk:148 | 开始获取SPY期权链数据 (使用Alpaca SDK)
2025-06-04 11:52:30 | INFO     | src.data.market_data:_get_option_chain_sdk:148 | 开始获取SPY期权链数据 (使用Alpaca SDK)
2025-06-04 11:52:39 | INFO     | src.data.market_data:_get_option_chain_sdk:162 | ✅ SDK获取期权快照: 9118个快照，用时9.53秒
2025-06-04 11:52:39 | INFO     | src.data.market_data:_get_option_chain_sdk:258 | 成功解析期权链: 4559个看涨期权, 4559个看跌期权
2025-06-04 11:52:39 | DEBUG    | src.bot.trading_bot:_update_positions:184 | 头寸更新完成
2025-06-04 11:52:40 | INFO     | src.data.market_data:_get_option_chain_sdk:162 | ✅ SDK获取期权快照: 9118个快照，用时9.96秒
2025-06-04 11:52:40 | INFO     | src.trading.executor:update_account_info:125 | 账户更新: 总值$10052.98, 买入力$3239.92
2025-06-04 11:52:40 | DEBUG    | src.bot.trading_bot:_update_market_data:134 | 市场数据更新完成
2025-06-04 11:52:40 | INFO     | src.data.market_data:_get_option_chain_sdk:258 | 成功解析期权链: 4559个看涨期权, 4559个看跌期权
2025-06-04 11:52:40 | DEBUG    | src.bot.trading_bot:_update_positions:184 | 头寸更新完成
2025-06-04 11:52:41 | INFO     | src.trading.executor:update_account_info:125 | 账户更新: 总值$10052.98, 买入力$3239.92
2025-06-04 11:52:41 | DEBUG    | src.bot.trading_bot:_update_market_data:134 | 市场数据更新完成
2025-06-04 11:53:10 | INFO     | src.trading.executor:update_account_info:125 | 账户更新: 总值$10040.98, 买入力$3239.92
2025-06-04 11:53:10 | DEBUG    | src.bot.trading_bot:_update_market_data:134 | 市场数据更新完成
2025-06-04 11:53:12 | INFO     | src.trading.executor:update_account_info:125 | 账户更新: 总值$10040.98, 买入力$3239.92
2025-06-04 11:53:12 | DEBUG    | src.bot.trading_bot:_update_market_data:134 | 市场数据更新完成
2025-06-04 11:53:40 | INFO     | src.data.market_data:_get_option_chain_sdk:148 | 开始获取SPY期权链数据 (使用Alpaca SDK)
2025-06-04 11:53:41 | INFO     | src.data.market_data:_get_option_chain_sdk:148 | 开始获取SPY期权链数据 (使用Alpaca SDK)
2025-06-04 11:53:49 | INFO     | src.data.market_data:_get_option_chain_sdk:162 | ✅ SDK获取期权快照: 9118个快照，用时9.30秒
2025-06-04 11:53:49 | INFO     | src.data.market_data:_get_option_chain_sdk:258 | 成功解析期权链: 4559个看涨期权, 4559个看跌期权
2025-06-04 11:53:49 | DEBUG    | src.bot.trading_bot:_update_positions:184 | 头寸更新完成
2025-06-04 11:53:50 | INFO     | src.trading.executor:update_account_info:125 | 账户更新: 总值$10040.98, 买入力$3239.92
2025-06-04 11:53:50 | DEBUG    | src.bot.trading_bot:_update_market_data:134 | 市场数据更新完成
2025-06-04 11:53:50 | INFO     | src.data.market_data:_get_option_chain_sdk:162 | ✅ SDK获取期权快照: 9118个快照，用时9.38秒
2025-06-04 11:53:51 | INFO     | src.data.market_data:_get_option_chain_sdk:258 | 成功解析期权链: 4559个看涨期权, 4559个看跌期权
2025-06-04 11:53:51 | DEBUG    | src.bot.trading_bot:_update_positions:184 | 头寸更新完成
2025-06-04 11:53:52 | INFO     | src.trading.executor:update_account_info:125 | 账户更新: 总值$10040.98, 买入力$3239.92
2025-06-04 11:53:52 | DEBUG    | src.bot.trading_bot:_update_market_data:134 | 市场数据更新完成
2025-06-04 11:54:21 | INFO     | src.trading.executor:update_account_info:125 | 账户更新: 总值$10044.98, 买入力$3239.92
2025-06-04 11:54:21 | DEBUG    | src.bot.trading_bot:_update_market_data:134 | 市场数据更新完成
2025-06-04 11:54:22 | INFO     | src.trading.executor:update_account_info:125 | 账户更新: 总值$10044.98, 买入力$3239.92
2025-06-04 11:54:22 | DEBUG    | src.bot.trading_bot:_update_market_data:134 | 市场数据更新完成
2025-06-04 11:54:50 | INFO     | src.data.market_data:_get_option_chain_sdk:148 | 开始获取SPY期权链数据 (使用Alpaca SDK)
2025-06-04 11:54:52 | INFO     | src.data.market_data:_get_option_chain_sdk:148 | 开始获取SPY期权链数据 (使用Alpaca SDK)
2025-06-04 11:55:00 | INFO     | src.data.market_data:_get_option_chain_sdk:162 | ✅ SDK获取期权快照: 9118个快照，用时9.47秒
2025-06-04 11:55:00 | INFO     | src.data.market_data:_get_option_chain_sdk:258 | 成功解析期权链: 4559个看涨期权, 4559个看跌期权
2025-06-04 11:55:00 | DEBUG    | src.bot.trading_bot:_update_positions:184 | 头寸更新完成
2025-06-04 11:55:01 | INFO     | src.trading.executor:update_account_info:125 | 账户更新: 总值$10044.98, 买入力$3239.92
2025-06-04 11:55:01 | DEBUG    | src.bot.trading_bot:_update_market_data:134 | 市场数据更新完成
2025-06-04 11:55:01 | INFO     | src.data.market_data:_get_option_chain_sdk:162 | ✅ SDK获取期权快照: 9118个快照，用时9.64秒
2025-06-04 11:55:01 | INFO     | src.data.market_data:_get_option_chain_sdk:258 | 成功解析期权链: 4559个看涨期权, 4559个看跌期权
2025-06-04 11:55:01 | DEBUG    | src.bot.trading_bot:_update_positions:184 | 头寸更新完成
2025-06-04 11:55:03 | INFO     | src.trading.executor:update_account_info:125 | 账户更新: 总值$10044.98, 买入力$3239.92
2025-06-04 11:55:03 | DEBUG    | src.bot.trading_bot:_update_market_data:134 | 市场数据更新完成
2025-06-04 11:55:31 | INFO     | src.trading.executor:update_account_info:125 | 账户更新: 总值$10045.98, 买入力$3239.92
2025-06-04 11:55:31 | DEBUG    | src.bot.trading_bot:_update_market_data:134 | 市场数据更新完成
2025-06-04 11:55:33 | INFO     | src.trading.executor:update_account_info:125 | 账户更新: 总值$10044.98, 买入力$3239.92
2025-06-04 11:55:33 | DEBUG    | src.bot.trading_bot:_update_market_data:134 | 市场数据更新完成
2025-06-04 11:56:01 | INFO     | src.data.market_data:_get_option_chain_sdk:148 | 开始获取SPY期权链数据 (使用Alpaca SDK)
2025-06-04 11:56:02 | INFO     | src.data.market_data:_get_option_chain_sdk:148 | 开始获取SPY期权链数据 (使用Alpaca SDK)
2025-06-04 11:56:13 | INFO     | src.data.market_data:_get_option_chain_sdk:162 | ✅ SDK获取期权快照: 9118个快照，用时12.85秒
2025-06-04 11:56:14 | INFO     | src.data.market_data:_get_option_chain_sdk:258 | 成功解析期权链: 4559个看涨期权, 4559个看跌期权
2025-06-04 11:56:14 | DEBUG    | src.bot.trading_bot:_update_positions:184 | 头寸更新完成
2025-06-04 11:56:15 | INFO     | src.trading.executor:update_account_info:125 | 账户更新: 总值$10041.98, 买入力$3239.92
2025-06-04 11:56:15 | DEBUG    | src.bot.trading_bot:_update_market_data:134 | 市场数据更新完成
2025-06-04 11:56:16 | INFO     | src.data.market_data:_get_option_chain_sdk:162 | ✅ SDK获取期权快照: 9118个快照，用时13.58秒
2025-06-04 11:56:16 | INFO     | src.data.market_data:_get_option_chain_sdk:258 | 成功解析期权链: 4559个看涨期权, 4559个看跌期权
2025-06-04 11:56:16 | DEBUG    | src.bot.trading_bot:_update_positions:184 | 头寸更新完成
2025-06-04 11:56:17 | INFO     | src.trading.executor:update_account_info:125 | 账户更新: 总值$10042.98, 买入力$3239.92
2025-06-04 11:56:17 | DEBUG    | src.bot.trading_bot:_update_market_data:134 | 市场数据更新完成
2025-06-04 11:56:45 | INFO     | src.trading.executor:update_account_info:125 | 账户更新: 总值$10042.98, 买入力$3239.92
2025-06-04 11:56:45 | DEBUG    | src.bot.trading_bot:_update_market_data:134 | 市场数据更新完成
2025-06-04 11:56:48 | INFO     | src.trading.executor:update_account_info:125 | 账户更新: 总值$10042.98, 买入力$3239.92
2025-06-04 11:56:48 | DEBUG    | src.bot.trading_bot:_update_market_data:134 | 市场数据更新完成
2025-06-04 11:57:14 | INFO     | src.data.market_data:_get_option_chain_sdk:148 | 开始获取SPY期权链数据 (使用Alpaca SDK)
2025-06-04 11:57:16 | INFO     | src.data.market_data:_get_option_chain_sdk:148 | 开始获取SPY期权链数据 (使用Alpaca SDK)
2025-06-04 11:57:28 | INFO     | src.data.market_data:_get_option_chain_sdk:162 | ✅ SDK获取期权快照: 9118个快照，用时14.43秒
2025-06-04 11:57:28 | INFO     | src.data.market_data:_get_option_chain_sdk:258 | 成功解析期权链: 4559个看涨期权, 4559个看跌期权
2025-06-04 11:57:28 | DEBUG    | src.bot.trading_bot:_update_positions:184 | 头寸更新完成
2025-06-04 11:57:30 | INFO     | src.trading.executor:update_account_info:125 | 账户更新: 总值$10042.98, 买入力$3239.92
2025-06-04 11:57:30 | DEBUG    | src.bot.trading_bot:_update_market_data:134 | 市场数据更新完成
2025-06-04 11:57:31 | INFO     | src.data.market_data:_get_option_chain_sdk:162 | ✅ SDK获取期权快照: 9118个快照，用时14.47秒
2025-06-04 11:57:31 | INFO     | src.data.market_data:_get_option_chain_sdk:258 | 成功解析期权链: 4559个看涨期权, 4559个看跌期权
2025-06-04 11:57:31 | DEBUG    | src.bot.trading_bot:_update_positions:184 | 头寸更新完成
2025-06-04 11:57:32 | INFO     | src.trading.executor:update_account_info:125 | 账户更新: 总值$10044.98, 买入力$3239.92
2025-06-04 11:57:32 | DEBUG    | src.bot.trading_bot:_update_market_data:134 | 市场数据更新完成
2025-06-04 11:58:00 | INFO     | src.trading.executor:update_account_info:125 | 账户更新: 总值$10045.98, 买入力$3239.92
2025-06-04 11:58:00 | DEBUG    | src.bot.trading_bot:_update_market_data:134 | 市场数据更新完成
2025-06-04 11:58:02 | INFO     | src.trading.executor:update_account_info:125 | 账户更新: 总值$10046.98, 买入力$3239.92
2025-06-04 11:58:02 | DEBUG    | src.bot.trading_bot:_update_market_data:134 | 市场数据更新完成
2025-06-04 11:58:29 | INFO     | src.data.market_data:_get_option_chain_sdk:148 | 开始获取SPY期权链数据 (使用Alpaca SDK)
2025-06-04 11:58:32 | INFO     | src.data.market_data:_get_option_chain_sdk:148 | 开始获取SPY期权链数据 (使用Alpaca SDK)
2025-06-04 11:58:38 | INFO     | src.data.market_data:_get_option_chain_sdk:162 | ✅ SDK获取期权快照: 9118个快照，用时9.20秒
2025-06-04 11:58:39 | INFO     | src.data.market_data:_get_option_chain_sdk:258 | 成功解析期权链: 4559个看涨期权, 4559个看跌期权
2025-06-04 11:58:39 | DEBUG    | src.bot.trading_bot:_update_positions:184 | 头寸更新完成
2025-06-04 11:58:40 | INFO     | src.trading.executor:update_account_info:125 | 账户更新: 总值$10043.98, 买入力$3239.92
2025-06-04 11:58:40 | DEBUG    | src.bot.trading_bot:_update_market_data:134 | 市场数据更新完成
2025-06-04 11:58:42 | INFO     | src.data.market_data:_get_option_chain_sdk:162 | ✅ SDK获取期权快照: 9118个快照，用时9.78秒
2025-06-04 11:58:42 | INFO     | src.data.market_data:_get_option_chain_sdk:258 | 成功解析期权链: 4559个看涨期权, 4559个看跌期权
2025-06-04 11:58:42 | DEBUG    | src.bot.trading_bot:_update_positions:184 | 头寸更新完成
2025-06-04 11:58:43 | INFO     | src.trading.executor:update_account_info:125 | 账户更新: 总值$10043.98, 买入力$3239.92
2025-06-04 11:58:43 | DEBUG    | src.bot.trading_bot:_update_market_data:134 | 市场数据更新完成
2025-06-04 11:59:10 | INFO     | src.trading.executor:update_account_info:125 | 账户更新: 总值$10035.98, 买入力$3239.92
2025-06-04 11:59:10 | DEBUG    | src.bot.trading_bot:_update_market_data:134 | 市场数据更新完成
2025-06-04 11:59:13 | INFO     | src.trading.executor:update_account_info:125 | 账户更新: 总值$10033.98, 买入力$3239.92
2025-06-04 11:59:13 | DEBUG    | src.bot.trading_bot:_update_market_data:134 | 市场数据更新完成
2025-06-04 11:59:40 | INFO     | src.data.market_data:_get_option_chain_sdk:148 | 开始获取SPY期权链数据 (使用Alpaca SDK)
2025-06-04 11:59:43 | INFO     | src.data.market_data:_get_option_chain_sdk:148 | 开始获取SPY期权链数据 (使用Alpaca SDK)
2025-06-04 11:59:49 | INFO     | src.data.market_data:_get_option_chain_sdk:162 | ✅ SDK获取期权快照: 9118个快照，用时9.27秒
2025-06-04 11:59:49 | INFO     | src.data.market_data:_get_option_chain_sdk:258 | 成功解析期权链: 4559个看涨期权, 4559个看跌期权
2025-06-04 11:59:49 | DEBUG    | src.bot.trading_bot:_update_positions:184 | 头寸更新完成
2025-06-04 11:59:50 | INFO     | src.trading.executor:update_account_info:125 | 账户更新: 总值$10033.98, 买入力$3239.92
2025-06-04 11:59:50 | DEBUG    | src.bot.trading_bot:_update_market_data:134 | 市场数据更新完成
2025-06-04 11:59:52 | INFO     | src.data.market_data:_get_option_chain_sdk:162 | ✅ SDK获取期权快照: 9118个快照，用时9.64秒
2025-06-04 11:59:52 | INFO     | src.data.market_data:_get_option_chain_sdk:258 | 成功解析期权链: 4559个看涨期权, 4559个看跌期权
2025-06-04 11:59:52 | DEBUG    | src.bot.trading_bot:_update_positions:184 | 头寸更新完成
2025-06-04 11:59:54 | INFO     | src.trading.executor:update_account_info:125 | 账户更新: 总值$10033.98, 买入力$3239.92
2025-06-04 11:59:54 | DEBUG    | src.bot.trading_bot:_update_market_data:134 | 市场数据更新完成
2025-06-04 12:00:21 | INFO     | src.trading.executor:update_account_info:125 | 账户更新: 总值$10034.98, 买入力$3239.92
2025-06-04 12:00:21 | DEBUG    | src.bot.trading_bot:_update_market_data:134 | 市场数据更新完成
2025-06-04 12:00:24 | INFO     | src.trading.executor:update_account_info:125 | 账户更新: 总值$10034.98, 买入力$3239.92
2025-06-04 12:00:24 | DEBUG    | src.bot.trading_bot:_update_market_data:134 | 市场数据更新完成
2025-06-04 12:00:50 | INFO     | src.data.market_data:_get_option_chain_sdk:148 | 开始获取SPY期权链数据 (使用Alpaca SDK)
2025-06-04 12:00:53 | INFO     | src.data.market_data:_get_option_chain_sdk:148 | 开始获取SPY期权链数据 (使用Alpaca SDK)
2025-06-04 12:00:59 | INFO     | src.data.market_data:_get_option_chain_sdk:162 | ✅ SDK获取期权快照: 9118个快照，用时9.28秒
2025-06-04 12:00:59 | INFO     | src.data.market_data:_get_option_chain_sdk:258 | 成功解析期权链: 4559个看涨期权, 4559个看跌期权
2025-06-04 12:00:59 | DEBUG    | src.bot.trading_bot:_update_positions:184 | 头寸更新完成
2025-06-04 12:01:01 | INFO     | src.trading.executor:update_account_info:125 | 账户更新: 总值$10034.98, 买入力$3239.92
2025-06-04 12:01:01 | DEBUG    | src.bot.trading_bot:_update_market_data:134 | 市场数据更新完成
2025-06-04 12:01:03 | INFO     | src.data.market_data:_get_option_chain_sdk:162 | ✅ SDK获取期权快照: 9118个快照，用时9.70秒
2025-06-04 12:01:03 | INFO     | src.data.market_data:_get_option_chain_sdk:258 | 成功解析期权链: 4559个看涨期权, 4559个看跌期权
2025-06-04 12:01:03 | DEBUG    | src.bot.trading_bot:_update_positions:184 | 头寸更新完成
2025-06-04 12:01:05 | INFO     | src.trading.executor:update_account_info:125 | 账户更新: 总值$10033.98, 买入力$3239.92
2025-06-04 12:01:05 | DEBUG    | src.bot.trading_bot:_update_market_data:134 | 市场数据更新完成
2025-06-04 12:01:31 | INFO     | src.trading.executor:update_account_info:125 | 账户更新: 总值$10033.98, 买入力$3239.92
2025-06-04 12:01:31 | DEBUG    | src.bot.trading_bot:_update_market_data:134 | 市场数据更新完成
2025-06-04 12:01:35 | INFO     | src.trading.executor:update_account_info:125 | 账户更新: 总值$10033.98, 买入力$3239.92
2025-06-04 12:01:35 | DEBUG    | src.bot.trading_bot:_update_market_data:134 | 市场数据更新完成
2025-06-04 12:02:00 | INFO     | src.data.market_data:_get_option_chain_sdk:148 | 开始获取SPY期权链数据 (使用Alpaca SDK)
2025-06-04 12:02:04 | INFO     | src.data.market_data:_get_option_chain_sdk:148 | 开始获取SPY期权链数据 (使用Alpaca SDK)
2025-06-04 12:02:10 | INFO     | src.data.market_data:_get_option_chain_sdk:162 | ✅ SDK获取期权快照: 9118个快照，用时9.45秒
2025-06-04 12:02:10 | INFO     | src.data.market_data:_get_option_chain_sdk:258 | 成功解析期权链: 4559个看涨期权, 4559个看跌期权
2025-06-04 12:02:10 | DEBUG    | src.bot.trading_bot:_update_positions:184 | 头寸更新完成
2025-06-04 12:02:11 | INFO     | src.trading.executor:update_account_info:125 | 账户更新: 总值$10033.98, 买入力$3239.92
2025-06-04 12:02:11 | DEBUG    | src.bot.trading_bot:_update_market_data:134 | 市场数据更新完成
2025-06-04 12:02:14 | INFO     | src.data.market_data:_get_option_chain_sdk:162 | ✅ SDK获取期权快照: 9118个快照，用时9.43秒
2025-06-04 12:02:14 | INFO     | src.data.market_data:_get_option_chain_sdk:258 | 成功解析期权链: 4559个看涨期权, 4559个看跌期权
2025-06-04 12:02:14 | DEBUG    | src.bot.trading_bot:_update_positions:184 | 头寸更新完成
2025-06-04 12:02:15 | INFO     | src.trading.executor:update_account_info:125 | 账户更新: 总值$10033.98, 买入力$3239.92
2025-06-04 12:02:15 | DEBUG    | src.bot.trading_bot:_update_market_data:134 | 市场数据更新完成
2025-06-04 12:02:41 | INFO     | src.trading.executor:update_account_info:125 | 账户更新: 总值$10033.98, 买入力$3239.92
2025-06-04 12:02:41 | DEBUG    | src.bot.trading_bot:_update_market_data:134 | 市场数据更新完成
2025-06-04 12:02:45 | INFO     | src.trading.executor:update_account_info:125 | 账户更新: 总值$10033.98, 买入力$3239.92
2025-06-04 12:02:45 | DEBUG    | src.bot.trading_bot:_update_market_data:134 | 市场数据更新完成
2025-06-04 12:03:11 | INFO     | src.data.market_data:_get_option_chain_sdk:148 | 开始获取SPY期权链数据 (使用Alpaca SDK)
2025-06-04 12:03:15 | INFO     | src.data.market_data:_get_option_chain_sdk:148 | 开始获取SPY期权链数据 (使用Alpaca SDK)
2025-06-04 12:03:21 | INFO     | src.data.market_data:_get_option_chain_sdk:162 | ✅ SDK获取期权快照: 9118个快照，用时9.79秒
2025-06-04 12:03:21 | INFO     | src.data.market_data:_get_option_chain_sdk:258 | 成功解析期权链: 4559个看涨期权, 4559个看跌期权
2025-06-04 12:03:21 | DEBUG    | src.bot.trading_bot:_update_positions:184 | 头寸更新完成
2025-06-04 12:03:22 | INFO     | src.trading.executor:update_account_info:125 | 账户更新: 总值$10033.98, 买入力$3239.92
2025-06-04 12:03:22 | DEBUG    | src.bot.trading_bot:_update_market_data:134 | 市场数据更新完成
2025-06-04 12:03:24 | INFO     | src.data.market_data:_get_option_chain_sdk:162 | ✅ SDK获取期权快照: 9118个快照，用时9.22秒
2025-06-04 12:03:24 | INFO     | src.data.market_data:_get_option_chain_sdk:258 | 成功解析期权链: 4559个看涨期权, 4559个看跌期权
2025-06-04 12:03:24 | DEBUG    | src.bot.trading_bot:_update_positions:184 | 头寸更新完成
2025-06-04 12:03:25 | INFO     | src.trading.executor:update_account_info:125 | 账户更新: 总值$10033.98, 买入力$3239.92
2025-06-04 12:03:25 | DEBUG    | src.bot.trading_bot:_update_market_data:134 | 市场数据更新完成
2025-06-04 12:03:52 | INFO     | src.trading.executor:update_account_info:125 | 账户更新: 总值$10033.98, 买入力$3239.92
2025-06-04 12:03:52 | DEBUG    | src.bot.trading_bot:_update_market_data:134 | 市场数据更新完成
2025-06-04 12:03:56 | INFO     | src.trading.executor:update_account_info:125 | 账户更新: 总值$10033.98, 买入力$3239.92
2025-06-04 12:03:56 | DEBUG    | src.bot.trading_bot:_update_market_data:134 | 市场数据更新完成
2025-06-04 12:04:22 | INFO     | src.data.market_data:_get_option_chain_sdk:148 | 开始获取SPY期权链数据 (使用Alpaca SDK)
2025-06-04 12:04:25 | INFO     | src.data.market_data:_get_option_chain_sdk:148 | 开始获取SPY期权链数据 (使用Alpaca SDK)
2025-06-04 12:04:31 | INFO     | src.data.market_data:_get_option_chain_sdk:162 | ✅ SDK获取期权快照: 9118个快照，用时9.16秒
2025-06-04 12:04:31 | INFO     | src.data.market_data:_get_option_chain_sdk:258 | 成功解析期权链: 4559个看涨期权, 4559个看跌期权
2025-06-04 12:04:31 | DEBUG    | src.bot.trading_bot:_update_positions:184 | 头寸更新完成
2025-06-04 12:04:32 | INFO     | src.trading.executor:update_account_info:125 | 账户更新: 总值$10033.98, 买入力$3239.92
2025-06-04 12:04:32 | DEBUG    | src.bot.trading_bot:_update_market_data:134 | 市场数据更新完成
2025-06-04 12:04:35 | INFO     | src.data.market_data:_get_option_chain_sdk:162 | ✅ SDK获取期权快照: 9118个快照，用时9.47秒
2025-06-04 12:04:35 | INFO     | src.data.market_data:_get_option_chain_sdk:258 | 成功解析期权链: 4559个看涨期权, 4559个看跌期权
2025-06-04 12:04:35 | DEBUG    | src.bot.trading_bot:_update_positions:184 | 头寸更新完成
2025-06-04 12:04:36 | INFO     | src.trading.executor:update_account_info:125 | 账户更新: 总值$10033.98, 买入力$3239.92
2025-06-04 12:04:36 | DEBUG    | src.bot.trading_bot:_update_market_data:134 | 市场数据更新完成
2025-06-04 12:05:02 | INFO     | src.trading.executor:update_account_info:125 | 账户更新: 总值$10033.98, 买入力$3239.92
2025-06-04 12:05:02 | DEBUG    | src.bot.trading_bot:_update_market_data:134 | 市场数据更新完成
2025-06-04 12:05:06 | INFO     | src.trading.executor:update_account_info:125 | 账户更新: 总值$10033.98, 买入力$3239.92
2025-06-04 12:05:06 | DEBUG    | src.bot.trading_bot:_update_market_data:134 | 市场数据更新完成
2025-06-04 12:05:32 | INFO     | src.data.market_data:_get_option_chain_sdk:148 | 开始获取SPY期权链数据 (使用Alpaca SDK)
2025-06-04 12:05:36 | INFO     | src.data.market_data:_get_option_chain_sdk:148 | 开始获取SPY期权链数据 (使用Alpaca SDK)
2025-06-04 12:05:41 | INFO     | src.data.market_data:_get_option_chain_sdk:162 | ✅ SDK获取期权快照: 9118个快照，用时9.20秒
2025-06-04 12:05:41 | INFO     | src.data.market_data:_get_option_chain_sdk:258 | 成功解析期权链: 4559个看涨期权, 4559个看跌期权
2025-06-04 12:05:41 | DEBUG    | src.bot.trading_bot:_update_positions:184 | 头寸更新完成
2025-06-04 12:05:42 | INFO     | src.trading.executor:update_account_info:125 | 账户更新: 总值$10020.98, 买入力$3239.92
2025-06-04 12:05:42 | DEBUG    | src.bot.trading_bot:_update_market_data:134 | 市场数据更新完成
2025-06-04 12:05:45 | INFO     | src.data.market_data:_get_option_chain_sdk:162 | ✅ SDK获取期权快照: 9118个快照，用时9.72秒
2025-06-04 12:05:45 | INFO     | src.data.market_data:_get_option_chain_sdk:258 | 成功解析期权链: 4559个看涨期权, 4559个看跌期权
2025-06-04 12:05:45 | DEBUG    | src.bot.trading_bot:_update_positions:184 | 头寸更新完成
2025-06-04 12:05:47 | INFO     | src.trading.executor:update_account_info:125 | 账户更新: 总值$10020.98, 买入力$3239.92
2025-06-04 12:05:47 | DEBUG    | src.bot.trading_bot:_update_market_data:134 | 市场数据更新完成
2025-06-04 12:06:05 | INFO     | src.utils.notifications:send_message:63 | [GENERAL] 📊 每小时报告
时间: 12:06
当前头寸: 1
当日交易: 0
当日盈亏: $14.00
账户总值: $10,020.98
2025-06-04 12:06:13 | INFO     | src.trading.executor:update_account_info:125 | 账户更新: 总值$10045.98, 买入力$3239.92
2025-06-04 12:06:13 | DEBUG    | src.bot.trading_bot:_update_market_data:134 | 市场数据更新完成
2025-06-04 12:06:17 | INFO     | src.trading.executor:update_account_info:125 | 账户更新: 总值$10045.98, 买入力$3239.92
2025-06-04 12:06:17 | DEBUG    | src.bot.trading_bot:_update_market_data:134 | 市场数据更新完成
2025-06-04 12:06:42 | INFO     | src.data.market_data:_get_option_chain_sdk:148 | 开始获取SPY期权链数据 (使用Alpaca SDK)
2025-06-04 12:06:46 | INFO     | src.data.market_data:_get_option_chain_sdk:148 | 开始获取SPY期权链数据 (使用Alpaca SDK)
2025-06-04 12:06:52 | INFO     | src.data.market_data:_get_option_chain_sdk:162 | ✅ SDK获取期权快照: 9118个快照，用时9.54秒
2025-06-04 12:06:52 | INFO     | src.data.market_data:_get_option_chain_sdk:258 | 成功解析期权链: 4559个看涨期权, 4559个看跌期权
2025-06-04 12:06:52 | DEBUG    | src.bot.trading_bot:_update_positions:184 | 头寸更新完成
2025-06-04 12:06:53 | INFO     | src.trading.executor:update_account_info:125 | 账户更新: 总值$10045.98, 买入力$3239.92
2025-06-04 12:06:53 | DEBUG    | src.bot.trading_bot:_update_market_data:134 | 市场数据更新完成
2025-06-04 12:06:56 | INFO     | src.data.market_data:_get_option_chain_sdk:162 | ✅ SDK获取期权快照: 9118个快照，用时9.36秒
2025-06-04 12:06:56 | INFO     | src.data.market_data:_get_option_chain_sdk:258 | 成功解析期权链: 4559个看涨期权, 4559个看跌期权
2025-06-04 12:06:56 | DEBUG    | src.bot.trading_bot:_update_positions:184 | 头寸更新完成
2025-06-04 12:06:57 | INFO     | src.trading.executor:update_account_info:125 | 账户更新: 总值$10045.98, 买入力$3239.92
2025-06-04 12:06:57 | DEBUG    | src.bot.trading_bot:_update_market_data:134 | 市场数据更新完成
2025-06-04 12:07:24 | INFO     | src.trading.executor:update_account_info:125 | 账户更新: 总值$10045.98, 买入力$3239.92
2025-06-04 12:07:24 | DEBUG    | src.bot.trading_bot:_update_market_data:134 | 市场数据更新完成
2025-06-04 12:07:28 | INFO     | src.trading.executor:update_account_info:125 | 账户更新: 总值$10045.98, 买入力$3239.92
2025-06-04 12:07:28 | DEBUG    | src.bot.trading_bot:_update_market_data:134 | 市场数据更新完成
2025-06-04 12:07:52 | INFO     | src.data.market_data:_get_option_chain_sdk:148 | 开始获取SPY期权链数据 (使用Alpaca SDK)
2025-06-04 12:07:57 | INFO     | src.data.market_data:_get_option_chain_sdk:148 | 开始获取SPY期权链数据 (使用Alpaca SDK)
2025-06-04 12:08:02 | INFO     | src.data.market_data:_get_option_chain_sdk:162 | ✅ SDK获取期权快照: 9118个快照，用时9.45秒
2025-06-04 12:08:02 | INFO     | src.data.market_data:_get_option_chain_sdk:258 | 成功解析期权链: 4559个看涨期权, 4559个看跌期权
2025-06-04 12:08:02 | DEBUG    | src.bot.trading_bot:_update_positions:184 | 头寸更新完成
2025-06-04 12:08:03 | INFO     | src.trading.executor:update_account_info:125 | 账户更新: 总值$10045.98, 买入力$3239.92
2025-06-04 12:08:03 | DEBUG    | src.bot.trading_bot:_update_market_data:134 | 市场数据更新完成
2025-06-04 12:08:07 | INFO     | src.data.market_data:_get_option_chain_sdk:162 | ✅ SDK获取期权快照: 9118个快照，用时9.75秒
2025-06-04 12:08:07 | INFO     | src.data.market_data:_get_option_chain_sdk:258 | 成功解析期权链: 4559个看涨期权, 4559个看跌期权
2025-06-04 12:08:07 | DEBUG    | src.bot.trading_bot:_update_positions:184 | 头寸更新完成
2025-06-04 12:08:08 | INFO     | src.trading.executor:update_account_info:125 | 账户更新: 总值$10045.98, 买入力$3239.92
2025-06-04 12:08:08 | DEBUG    | src.bot.trading_bot:_update_market_data:134 | 市场数据更新完成
2025-06-04 12:08:33 | INFO     | src.trading.executor:update_account_info:125 | 账户更新: 总值$10043.98, 买入力$3239.92
2025-06-04 12:08:33 | DEBUG    | src.bot.trading_bot:_update_market_data:134 | 市场数据更新完成
2025-06-04 12:08:38 | INFO     | src.trading.executor:update_account_info:125 | 账户更新: 总值$10043.98, 买入力$3239.92
2025-06-04 12:08:38 | DEBUG    | src.bot.trading_bot:_update_market_data:134 | 市场数据更新完成
2025-06-04 12:09:03 | INFO     | src.data.market_data:_get_option_chain_sdk:148 | 开始获取SPY期权链数据 (使用Alpaca SDK)
2025-06-04 12:09:08 | INFO     | src.data.market_data:_get_option_chain_sdk:148 | 开始获取SPY期权链数据 (使用Alpaca SDK)
2025-06-04 12:09:12 | INFO     | src.data.market_data:_get_option_chain_sdk:162 | ✅ SDK获取期权快照: 9118个快照，用时9.61秒
2025-06-04 12:09:12 | INFO     | src.data.market_data:_get_option_chain_sdk:258 | 成功解析期权链: 4559个看涨期权, 4559个看跌期权
2025-06-04 12:09:12 | DEBUG    | src.bot.trading_bot:_update_positions:184 | 头寸更新完成
2025-06-04 12:09:14 | INFO     | src.trading.executor:update_account_info:125 | 账户更新: 总值$10031.98, 买入力$3239.92
2025-06-04 12:09:14 | DEBUG    | src.bot.trading_bot:_update_market_data:134 | 市场数据更新完成
2025-06-04 12:09:17 | INFO     | src.data.market_data:_get_option_chain_sdk:162 | ✅ SDK获取期权快照: 9118个快照，用时9.61秒
2025-06-04 12:09:17 | INFO     | src.data.market_data:_get_option_chain_sdk:258 | 成功解析期权链: 4559个看涨期权, 4559个看跌期权
2025-06-04 12:09:17 | DEBUG    | src.bot.trading_bot:_update_positions:184 | 头寸更新完成
2025-06-04 12:09:19 | INFO     | src.trading.executor:update_account_info:125 | 账户更新: 总值$10031.98, 买入力$3239.92
2025-06-04 12:09:19 | DEBUG    | src.bot.trading_bot:_update_market_data:134 | 市场数据更新完成
2025-06-04 12:09:19 | INFO     | src.utils.notifications:send_message:63 | [GENERAL] 📊 每小时报告
时间: 12:09
当前头寸: 1
当日交易: 0
当日盈亏: $74.00
账户总值: $10,031.98
2025-06-04 12:09:44 | INFO     | src.trading.executor:update_account_info:125 | 账户更新: 总值$10023.98, 买入力$3239.92
2025-06-04 12:09:44 | DEBUG    | src.bot.trading_bot:_update_market_data:134 | 市场数据更新完成
2025-06-04 12:09:49 | INFO     | src.trading.executor:update_account_info:125 | 账户更新: 总值$10018.98, 买入力$3239.92
2025-06-04 12:09:49 | DEBUG    | src.bot.trading_bot:_update_market_data:134 | 市场数据更新完成
2025-06-04 12:10:13 | INFO     | src.data.market_data:_get_option_chain_sdk:148 | 开始获取SPY期权链数据 (使用Alpaca SDK)
2025-06-04 12:10:19 | INFO     | src.data.market_data:_get_option_chain_sdk:148 | 开始获取SPY期权链数据 (使用Alpaca SDK)
2025-06-04 12:10:28 | INFO     | src.data.market_data:_get_option_chain_sdk:162 | ✅ SDK获取期权快照: 9118个快照，用时14.91秒
2025-06-04 12:10:28 | INFO     | src.data.market_data:_get_option_chain_sdk:258 | 成功解析期权链: 4559个看涨期权, 4559个看跌期权
2025-06-04 12:10:28 | DEBUG    | src.bot.trading_bot:_update_positions:184 | 头寸更新完成
2025-06-04 12:10:30 | INFO     | src.trading.executor:update_account_info:125 | 账户更新: 总值$10011.98, 买入力$3239.92
2025-06-04 12:10:30 | DEBUG    | src.bot.trading_bot:_update_market_data:134 | 市场数据更新完成
2025-06-04 12:10:31 | INFO     | src.data.market_data:_get_option_chain_sdk:162 | ✅ SDK获取期权快照: 9118个快照，用时12.56秒
2025-06-04 12:10:31 | INFO     | src.data.market_data:_get_option_chain_sdk:258 | 成功解析期权链: 4559个看涨期权, 4559个看跌期权
2025-06-04 12:10:31 | DEBUG    | src.bot.trading_bot:_update_positions:184 | 头寸更新完成
2025-06-04 12:10:33 | INFO     | src.trading.executor:update_account_info:125 | 账户更新: 总值$10004.98, 买入力$3239.92
2025-06-04 12:10:33 | DEBUG    | src.bot.trading_bot:_update_market_data:134 | 市场数据更新完成
2025-06-04 12:11:00 | INFO     | src.trading.executor:update_account_info:125 | 账户更新: 总值$10005.98, 买入力$3239.92
2025-06-04 12:11:00 | DEBUG    | src.bot.trading_bot:_update_market_data:134 | 市场数据更新完成
2025-06-04 12:11:04 | INFO     | src.trading.executor:update_account_info:125 | 账户更新: 总值$10005.98, 买入力$3239.92
2025-06-04 12:11:04 | DEBUG    | src.bot.trading_bot:_update_market_data:134 | 市场数据更新完成
2025-06-04 12:11:29 | INFO     | src.data.market_data:_get_option_chain_sdk:148 | 开始获取SPY期权链数据 (使用Alpaca SDK)
2025-06-04 12:11:32 | INFO     | src.data.market_data:_get_option_chain_sdk:148 | 开始获取SPY期权链数据 (使用Alpaca SDK)
2025-06-04 12:11:39 | INFO     | src.data.market_data:_get_option_chain_sdk:162 | ✅ SDK获取期权快照: 9118个快照，用时9.61秒
2025-06-04 12:11:39 | INFO     | src.data.market_data:_get_option_chain_sdk:258 | 成功解析期权链: 4559个看涨期权, 4559个看跌期权
2025-06-04 12:11:39 | DEBUG    | src.bot.trading_bot:_update_positions:184 | 头寸更新完成
2025-06-04 12:11:40 | INFO     | src.trading.executor:update_account_info:125 | 账户更新: 总值$10032.98, 买入力$3239.92
2025-06-04 12:11:40 | DEBUG    | src.bot.trading_bot:_update_market_data:134 | 市场数据更新完成
2025-06-04 12:11:42 | INFO     | src.data.market_data:_get_option_chain_sdk:162 | ✅ SDK获取期权快照: 9118个快照，用时9.67秒
2025-06-04 12:11:42 | INFO     | src.data.market_data:_get_option_chain_sdk:258 | 成功解析期权链: 4559个看涨期权, 4559个看跌期权
2025-06-04 12:11:42 | DEBUG    | src.bot.trading_bot:_update_positions:184 | 头寸更新完成
2025-06-04 12:11:43 | INFO     | src.trading.executor:update_account_info:125 | 账户更新: 总值$10032.98, 买入力$3239.92
2025-06-04 12:11:43 | DEBUG    | src.bot.trading_bot:_update_market_data:134 | 市场数据更新完成
2025-06-04 12:12:11 | INFO     | src.trading.executor:update_account_info:125 | 账户更新: 总值$10032.98, 买入力$3239.92
2025-06-04 12:12:11 | DEBUG    | src.bot.trading_bot:_update_market_data:134 | 市场数据更新完成
2025-06-04 12:12:13 | INFO     | src.trading.executor:update_account_info:125 | 账户更新: 总值$10032.98, 买入力$3239.92
2025-06-04 12:12:13 | DEBUG    | src.bot.trading_bot:_update_market_data:134 | 市场数据更新完成
2025-06-04 12:12:40 | INFO     | src.data.market_data:_get_option_chain_sdk:148 | 开始获取SPY期权链数据 (使用Alpaca SDK)
2025-06-04 12:12:43 | INFO     | src.data.market_data:_get_option_chain_sdk:148 | 开始获取SPY期权链数据 (使用Alpaca SDK)
2025-06-04 12:12:49 | INFO     | src.data.market_data:_get_option_chain_sdk:162 | ✅ SDK获取期权快照: 9118个快照，用时9.37秒
2025-06-04 12:12:50 | INFO     | src.data.market_data:_get_option_chain_sdk:258 | 成功解析期权链: 4559个看涨期权, 4559个看跌期权
2025-06-04 12:12:50 | DEBUG    | src.bot.trading_bot:_update_positions:184 | 头寸更新完成
2025-06-04 12:12:51 | INFO     | src.trading.executor:update_account_info:125 | 账户更新: 总值$10032.98, 买入力$3239.92
2025-06-04 12:12:51 | DEBUG    | src.bot.trading_bot:_update_market_data:134 | 市场数据更新完成
2025-06-04 12:12:53 | INFO     | src.data.market_data:_get_option_chain_sdk:162 | ✅ SDK获取期权快照: 9118个快照，用时9.62秒
2025-06-04 12:12:53 | INFO     | src.data.market_data:_get_option_chain_sdk:258 | 成功解析期权链: 4559个看涨期权, 4559个看跌期权
2025-06-04 12:12:53 | DEBUG    | src.bot.trading_bot:_update_positions:184 | 头寸更新完成
2025-06-04 12:12:54 | INFO     | src.trading.executor:update_account_info:125 | 账户更新: 总值$10032.98, 买入力$3239.92
2025-06-04 12:12:54 | DEBUG    | src.bot.trading_bot:_update_market_data:134 | 市场数据更新完成
2025-06-04 12:13:21 | INFO     | src.trading.executor:update_account_info:125 | 账户更新: 总值$10033.98, 买入力$3239.92
2025-06-04 12:13:21 | DEBUG    | src.bot.trading_bot:_update_market_data:134 | 市场数据更新完成
2025-06-04 12:13:24 | INFO     | src.trading.executor:update_account_info:125 | 账户更新: 总值$10033.98, 买入力$3239.92
2025-06-04 12:13:24 | DEBUG    | src.bot.trading_bot:_update_market_data:134 | 市场数据更新完成
2025-06-04 12:13:51 | INFO     | src.data.market_data:_get_option_chain_sdk:148 | 开始获取SPY期权链数据 (使用Alpaca SDK)
2025-06-04 12:13:54 | INFO     | src.data.market_data:_get_option_chain_sdk:148 | 开始获取SPY期权链数据 (使用Alpaca SDK)
2025-06-04 12:14:00 | INFO     | src.data.market_data:_get_option_chain_sdk:162 | ✅ SDK获取期权快照: 9118个快照，用时9.35秒
2025-06-04 12:14:00 | INFO     | src.data.market_data:_get_option_chain_sdk:258 | 成功解析期权链: 4559个看涨期权, 4559个看跌期权
2025-06-04 12:14:00 | DEBUG    | src.bot.trading_bot:_update_positions:184 | 头寸更新完成
2025-06-04 12:14:02 | INFO     | src.trading.executor:update_account_info:125 | 账户更新: 总值$10033.98, 买入力$3239.92
2025-06-04 12:14:02 | DEBUG    | src.bot.trading_bot:_update_market_data:134 | 市场数据更新完成
2025-06-04 12:14:03 | INFO     | src.data.market_data:_get_option_chain_sdk:162 | ✅ SDK获取期权快照: 9118个快照，用时9.66秒
2025-06-04 12:14:03 | INFO     | src.data.market_data:_get_option_chain_sdk:258 | 成功解析期权链: 4559个看涨期权, 4559个看跌期权
2025-06-04 12:14:03 | DEBUG    | src.bot.trading_bot:_update_positions:184 | 头寸更新完成
2025-06-04 12:14:05 | INFO     | src.trading.executor:update_account_info:125 | 账户更新: 总值$10033.98, 买入力$3239.92
2025-06-04 12:14:05 | DEBUG    | src.bot.trading_bot:_update_market_data:134 | 市场数据更新完成
2025-06-04 12:14:32 | INFO     | src.trading.executor:update_account_info:125 | 账户更新: 总值$10033.98, 买入力$3239.92
2025-06-04 12:14:32 | DEBUG    | src.bot.trading_bot:_update_market_data:134 | 市场数据更新完成
2025-06-04 12:14:35 | INFO     | src.trading.executor:update_account_info:125 | 账户更新: 总值$10033.98, 买入力$3239.92
2025-06-04 12:14:35 | DEBUG    | src.bot.trading_bot:_update_market_data:134 | 市场数据更新完成
2025-06-04 12:15:00 | INFO     | src.data.market_data:_get_option_chain_sdk:148 | 开始获取SPY期权链数据 (使用Alpaca SDK)
2025-06-04 12:15:04 | INFO     | src.data.market_data:_get_option_chain_sdk:148 | 开始获取SPY期权链数据 (使用Alpaca SDK)
2025-06-04 12:15:10 | INFO     | src.data.market_data:_get_option_chain_sdk:162 | ✅ SDK获取期权快照: 9118个快照，用时9.72秒
2025-06-04 12:15:10 | INFO     | src.data.market_data:_get_option_chain_sdk:258 | 成功解析期权链: 4559个看涨期权, 4559个看跌期权
2025-06-04 12:15:10 | DEBUG    | src.bot.trading_bot:_update_positions:184 | 头寸更新完成
2025-06-04 12:15:12 | INFO     | src.trading.executor:update_account_info:125 | 账户更新: 总值$10033.98, 买入力$3239.92
2025-06-04 12:15:12 | DEBUG    | src.bot.trading_bot:_update_market_data:134 | 市场数据更新完成
2025-06-04 12:15:14 | INFO     | src.data.market_data:_get_option_chain_sdk:162 | ✅ SDK获取期权快照: 9118个快照，用时9.73秒
2025-06-04 12:15:14 | INFO     | src.data.market_data:_get_option_chain_sdk:258 | 成功解析期权链: 4559个看涨期权, 4559个看跌期权
2025-06-04 12:15:14 | DEBUG    | src.bot.trading_bot:_update_positions:184 | 头寸更新完成
2025-06-04 12:15:16 | INFO     | src.trading.executor:update_account_info:125 | 账户更新: 总值$10033.98, 买入力$3239.92
2025-06-04 12:15:16 | DEBUG    | src.bot.trading_bot:_update_market_data:134 | 市场数据更新完成
2025-06-04 12:15:42 | INFO     | src.trading.executor:update_account_info:125 | 账户更新: 总值$10033.98, 买入力$3239.92
2025-06-04 12:15:42 | DEBUG    | src.bot.trading_bot:_update_market_data:134 | 市场数据更新完成
2025-06-04 12:15:46 | INFO     | src.trading.executor:update_account_info:125 | 账户更新: 总值$10032.98, 买入力$3239.92
2025-06-04 12:15:46 | DEBUG    | src.bot.trading_bot:_update_market_data:134 | 市场数据更新完成
2025-06-04 12:16:10 | INFO     | src.data.market_data:_get_option_chain_sdk:148 | 开始获取SPY期权链数据 (使用Alpaca SDK)
2025-06-04 12:16:15 | INFO     | src.data.market_data:_get_option_chain_sdk:148 | 开始获取SPY期权链数据 (使用Alpaca SDK)
2025-06-04 12:16:19 | INFO     | src.data.market_data:_get_option_chain_sdk:162 | ✅ SDK获取期权快照: 9118个快照，用时9.17秒
2025-06-04 12:16:20 | INFO     | src.data.market_data:_get_option_chain_sdk:258 | 成功解析期权链: 4559个看涨期权, 4559个看跌期权
2025-06-04 12:16:20 | DEBUG    | src.bot.trading_bot:_update_positions:184 | 头寸更新完成
2025-06-04 12:16:21 | INFO     | src.trading.executor:update_account_info:125 | 账户更新: 总值$10032.98, 买入力$3239.92
2025-06-04 12:16:21 | DEBUG    | src.bot.trading_bot:_update_market_data:134 | 市场数据更新完成
2025-06-04 12:16:25 | INFO     | src.data.market_data:_get_option_chain_sdk:162 | ✅ SDK获取期权快照: 9118个快照，用时9.80秒
2025-06-04 12:16:25 | INFO     | src.data.market_data:_get_option_chain_sdk:258 | 成功解析期权链: 4559个看涨期权, 4559个看跌期权
2025-06-04 12:16:25 | DEBUG    | src.bot.trading_bot:_update_positions:184 | 头寸更新完成
2025-06-04 12:16:27 | INFO     | src.trading.executor:update_account_info:125 | 账户更新: 总值$10031.98, 买入力$3239.92
2025-06-04 12:16:27 | DEBUG    | src.bot.trading_bot:_update_market_data:134 | 市场数据更新完成
2025-06-04 12:16:51 | INFO     | src.trading.executor:update_account_info:125 | 账户更新: 总值$10029.98, 买入力$3239.92
2025-06-04 12:16:51 | DEBUG    | src.bot.trading_bot:_update_market_data:134 | 市场数据更新完成
2025-06-04 12:16:58 | INFO     | src.trading.executor:update_account_info:125 | 账户更新: 总值$10029.98, 买入力$3239.92
2025-06-04 12:16:58 | DEBUG    | src.bot.trading_bot:_update_market_data:134 | 市场数据更新完成
2025-06-04 12:17:21 | INFO     | src.data.market_data:_get_option_chain_sdk:148 | 开始获取SPY期权链数据 (使用Alpaca SDK)
2025-06-04 12:17:26 | INFO     | src.data.market_data:_get_option_chain_sdk:148 | 开始获取SPY期权链数据 (使用Alpaca SDK)
2025-06-04 12:17:30 | INFO     | src.data.market_data:_get_option_chain_sdk:162 | ✅ SDK获取期权快照: 9118个快照，用时9.42秒
2025-06-04 12:17:30 | INFO     | src.data.market_data:_get_option_chain_sdk:258 | 成功解析期权链: 4559个看涨期权, 4559个看跌期权
2025-06-04 12:17:30 | DEBUG    | src.bot.trading_bot:_update_positions:184 | 头寸更新完成
2025-06-04 12:17:31 | INFO     | src.trading.executor:update_account_info:125 | 账户更新: 总值$10000.98, 买入力$3239.92
2025-06-04 12:17:31 | DEBUG    | src.bot.trading_bot:_update_market_data:134 | 市场数据更新完成
2025-06-04 12:17:36 | INFO     | src.data.market_data:_get_option_chain_sdk:162 | ✅ SDK获取期权快照: 9118个快照，用时10.03秒
2025-06-04 12:17:36 | INFO     | src.data.market_data:_get_option_chain_sdk:258 | 成功解析期权链: 4559个看涨期权, 4559个看跌期权
2025-06-04 12:17:36 | DEBUG    | src.bot.trading_bot:_update_positions:184 | 头寸更新完成
2025-06-04 12:17:37 | INFO     | src.trading.executor:update_account_info:125 | 账户更新: 总值$10000.98, 买入力$3239.92
2025-06-04 12:17:37 | DEBUG    | src.bot.trading_bot:_update_market_data:134 | 市场数据更新完成
2025-06-04 12:18:02 | INFO     | src.trading.executor:update_account_info:125 | 账户更新: 总值$10000.98, 买入力$3239.92
2025-06-04 12:18:02 | DEBUG    | src.bot.trading_bot:_update_market_data:134 | 市场数据更新完成
2025-06-04 12:18:08 | INFO     | src.trading.executor:update_account_info:125 | 账户更新: 总值$10000.98, 买入力$3239.92
2025-06-04 12:18:08 | DEBUG    | src.bot.trading_bot:_update_market_data:134 | 市场数据更新完成
2025-06-04 12:18:31 | INFO     | src.data.market_data:_get_option_chain_sdk:148 | 开始获取SPY期权链数据 (使用Alpaca SDK)
2025-06-04 12:18:37 | INFO     | src.data.market_data:_get_option_chain_sdk:148 | 开始获取SPY期权链数据 (使用Alpaca SDK)
2025-06-04 12:18:41 | INFO     | src.data.market_data:_get_option_chain_sdk:162 | ✅ SDK获取期权快照: 9118个快照，用时9.60秒
2025-06-04 12:18:41 | INFO     | src.data.market_data:_get_option_chain_sdk:258 | 成功解析期权链: 4559个看涨期权, 4559个看跌期权
2025-06-04 12:18:41 | DEBUG    | src.bot.trading_bot:_update_positions:184 | 头寸更新完成
2025-06-04 12:18:42 | INFO     | src.trading.executor:update_account_info:125 | 账户更新: 总值$10000.98, 买入力$3239.92
2025-06-04 12:18:42 | DEBUG    | src.bot.trading_bot:_update_market_data:134 | 市场数据更新完成
2025-06-04 12:18:47 | INFO     | src.data.market_data:_get_option_chain_sdk:162 | ✅ SDK获取期权快照: 9118个快照，用时9.84秒
2025-06-04 12:18:47 | INFO     | src.data.market_data:_get_option_chain_sdk:258 | 成功解析期权链: 4559个看涨期权, 4559个看跌期权
2025-06-04 12:18:47 | DEBUG    | src.bot.trading_bot:_update_positions:184 | 头寸更新完成
2025-06-04 12:18:49 | INFO     | src.trading.executor:update_account_info:125 | 账户更新: 总值$10000.98, 买入力$3239.92
2025-06-04 12:18:49 | DEBUG    | src.bot.trading_bot:_update_market_data:134 | 市场数据更新完成
2025-06-04 12:19:13 | INFO     | src.trading.executor:update_account_info:125 | 账户更新: 总值$10001.98, 买入力$3239.92
2025-06-04 12:19:13 | DEBUG    | src.bot.trading_bot:_update_market_data:134 | 市场数据更新完成
2025-06-04 12:19:19 | INFO     | src.trading.executor:update_account_info:125 | 账户更新: 总值$10001.98, 买入力$3239.92
2025-06-04 12:19:19 | DEBUG    | src.bot.trading_bot:_update_market_data:134 | 市场数据更新完成
2025-06-04 12:19:42 | INFO     | src.data.market_data:_get_option_chain_sdk:148 | 开始获取SPY期权链数据 (使用Alpaca SDK)
2025-06-04 12:19:48 | INFO     | src.data.market_data:_get_option_chain_sdk:148 | 开始获取SPY期权链数据 (使用Alpaca SDK)
2025-06-04 12:19:51 | INFO     | src.data.market_data:_get_option_chain_sdk:162 | ✅ SDK获取期权快照: 9118个快照，用时9.23秒
2025-06-04 12:19:51 | INFO     | src.data.market_data:_get_option_chain_sdk:258 | 成功解析期权链: 4559个看涨期权, 4559个看跌期权
2025-06-04 12:19:51 | DEBUG    | src.bot.trading_bot:_update_positions:184 | 头寸更新完成
2025-06-04 12:19:53 | INFO     | src.trading.executor:update_account_info:125 | 账户更新: 总值$10001.98, 买入力$3239.92
2025-06-04 12:19:53 | DEBUG    | src.bot.trading_bot:_update_market_data:134 | 市场数据更新完成
2025-06-04 12:19:58 | INFO     | src.data.market_data:_get_option_chain_sdk:162 | ✅ SDK获取期权快照: 9118个快照，用时9.71秒
2025-06-04 12:19:58 | INFO     | src.data.market_data:_get_option_chain_sdk:258 | 成功解析期权链: 4559个看涨期权, 4559个看跌期权
2025-06-04 12:19:58 | DEBUG    | src.bot.trading_bot:_update_positions:184 | 头寸更新完成
2025-06-04 12:19:59 | INFO     | src.trading.executor:update_account_info:125 | 账户更新: 总值$10001.98, 买入力$3239.92
2025-06-04 12:19:59 | DEBUG    | src.bot.trading_bot:_update_market_data:134 | 市场数据更新完成
2025-06-04 12:20:23 | INFO     | src.trading.executor:update_account_info:125 | 账户更新: 总值$10035.98, 买入力$3239.92
2025-06-04 12:20:23 | DEBUG    | src.bot.trading_bot:_update_market_data:134 | 市场数据更新完成
2025-06-04 12:20:30 | INFO     | src.trading.executor:update_account_info:125 | 账户更新: 总值$10031.98, 买入力$3239.92
2025-06-04 12:20:30 | DEBUG    | src.bot.trading_bot:_update_market_data:134 | 市场数据更新完成
2025-06-04 12:20:52 | INFO     | src.data.market_data:_get_option_chain_sdk:148 | 开始获取SPY期权链数据 (使用Alpaca SDK)
2025-06-04 12:20:58 | INFO     | src.data.market_data:_get_option_chain_sdk:148 | 开始获取SPY期权链数据 (使用Alpaca SDK)
2025-06-04 12:21:02 | INFO     | src.data.market_data:_get_option_chain_sdk:162 | ✅ SDK获取期权快照: 9118个快照，用时9.40秒
2025-06-04 12:21:02 | INFO     | src.data.market_data:_get_option_chain_sdk:258 | 成功解析期权链: 4559个看涨期权, 4559个看跌期权
2025-06-04 12:21:02 | DEBUG    | src.bot.trading_bot:_update_positions:184 | 头寸更新完成
2025-06-04 12:21:03 | INFO     | src.trading.executor:update_account_info:125 | 账户更新: 总值$9998.98, 买入力$3239.92
2025-06-04 12:21:03 | DEBUG    | src.bot.trading_bot:_update_market_data:134 | 市场数据更新完成
2025-06-04 12:21:08 | INFO     | src.data.market_data:_get_option_chain_sdk:162 | ✅ SDK获取期权快照: 9118个快照，用时9.40秒
2025-06-04 12:21:08 | INFO     | src.data.market_data:_get_option_chain_sdk:258 | 成功解析期权链: 4559个看涨期权, 4559个看跌期权
2025-06-04 12:21:08 | DEBUG    | src.bot.trading_bot:_update_positions:184 | 头寸更新完成
2025-06-04 12:21:09 | INFO     | src.trading.executor:update_account_info:125 | 账户更新: 总值$9998.98, 买入力$3239.92
2025-06-04 12:21:09 | DEBUG    | src.bot.trading_bot:_update_market_data:134 | 市场数据更新完成
2025-06-04 12:21:33 | INFO     | src.trading.executor:update_account_info:125 | 账户更新: 总值$10001.98, 买入力$3239.92
2025-06-04 12:21:33 | DEBUG    | src.bot.trading_bot:_update_market_data:134 | 市场数据更新完成
2025-06-04 12:21:39 | INFO     | src.trading.executor:update_account_info:125 | 账户更新: 总值$10001.98, 买入力$3239.92
2025-06-04 12:21:39 | DEBUG    | src.bot.trading_bot:_update_market_data:134 | 市场数据更新完成
2025-06-04 12:22:03 | INFO     | src.data.market_data:_get_option_chain_sdk:148 | 开始获取SPY期权链数据 (使用Alpaca SDK)
2025-06-04 12:22:09 | INFO     | src.data.market_data:_get_option_chain_sdk:148 | 开始获取SPY期权链数据 (使用Alpaca SDK)
2025-06-04 12:22:12 | INFO     | src.data.market_data:_get_option_chain_sdk:162 | ✅ SDK获取期权快照: 9118个快照，用时9.31秒
2025-06-04 12:22:12 | INFO     | src.data.market_data:_get_option_chain_sdk:258 | 成功解析期权链: 4559个看涨期权, 4559个看跌期权
2025-06-04 12:22:12 | DEBUG    | src.bot.trading_bot:_update_positions:184 | 头寸更新完成
2025-06-04 12:22:13 | INFO     | src.trading.executor:update_account_info:125 | 账户更新: 总值$10043.98, 买入力$3239.92
2025-06-04 12:22:13 | DEBUG    | src.bot.trading_bot:_update_market_data:134 | 市场数据更新完成
2025-06-04 12:22:18 | INFO     | src.data.market_data:_get_option_chain_sdk:162 | ✅ SDK获取期权快照: 9118个快照，用时9.55秒
2025-06-04 12:22:18 | INFO     | src.data.market_data:_get_option_chain_sdk:258 | 成功解析期权链: 4559个看涨期权, 4559个看跌期权
2025-06-04 12:22:18 | DEBUG    | src.bot.trading_bot:_update_positions:184 | 头寸更新完成
2025-06-04 12:22:20 | INFO     | src.trading.executor:update_account_info:125 | 账户更新: 总值$10038.98, 买入力$3239.92
2025-06-04 12:22:20 | DEBUG    | src.bot.trading_bot:_update_market_data:134 | 市场数据更新完成
2025-06-04 12:22:44 | INFO     | src.trading.executor:update_account_info:125 | 账户更新: 总值$10040.98, 买入力$3239.92
2025-06-04 12:22:44 | DEBUG    | src.bot.trading_bot:_update_market_data:134 | 市场数据更新完成
2025-06-04 12:22:50 | INFO     | src.trading.executor:update_account_info:125 | 账户更新: 总值$10040.98, 买入力$3239.92
2025-06-04 12:22:50 | DEBUG    | src.bot.trading_bot:_update_market_data:134 | 市场数据更新完成
2025-06-04 12:23:13 | INFO     | src.data.market_data:_get_option_chain_sdk:148 | 开始获取SPY期权链数据 (使用Alpaca SDK)
2025-06-04 12:23:19 | INFO     | src.data.market_data:_get_option_chain_sdk:148 | 开始获取SPY期权链数据 (使用Alpaca SDK)
2025-06-04 12:23:24 | INFO     | src.data.market_data:_get_option_chain_sdk:162 | ✅ SDK获取期权快照: 9118个快照，用时10.47秒
2025-06-04 12:23:24 | INFO     | src.data.market_data:_get_option_chain_sdk:258 | 成功解析期权链: 4559个看涨期权, 4559个看跌期权
2025-06-04 12:23:24 | DEBUG    | src.bot.trading_bot:_update_positions:184 | 头寸更新完成
2025-06-04 12:23:25 | INFO     | src.trading.executor:update_account_info:125 | 账户更新: 总值$10036.98, 买入力$3239.92
2025-06-04 12:23:25 | DEBUG    | src.bot.trading_bot:_update_market_data:134 | 市场数据更新完成
2025-06-04 12:23:30 | INFO     | src.data.market_data:_get_option_chain_sdk:162 | ✅ SDK获取期权快照: 9118个快照，用时10.24秒
2025-06-04 12:23:30 | INFO     | src.data.market_data:_get_option_chain_sdk:258 | 成功解析期权链: 4559个看涨期权, 4559个看跌期权
2025-06-04 12:23:30 | DEBUG    | src.bot.trading_bot:_update_positions:184 | 头寸更新完成
2025-06-04 12:23:31 | INFO     | src.trading.executor:update_account_info:125 | 账户更新: 总值$10033.98, 买入力$3239.92
2025-06-04 12:23:31 | DEBUG    | src.bot.trading_bot:_update_market_data:134 | 市场数据更新完成
2025-06-04 12:23:55 | INFO     | src.trading.executor:update_account_info:125 | 账户更新: 总值$10028.98, 买入力$3239.92
2025-06-04 12:23:55 | DEBUG    | src.bot.trading_bot:_update_market_data:134 | 市场数据更新完成
2025-06-04 12:24:01 | INFO     | src.trading.executor:update_account_info:125 | 账户更新: 总值$10030.98, 买入力$3239.92
2025-06-04 12:24:01 | DEBUG    | src.bot.trading_bot:_update_market_data:134 | 市场数据更新完成
2025-06-04 12:24:25 | INFO     | src.data.market_data:_get_option_chain_sdk:148 | 开始获取SPY期权链数据 (使用Alpaca SDK)
2025-06-04 12:24:31 | INFO     | src.data.market_data:_get_option_chain_sdk:148 | 开始获取SPY期权链数据 (使用Alpaca SDK)
2025-06-04 12:24:34 | INFO     | src.data.market_data:_get_option_chain_sdk:162 | ✅ SDK获取期权快照: 9118个快照，用时9.17秒
2025-06-04 12:24:34 | INFO     | src.data.market_data:_get_option_chain_sdk:258 | 成功解析期权链: 4559个看涨期权, 4559个看跌期权
2025-06-04 12:24:34 | DEBUG    | src.bot.trading_bot:_update_positions:184 | 头寸更新完成
2025-06-04 12:24:35 | INFO     | src.trading.executor:update_account_info:125 | 账户更新: 总值$10028.98, 买入力$3239.92
2025-06-04 12:24:35 | DEBUG    | src.bot.trading_bot:_update_market_data:134 | 市场数据更新完成
2025-06-04 12:24:40 | INFO     | src.data.market_data:_get_option_chain_sdk:162 | ✅ SDK获取期权快照: 9118个快照，用时9.47秒
2025-06-04 12:24:40 | INFO     | src.data.market_data:_get_option_chain_sdk:258 | 成功解析期权链: 4559个看涨期权, 4559个看跌期权
2025-06-04 12:24:40 | DEBUG    | src.bot.trading_bot:_update_positions:184 | 头寸更新完成
2025-06-04 12:24:42 | INFO     | src.trading.executor:update_account_info:125 | 账户更新: 总值$10028.98, 买入力$3239.92
2025-06-04 12:24:42 | DEBUG    | src.bot.trading_bot:_update_market_data:134 | 市场数据更新完成
2025-06-04 12:25:06 | INFO     | src.trading.executor:update_account_info:125 | 账户更新: 总值$10028.98, 买入力$3239.92
2025-06-04 12:25:06 | DEBUG    | src.bot.trading_bot:_update_market_data:134 | 市场数据更新完成
2025-06-04 12:25:12 | INFO     | src.trading.executor:update_account_info:125 | 账户更新: 总值$10028.98, 买入力$3239.92
2025-06-04 12:25:12 | DEBUG    | src.bot.trading_bot:_update_market_data:134 | 市场数据更新完成
2025-06-04 12:25:35 | INFO     | src.data.market_data:_get_option_chain_sdk:148 | 开始获取SPY期权链数据 (使用Alpaca SDK)
2025-06-04 12:25:41 | INFO     | src.data.market_data:_get_option_chain_sdk:148 | 开始获取SPY期权链数据 (使用Alpaca SDK)
2025-06-04 12:25:44 | INFO     | src.data.market_data:_get_option_chain_sdk:162 | ✅ SDK获取期权快照: 9118个快照，用时9.21秒
2025-06-04 12:25:44 | INFO     | src.data.market_data:_get_option_chain_sdk:258 | 成功解析期权链: 4559个看涨期权, 4559个看跌期权
2025-06-04 12:25:44 | DEBUG    | src.bot.trading_bot:_update_positions:184 | 头寸更新完成
2025-06-04 12:25:46 | INFO     | src.trading.executor:update_account_info:125 | 账户更新: 总值$10028.98, 买入力$3239.92
2025-06-04 12:25:46 | DEBUG    | src.bot.trading_bot:_update_market_data:134 | 市场数据更新完成
2025-06-04 12:25:51 | INFO     | src.data.market_data:_get_option_chain_sdk:162 | ✅ SDK获取期权快照: 9118个快照，用时9.52秒
2025-06-04 12:25:51 | INFO     | src.data.market_data:_get_option_chain_sdk:258 | 成功解析期权链: 4559个看涨期权, 4559个看跌期权
2025-06-04 12:25:51 | DEBUG    | src.bot.trading_bot:_update_positions:184 | 头寸更新完成
2025-06-04 12:25:52 | INFO     | src.trading.executor:update_account_info:125 | 账户更新: 总值$10028.98, 买入力$3239.92
2025-06-04 12:25:52 | DEBUG    | src.bot.trading_bot:_update_market_data:134 | 市场数据更新完成
2025-06-04 12:26:16 | INFO     | src.trading.executor:update_account_info:125 | 账户更新: 总值$10028.98, 买入力$3239.92
2025-06-04 12:26:16 | DEBUG    | src.bot.trading_bot:_update_market_data:134 | 市场数据更新完成
2025-06-04 12:26:22 | INFO     | src.trading.executor:update_account_info:125 | 账户更新: 总值$10028.98, 买入力$3239.92
2025-06-04 12:26:22 | DEBUG    | src.bot.trading_bot:_update_market_data:134 | 市场数据更新完成
2025-06-04 12:26:45 | INFO     | src.data.market_data:_get_option_chain_sdk:148 | 开始获取SPY期权链数据 (使用Alpaca SDK)
2025-06-04 12:26:52 | INFO     | src.data.market_data:_get_option_chain_sdk:148 | 开始获取SPY期权链数据 (使用Alpaca SDK)
2025-06-04 12:27:00 | INFO     | src.data.market_data:_get_option_chain_sdk:162 | ✅ SDK获取期权快照: 9118个快照，用时14.24秒
2025-06-04 12:27:00 | INFO     | src.data.market_data:_get_option_chain_sdk:258 | 成功解析期权链: 4559个看涨期权, 4559个看跌期权
2025-06-04 12:27:00 | DEBUG    | src.bot.trading_bot:_update_positions:184 | 头寸更新完成
2025-06-04 12:27:01 | INFO     | src.trading.executor:update_account_info:125 | 账户更新: 总值$10030.98, 买入力$3239.92
2025-06-04 12:27:01 | DEBUG    | src.bot.trading_bot:_update_market_data:134 | 市场数据更新完成
2025-06-04 12:27:02 | INFO     | src.data.market_data:_get_option_chain_sdk:162 | ✅ SDK获取期权快照: 9118个快照，用时9.70秒
2025-06-04 12:27:02 | INFO     | src.data.market_data:_get_option_chain_sdk:258 | 成功解析期权链: 4559个看涨期权, 4559个看跌期权
2025-06-04 12:27:02 | DEBUG    | src.bot.trading_bot:_update_positions:184 | 头寸更新完成
2025-06-04 12:27:03 | INFO     | src.trading.executor:update_account_info:125 | 账户更新: 总值$10030.98, 买入力$3239.92
2025-06-04 12:27:03 | DEBUG    | src.bot.trading_bot:_update_market_data:134 | 市场数据更新完成
2025-06-04 12:27:31 | INFO     | src.trading.executor:update_account_info:125 | 账户更新: 总值$10030.98, 买入力$3239.92
2025-06-04 12:27:31 | DEBUG    | src.bot.trading_bot:_update_market_data:134 | 市场数据更新完成
2025-06-04 12:27:33 | INFO     | src.trading.executor:update_account_info:125 | 账户更新: 总值$10030.98, 买入力$3239.92
2025-06-04 12:27:33 | DEBUG    | src.bot.trading_bot:_update_market_data:134 | 市场数据更新完成
2025-06-04 12:28:01 | INFO     | src.data.market_data:_get_option_chain_sdk:148 | 开始获取SPY期权链数据 (使用Alpaca SDK)
2025-06-04 12:28:03 | INFO     | src.data.market_data:_get_option_chain_sdk:148 | 开始获取SPY期权链数据 (使用Alpaca SDK)
2025-06-04 12:28:10 | INFO     | src.data.market_data:_get_option_chain_sdk:162 | ✅ SDK获取期权快照: 9118个快照，用时9.49秒
2025-06-04 12:28:10 | INFO     | src.data.market_data:_get_option_chain_sdk:258 | 成功解析期权链: 4559个看涨期权, 4559个看跌期权
2025-06-04 12:28:10 | DEBUG    | src.bot.trading_bot:_update_positions:184 | 头寸更新完成
2025-06-04 12:28:12 | INFO     | src.trading.executor:update_account_info:125 | 账户更新: 总值$10031.98, 买入力$3239.92
2025-06-04 12:28:12 | DEBUG    | src.bot.trading_bot:_update_market_data:134 | 市场数据更新完成
2025-06-04 12:28:12 | INFO     | src.data.market_data:_get_option_chain_sdk:162 | ✅ SDK获取期权快照: 9118个快照，用时9.50秒
2025-06-04 12:28:12 | INFO     | src.data.market_data:_get_option_chain_sdk:258 | 成功解析期权链: 4559个看涨期权, 4559个看跌期权
2025-06-04 12:28:12 | DEBUG    | src.bot.trading_bot:_update_positions:184 | 头寸更新完成
2025-06-04 12:28:14 | INFO     | src.trading.executor:update_account_info:125 | 账户更新: 总值$10031.98, 买入力$3239.92
2025-06-04 12:28:14 | DEBUG    | src.bot.trading_bot:_update_market_data:134 | 市场数据更新完成
2025-06-04 12:28:42 | INFO     | src.trading.executor:update_account_info:125 | 账户更新: 总值$10035.98, 买入力$3239.92
2025-06-04 12:28:42 | DEBUG    | src.bot.trading_bot:_update_market_data:134 | 市场数据更新完成
2025-06-04 12:28:44 | INFO     | src.trading.executor:update_account_info:125 | 账户更新: 总值$10035.98, 买入力$3239.92
2025-06-04 12:28:44 | DEBUG    | src.bot.trading_bot:_update_market_data:134 | 市场数据更新完成
2025-06-04 12:29:11 | INFO     | src.data.market_data:_get_option_chain_sdk:148 | 开始获取SPY期权链数据 (使用Alpaca SDK)
2025-06-04 12:29:13 | INFO     | src.data.market_data:_get_option_chain_sdk:148 | 开始获取SPY期权链数据 (使用Alpaca SDK)
2025-06-04 12:29:20 | INFO     | src.data.market_data:_get_option_chain_sdk:162 | ✅ SDK获取期权快照: 9118个快照，用时9.04秒
2025-06-04 12:29:20 | INFO     | src.data.market_data:_get_option_chain_sdk:258 | 成功解析期权链: 4559个看涨期权, 4559个看跌期权
2025-06-04 12:29:20 | DEBUG    | src.bot.trading_bot:_update_positions:184 | 头寸更新完成
2025-06-04 12:29:22 | INFO     | src.trading.executor:update_account_info:125 | 账户更新: 总值$10035.98, 买入力$3239.92
2025-06-04 12:29:22 | DEBUG    | src.bot.trading_bot:_update_market_data:134 | 市场数据更新完成
2025-06-04 12:29:23 | INFO     | src.data.market_data:_get_option_chain_sdk:162 | ✅ SDK获取期权快照: 9118个快照，用时9.31秒
2025-06-04 12:29:23 | INFO     | src.data.market_data:_get_option_chain_sdk:258 | 成功解析期权链: 4559个看涨期权, 4559个看跌期权
2025-06-04 12:29:23 | DEBUG    | src.bot.trading_bot:_update_positions:184 | 头寸更新完成
2025-06-04 12:29:24 | INFO     | src.trading.executor:update_account_info:125 | 账户更新: 总值$10035.98, 买入力$3239.92
2025-06-04 12:29:24 | DEBUG    | src.bot.trading_bot:_update_market_data:134 | 市场数据更新完成
2025-06-04 12:29:52 | INFO     | src.trading.executor:update_account_info:125 | 账户更新: 总值$10035.98, 买入力$3239.92
2025-06-04 12:29:52 | DEBUG    | src.bot.trading_bot:_update_market_data:134 | 市场数据更新完成
2025-06-04 12:29:54 | INFO     | src.trading.executor:update_account_info:125 | 账户更新: 总值$10035.98, 买入力$3239.92
2025-06-04 12:29:54 | DEBUG    | src.bot.trading_bot:_update_market_data:134 | 市场数据更新完成
2025-06-04 12:30:21 | INFO     | src.data.market_data:_get_option_chain_sdk:148 | 开始获取SPY期权链数据 (使用Alpaca SDK)
2025-06-04 12:30:24 | INFO     | src.data.market_data:_get_option_chain_sdk:148 | 开始获取SPY期权链数据 (使用Alpaca SDK)
2025-06-04 12:30:31 | INFO     | src.data.market_data:_get_option_chain_sdk:162 | ✅ SDK获取期权快照: 9118个快照，用时9.72秒
2025-06-04 12:30:31 | INFO     | src.data.market_data:_get_option_chain_sdk:258 | 成功解析期权链: 4559个看涨期权, 4559个看跌期权
2025-06-04 12:30:31 | DEBUG    | src.bot.trading_bot:_update_positions:184 | 头寸更新完成
2025-06-04 12:30:33 | INFO     | src.trading.executor:update_account_info:125 | 账户更新: 总值$10035.98, 买入力$3239.92
2025-06-04 12:30:33 | DEBUG    | src.bot.trading_bot:_update_market_data:134 | 市场数据更新完成
2025-06-04 12:30:33 | INFO     | src.data.market_data:_get_option_chain_sdk:162 | ✅ SDK获取期权快照: 9118个快照，用时9.70秒
2025-06-04 12:30:33 | INFO     | src.data.market_data:_get_option_chain_sdk:258 | 成功解析期权链: 4559个看涨期权, 4559个看跌期权
2025-06-04 12:30:33 | DEBUG    | src.bot.trading_bot:_update_positions:184 | 头寸更新完成
2025-06-04 12:30:35 | INFO     | src.trading.executor:update_account_info:125 | 账户更新: 总值$10035.98, 买入力$3239.92
2025-06-04 12:30:35 | DEBUG    | src.bot.trading_bot:_update_market_data:134 | 市场数据更新完成
2025-06-04 12:31:03 | INFO     | src.trading.executor:update_account_info:125 | 账户更新: 总值$10035.98, 买入力$3239.92
2025-06-04 12:31:03 | DEBUG    | src.bot.trading_bot:_update_market_data:134 | 市场数据更新完成
2025-06-04 12:31:05 | INFO     | src.trading.executor:update_account_info:125 | 账户更新: 总值$10035.98, 买入力$3239.92
2025-06-04 12:31:05 | DEBUG    | src.bot.trading_bot:_update_market_data:134 | 市场数据更新完成
2025-06-04 12:31:32 | INFO     | src.data.market_data:_get_option_chain_sdk:148 | 开始获取SPY期权链数据 (使用Alpaca SDK)
2025-06-04 12:31:34 | INFO     | src.data.market_data:_get_option_chain_sdk:148 | 开始获取SPY期权链数据 (使用Alpaca SDK)
2025-06-04 12:31:41 | INFO     | src.data.market_data:_get_option_chain_sdk:162 | ✅ SDK获取期权快照: 9118个快照，用时9.06秒
2025-06-04 12:31:41 | INFO     | src.data.market_data:_get_option_chain_sdk:258 | 成功解析期权链: 4559个看涨期权, 4559个看跌期权
2025-06-04 12:31:41 | DEBUG    | src.bot.trading_bot:_update_positions:184 | 头寸更新完成
2025-06-04 12:31:43 | INFO     | src.trading.executor:update_account_info:125 | 账户更新: 总值$10035.96, 买入力$8821.88
2025-06-04 12:31:43 | DEBUG    | src.bot.trading_bot:_update_market_data:134 | 市场数据更新完成
2025-06-04 12:31:44 | INFO     | src.data.market_data:_get_option_chain_sdk:162 | ✅ SDK获取期权快照: 9118个快照，用时9.66秒
2025-06-04 12:31:44 | INFO     | src.data.market_data:_get_option_chain_sdk:258 | 成功解析期权链: 4559个看涨期权, 4559个看跌期权
2025-06-04 12:31:44 | DEBUG    | src.bot.trading_bot:_update_positions:184 | 头寸更新完成
2025-06-04 12:31:45 | INFO     | src.trading.executor:update_account_info:125 | 账户更新: 总值$10035.96, 买入力$8821.88
2025-06-04 12:31:45 | DEBUG    | src.bot.trading_bot:_update_market_data:134 | 市场数据更新完成
2025-06-04 12:32:13 | INFO     | src.trading.executor:update_account_info:125 | 账户更新: 总值$10035.96, 买入力$8821.88
2025-06-04 12:32:13 | DEBUG    | src.bot.trading_bot:_update_market_data:134 | 市场数据更新完成
2025-06-04 12:32:16 | INFO     | src.trading.executor:update_account_info:125 | 账户更新: 总值$10035.96, 买入力$8821.88
2025-06-04 12:32:16 | DEBUG    | src.bot.trading_bot:_update_market_data:134 | 市场数据更新完成
2025-06-04 12:32:42 | INFO     | src.data.market_data:_get_option_chain_sdk:148 | 开始获取SPY期权链数据 (使用Alpaca SDK)
2025-06-04 12:32:45 | INFO     | src.data.market_data:_get_option_chain_sdk:148 | 开始获取SPY期权链数据 (使用Alpaca SDK)
2025-06-04 12:32:51 | INFO     | src.data.market_data:_get_option_chain_sdk:162 | ✅ SDK获取期权快照: 9118个快照，用时9.15秒
2025-06-04 12:32:52 | INFO     | src.data.market_data:_get_option_chain_sdk:258 | 成功解析期权链: 4559个看涨期权, 4559个看跌期权
2025-06-04 12:32:52 | DEBUG    | src.bot.trading_bot:_update_positions:184 | 头寸更新完成
2025-06-04 12:32:53 | INFO     | src.trading.executor:update_account_info:125 | 账户更新: 总值$10035.96, 买入力$8821.88
2025-06-04 12:32:53 | DEBUG    | src.bot.trading_bot:_update_market_data:134 | 市场数据更新完成
2025-06-04 12:32:54 | INFO     | src.data.market_data:_get_option_chain_sdk:162 | ✅ SDK获取期权快照: 9118个快照，用时9.39秒
2025-06-04 12:32:54 | INFO     | src.data.market_data:_get_option_chain_sdk:258 | 成功解析期权链: 4559个看涨期权, 4559个看跌期权
2025-06-04 12:32:54 | DEBUG    | src.bot.trading_bot:_update_positions:184 | 头寸更新完成
2025-06-04 12:32:56 | INFO     | src.trading.executor:update_account_info:125 | 账户更新: 总值$10035.96, 买入力$8821.88
2025-06-04 12:32:56 | DEBUG    | src.bot.trading_bot:_update_market_data:134 | 市场数据更新完成
2025-06-04 12:33:23 | INFO     | src.trading.executor:update_account_info:125 | 账户更新: 总值$10035.96, 买入力$8821.88
2025-06-04 12:33:23 | DEBUG    | src.bot.trading_bot:_update_market_data:134 | 市场数据更新完成
2025-06-04 12:33:26 | INFO     | src.trading.executor:update_account_info:125 | 账户更新: 总值$10035.96, 买入力$8821.88
2025-06-04 12:33:26 | DEBUG    | src.bot.trading_bot:_update_market_data:134 | 市场数据更新完成
2025-06-04 12:33:53 | INFO     | src.data.market_data:_get_option_chain_sdk:148 | 开始获取SPY期权链数据 (使用Alpaca SDK)
2025-06-04 12:33:55 | INFO     | src.data.market_data:_get_option_chain_sdk:148 | 开始获取SPY期权链数据 (使用Alpaca SDK)
2025-06-04 12:34:02 | INFO     | src.data.market_data:_get_option_chain_sdk:162 | ✅ SDK获取期权快照: 9118个快照，用时9.47秒
2025-06-04 12:34:02 | INFO     | src.data.market_data:_get_option_chain_sdk:258 | 成功解析期权链: 4559个看涨期权, 4559个看跌期权
2025-06-04 12:34:02 | DEBUG    | src.bot.trading_bot:_update_positions:184 | 头寸更新完成
2025-06-04 12:34:03 | INFO     | src.trading.executor:update_account_info:125 | 账户更新: 总值$10035.96, 买入力$8821.88
2025-06-04 12:34:03 | DEBUG    | src.bot.trading_bot:_update_market_data:134 | 市场数据更新完成
2025-06-04 12:34:05 | INFO     | src.data.market_data:_get_option_chain_sdk:162 | ✅ SDK获取期权快照: 9118个快照，用时9.63秒
2025-06-04 12:34:05 | INFO     | src.data.market_data:_get_option_chain_sdk:258 | 成功解析期权链: 4559个看涨期权, 4559个看跌期权
2025-06-04 12:34:05 | DEBUG    | src.bot.trading_bot:_update_positions:184 | 头寸更新完成
2025-06-04 12:34:07 | INFO     | src.trading.executor:update_account_info:125 | 账户更新: 总值$10035.96, 买入力$8821.88
2025-06-04 12:34:07 | DEBUG    | src.bot.trading_bot:_update_market_data:134 | 市场数据更新完成
2025-06-04 12:34:34 | INFO     | src.trading.executor:update_account_info:125 | 账户更新: 总值$10035.96, 买入力$8821.88
2025-06-04 12:34:34 | DEBUG    | src.bot.trading_bot:_update_market_data:134 | 市场数据更新完成
2025-06-04 12:34:37 | INFO     | src.trading.executor:update_account_info:125 | 账户更新: 总值$10035.96, 买入力$8821.88
2025-06-04 12:34:37 | DEBUG    | src.bot.trading_bot:_update_market_data:134 | 市场数据更新完成
2025-06-04 12:35:03 | INFO     | src.data.market_data:_get_option_chain_sdk:148 | 开始获取SPY期权链数据 (使用Alpaca SDK)
2025-06-04 12:35:06 | INFO     | src.data.market_data:_get_option_chain_sdk:148 | 开始获取SPY期权链数据 (使用Alpaca SDK)
2025-06-04 12:35:17 | INFO     | src.data.market_data:_get_option_chain_sdk:162 | ✅ SDK获取期权快照: 9118个快照，用时14.05秒
2025-06-04 12:35:17 | INFO     | src.data.market_data:_get_option_chain_sdk:258 | 成功解析期权链: 4559个看涨期权, 4559个看跌期权
2025-06-04 12:35:17 | DEBUG    | src.bot.trading_bot:_update_positions:184 | 头寸更新完成
2025-06-04 12:35:19 | INFO     | src.trading.executor:update_account_info:125 | 账户更新: 总值$10035.96, 买入力$8821.88
2025-06-04 12:35:19 | DEBUG    | src.bot.trading_bot:_update_market_data:134 | 市场数据更新完成
2025-06-04 12:35:22 | INFO     | src.data.market_data:_get_option_chain_sdk:162 | ✅ SDK获取期权快照: 9118个快照，用时15.35秒
2025-06-04 12:35:22 | INFO     | src.data.market_data:_get_option_chain_sdk:258 | 成功解析期权链: 4559个看涨期权, 4559个看跌期权
2025-06-04 12:35:22 | DEBUG    | src.bot.trading_bot:_update_positions:184 | 头寸更新完成
2025-06-04 12:35:23 | INFO     | src.trading.executor:update_account_info:125 | 账户更新: 总值$10035.96, 买入力$8821.88
2025-06-04 12:35:23 | DEBUG    | src.bot.trading_bot:_update_market_data:134 | 市场数据更新完成
2025-06-04 12:35:49 | INFO     | src.trading.executor:update_account_info:125 | 账户更新: 总值$10035.96, 买入力$8821.88
2025-06-04 12:35:49 | DEBUG    | src.bot.trading_bot:_update_market_data:134 | 市场数据更新完成
2025-06-04 12:35:53 | INFO     | src.trading.executor:update_account_info:125 | 账户更新: 总值$10035.96, 买入力$8821.88
2025-06-04 12:35:53 | DEBUG    | src.bot.trading_bot:_update_market_data:134 | 市场数据更新完成
2025-06-04 12:36:17 | INFO     | src.data.market_data:_get_option_chain_sdk:148 | 开始获取SPY期权链数据 (使用Alpaca SDK)
2025-06-04 12:36:23 | INFO     | src.data.market_data:_get_option_chain_sdk:148 | 开始获取SPY期权链数据 (使用Alpaca SDK)
2025-06-04 12:36:27 | INFO     | src.data.market_data:_get_option_chain_sdk:162 | ✅ SDK获取期权快照: 9118个快照，用时9.31秒
2025-06-04 12:36:27 | INFO     | src.data.market_data:_get_option_chain_sdk:258 | 成功解析期权链: 4559个看涨期权, 4559个看跌期权
2025-06-04 12:36:27 | DEBUG    | src.bot.trading_bot:_update_positions:184 | 头寸更新完成
2025-06-04 12:36:28 | INFO     | src.trading.executor:update_account_info:125 | 账户更新: 总值$10035.96, 买入力$8821.88
2025-06-04 12:36:28 | DEBUG    | src.bot.trading_bot:_update_market_data:134 | 市场数据更新完成
2025-06-04 12:36:32 | INFO     | src.data.market_data:_get_option_chain_sdk:162 | ✅ SDK获取期权快照: 9118个快照，用时9.65秒
2025-06-04 12:36:32 | INFO     | src.data.market_data:_get_option_chain_sdk:258 | 成功解析期权链: 4559个看涨期权, 4559个看跌期权
2025-06-04 12:36:32 | DEBUG    | src.bot.trading_bot:_update_positions:184 | 头寸更新完成
2025-06-04 12:36:34 | INFO     | src.trading.executor:update_account_info:125 | 账户更新: 总值$10035.96, 买入力$8821.88
2025-06-04 12:36:34 | DEBUG    | src.bot.trading_bot:_update_market_data:134 | 市场数据更新完成
2025-06-04 12:36:58 | INFO     | src.trading.executor:update_account_info:125 | 账户更新: 总值$10035.96, 买入力$8821.88
2025-06-04 12:36:58 | DEBUG    | src.bot.trading_bot:_update_market_data:134 | 市场数据更新完成
2025-06-04 12:37:04 | INFO     | src.trading.executor:update_account_info:125 | 账户更新: 总值$10035.96, 买入力$8821.88
2025-06-04 12:37:04 | DEBUG    | src.bot.trading_bot:_update_market_data:134 | 市场数据更新完成
2025-06-04 12:37:28 | INFO     | src.data.market_data:_get_option_chain_sdk:148 | 开始获取SPY期权链数据 (使用Alpaca SDK)
2025-06-04 12:37:33 | INFO     | src.data.market_data:_get_option_chain_sdk:148 | 开始获取SPY期权链数据 (使用Alpaca SDK)
2025-06-04 12:37:40 | INFO     | src.data.market_data:_get_option_chain_sdk:162 | ✅ SDK获取期权快照: 9118个快照，用时12.41秒
2025-06-04 12:37:40 | INFO     | src.data.market_data:_get_option_chain_sdk:258 | 成功解析期权链: 4559个看涨期权, 4559个看跌期权
2025-06-04 12:37:40 | DEBUG    | src.bot.trading_bot:_update_positions:184 | 头寸更新完成
2025-06-04 12:37:42 | INFO     | src.trading.executor:update_account_info:125 | 账户更新: 总值$10035.96, 买入力$8821.88
2025-06-04 12:37:42 | DEBUG    | src.bot.trading_bot:_update_market_data:134 | 市场数据更新完成
2025-06-04 12:37:47 | INFO     | src.data.market_data:_get_option_chain_sdk:162 | ✅ SDK获取期权快照: 9118个快照，用时13.45秒
2025-06-04 12:37:47 | INFO     | src.data.market_data:_get_option_chain_sdk:258 | 成功解析期权链: 4559个看涨期权, 4559个看跌期权
2025-06-04 12:37:47 | DEBUG    | src.bot.trading_bot:_update_positions:184 | 头寸更新完成
2025-06-04 12:37:48 | INFO     | src.trading.executor:update_account_info:125 | 账户更新: 总值$10035.96, 买入力$8821.88
2025-06-04 12:37:48 | DEBUG    | src.bot.trading_bot:_update_market_data:134 | 市场数据更新完成
2025-06-04 12:38:12 | INFO     | src.trading.executor:update_account_info:125 | 账户更新: 总值$10035.96, 买入力$8821.88
2025-06-04 12:38:12 | DEBUG    | src.bot.trading_bot:_update_market_data:134 | 市场数据更新完成
2025-06-04 12:38:19 | INFO     | src.trading.executor:update_account_info:125 | 账户更新: 总值$10035.96, 买入力$8821.88
2025-06-04 12:38:19 | DEBUG    | src.bot.trading_bot:_update_market_data:134 | 市场数据更新完成
2025-06-04 12:38:40 | INFO     | src.data.market_data:_get_option_chain_sdk:148 | 开始获取SPY期权链数据 (使用Alpaca SDK)
2025-06-04 12:38:47 | INFO     | src.data.market_data:_get_option_chain_sdk:148 | 开始获取SPY期权链数据 (使用Alpaca SDK)
2025-06-04 12:38:50 | INFO     | src.data.market_data:_get_option_chain_sdk:162 | ✅ SDK获取期权快照: 9118个快照，用时9.39秒
2025-06-04 12:38:50 | INFO     | src.data.market_data:_get_option_chain_sdk:258 | 成功解析期权链: 4559个看涨期权, 4559个看跌期权
2025-06-04 12:38:50 | DEBUG    | src.bot.trading_bot:_update_positions:184 | 头寸更新完成
2025-06-04 12:38:51 | INFO     | src.trading.executor:update_account_info:125 | 账户更新: 总值$10035.96, 买入力$8821.88
2025-06-04 12:38:51 | DEBUG    | src.bot.trading_bot:_update_market_data:134 | 市场数据更新完成
2025-06-04 12:38:57 | INFO     | src.data.market_data:_get_option_chain_sdk:162 | ✅ SDK获取期权快照: 9118个快照，用时9.95秒
2025-06-04 12:38:57 | INFO     | src.data.market_data:_get_option_chain_sdk:258 | 成功解析期权链: 4559个看涨期权, 4559个看跌期权
2025-06-04 12:38:57 | DEBUG    | src.bot.trading_bot:_update_positions:184 | 头寸更新完成
2025-06-04 12:38:58 | INFO     | src.trading.executor:update_account_info:125 | 账户更新: 总值$10035.96, 买入力$8821.88
2025-06-04 12:38:58 | DEBUG    | src.bot.trading_bot:_update_market_data:134 | 市场数据更新完成
2025-06-04 12:39:22 | INFO     | src.trading.executor:update_account_info:125 | 账户更新: 总值$10035.96, 买入力$8821.88
2025-06-04 12:39:22 | DEBUG    | src.bot.trading_bot:_update_market_data:134 | 市场数据更新完成
2025-06-04 12:39:29 | INFO     | src.trading.executor:update_account_info:125 | 账户更新: 总值$10035.96, 买入力$8821.88
2025-06-04 12:39:29 | DEBUG    | src.bot.trading_bot:_update_market_data:134 | 市场数据更新完成
2025-06-04 12:39:51 | INFO     | src.data.market_data:_get_option_chain_sdk:148 | 开始获取SPY期权链数据 (使用Alpaca SDK)
2025-06-04 12:39:58 | INFO     | src.data.market_data:_get_option_chain_sdk:148 | 开始获取SPY期权链数据 (使用Alpaca SDK)
2025-06-04 12:40:00 | INFO     | src.data.market_data:_get_option_chain_sdk:162 | ✅ SDK获取期权快照: 9118个快照，用时9.46秒
2025-06-04 12:40:00 | INFO     | src.data.market_data:_get_option_chain_sdk:258 | 成功解析期权链: 4559个看涨期权, 4559个看跌期权
2025-06-04 12:40:00 | DEBUG    | src.bot.trading_bot:_update_positions:184 | 头寸更新完成
2025-06-04 12:40:02 | INFO     | src.trading.executor:update_account_info:125 | 账户更新: 总值$10035.96, 买入力$8821.88
2025-06-04 12:40:02 | DEBUG    | src.bot.trading_bot:_update_market_data:134 | 市场数据更新完成
2025-06-04 12:40:08 | INFO     | src.data.market_data:_get_option_chain_sdk:162 | ✅ SDK获取期权快照: 9118个快照，用时10.00秒
2025-06-04 12:40:08 | INFO     | src.data.market_data:_get_option_chain_sdk:258 | 成功解析期权链: 4559个看涨期权, 4559个看跌期权
2025-06-04 12:40:08 | DEBUG    | src.bot.trading_bot:_update_positions:184 | 头寸更新完成
2025-06-04 12:40:09 | INFO     | src.trading.executor:update_account_info:125 | 账户更新: 总值$10035.96, 买入力$8821.88
2025-06-04 12:40:09 | DEBUG    | src.bot.trading_bot:_update_market_data:134 | 市场数据更新完成
2025-06-04 12:40:32 | INFO     | src.trading.executor:update_account_info:125 | 账户更新: 总值$10035.96, 买入力$8821.88
2025-06-04 12:40:32 | DEBUG    | src.bot.trading_bot:_update_market_data:134 | 市场数据更新完成
2025-06-04 12:40:40 | INFO     | src.trading.executor:update_account_info:125 | 账户更新: 总值$10035.96, 买入力$8821.88
2025-06-04 12:40:40 | DEBUG    | src.bot.trading_bot:_update_market_data:134 | 市场数据更新完成
2025-06-04 12:41:01 | INFO     | src.data.market_data:_get_option_chain_sdk:148 | 开始获取SPY期权链数据 (使用Alpaca SDK)
2025-06-04 12:41:09 | INFO     | src.data.market_data:_get_option_chain_sdk:148 | 开始获取SPY期权链数据 (使用Alpaca SDK)
2025-06-04 12:41:11 | INFO     | src.data.market_data:_get_option_chain_sdk:162 | ✅ SDK获取期权快照: 9118个快照，用时9.39秒
2025-06-04 12:41:11 | INFO     | src.data.market_data:_get_option_chain_sdk:258 | 成功解析期权链: 4559个看涨期权, 4559个看跌期权
2025-06-04 12:41:11 | DEBUG    | src.bot.trading_bot:_update_positions:184 | 头寸更新完成
2025-06-04 12:41:12 | INFO     | src.trading.executor:update_account_info:125 | 账户更新: 总值$10035.96, 买入力$8821.88
2025-06-04 12:41:12 | DEBUG    | src.bot.trading_bot:_update_market_data:134 | 市场数据更新完成
2025-06-04 12:41:18 | INFO     | src.data.market_data:_get_option_chain_sdk:162 | ✅ SDK获取期权快照: 9118个快照，用时9.14秒
2025-06-04 12:41:18 | INFO     | src.data.market_data:_get_option_chain_sdk:258 | 成功解析期权链: 4559个看涨期权, 4559个看跌期权
2025-06-04 12:41:18 | DEBUG    | src.bot.trading_bot:_update_positions:184 | 头寸更新完成
2025-06-04 12:41:20 | INFO     | src.trading.executor:update_account_info:125 | 账户更新: 总值$10035.96, 买入力$8821.88
2025-06-04 12:41:20 | DEBUG    | src.bot.trading_bot:_update_market_data:134 | 市场数据更新完成
2025-06-04 12:41:43 | INFO     | src.trading.executor:update_account_info:125 | 账户更新: 总值$10035.96, 买入力$8821.88
2025-06-04 12:41:43 | DEBUG    | src.bot.trading_bot:_update_market_data:134 | 市场数据更新完成
2025-06-04 12:41:50 | INFO     | src.trading.executor:update_account_info:125 | 账户更新: 总值$10035.96, 买入力$8821.88
2025-06-04 12:41:50 | DEBUG    | src.bot.trading_bot:_update_market_data:134 | 市场数据更新完成
2025-06-04 12:42:12 | INFO     | src.data.market_data:_get_option_chain_sdk:148 | 开始获取SPY期权链数据 (使用Alpaca SDK)
2025-06-04 12:42:19 | INFO     | src.data.market_data:_get_option_chain_sdk:148 | 开始获取SPY期权链数据 (使用Alpaca SDK)
2025-06-04 12:42:21 | INFO     | src.data.market_data:_get_option_chain_sdk:162 | ✅ SDK获取期权快照: 9118个快照，用时9.10秒
2025-06-04 12:42:21 | INFO     | src.data.market_data:_get_option_chain_sdk:258 | 成功解析期权链: 4559个看涨期权, 4559个看跌期权
2025-06-04 12:42:21 | DEBUG    | src.bot.trading_bot:_update_positions:184 | 头寸更新完成
2025-06-04 12:42:22 | INFO     | src.trading.executor:update_account_info:125 | 账户更新: 总值$10035.96, 买入力$8821.88
2025-06-04 12:42:22 | DEBUG    | src.bot.trading_bot:_update_market_data:134 | 市场数据更新完成
2025-06-04 12:42:29 | INFO     | src.data.market_data:_get_option_chain_sdk:162 | ✅ SDK获取期权快照: 9118个快照，用时9.44秒
2025-06-04 12:42:29 | INFO     | src.data.market_data:_get_option_chain_sdk:258 | 成功解析期权链: 4559个看涨期权, 4559个看跌期权
2025-06-04 12:42:29 | DEBUG    | src.bot.trading_bot:_update_positions:184 | 头寸更新完成
2025-06-04 12:42:30 | INFO     | src.trading.executor:update_account_info:125 | 账户更新: 总值$10035.96, 买入力$8821.88
2025-06-04 12:42:30 | DEBUG    | src.bot.trading_bot:_update_market_data:134 | 市场数据更新完成
2025-06-04 12:42:53 | INFO     | src.trading.executor:update_account_info:125 | 账户更新: 总值$10035.96, 买入力$8821.88
2025-06-04 12:42:53 | DEBUG    | src.bot.trading_bot:_update_market_data:134 | 市场数据更新完成
2025-06-04 12:43:00 | INFO     | src.trading.executor:update_account_info:125 | 账户更新: 总值$10035.96, 买入力$8821.88
2025-06-04 12:43:00 | DEBUG    | src.bot.trading_bot:_update_market_data:134 | 市场数据更新完成
2025-06-04 12:43:22 | INFO     | src.data.market_data:_get_option_chain_sdk:148 | 开始获取SPY期权链数据 (使用Alpaca SDK)
2025-06-04 12:43:30 | INFO     | src.data.market_data:_get_option_chain_sdk:148 | 开始获取SPY期权链数据 (使用Alpaca SDK)
2025-06-04 12:43:31 | INFO     | src.data.market_data:_get_option_chain_sdk:162 | ✅ SDK获取期权快照: 9118个快照，用时9.04秒
2025-06-04 12:43:31 | INFO     | src.data.market_data:_get_option_chain_sdk:258 | 成功解析期权链: 4559个看涨期权, 4559个看跌期权
2025-06-04 12:43:31 | DEBUG    | src.bot.trading_bot:_update_positions:184 | 头寸更新完成
2025-06-04 12:43:32 | INFO     | src.trading.executor:update_account_info:125 | 账户更新: 总值$10035.96, 买入力$8821.88
2025-06-04 12:43:32 | DEBUG    | src.bot.trading_bot:_update_market_data:134 | 市场数据更新完成
2025-06-04 12:43:39 | INFO     | src.data.market_data:_get_option_chain_sdk:162 | ✅ SDK获取期权快照: 9118个快照，用时9.35秒
2025-06-04 12:43:39 | INFO     | src.data.market_data:_get_option_chain_sdk:258 | 成功解析期权链: 4559个看涨期权, 4559个看跌期权
2025-06-04 12:43:39 | DEBUG    | src.bot.trading_bot:_update_positions:184 | 头寸更新完成
2025-06-04 12:43:41 | INFO     | src.trading.executor:update_account_info:125 | 账户更新: 总值$10035.96, 买入力$8821.88
2025-06-04 12:43:41 | DEBUG    | src.bot.trading_bot:_update_market_data:134 | 市场数据更新完成
2025-06-04 12:44:03 | INFO     | src.trading.executor:update_account_info:125 | 账户更新: 总值$10035.96, 买入力$8821.88
2025-06-04 12:44:03 | DEBUG    | src.bot.trading_bot:_update_market_data:134 | 市场数据更新完成
2025-06-04 12:44:11 | INFO     | src.trading.executor:update_account_info:125 | 账户更新: 总值$10035.96, 买入力$8821.88
2025-06-04 12:44:11 | DEBUG    | src.bot.trading_bot:_update_market_data:134 | 市场数据更新完成
2025-06-04 12:44:32 | INFO     | src.data.market_data:_get_option_chain_sdk:148 | 开始获取SPY期权链数据 (使用Alpaca SDK)
2025-06-04 12:44:40 | INFO     | src.data.market_data:_get_option_chain_sdk:148 | 开始获取SPY期权链数据 (使用Alpaca SDK)
2025-06-04 12:44:41 | INFO     | src.data.market_data:_get_option_chain_sdk:162 | ✅ SDK获取期权快照: 9118个快照，用时9.23秒
2025-06-04 12:44:41 | INFO     | src.data.market_data:_get_option_chain_sdk:258 | 成功解析期权链: 4559个看涨期权, 4559个看跌期权
2025-06-04 12:44:42 | DEBUG    | src.bot.trading_bot:_update_positions:184 | 头寸更新完成
2025-06-04 12:44:43 | INFO     | src.trading.executor:update_account_info:125 | 账户更新: 总值$10035.96, 买入力$8821.88
2025-06-04 12:44:43 | DEBUG    | src.bot.trading_bot:_update_market_data:134 | 市场数据更新完成
2025-06-04 12:44:50 | INFO     | src.data.market_data:_get_option_chain_sdk:162 | ✅ SDK获取期权快照: 9118个快照，用时9.77秒
2025-06-04 12:44:50 | INFO     | src.data.market_data:_get_option_chain_sdk:258 | 成功解析期权链: 4559个看涨期权, 4559个看跌期权
2025-06-04 12:44:50 | DEBUG    | src.bot.trading_bot:_update_positions:184 | 头寸更新完成
2025-06-04 12:44:51 | INFO     | src.trading.executor:update_account_info:125 | 账户更新: 总值$10035.96, 买入力$8821.88
2025-06-04 12:44:51 | DEBUG    | src.bot.trading_bot:_update_market_data:134 | 市场数据更新完成
2025-06-04 12:45:13 | INFO     | src.trading.executor:update_account_info:125 | 账户更新: 总值$10035.96, 买入力$8821.88
2025-06-04 12:45:13 | DEBUG    | src.bot.trading_bot:_update_market_data:134 | 市场数据更新完成
2025-06-04 12:45:22 | INFO     | src.trading.executor:update_account_info:125 | 账户更新: 总值$10035.96, 买入力$8821.88
2025-06-04 12:45:22 | DEBUG    | src.bot.trading_bot:_update_market_data:134 | 市场数据更新完成
2025-06-04 12:45:42 | INFO     | src.data.market_data:_get_option_chain_sdk:148 | 开始获取SPY期权链数据 (使用Alpaca SDK)
2025-06-04 12:45:51 | INFO     | src.data.market_data:_get_option_chain_sdk:148 | 开始获取SPY期权链数据 (使用Alpaca SDK)
2025-06-04 12:45:52 | INFO     | src.data.market_data:_get_option_chain_sdk:162 | ✅ SDK获取期权快照: 9118个快照，用时9.25秒
2025-06-04 12:45:52 | INFO     | src.data.market_data:_get_option_chain_sdk:258 | 成功解析期权链: 4559个看涨期权, 4559个看跌期权
2025-06-04 12:45:52 | DEBUG    | src.bot.trading_bot:_update_positions:184 | 头寸更新完成
2025-06-04 12:45:52 | INFO     | src.bot.trading_bot:_check_force_close:229 | 临近收盘，执行强制平仓
2025-06-04 12:45:52 | ERROR    | src.trading.executor:_close_position:576 | 平仓失败: {"code":40310000,"message":"account not eligible to trade uncovered option contracts"}
2025-06-04 12:45:52 | INFO     | src.trading.executor:close_all_positions:598 | 已平仓所有头寸，原因: 临近收盘强制平仓
2025-06-04 12:45:52 | INFO     | src.utils.notifications:send_message:63 | [GENERAL] 🕐 强制平仓执行
时间: 15:45:52.316163
原因: 临近收盘
平仓头寸数: 1
2025-06-04 12:45:53 | INFO     | src.trading.executor:update_account_info:125 | 账户更新: 总值$10035.96, 买入力$8821.88
2025-06-04 12:45:53 | DEBUG    | src.bot.trading_bot:_update_market_data:134 | 市场数据更新完成
2025-06-04 12:46:01 | INFO     | src.data.market_data:_get_option_chain_sdk:162 | ✅ SDK获取期权快照: 9118个快照，用时9.59秒
2025-06-04 12:46:01 | INFO     | src.data.market_data:_get_option_chain_sdk:258 | 成功解析期权链: 4559个看涨期权, 4559个看跌期权
2025-06-04 12:46:01 | DEBUG    | src.bot.trading_bot:_update_positions:184 | 头寸更新完成
2025-06-04 12:46:01 | INFO     | src.bot.trading_bot:_check_force_close:229 | 临近收盘，执行强制平仓
2025-06-04 12:46:01 | ERROR    | src.trading.executor:_close_position:576 | 平仓失败: {"code":40310000,"message":"account not eligible to trade uncovered option contracts"}
2025-06-04 12:46:01 | INFO     | src.trading.executor:close_all_positions:598 | 已平仓所有头寸，原因: 临近收盘强制平仓
2025-06-04 12:46:01 | INFO     | src.utils.notifications:send_message:63 | [GENERAL] 🕐 强制平仓执行
时间: 15:46:01.265528
原因: 临近收盘
平仓头寸数: 1
2025-06-04 12:46:02 | INFO     | src.trading.executor:update_account_info:125 | 账户更新: 总值$10035.96, 买入力$8821.88
2025-06-04 12:46:02 | DEBUG    | src.bot.trading_bot:_update_market_data:134 | 市场数据更新完成
2025-06-04 12:46:24 | INFO     | src.trading.executor:update_account_info:125 | 账户更新: 总值$10035.96, 买入力$8821.88
2025-06-04 12:46:24 | DEBUG    | src.bot.trading_bot:_update_market_data:134 | 市场数据更新完成
2025-06-04 12:46:33 | INFO     | src.trading.executor:update_account_info:125 | 账户更新: 总值$10035.96, 买入力$8821.88
2025-06-04 12:46:33 | DEBUG    | src.bot.trading_bot:_update_market_data:134 | 市场数据更新完成
2025-06-04 12:46:53 | INFO     | src.data.market_data:_get_option_chain_sdk:148 | 开始获取SPY期权链数据 (使用Alpaca SDK)
2025-06-04 12:47:02 | INFO     | src.data.market_data:_get_option_chain_sdk:148 | 开始获取SPY期权链数据 (使用Alpaca SDK)
2025-06-04 12:47:02 | INFO     | src.data.market_data:_get_option_chain_sdk:162 | ✅ SDK获取期权快照: 9118个快照，用时9.19秒
2025-06-04 12:47:02 | INFO     | src.data.market_data:_get_option_chain_sdk:258 | 成功解析期权链: 4559个看涨期权, 4559个看跌期权
2025-06-04 12:47:02 | DEBUG    | src.bot.trading_bot:_update_positions:184 | 头寸更新完成
2025-06-04 12:47:02 | INFO     | src.bot.trading_bot:_check_force_close:229 | 临近收盘，执行强制平仓
2025-06-04 12:47:02 | ERROR    | src.trading.executor:_close_position:576 | 平仓失败: {"code":40310000,"message":"account not eligible to trade uncovered option contracts"}
2025-06-04 12:47:02 | INFO     | src.trading.executor:close_all_positions:598 | 已平仓所有头寸，原因: 临近收盘强制平仓
2025-06-04 12:47:02 | INFO     | src.utils.notifications:send_message:63 | [GENERAL] 🕐 强制平仓执行
时间: 15:47:02.687441
原因: 临近收盘
平仓头寸数: 1
2025-06-04 12:47:04 | INFO     | src.trading.executor:update_account_info:125 | 账户更新: 总值$10035.96, 买入力$8821.88
2025-06-04 12:47:04 | DEBUG    | src.bot.trading_bot:_update_market_data:134 | 市场数据更新完成
2025-06-04 12:47:11 | INFO     | src.data.market_data:_get_option_chain_sdk:162 | ✅ SDK获取期权快照: 9118个快照，用时9.24秒
2025-06-04 12:47:11 | INFO     | src.data.market_data:_get_option_chain_sdk:258 | 成功解析期权链: 4559个看涨期权, 4559个看跌期权
2025-06-04 12:47:11 | DEBUG    | src.bot.trading_bot:_update_positions:184 | 头寸更新完成
2025-06-04 12:47:11 | INFO     | src.bot.trading_bot:_check_force_close:229 | 临近收盘，执行强制平仓
2025-06-04 12:47:11 | ERROR    | src.trading.executor:_close_position:576 | 平仓失败: {"code":40310000,"message":"account not eligible to trade uncovered option contracts"}
2025-06-04 12:47:11 | INFO     | src.trading.executor:close_all_positions:598 | 已平仓所有头寸，原因: 临近收盘强制平仓
2025-06-04 12:47:11 | INFO     | src.utils.notifications:send_message:63 | [GENERAL] 🕐 强制平仓执行
时间: 15:47:11.696089
原因: 临近收盘
平仓头寸数: 1
2025-06-04 12:47:13 | INFO     | src.trading.executor:update_account_info:125 | 账户更新: 总值$10035.96, 买入力$8821.88
2025-06-04 12:47:13 | DEBUG    | src.bot.trading_bot:_update_market_data:134 | 市场数据更新完成
2025-06-04 12:47:34 | INFO     | src.trading.executor:update_account_info:125 | 账户更新: 总值$10035.96, 买入力$8821.88
2025-06-04 12:47:34 | DEBUG    | src.bot.trading_bot:_update_market_data:134 | 市场数据更新完成
2025-06-04 12:47:43 | INFO     | src.trading.executor:update_account_info:125 | 账户更新: 总值$10035.96, 买入力$8821.88
2025-06-04 12:47:43 | DEBUG    | src.bot.trading_bot:_update_market_data:134 | 市场数据更新完成
2025-06-04 12:48:03 | INFO     | src.data.market_data:_get_option_chain_sdk:148 | 开始获取SPY期权链数据 (使用Alpaca SDK)
2025-06-04 12:48:12 | INFO     | src.data.market_data:_get_option_chain_sdk:148 | 开始获取SPY期权链数据 (使用Alpaca SDK)
2025-06-04 12:48:13 | INFO     | src.data.market_data:_get_option_chain_sdk:162 | ✅ SDK获取期权快照: 9118个快照，用时9.26秒
2025-06-04 12:48:13 | INFO     | src.data.market_data:_get_option_chain_sdk:258 | 成功解析期权链: 4559个看涨期权, 4559个看跌期权
2025-06-04 12:48:13 | DEBUG    | src.bot.trading_bot:_update_positions:184 | 头寸更新完成
2025-06-04 12:48:13 | INFO     | src.bot.trading_bot:_check_force_close:229 | 临近收盘，执行强制平仓
2025-06-04 12:48:13 | ERROR    | src.trading.executor:_close_position:576 | 平仓失败: {"code":40310000,"message":"account not eligible to trade uncovered option contracts"}
2025-06-04 12:48:13 | INFO     | src.trading.executor:close_all_positions:598 | 已平仓所有头寸，原因: 临近收盘强制平仓
2025-06-04 12:48:13 | INFO     | src.utils.notifications:send_message:63 | [GENERAL] 🕐 强制平仓执行
时间: 15:48:13.100334
原因: 临近收盘
平仓头寸数: 1
2025-06-04 12:48:14 | INFO     | src.trading.executor:update_account_info:125 | 账户更新: 总值$10035.96, 买入力$8821.88
2025-06-04 12:48:14 | DEBUG    | src.bot.trading_bot:_update_market_data:134 | 市场数据更新完成
2025-06-04 12:48:22 | INFO     | src.data.market_data:_get_option_chain_sdk:162 | ✅ SDK获取期权快照: 9118个快照，用时9.31秒
2025-06-04 12:48:22 | INFO     | src.data.market_data:_get_option_chain_sdk:258 | 成功解析期权链: 4559个看涨期权, 4559个看跌期权
2025-06-04 12:48:22 | DEBUG    | src.bot.trading_bot:_update_positions:184 | 头寸更新完成
2025-06-04 12:48:22 | INFO     | src.bot.trading_bot:_check_force_close:229 | 临近收盘，执行强制平仓
2025-06-04 12:48:22 | ERROR    | src.trading.executor:_close_position:576 | 平仓失败: {"code":40310000,"message":"account not eligible to trade uncovered option contracts"}
2025-06-04 12:48:22 | INFO     | src.trading.executor:close_all_positions:598 | 已平仓所有头寸，原因: 临近收盘强制平仓
2025-06-04 12:48:22 | INFO     | src.utils.notifications:send_message:63 | [GENERAL] 🕐 强制平仓执行
时间: 15:48:22.175366
原因: 临近收盘
平仓头寸数: 1
2025-06-04 12:48:23 | INFO     | src.trading.executor:update_account_info:125 | 账户更新: 总值$10035.96, 买入力$8821.88
2025-06-04 12:48:23 | DEBUG    | src.bot.trading_bot:_update_market_data:134 | 市场数据更新完成
2025-06-04 12:48:44 | INFO     | src.trading.executor:update_account_info:125 | 账户更新: 总值$10035.96, 买入力$8821.88
2025-06-04 12:48:44 | DEBUG    | src.bot.trading_bot:_update_market_data:134 | 市场数据更新完成
2025-06-04 12:48:53 | INFO     | src.trading.executor:update_account_info:125 | 账户更新: 总值$10035.96, 买入力$8821.88
2025-06-04 12:48:53 | DEBUG    | src.bot.trading_bot:_update_market_data:134 | 市场数据更新完成
2025-06-04 12:49:14 | INFO     | src.data.market_data:_get_option_chain_sdk:148 | 开始获取SPY期权链数据 (使用Alpaca SDK)
2025-06-04 12:49:23 | INFO     | src.data.market_data:_get_option_chain_sdk:148 | 开始获取SPY期权链数据 (使用Alpaca SDK)
2025-06-04 12:49:23 | INFO     | src.data.market_data:_get_option_chain_sdk:162 | ✅ SDK获取期权快照: 9118个快照，用时9.17秒
2025-06-04 12:49:23 | INFO     | src.data.market_data:_get_option_chain_sdk:258 | 成功解析期权链: 4559个看涨期权, 4559个看跌期权
2025-06-04 12:49:23 | DEBUG    | src.bot.trading_bot:_update_positions:184 | 头寸更新完成
2025-06-04 12:49:23 | INFO     | src.bot.trading_bot:_check_force_close:229 | 临近收盘，执行强制平仓
2025-06-04 12:49:23 | ERROR    | src.trading.executor:_close_position:576 | 平仓失败: {"code":40310000,"message":"account not eligible to trade uncovered option contracts"}
2025-06-04 12:49:23 | INFO     | src.trading.executor:close_all_positions:598 | 已平仓所有头寸，原因: 临近收盘强制平仓
2025-06-04 12:49:23 | INFO     | src.utils.notifications:send_message:63 | [GENERAL] 🕐 强制平仓执行
时间: 15:49:23.420593
原因: 临近收盘
平仓头寸数: 1
2025-06-04 12:49:24 | INFO     | src.trading.executor:update_account_info:125 | 账户更新: 总值$10035.96, 买入力$8821.88
2025-06-04 12:49:24 | DEBUG    | src.bot.trading_bot:_update_market_data:134 | 市场数据更新完成
2025-06-04 12:49:32 | INFO     | src.data.market_data:_get_option_chain_sdk:162 | ✅ SDK获取期权快照: 9118个快照，用时9.33秒
2025-06-04 12:49:32 | INFO     | src.data.market_data:_get_option_chain_sdk:258 | 成功解析期权链: 4559个看涨期权, 4559个看跌期权
2025-06-04 12:49:32 | DEBUG    | src.bot.trading_bot:_update_positions:184 | 头寸更新完成
2025-06-04 12:49:32 | INFO     | src.bot.trading_bot:_check_force_close:229 | 临近收盘，执行强制平仓
2025-06-04 12:49:32 | ERROR    | src.trading.executor:_close_position:576 | 平仓失败: {"code":40310000,"message":"account not eligible to trade uncovered option contracts"}
2025-06-04 12:49:32 | INFO     | src.trading.executor:close_all_positions:598 | 已平仓所有头寸，原因: 临近收盘强制平仓
2025-06-04 12:49:32 | INFO     | src.utils.notifications:send_message:63 | [GENERAL] 🕐 强制平仓执行
时间: 15:49:32.638874
原因: 临近收盘
平仓头寸数: 1
2025-06-04 12:49:34 | INFO     | src.trading.executor:update_account_info:125 | 账户更新: 总值$10035.96, 买入力$8821.88
2025-06-04 12:49:34 | DEBUG    | src.bot.trading_bot:_update_market_data:134 | 市场数据更新完成
2025-06-04 12:49:55 | INFO     | src.trading.executor:update_account_info:125 | 账户更新: 总值$10035.96, 买入力$8821.88
2025-06-04 12:49:55 | DEBUG    | src.bot.trading_bot:_update_market_data:134 | 市场数据更新完成
2025-06-04 12:50:24 | INFO     | src.bot.trading_bot:_check_force_close:229 | 临近收盘，执行强制平仓
2025-06-04 12:50:24 | ERROR    | src.trading.executor:_close_position:576 | 平仓失败: {"code":40310000,"message":"account not eligible to trade uncovered option contracts"}
2025-06-04 12:50:24 | INFO     | src.trading.executor:close_all_positions:598 | 已平仓所有头寸，原因: 临近收盘强制平仓
2025-06-04 12:50:24 | INFO     | src.utils.notifications:send_message:63 | [GENERAL] 🕐 强制平仓执行
时间: 15:50:24.384896
原因: 临近收盘
平仓头寸数: 1
2025-06-04 12:50:33 | INFO     | src.bot.trading_bot:_check_force_close:229 | 临近收盘，执行强制平仓
2025-06-04 12:50:33 | ERROR    | src.trading.executor:_close_position:576 | 平仓失败: {"code":40310000,"message":"account not eligible to trade uncovered option contracts"}
2025-06-04 12:50:33 | INFO     | src.trading.executor:close_all_positions:598 | 已平仓所有头寸，原因: 临近收盘强制平仓
2025-06-04 12:50:33 | INFO     | src.utils.notifications:send_message:63 | [GENERAL] 🕐 强制平仓执行
时间: 15:50:33.539121
原因: 临近收盘
平仓头寸数: 1
2025-06-04 12:51:24 | INFO     | src.bot.trading_bot:_check_force_close:229 | 临近收盘，执行强制平仓
2025-06-04 12:51:25 | ERROR    | src.trading.executor:_close_position:576 | 平仓失败: {"code":40310000,"message":"account not eligible to trade uncovered option contracts"}
2025-06-04 12:51:25 | INFO     | src.trading.executor:close_all_positions:598 | 已平仓所有头寸，原因: 临近收盘强制平仓
2025-06-04 12:51:25 | INFO     | src.utils.notifications:send_message:63 | [GENERAL] 🕐 强制平仓执行
时间: 15:51:24.996216
原因: 临近收盘
平仓头寸数: 1
2025-06-04 12:51:34 | INFO     | src.bot.trading_bot:_check_force_close:229 | 临近收盘，执行强制平仓
2025-06-04 12:51:34 | ERROR    | src.trading.executor:_close_position:576 | 平仓失败: {"code":40310000,"message":"account not eligible to trade uncovered option contracts"}
2025-06-04 12:51:34 | INFO     | src.trading.executor:close_all_positions:598 | 已平仓所有头寸，原因: 临近收盘强制平仓
2025-06-04 12:51:34 | INFO     | src.utils.notifications:send_message:63 | [GENERAL] 🕐 强制平仓执行
时间: 15:51:34.180257
原因: 临近收盘
平仓头寸数: 1
2025-06-04 12:52:25 | INFO     | src.bot.trading_bot:_check_force_close:229 | 临近收盘，执行强制平仓
2025-06-04 12:52:25 | ERROR    | src.trading.executor:_close_position:576 | 平仓失败: {"code":40310000,"message":"account not eligible to trade uncovered option contracts"}
2025-06-04 12:52:25 | INFO     | src.trading.executor:close_all_positions:598 | 已平仓所有头寸，原因: 临近收盘强制平仓
2025-06-04 12:52:25 | INFO     | src.utils.notifications:send_message:63 | [GENERAL] 🕐 强制平仓执行
时间: 15:52:25.611484
原因: 临近收盘
平仓头寸数: 1
2025-06-04 12:52:34 | INFO     | src.bot.trading_bot:_check_force_close:229 | 临近收盘，执行强制平仓
2025-06-04 12:52:34 | ERROR    | src.trading.executor:_close_position:576 | 平仓失败: {"code":40310000,"message":"account not eligible to trade uncovered option contracts"}
2025-06-04 12:52:34 | INFO     | src.trading.executor:close_all_positions:598 | 已平仓所有头寸，原因: 临近收盘强制平仓
2025-06-04 12:52:34 | INFO     | src.utils.notifications:send_message:63 | [GENERAL] 🕐 强制平仓执行
时间: 15:52:34.758453
原因: 临近收盘
平仓头寸数: 1
2025-06-04 12:53:26 | INFO     | src.bot.trading_bot:_check_force_close:229 | 临近收盘，执行强制平仓
2025-06-04 12:53:26 | ERROR    | src.trading.executor:_close_position:576 | 平仓失败: {"code":40310000,"message":"account not eligible to trade uncovered option contracts"}
2025-06-04 12:53:26 | INFO     | src.trading.executor:close_all_positions:598 | 已平仓所有头寸，原因: 临近收盘强制平仓
2025-06-04 12:53:26 | INFO     | src.utils.notifications:send_message:63 | [GENERAL] 🕐 强制平仓执行
时间: 15:53:26.196967
原因: 临近收盘
平仓头寸数: 1
2025-06-04 12:53:35 | INFO     | src.bot.trading_bot:_check_force_close:229 | 临近收盘，执行强制平仓
2025-06-04 12:53:35 | ERROR    | src.trading.executor:_close_position:576 | 平仓失败: {"code":40310000,"message":"account not eligible to trade uncovered option contracts"}
2025-06-04 12:53:35 | INFO     | src.trading.executor:close_all_positions:598 | 已平仓所有头寸，原因: 临近收盘强制平仓
2025-06-04 12:53:35 | INFO     | src.utils.notifications:send_message:63 | [GENERAL] 🕐 强制平仓执行
时间: 15:53:35.454065
原因: 临近收盘
平仓头寸数: 1
2025-06-04 12:54:26 | INFO     | src.bot.trading_bot:_check_force_close:229 | 临近收盘，执行强制平仓
2025-06-04 12:54:26 | ERROR    | src.trading.executor:_close_position:576 | 平仓失败: {"code":40310000,"message":"account not eligible to trade uncovered option contracts"}
2025-06-04 12:54:26 | INFO     | src.trading.executor:close_all_positions:598 | 已平仓所有头寸，原因: 临近收盘强制平仓
2025-06-04 12:54:26 | INFO     | src.utils.notifications:send_message:63 | [GENERAL] 🕐 强制平仓执行
时间: 15:54:26.810941
原因: 临近收盘
平仓头寸数: 1
2025-06-04 12:54:36 | INFO     | src.bot.trading_bot:_check_force_close:229 | 临近收盘，执行强制平仓
2025-06-04 12:54:36 | ERROR    | src.trading.executor:_close_position:576 | 平仓失败: {"code":40310000,"message":"account not eligible to trade uncovered option contracts"}
2025-06-04 12:54:36 | INFO     | src.trading.executor:close_all_positions:598 | 已平仓所有头寸，原因: 临近收盘强制平仓
2025-06-04 12:54:36 | INFO     | src.utils.notifications:send_message:63 | [GENERAL] 🕐 强制平仓执行
时间: 15:54:36.071651
原因: 临近收盘
平仓头寸数: 1
2025-06-04 12:55:27 | INFO     | src.bot.trading_bot:_check_force_close:229 | 临近收盘，执行强制平仓
2025-06-04 12:55:27 | ERROR    | src.trading.executor:_close_position:576 | 平仓失败: {"code":40310000,"message":"account not eligible to trade uncovered option contracts"}
2025-06-04 12:55:27 | INFO     | src.trading.executor:close_all_positions:598 | 已平仓所有头寸，原因: 临近收盘强制平仓
2025-06-04 12:55:27 | INFO     | src.utils.notifications:send_message:63 | [GENERAL] 🕐 强制平仓执行
时间: 15:55:27.422242
原因: 临近收盘
平仓头寸数: 1
2025-06-04 12:55:36 | INFO     | src.bot.trading_bot:_check_force_close:229 | 临近收盘，执行强制平仓
2025-06-04 12:55:36 | ERROR    | src.trading.executor:_close_position:576 | 平仓失败: {"code":40310000,"message":"account not eligible to trade uncovered option contracts"}
2025-06-04 12:55:36 | INFO     | src.trading.executor:close_all_positions:598 | 已平仓所有头寸，原因: 临近收盘强制平仓
2025-06-04 12:55:36 | INFO     | src.utils.notifications:send_message:63 | [GENERAL] 🕐 强制平仓执行
时间: 15:55:36.650468
原因: 临近收盘
平仓头寸数: 1
2025-06-04 12:56:28 | INFO     | src.bot.trading_bot:_check_force_close:229 | 临近收盘，执行强制平仓
2025-06-04 12:56:28 | ERROR    | src.trading.executor:_close_position:576 | 平仓失败: {"code":40310000,"message":"account not eligible to trade uncovered option contracts"}
2025-06-04 12:56:28 | INFO     | src.trading.executor:close_all_positions:598 | 已平仓所有头寸，原因: 临近收盘强制平仓
2025-06-04 12:56:28 | INFO     | src.utils.notifications:send_message:63 | [GENERAL] 🕐 强制平仓执行
时间: 15:56:28.000861
原因: 临近收盘
平仓头寸数: 1
2025-06-04 12:56:37 | INFO     | src.bot.trading_bot:_check_force_close:229 | 临近收盘，执行强制平仓
2025-06-04 12:56:37 | ERROR    | src.trading.executor:_close_position:576 | 平仓失败: {"code":40310000,"message":"account not eligible to trade uncovered option contracts"}
2025-06-04 12:56:37 | INFO     | src.trading.executor:close_all_positions:598 | 已平仓所有头寸，原因: 临近收盘强制平仓
2025-06-04 12:56:37 | INFO     | src.utils.notifications:send_message:63 | [GENERAL] 🕐 强制平仓执行
时间: 15:56:37.256474
原因: 临近收盘
平仓头寸数: 1
2025-06-04 12:57:28 | INFO     | src.bot.trading_bot:_check_force_close:229 | 临近收盘，执行强制平仓
2025-06-04 12:57:28 | ERROR    | src.trading.executor:_close_position:576 | 平仓失败: {"code":40310000,"message":"account not eligible to trade uncovered option contracts"}
2025-06-04 12:57:28 | INFO     | src.trading.executor:close_all_positions:598 | 已平仓所有头寸，原因: 临近收盘强制平仓
2025-06-04 12:57:28 | INFO     | src.utils.notifications:send_message:63 | [GENERAL] 🕐 强制平仓执行
时间: 15:57:28.599459
原因: 临近收盘
平仓头寸数: 1
2025-06-04 12:57:37 | INFO     | src.bot.trading_bot:_check_force_close:229 | 临近收盘，执行强制平仓
2025-06-04 12:57:37 | ERROR    | src.trading.executor:_close_position:576 | 平仓失败: {"code":40310000,"message":"account not eligible to trade uncovered option contracts"}
2025-06-04 12:57:37 | INFO     | src.trading.executor:close_all_positions:598 | 已平仓所有头寸，原因: 临近收盘强制平仓
2025-06-04 12:57:37 | INFO     | src.utils.notifications:send_message:63 | [GENERAL] 🕐 强制平仓执行
时间: 15:57:37.861173
原因: 临近收盘
平仓头寸数: 1
2025-06-04 12:58:29 | INFO     | src.bot.trading_bot:_check_force_close:229 | 临近收盘，执行强制平仓
2025-06-04 12:58:29 | ERROR    | src.trading.executor:_close_position:576 | 平仓失败: {"code":40310000,"message":"account not eligible to trade uncovered option contracts"}
2025-06-04 12:58:29 | INFO     | src.trading.executor:close_all_positions:598 | 已平仓所有头寸，原因: 临近收盘强制平仓
2025-06-04 12:58:29 | INFO     | src.utils.notifications:send_message:63 | [GENERAL] 🕐 强制平仓执行
时间: 15:58:29.185559
原因: 临近收盘
平仓头寸数: 1
2025-06-04 12:58:38 | INFO     | src.bot.trading_bot:_check_force_close:229 | 临近收盘，执行强制平仓
2025-06-04 12:58:38 | ERROR    | src.trading.executor:_close_position:576 | 平仓失败: {"code":40310000,"message":"account not eligible to trade uncovered option contracts"}
2025-06-04 12:58:38 | INFO     | src.trading.executor:close_all_positions:598 | 已平仓所有头寸，原因: 临近收盘强制平仓
2025-06-04 12:58:38 | INFO     | src.utils.notifications:send_message:63 | [GENERAL] 🕐 强制平仓执行
时间: 15:58:38.457858
原因: 临近收盘
平仓头寸数: 1
2025-06-04 12:59:29 | INFO     | src.bot.trading_bot:_check_force_close:229 | 临近收盘，执行强制平仓
2025-06-04 12:59:29 | ERROR    | src.trading.executor:_close_position:576 | 平仓失败: {"code":40310000,"message":"account not eligible to trade uncovered option contracts"}
2025-06-04 12:59:29 | INFO     | src.trading.executor:close_all_positions:598 | 已平仓所有头寸，原因: 临近收盘强制平仓
2025-06-04 12:59:29 | INFO     | src.utils.notifications:send_message:63 | [GENERAL] 🕐 强制平仓执行
时间: 15:59:29.815270
原因: 临近收盘
平仓头寸数: 1
2025-06-04 12:59:39 | INFO     | src.bot.trading_bot:_check_force_close:229 | 临近收盘，执行强制平仓
2025-06-04 12:59:39 | ERROR    | src.trading.executor:_close_position:576 | 平仓失败: {"code":40310000,"message":"account not eligible to trade uncovered option contracts"}
2025-06-04 12:59:39 | INFO     | src.trading.executor:close_all_positions:598 | 已平仓所有头寸，原因: 临近收盘强制平仓
2025-06-04 12:59:39 | INFO     | src.utils.notifications:send_message:63 | [GENERAL] 🕐 强制平仓执行
时间: 15:59:39.072320
原因: 临近收盘
平仓头寸数: 1
2025-06-04 13:00:30 | INFO     | src.bot.trading_bot:_check_force_close:229 | 临近收盘，执行强制平仓
2025-06-04 13:00:30 | ERROR    | src.trading.executor:_close_position:576 | 平仓失败: {"code":40310000,"message":"account not eligible to trade uncovered option contracts"}
2025-06-04 13:00:30 | INFO     | src.trading.executor:close_all_positions:598 | 已平仓所有头寸，原因: 临近收盘强制平仓
2025-06-04 13:00:30 | INFO     | src.utils.notifications:send_message:63 | [GENERAL] 🕐 强制平仓执行
时间: 16:00:30.404318
原因: 临近收盘
平仓头寸数: 1
2025-06-04 13:00:39 | INFO     | src.bot.trading_bot:_check_force_close:229 | 临近收盘，执行强制平仓
2025-06-04 13:00:39 | ERROR    | src.trading.executor:_close_position:576 | 平仓失败: {"code":40310000,"message":"account not eligible to trade uncovered option contracts"}
2025-06-04 13:00:39 | INFO     | src.trading.executor:close_all_positions:598 | 已平仓所有头寸，原因: 临近收盘强制平仓
2025-06-04 13:00:39 | INFO     | src.utils.notifications:send_message:63 | [GENERAL] 🕐 强制平仓执行
时间: 16:00:39.692606
原因: 临近收盘
平仓头寸数: 1
2025-06-04 13:01:30 | INFO     | src.bot.trading_bot:_check_force_close:229 | 临近收盘，执行强制平仓
2025-06-04 13:01:31 | ERROR    | src.trading.executor:_close_position:576 | 平仓失败: {"code":40310000,"message":"account not eligible to trade uncovered option contracts"}
2025-06-04 13:01:31 | INFO     | src.trading.executor:close_all_positions:598 | 已平仓所有头寸，原因: 临近收盘强制平仓
2025-06-04 13:01:31 | INFO     | src.utils.notifications:send_message:63 | [GENERAL] 🕐 强制平仓执行
时间: 16:01:30.935107
原因: 临近收盘
平仓头寸数: 1
2025-06-04 13:01:40 | INFO     | src.bot.trading_bot:_check_force_close:229 | 临近收盘，执行强制平仓
2025-06-04 13:01:40 | ERROR    | src.trading.executor:_close_position:576 | 平仓失败: {"code":40310000,"message":"account not eligible to trade uncovered option contracts"}
2025-06-04 13:01:40 | INFO     | src.trading.executor:close_all_positions:598 | 已平仓所有头寸，原因: 临近收盘强制平仓
2025-06-04 13:01:40 | INFO     | src.utils.notifications:send_message:63 | [GENERAL] 🕐 强制平仓执行
时间: 16:01:40.309583
原因: 临近收盘
平仓头寸数: 1
2025-06-04 13:02:31 | INFO     | src.bot.trading_bot:_check_force_close:229 | 临近收盘，执行强制平仓
2025-06-04 13:02:31 | ERROR    | src.trading.executor:_close_position:576 | 平仓失败: {"code":40310000,"message":"account not eligible to trade uncovered option contracts"}
2025-06-04 13:02:31 | INFO     | src.trading.executor:close_all_positions:598 | 已平仓所有头寸，原因: 临近收盘强制平仓
2025-06-04 13:02:31 | INFO     | src.utils.notifications:send_message:63 | [GENERAL] 🕐 强制平仓执行
时间: 16:02:31.494385
原因: 临近收盘
平仓头寸数: 1
2025-06-04 13:02:40 | INFO     | src.bot.trading_bot:_check_force_close:229 | 临近收盘，执行强制平仓
2025-06-04 13:02:40 | ERROR    | src.trading.executor:_close_position:576 | 平仓失败: {"code":40310000,"message":"account not eligible to trade uncovered option contracts"}
2025-06-04 13:02:40 | INFO     | src.trading.executor:close_all_positions:598 | 已平仓所有头寸，原因: 临近收盘强制平仓
2025-06-04 13:02:40 | INFO     | src.utils.notifications:send_message:63 | [GENERAL] 🕐 强制平仓执行
时间: 16:02:40.894642
原因: 临近收盘
平仓头寸数: 1
2025-06-04 13:03:32 | INFO     | src.bot.trading_bot:_check_force_close:229 | 临近收盘，执行强制平仓
2025-06-04 13:03:32 | ERROR    | src.trading.executor:_close_position:576 | 平仓失败: {"code":40310000,"message":"account not eligible to trade uncovered option contracts"}
2025-06-04 13:03:32 | INFO     | src.trading.executor:close_all_positions:598 | 已平仓所有头寸，原因: 临近收盘强制平仓
2025-06-04 13:03:32 | INFO     | src.utils.notifications:send_message:63 | [GENERAL] 🕐 强制平仓执行
时间: 16:03:32.107274
原因: 临近收盘
平仓头寸数: 1
2025-06-04 13:03:41 | INFO     | src.bot.trading_bot:_check_force_close:229 | 临近收盘，执行强制平仓
2025-06-04 13:03:41 | ERROR    | src.trading.executor:_close_position:576 | 平仓失败: {"code":40310000,"message":"account not eligible to trade uncovered option contracts"}
2025-06-04 13:03:41 | INFO     | src.trading.executor:close_all_positions:598 | 已平仓所有头寸，原因: 临近收盘强制平仓
2025-06-04 13:03:41 | INFO     | src.utils.notifications:send_message:63 | [GENERAL] 🕐 强制平仓执行
时间: 16:03:41.478735
原因: 临近收盘
平仓头寸数: 1
2025-06-04 13:04:32 | INFO     | src.bot.trading_bot:_check_force_close:229 | 临近收盘，执行强制平仓
2025-06-04 13:04:32 | ERROR    | src.trading.executor:_close_position:576 | 平仓失败: {"code":40310000,"message":"account not eligible to trade uncovered option contracts"}
2025-06-04 13:04:32 | INFO     | src.trading.executor:close_all_positions:598 | 已平仓所有头寸，原因: 临近收盘强制平仓
2025-06-04 13:04:32 | INFO     | src.utils.notifications:send_message:63 | [GENERAL] 🕐 强制平仓执行
时间: 16:04:32.706840
原因: 临近收盘
平仓头寸数: 1
2025-06-04 13:04:42 | INFO     | src.bot.trading_bot:_check_force_close:229 | 临近收盘，执行强制平仓
2025-06-04 13:04:42 | ERROR    | src.trading.executor:_close_position:576 | 平仓失败: {"code":40310000,"message":"account not eligible to trade uncovered option contracts"}
2025-06-04 13:04:42 | INFO     | src.trading.executor:close_all_positions:598 | 已平仓所有头寸，原因: 临近收盘强制平仓
2025-06-04 13:04:42 | INFO     | src.utils.notifications:send_message:63 | [GENERAL] 🕐 强制平仓执行
时间: 16:04:42.096346
原因: 临近收盘
平仓头寸数: 1
2025-06-04 13:05:33 | INFO     | src.bot.trading_bot:_check_force_close:229 | 临近收盘，执行强制平仓
2025-06-04 13:05:33 | ERROR    | src.trading.executor:_close_position:576 | 平仓失败: {"code":40310000,"message":"account not eligible to trade uncovered option contracts"}
2025-06-04 13:05:33 | INFO     | src.trading.executor:close_all_positions:598 | 已平仓所有头寸，原因: 临近收盘强制平仓
2025-06-04 13:05:33 | INFO     | src.utils.notifications:send_message:63 | [GENERAL] 🕐 强制平仓执行
时间: 16:05:33.295078
原因: 临近收盘
平仓头寸数: 1
2025-06-04 13:05:42 | INFO     | src.bot.trading_bot:_check_force_close:229 | 临近收盘，执行强制平仓
2025-06-04 13:05:42 | ERROR    | src.trading.executor:_close_position:576 | 平仓失败: {"code":40310000,"message":"account not eligible to trade uncovered option contracts"}
2025-06-04 13:05:42 | INFO     | src.trading.executor:close_all_positions:598 | 已平仓所有头寸，原因: 临近收盘强制平仓
2025-06-04 13:05:42 | INFO     | src.utils.notifications:send_message:63 | [GENERAL] 🕐 强制平仓执行
时间: 16:05:42.725147
原因: 临近收盘
平仓头寸数: 1
2025-06-04 13:06:33 | INFO     | src.bot.trading_bot:_check_force_close:229 | 临近收盘，执行强制平仓
2025-06-04 13:06:33 | ERROR    | src.trading.executor:_close_position:576 | 平仓失败: {"code":40310000,"message":"account not eligible to trade uncovered option contracts"}
2025-06-04 13:06:33 | INFO     | src.trading.executor:close_all_positions:598 | 已平仓所有头寸，原因: 临近收盘强制平仓
2025-06-04 13:06:33 | INFO     | src.utils.notifications:send_message:63 | [GENERAL] 🕐 强制平仓执行
时间: 16:06:33.846057
原因: 临近收盘
平仓头寸数: 1
2025-06-04 13:06:43 | INFO     | src.bot.trading_bot:_check_force_close:229 | 临近收盘，执行强制平仓
2025-06-04 13:06:43 | ERROR    | src.trading.executor:_close_position:576 | 平仓失败: {"code":40310000,"message":"account not eligible to trade uncovered option contracts"}
2025-06-04 13:06:43 | INFO     | src.trading.executor:close_all_positions:598 | 已平仓所有头寸，原因: 临近收盘强制平仓
2025-06-04 13:06:43 | INFO     | src.utils.notifications:send_message:63 | [GENERAL] 🕐 强制平仓执行
时间: 16:06:43.376619
原因: 临近收盘
平仓头寸数: 1
2025-06-04 13:07:34 | INFO     | src.bot.trading_bot:_check_force_close:229 | 临近收盘，执行强制平仓
2025-06-04 13:07:34 | ERROR    | src.trading.executor:_close_position:576 | 平仓失败: {"code":40310000,"message":"account not eligible to trade uncovered option contracts"}
2025-06-04 13:07:34 | INFO     | src.trading.executor:close_all_positions:598 | 已平仓所有头寸，原因: 临近收盘强制平仓
2025-06-04 13:07:34 | INFO     | src.utils.notifications:send_message:63 | [GENERAL] 🕐 强制平仓执行
时间: 16:07:34.463093
原因: 临近收盘
平仓头寸数: 1
2025-06-04 13:07:43 | INFO     | src.bot.trading_bot:_check_force_close:229 | 临近收盘，执行强制平仓
2025-06-04 13:07:44 | ERROR    | src.trading.executor:_close_position:576 | 平仓失败: {"code":40310000,"message":"account not eligible to trade uncovered option contracts"}
2025-06-04 13:07:44 | INFO     | src.trading.executor:close_all_positions:598 | 已平仓所有头寸，原因: 临近收盘强制平仓
2025-06-04 13:07:44 | INFO     | src.utils.notifications:send_message:63 | [GENERAL] 🕐 强制平仓执行
时间: 16:07:43.958076
原因: 临近收盘
平仓头寸数: 1
2025-06-04 13:08:35 | INFO     | src.bot.trading_bot:_check_force_close:229 | 临近收盘，执行强制平仓
2025-06-04 13:08:35 | ERROR    | src.trading.executor:_close_position:576 | 平仓失败: {"code":40310000,"message":"account not eligible to trade uncovered option contracts"}
2025-06-04 13:08:35 | INFO     | src.trading.executor:close_all_positions:598 | 已平仓所有头寸，原因: 临近收盘强制平仓
2025-06-04 13:08:35 | INFO     | src.utils.notifications:send_message:63 | [GENERAL] 🕐 强制平仓执行
时间: 16:08:35.072287
原因: 临近收盘
平仓头寸数: 1
2025-06-04 13:08:44 | INFO     | src.bot.trading_bot:_check_force_close:229 | 临近收盘，执行强制平仓
2025-06-04 13:08:44 | ERROR    | src.trading.executor:_close_position:576 | 平仓失败: {"code":40310000,"message":"account not eligible to trade uncovered option contracts"}
2025-06-04 13:08:44 | INFO     | src.trading.executor:close_all_positions:598 | 已平仓所有头寸，原因: 临近收盘强制平仓
2025-06-04 13:08:44 | INFO     | src.utils.notifications:send_message:63 | [GENERAL] 🕐 强制平仓执行
时间: 16:08:44.567878
原因: 临近收盘
平仓头寸数: 1
2025-06-04 13:09:35 | INFO     | src.bot.trading_bot:_check_force_close:229 | 临近收盘，执行强制平仓
2025-06-04 13:09:36 | ERROR    | src.trading.executor:_close_position:576 | 平仓失败: {"code":40310000,"message":"account not eligible to trade uncovered option contracts"}
2025-06-04 13:09:36 | INFO     | src.trading.executor:close_all_positions:598 | 已平仓所有头寸，原因: 临近收盘强制平仓
2025-06-04 13:09:36 | INFO     | src.utils.notifications:send_message:63 | [GENERAL] 🕐 强制平仓执行
时间: 16:09:35.915591
原因: 临近收盘
平仓头寸数: 1
2025-06-04 13:09:45 | INFO     | src.bot.trading_bot:_check_force_close:229 | 临近收盘，执行强制平仓
2025-06-04 13:09:45 | ERROR    | src.trading.executor:_close_position:576 | 平仓失败: {"code":40310000,"message":"account not eligible to trade uncovered option contracts"}
2025-06-04 13:09:45 | INFO     | src.trading.executor:close_all_positions:598 | 已平仓所有头寸，原因: 临近收盘强制平仓
2025-06-04 13:09:45 | INFO     | src.utils.notifications:send_message:63 | [GENERAL] 🕐 强制平仓执行
时间: 16:09:45.180624
原因: 临近收盘
平仓头寸数: 1
2025-06-04 13:10:36 | INFO     | src.bot.trading_bot:_check_force_close:229 | 临近收盘，执行强制平仓
2025-06-04 13:10:36 | ERROR    | src.trading.executor:_close_position:576 | 平仓失败: {"code":40310000,"message":"account not eligible to trade uncovered option contracts"}
2025-06-04 13:10:36 | INFO     | src.trading.executor:close_all_positions:598 | 已平仓所有头寸，原因: 临近收盘强制平仓
2025-06-04 13:10:36 | INFO     | src.utils.notifications:send_message:63 | [GENERAL] 🕐 强制平仓执行
时间: 16:10:36.470589
原因: 临近收盘
平仓头寸数: 1
2025-06-04 13:10:45 | INFO     | src.bot.trading_bot:_check_force_close:229 | 临近收盘，执行强制平仓
2025-06-04 13:10:45 | ERROR    | src.trading.executor:_close_position:576 | 平仓失败: {"code":40310000,"message":"account not eligible to trade uncovered option contracts"}
2025-06-04 13:10:45 | INFO     | src.trading.executor:close_all_positions:598 | 已平仓所有头寸，原因: 临近收盘强制平仓
2025-06-04 13:10:45 | INFO     | src.utils.notifications:send_message:63 | [GENERAL] 🕐 强制平仓执行
时间: 16:10:45.747414
原因: 临近收盘
平仓头寸数: 1
2025-06-04 13:11:37 | INFO     | src.bot.trading_bot:_check_force_close:229 | 临近收盘，执行强制平仓
2025-06-04 13:11:37 | ERROR    | src.trading.executor:_close_position:576 | 平仓失败: {"code":40310000,"message":"account not eligible to trade uncovered option contracts"}
2025-06-04 13:11:37 | INFO     | src.trading.executor:close_all_positions:598 | 已平仓所有头寸，原因: 临近收盘强制平仓
2025-06-04 13:11:37 | INFO     | src.utils.notifications:send_message:63 | [GENERAL] 🕐 强制平仓执行
时间: 16:11:37.064334
原因: 临近收盘
平仓头寸数: 1
2025-06-04 13:11:46 | INFO     | src.bot.trading_bot:_check_force_close:229 | 临近收盘，执行强制平仓
2025-06-04 13:11:46 | ERROR    | src.trading.executor:_close_position:576 | 平仓失败: {"code":40310000,"message":"account not eligible to trade uncovered option contracts"}
2025-06-04 13:11:46 | INFO     | src.trading.executor:close_all_positions:598 | 已平仓所有头寸，原因: 临近收盘强制平仓
2025-06-04 13:11:46 | INFO     | src.utils.notifications:send_message:63 | [GENERAL] 🕐 强制平仓执行
时间: 16:11:46.342598
原因: 临近收盘
平仓头寸数: 1
2025-06-04 13:12:37 | INFO     | src.bot.trading_bot:_check_force_close:229 | 临近收盘，执行强制平仓
2025-06-04 13:12:37 | ERROR    | src.trading.executor:_close_position:576 | 平仓失败: {"code":40310000,"message":"account not eligible to trade uncovered option contracts"}
2025-06-04 13:12:37 | INFO     | src.trading.executor:close_all_positions:598 | 已平仓所有头寸，原因: 临近收盘强制平仓
2025-06-04 13:12:37 | INFO     | src.utils.notifications:send_message:63 | [GENERAL] 🕐 强制平仓执行
时间: 16:12:37.681159
原因: 临近收盘
平仓头寸数: 1
2025-06-04 13:12:46 | INFO     | src.bot.trading_bot:_check_force_close:229 | 临近收盘，执行强制平仓
2025-06-04 13:12:47 | ERROR    | src.trading.executor:_close_position:576 | 平仓失败: {"code":40310000,"message":"account not eligible to trade uncovered option contracts"}
2025-06-04 13:12:47 | INFO     | src.trading.executor:close_all_positions:598 | 已平仓所有头寸，原因: 临近收盘强制平仓
2025-06-04 13:12:47 | INFO     | src.utils.notifications:send_message:63 | [GENERAL] 🕐 强制平仓执行
时间: 16:12:46.947702
原因: 临近收盘
平仓头寸数: 1
2025-06-04 13:13:38 | INFO     | src.bot.trading_bot:_check_force_close:229 | 临近收盘，执行强制平仓
2025-06-04 13:13:38 | ERROR    | src.trading.executor:_close_position:576 | 平仓失败: {"code":40310000,"message":"account not eligible to trade uncovered option contracts"}
2025-06-04 13:13:38 | INFO     | src.trading.executor:close_all_positions:598 | 已平仓所有头寸，原因: 临近收盘强制平仓
2025-06-04 13:13:38 | INFO     | src.utils.notifications:send_message:63 | [GENERAL] 🕐 强制平仓执行
时间: 16:13:38.214539
原因: 临近收盘
平仓头寸数: 1
2025-06-04 13:13:47 | INFO     | src.bot.trading_bot:_check_force_close:229 | 临近收盘，执行强制平仓
2025-06-04 13:13:47 | ERROR    | src.trading.executor:_close_position:576 | 平仓失败: {"code":40310000,"message":"account not eligible to trade uncovered option contracts"}
2025-06-04 13:13:47 | INFO     | src.trading.executor:close_all_positions:598 | 已平仓所有头寸，原因: 临近收盘强制平仓
2025-06-04 13:13:47 | INFO     | src.utils.notifications:send_message:63 | [GENERAL] 🕐 强制平仓执行
时间: 16:13:47.762953
原因: 临近收盘
平仓头寸数: 1
2025-06-04 13:14:38 | INFO     | src.bot.trading_bot:_check_force_close:229 | 临近收盘，执行强制平仓
2025-06-04 13:14:38 | ERROR    | src.trading.executor:_close_position:576 | 平仓失败: {"code":40310000,"message":"account not eligible to trade uncovered option contracts"}
2025-06-04 13:14:38 | INFO     | src.trading.executor:close_all_positions:598 | 已平仓所有头寸，原因: 临近收盘强制平仓
2025-06-04 13:14:38 | INFO     | src.utils.notifications:send_message:63 | [GENERAL] 🕐 强制平仓执行
时间: 16:14:38.803083
原因: 临近收盘
平仓头寸数: 1
2025-06-04 13:14:48 | INFO     | src.bot.trading_bot:_check_force_close:229 | 临近收盘，执行强制平仓
2025-06-04 13:14:48 | ERROR    | src.trading.executor:_close_position:576 | 平仓失败: {"code":40310000,"message":"account not eligible to trade uncovered option contracts"}
2025-06-04 13:14:48 | INFO     | src.trading.executor:close_all_positions:598 | 已平仓所有头寸，原因: 临近收盘强制平仓
2025-06-04 13:14:48 | INFO     | src.utils.notifications:send_message:63 | [GENERAL] 🕐 强制平仓执行
时间: 16:14:48.336311
原因: 临近收盘
平仓头寸数: 1
2025-06-04 13:15:39 | INFO     | src.bot.trading_bot:_check_force_close:229 | 临近收盘，执行强制平仓
2025-06-04 13:15:39 | ERROR    | src.trading.executor:_close_position:576 | 平仓失败: {"code":42210000,"message":"options market orders are only allowed during market hours"}
2025-06-04 13:15:39 | INFO     | src.trading.executor:close_all_positions:598 | 已平仓所有头寸，原因: 临近收盘强制平仓
2025-06-04 13:15:39 | INFO     | src.utils.notifications:send_message:63 | [GENERAL] 🕐 强制平仓执行
时间: 16:15:39.389727
原因: 临近收盘
平仓头寸数: 1
2025-06-04 13:15:48 | INFO     | src.bot.trading_bot:_check_force_close:229 | 临近收盘，执行强制平仓
2025-06-04 13:15:49 | ERROR    | src.trading.executor:_close_position:576 | 平仓失败: {"code":42210000,"message":"options market orders are only allowed during market hours"}
2025-06-04 13:15:49 | INFO     | src.trading.executor:close_all_positions:598 | 已平仓所有头寸，原因: 临近收盘强制平仓
2025-06-04 13:15:49 | INFO     | src.utils.notifications:send_message:63 | [GENERAL] 🕐 强制平仓执行
时间: 16:15:48.965413
原因: 临近收盘
平仓头寸数: 1
2025-06-04 13:16:39 | INFO     | src.bot.trading_bot:_check_force_close:229 | 临近收盘，执行强制平仓
2025-06-04 13:16:40 | ERROR    | src.trading.executor:_close_position:576 | 平仓失败: {"code":42210000,"message":"options market orders are only allowed during market hours"}
2025-06-04 13:16:40 | INFO     | src.trading.executor:close_all_positions:598 | 已平仓所有头寸，原因: 临近收盘强制平仓
2025-06-04 13:16:40 | INFO     | src.utils.notifications:send_message:63 | [GENERAL] 🕐 强制平仓执行
时间: 16:16:39.976557
原因: 临近收盘
平仓头寸数: 1
2025-06-04 13:16:49 | INFO     | src.bot.trading_bot:_check_force_close:229 | 临近收盘，执行强制平仓
2025-06-04 13:16:49 | ERROR    | src.trading.executor:_close_position:576 | 平仓失败: {"code":42210000,"message":"options market orders are only allowed during market hours"}
2025-06-04 13:16:49 | INFO     | src.trading.executor:close_all_positions:598 | 已平仓所有头寸，原因: 临近收盘强制平仓
2025-06-04 13:16:49 | INFO     | src.utils.notifications:send_message:63 | [GENERAL] 🕐 强制平仓执行
时间: 16:16:49.570546
原因: 临近收盘
平仓头寸数: 1
2025-06-04 13:17:40 | INFO     | src.bot.trading_bot:_check_force_close:229 | 临近收盘，执行强制平仓
2025-06-04 13:17:40 | ERROR    | src.trading.executor:_close_position:576 | 平仓失败: {"code":42210000,"message":"options market orders are only allowed during market hours"}
2025-06-04 13:17:40 | INFO     | src.trading.executor:close_all_positions:598 | 已平仓所有头寸，原因: 临近收盘强制平仓
2025-06-04 13:17:40 | INFO     | src.utils.notifications:send_message:63 | [GENERAL] 🕐 强制平仓执行
时间: 16:17:40.560239
原因: 临近收盘
平仓头寸数: 1
2025-06-04 13:17:50 | INFO     | src.bot.trading_bot:_check_force_close:229 | 临近收盘，执行强制平仓
2025-06-04 13:17:50 | ERROR    | src.trading.executor:_close_position:576 | 平仓失败: {"code":42210000,"message":"options market orders are only allowed during market hours"}
2025-06-04 13:17:50 | INFO     | src.trading.executor:close_all_positions:598 | 已平仓所有头寸，原因: 临近收盘强制平仓
2025-06-04 13:17:50 | INFO     | src.utils.notifications:send_message:63 | [GENERAL] 🕐 强制平仓执行
时间: 16:17:50.176316
原因: 临近收盘
平仓头寸数: 1
2025-06-04 13:18:41 | INFO     | src.bot.trading_bot:_check_force_close:229 | 临近收盘，执行强制平仓
2025-06-04 13:18:41 | ERROR    | src.trading.executor:_close_position:576 | 平仓失败: {"code":42210000,"message":"options market orders are only allowed during market hours"}
2025-06-04 13:18:41 | INFO     | src.trading.executor:close_all_positions:598 | 已平仓所有头寸，原因: 临近收盘强制平仓
2025-06-04 13:18:41 | INFO     | src.utils.notifications:send_message:63 | [GENERAL] 🕐 强制平仓执行
时间: 16:18:41.193316
原因: 临近收盘
平仓头寸数: 1
2025-06-04 13:18:50 | INFO     | src.bot.trading_bot:_check_force_close:229 | 临近收盘，执行强制平仓
2025-06-04 13:18:50 | ERROR    | src.trading.executor:_close_position:576 | 平仓失败: {"code":42210000,"message":"options market orders are only allowed during market hours"}
2025-06-04 13:18:50 | INFO     | src.trading.executor:close_all_positions:598 | 已平仓所有头寸，原因: 临近收盘强制平仓
2025-06-04 13:18:50 | INFO     | src.utils.notifications:send_message:63 | [GENERAL] 🕐 强制平仓执行
时间: 16:18:50.799670
原因: 临近收盘
平仓头寸数: 1
2025-06-04 13:19:41 | INFO     | src.bot.trading_bot:_check_force_close:229 | 临近收盘，执行强制平仓
2025-06-04 13:19:41 | ERROR    | src.trading.executor:_close_position:576 | 平仓失败: {"code":42210000,"message":"options market orders are only allowed during market hours"}
2025-06-04 13:19:41 | INFO     | src.trading.executor:close_all_positions:598 | 已平仓所有头寸，原因: 临近收盘强制平仓
2025-06-04 13:19:41 | INFO     | src.utils.notifications:send_message:63 | [GENERAL] 🕐 强制平仓执行
时间: 16:19:41.827936
原因: 临近收盘
平仓头寸数: 1
2025-06-04 13:19:51 | INFO     | src.bot.trading_bot:_check_force_close:229 | 临近收盘，执行强制平仓
2025-06-04 13:19:51 | ERROR    | src.trading.executor:_close_position:576 | 平仓失败: {"code":42210000,"message":"options market orders are only allowed during market hours"}
2025-06-04 13:19:51 | INFO     | src.trading.executor:close_all_positions:598 | 已平仓所有头寸，原因: 临近收盘强制平仓
2025-06-04 13:19:51 | INFO     | src.utils.notifications:send_message:63 | [GENERAL] 🕐 强制平仓执行
时间: 16:19:51.407425
原因: 临近收盘
平仓头寸数: 1
2025-06-04 13:20:42 | INFO     | src.bot.trading_bot:_check_force_close:229 | 临近收盘，执行强制平仓
2025-06-04 13:20:42 | ERROR    | src.trading.executor:_close_position:576 | 平仓失败: {"code":42210000,"message":"options market orders are only allowed during market hours"}
2025-06-04 13:20:42 | INFO     | src.trading.executor:close_all_positions:598 | 已平仓所有头寸，原因: 临近收盘强制平仓
2025-06-04 13:20:42 | INFO     | src.utils.notifications:send_message:63 | [GENERAL] 🕐 强制平仓执行
时间: 16:20:42.416707
原因: 临近收盘
平仓头寸数: 1
2025-06-04 13:20:52 | INFO     | src.bot.trading_bot:_check_force_close:229 | 临近收盘，执行强制平仓
2025-06-04 13:20:52 | ERROR    | src.trading.executor:_close_position:576 | 平仓失败: {"code":42210000,"message":"options market orders are only allowed during market hours"}
2025-06-04 13:20:52 | INFO     | src.trading.executor:close_all_positions:598 | 已平仓所有头寸，原因: 临近收盘强制平仓
2025-06-04 13:20:52 | INFO     | src.utils.notifications:send_message:63 | [GENERAL] 🕐 强制平仓执行
时间: 16:20:52.060678
原因: 临近收盘
平仓头寸数: 1
2025-06-04 13:21:43 | INFO     | src.bot.trading_bot:_check_force_close:229 | 临近收盘，执行强制平仓
2025-06-04 13:21:43 | ERROR    | src.trading.executor:_close_position:576 | 平仓失败: {"code":42210000,"message":"options market orders are only allowed during market hours"}
2025-06-04 13:21:43 | INFO     | src.trading.executor:close_all_positions:598 | 已平仓所有头寸，原因: 临近收盘强制平仓
2025-06-04 13:21:43 | INFO     | src.utils.notifications:send_message:63 | [GENERAL] 🕐 强制平仓执行
时间: 16:21:43.044508
原因: 临近收盘
平仓头寸数: 1
2025-06-04 13:21:52 | INFO     | src.bot.trading_bot:_check_force_close:229 | 临近收盘，执行强制平仓
2025-06-04 13:21:52 | ERROR    | src.trading.executor:_close_position:576 | 平仓失败: {"code":42210000,"message":"options market orders are only allowed during market hours"}
2025-06-04 13:21:52 | INFO     | src.trading.executor:close_all_positions:598 | 已平仓所有头寸，原因: 临近收盘强制平仓
2025-06-04 13:21:52 | INFO     | src.utils.notifications:send_message:63 | [GENERAL] 🕐 强制平仓执行
时间: 16:21:52.661722
原因: 临近收盘
平仓头寸数: 1
2025-06-04 13:22:43 | INFO     | src.bot.trading_bot:_check_force_close:229 | 临近收盘，执行强制平仓
2025-06-04 13:22:43 | ERROR    | src.trading.executor:_close_position:576 | 平仓失败: {"code":42210000,"message":"options market orders are only allowed during market hours"}
2025-06-04 13:22:43 | INFO     | src.trading.executor:close_all_positions:598 | 已平仓所有头寸，原因: 临近收盘强制平仓
2025-06-04 13:22:43 | INFO     | src.utils.notifications:send_message:63 | [GENERAL] 🕐 强制平仓执行
时间: 16:22:43.639932
原因: 临近收盘
平仓头寸数: 1
2025-06-04 13:22:53 | INFO     | src.bot.trading_bot:_check_force_close:229 | 临近收盘，执行强制平仓
2025-06-04 13:22:53 | ERROR    | src.trading.executor:_close_position:576 | 平仓失败: {"code":42210000,"message":"options market orders are only allowed during market hours"}
2025-06-04 13:22:53 | INFO     | src.trading.executor:close_all_positions:598 | 已平仓所有头寸，原因: 临近收盘强制平仓
2025-06-04 13:22:53 | INFO     | src.utils.notifications:send_message:63 | [GENERAL] 🕐 强制平仓执行
时间: 16:22:53.234031
原因: 临近收盘
平仓头寸数: 1
2025-06-04 13:23:44 | INFO     | src.bot.trading_bot:_check_force_close:229 | 临近收盘，执行强制平仓
2025-06-04 13:23:44 | ERROR    | src.trading.executor:_close_position:576 | 平仓失败: {"code":42210000,"message":"options market orders are only allowed during market hours"}
2025-06-04 13:23:44 | INFO     | src.trading.executor:close_all_positions:598 | 已平仓所有头寸，原因: 临近收盘强制平仓
2025-06-04 13:23:44 | INFO     | src.utils.notifications:send_message:63 | [GENERAL] 🕐 强制平仓执行
时间: 16:23:44.250932
原因: 临近收盘
平仓头寸数: 1
2025-06-04 13:23:53 | INFO     | src.bot.trading_bot:_check_force_close:229 | 临近收盘，执行强制平仓
2025-06-04 13:23:53 | ERROR    | src.trading.executor:_close_position:576 | 平仓失败: {"code":42210000,"message":"options market orders are only allowed during market hours"}
2025-06-04 13:23:53 | INFO     | src.trading.executor:close_all_positions:598 | 已平仓所有头寸，原因: 临近收盘强制平仓
2025-06-04 13:23:53 | INFO     | src.utils.notifications:send_message:63 | [GENERAL] 🕐 强制平仓执行
时间: 16:23:53.844767
原因: 临近收盘
平仓头寸数: 1
2025-06-04 13:24:44 | INFO     | src.bot.trading_bot:_check_force_close:229 | 临近收盘，执行强制平仓
2025-06-04 13:24:44 | ERROR    | src.trading.executor:_close_position:576 | 平仓失败: {"code":42210000,"message":"options market orders are only allowed during market hours"}
2025-06-04 13:24:44 | INFO     | src.trading.executor:close_all_positions:598 | 已平仓所有头寸，原因: 临近收盘强制平仓
2025-06-04 13:24:44 | INFO     | src.utils.notifications:send_message:63 | [GENERAL] 🕐 强制平仓执行
时间: 16:24:44.849353
原因: 临近收盘
平仓头寸数: 1
2025-06-04 13:24:54 | INFO     | src.bot.trading_bot:_check_force_close:229 | 临近收盘，执行强制平仓
2025-06-04 13:24:54 | ERROR    | src.trading.executor:_close_position:576 | 平仓失败: {"code":42210000,"message":"options market orders are only allowed during market hours"}
2025-06-04 13:24:54 | INFO     | src.trading.executor:close_all_positions:598 | 已平仓所有头寸，原因: 临近收盘强制平仓
2025-06-04 13:24:54 | INFO     | src.utils.notifications:send_message:63 | [GENERAL] 🕐 强制平仓执行
时间: 16:24:54.427518
原因: 临近收盘
平仓头寸数: 1
2025-06-04 13:25:45 | INFO     | src.bot.trading_bot:_check_force_close:229 | 临近收盘，执行强制平仓
2025-06-04 13:25:45 | ERROR    | src.trading.executor:_close_position:576 | 平仓失败: {"code":42210000,"message":"options market orders are only allowed during market hours"}
2025-06-04 13:25:45 | INFO     | src.trading.executor:close_all_positions:598 | 已平仓所有头寸，原因: 临近收盘强制平仓
2025-06-04 13:25:45 | INFO     | src.utils.notifications:send_message:63 | [GENERAL] 🕐 强制平仓执行
时间: 16:25:45.468208
原因: 临近收盘
平仓头寸数: 1
2025-06-04 13:25:55 | INFO     | src.bot.trading_bot:_check_force_close:229 | 临近收盘，执行强制平仓
2025-06-04 13:25:55 | ERROR    | src.trading.executor:_close_position:576 | 平仓失败: {"code":42210000,"message":"options market orders are only allowed during market hours"}
2025-06-04 13:25:55 | INFO     | src.trading.executor:close_all_positions:598 | 已平仓所有头寸，原因: 临近收盘强制平仓
2025-06-04 13:25:55 | INFO     | src.utils.notifications:send_message:63 | [GENERAL] 🕐 强制平仓执行
时间: 16:25:55.001519
原因: 临近收盘
平仓头寸数: 1
2025-06-04 13:26:46 | INFO     | src.bot.trading_bot:_check_force_close:229 | 临近收盘，执行强制平仓
2025-06-04 13:26:46 | ERROR    | src.trading.executor:_close_position:576 | 平仓失败: {"code":42210000,"message":"options market orders are only allowed during market hours"}
2025-06-04 13:26:46 | INFO     | src.trading.executor:close_all_positions:598 | 已平仓所有头寸，原因: 临近收盘强制平仓
2025-06-04 13:26:46 | INFO     | src.utils.notifications:send_message:63 | [GENERAL] 🕐 强制平仓执行
时间: 16:26:46.047071
原因: 临近收盘
平仓头寸数: 1
2025-06-04 13:26:55 | INFO     | src.bot.trading_bot:_check_force_close:229 | 临近收盘，执行强制平仓
2025-06-04 13:26:55 | ERROR    | src.trading.executor:_close_position:576 | 平仓失败: {"code":42210000,"message":"options market orders are only allowed during market hours"}
2025-06-04 13:26:55 | INFO     | src.trading.executor:close_all_positions:598 | 已平仓所有头寸，原因: 临近收盘强制平仓
2025-06-04 13:26:55 | INFO     | src.utils.notifications:send_message:63 | [GENERAL] 🕐 强制平仓执行
时间: 16:26:55.605107
原因: 临近收盘
平仓头寸数: 1
2025-06-04 13:27:46 | INFO     | src.bot.trading_bot:_check_force_close:229 | 临近收盘，执行强制平仓
2025-06-04 13:27:46 | ERROR    | src.trading.executor:_close_position:576 | 平仓失败: {"code":42210000,"message":"options market orders are only allowed during market hours"}
2025-06-04 13:27:46 | INFO     | src.trading.executor:close_all_positions:598 | 已平仓所有头寸，原因: 临近收盘强制平仓
2025-06-04 13:27:46 | INFO     | src.utils.notifications:send_message:63 | [GENERAL] 🕐 强制平仓执行
时间: 16:27:46.643117
原因: 临近收盘
平仓头寸数: 1
2025-06-04 13:27:56 | INFO     | src.bot.trading_bot:_check_force_close:229 | 临近收盘，执行强制平仓
2025-06-04 13:27:56 | ERROR    | src.trading.executor:_close_position:576 | 平仓失败: {"code":42210000,"message":"options market orders are only allowed during market hours"}
2025-06-04 13:27:56 | INFO     | src.trading.executor:close_all_positions:598 | 已平仓所有头寸，原因: 临近收盘强制平仓
2025-06-04 13:27:56 | INFO     | src.utils.notifications:send_message:63 | [GENERAL] 🕐 强制平仓执行
时间: 16:27:56.198503
原因: 临近收盘
平仓头寸数: 1
2025-06-04 13:28:47 | INFO     | src.bot.trading_bot:_check_force_close:229 | 临近收盘，执行强制平仓
2025-06-04 13:28:47 | ERROR    | src.trading.executor:_close_position:576 | 平仓失败: {"code":42210000,"message":"options market orders are only allowed during market hours"}
2025-06-04 13:28:47 | INFO     | src.trading.executor:close_all_positions:598 | 已平仓所有头寸，原因: 临近收盘强制平仓
2025-06-04 13:28:47 | INFO     | src.utils.notifications:send_message:63 | [GENERAL] 🕐 强制平仓执行
时间: 16:28:47.220423
原因: 临近收盘
平仓头寸数: 1
2025-06-04 13:28:56 | INFO     | src.bot.trading_bot:_check_force_close:229 | 临近收盘，执行强制平仓
2025-06-04 13:28:56 | ERROR    | src.trading.executor:_close_position:576 | 平仓失败: {"code":42210000,"message":"options market orders are only allowed during market hours"}
2025-06-04 13:28:56 | INFO     | src.trading.executor:close_all_positions:598 | 已平仓所有头寸，原因: 临近收盘强制平仓
2025-06-04 13:28:56 | INFO     | src.utils.notifications:send_message:63 | [GENERAL] 🕐 强制平仓执行
时间: 16:28:56.827263
原因: 临近收盘
平仓头寸数: 1
2025-06-04 13:29:47 | INFO     | src.bot.trading_bot:_check_force_close:229 | 临近收盘，执行强制平仓
2025-06-04 13:29:47 | ERROR    | src.trading.executor:_close_position:576 | 平仓失败: {"code":42210000,"message":"options market orders are only allowed during market hours"}
2025-06-04 13:29:47 | INFO     | src.trading.executor:close_all_positions:598 | 已平仓所有头寸，原因: 临近收盘强制平仓
2025-06-04 13:29:47 | INFO     | src.utils.notifications:send_message:63 | [GENERAL] 🕐 强制平仓执行
时间: 16:29:47.847036
原因: 临近收盘
平仓头寸数: 1
2025-06-04 13:29:57 | INFO     | src.bot.trading_bot:_check_force_close:229 | 临近收盘，执行强制平仓
2025-06-04 13:29:57 | ERROR    | src.trading.executor:_close_position:576 | 平仓失败: {"code":42210000,"message":"options market orders are only allowed during market hours"}
2025-06-04 13:29:57 | INFO     | src.trading.executor:close_all_positions:598 | 已平仓所有头寸，原因: 临近收盘强制平仓
2025-06-04 13:29:57 | INFO     | src.utils.notifications:send_message:63 | [GENERAL] 🕐 强制平仓执行
时间: 16:29:57.394134
原因: 临近收盘
平仓头寸数: 1
2025-06-04 13:30:48 | INFO     | src.bot.trading_bot:_check_force_close:229 | 临近收盘，执行强制平仓
2025-06-04 13:30:48 | ERROR    | src.trading.executor:_close_position:576 | 平仓失败: {"code":42210000,"message":"options market orders are only allowed during market hours"}
2025-06-04 13:30:48 | INFO     | src.trading.executor:close_all_positions:598 | 已平仓所有头寸，原因: 临近收盘强制平仓
2025-06-04 13:30:48 | INFO     | src.utils.notifications:send_message:63 | [GENERAL] 🕐 强制平仓执行
时间: 16:30:48.417280
原因: 临近收盘
平仓头寸数: 1
2025-06-04 13:30:58 | INFO     | src.bot.trading_bot:_check_force_close:229 | 临近收盘，执行强制平仓
2025-06-04 13:30:58 | ERROR    | src.trading.executor:_close_position:576 | 平仓失败: {"code":42210000,"message":"options market orders are only allowed during market hours"}
2025-06-04 13:30:58 | INFO     | src.trading.executor:close_all_positions:598 | 已平仓所有头寸，原因: 临近收盘强制平仓
2025-06-04 13:30:58 | INFO     | src.utils.notifications:send_message:63 | [GENERAL] 🕐 强制平仓执行
时间: 16:30:58.049821
原因: 临近收盘
平仓头寸数: 1
2025-06-04 13:31:49 | INFO     | src.bot.trading_bot:_check_force_close:229 | 临近收盘，执行强制平仓
2025-06-04 13:31:49 | ERROR    | src.trading.executor:_close_position:576 | 平仓失败: {"code":42210000,"message":"options market orders are only allowed during market hours"}
2025-06-04 13:31:49 | INFO     | src.trading.executor:close_all_positions:598 | 已平仓所有头寸，原因: 临近收盘强制平仓
2025-06-04 13:31:49 | INFO     | src.utils.notifications:send_message:63 | [GENERAL] 🕐 强制平仓执行
时间: 16:31:49.004364
原因: 临近收盘
平仓头寸数: 1
2025-06-04 13:31:58 | INFO     | src.bot.trading_bot:_check_force_close:229 | 临近收盘，执行强制平仓
2025-06-04 13:31:58 | ERROR    | src.trading.executor:_close_position:576 | 平仓失败: {"code":42210000,"message":"options market orders are only allowed during market hours"}
2025-06-04 13:31:58 | INFO     | src.trading.executor:close_all_positions:598 | 已平仓所有头寸，原因: 临近收盘强制平仓
2025-06-04 13:31:58 | INFO     | src.utils.notifications:send_message:63 | [GENERAL] 🕐 强制平仓执行
时间: 16:31:58.657647
原因: 临近收盘
平仓头寸数: 1
2025-06-04 13:32:49 | INFO     | src.bot.trading_bot:_check_force_close:229 | 临近收盘，执行强制平仓
2025-06-04 13:32:49 | ERROR    | src.trading.executor:_close_position:576 | 平仓失败: {"code":42210000,"message":"options market orders are only allowed during market hours"}
2025-06-04 13:32:49 | INFO     | src.trading.executor:close_all_positions:598 | 已平仓所有头寸，原因: 临近收盘强制平仓
2025-06-04 13:32:49 | INFO     | src.utils.notifications:send_message:63 | [GENERAL] 🕐 强制平仓执行
时间: 16:32:49.592974
原因: 临近收盘
平仓头寸数: 1
2025-06-04 13:32:59 | INFO     | src.bot.trading_bot:_check_force_close:229 | 临近收盘，执行强制平仓
2025-06-04 13:32:59 | ERROR    | src.trading.executor:_close_position:576 | 平仓失败: {"code":42210000,"message":"options market orders are only allowed during market hours"}
2025-06-04 13:32:59 | INFO     | src.trading.executor:close_all_positions:598 | 已平仓所有头寸，原因: 临近收盘强制平仓
2025-06-04 13:32:59 | INFO     | src.utils.notifications:send_message:63 | [GENERAL] 🕐 强制平仓执行
时间: 16:32:59.312458
原因: 临近收盘
平仓头寸数: 1
2025-06-04 13:33:50 | INFO     | src.bot.trading_bot:_check_force_close:229 | 临近收盘，执行强制平仓
2025-06-04 13:33:50 | ERROR    | src.trading.executor:_close_position:576 | 平仓失败: {"code":42210000,"message":"options market orders are only allowed during market hours"}
2025-06-04 13:33:50 | INFO     | src.trading.executor:close_all_positions:598 | 已平仓所有头寸，原因: 临近收盘强制平仓
2025-06-04 13:33:50 | INFO     | src.utils.notifications:send_message:63 | [GENERAL] 🕐 强制平仓执行
时间: 16:33:50.220241
原因: 临近收盘
平仓头寸数: 1
2025-06-04 13:33:59 | INFO     | src.bot.trading_bot:_check_force_close:229 | 临近收盘，执行强制平仓
2025-06-04 13:34:00 | ERROR    | src.trading.executor:_close_position:576 | 平仓失败: {"code":42210000,"message":"options market orders are only allowed during market hours"}
2025-06-04 13:34:00 | INFO     | src.trading.executor:close_all_positions:598 | 已平仓所有头寸，原因: 临近收盘强制平仓
2025-06-04 13:34:00 | INFO     | src.utils.notifications:send_message:63 | [GENERAL] 🕐 强制平仓执行
时间: 16:33:59.901531
原因: 临近收盘
平仓头寸数: 1
2025-06-04 13:34:50 | INFO     | src.bot.trading_bot:_check_force_close:229 | 临近收盘，执行强制平仓
2025-06-04 13:34:50 | ERROR    | src.trading.executor:_close_position:576 | 平仓失败: {"code":42210000,"message":"options market orders are only allowed during market hours"}
2025-06-04 13:34:50 | INFO     | src.trading.executor:close_all_positions:598 | 已平仓所有头寸，原因: 临近收盘强制平仓
2025-06-04 13:34:50 | INFO     | src.utils.notifications:send_message:63 | [GENERAL] 🕐 强制平仓执行
时间: 16:34:50.813680
原因: 临近收盘
平仓头寸数: 1
2025-06-04 13:35:00 | INFO     | src.bot.trading_bot:_check_force_close:229 | 临近收盘，执行强制平仓
2025-06-04 13:35:00 | ERROR    | src.trading.executor:_close_position:576 | 平仓失败: {"code":42210000,"message":"options market orders are only allowed during market hours"}
2025-06-04 13:35:00 | INFO     | src.trading.executor:close_all_positions:598 | 已平仓所有头寸，原因: 临近收盘强制平仓
2025-06-04 13:35:00 | INFO     | src.utils.notifications:send_message:63 | [GENERAL] 🕐 强制平仓执行
时间: 16:35:00.533470
原因: 临近收盘
平仓头寸数: 1
2025-06-04 13:35:51 | INFO     | src.bot.trading_bot:_check_force_close:229 | 临近收盘，执行强制平仓
2025-06-04 13:35:51 | ERROR    | src.trading.executor:_close_position:576 | 平仓失败: {"code":42210000,"message":"options market orders are only allowed during market hours"}
2025-06-04 13:35:51 | INFO     | src.trading.executor:close_all_positions:598 | 已平仓所有头寸，原因: 临近收盘强制平仓
2025-06-04 13:35:51 | INFO     | src.utils.notifications:send_message:63 | [GENERAL] 🕐 强制平仓执行
时间: 16:35:51.406367
原因: 临近收盘
平仓头寸数: 1
2025-06-04 13:36:01 | INFO     | src.bot.trading_bot:_check_force_close:229 | 临近收盘，执行强制平仓
2025-06-04 13:36:01 | ERROR    | src.trading.executor:_close_position:576 | 平仓失败: {"code":42210000,"message":"options market orders are only allowed during market hours"}
2025-06-04 13:36:01 | INFO     | src.trading.executor:close_all_positions:598 | 已平仓所有头寸，原因: 临近收盘强制平仓
2025-06-04 13:36:01 | INFO     | src.utils.notifications:send_message:63 | [GENERAL] 🕐 强制平仓执行
时间: 16:36:01.141594
原因: 临近收盘
平仓头寸数: 1
2025-06-04 13:36:52 | INFO     | src.bot.trading_bot:_check_force_close:229 | 临近收盘，执行强制平仓
2025-06-04 13:36:52 | ERROR    | src.trading.executor:_close_position:576 | 平仓失败: {"code":42210000,"message":"options market orders are only allowed during market hours"}
2025-06-04 13:36:52 | INFO     | src.trading.executor:close_all_positions:598 | 已平仓所有头寸，原因: 临近收盘强制平仓
2025-06-04 13:36:52 | INFO     | src.utils.notifications:send_message:63 | [GENERAL] 🕐 强制平仓执行
时间: 16:36:52.002539
原因: 临近收盘
平仓头寸数: 1
2025-06-04 13:37:01 | INFO     | src.bot.trading_bot:_check_force_close:229 | 临近收盘，执行强制平仓
2025-06-04 13:37:01 | ERROR    | src.trading.executor:_close_position:576 | 平仓失败: {"code":42210000,"message":"options market orders are only allowed during market hours"}
2025-06-04 13:37:01 | INFO     | src.trading.executor:close_all_positions:598 | 已平仓所有头寸，原因: 临近收盘强制平仓
2025-06-04 13:37:01 | INFO     | src.utils.notifications:send_message:63 | [GENERAL] 🕐 强制平仓执行
时间: 16:37:01.751301
原因: 临近收盘
平仓头寸数: 1
2025-06-04 13:37:52 | INFO     | src.bot.trading_bot:_check_force_close:229 | 临近收盘，执行强制平仓
2025-06-04 13:37:52 | ERROR    | src.trading.executor:_close_position:576 | 平仓失败: {"code":42210000,"message":"options market orders are only allowed during market hours"}
2025-06-04 13:37:52 | INFO     | src.trading.executor:close_all_positions:598 | 已平仓所有头寸，原因: 临近收盘强制平仓
2025-06-04 13:37:52 | INFO     | src.utils.notifications:send_message:63 | [GENERAL] 🕐 强制平仓执行
时间: 16:37:52.586499
原因: 临近收盘
平仓头寸数: 1
2025-06-04 13:38:02 | INFO     | src.bot.trading_bot:_check_force_close:229 | 临近收盘，执行强制平仓
2025-06-04 13:38:02 | ERROR    | src.trading.executor:_close_position:576 | 平仓失败: {"code":42210000,"message":"options market orders are only allowed during market hours"}
2025-06-04 13:38:02 | INFO     | src.trading.executor:close_all_positions:598 | 已平仓所有头寸，原因: 临近收盘强制平仓
2025-06-04 13:38:02 | INFO     | src.utils.notifications:send_message:63 | [GENERAL] 🕐 强制平仓执行
时间: 16:38:02.310003
原因: 临近收盘
平仓头寸数: 1
2025-06-04 13:38:53 | INFO     | src.bot.trading_bot:_check_force_close:229 | 临近收盘，执行强制平仓
2025-06-04 13:38:53 | ERROR    | src.trading.executor:_close_position:576 | 平仓失败: {"code":42210000,"message":"options market orders are only allowed during market hours"}
2025-06-04 13:38:53 | INFO     | src.trading.executor:close_all_positions:598 | 已平仓所有头寸，原因: 临近收盘强制平仓
2025-06-04 13:38:53 | INFO     | src.utils.notifications:send_message:63 | [GENERAL] 🕐 强制平仓执行
时间: 16:38:53.183561
原因: 临近收盘
平仓头寸数: 1
2025-06-04 13:39:02 | INFO     | src.bot.trading_bot:_check_force_close:229 | 临近收盘，执行强制平仓
2025-06-04 13:39:02 | ERROR    | src.trading.executor:_close_position:576 | 平仓失败: {"code":42210000,"message":"options market orders are only allowed during market hours"}
2025-06-04 13:39:02 | INFO     | src.trading.executor:close_all_positions:598 | 已平仓所有头寸，原因: 临近收盘强制平仓
2025-06-04 13:39:02 | INFO     | src.utils.notifications:send_message:63 | [GENERAL] 🕐 强制平仓执行
时间: 16:39:02.890386
原因: 临近收盘
平仓头寸数: 1
2025-06-04 13:39:53 | INFO     | src.bot.trading_bot:_check_force_close:229 | 临近收盘，执行强制平仓
2025-06-04 13:39:53 | ERROR    | src.trading.executor:_close_position:576 | 平仓失败: {"code":42210000,"message":"options market orders are only allowed during market hours"}
2025-06-04 13:39:53 | INFO     | src.trading.executor:close_all_positions:598 | 已平仓所有头寸，原因: 临近收盘强制平仓
2025-06-04 13:39:53 | INFO     | src.utils.notifications:send_message:63 | [GENERAL] 🕐 强制平仓执行
时间: 16:39:53.770744
原因: 临近收盘
平仓头寸数: 1
2025-06-04 13:40:03 | INFO     | src.bot.trading_bot:_check_force_close:229 | 临近收盘，执行强制平仓
2025-06-04 13:40:03 | ERROR    | src.trading.executor:_close_position:576 | 平仓失败: {"code":42210000,"message":"options market orders are only allowed during market hours"}
2025-06-04 13:40:03 | INFO     | src.trading.executor:close_all_positions:598 | 已平仓所有头寸，原因: 临近收盘强制平仓
2025-06-04 13:40:03 | INFO     | src.utils.notifications:send_message:63 | [GENERAL] 🕐 强制平仓执行
时间: 16:40:03.468675
原因: 临近收盘
平仓头寸数: 1
2025-06-04 13:40:54 | INFO     | src.bot.trading_bot:_check_force_close:229 | 临近收盘，执行强制平仓
2025-06-04 13:40:54 | ERROR    | src.trading.executor:_close_position:576 | 平仓失败: {"code":42210000,"message":"options market orders are only allowed during market hours"}
2025-06-04 13:40:54 | INFO     | src.trading.executor:close_all_positions:598 | 已平仓所有头寸，原因: 临近收盘强制平仓
2025-06-04 13:40:54 | INFO     | src.utils.notifications:send_message:63 | [GENERAL] 🕐 强制平仓执行
时间: 16:40:54.321363
原因: 临近收盘
平仓头寸数: 1
2025-06-04 13:41:04 | INFO     | src.bot.trading_bot:_check_force_close:229 | 临近收盘，执行强制平仓
2025-06-04 13:41:04 | ERROR    | src.trading.executor:_close_position:576 | 平仓失败: {"code":42210000,"message":"options market orders are only allowed during market hours"}
2025-06-04 13:41:04 | INFO     | src.trading.executor:close_all_positions:598 | 已平仓所有头寸，原因: 临近收盘强制平仓
2025-06-04 13:41:04 | INFO     | src.utils.notifications:send_message:63 | [GENERAL] 🕐 强制平仓执行
时间: 16:41:04.060013
原因: 临近收盘
平仓头寸数: 1
2025-06-04 13:41:54 | INFO     | src.bot.trading_bot:_check_force_close:229 | 临近收盘，执行强制平仓
2025-06-04 13:41:55 | ERROR    | src.trading.executor:_close_position:576 | 平仓失败: {"code":42210000,"message":"options market orders are only allowed during market hours"}
2025-06-04 13:41:55 | INFO     | src.trading.executor:close_all_positions:598 | 已平仓所有头寸，原因: 临近收盘强制平仓
2025-06-04 13:41:55 | INFO     | src.utils.notifications:send_message:63 | [GENERAL] 🕐 强制平仓执行
时间: 16:41:54.949524
原因: 临近收盘
平仓头寸数: 1
2025-06-04 13:42:04 | INFO     | src.bot.trading_bot:_check_force_close:229 | 临近收盘，执行强制平仓
2025-06-04 13:42:04 | ERROR    | src.trading.executor:_close_position:576 | 平仓失败: {"code":42210000,"message":"options market orders are only allowed during market hours"}
2025-06-04 13:42:04 | INFO     | src.trading.executor:close_all_positions:598 | 已平仓所有头寸，原因: 临近收盘强制平仓
2025-06-04 13:42:04 | INFO     | src.utils.notifications:send_message:63 | [GENERAL] 🕐 强制平仓执行
时间: 16:42:04.652415
原因: 临近收盘
平仓头寸数: 1
2025-06-04 13:42:55 | INFO     | src.bot.trading_bot:_check_force_close:229 | 临近收盘，执行强制平仓
2025-06-04 13:42:55 | ERROR    | src.trading.executor:_close_position:576 | 平仓失败: {"code":42210000,"message":"options market orders are only allowed during market hours"}
2025-06-04 13:42:55 | INFO     | src.trading.executor:close_all_positions:598 | 已平仓所有头寸，原因: 临近收盘强制平仓
2025-06-04 13:42:55 | INFO     | src.utils.notifications:send_message:63 | [GENERAL] 🕐 强制平仓执行
时间: 16:42:55.543163
原因: 临近收盘
平仓头寸数: 1
2025-06-04 13:43:05 | INFO     | src.bot.trading_bot:_check_force_close:229 | 临近收盘，执行强制平仓
2025-06-04 13:43:05 | ERROR    | src.trading.executor:_close_position:576 | 平仓失败: {"code":42210000,"message":"options market orders are only allowed during market hours"}
2025-06-04 13:43:05 | INFO     | src.trading.executor:close_all_positions:598 | 已平仓所有头寸，原因: 临近收盘强制平仓
2025-06-04 13:43:05 | INFO     | src.utils.notifications:send_message:63 | [GENERAL] 🕐 强制平仓执行
时间: 16:43:05.240667
原因: 临近收盘
平仓头寸数: 1
2025-06-04 13:43:56 | INFO     | src.bot.trading_bot:_check_force_close:229 | 临近收盘，执行强制平仓
2025-06-04 13:43:56 | ERROR    | src.trading.executor:_close_position:576 | 平仓失败: {"code":42210000,"message":"options market orders are only allowed during market hours"}
2025-06-04 13:43:56 | INFO     | src.trading.executor:close_all_positions:598 | 已平仓所有头寸，原因: 临近收盘强制平仓
2025-06-04 13:43:56 | INFO     | src.utils.notifications:send_message:63 | [GENERAL] 🕐 强制平仓执行
时间: 16:43:56.153587
原因: 临近收盘
平仓头寸数: 1
2025-06-04 13:44:05 | INFO     | src.bot.trading_bot:_check_force_close:229 | 临近收盘，执行强制平仓
2025-06-04 13:44:05 | ERROR    | src.trading.executor:_close_position:576 | 平仓失败: {"code":42210000,"message":"options market orders are only allowed during market hours"}
2025-06-04 13:44:05 | INFO     | src.trading.executor:close_all_positions:598 | 已平仓所有头寸，原因: 临近收盘强制平仓
2025-06-04 13:44:05 | INFO     | src.utils.notifications:send_message:63 | [GENERAL] 🕐 强制平仓执行
时间: 16:44:05.844164
原因: 临近收盘
平仓头寸数: 1
2025-06-04 13:44:56 | INFO     | src.bot.trading_bot:_check_force_close:229 | 临近收盘，执行强制平仓
2025-06-04 13:44:56 | ERROR    | src.trading.executor:_close_position:576 | 平仓失败: {"code":42210000,"message":"options market orders are only allowed during market hours"}
2025-06-04 13:44:56 | INFO     | src.trading.executor:close_all_positions:598 | 已平仓所有头寸，原因: 临近收盘强制平仓
2025-06-04 13:44:56 | INFO     | src.utils.notifications:send_message:63 | [GENERAL] 🕐 强制平仓执行
时间: 16:44:56.750509
原因: 临近收盘
平仓头寸数: 1
2025-06-04 13:45:06 | INFO     | src.bot.trading_bot:_check_force_close:229 | 临近收盘，执行强制平仓
2025-06-04 13:45:06 | ERROR    | src.trading.executor:_close_position:576 | 平仓失败: {"code":42210000,"message":"options market orders are only allowed during market hours"}
2025-06-04 13:45:06 | INFO     | src.trading.executor:close_all_positions:598 | 已平仓所有头寸，原因: 临近收盘强制平仓
2025-06-04 13:45:06 | INFO     | src.utils.notifications:send_message:63 | [GENERAL] 🕐 强制平仓执行
时间: 16:45:06.451183
原因: 临近收盘
平仓头寸数: 1
2025-06-04 13:45:57 | INFO     | src.bot.trading_bot:_check_force_close:229 | 临近收盘，执行强制平仓
2025-06-04 13:45:57 | ERROR    | src.trading.executor:_close_position:576 | 平仓失败: {"code":42210000,"message":"options market orders are only allowed during market hours"}
2025-06-04 13:45:57 | INFO     | src.trading.executor:close_all_positions:598 | 已平仓所有头寸，原因: 临近收盘强制平仓
2025-06-04 13:45:57 | INFO     | src.utils.notifications:send_message:63 | [GENERAL] 🕐 强制平仓执行
时间: 16:45:57.333933
原因: 临近收盘
平仓头寸数: 1
2025-06-04 13:46:06 | INFO     | src.bot.trading_bot:_check_force_close:229 | 临近收盘，执行强制平仓
2025-06-04 13:46:07 | ERROR    | src.trading.executor:_close_position:576 | 平仓失败: {"code":42210000,"message":"options market orders are only allowed during market hours"}
2025-06-04 13:46:07 | INFO     | src.trading.executor:close_all_positions:598 | 已平仓所有头寸，原因: 临近收盘强制平仓
2025-06-04 13:46:07 | INFO     | src.utils.notifications:send_message:63 | [GENERAL] 🕐 强制平仓执行
时间: 16:46:06.994424
原因: 临近收盘
平仓头寸数: 1
2025-06-04 13:46:57 | INFO     | src.bot.trading_bot:_check_force_close:229 | 临近收盘，执行强制平仓
2025-06-04 13:46:58 | ERROR    | src.trading.executor:_close_position:576 | 平仓失败: {"code":42210000,"message":"options market orders are only allowed during market hours"}
2025-06-04 13:46:58 | INFO     | src.trading.executor:close_all_positions:598 | 已平仓所有头寸，原因: 临近收盘强制平仓
2025-06-04 13:46:58 | INFO     | src.utils.notifications:send_message:63 | [GENERAL] 🕐 强制平仓执行
时间: 16:46:57.940890
原因: 临近收盘
平仓头寸数: 1
2025-06-04 13:47:07 | INFO     | src.bot.trading_bot:_check_force_close:229 | 临近收盘，执行强制平仓
2025-06-04 13:47:07 | ERROR    | src.trading.executor:_close_position:576 | 平仓失败: {"code":42210000,"message":"options market orders are only allowed during market hours"}
2025-06-04 13:47:07 | INFO     | src.trading.executor:close_all_positions:598 | 已平仓所有头寸，原因: 临近收盘强制平仓
2025-06-04 13:47:07 | INFO     | src.utils.notifications:send_message:63 | [GENERAL] 🕐 强制平仓执行
时间: 16:47:07.591017
原因: 临近收盘
平仓头寸数: 1
2025-06-04 13:47:58 | INFO     | src.bot.trading_bot:_check_force_close:229 | 临近收盘，执行强制平仓
2025-06-04 13:47:58 | ERROR    | src.trading.executor:_close_position:576 | 平仓失败: {"code":42210000,"message":"options market orders are only allowed during market hours"}
2025-06-04 13:47:58 | INFO     | src.trading.executor:close_all_positions:598 | 已平仓所有头寸，原因: 临近收盘强制平仓
2025-06-04 13:47:58 | INFO     | src.utils.notifications:send_message:63 | [GENERAL] 🕐 强制平仓执行
时间: 16:47:58.535248
原因: 临近收盘
平仓头寸数: 1
2025-06-04 13:48:08 | INFO     | src.bot.trading_bot:_check_force_close:229 | 临近收盘，执行强制平仓
2025-06-04 13:48:08 | ERROR    | src.trading.executor:_close_position:576 | 平仓失败: {"code":42210000,"message":"options market orders are only allowed during market hours"}
2025-06-04 13:48:08 | INFO     | src.trading.executor:close_all_positions:598 | 已平仓所有头寸，原因: 临近收盘强制平仓
2025-06-04 13:48:08 | INFO     | src.utils.notifications:send_message:63 | [GENERAL] 🕐 强制平仓执行
时间: 16:48:08.196686
原因: 临近收盘
平仓头寸数: 1
2025-06-04 13:48:59 | INFO     | src.bot.trading_bot:_check_force_close:229 | 临近收盘，执行强制平仓
2025-06-04 13:48:59 | ERROR    | src.trading.executor:_close_position:576 | 平仓失败: {"code":42210000,"message":"options market orders are only allowed during market hours"}
2025-06-04 13:48:59 | INFO     | src.trading.executor:close_all_positions:598 | 已平仓所有头寸，原因: 临近收盘强制平仓
2025-06-04 13:48:59 | INFO     | src.utils.notifications:send_message:63 | [GENERAL] 🕐 强制平仓执行
时间: 16:48:59.144248
原因: 临近收盘
平仓头寸数: 1
2025-06-04 13:49:08 | INFO     | src.bot.trading_bot:_check_force_close:229 | 临近收盘，执行强制平仓
2025-06-04 13:49:08 | ERROR    | src.trading.executor:_close_position:576 | 平仓失败: {"code":42210000,"message":"options market orders are only allowed during market hours"}
2025-06-04 13:49:08 | INFO     | src.trading.executor:close_all_positions:598 | 已平仓所有头寸，原因: 临近收盘强制平仓
2025-06-04 13:49:08 | INFO     | src.utils.notifications:send_message:63 | [GENERAL] 🕐 强制平仓执行
时间: 16:49:08.842469
原因: 临近收盘
平仓头寸数: 1
2025-06-04 13:49:59 | INFO     | src.bot.trading_bot:_check_force_close:229 | 临近收盘，执行强制平仓
2025-06-04 13:49:59 | ERROR    | src.trading.executor:_close_position:576 | 平仓失败: {"code":42210000,"message":"options market orders are only allowed during market hours"}
2025-06-04 13:49:59 | INFO     | src.trading.executor:close_all_positions:598 | 已平仓所有头寸，原因: 临近收盘强制平仓
2025-06-04 13:49:59 | INFO     | src.utils.notifications:send_message:63 | [GENERAL] 🕐 强制平仓执行
时间: 16:49:59.792953
原因: 临近收盘
平仓头寸数: 1
2025-06-04 13:50:09 | INFO     | src.bot.trading_bot:_check_force_close:229 | 临近收盘，执行强制平仓
2025-06-04 13:50:09 | ERROR    | src.trading.executor:_close_position:576 | 平仓失败: {"code":42210000,"message":"options market orders are only allowed during market hours"}
2025-06-04 13:50:09 | INFO     | src.trading.executor:close_all_positions:598 | 已平仓所有头寸，原因: 临近收盘强制平仓
2025-06-04 13:50:09 | INFO     | src.utils.notifications:send_message:63 | [GENERAL] 🕐 强制平仓执行
时间: 16:50:09.427093
原因: 临近收盘
平仓头寸数: 1
2025-06-04 13:51:00 | INFO     | src.bot.trading_bot:_check_force_close:229 | 临近收盘，执行强制平仓
2025-06-04 13:51:00 | ERROR    | src.trading.executor:_close_position:576 | 平仓失败: {"code":42210000,"message":"options market orders are only allowed during market hours"}
2025-06-04 13:51:00 | INFO     | src.trading.executor:close_all_positions:598 | 已平仓所有头寸，原因: 临近收盘强制平仓
2025-06-04 13:51:00 | INFO     | src.utils.notifications:send_message:63 | [GENERAL] 🕐 强制平仓执行
时间: 16:51:00.366767
原因: 临近收盘
平仓头寸数: 1
2025-06-04 13:51:10 | INFO     | src.bot.trading_bot:_check_force_close:229 | 临近收盘，执行强制平仓
2025-06-04 13:51:10 | ERROR    | src.trading.executor:_close_position:576 | 平仓失败: {"code":42210000,"message":"options market orders are only allowed during market hours"}
2025-06-04 13:51:10 | INFO     | src.trading.executor:close_all_positions:598 | 已平仓所有头寸，原因: 临近收盘强制平仓
2025-06-04 13:51:10 | INFO     | src.utils.notifications:send_message:63 | [GENERAL] 🕐 强制平仓执行
时间: 16:51:10.081488
原因: 临近收盘
平仓头寸数: 1
2025-06-04 13:52:00 | INFO     | src.bot.trading_bot:_check_force_close:229 | 临近收盘，执行强制平仓
2025-06-04 13:52:01 | ERROR    | src.trading.executor:_close_position:576 | 平仓失败: {"code":42210000,"message":"options market orders are only allowed during market hours"}
2025-06-04 13:52:01 | INFO     | src.trading.executor:close_all_positions:598 | 已平仓所有头寸，原因: 临近收盘强制平仓
2025-06-04 13:52:01 | INFO     | src.utils.notifications:send_message:63 | [GENERAL] 🕐 强制平仓执行
时间: 16:52:00.967533
原因: 临近收盘
平仓头寸数: 1
2025-06-04 13:52:10 | INFO     | src.bot.trading_bot:_check_force_close:229 | 临近收盘，执行强制平仓
2025-06-04 13:52:10 | ERROR    | src.trading.executor:_close_position:576 | 平仓失败: {"code":42210000,"message":"options market orders are only allowed during market hours"}
2025-06-04 13:52:10 | INFO     | src.trading.executor:close_all_positions:598 | 已平仓所有头寸，原因: 临近收盘强制平仓
2025-06-04 13:52:10 | INFO     | src.utils.notifications:send_message:63 | [GENERAL] 🕐 强制平仓执行
时间: 16:52:10.623540
原因: 临近收盘
平仓头寸数: 1
2025-06-04 13:53:01 | INFO     | src.bot.trading_bot:_check_force_close:229 | 临近收盘，执行强制平仓
2025-06-04 13:53:01 | ERROR    | src.trading.executor:_close_position:576 | 平仓失败: {"code":42210000,"message":"options market orders are only allowed during market hours"}
2025-06-04 13:53:01 | INFO     | src.trading.executor:close_all_positions:598 | 已平仓所有头寸，原因: 临近收盘强制平仓
2025-06-04 13:53:01 | INFO     | src.utils.notifications:send_message:63 | [GENERAL] 🕐 强制平仓执行
时间: 16:53:01.536601
原因: 临近收盘
平仓头寸数: 1
2025-06-04 13:53:11 | INFO     | src.bot.trading_bot:_check_force_close:229 | 临近收盘，执行强制平仓
2025-06-04 13:53:11 | ERROR    | src.trading.executor:_close_position:576 | 平仓失败: {"code":42210000,"message":"options market orders are only allowed during market hours"}
2025-06-04 13:53:11 | INFO     | src.trading.executor:close_all_positions:598 | 已平仓所有头寸，原因: 临近收盘强制平仓
2025-06-04 13:53:11 | INFO     | src.utils.notifications:send_message:63 | [GENERAL] 🕐 强制平仓执行
时间: 16:53:11.256811
原因: 临近收盘
平仓头寸数: 1
2025-06-04 13:54:02 | INFO     | src.bot.trading_bot:_check_force_close:229 | 临近收盘，执行强制平仓
2025-06-04 13:54:02 | ERROR    | src.trading.executor:_close_position:576 | 平仓失败: {"code":42210000,"message":"options market orders are only allowed during market hours"}
2025-06-04 13:54:02 | INFO     | src.trading.executor:close_all_positions:598 | 已平仓所有头寸，原因: 临近收盘强制平仓
2025-06-04 13:54:02 | INFO     | src.utils.notifications:send_message:63 | [GENERAL] 🕐 强制平仓执行
时间: 16:54:02.092380
原因: 临近收盘
平仓头寸数: 1
2025-06-04 13:54:11 | INFO     | src.bot.trading_bot:_check_force_close:229 | 临近收盘，执行强制平仓
2025-06-04 13:54:11 | ERROR    | src.trading.executor:_close_position:576 | 平仓失败: {"code":42210000,"message":"options market orders are only allowed during market hours"}
2025-06-04 13:54:11 | INFO     | src.trading.executor:close_all_positions:598 | 已平仓所有头寸，原因: 临近收盘强制平仓
2025-06-04 13:54:11 | INFO     | src.utils.notifications:send_message:63 | [GENERAL] 🕐 强制平仓执行
时间: 16:54:11.852403
原因: 临近收盘
平仓头寸数: 1
2025-06-04 13:55:02 | INFO     | src.bot.trading_bot:_check_force_close:229 | 临近收盘，执行强制平仓
2025-06-04 13:55:02 | ERROR    | src.trading.executor:_close_position:576 | 平仓失败: {"code":42210000,"message":"options market orders are only allowed during market hours"}
2025-06-04 13:55:02 | INFO     | src.trading.executor:close_all_positions:598 | 已平仓所有头寸，原因: 临近收盘强制平仓
2025-06-04 13:55:02 | INFO     | src.utils.notifications:send_message:63 | [GENERAL] 🕐 强制平仓执行
时间: 16:55:02.709749
原因: 临近收盘
平仓头寸数: 1
2025-06-04 13:55:12 | INFO     | src.bot.trading_bot:_check_force_close:229 | 临近收盘，执行强制平仓
2025-06-04 13:55:12 | ERROR    | src.trading.executor:_close_position:576 | 平仓失败: {"code":42210000,"message":"options market orders are only allowed during market hours"}
2025-06-04 13:55:12 | INFO     | src.trading.executor:close_all_positions:598 | 已平仓所有头寸，原因: 临近收盘强制平仓
2025-06-04 13:55:12 | INFO     | src.utils.notifications:send_message:63 | [GENERAL] 🕐 强制平仓执行
时间: 16:55:12.517959
原因: 临近收盘
平仓头寸数: 1
2025-06-04 13:56:03 | INFO     | src.bot.trading_bot:_check_force_close:229 | 临近收盘，执行强制平仓
2025-06-04 13:56:03 | ERROR    | src.trading.executor:_close_position:576 | 平仓失败: {"code":42210000,"message":"options market orders are only allowed during market hours"}
2025-06-04 13:56:03 | INFO     | src.trading.executor:close_all_positions:598 | 已平仓所有头寸，原因: 临近收盘强制平仓
2025-06-04 13:56:03 | INFO     | src.utils.notifications:send_message:63 | [GENERAL] 🕐 强制平仓执行
时间: 16:56:03.325253
原因: 临近收盘
平仓头寸数: 1
2025-06-04 13:56:13 | INFO     | src.bot.trading_bot:_check_force_close:229 | 临近收盘，执行强制平仓
2025-06-04 13:56:13 | ERROR    | src.trading.executor:_close_position:576 | 平仓失败: {"code":42210000,"message":"options market orders are only allowed during market hours"}
2025-06-04 13:56:13 | INFO     | src.trading.executor:close_all_positions:598 | 已平仓所有头寸，原因: 临近收盘强制平仓
2025-06-04 13:56:13 | INFO     | src.utils.notifications:send_message:63 | [GENERAL] 🕐 强制平仓执行
时间: 16:56:13.097263
原因: 临近收盘
平仓头寸数: 1
2025-06-04 13:57:03 | INFO     | src.bot.trading_bot:_check_force_close:229 | 临近收盘，执行强制平仓
2025-06-04 13:57:04 | ERROR    | src.trading.executor:_close_position:576 | 平仓失败: {"code":42210000,"message":"options market orders are only allowed during market hours"}
2025-06-04 13:57:04 | INFO     | src.trading.executor:close_all_positions:598 | 已平仓所有头寸，原因: 临近收盘强制平仓
2025-06-04 13:57:04 | INFO     | src.utils.notifications:send_message:63 | [GENERAL] 🕐 强制平仓执行
时间: 16:57:03.921227
原因: 临近收盘
平仓头寸数: 1
2025-06-04 13:57:13 | INFO     | src.bot.trading_bot:_check_force_close:229 | 临近收盘，执行强制平仓
2025-06-04 13:57:13 | ERROR    | src.trading.executor:_close_position:576 | 平仓失败: {"code":42210000,"message":"options market orders are only allowed during market hours"}
2025-06-04 13:57:13 | INFO     | src.trading.executor:close_all_positions:598 | 已平仓所有头寸，原因: 临近收盘强制平仓
2025-06-04 13:57:13 | INFO     | src.utils.notifications:send_message:63 | [GENERAL] 🕐 强制平仓执行
时间: 16:57:13.727790
原因: 临近收盘
平仓头寸数: 1
2025-06-04 13:58:04 | INFO     | src.bot.trading_bot:_check_force_close:229 | 临近收盘，执行强制平仓
2025-06-04 13:58:04 | ERROR    | src.trading.executor:_close_position:576 | 平仓失败: {"code":42210000,"message":"options market orders are only allowed during market hours"}
2025-06-04 13:58:04 | INFO     | src.trading.executor:close_all_positions:598 | 已平仓所有头寸，原因: 临近收盘强制平仓
2025-06-04 13:58:04 | INFO     | src.utils.notifications:send_message:63 | [GENERAL] 🕐 强制平仓执行
时间: 16:58:04.533339
原因: 临近收盘
平仓头寸数: 1
2025-06-04 13:58:14 | INFO     | src.bot.trading_bot:_check_force_close:229 | 临近收盘，执行强制平仓
2025-06-04 13:58:14 | ERROR    | src.trading.executor:_close_position:576 | 平仓失败: {"code":42210000,"message":"options market orders are only allowed during market hours"}
2025-06-04 13:58:14 | INFO     | src.trading.executor:close_all_positions:598 | 已平仓所有头寸，原因: 临近收盘强制平仓
2025-06-04 13:58:14 | INFO     | src.utils.notifications:send_message:63 | [GENERAL] 🕐 强制平仓执行
时间: 16:58:14.372236
原因: 临近收盘
平仓头寸数: 1
2025-06-04 13:59:05 | INFO     | src.bot.trading_bot:_check_force_close:229 | 临近收盘，执行强制平仓
2025-06-04 13:59:05 | ERROR    | src.trading.executor:_close_position:576 | 平仓失败: {"code":42210000,"message":"options market orders are only allowed during market hours"}
2025-06-04 13:59:05 | INFO     | src.trading.executor:close_all_positions:598 | 已平仓所有头寸，原因: 临近收盘强制平仓
2025-06-04 13:59:05 | INFO     | src.utils.notifications:send_message:63 | [GENERAL] 🕐 强制平仓执行
时间: 16:59:05.134578
原因: 临近收盘
平仓头寸数: 1
2025-06-04 13:59:14 | INFO     | src.bot.trading_bot:_check_force_close:229 | 临近收盘，执行强制平仓
2025-06-04 13:59:15 | ERROR    | src.trading.executor:_close_position:576 | 平仓失败: {"code":42210000,"message":"options market orders are only allowed during market hours"}
2025-06-04 13:59:15 | INFO     | src.trading.executor:close_all_positions:598 | 已平仓所有头寸，原因: 临近收盘强制平仓
2025-06-04 13:59:15 | INFO     | src.utils.notifications:send_message:63 | [GENERAL] 🕐 强制平仓执行
时间: 16:59:14.951041
原因: 临近收盘
平仓头寸数: 1
2025-06-04 14:00:05 | INFO     | src.bot.trading_bot:_check_force_close:229 | 临近收盘，执行强制平仓
2025-06-04 14:00:05 | ERROR    | src.trading.executor:_close_position:576 | 平仓失败: {"code":42210000,"message":"options market orders are only allowed during market hours"}
2025-06-04 14:00:05 | INFO     | src.trading.executor:close_all_positions:598 | 已平仓所有头寸，原因: 临近收盘强制平仓
2025-06-04 14:00:05 | INFO     | src.utils.notifications:send_message:63 | [GENERAL] 🕐 强制平仓执行
时间: 17:00:05.754661
原因: 临近收盘
平仓头寸数: 1
2025-06-04 14:00:15 | INFO     | src.bot.trading_bot:_check_force_close:229 | 临近收盘，执行强制平仓
2025-06-04 14:00:15 | ERROR    | src.trading.executor:_close_position:576 | 平仓失败: {"code":42210000,"message":"options market orders are only allowed during market hours"}
2025-06-04 14:00:15 | INFO     | src.trading.executor:close_all_positions:598 | 已平仓所有头寸，原因: 临近收盘强制平仓
2025-06-04 14:00:15 | INFO     | src.utils.notifications:send_message:63 | [GENERAL] 🕐 强制平仓执行
时间: 17:00:15.514406
原因: 临近收盘
平仓头寸数: 1
2025-06-04 14:01:06 | INFO     | src.bot.trading_bot:_check_force_close:229 | 临近收盘，执行强制平仓
2025-06-04 14:01:06 | ERROR    | src.trading.executor:_close_position:576 | 平仓失败: {"code":42210000,"message":"options market orders are only allowed during market hours"}
2025-06-04 14:01:06 | INFO     | src.trading.executor:close_all_positions:598 | 已平仓所有头寸，原因: 临近收盘强制平仓
2025-06-04 14:01:06 | INFO     | src.utils.notifications:send_message:63 | [GENERAL] 🕐 强制平仓执行
时间: 17:01:06.366811
原因: 临近收盘
平仓头寸数: 1
2025-06-04 14:01:16 | INFO     | src.bot.trading_bot:_check_force_close:229 | 临近收盘，执行强制平仓
2025-06-04 14:01:16 | ERROR    | src.trading.executor:_close_position:576 | 平仓失败: {"code":42210000,"message":"options market orders are only allowed during market hours"}
2025-06-04 14:01:16 | INFO     | src.trading.executor:close_all_positions:598 | 已平仓所有头寸，原因: 临近收盘强制平仓
2025-06-04 14:01:16 | INFO     | src.utils.notifications:send_message:63 | [GENERAL] 🕐 强制平仓执行
时间: 17:01:16.156077
原因: 临近收盘
平仓头寸数: 1
2025-06-04 14:02:06 | INFO     | src.bot.trading_bot:_check_force_close:229 | 临近收盘，执行强制平仓
2025-06-04 14:02:07 | ERROR    | src.trading.executor:_close_position:576 | 平仓失败: {"code":42210000,"message":"options market orders are only allowed during market hours"}
2025-06-04 14:02:07 | INFO     | src.trading.executor:close_all_positions:598 | 已平仓所有头寸，原因: 临近收盘强制平仓
2025-06-04 14:02:07 | INFO     | src.utils.notifications:send_message:63 | [GENERAL] 🕐 强制平仓执行
时间: 17:02:06.972595
原因: 临近收盘
平仓头寸数: 1
2025-06-04 14:02:16 | INFO     | src.bot.trading_bot:_check_force_close:229 | 临近收盘，执行强制平仓
2025-06-04 14:02:16 | ERROR    | src.trading.executor:_close_position:576 | 平仓失败: {"code":42210000,"message":"options market orders are only allowed during market hours"}
2025-06-04 14:02:16 | INFO     | src.trading.executor:close_all_positions:598 | 已平仓所有头寸，原因: 临近收盘强制平仓
2025-06-04 14:02:16 | INFO     | src.utils.notifications:send_message:63 | [GENERAL] 🕐 强制平仓执行
时间: 17:02:16.758952
原因: 临近收盘
平仓头寸数: 1
2025-06-04 14:03:07 | INFO     | src.bot.trading_bot:_check_force_close:229 | 临近收盘，执行强制平仓
2025-06-04 14:03:07 | ERROR    | src.trading.executor:_close_position:576 | 平仓失败: {"code":42210000,"message":"options market orders are only allowed during market hours"}
2025-06-04 14:03:07 | INFO     | src.trading.executor:close_all_positions:598 | 已平仓所有头寸，原因: 临近收盘强制平仓
2025-06-04 14:03:07 | INFO     | src.utils.notifications:send_message:63 | [GENERAL] 🕐 强制平仓执行
时间: 17:03:07.587058
原因: 临近收盘
平仓头寸数: 1
2025-06-04 14:03:17 | INFO     | src.bot.trading_bot:_check_force_close:229 | 临近收盘，执行强制平仓
2025-06-04 14:03:17 | ERROR    | src.trading.executor:_close_position:576 | 平仓失败: {"code":42210000,"message":"options market orders are only allowed during market hours"}
2025-06-04 14:03:17 | INFO     | src.trading.executor:close_all_positions:598 | 已平仓所有头寸，原因: 临近收盘强制平仓
2025-06-04 14:03:17 | INFO     | src.utils.notifications:send_message:63 | [GENERAL] 🕐 强制平仓执行
时间: 17:03:17.330689
原因: 临近收盘
平仓头寸数: 1
2025-06-04 14:04:08 | INFO     | src.bot.trading_bot:_check_force_close:229 | 临近收盘，执行强制平仓
2025-06-04 14:04:08 | ERROR    | src.trading.executor:_close_position:576 | 平仓失败: {"code":42210000,"message":"options market orders are only allowed during market hours"}
2025-06-04 14:04:08 | INFO     | src.trading.executor:close_all_positions:598 | 已平仓所有头寸，原因: 临近收盘强制平仓
2025-06-04 14:04:08 | INFO     | src.utils.notifications:send_message:63 | [GENERAL] 🕐 强制平仓执行
时间: 17:04:08.160412
原因: 临近收盘
平仓头寸数: 1
2025-06-04 14:04:17 | INFO     | src.bot.trading_bot:_check_force_close:229 | 临近收盘，执行强制平仓
2025-06-04 14:04:18 | ERROR    | src.trading.executor:_close_position:576 | 平仓失败: {"code":42210000,"message":"options market orders are only allowed during market hours"}
2025-06-04 14:04:18 | INFO     | src.trading.executor:close_all_positions:598 | 已平仓所有头寸，原因: 临近收盘强制平仓
2025-06-04 14:04:18 | INFO     | src.utils.notifications:send_message:63 | [GENERAL] 🕐 强制平仓执行
时间: 17:04:17.958294
原因: 临近收盘
平仓头寸数: 1
2025-06-04 14:05:08 | INFO     | src.bot.trading_bot:_check_force_close:229 | 临近收盘，执行强制平仓
2025-06-04 14:05:08 | ERROR    | src.trading.executor:_close_position:576 | 平仓失败: {"code":42210000,"message":"options market orders are only allowed during market hours"}
2025-06-04 14:05:08 | INFO     | src.trading.executor:close_all_positions:598 | 已平仓所有头寸，原因: 临近收盘强制平仓
2025-06-04 14:05:08 | INFO     | src.utils.notifications:send_message:63 | [GENERAL] 🕐 强制平仓执行
时间: 17:05:08.739210
原因: 临近收盘
平仓头寸数: 1
2025-06-04 14:05:18 | INFO     | src.bot.trading_bot:_check_force_close:229 | 临近收盘，执行强制平仓
2025-06-04 14:05:18 | ERROR    | src.trading.executor:_close_position:576 | 平仓失败: {"code":42210000,"message":"options market orders are only allowed during market hours"}
2025-06-04 14:05:18 | INFO     | src.trading.executor:close_all_positions:598 | 已平仓所有头寸，原因: 临近收盘强制平仓
2025-06-04 14:05:18 | INFO     | src.utils.notifications:send_message:63 | [GENERAL] 🕐 强制平仓执行
时间: 17:05:18.756212
原因: 临近收盘
平仓头寸数: 1
2025-06-04 14:06:09 | INFO     | src.bot.trading_bot:_check_force_close:229 | 临近收盘，执行强制平仓
2025-06-04 14:06:09 | ERROR    | src.trading.executor:_close_position:576 | 平仓失败: {"code":42210000,"message":"options market orders are only allowed during market hours"}
2025-06-04 14:06:09 | INFO     | src.trading.executor:close_all_positions:598 | 已平仓所有头寸，原因: 临近收盘强制平仓
2025-06-04 14:06:09 | INFO     | src.utils.notifications:send_message:63 | [GENERAL] 🕐 强制平仓执行
时间: 17:06:09.328097
原因: 临近收盘
平仓头寸数: 1
2025-06-04 14:06:19 | INFO     | src.bot.trading_bot:_check_force_close:229 | 临近收盘，执行强制平仓
2025-06-04 14:06:19 | ERROR    | src.trading.executor:_close_position:576 | 平仓失败: {"code":42210000,"message":"options market orders are only allowed during market hours"}
2025-06-04 14:06:19 | INFO     | src.trading.executor:close_all_positions:598 | 已平仓所有头寸，原因: 临近收盘强制平仓
2025-06-04 14:06:19 | INFO     | src.utils.notifications:send_message:63 | [GENERAL] 🕐 强制平仓执行
时间: 17:06:19.371056
原因: 临近收盘
平仓头寸数: 1
2025-06-04 14:07:09 | INFO     | src.bot.trading_bot:_check_force_close:229 | 临近收盘，执行强制平仓
2025-06-04 14:07:10 | ERROR    | src.trading.executor:_close_position:576 | 平仓失败: {"code":42210000,"message":"options market orders are only allowed during market hours"}
2025-06-04 14:07:10 | INFO     | src.trading.executor:close_all_positions:598 | 已平仓所有头寸，原因: 临近收盘强制平仓
2025-06-04 14:07:10 | INFO     | src.utils.notifications:send_message:63 | [GENERAL] 🕐 强制平仓执行
时间: 17:07:09.923333
原因: 临近收盘
平仓头寸数: 1
2025-06-04 14:07:19 | INFO     | src.bot.trading_bot:_check_force_close:229 | 临近收盘，执行强制平仓
2025-06-04 14:07:20 | ERROR    | src.trading.executor:_close_position:576 | 平仓失败: {"code":42210000,"message":"options market orders are only allowed during market hours"}
2025-06-04 14:07:20 | INFO     | src.trading.executor:close_all_positions:598 | 已平仓所有头寸，原因: 临近收盘强制平仓
2025-06-04 14:07:20 | INFO     | src.utils.notifications:send_message:63 | [GENERAL] 🕐 强制平仓执行
时间: 17:07:19.941991
原因: 临近收盘
平仓头寸数: 1
2025-06-04 14:08:10 | INFO     | src.bot.trading_bot:_check_force_close:229 | 临近收盘，执行强制平仓
2025-06-04 14:08:10 | ERROR    | src.trading.executor:_close_position:576 | 平仓失败: {"code":42210000,"message":"options market orders are only allowed during market hours"}
2025-06-04 14:08:10 | INFO     | src.trading.executor:close_all_positions:598 | 已平仓所有头寸，原因: 临近收盘强制平仓
2025-06-04 14:08:10 | INFO     | src.utils.notifications:send_message:63 | [GENERAL] 🕐 强制平仓执行
时间: 17:08:10.497009
原因: 临近收盘
平仓头寸数: 1
2025-06-04 14:08:20 | INFO     | src.bot.trading_bot:_check_force_close:229 | 临近收盘，执行强制平仓
2025-06-04 14:08:20 | ERROR    | src.trading.executor:_close_position:576 | 平仓失败: {"code":42210000,"message":"options market orders are only allowed during market hours"}
2025-06-04 14:08:20 | INFO     | src.trading.executor:close_all_positions:598 | 已平仓所有头寸，原因: 临近收盘强制平仓
2025-06-04 14:08:20 | INFO     | src.utils.notifications:send_message:63 | [GENERAL] 🕐 强制平仓执行
时间: 17:08:20.520299
原因: 临近收盘
平仓头寸数: 1
2025-06-04 14:09:11 | INFO     | src.bot.trading_bot:_check_force_close:229 | 临近收盘，执行强制平仓
2025-06-04 14:09:11 | ERROR    | src.trading.executor:_close_position:576 | 平仓失败: {"code":42210000,"message":"options market orders are only allowed during market hours"}
2025-06-04 14:09:11 | INFO     | src.trading.executor:close_all_positions:598 | 已平仓所有头寸，原因: 临近收盘强制平仓
2025-06-04 14:09:11 | INFO     | src.utils.notifications:send_message:63 | [GENERAL] 🕐 强制平仓执行
时间: 17:09:11.191695
原因: 临近收盘
平仓头寸数: 1
2025-06-04 14:09:21 | INFO     | src.bot.trading_bot:_check_force_close:229 | 临近收盘，执行强制平仓
2025-06-04 14:09:21 | ERROR    | src.trading.executor:_close_position:576 | 平仓失败: {"code":42210000,"message":"options market orders are only allowed during market hours"}
2025-06-04 14:09:21 | INFO     | src.trading.executor:close_all_positions:598 | 已平仓所有头寸，原因: 临近收盘强制平仓
2025-06-04 14:09:21 | INFO     | src.utils.notifications:send_message:63 | [GENERAL] 🕐 强制平仓执行
时间: 17:09:21.121047
原因: 临近收盘
平仓头寸数: 1
2025-06-04 14:10:11 | INFO     | src.bot.trading_bot:_check_force_close:229 | 临近收盘，执行强制平仓
2025-06-04 14:10:12 | ERROR    | src.trading.executor:_close_position:576 | 平仓失败: {"code":42210000,"message":"options market orders are only allowed during market hours"}
2025-06-04 14:10:12 | INFO     | src.trading.executor:close_all_positions:598 | 已平仓所有头寸，原因: 临近收盘强制平仓
2025-06-04 14:10:12 | INFO     | src.utils.notifications:send_message:63 | [GENERAL] 🕐 强制平仓执行
时间: 17:10:11.755162
原因: 临近收盘
平仓头寸数: 1
2025-06-04 14:10:21 | INFO     | src.bot.trading_bot:_check_force_close:229 | 临近收盘，执行强制平仓
2025-06-04 14:10:21 | ERROR    | src.trading.executor:_close_position:576 | 平仓失败: {"code":42210000,"message":"options market orders are only allowed during market hours"}
2025-06-04 14:10:21 | INFO     | src.trading.executor:close_all_positions:598 | 已平仓所有头寸，原因: 临近收盘强制平仓
2025-06-04 14:10:21 | INFO     | src.utils.notifications:send_message:63 | [GENERAL] 🕐 强制平仓执行
时间: 17:10:21.725808
原因: 临近收盘
平仓头寸数: 1
2025-06-04 14:11:12 | INFO     | src.bot.trading_bot:_check_force_close:229 | 临近收盘，执行强制平仓
2025-06-04 14:11:12 | ERROR    | src.trading.executor:_close_position:576 | 平仓失败: {"code":42210000,"message":"options market orders are only allowed during market hours"}
2025-06-04 14:11:12 | INFO     | src.trading.executor:close_all_positions:598 | 已平仓所有头寸，原因: 临近收盘强制平仓
2025-06-04 14:11:12 | INFO     | src.utils.notifications:send_message:63 | [GENERAL] 🕐 强制平仓执行
时间: 17:11:12.598786
原因: 临近收盘
平仓头寸数: 1
2025-06-04 14:11:22 | INFO     | src.bot.trading_bot:_check_force_close:229 | 临近收盘，执行强制平仓
2025-06-04 14:11:22 | ERROR    | src.trading.executor:_close_position:576 | 平仓失败: {"code":42210000,"message":"options market orders are only allowed during market hours"}
2025-06-04 14:11:22 | INFO     | src.trading.executor:close_all_positions:598 | 已平仓所有头寸，原因: 临近收盘强制平仓
2025-06-04 14:11:22 | INFO     | src.utils.notifications:send_message:63 | [GENERAL] 🕐 强制平仓执行
时间: 17:11:22.329693
原因: 临近收盘
平仓头寸数: 1
2025-06-04 14:12:13 | INFO     | src.bot.trading_bot:_check_force_close:229 | 临近收盘，执行强制平仓
2025-06-04 14:12:13 | ERROR    | src.trading.executor:_close_position:576 | 平仓失败: {"code":42210000,"message":"options market orders are only allowed during market hours"}
2025-06-04 14:12:13 | INFO     | src.trading.executor:close_all_positions:598 | 已平仓所有头寸，原因: 临近收盘强制平仓
2025-06-04 14:12:13 | INFO     | src.utils.notifications:send_message:63 | [GENERAL] 🕐 强制平仓执行
时间: 17:12:13.245138
原因: 临近收盘
平仓头寸数: 1
2025-06-04 14:12:22 | INFO     | src.bot.trading_bot:_check_force_close:229 | 临近收盘，执行强制平仓
2025-06-04 14:12:23 | ERROR    | src.trading.executor:_close_position:576 | 平仓失败: {"code":42210000,"message":"options market orders are only allowed during market hours"}
2025-06-04 14:12:23 | INFO     | src.trading.executor:close_all_positions:598 | 已平仓所有头寸，原因: 临近收盘强制平仓
2025-06-04 14:12:23 | INFO     | src.utils.notifications:send_message:63 | [GENERAL] 🕐 强制平仓执行
时间: 17:12:22.969755
原因: 临近收盘
平仓头寸数: 1
2025-06-04 14:13:13 | INFO     | src.bot.trading_bot:_check_force_close:229 | 临近收盘，执行强制平仓
2025-06-04 14:13:14 | ERROR    | src.trading.executor:_close_position:576 | 平仓失败: {"code":42210000,"message":"options market orders are only allowed during market hours"}
2025-06-04 14:13:14 | INFO     | src.trading.executor:close_all_positions:598 | 已平仓所有头寸，原因: 临近收盘强制平仓
2025-06-04 14:13:14 | INFO     | src.utils.notifications:send_message:63 | [GENERAL] 🕐 强制平仓执行
时间: 17:13:13.964394
原因: 临近收盘
平仓头寸数: 1
2025-06-04 14:13:23 | INFO     | src.bot.trading_bot:_check_force_close:229 | 临近收盘，执行强制平仓
2025-06-04 14:13:23 | ERROR    | src.trading.executor:_close_position:576 | 平仓失败: {"code":42210000,"message":"options market orders are only allowed during market hours"}
2025-06-04 14:13:23 | INFO     | src.trading.executor:close_all_positions:598 | 已平仓所有头寸，原因: 临近收盘强制平仓
2025-06-04 14:13:23 | INFO     | src.utils.notifications:send_message:63 | [GENERAL] 🕐 强制平仓执行
时间: 17:13:23.566368
原因: 临近收盘
平仓头寸数: 1
2025-06-04 14:14:14 | INFO     | src.bot.trading_bot:_check_force_close:229 | 临近收盘，执行强制平仓
2025-06-04 14:14:14 | ERROR    | src.trading.executor:_close_position:576 | 平仓失败: {"code":42210000,"message":"options market orders are only allowed during market hours"}
2025-06-04 14:14:14 | INFO     | src.trading.executor:close_all_positions:598 | 已平仓所有头寸，原因: 临近收盘强制平仓
2025-06-04 14:14:14 | INFO     | src.utils.notifications:send_message:63 | [GENERAL] 🕐 强制平仓执行
时间: 17:14:14.587212
原因: 临近收盘
平仓头寸数: 1
2025-06-04 14:14:24 | INFO     | src.bot.trading_bot:_check_force_close:229 | 临近收盘，执行强制平仓
2025-06-04 14:14:24 | ERROR    | src.trading.executor:_close_position:576 | 平仓失败: {"code":42210000,"message":"options market orders are only allowed during market hours"}
2025-06-04 14:14:24 | INFO     | src.trading.executor:close_all_positions:598 | 已平仓所有头寸，原因: 临近收盘强制平仓
2025-06-04 14:14:24 | INFO     | src.utils.notifications:send_message:63 | [GENERAL] 🕐 强制平仓执行
时间: 17:14:24.193431
原因: 临近收盘
平仓头寸数: 1
2025-06-04 14:15:15 | INFO     | src.bot.trading_bot:_check_force_close:229 | 临近收盘，执行强制平仓
2025-06-04 14:15:15 | ERROR    | src.trading.executor:_close_position:576 | 平仓失败: {"code":42210000,"message":"options market orders are only allowed during market hours"}
2025-06-04 14:15:15 | INFO     | src.trading.executor:close_all_positions:598 | 已平仓所有头寸，原因: 临近收盘强制平仓
2025-06-04 14:15:15 | INFO     | src.utils.notifications:send_message:63 | [GENERAL] 🕐 强制平仓执行
时间: 17:15:15.146638
原因: 临近收盘
平仓头寸数: 1
2025-06-04 14:15:24 | INFO     | src.bot.trading_bot:_check_force_close:229 | 临近收盘，执行强制平仓
2025-06-04 14:15:25 | ERROR    | src.trading.executor:_close_position:576 | 平仓失败: {"code":42210000,"message":"options market orders are only allowed during market hours"}
2025-06-04 14:15:25 | INFO     | src.trading.executor:close_all_positions:598 | 已平仓所有头寸，原因: 临近收盘强制平仓
2025-06-04 14:15:25 | INFO     | src.utils.notifications:send_message:63 | [GENERAL] 🕐 强制平仓执行
时间: 17:15:24.993594
原因: 临近收盘
平仓头寸数: 1
2025-06-04 14:16:15 | INFO     | src.bot.trading_bot:_check_force_close:229 | 临近收盘，执行强制平仓
2025-06-04 14:16:15 | ERROR    | src.trading.executor:_close_position:576 | 平仓失败: {"code":42210000,"message":"options market orders are only allowed during market hours"}
2025-06-04 14:16:15 | INFO     | src.trading.executor:close_all_positions:598 | 已平仓所有头寸，原因: 临近收盘强制平仓
2025-06-04 14:16:15 | INFO     | src.utils.notifications:send_message:63 | [GENERAL] 🕐 强制平仓执行
时间: 17:16:15.751482
原因: 临近收盘
平仓头寸数: 1
2025-06-04 14:16:25 | INFO     | src.bot.trading_bot:_check_force_close:229 | 临近收盘，执行强制平仓
2025-06-04 14:16:25 | ERROR    | src.trading.executor:_close_position:576 | 平仓失败: {"code":42210000,"message":"options market orders are only allowed during market hours"}
2025-06-04 14:16:25 | INFO     | src.trading.executor:close_all_positions:598 | 已平仓所有头寸，原因: 临近收盘强制平仓
2025-06-04 14:16:25 | INFO     | src.utils.notifications:send_message:63 | [GENERAL] 🕐 强制平仓执行
时间: 17:16:25.611433
原因: 临近收盘
平仓头寸数: 1
2025-06-04 14:17:16 | INFO     | src.bot.trading_bot:_check_force_close:229 | 临近收盘，执行强制平仓
2025-06-04 14:17:16 | ERROR    | src.trading.executor:_close_position:576 | 平仓失败: {"code":42210000,"message":"options market orders are only allowed during market hours"}
2025-06-04 14:17:16 | INFO     | src.trading.executor:close_all_positions:598 | 已平仓所有头寸，原因: 临近收盘强制平仓
2025-06-04 14:17:16 | INFO     | src.utils.notifications:send_message:63 | [GENERAL] 🕐 强制平仓执行
时间: 17:17:16.361855
原因: 临近收盘
平仓头寸数: 1
2025-06-04 14:17:26 | INFO     | src.bot.trading_bot:_check_force_close:229 | 临近收盘，执行强制平仓
2025-06-04 14:17:26 | ERROR    | src.trading.executor:_close_position:576 | 平仓失败: {"code":42210000,"message":"options market orders are only allowed during market hours"}
2025-06-04 14:17:26 | INFO     | src.trading.executor:close_all_positions:598 | 已平仓所有头寸，原因: 临近收盘强制平仓
2025-06-04 14:17:26 | INFO     | src.utils.notifications:send_message:63 | [GENERAL] 🕐 强制平仓执行
时间: 17:17:26.222154
原因: 临近收盘
平仓头寸数: 1
2025-06-04 14:18:16 | INFO     | src.bot.trading_bot:_check_force_close:229 | 临近收盘，执行强制平仓
2025-06-04 14:18:17 | ERROR    | src.trading.executor:_close_position:576 | 平仓失败: {"code":42210000,"message":"options market orders are only allowed during market hours"}
2025-06-04 14:18:17 | INFO     | src.trading.executor:close_all_positions:598 | 已平仓所有头寸，原因: 临近收盘强制平仓
2025-06-04 14:18:17 | INFO     | src.utils.notifications:send_message:63 | [GENERAL] 🕐 强制平仓执行
时间: 17:18:16.952979
原因: 临近收盘
平仓头寸数: 1
2025-06-04 14:18:26 | INFO     | src.bot.trading_bot:_check_force_close:229 | 临近收盘，执行强制平仓
2025-06-04 14:18:26 | ERROR    | src.trading.executor:_close_position:576 | 平仓失败: {"code":42210000,"message":"options market orders are only allowed during market hours"}
2025-06-04 14:18:26 | INFO     | src.trading.executor:close_all_positions:598 | 已平仓所有头寸，原因: 临近收盘强制平仓
2025-06-04 14:18:26 | INFO     | src.utils.notifications:send_message:63 | [GENERAL] 🕐 强制平仓执行
时间: 17:18:26.857571
原因: 临近收盘
平仓头寸数: 1
2025-06-04 14:19:17 | INFO     | src.bot.trading_bot:_check_force_close:229 | 临近收盘，执行强制平仓
2025-06-04 14:19:17 | ERROR    | src.trading.executor:_close_position:576 | 平仓失败: {"code":42210000,"message":"options market orders are only allowed during market hours"}
2025-06-04 14:19:17 | INFO     | src.trading.executor:close_all_positions:598 | 已平仓所有头寸，原因: 临近收盘强制平仓
2025-06-04 14:19:17 | INFO     | src.utils.notifications:send_message:63 | [GENERAL] 🕐 强制平仓执行
时间: 17:19:17.532249
原因: 临近收盘
平仓头寸数: 1
2025-06-04 14:19:27 | INFO     | src.bot.trading_bot:_check_force_close:229 | 临近收盘，执行强制平仓
2025-06-04 14:19:27 | ERROR    | src.trading.executor:_close_position:576 | 平仓失败: {"code":42210000,"message":"options market orders are only allowed during market hours"}
2025-06-04 14:19:27 | INFO     | src.trading.executor:close_all_positions:598 | 已平仓所有头寸，原因: 临近收盘强制平仓
2025-06-04 14:19:27 | INFO     | src.utils.notifications:send_message:63 | [GENERAL] 🕐 强制平仓执行
时间: 17:19:27.440253
原因: 临近收盘
平仓头寸数: 1
2025-06-04 14:20:18 | INFO     | src.bot.trading_bot:_check_force_close:229 | 临近收盘，执行强制平仓
2025-06-04 14:20:18 | ERROR    | src.trading.executor:_close_position:576 | 平仓失败: {"code":42210000,"message":"options market orders are only allowed during market hours"}
2025-06-04 14:20:18 | INFO     | src.trading.executor:close_all_positions:598 | 已平仓所有头寸，原因: 临近收盘强制平仓
2025-06-04 14:20:18 | INFO     | src.utils.notifications:send_message:63 | [GENERAL] 🕐 强制平仓执行
时间: 17:20:18.163525
原因: 临近收盘
平仓头寸数: 1
2025-06-04 14:20:28 | INFO     | src.bot.trading_bot:_check_force_close:229 | 临近收盘，执行强制平仓
2025-06-04 14:20:28 | ERROR    | src.trading.executor:_close_position:576 | 平仓失败: {"code":42210000,"message":"options market orders are only allowed during market hours"}
2025-06-04 14:20:28 | INFO     | src.trading.executor:close_all_positions:598 | 已平仓所有头寸，原因: 临近收盘强制平仓
2025-06-04 14:20:28 | INFO     | src.utils.notifications:send_message:63 | [GENERAL] 🕐 强制平仓执行
时间: 17:20:28.078861
原因: 临近收盘
平仓头寸数: 1
2025-06-04 14:21:18 | INFO     | src.bot.trading_bot:_check_force_close:229 | 临近收盘，执行强制平仓
2025-06-04 14:21:18 | ERROR    | src.trading.executor:_close_position:576 | 平仓失败: {"code":42210000,"message":"options market orders are only allowed during market hours"}
2025-06-04 14:21:18 | INFO     | src.trading.executor:close_all_positions:598 | 已平仓所有头寸，原因: 临近收盘强制平仓
2025-06-04 14:21:18 | INFO     | src.utils.notifications:send_message:63 | [GENERAL] 🕐 强制平仓执行
时间: 17:21:18.791167
原因: 临近收盘
平仓头寸数: 1
2025-06-04 14:21:28 | INFO     | src.bot.trading_bot:_check_force_close:229 | 临近收盘，执行强制平仓
2025-06-04 14:21:28 | ERROR    | src.trading.executor:_close_position:576 | 平仓失败: {"code":42210000,"message":"options market orders are only allowed during market hours"}
2025-06-04 14:21:28 | INFO     | src.trading.executor:close_all_positions:598 | 已平仓所有头寸，原因: 临近收盘强制平仓
2025-06-04 14:21:28 | INFO     | src.utils.notifications:send_message:63 | [GENERAL] 🕐 强制平仓执行
时间: 17:21:28.675077
原因: 临近收盘
平仓头寸数: 1
2025-06-04 14:22:19 | INFO     | src.bot.trading_bot:_check_force_close:229 | 临近收盘，执行强制平仓
2025-06-04 14:22:19 | ERROR    | src.trading.executor:_close_position:576 | 平仓失败: {"code":42210000,"message":"options market orders are only allowed during market hours"}
2025-06-04 14:22:19 | INFO     | src.trading.executor:close_all_positions:598 | 已平仓所有头寸，原因: 临近收盘强制平仓
2025-06-04 14:22:19 | INFO     | src.utils.notifications:send_message:63 | [GENERAL] 🕐 强制平仓执行
时间: 17:22:19.426351
原因: 临近收盘
平仓头寸数: 1
2025-06-04 14:22:29 | INFO     | src.bot.trading_bot:_check_force_close:229 | 临近收盘，执行强制平仓
2025-06-04 14:22:29 | ERROR    | src.trading.executor:_close_position:576 | 平仓失败: {"code":42210000,"message":"options market orders are only allowed during market hours"}
2025-06-04 14:22:29 | INFO     | src.trading.executor:close_all_positions:598 | 已平仓所有头寸，原因: 临近收盘强制平仓
2025-06-04 14:22:29 | INFO     | src.utils.notifications:send_message:63 | [GENERAL] 🕐 强制平仓执行
时间: 17:22:29.233762
原因: 临近收盘
平仓头寸数: 1
2025-06-04 14:23:20 | INFO     | src.bot.trading_bot:_check_force_close:229 | 临近收盘，执行强制平仓
2025-06-04 14:23:20 | ERROR    | src.trading.executor:_close_position:576 | 平仓失败: {"code":42210000,"message":"options market orders are only allowed during market hours"}
2025-06-04 14:23:20 | INFO     | src.trading.executor:close_all_positions:598 | 已平仓所有头寸，原因: 临近收盘强制平仓
2025-06-04 14:23:20 | INFO     | src.utils.notifications:send_message:63 | [GENERAL] 🕐 强制平仓执行
时间: 17:23:20.068442
原因: 临近收盘
平仓头寸数: 1
2025-06-04 14:23:29 | INFO     | src.bot.trading_bot:_check_force_close:229 | 临近收盘，执行强制平仓
2025-06-04 14:23:29 | ERROR    | src.trading.executor:_close_position:576 | 平仓失败: {"code":42210000,"message":"options market orders are only allowed during market hours"}
2025-06-04 14:23:29 | INFO     | src.trading.executor:close_all_positions:598 | 已平仓所有头寸，原因: 临近收盘强制平仓
2025-06-04 14:23:29 | INFO     | src.utils.notifications:send_message:63 | [GENERAL] 🕐 强制平仓执行
时间: 17:23:29.798968
原因: 临近收盘
平仓头寸数: 1
2025-06-04 14:24:20 | INFO     | src.bot.trading_bot:_check_force_close:229 | 临近收盘，执行强制平仓
2025-06-04 14:24:20 | ERROR    | src.trading.executor:_close_position:576 | 平仓失败: {"code":42210000,"message":"options market orders are only allowed during market hours"}
2025-06-04 14:24:20 | INFO     | src.trading.executor:close_all_positions:598 | 已平仓所有头寸，原因: 临近收盘强制平仓
2025-06-04 14:24:20 | INFO     | src.utils.notifications:send_message:63 | [GENERAL] 🕐 强制平仓执行
时间: 17:24:20.676221
原因: 临近收盘
平仓头寸数: 1
2025-06-04 14:24:30 | INFO     | src.bot.trading_bot:_check_force_close:229 | 临近收盘，执行强制平仓
2025-06-04 14:24:30 | ERROR    | src.trading.executor:_close_position:576 | 平仓失败: {"code":42210000,"message":"options market orders are only allowed during market hours"}
2025-06-04 14:24:30 | INFO     | src.trading.executor:close_all_positions:598 | 已平仓所有头寸，原因: 临近收盘强制平仓
2025-06-04 14:24:30 | INFO     | src.utils.notifications:send_message:63 | [GENERAL] 🕐 强制平仓执行
时间: 17:24:30.392989
原因: 临近收盘
平仓头寸数: 1
2025-06-04 14:25:21 | INFO     | src.bot.trading_bot:_check_force_close:229 | 临近收盘，执行强制平仓
2025-06-04 14:25:21 | ERROR    | src.trading.executor:_close_position:576 | 平仓失败: {"code":42210000,"message":"options market orders are only allowed during market hours"}
2025-06-04 14:25:21 | INFO     | src.trading.executor:close_all_positions:598 | 已平仓所有头寸，原因: 临近收盘强制平仓
2025-06-04 14:25:21 | INFO     | src.utils.notifications:send_message:63 | [GENERAL] 🕐 强制平仓执行
时间: 17:25:21.343412
原因: 临近收盘
平仓头寸数: 1
2025-06-04 14:25:30 | INFO     | src.bot.trading_bot:_check_force_close:229 | 临近收盘，执行强制平仓
2025-06-04 14:25:31 | ERROR    | src.trading.executor:_close_position:576 | 平仓失败: {"code":42210000,"message":"options market orders are only allowed during market hours"}
2025-06-04 14:25:31 | INFO     | src.trading.executor:close_all_positions:598 | 已平仓所有头寸，原因: 临近收盘强制平仓
2025-06-04 14:25:31 | INFO     | src.utils.notifications:send_message:63 | [GENERAL] 🕐 强制平仓执行
时间: 17:25:30.985810
原因: 临近收盘
平仓头寸数: 1
2025-06-04 14:26:21 | INFO     | src.bot.trading_bot:_check_force_close:229 | 临近收盘，执行强制平仓
2025-06-04 14:26:22 | ERROR    | src.trading.executor:_close_position:576 | 平仓失败: {"code":42210000,"message":"options market orders are only allowed during market hours"}
2025-06-04 14:26:22 | INFO     | src.trading.executor:close_all_positions:598 | 已平仓所有头寸，原因: 临近收盘强制平仓
2025-06-04 14:26:22 | INFO     | src.utils.notifications:send_message:63 | [GENERAL] 🕐 强制平仓执行
时间: 17:26:21.994038
原因: 临近收盘
平仓头寸数: 1
2025-06-04 14:26:31 | INFO     | src.bot.trading_bot:_check_force_close:229 | 临近收盘，执行强制平仓
2025-06-04 14:26:31 | ERROR    | src.trading.executor:_close_position:576 | 平仓失败: {"code":42210000,"message":"options market orders are only allowed during market hours"}
2025-06-04 14:26:31 | INFO     | src.trading.executor:close_all_positions:598 | 已平仓所有头寸，原因: 临近收盘强制平仓
2025-06-04 14:26:31 | INFO     | src.utils.notifications:send_message:63 | [GENERAL] 🕐 强制平仓执行
时间: 17:26:31.594901
原因: 临近收盘
平仓头寸数: 1
2025-06-04 14:27:22 | INFO     | src.bot.trading_bot:_check_force_close:229 | 临近收盘，执行强制平仓
2025-06-04 14:27:22 | ERROR    | src.trading.executor:_close_position:576 | 平仓失败: {"code":42210000,"message":"options market orders are only allowed during market hours"}
2025-06-04 14:27:22 | INFO     | src.trading.executor:close_all_positions:598 | 已平仓所有头寸，原因: 临近收盘强制平仓
2025-06-04 14:27:22 | INFO     | src.utils.notifications:send_message:63 | [GENERAL] 🕐 强制平仓执行
时间: 17:27:22.622958
原因: 临近收盘
平仓头寸数: 1
2025-06-04 14:27:32 | INFO     | src.bot.trading_bot:_check_force_close:229 | 临近收盘，执行强制平仓
2025-06-04 14:27:32 | ERROR    | src.trading.executor:_close_position:576 | 平仓失败: {"code":42210000,"message":"options market orders are only allowed during market hours"}
2025-06-04 14:27:32 | INFO     | src.trading.executor:close_all_positions:598 | 已平仓所有头寸，原因: 临近收盘强制平仓
2025-06-04 14:27:32 | INFO     | src.utils.notifications:send_message:63 | [GENERAL] 🕐 强制平仓执行
时间: 17:27:32.266720
原因: 临近收盘
平仓头寸数: 1
2025-06-04 14:28:23 | INFO     | src.bot.trading_bot:_check_force_close:229 | 临近收盘，执行强制平仓
2025-06-04 14:28:23 | ERROR    | src.trading.executor:_close_position:576 | 平仓失败: {"code":42210000,"message":"options market orders are only allowed during market hours"}
2025-06-04 14:28:23 | INFO     | src.trading.executor:close_all_positions:598 | 已平仓所有头寸，原因: 临近收盘强制平仓
2025-06-04 14:28:23 | INFO     | src.utils.notifications:send_message:63 | [GENERAL] 🕐 强制平仓执行
时间: 17:28:23.227343
原因: 临近收盘
平仓头寸数: 1
2025-06-04 14:28:32 | INFO     | src.bot.trading_bot:_check_force_close:229 | 临近收盘，执行强制平仓
2025-06-04 14:28:32 | ERROR    | src.trading.executor:_close_position:576 | 平仓失败: {"code":42210000,"message":"options market orders are only allowed during market hours"}
2025-06-04 14:28:32 | INFO     | src.trading.executor:close_all_positions:598 | 已平仓所有头寸，原因: 临近收盘强制平仓
2025-06-04 14:28:32 | INFO     | src.utils.notifications:send_message:63 | [GENERAL] 🕐 强制平仓执行
时间: 17:28:32.848632
原因: 临近收盘
平仓头寸数: 1
2025-06-04 14:29:23 | INFO     | src.bot.trading_bot:_check_force_close:229 | 临近收盘，执行强制平仓
2025-06-04 14:29:23 | ERROR    | src.trading.executor:_close_position:576 | 平仓失败: {"code":42210000,"message":"options market orders are only allowed during market hours"}
2025-06-04 14:29:23 | INFO     | src.trading.executor:close_all_positions:598 | 已平仓所有头寸，原因: 临近收盘强制平仓
2025-06-04 14:29:23 | INFO     | src.utils.notifications:send_message:63 | [GENERAL] 🕐 强制平仓执行
时间: 17:29:23.900412
原因: 临近收盘
平仓头寸数: 1
2025-06-04 14:29:33 | INFO     | src.bot.trading_bot:_check_force_close:229 | 临近收盘，执行强制平仓
2025-06-04 14:29:33 | ERROR    | src.trading.executor:_close_position:576 | 平仓失败: {"code":42210000,"message":"options market orders are only allowed during market hours"}
2025-06-04 14:29:33 | INFO     | src.trading.executor:close_all_positions:598 | 已平仓所有头寸，原因: 临近收盘强制平仓
2025-06-04 14:29:33 | INFO     | src.utils.notifications:send_message:63 | [GENERAL] 🕐 强制平仓执行
时间: 17:29:33.429615
原因: 临近收盘
平仓头寸数: 1
2025-06-04 14:30:24 | INFO     | src.bot.trading_bot:_check_force_close:229 | 临近收盘，执行强制平仓
2025-06-04 14:30:24 | ERROR    | src.trading.executor:_close_position:576 | 平仓失败: {"code":42210000,"message":"options market orders are only allowed during market hours"}
2025-06-04 14:30:24 | INFO     | src.trading.executor:close_all_positions:598 | 已平仓所有头寸，原因: 临近收盘强制平仓
2025-06-04 14:30:24 | INFO     | src.utils.notifications:send_message:63 | [GENERAL] 🕐 强制平仓执行
时间: 17:30:24.513162
原因: 临近收盘
平仓头寸数: 1
2025-06-04 14:30:34 | INFO     | src.bot.trading_bot:_check_force_close:229 | 临近收盘，执行强制平仓
2025-06-04 14:30:34 | ERROR    | src.trading.executor:_close_position:576 | 平仓失败: {"code":42210000,"message":"options market orders are only allowed during market hours"}
2025-06-04 14:30:34 | INFO     | src.trading.executor:close_all_positions:598 | 已平仓所有头寸，原因: 临近收盘强制平仓
2025-06-04 14:30:34 | INFO     | src.utils.notifications:send_message:63 | [GENERAL] 🕐 强制平仓执行
时间: 17:30:34.045095
原因: 临近收盘
平仓头寸数: 1
2025-06-04 14:31:25 | INFO     | src.bot.trading_bot:_check_force_close:229 | 临近收盘，执行强制平仓
2025-06-04 14:31:25 | ERROR    | src.trading.executor:_close_position:576 | 平仓失败: {"code":42210000,"message":"options market orders are only allowed during market hours"}
2025-06-04 14:31:25 | INFO     | src.trading.executor:close_all_positions:598 | 已平仓所有头寸，原因: 临近收盘强制平仓
2025-06-04 14:31:25 | INFO     | src.utils.notifications:send_message:63 | [GENERAL] 🕐 强制平仓执行
时间: 17:31:25.120640
原因: 临近收盘
平仓头寸数: 1
2025-06-04 14:31:34 | INFO     | src.bot.trading_bot:_check_force_close:229 | 临近收盘，执行强制平仓
2025-06-04 14:31:34 | ERROR    | src.trading.executor:_close_position:576 | 平仓失败: {"code":42210000,"message":"options market orders are only allowed during market hours"}
2025-06-04 14:31:34 | INFO     | src.trading.executor:close_all_positions:598 | 已平仓所有头寸，原因: 临近收盘强制平仓
2025-06-04 14:31:34 | INFO     | src.utils.notifications:send_message:63 | [GENERAL] 🕐 强制平仓执行
时间: 17:31:34.625349
原因: 临近收盘
平仓头寸数: 1
2025-06-04 14:32:25 | INFO     | src.bot.trading_bot:_check_force_close:229 | 临近收盘，执行强制平仓
2025-06-04 14:32:25 | ERROR    | src.trading.executor:_close_position:576 | 平仓失败: {"code":42210000,"message":"options market orders are only allowed during market hours"}
2025-06-04 14:32:25 | INFO     | src.trading.executor:close_all_positions:598 | 已平仓所有头寸，原因: 临近收盘强制平仓
2025-06-04 14:32:25 | INFO     | src.utils.notifications:send_message:63 | [GENERAL] 🕐 强制平仓执行
时间: 17:32:25.777113
原因: 临近收盘
平仓头寸数: 1
2025-06-04 14:32:35 | INFO     | src.bot.trading_bot:_check_force_close:229 | 临近收盘，执行强制平仓
2025-06-04 14:32:35 | ERROR    | src.trading.executor:_close_position:576 | 平仓失败: {"code":42210000,"message":"options market orders are only allowed during market hours"}
2025-06-04 14:32:35 | INFO     | src.trading.executor:close_all_positions:598 | 已平仓所有头寸，原因: 临近收盘强制平仓
2025-06-04 14:32:35 | INFO     | src.utils.notifications:send_message:63 | [GENERAL] 🕐 强制平仓执行
时间: 17:32:35.214817
原因: 临近收盘
平仓头寸数: 1
2025-06-04 14:33:26 | INFO     | src.bot.trading_bot:_check_force_close:229 | 临近收盘，执行强制平仓
2025-06-04 14:33:26 | ERROR    | src.trading.executor:_close_position:576 | 平仓失败: {"code":42210000,"message":"options market orders are only allowed during market hours"}
2025-06-04 14:33:26 | INFO     | src.trading.executor:close_all_positions:598 | 已平仓所有头寸，原因: 临近收盘强制平仓
2025-06-04 14:33:26 | INFO     | src.utils.notifications:send_message:63 | [GENERAL] 🕐 强制平仓执行
时间: 17:33:26.417169
原因: 临近收盘
平仓头寸数: 1
2025-06-04 14:33:35 | INFO     | src.bot.trading_bot:_check_force_close:229 | 临近收盘，执行强制平仓
2025-06-04 14:33:35 | ERROR    | src.trading.executor:_close_position:576 | 平仓失败: {"code":42210000,"message":"options market orders are only allowed during market hours"}
2025-06-04 14:33:35 | INFO     | src.trading.executor:close_all_positions:598 | 已平仓所有头寸，原因: 临近收盘强制平仓
2025-06-04 14:33:35 | INFO     | src.utils.notifications:send_message:63 | [GENERAL] 🕐 强制平仓执行
时间: 17:33:35.834587
原因: 临近收盘
平仓头寸数: 1
2025-06-04 14:34:27 | INFO     | src.bot.trading_bot:_check_force_close:229 | 临近收盘，执行强制平仓
2025-06-04 14:34:27 | ERROR    | src.trading.executor:_close_position:576 | 平仓失败: {"code":42210000,"message":"options market orders are only allowed during market hours"}
2025-06-04 14:34:27 | INFO     | src.trading.executor:close_all_positions:598 | 已平仓所有头寸，原因: 临近收盘强制平仓
2025-06-04 14:34:27 | INFO     | src.utils.notifications:send_message:63 | [GENERAL] 🕐 强制平仓执行
时间: 17:34:27.011488
原因: 临近收盘
平仓头寸数: 1
2025-06-04 14:34:36 | INFO     | src.bot.trading_bot:_check_force_close:229 | 临近收盘，执行强制平仓
2025-06-04 14:34:36 | ERROR    | src.trading.executor:_close_position:576 | 平仓失败: {"code":42210000,"message":"options market orders are only allowed during market hours"}
2025-06-04 14:34:36 | INFO     | src.trading.executor:close_all_positions:598 | 已平仓所有头寸，原因: 临近收盘强制平仓
2025-06-04 14:34:36 | INFO     | src.utils.notifications:send_message:63 | [GENERAL] 🕐 强制平仓执行
时间: 17:34:36.491185
原因: 临近收盘
平仓头寸数: 1
2025-06-04 14:35:27 | INFO     | src.bot.trading_bot:_check_force_close:229 | 临近收盘，执行强制平仓
2025-06-04 14:35:27 | ERROR    | src.trading.executor:_close_position:576 | 平仓失败: {"code":42210000,"message":"options market orders are only allowed during market hours"}
2025-06-04 14:35:27 | INFO     | src.trading.executor:close_all_positions:598 | 已平仓所有头寸，原因: 临近收盘强制平仓
2025-06-04 14:35:27 | INFO     | src.utils.notifications:send_message:63 | [GENERAL] 🕐 强制平仓执行
时间: 17:35:27.598778
原因: 临近收盘
平仓头寸数: 1
2025-06-04 14:35:37 | INFO     | src.bot.trading_bot:_check_force_close:229 | 临近收盘，执行强制平仓
2025-06-04 14:35:37 | ERROR    | src.trading.executor:_close_position:576 | 平仓失败: {"code":42210000,"message":"options market orders are only allowed during market hours"}
2025-06-04 14:35:37 | INFO     | src.trading.executor:close_all_positions:598 | 已平仓所有头寸，原因: 临近收盘强制平仓
2025-06-04 14:35:37 | INFO     | src.utils.notifications:send_message:63 | [GENERAL] 🕐 强制平仓执行
时间: 17:35:37.042145
原因: 临近收盘
平仓头寸数: 1
2025-06-04 14:36:28 | INFO     | src.bot.trading_bot:_check_force_close:229 | 临近收盘，执行强制平仓
2025-06-04 14:36:28 | ERROR    | src.trading.executor:_close_position:576 | 平仓失败: {"code":42210000,"message":"options market orders are only allowed during market hours"}
2025-06-04 14:36:28 | INFO     | src.trading.executor:close_all_positions:598 | 已平仓所有头寸，原因: 临近收盘强制平仓
2025-06-04 14:36:28 | INFO     | src.utils.notifications:send_message:63 | [GENERAL] 🕐 强制平仓执行
时间: 17:36:28.188360
原因: 临近收盘
平仓头寸数: 1
2025-06-04 14:36:37 | INFO     | src.bot.trading_bot:_check_force_close:229 | 临近收盘，执行强制平仓
2025-06-04 14:36:37 | ERROR    | src.trading.executor:_close_position:576 | 平仓失败: {"code":42210000,"message":"options market orders are only allowed during market hours"}
2025-06-04 14:36:37 | INFO     | src.trading.executor:close_all_positions:598 | 已平仓所有头寸，原因: 临近收盘强制平仓
2025-06-04 14:36:37 | INFO     | src.utils.notifications:send_message:63 | [GENERAL] 🕐 强制平仓执行
时间: 17:36:37.629948
原因: 临近收盘
平仓头寸数: 1
2025-06-04 14:37:28 | INFO     | src.bot.trading_bot:_check_force_close:229 | 临近收盘，执行强制平仓
2025-06-04 14:37:28 | ERROR    | src.trading.executor:_close_position:576 | 平仓失败: {"code":42210000,"message":"options market orders are only allowed during market hours"}
2025-06-04 14:37:28 | INFO     | src.trading.executor:close_all_positions:598 | 已平仓所有头寸，原因: 临近收盘强制平仓
2025-06-04 14:37:28 | INFO     | src.utils.notifications:send_message:63 | [GENERAL] 🕐 强制平仓执行
时间: 17:37:28.808011
原因: 临近收盘
平仓头寸数: 1
2025-06-04 14:37:38 | INFO     | src.bot.trading_bot:_check_force_close:229 | 临近收盘，执行强制平仓
2025-06-04 14:37:38 | ERROR    | src.trading.executor:_close_position:576 | 平仓失败: {"code":42210000,"message":"options market orders are only allowed during market hours"}
2025-06-04 14:37:38 | INFO     | src.trading.executor:close_all_positions:598 | 已平仓所有头寸，原因: 临近收盘强制平仓
2025-06-04 14:37:38 | INFO     | src.utils.notifications:send_message:63 | [GENERAL] 🕐 强制平仓执行
时间: 17:37:38.280039
原因: 临近收盘
平仓头寸数: 1
2025-06-04 14:38:29 | INFO     | src.bot.trading_bot:_check_force_close:229 | 临近收盘，执行强制平仓
2025-06-04 14:38:29 | ERROR    | src.trading.executor:_close_position:576 | 平仓失败: {"code":42210000,"message":"options market orders are only allowed during market hours"}
2025-06-04 14:38:29 | INFO     | src.trading.executor:close_all_positions:598 | 已平仓所有头寸，原因: 临近收盘强制平仓
2025-06-04 14:38:29 | INFO     | src.utils.notifications:send_message:63 | [GENERAL] 🕐 强制平仓执行
时间: 17:38:29.396970
原因: 临近收盘
平仓头寸数: 1
2025-06-04 14:38:38 | INFO     | src.bot.trading_bot:_check_force_close:229 | 临近收盘，执行强制平仓
2025-06-04 14:38:38 | ERROR    | src.trading.executor:_close_position:576 | 平仓失败: {"code":42210000,"message":"options market orders are only allowed during market hours"}
2025-06-04 14:38:38 | INFO     | src.trading.executor:close_all_positions:598 | 已平仓所有头寸，原因: 临近收盘强制平仓
2025-06-04 14:38:38 | INFO     | src.utils.notifications:send_message:63 | [GENERAL] 🕐 强制平仓执行
时间: 17:38:38.873821
原因: 临近收盘
平仓头寸数: 1
2025-06-04 14:39:29 | INFO     | src.bot.trading_bot:_check_force_close:229 | 临近收盘，执行强制平仓
2025-06-04 14:39:30 | ERROR    | src.trading.executor:_close_position:576 | 平仓失败: {"code":42210000,"message":"options market orders are only allowed during market hours"}
2025-06-04 14:39:30 | INFO     | src.trading.executor:close_all_positions:598 | 已平仓所有头寸，原因: 临近收盘强制平仓
2025-06-04 14:39:30 | INFO     | src.utils.notifications:send_message:63 | [GENERAL] 🕐 强制平仓执行
时间: 17:39:29.967968
原因: 临近收盘
平仓头寸数: 1
2025-06-04 14:39:39 | INFO     | src.bot.trading_bot:_check_force_close:229 | 临近收盘，执行强制平仓
2025-06-04 14:39:39 | ERROR    | src.trading.executor:_close_position:576 | 平仓失败: {"code":42210000,"message":"options market orders are only allowed during market hours"}
2025-06-04 14:39:39 | INFO     | src.trading.executor:close_all_positions:598 | 已平仓所有头寸，原因: 临近收盘强制平仓
2025-06-04 14:39:39 | INFO     | src.utils.notifications:send_message:63 | [GENERAL] 🕐 强制平仓执行
时间: 17:39:39.460241
原因: 临近收盘
平仓头寸数: 1
2025-06-04 14:40:30 | INFO     | src.bot.trading_bot:_check_force_close:229 | 临近收盘，执行强制平仓
2025-06-04 14:40:30 | ERROR    | src.trading.executor:_close_position:576 | 平仓失败: {"code":42210000,"message":"options market orders are only allowed during market hours"}
2025-06-04 14:40:30 | INFO     | src.trading.executor:close_all_positions:598 | 已平仓所有头寸，原因: 临近收盘强制平仓
2025-06-04 14:40:30 | INFO     | src.utils.notifications:send_message:63 | [GENERAL] 🕐 强制平仓执行
时间: 17:40:30.543706
原因: 临近收盘
平仓头寸数: 1
2025-06-04 14:40:40 | INFO     | src.bot.trading_bot:_check_force_close:229 | 临近收盘，执行强制平仓
2025-06-04 14:40:40 | ERROR    | src.trading.executor:_close_position:576 | 平仓失败: {"code":42210000,"message":"options market orders are only allowed during market hours"}
2025-06-04 14:40:40 | INFO     | src.trading.executor:close_all_positions:598 | 已平仓所有头寸，原因: 临近收盘强制平仓
2025-06-04 14:40:40 | INFO     | src.utils.notifications:send_message:63 | [GENERAL] 🕐 强制平仓执行
时间: 17:40:40.020096
原因: 临近收盘
平仓头寸数: 1
2025-06-04 14:41:31 | INFO     | src.bot.trading_bot:_check_force_close:229 | 临近收盘，执行强制平仓
2025-06-04 14:41:31 | ERROR    | src.trading.executor:_close_position:576 | 平仓失败: {"code":42210000,"message":"options market orders are only allowed during market hours"}
2025-06-04 14:41:31 | INFO     | src.trading.executor:close_all_positions:598 | 已平仓所有头寸，原因: 临近收盘强制平仓
2025-06-04 14:41:31 | INFO     | src.utils.notifications:send_message:63 | [GENERAL] 🕐 强制平仓执行
时间: 17:41:31.152960
原因: 临近收盘
平仓头寸数: 1
2025-06-04 14:41:40 | INFO     | src.bot.trading_bot:_check_force_close:229 | 临近收盘，执行强制平仓
2025-06-04 14:41:40 | ERROR    | src.trading.executor:_close_position:576 | 平仓失败: {"code":42210000,"message":"options market orders are only allowed during market hours"}
2025-06-04 14:41:40 | INFO     | src.trading.executor:close_all_positions:598 | 已平仓所有头寸，原因: 临近收盘强制平仓
2025-06-04 14:41:40 | INFO     | src.utils.notifications:send_message:63 | [GENERAL] 🕐 强制平仓执行
时间: 17:41:40.587708
原因: 临近收盘
平仓头寸数: 1
2025-06-04 14:42:31 | INFO     | src.bot.trading_bot:_check_force_close:229 | 临近收盘，执行强制平仓
2025-06-04 14:42:31 | ERROR    | src.trading.executor:_close_position:576 | 平仓失败: {"code":42210000,"message":"options market orders are only allowed during market hours"}
2025-06-04 14:42:31 | INFO     | src.trading.executor:close_all_positions:598 | 已平仓所有头寸，原因: 临近收盘强制平仓
2025-06-04 14:42:31 | INFO     | src.utils.notifications:send_message:63 | [GENERAL] 🕐 强制平仓执行
时间: 17:42:31.703736
原因: 临近收盘
平仓头寸数: 1
2025-06-04 14:42:41 | INFO     | src.bot.trading_bot:_check_force_close:229 | 临近收盘，执行强制平仓
2025-06-04 14:42:41 | ERROR    | src.trading.executor:_close_position:576 | 平仓失败: {"code":42210000,"message":"options market orders are only allowed during market hours"}
2025-06-04 14:42:41 | INFO     | src.trading.executor:close_all_positions:598 | 已平仓所有头寸，原因: 临近收盘强制平仓
2025-06-04 14:42:41 | INFO     | src.utils.notifications:send_message:63 | [GENERAL] 🕐 强制平仓执行
时间: 17:42:41.184741
原因: 临近收盘
平仓头寸数: 1
2025-06-04 14:43:32 | INFO     | src.bot.trading_bot:_check_force_close:229 | 临近收盘，执行强制平仓
2025-06-04 14:43:32 | ERROR    | src.trading.executor:_close_position:576 | 平仓失败: {"code":42210000,"message":"options market orders are only allowed during market hours"}
2025-06-04 14:43:32 | INFO     | src.trading.executor:close_all_positions:598 | 已平仓所有头寸，原因: 临近收盘强制平仓
2025-06-04 14:43:32 | INFO     | src.utils.notifications:send_message:63 | [GENERAL] 🕐 强制平仓执行
时间: 17:43:32.312306
原因: 临近收盘
平仓头寸数: 1
2025-06-04 14:43:41 | INFO     | src.bot.trading_bot:_check_force_close:229 | 临近收盘，执行强制平仓
2025-06-04 14:43:41 | ERROR    | src.trading.executor:_close_position:576 | 平仓失败: {"code":42210000,"message":"options market orders are only allowed during market hours"}
2025-06-04 14:43:41 | INFO     | src.trading.executor:close_all_positions:598 | 已平仓所有头寸，原因: 临近收盘强制平仓
2025-06-04 14:43:41 | INFO     | src.utils.notifications:send_message:63 | [GENERAL] 🕐 强制平仓执行
时间: 17:43:41.744035
原因: 临近收盘
平仓头寸数: 1
2025-06-04 14:44:32 | INFO     | src.bot.trading_bot:_check_force_close:229 | 临近收盘，执行强制平仓
2025-06-04 14:44:32 | ERROR    | src.trading.executor:_close_position:576 | 平仓失败: {"code":42210000,"message":"options market orders are only allowed during market hours"}
2025-06-04 14:44:33 | INFO     | src.trading.executor:close_all_positions:598 | 已平仓所有头寸，原因: 临近收盘强制平仓
2025-06-04 14:44:33 | INFO     | src.utils.notifications:send_message:63 | [GENERAL] 🕐 强制平仓执行
时间: 17:44:32.909672
原因: 临近收盘
平仓头寸数: 1
2025-06-04 14:44:42 | INFO     | src.bot.trading_bot:_check_force_close:229 | 临近收盘，执行强制平仓
2025-06-04 14:44:42 | ERROR    | src.trading.executor:_close_position:576 | 平仓失败: {"code":42210000,"message":"options market orders are only allowed during market hours"}
2025-06-04 14:44:42 | INFO     | src.trading.executor:close_all_positions:598 | 已平仓所有头寸，原因: 临近收盘强制平仓
2025-06-04 14:44:42 | INFO     | src.utils.notifications:send_message:63 | [GENERAL] 🕐 强制平仓执行
时间: 17:44:42.354849
原因: 临近收盘
平仓头寸数: 1
2025-06-04 14:45:33 | INFO     | src.bot.trading_bot:_check_force_close:229 | 临近收盘，执行强制平仓
2025-06-04 14:45:33 | ERROR    | src.trading.executor:_close_position:576 | 平仓失败: {"code":42210000,"message":"options market orders are only allowed during market hours"}
2025-06-04 14:45:33 | INFO     | src.trading.executor:close_all_positions:598 | 已平仓所有头寸，原因: 临近收盘强制平仓
2025-06-04 14:45:33 | INFO     | src.utils.notifications:send_message:63 | [GENERAL] 🕐 强制平仓执行
时间: 17:45:33.505906
原因: 临近收盘
平仓头寸数: 1
2025-06-04 14:45:42 | INFO     | src.bot.trading_bot:_check_force_close:229 | 临近收盘，执行强制平仓
2025-06-04 14:45:43 | ERROR    | src.trading.executor:_close_position:576 | 平仓失败: {"code":42210000,"message":"options market orders are only allowed during market hours"}
2025-06-04 14:45:43 | INFO     | src.trading.executor:close_all_positions:598 | 已平仓所有头寸，原因: 临近收盘强制平仓
2025-06-04 14:45:43 | INFO     | src.utils.notifications:send_message:63 | [GENERAL] 🕐 强制平仓执行
时间: 17:45:42.943040
原因: 临近收盘
平仓头寸数: 1
2025-06-04 14:46:34 | INFO     | src.bot.trading_bot:_check_force_close:229 | 临近收盘，执行强制平仓
2025-06-04 14:46:34 | ERROR    | src.trading.executor:_close_position:576 | 平仓失败: {"code":42210000,"message":"options market orders are only allowed during market hours"}
2025-06-04 14:46:34 | INFO     | src.trading.executor:close_all_positions:598 | 已平仓所有头寸，原因: 临近收盘强制平仓
2025-06-04 14:46:34 | INFO     | src.utils.notifications:send_message:63 | [GENERAL] 🕐 强制平仓执行
时间: 17:46:34.106637
原因: 临近收盘
平仓头寸数: 1
2025-06-04 14:46:43 | INFO     | src.bot.trading_bot:_check_force_close:229 | 临近收盘，执行强制平仓
2025-06-04 14:46:43 | ERROR    | src.trading.executor:_close_position:576 | 平仓失败: {"code":42210000,"message":"options market orders are only allowed during market hours"}
2025-06-04 14:46:43 | INFO     | src.trading.executor:close_all_positions:598 | 已平仓所有头寸，原因: 临近收盘强制平仓
2025-06-04 14:46:43 | INFO     | src.utils.notifications:send_message:63 | [GENERAL] 🕐 强制平仓执行
时间: 17:46:43.490958
原因: 临近收盘
平仓头寸数: 1
2025-06-04 14:47:34 | INFO     | src.bot.trading_bot:_check_force_close:229 | 临近收盘，执行强制平仓
2025-06-04 14:47:34 | ERROR    | src.trading.executor:_close_position:576 | 平仓失败: {"code":42210000,"message":"options market orders are only allowed during market hours"}
2025-06-04 14:47:34 | INFO     | src.trading.executor:close_all_positions:598 | 已平仓所有头寸，原因: 临近收盘强制平仓
2025-06-04 14:47:34 | INFO     | src.utils.notifications:send_message:63 | [GENERAL] 🕐 强制平仓执行
时间: 17:47:34.709038
原因: 临近收盘
平仓头寸数: 1
2025-06-04 14:47:44 | INFO     | src.bot.trading_bot:_check_force_close:229 | 临近收盘，执行强制平仓
2025-06-04 14:47:44 | ERROR    | src.trading.executor:_close_position:576 | 平仓失败: {"code":42210000,"message":"options market orders are only allowed during market hours"}
2025-06-04 14:47:44 | INFO     | src.trading.executor:close_all_positions:598 | 已平仓所有头寸，原因: 临近收盘强制平仓
2025-06-04 14:47:44 | INFO     | src.utils.notifications:send_message:63 | [GENERAL] 🕐 强制平仓执行
时间: 17:47:44.101423
原因: 临近收盘
平仓头寸数: 1
2025-06-04 14:48:35 | INFO     | src.bot.trading_bot:_check_force_close:229 | 临近收盘，执行强制平仓
2025-06-04 14:48:35 | ERROR    | src.trading.executor:_close_position:576 | 平仓失败: {"code":42210000,"message":"options market orders are only allowed during market hours"}
2025-06-04 14:48:35 | INFO     | src.trading.executor:close_all_positions:598 | 已平仓所有头寸，原因: 临近收盘强制平仓
2025-06-04 14:48:35 | INFO     | src.utils.notifications:send_message:63 | [GENERAL] 🕐 强制平仓执行
时间: 17:48:35.317567
原因: 临近收盘
平仓头寸数: 1
2025-06-04 14:48:44 | INFO     | src.bot.trading_bot:_check_force_close:229 | 临近收盘，执行强制平仓
2025-06-04 14:48:44 | ERROR    | src.trading.executor:_close_position:576 | 平仓失败: {"code":42210000,"message":"options market orders are only allowed during market hours"}
2025-06-04 14:48:44 | INFO     | src.trading.executor:close_all_positions:598 | 已平仓所有头寸，原因: 临近收盘强制平仓
2025-06-04 14:48:44 | INFO     | src.utils.notifications:send_message:63 | [GENERAL] 🕐 强制平仓执行
时间: 17:48:44.690577
原因: 临近收盘
平仓头寸数: 1
2025-06-04 14:49:35 | INFO     | src.bot.trading_bot:_check_force_close:229 | 临近收盘，执行强制平仓
2025-06-04 14:49:35 | ERROR    | src.trading.executor:_close_position:576 | 平仓失败: {"code":42210000,"message":"options market orders are only allowed during market hours"}
2025-06-04 14:49:35 | INFO     | src.trading.executor:close_all_positions:598 | 已平仓所有头寸，原因: 临近收盘强制平仓
2025-06-04 14:49:35 | INFO     | src.utils.notifications:send_message:63 | [GENERAL] 🕐 强制平仓执行
时间: 17:49:35.896568
原因: 临近收盘
平仓头寸数: 1
2025-06-04 14:49:45 | INFO     | src.bot.trading_bot:_check_force_close:229 | 临近收盘，执行强制平仓
2025-06-04 14:49:45 | ERROR    | src.trading.executor:_close_position:576 | 平仓失败: {"code":42210000,"message":"options market orders are only allowed during market hours"}
2025-06-04 14:49:45 | INFO     | src.trading.executor:close_all_positions:598 | 已平仓所有头寸，原因: 临近收盘强制平仓
2025-06-04 14:49:45 | INFO     | src.utils.notifications:send_message:63 | [GENERAL] 🕐 强制平仓执行
时间: 17:49:45.322354
原因: 临近收盘
平仓头寸数: 1
2025-06-04 14:50:36 | INFO     | src.bot.trading_bot:_check_force_close:229 | 临近收盘，执行强制平仓
2025-06-04 14:50:36 | ERROR    | src.trading.executor:_close_position:576 | 平仓失败: {"code":42210000,"message":"options market orders are only allowed during market hours"}
2025-06-04 14:50:36 | INFO     | src.trading.executor:close_all_positions:598 | 已平仓所有头寸，原因: 临近收盘强制平仓
2025-06-04 14:50:36 | INFO     | src.utils.notifications:send_message:63 | [GENERAL] 🕐 强制平仓执行
时间: 17:50:36.468019
原因: 临近收盘
平仓头寸数: 1
2025-06-04 14:50:45 | INFO     | src.bot.trading_bot:_check_force_close:229 | 临近收盘，执行强制平仓
2025-06-04 14:50:45 | ERROR    | src.trading.executor:_close_position:576 | 平仓失败: {"code":42210000,"message":"options market orders are only allowed during market hours"}
2025-06-04 14:50:45 | INFO     | src.trading.executor:close_all_positions:598 | 已平仓所有头寸，原因: 临近收盘强制平仓
2025-06-04 14:50:45 | INFO     | src.utils.notifications:send_message:63 | [GENERAL] 🕐 强制平仓执行
时间: 17:50:45.880737
原因: 临近收盘
平仓头寸数: 1
2025-06-04 14:51:37 | INFO     | src.bot.trading_bot:_check_force_close:229 | 临近收盘，执行强制平仓
2025-06-04 14:51:37 | ERROR    | src.trading.executor:_close_position:576 | 平仓失败: {"code":42210000,"message":"options market orders are only allowed during market hours"}
2025-06-04 14:51:37 | INFO     | src.trading.executor:close_all_positions:598 | 已平仓所有头寸，原因: 临近收盘强制平仓
2025-06-04 14:51:37 | INFO     | src.utils.notifications:send_message:63 | [GENERAL] 🕐 强制平仓执行
时间: 17:51:37.022116
原因: 临近收盘
平仓头寸数: 1
2025-06-04 14:51:46 | INFO     | src.bot.trading_bot:_check_force_close:229 | 临近收盘，执行强制平仓
2025-06-04 14:51:46 | ERROR    | src.trading.executor:_close_position:576 | 平仓失败: {"code":42210000,"message":"options market orders are only allowed during market hours"}
2025-06-04 14:51:46 | INFO     | src.trading.executor:close_all_positions:598 | 已平仓所有头寸，原因: 临近收盘强制平仓
2025-06-04 14:51:46 | INFO     | src.utils.notifications:send_message:63 | [GENERAL] 🕐 强制平仓执行
时间: 17:51:46.475563
原因: 临近收盘
平仓头寸数: 1
2025-06-04 14:52:37 | INFO     | src.bot.trading_bot:_check_force_close:229 | 临近收盘，执行强制平仓
2025-06-04 14:52:37 | ERROR    | src.trading.executor:_close_position:576 | 平仓失败: {"code":42210000,"message":"options market orders are only allowed during market hours"}
2025-06-04 14:52:37 | INFO     | src.trading.executor:close_all_positions:598 | 已平仓所有头寸，原因: 临近收盘强制平仓
2025-06-04 14:52:37 | INFO     | src.utils.notifications:send_message:63 | [GENERAL] 🕐 强制平仓执行
时间: 17:52:37.531218
原因: 临近收盘
平仓头寸数: 1
2025-06-04 14:52:47 | INFO     | src.bot.trading_bot:_check_force_close:229 | 临近收盘，执行强制平仓
2025-06-04 14:52:47 | ERROR    | src.trading.executor:_close_position:576 | 平仓失败: {"code":42210000,"message":"options market orders are only allowed during market hours"}
2025-06-04 14:52:47 | INFO     | src.trading.executor:close_all_positions:598 | 已平仓所有头寸，原因: 临近收盘强制平仓
2025-06-04 14:52:47 | INFO     | src.utils.notifications:send_message:63 | [GENERAL] 🕐 强制平仓执行
时间: 17:52:47.014765
原因: 临近收盘
平仓头寸数: 1
2025-06-04 14:53:38 | INFO     | src.bot.trading_bot:_check_force_close:229 | 临近收盘，执行强制平仓
2025-06-04 14:53:38 | ERROR    | src.trading.executor:_close_position:576 | 平仓失败: {"code":42210000,"message":"options market orders are only allowed during market hours"}
2025-06-04 14:53:38 | INFO     | src.trading.executor:close_all_positions:598 | 已平仓所有头寸，原因: 临近收盘强制平仓
2025-06-04 14:53:38 | INFO     | src.utils.notifications:send_message:63 | [GENERAL] 🕐 强制平仓执行
时间: 17:53:38.119323
原因: 临近收盘
平仓头寸数: 1
2025-06-04 14:53:47 | INFO     | src.bot.trading_bot:_check_force_close:229 | 临近收盘，执行强制平仓
2025-06-04 14:53:47 | ERROR    | src.trading.executor:_close_position:576 | 平仓失败: {"code":42210000,"message":"options market orders are only allowed during market hours"}
2025-06-04 14:53:47 | INFO     | src.trading.executor:close_all_positions:598 | 已平仓所有头寸，原因: 临近收盘强制平仓
2025-06-04 14:53:47 | INFO     | src.utils.notifications:send_message:63 | [GENERAL] 🕐 强制平仓执行
时间: 17:53:47.626897
原因: 临近收盘
平仓头寸数: 1
2025-06-04 14:54:38 | INFO     | src.bot.trading_bot:_check_force_close:229 | 临近收盘，执行强制平仓
2025-06-04 14:54:38 | ERROR    | src.trading.executor:_close_position:576 | 平仓失败: {"code":42210000,"message":"options market orders are only allowed during market hours"}
2025-06-04 14:54:38 | INFO     | src.trading.executor:close_all_positions:598 | 已平仓所有头寸，原因: 临近收盘强制平仓
2025-06-04 14:54:38 | INFO     | src.utils.notifications:send_message:63 | [GENERAL] 🕐 强制平仓执行
时间: 17:54:38.743438
原因: 临近收盘
平仓头寸数: 1
2025-06-04 14:54:48 | INFO     | src.bot.trading_bot:_check_force_close:229 | 临近收盘，执行强制平仓
2025-06-04 14:54:48 | ERROR    | src.trading.executor:_close_position:576 | 平仓失败: {"code":42210000,"message":"options market orders are only allowed during market hours"}
2025-06-04 14:54:48 | INFO     | src.trading.executor:close_all_positions:598 | 已平仓所有头寸，原因: 临近收盘强制平仓
2025-06-04 14:54:48 | INFO     | src.utils.notifications:send_message:63 | [GENERAL] 🕐 强制平仓执行
时间: 17:54:48.246266
原因: 临近收盘
平仓头寸数: 1
2025-06-04 14:55:39 | INFO     | src.bot.trading_bot:_check_force_close:229 | 临近收盘，执行强制平仓
2025-06-04 14:55:39 | ERROR    | src.trading.executor:_close_position:576 | 平仓失败: {"code":42210000,"message":"options market orders are only allowed during market hours"}
2025-06-04 14:55:39 | INFO     | src.trading.executor:close_all_positions:598 | 已平仓所有头寸，原因: 临近收盘强制平仓
2025-06-04 14:55:39 | INFO     | src.utils.notifications:send_message:63 | [GENERAL] 🕐 强制平仓执行
时间: 17:55:39.325030
原因: 临近收盘
平仓头寸数: 1
2025-06-04 14:55:48 | INFO     | src.bot.trading_bot:_check_force_close:229 | 临近收盘，执行强制平仓
2025-06-04 14:55:48 | ERROR    | src.trading.executor:_close_position:576 | 平仓失败: {"code":42210000,"message":"options market orders are only allowed during market hours"}
2025-06-04 14:55:48 | INFO     | src.trading.executor:close_all_positions:598 | 已平仓所有头寸，原因: 临近收盘强制平仓
2025-06-04 14:55:48 | INFO     | src.utils.notifications:send_message:63 | [GENERAL] 🕐 强制平仓执行
时间: 17:55:48.845140
原因: 临近收盘
平仓头寸数: 1
2025-06-04 14:56:39 | INFO     | src.bot.trading_bot:_check_force_close:229 | 临近收盘，执行强制平仓
2025-06-04 14:56:39 | ERROR    | src.trading.executor:_close_position:576 | 平仓失败: {"code":42210000,"message":"options market orders are only allowed during market hours"}
2025-06-04 14:56:39 | INFO     | src.trading.executor:close_all_positions:598 | 已平仓所有头寸，原因: 临近收盘强制平仓
2025-06-04 14:56:39 | INFO     | src.utils.notifications:send_message:63 | [GENERAL] 🕐 强制平仓执行
时间: 17:56:39.888696
原因: 临近收盘
平仓头寸数: 1
2025-06-04 14:56:49 | INFO     | src.bot.trading_bot:_check_force_close:229 | 临近收盘，执行强制平仓
2025-06-04 14:56:49 | ERROR    | src.trading.executor:_close_position:576 | 平仓失败: {"code":42210000,"message":"options market orders are only allowed during market hours"}
2025-06-04 14:56:49 | INFO     | src.trading.executor:close_all_positions:598 | 已平仓所有头寸，原因: 临近收盘强制平仓
2025-06-04 14:56:49 | INFO     | src.utils.notifications:send_message:63 | [GENERAL] 🕐 强制平仓执行
时间: 17:56:49.416108
原因: 临近收盘
平仓头寸数: 1
2025-06-04 14:57:40 | INFO     | src.bot.trading_bot:_check_force_close:229 | 临近收盘，执行强制平仓
2025-06-04 14:57:40 | ERROR    | src.trading.executor:_close_position:576 | 平仓失败: {"code":42210000,"message":"options market orders are only allowed during market hours"}
2025-06-04 14:57:40 | INFO     | src.trading.executor:close_all_positions:598 | 已平仓所有头寸，原因: 临近收盘强制平仓
2025-06-04 14:57:40 | INFO     | src.utils.notifications:send_message:63 | [GENERAL] 🕐 强制平仓执行
时间: 17:57:40.468704
原因: 临近收盘
平仓头寸数: 1
2025-06-04 14:57:50 | INFO     | src.bot.trading_bot:_check_force_close:229 | 临近收盘，执行强制平仓
2025-06-04 14:57:50 | ERROR    | src.trading.executor:_close_position:576 | 平仓失败: {"code":42210000,"message":"options market orders are only allowed during market hours"}
2025-06-04 14:57:50 | INFO     | src.trading.executor:close_all_positions:598 | 已平仓所有头寸，原因: 临近收盘强制平仓
2025-06-04 14:57:50 | INFO     | src.utils.notifications:send_message:63 | [GENERAL] 🕐 强制平仓执行
时间: 17:57:50.029560
原因: 临近收盘
平仓头寸数: 1
2025-06-04 14:58:41 | INFO     | src.bot.trading_bot:_check_force_close:229 | 临近收盘，执行强制平仓
2025-06-04 14:58:41 | ERROR    | src.trading.executor:_close_position:576 | 平仓失败: {"code":42210000,"message":"options market orders are only allowed during market hours"}
2025-06-04 14:58:41 | INFO     | src.trading.executor:close_all_positions:598 | 已平仓所有头寸，原因: 临近收盘强制平仓
2025-06-04 14:58:41 | INFO     | src.utils.notifications:send_message:63 | [GENERAL] 🕐 强制平仓执行
时间: 17:58:41.057321
原因: 临近收盘
平仓头寸数: 1
2025-06-04 14:58:50 | INFO     | src.bot.trading_bot:_check_force_close:229 | 临近收盘，执行强制平仓
2025-06-04 14:58:50 | ERROR    | src.trading.executor:_close_position:576 | 平仓失败: {"code":42210000,"message":"options market orders are only allowed during market hours"}
2025-06-04 14:58:50 | INFO     | src.trading.executor:close_all_positions:598 | 已平仓所有头寸，原因: 临近收盘强制平仓
2025-06-04 14:58:50 | INFO     | src.utils.notifications:send_message:63 | [GENERAL] 🕐 强制平仓执行
时间: 17:58:50.613766
原因: 临近收盘
平仓头寸数: 1
2025-06-04 14:59:41 | INFO     | src.bot.trading_bot:_check_force_close:229 | 临近收盘，执行强制平仓
2025-06-04 14:59:42 | ERROR    | src.trading.executor:_close_position:576 | 平仓失败: {"code":42210000,"message":"options market orders are only allowed during market hours"}
2025-06-04 14:59:42 | INFO     | src.trading.executor:close_all_positions:598 | 已平仓所有头寸，原因: 临近收盘强制平仓
2025-06-04 14:59:42 | INFO     | src.utils.notifications:send_message:63 | [GENERAL] 🕐 强制平仓执行
时间: 17:59:41.668437
原因: 临近收盘
平仓头寸数: 1
2025-06-04 14:59:51 | INFO     | src.bot.trading_bot:_check_force_close:229 | 临近收盘，执行强制平仓
2025-06-04 14:59:51 | ERROR    | src.trading.executor:_close_position:576 | 平仓失败: {"code":42210000,"message":"options market orders are only allowed during market hours"}
2025-06-04 14:59:51 | INFO     | src.trading.executor:close_all_positions:598 | 已平仓所有头寸，原因: 临近收盘强制平仓
2025-06-04 14:59:51 | INFO     | src.utils.notifications:send_message:63 | [GENERAL] 🕐 强制平仓执行
时间: 17:59:51.196496
原因: 临近收盘
平仓头寸数: 1
2025-06-04 15:00:42 | INFO     | src.bot.trading_bot:_check_force_close:229 | 临近收盘，执行强制平仓
2025-06-04 15:00:42 | ERROR    | src.trading.executor:_close_position:576 | 平仓失败: {"code":42210000,"message":"options market orders are only allowed during market hours"}
2025-06-04 15:00:42 | INFO     | src.trading.executor:close_all_positions:598 | 已平仓所有头寸，原因: 临近收盘强制平仓
2025-06-04 15:00:42 | INFO     | src.utils.notifications:send_message:63 | [GENERAL] 🕐 强制平仓执行
时间: 18:00:42.547335
原因: 临近收盘
平仓头寸数: 1
2025-06-04 15:00:51 | INFO     | src.bot.trading_bot:_check_force_close:229 | 临近收盘，执行强制平仓
2025-06-04 15:00:51 | ERROR    | src.trading.executor:_close_position:576 | 平仓失败: {"code":42210000,"message":"options market orders are only allowed during market hours"}
2025-06-04 15:00:51 | INFO     | src.trading.executor:close_all_positions:598 | 已平仓所有头寸，原因: 临近收盘强制平仓
2025-06-04 15:00:51 | INFO     | src.utils.notifications:send_message:63 | [GENERAL] 🕐 强制平仓执行
时间: 18:00:51.903058
原因: 临近收盘
平仓头寸数: 1
2025-06-04 15:01:43 | INFO     | src.bot.trading_bot:_check_force_close:229 | 临近收盘，执行强制平仓
2025-06-04 15:01:43 | ERROR    | src.trading.executor:_close_position:576 | 平仓失败: {"code":42210000,"message":"options market orders are only allowed during market hours"}
2025-06-04 15:01:43 | INFO     | src.trading.executor:close_all_positions:598 | 已平仓所有头寸，原因: 临近收盘强制平仓
2025-06-04 15:01:43 | INFO     | src.utils.notifications:send_message:63 | [GENERAL] 🕐 强制平仓执行
时间: 18:01:43.120066
原因: 临近收盘
平仓头寸数: 1
2025-06-04 15:01:52 | INFO     | src.bot.trading_bot:_check_force_close:229 | 临近收盘，执行强制平仓
2025-06-04 15:01:52 | ERROR    | src.trading.executor:_close_position:576 | 平仓失败: {"code":42210000,"message":"options market orders are only allowed during market hours"}
2025-06-04 15:01:52 | INFO     | src.trading.executor:close_all_positions:598 | 已平仓所有头寸，原因: 临近收盘强制平仓
2025-06-04 15:01:52 | INFO     | src.utils.notifications:send_message:63 | [GENERAL] 🕐 强制平仓执行
时间: 18:01:52.493465
原因: 临近收盘
平仓头寸数: 1
2025-06-04 15:02:43 | INFO     | src.bot.trading_bot:_check_force_close:229 | 临近收盘，执行强制平仓
2025-06-04 15:02:43 | ERROR    | src.trading.executor:_close_position:576 | 平仓失败: {"code":42210000,"message":"options market orders are only allowed during market hours"}
2025-06-04 15:02:43 | INFO     | src.trading.executor:close_all_positions:598 | 已平仓所有头寸，原因: 临近收盘强制平仓
2025-06-04 15:02:43 | INFO     | src.utils.notifications:send_message:63 | [GENERAL] 🕐 强制平仓执行
时间: 18:02:43.715403
原因: 临近收盘
平仓头寸数: 1
2025-06-04 15:02:53 | INFO     | src.bot.trading_bot:_check_force_close:229 | 临近收盘，执行强制平仓
2025-06-04 15:02:53 | ERROR    | src.trading.executor:_close_position:576 | 平仓失败: {"code":42210000,"message":"options market orders are only allowed during market hours"}
2025-06-04 15:02:53 | INFO     | src.trading.executor:close_all_positions:598 | 已平仓所有头寸，原因: 临近收盘强制平仓
2025-06-04 15:02:53 | INFO     | src.utils.notifications:send_message:63 | [GENERAL] 🕐 强制平仓执行
时间: 18:02:53.064344
原因: 临近收盘
平仓头寸数: 1
2025-06-04 15:03:44 | INFO     | src.bot.trading_bot:_check_force_close:229 | 临近收盘，执行强制平仓
2025-06-04 15:03:44 | ERROR    | src.trading.executor:_close_position:576 | 平仓失败: {"code":42210000,"message":"options market orders are only allowed during market hours"}
2025-06-04 15:03:44 | INFO     | src.trading.executor:close_all_positions:598 | 已平仓所有头寸，原因: 临近收盘强制平仓
2025-06-04 15:03:44 | INFO     | src.utils.notifications:send_message:63 | [GENERAL] 🕐 强制平仓执行
时间: 18:03:44.311510
原因: 临近收盘
平仓头寸数: 1
2025-06-04 15:03:53 | INFO     | src.bot.trading_bot:_check_force_close:229 | 临近收盘，执行强制平仓
2025-06-04 15:03:53 | ERROR    | src.trading.executor:_close_position:576 | 平仓失败: {"code":42210000,"message":"options market orders are only allowed during market hours"}
2025-06-04 15:03:53 | INFO     | src.trading.executor:close_all_positions:598 | 已平仓所有头寸，原因: 临近收盘强制平仓
2025-06-04 15:03:53 | INFO     | src.utils.notifications:send_message:63 | [GENERAL] 🕐 强制平仓执行
时间: 18:03:53.658153
原因: 临近收盘
平仓头寸数: 1
2025-06-04 15:04:44 | INFO     | src.bot.trading_bot:_check_force_close:229 | 临近收盘，执行强制平仓
2025-06-04 15:04:45 | ERROR    | src.trading.executor:_close_position:576 | 平仓失败: {"code":42210000,"message":"options market orders are only allowed during market hours"}
2025-06-04 15:04:45 | INFO     | src.trading.executor:close_all_positions:598 | 已平仓所有头寸，原因: 临近收盘强制平仓
2025-06-04 15:04:45 | INFO     | src.utils.notifications:send_message:63 | [GENERAL] 🕐 强制平仓执行
时间: 18:04:44.925477
原因: 临近收盘
平仓头寸数: 1
2025-06-04 15:04:54 | INFO     | src.bot.trading_bot:_check_force_close:229 | 临近收盘，执行强制平仓
2025-06-04 15:04:54 | ERROR    | src.trading.executor:_close_position:576 | 平仓失败: {"code":42210000,"message":"options market orders are only allowed during market hours"}
2025-06-04 15:04:54 | INFO     | src.trading.executor:close_all_positions:598 | 已平仓所有头寸，原因: 临近收盘强制平仓
2025-06-04 15:04:54 | INFO     | src.utils.notifications:send_message:63 | [GENERAL] 🕐 强制平仓执行
时间: 18:04:54.250385
原因: 临近收盘
平仓头寸数: 1
2025-06-04 15:05:45 | INFO     | src.bot.trading_bot:_check_force_close:229 | 临近收盘，执行强制平仓
2025-06-04 15:05:45 | ERROR    | src.trading.executor:_close_position:576 | 平仓失败: {"code":42210000,"message":"options market orders are only allowed during market hours"}
2025-06-04 15:05:45 | INFO     | src.trading.executor:close_all_positions:598 | 已平仓所有头寸，原因: 临近收盘强制平仓
2025-06-04 15:05:45 | INFO     | src.utils.notifications:send_message:63 | [GENERAL] 🕐 强制平仓执行
时间: 18:05:45.498727
原因: 临近收盘
平仓头寸数: 1
2025-06-04 15:05:54 | INFO     | src.bot.trading_bot:_check_force_close:229 | 临近收盘，执行强制平仓
2025-06-04 15:05:55 | ERROR    | src.trading.executor:_close_position:576 | 平仓失败: {"code":42210000,"message":"options market orders are only allowed during market hours"}
2025-06-04 15:05:55 | INFO     | src.trading.executor:close_all_positions:598 | 已平仓所有头寸，原因: 临近收盘强制平仓
2025-06-04 15:05:55 | INFO     | src.utils.notifications:send_message:63 | [GENERAL] 🕐 强制平仓执行
时间: 18:05:54.970111
原因: 临近收盘
平仓头寸数: 1
2025-06-04 15:06:46 | INFO     | src.bot.trading_bot:_check_force_close:229 | 临近收盘，执行强制平仓
2025-06-04 15:06:46 | ERROR    | src.trading.executor:_close_position:576 | 平仓失败: {"code":42210000,"message":"options market orders are only allowed during market hours"}
2025-06-04 15:06:46 | INFO     | src.trading.executor:close_all_positions:598 | 已平仓所有头寸，原因: 临近收盘强制平仓
2025-06-04 15:06:46 | INFO     | src.utils.notifications:send_message:63 | [GENERAL] 🕐 强制平仓执行
时间: 18:06:46.151499
原因: 临近收盘
平仓头寸数: 1
2025-06-04 15:06:55 | INFO     | src.bot.trading_bot:_check_force_close:229 | 临近收盘，执行强制平仓
2025-06-04 15:06:55 | ERROR    | src.trading.executor:_close_position:576 | 平仓失败: {"code":42210000,"message":"options market orders are only allowed during market hours"}
2025-06-04 15:06:55 | INFO     | src.trading.executor:close_all_positions:598 | 已平仓所有头寸，原因: 临近收盘强制平仓
2025-06-04 15:06:55 | INFO     | src.utils.notifications:send_message:63 | [GENERAL] 🕐 强制平仓执行
时间: 18:06:55.546491
原因: 临近收盘
平仓头寸数: 1
2025-06-04 15:07:46 | INFO     | src.bot.trading_bot:_check_force_close:229 | 临近收盘，执行强制平仓
2025-06-04 15:07:46 | ERROR    | src.trading.executor:_close_position:576 | 平仓失败: {"code":42210000,"message":"options market orders are only allowed during market hours"}
2025-06-04 15:07:46 | INFO     | src.trading.executor:close_all_positions:598 | 已平仓所有头寸，原因: 临近收盘强制平仓
2025-06-04 15:07:46 | INFO     | src.utils.notifications:send_message:63 | [GENERAL] 🕐 强制平仓执行
时间: 18:07:46.707286
原因: 临近收盘
平仓头寸数: 1
2025-06-04 15:07:56 | INFO     | src.bot.trading_bot:_check_force_close:229 | 临近收盘，执行强制平仓
2025-06-04 15:07:56 | ERROR    | src.trading.executor:_close_position:576 | 平仓失败: {"code":42210000,"message":"options market orders are only allowed during market hours"}
2025-06-04 15:07:56 | INFO     | src.trading.executor:close_all_positions:598 | 已平仓所有头寸，原因: 临近收盘强制平仓
2025-06-04 15:07:56 | INFO     | src.utils.notifications:send_message:63 | [GENERAL] 🕐 强制平仓执行
时间: 18:07:56.152037
原因: 临近收盘
平仓头寸数: 1
2025-06-04 15:08:47 | INFO     | src.bot.trading_bot:_check_force_close:229 | 临近收盘，执行强制平仓
2025-06-04 15:08:47 | ERROR    | src.trading.executor:_close_position:576 | 平仓失败: {"code":42210000,"message":"options market orders are only allowed during market hours"}
2025-06-04 15:08:47 | INFO     | src.trading.executor:close_all_positions:598 | 已平仓所有头寸，原因: 临近收盘强制平仓
2025-06-04 15:08:47 | INFO     | src.utils.notifications:send_message:63 | [GENERAL] 🕐 强制平仓执行
时间: 18:08:47.332807
原因: 临近收盘
平仓头寸数: 1
2025-06-04 15:08:56 | INFO     | src.bot.trading_bot:_check_force_close:229 | 临近收盘，执行强制平仓
2025-06-04 15:08:56 | ERROR    | src.trading.executor:_close_position:576 | 平仓失败: {"code":42210000,"message":"options market orders are only allowed during market hours"}
2025-06-04 15:08:56 | INFO     | src.trading.executor:close_all_positions:598 | 已平仓所有头寸，原因: 临近收盘强制平仓
2025-06-04 15:08:56 | INFO     | src.utils.notifications:send_message:63 | [GENERAL] 🕐 强制平仓执行
时间: 18:08:56.741690
原因: 临近收盘
平仓头寸数: 1
2025-06-04 15:09:47 | INFO     | src.bot.trading_bot:_check_force_close:229 | 临近收盘，执行强制平仓
2025-06-04 15:09:48 | ERROR    | src.trading.executor:_close_position:576 | 平仓失败: {"code":42210000,"message":"options market orders are only allowed during market hours"}
2025-06-04 15:09:48 | INFO     | src.trading.executor:close_all_positions:598 | 已平仓所有头寸，原因: 临近收盘强制平仓
2025-06-04 15:09:48 | INFO     | src.utils.notifications:send_message:63 | [GENERAL] 🕐 强制平仓执行
时间: 18:09:47.915693
原因: 临近收盘
平仓头寸数: 1
2025-06-04 15:09:57 | INFO     | src.bot.trading_bot:_check_force_close:229 | 临近收盘，执行强制平仓
2025-06-04 15:09:57 | ERROR    | src.trading.executor:_close_position:576 | 平仓失败: {"code":42210000,"message":"options market orders are only allowed during market hours"}
2025-06-04 15:09:57 | INFO     | src.trading.executor:close_all_positions:598 | 已平仓所有头寸，原因: 临近收盘强制平仓
2025-06-04 15:09:57 | INFO     | src.utils.notifications:send_message:63 | [GENERAL] 🕐 强制平仓执行
时间: 18:09:57.326580
原因: 临近收盘
平仓头寸数: 1
2025-06-04 15:10:48 | INFO     | src.bot.trading_bot:_check_force_close:229 | 临近收盘，执行强制平仓
2025-06-04 15:10:48 | ERROR    | src.trading.executor:_close_position:576 | 平仓失败: {"code":42210000,"message":"options market orders are only allowed during market hours"}
2025-06-04 15:10:48 | INFO     | src.trading.executor:close_all_positions:598 | 已平仓所有头寸，原因: 临近收盘强制平仓
2025-06-04 15:10:48 | INFO     | src.utils.notifications:send_message:63 | [GENERAL] 🕐 强制平仓执行
时间: 18:10:48.534919
原因: 临近收盘
平仓头寸数: 1
2025-06-04 15:10:57 | INFO     | src.bot.trading_bot:_check_force_close:229 | 临近收盘，执行强制平仓
2025-06-04 15:10:57 | ERROR    | src.trading.executor:_close_position:576 | 平仓失败: {"code":42210000,"message":"options market orders are only allowed during market hours"}
2025-06-04 15:10:57 | INFO     | src.trading.executor:close_all_positions:598 | 已平仓所有头寸，原因: 临近收盘强制平仓
2025-06-04 15:10:57 | INFO     | src.utils.notifications:send_message:63 | [GENERAL] 🕐 强制平仓执行
时间: 18:10:57.895069
原因: 临近收盘
平仓头寸数: 1
2025-06-04 15:11:49 | INFO     | src.bot.trading_bot:_check_force_close:229 | 临近收盘，执行强制平仓
2025-06-04 15:11:49 | ERROR    | src.trading.executor:_close_position:576 | 平仓失败: {"code":42210000,"message":"options market orders are only allowed during market hours"}
2025-06-04 15:11:49 | INFO     | src.trading.executor:close_all_positions:598 | 已平仓所有头寸，原因: 临近收盘强制平仓
2025-06-04 15:11:49 | INFO     | src.utils.notifications:send_message:63 | [GENERAL] 🕐 强制平仓执行
时间: 18:11:49.119692
原因: 临近收盘
平仓头寸数: 1
2025-06-04 15:11:58 | INFO     | src.bot.trading_bot:_check_force_close:229 | 临近收盘，执行强制平仓
2025-06-04 15:11:58 | ERROR    | src.trading.executor:_close_position:576 | 平仓失败: {"code":42210000,"message":"options market orders are only allowed during market hours"}
2025-06-04 15:11:58 | INFO     | src.trading.executor:close_all_positions:598 | 已平仓所有头寸，原因: 临近收盘强制平仓
2025-06-04 15:11:58 | INFO     | src.utils.notifications:send_message:63 | [GENERAL] 🕐 强制平仓执行
时间: 18:11:58.541266
原因: 临近收盘
平仓头寸数: 1
2025-06-04 15:12:49 | INFO     | src.bot.trading_bot:_check_force_close:229 | 临近收盘，执行强制平仓
2025-06-04 15:12:50 | ERROR    | src.trading.executor:_close_position:576 | 平仓失败: {"code":42210000,"message":"options market orders are only allowed during market hours"}
2025-06-04 15:12:50 | INFO     | src.trading.executor:close_all_positions:598 | 已平仓所有头寸，原因: 临近收盘强制平仓
2025-06-04 15:12:50 | INFO     | src.utils.notifications:send_message:63 | [GENERAL] 🕐 强制平仓执行
时间: 18:12:49.963739
原因: 临近收盘
平仓头寸数: 1
2025-06-04 15:12:59 | INFO     | src.bot.trading_bot:_check_force_close:229 | 临近收盘，执行强制平仓
2025-06-04 15:12:59 | ERROR    | src.trading.executor:_close_position:576 | 平仓失败: {"code":42210000,"message":"options market orders are only allowed during market hours"}
2025-06-04 15:12:59 | INFO     | src.trading.executor:close_all_positions:598 | 已平仓所有头寸，原因: 临近收盘强制平仓
2025-06-04 15:12:59 | INFO     | src.utils.notifications:send_message:63 | [GENERAL] 🕐 强制平仓执行
时间: 18:12:59.134654
原因: 临近收盘
平仓头寸数: 1
2025-06-04 15:13:50 | INFO     | src.bot.trading_bot:_check_force_close:229 | 临近收盘，执行强制平仓
2025-06-04 15:13:50 | ERROR    | src.trading.executor:_close_position:576 | 平仓失败: {"code":42210000,"message":"options market orders are only allowed during market hours"}
2025-06-04 15:13:50 | INFO     | src.trading.executor:close_all_positions:598 | 已平仓所有头寸，原因: 临近收盘强制平仓
2025-06-04 15:13:50 | INFO     | src.utils.notifications:send_message:63 | [GENERAL] 🕐 强制平仓执行
时间: 18:13:50.569278
原因: 临近收盘
平仓头寸数: 1
2025-06-04 15:13:59 | INFO     | src.bot.trading_bot:_check_force_close:229 | 临近收盘，执行强制平仓
2025-06-04 15:13:59 | ERROR    | src.trading.executor:_close_position:576 | 平仓失败: {"code":42210000,"message":"options market orders are only allowed during market hours"}
2025-06-04 15:13:59 | INFO     | src.trading.executor:close_all_positions:598 | 已平仓所有头寸，原因: 临近收盘强制平仓
2025-06-04 15:13:59 | INFO     | src.utils.notifications:send_message:63 | [GENERAL] 🕐 强制平仓执行
时间: 18:13:59.741510
原因: 临近收盘
平仓头寸数: 1
2025-06-04 15:14:51 | INFO     | src.bot.trading_bot:_check_force_close:229 | 临近收盘，执行强制平仓
2025-06-04 15:14:51 | ERROR    | src.trading.executor:_close_position:576 | 平仓失败: {"code":42210000,"message":"options market orders are only allowed during market hours"}
2025-06-04 15:14:51 | INFO     | src.trading.executor:close_all_positions:598 | 已平仓所有头寸，原因: 临近收盘强制平仓
2025-06-04 15:14:51 | INFO     | src.utils.notifications:send_message:63 | [GENERAL] 🕐 强制平仓执行
时间: 18:14:51.191777
原因: 临近收盘
平仓头寸数: 1
2025-06-04 15:15:00 | INFO     | src.bot.trading_bot:_check_force_close:229 | 临近收盘，执行强制平仓
2025-06-04 15:15:00 | ERROR    | src.trading.executor:_close_position:576 | 平仓失败: {"code":42210000,"message":"options market orders are only allowed during market hours"}
2025-06-04 15:15:00 | INFO     | src.trading.executor:close_all_positions:598 | 已平仓所有头寸，原因: 临近收盘强制平仓
2025-06-04 15:15:00 | INFO     | src.utils.notifications:send_message:63 | [GENERAL] 🕐 强制平仓执行
时间: 18:15:00.353900
原因: 临近收盘
平仓头寸数: 1
2025-06-04 15:15:51 | INFO     | src.bot.trading_bot:_check_force_close:229 | 临近收盘，执行强制平仓
2025-06-04 15:15:51 | ERROR    | src.trading.executor:_close_position:576 | 平仓失败: {"code":42210000,"message":"options market orders are only allowed during market hours"}
2025-06-04 15:15:51 | INFO     | src.trading.executor:close_all_positions:598 | 已平仓所有头寸，原因: 临近收盘强制平仓
2025-06-04 15:15:51 | INFO     | src.utils.notifications:send_message:63 | [GENERAL] 🕐 强制平仓执行
时间: 18:15:51.779578
原因: 临近收盘
平仓头寸数: 1
2025-06-04 15:16:00 | INFO     | src.bot.trading_bot:_check_force_close:229 | 临近收盘，执行强制平仓
2025-06-04 15:16:01 | ERROR    | src.trading.executor:_close_position:576 | 平仓失败: {"code":42210000,"message":"options market orders are only allowed during market hours"}
2025-06-04 15:16:01 | INFO     | src.trading.executor:close_all_positions:598 | 已平仓所有头寸，原因: 临近收盘强制平仓
2025-06-04 15:16:01 | INFO     | src.utils.notifications:send_message:63 | [GENERAL] 🕐 强制平仓执行
时间: 18:16:00.916391
原因: 临近收盘
平仓头寸数: 1
2025-06-04 15:16:52 | INFO     | src.bot.trading_bot:_check_force_close:229 | 临近收盘，执行强制平仓
2025-06-04 15:16:52 | ERROR    | src.trading.executor:_close_position:576 | 平仓失败: {"code":42210000,"message":"options market orders are only allowed during market hours"}
2025-06-04 15:16:52 | INFO     | src.trading.executor:close_all_positions:598 | 已平仓所有头寸，原因: 临近收盘强制平仓
2025-06-04 15:16:52 | INFO     | src.utils.notifications:send_message:63 | [GENERAL] 🕐 强制平仓执行
时间: 18:16:52.363784
原因: 临近收盘
平仓头寸数: 1
2025-06-04 15:17:01 | INFO     | src.bot.trading_bot:_check_force_close:229 | 临近收盘，执行强制平仓
2025-06-04 15:17:01 | ERROR    | src.trading.executor:_close_position:576 | 平仓失败: {"code":42210000,"message":"options market orders are only allowed during market hours"}
2025-06-04 15:17:01 | INFO     | src.trading.executor:close_all_positions:598 | 已平仓所有头寸，原因: 临近收盘强制平仓
2025-06-04 15:17:01 | INFO     | src.utils.notifications:send_message:63 | [GENERAL] 🕐 强制平仓执行
时间: 18:17:01.775807
原因: 临近收盘
平仓头寸数: 1
2025-06-04 15:17:52 | INFO     | src.bot.trading_bot:_check_force_close:229 | 临近收盘，执行强制平仓
2025-06-04 15:17:53 | ERROR    | src.trading.executor:_close_position:576 | 平仓失败: {"code":42210000,"message":"options market orders are only allowed during market hours"}
2025-06-04 15:17:53 | INFO     | src.trading.executor:close_all_positions:598 | 已平仓所有头寸，原因: 临近收盘强制平仓
2025-06-04 15:17:53 | INFO     | src.utils.notifications:send_message:63 | [GENERAL] 🕐 强制平仓执行
时间: 18:17:52.954030
原因: 临近收盘
平仓头寸数: 1
2025-06-04 15:18:02 | INFO     | src.bot.trading_bot:_check_force_close:229 | 临近收盘，执行强制平仓
2025-06-04 15:18:02 | ERROR    | src.trading.executor:_close_position:576 | 平仓失败: {"code":42210000,"message":"options market orders are only allowed during market hours"}
2025-06-04 15:18:02 | INFO     | src.trading.executor:close_all_positions:598 | 已平仓所有头寸，原因: 临近收盘强制平仓
2025-06-04 15:18:02 | INFO     | src.utils.notifications:send_message:63 | [GENERAL] 🕐 强制平仓执行
时间: 18:18:02.417236
原因: 临近收盘
平仓头寸数: 1
2025-06-04 15:18:53 | INFO     | src.bot.trading_bot:_check_force_close:229 | 临近收盘，执行强制平仓
2025-06-04 15:18:53 | ERROR    | src.trading.executor:_close_position:576 | 平仓失败: {"code":42210000,"message":"options market orders are only allowed during market hours"}
2025-06-04 15:18:53 | INFO     | src.trading.executor:close_all_positions:598 | 已平仓所有头寸，原因: 临近收盘强制平仓
2025-06-04 15:18:53 | INFO     | src.utils.notifications:send_message:63 | [GENERAL] 🕐 强制平仓执行
时间: 18:18:53.565224
原因: 临近收盘
平仓头寸数: 1
2025-06-04 15:19:02 | INFO     | src.bot.trading_bot:_check_force_close:229 | 临近收盘，执行强制平仓
2025-06-04 15:19:03 | ERROR    | src.trading.executor:_close_position:576 | 平仓失败: {"code":42210000,"message":"options market orders are only allowed during market hours"}
2025-06-04 15:19:03 | INFO     | src.trading.executor:close_all_positions:598 | 已平仓所有头寸，原因: 临近收盘强制平仓
2025-06-04 15:19:03 | INFO     | src.utils.notifications:send_message:63 | [GENERAL] 🕐 强制平仓执行
时间: 18:19:02.986404
原因: 临近收盘
平仓头寸数: 1
2025-06-04 15:19:54 | INFO     | src.bot.trading_bot:_check_force_close:229 | 临近收盘，执行强制平仓
2025-06-04 15:19:54 | ERROR    | src.trading.executor:_close_position:576 | 平仓失败: {"code":42210000,"message":"options market orders are only allowed during market hours"}
2025-06-04 15:19:54 | INFO     | src.trading.executor:close_all_positions:598 | 已平仓所有头寸，原因: 临近收盘强制平仓
2025-06-04 15:19:54 | INFO     | src.utils.notifications:send_message:63 | [GENERAL] 🕐 强制平仓执行
时间: 18:19:54.170408
原因: 临近收盘
平仓头寸数: 1
2025-06-04 15:20:03 | INFO     | src.bot.trading_bot:_check_force_close:229 | 临近收盘，执行强制平仓
2025-06-04 15:20:03 | ERROR    | src.trading.executor:_close_position:576 | 平仓失败: {"code":42210000,"message":"options market orders are only allowed during market hours"}
2025-06-04 15:20:03 | INFO     | src.trading.executor:close_all_positions:598 | 已平仓所有头寸，原因: 临近收盘强制平仓
2025-06-04 15:20:03 | INFO     | src.utils.notifications:send_message:63 | [GENERAL] 🕐 强制平仓执行
时间: 18:20:03.592437
原因: 临近收盘
平仓头寸数: 1
2025-06-04 15:20:54 | INFO     | src.bot.trading_bot:_check_force_close:229 | 临近收盘，执行强制平仓
2025-06-04 15:20:54 | ERROR    | src.trading.executor:_close_position:576 | 平仓失败: {"code":42210000,"message":"options market orders are only allowed during market hours"}
2025-06-04 15:20:54 | INFO     | src.trading.executor:close_all_positions:598 | 已平仓所有头寸，原因: 临近收盘强制平仓
2025-06-04 15:20:54 | INFO     | src.utils.notifications:send_message:63 | [GENERAL] 🕐 强制平仓执行
时间: 18:20:54.844340
原因: 临近收盘
平仓头寸数: 1
2025-06-04 15:21:04 | INFO     | src.bot.trading_bot:_check_force_close:229 | 临近收盘，执行强制平仓
2025-06-04 15:21:04 | ERROR    | src.trading.executor:_close_position:576 | 平仓失败: {"code":42210000,"message":"options market orders are only allowed during market hours"}
2025-06-04 15:21:04 | INFO     | src.trading.executor:close_all_positions:598 | 已平仓所有头寸，原因: 临近收盘强制平仓
2025-06-04 15:21:04 | INFO     | src.utils.notifications:send_message:63 | [GENERAL] 🕐 强制平仓执行
时间: 18:21:04.136769
原因: 临近收盘
平仓头寸数: 1
2025-06-04 15:21:55 | INFO     | src.bot.trading_bot:_check_force_close:229 | 临近收盘，执行强制平仓
2025-06-04 15:21:55 | ERROR    | src.trading.executor:_close_position:576 | 平仓失败: {"code":42210000,"message":"options market orders are only allowed during market hours"}
2025-06-04 15:21:55 | INFO     | src.trading.executor:close_all_positions:598 | 已平仓所有头寸，原因: 临近收盘强制平仓
2025-06-04 15:21:55 | INFO     | src.utils.notifications:send_message:63 | [GENERAL] 🕐 强制平仓执行
时间: 18:21:55.437302
原因: 临近收盘
平仓头寸数: 1
2025-06-04 15:22:04 | INFO     | src.bot.trading_bot:_check_force_close:229 | 临近收盘，执行强制平仓
2025-06-04 15:22:04 | ERROR    | src.trading.executor:_close_position:576 | 平仓失败: {"code":42210000,"message":"options market orders are only allowed during market hours"}
2025-06-04 15:22:04 | INFO     | src.trading.executor:close_all_positions:598 | 已平仓所有头寸，原因: 临近收盘强制平仓
2025-06-04 15:22:04 | INFO     | src.utils.notifications:send_message:63 | [GENERAL] 🕐 强制平仓执行
时间: 18:22:04.748644
原因: 临近收盘
平仓头寸数: 1
2025-06-04 15:22:56 | INFO     | src.bot.trading_bot:_check_force_close:229 | 临近收盘，执行强制平仓
2025-06-04 15:22:56 | ERROR    | src.trading.executor:_close_position:576 | 平仓失败: {"code":42210000,"message":"options market orders are only allowed during market hours"}
2025-06-04 15:22:56 | INFO     | src.trading.executor:close_all_positions:598 | 已平仓所有头寸，原因: 临近收盘强制平仓
2025-06-04 15:22:56 | INFO     | src.utils.notifications:send_message:63 | [GENERAL] 🕐 强制平仓执行
时间: 18:22:56.081561
原因: 临近收盘
平仓头寸数: 1
2025-06-04 15:23:05 | INFO     | src.bot.trading_bot:_check_force_close:229 | 临近收盘，执行强制平仓
2025-06-04 15:23:05 | ERROR    | src.trading.executor:_close_position:576 | 平仓失败: {"code":42210000,"message":"options market orders are only allowed during market hours"}
2025-06-04 15:23:05 | INFO     | src.trading.executor:close_all_positions:598 | 已平仓所有头寸，原因: 临近收盘强制平仓
2025-06-04 15:23:05 | INFO     | src.utils.notifications:send_message:63 | [GENERAL] 🕐 强制平仓执行
时间: 18:23:05.349006
原因: 临近收盘
平仓头寸数: 1
2025-06-04 15:23:56 | INFO     | src.bot.trading_bot:_check_force_close:229 | 临近收盘，执行强制平仓
2025-06-04 15:23:56 | ERROR    | src.trading.executor:_close_position:576 | 平仓失败: {"code":42210000,"message":"options market orders are only allowed during market hours"}
2025-06-04 15:23:56 | INFO     | src.trading.executor:close_all_positions:598 | 已平仓所有头寸，原因: 临近收盘强制平仓
2025-06-04 15:23:56 | INFO     | src.utils.notifications:send_message:63 | [GENERAL] 🕐 强制平仓执行
时间: 18:23:56.757291
原因: 临近收盘
平仓头寸数: 1
2025-06-04 15:24:05 | INFO     | src.bot.trading_bot:_check_force_close:229 | 临近收盘，执行强制平仓
2025-06-04 15:24:06 | ERROR    | src.trading.executor:_close_position:576 | 平仓失败: {"code":42210000,"message":"options market orders are only allowed during market hours"}
2025-06-04 15:24:06 | INFO     | src.trading.executor:close_all_positions:598 | 已平仓所有头寸，原因: 临近收盘强制平仓
2025-06-04 15:24:06 | INFO     | src.utils.notifications:send_message:63 | [GENERAL] 🕐 强制平仓执行
时间: 18:24:05.996880
原因: 临近收盘
平仓头寸数: 1
2025-06-04 15:24:57 | INFO     | src.bot.trading_bot:_check_force_close:229 | 临近收盘，执行强制平仓
2025-06-04 15:24:57 | ERROR    | src.trading.executor:_close_position:576 | 平仓失败: {"code":42210000,"message":"options market orders are only allowed during market hours"}
2025-06-04 15:24:57 | INFO     | src.trading.executor:close_all_positions:598 | 已平仓所有头寸，原因: 临近收盘强制平仓
2025-06-04 15:24:57 | INFO     | src.utils.notifications:send_message:63 | [GENERAL] 🕐 强制平仓执行
时间: 18:24:57.443845
原因: 临近收盘
平仓头寸数: 1
2025-06-04 15:25:06 | INFO     | src.bot.trading_bot:_check_force_close:229 | 临近收盘，执行强制平仓
2025-06-04 15:25:06 | ERROR    | src.trading.executor:_close_position:576 | 平仓失败: {"code":42210000,"message":"options market orders are only allowed during market hours"}
2025-06-04 15:25:06 | INFO     | src.trading.executor:close_all_positions:598 | 已平仓所有头寸，原因: 临近收盘强制平仓
2025-06-04 15:25:06 | INFO     | src.utils.notifications:send_message:63 | [GENERAL] 🕐 强制平仓执行
时间: 18:25:06.672590
原因: 临近收盘
平仓头寸数: 1
2025-06-04 15:25:58 | INFO     | src.bot.trading_bot:_check_force_close:229 | 临近收盘，执行强制平仓
2025-06-04 15:25:58 | ERROR    | src.trading.executor:_close_position:576 | 平仓失败: {"code":42210000,"message":"options market orders are only allowed during market hours"}
2025-06-04 15:25:58 | INFO     | src.trading.executor:close_all_positions:598 | 已平仓所有头寸，原因: 临近收盘强制平仓
2025-06-04 15:25:58 | INFO     | src.utils.notifications:send_message:63 | [GENERAL] 🕐 强制平仓执行
时间: 18:25:58.085792
原因: 临近收盘
平仓头寸数: 1
2025-06-04 15:26:07 | INFO     | src.bot.trading_bot:_check_force_close:229 | 临近收盘，执行强制平仓
2025-06-04 15:26:07 | ERROR    | src.trading.executor:_close_position:576 | 平仓失败: {"code":42210000,"message":"options market orders are only allowed during market hours"}
2025-06-04 15:26:07 | INFO     | src.trading.executor:close_all_positions:598 | 已平仓所有头寸，原因: 临近收盘强制平仓
2025-06-04 15:26:07 | INFO     | src.utils.notifications:send_message:63 | [GENERAL] 🕐 强制平仓执行
时间: 18:26:07.254342
原因: 临近收盘
平仓头寸数: 1
2025-06-04 15:26:58 | INFO     | src.bot.trading_bot:_check_force_close:229 | 临近收盘，执行强制平仓
2025-06-04 15:26:58 | ERROR    | src.trading.executor:_close_position:576 | 平仓失败: {"code":42210000,"message":"options market orders are only allowed during market hours"}
2025-06-04 15:26:58 | INFO     | src.trading.executor:close_all_positions:598 | 已平仓所有头寸，原因: 临近收盘强制平仓
2025-06-04 15:26:58 | INFO     | src.utils.notifications:send_message:63 | [GENERAL] 🕐 强制平仓执行
时间: 18:26:58.673837
原因: 临近收盘
平仓头寸数: 1
2025-06-04 15:27:07 | INFO     | src.bot.trading_bot:_check_force_close:229 | 临近收盘，执行强制平仓
2025-06-04 15:27:07 | ERROR    | src.trading.executor:_close_position:576 | 平仓失败: {"code":42210000,"message":"options market orders are only allowed during market hours"}
2025-06-04 15:27:07 | INFO     | src.trading.executor:close_all_positions:598 | 已平仓所有头寸，原因: 临近收盘强制平仓
2025-06-04 15:27:07 | INFO     | src.utils.notifications:send_message:63 | [GENERAL] 🕐 强制平仓执行
时间: 18:27:07.862301
原因: 临近收盘
平仓头寸数: 1
2025-06-04 15:27:59 | INFO     | src.bot.trading_bot:_check_force_close:229 | 临近收盘，执行强制平仓
2025-06-04 15:27:59 | ERROR    | src.trading.executor:_close_position:576 | 平仓失败: {"code":42210000,"message":"options market orders are only allowed during market hours"}
2025-06-04 15:27:59 | INFO     | src.trading.executor:close_all_positions:598 | 已平仓所有头寸，原因: 临近收盘强制平仓
2025-06-04 15:27:59 | INFO     | src.utils.notifications:send_message:63 | [GENERAL] 🕐 强制平仓执行
时间: 18:27:59.263811
原因: 临近收盘
平仓头寸数: 1
2025-06-04 15:28:08 | INFO     | src.bot.trading_bot:_check_force_close:229 | 临近收盘，执行强制平仓
2025-06-04 15:28:08 | ERROR    | src.trading.executor:_close_position:576 | 平仓失败: {"code":42210000,"message":"options market orders are only allowed during market hours"}
2025-06-04 15:28:08 | INFO     | src.trading.executor:close_all_positions:598 | 已平仓所有头寸，原因: 临近收盘强制平仓
2025-06-04 15:28:08 | INFO     | src.utils.notifications:send_message:63 | [GENERAL] 🕐 强制平仓执行
时间: 18:28:08.476308
原因: 临近收盘
平仓头寸数: 1
2025-06-04 15:28:59 | INFO     | src.bot.trading_bot:_check_force_close:229 | 临近收盘，执行强制平仓
2025-06-04 15:28:59 | ERROR    | src.trading.executor:_close_position:576 | 平仓失败: {"code":42210000,"message":"options market orders are only allowed during market hours"}
2025-06-04 15:28:59 | INFO     | src.trading.executor:close_all_positions:598 | 已平仓所有头寸，原因: 临近收盘强制平仓
2025-06-04 15:28:59 | INFO     | src.utils.notifications:send_message:63 | [GENERAL] 🕐 强制平仓执行
时间: 18:28:59.857614
原因: 临近收盘
平仓头寸数: 1
2025-06-04 15:29:09 | INFO     | src.bot.trading_bot:_check_force_close:229 | 临近收盘，执行强制平仓
2025-06-04 15:29:09 | ERROR    | src.trading.executor:_close_position:576 | 平仓失败: {"code":42210000,"message":"options market orders are only allowed during market hours"}
2025-06-04 15:29:09 | INFO     | src.trading.executor:close_all_positions:598 | 已平仓所有头寸，原因: 临近收盘强制平仓
2025-06-04 15:29:09 | INFO     | src.utils.notifications:send_message:63 | [GENERAL] 🕐 强制平仓执行
时间: 18:29:09.051566
原因: 临近收盘
平仓头寸数: 1
2025-06-04 15:30:00 | INFO     | src.bot.trading_bot:_check_force_close:229 | 临近收盘，执行强制平仓
2025-06-04 15:30:00 | ERROR    | src.trading.executor:_close_position:576 | 平仓失败: {"code":42210000,"message":"options market orders are only allowed during market hours"}
2025-06-04 15:30:00 | INFO     | src.trading.executor:close_all_positions:598 | 已平仓所有头寸，原因: 临近收盘强制平仓
2025-06-04 15:30:00 | INFO     | src.utils.notifications:send_message:63 | [GENERAL] 🕐 强制平仓执行
时间: 18:30:00.451831
原因: 临近收盘
平仓头寸数: 1
2025-06-04 15:30:09 | INFO     | src.bot.trading_bot:_check_force_close:229 | 临近收盘，执行强制平仓
2025-06-04 15:30:09 | ERROR    | src.trading.executor:_close_position:576 | 平仓失败: {"code":42210000,"message":"options market orders are only allowed during market hours"}
2025-06-04 15:30:09 | INFO     | src.trading.executor:close_all_positions:598 | 已平仓所有头寸，原因: 临近收盘强制平仓
2025-06-04 15:30:09 | INFO     | src.utils.notifications:send_message:63 | [GENERAL] 🕐 强制平仓执行
时间: 18:30:09.624542
原因: 临近收盘
平仓头寸数: 1
2025-06-04 15:31:01 | INFO     | src.bot.trading_bot:_check_force_close:229 | 临近收盘，执行强制平仓
2025-06-04 15:31:01 | ERROR    | src.trading.executor:_close_position:576 | 平仓失败: {"code":42210000,"message":"options market orders are only allowed during market hours"}
2025-06-04 15:31:01 | INFO     | src.trading.executor:close_all_positions:598 | 已平仓所有头寸，原因: 临近收盘强制平仓
2025-06-04 15:31:01 | INFO     | src.utils.notifications:send_message:63 | [GENERAL] 🕐 强制平仓执行
时间: 18:31:01.042355
原因: 临近收盘
平仓头寸数: 1
2025-06-04 15:31:10 | INFO     | src.bot.trading_bot:_check_force_close:229 | 临近收盘，执行强制平仓
2025-06-04 15:31:10 | ERROR    | src.trading.executor:_close_position:576 | 平仓失败: {"code":42210000,"message":"options market orders are only allowed during market hours"}
2025-06-04 15:31:10 | INFO     | src.trading.executor:close_all_positions:598 | 已平仓所有头寸，原因: 临近收盘强制平仓
2025-06-04 15:31:10 | INFO     | src.utils.notifications:send_message:63 | [GENERAL] 🕐 强制平仓执行
时间: 18:31:10.246217
原因: 临近收盘
平仓头寸数: 1
2025-06-04 15:32:01 | INFO     | src.bot.trading_bot:_check_force_close:229 | 临近收盘，执行强制平仓
2025-06-04 15:32:01 | ERROR    | src.trading.executor:_close_position:576 | 平仓失败: {"code":42210000,"message":"options market orders are only allowed during market hours"}
2025-06-04 15:32:01 | INFO     | src.trading.executor:close_all_positions:598 | 已平仓所有头寸，原因: 临近收盘强制平仓
2025-06-04 15:32:01 | INFO     | src.utils.notifications:send_message:63 | [GENERAL] 🕐 强制平仓执行
时间: 18:32:01.671657
原因: 临近收盘
平仓头寸数: 1
2025-06-04 15:32:10 | INFO     | src.bot.trading_bot:_check_force_close:229 | 临近收盘，执行强制平仓
2025-06-04 15:32:10 | ERROR    | src.trading.executor:_close_position:576 | 平仓失败: {"code":42210000,"message":"options market orders are only allowed during market hours"}
2025-06-04 15:32:10 | INFO     | src.trading.executor:close_all_positions:598 | 已平仓所有头寸，原因: 临近收盘强制平仓
2025-06-04 15:32:10 | INFO     | src.utils.notifications:send_message:63 | [GENERAL] 🕐 强制平仓执行
时间: 18:32:10.838068
原因: 临近收盘
平仓头寸数: 1
2025-06-04 15:33:02 | INFO     | src.bot.trading_bot:_check_force_close:229 | 临近收盘，执行强制平仓
2025-06-04 15:33:02 | ERROR    | src.trading.executor:_close_position:576 | 平仓失败: {"code":42210000,"message":"options market orders are only allowed during market hours"}
2025-06-04 15:33:02 | INFO     | src.trading.executor:close_all_positions:598 | 已平仓所有头寸，原因: 临近收盘强制平仓
2025-06-04 15:33:02 | INFO     | src.utils.notifications:send_message:63 | [GENERAL] 🕐 强制平仓执行
时间: 18:33:02.245998
原因: 临近收盘
平仓头寸数: 1
2025-06-04 15:33:11 | INFO     | src.bot.trading_bot:_check_force_close:229 | 临近收盘，执行强制平仓
2025-06-04 15:33:11 | ERROR    | src.trading.executor:_close_position:576 | 平仓失败: {"code":42210000,"message":"options market orders are only allowed during market hours"}
2025-06-04 15:33:11 | INFO     | src.trading.executor:close_all_positions:598 | 已平仓所有头寸，原因: 临近收盘强制平仓
2025-06-04 15:33:11 | INFO     | src.utils.notifications:send_message:63 | [GENERAL] 🕐 强制平仓执行
时间: 18:33:11.417630
原因: 临近收盘
平仓头寸数: 1
2025-06-04 15:34:02 | INFO     | src.bot.trading_bot:_check_force_close:229 | 临近收盘，执行强制平仓
2025-06-04 15:34:02 | ERROR    | src.trading.executor:_close_position:576 | 平仓失败: {"code":42210000,"message":"options market orders are only allowed during market hours"}
2025-06-04 15:34:02 | INFO     | src.trading.executor:close_all_positions:598 | 已平仓所有头寸，原因: 临近收盘强制平仓
2025-06-04 15:34:02 | INFO     | src.utils.notifications:send_message:63 | [GENERAL] 🕐 强制平仓执行
时间: 18:34:02.863327
原因: 临近收盘
平仓头寸数: 1
2025-06-04 15:34:11 | INFO     | src.bot.trading_bot:_check_force_close:229 | 临近收盘，执行强制平仓
2025-06-04 15:34:12 | ERROR    | src.trading.executor:_close_position:576 | 平仓失败: {"code":42210000,"message":"options market orders are only allowed during market hours"}
2025-06-04 15:34:12 | INFO     | src.trading.executor:close_all_positions:598 | 已平仓所有头寸，原因: 临近收盘强制平仓
2025-06-04 15:34:12 | INFO     | src.utils.notifications:send_message:63 | [GENERAL] 🕐 强制平仓执行
时间: 18:34:11.980595
原因: 临近收盘
平仓头寸数: 1
2025-06-04 15:35:03 | INFO     | src.bot.trading_bot:_check_force_close:229 | 临近收盘，执行强制平仓
2025-06-04 15:35:03 | ERROR    | src.trading.executor:_close_position:576 | 平仓失败: {"code":42210000,"message":"options market orders are only allowed during market hours"}
2025-06-04 15:35:03 | INFO     | src.trading.executor:close_all_positions:598 | 已平仓所有头寸，原因: 临近收盘强制平仓
2025-06-04 15:35:03 | INFO     | src.utils.notifications:send_message:63 | [GENERAL] 🕐 强制平仓执行
时间: 18:35:03.468339
原因: 临近收盘
平仓头寸数: 1
2025-06-04 15:35:12 | INFO     | src.bot.trading_bot:_check_force_close:229 | 临近收盘，执行强制平仓
2025-06-04 15:35:12 | ERROR    | src.trading.executor:_close_position:576 | 平仓失败: {"code":42210000,"message":"options market orders are only allowed during market hours"}
2025-06-04 15:35:12 | INFO     | src.trading.executor:close_all_positions:598 | 已平仓所有头寸，原因: 临近收盘强制平仓
2025-06-04 15:35:12 | INFO     | src.utils.notifications:send_message:63 | [GENERAL] 🕐 强制平仓执行
时间: 18:35:12.561939
原因: 临近收盘
平仓头寸数: 1
2025-06-04 15:36:04 | INFO     | src.bot.trading_bot:_check_force_close:229 | 临近收盘，执行强制平仓
2025-06-04 15:36:04 | ERROR    | src.trading.executor:_close_position:576 | 平仓失败: {"code":42210000,"message":"options market orders are only allowed during market hours"}
2025-06-04 15:36:04 | INFO     | src.trading.executor:close_all_positions:598 | 已平仓所有头寸，原因: 临近收盘强制平仓
2025-06-04 15:36:04 | INFO     | src.utils.notifications:send_message:63 | [GENERAL] 🕐 强制平仓执行
时间: 18:36:04.078703
原因: 临近收盘
平仓头寸数: 1
2025-06-04 15:36:13 | INFO     | src.bot.trading_bot:_check_force_close:229 | 临近收盘，执行强制平仓
2025-06-04 15:36:13 | ERROR    | src.trading.executor:_close_position:576 | 平仓失败: {"code":42210000,"message":"options market orders are only allowed during market hours"}
2025-06-04 15:36:13 | INFO     | src.trading.executor:close_all_positions:598 | 已平仓所有头寸，原因: 临近收盘强制平仓
2025-06-04 15:36:13 | INFO     | src.utils.notifications:send_message:63 | [GENERAL] 🕐 强制平仓执行
时间: 18:36:13.212475
原因: 临近收盘
平仓头寸数: 1
2025-06-04 15:37:04 | INFO     | src.bot.trading_bot:_check_force_close:229 | 临近收盘，执行强制平仓
2025-06-04 15:37:04 | ERROR    | src.trading.executor:_close_position:576 | 平仓失败: {"code":42210000,"message":"options market orders are only allowed during market hours"}
2025-06-04 15:37:04 | INFO     | src.trading.executor:close_all_positions:598 | 已平仓所有头寸，原因: 临近收盘强制平仓
2025-06-04 15:37:04 | INFO     | src.utils.notifications:send_message:63 | [GENERAL] 🕐 强制平仓执行
时间: 18:37:04.674735
原因: 临近收盘
平仓头寸数: 1
2025-06-04 15:37:13 | INFO     | src.bot.trading_bot:_check_force_close:229 | 临近收盘，执行强制平仓
2025-06-04 15:37:13 | ERROR    | src.trading.executor:_close_position:576 | 平仓失败: {"code":42210000,"message":"options market orders are only allowed during market hours"}
2025-06-04 15:37:13 | INFO     | src.trading.executor:close_all_positions:598 | 已平仓所有头寸，原因: 临近收盘强制平仓
2025-06-04 15:37:13 | INFO     | src.utils.notifications:send_message:63 | [GENERAL] 🕐 强制平仓执行
时间: 18:37:13.828118
原因: 临近收盘
平仓头寸数: 1
2025-06-04 15:38:05 | INFO     | src.bot.trading_bot:_check_force_close:229 | 临近收盘，执行强制平仓
2025-06-04 15:38:05 | ERROR    | src.trading.executor:_close_position:576 | 平仓失败: {"code":42210000,"message":"options market orders are only allowed during market hours"}
2025-06-04 15:38:05 | INFO     | src.trading.executor:close_all_positions:598 | 已平仓所有头寸，原因: 临近收盘强制平仓
2025-06-04 15:38:05 | INFO     | src.utils.notifications:send_message:63 | [GENERAL] 🕐 强制平仓执行
时间: 18:38:05.229124
原因: 临近收盘
平仓头寸数: 1
2025-06-04 15:38:14 | INFO     | src.bot.trading_bot:_check_force_close:229 | 临近收盘，执行强制平仓
2025-06-04 15:38:14 | ERROR    | src.trading.executor:_close_position:576 | 平仓失败: {"code":42210000,"message":"options market orders are only allowed during market hours"}
2025-06-04 15:38:14 | INFO     | src.trading.executor:close_all_positions:598 | 已平仓所有头寸，原因: 临近收盘强制平仓
2025-06-04 15:38:14 | INFO     | src.utils.notifications:send_message:63 | [GENERAL] 🕐 强制平仓执行
时间: 18:38:14.370154
原因: 临近收盘
平仓头寸数: 1
2025-06-04 15:39:05 | INFO     | src.bot.trading_bot:_check_force_close:229 | 临近收盘，执行强制平仓
2025-06-04 15:39:05 | ERROR    | src.trading.executor:_close_position:576 | 平仓失败: {"code":42210000,"message":"options market orders are only allowed during market hours"}
2025-06-04 15:39:05 | INFO     | src.trading.executor:close_all_positions:598 | 已平仓所有头寸，原因: 临近收盘强制平仓
2025-06-04 15:39:05 | INFO     | src.utils.notifications:send_message:63 | [GENERAL] 🕐 强制平仓执行
时间: 18:39:05.845256
原因: 临近收盘
平仓头寸数: 1
2025-06-04 15:39:14 | INFO     | src.bot.trading_bot:_check_force_close:229 | 临近收盘，执行强制平仓
2025-06-04 15:39:15 | ERROR    | src.trading.executor:_close_position:576 | 平仓失败: {"code":42210000,"message":"options market orders are only allowed during market hours"}
2025-06-04 15:39:15 | INFO     | src.trading.executor:close_all_positions:598 | 已平仓所有头寸，原因: 临近收盘强制平仓
2025-06-04 15:39:15 | INFO     | src.utils.notifications:send_message:63 | [GENERAL] 🕐 强制平仓执行
时间: 18:39:14.962287
原因: 临近收盘
平仓头寸数: 1
2025-06-04 15:40:06 | INFO     | src.bot.trading_bot:_check_force_close:229 | 临近收盘，执行强制平仓
2025-06-04 15:40:06 | ERROR    | src.trading.executor:_close_position:576 | 平仓失败: {"code":42210000,"message":"options market orders are only allowed during market hours"}
2025-06-04 15:40:06 | INFO     | src.trading.executor:close_all_positions:598 | 已平仓所有头寸，原因: 临近收盘强制平仓
2025-06-04 15:40:06 | INFO     | src.utils.notifications:send_message:63 | [GENERAL] 🕐 强制平仓执行
时间: 18:40:06.475775
原因: 临近收盘
平仓头寸数: 1
2025-06-04 15:40:15 | INFO     | src.bot.trading_bot:_check_force_close:229 | 临近收盘，执行强制平仓
2025-06-04 15:40:15 | ERROR    | src.trading.executor:_close_position:576 | 平仓失败: {"code":42210000,"message":"options market orders are only allowed during market hours"}
2025-06-04 15:40:15 | INFO     | src.trading.executor:close_all_positions:598 | 已平仓所有头寸，原因: 临近收盘强制平仓
2025-06-04 15:40:15 | INFO     | src.utils.notifications:send_message:63 | [GENERAL] 🕐 强制平仓执行
时间: 18:40:15.544345
原因: 临近收盘
平仓头寸数: 1
2025-06-04 15:41:07 | INFO     | src.bot.trading_bot:_check_force_close:229 | 临近收盘，执行强制平仓
2025-06-04 15:41:07 | ERROR    | src.trading.executor:_close_position:576 | 平仓失败: {"code":42210000,"message":"options market orders are only allowed during market hours"}
2025-06-04 15:41:07 | INFO     | src.trading.executor:close_all_positions:598 | 已平仓所有头寸，原因: 临近收盘强制平仓
2025-06-04 15:41:07 | INFO     | src.utils.notifications:send_message:63 | [GENERAL] 🕐 强制平仓执行
时间: 18:41:07.095770
原因: 临近收盘
平仓头寸数: 1
2025-06-04 15:41:16 | INFO     | src.bot.trading_bot:_check_force_close:229 | 临近收盘，执行强制平仓
2025-06-04 15:41:16 | ERROR    | src.trading.executor:_close_position:576 | 平仓失败: {"code":42210000,"message":"options market orders are only allowed during market hours"}
2025-06-04 15:41:16 | INFO     | src.trading.executor:close_all_positions:598 | 已平仓所有头寸，原因: 临近收盘强制平仓
2025-06-04 15:41:16 | INFO     | src.utils.notifications:send_message:63 | [GENERAL] 🕐 强制平仓执行
时间: 18:41:16.126792
原因: 临近收盘
平仓头寸数: 1
2025-06-04 15:42:07 | INFO     | src.bot.trading_bot:_check_force_close:229 | 临近收盘，执行强制平仓
2025-06-04 15:42:07 | ERROR    | src.trading.executor:_close_position:576 | 平仓失败: {"code":42210000,"message":"options market orders are only allowed during market hours"}
2025-06-04 15:42:07 | INFO     | src.trading.executor:close_all_positions:598 | 已平仓所有头寸，原因: 临近收盘强制平仓
2025-06-04 15:42:07 | INFO     | src.utils.notifications:send_message:63 | [GENERAL] 🕐 强制平仓执行
时间: 18:42:07.683169
原因: 临近收盘
平仓头寸数: 1
2025-06-04 15:42:16 | INFO     | src.bot.trading_bot:_check_force_close:229 | 临近收盘，执行强制平仓
2025-06-04 15:42:16 | ERROR    | src.trading.executor:_close_position:576 | 平仓失败: {"code":42210000,"message":"options market orders are only allowed during market hours"}
2025-06-04 15:42:16 | INFO     | src.trading.executor:close_all_positions:598 | 已平仓所有头寸，原因: 临近收盘强制平仓
2025-06-04 15:42:16 | INFO     | src.utils.notifications:send_message:63 | [GENERAL] 🕐 强制平仓执行
时间: 18:42:16.715974
原因: 临近收盘
平仓头寸数: 1
2025-06-04 15:43:08 | INFO     | src.bot.trading_bot:_check_force_close:229 | 临近收盘，执行强制平仓
2025-06-04 15:43:08 | ERROR    | src.trading.executor:_close_position:576 | 平仓失败: {"code":42210000,"message":"options market orders are only allowed during market hours"}
2025-06-04 15:43:08 | INFO     | src.trading.executor:close_all_positions:598 | 已平仓所有头寸，原因: 临近收盘强制平仓
2025-06-04 15:43:08 | INFO     | src.utils.notifications:send_message:63 | [GENERAL] 🕐 强制平仓执行
时间: 18:43:08.279274
原因: 临近收盘
平仓头寸数: 1
2025-06-04 15:43:17 | INFO     | src.bot.trading_bot:_check_force_close:229 | 临近收盘，执行强制平仓
2025-06-04 15:43:17 | ERROR    | src.trading.executor:_close_position:576 | 平仓失败: {"code":42210000,"message":"options market orders are only allowed during market hours"}
2025-06-04 15:43:17 | INFO     | src.trading.executor:close_all_positions:598 | 已平仓所有头寸，原因: 临近收盘强制平仓
2025-06-04 15:43:17 | INFO     | src.utils.notifications:send_message:63 | [GENERAL] 🕐 强制平仓执行
时间: 18:43:17.294498
原因: 临近收盘
平仓头寸数: 1
2025-06-04 15:44:08 | INFO     | src.bot.trading_bot:_check_force_close:229 | 临近收盘，执行强制平仓
2025-06-04 15:44:09 | ERROR    | src.trading.executor:_close_position:576 | 平仓失败: {"code":42210000,"message":"options market orders are only allowed during market hours"}
2025-06-04 15:44:09 | INFO     | src.trading.executor:close_all_positions:598 | 已平仓所有头寸，原因: 临近收盘强制平仓
2025-06-04 15:44:09 | INFO     | src.utils.notifications:send_message:63 | [GENERAL] 🕐 强制平仓执行
时间: 18:44:08.883977
原因: 临近收盘
平仓头寸数: 1
2025-06-04 15:44:17 | INFO     | src.bot.trading_bot:_check_force_close:229 | 临近收盘，执行强制平仓
2025-06-04 15:44:18 | ERROR    | src.trading.executor:_close_position:576 | 平仓失败: {"code":42210000,"message":"options market orders are only allowed during market hours"}
2025-06-04 15:44:18 | INFO     | src.trading.executor:close_all_positions:598 | 已平仓所有头寸，原因: 临近收盘强制平仓
2025-06-04 15:44:18 | INFO     | src.utils.notifications:send_message:63 | [GENERAL] 🕐 强制平仓执行
时间: 18:44:17.915793
原因: 临近收盘
平仓头寸数: 1
2025-06-04 15:45:09 | INFO     | src.bot.trading_bot:_check_force_close:229 | 临近收盘，执行强制平仓
2025-06-04 15:45:09 | ERROR    | src.trading.executor:_close_position:576 | 平仓失败: {"code":42210000,"message":"options market orders are only allowed during market hours"}
2025-06-04 15:45:09 | INFO     | src.trading.executor:close_all_positions:598 | 已平仓所有头寸，原因: 临近收盘强制平仓
2025-06-04 15:45:09 | INFO     | src.utils.notifications:send_message:63 | [GENERAL] 🕐 强制平仓执行
时间: 18:45:09.565532
原因: 临近收盘
平仓头寸数: 1
2025-06-04 15:45:18 | INFO     | src.bot.trading_bot:_check_force_close:229 | 临近收盘，执行强制平仓
2025-06-04 15:45:18 | ERROR    | src.trading.executor:_close_position:576 | 平仓失败: {"code":42210000,"message":"options market orders are only allowed during market hours"}
2025-06-04 15:45:18 | INFO     | src.trading.executor:close_all_positions:598 | 已平仓所有头寸，原因: 临近收盘强制平仓
2025-06-04 15:45:18 | INFO     | src.utils.notifications:send_message:63 | [GENERAL] 🕐 强制平仓执行
时间: 18:45:18.524594
原因: 临近收盘
平仓头寸数: 1
2025-06-04 15:46:10 | INFO     | src.bot.trading_bot:_check_force_close:229 | 临近收盘，执行强制平仓
2025-06-04 15:46:10 | ERROR    | src.trading.executor:_close_position:576 | 平仓失败: {"code":42210000,"message":"options market orders are only allowed during market hours"}
2025-06-04 15:46:10 | INFO     | src.trading.executor:close_all_positions:598 | 已平仓所有头寸，原因: 临近收盘强制平仓
2025-06-04 15:46:10 | INFO     | src.utils.notifications:send_message:63 | [GENERAL] 🕐 强制平仓执行
时间: 18:46:10.201080
原因: 临近收盘
平仓头寸数: 1
2025-06-04 15:46:19 | INFO     | src.bot.trading_bot:_check_force_close:229 | 临近收盘，执行强制平仓
2025-06-04 15:46:19 | ERROR    | src.trading.executor:_close_position:576 | 平仓失败: {"code":42210000,"message":"options market orders are only allowed during market hours"}
2025-06-04 15:46:19 | INFO     | src.trading.executor:close_all_positions:598 | 已平仓所有头寸，原因: 临近收盘强制平仓
2025-06-04 15:46:19 | INFO     | src.utils.notifications:send_message:63 | [GENERAL] 🕐 强制平仓执行
时间: 18:46:19.155824
原因: 临近收盘
平仓头寸数: 1
2025-06-04 15:47:10 | INFO     | src.bot.trading_bot:_check_force_close:229 | 临近收盘，执行强制平仓
2025-06-04 15:47:10 | ERROR    | src.trading.executor:_close_position:576 | 平仓失败: {"code":42210000,"message":"options market orders are only allowed during market hours"}
2025-06-04 15:47:10 | INFO     | src.trading.executor:close_all_positions:598 | 已平仓所有头寸，原因: 临近收盘强制平仓
2025-06-04 15:47:10 | INFO     | src.utils.notifications:send_message:63 | [GENERAL] 🕐 强制平仓执行
时间: 18:47:10.796107
原因: 临近收盘
平仓头寸数: 1
2025-06-04 15:47:19 | INFO     | src.bot.trading_bot:_check_force_close:229 | 临近收盘，执行强制平仓
2025-06-04 15:47:19 | ERROR    | src.trading.executor:_close_position:576 | 平仓失败: {"code":42210000,"message":"options market orders are only allowed during market hours"}
2025-06-04 15:47:19 | INFO     | src.trading.executor:close_all_positions:598 | 已平仓所有头寸，原因: 临近收盘强制平仓
2025-06-04 15:47:19 | INFO     | src.utils.notifications:send_message:63 | [GENERAL] 🕐 强制平仓执行
时间: 18:47:19.762943
原因: 临近收盘
平仓头寸数: 1
2025-06-04 15:48:11 | INFO     | src.bot.trading_bot:_check_force_close:229 | 临近收盘，执行强制平仓
2025-06-04 15:48:11 | ERROR    | src.trading.executor:_close_position:576 | 平仓失败: {"code":42210000,"message":"options market orders are only allowed during market hours"}
2025-06-04 15:48:11 | INFO     | src.trading.executor:close_all_positions:598 | 已平仓所有头寸，原因: 临近收盘强制平仓
2025-06-04 15:48:11 | INFO     | src.utils.notifications:send_message:63 | [GENERAL] 🕐 强制平仓执行
时间: 18:48:11.402109
原因: 临近收盘
平仓头寸数: 1
2025-06-04 15:48:20 | INFO     | src.bot.trading_bot:_check_force_close:229 | 临近收盘，执行强制平仓
2025-06-04 15:48:20 | ERROR    | src.trading.executor:_close_position:576 | 平仓失败: {"code":42210000,"message":"options market orders are only allowed during market hours"}
2025-06-04 15:48:20 | INFO     | src.trading.executor:close_all_positions:598 | 已平仓所有头寸，原因: 临近收盘强制平仓
2025-06-04 15:48:20 | INFO     | src.utils.notifications:send_message:63 | [GENERAL] 🕐 强制平仓执行
时间: 18:48:20.435649
原因: 临近收盘
平仓头寸数: 1
2025-06-04 15:49:12 | INFO     | src.bot.trading_bot:_check_force_close:229 | 临近收盘，执行强制平仓
2025-06-04 15:49:12 | ERROR    | src.trading.executor:_close_position:576 | 平仓失败: {"code":42210000,"message":"options market orders are only allowed during market hours"}
2025-06-04 15:49:12 | INFO     | src.trading.executor:close_all_positions:598 | 已平仓所有头寸，原因: 临近收盘强制平仓
2025-06-04 15:49:12 | INFO     | src.utils.notifications:send_message:63 | [GENERAL] 🕐 强制平仓执行
时间: 18:49:12.011641
原因: 临近收盘
平仓头寸数: 1
2025-06-04 15:49:21 | INFO     | src.bot.trading_bot:_check_force_close:229 | 临近收盘，执行强制平仓
2025-06-04 15:49:21 | ERROR    | src.trading.executor:_close_position:576 | 平仓失败: {"code":42210000,"message":"options market orders are only allowed during market hours"}
2025-06-04 15:49:21 | INFO     | src.trading.executor:close_all_positions:598 | 已平仓所有头寸，原因: 临近收盘强制平仓
2025-06-04 15:49:21 | INFO     | src.utils.notifications:send_message:63 | [GENERAL] 🕐 强制平仓执行
时间: 18:49:21.130795
原因: 临近收盘
平仓头寸数: 1
2025-06-04 15:50:12 | INFO     | src.bot.trading_bot:_check_force_close:229 | 临近收盘，执行强制平仓
2025-06-04 15:50:12 | ERROR    | src.trading.executor:_close_position:576 | 平仓失败: {"code":42210000,"message":"options market orders are only allowed during market hours"}
2025-06-04 15:50:12 | INFO     | src.trading.executor:close_all_positions:598 | 已平仓所有头寸，原因: 临近收盘强制平仓
2025-06-04 15:50:12 | INFO     | src.utils.notifications:send_message:63 | [GENERAL] 🕐 强制平仓执行
时间: 18:50:12.611827
原因: 临近收盘
平仓头寸数: 1
2025-06-04 15:50:21 | INFO     | src.bot.trading_bot:_check_force_close:229 | 临近收盘，执行强制平仓
2025-06-04 15:50:21 | ERROR    | src.trading.executor:_close_position:576 | 平仓失败: {"code":42210000,"message":"options market orders are only allowed during market hours"}
2025-06-04 15:50:21 | INFO     | src.trading.executor:close_all_positions:598 | 已平仓所有头寸，原因: 临近收盘强制平仓
2025-06-04 15:50:21 | INFO     | src.utils.notifications:send_message:63 | [GENERAL] 🕐 强制平仓执行
时间: 18:50:21.735802
原因: 临近收盘
平仓头寸数: 1
2025-06-04 15:51:13 | INFO     | src.bot.trading_bot:_check_force_close:229 | 临近收盘，执行强制平仓
2025-06-04 15:51:13 | ERROR    | src.trading.executor:_close_position:576 | 平仓失败: {"code":42210000,"message":"options market orders are only allowed during market hours"}
2025-06-04 15:51:13 | INFO     | src.trading.executor:close_all_positions:598 | 已平仓所有头寸，原因: 临近收盘强制平仓
2025-06-04 15:51:13 | INFO     | src.utils.notifications:send_message:63 | [GENERAL] 🕐 强制平仓执行
时间: 18:51:13.353200
原因: 临近收盘
平仓头寸数: 1
2025-06-04 15:51:22 | INFO     | src.bot.trading_bot:_check_force_close:229 | 临近收盘，执行强制平仓
2025-06-04 15:51:22 | ERROR    | src.trading.executor:_close_position:576 | 平仓失败: {"code":42210000,"message":"options market orders are only allowed during market hours"}
2025-06-04 15:51:22 | INFO     | src.trading.executor:close_all_positions:598 | 已平仓所有头寸，原因: 临近收盘强制平仓
2025-06-04 15:51:22 | INFO     | src.utils.notifications:send_message:63 | [GENERAL] 🕐 强制平仓执行
时间: 18:51:22.403480
原因: 临近收盘
平仓头寸数: 1
2025-06-04 15:52:13 | INFO     | src.bot.trading_bot:_check_force_close:229 | 临近收盘，执行强制平仓
2025-06-04 15:52:14 | ERROR    | src.trading.executor:_close_position:576 | 平仓失败: {"code":42210000,"message":"options market orders are only allowed during market hours"}
2025-06-04 15:52:14 | INFO     | src.trading.executor:close_all_positions:598 | 已平仓所有头寸，原因: 临近收盘强制平仓
2025-06-04 15:52:14 | INFO     | src.utils.notifications:send_message:63 | [GENERAL] 🕐 强制平仓执行
时间: 18:52:13.977371
原因: 临近收盘
平仓头寸数: 1
2025-06-04 15:52:23 | INFO     | src.bot.trading_bot:_check_force_close:229 | 临近收盘，执行强制平仓
2025-06-04 15:52:23 | ERROR    | src.trading.executor:_close_position:576 | 平仓失败: {"code":42210000,"message":"options market orders are only allowed during market hours"}
2025-06-04 15:52:23 | INFO     | src.trading.executor:close_all_positions:598 | 已平仓所有头寸，原因: 临近收盘强制平仓
2025-06-04 15:52:23 | INFO     | src.utils.notifications:send_message:63 | [GENERAL] 🕐 强制平仓执行
时间: 18:52:23.070276
原因: 临近收盘
平仓头寸数: 1
2025-06-04 15:53:14 | INFO     | src.bot.trading_bot:_check_force_close:229 | 临近收盘，执行强制平仓
2025-06-04 15:53:14 | ERROR    | src.trading.executor:_close_position:576 | 平仓失败: {"code":42210000,"message":"options market orders are only allowed during market hours"}
2025-06-04 15:53:14 | INFO     | src.trading.executor:close_all_positions:598 | 已平仓所有头寸，原因: 临近收盘强制平仓
2025-06-04 15:53:14 | INFO     | src.utils.notifications:send_message:63 | [GENERAL] 🕐 强制平仓执行
时间: 18:53:14.720699
原因: 临近收盘
平仓头寸数: 1
2025-06-04 15:53:23 | INFO     | src.bot.trading_bot:_check_force_close:229 | 临近收盘，执行强制平仓
2025-06-04 15:53:23 | ERROR    | src.trading.executor:_close_position:576 | 平仓失败: {"code":42210000,"message":"options market orders are only allowed during market hours"}
2025-06-04 15:53:23 | INFO     | src.trading.executor:close_all_positions:598 | 已平仓所有头寸，原因: 临近收盘强制平仓
2025-06-04 15:53:23 | INFO     | src.utils.notifications:send_message:63 | [GENERAL] 🕐 强制平仓执行
时间: 18:53:23.670820
原因: 临近收盘
平仓头寸数: 1
2025-06-04 15:54:15 | INFO     | src.bot.trading_bot:_check_force_close:229 | 临近收盘，执行强制平仓
2025-06-04 15:54:15 | ERROR    | src.trading.executor:_close_position:576 | 平仓失败: {"code":42210000,"message":"options market orders are only allowed during market hours"}
2025-06-04 15:54:15 | INFO     | src.trading.executor:close_all_positions:598 | 已平仓所有头寸，原因: 临近收盘强制平仓
2025-06-04 15:54:15 | INFO     | src.utils.notifications:send_message:63 | [GENERAL] 🕐 强制平仓执行
时间: 18:54:15.419265
原因: 临近收盘
平仓头寸数: 1
2025-06-04 15:54:24 | INFO     | src.bot.trading_bot:_check_force_close:229 | 临近收盘，执行强制平仓
2025-06-04 15:54:24 | ERROR    | src.trading.executor:_close_position:576 | 平仓失败: {"code":42210000,"message":"options market orders are only allowed during market hours"}
2025-06-04 15:54:24 | INFO     | src.trading.executor:close_all_positions:598 | 已平仓所有头寸，原因: 临近收盘强制平仓
2025-06-04 15:54:24 | INFO     | src.utils.notifications:send_message:63 | [GENERAL] 🕐 强制平仓执行
时间: 18:54:24.315136
原因: 临近收盘
平仓头寸数: 1
2025-06-04 15:55:16 | INFO     | src.bot.trading_bot:_check_force_close:229 | 临近收盘，执行强制平仓
2025-06-04 15:55:16 | ERROR    | src.trading.executor:_close_position:576 | 平仓失败: {"code":42210000,"message":"options market orders are only allowed during market hours"}
2025-06-04 15:55:16 | INFO     | src.trading.executor:close_all_positions:598 | 已平仓所有头寸，原因: 临近收盘强制平仓
2025-06-04 15:55:16 | INFO     | src.utils.notifications:send_message:63 | [GENERAL] 🕐 强制平仓执行
时间: 18:55:16.079194
原因: 临近收盘
平仓头寸数: 1
2025-06-04 15:55:24 | INFO     | src.bot.trading_bot:_check_force_close:229 | 临近收盘，执行强制平仓
2025-06-04 15:55:25 | ERROR    | src.trading.executor:_close_position:576 | 平仓失败: {"code":42210000,"message":"options market orders are only allowed during market hours"}
2025-06-04 15:55:25 | INFO     | src.trading.executor:close_all_positions:598 | 已平仓所有头寸，原因: 临近收盘强制平仓
2025-06-04 15:55:25 | INFO     | src.utils.notifications:send_message:63 | [GENERAL] 🕐 强制平仓执行
时间: 18:55:24.971525
原因: 临近收盘
平仓头寸数: 1
2025-06-04 15:56:16 | INFO     | src.bot.trading_bot:_check_force_close:229 | 临近收盘，执行强制平仓
2025-06-04 15:56:16 | ERROR    | src.trading.executor:_close_position:576 | 平仓失败: {"code":42210000,"message":"options market orders are only allowed during market hours"}
2025-06-04 15:56:16 | INFO     | src.trading.executor:close_all_positions:598 | 已平仓所有头寸，原因: 临近收盘强制平仓
2025-06-04 15:56:16 | INFO     | src.utils.notifications:send_message:63 | [GENERAL] 🕐 强制平仓执行
时间: 18:56:16.667620
原因: 临近收盘
平仓头寸数: 1
2025-06-04 15:56:25 | INFO     | src.bot.trading_bot:_check_force_close:229 | 临近收盘，执行强制平仓
2025-06-04 15:56:25 | ERROR    | src.trading.executor:_close_position:576 | 平仓失败: {"code":42210000,"message":"options market orders are only allowed during market hours"}
2025-06-04 15:56:25 | INFO     | src.trading.executor:close_all_positions:598 | 已平仓所有头寸，原因: 临近收盘强制平仓
2025-06-04 15:56:25 | INFO     | src.utils.notifications:send_message:63 | [GENERAL] 🕐 强制平仓执行
时间: 18:56:25.549836
原因: 临近收盘
平仓头寸数: 1
2025-06-04 15:57:17 | INFO     | src.bot.trading_bot:_check_force_close:229 | 临近收盘，执行强制平仓
2025-06-04 15:57:17 | ERROR    | src.trading.executor:_close_position:576 | 平仓失败: {"code":42210000,"message":"options market orders are only allowed during market hours"}
2025-06-04 15:57:17 | INFO     | src.trading.executor:close_all_positions:598 | 已平仓所有头寸，原因: 临近收盘强制平仓
2025-06-04 15:57:17 | INFO     | src.utils.notifications:send_message:63 | [GENERAL] 🕐 强制平仓执行
时间: 18:57:17.343726
原因: 临近收盘
平仓头寸数: 1
2025-06-04 15:57:26 | INFO     | src.bot.trading_bot:_check_force_close:229 | 临近收盘，执行强制平仓
2025-06-04 15:57:26 | ERROR    | src.trading.executor:_close_position:576 | 平仓失败: {"code":42210000,"message":"options market orders are only allowed during market hours"}
2025-06-04 15:57:26 | INFO     | src.trading.executor:close_all_positions:598 | 已平仓所有头寸，原因: 临近收盘强制平仓
2025-06-04 15:57:26 | INFO     | src.utils.notifications:send_message:63 | [GENERAL] 🕐 强制平仓执行
时间: 18:57:26.233837
原因: 临近收盘
平仓头寸数: 1
2025-06-04 15:58:17 | INFO     | src.bot.trading_bot:_check_force_close:229 | 临近收盘，执行强制平仓
2025-06-04 15:58:18 | ERROR    | src.trading.executor:_close_position:576 | 平仓失败: {"code":42210000,"message":"options market orders are only allowed during market hours"}
2025-06-04 15:58:18 | INFO     | src.trading.executor:close_all_positions:598 | 已平仓所有头寸，原因: 临近收盘强制平仓
2025-06-04 15:58:18 | INFO     | src.utils.notifications:send_message:63 | [GENERAL] 🕐 强制平仓执行
时间: 18:58:17.955957
原因: 临近收盘
平仓头寸数: 1
2025-06-04 15:58:26 | INFO     | src.bot.trading_bot:_check_force_close:229 | 临近收盘，执行强制平仓
2025-06-04 15:58:26 | ERROR    | src.trading.executor:_close_position:576 | 平仓失败: {"code":42210000,"message":"options market orders are only allowed during market hours"}
2025-06-04 15:58:26 | INFO     | src.trading.executor:close_all_positions:598 | 已平仓所有头寸，原因: 临近收盘强制平仓
2025-06-04 15:58:26 | INFO     | src.utils.notifications:send_message:63 | [GENERAL] 🕐 强制平仓执行
时间: 18:58:26.833302
原因: 临近收盘
平仓头寸数: 1
2025-06-04 15:59:18 | INFO     | src.bot.trading_bot:_check_force_close:229 | 临近收盘，执行强制平仓
2025-06-04 15:59:18 | ERROR    | src.trading.executor:_close_position:576 | 平仓失败: {"code":42210000,"message":"options market orders are only allowed during market hours"}
2025-06-04 15:59:18 | INFO     | src.trading.executor:close_all_positions:598 | 已平仓所有头寸，原因: 临近收盘强制平仓
2025-06-04 15:59:18 | INFO     | src.utils.notifications:send_message:63 | [GENERAL] 🕐 强制平仓执行
时间: 18:59:18.550713
原因: 临近收盘
平仓头寸数: 1
2025-06-04 15:59:27 | INFO     | src.bot.trading_bot:_check_force_close:229 | 临近收盘，执行强制平仓
2025-06-04 15:59:27 | ERROR    | src.trading.executor:_close_position:576 | 平仓失败: {"code":42210000,"message":"options market orders are only allowed during market hours"}
2025-06-04 15:59:27 | INFO     | src.trading.executor:close_all_positions:598 | 已平仓所有头寸，原因: 临近收盘强制平仓
2025-06-04 15:59:27 | INFO     | src.utils.notifications:send_message:63 | [GENERAL] 🕐 强制平仓执行
时间: 18:59:27.422961
原因: 临近收盘
平仓头寸数: 1
2025-06-04 16:00:19 | INFO     | src.bot.trading_bot:_check_force_close:229 | 临近收盘，执行强制平仓
2025-06-04 16:00:19 | ERROR    | src.trading.executor:_close_position:576 | 平仓失败: {"code":42210000,"message":"options market orders are only allowed during market hours"}
2025-06-04 16:00:19 | INFO     | src.trading.executor:close_all_positions:598 | 已平仓所有头寸，原因: 临近收盘强制平仓
2025-06-04 16:00:19 | INFO     | src.utils.notifications:send_message:63 | [GENERAL] 🕐 强制平仓执行
时间: 19:00:19.206646
原因: 临近收盘
平仓头寸数: 1
2025-06-04 16:00:28 | INFO     | src.bot.trading_bot:_check_force_close:229 | 临近收盘，执行强制平仓
2025-06-04 16:00:28 | ERROR    | src.trading.executor:_close_position:576 | 平仓失败: {"code":42210000,"message":"options market orders are only allowed during market hours"}
2025-06-04 16:00:28 | INFO     | src.trading.executor:close_all_positions:598 | 已平仓所有头寸，原因: 临近收盘强制平仓
2025-06-04 16:00:28 | INFO     | src.utils.notifications:send_message:63 | [GENERAL] 🕐 强制平仓执行
时间: 19:00:28.040649
原因: 临近收盘
平仓头寸数: 1
2025-06-04 16:01:19 | INFO     | src.bot.trading_bot:_check_force_close:229 | 临近收盘，执行强制平仓
2025-06-04 16:01:19 | ERROR    | src.trading.executor:_close_position:576 | 平仓失败: {"code":42210000,"message":"options market orders are only allowed during market hours"}
2025-06-04 16:01:19 | INFO     | src.trading.executor:close_all_positions:598 | 已平仓所有头寸，原因: 临近收盘强制平仓
2025-06-04 16:01:19 | INFO     | src.utils.notifications:send_message:63 | [GENERAL] 🕐 强制平仓执行
时间: 19:01:19.801966
原因: 临近收盘
平仓头寸数: 1
2025-06-04 16:01:28 | INFO     | src.bot.trading_bot:_check_force_close:229 | 临近收盘，执行强制平仓
2025-06-04 16:01:28 | ERROR    | src.trading.executor:_close_position:576 | 平仓失败: {"code":42210000,"message":"options market orders are only allowed during market hours"}
2025-06-04 16:01:28 | INFO     | src.trading.executor:close_all_positions:598 | 已平仓所有头寸，原因: 临近收盘强制平仓
2025-06-04 16:01:28 | INFO     | src.utils.notifications:send_message:63 | [GENERAL] 🕐 强制平仓执行
时间: 19:01:28.639416
原因: 临近收盘
平仓头寸数: 1
2025-06-04 16:02:20 | INFO     | src.bot.trading_bot:_check_force_close:229 | 临近收盘，执行强制平仓
2025-06-04 16:02:20 | ERROR    | src.trading.executor:_close_position:576 | 平仓失败: {"code":42210000,"message":"options market orders are only allowed during market hours"}
2025-06-04 16:02:20 | INFO     | src.trading.executor:close_all_positions:598 | 已平仓所有头寸，原因: 临近收盘强制平仓
2025-06-04 16:02:20 | INFO     | src.utils.notifications:send_message:63 | [GENERAL] 🕐 强制平仓执行
时间: 19:02:20.434344
原因: 临近收盘
平仓头寸数: 1
2025-06-04 16:02:29 | INFO     | src.bot.trading_bot:_check_force_close:229 | 临近收盘，执行强制平仓
2025-06-04 16:02:29 | ERROR    | src.trading.executor:_close_position:576 | 平仓失败: {"code":42210000,"message":"options market orders are only allowed during market hours"}
2025-06-04 16:02:29 | INFO     | src.trading.executor:close_all_positions:598 | 已平仓所有头寸，原因: 临近收盘强制平仓
2025-06-04 16:02:29 | INFO     | src.utils.notifications:send_message:63 | [GENERAL] 🕐 强制平仓执行
时间: 19:02:29.239992
原因: 临近收盘
平仓头寸数: 1
2025-06-04 16:03:21 | INFO     | src.bot.trading_bot:_check_force_close:229 | 临近收盘，执行强制平仓
2025-06-04 16:03:21 | ERROR    | src.trading.executor:_close_position:576 | 平仓失败: {"code":42210000,"message":"options market orders are only allowed during market hours"}
2025-06-04 16:03:21 | INFO     | src.trading.executor:close_all_positions:598 | 已平仓所有头寸，原因: 临近收盘强制平仓
2025-06-04 16:03:21 | INFO     | src.utils.notifications:send_message:63 | [GENERAL] 🕐 强制平仓执行
时间: 19:03:21.032838
原因: 临近收盘
平仓头寸数: 1
2025-06-04 16:03:29 | INFO     | src.bot.trading_bot:_check_force_close:229 | 临近收盘，执行强制平仓
2025-06-04 16:03:29 | ERROR    | src.trading.executor:_close_position:576 | 平仓失败: {"code":42210000,"message":"options market orders are only allowed during market hours"}
2025-06-04 16:03:29 | INFO     | src.trading.executor:close_all_positions:598 | 已平仓所有头寸，原因: 临近收盘强制平仓
2025-06-04 16:03:29 | INFO     | src.utils.notifications:send_message:63 | [GENERAL] 🕐 强制平仓执行
时间: 19:03:29.849176
原因: 临近收盘
平仓头寸数: 1
2025-06-04 16:04:21 | INFO     | src.bot.trading_bot:_check_force_close:229 | 临近收盘，执行强制平仓
2025-06-04 16:04:21 | ERROR    | src.trading.executor:_close_position:576 | 平仓失败: {"code":42210000,"message":"options market orders are only allowed during market hours"}
2025-06-04 16:04:21 | INFO     | src.trading.executor:close_all_positions:598 | 已平仓所有头寸，原因: 临近收盘强制平仓
2025-06-04 16:04:21 | INFO     | src.utils.notifications:send_message:63 | [GENERAL] 🕐 强制平仓执行
时间: 19:04:21.668179
原因: 临近收盘
平仓头寸数: 1
2025-06-04 16:04:30 | INFO     | src.bot.trading_bot:_check_force_close:229 | 临近收盘，执行强制平仓
2025-06-04 16:04:30 | ERROR    | src.trading.executor:_close_position:576 | 平仓失败: {"code":42210000,"message":"options market orders are only allowed during market hours"}
2025-06-04 16:04:30 | INFO     | src.trading.executor:close_all_positions:598 | 已平仓所有头寸，原因: 临近收盘强制平仓
2025-06-04 16:04:30 | INFO     | src.utils.notifications:send_message:63 | [GENERAL] 🕐 强制平仓执行
时间: 19:04:30.492069
原因: 临近收盘
平仓头寸数: 1
2025-06-04 16:05:22 | INFO     | src.bot.trading_bot:_check_force_close:229 | 临近收盘，执行强制平仓
2025-06-04 16:05:22 | ERROR    | src.trading.executor:_close_position:576 | 平仓失败: {"code":42210000,"message":"options market orders are only allowed during market hours"}
2025-06-04 16:05:22 | INFO     | src.trading.executor:close_all_positions:598 | 已平仓所有头寸，原因: 临近收盘强制平仓
2025-06-04 16:05:22 | INFO     | src.utils.notifications:send_message:63 | [GENERAL] 🕐 强制平仓执行
时间: 19:05:22.354279
原因: 临近收盘
平仓头寸数: 1
2025-06-04 16:05:31 | INFO     | src.bot.trading_bot:_check_force_close:229 | 临近收盘，执行强制平仓
2025-06-04 16:05:31 | ERROR    | src.trading.executor:_close_position:576 | 平仓失败: {"code":42210000,"message":"options market orders are only allowed during market hours"}
2025-06-04 16:05:31 | INFO     | src.trading.executor:close_all_positions:598 | 已平仓所有头寸，原因: 临近收盘强制平仓
2025-06-04 16:05:31 | INFO     | src.utils.notifications:send_message:63 | [GENERAL] 🕐 强制平仓执行
时间: 19:05:31.135251
原因: 临近收盘
平仓头寸数: 1
2025-06-04 16:06:22 | INFO     | src.bot.trading_bot:_check_force_close:229 | 临近收盘，执行强制平仓
2025-06-04 16:06:23 | ERROR    | src.trading.executor:_close_position:576 | 平仓失败: {"code":42210000,"message":"options market orders are only allowed during market hours"}
2025-06-04 16:06:23 | INFO     | src.trading.executor:close_all_positions:598 | 已平仓所有头寸，原因: 临近收盘强制平仓
2025-06-04 16:06:23 | INFO     | src.utils.notifications:send_message:63 | [GENERAL] 🕐 强制平仓执行
时间: 19:06:22.967523
原因: 临近收盘
平仓头寸数: 1
2025-06-04 16:06:31 | INFO     | src.bot.trading_bot:_check_force_close:229 | 临近收盘，执行强制平仓
2025-06-04 16:06:31 | ERROR    | src.trading.executor:_close_position:576 | 平仓失败: {"code":42210000,"message":"options market orders are only allowed during market hours"}
2025-06-04 16:06:31 | INFO     | src.trading.executor:close_all_positions:598 | 已平仓所有头寸，原因: 临近收盘强制平仓
2025-06-04 16:06:31 | INFO     | src.utils.notifications:send_message:63 | [GENERAL] 🕐 强制平仓执行
时间: 19:06:31.746892
原因: 临近收盘
平仓头寸数: 1
2025-06-04 16:07:23 | INFO     | src.bot.trading_bot:_check_force_close:229 | 临近收盘，执行强制平仓
2025-06-04 16:07:23 | ERROR    | src.trading.executor:_close_position:576 | 平仓失败: {"code":42210000,"message":"options market orders are only allowed during market hours"}
2025-06-04 16:07:23 | INFO     | src.trading.executor:close_all_positions:598 | 已平仓所有头寸，原因: 临近收盘强制平仓
2025-06-04 16:07:23 | INFO     | src.utils.notifications:send_message:63 | [GENERAL] 🕐 强制平仓执行
时间: 19:07:23.547497
原因: 临近收盘
平仓头寸数: 1
2025-06-04 16:07:32 | INFO     | src.bot.trading_bot:_check_force_close:229 | 临近收盘，执行强制平仓
2025-06-04 16:07:32 | ERROR    | src.trading.executor:_close_position:576 | 平仓失败: {"code":42210000,"message":"options market orders are only allowed during market hours"}
2025-06-04 16:07:32 | INFO     | src.trading.executor:close_all_positions:598 | 已平仓所有头寸，原因: 临近收盘强制平仓
2025-06-04 16:07:32 | INFO     | src.utils.notifications:send_message:63 | [GENERAL] 🕐 强制平仓执行
时间: 19:07:32.402312
原因: 临近收盘
平仓头寸数: 1
2025-06-04 16:08:24 | INFO     | src.bot.trading_bot:_check_force_close:229 | 临近收盘，执行强制平仓
2025-06-04 16:08:24 | ERROR    | src.trading.executor:_close_position:576 | 平仓失败: {"code":42210000,"message":"options market orders are only allowed during market hours"}
2025-06-04 16:08:24 | INFO     | src.trading.executor:close_all_positions:598 | 已平仓所有头寸，原因: 临近收盘强制平仓
2025-06-04 16:08:24 | INFO     | src.utils.notifications:send_message:63 | [GENERAL] 🕐 强制平仓执行
时间: 19:08:24.146461
原因: 临近收盘
平仓头寸数: 1
2025-06-04 16:08:33 | INFO     | src.bot.trading_bot:_check_force_close:229 | 临近收盘，执行强制平仓
2025-06-04 16:08:33 | ERROR    | src.trading.executor:_close_position:576 | 平仓失败: {"code":42210000,"message":"options market orders are only allowed during market hours"}
2025-06-04 16:08:33 | INFO     | src.trading.executor:close_all_positions:598 | 已平仓所有头寸，原因: 临近收盘强制平仓
2025-06-04 16:08:33 | INFO     | src.utils.notifications:send_message:63 | [GENERAL] 🕐 强制平仓执行
时间: 19:08:33.080716
原因: 临近收盘
平仓头寸数: 1
2025-06-04 16:09:24 | INFO     | src.bot.trading_bot:_check_force_close:229 | 临近收盘，执行强制平仓
2025-06-04 16:09:24 | ERROR    | src.trading.executor:_close_position:576 | 平仓失败: {"code":42210000,"message":"options market orders are only allowed during market hours"}
2025-06-04 16:09:24 | INFO     | src.trading.executor:close_all_positions:598 | 已平仓所有头寸，原因: 临近收盘强制平仓
2025-06-04 16:09:24 | INFO     | src.utils.notifications:send_message:63 | [GENERAL] 🕐 强制平仓执行
时间: 19:09:24.761014
原因: 临近收盘
平仓头寸数: 1
2025-06-04 16:09:33 | INFO     | src.bot.trading_bot:_check_force_close:229 | 临近收盘，执行强制平仓
2025-06-04 16:09:33 | ERROR    | src.trading.executor:_close_position:576 | 平仓失败: {"code":42210000,"message":"options market orders are only allowed during market hours"}
2025-06-04 16:09:33 | INFO     | src.trading.executor:close_all_positions:598 | 已平仓所有头寸，原因: 临近收盘强制平仓
2025-06-04 16:09:33 | INFO     | src.utils.notifications:send_message:63 | [GENERAL] 🕐 强制平仓执行
时间: 19:09:33.747709
原因: 临近收盘
平仓头寸数: 1
2025-06-04 16:10:25 | INFO     | src.bot.trading_bot:_check_force_close:229 | 临近收盘，执行强制平仓
2025-06-04 16:10:25 | ERROR    | src.trading.executor:_close_position:576 | 平仓失败: {"code":42210000,"message":"options market orders are only allowed during market hours"}
2025-06-04 16:10:25 | INFO     | src.trading.executor:close_all_positions:598 | 已平仓所有头寸，原因: 临近收盘强制平仓
2025-06-04 16:10:25 | INFO     | src.utils.notifications:send_message:63 | [GENERAL] 🕐 强制平仓执行
时间: 19:10:25.370168
原因: 临近收盘
平仓头寸数: 1
2025-06-04 16:10:34 | INFO     | src.bot.trading_bot:_check_force_close:229 | 临近收盘，执行强制平仓
2025-06-04 16:10:34 | ERROR    | src.trading.executor:_close_position:576 | 平仓失败: {"code":42210000,"message":"options market orders are only allowed during market hours"}
2025-06-04 16:10:34 | INFO     | src.trading.executor:close_all_positions:598 | 已平仓所有头寸，原因: 临近收盘强制平仓
2025-06-04 16:10:34 | INFO     | src.utils.notifications:send_message:63 | [GENERAL] 🕐 强制平仓执行
时间: 19:10:34.360494
原因: 临近收盘
平仓头寸数: 1
2025-06-04 16:11:26 | INFO     | src.bot.trading_bot:_check_force_close:229 | 临近收盘，执行强制平仓
2025-06-04 16:11:26 | ERROR    | src.trading.executor:_close_position:576 | 平仓失败: {"code":42210000,"message":"options market orders are only allowed during market hours"}
2025-06-04 16:11:26 | INFO     | src.trading.executor:close_all_positions:598 | 已平仓所有头寸，原因: 临近收盘强制平仓
2025-06-04 16:11:26 | INFO     | src.utils.notifications:send_message:63 | [GENERAL] 🕐 强制平仓执行
时间: 19:11:26.009382
原因: 临近收盘
平仓头寸数: 1
2025-06-04 16:11:34 | INFO     | src.bot.trading_bot:_check_force_close:229 | 临近收盘，执行强制平仓
2025-06-04 16:11:35 | ERROR    | src.trading.executor:_close_position:576 | 平仓失败: {"code":42210000,"message":"options market orders are only allowed during market hours"}
2025-06-04 16:11:35 | INFO     | src.trading.executor:close_all_positions:598 | 已平仓所有头寸，原因: 临近收盘强制平仓
2025-06-04 16:11:35 | INFO     | src.utils.notifications:send_message:63 | [GENERAL] 🕐 强制平仓执行
时间: 19:11:34.976488
原因: 临近收盘
平仓头寸数: 1
2025-06-04 16:12:26 | INFO     | src.bot.trading_bot:_check_force_close:229 | 临近收盘，执行强制平仓
2025-06-04 16:12:26 | ERROR    | src.trading.executor:_close_position:576 | 平仓失败: {"code":42210000,"message":"options market orders are only allowed during market hours"}
2025-06-04 16:12:26 | INFO     | src.trading.executor:close_all_positions:598 | 已平仓所有头寸，原因: 临近收盘强制平仓
2025-06-04 16:12:26 | INFO     | src.utils.notifications:send_message:63 | [GENERAL] 🕐 强制平仓执行
时间: 19:12:26.620285
原因: 临近收盘
平仓头寸数: 1
2025-06-04 16:12:35 | INFO     | src.bot.trading_bot:_check_force_close:229 | 临近收盘，执行强制平仓
2025-06-04 16:12:35 | ERROR    | src.trading.executor:_close_position:576 | 平仓失败: {"code":42210000,"message":"options market orders are only allowed during market hours"}
2025-06-04 16:12:35 | INFO     | src.trading.executor:close_all_positions:598 | 已平仓所有头寸，原因: 临近收盘强制平仓
2025-06-04 16:12:35 | INFO     | src.utils.notifications:send_message:63 | [GENERAL] 🕐 强制平仓执行
时间: 19:12:35.603481
原因: 临近收盘
平仓头寸数: 1
2025-06-04 16:13:27 | INFO     | src.bot.trading_bot:_check_force_close:229 | 临近收盘，执行强制平仓
2025-06-04 16:13:27 | ERROR    | src.trading.executor:_close_position:576 | 平仓失败: {"code":42210000,"message":"options market orders are only allowed during market hours"}
2025-06-04 16:13:27 | INFO     | src.trading.executor:close_all_positions:598 | 已平仓所有头寸，原因: 临近收盘强制平仓
2025-06-04 16:13:27 | INFO     | src.utils.notifications:send_message:63 | [GENERAL] 🕐 强制平仓执行
时间: 19:13:27.258218
原因: 临近收盘
平仓头寸数: 1
2025-06-04 16:13:36 | INFO     | src.bot.trading_bot:_check_force_close:229 | 临近收盘，执行强制平仓
2025-06-04 16:13:36 | ERROR    | src.trading.executor:_close_position:576 | 平仓失败: {"code":42210000,"message":"options market orders are only allowed during market hours"}
2025-06-04 16:13:36 | INFO     | src.trading.executor:close_all_positions:598 | 已平仓所有头寸，原因: 临近收盘强制平仓
2025-06-04 16:13:36 | INFO     | src.utils.notifications:send_message:63 | [GENERAL] 🕐 强制平仓执行
时间: 19:13:36.198735
原因: 临近收盘
平仓头寸数: 1
2025-06-04 16:14:28 | INFO     | src.bot.trading_bot:_check_force_close:229 | 临近收盘，执行强制平仓
2025-06-04 16:14:28 | ERROR    | src.trading.executor:_close_position:576 | 平仓失败: {"code":42210000,"message":"options market orders are only allowed during market hours"}
2025-06-04 16:14:28 | INFO     | src.trading.executor:close_all_positions:598 | 已平仓所有头寸，原因: 临近收盘强制平仓
2025-06-04 16:14:28 | INFO     | src.utils.notifications:send_message:63 | [GENERAL] 🕐 强制平仓执行
时间: 19:14:28.177420
原因: 临近收盘
平仓头寸数: 1
2025-06-04 16:14:36 | INFO     | src.bot.trading_bot:_check_force_close:229 | 临近收盘，执行强制平仓
2025-06-04 16:14:36 | ERROR    | src.trading.executor:_close_position:576 | 平仓失败: {"code":42210000,"message":"options market orders are only allowed during market hours"}
2025-06-04 16:14:36 | INFO     | src.trading.executor:close_all_positions:598 | 已平仓所有头寸，原因: 临近收盘强制平仓
2025-06-04 16:14:36 | INFO     | src.utils.notifications:send_message:63 | [GENERAL] 🕐 强制平仓执行
时间: 19:14:36.806624
原因: 临近收盘
平仓头寸数: 1
2025-06-04 16:15:28 | INFO     | src.bot.trading_bot:_check_force_close:229 | 临近收盘，执行强制平仓
2025-06-04 16:15:28 | ERROR    | src.trading.executor:_close_position:576 | 平仓失败: {"code":42210000,"message":"options market orders are only allowed during market hours"}
2025-06-04 16:15:28 | INFO     | src.trading.executor:close_all_positions:598 | 已平仓所有头寸，原因: 临近收盘强制平仓
2025-06-04 16:15:28 | INFO     | src.utils.notifications:send_message:63 | [GENERAL] 🕐 强制平仓执行
时间: 19:15:28.804675
原因: 临近收盘
平仓头寸数: 1
2025-06-04 16:15:37 | INFO     | src.bot.trading_bot:_check_force_close:229 | 临近收盘，执行强制平仓
2025-06-04 16:15:37 | ERROR    | src.trading.executor:_close_position:576 | 平仓失败: {"code":42210000,"message":"options market orders are only allowed during market hours"}
2025-06-04 16:15:37 | INFO     | src.trading.executor:close_all_positions:598 | 已平仓所有头寸，原因: 临近收盘强制平仓
2025-06-04 16:15:37 | INFO     | src.utils.notifications:send_message:63 | [GENERAL] 🕐 强制平仓执行
时间: 19:15:37.413812
原因: 临近收盘
平仓头寸数: 1
2025-06-04 16:16:29 | INFO     | src.bot.trading_bot:_check_force_close:229 | 临近收盘，执行强制平仓
2025-06-04 16:16:29 | ERROR    | src.trading.executor:_close_position:576 | 平仓失败: {"code":42210000,"message":"options market orders are only allowed during market hours"}
2025-06-04 16:16:29 | INFO     | src.trading.executor:close_all_positions:598 | 已平仓所有头寸，原因: 临近收盘强制平仓
2025-06-04 16:16:29 | INFO     | src.utils.notifications:send_message:63 | [GENERAL] 🕐 强制平仓执行
时间: 19:16:29.432752
原因: 临近收盘
平仓头寸数: 1
2025-06-04 16:16:38 | INFO     | src.bot.trading_bot:_check_force_close:229 | 临近收盘，执行强制平仓
2025-06-04 16:16:38 | ERROR    | src.trading.executor:_close_position:576 | 平仓失败: {"code":42210000,"message":"options market orders are only allowed during market hours"}
2025-06-04 16:16:38 | INFO     | src.trading.executor:close_all_positions:598 | 已平仓所有头寸，原因: 临近收盘强制平仓
2025-06-04 16:16:38 | INFO     | src.utils.notifications:send_message:63 | [GENERAL] 🕐 强制平仓执行
时间: 19:16:38.024419
原因: 临近收盘
平仓头寸数: 1
2025-06-04 16:17:30 | INFO     | src.bot.trading_bot:_check_force_close:229 | 临近收盘，执行强制平仓
2025-06-04 16:17:30 | ERROR    | src.trading.executor:_close_position:576 | 平仓失败: {"code":42210000,"message":"options market orders are only allowed during market hours"}
2025-06-04 16:17:30 | INFO     | src.trading.executor:close_all_positions:598 | 已平仓所有头寸，原因: 临近收盘强制平仓
2025-06-04 16:17:30 | INFO     | src.utils.notifications:send_message:63 | [GENERAL] 🕐 强制平仓执行
时间: 19:17:30.088416
原因: 临近收盘
平仓头寸数: 1
2025-06-04 16:17:38 | INFO     | src.bot.trading_bot:_check_force_close:229 | 临近收盘，执行强制平仓
2025-06-04 16:17:38 | ERROR    | src.trading.executor:_close_position:576 | 平仓失败: {"code":42210000,"message":"options market orders are only allowed during market hours"}
2025-06-04 16:17:38 | INFO     | src.trading.executor:close_all_positions:598 | 已平仓所有头寸，原因: 临近收盘强制平仓
2025-06-04 16:17:38 | INFO     | src.utils.notifications:send_message:63 | [GENERAL] 🕐 强制平仓执行
时间: 19:17:38.652710
原因: 临近收盘
平仓头寸数: 1
2025-06-04 16:18:30 | INFO     | src.bot.trading_bot:_check_force_close:229 | 临近收盘，执行强制平仓
2025-06-04 16:18:30 | ERROR    | src.trading.executor:_close_position:576 | 平仓失败: {"code":42210000,"message":"options market orders are only allowed during market hours"}
2025-06-04 16:18:30 | INFO     | src.trading.executor:close_all_positions:598 | 已平仓所有头寸，原因: 临近收盘强制平仓
2025-06-04 16:18:30 | INFO     | src.utils.notifications:send_message:63 | [GENERAL] 🕐 强制平仓执行
时间: 19:18:30.705383
原因: 临近收盘
平仓头寸数: 1
2025-06-04 16:18:39 | INFO     | src.bot.trading_bot:_check_force_close:229 | 临近收盘，执行强制平仓
2025-06-04 16:18:39 | ERROR    | src.trading.executor:_close_position:576 | 平仓失败: {"code":42210000,"message":"options market orders are only allowed during market hours"}
2025-06-04 16:18:39 | INFO     | src.trading.executor:close_all_positions:598 | 已平仓所有头寸，原因: 临近收盘强制平仓
2025-06-04 16:18:39 | INFO     | src.utils.notifications:send_message:63 | [GENERAL] 🕐 强制平仓执行
时间: 19:18:39.505331
原因: 临近收盘
平仓头寸数: 1
2025-06-04 16:19:31 | INFO     | src.bot.trading_bot:_check_force_close:229 | 临近收盘，执行强制平仓
2025-06-04 16:19:31 | ERROR    | src.trading.executor:_close_position:576 | 平仓失败: {"code":42210000,"message":"options market orders are only allowed during market hours"}
2025-06-04 16:19:31 | INFO     | src.trading.executor:close_all_positions:598 | 已平仓所有头寸，原因: 临近收盘强制平仓
2025-06-04 16:19:31 | INFO     | src.utils.notifications:send_message:63 | [GENERAL] 🕐 强制平仓执行
时间: 19:19:31.295447
原因: 临近收盘
平仓头寸数: 1
2025-06-04 16:19:40 | INFO     | src.bot.trading_bot:_check_force_close:229 | 临近收盘，执行强制平仓
2025-06-04 16:19:40 | ERROR    | src.trading.executor:_close_position:576 | 平仓失败: {"code":42210000,"message":"options market orders are only allowed during market hours"}
2025-06-04 16:19:40 | INFO     | src.trading.executor:close_all_positions:598 | 已平仓所有头寸，原因: 临近收盘强制平仓
2025-06-04 16:19:40 | INFO     | src.utils.notifications:send_message:63 | [GENERAL] 🕐 强制平仓执行
时间: 19:19:40.130486
原因: 临近收盘
平仓头寸数: 1
2025-06-04 16:20:31 | INFO     | src.bot.trading_bot:_check_force_close:229 | 临近收盘，执行强制平仓
2025-06-04 16:20:32 | ERROR    | src.trading.executor:_close_position:576 | 平仓失败: {"code":42210000,"message":"options market orders are only allowed during market hours"}
2025-06-04 16:20:32 | INFO     | src.trading.executor:close_all_positions:598 | 已平仓所有头寸，原因: 临近收盘强制平仓
2025-06-04 16:20:32 | INFO     | src.utils.notifications:send_message:63 | [GENERAL] 🕐 强制平仓执行
时间: 19:20:31.904859
原因: 临近收盘
平仓头寸数: 1
2025-06-04 16:20:40 | INFO     | src.bot.trading_bot:_check_force_close:229 | 临近收盘，执行强制平仓
2025-06-04 16:20:40 | ERROR    | src.trading.executor:_close_position:576 | 平仓失败: {"code":42210000,"message":"options market orders are only allowed during market hours"}
2025-06-04 16:20:40 | INFO     | src.trading.executor:close_all_positions:598 | 已平仓所有头寸，原因: 临近收盘强制平仓
2025-06-04 16:20:40 | INFO     | src.utils.notifications:send_message:63 | [GENERAL] 🕐 强制平仓执行
时间: 19:20:40.767576
原因: 临近收盘
平仓头寸数: 1
2025-06-04 16:21:32 | INFO     | src.bot.trading_bot:_check_force_close:229 | 临近收盘，执行强制平仓
2025-06-04 16:21:32 | ERROR    | src.trading.executor:_close_position:576 | 平仓失败: {"code":42210000,"message":"options market orders are only allowed during market hours"}
2025-06-04 16:21:32 | INFO     | src.trading.executor:close_all_positions:598 | 已平仓所有头寸，原因: 临近收盘强制平仓
2025-06-04 16:21:32 | INFO     | src.utils.notifications:send_message:63 | [GENERAL] 🕐 强制平仓执行
时间: 19:21:32.516907
原因: 临近收盘
平仓头寸数: 1
2025-06-04 16:21:41 | INFO     | src.bot.trading_bot:_check_force_close:229 | 临近收盘，执行强制平仓
2025-06-04 16:21:41 | ERROR    | src.trading.executor:_close_position:576 | 平仓失败: {"code":42210000,"message":"options market orders are only allowed during market hours"}
2025-06-04 16:21:41 | INFO     | src.trading.executor:close_all_positions:598 | 已平仓所有头寸，原因: 临近收盘强制平仓
2025-06-04 16:21:41 | INFO     | src.utils.notifications:send_message:63 | [GENERAL] 🕐 强制平仓执行
时间: 19:21:41.334303
原因: 临近收盘
平仓头寸数: 1
2025-06-04 16:22:33 | INFO     | src.bot.trading_bot:_check_force_close:229 | 临近收盘，执行强制平仓
2025-06-04 16:22:33 | ERROR    | src.trading.executor:_close_position:576 | 平仓失败: {"code":42210000,"message":"options market orders are only allowed during market hours"}
2025-06-04 16:22:33 | INFO     | src.trading.executor:close_all_positions:598 | 已平仓所有头寸，原因: 临近收盘强制平仓
2025-06-04 16:22:33 | INFO     | src.utils.notifications:send_message:63 | [GENERAL] 🕐 强制平仓执行
时间: 19:22:33.145848
原因: 临近收盘
平仓头寸数: 1
2025-06-04 16:22:41 | INFO     | src.bot.trading_bot:_check_force_close:229 | 临近收盘，执行强制平仓
2025-06-04 16:22:42 | ERROR    | src.trading.executor:_close_position:576 | 平仓失败: {"code":42210000,"message":"options market orders are only allowed during market hours"}
2025-06-04 16:22:42 | INFO     | src.trading.executor:close_all_positions:598 | 已平仓所有头寸，原因: 临近收盘强制平仓
2025-06-04 16:22:42 | INFO     | src.utils.notifications:send_message:63 | [GENERAL] 🕐 强制平仓执行
时间: 19:22:41.947909
原因: 临近收盘
平仓头寸数: 1
2025-06-04 16:23:33 | INFO     | src.bot.trading_bot:_check_force_close:229 | 临近收盘，执行强制平仓
2025-06-04 16:23:33 | ERROR    | src.trading.executor:_close_position:576 | 平仓失败: {"code":42210000,"message":"options market orders are only allowed during market hours"}
2025-06-04 16:23:33 | INFO     | src.trading.executor:close_all_positions:598 | 已平仓所有头寸，原因: 临近收盘强制平仓
2025-06-04 16:23:33 | INFO     | src.utils.notifications:send_message:63 | [GENERAL] 🕐 强制平仓执行
时间: 19:23:33.774313
原因: 临近收盘
平仓头寸数: 1
2025-06-04 16:23:42 | INFO     | src.bot.trading_bot:_check_force_close:229 | 临近收盘，执行强制平仓
2025-06-04 16:23:42 | ERROR    | src.trading.executor:_close_position:576 | 平仓失败: {"code":42210000,"message":"options market orders are only allowed during market hours"}
2025-06-04 16:23:42 | INFO     | src.trading.executor:close_all_positions:598 | 已平仓所有头寸，原因: 临近收盘强制平仓
2025-06-04 16:23:42 | INFO     | src.utils.notifications:send_message:63 | [GENERAL] 🕐 强制平仓执行
时间: 19:23:42.555031
原因: 临近收盘
平仓头寸数: 1
2025-06-04 16:24:34 | INFO     | src.bot.trading_bot:_check_force_close:229 | 临近收盘，执行强制平仓
2025-06-04 16:24:34 | ERROR    | src.trading.executor:_close_position:576 | 平仓失败: {"code":42210000,"message":"options market orders are only allowed during market hours"}
2025-06-04 16:24:34 | INFO     | src.trading.executor:close_all_positions:598 | 已平仓所有头寸，原因: 临近收盘强制平仓
2025-06-04 16:24:34 | INFO     | src.utils.notifications:send_message:63 | [GENERAL] 🕐 强制平仓执行
时间: 19:24:34.407371
原因: 临近收盘
平仓头寸数: 1
2025-06-04 16:24:43 | INFO     | src.bot.trading_bot:_check_force_close:229 | 临近收盘，执行强制平仓
2025-06-04 16:24:43 | ERROR    | src.trading.executor:_close_position:576 | 平仓失败: {"code":42210000,"message":"options market orders are only allowed during market hours"}
2025-06-04 16:24:43 | INFO     | src.trading.executor:close_all_positions:598 | 已平仓所有头寸，原因: 临近收盘强制平仓
2025-06-04 16:24:43 | INFO     | src.utils.notifications:send_message:63 | [GENERAL] 🕐 强制平仓执行
时间: 19:24:43.147085
原因: 临近收盘
平仓头寸数: 1
2025-06-04 16:25:35 | INFO     | src.bot.trading_bot:_check_force_close:229 | 临近收盘，执行强制平仓
2025-06-04 16:25:35 | ERROR    | src.trading.executor:_close_position:576 | 平仓失败: {"code":42210000,"message":"options market orders are only allowed during market hours"}
2025-06-04 16:25:35 | INFO     | src.trading.executor:close_all_positions:598 | 已平仓所有头寸，原因: 临近收盘强制平仓
2025-06-04 16:25:35 | INFO     | src.utils.notifications:send_message:63 | [GENERAL] 🕐 强制平仓执行
时间: 19:25:35.008787
原因: 临近收盘
平仓头寸数: 1
2025-06-04 16:25:43 | INFO     | src.bot.trading_bot:_check_force_close:229 | 临近收盘，执行强制平仓
2025-06-04 16:25:43 | ERROR    | src.trading.executor:_close_position:576 | 平仓失败: {"code":42210000,"message":"options market orders are only allowed during market hours"}
2025-06-04 16:25:43 | INFO     | src.trading.executor:close_all_positions:598 | 已平仓所有头寸，原因: 临近收盘强制平仓
2025-06-04 16:25:43 | INFO     | src.utils.notifications:send_message:63 | [GENERAL] 🕐 强制平仓执行
时间: 19:25:43.781142
原因: 临近收盘
平仓头寸数: 1
2025-06-04 16:26:35 | INFO     | src.bot.trading_bot:_check_force_close:229 | 临近收盘，执行强制平仓
2025-06-04 16:26:35 | ERROR    | src.trading.executor:_close_position:576 | 平仓失败: {"code":42210000,"message":"options market orders are only allowed during market hours"}
2025-06-04 16:26:35 | INFO     | src.trading.executor:close_all_positions:598 | 已平仓所有头寸，原因: 临近收盘强制平仓
2025-06-04 16:26:35 | INFO     | src.utils.notifications:send_message:63 | [GENERAL] 🕐 强制平仓执行
时间: 19:26:35.581303
原因: 临近收盘
平仓头寸数: 1
2025-06-04 16:26:44 | INFO     | src.bot.trading_bot:_check_force_close:229 | 临近收盘，执行强制平仓
2025-06-04 16:26:44 | ERROR    | src.trading.executor:_close_position:576 | 平仓失败: {"code":42210000,"message":"options market orders are only allowed during market hours"}
2025-06-04 16:26:44 | INFO     | src.trading.executor:close_all_positions:598 | 已平仓所有头寸，原因: 临近收盘强制平仓
2025-06-04 16:26:44 | INFO     | src.utils.notifications:send_message:63 | [GENERAL] 🕐 强制平仓执行
时间: 19:26:44.387221
原因: 临近收盘
平仓头寸数: 1
2025-06-04 16:27:36 | INFO     | src.bot.trading_bot:_check_force_close:229 | 临近收盘，执行强制平仓
2025-06-04 16:27:36 | ERROR    | src.trading.executor:_close_position:576 | 平仓失败: {"code":42210000,"message":"options market orders are only allowed during market hours"}
2025-06-04 16:27:36 | INFO     | src.trading.executor:close_all_positions:598 | 已平仓所有头寸，原因: 临近收盘强制平仓
2025-06-04 16:27:36 | INFO     | src.utils.notifications:send_message:63 | [GENERAL] 🕐 强制平仓执行
时间: 19:27:36.187277
原因: 临近收盘
平仓头寸数: 1
2025-06-04 16:27:45 | INFO     | src.bot.trading_bot:_check_force_close:229 | 临近收盘，执行强制平仓
2025-06-04 16:27:45 | ERROR    | src.trading.executor:_close_position:576 | 平仓失败: {"code":42210000,"message":"options market orders are only allowed during market hours"}
2025-06-04 16:27:45 | INFO     | src.trading.executor:close_all_positions:598 | 已平仓所有头寸，原因: 临近收盘强制平仓
2025-06-04 16:27:45 | INFO     | src.utils.notifications:send_message:63 | [GENERAL] 🕐 强制平仓执行
时间: 19:27:45.079042
原因: 临近收盘
平仓头寸数: 1
2025-06-04 16:28:36 | INFO     | src.bot.trading_bot:_check_force_close:229 | 临近收盘，执行强制平仓
2025-06-04 16:28:36 | ERROR    | src.trading.executor:_close_position:576 | 平仓失败: {"code":42210000,"message":"options market orders are only allowed during market hours"}
2025-06-04 16:28:36 | INFO     | src.trading.executor:close_all_positions:598 | 已平仓所有头寸，原因: 临近收盘强制平仓
2025-06-04 16:28:36 | INFO     | src.utils.notifications:send_message:63 | [GENERAL] 🕐 强制平仓执行
时间: 19:28:36.801531
原因: 临近收盘
平仓头寸数: 1
2025-06-04 16:28:45 | INFO     | src.bot.trading_bot:_check_force_close:229 | 临近收盘，执行强制平仓
2025-06-04 16:28:45 | ERROR    | src.trading.executor:_close_position:576 | 平仓失败: {"code":42210000,"message":"options market orders are only allowed during market hours"}
2025-06-04 16:28:45 | INFO     | src.trading.executor:close_all_positions:598 | 已平仓所有头寸，原因: 临近收盘强制平仓
2025-06-04 16:28:45 | INFO     | src.utils.notifications:send_message:63 | [GENERAL] 🕐 强制平仓执行
时间: 19:28:45.715609
原因: 临近收盘
平仓头寸数: 1
2025-06-04 16:29:37 | INFO     | src.bot.trading_bot:_check_force_close:229 | 临近收盘，执行强制平仓
2025-06-04 16:29:37 | ERROR    | src.trading.executor:_close_position:576 | 平仓失败: {"code":42210000,"message":"options market orders are only allowed during market hours"}
2025-06-04 16:29:37 | INFO     | src.trading.executor:close_all_positions:598 | 已平仓所有头寸，原因: 临近收盘强制平仓
2025-06-04 16:29:37 | INFO     | src.utils.notifications:send_message:63 | [GENERAL] 🕐 强制平仓执行
时间: 19:29:37.434849
原因: 临近收盘
平仓头寸数: 1
2025-06-04 16:29:46 | INFO     | src.bot.trading_bot:_check_force_close:229 | 临近收盘，执行强制平仓
2025-06-04 16:29:46 | ERROR    | src.trading.executor:_close_position:576 | 平仓失败: {"code":42210000,"message":"options market orders are only allowed during market hours"}
2025-06-04 16:29:46 | INFO     | src.trading.executor:close_all_positions:598 | 已平仓所有头寸，原因: 临近收盘强制平仓
2025-06-04 16:29:46 | INFO     | src.utils.notifications:send_message:63 | [GENERAL] 🕐 强制平仓执行
时间: 19:29:46.367028
原因: 临近收盘
平仓头寸数: 1
2025-06-04 16:30:00 | INFO     | src.utils.notifications:send_message:63 | [GENERAL] 📈 日终报告 - 2025-06-04
运行时间: 6:20:47.146741
生成信号: 3
执行交易: 0
当日盈亏: $-5.00
账户总值: $10,035.96
风险利用率: 2.5%
剩余头寸: 1
2025-06-04 16:30:00 | INFO     | src.bot.trading_bot:_daily_report:288 | 日终报告已生成
2025-06-04 16:30:00 | INFO     | src.utils.notifications:send_message:63 | [GENERAL] 📈 日终报告 - 2025-06-04
运行时间: 6:23:56.393504
生成信号: 5
执行交易: 0
当日盈亏: $-5.00
账户总值: $10,035.96
风险利用率: 2.5%
剩余头寸: 1
2025-06-04 16:30:00 | INFO     | src.bot.trading_bot:_daily_report:288 | 日终报告已生成
2025-06-04 16:30:38 | INFO     | src.bot.trading_bot:_check_force_close:229 | 临近收盘，执行强制平仓
2025-06-04 16:30:38 | ERROR    | src.trading.executor:_close_position:576 | 平仓失败: {"code":42210000,"message":"options market orders are only allowed during market hours"}
2025-06-04 16:30:38 | INFO     | src.trading.executor:close_all_positions:598 | 已平仓所有头寸，原因: 临近收盘强制平仓
2025-06-04 16:30:38 | INFO     | src.utils.notifications:send_message:63 | [GENERAL] 🕐 强制平仓执行
时间: 19:30:38.091004
原因: 临近收盘
平仓头寸数: 1
2025-06-04 16:30:46 | INFO     | src.bot.trading_bot:_check_force_close:229 | 临近收盘，执行强制平仓
2025-06-04 16:30:47 | ERROR    | src.trading.executor:_close_position:576 | 平仓失败: {"code":42210000,"message":"options market orders are only allowed during market hours"}
2025-06-04 16:30:47 | INFO     | src.trading.executor:close_all_positions:598 | 已平仓所有头寸，原因: 临近收盘强制平仓
2025-06-04 16:30:47 | INFO     | src.utils.notifications:send_message:63 | [GENERAL] 🕐 强制平仓执行
时间: 19:30:46.997622
原因: 临近收盘
平仓头寸数: 1
2025-06-04 16:31:38 | INFO     | src.bot.trading_bot:_check_force_close:229 | 临近收盘，执行强制平仓
2025-06-04 16:31:38 | ERROR    | src.trading.executor:_close_position:576 | 平仓失败: {"code":42210000,"message":"options market orders are only allowed during market hours"}
2025-06-04 16:31:38 | INFO     | src.trading.executor:close_all_positions:598 | 已平仓所有头寸，原因: 临近收盘强制平仓
2025-06-04 16:31:38 | INFO     | src.utils.notifications:send_message:63 | [GENERAL] 🕐 强制平仓执行
时间: 19:31:38.695426
原因: 临近收盘
平仓头寸数: 1
2025-06-04 16:31:47 | INFO     | src.bot.trading_bot:_check_force_close:229 | 临近收盘，执行强制平仓
2025-06-04 16:31:47 | ERROR    | src.trading.executor:_close_position:576 | 平仓失败: {"code":42210000,"message":"options market orders are only allowed during market hours"}
2025-06-04 16:31:47 | INFO     | src.trading.executor:close_all_positions:598 | 已平仓所有头寸，原因: 临近收盘强制平仓
2025-06-04 16:31:47 | INFO     | src.utils.notifications:send_message:63 | [GENERAL] 🕐 强制平仓执行
时间: 19:31:47.587918
原因: 临近收盘
平仓头寸数: 1
2025-06-04 16:32:39 | INFO     | src.bot.trading_bot:_check_force_close:229 | 临近收盘，执行强制平仓
2025-06-04 16:32:39 | ERROR    | src.trading.executor:_close_position:576 | 平仓失败: {"code":42210000,"message":"options market orders are only allowed during market hours"}
2025-06-04 16:32:39 | INFO     | src.trading.executor:close_all_positions:598 | 已平仓所有头寸，原因: 临近收盘强制平仓
2025-06-04 16:32:39 | INFO     | src.utils.notifications:send_message:63 | [GENERAL] 🕐 强制平仓执行
时间: 19:32:39.316460
原因: 临近收盘
平仓头寸数: 1
2025-06-04 16:32:48 | INFO     | src.bot.trading_bot:_check_force_close:229 | 临近收盘，执行强制平仓
2025-06-04 16:32:48 | ERROR    | src.trading.executor:_close_position:576 | 平仓失败: {"code":42210000,"message":"options market orders are only allowed during market hours"}
2025-06-04 16:32:48 | INFO     | src.trading.executor:close_all_positions:598 | 已平仓所有头寸，原因: 临近收盘强制平仓
2025-06-04 16:32:48 | INFO     | src.utils.notifications:send_message:63 | [GENERAL] 🕐 强制平仓执行
时间: 19:32:48.263045
原因: 临近收盘
平仓头寸数: 1
2025-06-04 16:33:39 | INFO     | src.bot.trading_bot:_check_force_close:229 | 临近收盘，执行强制平仓
2025-06-04 16:33:40 | ERROR    | src.trading.executor:_close_position:576 | 平仓失败: {"code":42210000,"message":"options market orders are only allowed during market hours"}
2025-06-04 16:33:40 | INFO     | src.trading.executor:close_all_positions:598 | 已平仓所有头寸，原因: 临近收盘强制平仓
2025-06-04 16:33:40 | INFO     | src.utils.notifications:send_message:63 | [GENERAL] 🕐 强制平仓执行
时间: 19:33:39.967418
原因: 临近收盘
平仓头寸数: 1
2025-06-04 16:33:48 | INFO     | src.bot.trading_bot:_check_force_close:229 | 临近收盘，执行强制平仓
2025-06-04 16:33:49 | ERROR    | src.trading.executor:_close_position:576 | 平仓失败: {"code":42210000,"message":"options market orders are only allowed during market hours"}
2025-06-04 16:33:49 | INFO     | src.trading.executor:close_all_positions:598 | 已平仓所有头寸，原因: 临近收盘强制平仓
2025-06-04 16:33:49 | INFO     | src.utils.notifications:send_message:63 | [GENERAL] 🕐 强制平仓执行
时间: 19:33:48.934281
原因: 临近收盘
平仓头寸数: 1
2025-06-04 16:34:40 | INFO     | src.bot.trading_bot:_check_force_close:229 | 临近收盘，执行强制平仓
2025-06-04 16:34:40 | ERROR    | src.trading.executor:_close_position:576 | 平仓失败: {"code":42210000,"message":"options market orders are only allowed during market hours"}
2025-06-04 16:34:40 | INFO     | src.trading.executor:close_all_positions:598 | 已平仓所有头寸，原因: 临近收盘强制平仓
2025-06-04 16:34:40 | INFO     | src.utils.notifications:send_message:63 | [GENERAL] 🕐 强制平仓执行
时间: 19:34:40.601904
原因: 临近收盘
平仓头寸数: 1
2025-06-04 16:34:49 | INFO     | src.bot.trading_bot:_check_force_close:229 | 临近收盘，执行强制平仓
2025-06-04 16:34:49 | ERROR    | src.trading.executor:_close_position:576 | 平仓失败: {"code":42210000,"message":"options market orders are only allowed during market hours"}
2025-06-04 16:34:49 | INFO     | src.trading.executor:close_all_positions:598 | 已平仓所有头寸，原因: 临近收盘强制平仓
2025-06-04 16:34:49 | INFO     | src.utils.notifications:send_message:63 | [GENERAL] 🕐 强制平仓执行
时间: 19:34:49.624588
原因: 临近收盘
平仓头寸数: 1
2025-06-04 16:35:41 | INFO     | src.bot.trading_bot:_check_force_close:229 | 临近收盘，执行强制平仓
2025-06-04 16:35:41 | ERROR    | src.trading.executor:_close_position:576 | 平仓失败: {"code":42210000,"message":"options market orders are only allowed during market hours"}
2025-06-04 16:35:41 | INFO     | src.trading.executor:close_all_positions:598 | 已平仓所有头寸，原因: 临近收盘强制平仓
2025-06-04 16:35:41 | INFO     | src.utils.notifications:send_message:63 | [GENERAL] 🕐 强制平仓执行
时间: 19:35:41.262460
原因: 临近收盘
平仓头寸数: 1
2025-06-04 16:35:50 | INFO     | src.bot.trading_bot:_check_force_close:229 | 临近收盘，执行强制平仓
2025-06-04 16:35:50 | ERROR    | src.trading.executor:_close_position:576 | 平仓失败: {"code":42210000,"message":"options market orders are only allowed during market hours"}
2025-06-04 16:35:50 | INFO     | src.trading.executor:close_all_positions:598 | 已平仓所有头寸，原因: 临近收盘强制平仓
2025-06-04 16:35:50 | INFO     | src.utils.notifications:send_message:63 | [GENERAL] 🕐 强制平仓执行
时间: 19:35:50.262519
原因: 临近收盘
平仓头寸数: 1
2025-06-04 16:36:41 | INFO     | src.bot.trading_bot:_check_force_close:229 | 临近收盘，执行强制平仓
2025-06-04 16:36:41 | ERROR    | src.trading.executor:_close_position:576 | 平仓失败: {"code":42210000,"message":"options market orders are only allowed during market hours"}
2025-06-04 16:36:41 | INFO     | src.trading.executor:close_all_positions:598 | 已平仓所有头寸，原因: 临近收盘强制平仓
2025-06-04 16:36:41 | INFO     | src.utils.notifications:send_message:63 | [GENERAL] 🕐 强制平仓执行
时间: 19:36:41.860903
原因: 临近收盘
平仓头寸数: 1
2025-06-04 16:36:50 | INFO     | src.bot.trading_bot:_check_force_close:229 | 临近收盘，执行强制平仓
2025-06-04 16:36:51 | ERROR    | src.trading.executor:_close_position:576 | 平仓失败: {"code":42210000,"message":"options market orders are only allowed during market hours"}
2025-06-04 16:36:51 | INFO     | src.trading.executor:close_all_positions:598 | 已平仓所有头寸，原因: 临近收盘强制平仓
2025-06-04 16:36:51 | INFO     | src.utils.notifications:send_message:63 | [GENERAL] 🕐 强制平仓执行
时间: 19:36:50.939586
原因: 临近收盘
平仓头寸数: 1
2025-06-04 16:37:42 | INFO     | src.bot.trading_bot:_check_force_close:229 | 临近收盘，执行强制平仓
2025-06-04 16:37:42 | ERROR    | src.trading.executor:_close_position:576 | 平仓失败: {"code":42210000,"message":"options market orders are only allowed during market hours"}
2025-06-04 16:37:42 | INFO     | src.trading.executor:close_all_positions:598 | 已平仓所有头寸，原因: 临近收盘强制平仓
2025-06-04 16:37:42 | INFO     | src.utils.notifications:send_message:63 | [GENERAL] 🕐 强制平仓执行
时间: 19:37:42.470433
原因: 临近收盘
平仓头寸数: 1
2025-06-04 16:37:51 | INFO     | src.bot.trading_bot:_check_force_close:229 | 临近收盘，执行强制平仓
2025-06-04 16:37:51 | ERROR    | src.trading.executor:_close_position:576 | 平仓失败: {"code":42210000,"message":"options market orders are only allowed during market hours"}
2025-06-04 16:37:51 | INFO     | src.trading.executor:close_all_positions:598 | 已平仓所有头寸，原因: 临近收盘强制平仓
2025-06-04 16:37:51 | INFO     | src.utils.notifications:send_message:63 | [GENERAL] 🕐 强制平仓执行
时间: 19:37:51.527321
原因: 临近收盘
平仓头寸数: 1
2025-06-04 16:38:43 | INFO     | src.bot.trading_bot:_check_force_close:229 | 临近收盘，执行强制平仓
2025-06-04 16:38:43 | ERROR    | src.trading.executor:_close_position:576 | 平仓失败: {"code":42210000,"message":"options market orders are only allowed during market hours"}
2025-06-04 16:38:43 | INFO     | src.trading.executor:close_all_positions:598 | 已平仓所有头寸，原因: 临近收盘强制平仓
2025-06-04 16:38:43 | INFO     | src.utils.notifications:send_message:63 | [GENERAL] 🕐 强制平仓执行
时间: 19:38:43.085965
原因: 临近收盘
平仓头寸数: 1
2025-06-04 16:38:52 | INFO     | src.bot.trading_bot:_check_force_close:229 | 临近收盘，执行强制平仓
2025-06-04 16:38:52 | ERROR    | src.trading.executor:_close_position:576 | 平仓失败: {"code":42210000,"message":"options market orders are only allowed during market hours"}
2025-06-04 16:38:52 | INFO     | src.trading.executor:close_all_positions:598 | 已平仓所有头寸，原因: 临近收盘强制平仓
2025-06-04 16:38:52 | INFO     | src.utils.notifications:send_message:63 | [GENERAL] 🕐 强制平仓执行
时间: 19:38:52.102759
原因: 临近收盘
平仓头寸数: 1
2025-06-04 16:39:43 | INFO     | src.bot.trading_bot:_check_force_close:229 | 临近收盘，执行强制平仓
2025-06-04 16:39:43 | ERROR    | src.trading.executor:_close_position:576 | 平仓失败: {"code":42210000,"message":"options market orders are only allowed during market hours"}
2025-06-04 16:39:43 | INFO     | src.trading.executor:close_all_positions:598 | 已平仓所有头寸，原因: 临近收盘强制平仓
2025-06-04 16:39:43 | INFO     | src.utils.notifications:send_message:63 | [GENERAL] 🕐 强制平仓执行
时间: 19:39:43.786097
原因: 临近收盘
平仓头寸数: 1
2025-06-04 16:39:52 | INFO     | src.bot.trading_bot:_check_force_close:229 | 临近收盘，执行强制平仓
2025-06-04 16:39:52 | ERROR    | src.trading.executor:_close_position:576 | 平仓失败: {"code":42210000,"message":"options market orders are only allowed during market hours"}
2025-06-04 16:39:52 | INFO     | src.trading.executor:close_all_positions:598 | 已平仓所有头寸，原因: 临近收盘强制平仓
2025-06-04 16:39:52 | INFO     | src.utils.notifications:send_message:63 | [GENERAL] 🕐 强制平仓执行
时间: 19:39:52.756445
原因: 临近收盘
平仓头寸数: 1
2025-06-04 16:40:44 | INFO     | src.bot.trading_bot:_check_force_close:229 | 临近收盘，执行强制平仓
2025-06-04 16:40:44 | ERROR    | src.trading.executor:_close_position:576 | 平仓失败: {"code":42210000,"message":"options market orders are only allowed during market hours"}
2025-06-04 16:40:44 | INFO     | src.trading.executor:close_all_positions:598 | 已平仓所有头寸，原因: 临近收盘强制平仓
2025-06-04 16:40:44 | INFO     | src.utils.notifications:send_message:63 | [GENERAL] 🕐 强制平仓执行
时间: 19:40:44.382946
原因: 临近收盘
平仓头寸数: 1
2025-06-04 16:40:53 | INFO     | src.bot.trading_bot:_check_force_close:229 | 临近收盘，执行强制平仓
2025-06-04 16:40:53 | ERROR    | src.trading.executor:_close_position:576 | 平仓失败: {"code":42210000,"message":"options market orders are only allowed during market hours"}
2025-06-04 16:40:53 | INFO     | src.trading.executor:close_all_positions:598 | 已平仓所有头寸，原因: 临近收盘强制平仓
2025-06-04 16:40:53 | INFO     | src.utils.notifications:send_message:63 | [GENERAL] 🕐 强制平仓执行
时间: 19:40:53.372696
原因: 临近收盘
平仓头寸数: 1
2025-06-04 16:41:44 | INFO     | src.bot.trading_bot:_check_force_close:229 | 临近收盘，执行强制平仓
2025-06-04 16:41:45 | ERROR    | src.trading.executor:_close_position:576 | 平仓失败: {"code":42210000,"message":"options market orders are only allowed during market hours"}
2025-06-04 16:41:45 | INFO     | src.trading.executor:close_all_positions:598 | 已平仓所有头寸，原因: 临近收盘强制平仓
2025-06-04 16:41:45 | INFO     | src.utils.notifications:send_message:63 | [GENERAL] 🕐 强制平仓执行
时间: 19:41:44.994956
原因: 临近收盘
平仓头寸数: 1
2025-06-04 16:41:54 | INFO     | src.bot.trading_bot:_check_force_close:229 | 临近收盘，执行强制平仓
2025-06-04 16:41:54 | ERROR    | src.trading.executor:_close_position:576 | 平仓失败: {"code":42210000,"message":"options market orders are only allowed during market hours"}
2025-06-04 16:41:54 | INFO     | src.trading.executor:close_all_positions:598 | 已平仓所有头寸，原因: 临近收盘强制平仓
2025-06-04 16:41:54 | INFO     | src.utils.notifications:send_message:63 | [GENERAL] 🕐 强制平仓执行
时间: 19:41:54.027100
原因: 临近收盘
平仓头寸数: 1
2025-06-04 16:42:45 | INFO     | src.bot.trading_bot:_check_force_close:229 | 临近收盘，执行强制平仓
2025-06-04 16:42:45 | ERROR    | src.trading.executor:_close_position:576 | 平仓失败: {"code":42210000,"message":"options market orders are only allowed during market hours"}
2025-06-04 16:42:45 | INFO     | src.trading.executor:close_all_positions:598 | 已平仓所有头寸，原因: 临近收盘强制平仓
2025-06-04 16:42:45 | INFO     | src.utils.notifications:send_message:63 | [GENERAL] 🕐 强制平仓执行
时间: 19:42:45.648369
原因: 临近收盘
平仓头寸数: 1
2025-06-04 16:42:54 | INFO     | src.bot.trading_bot:_check_force_close:229 | 临近收盘，执行强制平仓
2025-06-04 16:42:54 | ERROR    | src.trading.executor:_close_position:576 | 平仓失败: {"code":42210000,"message":"options market orders are only allowed during market hours"}
2025-06-04 16:42:54 | INFO     | src.trading.executor:close_all_positions:598 | 已平仓所有头寸，原因: 临近收盘强制平仓
2025-06-04 16:42:54 | INFO     | src.utils.notifications:send_message:63 | [GENERAL] 🕐 强制平仓执行
时间: 19:42:54.767134
原因: 临近收盘
平仓头寸数: 1
2025-06-04 16:43:46 | INFO     | src.bot.trading_bot:_check_force_close:229 | 临近收盘，执行强制平仓
2025-06-04 16:43:46 | ERROR    | src.trading.executor:_close_position:576 | 平仓失败: {"code":42210000,"message":"options market orders are only allowed during market hours"}
2025-06-04 16:43:46 | INFO     | src.trading.executor:close_all_positions:598 | 已平仓所有头寸，原因: 临近收盘强制平仓
2025-06-04 16:43:46 | INFO     | src.utils.notifications:send_message:63 | [GENERAL] 🕐 强制平仓执行
时间: 19:43:46.221241
原因: 临近收盘
平仓头寸数: 1
2025-06-04 16:43:55 | INFO     | src.bot.trading_bot:_check_force_close:229 | 临近收盘，执行强制平仓
2025-06-04 16:43:55 | ERROR    | src.trading.executor:_close_position:576 | 平仓失败: {"code":42210000,"message":"options market orders are only allowed during market hours"}
2025-06-04 16:43:55 | INFO     | src.trading.executor:close_all_positions:598 | 已平仓所有头寸，原因: 临近收盘强制平仓
2025-06-04 16:43:55 | INFO     | src.utils.notifications:send_message:63 | [GENERAL] 🕐 强制平仓执行
时间: 19:43:55.349204
原因: 临近收盘
平仓头寸数: 1
2025-06-04 16:44:47 | INFO     | src.bot.trading_bot:_check_force_close:229 | 临近收盘，执行强制平仓
2025-06-04 16:44:47 | ERROR    | src.trading.executor:_close_position:576 | 平仓失败: {"code":42210000,"message":"options market orders are only allowed during market hours"}
2025-06-04 16:44:47 | INFO     | src.trading.executor:close_all_positions:598 | 已平仓所有头寸，原因: 临近收盘强制平仓
2025-06-04 16:44:47 | INFO     | src.utils.notifications:send_message:63 | [GENERAL] 🕐 强制平仓执行
时间: 19:44:47.157742
原因: 临近收盘
平仓头寸数: 1
2025-06-04 16:44:55 | INFO     | src.bot.trading_bot:_check_force_close:229 | 临近收盘，执行强制平仓
2025-06-04 16:44:56 | ERROR    | src.trading.executor:_close_position:576 | 平仓失败: {"code":42210000,"message":"options market orders are only allowed during market hours"}
2025-06-04 16:44:56 | INFO     | src.trading.executor:close_all_positions:598 | 已平仓所有头寸，原因: 临近收盘强制平仓
2025-06-04 16:44:56 | INFO     | src.utils.notifications:send_message:63 | [GENERAL] 🕐 强制平仓执行
时间: 19:44:55.994880
原因: 临近收盘
平仓头寸数: 1
2025-06-04 16:45:47 | INFO     | src.bot.trading_bot:_check_force_close:229 | 临近收盘，执行强制平仓
2025-06-04 16:45:47 | ERROR    | src.trading.executor:_close_position:576 | 平仓失败: {"code":42210000,"message":"options market orders are only allowed during market hours"}
2025-06-04 16:45:47 | INFO     | src.trading.executor:close_all_positions:598 | 已平仓所有头寸，原因: 临近收盘强制平仓
2025-06-04 16:45:47 | INFO     | src.utils.notifications:send_message:63 | [GENERAL] 🕐 强制平仓执行
时间: 19:45:47.769825
原因: 临近收盘
平仓头寸数: 1
2025-06-04 16:45:56 | INFO     | src.bot.trading_bot:_check_force_close:229 | 临近收盘，执行强制平仓
2025-06-04 16:45:56 | ERROR    | src.trading.executor:_close_position:576 | 平仓失败: {"code":42210000,"message":"options market orders are only allowed during market hours"}
2025-06-04 16:45:56 | INFO     | src.trading.executor:close_all_positions:598 | 已平仓所有头寸，原因: 临近收盘强制平仓
2025-06-04 16:45:56 | INFO     | src.utils.notifications:send_message:63 | [GENERAL] 🕐 强制平仓执行
时间: 19:45:56.647305
原因: 临近收盘
平仓头寸数: 1
2025-06-04 16:46:48 | INFO     | src.bot.trading_bot:_check_force_close:229 | 临近收盘，执行强制平仓
2025-06-04 16:46:48 | ERROR    | src.trading.executor:_close_position:576 | 平仓失败: {"code":42210000,"message":"options market orders are only allowed during market hours"}
2025-06-04 16:46:48 | INFO     | src.trading.executor:close_all_positions:598 | 已平仓所有头寸，原因: 临近收盘强制平仓
2025-06-04 16:46:48 | INFO     | src.utils.notifications:send_message:63 | [GENERAL] 🕐 强制平仓执行
时间: 19:46:48.378905
原因: 临近收盘
平仓头寸数: 1
2025-06-04 16:46:57 | INFO     | src.bot.trading_bot:_check_force_close:229 | 临近收盘，执行强制平仓
2025-06-04 16:46:57 | ERROR    | src.trading.executor:_close_position:576 | 平仓失败: {"code":42210000,"message":"options market orders are only allowed during market hours"}
2025-06-04 16:46:57 | INFO     | src.trading.executor:close_all_positions:598 | 已平仓所有头寸，原因: 临近收盘强制平仓
2025-06-04 16:46:57 | INFO     | src.utils.notifications:send_message:63 | [GENERAL] 🕐 强制平仓执行
时间: 19:46:57.294221
原因: 临近收盘
平仓头寸数: 1
2025-06-04 16:47:49 | INFO     | src.bot.trading_bot:_check_force_close:229 | 临近收盘，执行强制平仓
2025-06-04 16:47:49 | ERROR    | src.trading.executor:_close_position:576 | 平仓失败: {"code":42210000,"message":"options market orders are only allowed during market hours"}
2025-06-04 16:47:49 | INFO     | src.trading.executor:close_all_positions:598 | 已平仓所有头寸，原因: 临近收盘强制平仓
2025-06-04 16:47:49 | INFO     | src.utils.notifications:send_message:63 | [GENERAL] 🕐 强制平仓执行
时间: 19:47:49.008597
原因: 临近收盘
平仓头寸数: 1
2025-06-04 16:47:57 | INFO     | src.bot.trading_bot:_check_force_close:229 | 临近收盘，执行强制平仓
2025-06-04 16:47:58 | ERROR    | src.trading.executor:_close_position:576 | 平仓失败: {"code":42210000,"message":"options market orders are only allowed during market hours"}
2025-06-04 16:47:58 | INFO     | src.trading.executor:close_all_positions:598 | 已平仓所有头寸，原因: 临近收盘强制平仓
2025-06-04 16:47:58 | INFO     | src.utils.notifications:send_message:63 | [GENERAL] 🕐 强制平仓执行
时间: 19:47:57.900132
原因: 临近收盘
平仓头寸数: 1
2025-06-04 16:48:49 | INFO     | src.bot.trading_bot:_check_force_close:229 | 临近收盘，执行强制平仓
2025-06-04 16:48:49 | ERROR    | src.trading.executor:_close_position:576 | 平仓失败: {"code":42210000,"message":"options market orders are only allowed during market hours"}
2025-06-04 16:48:49 | INFO     | src.trading.executor:close_all_positions:598 | 已平仓所有头寸，原因: 临近收盘强制平仓
2025-06-04 16:48:49 | INFO     | src.utils.notifications:send_message:63 | [GENERAL] 🕐 强制平仓执行
时间: 19:48:49.637155
原因: 临近收盘
平仓头寸数: 1
2025-06-04 16:48:58 | INFO     | src.bot.trading_bot:_check_force_close:229 | 临近收盘，执行强制平仓
2025-06-04 16:48:58 | ERROR    | src.trading.executor:_close_position:576 | 平仓失败: {"code":42210000,"message":"options market orders are only allowed during market hours"}
2025-06-04 16:48:58 | INFO     | src.trading.executor:close_all_positions:598 | 已平仓所有头寸，原因: 临近收盘强制平仓
2025-06-04 16:48:58 | INFO     | src.utils.notifications:send_message:63 | [GENERAL] 🕐 强制平仓执行
时间: 19:48:58.497545
原因: 临近收盘
平仓头寸数: 1
2025-06-04 16:49:50 | INFO     | src.bot.trading_bot:_check_force_close:229 | 临近收盘，执行强制平仓
2025-06-04 16:49:50 | ERROR    | src.trading.executor:_close_position:576 | 平仓失败: {"code":42210000,"message":"options market orders are only allowed during market hours"}
2025-06-04 16:49:50 | INFO     | src.trading.executor:close_all_positions:598 | 已平仓所有头寸，原因: 临近收盘强制平仓
2025-06-04 16:49:50 | INFO     | src.utils.notifications:send_message:63 | [GENERAL] 🕐 强制平仓执行
时间: 19:49:50.241529
原因: 临近收盘
平仓头寸数: 1
2025-06-04 16:49:59 | INFO     | src.bot.trading_bot:_check_force_close:229 | 临近收盘，执行强制平仓
2025-06-04 16:49:59 | ERROR    | src.trading.executor:_close_position:576 | 平仓失败: {"code":42210000,"message":"options market orders are only allowed during market hours"}
2025-06-04 16:49:59 | INFO     | src.trading.executor:close_all_positions:598 | 已平仓所有头寸，原因: 临近收盘强制平仓
2025-06-04 16:49:59 | INFO     | src.utils.notifications:send_message:63 | [GENERAL] 🕐 强制平仓执行
时间: 19:49:59.061230
原因: 临近收盘
平仓头寸数: 1
2025-06-04 16:50:50 | INFO     | src.bot.trading_bot:_check_force_close:229 | 临近收盘，执行强制平仓
2025-06-04 16:50:50 | ERROR    | src.trading.executor:_close_position:576 | 平仓失败: {"code":42210000,"message":"options market orders are only allowed during market hours"}
2025-06-04 16:50:50 | INFO     | src.trading.executor:close_all_positions:598 | 已平仓所有头寸，原因: 临近收盘强制平仓
2025-06-04 16:50:50 | INFO     | src.utils.notifications:send_message:63 | [GENERAL] 🕐 强制平仓执行
时间: 19:50:50.835844
原因: 临近收盘
平仓头寸数: 1
2025-06-04 16:50:59 | INFO     | src.bot.trading_bot:_check_force_close:229 | 临近收盘，执行强制平仓
2025-06-04 16:50:59 | ERROR    | src.trading.executor:_close_position:576 | 平仓失败: {"code":42210000,"message":"options market orders are only allowed during market hours"}
2025-06-04 16:50:59 | INFO     | src.trading.executor:close_all_positions:598 | 已平仓所有头寸，原因: 临近收盘强制平仓
2025-06-04 16:50:59 | INFO     | src.utils.notifications:send_message:63 | [GENERAL] 🕐 强制平仓执行
时间: 19:50:59.688270
原因: 临近收盘
平仓头寸数: 1
2025-06-04 16:51:51 | INFO     | src.bot.trading_bot:_check_force_close:229 | 临近收盘，执行强制平仓
2025-06-04 16:51:51 | ERROR    | src.trading.executor:_close_position:576 | 平仓失败: {"code":42210000,"message":"options market orders are only allowed during market hours"}
2025-06-04 16:51:51 | INFO     | src.trading.executor:close_all_positions:598 | 已平仓所有头寸，原因: 临近收盘强制平仓
2025-06-04 16:51:51 | INFO     | src.utils.notifications:send_message:63 | [GENERAL] 🕐 强制平仓执行
时间: 19:51:51.487229
原因: 临近收盘
平仓头寸数: 1
2025-06-04 16:52:00 | INFO     | src.bot.trading_bot:_check_force_close:229 | 临近收盘，执行强制平仓
2025-06-04 16:52:00 | ERROR    | src.trading.executor:_close_position:576 | 平仓失败: {"code":42210000,"message":"options market orders are only allowed during market hours"}
2025-06-04 16:52:00 | INFO     | src.trading.executor:close_all_positions:598 | 已平仓所有头寸，原因: 临近收盘强制平仓
2025-06-04 16:52:00 | INFO     | src.utils.notifications:send_message:63 | [GENERAL] 🕐 强制平仓执行
时间: 19:52:00.270818
原因: 临近收盘
平仓头寸数: 1
2025-06-04 16:52:52 | INFO     | src.bot.trading_bot:_check_force_close:229 | 临近收盘，执行强制平仓
2025-06-04 16:52:52 | ERROR    | src.trading.executor:_close_position:576 | 平仓失败: {"code":42210000,"message":"options market orders are only allowed during market hours"}
2025-06-04 16:52:52 | INFO     | src.trading.executor:close_all_positions:598 | 已平仓所有头寸，原因: 临近收盘强制平仓
2025-06-04 16:52:52 | INFO     | src.utils.notifications:send_message:63 | [GENERAL] 🕐 强制平仓执行
时间: 19:52:52.113933
原因: 临近收盘
平仓头寸数: 1
2025-06-04 16:53:00 | INFO     | src.bot.trading_bot:_check_force_close:229 | 临近收盘，执行强制平仓
2025-06-04 16:53:01 | ERROR    | src.trading.executor:_close_position:576 | 平仓失败: {"code":42210000,"message":"options market orders are only allowed during market hours"}
2025-06-04 16:53:01 | INFO     | src.trading.executor:close_all_positions:598 | 已平仓所有头寸，原因: 临近收盘强制平仓
2025-06-04 16:53:01 | INFO     | src.utils.notifications:send_message:63 | [GENERAL] 🕐 强制平仓执行
时间: 19:53:00.867465
原因: 临近收盘
平仓头寸数: 1
2025-06-04 16:53:52 | INFO     | src.bot.trading_bot:_check_force_close:229 | 临近收盘，执行强制平仓
2025-06-04 16:53:52 | ERROR    | src.trading.executor:_close_position:576 | 平仓失败: {"code":42210000,"message":"options market orders are only allowed during market hours"}
2025-06-04 16:53:52 | INFO     | src.trading.executor:close_all_positions:598 | 已平仓所有头寸，原因: 临近收盘强制平仓
2025-06-04 16:53:52 | INFO     | src.utils.notifications:send_message:63 | [GENERAL] 🕐 强制平仓执行
时间: 19:53:52.739888
原因: 临近收盘
平仓头寸数: 1
2025-06-04 16:54:01 | INFO     | src.bot.trading_bot:_check_force_close:229 | 临近收盘，执行强制平仓
2025-06-04 16:54:01 | ERROR    | src.trading.executor:_close_position:576 | 平仓失败: {"code":42210000,"message":"options market orders are only allowed during market hours"}
2025-06-04 16:54:01 | INFO     | src.trading.executor:close_all_positions:598 | 已平仓所有头寸，原因: 临近收盘强制平仓
2025-06-04 16:54:01 | INFO     | src.utils.notifications:send_message:63 | [GENERAL] 🕐 强制平仓执行
时间: 19:54:01.517604
原因: 临近收盘
平仓头寸数: 1
2025-06-04 16:54:53 | INFO     | src.bot.trading_bot:_check_force_close:229 | 临近收盘，执行强制平仓
2025-06-04 16:54:53 | ERROR    | src.trading.executor:_close_position:576 | 平仓失败: {"code":42210000,"message":"options market orders are only allowed during market hours"}
2025-06-04 16:54:53 | INFO     | src.trading.executor:close_all_positions:598 | 已平仓所有头寸，原因: 临近收盘强制平仓
2025-06-04 16:54:53 | INFO     | src.utils.notifications:send_message:63 | [GENERAL] 🕐 强制平仓执行
时间: 19:54:53.384708
原因: 临近收盘
平仓头寸数: 1
2025-06-04 16:55:02 | INFO     | src.bot.trading_bot:_check_force_close:229 | 临近收盘，执行强制平仓
2025-06-04 16:55:02 | ERROR    | src.trading.executor:_close_position:576 | 平仓失败: {"code":42210000,"message":"options market orders are only allowed during market hours"}
2025-06-04 16:55:02 | INFO     | src.trading.executor:close_all_positions:598 | 已平仓所有头寸，原因: 临近收盘强制平仓
2025-06-04 16:55:02 | INFO     | src.utils.notifications:send_message:63 | [GENERAL] 🕐 强制平仓执行
时间: 19:55:02.183982
原因: 临近收盘
平仓头寸数: 1
2025-06-04 16:55:53 | INFO     | src.bot.trading_bot:_check_force_close:229 | 临近收盘，执行强制平仓
2025-06-04 16:55:54 | ERROR    | src.trading.executor:_close_position:576 | 平仓失败: {"code":42210000,"message":"options market orders are only allowed during market hours"}
2025-06-04 16:55:54 | INFO     | src.trading.executor:close_all_positions:598 | 已平仓所有头寸，原因: 临近收盘强制平仓
2025-06-04 16:55:54 | INFO     | src.utils.notifications:send_message:63 | [GENERAL] 🕐 强制平仓执行
时间: 19:55:53.971160
原因: 临近收盘
平仓头寸数: 1
2025-06-04 16:56:02 | INFO     | src.bot.trading_bot:_check_force_close:229 | 临近收盘，执行强制平仓
2025-06-04 16:56:02 | ERROR    | src.trading.executor:_close_position:576 | 平仓失败: {"code":42210000,"message":"options market orders are only allowed during market hours"}
2025-06-04 16:56:02 | INFO     | src.trading.executor:close_all_positions:598 | 已平仓所有头寸，原因: 临近收盘强制平仓
2025-06-04 16:56:02 | INFO     | src.utils.notifications:send_message:63 | [GENERAL] 🕐 强制平仓执行
时间: 19:56:02.784851
原因: 临近收盘
平仓头寸数: 1
2025-06-04 16:56:54 | INFO     | src.bot.trading_bot:_check_force_close:229 | 临近收盘，执行强制平仓
2025-06-04 16:56:54 | ERROR    | src.trading.executor:_close_position:576 | 平仓失败: {"code":42210000,"message":"options market orders are only allowed during market hours"}
2025-06-04 16:56:54 | INFO     | src.trading.executor:close_all_positions:598 | 已平仓所有头寸，原因: 临近收盘强制平仓
2025-06-04 16:56:54 | INFO     | src.utils.notifications:send_message:63 | [GENERAL] 🕐 强制平仓执行
时间: 19:56:54.596708
原因: 临近收盘
平仓头寸数: 1
2025-06-04 16:57:03 | INFO     | src.bot.trading_bot:_check_force_close:229 | 临近收盘，执行强制平仓
2025-06-04 16:57:03 | ERROR    | src.trading.executor:_close_position:576 | 平仓失败: {"code":42210000,"message":"options market orders are only allowed during market hours"}
2025-06-04 16:57:03 | INFO     | src.trading.executor:close_all_positions:598 | 已平仓所有头寸，原因: 临近收盘强制平仓
2025-06-04 16:57:03 | INFO     | src.utils.notifications:send_message:63 | [GENERAL] 🕐 强制平仓执行
时间: 19:57:03.441692
原因: 临近收盘
平仓头寸数: 1
2025-06-04 16:57:55 | INFO     | src.bot.trading_bot:_check_force_close:229 | 临近收盘，执行强制平仓
2025-06-04 16:57:55 | ERROR    | src.trading.executor:_close_position:576 | 平仓失败: {"code":42210000,"message":"options market orders are only allowed during market hours"}
2025-06-04 16:57:55 | INFO     | src.trading.executor:close_all_positions:598 | 已平仓所有头寸，原因: 临近收盘强制平仓
2025-06-04 16:57:55 | INFO     | src.utils.notifications:send_message:63 | [GENERAL] 🕐 强制平仓执行
时间: 19:57:55.120607
原因: 临近收盘
平仓头寸数: 1
2025-06-04 16:58:03 | INFO     | src.bot.trading_bot:_check_force_close:229 | 临近收盘，执行强制平仓
2025-06-04 16:58:04 | ERROR    | src.trading.executor:_close_position:576 | 平仓失败: {"code":42210000,"message":"options market orders are only allowed during market hours"}
2025-06-04 16:58:04 | INFO     | src.trading.executor:close_all_positions:598 | 已平仓所有头寸，原因: 临近收盘强制平仓
2025-06-04 16:58:04 | INFO     | src.utils.notifications:send_message:63 | [GENERAL] 🕐 强制平仓执行
时间: 19:58:03.943652
原因: 临近收盘
平仓头寸数: 1
2025-06-04 16:58:55 | INFO     | src.bot.trading_bot:_check_force_close:229 | 临近收盘，执行强制平仓
2025-06-04 16:58:55 | ERROR    | src.trading.executor:_close_position:576 | 平仓失败: {"code":42210000,"message":"options market orders are only allowed during market hours"}
2025-06-04 16:58:55 | INFO     | src.trading.executor:close_all_positions:598 | 已平仓所有头寸，原因: 临近收盘强制平仓
2025-06-04 16:58:55 | INFO     | src.utils.notifications:send_message:63 | [GENERAL] 🕐 强制平仓执行
时间: 19:58:55.548522
原因: 临近收盘
平仓头寸数: 1
2025-06-04 16:59:04 | INFO     | src.bot.trading_bot:_check_force_close:229 | 临近收盘，执行强制平仓
2025-06-04 16:59:04 | ERROR    | src.trading.executor:_close_position:576 | 平仓失败: {"code":42210000,"message":"options market orders are only allowed during market hours"}
2025-06-04 16:59:04 | INFO     | src.trading.executor:close_all_positions:598 | 已平仓所有头寸，原因: 临近收盘强制平仓
2025-06-04 16:59:04 | INFO     | src.utils.notifications:send_message:63 | [GENERAL] 🕐 强制平仓执行
时间: 19:59:04.400807
原因: 临近收盘
平仓头寸数: 1
2025-06-04 16:59:56 | INFO     | src.bot.trading_bot:_check_force_close:229 | 临近收盘，执行强制平仓
2025-06-04 16:59:56 | ERROR    | src.trading.executor:_close_position:576 | 平仓失败: {"code":42210000,"message":"options market orders are only allowed during market hours"}
2025-06-04 16:59:56 | INFO     | src.trading.executor:close_all_positions:598 | 已平仓所有头寸，原因: 临近收盘强制平仓
2025-06-04 16:59:56 | INFO     | src.utils.notifications:send_message:63 | [GENERAL] 🕐 强制平仓执行
时间: 19:59:56.050070
原因: 临近收盘
平仓头寸数: 1
2025-06-04 17:00:04 | INFO     | src.bot.trading_bot:_check_force_close:229 | 临近收盘，执行强制平仓
2025-06-04 17:00:04 | ERROR    | src.trading.executor:_close_position:576 | 平仓失败: {"code":42210000,"message":"options market orders are only allowed during market hours"}
2025-06-04 17:00:04 | INFO     | src.trading.executor:close_all_positions:598 | 已平仓所有头寸，原因: 临近收盘强制平仓
2025-06-04 17:00:04 | INFO     | src.utils.notifications:send_message:63 | [GENERAL] 🕐 强制平仓执行
时间: 20:00:04.874420
原因: 临近收盘
平仓头寸数: 1
2025-06-04 17:00:56 | INFO     | src.bot.trading_bot:_check_force_close:229 | 临近收盘，执行强制平仓
2025-06-04 17:00:56 | ERROR    | src.trading.executor:_close_position:576 | 平仓失败: {"code":42210000,"message":"options market orders are only allowed during market hours"}
2025-06-04 17:00:56 | INFO     | src.trading.executor:close_all_positions:598 | 已平仓所有头寸，原因: 临近收盘强制平仓
2025-06-04 17:00:56 | INFO     | src.utils.notifications:send_message:63 | [GENERAL] 🕐 强制平仓执行
时间: 20:00:56.485399
原因: 临近收盘
平仓头寸数: 1
2025-06-04 17:01:05 | INFO     | src.bot.trading_bot:_check_force_close:229 | 临近收盘，执行强制平仓
2025-06-04 17:01:05 | ERROR    | src.trading.executor:_close_position:576 | 平仓失败: {"code":42210000,"message":"options market orders are only allowed during market hours"}
2025-06-04 17:01:05 | INFO     | src.trading.executor:close_all_positions:598 | 已平仓所有头寸，原因: 临近收盘强制平仓
2025-06-04 17:01:05 | INFO     | src.utils.notifications:send_message:63 | [GENERAL] 🕐 强制平仓执行
时间: 20:01:05.317653
原因: 临近收盘
平仓头寸数: 1
2025-06-04 17:01:56 | INFO     | src.bot.trading_bot:_check_force_close:229 | 临近收盘，执行强制平仓
2025-06-04 17:01:57 | ERROR    | src.trading.executor:_close_position:576 | 平仓失败: {"code":42210000,"message":"options market orders are only allowed during market hours"}
2025-06-04 17:01:57 | INFO     | src.trading.executor:close_all_positions:598 | 已平仓所有头寸，原因: 临近收盘强制平仓
2025-06-04 17:01:57 | INFO     | src.utils.notifications:send_message:63 | [GENERAL] 🕐 强制平仓执行
时间: 20:01:56.972255
原因: 临近收盘
平仓头寸数: 1
2025-06-04 17:02:05 | INFO     | src.bot.trading_bot:_check_force_close:229 | 临近收盘，执行强制平仓
2025-06-04 17:02:05 | ERROR    | src.trading.executor:_close_position:576 | 平仓失败: {"code":42210000,"message":"options market orders are only allowed during market hours"}
2025-06-04 17:02:05 | INFO     | src.trading.executor:close_all_positions:598 | 已平仓所有头寸，原因: 临近收盘强制平仓
2025-06-04 17:02:05 | INFO     | src.utils.notifications:send_message:63 | [GENERAL] 🕐 强制平仓执行
时间: 20:02:05.778295
原因: 临近收盘
平仓头寸数: 1
2025-06-04 17:02:57 | INFO     | src.bot.trading_bot:_check_force_close:229 | 临近收盘，执行强制平仓
2025-06-04 17:02:57 | ERROR    | src.trading.executor:_close_position:576 | 平仓失败: {"code":42210000,"message":"options market orders are only allowed during market hours"}
2025-06-04 17:02:57 | INFO     | src.trading.executor:close_all_positions:598 | 已平仓所有头寸，原因: 临近收盘强制平仓
2025-06-04 17:02:57 | INFO     | src.utils.notifications:send_message:63 | [GENERAL] 🕐 强制平仓执行
时间: 20:02:57.424343
原因: 临近收盘
平仓头寸数: 1
2025-06-04 17:03:06 | INFO     | src.bot.trading_bot:_check_force_close:229 | 临近收盘，执行强制平仓
2025-06-04 17:03:06 | ERROR    | src.trading.executor:_close_position:576 | 平仓失败: {"code":42210000,"message":"options market orders are only allowed during market hours"}
2025-06-04 17:03:06 | INFO     | src.trading.executor:close_all_positions:598 | 已平仓所有头寸，原因: 临近收盘强制平仓
2025-06-04 17:03:06 | INFO     | src.utils.notifications:send_message:63 | [GENERAL] 🕐 强制平仓执行
时间: 20:03:06.272726
原因: 临近收盘
平仓头寸数: 1
2025-06-04 17:03:58 | INFO     | src.bot.trading_bot:_check_force_close:229 | 临近收盘，执行强制平仓
2025-06-04 17:03:58 | ERROR    | src.trading.executor:_close_position:576 | 平仓失败: {"code":42210000,"message":"options market orders are only allowed during market hours"}
2025-06-04 17:03:58 | INFO     | src.trading.executor:close_all_positions:598 | 已平仓所有头寸，原因: 临近收盘强制平仓
2025-06-04 17:03:58 | INFO     | src.utils.notifications:send_message:63 | [GENERAL] 🕐 强制平仓执行
时间: 20:03:58.052658
原因: 临近收盘
平仓头寸数: 1
2025-06-04 17:04:06 | INFO     | src.bot.trading_bot:_check_force_close:229 | 临近收盘，执行强制平仓
2025-06-04 17:04:07 | ERROR    | src.trading.executor:_close_position:576 | 平仓失败: {"code":42210000,"message":"options market orders are only allowed during market hours"}
2025-06-04 17:04:07 | INFO     | src.trading.executor:close_all_positions:598 | 已平仓所有头寸，原因: 临近收盘强制平仓
2025-06-04 17:04:07 | INFO     | src.utils.notifications:send_message:63 | [GENERAL] 🕐 强制平仓执行
时间: 20:04:06.902111
原因: 临近收盘
平仓头寸数: 1
2025-06-04 17:04:58 | INFO     | src.bot.trading_bot:_check_force_close:229 | 临近收盘，执行强制平仓
2025-06-04 17:04:58 | ERROR    | src.trading.executor:_close_position:576 | 平仓失败: {"code":42210000,"message":"options market orders are only allowed during market hours"}
2025-06-04 17:04:58 | INFO     | src.trading.executor:close_all_positions:598 | 已平仓所有头寸，原因: 临近收盘强制平仓
2025-06-04 17:04:58 | INFO     | src.utils.notifications:send_message:63 | [GENERAL] 🕐 强制平仓执行
时间: 20:04:58.647606
原因: 临近收盘
平仓头寸数: 1
2025-06-04 17:05:07 | INFO     | src.bot.trading_bot:_check_force_close:229 | 临近收盘，执行强制平仓
2025-06-04 17:05:07 | ERROR    | src.trading.executor:_close_position:576 | 平仓失败: {"code":42210000,"message":"options market orders are only allowed during market hours"}
2025-06-04 17:05:07 | INFO     | src.trading.executor:close_all_positions:598 | 已平仓所有头寸，原因: 临近收盘强制平仓
2025-06-04 17:05:07 | INFO     | src.utils.notifications:send_message:63 | [GENERAL] 🕐 强制平仓执行
时间: 20:05:07.062080
原因: 临近收盘
平仓头寸数: 1
2025-06-04 17:05:59 | INFO     | src.bot.trading_bot:_check_force_close:229 | 临近收盘，执行强制平仓
2025-06-04 17:05:59 | ERROR    | src.trading.executor:_close_position:576 | 平仓失败: {"code":42210000,"message":"options market orders are only allowed during market hours"}
2025-06-04 17:05:59 | INFO     | src.trading.executor:close_all_positions:598 | 已平仓所有头寸，原因: 临近收盘强制平仓
2025-06-04 17:05:59 | INFO     | src.utils.notifications:send_message:63 | [GENERAL] 🕐 强制平仓执行
时间: 20:05:59.292536
原因: 临近收盘
平仓头寸数: 1
2025-06-04 17:06:07 | INFO     | src.bot.trading_bot:_check_force_close:229 | 临近收盘，执行强制平仓
2025-06-04 17:06:07 | ERROR    | src.trading.executor:_close_position:576 | 平仓失败: {"code":42210000,"message":"options market orders are only allowed during market hours"}
2025-06-04 17:06:07 | INFO     | src.trading.executor:close_all_positions:598 | 已平仓所有头寸，原因: 临近收盘强制平仓
2025-06-04 17:06:07 | INFO     | src.utils.notifications:send_message:63 | [GENERAL] 🕐 强制平仓执行
时间: 20:06:07.645658
原因: 临近收盘
平仓头寸数: 1
2025-06-04 17:06:59 | INFO     | src.bot.trading_bot:_check_force_close:229 | 临近收盘，执行强制平仓
2025-06-04 17:07:00 | ERROR    | src.trading.executor:_close_position:576 | 平仓失败: {"code":42210000,"message":"options market orders are only allowed during market hours"}
2025-06-04 17:07:00 | INFO     | src.trading.executor:close_all_positions:598 | 已平仓所有头寸，原因: 临近收盘强制平仓
2025-06-04 17:07:00 | INFO     | src.utils.notifications:send_message:63 | [GENERAL] 🕐 强制平仓执行
时间: 20:06:59.916381
原因: 临近收盘
平仓头寸数: 1
2025-06-04 17:07:08 | INFO     | src.bot.trading_bot:_check_force_close:229 | 临近收盘，执行强制平仓
2025-06-04 17:07:08 | ERROR    | src.trading.executor:_close_position:576 | 平仓失败: {"code":42210000,"message":"options market orders are only allowed during market hours"}
2025-06-04 17:07:08 | INFO     | src.trading.executor:close_all_positions:598 | 已平仓所有头寸，原因: 临近收盘强制平仓
2025-06-04 17:07:08 | INFO     | src.utils.notifications:send_message:63 | [GENERAL] 🕐 强制平仓执行
时间: 20:07:08.250933
原因: 临近收盘
平仓头寸数: 1
2025-06-04 17:08:00 | INFO     | src.bot.trading_bot:_check_force_close:229 | 临近收盘，执行强制平仓
2025-06-04 17:08:00 | ERROR    | src.trading.executor:_close_position:576 | 平仓失败: {"code":42210000,"message":"options market orders are only allowed during market hours"}
2025-06-04 17:08:00 | INFO     | src.trading.executor:close_all_positions:598 | 已平仓所有头寸，原因: 临近收盘强制平仓
2025-06-04 17:08:00 | INFO     | src.utils.notifications:send_message:63 | [GENERAL] 🕐 强制平仓执行
时间: 20:08:00.539279
原因: 临近收盘
平仓头寸数: 1
2025-06-04 17:08:08 | INFO     | src.bot.trading_bot:_check_force_close:229 | 临近收盘，执行强制平仓
2025-06-04 17:08:08 | ERROR    | src.trading.executor:_close_position:576 | 平仓失败: {"code":42210000,"message":"options market orders are only allowed during market hours"}
2025-06-04 17:08:08 | INFO     | src.trading.executor:close_all_positions:598 | 已平仓所有头寸，原因: 临近收盘强制平仓
2025-06-04 17:08:08 | INFO     | src.utils.notifications:send_message:63 | [GENERAL] 🕐 强制平仓执行
时间: 20:08:08.846547
原因: 临近收盘
平仓头寸数: 1
2025-06-04 17:09:01 | INFO     | src.bot.trading_bot:_check_force_close:229 | 临近收盘，执行强制平仓
2025-06-04 17:09:01 | ERROR    | src.trading.executor:_close_position:576 | 平仓失败: {"code":42210000,"message":"options market orders are only allowed during market hours"}
2025-06-04 17:09:01 | INFO     | src.trading.executor:close_all_positions:598 | 已平仓所有头寸，原因: 临近收盘强制平仓
2025-06-04 17:09:01 | INFO     | src.utils.notifications:send_message:63 | [GENERAL] 🕐 强制平仓执行
时间: 20:09:01.116454
原因: 临近收盘
平仓头寸数: 1
2025-06-04 17:09:09 | INFO     | src.bot.trading_bot:_check_force_close:229 | 临近收盘，执行强制平仓
2025-06-04 17:09:09 | ERROR    | src.trading.executor:_close_position:576 | 平仓失败: {"code":42210000,"message":"options market orders are only allowed during market hours"}
2025-06-04 17:09:09 | INFO     | src.trading.executor:close_all_positions:598 | 已平仓所有头寸，原因: 临近收盘强制平仓
2025-06-04 17:09:09 | INFO     | src.utils.notifications:send_message:63 | [GENERAL] 🕐 强制平仓执行
时间: 20:09:09.452626
原因: 临近收盘
平仓头寸数: 1
2025-06-04 17:10:01 | INFO     | src.bot.trading_bot:_check_force_close:229 | 临近收盘，执行强制平仓
2025-06-04 17:10:01 | ERROR    | src.trading.executor:_close_position:576 | 平仓失败: {"code":42210000,"message":"options market orders are only allowed during market hours"}
2025-06-04 17:10:01 | INFO     | src.trading.executor:close_all_positions:598 | 已平仓所有头寸，原因: 临近收盘强制平仓
2025-06-04 17:10:01 | INFO     | src.utils.notifications:send_message:63 | [GENERAL] 🕐 强制平仓执行
时间: 20:10:01.690420
原因: 临近收盘
平仓头寸数: 1
2025-06-04 17:10:10 | INFO     | src.bot.trading_bot:_check_force_close:229 | 临近收盘，执行强制平仓
2025-06-04 17:10:10 | ERROR    | src.trading.executor:_close_position:576 | 平仓失败: {"code":42210000,"message":"options market orders are only allowed during market hours"}
2025-06-04 17:10:10 | INFO     | src.trading.executor:close_all_positions:598 | 已平仓所有头寸，原因: 临近收盘强制平仓
2025-06-04 17:10:10 | INFO     | src.utils.notifications:send_message:63 | [GENERAL] 🕐 强制平仓执行
时间: 20:10:10.040491
原因: 临近收盘
平仓头寸数: 1
2025-06-04 17:11:02 | INFO     | src.bot.trading_bot:_check_force_close:229 | 临近收盘，执行强制平仓
2025-06-04 17:11:02 | ERROR    | src.trading.executor:_close_position:576 | 平仓失败: {"code":42210000,"message":"options market orders are only allowed during market hours"}
2025-06-04 17:11:02 | INFO     | src.trading.executor:close_all_positions:598 | 已平仓所有头寸，原因: 临近收盘强制平仓
2025-06-04 17:11:02 | INFO     | src.utils.notifications:send_message:63 | [GENERAL] 🕐 强制平仓执行
时间: 20:11:02.284264
原因: 临近收盘
平仓头寸数: 1
2025-06-04 17:11:10 | INFO     | src.bot.trading_bot:_check_force_close:229 | 临近收盘，执行强制平仓
2025-06-04 17:11:10 | ERROR    | src.trading.executor:_close_position:576 | 平仓失败: {"code":42210000,"message":"options market orders are only allowed during market hours"}
2025-06-04 17:11:10 | INFO     | src.trading.executor:close_all_positions:598 | 已平仓所有头寸，原因: 临近收盘强制平仓
2025-06-04 17:11:10 | INFO     | src.utils.notifications:send_message:63 | [GENERAL] 🕐 强制平仓执行
时间: 20:11:10.657454
原因: 临近收盘
平仓头寸数: 1
2025-06-04 17:12:02 | INFO     | src.bot.trading_bot:_check_force_close:229 | 临近收盘，执行强制平仓
2025-06-04 17:12:02 | ERROR    | src.trading.executor:_close_position:576 | 平仓失败: {"code":42210000,"message":"options market orders are only allowed during market hours"}
2025-06-04 17:12:02 | INFO     | src.trading.executor:close_all_positions:598 | 已平仓所有头寸，原因: 临近收盘强制平仓
2025-06-04 17:12:02 | INFO     | src.utils.notifications:send_message:63 | [GENERAL] 🕐 强制平仓执行
时间: 20:12:02.887714
原因: 临近收盘
平仓头寸数: 1
2025-06-04 17:12:11 | INFO     | src.bot.trading_bot:_check_force_close:229 | 临近收盘，执行强制平仓
2025-06-04 17:12:11 | ERROR    | src.trading.executor:_close_position:576 | 平仓失败: {"code":42210000,"message":"options market orders are only allowed during market hours"}
2025-06-04 17:12:11 | INFO     | src.trading.executor:close_all_positions:598 | 已平仓所有头寸，原因: 临近收盘强制平仓
2025-06-04 17:12:11 | INFO     | src.utils.notifications:send_message:63 | [GENERAL] 🕐 强制平仓执行
时间: 20:12:11.302384
原因: 临近收盘
平仓头寸数: 1
2025-06-04 17:13:03 | INFO     | src.bot.trading_bot:_check_force_close:229 | 临近收盘，执行强制平仓
2025-06-04 17:13:03 | ERROR    | src.trading.executor:_close_position:576 | 平仓失败: {"code":42210000,"message":"options market orders are only allowed during market hours"}
2025-06-04 17:13:03 | INFO     | src.trading.executor:close_all_positions:598 | 已平仓所有头寸，原因: 临近收盘强制平仓
2025-06-04 17:13:03 | INFO     | src.utils.notifications:send_message:63 | [GENERAL] 🕐 强制平仓执行
时间: 20:13:03.496338
原因: 临近收盘
平仓头寸数: 1
2025-06-04 17:13:11 | INFO     | src.bot.trading_bot:_check_force_close:229 | 临近收盘，执行强制平仓
2025-06-04 17:13:12 | ERROR    | src.trading.executor:_close_position:576 | 平仓失败: {"code":42210000,"message":"options market orders are only allowed during market hours"}
2025-06-04 17:13:12 | INFO     | src.trading.executor:close_all_positions:598 | 已平仓所有头寸，原因: 临近收盘强制平仓
2025-06-04 17:13:12 | INFO     | src.utils.notifications:send_message:63 | [GENERAL] 🕐 强制平仓执行
时间: 20:13:11.902687
原因: 临近收盘
平仓头寸数: 1
2025-06-04 17:14:04 | INFO     | src.bot.trading_bot:_check_force_close:229 | 临近收盘，执行强制平仓
2025-06-04 17:14:04 | ERROR    | src.trading.executor:_close_position:576 | 平仓失败: {"code":42210000,"message":"options market orders are only allowed during market hours"}
2025-06-04 17:14:04 | INFO     | src.trading.executor:close_all_positions:598 | 已平仓所有头寸，原因: 临近收盘强制平仓
2025-06-04 17:14:04 | INFO     | src.utils.notifications:send_message:63 | [GENERAL] 🕐 强制平仓执行
时间: 20:14:04.117007
原因: 临近收盘
平仓头寸数: 1
2025-06-04 17:14:12 | INFO     | src.bot.trading_bot:_check_force_close:229 | 临近收盘，执行强制平仓
2025-06-04 17:14:12 | ERROR    | src.trading.executor:_close_position:576 | 平仓失败: {"code":42210000,"message":"options market orders are only allowed during market hours"}
2025-06-04 17:14:12 | INFO     | src.trading.executor:close_all_positions:598 | 已平仓所有头寸，原因: 临近收盘强制平仓
2025-06-04 17:14:12 | INFO     | src.utils.notifications:send_message:63 | [GENERAL] 🕐 强制平仓执行
时间: 20:14:12.468056
原因: 临近收盘
平仓头寸数: 1
2025-06-04 17:15:04 | INFO     | src.bot.trading_bot:_check_force_close:229 | 临近收盘，执行强制平仓
2025-06-04 17:15:05 | ERROR    | src.trading.executor:_close_position:576 | 平仓失败: {"code":42210000,"message":"options market orders are only allowed during market hours"}
2025-06-04 17:15:05 | INFO     | src.trading.executor:close_all_positions:598 | 已平仓所有头寸，原因: 临近收盘强制平仓
2025-06-04 17:15:05 | INFO     | src.utils.notifications:send_message:63 | [GENERAL] 🕐 强制平仓执行
时间: 20:15:04.721940
原因: 临近收盘
平仓头寸数: 1
2025-06-04 17:15:13 | INFO     | src.bot.trading_bot:_check_force_close:229 | 临近收盘，执行强制平仓
2025-06-04 17:15:13 | ERROR    | src.trading.executor:_close_position:576 | 平仓失败: {"code":42210000,"message":"options market orders are only allowed during market hours"}
2025-06-04 17:15:13 | INFO     | src.trading.executor:close_all_positions:598 | 已平仓所有头寸，原因: 临近收盘强制平仓
2025-06-04 17:15:13 | INFO     | src.utils.notifications:send_message:63 | [GENERAL] 🕐 强制平仓执行
时间: 20:15:13.053859
原因: 临近收盘
平仓头寸数: 1
2025-06-04 17:16:05 | INFO     | src.bot.trading_bot:_check_force_close:229 | 临近收盘，执行强制平仓
2025-06-04 17:16:05 | ERROR    | src.trading.executor:_close_position:576 | 平仓失败: {"code":42210000,"message":"options market orders are only allowed during market hours"}
2025-06-04 17:16:05 | INFO     | src.trading.executor:close_all_positions:598 | 已平仓所有头寸，原因: 临近收盘强制平仓
2025-06-04 17:16:05 | INFO     | src.utils.notifications:send_message:63 | [GENERAL] 🕐 强制平仓执行
时间: 20:16:05.577957
原因: 临近收盘
平仓头寸数: 1
2025-06-04 17:16:13 | INFO     | src.bot.trading_bot:_check_force_close:229 | 临近收盘，执行强制平仓
2025-06-04 17:16:13 | ERROR    | src.trading.executor:_close_position:576 | 平仓失败: {"code":42210000,"message":"options market orders are only allowed during market hours"}
2025-06-04 17:16:13 | INFO     | src.trading.executor:close_all_positions:598 | 已平仓所有头寸，原因: 临近收盘强制平仓
2025-06-04 17:16:13 | INFO     | src.utils.notifications:send_message:63 | [GENERAL] 🕐 强制平仓执行
时间: 20:16:13.637725
原因: 临近收盘
平仓头寸数: 1
2025-06-04 17:17:06 | INFO     | src.bot.trading_bot:_check_force_close:229 | 临近收盘，执行强制平仓
2025-06-04 17:17:06 | ERROR    | src.trading.executor:_close_position:576 | 平仓失败: {"code":42210000,"message":"options market orders are only allowed during market hours"}
2025-06-04 17:17:06 | INFO     | src.trading.executor:close_all_positions:598 | 已平仓所有头寸，原因: 临近收盘强制平仓
2025-06-04 17:17:06 | INFO     | src.utils.notifications:send_message:63 | [GENERAL] 🕐 强制平仓执行
时间: 20:17:06.154888
原因: 临近收盘
平仓头寸数: 1
2025-06-04 17:17:14 | INFO     | src.bot.trading_bot:_check_force_close:229 | 临近收盘，执行强制平仓
2025-06-04 17:17:14 | ERROR    | src.trading.executor:_close_position:576 | 平仓失败: {"code":42210000,"message":"options market orders are only allowed during market hours"}
2025-06-04 17:17:14 | INFO     | src.trading.executor:close_all_positions:598 | 已平仓所有头寸，原因: 临近收盘强制平仓
2025-06-04 17:17:14 | INFO     | src.utils.notifications:send_message:63 | [GENERAL] 🕐 强制平仓执行
时间: 20:17:14.205449
原因: 临近收盘
平仓头寸数: 1
2025-06-04 17:18:06 | INFO     | src.bot.trading_bot:_check_force_close:229 | 临近收盘，执行强制平仓
2025-06-04 17:18:06 | ERROR    | src.trading.executor:_close_position:576 | 平仓失败: {"code":42210000,"message":"options market orders are only allowed during market hours"}
2025-06-04 17:18:06 | INFO     | src.trading.executor:close_all_positions:598 | 已平仓所有头寸，原因: 临近收盘强制平仓
2025-06-04 17:18:06 | INFO     | src.utils.notifications:send_message:63 | [GENERAL] 🕐 强制平仓执行
时间: 20:18:06.754617
原因: 临近收盘
平仓头寸数: 1
2025-06-04 17:18:14 | INFO     | src.bot.trading_bot:_check_force_close:229 | 临近收盘，执行强制平仓
2025-06-04 17:18:15 | ERROR    | src.trading.executor:_close_position:576 | 平仓失败: {"code":42210000,"message":"options market orders are only allowed during market hours"}
2025-06-04 17:18:15 | INFO     | src.trading.executor:close_all_positions:598 | 已平仓所有头寸，原因: 临近收盘强制平仓
2025-06-04 17:18:15 | INFO     | src.utils.notifications:send_message:63 | [GENERAL] 🕐 强制平仓执行
时间: 20:18:14.971815
原因: 临近收盘
平仓头寸数: 1
2025-06-04 17:19:07 | INFO     | src.bot.trading_bot:_check_force_close:229 | 临近收盘，执行强制平仓
2025-06-04 17:19:07 | ERROR    | src.trading.executor:_close_position:576 | 平仓失败: {"code":42210000,"message":"options market orders are only allowed during market hours"}
2025-06-04 17:19:07 | INFO     | src.trading.executor:close_all_positions:598 | 已平仓所有头寸，原因: 临近收盘强制平仓
2025-06-04 17:19:07 | INFO     | src.utils.notifications:send_message:63 | [GENERAL] 🕐 强制平仓执行
时间: 20:19:07.327017
原因: 临近收盘
平仓头寸数: 1
2025-06-04 17:19:15 | INFO     | src.bot.trading_bot:_check_force_close:229 | 临近收盘，执行强制平仓
2025-06-04 17:19:15 | ERROR    | src.trading.executor:_close_position:576 | 平仓失败: {"code":42210000,"message":"options market orders are only allowed during market hours"}
2025-06-04 17:19:15 | INFO     | src.trading.executor:close_all_positions:598 | 已平仓所有头寸，原因: 临近收盘强制平仓
2025-06-04 17:19:15 | INFO     | src.utils.notifications:send_message:63 | [GENERAL] 🕐 强制平仓执行
时间: 20:19:15.560087
原因: 临近收盘
平仓头寸数: 1
2025-06-04 17:20:07 | INFO     | src.bot.trading_bot:_check_force_close:229 | 临近收盘，执行强制平仓
2025-06-04 17:20:08 | ERROR    | src.trading.executor:_close_position:576 | 平仓失败: {"code":42210000,"message":"options market orders are only allowed during market hours"}
2025-06-04 17:20:08 | INFO     | src.trading.executor:close_all_positions:598 | 已平仓所有头寸，原因: 临近收盘强制平仓
2025-06-04 17:20:08 | INFO     | src.utils.notifications:send_message:63 | [GENERAL] 🕐 强制平仓执行
时间: 20:20:07.943693
原因: 临近收盘
平仓头寸数: 1
2025-06-04 17:20:16 | INFO     | src.bot.trading_bot:_check_force_close:229 | 临近收盘，执行强制平仓
2025-06-04 17:20:16 | ERROR    | src.trading.executor:_close_position:576 | 平仓失败: {"code":42210000,"message":"options market orders are only allowed during market hours"}
2025-06-04 17:20:16 | INFO     | src.trading.executor:close_all_positions:598 | 已平仓所有头寸，原因: 临近收盘强制平仓
2025-06-04 17:20:16 | INFO     | src.utils.notifications:send_message:63 | [GENERAL] 🕐 强制平仓执行
时间: 20:20:16.328936
原因: 临近收盘
平仓头寸数: 1
2025-06-04 17:21:08 | INFO     | src.bot.trading_bot:_check_force_close:229 | 临近收盘，执行强制平仓
2025-06-04 17:21:08 | ERROR    | src.trading.executor:_close_position:576 | 平仓失败: {"code":42210000,"message":"options market orders are only allowed during market hours"}
2025-06-04 17:21:08 | INFO     | src.trading.executor:close_all_positions:598 | 已平仓所有头寸，原因: 临近收盘强制平仓
2025-06-04 17:21:08 | INFO     | src.utils.notifications:send_message:63 | [GENERAL] 🕐 强制平仓执行
时间: 20:21:08.524523
原因: 临近收盘
平仓头寸数: 1
2025-06-04 17:21:16 | INFO     | src.bot.trading_bot:_check_force_close:229 | 临近收盘，执行强制平仓
2025-06-04 17:21:17 | ERROR    | src.trading.executor:_close_position:576 | 平仓失败: {"code":42210000,"message":"options market orders are only allowed during market hours"}
2025-06-04 17:21:17 | INFO     | src.trading.executor:close_all_positions:598 | 已平仓所有头寸，原因: 临近收盘强制平仓
2025-06-04 17:21:17 | INFO     | src.utils.notifications:send_message:63 | [GENERAL] 🕐 强制平仓执行
时间: 20:21:16.952094
原因: 临近收盘
平仓头寸数: 1
2025-06-04 17:22:09 | INFO     | src.bot.trading_bot:_check_force_close:229 | 临近收盘，执行强制平仓
2025-06-04 17:22:09 | ERROR    | src.trading.executor:_close_position:576 | 平仓失败: {"code":42210000,"message":"options market orders are only allowed during market hours"}
2025-06-04 17:22:09 | INFO     | src.trading.executor:close_all_positions:598 | 已平仓所有头寸，原因: 临近收盘强制平仓
2025-06-04 17:22:09 | INFO     | src.utils.notifications:send_message:63 | [GENERAL] 🕐 强制平仓执行
时间: 20:22:09.121475
原因: 临近收盘
平仓头寸数: 1
2025-06-04 17:22:17 | INFO     | src.bot.trading_bot:_check_force_close:229 | 临近收盘，执行强制平仓
2025-06-04 17:22:17 | ERROR    | src.trading.executor:_close_position:576 | 平仓失败: {"code":42210000,"message":"options market orders are only allowed during market hours"}
2025-06-04 17:22:17 | INFO     | src.trading.executor:close_all_positions:598 | 已平仓所有头寸，原因: 临近收盘强制平仓
2025-06-04 17:22:17 | INFO     | src.utils.notifications:send_message:63 | [GENERAL] 🕐 强制平仓执行
时间: 20:22:17.568629
原因: 临近收盘
平仓头寸数: 1
2025-06-04 17:23:09 | INFO     | src.bot.trading_bot:_check_force_close:229 | 临近收盘，执行强制平仓
2025-06-04 17:23:09 | ERROR    | src.trading.executor:_close_position:576 | 平仓失败: {"code":42210000,"message":"options market orders are only allowed during market hours"}
2025-06-04 17:23:09 | INFO     | src.trading.executor:close_all_positions:598 | 已平仓所有头寸，原因: 临近收盘强制平仓
2025-06-04 17:23:09 | INFO     | src.utils.notifications:send_message:63 | [GENERAL] 🕐 强制平仓执行
时间: 20:23:09.749126
原因: 临近收盘
平仓头寸数: 1
2025-06-04 17:23:18 | INFO     | src.bot.trading_bot:_check_force_close:229 | 临近收盘，执行强制平仓
2025-06-04 17:23:18 | ERROR    | src.trading.executor:_close_position:576 | 平仓失败: {"code":42210000,"message":"options market orders are only allowed during market hours"}
2025-06-04 17:23:18 | INFO     | src.trading.executor:close_all_positions:598 | 已平仓所有头寸，原因: 临近收盘强制平仓
2025-06-04 17:23:18 | INFO     | src.utils.notifications:send_message:63 | [GENERAL] 🕐 强制平仓执行
时间: 20:23:18.160545
原因: 临近收盘
平仓头寸数: 1
2025-06-04 17:24:10 | INFO     | src.bot.trading_bot:_check_force_close:229 | 临近收盘，执行强制平仓
2025-06-04 17:24:10 | ERROR    | src.trading.executor:_close_position:576 | 平仓失败: {"code":42210000,"message":"options market orders are only allowed during market hours"}
2025-06-04 17:24:10 | INFO     | src.trading.executor:close_all_positions:598 | 已平仓所有头寸，原因: 临近收盘强制平仓
2025-06-04 17:24:10 | INFO     | src.utils.notifications:send_message:63 | [GENERAL] 🕐 强制平仓执行
时间: 20:24:10.304633
原因: 临近收盘
平仓头寸数: 1
2025-06-04 17:24:18 | INFO     | src.bot.trading_bot:_check_force_close:229 | 临近收盘，执行强制平仓
2025-06-04 17:24:18 | ERROR    | src.trading.executor:_close_position:576 | 平仓失败: {"code":42210000,"message":"options market orders are only allowed during market hours"}
2025-06-04 17:24:18 | INFO     | src.trading.executor:close_all_positions:598 | 已平仓所有头寸，原因: 临近收盘强制平仓
2025-06-04 17:24:18 | INFO     | src.utils.notifications:send_message:63 | [GENERAL] 🕐 强制平仓执行
时间: 20:24:18.777502
原因: 临近收盘
平仓头寸数: 1
2025-06-04 17:25:10 | INFO     | src.bot.trading_bot:_check_force_close:229 | 临近收盘，执行强制平仓
2025-06-04 17:25:11 | ERROR    | src.trading.executor:_close_position:576 | 平仓失败: {"code":42210000,"message":"options market orders are only allowed during market hours"}
2025-06-04 17:25:11 | INFO     | src.trading.executor:close_all_positions:598 | 已平仓所有头寸，原因: 临近收盘强制平仓
2025-06-04 17:25:11 | INFO     | src.utils.notifications:send_message:63 | [GENERAL] 🕐 强制平仓执行
时间: 20:25:10.892681
原因: 临近收盘
平仓头寸数: 1
2025-06-04 17:25:19 | INFO     | src.bot.trading_bot:_check_force_close:229 | 临近收盘，执行强制平仓
2025-06-04 17:25:19 | ERROR    | src.trading.executor:_close_position:576 | 平仓失败: {"code":42210000,"message":"options market orders are only allowed during market hours"}
2025-06-04 17:25:19 | INFO     | src.trading.executor:close_all_positions:598 | 已平仓所有头寸，原因: 临近收盘强制平仓
2025-06-04 17:25:19 | INFO     | src.utils.notifications:send_message:63 | [GENERAL] 🕐 强制平仓执行
时间: 20:25:19.377292
原因: 临近收盘
平仓头寸数: 1
2025-06-04 17:26:11 | INFO     | src.bot.trading_bot:_check_force_close:229 | 临近收盘，执行强制平仓
2025-06-04 17:26:11 | ERROR    | src.trading.executor:_close_position:576 | 平仓失败: {"code":42210000,"message":"options market orders are only allowed during market hours"}
2025-06-04 17:26:11 | INFO     | src.trading.executor:close_all_positions:598 | 已平仓所有头寸，原因: 临近收盘强制平仓
2025-06-04 17:26:11 | INFO     | src.utils.notifications:send_message:63 | [GENERAL] 🕐 强制平仓执行
时间: 20:26:11.484025
原因: 临近收盘
平仓头寸数: 1
2025-06-04 17:26:19 | INFO     | src.bot.trading_bot:_check_force_close:229 | 临近收盘，执行强制平仓
2025-06-04 17:26:20 | ERROR    | src.trading.executor:_close_position:576 | 平仓失败: {"code":42210000,"message":"options market orders are only allowed during market hours"}
2025-06-04 17:26:20 | INFO     | src.trading.executor:close_all_positions:598 | 已平仓所有头寸，原因: 临近收盘强制平仓
2025-06-04 17:26:20 | INFO     | src.utils.notifications:send_message:63 | [GENERAL] 🕐 强制平仓执行
时间: 20:26:19.955366
原因: 临近收盘
平仓头寸数: 1
2025-06-04 17:27:12 | INFO     | src.bot.trading_bot:_check_force_close:229 | 临近收盘，执行强制平仓
2025-06-04 17:27:12 | ERROR    | src.trading.executor:_close_position:576 | 平仓失败: {"code":42210000,"message":"options market orders are only allowed during market hours"}
2025-06-04 17:27:12 | INFO     | src.trading.executor:close_all_positions:598 | 已平仓所有头寸，原因: 临近收盘强制平仓
2025-06-04 17:27:12 | INFO     | src.utils.notifications:send_message:63 | [GENERAL] 🕐 强制平仓执行
时间: 20:27:12.111638
原因: 临近收盘
平仓头寸数: 1
2025-06-04 17:27:20 | INFO     | src.bot.trading_bot:_check_force_close:229 | 临近收盘，执行强制平仓
2025-06-04 17:27:20 | ERROR    | src.trading.executor:_close_position:576 | 平仓失败: {"code":42210000,"message":"options market orders are only allowed during market hours"}
2025-06-04 17:27:20 | INFO     | src.trading.executor:close_all_positions:598 | 已平仓所有头寸，原因: 临近收盘强制平仓
2025-06-04 17:27:20 | INFO     | src.utils.notifications:send_message:63 | [GENERAL] 🕐 强制平仓执行
时间: 20:27:20.602670
原因: 临近收盘
平仓头寸数: 1
2025-06-04 17:28:12 | INFO     | src.bot.trading_bot:_check_force_close:229 | 临近收盘，执行强制平仓
2025-06-04 17:28:12 | ERROR    | src.trading.executor:_close_position:576 | 平仓失败: {"code":42210000,"message":"options market orders are only allowed during market hours"}
2025-06-04 17:28:12 | INFO     | src.trading.executor:close_all_positions:598 | 已平仓所有头寸，原因: 临近收盘强制平仓
2025-06-04 17:28:12 | INFO     | src.utils.notifications:send_message:63 | [GENERAL] 🕐 强制平仓执行
时间: 20:28:12.693785
原因: 临近收盘
平仓头寸数: 1
2025-06-04 17:28:21 | INFO     | src.bot.trading_bot:_check_force_close:229 | 临近收盘，执行强制平仓
2025-06-04 17:28:21 | ERROR    | src.trading.executor:_close_position:576 | 平仓失败: {"code":42210000,"message":"options market orders are only allowed during market hours"}
2025-06-04 17:28:21 | INFO     | src.trading.executor:close_all_positions:598 | 已平仓所有头寸，原因: 临近收盘强制平仓
2025-06-04 17:28:21 | INFO     | src.utils.notifications:send_message:63 | [GENERAL] 🕐 强制平仓执行
时间: 20:28:21.196202
原因: 临近收盘
平仓头寸数: 1
2025-06-04 17:29:13 | INFO     | src.bot.trading_bot:_check_force_close:229 | 临近收盘，执行强制平仓
2025-06-04 17:29:13 | ERROR    | src.trading.executor:_close_position:576 | 平仓失败: {"code":42210000,"message":"options market orders are only allowed during market hours"}
2025-06-04 17:29:13 | INFO     | src.trading.executor:close_all_positions:598 | 已平仓所有头寸，原因: 临近收盘强制平仓
2025-06-04 17:29:13 | INFO     | src.utils.notifications:send_message:63 | [GENERAL] 🕐 强制平仓执行
时间: 20:29:13.288372
原因: 临近收盘
平仓头寸数: 1
2025-06-04 17:29:21 | INFO     | src.bot.trading_bot:_check_force_close:229 | 临近收盘，执行强制平仓
2025-06-04 17:29:21 | ERROR    | src.trading.executor:_close_position:576 | 平仓失败: {"code":42210000,"message":"options market orders are only allowed during market hours"}
2025-06-04 17:29:21 | INFO     | src.trading.executor:close_all_positions:598 | 已平仓所有头寸，原因: 临近收盘强制平仓
2025-06-04 17:29:21 | INFO     | src.utils.notifications:send_message:63 | [GENERAL] 🕐 强制平仓执行
时间: 20:29:21.771692
原因: 临近收盘
平仓头寸数: 1
2025-06-04 17:30:13 | INFO     | src.bot.trading_bot:_check_force_close:229 | 临近收盘，执行强制平仓
2025-06-04 17:30:14 | ERROR    | src.trading.executor:_close_position:576 | 平仓失败: {"code":42210000,"message":"options market orders are only allowed during market hours"}
2025-06-04 17:30:14 | INFO     | src.trading.executor:close_all_positions:598 | 已平仓所有头寸，原因: 临近收盘强制平仓
2025-06-04 17:30:14 | INFO     | src.utils.notifications:send_message:63 | [GENERAL] 🕐 强制平仓执行
时间: 20:30:13.909881
原因: 临近收盘
平仓头寸数: 1
2025-06-04 17:30:22 | INFO     | src.bot.trading_bot:_check_force_close:229 | 临近收盘，执行强制平仓
2025-06-04 17:30:22 | ERROR    | src.trading.executor:_close_position:576 | 平仓失败: {"code":42210000,"message":"options market orders are only allowed during market hours"}
2025-06-04 17:30:22 | INFO     | src.trading.executor:close_all_positions:598 | 已平仓所有头寸，原因: 临近收盘强制平仓
2025-06-04 17:30:22 | INFO     | src.utils.notifications:send_message:63 | [GENERAL] 🕐 强制平仓执行
时间: 20:30:22.352091
原因: 临近收盘
平仓头寸数: 1
2025-06-04 17:31:14 | INFO     | src.bot.trading_bot:_check_force_close:229 | 临近收盘，执行强制平仓
2025-06-04 17:31:14 | ERROR    | src.trading.executor:_close_position:576 | 平仓失败: {"code":42210000,"message":"options market orders are only allowed during market hours"}
2025-06-04 17:31:14 | INFO     | src.trading.executor:close_all_positions:598 | 已平仓所有头寸，原因: 临近收盘强制平仓
2025-06-04 17:31:14 | INFO     | src.utils.notifications:send_message:63 | [GENERAL] 🕐 强制平仓执行
时间: 20:31:14.497122
原因: 临近收盘
平仓头寸数: 1
2025-06-04 17:31:22 | INFO     | src.bot.trading_bot:_check_force_close:229 | 临近收盘，执行强制平仓
2025-06-04 17:31:23 | ERROR    | src.trading.executor:_close_position:576 | 平仓失败: {"code":42210000,"message":"options market orders are only allowed during market hours"}
2025-06-04 17:31:23 | INFO     | src.trading.executor:close_all_positions:598 | 已平仓所有头寸，原因: 临近收盘强制平仓
2025-06-04 17:31:23 | INFO     | src.utils.notifications:send_message:63 | [GENERAL] 🕐 强制平仓执行
时间: 20:31:22.905201
原因: 临近收盘
平仓头寸数: 1
2025-06-04 17:32:15 | INFO     | src.bot.trading_bot:_check_force_close:229 | 临近收盘，执行强制平仓
2025-06-04 17:32:15 | ERROR    | src.trading.executor:_close_position:576 | 平仓失败: {"code":42210000,"message":"options market orders are only allowed during market hours"}
2025-06-04 17:32:15 | INFO     | src.trading.executor:close_all_positions:598 | 已平仓所有头寸，原因: 临近收盘强制平仓
2025-06-04 17:32:15 | INFO     | src.utils.notifications:send_message:63 | [GENERAL] 🕐 强制平仓执行
时间: 20:32:15.075323
原因: 临近收盘
平仓头寸数: 1
2025-06-04 17:32:23 | INFO     | src.bot.trading_bot:_check_force_close:229 | 临近收盘，执行强制平仓
2025-06-04 17:32:23 | ERROR    | src.trading.executor:_close_position:576 | 平仓失败: {"code":42210000,"message":"options market orders are only allowed during market hours"}
2025-06-04 17:32:23 | INFO     | src.trading.executor:close_all_positions:598 | 已平仓所有头寸，原因: 临近收盘强制平仓
2025-06-04 17:32:23 | INFO     | src.utils.notifications:send_message:63 | [GENERAL] 🕐 强制平仓执行
时间: 20:32:23.479165
原因: 临近收盘
平仓头寸数: 1
2025-06-04 17:33:15 | INFO     | src.bot.trading_bot:_check_force_close:229 | 临近收盘，执行强制平仓
2025-06-04 17:33:15 | ERROR    | src.trading.executor:_close_position:576 | 平仓失败: {"code":42210000,"message":"options market orders are only allowed during market hours"}
2025-06-04 17:33:15 | INFO     | src.trading.executor:close_all_positions:598 | 已平仓所有头寸，原因: 临近收盘强制平仓
2025-06-04 17:33:15 | INFO     | src.utils.notifications:send_message:63 | [GENERAL] 🕐 强制平仓执行
时间: 20:33:15.760470
原因: 临近收盘
平仓头寸数: 1
2025-06-04 17:33:24 | INFO     | src.bot.trading_bot:_check_force_close:229 | 临近收盘，执行强制平仓
2025-06-04 17:33:24 | ERROR    | src.trading.executor:_close_position:576 | 平仓失败: {"code":42210000,"message":"options market orders are only allowed during market hours"}
2025-06-04 17:33:24 | INFO     | src.trading.executor:close_all_positions:598 | 已平仓所有头寸，原因: 临近收盘强制平仓
2025-06-04 17:33:24 | INFO     | src.utils.notifications:send_message:63 | [GENERAL] 🕐 强制平仓执行
时间: 20:33:24.127147
原因: 临近收盘
平仓头寸数: 1
2025-06-04 17:34:16 | INFO     | src.bot.trading_bot:_check_force_close:229 | 临近收盘，执行强制平仓
2025-06-04 17:34:16 | ERROR    | src.trading.executor:_close_position:576 | 平仓失败: {"code":42210000,"message":"options market orders are only allowed during market hours"}
2025-06-04 17:34:16 | INFO     | src.trading.executor:close_all_positions:598 | 已平仓所有头寸，原因: 临近收盘强制平仓
2025-06-04 17:34:16 | INFO     | src.utils.notifications:send_message:63 | [GENERAL] 🕐 强制平仓执行
时间: 20:34:16.360090
原因: 临近收盘
平仓头寸数: 1
2025-06-04 17:34:24 | INFO     | src.bot.trading_bot:_check_force_close:229 | 临近收盘，执行强制平仓
2025-06-04 17:34:24 | ERROR    | src.trading.executor:_close_position:576 | 平仓失败: {"code":42210000,"message":"options market orders are only allowed during market hours"}
2025-06-04 17:34:24 | INFO     | src.trading.executor:close_all_positions:598 | 已平仓所有头寸，原因: 临近收盘强制平仓
2025-06-04 17:34:24 | INFO     | src.utils.notifications:send_message:63 | [GENERAL] 🕐 强制平仓执行
时间: 20:34:24.687814
原因: 临近收盘
平仓头寸数: 1
2025-06-04 17:35:16 | INFO     | src.bot.trading_bot:_check_force_close:229 | 临近收盘，执行强制平仓
2025-06-04 17:35:17 | ERROR    | src.trading.executor:_close_position:576 | 平仓失败: {"code":42210000,"message":"options market orders are only allowed during market hours"}
2025-06-04 17:35:17 | INFO     | src.trading.executor:close_all_positions:598 | 已平仓所有头寸，原因: 临近收盘强制平仓
2025-06-04 17:35:17 | INFO     | src.utils.notifications:send_message:63 | [GENERAL] 🕐 强制平仓执行
时间: 20:35:16.947975
原因: 临近收盘
平仓头寸数: 1
2025-06-04 17:35:25 | INFO     | src.bot.trading_bot:_check_force_close:229 | 临近收盘，执行强制平仓
2025-06-04 17:35:25 | ERROR    | src.trading.executor:_close_position:576 | 平仓失败: {"code":42210000,"message":"options market orders are only allowed during market hours"}
2025-06-04 17:35:25 | INFO     | src.trading.executor:close_all_positions:598 | 已平仓所有头寸，原因: 临近收盘强制平仓
2025-06-04 17:35:25 | INFO     | src.utils.notifications:send_message:63 | [GENERAL] 🕐 强制平仓执行
时间: 20:35:25.293571
原因: 临近收盘
平仓头寸数: 1
2025-06-04 17:36:17 | INFO     | src.bot.trading_bot:_check_force_close:229 | 临近收盘，执行强制平仓
2025-06-04 17:36:17 | ERROR    | src.trading.executor:_close_position:576 | 平仓失败: {"code":42210000,"message":"options market orders are only allowed during market hours"}
2025-06-04 17:36:17 | INFO     | src.trading.executor:close_all_positions:598 | 已平仓所有头寸，原因: 临近收盘强制平仓
2025-06-04 17:36:17 | INFO     | src.utils.notifications:send_message:63 | [GENERAL] 🕐 强制平仓执行
时间: 20:36:17.528629
原因: 临近收盘
平仓头寸数: 1
2025-06-04 17:36:25 | INFO     | src.bot.trading_bot:_check_force_close:229 | 临近收盘，执行强制平仓
2025-06-04 17:36:25 | ERROR    | src.trading.executor:_close_position:576 | 平仓失败: {"code":42210000,"message":"options market orders are only allowed during market hours"}
2025-06-04 17:36:25 | INFO     | src.trading.executor:close_all_positions:598 | 已平仓所有头寸，原因: 临近收盘强制平仓
2025-06-04 17:36:25 | INFO     | src.utils.notifications:send_message:63 | [GENERAL] 🕐 强制平仓执行
时间: 20:36:25.891613
原因: 临近收盘
平仓头寸数: 1
2025-06-04 17:37:18 | INFO     | src.bot.trading_bot:_check_force_close:229 | 临近收盘，执行强制平仓
2025-06-04 17:37:18 | ERROR    | src.trading.executor:_close_position:576 | 平仓失败: {"code":42210000,"message":"options market orders are only allowed during market hours"}
2025-06-04 17:37:18 | INFO     | src.trading.executor:close_all_positions:598 | 已平仓所有头寸，原因: 临近收盘强制平仓
2025-06-04 17:37:18 | INFO     | src.utils.notifications:send_message:63 | [GENERAL] 🕐 强制平仓执行
时间: 20:37:18.092257
原因: 临近收盘
平仓头寸数: 1
2025-06-04 17:37:26 | INFO     | src.bot.trading_bot:_check_force_close:229 | 临近收盘，执行强制平仓
2025-06-04 17:37:26 | ERROR    | src.trading.executor:_close_position:576 | 平仓失败: {"code":42210000,"message":"options market orders are only allowed during market hours"}
2025-06-04 17:37:26 | INFO     | src.trading.executor:close_all_positions:598 | 已平仓所有头寸，原因: 临近收盘强制平仓
2025-06-04 17:37:26 | INFO     | src.utils.notifications:send_message:63 | [GENERAL] 🕐 强制平仓执行
时间: 20:37:26.440048
原因: 临近收盘
平仓头寸数: 1
2025-06-04 17:38:18 | INFO     | src.bot.trading_bot:_check_force_close:229 | 临近收盘，执行强制平仓
2025-06-04 17:38:18 | ERROR    | src.trading.executor:_close_position:576 | 平仓失败: {"code":42210000,"message":"options market orders are only allowed during market hours"}
2025-06-04 17:38:18 | INFO     | src.trading.executor:close_all_positions:598 | 已平仓所有头寸，原因: 临近收盘强制平仓
2025-06-04 17:38:18 | INFO     | src.utils.notifications:send_message:63 | [GENERAL] 🕐 强制平仓执行
时间: 20:38:18.721390
原因: 临近收盘
平仓头寸数: 1
2025-06-04 17:38:27 | INFO     | src.bot.trading_bot:_check_force_close:229 | 临近收盘，执行强制平仓
2025-06-04 17:38:27 | ERROR    | src.trading.executor:_close_position:576 | 平仓失败: {"code":42210000,"message":"options market orders are only allowed during market hours"}
2025-06-04 17:38:27 | INFO     | src.trading.executor:close_all_positions:598 | 已平仓所有头寸，原因: 临近收盘强制平仓
2025-06-04 17:38:27 | INFO     | src.utils.notifications:send_message:63 | [GENERAL] 🕐 强制平仓执行
时间: 20:38:27.125291
原因: 临近收盘
平仓头寸数: 1
2025-06-04 17:39:19 | INFO     | src.bot.trading_bot:_check_force_close:229 | 临近收盘，执行强制平仓
2025-06-04 17:39:19 | ERROR    | src.trading.executor:_close_position:576 | 平仓失败: {"code":42210000,"message":"options market orders are only allowed during market hours"}
2025-06-04 17:39:19 | INFO     | src.trading.executor:close_all_positions:598 | 已平仓所有头寸，原因: 临近收盘强制平仓
2025-06-04 17:39:19 | INFO     | src.utils.notifications:send_message:63 | [GENERAL] 🕐 强制平仓执行
时间: 20:39:19.415627
原因: 临近收盘
平仓头寸数: 1
2025-06-04 17:39:27 | INFO     | src.bot.trading_bot:_check_force_close:229 | 临近收盘，执行强制平仓
2025-06-04 17:39:27 | ERROR    | src.trading.executor:_close_position:576 | 平仓失败: {"code":42210000,"message":"options market orders are only allowed during market hours"}
2025-06-04 17:39:27 | INFO     | src.trading.executor:close_all_positions:598 | 已平仓所有头寸，原因: 临近收盘强制平仓
2025-06-04 17:39:27 | INFO     | src.utils.notifications:send_message:63 | [GENERAL] 🕐 强制平仓执行
时间: 20:39:27.735397
原因: 临近收盘
平仓头寸数: 1
2025-06-04 17:40:20 | INFO     | src.bot.trading_bot:_check_force_close:229 | 临近收盘，执行强制平仓
2025-06-04 17:40:20 | ERROR    | src.trading.executor:_close_position:576 | 平仓失败: {"code":42210000,"message":"options market orders are only allowed during market hours"}
2025-06-04 17:40:20 | INFO     | src.trading.executor:close_all_positions:598 | 已平仓所有头寸，原因: 临近收盘强制平仓
2025-06-04 17:40:20 | INFO     | src.utils.notifications:send_message:63 | [GENERAL] 🕐 强制平仓执行
时间: 20:40:20.006877
原因: 临近收盘
平仓头寸数: 1
2025-06-04 17:40:28 | INFO     | src.bot.trading_bot:_check_force_close:229 | 临近收盘，执行强制平仓
2025-06-04 17:40:28 | ERROR    | src.trading.executor:_close_position:576 | 平仓失败: {"code":42210000,"message":"options market orders are only allowed during market hours"}
2025-06-04 17:40:28 | INFO     | src.trading.executor:close_all_positions:598 | 已平仓所有头寸，原因: 临近收盘强制平仓
2025-06-04 17:40:28 | INFO     | src.utils.notifications:send_message:63 | [GENERAL] 🕐 强制平仓执行
时间: 20:40:28.383572
原因: 临近收盘
平仓头寸数: 1
2025-06-04 17:41:20 | INFO     | src.bot.trading_bot:_check_force_close:229 | 临近收盘，执行强制平仓
2025-06-04 17:41:20 | ERROR    | src.trading.executor:_close_position:576 | 平仓失败: {"code":42210000,"message":"options market orders are only allowed during market hours"}
2025-06-04 17:41:20 | INFO     | src.trading.executor:close_all_positions:598 | 已平仓所有头寸，原因: 临近收盘强制平仓
2025-06-04 17:41:20 | INFO     | src.utils.notifications:send_message:63 | [GENERAL] 🕐 强制平仓执行
时间: 20:41:20.576656
原因: 临近收盘
平仓头寸数: 1
2025-06-04 17:41:29 | INFO     | src.bot.trading_bot:_check_force_close:229 | 临近收盘，执行强制平仓
2025-06-04 17:41:29 | ERROR    | src.trading.executor:_close_position:576 | 平仓失败: {"code":42210000,"message":"options market orders are only allowed during market hours"}
2025-06-04 17:41:29 | INFO     | src.trading.executor:close_all_positions:598 | 已平仓所有头寸，原因: 临近收盘强制平仓
2025-06-04 17:41:29 | INFO     | src.utils.notifications:send_message:63 | [GENERAL] 🕐 强制平仓执行
时间: 20:41:29.009809
原因: 临近收盘
平仓头寸数: 1
2025-06-04 17:42:21 | INFO     | src.bot.trading_bot:_check_force_close:229 | 临近收盘，执行强制平仓
2025-06-04 17:42:21 | ERROR    | src.trading.executor:_close_position:576 | 平仓失败: {"code":42210000,"message":"options market orders are only allowed during market hours"}
2025-06-04 17:42:21 | INFO     | src.trading.executor:close_all_positions:598 | 已平仓所有头寸，原因: 临近收盘强制平仓
2025-06-04 17:42:21 | INFO     | src.utils.notifications:send_message:63 | [GENERAL] 🕐 强制平仓执行
时间: 20:42:21.248695
原因: 临近收盘
平仓头寸数: 1
2025-06-04 17:42:29 | INFO     | src.bot.trading_bot:_check_force_close:229 | 临近收盘，执行强制平仓
2025-06-04 17:42:29 | ERROR    | src.trading.executor:_close_position:576 | 平仓失败: {"code":42210000,"message":"options market orders are only allowed during market hours"}
2025-06-04 17:42:29 | INFO     | src.trading.executor:close_all_positions:598 | 已平仓所有头寸，原因: 临近收盘强制平仓
2025-06-04 17:42:29 | INFO     | src.utils.notifications:send_message:63 | [GENERAL] 🕐 强制平仓执行
时间: 20:42:29.601907
原因: 临近收盘
平仓头寸数: 1
2025-06-04 17:43:21 | INFO     | src.bot.trading_bot:_check_force_close:229 | 临近收盘，执行强制平仓
2025-06-04 17:43:21 | ERROR    | src.trading.executor:_close_position:576 | 平仓失败: {"code":42210000,"message":"options market orders are only allowed during market hours"}
2025-06-04 17:43:21 | INFO     | src.trading.executor:close_all_positions:598 | 已平仓所有头寸，原因: 临近收盘强制平仓
2025-06-04 17:43:21 | INFO     | src.utils.notifications:send_message:63 | [GENERAL] 🕐 强制平仓执行
时间: 20:43:21.835470
原因: 临近收盘
平仓头寸数: 1
2025-06-04 17:43:30 | INFO     | src.bot.trading_bot:_check_force_close:229 | 临近收盘，执行强制平仓
2025-06-04 17:43:30 | ERROR    | src.trading.executor:_close_position:576 | 平仓失败: {"code":42210000,"message":"options market orders are only allowed during market hours"}
2025-06-04 17:43:30 | INFO     | src.trading.executor:close_all_positions:598 | 已平仓所有头寸，原因: 临近收盘强制平仓
2025-06-04 17:43:30 | INFO     | src.utils.notifications:send_message:63 | [GENERAL] 🕐 强制平仓执行
时间: 20:43:30.205166
原因: 临近收盘
平仓头寸数: 1
2025-06-04 17:44:22 | INFO     | src.bot.trading_bot:_check_force_close:229 | 临近收盘，执行强制平仓
2025-06-04 17:44:22 | ERROR    | src.trading.executor:_close_position:576 | 平仓失败: {"code":42210000,"message":"options market orders are only allowed during market hours"}
2025-06-04 17:44:22 | INFO     | src.trading.executor:close_all_positions:598 | 已平仓所有头寸，原因: 临近收盘强制平仓
2025-06-04 17:44:22 | INFO     | src.utils.notifications:send_message:63 | [GENERAL] 🕐 强制平仓执行
时间: 20:44:22.440342
原因: 临近收盘
平仓头寸数: 1
2025-06-04 17:44:30 | INFO     | src.bot.trading_bot:_check_force_close:229 | 临近收盘，执行强制平仓
2025-06-04 17:44:30 | ERROR    | src.trading.executor:_close_position:576 | 平仓失败: {"code":42210000,"message":"options market orders are only allowed during market hours"}
2025-06-04 17:44:30 | INFO     | src.trading.executor:close_all_positions:598 | 已平仓所有头寸，原因: 临近收盘强制平仓
2025-06-04 17:44:30 | INFO     | src.utils.notifications:send_message:63 | [GENERAL] 🕐 强制平仓执行
时间: 20:44:30.828345
原因: 临近收盘
平仓头寸数: 1
2025-06-04 17:45:23 | INFO     | src.bot.trading_bot:_check_force_close:229 | 临近收盘，执行强制平仓
2025-06-04 17:45:23 | ERROR    | src.trading.executor:_close_position:576 | 平仓失败: {"code":42210000,"message":"options market orders are only allowed during market hours"}
2025-06-04 17:45:23 | INFO     | src.trading.executor:close_all_positions:598 | 已平仓所有头寸，原因: 临近收盘强制平仓
2025-06-04 17:45:23 | INFO     | src.utils.notifications:send_message:63 | [GENERAL] 🕐 强制平仓执行
时间: 20:45:23.040164
原因: 临近收盘
平仓头寸数: 1
2025-06-04 17:45:31 | INFO     | src.bot.trading_bot:_check_force_close:229 | 临近收盘，执行强制平仓
2025-06-04 17:45:31 | ERROR    | src.trading.executor:_close_position:576 | 平仓失败: {"code":42210000,"message":"options market orders are only allowed during market hours"}
2025-06-04 17:45:31 | INFO     | src.trading.executor:close_all_positions:598 | 已平仓所有头寸，原因: 临近收盘强制平仓
2025-06-04 17:45:31 | INFO     | src.utils.notifications:send_message:63 | [GENERAL] 🕐 强制平仓执行
时间: 20:45:31.417765
原因: 临近收盘
平仓头寸数: 1
2025-06-04 17:46:23 | INFO     | src.bot.trading_bot:_check_force_close:229 | 临近收盘，执行强制平仓
2025-06-04 17:46:23 | ERROR    | src.trading.executor:_close_position:576 | 平仓失败: {"code":42210000,"message":"options market orders are only allowed during market hours"}
2025-06-04 17:46:23 | INFO     | src.trading.executor:close_all_positions:598 | 已平仓所有头寸，原因: 临近收盘强制平仓
2025-06-04 17:46:23 | INFO     | src.utils.notifications:send_message:63 | [GENERAL] 🕐 强制平仓执行
时间: 20:46:23.608757
原因: 临近收盘
平仓头寸数: 1
2025-06-04 17:46:31 | INFO     | src.bot.trading_bot:_check_force_close:229 | 临近收盘，执行强制平仓
2025-06-04 17:46:32 | ERROR    | src.trading.executor:_close_position:576 | 平仓失败: {"code":42210000,"message":"options market orders are only allowed during market hours"}
2025-06-04 17:46:32 | INFO     | src.trading.executor:close_all_positions:598 | 已平仓所有头寸，原因: 临近收盘强制平仓
2025-06-04 17:46:32 | INFO     | src.utils.notifications:send_message:63 | [GENERAL] 🕐 强制平仓执行
时间: 20:46:31.998294
原因: 临近收盘
平仓头寸数: 1
2025-06-04 17:47:24 | INFO     | src.bot.trading_bot:_check_force_close:229 | 临近收盘，执行强制平仓
2025-06-04 17:47:24 | ERROR    | src.trading.executor:_close_position:576 | 平仓失败: {"code":42210000,"message":"options market orders are only allowed during market hours"}
2025-06-04 17:47:24 | INFO     | src.trading.executor:close_all_positions:598 | 已平仓所有头寸，原因: 临近收盘强制平仓
2025-06-04 17:47:24 | INFO     | src.utils.notifications:send_message:63 | [GENERAL] 🕐 强制平仓执行
时间: 20:47:24.202429
原因: 临近收盘
平仓头寸数: 1
2025-06-04 17:47:32 | INFO     | src.bot.trading_bot:_check_force_close:229 | 临近收盘，执行强制平仓
2025-06-04 17:47:32 | ERROR    | src.trading.executor:_close_position:576 | 平仓失败: {"code":42210000,"message":"options market orders are only allowed during market hours"}
2025-06-04 17:47:32 | INFO     | src.trading.executor:close_all_positions:598 | 已平仓所有头寸，原因: 临近收盘强制平仓
2025-06-04 17:47:32 | INFO     | src.utils.notifications:send_message:63 | [GENERAL] 🕐 强制平仓执行
时间: 20:47:32.563696
原因: 临近收盘
平仓头寸数: 1
2025-06-04 17:48:24 | INFO     | src.bot.trading_bot:_check_force_close:229 | 临近收盘，执行强制平仓
2025-06-04 17:48:24 | ERROR    | src.trading.executor:_close_position:576 | 平仓失败: {"code":42210000,"message":"options market orders are only allowed during market hours"}
2025-06-04 17:48:24 | INFO     | src.trading.executor:close_all_positions:598 | 已平仓所有头寸，原因: 临近收盘强制平仓
2025-06-04 17:48:24 | INFO     | src.utils.notifications:send_message:63 | [GENERAL] 🕐 强制平仓执行
时间: 20:48:24.789740
原因: 临近收盘
平仓头寸数: 1
2025-06-04 17:48:33 | INFO     | src.bot.trading_bot:_check_force_close:229 | 临近收盘，执行强制平仓
2025-06-04 17:48:33 | ERROR    | src.trading.executor:_close_position:576 | 平仓失败: {"code":42210000,"message":"options market orders are only allowed during market hours"}
2025-06-04 17:48:33 | INFO     | src.trading.executor:close_all_positions:598 | 已平仓所有头寸，原因: 临近收盘强制平仓
2025-06-04 17:48:33 | INFO     | src.utils.notifications:send_message:63 | [GENERAL] 🕐 强制平仓执行
时间: 20:48:33.140254
原因: 临近收盘
平仓头寸数: 1
2025-06-04 17:49:25 | INFO     | src.bot.trading_bot:_check_force_close:229 | 临近收盘，执行强制平仓
2025-06-04 17:49:25 | ERROR    | src.trading.executor:_close_position:576 | 平仓失败: {"code":42210000,"message":"options market orders are only allowed during market hours"}
2025-06-04 17:49:25 | INFO     | src.trading.executor:close_all_positions:598 | 已平仓所有头寸，原因: 临近收盘强制平仓
2025-06-04 17:49:25 | INFO     | src.utils.notifications:send_message:63 | [GENERAL] 🕐 强制平仓执行
时间: 20:49:25.433575
原因: 临近收盘
平仓头寸数: 1
2025-06-04 17:49:33 | INFO     | src.bot.trading_bot:_check_force_close:229 | 临近收盘，执行强制平仓
2025-06-04 17:49:33 | ERROR    | src.trading.executor:_close_position:576 | 平仓失败: {"code":42210000,"message":"options market orders are only allowed during market hours"}
2025-06-04 17:49:33 | INFO     | src.trading.executor:close_all_positions:598 | 已平仓所有头寸，原因: 临近收盘强制平仓
2025-06-04 17:49:33 | INFO     | src.utils.notifications:send_message:63 | [GENERAL] 🕐 强制平仓执行
时间: 20:49:33.738980
原因: 临近收盘
平仓头寸数: 1
2025-06-04 17:50:26 | INFO     | src.bot.trading_bot:_check_force_close:229 | 临近收盘，执行强制平仓
2025-06-04 17:50:26 | ERROR    | src.trading.executor:_close_position:576 | 平仓失败: {"code":42210000,"message":"options market orders are only allowed during market hours"}
2025-06-04 17:50:26 | INFO     | src.trading.executor:close_all_positions:598 | 已平仓所有头寸，原因: 临近收盘强制平仓
2025-06-04 17:50:26 | INFO     | src.utils.notifications:send_message:63 | [GENERAL] 🕐 强制平仓执行
时间: 20:50:26.062153
原因: 临近收盘
平仓头寸数: 1
2025-06-04 17:50:34 | INFO     | src.bot.trading_bot:_check_force_close:229 | 临近收盘，执行强制平仓
2025-06-04 17:50:34 | ERROR    | src.trading.executor:_close_position:576 | 平仓失败: {"code":42210000,"message":"options market orders are only allowed during market hours"}
2025-06-04 17:50:34 | INFO     | src.trading.executor:close_all_positions:598 | 已平仓所有头寸，原因: 临近收盘强制平仓
2025-06-04 17:50:34 | INFO     | src.utils.notifications:send_message:63 | [GENERAL] 🕐 强制平仓执行
时间: 20:50:34.355406
原因: 临近收盘
平仓头寸数: 1
2025-06-04 17:51:26 | INFO     | src.bot.trading_bot:_check_force_close:229 | 临近收盘，执行强制平仓
2025-06-04 17:51:26 | ERROR    | src.trading.executor:_close_position:576 | 平仓失败: {"code":42210000,"message":"options market orders are only allowed during market hours"}
2025-06-04 17:51:26 | INFO     | src.trading.executor:close_all_positions:598 | 已平仓所有头寸，原因: 临近收盘强制平仓
2025-06-04 17:51:26 | INFO     | src.utils.notifications:send_message:63 | [GENERAL] 🕐 强制平仓执行
时间: 20:51:26.671832
原因: 临近收盘
平仓头寸数: 1
2025-06-04 17:51:34 | INFO     | src.bot.trading_bot:_check_force_close:229 | 临近收盘，执行强制平仓
2025-06-04 17:51:35 | ERROR    | src.trading.executor:_close_position:576 | 平仓失败: {"code":42210000,"message":"options market orders are only allowed during market hours"}
2025-06-04 17:51:35 | INFO     | src.trading.executor:close_all_positions:598 | 已平仓所有头寸，原因: 临近收盘强制平仓
2025-06-04 17:51:35 | INFO     | src.utils.notifications:send_message:63 | [GENERAL] 🕐 强制平仓执行
时间: 20:51:34.969762
原因: 临近收盘
平仓头寸数: 1
2025-06-04 17:52:27 | INFO     | src.bot.trading_bot:_check_force_close:229 | 临近收盘，执行强制平仓
2025-06-04 17:52:27 | ERROR    | src.trading.executor:_close_position:576 | 平仓失败: {"code":42210000,"message":"options market orders are only allowed during market hours"}
2025-06-04 17:52:27 | INFO     | src.trading.executor:close_all_positions:598 | 已平仓所有头寸，原因: 临近收盘强制平仓
2025-06-04 17:52:27 | INFO     | src.utils.notifications:send_message:63 | [GENERAL] 🕐 强制平仓执行
时间: 20:52:27.254749
原因: 临近收盘
平仓头寸数: 1
2025-06-04 17:52:35 | INFO     | src.bot.trading_bot:_check_force_close:229 | 临近收盘，执行强制平仓
2025-06-04 17:52:35 | ERROR    | src.trading.executor:_close_position:576 | 平仓失败: {"code":42210000,"message":"options market orders are only allowed during market hours"}
2025-06-04 17:52:35 | INFO     | src.trading.executor:close_all_positions:598 | 已平仓所有头寸，原因: 临近收盘强制平仓
2025-06-04 17:52:35 | INFO     | src.utils.notifications:send_message:63 | [GENERAL] 🕐 强制平仓执行
时间: 20:52:35.588253
原因: 临近收盘
平仓头寸数: 1
2025-06-04 17:53:27 | INFO     | src.bot.trading_bot:_check_force_close:229 | 临近收盘，执行强制平仓
2025-06-04 17:53:27 | ERROR    | src.trading.executor:_close_position:576 | 平仓失败: {"code":42210000,"message":"options market orders are only allowed during market hours"}
2025-06-04 17:53:27 | INFO     | src.trading.executor:close_all_positions:598 | 已平仓所有头寸，原因: 临近收盘强制平仓
2025-06-04 17:53:27 | INFO     | src.utils.notifications:send_message:63 | [GENERAL] 🕐 强制平仓执行
时间: 20:53:27.858605
原因: 临近收盘
平仓头寸数: 1
2025-06-04 17:53:36 | INFO     | src.bot.trading_bot:_check_force_close:229 | 临近收盘，执行强制平仓
2025-06-04 17:53:36 | ERROR    | src.trading.executor:_close_position:576 | 平仓失败: {"code":42210000,"message":"options market orders are only allowed during market hours"}
2025-06-04 17:53:36 | INFO     | src.trading.executor:close_all_positions:598 | 已平仓所有头寸，原因: 临近收盘强制平仓
2025-06-04 17:53:36 | INFO     | src.utils.notifications:send_message:63 | [GENERAL] 🕐 强制平仓执行
时间: 20:53:36.269565
原因: 临近收盘
平仓头寸数: 1
2025-06-04 17:54:28 | INFO     | src.bot.trading_bot:_check_force_close:229 | 临近收盘，执行强制平仓
2025-06-04 17:54:28 | ERROR    | src.trading.executor:_close_position:576 | 平仓失败: {"code":42210000,"message":"options market orders are only allowed during market hours"}
2025-06-04 17:54:28 | INFO     | src.trading.executor:close_all_positions:598 | 已平仓所有头寸，原因: 临近收盘强制平仓
2025-06-04 17:54:28 | INFO     | src.utils.notifications:send_message:63 | [GENERAL] 🕐 强制平仓执行
时间: 20:54:28.448770
原因: 临近收盘
平仓头寸数: 1
2025-06-04 17:54:36 | INFO     | src.bot.trading_bot:_check_force_close:229 | 临近收盘，执行强制平仓
2025-06-04 17:54:36 | ERROR    | src.trading.executor:_close_position:576 | 平仓失败: {"code":42210000,"message":"options market orders are only allowed during market hours"}
2025-06-04 17:54:36 | INFO     | src.trading.executor:close_all_positions:598 | 已平仓所有头寸，原因: 临近收盘强制平仓
2025-06-04 17:54:36 | INFO     | src.utils.notifications:send_message:63 | [GENERAL] 🕐 强制平仓执行
时间: 20:54:36.829184
原因: 临近收盘
平仓头寸数: 1
2025-06-04 17:55:29 | INFO     | src.bot.trading_bot:_check_force_close:229 | 临近收盘，执行强制平仓
2025-06-04 17:55:29 | ERROR    | src.trading.executor:_close_position:576 | 平仓失败: {"code":42210000,"message":"options market orders are only allowed during market hours"}
2025-06-04 17:55:29 | INFO     | src.trading.executor:close_all_positions:598 | 已平仓所有头寸，原因: 临近收盘强制平仓
2025-06-04 17:55:29 | INFO     | src.utils.notifications:send_message:63 | [GENERAL] 🕐 强制平仓执行
时间: 20:55:29.014910
原因: 临近收盘
平仓头寸数: 1
2025-06-04 17:55:37 | INFO     | src.bot.trading_bot:_check_force_close:229 | 临近收盘，执行强制平仓
2025-06-04 17:55:37 | ERROR    | src.trading.executor:_close_position:576 | 平仓失败: {"code":42210000,"message":"options market orders are only allowed during market hours"}
2025-06-04 17:55:37 | INFO     | src.trading.executor:close_all_positions:598 | 已平仓所有头寸，原因: 临近收盘强制平仓
2025-06-04 17:55:37 | INFO     | src.utils.notifications:send_message:63 | [GENERAL] 🕐 强制平仓执行
时间: 20:55:37.465653
原因: 临近收盘
平仓头寸数: 1
2025-06-04 17:56:29 | INFO     | src.bot.trading_bot:_check_force_close:229 | 临近收盘，执行强制平仓
2025-06-04 17:56:29 | ERROR    | src.trading.executor:_close_position:576 | 平仓失败: {"code":42210000,"message":"options market orders are only allowed during market hours"}
2025-06-04 17:56:29 | INFO     | src.trading.executor:close_all_positions:598 | 已平仓所有头寸，原因: 临近收盘强制平仓
2025-06-04 17:56:29 | INFO     | src.utils.notifications:send_message:63 | [GENERAL] 🕐 强制平仓执行
时间: 20:56:29.602292
原因: 临近收盘
平仓头寸数: 1
2025-06-04 17:56:38 | INFO     | src.bot.trading_bot:_check_force_close:229 | 临近收盘，执行强制平仓
2025-06-04 17:56:38 | ERROR    | src.trading.executor:_close_position:576 | 平仓失败: {"code":42210000,"message":"options market orders are only allowed during market hours"}
2025-06-04 17:56:38 | INFO     | src.trading.executor:close_all_positions:598 | 已平仓所有头寸，原因: 临近收盘强制平仓
2025-06-04 17:56:38 | INFO     | src.utils.notifications:send_message:63 | [GENERAL] 🕐 强制平仓执行
时间: 20:56:38.096125
原因: 临近收盘
平仓头寸数: 1
2025-06-04 17:57:30 | INFO     | src.bot.trading_bot:_check_force_close:229 | 临近收盘，执行强制平仓
2025-06-04 17:57:30 | ERROR    | src.trading.executor:_close_position:576 | 平仓失败: {"code":42210000,"message":"options market orders are only allowed during market hours"}
2025-06-04 17:57:30 | INFO     | src.trading.executor:close_all_positions:598 | 已平仓所有头寸，原因: 临近收盘强制平仓
2025-06-04 17:57:30 | INFO     | src.utils.notifications:send_message:63 | [GENERAL] 🕐 强制平仓执行
时间: 20:57:30.191263
原因: 临近收盘
平仓头寸数: 1
2025-06-04 17:57:38 | INFO     | src.bot.trading_bot:_check_force_close:229 | 临近收盘，执行强制平仓
2025-06-04 17:57:38 | ERROR    | src.trading.executor:_close_position:576 | 平仓失败: {"code":42210000,"message":"options market orders are only allowed during market hours"}
2025-06-04 17:57:38 | INFO     | src.trading.executor:close_all_positions:598 | 已平仓所有头寸，原因: 临近收盘强制平仓
2025-06-04 17:57:38 | INFO     | src.utils.notifications:send_message:63 | [GENERAL] 🕐 强制平仓执行
时间: 20:57:38.726361
原因: 临近收盘
平仓头寸数: 1
2025-06-04 17:58:30 | INFO     | src.bot.trading_bot:_check_force_close:229 | 临近收盘，执行强制平仓
2025-06-04 17:58:30 | ERROR    | src.trading.executor:_close_position:576 | 平仓失败: {"code":42210000,"message":"options market orders are only allowed during market hours"}
2025-06-04 17:58:30 | INFO     | src.trading.executor:close_all_positions:598 | 已平仓所有头寸，原因: 临近收盘强制平仓
2025-06-04 17:58:30 | INFO     | src.utils.notifications:send_message:63 | [GENERAL] 🕐 强制平仓执行
时间: 20:58:30.795685
原因: 临近收盘
平仓头寸数: 1
2025-06-04 17:58:39 | INFO     | src.bot.trading_bot:_check_force_close:229 | 临近收盘，执行强制平仓
2025-06-04 17:58:39 | ERROR    | src.trading.executor:_close_position:576 | 平仓失败: {"code":42210000,"message":"options market orders are only allowed during market hours"}
2025-06-04 17:58:39 | INFO     | src.trading.executor:close_all_positions:598 | 已平仓所有头寸，原因: 临近收盘强制平仓
2025-06-04 17:58:39 | INFO     | src.utils.notifications:send_message:63 | [GENERAL] 🕐 强制平仓执行
时间: 20:58:39.358386
原因: 临近收盘
平仓头寸数: 1
2025-06-04 17:59:31 | INFO     | src.bot.trading_bot:_check_force_close:229 | 临近收盘，执行强制平仓
2025-06-04 17:59:31 | ERROR    | src.trading.executor:_close_position:576 | 平仓失败: {"code":42210000,"message":"options market orders are only allowed during market hours"}
2025-06-04 17:59:31 | INFO     | src.trading.executor:close_all_positions:598 | 已平仓所有头寸，原因: 临近收盘强制平仓
2025-06-04 17:59:31 | INFO     | src.utils.notifications:send_message:63 | [GENERAL] 🕐 强制平仓执行
时间: 20:59:31.410564
原因: 临近收盘
平仓头寸数: 1
2025-06-04 17:59:39 | INFO     | src.bot.trading_bot:_check_force_close:229 | 临近收盘，执行强制平仓
2025-06-04 17:59:40 | ERROR    | src.trading.executor:_close_position:576 | 平仓失败: {"code":42210000,"message":"options market orders are only allowed during market hours"}
2025-06-04 17:59:40 | INFO     | src.trading.executor:close_all_positions:598 | 已平仓所有头寸，原因: 临近收盘强制平仓
2025-06-04 17:59:40 | INFO     | src.utils.notifications:send_message:63 | [GENERAL] 🕐 强制平仓执行
时间: 20:59:39.943740
原因: 临近收盘
平仓头寸数: 1
2025-06-04 18:00:32 | INFO     | src.bot.trading_bot:_check_force_close:229 | 临近收盘，执行强制平仓
2025-06-04 18:00:32 | ERROR    | src.trading.executor:_close_position:576 | 平仓失败: {"code":42210000,"message":"options market orders are only allowed during market hours"}
2025-06-04 18:00:32 | INFO     | src.trading.executor:close_all_positions:598 | 已平仓所有头寸，原因: 临近收盘强制平仓
2025-06-04 18:00:32 | INFO     | src.utils.notifications:send_message:63 | [GENERAL] 🕐 强制平仓执行
时间: 21:00:32.020792
原因: 临近收盘
平仓头寸数: 1
2025-06-04 18:00:40 | INFO     | src.bot.trading_bot:_check_force_close:229 | 临近收盘，执行强制平仓
2025-06-04 18:00:40 | ERROR    | src.trading.executor:_close_position:576 | 平仓失败: {"code":42210000,"message":"options market orders are only allowed during market hours"}
2025-06-04 18:00:40 | INFO     | src.trading.executor:close_all_positions:598 | 已平仓所有头寸，原因: 临近收盘强制平仓
2025-06-04 18:00:40 | INFO     | src.utils.notifications:send_message:63 | [GENERAL] 🕐 强制平仓执行
时间: 21:00:40.577272
原因: 临近收盘
平仓头寸数: 1
2025-06-04 18:01:32 | INFO     | src.bot.trading_bot:_check_force_close:229 | 临近收盘，执行强制平仓
2025-06-04 18:01:32 | ERROR    | src.trading.executor:_close_position:576 | 平仓失败: {"code":42210000,"message":"options market orders are only allowed during market hours"}
2025-06-04 18:01:32 | INFO     | src.trading.executor:close_all_positions:598 | 已平仓所有头寸，原因: 临近收盘强制平仓
2025-06-04 18:01:32 | INFO     | src.utils.notifications:send_message:63 | [GENERAL] 🕐 强制平仓执行
时间: 21:01:32.667448
原因: 临近收盘
平仓头寸数: 1
2025-06-04 18:01:41 | INFO     | src.bot.trading_bot:_check_force_close:229 | 临近收盘，执行强制平仓
2025-06-04 18:01:41 | ERROR    | src.trading.executor:_close_position:576 | 平仓失败: {"code":42210000,"message":"options market orders are only allowed during market hours"}
2025-06-04 18:01:41 | INFO     | src.trading.executor:close_all_positions:598 | 已平仓所有头寸，原因: 临近收盘强制平仓
2025-06-04 18:01:41 | INFO     | src.utils.notifications:send_message:63 | [GENERAL] 🕐 强制平仓执行
时间: 21:01:41.177135
原因: 临近收盘
平仓头寸数: 1
2025-06-04 18:02:33 | INFO     | src.bot.trading_bot:_check_force_close:229 | 临近收盘，执行强制平仓
2025-06-04 18:02:33 | ERROR    | src.trading.executor:_close_position:576 | 平仓失败: {"code":42210000,"message":"options market orders are only allowed during market hours"}
2025-06-04 18:02:33 | INFO     | src.trading.executor:close_all_positions:598 | 已平仓所有头寸，原因: 临近收盘强制平仓
2025-06-04 18:02:33 | INFO     | src.utils.notifications:send_message:63 | [GENERAL] 🕐 强制平仓执行
时间: 21:02:33.277373
原因: 临近收盘
平仓头寸数: 1
2025-06-04 18:02:41 | INFO     | src.bot.trading_bot:_check_force_close:229 | 临近收盘，执行强制平仓
2025-06-04 18:02:41 | ERROR    | src.trading.executor:_close_position:576 | 平仓失败: {"code":42210000,"message":"options market orders are only allowed during market hours"}
2025-06-04 18:02:41 | INFO     | src.trading.executor:close_all_positions:598 | 已平仓所有头寸，原因: 临近收盘强制平仓
2025-06-04 18:02:41 | INFO     | src.utils.notifications:send_message:63 | [GENERAL] 🕐 强制平仓执行
时间: 21:02:41.701860
原因: 临近收盘
平仓头寸数: 1
2025-06-04 18:03:33 | INFO     | src.bot.trading_bot:_check_force_close:229 | 临近收盘，执行强制平仓
2025-06-04 18:03:33 | ERROR    | src.trading.executor:_close_position:576 | 平仓失败: {"code":42210000,"message":"options market orders are only allowed during market hours"}
2025-06-04 18:03:33 | INFO     | src.trading.executor:close_all_positions:598 | 已平仓所有头寸，原因: 临近收盘强制平仓
2025-06-04 18:03:33 | INFO     | src.utils.notifications:send_message:63 | [GENERAL] 🕐 强制平仓执行
时间: 21:03:33.877461
原因: 临近收盘
平仓头寸数: 1
2025-06-04 18:03:42 | INFO     | src.bot.trading_bot:_check_force_close:229 | 临近收盘，执行强制平仓
2025-06-04 18:03:42 | ERROR    | src.trading.executor:_close_position:576 | 平仓失败: {"code":42210000,"message":"options market orders are only allowed during market hours"}
2025-06-04 18:03:42 | INFO     | src.trading.executor:close_all_positions:598 | 已平仓所有头寸，原因: 临近收盘强制平仓
2025-06-04 18:03:42 | INFO     | src.utils.notifications:send_message:63 | [GENERAL] 🕐 强制平仓执行
时间: 21:03:42.255289
原因: 临近收盘
平仓头寸数: 1
2025-06-04 18:04:34 | INFO     | src.bot.trading_bot:_check_force_close:229 | 临近收盘，执行强制平仓
2025-06-04 18:04:34 | ERROR    | src.trading.executor:_close_position:576 | 平仓失败: {"code":42210000,"message":"options market orders are only allowed during market hours"}
2025-06-04 18:04:34 | INFO     | src.trading.executor:close_all_positions:598 | 已平仓所有头寸，原因: 临近收盘强制平仓
2025-06-04 18:04:34 | INFO     | src.utils.notifications:send_message:63 | [GENERAL] 🕐 强制平仓执行
时间: 21:04:34.460850
原因: 临近收盘
平仓头寸数: 1
2025-06-04 18:04:42 | INFO     | src.bot.trading_bot:_check_force_close:229 | 临近收盘，执行强制平仓
2025-06-04 18:04:43 | ERROR    | src.trading.executor:_close_position:576 | 平仓失败: {"code":42210000,"message":"options market orders are only allowed during market hours"}
2025-06-04 18:04:43 | INFO     | src.trading.executor:close_all_positions:598 | 已平仓所有头寸，原因: 临近收盘强制平仓
2025-06-04 18:04:43 | INFO     | src.utils.notifications:send_message:63 | [GENERAL] 🕐 强制平仓执行
时间: 21:04:42.847998
原因: 临近收盘
平仓头寸数: 1
2025-06-04 18:05:35 | INFO     | src.bot.trading_bot:_check_force_close:229 | 临近收盘，执行强制平仓
2025-06-04 18:05:35 | ERROR    | src.trading.executor:_close_position:576 | 平仓失败: {"code":42210000,"message":"options market orders are only allowed during market hours"}
2025-06-04 18:05:35 | INFO     | src.trading.executor:close_all_positions:598 | 已平仓所有头寸，原因: 临近收盘强制平仓
2025-06-04 18:05:35 | INFO     | src.utils.notifications:send_message:63 | [GENERAL] 🕐 强制平仓执行
时间: 21:05:35.062953
原因: 临近收盘
平仓头寸数: 1
2025-06-04 18:05:43 | INFO     | src.bot.trading_bot:_check_force_close:229 | 临近收盘，执行强制平仓
2025-06-04 18:05:43 | ERROR    | src.trading.executor:_close_position:576 | 平仓失败: {"code":42210000,"message":"options market orders are only allowed during market hours"}
2025-06-04 18:05:43 | INFO     | src.trading.executor:close_all_positions:598 | 已平仓所有头寸，原因: 临近收盘强制平仓
2025-06-04 18:05:43 | INFO     | src.utils.notifications:send_message:63 | [GENERAL] 🕐 强制平仓执行
时间: 21:05:43.510794
原因: 临近收盘
平仓头寸数: 1
2025-06-04 18:06:35 | INFO     | src.bot.trading_bot:_check_force_close:229 | 临近收盘，执行强制平仓
2025-06-04 18:06:35 | ERROR    | src.trading.executor:_close_position:576 | 平仓失败: {"code":42210000,"message":"options market orders are only allowed during market hours"}
2025-06-04 18:06:35 | INFO     | src.trading.executor:close_all_positions:598 | 已平仓所有头寸，原因: 临近收盘强制平仓
2025-06-04 18:06:35 | INFO     | src.utils.notifications:send_message:63 | [GENERAL] 🕐 强制平仓执行
时间: 21:06:35.675550
原因: 临近收盘
平仓头寸数: 1
2025-06-04 18:06:44 | INFO     | src.bot.trading_bot:_check_force_close:229 | 临近收盘，执行强制平仓
2025-06-04 18:06:44 | ERROR    | src.trading.executor:_close_position:576 | 平仓失败: {"code":42210000,"message":"options market orders are only allowed during market hours"}
2025-06-04 18:06:44 | INFO     | src.trading.executor:close_all_positions:598 | 已平仓所有头寸，原因: 临近收盘强制平仓
2025-06-04 18:06:44 | INFO     | src.utils.notifications:send_message:63 | [GENERAL] 🕐 强制平仓执行
时间: 21:06:44.105471
原因: 临近收盘
平仓头寸数: 1
2025-06-04 18:07:36 | INFO     | src.bot.trading_bot:_check_force_close:229 | 临近收盘，执行强制平仓
2025-06-04 18:07:36 | ERROR    | src.trading.executor:_close_position:576 | 平仓失败: {"code":42210000,"message":"options market orders are only allowed during market hours"}
2025-06-04 18:07:36 | INFO     | src.trading.executor:close_all_positions:598 | 已平仓所有头寸，原因: 临近收盘强制平仓
2025-06-04 18:07:36 | INFO     | src.utils.notifications:send_message:63 | [GENERAL] 🕐 强制平仓执行
时间: 21:07:36.255574
原因: 临近收盘
平仓头寸数: 1
2025-06-04 18:07:44 | INFO     | src.bot.trading_bot:_check_force_close:229 | 临近收盘，执行强制平仓
2025-06-04 18:07:44 | ERROR    | src.trading.executor:_close_position:576 | 平仓失败: {"code":42210000,"message":"options market orders are only allowed during market hours"}
2025-06-04 18:07:44 | INFO     | src.trading.executor:close_all_positions:598 | 已平仓所有头寸，原因: 临近收盘强制平仓
2025-06-04 18:07:44 | INFO     | src.utils.notifications:send_message:63 | [GENERAL] 🕐 强制平仓执行
时间: 21:07:44.801702
原因: 临近收盘
平仓头寸数: 1
2025-06-04 18:08:36 | INFO     | src.bot.trading_bot:_check_force_close:229 | 临近收盘，执行强制平仓
2025-06-04 18:08:36 | ERROR    | src.trading.executor:_close_position:576 | 平仓失败: {"code":42210000,"message":"options market orders are only allowed during market hours"}
2025-06-04 18:08:36 | INFO     | src.trading.executor:close_all_positions:598 | 已平仓所有头寸，原因: 临近收盘强制平仓
2025-06-04 18:08:36 | INFO     | src.utils.notifications:send_message:63 | [GENERAL] 🕐 强制平仓执行
时间: 21:08:36.865262
原因: 临近收盘
平仓头寸数: 1
2025-06-04 18:08:45 | INFO     | src.bot.trading_bot:_check_force_close:229 | 临近收盘，执行强制平仓
2025-06-04 18:08:45 | ERROR    | src.trading.executor:_close_position:576 | 平仓失败: {"code":42210000,"message":"options market orders are only allowed during market hours"}
2025-06-04 18:08:45 | INFO     | src.trading.executor:close_all_positions:598 | 已平仓所有头寸，原因: 临近收盘强制平仓
2025-06-04 18:08:45 | INFO     | src.utils.notifications:send_message:63 | [GENERAL] 🕐 强制平仓执行
时间: 21:08:45.383556
原因: 临近收盘
平仓头寸数: 1
2025-06-04 18:09:37 | INFO     | src.bot.trading_bot:_check_force_close:229 | 临近收盘，执行强制平仓
2025-06-04 18:09:37 | ERROR    | src.trading.executor:_close_position:576 | 平仓失败: {"code":42210000,"message":"options market orders are only allowed during market hours"}
2025-06-04 18:09:37 | INFO     | src.trading.executor:close_all_positions:598 | 已平仓所有头寸，原因: 临近收盘强制平仓
2025-06-04 18:09:37 | INFO     | src.utils.notifications:send_message:63 | [GENERAL] 🕐 强制平仓执行
时间: 21:09:37.451296
原因: 临近收盘
平仓头寸数: 1
2025-06-04 18:09:45 | INFO     | src.bot.trading_bot:_check_force_close:229 | 临近收盘，执行强制平仓
2025-06-04 18:09:46 | ERROR    | src.trading.executor:_close_position:576 | 平仓失败: {"code":42210000,"message":"options market orders are only allowed during market hours"}
2025-06-04 18:09:46 | INFO     | src.trading.executor:close_all_positions:598 | 已平仓所有头寸，原因: 临近收盘强制平仓
2025-06-04 18:09:46 | INFO     | src.utils.notifications:send_message:63 | [GENERAL] 🕐 强制平仓执行
时间: 21:09:45.994626
原因: 临近收盘
平仓头寸数: 1
2025-06-04 18:10:38 | INFO     | src.bot.trading_bot:_check_force_close:229 | 临近收盘，执行强制平仓
2025-06-04 18:10:38 | ERROR    | src.trading.executor:_close_position:576 | 平仓失败: {"code":42210000,"message":"options market orders are only allowed during market hours"}
2025-06-04 18:10:38 | INFO     | src.trading.executor:close_all_positions:598 | 已平仓所有头寸，原因: 临近收盘强制平仓
2025-06-04 18:10:38 | INFO     | src.utils.notifications:send_message:63 | [GENERAL] 🕐 强制平仓执行
时间: 21:10:38.050999
原因: 临近收盘
平仓头寸数: 1
2025-06-04 18:10:46 | INFO     | src.bot.trading_bot:_check_force_close:229 | 临近收盘，执行强制平仓
2025-06-04 18:10:46 | ERROR    | src.trading.executor:_close_position:576 | 平仓失败: {"code":42210000,"message":"options market orders are only allowed during market hours"}
2025-06-04 18:10:46 | INFO     | src.trading.executor:close_all_positions:598 | 已平仓所有头寸，原因: 临近收盘强制平仓
2025-06-04 18:10:46 | INFO     | src.utils.notifications:send_message:63 | [GENERAL] 🕐 强制平仓执行
时间: 21:10:46.530387
原因: 临近收盘
平仓头寸数: 1
2025-06-04 18:11:38 | INFO     | src.bot.trading_bot:_check_force_close:229 | 临近收盘，执行强制平仓
2025-06-04 18:11:38 | ERROR    | src.trading.executor:_close_position:576 | 平仓失败: {"code":42210000,"message":"options market orders are only allowed during market hours"}
2025-06-04 18:11:38 | INFO     | src.trading.executor:close_all_positions:598 | 已平仓所有头寸，原因: 临近收盘强制平仓
2025-06-04 18:11:38 | INFO     | src.utils.notifications:send_message:63 | [GENERAL] 🕐 强制平仓执行
时间: 21:11:38.661360
原因: 临近收盘
平仓头寸数: 1
2025-06-04 18:11:47 | INFO     | src.bot.trading_bot:_check_force_close:229 | 临近收盘，执行强制平仓
2025-06-04 18:11:47 | ERROR    | src.trading.executor:_close_position:576 | 平仓失败: {"code":42210000,"message":"options market orders are only allowed during market hours"}
2025-06-04 18:11:47 | INFO     | src.trading.executor:close_all_positions:598 | 已平仓所有头寸，原因: 临近收盘强制平仓
2025-06-04 18:11:47 | INFO     | src.utils.notifications:send_message:63 | [GENERAL] 🕐 强制平仓执行
时间: 21:11:47.143751
原因: 临近收盘
平仓头寸数: 1
2025-06-04 18:12:39 | INFO     | src.bot.trading_bot:_check_force_close:229 | 临近收盘，执行强制平仓
2025-06-04 18:12:39 | ERROR    | src.trading.executor:_close_position:576 | 平仓失败: {"code":42210000,"message":"options market orders are only allowed during market hours"}
2025-06-04 18:12:39 | INFO     | src.trading.executor:close_all_positions:598 | 已平仓所有头寸，原因: 临近收盘强制平仓
2025-06-04 18:12:39 | INFO     | src.utils.notifications:send_message:63 | [GENERAL] 🕐 强制平仓执行
时间: 21:12:39.230103
原因: 临近收盘
平仓头寸数: 1
2025-06-04 18:12:47 | INFO     | src.bot.trading_bot:_check_force_close:229 | 临近收盘，执行强制平仓
2025-06-04 18:12:47 | ERROR    | src.trading.executor:_close_position:576 | 平仓失败: {"code":42210000,"message":"options market orders are only allowed during market hours"}
2025-06-04 18:12:47 | INFO     | src.trading.executor:close_all_positions:598 | 已平仓所有头寸，原因: 临近收盘强制平仓
2025-06-04 18:12:47 | INFO     | src.utils.notifications:send_message:63 | [GENERAL] 🕐 强制平仓执行
时间: 21:12:47.731218
原因: 临近收盘
平仓头寸数: 1
2025-06-04 18:13:39 | INFO     | src.bot.trading_bot:_check_force_close:229 | 临近收盘，执行强制平仓
2025-06-04 18:13:39 | ERROR    | src.trading.executor:_close_position:576 | 平仓失败: {"code":42210000,"message":"options market orders are only allowed during market hours"}
2025-06-04 18:13:39 | INFO     | src.trading.executor:close_all_positions:598 | 已平仓所有头寸，原因: 临近收盘强制平仓
2025-06-04 18:13:39 | INFO     | src.utils.notifications:send_message:63 | [GENERAL] 🕐 强制平仓执行
时间: 21:13:39.818716
原因: 临近收盘
平仓头寸数: 1
2025-06-04 18:13:48 | INFO     | src.bot.trading_bot:_check_force_close:229 | 临近收盘，执行强制平仓
2025-06-04 18:13:48 | ERROR    | src.trading.executor:_close_position:576 | 平仓失败: {"code":42210000,"message":"options market orders are only allowed during market hours"}
2025-06-04 18:13:48 | INFO     | src.trading.executor:close_all_positions:598 | 已平仓所有头寸，原因: 临近收盘强制平仓
2025-06-04 18:13:48 | INFO     | src.utils.notifications:send_message:63 | [GENERAL] 🕐 强制平仓执行
时间: 21:13:48.278110
原因: 临近收盘
平仓头寸数: 1
2025-06-04 18:14:40 | INFO     | src.bot.trading_bot:_check_force_close:229 | 临近收盘，执行强制平仓
2025-06-04 18:14:40 | ERROR    | src.trading.executor:_close_position:576 | 平仓失败: {"code":42210000,"message":"options market orders are only allowed during market hours"}
2025-06-04 18:14:40 | INFO     | src.trading.executor:close_all_positions:598 | 已平仓所有头寸，原因: 临近收盘强制平仓
2025-06-04 18:14:40 | INFO     | src.utils.notifications:send_message:63 | [GENERAL] 🕐 强制平仓执行
时间: 21:14:40.407868
原因: 临近收盘
平仓头寸数: 1
2025-06-04 18:14:48 | INFO     | src.bot.trading_bot:_check_force_close:229 | 临近收盘，执行强制平仓
2025-06-04 18:14:48 | ERROR    | src.trading.executor:_close_position:576 | 平仓失败: {"code":42210000,"message":"options market orders are only allowed during market hours"}
2025-06-04 18:14:48 | INFO     | src.trading.executor:close_all_positions:598 | 已平仓所有头寸，原因: 临近收盘强制平仓
2025-06-04 18:14:48 | INFO     | src.utils.notifications:send_message:63 | [GENERAL] 🕐 强制平仓执行
时间: 21:14:48.836243
原因: 临近收盘
平仓头寸数: 1
2025-06-04 18:15:41 | INFO     | src.bot.trading_bot:_check_force_close:229 | 临近收盘，执行强制平仓
2025-06-04 18:15:41 | ERROR    | src.trading.executor:_close_position:576 | 平仓失败: {"code":42210000,"message":"options market orders are only allowed during market hours"}
2025-06-04 18:15:41 | INFO     | src.trading.executor:close_all_positions:598 | 已平仓所有头寸，原因: 临近收盘强制平仓
2025-06-04 18:15:41 | INFO     | src.utils.notifications:send_message:63 | [GENERAL] 🕐 强制平仓执行
时间: 21:15:41.010337
原因: 临近收盘
平仓头寸数: 1
2025-06-04 18:15:49 | INFO     | src.bot.trading_bot:_check_force_close:229 | 临近收盘，执行强制平仓
2025-06-04 18:15:49 | ERROR    | src.trading.executor:_close_position:576 | 平仓失败: {"code":42210000,"message":"options market orders are only allowed during market hours"}
2025-06-04 18:15:49 | INFO     | src.trading.executor:close_all_positions:598 | 已平仓所有头寸，原因: 临近收盘强制平仓
2025-06-04 18:15:49 | INFO     | src.utils.notifications:send_message:63 | [GENERAL] 🕐 强制平仓执行
时间: 21:15:49.452139
原因: 临近收盘
平仓头寸数: 1
2025-06-04 18:16:41 | INFO     | src.bot.trading_bot:_check_force_close:229 | 临近收盘，执行强制平仓
2025-06-04 18:16:42 | ERROR    | src.trading.executor:_close_position:576 | 平仓失败: {"code":42210000,"message":"options market orders are only allowed during market hours"}
2025-06-04 18:16:42 | INFO     | src.trading.executor:close_all_positions:598 | 已平仓所有头寸，原因: 临近收盘强制平仓
2025-06-04 18:16:42 | INFO     | src.utils.notifications:send_message:63 | [GENERAL] 🕐 强制平仓执行
时间: 21:16:41.577470
原因: 临近收盘
平仓头寸数: 1
2025-06-04 18:16:50 | INFO     | src.bot.trading_bot:_check_force_close:229 | 临近收盘，执行强制平仓
2025-06-04 18:16:50 | ERROR    | src.trading.executor:_close_position:576 | 平仓失败: {"code":42210000,"message":"options market orders are only allowed during market hours"}
2025-06-04 18:16:50 | INFO     | src.trading.executor:close_all_positions:598 | 已平仓所有头寸，原因: 临近收盘强制平仓
2025-06-04 18:16:50 | INFO     | src.utils.notifications:send_message:63 | [GENERAL] 🕐 强制平仓执行
时间: 21:16:50.035282
原因: 临近收盘
平仓头寸数: 1
2025-06-04 18:17:42 | INFO     | src.bot.trading_bot:_check_force_close:229 | 临近收盘，执行强制平仓
2025-06-04 18:17:42 | ERROR    | src.trading.executor:_close_position:576 | 平仓失败: {"code":42210000,"message":"options market orders are only allowed during market hours"}
2025-06-04 18:17:42 | INFO     | src.trading.executor:close_all_positions:598 | 已平仓所有头寸，原因: 临近收盘强制平仓
2025-06-04 18:17:42 | INFO     | src.utils.notifications:send_message:63 | [GENERAL] 🕐 强制平仓执行
时间: 21:17:42.696301
原因: 临近收盘
平仓头寸数: 1
2025-06-04 18:17:50 | INFO     | src.bot.trading_bot:_check_force_close:229 | 临近收盘，执行强制平仓
2025-06-04 18:17:50 | ERROR    | src.trading.executor:_close_position:576 | 平仓失败: {"code":42210000,"message":"options market orders are only allowed during market hours"}
2025-06-04 18:17:50 | INFO     | src.trading.executor:close_all_positions:598 | 已平仓所有头寸，原因: 临近收盘强制平仓
2025-06-04 18:17:50 | INFO     | src.utils.notifications:send_message:63 | [GENERAL] 🕐 强制平仓执行
时间: 21:17:50.609802
原因: 临近收盘
平仓头寸数: 1
2025-06-04 18:18:43 | INFO     | src.bot.trading_bot:_check_force_close:229 | 临近收盘，执行强制平仓
2025-06-04 18:18:43 | ERROR    | src.trading.executor:_close_position:576 | 平仓失败: {"code":42210000,"message":"options market orders are only allowed during market hours"}
2025-06-04 18:18:43 | INFO     | src.trading.executor:close_all_positions:598 | 已平仓所有头寸，原因: 临近收盘强制平仓
2025-06-04 18:18:43 | INFO     | src.utils.notifications:send_message:63 | [GENERAL] 🕐 强制平仓执行
时间: 21:18:43.303597
原因: 临近收盘
平仓头寸数: 1
2025-06-04 18:18:51 | INFO     | src.bot.trading_bot:_check_force_close:229 | 临近收盘，执行强制平仓
2025-06-04 18:18:51 | ERROR    | src.trading.executor:_close_position:576 | 平仓失败: {"code":42210000,"message":"options market orders are only allowed during market hours"}
2025-06-04 18:18:51 | INFO     | src.trading.executor:close_all_positions:598 | 已平仓所有头寸，原因: 临近收盘强制平仓
2025-06-04 18:18:51 | INFO     | src.utils.notifications:send_message:63 | [GENERAL] 🕐 强制平仓执行
时间: 21:18:51.238272
原因: 临近收盘
平仓头寸数: 1
2025-06-04 18:19:43 | INFO     | src.bot.trading_bot:_check_force_close:229 | 临近收盘，执行强制平仓
2025-06-04 18:19:44 | ERROR    | src.trading.executor:_close_position:576 | 平仓失败: {"code":42210000,"message":"options market orders are only allowed during market hours"}
2025-06-04 18:19:44 | INFO     | src.trading.executor:close_all_positions:598 | 已平仓所有头寸，原因: 临近收盘强制平仓
2025-06-04 18:19:44 | INFO     | src.utils.notifications:send_message:63 | [GENERAL] 🕐 强制平仓执行
时间: 21:19:43.911481
原因: 临近收盘
平仓头寸数: 1
2025-06-04 18:19:51 | INFO     | src.bot.trading_bot:_check_force_close:229 | 临近收盘，执行强制平仓
2025-06-04 18:19:51 | ERROR    | src.trading.executor:_close_position:576 | 平仓失败: {"code":42210000,"message":"options market orders are only allowed during market hours"}
2025-06-04 18:19:51 | INFO     | src.trading.executor:close_all_positions:598 | 已平仓所有头寸，原因: 临近收盘强制平仓
2025-06-04 18:19:51 | INFO     | src.utils.notifications:send_message:63 | [GENERAL] 🕐 强制平仓执行
时间: 21:19:51.816733
原因: 临近收盘
平仓头寸数: 1
2025-06-04 18:20:44 | INFO     | src.bot.trading_bot:_check_force_close:229 | 临近收盘，执行强制平仓
2025-06-04 18:20:44 | ERROR    | src.trading.executor:_close_position:576 | 平仓失败: {"code":42210000,"message":"options market orders are only allowed during market hours"}
2025-06-04 18:20:44 | INFO     | src.trading.executor:close_all_positions:598 | 已平仓所有头寸，原因: 临近收盘强制平仓
2025-06-04 18:20:44 | INFO     | src.utils.notifications:send_message:63 | [GENERAL] 🕐 强制平仓执行
时间: 21:20:44.499751
原因: 临近收盘
平仓头寸数: 1
2025-06-04 18:20:52 | INFO     | src.bot.trading_bot:_check_force_close:229 | 临近收盘，执行强制平仓
2025-06-04 18:20:52 | ERROR    | src.trading.executor:_close_position:576 | 平仓失败: {"code":42210000,"message":"options market orders are only allowed during market hours"}
2025-06-04 18:20:52 | INFO     | src.trading.executor:close_all_positions:598 | 已平仓所有头寸，原因: 临近收盘强制平仓
2025-06-04 18:20:52 | INFO     | src.utils.notifications:send_message:63 | [GENERAL] 🕐 强制平仓执行
时间: 21:20:52.436387
原因: 临近收盘
平仓头寸数: 1
2025-06-04 18:21:45 | INFO     | src.bot.trading_bot:_check_force_close:229 | 临近收盘，执行强制平仓
2025-06-04 18:21:45 | ERROR    | src.trading.executor:_close_position:576 | 平仓失败: {"code":42210000,"message":"options market orders are only allowed during market hours"}
2025-06-04 18:21:45 | INFO     | src.trading.executor:close_all_positions:598 | 已平仓所有头寸，原因: 临近收盘强制平仓
2025-06-04 18:21:45 | INFO     | src.utils.notifications:send_message:63 | [GENERAL] 🕐 强制平仓执行
时间: 21:21:45.075784
原因: 临近收盘
平仓头寸数: 1
2025-06-04 18:21:53 | INFO     | src.bot.trading_bot:_check_force_close:229 | 临近收盘，执行强制平仓
2025-06-04 18:21:53 | ERROR    | src.trading.executor:_close_position:576 | 平仓失败: {"code":42210000,"message":"options market orders are only allowed during market hours"}
2025-06-04 18:21:53 | INFO     | src.trading.executor:close_all_positions:598 | 已平仓所有头寸，原因: 临近收盘强制平仓
2025-06-04 18:21:53 | INFO     | src.utils.notifications:send_message:63 | [GENERAL] 🕐 强制平仓执行
时间: 21:21:53.277476
原因: 临近收盘
平仓头寸数: 1
2025-06-04 18:22:45 | INFO     | src.bot.trading_bot:_check_force_close:229 | 临近收盘，执行强制平仓
2025-06-04 18:22:45 | ERROR    | src.trading.executor:_close_position:576 | 平仓失败: {"code":42210000,"message":"options market orders are only allowed during market hours"}
2025-06-04 18:22:45 | INFO     | src.trading.executor:close_all_positions:598 | 已平仓所有头寸，原因: 临近收盘强制平仓
2025-06-04 18:22:45 | INFO     | src.utils.notifications:send_message:63 | [GENERAL] 🕐 强制平仓执行
时间: 21:22:45.641595
原因: 临近收盘
平仓头寸数: 1
2025-06-04 18:22:53 | INFO     | src.bot.trading_bot:_check_force_close:229 | 临近收盘，执行强制平仓
2025-06-04 18:22:53 | ERROR    | src.trading.executor:_close_position:576 | 平仓失败: {"code":42210000,"message":"options market orders are only allowed during market hours"}
2025-06-04 18:22:53 | INFO     | src.trading.executor:close_all_positions:598 | 已平仓所有头寸，原因: 临近收盘强制平仓
2025-06-04 18:22:53 | INFO     | src.utils.notifications:send_message:63 | [GENERAL] 🕐 强制平仓执行
时间: 21:22:53.872390
原因: 临近收盘
平仓头寸数: 1
2025-06-04 18:23:46 | INFO     | src.bot.trading_bot:_check_force_close:229 | 临近收盘，执行强制平仓
2025-06-04 18:23:46 | ERROR    | src.trading.executor:_close_position:576 | 平仓失败: {"code":42210000,"message":"options market orders are only allowed during market hours"}
2025-06-04 18:23:46 | INFO     | src.trading.executor:close_all_positions:598 | 已平仓所有头寸，原因: 临近收盘强制平仓
2025-06-04 18:23:46 | INFO     | src.utils.notifications:send_message:63 | [GENERAL] 🕐 强制平仓执行
时间: 21:23:46.237050
原因: 临近收盘
平仓头寸数: 1
2025-06-04 18:23:54 | INFO     | src.bot.trading_bot:_check_force_close:229 | 临近收盘，执行强制平仓
2025-06-04 18:23:54 | ERROR    | src.trading.executor:_close_position:576 | 平仓失败: {"code":42210000,"message":"options market orders are only allowed during market hours"}
2025-06-04 18:23:54 | INFO     | src.trading.executor:close_all_positions:598 | 已平仓所有头寸，原因: 临近收盘强制平仓
2025-06-04 18:23:54 | INFO     | src.utils.notifications:send_message:63 | [GENERAL] 🕐 强制平仓执行
时间: 21:23:54.517494
原因: 临近收盘
平仓头寸数: 1
2025-06-04 18:24:46 | INFO     | src.bot.trading_bot:_check_force_close:229 | 临近收盘，执行强制平仓
2025-06-04 18:24:46 | ERROR    | src.trading.executor:_close_position:576 | 平仓失败: {"code":42210000,"message":"options market orders are only allowed during market hours"}
2025-06-04 18:24:46 | INFO     | src.trading.executor:close_all_positions:598 | 已平仓所有头寸，原因: 临近收盘强制平仓
2025-06-04 18:24:46 | INFO     | src.utils.notifications:send_message:63 | [GENERAL] 🕐 强制平仓执行
时间: 21:24:46.794606
原因: 临近收盘
平仓头寸数: 1
2025-06-04 18:24:55 | INFO     | src.bot.trading_bot:_check_force_close:229 | 临近收盘，执行强制平仓
2025-06-04 18:24:55 | ERROR    | src.trading.executor:_close_position:576 | 平仓失败: {"code":42210000,"message":"options market orders are only allowed during market hours"}
2025-06-04 18:24:55 | INFO     | src.trading.executor:close_all_positions:598 | 已平仓所有头寸，原因: 临近收盘强制平仓
2025-06-04 18:24:55 | INFO     | src.utils.notifications:send_message:63 | [GENERAL] 🕐 强制平仓执行
时间: 21:24:55.112764
原因: 临近收盘
平仓头寸数: 1
2025-06-04 18:25:47 | INFO     | src.bot.trading_bot:_check_force_close:229 | 临近收盘，执行强制平仓
2025-06-04 18:25:47 | ERROR    | src.trading.executor:_close_position:576 | 平仓失败: {"code":42210000,"message":"options market orders are only allowed during market hours"}
2025-06-04 18:25:47 | INFO     | src.trading.executor:close_all_positions:598 | 已平仓所有头寸，原因: 临近收盘强制平仓
2025-06-04 18:25:47 | INFO     | src.utils.notifications:send_message:63 | [GENERAL] 🕐 强制平仓执行
时间: 21:25:47.413421
原因: 临近收盘
平仓头寸数: 1
2025-06-04 18:25:55 | INFO     | src.bot.trading_bot:_check_force_close:229 | 临近收盘，执行强制平仓
2025-06-04 18:25:55 | ERROR    | src.trading.executor:_close_position:576 | 平仓失败: {"code":42210000,"message":"options market orders are only allowed during market hours"}
2025-06-04 18:25:55 | INFO     | src.trading.executor:close_all_positions:598 | 已平仓所有头寸，原因: 临近收盘强制平仓
2025-06-04 18:25:55 | INFO     | src.utils.notifications:send_message:63 | [GENERAL] 🕐 强制平仓执行
时间: 21:25:55.722932
原因: 临近收盘
平仓头寸数: 1
2025-06-04 18:26:48 | INFO     | src.bot.trading_bot:_check_force_close:229 | 临近收盘，执行强制平仓
2025-06-04 18:26:48 | ERROR    | src.trading.executor:_close_position:576 | 平仓失败: {"code":42210000,"message":"options market orders are only allowed during market hours"}
2025-06-04 18:26:48 | INFO     | src.trading.executor:close_all_positions:598 | 已平仓所有头寸，原因: 临近收盘强制平仓
2025-06-04 18:26:48 | INFO     | src.utils.notifications:send_message:63 | [GENERAL] 🕐 强制平仓执行
时间: 21:26:48.012004
原因: 临近收盘
平仓头寸数: 1
2025-06-04 18:26:56 | INFO     | src.bot.trading_bot:_check_force_close:229 | 临近收盘，执行强制平仓
2025-06-04 18:26:56 | ERROR    | src.trading.executor:_close_position:576 | 平仓失败: {"code":42210000,"message":"options market orders are only allowed during market hours"}
2025-06-04 18:26:56 | INFO     | src.trading.executor:close_all_positions:598 | 已平仓所有头寸，原因: 临近收盘强制平仓
2025-06-04 18:26:56 | INFO     | src.utils.notifications:send_message:63 | [GENERAL] 🕐 强制平仓执行
时间: 21:26:56.351893
原因: 临近收盘
平仓头寸数: 1
2025-06-04 18:27:48 | INFO     | src.bot.trading_bot:_check_force_close:229 | 临近收盘，执行强制平仓
2025-06-04 18:27:48 | ERROR    | src.trading.executor:_close_position:576 | 平仓失败: {"code":42210000,"message":"options market orders are only allowed during market hours"}
2025-06-04 18:27:48 | INFO     | src.trading.executor:close_all_positions:598 | 已平仓所有头寸，原因: 临近收盘强制平仓
2025-06-04 18:27:48 | INFO     | src.utils.notifications:send_message:63 | [GENERAL] 🕐 强制平仓执行
时间: 21:27:48.621758
原因: 临近收盘
平仓头寸数: 1
2025-06-04 18:27:56 | INFO     | src.bot.trading_bot:_check_force_close:229 | 临近收盘，执行强制平仓
2025-06-04 18:27:57 | ERROR    | src.trading.executor:_close_position:576 | 平仓失败: {"code":42210000,"message":"options market orders are only allowed during market hours"}
2025-06-04 18:27:57 | INFO     | src.trading.executor:close_all_positions:598 | 已平仓所有头寸，原因: 临近收盘强制平仓
2025-06-04 18:27:57 | INFO     | src.utils.notifications:send_message:63 | [GENERAL] 🕐 强制平仓执行
时间: 21:27:56.951562
原因: 临近收盘
平仓头寸数: 1
2025-06-04 18:28:49 | INFO     | src.bot.trading_bot:_check_force_close:229 | 临近收盘，执行强制平仓
2025-06-04 18:28:49 | ERROR    | src.trading.executor:_close_position:576 | 平仓失败: {"code":42210000,"message":"options market orders are only allowed during market hours"}
2025-06-04 18:28:49 | INFO     | src.trading.executor:close_all_positions:598 | 已平仓所有头寸，原因: 临近收盘强制平仓
2025-06-04 18:28:49 | INFO     | src.utils.notifications:send_message:63 | [GENERAL] 🕐 强制平仓执行
时间: 21:28:49.202345
原因: 临近收盘
平仓头寸数: 1
2025-06-04 18:28:57 | INFO     | src.bot.trading_bot:_check_force_close:229 | 临近收盘，执行强制平仓
2025-06-04 18:28:57 | ERROR    | src.trading.executor:_close_position:576 | 平仓失败: {"code":42210000,"message":"options market orders are only allowed during market hours"}
2025-06-04 18:28:57 | INFO     | src.trading.executor:close_all_positions:598 | 已平仓所有头寸，原因: 临近收盘强制平仓
2025-06-04 18:28:57 | INFO     | src.utils.notifications:send_message:63 | [GENERAL] 🕐 强制平仓执行
时间: 21:28:57.556509
原因: 临近收盘
平仓头寸数: 1
2025-06-04 18:29:49 | INFO     | src.bot.trading_bot:_check_force_close:229 | 临近收盘，执行强制平仓
2025-06-04 18:29:49 | ERROR    | src.trading.executor:_close_position:576 | 平仓失败: {"code":42210000,"message":"options market orders are only allowed during market hours"}
2025-06-04 18:29:49 | INFO     | src.trading.executor:close_all_positions:598 | 已平仓所有头寸，原因: 临近收盘强制平仓
2025-06-04 18:29:49 | INFO     | src.utils.notifications:send_message:63 | [GENERAL] 🕐 强制平仓执行
时间: 21:29:49.793567
原因: 临近收盘
平仓头寸数: 1
2025-06-04 18:29:58 | INFO     | src.bot.trading_bot:_check_force_close:229 | 临近收盘，执行强制平仓
2025-06-04 18:29:58 | ERROR    | src.trading.executor:_close_position:576 | 平仓失败: {"code":42210000,"message":"options market orders are only allowed during market hours"}
2025-06-04 18:29:58 | INFO     | src.trading.executor:close_all_positions:598 | 已平仓所有头寸，原因: 临近收盘强制平仓
2025-06-04 18:29:58 | INFO     | src.utils.notifications:send_message:63 | [GENERAL] 🕐 强制平仓执行
时间: 21:29:58.163152
原因: 临近收盘
平仓头寸数: 1
2025-06-04 18:30:50 | INFO     | src.bot.trading_bot:_check_force_close:229 | 临近收盘，执行强制平仓
2025-06-04 18:30:50 | ERROR    | src.trading.executor:_close_position:576 | 平仓失败: {"code":42210000,"message":"options market orders are only allowed during market hours"}
2025-06-04 18:30:50 | INFO     | src.trading.executor:close_all_positions:598 | 已平仓所有头寸，原因: 临近收盘强制平仓
2025-06-04 18:30:50 | INFO     | src.utils.notifications:send_message:63 | [GENERAL] 🕐 强制平仓执行
时间: 21:30:50.407841
原因: 临近收盘
平仓头寸数: 1
2025-06-04 18:30:58 | INFO     | src.bot.trading_bot:_check_force_close:229 | 临近收盘，执行强制平仓
2025-06-04 18:30:58 | ERROR    | src.trading.executor:_close_position:576 | 平仓失败: {"code":42210000,"message":"options market orders are only allowed during market hours"}
2025-06-04 18:30:58 | INFO     | src.trading.executor:close_all_positions:598 | 已平仓所有头寸，原因: 临近收盘强制平仓
2025-06-04 18:30:58 | INFO     | src.utils.notifications:send_message:63 | [GENERAL] 🕐 强制平仓执行
时间: 21:30:58.742911
原因: 临近收盘
平仓头寸数: 1
2025-06-04 18:31:51 | INFO     | src.bot.trading_bot:_check_force_close:229 | 临近收盘，执行强制平仓
2025-06-04 18:31:51 | ERROR    | src.trading.executor:_close_position:576 | 平仓失败: {"code":42210000,"message":"options market orders are only allowed during market hours"}
2025-06-04 18:31:51 | INFO     | src.trading.executor:close_all_positions:598 | 已平仓所有头寸，原因: 临近收盘强制平仓
2025-06-04 18:31:51 | INFO     | src.utils.notifications:send_message:63 | [GENERAL] 🕐 强制平仓执行
时间: 21:31:51.047296
原因: 临近收盘
平仓头寸数: 1
2025-06-04 18:31:59 | INFO     | src.bot.trading_bot:_check_force_close:229 | 临近收盘，执行强制平仓
2025-06-04 18:31:59 | ERROR    | src.trading.executor:_close_position:576 | 平仓失败: {"code":42210000,"message":"options market orders are only allowed during market hours"}
2025-06-04 18:31:59 | INFO     | src.trading.executor:close_all_positions:598 | 已平仓所有头寸，原因: 临近收盘强制平仓
2025-06-04 18:31:59 | INFO     | src.utils.notifications:send_message:63 | [GENERAL] 🕐 强制平仓执行
时间: 21:31:59.303312
原因: 临近收盘
平仓头寸数: 1
2025-06-04 18:32:51 | INFO     | src.bot.trading_bot:_check_force_close:229 | 临近收盘，执行强制平仓
2025-06-04 18:32:51 | ERROR    | src.trading.executor:_close_position:576 | 平仓失败: {"code":42210000,"message":"options market orders are only allowed during market hours"}
2025-06-04 18:32:51 | INFO     | src.trading.executor:close_all_positions:598 | 已平仓所有头寸，原因: 临近收盘强制平仓
2025-06-04 18:32:51 | INFO     | src.utils.notifications:send_message:63 | [GENERAL] 🕐 强制平仓执行
时间: 21:32:51.630181
原因: 临近收盘
平仓头寸数: 1
2025-06-04 18:32:59 | INFO     | src.bot.trading_bot:_check_force_close:229 | 临近收盘，执行强制平仓
2025-06-04 18:33:00 | ERROR    | src.trading.executor:_close_position:576 | 平仓失败: {"code":42210000,"message":"options market orders are only allowed during market hours"}
2025-06-04 18:33:00 | INFO     | src.trading.executor:close_all_positions:598 | 已平仓所有头寸，原因: 临近收盘强制平仓
2025-06-04 18:33:00 | INFO     | src.utils.notifications:send_message:63 | [GENERAL] 🕐 强制平仓执行
时间: 21:32:59.941700
原因: 临近收盘
平仓头寸数: 1
2025-06-04 18:33:52 | INFO     | src.bot.trading_bot:_check_force_close:229 | 临近收盘，执行强制平仓
2025-06-04 18:33:52 | ERROR    | src.trading.executor:_close_position:576 | 平仓失败: {"code":42210000,"message":"options market orders are only allowed during market hours"}
2025-06-04 18:33:52 | INFO     | src.trading.executor:close_all_positions:598 | 已平仓所有头寸，原因: 临近收盘强制平仓
2025-06-04 18:33:52 | INFO     | src.utils.notifications:send_message:63 | [GENERAL] 🕐 强制平仓执行
时间: 21:33:52.226151
原因: 临近收盘
平仓头寸数: 1
2025-06-04 18:34:00 | INFO     | src.bot.trading_bot:_check_force_close:229 | 临近收盘，执行强制平仓
2025-06-04 18:34:00 | ERROR    | src.trading.executor:_close_position:576 | 平仓失败: {"code":42210000,"message":"options market orders are only allowed during market hours"}
2025-06-04 18:34:00 | INFO     | src.trading.executor:close_all_positions:598 | 已平仓所有头寸，原因: 临近收盘强制平仓
2025-06-04 18:34:00 | INFO     | src.utils.notifications:send_message:63 | [GENERAL] 🕐 强制平仓执行
时间: 21:34:00.538069
原因: 临近收盘
平仓头寸数: 1
2025-06-04 18:34:52 | INFO     | src.bot.trading_bot:_check_force_close:229 | 临近收盘，执行强制平仓
2025-06-04 18:34:52 | ERROR    | src.trading.executor:_close_position:576 | 平仓失败: {"code":42210000,"message":"options market orders are only allowed during market hours"}
2025-06-04 18:34:52 | INFO     | src.trading.executor:close_all_positions:598 | 已平仓所有头寸，原因: 临近收盘强制平仓
2025-06-04 18:34:52 | INFO     | src.utils.notifications:send_message:63 | [GENERAL] 🕐 强制平仓执行
时间: 21:34:52.866162
原因: 临近收盘
平仓头寸数: 1
2025-06-04 18:35:01 | INFO     | src.bot.trading_bot:_check_force_close:229 | 临近收盘，执行强制平仓
2025-06-04 18:35:01 | ERROR    | src.trading.executor:_close_position:576 | 平仓失败: {"code":42210000,"message":"options market orders are only allowed during market hours"}
2025-06-04 18:35:01 | INFO     | src.trading.executor:close_all_positions:598 | 已平仓所有头寸，原因: 临近收盘强制平仓
2025-06-04 18:35:01 | INFO     | src.utils.notifications:send_message:63 | [GENERAL] 🕐 强制平仓执行
时间: 21:35:01.176048
原因: 临近收盘
平仓头寸数: 1
2025-06-04 18:35:53 | INFO     | src.bot.trading_bot:_check_force_close:229 | 临近收盘，执行强制平仓
2025-06-04 18:35:53 | ERROR    | src.trading.executor:_close_position:576 | 平仓失败: {"code":42210000,"message":"options market orders are only allowed during market hours"}
2025-06-04 18:35:53 | INFO     | src.trading.executor:close_all_positions:598 | 已平仓所有头寸，原因: 临近收盘强制平仓
2025-06-04 18:35:53 | INFO     | src.utils.notifications:send_message:63 | [GENERAL] 🕐 强制平仓执行
时间: 21:35:53.452404
原因: 临近收盘
平仓头寸数: 1
2025-06-04 18:36:01 | INFO     | src.bot.trading_bot:_check_force_close:229 | 临近收盘，执行强制平仓
2025-06-04 18:36:01 | ERROR    | src.trading.executor:_close_position:576 | 平仓失败: {"code":42210000,"message":"options market orders are only allowed during market hours"}
2025-06-04 18:36:01 | INFO     | src.trading.executor:close_all_positions:598 | 已平仓所有头寸，原因: 临近收盘强制平仓
2025-06-04 18:36:01 | INFO     | src.utils.notifications:send_message:63 | [GENERAL] 🕐 强制平仓执行
时间: 21:36:01.848314
原因: 临近收盘
平仓头寸数: 1
2025-06-04 18:36:53 | INFO     | src.bot.trading_bot:_check_force_close:229 | 临近收盘，执行强制平仓
2025-06-04 18:36:53 | ERROR    | src.trading.executor:_close_position:576 | 平仓失败: {"code":42210000,"message":"options market orders are only allowed during market hours"}
2025-06-04 18:36:53 | INFO     | src.trading.executor:close_all_positions:598 | 已平仓所有头寸，原因: 临近收盘强制平仓
2025-06-04 18:36:53 | INFO     | src.utils.notifications:send_message:63 | [GENERAL] 🕐 强制平仓执行
时间: 21:36:53.868013
原因: 临近收盘
平仓头寸数: 1
2025-06-04 18:37:02 | INFO     | src.bot.trading_bot:_check_force_close:229 | 临近收盘，执行强制平仓
2025-06-04 18:37:02 | ERROR    | src.trading.executor:_close_position:576 | 平仓失败: {"code":42210000,"message":"options market orders are only allowed during market hours"}
2025-06-04 18:37:02 | INFO     | src.trading.executor:close_all_positions:598 | 已平仓所有头寸，原因: 临近收盘强制平仓
2025-06-04 18:37:02 | INFO     | src.utils.notifications:send_message:63 | [GENERAL] 🕐 强制平仓执行
时间: 21:37:02.240690
原因: 临近收盘
平仓头寸数: 1
2025-06-04 18:37:54 | INFO     | src.bot.trading_bot:_check_force_close:229 | 临近收盘，执行强制平仓
2025-06-04 18:37:54 | ERROR    | src.trading.executor:_close_position:576 | 平仓失败: {"code":42210000,"message":"options market orders are only allowed during market hours"}
2025-06-04 18:37:54 | INFO     | src.trading.executor:close_all_positions:598 | 已平仓所有头寸，原因: 临近收盘强制平仓
2025-06-04 18:37:54 | INFO     | src.utils.notifications:send_message:63 | [GENERAL] 🕐 强制平仓执行
时间: 21:37:54.267693
原因: 临近收盘
平仓头寸数: 1
2025-06-04 18:38:02 | INFO     | src.bot.trading_bot:_check_force_close:229 | 临近收盘，执行强制平仓
2025-06-04 18:38:02 | ERROR    | src.trading.executor:_close_position:576 | 平仓失败: {"code":42210000,"message":"options market orders are only allowed during market hours"}
2025-06-04 18:38:02 | INFO     | src.trading.executor:close_all_positions:598 | 已平仓所有头寸，原因: 临近收盘强制平仓
2025-06-04 18:38:02 | INFO     | src.utils.notifications:send_message:63 | [GENERAL] 🕐 强制平仓执行
时间: 21:38:02.639303
原因: 临近收盘
平仓头寸数: 1
2025-06-04 18:39:03 | INFO     | src.bot.trading_bot:_check_force_close:229 | 临近收盘，执行强制平仓
2025-06-04 18:39:03 | ERROR    | src.trading.executor:_close_position:576 | 平仓失败: {"code":42210000,"message":"options market orders are only allowed during market hours"}
2025-06-04 18:39:03 | INFO     | src.trading.executor:close_all_positions:598 | 已平仓所有头寸，原因: 临近收盘强制平仓
2025-06-04 18:39:03 | INFO     | src.utils.notifications:send_message:63 | [GENERAL] 🕐 强制平仓执行
时间: 21:39:03.004838
原因: 临近收盘
平仓头寸数: 1
2025-06-04 18:40:03 | INFO     | src.bot.trading_bot:_check_force_close:229 | 临近收盘，执行强制平仓
2025-06-04 18:40:03 | ERROR    | src.trading.executor:_close_position:576 | 平仓失败: {"code":42210000,"message":"options market orders are only allowed during market hours"}
2025-06-04 18:40:03 | INFO     | src.trading.executor:close_all_positions:598 | 已平仓所有头寸，原因: 临近收盘强制平仓
2025-06-04 18:40:03 | INFO     | src.utils.notifications:send_message:63 | [GENERAL] 🕐 强制平仓执行
时间: 21:40:03.407644
原因: 临近收盘
平仓头寸数: 1
2025-06-04 18:41:03 | INFO     | src.bot.trading_bot:_check_force_close:229 | 临近收盘，执行强制平仓
2025-06-04 18:41:03 | ERROR    | src.trading.executor:_close_position:576 | 平仓失败: {"code":42210000,"message":"options market orders are only allowed during market hours"}
2025-06-04 18:41:03 | INFO     | src.trading.executor:close_all_positions:598 | 已平仓所有头寸，原因: 临近收盘强制平仓
2025-06-04 18:41:03 | INFO     | src.utils.notifications:send_message:63 | [GENERAL] 🕐 强制平仓执行
时间: 21:41:03.773838
原因: 临近收盘
平仓头寸数: 1
2025-06-04 18:59:17 | INFO     | src.bot.trading_bot:_check_force_close:229 | 临近收盘，执行强制平仓
2025-06-04 18:59:17 | ERROR    | src.trading.executor:_close_position:576 | 平仓失败: ('Connection aborted.', ConnectionResetError(54, 'Connection reset by peer'))
2025-06-04 18:59:17 | INFO     | src.trading.executor:close_all_positions:598 | 已平仓所有头寸，原因: 临近收盘强制平仓
2025-06-04 18:59:17 | INFO     | src.utils.notifications:send_message:63 | [GENERAL] 🕐 强制平仓执行
时间: 21:59:17.757902
原因: 临近收盘
平仓头寸数: 1
2025-06-04 19:02:16 | INFO     | src.bot.trading_bot:_check_force_close:229 | 临近收盘，执行强制平仓
2025-06-04 19:02:16 | ERROR    | src.trading.executor:_close_position:576 | 平仓失败: {"code":42210000,"message":"options market orders are only allowed during market hours"}
2025-06-04 19:02:16 | INFO     | src.trading.executor:close_all_positions:598 | 已平仓所有头寸，原因: 临近收盘强制平仓
2025-06-04 19:02:16 | INFO     | src.utils.notifications:send_message:63 | [GENERAL] 🕐 强制平仓执行
时间: 22:02:16.009788
原因: 临近收盘
平仓头寸数: 1
2025-06-04 19:06:19 | INFO     | src.bot.trading_bot:_check_force_close:229 | 临近收盘，执行强制平仓
2025-06-04 19:06:20 | ERROR    | src.trading.executor:_close_position:576 | 平仓失败: ('Connection aborted.', ConnectionResetError(54, 'Connection reset by peer'))
2025-06-04 19:06:20 | INFO     | src.trading.executor:close_all_positions:598 | 已平仓所有头寸，原因: 临近收盘强制平仓
2025-06-04 19:06:20 | INFO     | src.utils.notifications:send_message:63 | [GENERAL] 🕐 强制平仓执行
时间: 22:06:19.628116
原因: 临近收盘
平仓头寸数: 1
2025-06-04 19:07:20 | INFO     | src.bot.trading_bot:_check_force_close:229 | 临近收盘，执行强制平仓
2025-06-04 19:07:21 | ERROR    | src.trading.executor:_close_position:576 | 平仓失败: {"code":42210000,"message":"options market orders are only allowed during market hours"}
2025-06-04 19:07:21 | INFO     | src.trading.executor:close_all_positions:598 | 已平仓所有头寸，原因: 临近收盘强制平仓
2025-06-04 19:07:21 | INFO     | src.utils.notifications:send_message:63 | [GENERAL] 🕐 强制平仓执行
时间: 22:07:20.894939
原因: 临近收盘
平仓头寸数: 1
2025-06-04 19:08:21 | INFO     | src.bot.trading_bot:_check_force_close:229 | 临近收盘，执行强制平仓
2025-06-04 19:08:21 | ERROR    | src.trading.executor:_close_position:576 | 平仓失败: {"code":42210000,"message":"options market orders are only allowed during market hours"}
2025-06-04 19:08:21 | INFO     | src.trading.executor:close_all_positions:598 | 已平仓所有头寸，原因: 临近收盘强制平仓
2025-06-04 19:08:21 | INFO     | src.utils.notifications:send_message:63 | [GENERAL] 🕐 强制平仓执行
时间: 22:08:21.880711
原因: 临近收盘
平仓头寸数: 1
2025-06-04 19:09:22 | INFO     | src.bot.trading_bot:_check_force_close:229 | 临近收盘，执行强制平仓
2025-06-04 19:09:22 | ERROR    | src.trading.executor:_close_position:576 | 平仓失败: {"code":42210000,"message":"options market orders are only allowed during market hours"}
2025-06-04 19:09:22 | INFO     | src.trading.executor:close_all_positions:598 | 已平仓所有头寸，原因: 临近收盘强制平仓
2025-06-04 19:09:22 | INFO     | src.utils.notifications:send_message:63 | [GENERAL] 🕐 强制平仓执行
时间: 22:09:22.277417
原因: 临近收盘
平仓头寸数: 1
2025-06-04 19:10:22 | INFO     | src.bot.trading_bot:_check_force_close:229 | 临近收盘，执行强制平仓
2025-06-04 19:10:22 | ERROR    | src.trading.executor:_close_position:576 | 平仓失败: {"code":42210000,"message":"options market orders are only allowed during market hours"}
2025-06-04 19:10:22 | INFO     | src.trading.executor:close_all_positions:598 | 已平仓所有头寸，原因: 临近收盘强制平仓
2025-06-04 19:10:22 | INFO     | src.utils.notifications:send_message:63 | [GENERAL] 🕐 强制平仓执行
时间: 22:10:22.727799
原因: 临近收盘
平仓头寸数: 1
2025-06-04 19:11:23 | INFO     | src.bot.trading_bot:_check_force_close:229 | 临近收盘，执行强制平仓
2025-06-04 19:11:23 | ERROR    | src.trading.executor:_close_position:576 | 平仓失败: {"code":42210000,"message":"options market orders are only allowed during market hours"}
2025-06-04 19:11:23 | INFO     | src.trading.executor:close_all_positions:598 | 已平仓所有头寸，原因: 临近收盘强制平仓
2025-06-04 19:11:23 | INFO     | src.utils.notifications:send_message:63 | [GENERAL] 🕐 强制平仓执行
时间: 22:11:23.154898
原因: 临近收盘
平仓头寸数: 1
2025-06-04 19:12:23 | INFO     | src.bot.trading_bot:_check_force_close:229 | 临近收盘，执行强制平仓
2025-06-04 19:12:23 | ERROR    | src.trading.executor:_close_position:576 | 平仓失败: {"code":42210000,"message":"options market orders are only allowed during market hours"}
2025-06-04 19:12:23 | INFO     | src.trading.executor:close_all_positions:598 | 已平仓所有头寸，原因: 临近收盘强制平仓
2025-06-04 19:12:23 | INFO     | src.utils.notifications:send_message:63 | [GENERAL] 🕐 强制平仓执行
时间: 22:12:23.610014
原因: 临近收盘
平仓头寸数: 1
2025-06-04 19:13:24 | INFO     | src.bot.trading_bot:_check_force_close:229 | 临近收盘，执行强制平仓
2025-06-04 19:13:24 | ERROR    | src.trading.executor:_close_position:576 | 平仓失败: {"code":42210000,"message":"options market orders are only allowed during market hours"}
2025-06-04 19:13:24 | INFO     | src.trading.executor:close_all_positions:598 | 已平仓所有头寸，原因: 临近收盘强制平仓
2025-06-04 19:13:24 | INFO     | src.utils.notifications:send_message:63 | [GENERAL] 🕐 强制平仓执行
时间: 22:13:24.007836
原因: 临近收盘
平仓头寸数: 1
2025-06-04 19:14:24 | INFO     | src.bot.trading_bot:_check_force_close:229 | 临近收盘，执行强制平仓
2025-06-04 19:14:24 | ERROR    | src.trading.executor:_close_position:576 | 平仓失败: {"code":42210000,"message":"options market orders are only allowed during market hours"}
2025-06-04 19:14:24 | INFO     | src.trading.executor:close_all_positions:598 | 已平仓所有头寸，原因: 临近收盘强制平仓
2025-06-04 19:14:24 | INFO     | src.utils.notifications:send_message:63 | [GENERAL] 🕐 强制平仓执行
时间: 22:14:24.428410
原因: 临近收盘
平仓头寸数: 1
2025-06-04 19:15:24 | INFO     | src.bot.trading_bot:_check_force_close:229 | 临近收盘，执行强制平仓
2025-06-04 19:15:24 | ERROR    | src.trading.executor:_close_position:576 | 平仓失败: {"code":42210000,"message":"options market orders are only allowed during market hours"}
2025-06-04 19:15:24 | INFO     | src.trading.executor:close_all_positions:598 | 已平仓所有头寸，原因: 临近收盘强制平仓
2025-06-04 19:15:24 | INFO     | src.utils.notifications:send_message:63 | [GENERAL] 🕐 强制平仓执行
时间: 22:15:24.889114
原因: 临近收盘
平仓头寸数: 1
2025-06-04 19:16:25 | INFO     | src.bot.trading_bot:_check_force_close:229 | 临近收盘，执行强制平仓
2025-06-04 19:16:25 | ERROR    | src.trading.executor:_close_position:576 | 平仓失败: {"code":42210000,"message":"options market orders are only allowed during market hours"}
2025-06-04 19:16:25 | INFO     | src.trading.executor:close_all_positions:598 | 已平仓所有头寸，原因: 临近收盘强制平仓
2025-06-04 19:16:25 | INFO     | src.utils.notifications:send_message:63 | [GENERAL] 🕐 强制平仓执行
时间: 22:16:25.305145
原因: 临近收盘
平仓头寸数: 1
2025-06-04 19:17:25 | INFO     | src.bot.trading_bot:_check_force_close:229 | 临近收盘，执行强制平仓
2025-06-04 19:17:25 | ERROR    | src.trading.executor:_close_position:576 | 平仓失败: {"code":42210000,"message":"options market orders are only allowed during market hours"}
2025-06-04 19:17:25 | INFO     | src.trading.executor:close_all_positions:598 | 已平仓所有头寸，原因: 临近收盘强制平仓
2025-06-04 19:17:25 | INFO     | src.utils.notifications:send_message:63 | [GENERAL] 🕐 强制平仓执行
时间: 22:17:25.755382
原因: 临近收盘
平仓头寸数: 1
2025-06-04 19:18:26 | INFO     | src.bot.trading_bot:_check_force_close:229 | 临近收盘，执行强制平仓
2025-06-04 19:18:26 | ERROR    | src.trading.executor:_close_position:576 | 平仓失败: {"code":42210000,"message":"options market orders are only allowed during market hours"}
2025-06-04 19:18:26 | INFO     | src.trading.executor:close_all_positions:598 | 已平仓所有头寸，原因: 临近收盘强制平仓
2025-06-04 19:18:26 | INFO     | src.utils.notifications:send_message:63 | [GENERAL] 🕐 强制平仓执行
时间: 22:18:26.189605
原因: 临近收盘
平仓头寸数: 1
2025-06-04 19:19:26 | INFO     | src.bot.trading_bot:_check_force_close:229 | 临近收盘，执行强制平仓
2025-06-04 19:19:26 | ERROR    | src.trading.executor:_close_position:576 | 平仓失败: {"code":42210000,"message":"options market orders are only allowed during market hours"}
2025-06-04 19:19:26 | INFO     | src.trading.executor:close_all_positions:598 | 已平仓所有头寸，原因: 临近收盘强制平仓
2025-06-04 19:19:26 | INFO     | src.utils.notifications:send_message:63 | [GENERAL] 🕐 强制平仓执行
时间: 22:19:26.611239
原因: 临近收盘
平仓头寸数: 1
2025-06-04 19:20:27 | INFO     | src.bot.trading_bot:_check_force_close:229 | 临近收盘，执行强制平仓
2025-06-04 19:20:27 | ERROR    | src.trading.executor:_close_position:576 | 平仓失败: {"code":42210000,"message":"options market orders are only allowed during market hours"}
2025-06-04 19:20:27 | INFO     | src.trading.executor:close_all_positions:598 | 已平仓所有头寸，原因: 临近收盘强制平仓
2025-06-04 19:20:27 | INFO     | src.utils.notifications:send_message:63 | [GENERAL] 🕐 强制平仓执行
时间: 22:20:27.066164
原因: 临近收盘
平仓头寸数: 1
2025-06-04 19:21:27 | INFO     | src.bot.trading_bot:_check_force_close:229 | 临近收盘，执行强制平仓
2025-06-04 19:21:27 | ERROR    | src.trading.executor:_close_position:576 | 平仓失败: {"code":42210000,"message":"options market orders are only allowed during market hours"}
2025-06-04 19:21:27 | INFO     | src.trading.executor:close_all_positions:598 | 已平仓所有头寸，原因: 临近收盘强制平仓
2025-06-04 19:21:27 | INFO     | src.utils.notifications:send_message:63 | [GENERAL] 🕐 强制平仓执行
时间: 22:21:27.498970
原因: 临近收盘
平仓头寸数: 1
2025-06-04 19:22:27 | INFO     | src.bot.trading_bot:_check_force_close:229 | 临近收盘，执行强制平仓
2025-06-04 19:22:28 | ERROR    | src.trading.executor:_close_position:576 | 平仓失败: {"code":42210000,"message":"options market orders are only allowed during market hours"}
2025-06-04 19:22:28 | INFO     | src.trading.executor:close_all_positions:598 | 已平仓所有头寸，原因: 临近收盘强制平仓
2025-06-04 19:22:28 | INFO     | src.utils.notifications:send_message:63 | [GENERAL] 🕐 强制平仓执行
时间: 22:22:27.915980
原因: 临近收盘
平仓头寸数: 1
2025-06-04 19:23:28 | INFO     | src.bot.trading_bot:_check_force_close:229 | 临近收盘，执行强制平仓
2025-06-04 19:23:28 | ERROR    | src.trading.executor:_close_position:576 | 平仓失败: {"code":42210000,"message":"options market orders are only allowed during market hours"}
2025-06-04 19:23:28 | INFO     | src.trading.executor:close_all_positions:598 | 已平仓所有头寸，原因: 临近收盘强制平仓
2025-06-04 19:23:28 | INFO     | src.utils.notifications:send_message:63 | [GENERAL] 🕐 强制平仓执行
时间: 22:23:28.321965
原因: 临近收盘
平仓头寸数: 1
2025-06-04 19:24:28 | INFO     | src.bot.trading_bot:_check_force_close:229 | 临近收盘，执行强制平仓
2025-06-04 19:24:28 | ERROR    | src.trading.executor:_close_position:576 | 平仓失败: {"code":42210000,"message":"options market orders are only allowed during market hours"}
2025-06-04 19:24:28 | INFO     | src.trading.executor:close_all_positions:598 | 已平仓所有头寸，原因: 临近收盘强制平仓
2025-06-04 19:24:28 | INFO     | src.utils.notifications:send_message:63 | [GENERAL] 🕐 强制平仓执行
时间: 22:24:28.742427
原因: 临近收盘
平仓头寸数: 1
2025-06-04 19:25:29 | INFO     | src.bot.trading_bot:_check_force_close:229 | 临近收盘，执行强制平仓
2025-06-04 19:25:29 | ERROR    | src.trading.executor:_close_position:576 | 平仓失败: {"code":42210000,"message":"options market orders are only allowed during market hours"}
2025-06-04 19:25:29 | INFO     | src.trading.executor:close_all_positions:598 | 已平仓所有头寸，原因: 临近收盘强制平仓
2025-06-04 19:25:29 | INFO     | src.utils.notifications:send_message:63 | [GENERAL] 🕐 强制平仓执行
时间: 22:25:29.088473
原因: 临近收盘
平仓头寸数: 1
2025-06-04 19:26:29 | INFO     | src.bot.trading_bot:_check_force_close:229 | 临近收盘，执行强制平仓
2025-06-04 19:26:29 | ERROR    | src.trading.executor:_close_position:576 | 平仓失败: {"code":42210000,"message":"options market orders are only allowed during market hours"}
2025-06-04 19:26:29 | INFO     | src.trading.executor:close_all_positions:598 | 已平仓所有头寸，原因: 临近收盘强制平仓
2025-06-04 19:26:29 | INFO     | src.utils.notifications:send_message:63 | [GENERAL] 🕐 强制平仓执行
时间: 22:26:29.518892
原因: 临近收盘
平仓头寸数: 1
2025-06-04 19:43:06 | INFO     | src.bot.trading_bot:_check_force_close:229 | 临近收盘，执行强制平仓
2025-06-04 19:43:06 | ERROR    | src.trading.executor:_close_position:576 | 平仓失败: ('Connection aborted.', ConnectionResetError(54, 'Connection reset by peer'))
2025-06-04 19:43:06 | INFO     | src.trading.executor:close_all_positions:598 | 已平仓所有头寸，原因: 临近收盘强制平仓
2025-06-04 19:43:06 | INFO     | src.utils.notifications:send_message:63 | [GENERAL] 🕐 强制平仓执行
时间: 22:43:06.884697
原因: 临近收盘
平仓头寸数: 1
2025-06-04 20:00:11 | INFO     | src.bot.trading_bot:_check_force_close:229 | 临近收盘，执行强制平仓
2025-06-04 20:00:12 | ERROR    | src.trading.executor:_close_position:576 | 平仓失败: {"code":42210000,"message":"options market orders are only allowed during market hours"}
2025-06-04 20:00:12 | INFO     | src.trading.executor:close_all_positions:598 | 已平仓所有头寸，原因: 临近收盘强制平仓
2025-06-04 20:00:12 | INFO     | src.utils.notifications:send_message:63 | [GENERAL] 🕐 强制平仓执行
时间: 23:00:11.706143
原因: 临近收盘
平仓头寸数: 1
2025-06-04 20:17:54 | INFO     | src.bot.trading_bot:_check_force_close:229 | 临近收盘，执行强制平仓
2025-06-04 20:17:54 | ERROR    | src.trading.executor:_close_position:576 | 平仓失败: ('Connection aborted.', ConnectionResetError(54, 'Connection reset by peer'))
2025-06-04 20:17:54 | INFO     | src.trading.executor:close_all_positions:598 | 已平仓所有头寸，原因: 临近收盘强制平仓
2025-06-04 20:17:54 | INFO     | src.utils.notifications:send_message:63 | [GENERAL] 🕐 强制平仓执行
时间: 23:17:54.821011
原因: 临近收盘
平仓头寸数: 1
2025-06-04 20:34:57 | INFO     | src.bot.trading_bot:_check_force_close:229 | 临近收盘，执行强制平仓
2025-06-04 20:34:58 | ERROR    | src.trading.executor:_close_position:576 | 平仓失败: {"code":42210000,"message":"options market orders are only allowed during market hours"}
2025-06-04 20:34:58 | INFO     | src.trading.executor:close_all_positions:598 | 已平仓所有头寸，原因: 临近收盘强制平仓
2025-06-04 20:34:58 | INFO     | src.utils.notifications:send_message:63 | [GENERAL] 🕐 强制平仓执行
时间: 23:34:57.662054
原因: 临近收盘
平仓头寸数: 1
2025-06-04 20:52:47 | INFO     | src.bot.trading_bot:_check_force_close:229 | 临近收盘，执行强制平仓
2025-06-04 20:52:48 | ERROR    | src.trading.executor:_close_position:576 | 平仓失败: ('Connection aborted.', ConnectionResetError(54, 'Connection reset by peer'))
2025-06-04 20:52:48 | INFO     | src.trading.executor:close_all_positions:598 | 已平仓所有头寸，原因: 临近收盘强制平仓
2025-06-04 20:52:48 | INFO     | src.utils.notifications:send_message:63 | [GENERAL] 🕐 强制平仓执行
时间: 23:52:47.988390
原因: 临近收盘
平仓头寸数: 1
2025-06-05 06:42:24 | INFO     | src.trading.executor:update_account_info:125 | 账户更新: 总值$10029.63, 买入力$20059.26
2025-06-05 06:42:24 | DEBUG    | src.bot.trading_bot:_update_market_data:134 | 市场数据更新完成
2025-06-05 06:42:24 | INFO     | src.utils.notifications:send_message:63 | [GENERAL] 📊 每小时报告
时间: 06:42
当前头寸: 1
当日交易: 0
当日盈亏: $-5.00
账户总值: $10,029.63
2025-06-05 06:42:24 | INFO     | src.data.market_data:_get_option_chain_sdk:148 | 开始获取SPY期权链数据 (使用Alpaca SDK)
2025-06-05 06:42:34 | INFO     | src.data.market_data:_get_option_chain_sdk:162 | ✅ SDK获取期权快照: 9220个快照，用时9.43秒
2025-06-05 06:42:34 | INFO     | src.data.market_data:_get_option_chain_sdk:258 | 成功解析期权链: 4610个看涨期权, 4610个看跌期权
2025-06-05 06:42:34 | WARNING  | src.trading.executor:_get_option_price:373 | 无法获取期权SPY250604C00569000的实际报价，使用保守估价
2025-06-05 06:42:34 | DEBUG    | src.bot.trading_bot:_update_positions:184 | 头寸更新完成
2025-06-05 06:42:54 | INFO     | src.trading.executor:update_account_info:125 | 账户更新: 总值$10029.63, 买入力$20059.26
2025-06-05 06:42:54 | DEBUG    | src.bot.trading_bot:_update_market_data:134 | 市场数据更新完成
2025-06-05 06:43:25 | INFO     | src.trading.executor:update_account_info:125 | 账户更新: 总值$10029.63, 买入力$20059.26
2025-06-05 06:43:25 | DEBUG    | src.bot.trading_bot:_update_market_data:134 | 市场数据更新完成
2025-06-05 06:43:34 | INFO     | src.data.market_data:_get_option_chain_sdk:148 | 开始获取SPY期权链数据 (使用Alpaca SDK)
2025-06-05 06:43:44 | INFO     | src.data.market_data:_get_option_chain_sdk:162 | ✅ SDK获取期权快照: 9220个快照，用时9.63秒
2025-06-05 06:43:44 | INFO     | src.data.market_data:_get_option_chain_sdk:258 | 成功解析期权链: 4610个看涨期权, 4610个看跌期权
2025-06-05 06:43:44 | WARNING  | src.trading.executor:_get_option_price:373 | 无法获取期权SPY250604C00569000的实际报价，使用保守估价
2025-06-05 06:43:44 | DEBUG    | src.bot.trading_bot:_update_positions:184 | 头寸更新完成
2025-06-05 06:43:55 | INFO     | src.trading.executor:update_account_info:125 | 账户更新: 总值$10029.63, 买入力$20059.26
2025-06-05 06:43:55 | DEBUG    | src.bot.trading_bot:_update_market_data:134 | 市场数据更新完成
2025-06-05 06:44:26 | INFO     | src.trading.executor:update_account_info:125 | 账户更新: 总值$10029.63, 买入力$20059.26
2025-06-05 06:44:26 | DEBUG    | src.bot.trading_bot:_update_market_data:134 | 市场数据更新完成
2025-06-05 06:44:44 | INFO     | src.data.market_data:_get_option_chain_sdk:148 | 开始获取SPY期权链数据 (使用Alpaca SDK)
2025-06-05 06:44:54 | INFO     | src.data.market_data:_get_option_chain_sdk:162 | ✅ SDK获取期权快照: 9220个快照，用时9.79秒
2025-06-05 06:44:54 | INFO     | src.data.market_data:_get_option_chain_sdk:258 | 成功解析期权链: 4610个看涨期权, 4610个看跌期权
2025-06-05 06:44:54 | WARNING  | src.trading.executor:_get_option_price:373 | 无法获取期权SPY250604C00569000的实际报价，使用保守估价
2025-06-05 06:44:54 | DEBUG    | src.bot.trading_bot:_update_positions:184 | 头寸更新完成
2025-06-05 06:44:56 | INFO     | src.trading.executor:update_account_info:125 | 账户更新: 总值$10029.63, 买入力$20059.26
2025-06-05 06:44:56 | DEBUG    | src.bot.trading_bot:_update_market_data:134 | 市场数据更新完成
2025-06-05 07:01:31 | ERROR    | src.trading.executor:update_account_info:131 | 更新账户信息失败: ('Connection aborted.', ConnectionResetError(54, 'Connection reset by peer'))
2025-06-05 07:01:31 | DEBUG    | src.bot.trading_bot:_update_market_data:134 | 市场数据更新完成
2025-06-05 07:01:31 | ERROR    | src.data.market_data:get_current_price:369 | 获取当前价格失败: ('Connection aborted.', ConnectionResetError(54, 'Connection reset by peer'))
2025-06-05 07:01:31 | INFO     | src.data.market_data:_get_option_chain_sdk:148 | 开始获取SPY期权链数据 (使用Alpaca SDK)
2025-06-05 07:01:31 | ERROR    | src.data.market_data:_get_option_chain_sdk:268 | SDK获取期权链失败: ('Connection aborted.', ConnectionResetError(54, 'Connection reset by peer'))
2025-06-05 07:01:31 | WARNING  | src.trading.executor:_get_option_price:373 | 无法获取期权SPY250604C00569000的实际报价，使用保守估价
2025-06-05 07:01:31 | DEBUG    | src.bot.trading_bot:_update_positions:184 | 头寸更新完成
2025-06-05 07:01:31 | WARNING  | src.bot.trading_bot:_risk_check:196 | 风险利用率过高: 1076.8%
2025-06-05 07:01:31 | INFO     | src.utils.notifications:send_message:63 | [GENERAL] ⚠️ 风险警告
当前风险利用率: 1076.8%
当日盈亏: $-2,160.00
请注意风险控制
2025-06-05 07:01:31 | ERROR    | src.bot.trading_bot:_risk_check:207 | 接近最大日亏损限制，停止新交易
2025-06-05 07:01:31 | INFO     | src.utils.notifications:send_message:63 | [GENERAL] 🚨 风险警报
当日亏损接近限制: $-2,160.00
停止新交易，请检查策略
2025-06-05 07:02:01 | INFO     | src.trading.executor:update_account_info:125 | 账户更新: 总值$10029.63, 买入力$20059.26
2025-06-05 07:02:01 | DEBUG    | src.bot.trading_bot:_update_market_data:134 | 市场数据更新完成
2025-06-05 07:02:31 | INFO     | src.trading.executor:update_account_info:125 | 账户更新: 总值$10029.63, 买入力$20059.26
2025-06-05 07:02:31 | DEBUG    | src.bot.trading_bot:_update_market_data:134 | 市场数据更新完成
2025-06-05 07:02:31 | INFO     | src.data.market_data:_get_option_chain_sdk:148 | 开始获取SPY期权链数据 (使用Alpaca SDK)
2025-06-05 07:02:41 | INFO     | src.data.market_data:_get_option_chain_sdk:162 | ✅ SDK获取期权快照: 9220个快照，用时9.91秒
2025-06-05 07:02:41 | INFO     | src.data.market_data:_get_option_chain_sdk:258 | 成功解析期权链: 4610个看涨期权, 4610个看跌期权
2025-06-05 07:02:41 | WARNING  | src.trading.executor:_get_option_price:373 | 无法获取期权SPY250604C00569000的实际报价，使用保守估价
2025-06-05 07:02:42 | DEBUG    | src.bot.trading_bot:_update_positions:184 | 头寸更新完成
2025-06-05 07:03:02 | INFO     | src.trading.executor:update_account_info:125 | 账户更新: 总值$10029.63, 买入力$20059.26
2025-06-05 07:03:02 | DEBUG    | src.bot.trading_bot:_update_market_data:134 | 市场数据更新完成
2025-06-05 07:03:32 | INFO     | src.trading.executor:update_account_info:125 | 账户更新: 总值$10029.63, 买入力$20059.26
2025-06-05 07:03:32 | DEBUG    | src.bot.trading_bot:_update_market_data:134 | 市场数据更新完成
2025-06-05 07:18:59 | ERROR    | src.data.market_data:get_current_price:369 | 获取当前价格失败: ('Connection aborted.', ConnectionResetError(54, 'Connection reset by peer'))
2025-06-05 07:18:59 | INFO     | src.data.market_data:_get_option_chain_sdk:148 | 开始获取SPY期权链数据 (使用Alpaca SDK)
2025-06-05 07:18:59 | ERROR    | src.data.market_data:_get_option_chain_sdk:268 | SDK获取期权链失败: ('Connection aborted.', ConnectionResetError(54, 'Connection reset by peer'))
2025-06-05 07:19:01 | WARNING  | src.trading.executor:_get_option_price:373 | 无法获取期权SPY250604C00569000的实际报价，使用保守估价
2025-06-05 07:19:01 | DEBUG    | src.bot.trading_bot:_update_positions:184 | 头寸更新完成
2025-06-05 07:19:01 | ERROR    | src.trading.executor:update_account_info:131 | 更新账户信息失败: ('Connection aborted.', ConnectionResetError(54, 'Connection reset by peer'))
2025-06-05 07:19:01 | DEBUG    | src.bot.trading_bot:_update_market_data:134 | 市场数据更新完成
2025-06-05 07:19:01 | WARNING  | src.bot.trading_bot:_risk_check:196 | 风险利用率过高: 1076.8%
2025-06-05 07:19:01 | INFO     | src.utils.notifications:send_message:63 | [GENERAL] ⚠️ 风险警告
当前风险利用率: 1076.8%
当日盈亏: $-2,160.00
请注意风险控制
2025-06-05 07:19:01 | ERROR    | src.bot.trading_bot:_risk_check:207 | 接近最大日亏损限制，停止新交易
2025-06-05 07:19:01 | INFO     | src.utils.notifications:send_message:63 | [GENERAL] 🚨 风险警报
当日亏损接近限制: $-2,160.00
停止新交易，请检查策略
2025-06-05 07:19:32 | INFO     | src.trading.executor:update_account_info:125 | 账户更新: 总值$10029.63, 买入力$20059.26
2025-06-05 07:19:32 | DEBUG    | src.bot.trading_bot:_update_market_data:134 | 市场数据更新完成
2025-06-05 07:20:02 | INFO     | src.data.market_data:_get_option_chain_sdk:148 | 开始获取SPY期权链数据 (使用Alpaca SDK)
2025-06-05 07:20:12 | INFO     | src.data.market_data:_get_option_chain_sdk:162 | ✅ SDK获取期权快照: 9220个快照，用时9.90秒
2025-06-05 07:20:12 | INFO     | src.data.market_data:_get_option_chain_sdk:258 | 成功解析期权链: 4610个看涨期权, 4610个看跌期权
2025-06-05 07:20:12 | WARNING  | src.trading.executor:_get_option_price:373 | 无法获取期权SPY250604C00569000的实际报价，使用保守估价
2025-06-05 07:20:12 | DEBUG    | src.bot.trading_bot:_update_positions:184 | 头寸更新完成
2025-06-05 07:20:13 | INFO     | src.trading.executor:update_account_info:125 | 账户更新: 总值$10029.63, 买入力$20059.26
2025-06-05 07:20:13 | DEBUG    | src.bot.trading_bot:_update_market_data:134 | 市场数据更新完成
2025-06-05 07:20:43 | INFO     | src.trading.executor:update_account_info:125 | 账户更新: 总值$10029.63, 买入力$20059.26
2025-06-05 07:20:43 | DEBUG    | src.bot.trading_bot:_update_market_data:134 | 市场数据更新完成
2025-06-05 07:21:13 | INFO     | src.data.market_data:_get_option_chain_sdk:148 | 开始获取SPY期权链数据 (使用Alpaca SDK)
2025-06-05 07:21:22 | INFO     | src.data.market_data:_get_option_chain_sdk:162 | ✅ SDK获取期权快照: 9220个快照，用时9.26秒
2025-06-05 07:21:22 | INFO     | src.data.market_data:_get_option_chain_sdk:258 | 成功解析期权链: 4610个看涨期权, 4610个看跌期权
2025-06-05 07:21:22 | WARNING  | src.trading.executor:_get_option_price:373 | 无法获取期权SPY250604C00569000的实际报价，使用保守估价
2025-06-05 07:21:22 | DEBUG    | src.bot.trading_bot:_update_positions:184 | 头寸更新完成
2025-06-05 07:21:24 | INFO     | src.trading.executor:update_account_info:125 | 账户更新: 总值$10029.63, 买入力$20059.26
2025-06-05 07:21:24 | DEBUG    | src.bot.trading_bot:_update_market_data:134 | 市场数据更新完成
2025-06-05 07:21:54 | INFO     | src.trading.executor:update_account_info:125 | 账户更新: 总值$10029.63, 买入力$20059.26
2025-06-05 07:21:54 | DEBUG    | src.bot.trading_bot:_update_market_data:134 | 市场数据更新完成
2025-06-05 07:22:23 | INFO     | src.data.market_data:_get_option_chain_sdk:148 | 开始获取SPY期权链数据 (使用Alpaca SDK)
2025-06-05 07:22:41 | INFO     | src.data.market_data:_get_option_chain_sdk:162 | ✅ SDK获取期权快照: 9220个快照，用时18.37秒
2025-06-05 07:22:42 | INFO     | src.data.market_data:_get_option_chain_sdk:258 | 成功解析期权链: 4610个看涨期权, 4610个看跌期权
2025-06-05 07:22:42 | WARNING  | src.trading.executor:_get_option_price:373 | 无法获取期权SPY250604C00569000的实际报价，使用保守估价
2025-06-05 07:22:42 | DEBUG    | src.bot.trading_bot:_update_positions:184 | 头寸更新完成
2025-06-05 07:22:43 | INFO     | src.trading.executor:update_account_info:125 | 账户更新: 总值$10029.63, 买入力$20059.26
2025-06-05 07:22:43 | DEBUG    | src.bot.trading_bot:_update_market_data:134 | 市场数据更新完成
2025-06-05 07:39:06 | ERROR    | src.trading.executor:update_account_info:131 | 更新账户信息失败: ('Connection aborted.', ConnectionResetError(54, 'Connection reset by peer'))
2025-06-05 07:39:06 | DEBUG    | src.bot.trading_bot:_update_market_data:134 | 市场数据更新完成
2025-06-05 07:39:07 | ERROR    | src.data.market_data:get_current_price:369 | 获取当前价格失败: ('Connection aborted.', ConnectionResetError(54, 'Connection reset by peer'))
2025-06-05 07:39:07 | INFO     | src.data.market_data:_get_option_chain_sdk:148 | 开始获取SPY期权链数据 (使用Alpaca SDK)
2025-06-05 07:39:07 | ERROR    | src.data.market_data:_get_option_chain_sdk:268 | SDK获取期权链失败: ('Connection aborted.', ConnectionResetError(54, 'Connection reset by peer'))
2025-06-05 07:39:07 | WARNING  | src.trading.executor:_get_option_price:373 | 无法获取期权SPY250604C00569000的实际报价，使用保守估价
2025-06-05 07:39:07 | DEBUG    | src.bot.trading_bot:_update_positions:184 | 头寸更新完成
2025-06-05 07:39:08 | WARNING  | src.bot.trading_bot:_risk_check:196 | 风险利用率过高: 1076.3%
2025-06-05 07:39:08 | INFO     | src.utils.notifications:send_message:63 | [GENERAL] ⚠️ 风险警告
当前风险利用率: 1076.3%
当日盈亏: $-2,159.00
请注意风险控制
2025-06-05 07:39:08 | ERROR    | src.bot.trading_bot:_risk_check:207 | 接近最大日亏损限制，停止新交易
2025-06-05 07:39:08 | INFO     | src.utils.notifications:send_message:63 | [GENERAL] 🚨 风险警报
当日亏损接近限制: $-2,159.00
停止新交易，请检查策略
2025-06-05 07:39:37 | INFO     | src.trading.executor:update_account_info:125 | 账户更新: 总值$10029.63, 买入力$20059.26
2025-06-05 07:39:37 | DEBUG    | src.bot.trading_bot:_update_market_data:134 | 市场数据更新完成
2025-06-05 07:55:12 | ERROR    | src.trading.executor:update_account_info:131 | 更新账户信息失败: ('Connection aborted.', ConnectionResetError(54, 'Connection reset by peer'))
2025-06-05 07:55:12 | DEBUG    | src.bot.trading_bot:_update_market_data:134 | 市场数据更新完成
2025-06-05 07:55:13 | ERROR    | src.data.market_data:get_current_price:369 | 获取当前价格失败: ('Connection aborted.', ConnectionResetError(54, 'Connection reset by peer'))
2025-06-05 07:55:13 | INFO     | src.data.market_data:_get_option_chain_sdk:148 | 开始获取SPY期权链数据 (使用Alpaca SDK)
2025-06-05 07:55:22 | INFO     | src.data.market_data:_get_option_chain_sdk:162 | ✅ SDK获取期权快照: 9220个快照，用时9.23秒
2025-06-05 07:55:22 | INFO     | src.data.market_data:_get_option_chain_sdk:258 | 成功解析期权链: 4610个看涨期权, 4610个看跌期权
2025-06-05 07:55:22 | WARNING  | src.trading.executor:_get_option_price:373 | 无法获取期权SPY250604C00569000的实际报价，使用保守估价
2025-06-05 07:55:22 | DEBUG    | src.bot.trading_bot:_update_positions:184 | 头寸更新完成
2025-06-05 07:55:22 | INFO     | src.utils.notifications:send_message:63 | [GENERAL] 📊 每小时报告
时间: 07:55
当前头寸: 1
当日交易: 0
当日盈亏: $-2,158.00
账户总值: $10,029.63
2025-06-05 07:55:22 | WARNING  | src.bot.trading_bot:_risk_check:196 | 风险利用率过高: 1075.8%
2025-06-05 07:55:22 | INFO     | src.utils.notifications:send_message:63 | [GENERAL] ⚠️ 风险警告
当前风险利用率: 1075.8%
当日盈亏: $-2,158.00
请注意风险控制
2025-06-05 07:55:22 | ERROR    | src.bot.trading_bot:_risk_check:207 | 接近最大日亏损限制，停止新交易
2025-06-05 07:55:22 | INFO     | src.utils.notifications:send_message:63 | [GENERAL] 🚨 风险警报
当日亏损接近限制: $-2,158.00
停止新交易，请检查策略
2025-06-05 07:55:43 | INFO     | src.trading.executor:update_account_info:125 | 账户更新: 总值$10029.63, 买入力$20059.26
2025-06-05 07:55:43 | DEBUG    | src.bot.trading_bot:_update_market_data:134 | 市场数据更新完成
2025-06-05 07:56:13 | INFO     | src.trading.executor:update_account_info:125 | 账户更新: 总值$10029.63, 买入力$20059.26
2025-06-05 07:56:13 | DEBUG    | src.bot.trading_bot:_update_market_data:134 | 市场数据更新完成
2025-06-05 07:56:22 | INFO     | src.data.market_data:_get_option_chain_sdk:148 | 开始获取SPY期权链数据 (使用Alpaca SDK)
2025-06-05 07:56:37 | INFO     | src.data.market_data:_get_option_chain_sdk:162 | ✅ SDK获取期权快照: 9220个快照，用时14.87秒
2025-06-05 07:56:37 | INFO     | src.data.market_data:_get_option_chain_sdk:258 | 成功解析期权链: 4610个看涨期权, 4610个看跌期权
2025-06-05 07:56:37 | WARNING  | src.trading.executor:_get_option_price:373 | 无法获取期权SPY250604C00569000的实际报价，使用保守估价
2025-06-05 07:56:37 | DEBUG    | src.bot.trading_bot:_update_positions:184 | 头寸更新完成
2025-06-05 07:56:44 | INFO     | src.trading.executor:update_account_info:125 | 账户更新: 总值$10029.63, 买入力$20059.26
2025-06-05 07:56:44 | DEBUG    | src.bot.trading_bot:_update_market_data:134 | 市场数据更新完成
2025-06-05 07:57:14 | INFO     | src.trading.executor:update_account_info:125 | 账户更新: 总值$10029.63, 买入力$20059.26
2025-06-05 07:57:14 | DEBUG    | src.bot.trading_bot:_update_market_data:134 | 市场数据更新完成
2025-06-05 07:57:39 | INFO     | src.data.market_data:_get_option_chain_sdk:148 | 开始获取SPY期权链数据 (使用Alpaca SDK)
2025-06-05 07:57:48 | INFO     | src.data.market_data:_get_option_chain_sdk:162 | ✅ SDK获取期权快照: 9220个快照，用时9.47秒
2025-06-05 07:57:48 | INFO     | src.data.market_data:_get_option_chain_sdk:258 | 成功解析期权链: 4610个看涨期权, 4610个看跌期权
2025-06-05 07:57:48 | WARNING  | src.trading.executor:_get_option_price:373 | 无法获取期权SPY250604C00569000的实际报价，使用保守估价
2025-06-05 07:57:48 | DEBUG    | src.bot.trading_bot:_update_positions:184 | 头寸更新完成
2025-06-05 07:57:50 | INFO     | src.trading.executor:update_account_info:125 | 账户更新: 总值$10029.63, 买入力$20059.26
2025-06-05 07:57:50 | DEBUG    | src.bot.trading_bot:_update_market_data:134 | 市场数据更新完成
2025-06-05 08:00:13 | ERROR    | src.trading.executor:update_account_info:131 | 更新账户信息失败: ('Connection aborted.', ConnectionResetError(54, 'Connection reset by peer'))
2025-06-05 08:00:13 | DEBUG    | src.bot.trading_bot:_update_market_data:134 | 市场数据更新完成
2025-06-05 08:00:13 | ERROR    | src.data.market_data:get_current_price:369 | 获取当前价格失败: ('Connection aborted.', ConnectionResetError(54, 'Connection reset by peer'))
2025-06-05 08:00:13 | INFO     | src.data.market_data:_get_option_chain_sdk:148 | 开始获取SPY期权链数据 (使用Alpaca SDK)
2025-06-05 08:00:13 | ERROR    | src.data.market_data:_get_option_chain_sdk:268 | SDK获取期权链失败: ('Connection aborted.', ConnectionResetError(54, 'Connection reset by peer'))
2025-06-05 08:00:13 | WARNING  | src.trading.executor:_get_option_price:373 | 无法获取期权SPY250604C00569000的实际报价，使用保守估价
2025-06-05 08:00:13 | DEBUG    | src.bot.trading_bot:_update_positions:184 | 头寸更新完成
2025-06-05 08:00:23 | WARNING  | src.bot.trading_bot:_risk_check:196 | 风险利用率过高: 1075.8%
2025-06-05 08:00:23 | INFO     | src.utils.notifications:send_message:63 | [GENERAL] ⚠️ 风险警告
当前风险利用率: 1075.8%
当日盈亏: $-2,158.00
请注意风险控制
2025-06-05 08:00:23 | ERROR    | src.bot.trading_bot:_risk_check:207 | 接近最大日亏损限制，停止新交易
2025-06-05 08:00:23 | INFO     | src.utils.notifications:send_message:63 | [GENERAL] 🚨 风险警报
当日亏损接近限制: $-2,158.00
停止新交易，请检查策略
2025-06-05 08:00:43 | INFO     | src.trading.executor:update_account_info:125 | 账户更新: 总值$10029.63, 买入力$20059.26
2025-06-05 08:00:43 | DEBUG    | src.bot.trading_bot:_update_market_data:134 | 市场数据更新完成
2025-06-05 08:01:13 | INFO     | src.trading.executor:update_account_info:125 | 账户更新: 总值$10029.63, 买入力$20059.26
2025-06-05 08:01:13 | DEBUG    | src.bot.trading_bot:_update_market_data:134 | 市场数据更新完成
2025-06-05 08:01:14 | INFO     | src.data.market_data:_get_option_chain_sdk:148 | 开始获取SPY期权链数据 (使用Alpaca SDK)
2025-06-05 08:01:23 | INFO     | src.data.market_data:_get_option_chain_sdk:162 | ✅ SDK获取期权快照: 9220个快照，用时9.67秒
2025-06-05 08:01:23 | INFO     | src.data.market_data:_get_option_chain_sdk:258 | 成功解析期权链: 4610个看涨期权, 4610个看跌期权
2025-06-05 08:01:23 | WARNING  | src.trading.executor:_get_option_price:373 | 无法获取期权SPY250604C00569000的实际报价，使用保守估价
2025-06-05 08:01:23 | DEBUG    | src.bot.trading_bot:_update_positions:184 | 头寸更新完成
2025-06-05 08:01:44 | INFO     | src.trading.executor:update_account_info:125 | 账户更新: 总值$10029.63, 买入力$20059.26
2025-06-05 08:01:44 | DEBUG    | src.bot.trading_bot:_update_market_data:134 | 市场数据更新完成
2025-06-05 08:02:14 | INFO     | src.trading.executor:update_account_info:125 | 账户更新: 总值$10029.63, 买入力$20059.26
2025-06-05 08:02:14 | DEBUG    | src.bot.trading_bot:_update_market_data:134 | 市场数据更新完成
2025-06-05 08:02:24 | INFO     | src.data.market_data:_get_option_chain_sdk:148 | 开始获取SPY期权链数据 (使用Alpaca SDK)
2025-06-05 08:02:34 | INFO     | src.data.market_data:_get_option_chain_sdk:162 | ✅ SDK获取期权快照: 9220个快照，用时9.67秒
2025-06-05 08:02:34 | INFO     | src.data.market_data:_get_option_chain_sdk:258 | 成功解析期权链: 4610个看涨期权, 4610个看跌期权
2025-06-05 08:02:34 | WARNING  | src.trading.executor:_get_option_price:373 | 无法获取期权SPY250604C00569000的实际报价，使用保守估价
2025-06-05 08:02:34 | DEBUG    | src.bot.trading_bot:_update_positions:184 | 头寸更新完成
2025-06-05 08:02:35 | INFO     | src.strategy.signals:generate_signals:468 | 生成信号: LONG - VWAP多头突破: 偏离0.17%, MACD转正
2025-06-05 08:02:35 | INFO     | src.bot.trading_bot:_check_signals:152 | 检测到信号: LONG 置信度: 0.85 原因: VWAP多头突破: 偏离0.17%, MACD转正
2025-06-05 08:02:35 | INFO     | src.utils.notifications:send_message:63 | [GENERAL] 📡 交易信号
类型: LONG
强度: MEDIUM
置信度: 0.85
价格: $597.29
原因: VWAP多头突破: 偏离0.17%, MACD转正
2025-06-05 08:02:35 | INFO     | src.bot.trading_bot:_should_execute_signal:305 | 已有同方向头寸，跳过执行
2025-06-05 08:02:45 | INFO     | src.trading.executor:update_account_info:125 | 账户更新: 总值$10029.63, 买入力$20059.26
2025-06-05 08:02:45 | DEBUG    | src.bot.trading_bot:_update_market_data:134 | 市场数据更新完成
2025-06-05 08:03:15 | INFO     | src.trading.executor:update_account_info:125 | 账户更新: 总值$10029.63, 买入力$20059.26
2025-06-05 08:03:15 | DEBUG    | src.bot.trading_bot:_update_market_data:134 | 市场数据更新完成
2025-06-05 08:18:35 | ERROR    | src.data.market_data:get_current_price:369 | 获取当前价格失败: ('Connection aborted.', ConnectionResetError(54, 'Connection reset by peer'))
2025-06-05 08:18:36 | INFO     | src.data.market_data:_get_option_chain_sdk:148 | 开始获取SPY期权链数据 (使用Alpaca SDK)
2025-06-05 08:18:36 | ERROR    | src.data.market_data:_get_option_chain_sdk:268 | SDK获取期权链失败: ('Connection aborted.', ConnectionResetError(54, 'Connection reset by peer'))
2025-06-05 08:18:36 | WARNING  | src.trading.executor:_get_option_price:373 | 无法获取期权SPY250604C00569000的实际报价，使用保守估价
2025-06-05 08:18:36 | DEBUG    | src.bot.trading_bot:_update_positions:184 | 头寸更新完成
2025-06-05 08:18:37 | ERROR    | src.trading.executor:update_account_info:131 | 更新账户信息失败: ('Connection aborted.', ConnectionResetError(54, 'Connection reset by peer'))
2025-06-05 08:18:37 | DEBUG    | src.bot.trading_bot:_update_market_data:134 | 市场数据更新完成
2025-06-05 08:18:37 | WARNING  | src.bot.trading_bot:_risk_check:196 | 风险利用率过高: 1075.3%
2025-06-05 08:18:37 | INFO     | src.utils.notifications:send_message:63 | [GENERAL] ⚠️ 风险警告
当前风险利用率: 1075.3%
当日盈亏: $-2,157.00
请注意风险控制
2025-06-05 08:18:37 | ERROR    | src.bot.trading_bot:_risk_check:207 | 接近最大日亏损限制，停止新交易
2025-06-05 08:18:37 | INFO     | src.utils.notifications:send_message:63 | [GENERAL] 🚨 风险警报
当日亏损接近限制: $-2,157.00
停止新交易，请检查策略
2025-06-05 08:19:08 | INFO     | src.trading.executor:update_account_info:125 | 账户更新: 总值$10029.63, 买入力$20059.26
2025-06-05 08:19:08 | DEBUG    | src.bot.trading_bot:_update_market_data:134 | 市场数据更新完成
2025-06-05 08:19:37 | INFO     | src.data.market_data:_get_option_chain_sdk:148 | 开始获取SPY期权链数据 (使用Alpaca SDK)
2025-06-05 08:19:47 | INFO     | src.data.market_data:_get_option_chain_sdk:162 | ✅ SDK获取期权快照: 9220个快照，用时9.92秒
2025-06-05 08:19:47 | INFO     | src.data.market_data:_get_option_chain_sdk:258 | 成功解析期权链: 4610个看涨期权, 4610个看跌期权
2025-06-05 08:19:47 | WARNING  | src.trading.executor:_get_option_price:373 | 无法获取期权SPY250604C00569000的实际报价，使用保守估价
2025-06-05 08:19:47 | DEBUG    | src.bot.trading_bot:_update_positions:184 | 头寸更新完成
2025-06-05 08:19:48 | INFO     | src.trading.executor:update_account_info:125 | 账户更新: 总值$10029.63, 买入力$20059.26
2025-06-05 08:19:48 | DEBUG    | src.bot.trading_bot:_update_market_data:134 | 市场数据更新完成
2025-06-05 08:35:58 | ERROR    | src.trading.executor:update_account_info:131 | 更新账户信息失败: ('Connection aborted.', ConnectionResetError(54, 'Connection reset by peer'))
2025-06-05 08:35:58 | DEBUG    | src.bot.trading_bot:_update_market_data:134 | 市场数据更新完成
2025-06-05 08:35:58 | ERROR    | src.data.market_data:get_current_price:369 | 获取当前价格失败: ('Connection aborted.', ConnectionResetError(54, 'Connection reset by peer'))
2025-06-05 08:35:58 | INFO     | src.data.market_data:_get_option_chain_sdk:148 | 开始获取SPY期权链数据 (使用Alpaca SDK)
2025-06-05 08:35:58 | ERROR    | src.data.market_data:_get_option_chain_sdk:268 | SDK获取期权链失败: ('Connection aborted.', ConnectionResetError(54, 'Connection reset by peer'))
2025-06-05 08:35:59 | WARNING  | src.trading.executor:_get_option_price:373 | 无法获取期权SPY250604C00569000的实际报价，使用保守估价
2025-06-05 08:35:59 | DEBUG    | src.bot.trading_bot:_update_positions:184 | 头寸更新完成
2025-06-05 08:35:59 | WARNING  | src.bot.trading_bot:_risk_check:196 | 风险利用率过高: 1074.8%
2025-06-05 08:35:59 | INFO     | src.utils.notifications:send_message:63 | [GENERAL] ⚠️ 风险警告
当前风险利用率: 1074.8%
当日盈亏: $-2,156.00
请注意风险控制
2025-06-05 08:35:59 | ERROR    | src.bot.trading_bot:_risk_check:207 | 接近最大日亏损限制，停止新交易
2025-06-05 08:35:59 | INFO     | src.utils.notifications:send_message:63 | [GENERAL] 🚨 风险警报
当日亏损接近限制: $-2,156.00
停止新交易，请检查策略
2025-06-05 08:36:29 | INFO     | src.trading.executor:update_account_info:125 | 账户更新: 总值$10029.63, 买入力$20059.26
2025-06-05 08:36:29 | DEBUG    | src.bot.trading_bot:_update_market_data:134 | 市场数据更新完成
2025-06-05 08:36:59 | INFO     | src.trading.executor:update_account_info:125 | 账户更新: 总值$10029.63, 买入力$20059.26
2025-06-05 08:36:59 | DEBUG    | src.bot.trading_bot:_update_market_data:134 | 市场数据更新完成
2025-06-05 08:37:00 | INFO     | src.data.market_data:_get_option_chain_sdk:148 | 开始获取SPY期权链数据 (使用Alpaca SDK)
2025-06-05 08:37:11 | INFO     | src.data.market_data:_get_option_chain_sdk:162 | ✅ SDK获取期权快照: 9220个快照，用时11.69秒
2025-06-05 08:37:11 | INFO     | src.data.market_data:_get_option_chain_sdk:258 | 成功解析期权链: 4610个看涨期权, 4610个看跌期权
2025-06-05 08:37:11 | WARNING  | src.trading.executor:_get_option_price:373 | 无法获取期权SPY250604C00569000的实际报价，使用保守估价
2025-06-05 08:37:11 | DEBUG    | src.bot.trading_bot:_update_positions:184 | 头寸更新完成
2025-06-05 08:37:30 | INFO     | src.trading.executor:update_account_info:125 | 账户更新: 总值$10029.63, 买入力$20059.26
2025-06-05 08:37:30 | DEBUG    | src.bot.trading_bot:_update_market_data:134 | 市场数据更新完成
2025-06-05 08:38:00 | INFO     | src.trading.executor:update_account_info:125 | 账户更新: 总值$10029.63, 买入力$20059.26
2025-06-05 08:38:00 | DEBUG    | src.bot.trading_bot:_update_market_data:134 | 市场数据更新完成
2025-06-05 08:38:12 | INFO     | src.data.market_data:_get_option_chain_sdk:148 | 开始获取SPY期权链数据 (使用Alpaca SDK)
2025-06-05 08:38:21 | INFO     | src.data.market_data:_get_option_chain_sdk:162 | ✅ SDK获取期权快照: 9220个快照，用时9.65秒
2025-06-05 08:38:21 | INFO     | src.data.market_data:_get_option_chain_sdk:258 | 成功解析期权链: 4610个看涨期权, 4610个看跌期权
2025-06-05 08:38:21 | WARNING  | src.trading.executor:_get_option_price:373 | 无法获取期权SPY250604C00569000的实际报价，使用保守估价
2025-06-05 08:38:21 | DEBUG    | src.bot.trading_bot:_update_positions:184 | 头寸更新完成
2025-06-05 08:38:31 | INFO     | src.trading.executor:update_account_info:125 | 账户更新: 总值$10029.63, 买入力$20059.26
2025-06-05 08:38:31 | DEBUG    | src.bot.trading_bot:_update_market_data:134 | 市场数据更新完成
2025-06-05 08:54:28 | ERROR    | src.trading.executor:update_account_info:131 | 更新账户信息失败: ('Connection aborted.', ConnectionResetError(54, 'Connection reset by peer'))
2025-06-05 08:54:28 | DEBUG    | src.bot.trading_bot:_update_market_data:134 | 市场数据更新完成
2025-06-05 08:54:28 | ERROR    | src.data.market_data:get_current_price:369 | 获取当前价格失败: ('Connection aborted.', ConnectionResetError(54, 'Connection reset by peer'))
2025-06-05 08:54:28 | INFO     | src.data.market_data:_get_option_chain_sdk:148 | 开始获取SPY期权链数据 (使用Alpaca SDK)
2025-06-05 08:54:29 | ERROR    | src.data.market_data:_get_option_chain_sdk:268 | SDK获取期权链失败: ('Connection aborted.', ConnectionResetError(54, 'Connection reset by peer'))
2025-06-05 08:54:29 | WARNING  | src.trading.executor:_get_option_price:373 | 无法获取期权SPY250604C00569000的实际报价，使用保守估价
2025-06-05 08:54:29 | DEBUG    | src.bot.trading_bot:_update_positions:184 | 头寸更新完成
2025-06-05 08:54:29 | WARNING  | src.bot.trading_bot:_risk_check:196 | 风险利用率过高: 1075.3%
2025-06-05 08:54:29 | INFO     | src.utils.notifications:send_message:63 | [GENERAL] ⚠️ 风险警告
当前风险利用率: 1075.3%
当日盈亏: $-2,157.00
请注意风险控制
2025-06-05 08:54:29 | ERROR    | src.bot.trading_bot:_risk_check:207 | 接近最大日亏损限制，停止新交易
2025-06-05 08:54:29 | INFO     | src.utils.notifications:send_message:63 | [GENERAL] 🚨 风险警报
当日亏损接近限制: $-2,157.00
停止新交易，请检查策略
2025-06-05 08:54:59 | INFO     | src.trading.executor:update_account_info:125 | 账户更新: 总值$10029.63, 买入力$20059.26
2025-06-05 08:54:59 | DEBUG    | src.bot.trading_bot:_update_market_data:134 | 市场数据更新完成
2025-06-05 09:00:00 | INFO     | src.utils.notifications:send_message:63 | [GENERAL] 📊 每小时报告
时间: 09:00
当前头寸: 1
当日交易: 0
当日盈亏: $-2,157.00
账户总值: $10,029.63
2025-06-05 09:00:00 | ERROR    | src.trading.executor:update_account_info:131 | 更新账户信息失败: ('Connection aborted.', ConnectionResetError(54, 'Connection reset by peer'))
2025-06-05 09:00:00 | DEBUG    | src.bot.trading_bot:_update_market_data:134 | 市场数据更新完成
2025-06-05 09:00:00 | ERROR    | src.data.market_data:get_current_price:369 | 获取当前价格失败: ('Connection aborted.', ConnectionResetError(54, 'Connection reset by peer'))
2025-06-05 09:00:00 | INFO     | src.data.market_data:_get_option_chain_sdk:148 | 开始获取SPY期权链数据 (使用Alpaca SDK)
2025-06-05 09:00:10 | INFO     | src.data.market_data:_get_option_chain_sdk:162 | ✅ SDK获取期权快照: 9220个快照，用时9.75秒
2025-06-05 09:00:10 | INFO     | src.data.market_data:_get_option_chain_sdk:258 | 成功解析期权链: 4610个看涨期权, 4610个看跌期权
2025-06-05 09:00:10 | WARNING  | src.trading.executor:_get_option_price:373 | 无法获取期权SPY250604C00569000的实际报价，使用保守估价
2025-06-05 09:00:11 | DEBUG    | src.bot.trading_bot:_update_positions:184 | 头寸更新完成
2025-06-05 09:00:11 | WARNING  | src.bot.trading_bot:_risk_check:196 | 风险利用率过高: 1074.8%
2025-06-05 09:00:11 | INFO     | src.utils.notifications:send_message:63 | [GENERAL] ⚠️ 风险警告
当前风险利用率: 1074.8%
当日盈亏: $-2,156.00
请注意风险控制
2025-06-05 09:00:11 | ERROR    | src.bot.trading_bot:_risk_check:207 | 接近最大日亏损限制，停止新交易
2025-06-05 09:00:11 | INFO     | src.utils.notifications:send_message:63 | [GENERAL] 🚨 风险警报
当日亏损接近限制: $-2,156.00
停止新交易，请检查策略
2025-06-05 09:00:31 | INFO     | src.trading.executor:update_account_info:125 | 账户更新: 总值$10029.63, 买入力$20059.26
2025-06-05 09:00:31 | DEBUG    | src.bot.trading_bot:_update_market_data:134 | 市场数据更新完成
2025-06-05 09:15:53 | ERROR    | src.trading.executor:update_account_info:131 | 更新账户信息失败: ('Connection aborted.', ConnectionResetError(54, 'Connection reset by peer'))
2025-06-05 09:15:53 | DEBUG    | src.bot.trading_bot:_update_market_data:134 | 市场数据更新完成
2025-06-05 09:15:53 | ERROR    | src.data.market_data:get_current_price:369 | 获取当前价格失败: ('Connection aborted.', ConnectionResetError(54, 'Connection reset by peer'))
2025-06-05 09:15:53 | INFO     | src.data.market_data:_get_option_chain_sdk:148 | 开始获取SPY期权链数据 (使用Alpaca SDK)
2025-06-05 09:15:54 | ERROR    | src.data.market_data:_get_option_chain_sdk:268 | SDK获取期权链失败: ('Connection aborted.', ConnectionResetError(54, 'Connection reset by peer'))
2025-06-05 09:15:54 | WARNING  | src.trading.executor:_get_option_price:373 | 无法获取期权SPY250604C00569000的实际报价，使用保守估价
2025-06-05 09:15:54 | DEBUG    | src.bot.trading_bot:_update_positions:184 | 头寸更新完成
2025-06-05 09:15:54 | WARNING  | src.bot.trading_bot:_risk_check:196 | 风险利用率过高: 1075.3%
2025-06-05 09:15:54 | INFO     | src.utils.notifications:send_message:63 | [GENERAL] ⚠️ 风险警告
当前风险利用率: 1075.3%
当日盈亏: $-2,157.00
请注意风险控制
2025-06-05 09:15:54 | ERROR    | src.bot.trading_bot:_risk_check:207 | 接近最大日亏损限制，停止新交易
2025-06-05 09:15:54 | INFO     | src.utils.notifications:send_message:63 | [GENERAL] 🚨 风险警报
当日亏损接近限制: $-2,157.00
停止新交易，请检查策略
2025-06-05 09:16:24 | INFO     | src.trading.executor:update_account_info:125 | 账户更新: 总值$10029.63, 买入力$20059.26
2025-06-05 09:16:24 | DEBUG    | src.bot.trading_bot:_update_market_data:134 | 市场数据更新完成
2025-06-05 09:16:54 | INFO     | src.trading.executor:update_account_info:125 | 账户更新: 总值$10029.63, 买入力$20059.26
2025-06-05 09:16:54 | DEBUG    | src.bot.trading_bot:_update_market_data:134 | 市场数据更新完成
2025-06-05 09:16:54 | INFO     | src.data.market_data:_get_option_chain_sdk:148 | 开始获取SPY期权链数据 (使用Alpaca SDK)
2025-06-05 09:17:04 | INFO     | src.data.market_data:_get_option_chain_sdk:162 | ✅ SDK获取期权快照: 9220个快照，用时9.69秒
2025-06-05 09:17:04 | INFO     | src.data.market_data:_get_option_chain_sdk:258 | 成功解析期权链: 4610个看涨期权, 4610个看跌期权
2025-06-05 09:17:04 | WARNING  | src.trading.executor:_get_option_price:373 | 无法获取期权SPY250604C00569000的实际报价，使用保守估价
2025-06-05 09:17:04 | DEBUG    | src.bot.trading_bot:_update_positions:184 | 头寸更新完成
2025-06-05 09:17:25 | INFO     | src.trading.executor:update_account_info:125 | 账户更新: 总值$10029.63, 买入力$20059.26
2025-06-05 09:17:25 | DEBUG    | src.bot.trading_bot:_update_market_data:134 | 市场数据更新完成
2025-06-05 09:17:55 | INFO     | src.trading.executor:update_account_info:125 | 账户更新: 总值$10029.63, 买入力$20059.26
2025-06-05 09:17:55 | DEBUG    | src.bot.trading_bot:_update_market_data:134 | 市场数据更新完成
2025-06-05 09:18:05 | INFO     | src.data.market_data:_get_option_chain_sdk:148 | 开始获取SPY期权链数据 (使用Alpaca SDK)
2025-06-05 09:18:15 | INFO     | src.data.market_data:_get_option_chain_sdk:162 | ✅ SDK获取期权快照: 9220个快照，用时9.82秒
2025-06-05 09:18:15 | INFO     | src.data.market_data:_get_option_chain_sdk:258 | 成功解析期权链: 4610个看涨期权, 4610个看跌期权
2025-06-05 09:18:15 | WARNING  | src.trading.executor:_get_option_price:373 | 无法获取期权SPY250604C00569000的实际报价，使用保守估价
2025-06-05 09:18:15 | DEBUG    | src.bot.trading_bot:_update_positions:184 | 头寸更新完成
2025-06-05 09:18:26 | INFO     | src.trading.executor:update_account_info:125 | 账户更新: 总值$10029.63, 买入力$20059.26
2025-06-05 09:18:26 | DEBUG    | src.bot.trading_bot:_update_market_data:134 | 市场数据更新完成
2025-06-05 09:19:59 | ERROR    | src.trading.executor:update_account_info:131 | 更新账户信息失败: ('Connection aborted.', ConnectionResetError(54, 'Connection reset by peer'))
2025-06-05 09:19:59 | DEBUG    | src.bot.trading_bot:_update_market_data:134 | 市场数据更新完成
2025-06-05 09:19:59 | ERROR    | src.data.market_data:get_current_price:369 | 获取当前价格失败: ('Connection aborted.', ConnectionResetError(54, 'Connection reset by peer'))
2025-06-05 09:19:59 | INFO     | src.data.market_data:_get_option_chain_sdk:148 | 开始获取SPY期权链数据 (使用Alpaca SDK)
2025-06-05 09:19:59 | ERROR    | src.data.market_data:_get_option_chain_sdk:268 | SDK获取期权链失败: ('Connection aborted.', ConnectionResetError(54, 'Connection reset by peer'))
2025-06-05 09:20:00 | WARNING  | src.trading.executor:_get_option_price:373 | 无法获取期权SPY250604C00569000的实际报价，使用保守估价
2025-06-05 09:20:00 | DEBUG    | src.bot.trading_bot:_update_positions:184 | 头寸更新完成
2025-06-05 09:20:30 | INFO     | src.trading.executor:update_account_info:125 | 账户更新: 总值$10029.63, 买入力$20059.26
2025-06-05 09:20:30 | DEBUG    | src.bot.trading_bot:_update_market_data:134 | 市场数据更新完成
2025-06-05 09:33:23 | WARNING  | src.bot.trading_bot:_risk_check:196 | 风险利用率过高: 1075.3%
2025-06-05 09:33:23 | INFO     | src.utils.notifications:send_message:63 | [GENERAL] ⚠️ 风险警告
当前风险利用率: 1075.3%
当日盈亏: $-2,157.00
请注意风险控制
2025-06-05 09:33:23 | ERROR    | src.bot.trading_bot:_risk_check:207 | 接近最大日亏损限制，停止新交易
2025-06-05 09:33:23 | INFO     | src.utils.notifications:send_message:63 | [GENERAL] 🚨 风险警报
当日亏损接近限制: $-2,157.00
停止新交易，请检查策略
2025-06-05 09:33:23 | ERROR    | src.trading.executor:update_account_info:131 | 更新账户信息失败: ('Connection aborted.', ConnectionResetError(54, 'Connection reset by peer'))
2025-06-05 09:33:23 | DEBUG    | src.bot.trading_bot:_update_market_data:134 | 市场数据更新完成
2025-06-05 09:33:23 | ERROR    | src.data.market_data:get_current_price:369 | 获取当前价格失败: ('Connection aborted.', ConnectionResetError(54, 'Connection reset by peer'))
2025-06-05 09:33:23 | INFO     | src.data.market_data:_get_option_chain_sdk:148 | 开始获取SPY期权链数据 (使用Alpaca SDK)
2025-06-05 09:33:34 | INFO     | src.bot.trading_bot:start:78 | 收到停止信号，正在关闭机器人...
2025-06-05 09:33:34 | INFO     | src.bot.trading_bot:stop:381 | 正在停止交易机器人...
2025-06-05 09:33:34 | INFO     | src.bot.trading_bot:stop:387 | 平仓所有未平头寸...
2025-06-05 09:33:35 | ERROR    | src.trading.executor:_close_position:576 | 平仓失败: {"code":42210000,"message":"contract \"SPY250604C00569000\" is not active"}
2025-06-05 09:33:35 | INFO     | src.trading.executor:close_all_positions:598 | 已平仓所有头寸，原因: 机器人停止
2025-06-05 09:33:35 | INFO     | src.utils.notifications:send_message:63 | [GENERAL] 🛑 交易机器人已停止
最终盈亏: $-2,157.00
总交易次数: 0
运行时间: 23:24:21.775353
2025-06-05 09:33:35 | INFO     | src.bot.trading_bot:stop:400 | 交易机器人已安全停止
2025-06-05 09:33:35 | INFO     | __main__:main:81 | 程序结束
