2025-06-17 09:07:59 | INFO     | src.trading.executor:update_account_info:125 | 账户更新: 总值$100396.42, 买入力$401585.68
2025-06-17 09:07:59 | DEBUG    | src.bot.trading_bot:_update_market_data:184 | 市场数据更新完成
2025-06-17 09:08:02 | INFO     | src.trading.executor:update_account_info:125 | 账户更新: 总值$100396.42, 买入力$401585.68
2025-06-17 09:08:02 | DEBUG    | src.bot.trading_bot:_update_market_data:184 | 市场数据更新完成
2025-06-17 09:08:05 | INFO     | src.trading.executor:update_account_info:125 | 账户更新: 总值$100396.42, 买入力$401585.68
2025-06-17 09:08:05 | DEBUG    | src.bot.trading_bot:_update_market_data:184 | 市场数据更新完成
2025-06-17 09:08:09 | INFO     | src.trading.executor:update_account_info:125 | 账户更新: 总值$100396.42, 买入力$401585.68
2025-06-17 09:08:09 | DEBUG    | src.bot.trading_bot:_update_market_data:184 | 市场数据更新完成
2025-06-17 09:08:12 | INFO     | src.trading.executor:update_account_info:125 | 账户更新: 总值$100396.42, 买入力$401585.68
2025-06-17 09:08:12 | DEBUG    | src.bot.trading_bot:_update_market_data:184 | 市场数据更新完成
2025-06-17 09:08:15 | INFO     | src.trading.executor:update_account_info:125 | 账户更新: 总值$100396.42, 买入力$401585.68
2025-06-17 09:08:15 | DEBUG    | src.bot.trading_bot:_update_market_data:184 | 市场数据更新完成
2025-06-17 09:08:18 | INFO     | src.trading.executor:update_account_info:125 | 账户更新: 总值$100396.42, 买入力$401585.68
2025-06-17 09:08:18 | DEBUG    | src.bot.trading_bot:_update_market_data:184 | 市场数据更新完成
2025-06-17 09:08:21 | INFO     | src.trading.executor:update_account_info:125 | 账户更新: 总值$100396.42, 买入力$401585.68
2025-06-17 09:08:21 | DEBUG    | src.bot.trading_bot:_update_market_data:184 | 市场数据更新完成
2025-06-17 09:08:25 | INFO     | src.trading.executor:update_account_info:125 | 账户更新: 总值$100396.42, 买入力$401585.68
2025-06-17 09:08:25 | DEBUG    | src.bot.trading_bot:_update_market_data:184 | 市场数据更新完成
2025-06-17 09:08:28 | INFO     | src.trading.executor:update_account_info:125 | 账户更新: 总值$100396.42, 买入力$401585.68
2025-06-17 09:08:28 | DEBUG    | src.bot.trading_bot:_update_market_data:184 | 市场数据更新完成
2025-06-17 09:08:31 | INFO     | src.trading.executor:update_account_info:125 | 账户更新: 总值$100396.42, 买入力$401585.68
2025-06-17 09:08:31 | DEBUG    | src.bot.trading_bot:_update_market_data:184 | 市场数据更新完成
2025-06-17 09:08:34 | INFO     | src.trading.executor:update_account_info:125 | 账户更新: 总值$100396.42, 买入力$401585.68
2025-06-17 09:08:34 | DEBUG    | src.bot.trading_bot:_update_market_data:184 | 市场数据更新完成
2025-06-17 09:08:38 | INFO     | src.trading.executor:update_account_info:125 | 账户更新: 总值$100396.42, 买入力$401585.68
2025-06-17 09:08:38 | DEBUG    | src.bot.trading_bot:_update_market_data:184 | 市场数据更新完成
2025-06-17 09:08:41 | INFO     | src.trading.executor:update_account_info:125 | 账户更新: 总值$100396.42, 买入力$401585.68
2025-06-17 09:08:41 | DEBUG    | src.bot.trading_bot:_update_market_data:184 | 市场数据更新完成
2025-06-17 09:08:44 | INFO     | src.trading.executor:update_account_info:125 | 账户更新: 总值$100396.42, 买入力$401585.68
2025-06-17 09:08:44 | DEBUG    | src.bot.trading_bot:_update_market_data:184 | 市场数据更新完成
2025-06-17 09:08:47 | INFO     | src.trading.executor:update_account_info:125 | 账户更新: 总值$100396.42, 买入力$401585.68
2025-06-17 09:08:47 | DEBUG    | src.bot.trading_bot:_update_market_data:184 | 市场数据更新完成
2025-06-17 09:08:50 | INFO     | src.trading.executor:update_account_info:125 | 账户更新: 总值$100396.42, 买入力$401585.68
2025-06-17 09:08:50 | DEBUG    | src.bot.trading_bot:_update_market_data:184 | 市场数据更新完成
2025-06-17 09:08:54 | INFO     | src.trading.executor:update_account_info:125 | 账户更新: 总值$100396.42, 买入力$401585.68
2025-06-17 09:08:54 | DEBUG    | src.bot.trading_bot:_update_market_data:184 | 市场数据更新完成
2025-06-17 09:08:56 | DEBUG    | src.bot.trading_bot:_update_positions_normal:259 | 📊 常规头寸更新完成
2025-06-17 09:08:57 | INFO     | src.trading.executor:update_account_info:125 | 账户更新: 总值$100396.42, 买入力$401585.68
2025-06-17 09:08:57 | DEBUG    | src.bot.trading_bot:_update_market_data:184 | 市场数据更新完成
2025-06-17 09:09:00 | INFO     | src.trading.executor:update_account_info:125 | 账户更新: 总值$100396.42, 买入力$401585.68
2025-06-17 09:09:00 | DEBUG    | src.bot.trading_bot:_update_market_data:184 | 市场数据更新完成
2025-06-17 09:09:04 | INFO     | src.trading.executor:update_account_info:125 | 账户更新: 总值$100396.42, 买入力$401585.68
2025-06-17 09:09:04 | DEBUG    | src.bot.trading_bot:_update_market_data:184 | 市场数据更新完成
2025-06-17 09:09:07 | INFO     | src.trading.executor:update_account_info:125 | 账户更新: 总值$100396.42, 买入力$401585.68
2025-06-17 09:09:07 | DEBUG    | src.bot.trading_bot:_update_market_data:184 | 市场数据更新完成
2025-06-17 09:09:10 | INFO     | src.trading.executor:update_account_info:125 | 账户更新: 总值$100396.42, 买入力$401585.68
2025-06-17 09:09:10 | DEBUG    | src.bot.trading_bot:_update_market_data:184 | 市场数据更新完成
2025-06-17 09:09:13 | INFO     | src.trading.executor:update_account_info:125 | 账户更新: 总值$100396.42, 买入力$401585.68
2025-06-17 09:09:13 | DEBUG    | src.bot.trading_bot:_update_market_data:184 | 市场数据更新完成
2025-06-17 09:09:17 | INFO     | src.trading.executor:update_account_info:125 | 账户更新: 总值$100396.42, 买入力$401585.68
2025-06-17 09:09:17 | DEBUG    | src.bot.trading_bot:_update_market_data:184 | 市场数据更新完成
2025-06-17 09:09:20 | INFO     | src.trading.executor:update_account_info:125 | 账户更新: 总值$100396.42, 买入力$401585.68
2025-06-17 09:09:20 | DEBUG    | src.bot.trading_bot:_update_market_data:184 | 市场数据更新完成
2025-06-17 09:09:23 | INFO     | src.trading.executor:update_account_info:125 | 账户更新: 总值$100396.42, 买入力$401585.68
2025-06-17 09:09:23 | DEBUG    | src.bot.trading_bot:_update_market_data:184 | 市场数据更新完成
2025-06-17 09:09:26 | INFO     | src.trading.executor:update_account_info:125 | 账户更新: 总值$100396.42, 买入力$401585.68
2025-06-17 09:09:26 | DEBUG    | src.bot.trading_bot:_update_market_data:184 | 市场数据更新完成
2025-06-17 09:09:29 | INFO     | src.trading.executor:update_account_info:125 | 账户更新: 总值$100396.42, 买入力$401585.68
2025-06-17 09:09:29 | DEBUG    | src.bot.trading_bot:_update_market_data:184 | 市场数据更新完成
2025-06-17 09:09:33 | INFO     | src.trading.executor:update_account_info:125 | 账户更新: 总值$100396.42, 买入力$401585.68
2025-06-17 09:09:33 | DEBUG    | src.bot.trading_bot:_update_market_data:184 | 市场数据更新完成
2025-06-17 09:09:36 | INFO     | src.trading.executor:update_account_info:125 | 账户更新: 总值$100396.42, 买入力$401585.68
2025-06-17 09:09:36 | DEBUG    | src.bot.trading_bot:_update_market_data:184 | 市场数据更新完成
2025-06-17 09:09:39 | INFO     | src.trading.executor:update_account_info:125 | 账户更新: 总值$100396.42, 买入力$401585.68
2025-06-17 09:09:39 | DEBUG    | src.bot.trading_bot:_update_market_data:184 | 市场数据更新完成
2025-06-17 09:09:42 | INFO     | src.trading.executor:update_account_info:125 | 账户更新: 总值$100396.42, 买入力$401585.68
2025-06-17 09:09:42 | DEBUG    | src.bot.trading_bot:_update_market_data:184 | 市场数据更新完成
2025-06-17 09:09:45 | INFO     | src.trading.executor:update_account_info:125 | 账户更新: 总值$100396.42, 买入力$401585.68
2025-06-17 09:09:45 | DEBUG    | src.bot.trading_bot:_update_market_data:184 | 市场数据更新完成
2025-06-17 09:09:49 | INFO     | src.trading.executor:update_account_info:125 | 账户更新: 总值$100396.42, 买入力$401585.68
2025-06-17 09:09:49 | DEBUG    | src.bot.trading_bot:_update_market_data:184 | 市场数据更新完成
2025-06-17 09:09:52 | INFO     | src.trading.executor:update_account_info:125 | 账户更新: 总值$100396.42, 买入力$401585.68
2025-06-17 09:09:52 | DEBUG    | src.bot.trading_bot:_update_market_data:184 | 市场数据更新完成
2025-06-17 09:09:55 | INFO     | src.trading.executor:update_account_info:125 | 账户更新: 总值$100396.42, 买入力$401585.68
2025-06-17 09:09:55 | DEBUG    | src.bot.trading_bot:_update_market_data:184 | 市场数据更新完成
2025-06-17 09:09:57 | DEBUG    | src.bot.trading_bot:_update_positions_normal:259 | 📊 常规头寸更新完成
2025-06-17 09:09:58 | INFO     | src.trading.executor:update_account_info:125 | 账户更新: 总值$100396.42, 买入力$401585.68
2025-06-17 09:09:58 | DEBUG    | src.bot.trading_bot:_update_market_data:184 | 市场数据更新完成
2025-06-17 09:10:01 | INFO     | src.trading.executor:update_account_info:125 | 账户更新: 总值$100396.42, 买入力$401585.68
2025-06-17 09:10:01 | DEBUG    | src.bot.trading_bot:_update_market_data:184 | 市场数据更新完成
2025-06-17 09:10:05 | INFO     | src.trading.executor:update_account_info:125 | 账户更新: 总值$100396.42, 买入力$401585.68
2025-06-17 09:10:05 | DEBUG    | src.bot.trading_bot:_update_market_data:184 | 市场数据更新完成
2025-06-17 09:10:08 | INFO     | src.trading.executor:update_account_info:125 | 账户更新: 总值$100396.42, 买入力$401585.68
2025-06-17 09:10:08 | DEBUG    | src.bot.trading_bot:_update_market_data:184 | 市场数据更新完成
2025-06-17 09:10:11 | INFO     | src.trading.executor:update_account_info:125 | 账户更新: 总值$100396.42, 买入力$401585.68
2025-06-17 09:10:11 | DEBUG    | src.bot.trading_bot:_update_market_data:184 | 市场数据更新完成
2025-06-17 09:10:14 | INFO     | src.trading.executor:update_account_info:125 | 账户更新: 总值$100396.42, 买入力$401585.68
2025-06-17 09:10:14 | DEBUG    | src.bot.trading_bot:_update_market_data:184 | 市场数据更新完成
2025-06-17 09:10:18 | INFO     | src.trading.executor:update_account_info:125 | 账户更新: 总值$100396.42, 买入力$401585.68
2025-06-17 09:10:18 | DEBUG    | src.bot.trading_bot:_update_market_data:184 | 市场数据更新完成
2025-06-17 09:10:21 | INFO     | src.trading.executor:update_account_info:125 | 账户更新: 总值$100396.42, 买入力$401585.68
2025-06-17 09:10:21 | DEBUG    | src.bot.trading_bot:_update_market_data:184 | 市场数据更新完成
2025-06-17 09:10:24 | INFO     | src.trading.executor:update_account_info:125 | 账户更新: 总值$100396.42, 买入力$401585.68
2025-06-17 09:10:24 | DEBUG    | src.bot.trading_bot:_update_market_data:184 | 市场数据更新完成
2025-06-17 09:10:27 | INFO     | src.trading.executor:update_account_info:125 | 账户更新: 总值$100396.42, 买入力$401585.68
2025-06-17 09:10:27 | DEBUG    | src.bot.trading_bot:_update_market_data:184 | 市场数据更新完成
2025-06-17 09:10:31 | INFO     | src.trading.executor:update_account_info:125 | 账户更新: 总值$100396.42, 买入力$401585.68
2025-06-17 09:10:31 | DEBUG    | src.bot.trading_bot:_update_market_data:184 | 市场数据更新完成
2025-06-17 09:10:34 | INFO     | src.trading.executor:update_account_info:125 | 账户更新: 总值$100396.42, 买入力$401585.68
2025-06-17 09:10:34 | DEBUG    | src.bot.trading_bot:_update_market_data:184 | 市场数据更新完成
2025-06-17 09:10:37 | INFO     | src.trading.executor:update_account_info:125 | 账户更新: 总值$100396.42, 买入力$401585.68
2025-06-17 09:10:37 | DEBUG    | src.bot.trading_bot:_update_market_data:184 | 市场数据更新完成
2025-06-17 09:10:41 | INFO     | src.trading.executor:update_account_info:125 | 账户更新: 总值$100396.42, 买入力$401585.68
2025-06-17 09:10:41 | DEBUG    | src.bot.trading_bot:_update_market_data:184 | 市场数据更新完成
2025-06-17 09:10:44 | INFO     | src.trading.executor:update_account_info:125 | 账户更新: 总值$100396.42, 买入力$401585.68
2025-06-17 09:10:44 | DEBUG    | src.bot.trading_bot:_update_market_data:184 | 市场数据更新完成
2025-06-17 09:10:47 | INFO     | src.trading.executor:update_account_info:125 | 账户更新: 总值$100396.42, 买入力$401585.68
2025-06-17 09:10:47 | DEBUG    | src.bot.trading_bot:_update_market_data:184 | 市场数据更新完成
2025-06-17 09:10:50 | INFO     | src.trading.executor:update_account_info:125 | 账户更新: 总值$100396.42, 买入力$401585.68
2025-06-17 09:10:50 | DEBUG    | src.bot.trading_bot:_update_market_data:184 | 市场数据更新完成
2025-06-17 09:10:53 | INFO     | src.trading.executor:update_account_info:125 | 账户更新: 总值$100396.42, 买入力$401585.68
2025-06-17 09:10:53 | DEBUG    | src.bot.trading_bot:_update_market_data:184 | 市场数据更新完成
2025-06-17 09:10:57 | INFO     | src.trading.executor:update_account_info:125 | 账户更新: 总值$100396.42, 买入力$401585.68
2025-06-17 09:10:57 | DEBUG    | src.bot.trading_bot:_update_market_data:184 | 市场数据更新完成
2025-06-17 09:10:57 | DEBUG    | src.bot.trading_bot:_update_positions_normal:259 | 📊 常规头寸更新完成
2025-06-17 09:11:00 | INFO     | src.trading.executor:update_account_info:125 | 账户更新: 总值$100396.42, 买入力$401585.68
2025-06-17 09:11:00 | DEBUG    | src.bot.trading_bot:_update_market_data:184 | 市场数据更新完成
2025-06-17 09:11:03 | INFO     | src.trading.executor:update_account_info:125 | 账户更新: 总值$100396.42, 买入力$401585.68
2025-06-17 09:11:03 | DEBUG    | src.bot.trading_bot:_update_market_data:184 | 市场数据更新完成
2025-06-17 09:11:07 | INFO     | src.trading.executor:update_account_info:125 | 账户更新: 总值$100396.42, 买入力$401585.68
2025-06-17 09:11:07 | DEBUG    | src.bot.trading_bot:_update_market_data:184 | 市场数据更新完成
2025-06-17 09:11:10 | INFO     | src.trading.executor:update_account_info:125 | 账户更新: 总值$100396.42, 买入力$401585.68
2025-06-17 09:11:10 | DEBUG    | src.bot.trading_bot:_update_market_data:184 | 市场数据更新完成
2025-06-17 09:11:13 | INFO     | src.trading.executor:update_account_info:125 | 账户更新: 总值$100396.42, 买入力$401585.68
2025-06-17 09:11:13 | DEBUG    | src.bot.trading_bot:_update_market_data:184 | 市场数据更新完成
2025-06-17 09:11:17 | INFO     | src.trading.executor:update_account_info:125 | 账户更新: 总值$100396.42, 买入力$401585.68
2025-06-17 09:11:17 | DEBUG    | src.bot.trading_bot:_update_market_data:184 | 市场数据更新完成
2025-06-17 09:11:20 | INFO     | src.trading.executor:update_account_info:125 | 账户更新: 总值$100396.42, 买入力$401585.68
2025-06-17 09:11:20 | DEBUG    | src.bot.trading_bot:_update_market_data:184 | 市场数据更新完成
2025-06-17 09:11:23 | INFO     | src.trading.executor:update_account_info:125 | 账户更新: 总值$100396.42, 买入力$401585.68
2025-06-17 09:11:23 | DEBUG    | src.bot.trading_bot:_update_market_data:184 | 市场数据更新完成
2025-06-17 09:11:26 | INFO     | src.trading.executor:update_account_info:125 | 账户更新: 总值$100396.42, 买入力$401585.68
2025-06-17 09:11:26 | DEBUG    | src.bot.trading_bot:_update_market_data:184 | 市场数据更新完成
2025-06-17 09:11:29 | INFO     | src.trading.executor:update_account_info:125 | 账户更新: 总值$100396.42, 买入力$401585.68
2025-06-17 09:11:29 | DEBUG    | src.bot.trading_bot:_update_market_data:184 | 市场数据更新完成
2025-06-17 09:11:32 | INFO     | src.trading.executor:update_account_info:125 | 账户更新: 总值$100396.42, 买入力$401585.68
2025-06-17 09:11:32 | DEBUG    | src.bot.trading_bot:_update_market_data:184 | 市场数据更新完成
2025-06-17 09:11:36 | INFO     | src.trading.executor:update_account_info:125 | 账户更新: 总值$100396.42, 买入力$401585.68
2025-06-17 09:11:36 | DEBUG    | src.bot.trading_bot:_update_market_data:184 | 市场数据更新完成
2025-06-17 09:11:39 | INFO     | src.trading.executor:update_account_info:125 | 账户更新: 总值$100396.42, 买入力$401585.68
2025-06-17 09:11:39 | DEBUG    | src.bot.trading_bot:_update_market_data:184 | 市场数据更新完成
2025-06-17 09:11:42 | INFO     | src.trading.executor:update_account_info:125 | 账户更新: 总值$100396.42, 买入力$401585.68
2025-06-17 09:11:42 | DEBUG    | src.bot.trading_bot:_update_market_data:184 | 市场数据更新完成
2025-06-17 09:11:45 | INFO     | src.trading.executor:update_account_info:125 | 账户更新: 总值$100396.42, 买入力$401585.68
2025-06-17 09:11:45 | DEBUG    | src.bot.trading_bot:_update_market_data:184 | 市场数据更新完成
2025-06-17 09:11:49 | INFO     | src.trading.executor:update_account_info:125 | 账户更新: 总值$100396.42, 买入力$401585.68
2025-06-17 09:11:49 | DEBUG    | src.bot.trading_bot:_update_market_data:184 | 市场数据更新完成
2025-06-17 09:11:52 | INFO     | src.trading.executor:update_account_info:125 | 账户更新: 总值$100396.42, 买入力$401585.68
2025-06-17 09:11:52 | DEBUG    | src.bot.trading_bot:_update_market_data:184 | 市场数据更新完成
2025-06-17 09:11:55 | INFO     | src.trading.executor:update_account_info:125 | 账户更新: 总值$100396.42, 买入力$401585.68
2025-06-17 09:11:55 | DEBUG    | src.bot.trading_bot:_update_market_data:184 | 市场数据更新完成
2025-06-17 09:11:58 | DEBUG    | src.bot.trading_bot:_update_positions_normal:259 | 📊 常规头寸更新完成
2025-06-17 09:11:58 | INFO     | src.trading.executor:update_account_info:125 | 账户更新: 总值$100396.42, 买入力$401585.68
2025-06-17 09:11:58 | DEBUG    | src.bot.trading_bot:_update_market_data:184 | 市场数据更新完成
2025-06-17 09:12:01 | INFO     | src.trading.executor:update_account_info:125 | 账户更新: 总值$100396.42, 买入力$401585.68
2025-06-17 09:12:01 | DEBUG    | src.bot.trading_bot:_update_market_data:184 | 市场数据更新完成
2025-06-17 09:12:05 | INFO     | src.trading.executor:update_account_info:125 | 账户更新: 总值$100396.42, 买入力$401585.68
2025-06-17 09:12:05 | DEBUG    | src.bot.trading_bot:_update_market_data:184 | 市场数据更新完成
2025-06-17 09:12:08 | INFO     | src.trading.executor:update_account_info:125 | 账户更新: 总值$100396.42, 买入力$401585.68
2025-06-17 09:12:08 | DEBUG    | src.bot.trading_bot:_update_market_data:184 | 市场数据更新完成
2025-06-17 09:12:11 | INFO     | src.trading.executor:update_account_info:125 | 账户更新: 总值$100396.42, 买入力$401585.68
2025-06-17 09:12:11 | DEBUG    | src.bot.trading_bot:_update_market_data:184 | 市场数据更新完成
2025-06-17 09:12:14 | INFO     | src.strategy.signals:generate_signals:468 | 生成信号: SHORT - VWAP空头突破: 偏离-0.19%, MACD转负
2025-06-17 09:12:14 | INFO     | src.bot.trading_bot:_check_signals:202 | 检测到信号: SHORT 置信度: 0.85 原因: VWAP空头突破: 偏离-0.19%, MACD转负
2025-06-17 09:12:14 | INFO     | src.utils.notifications:send_message:63 | [GENERAL] 📡 交易信号
类型: SHORT
强度: MEDIUM
置信度: 0.85
价格: $599.40
原因: VWAP空头突破: 偏离-0.19%, MACD转负
2025-06-17 09:12:14 | INFO     | src.data.market_data:find_suitable_options:435 | 当前SPY价格: $601.30, 选择PUT期权行权价: $602
2025-06-17 09:12:14 | DEBUG    | src.data.market_data:_generate_option_symbol:470 | 生成期权代码: SPY250617P00602000 (行权价$602, 类型PUT)
2025-06-17 09:12:15 | INFO     | src.data.market_data:find_suitable_options:444 | 成功获取期权SPY250617P00602000的报价数据
2025-06-17 09:12:15 | ERROR    | src.trading.executor:find_best_option:192 | 查找最佳期权失败: 'contractSymbol'
2025-06-17 09:12:15 | WARNING  | src.bot.trading_bot:_check_signals:216 | 信号执行失败: SHORT
2025-06-17 09:12:15 | INFO     | src.trading.executor:update_account_info:125 | 账户更新: 总值$100396.42, 买入力$401585.68
2025-06-17 09:12:15 | DEBUG    | src.bot.trading_bot:_update_market_data:184 | 市场数据更新完成
2025-06-17 09:12:18 | INFO     | src.strategy.signals:generate_signals:468 | 生成信号: SHORT - VWAP空头突破: 偏离-0.19%, MACD转负
2025-06-17 09:12:18 | INFO     | src.bot.trading_bot:_check_signals:202 | 检测到信号: SHORT 置信度: 0.85 原因: VWAP空头突破: 偏离-0.19%, MACD转负
2025-06-17 09:12:18 | INFO     | src.utils.notifications:send_message:63 | [GENERAL] 📡 交易信号
类型: SHORT
强度: MEDIUM
置信度: 0.85
价格: $599.40
原因: VWAP空头突破: 偏离-0.19%, MACD转负
2025-06-17 09:12:18 | INFO     | src.data.market_data:find_suitable_options:435 | 当前SPY价格: $601.30, 选择PUT期权行权价: $602
2025-06-17 09:12:18 | DEBUG    | src.data.market_data:_generate_option_symbol:470 | 生成期权代码: SPY250617P00602000 (行权价$602, 类型PUT)
2025-06-17 09:12:18 | INFO     | src.data.market_data:find_suitable_options:444 | 成功获取期权SPY250617P00602000的报价数据
2025-06-17 09:12:18 | ERROR    | src.trading.executor:find_best_option:192 | 查找最佳期权失败: 'contractSymbol'
2025-06-17 09:12:18 | WARNING  | src.bot.trading_bot:_check_signals:216 | 信号执行失败: SHORT
2025-06-17 09:12:19 | INFO     | src.trading.executor:update_account_info:125 | 账户更新: 总值$100396.42, 买入力$401585.68
2025-06-17 09:12:19 | DEBUG    | src.bot.trading_bot:_update_market_data:184 | 市场数据更新完成
2025-06-17 09:12:21 | INFO     | src.strategy.signals:generate_signals:468 | 生成信号: SHORT - VWAP空头突破: 偏离-0.19%, MACD转负
2025-06-17 09:12:21 | INFO     | src.bot.trading_bot:_check_signals:202 | 检测到信号: SHORT 置信度: 0.85 原因: VWAP空头突破: 偏离-0.19%, MACD转负
2025-06-17 09:12:21 | INFO     | src.utils.notifications:send_message:63 | [GENERAL] 📡 交易信号
类型: SHORT
强度: MEDIUM
置信度: 0.85
价格: $599.40
原因: VWAP空头突破: 偏离-0.19%, MACD转负
2025-06-17 09:12:21 | INFO     | src.data.market_data:find_suitable_options:435 | 当前SPY价格: $601.30, 选择PUT期权行权价: $602
2025-06-17 09:12:21 | DEBUG    | src.data.market_data:_generate_option_symbol:470 | 生成期权代码: SPY250617P00602000 (行权价$602, 类型PUT)
2025-06-17 09:12:21 | INFO     | src.data.market_data:find_suitable_options:444 | 成功获取期权SPY250617P00602000的报价数据
2025-06-17 09:12:21 | ERROR    | src.trading.executor:find_best_option:192 | 查找最佳期权失败: 'contractSymbol'
2025-06-17 09:12:21 | WARNING  | src.bot.trading_bot:_check_signals:216 | 信号执行失败: SHORT
2025-06-17 09:12:22 | INFO     | src.trading.executor:update_account_info:125 | 账户更新: 总值$100396.42, 买入力$401585.68
2025-06-17 09:12:22 | DEBUG    | src.bot.trading_bot:_update_market_data:184 | 市场数据更新完成
2025-06-17 09:12:25 | INFO     | src.strategy.signals:generate_signals:468 | 生成信号: SHORT - VWAP空头突破: 偏离-0.19%, MACD转负
2025-06-17 09:12:25 | INFO     | src.bot.trading_bot:_check_signals:202 | 检测到信号: SHORT 置信度: 0.85 原因: VWAP空头突破: 偏离-0.19%, MACD转负
2025-06-17 09:12:25 | INFO     | src.utils.notifications:send_message:63 | [GENERAL] 📡 交易信号
类型: SHORT
强度: MEDIUM
置信度: 0.85
价格: $599.40
原因: VWAP空头突破: 偏离-0.19%, MACD转负
2025-06-17 09:12:25 | INFO     | src.data.market_data:find_suitable_options:435 | 当前SPY价格: $601.38, 选择PUT期权行权价: $602
2025-06-17 09:12:25 | DEBUG    | src.data.market_data:_generate_option_symbol:470 | 生成期权代码: SPY250617P00602000 (行权价$602, 类型PUT)
2025-06-17 09:12:25 | INFO     | src.data.market_data:find_suitable_options:444 | 成功获取期权SPY250617P00602000的报价数据
2025-06-17 09:12:25 | ERROR    | src.trading.executor:find_best_option:192 | 查找最佳期权失败: 'contractSymbol'
2025-06-17 09:12:25 | WARNING  | src.bot.trading_bot:_check_signals:216 | 信号执行失败: SHORT
2025-06-17 09:12:26 | INFO     | src.trading.executor:update_account_info:125 | 账户更新: 总值$100396.42, 买入力$401585.68
2025-06-17 09:12:26 | DEBUG    | src.bot.trading_bot:_update_market_data:184 | 市场数据更新完成
2025-06-17 09:12:28 | INFO     | src.strategy.signals:generate_signals:468 | 生成信号: SHORT - VWAP空头突破: 偏离-0.19%, MACD转负
2025-06-17 09:12:28 | INFO     | src.bot.trading_bot:_check_signals:202 | 检测到信号: SHORT 置信度: 0.85 原因: VWAP空头突破: 偏离-0.19%, MACD转负
2025-06-17 09:12:28 | INFO     | src.utils.notifications:send_message:63 | [GENERAL] 📡 交易信号
类型: SHORT
强度: MEDIUM
置信度: 0.85
价格: $599.40
原因: VWAP空头突破: 偏离-0.19%, MACD转负
2025-06-17 09:12:28 | INFO     | src.data.market_data:find_suitable_options:435 | 当前SPY价格: $601.38, 选择PUT期权行权价: $602
2025-06-17 09:12:28 | DEBUG    | src.data.market_data:_generate_option_symbol:470 | 生成期权代码: SPY250617P00602000 (行权价$602, 类型PUT)
2025-06-17 09:12:28 | INFO     | src.data.market_data:find_suitable_options:444 | 成功获取期权SPY250617P00602000的报价数据
2025-06-17 09:12:28 | ERROR    | src.trading.executor:find_best_option:192 | 查找最佳期权失败: 'contractSymbol'
2025-06-17 09:12:28 | WARNING  | src.bot.trading_bot:_check_signals:216 | 信号执行失败: SHORT
2025-06-17 09:12:29 | INFO     | src.trading.executor:update_account_info:125 | 账户更新: 总值$100396.42, 买入力$401585.68
2025-06-17 09:12:29 | DEBUG    | src.bot.trading_bot:_update_market_data:184 | 市场数据更新完成
2025-06-17 09:12:32 | INFO     | src.strategy.signals:generate_signals:468 | 生成信号: SHORT - VWAP空头突破: 偏离-0.19%, MACD转负
2025-06-17 09:12:32 | INFO     | src.bot.trading_bot:_check_signals:202 | 检测到信号: SHORT 置信度: 0.85 原因: VWAP空头突破: 偏离-0.19%, MACD转负
2025-06-17 09:12:32 | INFO     | src.utils.notifications:send_message:63 | [GENERAL] 📡 交易信号
类型: SHORT
强度: MEDIUM
置信度: 0.85
价格: $599.40
原因: VWAP空头突破: 偏离-0.19%, MACD转负
2025-06-17 09:12:32 | INFO     | src.data.market_data:find_suitable_options:435 | 当前SPY价格: $601.38, 选择PUT期权行权价: $602
2025-06-17 09:12:32 | DEBUG    | src.data.market_data:_generate_option_symbol:470 | 生成期权代码: SPY250617P00602000 (行权价$602, 类型PUT)
2025-06-17 09:12:32 | INFO     | src.data.market_data:find_suitable_options:444 | 成功获取期权SPY250617P00602000的报价数据
2025-06-17 09:12:32 | ERROR    | src.trading.executor:find_best_option:192 | 查找最佳期权失败: 'contractSymbol'
2025-06-17 09:12:32 | WARNING  | src.bot.trading_bot:_check_signals:216 | 信号执行失败: SHORT
2025-06-17 09:12:32 | INFO     | src.trading.executor:update_account_info:125 | 账户更新: 总值$100396.42, 买入力$401585.68
2025-06-17 09:12:32 | DEBUG    | src.bot.trading_bot:_update_market_data:184 | 市场数据更新完成
2025-06-17 09:12:35 | INFO     | src.strategy.signals:generate_signals:468 | 生成信号: SHORT - VWAP空头突破: 偏离-0.19%, MACD转负
2025-06-17 09:12:35 | INFO     | src.bot.trading_bot:_check_signals:202 | 检测到信号: SHORT 置信度: 0.85 原因: VWAP空头突破: 偏离-0.19%, MACD转负
2025-06-17 09:12:35 | INFO     | src.utils.notifications:send_message:63 | [GENERAL] 📡 交易信号
类型: SHORT
强度: MEDIUM
置信度: 0.85
价格: $599.40
原因: VWAP空头突破: 偏离-0.19%, MACD转负
2025-06-17 09:12:35 | INFO     | src.data.market_data:find_suitable_options:435 | 当前SPY价格: $601.38, 选择PUT期权行权价: $602
2025-06-17 09:12:35 | DEBUG    | src.data.market_data:_generate_option_symbol:470 | 生成期权代码: SPY250617P00602000 (行权价$602, 类型PUT)
2025-06-17 09:12:35 | INFO     | src.data.market_data:find_suitable_options:444 | 成功获取期权SPY250617P00602000的报价数据
2025-06-17 09:12:35 | ERROR    | src.trading.executor:find_best_option:192 | 查找最佳期权失败: 'contractSymbol'
2025-06-17 09:12:35 | WARNING  | src.bot.trading_bot:_check_signals:216 | 信号执行失败: SHORT
2025-06-17 09:12:36 | INFO     | src.trading.executor:update_account_info:125 | 账户更新: 总值$100396.42, 买入力$401585.68
2025-06-17 09:12:36 | DEBUG    | src.bot.trading_bot:_update_market_data:184 | 市场数据更新完成
2025-06-17 09:12:38 | INFO     | src.strategy.signals:generate_signals:468 | 生成信号: SHORT - VWAP空头突破: 偏离-0.19%, MACD转负
2025-06-17 09:12:38 | INFO     | src.bot.trading_bot:_check_signals:202 | 检测到信号: SHORT 置信度: 0.85 原因: VWAP空头突破: 偏离-0.19%, MACD转负
2025-06-17 09:12:38 | INFO     | src.utils.notifications:send_message:63 | [GENERAL] 📡 交易信号
类型: SHORT
强度: MEDIUM
置信度: 0.85
价格: $599.40
原因: VWAP空头突破: 偏离-0.19%, MACD转负
2025-06-17 09:12:39 | INFO     | src.data.market_data:find_suitable_options:435 | 当前SPY价格: $601.38, 选择PUT期权行权价: $602
2025-06-17 09:12:39 | DEBUG    | src.data.market_data:_generate_option_symbol:470 | 生成期权代码: SPY250617P00602000 (行权价$602, 类型PUT)
2025-06-17 09:12:39 | INFO     | src.data.market_data:find_suitable_options:444 | 成功获取期权SPY250617P00602000的报价数据
2025-06-17 09:12:39 | ERROR    | src.trading.executor:find_best_option:192 | 查找最佳期权失败: 'contractSymbol'
2025-06-17 09:12:39 | WARNING  | src.bot.trading_bot:_check_signals:216 | 信号执行失败: SHORT
2025-06-17 09:12:39 | INFO     | src.trading.executor:update_account_info:125 | 账户更新: 总值$100396.42, 买入力$401585.68
2025-06-17 09:12:39 | DEBUG    | src.bot.trading_bot:_update_market_data:184 | 市场数据更新完成
2025-06-17 09:12:42 | INFO     | src.strategy.signals:generate_signals:468 | 生成信号: SHORT - VWAP空头突破: 偏离-0.19%, MACD转负
2025-06-17 09:12:42 | INFO     | src.bot.trading_bot:_check_signals:202 | 检测到信号: SHORT 置信度: 0.85 原因: VWAP空头突破: 偏离-0.19%, MACD转负
2025-06-17 09:12:42 | INFO     | src.utils.notifications:send_message:63 | [GENERAL] 📡 交易信号
类型: SHORT
强度: MEDIUM
置信度: 0.85
价格: $599.40
原因: VWAP空头突破: 偏离-0.19%, MACD转负
2025-06-17 09:12:42 | INFO     | src.data.market_data:find_suitable_options:435 | 当前SPY价格: $601.36, 选择PUT期权行权价: $602
2025-06-17 09:12:42 | DEBUG    | src.data.market_data:_generate_option_symbol:470 | 生成期权代码: SPY250617P00602000 (行权价$602, 类型PUT)
2025-06-17 09:12:42 | INFO     | src.data.market_data:find_suitable_options:444 | 成功获取期权SPY250617P00602000的报价数据
2025-06-17 09:12:42 | ERROR    | src.trading.executor:find_best_option:192 | 查找最佳期权失败: 'contractSymbol'
2025-06-17 09:12:42 | WARNING  | src.bot.trading_bot:_check_signals:216 | 信号执行失败: SHORT
2025-06-17 09:12:43 | INFO     | src.trading.executor:update_account_info:125 | 账户更新: 总值$100396.42, 买入力$401585.68
2025-06-17 09:12:43 | DEBUG    | src.bot.trading_bot:_update_market_data:184 | 市场数据更新完成
2025-06-17 09:12:46 | INFO     | src.strategy.signals:generate_signals:468 | 生成信号: SHORT - VWAP空头突破: 偏离-0.19%, MACD转负
2025-06-17 09:12:46 | INFO     | src.bot.trading_bot:_check_signals:202 | 检测到信号: SHORT 置信度: 0.85 原因: VWAP空头突破: 偏离-0.19%, MACD转负
2025-06-17 09:12:46 | INFO     | src.utils.notifications:send_message:63 | [GENERAL] 📡 交易信号
类型: SHORT
强度: MEDIUM
置信度: 0.85
价格: $599.40
原因: VWAP空头突破: 偏离-0.19%, MACD转负
2025-06-17 09:12:46 | INFO     | src.data.market_data:find_suitable_options:435 | 当前SPY价格: $601.36, 选择PUT期权行权价: $602
2025-06-17 09:12:46 | DEBUG    | src.data.market_data:_generate_option_symbol:470 | 生成期权代码: SPY250617P00602000 (行权价$602, 类型PUT)
2025-06-17 09:12:46 | INFO     | src.data.market_data:find_suitable_options:444 | 成功获取期权SPY250617P00602000的报价数据
2025-06-17 09:12:46 | ERROR    | src.trading.executor:find_best_option:192 | 查找最佳期权失败: 'contractSymbol'
2025-06-17 09:12:46 | WARNING  | src.bot.trading_bot:_check_signals:216 | 信号执行失败: SHORT
2025-06-17 09:12:47 | INFO     | src.trading.executor:update_account_info:125 | 账户更新: 总值$100396.42, 买入力$401585.68
2025-06-17 09:12:47 | DEBUG    | src.bot.trading_bot:_update_market_data:184 | 市场数据更新完成
2025-06-17 09:12:49 | INFO     | src.strategy.signals:generate_signals:468 | 生成信号: SHORT - VWAP空头突破: 偏离-0.19%, MACD转负
2025-06-17 09:12:49 | INFO     | src.bot.trading_bot:_check_signals:202 | 检测到信号: SHORT 置信度: 0.85 原因: VWAP空头突破: 偏离-0.19%, MACD转负
2025-06-17 09:12:49 | INFO     | src.utils.notifications:send_message:63 | [GENERAL] 📡 交易信号
类型: SHORT
强度: MEDIUM
置信度: 0.85
价格: $599.40
原因: VWAP空头突破: 偏离-0.19%, MACD转负
2025-06-17 09:12:49 | INFO     | src.data.market_data:find_suitable_options:435 | 当前SPY价格: $601.36, 选择PUT期权行权价: $602
2025-06-17 09:12:49 | DEBUG    | src.data.market_data:_generate_option_symbol:470 | 生成期权代码: SPY250617P00602000 (行权价$602, 类型PUT)
2025-06-17 09:12:49 | INFO     | src.data.market_data:find_suitable_options:444 | 成功获取期权SPY250617P00602000的报价数据
2025-06-17 09:12:49 | ERROR    | src.trading.executor:find_best_option:192 | 查找最佳期权失败: 'contractSymbol'
2025-06-17 09:12:49 | WARNING  | src.bot.trading_bot:_check_signals:216 | 信号执行失败: SHORT
2025-06-17 09:12:50 | INFO     | src.trading.executor:update_account_info:125 | 账户更新: 总值$100396.42, 买入力$401585.68
2025-06-17 09:12:50 | DEBUG    | src.bot.trading_bot:_update_market_data:184 | 市场数据更新完成
2025-06-17 09:12:53 | INFO     | src.strategy.signals:generate_signals:468 | 生成信号: SHORT - VWAP空头突破: 偏离-0.19%, MACD转负
2025-06-17 09:12:53 | INFO     | src.bot.trading_bot:_check_signals:202 | 检测到信号: SHORT 置信度: 0.85 原因: VWAP空头突破: 偏离-0.19%, MACD转负
2025-06-17 09:12:53 | INFO     | src.utils.notifications:send_message:63 | [GENERAL] 📡 交易信号
类型: SHORT
强度: MEDIUM
置信度: 0.85
价格: $599.40
原因: VWAP空头突破: 偏离-0.19%, MACD转负
2025-06-17 09:12:53 | INFO     | src.data.market_data:find_suitable_options:435 | 当前SPY价格: $601.36, 选择PUT期权行权价: $602
2025-06-17 09:12:53 | DEBUG    | src.data.market_data:_generate_option_symbol:470 | 生成期权代码: SPY250617P00602000 (行权价$602, 类型PUT)
2025-06-17 09:12:53 | INFO     | src.data.market_data:find_suitable_options:444 | 成功获取期权SPY250617P00602000的报价数据
2025-06-17 09:12:53 | ERROR    | src.trading.executor:find_best_option:192 | 查找最佳期权失败: 'contractSymbol'
2025-06-17 09:12:53 | WARNING  | src.bot.trading_bot:_check_signals:216 | 信号执行失败: SHORT
2025-06-17 09:12:53 | INFO     | src.trading.executor:update_account_info:125 | 账户更新: 总值$100396.42, 买入力$401585.68
2025-06-17 09:12:53 | DEBUG    | src.bot.trading_bot:_update_market_data:184 | 市场数据更新完成
2025-06-17 09:12:56 | INFO     | src.strategy.signals:generate_signals:468 | 生成信号: SHORT - VWAP空头突破: 偏离-0.19%, MACD转负
2025-06-17 09:12:56 | INFO     | src.bot.trading_bot:_check_signals:202 | 检测到信号: SHORT 置信度: 0.85 原因: VWAP空头突破: 偏离-0.19%, MACD转负
2025-06-17 09:12:56 | INFO     | src.utils.notifications:send_message:63 | [GENERAL] 📡 交易信号
类型: SHORT
强度: MEDIUM
置信度: 0.85
价格: $599.40
原因: VWAP空头突破: 偏离-0.19%, MACD转负
2025-06-17 09:12:56 | INFO     | src.data.market_data:find_suitable_options:435 | 当前SPY价格: $601.40, 选择PUT期权行权价: $602
2025-06-17 09:12:56 | DEBUG    | src.data.market_data:_generate_option_symbol:470 | 生成期权代码: SPY250617P00602000 (行权价$602, 类型PUT)
2025-06-17 09:12:56 | INFO     | src.data.market_data:find_suitable_options:444 | 成功获取期权SPY250617P00602000的报价数据
2025-06-17 09:12:56 | ERROR    | src.trading.executor:find_best_option:192 | 查找最佳期权失败: 'contractSymbol'
2025-06-17 09:12:56 | WARNING  | src.bot.trading_bot:_check_signals:216 | 信号执行失败: SHORT
2025-06-17 09:12:57 | INFO     | src.trading.executor:update_account_info:125 | 账户更新: 总值$100396.42, 买入力$401585.68
2025-06-17 09:12:57 | DEBUG    | src.bot.trading_bot:_update_market_data:184 | 市场数据更新完成
2025-06-17 09:12:58 | DEBUG    | src.bot.trading_bot:_update_positions_normal:259 | 📊 常规头寸更新完成
2025-06-17 09:13:00 | INFO     | src.strategy.signals:generate_signals:468 | 生成信号: SHORT - VWAP空头突破: 偏离-0.19%, MACD转负
2025-06-17 09:13:00 | INFO     | src.bot.trading_bot:_check_signals:202 | 检测到信号: SHORT 置信度: 0.85 原因: VWAP空头突破: 偏离-0.19%, MACD转负
2025-06-17 09:13:00 | INFO     | src.utils.notifications:send_message:63 | [GENERAL] 📡 交易信号
类型: SHORT
强度: MEDIUM
置信度: 0.85
价格: $599.40
原因: VWAP空头突破: 偏离-0.19%, MACD转负
2025-06-17 09:13:00 | INFO     | src.data.market_data:find_suitable_options:435 | 当前SPY价格: $601.40, 选择PUT期权行权价: $602
2025-06-17 09:13:00 | DEBUG    | src.data.market_data:_generate_option_symbol:470 | 生成期权代码: SPY250617P00602000 (行权价$602, 类型PUT)
2025-06-17 09:13:00 | INFO     | src.data.market_data:find_suitable_options:444 | 成功获取期权SPY250617P00602000的报价数据
2025-06-17 09:13:00 | ERROR    | src.trading.executor:find_best_option:192 | 查找最佳期权失败: 'contractSymbol'
2025-06-17 09:13:00 | WARNING  | src.bot.trading_bot:_check_signals:216 | 信号执行失败: SHORT
2025-06-17 09:13:00 | INFO     | src.trading.executor:update_account_info:125 | 账户更新: 总值$100396.42, 买入力$401585.68
2025-06-17 09:13:00 | DEBUG    | src.bot.trading_bot:_update_market_data:184 | 市场数据更新完成
2025-06-17 09:13:03 | INFO     | src.strategy.signals:generate_signals:468 | 生成信号: SHORT - VWAP空头突破: 偏离-0.19%, MACD转负
2025-06-17 09:13:03 | INFO     | src.bot.trading_bot:_check_signals:202 | 检测到信号: SHORT 置信度: 0.85 原因: VWAP空头突破: 偏离-0.19%, MACD转负
2025-06-17 09:13:03 | INFO     | src.utils.notifications:send_message:63 | [GENERAL] 📡 交易信号
类型: SHORT
强度: MEDIUM
置信度: 0.85
价格: $599.40
原因: VWAP空头突破: 偏离-0.19%, MACD转负
2025-06-17 09:13:03 | INFO     | src.data.market_data:find_suitable_options:435 | 当前SPY价格: $601.40, 选择PUT期权行权价: $602
2025-06-17 09:13:03 | DEBUG    | src.data.market_data:_generate_option_symbol:470 | 生成期权代码: SPY250617P00602000 (行权价$602, 类型PUT)
2025-06-17 09:13:03 | INFO     | src.data.market_data:find_suitable_options:444 | 成功获取期权SPY250617P00602000的报价数据
2025-06-17 09:13:03 | ERROR    | src.trading.executor:find_best_option:192 | 查找最佳期权失败: 'contractSymbol'
2025-06-17 09:13:03 | WARNING  | src.bot.trading_bot:_check_signals:216 | 信号执行失败: SHORT
2025-06-17 09:13:04 | INFO     | src.trading.executor:update_account_info:125 | 账户更新: 总值$100396.42, 买入力$401585.68
2025-06-17 09:13:04 | DEBUG    | src.bot.trading_bot:_update_market_data:184 | 市场数据更新完成
2025-06-17 09:13:06 | INFO     | src.strategy.signals:generate_signals:468 | 生成信号: SHORT - VWAP空头突破: 偏离-0.19%, MACD转负
2025-06-17 09:13:06 | INFO     | src.bot.trading_bot:_check_signals:202 | 检测到信号: SHORT 置信度: 0.85 原因: VWAP空头突破: 偏离-0.19%, MACD转负
2025-06-17 09:13:06 | INFO     | src.utils.notifications:send_message:63 | [GENERAL] 📡 交易信号
类型: SHORT
强度: MEDIUM
置信度: 0.85
价格: $599.40
原因: VWAP空头突破: 偏离-0.19%, MACD转负
2025-06-17 09:13:07 | INFO     | src.data.market_data:find_suitable_options:435 | 当前SPY价格: $601.40, 选择PUT期权行权价: $602
2025-06-17 09:13:07 | DEBUG    | src.data.market_data:_generate_option_symbol:470 | 生成期权代码: SPY250617P00602000 (行权价$602, 类型PUT)
2025-06-17 09:13:07 | INFO     | src.data.market_data:find_suitable_options:444 | 成功获取期权SPY250617P00602000的报价数据
2025-06-17 09:13:07 | ERROR    | src.trading.executor:find_best_option:192 | 查找最佳期权失败: 'contractSymbol'
2025-06-17 09:13:07 | WARNING  | src.bot.trading_bot:_check_signals:216 | 信号执行失败: SHORT
2025-06-17 09:13:07 | INFO     | src.trading.executor:update_account_info:125 | 账户更新: 总值$100396.42, 买入力$401585.68
2025-06-17 09:13:07 | DEBUG    | src.bot.trading_bot:_update_market_data:184 | 市场数据更新完成
2025-06-17 09:13:10 | INFO     | src.strategy.signals:generate_signals:468 | 生成信号: SHORT - VWAP空头突破: 偏离-0.19%, MACD转负
2025-06-17 09:13:10 | INFO     | src.bot.trading_bot:_check_signals:202 | 检测到信号: SHORT 置信度: 0.85 原因: VWAP空头突破: 偏离-0.19%, MACD转负
2025-06-17 09:13:10 | INFO     | src.utils.notifications:send_message:63 | [GENERAL] 📡 交易信号
类型: SHORT
强度: MEDIUM
置信度: 0.85
价格: $599.40
原因: VWAP空头突破: 偏离-0.19%, MACD转负
2025-06-17 09:13:10 | INFO     | src.data.market_data:find_suitable_options:435 | 当前SPY价格: $601.40, 选择PUT期权行权价: $602
2025-06-17 09:13:10 | DEBUG    | src.data.market_data:_generate_option_symbol:470 | 生成期权代码: SPY250617P00602000 (行权价$602, 类型PUT)
2025-06-17 09:13:10 | INFO     | src.data.market_data:find_suitable_options:444 | 成功获取期权SPY250617P00602000的报价数据
2025-06-17 09:13:10 | ERROR    | src.trading.executor:find_best_option:192 | 查找最佳期权失败: 'contractSymbol'
2025-06-17 09:13:10 | WARNING  | src.bot.trading_bot:_check_signals:216 | 信号执行失败: SHORT
2025-06-17 09:13:11 | INFO     | src.trading.executor:update_account_info:125 | 账户更新: 总值$100396.42, 买入力$401585.68
2025-06-17 09:13:11 | DEBUG    | src.bot.trading_bot:_update_market_data:184 | 市场数据更新完成
2025-06-17 09:13:13 | INFO     | src.strategy.signals:generate_signals:468 | 生成信号: SHORT - VWAP空头突破: 偏离-0.19%, MACD转负
2025-06-17 09:13:13 | INFO     | src.bot.trading_bot:_check_signals:202 | 检测到信号: SHORT 置信度: 0.85 原因: VWAP空头突破: 偏离-0.19%, MACD转负
2025-06-17 09:13:13 | INFO     | src.utils.notifications:send_message:63 | [GENERAL] 📡 交易信号
类型: SHORT
强度: MEDIUM
置信度: 0.85
价格: $599.40
原因: VWAP空头突破: 偏离-0.19%, MACD转负
2025-06-17 09:13:13 | INFO     | src.data.market_data:find_suitable_options:435 | 当前SPY价格: $601.40, 选择PUT期权行权价: $602
2025-06-17 09:13:13 | DEBUG    | src.data.market_data:_generate_option_symbol:470 | 生成期权代码: SPY250617P00602000 (行权价$602, 类型PUT)
2025-06-17 09:13:14 | INFO     | src.data.market_data:find_suitable_options:444 | 成功获取期权SPY250617P00602000的报价数据
2025-06-17 09:13:14 | ERROR    | src.trading.executor:find_best_option:192 | 查找最佳期权失败: 'contractSymbol'
2025-06-17 09:13:14 | WARNING  | src.bot.trading_bot:_check_signals:216 | 信号执行失败: SHORT
2025-06-17 09:13:14 | INFO     | src.trading.executor:update_account_info:125 | 账户更新: 总值$100396.42, 买入力$401585.68
2025-06-17 09:13:14 | DEBUG    | src.bot.trading_bot:_update_market_data:184 | 市场数据更新完成
2025-06-17 09:13:17 | INFO     | src.strategy.signals:generate_signals:468 | 生成信号: SHORT - VWAP空头突破: 偏离-0.21%, MACD转负
2025-06-17 09:13:17 | INFO     | src.bot.trading_bot:_check_signals:202 | 检测到信号: SHORT 置信度: 0.85 原因: VWAP空头突破: 偏离-0.21%, MACD转负
2025-06-17 09:13:17 | INFO     | src.utils.notifications:send_message:63 | [GENERAL] 📡 交易信号
类型: SHORT
强度: MEDIUM
置信度: 0.85
价格: $599.30
原因: VWAP空头突破: 偏离-0.21%, MACD转负
2025-06-17 09:13:17 | INFO     | src.data.market_data:find_suitable_options:435 | 当前SPY价格: $601.40, 选择PUT期权行权价: $602
2025-06-17 09:13:17 | DEBUG    | src.data.market_data:_generate_option_symbol:470 | 生成期权代码: SPY250617P00602000 (行权价$602, 类型PUT)
2025-06-17 09:13:17 | INFO     | src.data.market_data:find_suitable_options:444 | 成功获取期权SPY250617P00602000的报价数据
2025-06-17 09:13:17 | ERROR    | src.trading.executor:find_best_option:192 | 查找最佳期权失败: 'contractSymbol'
2025-06-17 09:13:17 | WARNING  | src.bot.trading_bot:_check_signals:216 | 信号执行失败: SHORT
2025-06-17 09:13:18 | INFO     | src.trading.executor:update_account_info:125 | 账户更新: 总值$100396.42, 买入力$401585.68
2025-06-17 09:13:18 | DEBUG    | src.bot.trading_bot:_update_market_data:184 | 市场数据更新完成
2025-06-17 09:13:21 | INFO     | src.strategy.signals:generate_signals:468 | 生成信号: SHORT - VWAP空头突破: 偏离-0.21%, MACD转负
2025-06-17 09:13:21 | INFO     | src.bot.trading_bot:_check_signals:202 | 检测到信号: SHORT 置信度: 0.85 原因: VWAP空头突破: 偏离-0.21%, MACD转负
2025-06-17 09:13:21 | INFO     | src.utils.notifications:send_message:63 | [GENERAL] 📡 交易信号
类型: SHORT
强度: MEDIUM
置信度: 0.85
价格: $599.30
原因: VWAP空头突破: 偏离-0.21%, MACD转负
2025-06-17 09:13:21 | INFO     | src.data.market_data:find_suitable_options:435 | 当前SPY价格: $601.40, 选择PUT期权行权价: $602
2025-06-17 09:13:21 | DEBUG    | src.data.market_data:_generate_option_symbol:470 | 生成期权代码: SPY250617P00602000 (行权价$602, 类型PUT)
2025-06-17 09:13:21 | INFO     | src.data.market_data:find_suitable_options:444 | 成功获取期权SPY250617P00602000的报价数据
2025-06-17 09:13:21 | ERROR    | src.trading.executor:find_best_option:192 | 查找最佳期权失败: 'contractSymbol'
2025-06-17 09:13:21 | WARNING  | src.bot.trading_bot:_check_signals:216 | 信号执行失败: SHORT
2025-06-17 09:13:22 | INFO     | src.trading.executor:update_account_info:125 | 账户更新: 总值$100396.42, 买入力$401585.68
2025-06-17 09:13:22 | DEBUG    | src.bot.trading_bot:_update_market_data:184 | 市场数据更新完成
2025-06-17 09:13:24 | INFO     | src.strategy.signals:generate_signals:468 | 生成信号: SHORT - VWAP空头突破: 偏离-0.21%, MACD转负
2025-06-17 09:13:24 | INFO     | src.bot.trading_bot:_check_signals:202 | 检测到信号: SHORT 置信度: 0.85 原因: VWAP空头突破: 偏离-0.21%, MACD转负
2025-06-17 09:13:24 | INFO     | src.utils.notifications:send_message:63 | [GENERAL] 📡 交易信号
类型: SHORT
强度: MEDIUM
置信度: 0.85
价格: $599.30
原因: VWAP空头突破: 偏离-0.21%, MACD转负
2025-06-17 09:13:24 | INFO     | src.data.market_data:find_suitable_options:435 | 当前SPY价格: $601.40, 选择PUT期权行权价: $602
2025-06-17 09:13:24 | DEBUG    | src.data.market_data:_generate_option_symbol:470 | 生成期权代码: SPY250617P00602000 (行权价$602, 类型PUT)
2025-06-17 09:13:24 | INFO     | src.data.market_data:find_suitable_options:444 | 成功获取期权SPY250617P00602000的报价数据
2025-06-17 09:13:24 | ERROR    | src.trading.executor:find_best_option:192 | 查找最佳期权失败: 'contractSymbol'
2025-06-17 09:13:24 | WARNING  | src.bot.trading_bot:_check_signals:216 | 信号执行失败: SHORT
2025-06-17 09:13:25 | INFO     | src.trading.executor:update_account_info:125 | 账户更新: 总值$100396.42, 买入力$401585.68
2025-06-17 09:13:25 | DEBUG    | src.bot.trading_bot:_update_market_data:184 | 市场数据更新完成
2025-06-17 09:13:28 | INFO     | src.strategy.signals:generate_signals:468 | 生成信号: SHORT - VWAP空头突破: 偏离-0.21%, MACD转负
2025-06-17 09:13:28 | INFO     | src.bot.trading_bot:_check_signals:202 | 检测到信号: SHORT 置信度: 0.85 原因: VWAP空头突破: 偏离-0.21%, MACD转负
2025-06-17 09:13:28 | INFO     | src.utils.notifications:send_message:63 | [GENERAL] 📡 交易信号
类型: SHORT
强度: MEDIUM
置信度: 0.85
价格: $599.30
原因: VWAP空头突破: 偏离-0.21%, MACD转负
2025-06-17 09:13:28 | INFO     | src.data.market_data:find_suitable_options:435 | 当前SPY价格: $601.40, 选择PUT期权行权价: $602
2025-06-17 09:13:28 | DEBUG    | src.data.market_data:_generate_option_symbol:470 | 生成期权代码: SPY250617P00602000 (行权价$602, 类型PUT)
2025-06-17 09:13:28 | INFO     | src.data.market_data:find_suitable_options:444 | 成功获取期权SPY250617P00602000的报价数据
2025-06-17 09:13:28 | ERROR    | src.trading.executor:find_best_option:192 | 查找最佳期权失败: 'contractSymbol'
2025-06-17 09:13:28 | WARNING  | src.bot.trading_bot:_check_signals:216 | 信号执行失败: SHORT
2025-06-17 09:13:29 | INFO     | src.trading.executor:update_account_info:125 | 账户更新: 总值$100396.42, 买入力$401585.68
2025-06-17 09:13:29 | DEBUG    | src.bot.trading_bot:_update_market_data:184 | 市场数据更新完成
2025-06-17 09:13:31 | INFO     | src.strategy.signals:generate_signals:468 | 生成信号: SHORT - VWAP空头突破: 偏离-0.21%, MACD转负
2025-06-17 09:13:31 | INFO     | src.bot.trading_bot:_check_signals:202 | 检测到信号: SHORT 置信度: 0.85 原因: VWAP空头突破: 偏离-0.21%, MACD转负
2025-06-17 09:13:31 | INFO     | src.utils.notifications:send_message:63 | [GENERAL] 📡 交易信号
类型: SHORT
强度: MEDIUM
置信度: 0.85
价格: $599.30
原因: VWAP空头突破: 偏离-0.21%, MACD转负
2025-06-17 09:13:31 | INFO     | src.data.market_data:find_suitable_options:435 | 当前SPY价格: $601.42, 选择PUT期权行权价: $602
2025-06-17 09:13:31 | DEBUG    | src.data.market_data:_generate_option_symbol:470 | 生成期权代码: SPY250617P00602000 (行权价$602, 类型PUT)
2025-06-17 09:13:31 | INFO     | src.data.market_data:find_suitable_options:444 | 成功获取期权SPY250617P00602000的报价数据
2025-06-17 09:13:31 | ERROR    | src.trading.executor:find_best_option:192 | 查找最佳期权失败: 'contractSymbol'
2025-06-17 09:13:31 | WARNING  | src.bot.trading_bot:_check_signals:216 | 信号执行失败: SHORT
2025-06-17 09:13:32 | INFO     | src.trading.executor:update_account_info:125 | 账户更新: 总值$100396.42, 买入力$401585.68
2025-06-17 09:13:32 | DEBUG    | src.bot.trading_bot:_update_market_data:184 | 市场数据更新完成
2025-06-17 09:13:35 | INFO     | src.strategy.signals:generate_signals:468 | 生成信号: SHORT - VWAP空头突破: 偏离-0.21%, MACD转负
2025-06-17 09:13:35 | INFO     | src.bot.trading_bot:_check_signals:202 | 检测到信号: SHORT 置信度: 0.85 原因: VWAP空头突破: 偏离-0.21%, MACD转负
2025-06-17 09:13:35 | INFO     | src.utils.notifications:send_message:63 | [GENERAL] 📡 交易信号
类型: SHORT
强度: MEDIUM
置信度: 0.85
价格: $599.30
原因: VWAP空头突破: 偏离-0.21%, MACD转负
2025-06-17 09:13:35 | INFO     | src.data.market_data:find_suitable_options:435 | 当前SPY价格: $601.42, 选择PUT期权行权价: $602
2025-06-17 09:13:35 | DEBUG    | src.data.market_data:_generate_option_symbol:470 | 生成期权代码: SPY250617P00602000 (行权价$602, 类型PUT)
2025-06-17 09:13:35 | INFO     | src.data.market_data:find_suitable_options:444 | 成功获取期权SPY250617P00602000的报价数据
2025-06-17 09:13:35 | ERROR    | src.trading.executor:find_best_option:192 | 查找最佳期权失败: 'contractSymbol'
2025-06-17 09:13:35 | WARNING  | src.bot.trading_bot:_check_signals:216 | 信号执行失败: SHORT
2025-06-17 09:13:36 | INFO     | src.trading.executor:update_account_info:125 | 账户更新: 总值$100396.42, 买入力$401585.68
2025-06-17 09:13:36 | DEBUG    | src.bot.trading_bot:_update_market_data:184 | 市场数据更新完成
2025-06-17 09:13:38 | INFO     | src.strategy.signals:generate_signals:468 | 生成信号: SHORT - VWAP空头突破: 偏离-0.21%, MACD转负
2025-06-17 09:13:38 | INFO     | src.bot.trading_bot:_check_signals:202 | 检测到信号: SHORT 置信度: 0.85 原因: VWAP空头突破: 偏离-0.21%, MACD转负
2025-06-17 09:13:38 | INFO     | src.utils.notifications:send_message:63 | [GENERAL] 📡 交易信号
类型: SHORT
强度: MEDIUM
置信度: 0.85
价格: $599.30
原因: VWAP空头突破: 偏离-0.21%, MACD转负
2025-06-17 09:13:38 | INFO     | src.data.market_data:find_suitable_options:435 | 当前SPY价格: $601.45, 选择PUT期权行权价: $602
2025-06-17 09:13:38 | DEBUG    | src.data.market_data:_generate_option_symbol:470 | 生成期权代码: SPY250617P00602000 (行权价$602, 类型PUT)
2025-06-17 09:13:38 | INFO     | src.data.market_data:find_suitable_options:444 | 成功获取期权SPY250617P00602000的报价数据
2025-06-17 09:13:38 | ERROR    | src.trading.executor:find_best_option:192 | 查找最佳期权失败: 'contractSymbol'
2025-06-17 09:13:38 | WARNING  | src.bot.trading_bot:_check_signals:216 | 信号执行失败: SHORT
2025-06-17 09:13:39 | INFO     | src.trading.executor:update_account_info:125 | 账户更新: 总值$100396.42, 买入力$401585.68
2025-06-17 09:13:39 | DEBUG    | src.bot.trading_bot:_update_market_data:184 | 市场数据更新完成
2025-06-17 09:13:42 | INFO     | src.strategy.signals:generate_signals:468 | 生成信号: SHORT - VWAP空头突破: 偏离-0.21%, MACD转负
2025-06-17 09:13:42 | INFO     | src.bot.trading_bot:_check_signals:202 | 检测到信号: SHORT 置信度: 0.85 原因: VWAP空头突破: 偏离-0.21%, MACD转负
2025-06-17 09:13:42 | INFO     | src.utils.notifications:send_message:63 | [GENERAL] 📡 交易信号
类型: SHORT
强度: MEDIUM
置信度: 0.85
价格: $599.30
原因: VWAP空头突破: 偏离-0.21%, MACD转负
2025-06-17 09:13:42 | INFO     | src.data.market_data:find_suitable_options:435 | 当前SPY价格: $601.40, 选择PUT期权行权价: $602
2025-06-17 09:13:42 | DEBUG    | src.data.market_data:_generate_option_symbol:470 | 生成期权代码: SPY250617P00602000 (行权价$602, 类型PUT)
2025-06-17 09:13:42 | INFO     | src.data.market_data:find_suitable_options:444 | 成功获取期权SPY250617P00602000的报价数据
2025-06-17 09:13:42 | ERROR    | src.trading.executor:find_best_option:192 | 查找最佳期权失败: 'contractSymbol'
2025-06-17 09:13:42 | WARNING  | src.bot.trading_bot:_check_signals:216 | 信号执行失败: SHORT
2025-06-17 09:13:43 | INFO     | src.trading.executor:update_account_info:125 | 账户更新: 总值$100396.42, 买入力$401585.68
2025-06-17 09:13:43 | DEBUG    | src.bot.trading_bot:_update_market_data:184 | 市场数据更新完成
2025-06-17 09:13:45 | INFO     | src.strategy.signals:generate_signals:468 | 生成信号: SHORT - VWAP空头突破: 偏离-0.21%, MACD转负
2025-06-17 09:13:45 | INFO     | src.bot.trading_bot:_check_signals:202 | 检测到信号: SHORT 置信度: 0.85 原因: VWAP空头突破: 偏离-0.21%, MACD转负
2025-06-17 09:13:45 | INFO     | src.utils.notifications:send_message:63 | [GENERAL] 📡 交易信号
类型: SHORT
强度: MEDIUM
置信度: 0.85
价格: $599.30
原因: VWAP空头突破: 偏离-0.21%, MACD转负
2025-06-17 09:13:45 | INFO     | src.data.market_data:find_suitable_options:435 | 当前SPY价格: $601.40, 选择PUT期权行权价: $602
2025-06-17 09:13:45 | DEBUG    | src.data.market_data:_generate_option_symbol:470 | 生成期权代码: SPY250617P00602000 (行权价$602, 类型PUT)
2025-06-17 09:13:46 | INFO     | src.data.market_data:find_suitable_options:444 | 成功获取期权SPY250617P00602000的报价数据
2025-06-17 09:13:46 | ERROR    | src.trading.executor:find_best_option:192 | 查找最佳期权失败: 'contractSymbol'
2025-06-17 09:13:46 | WARNING  | src.bot.trading_bot:_check_signals:216 | 信号执行失败: SHORT
2025-06-17 09:13:46 | INFO     | src.trading.executor:update_account_info:125 | 账户更新: 总值$100396.42, 买入力$401585.68
2025-06-17 09:13:46 | DEBUG    | src.bot.trading_bot:_update_market_data:184 | 市场数据更新完成
2025-06-17 09:13:49 | INFO     | src.strategy.signals:generate_signals:468 | 生成信号: SHORT - VWAP空头突破: 偏离-0.21%, MACD转负
2025-06-17 09:13:49 | INFO     | src.bot.trading_bot:_check_signals:202 | 检测到信号: SHORT 置信度: 0.85 原因: VWAP空头突破: 偏离-0.21%, MACD转负
2025-06-17 09:13:49 | INFO     | src.utils.notifications:send_message:63 | [GENERAL] 📡 交易信号
类型: SHORT
强度: MEDIUM
置信度: 0.85
价格: $599.30
原因: VWAP空头突破: 偏离-0.21%, MACD转负
2025-06-17 09:13:49 | INFO     | src.data.market_data:find_suitable_options:435 | 当前SPY价格: $601.40, 选择PUT期权行权价: $602
2025-06-17 09:13:49 | DEBUG    | src.data.market_data:_generate_option_symbol:470 | 生成期权代码: SPY250617P00602000 (行权价$602, 类型PUT)
2025-06-17 09:13:49 | INFO     | src.data.market_data:find_suitable_options:444 | 成功获取期权SPY250617P00602000的报价数据
2025-06-17 09:13:49 | ERROR    | src.trading.executor:find_best_option:192 | 查找最佳期权失败: 'contractSymbol'
2025-06-17 09:13:49 | WARNING  | src.bot.trading_bot:_check_signals:216 | 信号执行失败: SHORT
2025-06-17 09:13:50 | INFO     | src.trading.executor:update_account_info:125 | 账户更新: 总值$100396.42, 买入力$401585.68
2025-06-17 09:13:50 | DEBUG    | src.bot.trading_bot:_update_market_data:184 | 市场数据更新完成
2025-06-17 09:13:53 | INFO     | src.strategy.signals:generate_signals:468 | 生成信号: SHORT - VWAP空头突破: 偏离-0.21%, MACD转负
2025-06-17 09:13:53 | INFO     | src.bot.trading_bot:_check_signals:202 | 检测到信号: SHORT 置信度: 0.85 原因: VWAP空头突破: 偏离-0.21%, MACD转负
2025-06-17 09:13:53 | INFO     | src.utils.notifications:send_message:63 | [GENERAL] 📡 交易信号
类型: SHORT
强度: MEDIUM
置信度: 0.85
价格: $599.30
原因: VWAP空头突破: 偏离-0.21%, MACD转负
2025-06-17 09:13:53 | INFO     | src.data.market_data:find_suitable_options:435 | 当前SPY价格: $601.40, 选择PUT期权行权价: $602
2025-06-17 09:13:53 | DEBUG    | src.data.market_data:_generate_option_symbol:470 | 生成期权代码: SPY250617P00602000 (行权价$602, 类型PUT)
2025-06-17 09:13:53 | INFO     | src.data.market_data:find_suitable_options:444 | 成功获取期权SPY250617P00602000的报价数据
2025-06-17 09:13:53 | ERROR    | src.trading.executor:find_best_option:192 | 查找最佳期权失败: 'contractSymbol'
2025-06-17 09:13:53 | WARNING  | src.bot.trading_bot:_check_signals:216 | 信号执行失败: SHORT
2025-06-17 09:13:53 | INFO     | src.trading.executor:update_account_info:125 | 账户更新: 总值$100396.42, 买入力$401585.68
2025-06-17 09:13:53 | DEBUG    | src.bot.trading_bot:_update_market_data:184 | 市场数据更新完成
2025-06-17 09:13:56 | INFO     | src.strategy.signals:generate_signals:468 | 生成信号: SHORT - VWAP空头突破: 偏离-0.21%, MACD转负
2025-06-17 09:13:56 | INFO     | src.bot.trading_bot:_check_signals:202 | 检测到信号: SHORT 置信度: 0.85 原因: VWAP空头突破: 偏离-0.21%, MACD转负
2025-06-17 09:13:56 | INFO     | src.utils.notifications:send_message:63 | [GENERAL] 📡 交易信号
类型: SHORT
强度: MEDIUM
置信度: 0.85
价格: $599.30
原因: VWAP空头突破: 偏离-0.21%, MACD转负
2025-06-17 09:13:56 | INFO     | src.data.market_data:find_suitable_options:435 | 当前SPY价格: $601.40, 选择PUT期权行权价: $602
2025-06-17 09:13:56 | DEBUG    | src.data.market_data:_generate_option_symbol:470 | 生成期权代码: SPY250617P00602000 (行权价$602, 类型PUT)
2025-06-17 09:13:56 | INFO     | src.data.market_data:find_suitable_options:444 | 成功获取期权SPY250617P00602000的报价数据
2025-06-17 09:13:56 | ERROR    | src.trading.executor:find_best_option:192 | 查找最佳期权失败: 'contractSymbol'
2025-06-17 09:13:56 | WARNING  | src.bot.trading_bot:_check_signals:216 | 信号执行失败: SHORT
2025-06-17 09:13:57 | INFO     | src.trading.executor:update_account_info:125 | 账户更新: 总值$100396.42, 买入力$401585.68
2025-06-17 09:13:57 | DEBUG    | src.bot.trading_bot:_update_market_data:184 | 市场数据更新完成
2025-06-17 09:13:57 | INFO     | src.utils.notifications:send_message:63 | [GENERAL] 📊 每小时报告
时间: 09:13
当前头寸: 0
当日交易: 0
当日盈亏: $0.00
账户总值: $100,396.42
2025-06-17 09:13:58 | DEBUG    | src.bot.trading_bot:_update_positions_normal:259 | 📊 常规头寸更新完成
2025-06-17 09:14:00 | INFO     | src.strategy.signals:generate_signals:468 | 生成信号: SHORT - VWAP空头突破: 偏离-0.21%, MACD转负
2025-06-17 09:14:00 | INFO     | src.bot.trading_bot:_check_signals:202 | 检测到信号: SHORT 置信度: 0.85 原因: VWAP空头突破: 偏离-0.21%, MACD转负
2025-06-17 09:14:00 | INFO     | src.utils.notifications:send_message:63 | [GENERAL] 📡 交易信号
类型: SHORT
强度: MEDIUM
置信度: 0.85
价格: $599.30
原因: VWAP空头突破: 偏离-0.21%, MACD转负
2025-06-17 09:14:00 | INFO     | src.data.market_data:find_suitable_options:435 | 当前SPY价格: $601.40, 选择PUT期权行权价: $602
2025-06-17 09:14:00 | DEBUG    | src.data.market_data:_generate_option_symbol:470 | 生成期权代码: SPY250617P00602000 (行权价$602, 类型PUT)
2025-06-17 09:14:00 | INFO     | src.data.market_data:find_suitable_options:444 | 成功获取期权SPY250617P00602000的报价数据
2025-06-17 09:14:00 | ERROR    | src.trading.executor:find_best_option:192 | 查找最佳期权失败: 'contractSymbol'
2025-06-17 09:14:00 | WARNING  | src.bot.trading_bot:_check_signals:216 | 信号执行失败: SHORT
2025-06-17 09:14:00 | INFO     | src.trading.executor:update_account_info:125 | 账户更新: 总值$100396.42, 买入力$401585.68
2025-06-17 09:14:00 | DEBUG    | src.bot.trading_bot:_update_market_data:184 | 市场数据更新完成
2025-06-17 09:14:03 | INFO     | src.strategy.signals:generate_signals:468 | 生成信号: SHORT - VWAP空头突破: 偏离-0.21%, MACD转负
2025-06-17 09:14:03 | INFO     | src.bot.trading_bot:_check_signals:202 | 检测到信号: SHORT 置信度: 0.85 原因: VWAP空头突破: 偏离-0.21%, MACD转负
2025-06-17 09:14:03 | INFO     | src.utils.notifications:send_message:63 | [GENERAL] 📡 交易信号
类型: SHORT
强度: MEDIUM
置信度: 0.85
价格: $599.30
原因: VWAP空头突破: 偏离-0.21%, MACD转负
2025-06-17 09:14:03 | INFO     | src.data.market_data:find_suitable_options:435 | 当前SPY价格: $601.40, 选择PUT期权行权价: $602
2025-06-17 09:14:03 | DEBUG    | src.data.market_data:_generate_option_symbol:470 | 生成期权代码: SPY250617P00602000 (行权价$602, 类型PUT)
2025-06-17 09:14:03 | INFO     | src.data.market_data:find_suitable_options:444 | 成功获取期权SPY250617P00602000的报价数据
2025-06-17 09:14:03 | ERROR    | src.trading.executor:find_best_option:192 | 查找最佳期权失败: 'contractSymbol'
2025-06-17 09:14:03 | WARNING  | src.bot.trading_bot:_check_signals:216 | 信号执行失败: SHORT
2025-06-17 09:14:04 | INFO     | src.trading.executor:update_account_info:125 | 账户更新: 总值$100396.42, 买入力$401585.68
2025-06-17 09:14:04 | DEBUG    | src.bot.trading_bot:_update_market_data:184 | 市场数据更新完成
2025-06-17 09:14:06 | INFO     | src.strategy.signals:generate_signals:468 | 生成信号: SHORT - VWAP空头突破: 偏离-0.21%, MACD转负
2025-06-17 09:14:06 | INFO     | src.bot.trading_bot:_check_signals:202 | 检测到信号: SHORT 置信度: 0.85 原因: VWAP空头突破: 偏离-0.21%, MACD转负
2025-06-17 09:14:06 | INFO     | src.utils.notifications:send_message:63 | [GENERAL] 📡 交易信号
类型: SHORT
强度: MEDIUM
置信度: 0.85
价格: $599.30
原因: VWAP空头突破: 偏离-0.21%, MACD转负
2025-06-17 09:14:07 | INFO     | src.data.market_data:find_suitable_options:435 | 当前SPY价格: $601.40, 选择PUT期权行权价: $602
2025-06-17 09:14:07 | DEBUG    | src.data.market_data:_generate_option_symbol:470 | 生成期权代码: SPY250617P00602000 (行权价$602, 类型PUT)
2025-06-17 09:14:07 | INFO     | src.data.market_data:find_suitable_options:444 | 成功获取期权SPY250617P00602000的报价数据
2025-06-17 09:14:07 | ERROR    | src.trading.executor:find_best_option:192 | 查找最佳期权失败: 'contractSymbol'
2025-06-17 09:14:07 | WARNING  | src.bot.trading_bot:_check_signals:216 | 信号执行失败: SHORT
2025-06-17 09:14:07 | INFO     | src.trading.executor:update_account_info:125 | 账户更新: 总值$100396.42, 买入力$401585.68
2025-06-17 09:14:07 | DEBUG    | src.bot.trading_bot:_update_market_data:184 | 市场数据更新完成
2025-06-17 09:14:10 | INFO     | src.strategy.signals:generate_signals:468 | 生成信号: SHORT - VWAP空头突破: 偏离-0.21%, MACD转负
2025-06-17 09:14:10 | INFO     | src.bot.trading_bot:_check_signals:202 | 检测到信号: SHORT 置信度: 0.85 原因: VWAP空头突破: 偏离-0.21%, MACD转负
2025-06-17 09:14:10 | INFO     | src.utils.notifications:send_message:63 | [GENERAL] 📡 交易信号
类型: SHORT
强度: MEDIUM
置信度: 0.85
价格: $599.30
原因: VWAP空头突破: 偏离-0.21%, MACD转负
2025-06-17 09:14:10 | INFO     | src.data.market_data:find_suitable_options:435 | 当前SPY价格: $601.40, 选择PUT期权行权价: $602
2025-06-17 09:14:10 | DEBUG    | src.data.market_data:_generate_option_symbol:470 | 生成期权代码: SPY250617P00602000 (行权价$602, 类型PUT)
2025-06-17 09:14:10 | INFO     | src.data.market_data:find_suitable_options:444 | 成功获取期权SPY250617P00602000的报价数据
2025-06-17 09:14:10 | ERROR    | src.trading.executor:find_best_option:192 | 查找最佳期权失败: 'contractSymbol'
2025-06-17 09:14:10 | WARNING  | src.bot.trading_bot:_check_signals:216 | 信号执行失败: SHORT
2025-06-17 09:14:11 | INFO     | src.trading.executor:update_account_info:125 | 账户更新: 总值$100396.42, 买入力$401585.68
2025-06-17 09:14:11 | DEBUG    | src.bot.trading_bot:_update_market_data:184 | 市场数据更新完成
2025-06-17 09:14:13 | INFO     | src.strategy.signals:generate_signals:468 | 生成信号: SHORT - VWAP空头突破: 偏离-0.21%, MACD转负
2025-06-17 09:14:13 | INFO     | src.bot.trading_bot:_check_signals:202 | 检测到信号: SHORT 置信度: 0.85 原因: VWAP空头突破: 偏离-0.21%, MACD转负
2025-06-17 09:14:13 | INFO     | src.utils.notifications:send_message:63 | [GENERAL] 📡 交易信号
类型: SHORT
强度: MEDIUM
置信度: 0.85
价格: $599.30
原因: VWAP空头突破: 偏离-0.21%, MACD转负
2025-06-17 09:14:13 | INFO     | src.data.market_data:find_suitable_options:435 | 当前SPY价格: $601.40, 选择PUT期权行权价: $602
2025-06-17 09:14:13 | DEBUG    | src.data.market_data:_generate_option_symbol:470 | 生成期权代码: SPY250617P00602000 (行权价$602, 类型PUT)
2025-06-17 09:14:14 | INFO     | src.data.market_data:find_suitable_options:444 | 成功获取期权SPY250617P00602000的报价数据
2025-06-17 09:14:14 | ERROR    | src.trading.executor:find_best_option:192 | 查找最佳期权失败: 'contractSymbol'
2025-06-17 09:14:14 | WARNING  | src.bot.trading_bot:_check_signals:216 | 信号执行失败: SHORT
2025-06-17 09:14:14 | INFO     | src.trading.executor:update_account_info:125 | 账户更新: 总值$100396.42, 买入力$401585.68
2025-06-17 09:14:14 | DEBUG    | src.bot.trading_bot:_update_market_data:184 | 市场数据更新完成
2025-06-17 09:14:17 | INFO     | src.strategy.signals:generate_signals:468 | 生成信号: SHORT - VWAP空头突破: 偏离-0.21%, MACD转负
2025-06-17 09:14:17 | INFO     | src.bot.trading_bot:_check_signals:202 | 检测到信号: SHORT 置信度: 0.85 原因: VWAP空头突破: 偏离-0.21%, MACD转负
2025-06-17 09:14:17 | INFO     | src.utils.notifications:send_message:63 | [GENERAL] 📡 交易信号
类型: SHORT
强度: MEDIUM
置信度: 0.85
价格: $599.30
原因: VWAP空头突破: 偏离-0.21%, MACD转负
2025-06-17 09:14:17 | INFO     | src.data.market_data:find_suitable_options:435 | 当前SPY价格: $601.40, 选择PUT期权行权价: $602
2025-06-17 09:14:17 | DEBUG    | src.data.market_data:_generate_option_symbol:470 | 生成期权代码: SPY250617P00602000 (行权价$602, 类型PUT)
2025-06-17 09:14:17 | INFO     | src.data.market_data:find_suitable_options:444 | 成功获取期权SPY250617P00602000的报价数据
2025-06-17 09:14:17 | ERROR    | src.trading.executor:find_best_option:192 | 查找最佳期权失败: 'contractSymbol'
2025-06-17 09:14:17 | WARNING  | src.bot.trading_bot:_check_signals:216 | 信号执行失败: SHORT
2025-06-17 09:14:18 | INFO     | src.trading.executor:update_account_info:125 | 账户更新: 总值$100396.42, 买入力$401585.68
2025-06-17 09:14:18 | DEBUG    | src.bot.trading_bot:_update_market_data:184 | 市场数据更新完成
2025-06-17 09:14:20 | INFO     | src.strategy.signals:generate_signals:468 | 生成信号: SHORT - VWAP空头突破: 偏离-0.19%, MACD转负
2025-06-17 09:14:20 | INFO     | src.bot.trading_bot:_check_signals:202 | 检测到信号: SHORT 置信度: 0.85 原因: VWAP空头突破: 偏离-0.19%, MACD转负
2025-06-17 09:14:20 | INFO     | src.utils.notifications:send_message:63 | [GENERAL] 📡 交易信号
类型: SHORT
强度: MEDIUM
置信度: 0.85
价格: $599.42
原因: VWAP空头突破: 偏离-0.19%, MACD转负
2025-06-17 09:14:21 | INFO     | src.data.market_data:find_suitable_options:435 | 当前SPY价格: $601.40, 选择PUT期权行权价: $602
2025-06-17 09:14:21 | DEBUG    | src.data.market_data:_generate_option_symbol:470 | 生成期权代码: SPY250617P00602000 (行权价$602, 类型PUT)
2025-06-17 09:14:21 | INFO     | src.data.market_data:find_suitable_options:444 | 成功获取期权SPY250617P00602000的报价数据
2025-06-17 09:14:21 | ERROR    | src.trading.executor:find_best_option:192 | 查找最佳期权失败: 'contractSymbol'
2025-06-17 09:14:21 | WARNING  | src.bot.trading_bot:_check_signals:216 | 信号执行失败: SHORT
2025-06-17 09:14:21 | INFO     | src.trading.executor:update_account_info:125 | 账户更新: 总值$100396.42, 买入力$401585.68
2025-06-17 09:14:21 | DEBUG    | src.bot.trading_bot:_update_market_data:184 | 市场数据更新完成
2025-06-17 09:14:24 | INFO     | src.strategy.signals:generate_signals:468 | 生成信号: SHORT - VWAP空头突破: 偏离-0.19%, MACD转负
2025-06-17 09:14:24 | INFO     | src.bot.trading_bot:_check_signals:202 | 检测到信号: SHORT 置信度: 0.85 原因: VWAP空头突破: 偏离-0.19%, MACD转负
2025-06-17 09:14:24 | INFO     | src.utils.notifications:send_message:63 | [GENERAL] 📡 交易信号
类型: SHORT
强度: MEDIUM
置信度: 0.85
价格: $599.42
原因: VWAP空头突破: 偏离-0.19%, MACD转负
2025-06-17 09:14:24 | INFO     | src.data.market_data:find_suitable_options:435 | 当前SPY价格: $601.40, 选择PUT期权行权价: $602
2025-06-17 09:14:24 | DEBUG    | src.data.market_data:_generate_option_symbol:470 | 生成期权代码: SPY250617P00602000 (行权价$602, 类型PUT)
2025-06-17 09:14:24 | INFO     | src.data.market_data:find_suitable_options:444 | 成功获取期权SPY250617P00602000的报价数据
2025-06-17 09:14:24 | ERROR    | src.trading.executor:find_best_option:192 | 查找最佳期权失败: 'contractSymbol'
2025-06-17 09:14:24 | WARNING  | src.bot.trading_bot:_check_signals:216 | 信号执行失败: SHORT
2025-06-17 09:14:25 | INFO     | src.trading.executor:update_account_info:125 | 账户更新: 总值$100396.42, 买入力$401585.68
2025-06-17 09:14:25 | DEBUG    | src.bot.trading_bot:_update_market_data:184 | 市场数据更新完成
2025-06-17 09:14:27 | INFO     | src.strategy.signals:generate_signals:468 | 生成信号: SHORT - VWAP空头突破: 偏离-0.19%, MACD转负
2025-06-17 09:14:27 | INFO     | src.bot.trading_bot:_check_signals:202 | 检测到信号: SHORT 置信度: 0.85 原因: VWAP空头突破: 偏离-0.19%, MACD转负
2025-06-17 09:14:27 | INFO     | src.utils.notifications:send_message:63 | [GENERAL] 📡 交易信号
类型: SHORT
强度: MEDIUM
置信度: 0.85
价格: $599.42
原因: VWAP空头突破: 偏离-0.19%, MACD转负
2025-06-17 09:14:27 | INFO     | src.data.market_data:find_suitable_options:435 | 当前SPY价格: $601.40, 选择PUT期权行权价: $602
2025-06-17 09:14:27 | DEBUG    | src.data.market_data:_generate_option_symbol:470 | 生成期权代码: SPY250617P00602000 (行权价$602, 类型PUT)
2025-06-17 09:14:28 | INFO     | src.data.market_data:find_suitable_options:444 | 成功获取期权SPY250617P00602000的报价数据
2025-06-17 09:14:28 | ERROR    | src.trading.executor:find_best_option:192 | 查找最佳期权失败: 'contractSymbol'
2025-06-17 09:14:28 | WARNING  | src.bot.trading_bot:_check_signals:216 | 信号执行失败: SHORT
2025-06-17 09:14:28 | INFO     | src.trading.executor:update_account_info:125 | 账户更新: 总值$100396.42, 买入力$401585.68
2025-06-17 09:14:28 | DEBUG    | src.bot.trading_bot:_update_market_data:184 | 市场数据更新完成
2025-06-17 09:14:31 | INFO     | src.strategy.signals:generate_signals:468 | 生成信号: SHORT - VWAP空头突破: 偏离-0.19%, MACD转负
2025-06-17 09:14:31 | INFO     | src.bot.trading_bot:_check_signals:202 | 检测到信号: SHORT 置信度: 0.85 原因: VWAP空头突破: 偏离-0.19%, MACD转负
2025-06-17 09:14:31 | INFO     | src.utils.notifications:send_message:63 | [GENERAL] 📡 交易信号
类型: SHORT
强度: MEDIUM
置信度: 0.85
价格: $599.42
原因: VWAP空头突破: 偏离-0.19%, MACD转负
2025-06-17 09:14:31 | INFO     | src.data.market_data:find_suitable_options:435 | 当前SPY价格: $601.40, 选择PUT期权行权价: $602
2025-06-17 09:14:31 | DEBUG    | src.data.market_data:_generate_option_symbol:470 | 生成期权代码: SPY250617P00602000 (行权价$602, 类型PUT)
2025-06-17 09:14:31 | INFO     | src.data.market_data:find_suitable_options:444 | 成功获取期权SPY250617P00602000的报价数据
2025-06-17 09:14:31 | ERROR    | src.trading.executor:find_best_option:192 | 查找最佳期权失败: 'contractSymbol'
2025-06-17 09:14:31 | WARNING  | src.bot.trading_bot:_check_signals:216 | 信号执行失败: SHORT
2025-06-17 09:14:32 | INFO     | src.trading.executor:update_account_info:125 | 账户更新: 总值$100396.42, 买入力$401585.68
2025-06-17 09:14:32 | DEBUG    | src.bot.trading_bot:_update_market_data:184 | 市场数据更新完成
2025-06-17 09:14:34 | INFO     | src.strategy.signals:generate_signals:468 | 生成信号: SHORT - VWAP空头突破: 偏离-0.19%, MACD转负
2025-06-17 09:14:34 | INFO     | src.bot.trading_bot:_check_signals:202 | 检测到信号: SHORT 置信度: 0.85 原因: VWAP空头突破: 偏离-0.19%, MACD转负
2025-06-17 09:14:34 | INFO     | src.utils.notifications:send_message:63 | [GENERAL] 📡 交易信号
类型: SHORT
强度: MEDIUM
置信度: 0.85
价格: $599.42
原因: VWAP空头突破: 偏离-0.19%, MACD转负
2025-06-17 09:14:34 | INFO     | src.data.market_data:find_suitable_options:435 | 当前SPY价格: $601.40, 选择PUT期权行权价: $602
2025-06-17 09:14:34 | DEBUG    | src.data.market_data:_generate_option_symbol:470 | 生成期权代码: SPY250617P00602000 (行权价$602, 类型PUT)
2025-06-17 09:14:34 | INFO     | src.data.market_data:find_suitable_options:444 | 成功获取期权SPY250617P00602000的报价数据
2025-06-17 09:14:34 | ERROR    | src.trading.executor:find_best_option:192 | 查找最佳期权失败: 'contractSymbol'
2025-06-17 09:14:34 | WARNING  | src.bot.trading_bot:_check_signals:216 | 信号执行失败: SHORT
2025-06-17 09:14:35 | INFO     | src.trading.executor:update_account_info:125 | 账户更新: 总值$100396.42, 买入力$401585.68
2025-06-17 09:14:35 | DEBUG    | src.bot.trading_bot:_update_market_data:184 | 市场数据更新完成
2025-06-17 09:14:38 | INFO     | src.strategy.signals:generate_signals:468 | 生成信号: SHORT - VWAP空头突破: 偏离-0.19%, MACD转负
2025-06-17 09:14:38 | INFO     | src.bot.trading_bot:_check_signals:202 | 检测到信号: SHORT 置信度: 0.85 原因: VWAP空头突破: 偏离-0.19%, MACD转负
2025-06-17 09:14:38 | INFO     | src.utils.notifications:send_message:63 | [GENERAL] 📡 交易信号
类型: SHORT
强度: MEDIUM
置信度: 0.85
价格: $599.42
原因: VWAP空头突破: 偏离-0.19%, MACD转负
2025-06-17 09:14:38 | INFO     | src.data.market_data:find_suitable_options:435 | 当前SPY价格: $601.40, 选择PUT期权行权价: $602
2025-06-17 09:14:38 | DEBUG    | src.data.market_data:_generate_option_symbol:470 | 生成期权代码: SPY250617P00602000 (行权价$602, 类型PUT)
2025-06-17 09:14:38 | INFO     | src.data.market_data:find_suitable_options:444 | 成功获取期权SPY250617P00602000的报价数据
2025-06-17 09:14:38 | ERROR    | src.trading.executor:find_best_option:192 | 查找最佳期权失败: 'contractSymbol'
2025-06-17 09:14:38 | WARNING  | src.bot.trading_bot:_check_signals:216 | 信号执行失败: SHORT
2025-06-17 09:14:39 | INFO     | src.trading.executor:update_account_info:125 | 账户更新: 总值$100396.42, 买入力$401585.68
2025-06-17 09:14:39 | DEBUG    | src.bot.trading_bot:_update_market_data:184 | 市场数据更新完成
2025-06-17 09:14:41 | INFO     | src.strategy.signals:generate_signals:468 | 生成信号: SHORT - VWAP空头突破: 偏离-0.19%, MACD转负
2025-06-17 09:14:41 | INFO     | src.bot.trading_bot:_check_signals:202 | 检测到信号: SHORT 置信度: 0.85 原因: VWAP空头突破: 偏离-0.19%, MACD转负
2025-06-17 09:14:41 | INFO     | src.utils.notifications:send_message:63 | [GENERAL] 📡 交易信号
类型: SHORT
强度: MEDIUM
置信度: 0.85
价格: $599.42
原因: VWAP空头突破: 偏离-0.19%, MACD转负
2025-06-17 09:14:41 | INFO     | src.data.market_data:find_suitable_options:435 | 当前SPY价格: $601.40, 选择PUT期权行权价: $602
2025-06-17 09:14:41 | DEBUG    | src.data.market_data:_generate_option_symbol:470 | 生成期权代码: SPY250617P00602000 (行权价$602, 类型PUT)
2025-06-17 09:14:41 | INFO     | src.data.market_data:find_suitable_options:444 | 成功获取期权SPY250617P00602000的报价数据
2025-06-17 09:14:41 | ERROR    | src.trading.executor:find_best_option:192 | 查找最佳期权失败: 'contractSymbol'
2025-06-17 09:14:41 | WARNING  | src.bot.trading_bot:_check_signals:216 | 信号执行失败: SHORT
2025-06-17 09:14:42 | INFO     | src.trading.executor:update_account_info:125 | 账户更新: 总值$100396.42, 买入力$401585.68
2025-06-17 09:14:42 | DEBUG    | src.bot.trading_bot:_update_market_data:184 | 市场数据更新完成
2025-06-17 09:14:45 | INFO     | src.strategy.signals:generate_signals:468 | 生成信号: SHORT - VWAP空头突破: 偏离-0.19%, MACD转负
2025-06-17 09:14:45 | INFO     | src.bot.trading_bot:_check_signals:202 | 检测到信号: SHORT 置信度: 0.85 原因: VWAP空头突破: 偏离-0.19%, MACD转负
2025-06-17 09:14:45 | INFO     | src.utils.notifications:send_message:63 | [GENERAL] 📡 交易信号
类型: SHORT
强度: MEDIUM
置信度: 0.85
价格: $599.42
原因: VWAP空头突破: 偏离-0.19%, MACD转负
2025-06-17 09:14:45 | INFO     | src.data.market_data:find_suitable_options:435 | 当前SPY价格: $601.40, 选择PUT期权行权价: $602
2025-06-17 09:14:45 | DEBUG    | src.data.market_data:_generate_option_symbol:470 | 生成期权代码: SPY250617P00602000 (行权价$602, 类型PUT)
2025-06-17 09:14:45 | INFO     | src.data.market_data:find_suitable_options:444 | 成功获取期权SPY250617P00602000的报价数据
2025-06-17 09:14:45 | ERROR    | src.trading.executor:find_best_option:192 | 查找最佳期权失败: 'contractSymbol'
2025-06-17 09:14:45 | WARNING  | src.bot.trading_bot:_check_signals:216 | 信号执行失败: SHORT
2025-06-17 09:14:45 | INFO     | src.trading.executor:update_account_info:125 | 账户更新: 总值$100396.42, 买入力$401585.68
2025-06-17 09:14:45 | DEBUG    | src.bot.trading_bot:_update_market_data:184 | 市场数据更新完成
2025-06-17 09:14:48 | INFO     | src.strategy.signals:generate_signals:468 | 生成信号: SHORT - VWAP空头突破: 偏离-0.19%, MACD转负
2025-06-17 09:14:48 | INFO     | src.bot.trading_bot:_check_signals:202 | 检测到信号: SHORT 置信度: 0.85 原因: VWAP空头突破: 偏离-0.19%, MACD转负
2025-06-17 09:14:48 | INFO     | src.utils.notifications:send_message:63 | [GENERAL] 📡 交易信号
类型: SHORT
强度: MEDIUM
置信度: 0.85
价格: $599.42
原因: VWAP空头突破: 偏离-0.19%, MACD转负
2025-06-17 09:14:48 | INFO     | src.data.market_data:find_suitable_options:435 | 当前SPY价格: $601.40, 选择PUT期权行权价: $602
2025-06-17 09:14:48 | DEBUG    | src.data.market_data:_generate_option_symbol:470 | 生成期权代码: SPY250617P00602000 (行权价$602, 类型PUT)
2025-06-17 09:14:48 | INFO     | src.data.market_data:find_suitable_options:444 | 成功获取期权SPY250617P00602000的报价数据
2025-06-17 09:14:48 | ERROR    | src.trading.executor:find_best_option:192 | 查找最佳期权失败: 'contractSymbol'
2025-06-17 09:14:48 | WARNING  | src.bot.trading_bot:_check_signals:216 | 信号执行失败: SHORT
2025-06-17 09:14:49 | INFO     | src.trading.executor:update_account_info:125 | 账户更新: 总值$100396.42, 买入力$401585.68
2025-06-17 09:14:49 | DEBUG    | src.bot.trading_bot:_update_market_data:184 | 市场数据更新完成
2025-06-17 09:14:52 | INFO     | src.strategy.signals:generate_signals:468 | 生成信号: SHORT - VWAP空头突破: 偏离-0.19%, MACD转负
2025-06-17 09:14:52 | INFO     | src.bot.trading_bot:_check_signals:202 | 检测到信号: SHORT 置信度: 0.85 原因: VWAP空头突破: 偏离-0.19%, MACD转负
2025-06-17 09:14:52 | INFO     | src.utils.notifications:send_message:63 | [GENERAL] 📡 交易信号
类型: SHORT
强度: MEDIUM
置信度: 0.85
价格: $599.42
原因: VWAP空头突破: 偏离-0.19%, MACD转负
2025-06-17 09:14:52 | INFO     | src.data.market_data:find_suitable_options:435 | 当前SPY价格: $601.40, 选择PUT期权行权价: $602
2025-06-17 09:14:52 | DEBUG    | src.data.market_data:_generate_option_symbol:470 | 生成期权代码: SPY250617P00602000 (行权价$602, 类型PUT)
2025-06-17 09:14:52 | INFO     | src.data.market_data:find_suitable_options:444 | 成功获取期权SPY250617P00602000的报价数据
2025-06-17 09:14:52 | ERROR    | src.trading.executor:find_best_option:192 | 查找最佳期权失败: 'contractSymbol'
2025-06-17 09:14:52 | WARNING  | src.bot.trading_bot:_check_signals:216 | 信号执行失败: SHORT
2025-06-17 09:14:53 | INFO     | src.trading.executor:update_account_info:125 | 账户更新: 总值$100396.42, 买入力$401585.68
2025-06-17 09:14:53 | DEBUG    | src.bot.trading_bot:_update_market_data:184 | 市场数据更新完成
2025-06-17 09:14:55 | INFO     | src.strategy.signals:generate_signals:468 | 生成信号: SHORT - VWAP空头突破: 偏离-0.19%, MACD转负
2025-06-17 09:14:55 | INFO     | src.bot.trading_bot:_check_signals:202 | 检测到信号: SHORT 置信度: 0.85 原因: VWAP空头突破: 偏离-0.19%, MACD转负
2025-06-17 09:14:55 | INFO     | src.utils.notifications:send_message:63 | [GENERAL] 📡 交易信号
类型: SHORT
强度: MEDIUM
置信度: 0.85
价格: $599.42
原因: VWAP空头突破: 偏离-0.19%, MACD转负
2025-06-17 09:14:55 | INFO     | src.data.market_data:find_suitable_options:435 | 当前SPY价格: $601.40, 选择PUT期权行权价: $602
2025-06-17 09:14:55 | DEBUG    | src.data.market_data:_generate_option_symbol:470 | 生成期权代码: SPY250617P00602000 (行权价$602, 类型PUT)
2025-06-17 09:14:55 | INFO     | src.data.market_data:find_suitable_options:444 | 成功获取期权SPY250617P00602000的报价数据
2025-06-17 09:14:55 | ERROR    | src.trading.executor:find_best_option:192 | 查找最佳期权失败: 'contractSymbol'
2025-06-17 09:14:55 | WARNING  | src.bot.trading_bot:_check_signals:216 | 信号执行失败: SHORT
2025-06-17 09:14:56 | INFO     | src.trading.executor:update_account_info:125 | 账户更新: 总值$100396.42, 买入力$401585.68
2025-06-17 09:14:56 | DEBUG    | src.bot.trading_bot:_update_market_data:184 | 市场数据更新完成
2025-06-17 09:14:59 | INFO     | src.strategy.signals:generate_signals:468 | 生成信号: SHORT - VWAP空头突破: 偏离-0.19%, MACD转负
2025-06-17 09:14:59 | INFO     | src.bot.trading_bot:_check_signals:202 | 检测到信号: SHORT 置信度: 0.85 原因: VWAP空头突破: 偏离-0.19%, MACD转负
2025-06-17 09:14:59 | INFO     | src.utils.notifications:send_message:63 | [GENERAL] 📡 交易信号
类型: SHORT
强度: MEDIUM
置信度: 0.85
价格: $599.42
原因: VWAP空头突破: 偏离-0.19%, MACD转负
2025-06-17 09:14:59 | INFO     | src.data.market_data:find_suitable_options:435 | 当前SPY价格: $601.43, 选择PUT期权行权价: $602
2025-06-17 09:14:59 | DEBUG    | src.data.market_data:_generate_option_symbol:470 | 生成期权代码: SPY250617P00602000 (行权价$602, 类型PUT)
2025-06-17 09:14:59 | INFO     | src.data.market_data:find_suitable_options:444 | 成功获取期权SPY250617P00602000的报价数据
2025-06-17 09:14:59 | ERROR    | src.trading.executor:find_best_option:192 | 查找最佳期权失败: 'contractSymbol'
2025-06-17 09:14:59 | WARNING  | src.bot.trading_bot:_check_signals:216 | 信号执行失败: SHORT
2025-06-17 09:14:59 | DEBUG    | src.bot.trading_bot:_update_positions_normal:259 | 📊 常规头寸更新完成
2025-06-17 09:15:00 | INFO     | src.trading.executor:update_account_info:125 | 账户更新: 总值$100396.42, 买入力$401585.68
2025-06-17 09:15:00 | DEBUG    | src.bot.trading_bot:_update_market_data:184 | 市场数据更新完成
2025-06-17 09:15:02 | INFO     | src.strategy.signals:generate_signals:468 | 生成信号: SHORT - VWAP空头突破: 偏离-0.19%, MACD转负
2025-06-17 09:15:02 | INFO     | src.bot.trading_bot:_check_signals:202 | 检测到信号: SHORT 置信度: 0.85 原因: VWAP空头突破: 偏离-0.19%, MACD转负
2025-06-17 09:15:02 | INFO     | src.utils.notifications:send_message:63 | [GENERAL] 📡 交易信号
类型: SHORT
强度: MEDIUM
置信度: 0.85
价格: $599.42
原因: VWAP空头突破: 偏离-0.19%, MACD转负
2025-06-17 09:15:02 | INFO     | src.data.market_data:find_suitable_options:435 | 当前SPY价格: $601.43, 选择PUT期权行权价: $602
2025-06-17 09:15:02 | DEBUG    | src.data.market_data:_generate_option_symbol:470 | 生成期权代码: SPY250617P00602000 (行权价$602, 类型PUT)
2025-06-17 09:15:02 | INFO     | src.data.market_data:find_suitable_options:444 | 成功获取期权SPY250617P00602000的报价数据
2025-06-17 09:15:02 | ERROR    | src.trading.executor:find_best_option:192 | 查找最佳期权失败: 'contractSymbol'
2025-06-17 09:15:02 | WARNING  | src.bot.trading_bot:_check_signals:216 | 信号执行失败: SHORT
2025-06-17 09:15:03 | INFO     | src.trading.executor:update_account_info:125 | 账户更新: 总值$100396.42, 买入力$401585.68
2025-06-17 09:15:03 | DEBUG    | src.bot.trading_bot:_update_market_data:184 | 市场数据更新完成
2025-06-17 09:15:06 | INFO     | src.strategy.signals:generate_signals:468 | 生成信号: SHORT - VWAP空头突破: 偏离-0.19%, MACD转负
2025-06-17 09:15:06 | INFO     | src.bot.trading_bot:_check_signals:202 | 检测到信号: SHORT 置信度: 0.85 原因: VWAP空头突破: 偏离-0.19%, MACD转负
2025-06-17 09:15:06 | INFO     | src.utils.notifications:send_message:63 | [GENERAL] 📡 交易信号
类型: SHORT
强度: MEDIUM
置信度: 0.85
价格: $599.42
原因: VWAP空头突破: 偏离-0.19%, MACD转负
2025-06-17 09:15:06 | INFO     | src.data.market_data:find_suitable_options:435 | 当前SPY价格: $601.48, 选择PUT期权行权价: $602
2025-06-17 09:15:06 | DEBUG    | src.data.market_data:_generate_option_symbol:470 | 生成期权代码: SPY250617P00602000 (行权价$602, 类型PUT)
2025-06-17 09:15:06 | INFO     | src.data.market_data:find_suitable_options:444 | 成功获取期权SPY250617P00602000的报价数据
2025-06-17 09:15:06 | ERROR    | src.trading.executor:find_best_option:192 | 查找最佳期权失败: 'contractSymbol'
2025-06-17 09:15:06 | WARNING  | src.bot.trading_bot:_check_signals:216 | 信号执行失败: SHORT
2025-06-17 09:15:06 | INFO     | src.trading.executor:update_account_info:125 | 账户更新: 总值$100396.42, 买入力$401585.68
2025-06-17 09:15:06 | DEBUG    | src.bot.trading_bot:_update_market_data:184 | 市场数据更新完成
2025-06-17 09:15:09 | INFO     | src.strategy.signals:generate_signals:468 | 生成信号: SHORT - VWAP空头突破: 偏离-0.19%, MACD转负
2025-06-17 09:15:09 | INFO     | src.bot.trading_bot:_check_signals:202 | 检测到信号: SHORT 置信度: 0.85 原因: VWAP空头突破: 偏离-0.19%, MACD转负
2025-06-17 09:15:09 | INFO     | src.utils.notifications:send_message:63 | [GENERAL] 📡 交易信号
类型: SHORT
强度: MEDIUM
置信度: 0.85
价格: $599.42
原因: VWAP空头突破: 偏离-0.19%, MACD转负
2025-06-17 09:15:09 | INFO     | src.data.market_data:find_suitable_options:435 | 当前SPY价格: $601.48, 选择PUT期权行权价: $602
2025-06-17 09:15:09 | DEBUG    | src.data.market_data:_generate_option_symbol:470 | 生成期权代码: SPY250617P00602000 (行权价$602, 类型PUT)
2025-06-17 09:15:09 | INFO     | src.data.market_data:find_suitable_options:444 | 成功获取期权SPY250617P00602000的报价数据
2025-06-17 09:15:09 | ERROR    | src.trading.executor:find_best_option:192 | 查找最佳期权失败: 'contractSymbol'
2025-06-17 09:15:09 | WARNING  | src.bot.trading_bot:_check_signals:216 | 信号执行失败: SHORT
2025-06-17 09:15:10 | INFO     | src.trading.executor:update_account_info:125 | 账户更新: 总值$100396.42, 买入力$401585.68
2025-06-17 09:15:10 | DEBUG    | src.bot.trading_bot:_update_market_data:184 | 市场数据更新完成
2025-06-17 09:15:13 | INFO     | src.strategy.signals:generate_signals:468 | 生成信号: SHORT - VWAP空头突破: 偏离-0.19%, MACD转负
2025-06-17 09:15:13 | INFO     | src.bot.trading_bot:_check_signals:202 | 检测到信号: SHORT 置信度: 0.85 原因: VWAP空头突破: 偏离-0.19%, MACD转负
2025-06-17 09:15:13 | INFO     | src.utils.notifications:send_message:63 | [GENERAL] 📡 交易信号
类型: SHORT
强度: MEDIUM
置信度: 0.85
价格: $599.42
原因: VWAP空头突破: 偏离-0.19%, MACD转负
2025-06-17 09:15:13 | INFO     | src.data.market_data:find_suitable_options:435 | 当前SPY价格: $601.48, 选择PUT期权行权价: $602
2025-06-17 09:15:13 | DEBUG    | src.data.market_data:_generate_option_symbol:470 | 生成期权代码: SPY250617P00602000 (行权价$602, 类型PUT)
2025-06-17 09:15:13 | INFO     | src.data.market_data:find_suitable_options:444 | 成功获取期权SPY250617P00602000的报价数据
2025-06-17 09:15:13 | ERROR    | src.trading.executor:find_best_option:192 | 查找最佳期权失败: 'contractSymbol'
2025-06-17 09:15:13 | WARNING  | src.bot.trading_bot:_check_signals:216 | 信号执行失败: SHORT
2025-06-17 09:15:13 | INFO     | src.trading.executor:update_account_info:125 | 账户更新: 总值$100396.42, 买入力$401585.68
2025-06-17 09:15:13 | DEBUG    | src.bot.trading_bot:_update_market_data:184 | 市场数据更新完成
2025-06-17 09:15:16 | INFO     | src.strategy.signals:generate_signals:468 | 生成信号: SHORT - VWAP空头突破: 偏离-0.19%, MACD转负
2025-06-17 09:15:16 | INFO     | src.bot.trading_bot:_check_signals:202 | 检测到信号: SHORT 置信度: 0.85 原因: VWAP空头突破: 偏离-0.19%, MACD转负
2025-06-17 09:15:16 | INFO     | src.utils.notifications:send_message:63 | [GENERAL] 📡 交易信号
类型: SHORT
强度: MEDIUM
置信度: 0.85
价格: $599.42
原因: VWAP空头突破: 偏离-0.19%, MACD转负
2025-06-17 09:15:16 | INFO     | src.data.market_data:find_suitable_options:435 | 当前SPY价格: $601.48, 选择PUT期权行权价: $602
2025-06-17 09:15:16 | DEBUG    | src.data.market_data:_generate_option_symbol:470 | 生成期权代码: SPY250617P00602000 (行权价$602, 类型PUT)
2025-06-17 09:15:16 | INFO     | src.data.market_data:find_suitable_options:444 | 成功获取期权SPY250617P00602000的报价数据
2025-06-17 09:15:16 | ERROR    | src.trading.executor:find_best_option:192 | 查找最佳期权失败: 'contractSymbol'
2025-06-17 09:15:16 | WARNING  | src.bot.trading_bot:_check_signals:216 | 信号执行失败: SHORT
2025-06-17 09:15:17 | INFO     | src.trading.executor:update_account_info:125 | 账户更新: 总值$100396.42, 买入力$401585.68
2025-06-17 09:15:17 | DEBUG    | src.bot.trading_bot:_update_market_data:184 | 市场数据更新完成
2025-06-17 09:15:19 | INFO     | src.strategy.signals:generate_signals:468 | 生成信号: SHORT - VWAP空头突破: 偏离-0.19%, MACD转负
2025-06-17 09:15:19 | INFO     | src.bot.trading_bot:_check_signals:202 | 检测到信号: SHORT 置信度: 0.85 原因: VWAP空头突破: 偏离-0.19%, MACD转负
2025-06-17 09:15:19 | INFO     | src.utils.notifications:send_message:63 | [GENERAL] 📡 交易信号
类型: SHORT
强度: MEDIUM
置信度: 0.85
价格: $599.42
原因: VWAP空头突破: 偏离-0.19%, MACD转负
2025-06-17 09:15:19 | INFO     | src.data.market_data:find_suitable_options:435 | 当前SPY价格: $601.48, 选择PUT期权行权价: $602
2025-06-17 09:15:19 | DEBUG    | src.data.market_data:_generate_option_symbol:470 | 生成期权代码: SPY250617P00602000 (行权价$602, 类型PUT)
2025-06-17 09:15:20 | INFO     | src.data.market_data:find_suitable_options:444 | 成功获取期权SPY250617P00602000的报价数据
2025-06-17 09:15:20 | ERROR    | src.trading.executor:find_best_option:192 | 查找最佳期权失败: 'contractSymbol'
2025-06-17 09:15:20 | WARNING  | src.bot.trading_bot:_check_signals:216 | 信号执行失败: SHORT
2025-06-17 09:15:20 | INFO     | src.trading.executor:update_account_info:125 | 账户更新: 总值$100396.42, 买入力$401585.68
2025-06-17 09:15:20 | DEBUG    | src.bot.trading_bot:_update_market_data:184 | 市场数据更新完成
2025-06-17 09:15:23 | INFO     | src.strategy.signals:generate_signals:468 | 生成信号: SHORT - VWAP空头突破: 偏离-0.19%, MACD转负
2025-06-17 09:15:23 | INFO     | src.bot.trading_bot:_check_signals:202 | 检测到信号: SHORT 置信度: 0.85 原因: VWAP空头突破: 偏离-0.19%, MACD转负
2025-06-17 09:15:23 | INFO     | src.utils.notifications:send_message:63 | [GENERAL] 📡 交易信号
类型: SHORT
强度: MEDIUM
置信度: 0.85
价格: $599.42
原因: VWAP空头突破: 偏离-0.19%, MACD转负
2025-06-17 09:15:23 | INFO     | src.data.market_data:find_suitable_options:435 | 当前SPY价格: $601.48, 选择PUT期权行权价: $602
2025-06-17 09:15:23 | DEBUG    | src.data.market_data:_generate_option_symbol:470 | 生成期权代码: SPY250617P00602000 (行权价$602, 类型PUT)
2025-06-17 09:15:23 | INFO     | src.data.market_data:find_suitable_options:444 | 成功获取期权SPY250617P00602000的报价数据
2025-06-17 09:15:23 | ERROR    | src.trading.executor:find_best_option:192 | 查找最佳期权失败: 'contractSymbol'
2025-06-17 09:15:23 | WARNING  | src.bot.trading_bot:_check_signals:216 | 信号执行失败: SHORT
2025-06-17 09:15:24 | INFO     | src.trading.executor:update_account_info:125 | 账户更新: 总值$100396.42, 买入力$401585.68
2025-06-17 09:15:24 | DEBUG    | src.bot.trading_bot:_update_market_data:184 | 市场数据更新完成
2025-06-17 09:15:27 | INFO     | src.strategy.signals:generate_signals:468 | 生成信号: SHORT - VWAP空头突破: 偏离-0.19%, MACD转负
2025-06-17 09:15:27 | INFO     | src.bot.trading_bot:_check_signals:202 | 检测到信号: SHORT 置信度: 0.85 原因: VWAP空头突破: 偏离-0.19%, MACD转负
2025-06-17 09:15:27 | INFO     | src.utils.notifications:send_message:63 | [GENERAL] 📡 交易信号
类型: SHORT
强度: MEDIUM
置信度: 0.85
价格: $599.42
原因: VWAP空头突破: 偏离-0.19%, MACD转负
2025-06-17 09:15:27 | INFO     | src.data.market_data:find_suitable_options:435 | 当前SPY价格: $601.48, 选择PUT期权行权价: $602
2025-06-17 09:15:27 | DEBUG    | src.data.market_data:_generate_option_symbol:470 | 生成期权代码: SPY250617P00602000 (行权价$602, 类型PUT)
2025-06-17 09:15:27 | INFO     | src.data.market_data:find_suitable_options:444 | 成功获取期权SPY250617P00602000的报价数据
2025-06-17 09:15:27 | ERROR    | src.trading.executor:find_best_option:192 | 查找最佳期权失败: 'contractSymbol'
2025-06-17 09:15:27 | WARNING  | src.bot.trading_bot:_check_signals:216 | 信号执行失败: SHORT
2025-06-17 09:15:27 | INFO     | src.trading.executor:update_account_info:125 | 账户更新: 总值$100396.42, 买入力$401585.68
2025-06-17 09:15:27 | DEBUG    | src.bot.trading_bot:_update_market_data:184 | 市场数据更新完成
2025-06-17 09:15:30 | INFO     | src.strategy.signals:generate_signals:468 | 生成信号: SHORT - VWAP空头突破: 偏离-0.19%, MACD转负
2025-06-17 09:15:30 | INFO     | src.bot.trading_bot:_check_signals:202 | 检测到信号: SHORT 置信度: 0.85 原因: VWAP空头突破: 偏离-0.19%, MACD转负
2025-06-17 09:15:30 | INFO     | src.utils.notifications:send_message:63 | [GENERAL] 📡 交易信号
类型: SHORT
强度: MEDIUM
置信度: 0.85
价格: $599.42
原因: VWAP空头突破: 偏离-0.19%, MACD转负
2025-06-17 09:15:30 | INFO     | src.data.market_data:find_suitable_options:435 | 当前SPY价格: $601.48, 选择PUT期权行权价: $602
2025-06-17 09:15:30 | DEBUG    | src.data.market_data:_generate_option_symbol:470 | 生成期权代码: SPY250617P00602000 (行权价$602, 类型PUT)
2025-06-17 09:15:30 | INFO     | src.data.market_data:find_suitable_options:444 | 成功获取期权SPY250617P00602000的报价数据
2025-06-17 09:15:30 | ERROR    | src.trading.executor:find_best_option:192 | 查找最佳期权失败: 'contractSymbol'
2025-06-17 09:15:30 | WARNING  | src.bot.trading_bot:_check_signals:216 | 信号执行失败: SHORT
2025-06-17 09:15:31 | INFO     | src.trading.executor:update_account_info:125 | 账户更新: 总值$100396.42, 买入力$401585.68
2025-06-17 09:15:31 | DEBUG    | src.bot.trading_bot:_update_market_data:184 | 市场数据更新完成
2025-06-17 09:15:33 | INFO     | src.strategy.signals:generate_signals:468 | 生成信号: SHORT - VWAP空头突破: 偏离-0.19%, MACD转负
2025-06-17 09:15:33 | INFO     | src.bot.trading_bot:_check_signals:202 | 检测到信号: SHORT 置信度: 0.85 原因: VWAP空头突破: 偏离-0.19%, MACD转负
2025-06-17 09:15:33 | INFO     | src.utils.notifications:send_message:63 | [GENERAL] 📡 交易信号
类型: SHORT
强度: MEDIUM
置信度: 0.85
价格: $599.42
原因: VWAP空头突破: 偏离-0.19%, MACD转负
2025-06-17 09:15:33 | INFO     | src.data.market_data:find_suitable_options:435 | 当前SPY价格: $601.48, 选择PUT期权行权价: $602
2025-06-17 09:15:33 | DEBUG    | src.data.market_data:_generate_option_symbol:470 | 生成期权代码: SPY250617P00602000 (行权价$602, 类型PUT)
2025-06-17 09:15:34 | INFO     | src.data.market_data:find_suitable_options:444 | 成功获取期权SPY250617P00602000的报价数据
2025-06-17 09:15:34 | ERROR    | src.trading.executor:find_best_option:192 | 查找最佳期权失败: 'contractSymbol'
2025-06-17 09:15:34 | WARNING  | src.bot.trading_bot:_check_signals:216 | 信号执行失败: SHORT
2025-06-17 09:15:34 | INFO     | src.trading.executor:update_account_info:125 | 账户更新: 总值$100396.42, 买入力$401585.68
2025-06-17 09:15:34 | DEBUG    | src.bot.trading_bot:_update_market_data:184 | 市场数据更新完成
2025-06-17 09:15:37 | INFO     | src.strategy.signals:generate_signals:468 | 生成信号: SHORT - VWAP空头突破: 偏离-0.19%, MACD转负
2025-06-17 09:15:37 | INFO     | src.bot.trading_bot:_check_signals:202 | 检测到信号: SHORT 置信度: 0.85 原因: VWAP空头突破: 偏离-0.19%, MACD转负
2025-06-17 09:15:37 | INFO     | src.utils.notifications:send_message:63 | [GENERAL] 📡 交易信号
类型: SHORT
强度: MEDIUM
置信度: 0.85
价格: $599.42
原因: VWAP空头突破: 偏离-0.19%, MACD转负
2025-06-17 09:15:37 | INFO     | src.data.market_data:find_suitable_options:435 | 当前SPY价格: $601.48, 选择PUT期权行权价: $602
2025-06-17 09:15:37 | DEBUG    | src.data.market_data:_generate_option_symbol:470 | 生成期权代码: SPY250617P00602000 (行权价$602, 类型PUT)
2025-06-17 09:15:37 | INFO     | src.data.market_data:find_suitable_options:444 | 成功获取期权SPY250617P00602000的报价数据
2025-06-17 09:15:37 | ERROR    | src.trading.executor:find_best_option:192 | 查找最佳期权失败: 'contractSymbol'
2025-06-17 09:15:37 | WARNING  | src.bot.trading_bot:_check_signals:216 | 信号执行失败: SHORT
2025-06-17 09:15:38 | INFO     | src.trading.executor:update_account_info:125 | 账户更新: 总值$100396.42, 买入力$401585.68
2025-06-17 09:15:38 | DEBUG    | src.bot.trading_bot:_update_market_data:184 | 市场数据更新完成
2025-06-17 09:15:40 | INFO     | src.strategy.signals:generate_signals:468 | 生成信号: SHORT - VWAP空头突破: 偏离-0.19%, MACD转负
2025-06-17 09:15:40 | INFO     | src.bot.trading_bot:_check_signals:202 | 检测到信号: SHORT 置信度: 0.85 原因: VWAP空头突破: 偏离-0.19%, MACD转负
2025-06-17 09:15:40 | INFO     | src.utils.notifications:send_message:63 | [GENERAL] 📡 交易信号
类型: SHORT
强度: MEDIUM
置信度: 0.85
价格: $599.42
原因: VWAP空头突破: 偏离-0.19%, MACD转负
2025-06-17 09:15:40 | INFO     | src.data.market_data:find_suitable_options:435 | 当前SPY价格: $601.48, 选择PUT期权行权价: $602
2025-06-17 09:15:40 | DEBUG    | src.data.market_data:_generate_option_symbol:470 | 生成期权代码: SPY250617P00602000 (行权价$602, 类型PUT)
2025-06-17 09:15:41 | INFO     | src.data.market_data:find_suitable_options:444 | 成功获取期权SPY250617P00602000的报价数据
2025-06-17 09:15:41 | ERROR    | src.trading.executor:find_best_option:192 | 查找最佳期权失败: 'contractSymbol'
2025-06-17 09:15:41 | WARNING  | src.bot.trading_bot:_check_signals:216 | 信号执行失败: SHORT
2025-06-17 09:15:41 | INFO     | src.trading.executor:update_account_info:125 | 账户更新: 总值$100396.42, 买入力$401585.68
2025-06-17 09:15:41 | DEBUG    | src.bot.trading_bot:_update_market_data:184 | 市场数据更新完成
2025-06-17 09:15:44 | INFO     | src.strategy.signals:generate_signals:468 | 生成信号: SHORT - VWAP空头突破: 偏离-0.19%, MACD转负
2025-06-17 09:15:44 | INFO     | src.bot.trading_bot:_check_signals:202 | 检测到信号: SHORT 置信度: 0.85 原因: VWAP空头突破: 偏离-0.19%, MACD转负
2025-06-17 09:15:44 | INFO     | src.utils.notifications:send_message:63 | [GENERAL] 📡 交易信号
类型: SHORT
强度: MEDIUM
置信度: 0.85
价格: $599.42
原因: VWAP空头突破: 偏离-0.19%, MACD转负
2025-06-17 09:15:44 | INFO     | src.data.market_data:find_suitable_options:435 | 当前SPY价格: $601.48, 选择PUT期权行权价: $602
2025-06-17 09:15:44 | DEBUG    | src.data.market_data:_generate_option_symbol:470 | 生成期权代码: SPY250617P00602000 (行权价$602, 类型PUT)
2025-06-17 09:15:44 | INFO     | src.data.market_data:find_suitable_options:444 | 成功获取期权SPY250617P00602000的报价数据
2025-06-17 09:15:44 | ERROR    | src.trading.executor:find_best_option:192 | 查找最佳期权失败: 'contractSymbol'
2025-06-17 09:15:44 | WARNING  | src.bot.trading_bot:_check_signals:216 | 信号执行失败: SHORT
2025-06-17 09:15:45 | INFO     | src.trading.executor:update_account_info:125 | 账户更新: 总值$100396.42, 买入力$401585.68
2025-06-17 09:15:45 | DEBUG    | src.bot.trading_bot:_update_market_data:184 | 市场数据更新完成
2025-06-17 09:15:47 | INFO     | src.strategy.signals:generate_signals:468 | 生成信号: SHORT - VWAP空头突破: 偏离-0.19%, MACD转负
2025-06-17 09:15:47 | INFO     | src.bot.trading_bot:_check_signals:202 | 检测到信号: SHORT 置信度: 0.85 原因: VWAP空头突破: 偏离-0.19%, MACD转负
2025-06-17 09:15:47 | INFO     | src.utils.notifications:send_message:63 | [GENERAL] 📡 交易信号
类型: SHORT
强度: MEDIUM
置信度: 0.85
价格: $599.42
原因: VWAP空头突破: 偏离-0.19%, MACD转负
2025-06-17 09:15:47 | INFO     | src.data.market_data:find_suitable_options:435 | 当前SPY价格: $601.48, 选择PUT期权行权价: $602
2025-06-17 09:15:47 | DEBUG    | src.data.market_data:_generate_option_symbol:470 | 生成期权代码: SPY250617P00602000 (行权价$602, 类型PUT)
2025-06-17 09:15:48 | INFO     | src.data.market_data:find_suitable_options:444 | 成功获取期权SPY250617P00602000的报价数据
2025-06-17 09:15:48 | ERROR    | src.trading.executor:find_best_option:192 | 查找最佳期权失败: 'contractSymbol'
2025-06-17 09:15:48 | WARNING  | src.bot.trading_bot:_check_signals:216 | 信号执行失败: SHORT
2025-06-17 09:15:48 | INFO     | src.trading.executor:update_account_info:125 | 账户更新: 总值$100396.42, 买入力$401585.68
2025-06-17 09:15:48 | DEBUG    | src.bot.trading_bot:_update_market_data:184 | 市场数据更新完成
2025-06-17 09:15:51 | INFO     | src.strategy.signals:generate_signals:468 | 生成信号: SHORT - VWAP空头突破: 偏离-0.19%, MACD转负
2025-06-17 09:15:51 | INFO     | src.bot.trading_bot:_check_signals:202 | 检测到信号: SHORT 置信度: 0.85 原因: VWAP空头突破: 偏离-0.19%, MACD转负
2025-06-17 09:15:51 | INFO     | src.utils.notifications:send_message:63 | [GENERAL] 📡 交易信号
类型: SHORT
强度: MEDIUM
置信度: 0.85
价格: $599.42
原因: VWAP空头突破: 偏离-0.19%, MACD转负
2025-06-17 09:15:51 | INFO     | src.data.market_data:find_suitable_options:435 | 当前SPY价格: $601.48, 选择PUT期权行权价: $602
2025-06-17 09:15:51 | DEBUG    | src.data.market_data:_generate_option_symbol:470 | 生成期权代码: SPY250617P00602000 (行权价$602, 类型PUT)
2025-06-17 09:15:51 | INFO     | src.data.market_data:find_suitable_options:444 | 成功获取期权SPY250617P00602000的报价数据
2025-06-17 09:15:51 | ERROR    | src.trading.executor:find_best_option:192 | 查找最佳期权失败: 'contractSymbol'
2025-06-17 09:15:51 | WARNING  | src.bot.trading_bot:_check_signals:216 | 信号执行失败: SHORT
2025-06-17 09:15:52 | INFO     | src.trading.executor:update_account_info:125 | 账户更新: 总值$100396.42, 买入力$401585.68
2025-06-17 09:15:52 | DEBUG    | src.bot.trading_bot:_update_market_data:184 | 市场数据更新完成
2025-06-17 09:15:54 | INFO     | src.strategy.signals:generate_signals:468 | 生成信号: SHORT - VWAP空头突破: 偏离-0.19%, MACD转负
2025-06-17 09:15:54 | INFO     | src.bot.trading_bot:_check_signals:202 | 检测到信号: SHORT 置信度: 0.85 原因: VWAP空头突破: 偏离-0.19%, MACD转负
2025-06-17 09:15:54 | INFO     | src.utils.notifications:send_message:63 | [GENERAL] 📡 交易信号
类型: SHORT
强度: MEDIUM
置信度: 0.85
价格: $599.42
原因: VWAP空头突破: 偏离-0.19%, MACD转负
2025-06-17 09:15:55 | INFO     | src.data.market_data:find_suitable_options:435 | 当前SPY价格: $601.40, 选择PUT期权行权价: $602
2025-06-17 09:15:55 | DEBUG    | src.data.market_data:_generate_option_symbol:470 | 生成期权代码: SPY250617P00602000 (行权价$602, 类型PUT)
2025-06-17 09:15:55 | INFO     | src.data.market_data:find_suitable_options:444 | 成功获取期权SPY250617P00602000的报价数据
2025-06-17 09:15:55 | ERROR    | src.trading.executor:find_best_option:192 | 查找最佳期权失败: 'contractSymbol'
2025-06-17 09:15:55 | WARNING  | src.bot.trading_bot:_check_signals:216 | 信号执行失败: SHORT
2025-06-17 09:15:55 | INFO     | src.trading.executor:update_account_info:125 | 账户更新: 总值$100396.42, 买入力$401585.68
2025-06-17 09:15:55 | DEBUG    | src.bot.trading_bot:_update_market_data:184 | 市场数据更新完成
2025-06-17 09:15:58 | INFO     | src.strategy.signals:generate_signals:468 | 生成信号: SHORT - VWAP空头突破: 偏离-0.19%, MACD转负
2025-06-17 09:15:58 | INFO     | src.bot.trading_bot:_check_signals:202 | 检测到信号: SHORT 置信度: 0.85 原因: VWAP空头突破: 偏离-0.19%, MACD转负
2025-06-17 09:15:58 | INFO     | src.utils.notifications:send_message:63 | [GENERAL] 📡 交易信号
类型: SHORT
强度: MEDIUM
置信度: 0.85
价格: $599.42
原因: VWAP空头突破: 偏离-0.19%, MACD转负
2025-06-17 09:15:58 | INFO     | src.data.market_data:find_suitable_options:435 | 当前SPY价格: $601.40, 选择PUT期权行权价: $602
2025-06-17 09:15:58 | DEBUG    | src.data.market_data:_generate_option_symbol:470 | 生成期权代码: SPY250617P00602000 (行权价$602, 类型PUT)
2025-06-17 09:15:58 | INFO     | src.data.market_data:find_suitable_options:444 | 成功获取期权SPY250617P00602000的报价数据
2025-06-17 09:15:58 | ERROR    | src.trading.executor:find_best_option:192 | 查找最佳期权失败: 'contractSymbol'
2025-06-17 09:15:58 | WARNING  | src.bot.trading_bot:_check_signals:216 | 信号执行失败: SHORT
2025-06-17 09:15:59 | INFO     | src.trading.executor:update_account_info:125 | 账户更新: 总值$100396.42, 买入力$401585.68
2025-06-17 09:15:59 | DEBUG    | src.bot.trading_bot:_update_market_data:184 | 市场数据更新完成
2025-06-17 09:15:59 | DEBUG    | src.bot.trading_bot:_update_positions_normal:259 | 📊 常规头寸更新完成
2025-06-17 09:16:01 | INFO     | src.strategy.signals:generate_signals:468 | 生成信号: SHORT - VWAP空头突破: 偏离-0.19%, MACD转负
2025-06-17 09:16:01 | INFO     | src.bot.trading_bot:_check_signals:202 | 检测到信号: SHORT 置信度: 0.85 原因: VWAP空头突破: 偏离-0.19%, MACD转负
2025-06-17 09:16:01 | INFO     | src.utils.notifications:send_message:63 | [GENERAL] 📡 交易信号
类型: SHORT
强度: MEDIUM
置信度: 0.85
价格: $599.42
原因: VWAP空头突破: 偏离-0.19%, MACD转负
2025-06-17 09:16:01 | INFO     | src.data.market_data:find_suitable_options:435 | 当前SPY价格: $601.36, 选择PUT期权行权价: $602
2025-06-17 09:16:01 | DEBUG    | src.data.market_data:_generate_option_symbol:470 | 生成期权代码: SPY250617P00602000 (行权价$602, 类型PUT)
2025-06-17 09:16:02 | INFO     | src.data.market_data:find_suitable_options:444 | 成功获取期权SPY250617P00602000的报价数据
2025-06-17 09:16:02 | ERROR    | src.trading.executor:find_best_option:192 | 查找最佳期权失败: 'contractSymbol'
2025-06-17 09:16:02 | WARNING  | src.bot.trading_bot:_check_signals:216 | 信号执行失败: SHORT
2025-06-17 09:16:02 | INFO     | src.trading.executor:update_account_info:125 | 账户更新: 总值$100396.42, 买入力$401585.68
2025-06-17 09:16:02 | DEBUG    | src.bot.trading_bot:_update_market_data:184 | 市场数据更新完成
2025-06-17 09:16:05 | INFO     | src.strategy.signals:generate_signals:468 | 生成信号: SHORT - VWAP空头突破: 偏离-0.19%, MACD转负
2025-06-17 09:16:05 | INFO     | src.bot.trading_bot:_check_signals:202 | 检测到信号: SHORT 置信度: 0.85 原因: VWAP空头突破: 偏离-0.19%, MACD转负
2025-06-17 09:16:05 | INFO     | src.utils.notifications:send_message:63 | [GENERAL] 📡 交易信号
类型: SHORT
强度: MEDIUM
置信度: 0.85
价格: $599.42
原因: VWAP空头突破: 偏离-0.19%, MACD转负
2025-06-17 09:16:05 | INFO     | src.data.market_data:find_suitable_options:435 | 当前SPY价格: $601.36, 选择PUT期权行权价: $602
2025-06-17 09:16:05 | DEBUG    | src.data.market_data:_generate_option_symbol:470 | 生成期权代码: SPY250617P00602000 (行权价$602, 类型PUT)
2025-06-17 09:16:05 | INFO     | src.data.market_data:find_suitable_options:444 | 成功获取期权SPY250617P00602000的报价数据
2025-06-17 09:16:05 | ERROR    | src.trading.executor:find_best_option:192 | 查找最佳期权失败: 'contractSymbol'
2025-06-17 09:16:05 | WARNING  | src.bot.trading_bot:_check_signals:216 | 信号执行失败: SHORT
2025-06-17 09:16:06 | INFO     | src.trading.executor:update_account_info:125 | 账户更新: 总值$100396.42, 买入力$401585.68
2025-06-17 09:16:06 | DEBUG    | src.bot.trading_bot:_update_market_data:184 | 市场数据更新完成
2025-06-17 09:16:08 | INFO     | src.strategy.signals:generate_signals:468 | 生成信号: SHORT - VWAP空头突破: 偏离-0.19%, MACD转负
2025-06-17 09:16:08 | INFO     | src.bot.trading_bot:_check_signals:202 | 检测到信号: SHORT 置信度: 0.85 原因: VWAP空头突破: 偏离-0.19%, MACD转负
2025-06-17 09:16:08 | INFO     | src.utils.notifications:send_message:63 | [GENERAL] 📡 交易信号
类型: SHORT
强度: MEDIUM
置信度: 0.85
价格: $599.42
原因: VWAP空头突破: 偏离-0.19%, MACD转负
2025-06-17 09:16:08 | INFO     | src.data.market_data:find_suitable_options:435 | 当前SPY价格: $601.36, 选择PUT期权行权价: $602
2025-06-17 09:16:08 | DEBUG    | src.data.market_data:_generate_option_symbol:470 | 生成期权代码: SPY250617P00602000 (行权价$602, 类型PUT)
2025-06-17 09:16:09 | INFO     | src.data.market_data:find_suitable_options:444 | 成功获取期权SPY250617P00602000的报价数据
2025-06-17 09:16:09 | ERROR    | src.trading.executor:find_best_option:192 | 查找最佳期权失败: 'contractSymbol'
2025-06-17 09:16:09 | WARNING  | src.bot.trading_bot:_check_signals:216 | 信号执行失败: SHORT
2025-06-17 09:16:09 | INFO     | src.trading.executor:update_account_info:125 | 账户更新: 总值$100396.42, 买入力$401585.68
2025-06-17 09:16:09 | DEBUG    | src.bot.trading_bot:_update_market_data:184 | 市场数据更新完成
2025-06-17 09:16:12 | INFO     | src.strategy.signals:generate_signals:468 | 生成信号: SHORT - VWAP空头突破: 偏离-0.19%, MACD转负
2025-06-17 09:16:12 | INFO     | src.bot.trading_bot:_check_signals:202 | 检测到信号: SHORT 置信度: 0.85 原因: VWAP空头突破: 偏离-0.19%, MACD转负
2025-06-17 09:16:12 | INFO     | src.utils.notifications:send_message:63 | [GENERAL] 📡 交易信号
类型: SHORT
强度: MEDIUM
置信度: 0.85
价格: $599.42
原因: VWAP空头突破: 偏离-0.19%, MACD转负
2025-06-17 09:16:12 | INFO     | src.data.market_data:find_suitable_options:435 | 当前SPY价格: $601.36, 选择PUT期权行权价: $602
2025-06-17 09:16:12 | DEBUG    | src.data.market_data:_generate_option_symbol:470 | 生成期权代码: SPY250617P00602000 (行权价$602, 类型PUT)
2025-06-17 09:16:12 | INFO     | src.data.market_data:find_suitable_options:444 | 成功获取期权SPY250617P00602000的报价数据
2025-06-17 09:16:12 | ERROR    | src.trading.executor:find_best_option:192 | 查找最佳期权失败: 'contractSymbol'
2025-06-17 09:16:12 | WARNING  | src.bot.trading_bot:_check_signals:216 | 信号执行失败: SHORT
2025-06-17 09:16:13 | INFO     | src.trading.executor:update_account_info:125 | 账户更新: 总值$100396.42, 买入力$401585.68
2025-06-17 09:16:13 | DEBUG    | src.bot.trading_bot:_update_market_data:184 | 市场数据更新完成
2025-06-17 09:16:15 | INFO     | src.strategy.signals:generate_signals:468 | 生成信号: SHORT - VWAP空头突破: 偏离-0.19%, MACD转负
2025-06-17 09:16:15 | INFO     | src.bot.trading_bot:_check_signals:202 | 检测到信号: SHORT 置信度: 0.85 原因: VWAP空头突破: 偏离-0.19%, MACD转负
2025-06-17 09:16:15 | INFO     | src.utils.notifications:send_message:63 | [GENERAL] 📡 交易信号
类型: SHORT
强度: MEDIUM
置信度: 0.85
价格: $599.42
原因: VWAP空头突破: 偏离-0.19%, MACD转负
2025-06-17 09:16:15 | INFO     | src.data.market_data:find_suitable_options:435 | 当前SPY价格: $601.35, 选择PUT期权行权价: $602
2025-06-17 09:16:15 | DEBUG    | src.data.market_data:_generate_option_symbol:470 | 生成期权代码: SPY250617P00602000 (行权价$602, 类型PUT)
2025-06-17 09:16:15 | INFO     | src.data.market_data:find_suitable_options:444 | 成功获取期权SPY250617P00602000的报价数据
2025-06-17 09:16:15 | ERROR    | src.trading.executor:find_best_option:192 | 查找最佳期权失败: 'contractSymbol'
2025-06-17 09:16:15 | WARNING  | src.bot.trading_bot:_check_signals:216 | 信号执行失败: SHORT
2025-06-17 09:16:16 | INFO     | src.trading.executor:update_account_info:125 | 账户更新: 总值$100396.42, 买入力$401585.68
2025-06-17 09:16:16 | DEBUG    | src.bot.trading_bot:_update_market_data:184 | 市场数据更新完成
2025-06-17 09:16:19 | INFO     | src.strategy.signals:generate_signals:468 | 生成信号: SHORT - VWAP空头突破: 偏离-0.19%, MACD转负
2025-06-17 09:16:19 | INFO     | src.bot.trading_bot:_check_signals:202 | 检测到信号: SHORT 置信度: 0.85 原因: VWAP空头突破: 偏离-0.19%, MACD转负
2025-06-17 09:16:19 | INFO     | src.utils.notifications:send_message:63 | [GENERAL] 📡 交易信号
类型: SHORT
强度: MEDIUM
置信度: 0.85
价格: $599.42
原因: VWAP空头突破: 偏离-0.19%, MACD转负
2025-06-17 09:16:19 | INFO     | src.data.market_data:find_suitable_options:435 | 当前SPY价格: $601.35, 选择PUT期权行权价: $602
2025-06-17 09:16:19 | DEBUG    | src.data.market_data:_generate_option_symbol:470 | 生成期权代码: SPY250617P00602000 (行权价$602, 类型PUT)
2025-06-17 09:16:19 | INFO     | src.data.market_data:find_suitable_options:444 | 成功获取期权SPY250617P00602000的报价数据
2025-06-17 09:16:19 | ERROR    | src.trading.executor:find_best_option:192 | 查找最佳期权失败: 'contractSymbol'
2025-06-17 09:16:19 | WARNING  | src.bot.trading_bot:_check_signals:216 | 信号执行失败: SHORT
2025-06-17 09:16:20 | INFO     | src.trading.executor:update_account_info:125 | 账户更新: 总值$100396.42, 买入力$401585.68
2025-06-17 09:16:20 | DEBUG    | src.bot.trading_bot:_update_market_data:184 | 市场数据更新完成
2025-06-17 09:16:22 | INFO     | src.strategy.signals:generate_signals:468 | 生成信号: SHORT - VWAP空头突破: 偏离-0.19%, MACD转负
2025-06-17 09:16:22 | INFO     | src.bot.trading_bot:_check_signals:202 | 检测到信号: SHORT 置信度: 0.85 原因: VWAP空头突破: 偏离-0.19%, MACD转负
2025-06-17 09:16:22 | INFO     | src.utils.notifications:send_message:63 | [GENERAL] 📡 交易信号
类型: SHORT
强度: MEDIUM
置信度: 0.85
价格: $599.42
原因: VWAP空头突破: 偏离-0.19%, MACD转负
2025-06-17 09:16:22 | INFO     | src.data.market_data:find_suitable_options:435 | 当前SPY价格: $601.35, 选择PUT期权行权价: $602
2025-06-17 09:16:22 | DEBUG    | src.data.market_data:_generate_option_symbol:470 | 生成期权代码: SPY250617P00602000 (行权价$602, 类型PUT)
2025-06-17 09:16:22 | INFO     | src.data.market_data:find_suitable_options:444 | 成功获取期权SPY250617P00602000的报价数据
2025-06-17 09:16:22 | ERROR    | src.trading.executor:find_best_option:192 | 查找最佳期权失败: 'contractSymbol'
2025-06-17 09:16:22 | WARNING  | src.bot.trading_bot:_check_signals:216 | 信号执行失败: SHORT
2025-06-17 09:16:23 | INFO     | src.trading.executor:update_account_info:125 | 账户更新: 总值$100396.42, 买入力$401585.68
2025-06-17 09:16:23 | DEBUG    | src.bot.trading_bot:_update_market_data:184 | 市场数据更新完成
2025-06-17 09:16:26 | INFO     | src.strategy.signals:generate_signals:468 | 生成信号: SHORT - VWAP空头突破: 偏离-0.21%, MACD转负
2025-06-17 09:16:26 | INFO     | src.bot.trading_bot:_check_signals:202 | 检测到信号: SHORT 置信度: 0.85 原因: VWAP空头突破: 偏离-0.21%, MACD转负
2025-06-17 09:16:26 | INFO     | src.utils.notifications:send_message:63 | [GENERAL] 📡 交易信号
类型: SHORT
强度: MEDIUM
置信度: 0.85
价格: $599.29
原因: VWAP空头突破: 偏离-0.21%, MACD转负
2025-06-17 09:16:26 | INFO     | src.data.market_data:find_suitable_options:435 | 当前SPY价格: $601.35, 选择PUT期权行权价: $602
2025-06-17 09:16:26 | DEBUG    | src.data.market_data:_generate_option_symbol:470 | 生成期权代码: SPY250617P00602000 (行权价$602, 类型PUT)
2025-06-17 09:16:26 | INFO     | src.data.market_data:find_suitable_options:444 | 成功获取期权SPY250617P00602000的报价数据
2025-06-17 09:16:26 | ERROR    | src.trading.executor:find_best_option:192 | 查找最佳期权失败: 'contractSymbol'
2025-06-17 09:16:26 | WARNING  | src.bot.trading_bot:_check_signals:216 | 信号执行失败: SHORT
2025-06-17 09:16:27 | INFO     | src.trading.executor:update_account_info:125 | 账户更新: 总值$100396.42, 买入力$401585.68
2025-06-17 09:16:27 | DEBUG    | src.bot.trading_bot:_update_market_data:184 | 市场数据更新完成
2025-06-17 09:16:29 | INFO     | src.strategy.signals:generate_signals:468 | 生成信号: SHORT - VWAP空头突破: 偏离-0.21%, MACD转负
2025-06-17 09:16:29 | INFO     | src.bot.trading_bot:_check_signals:202 | 检测到信号: SHORT 置信度: 0.85 原因: VWAP空头突破: 偏离-0.21%, MACD转负
2025-06-17 09:16:29 | INFO     | src.utils.notifications:send_message:63 | [GENERAL] 📡 交易信号
类型: SHORT
强度: MEDIUM
置信度: 0.85
价格: $599.29
原因: VWAP空头突破: 偏离-0.21%, MACD转负
2025-06-17 09:16:29 | INFO     | src.data.market_data:find_suitable_options:435 | 当前SPY价格: $601.35, 选择PUT期权行权价: $602
2025-06-17 09:16:29 | DEBUG    | src.data.market_data:_generate_option_symbol:470 | 生成期权代码: SPY250617P00602000 (行权价$602, 类型PUT)
2025-06-17 09:16:30 | INFO     | src.data.market_data:find_suitable_options:444 | 成功获取期权SPY250617P00602000的报价数据
2025-06-17 09:16:30 | ERROR    | src.trading.executor:find_best_option:192 | 查找最佳期权失败: 'contractSymbol'
2025-06-17 09:16:30 | WARNING  | src.bot.trading_bot:_check_signals:216 | 信号执行失败: SHORT
2025-06-17 09:16:30 | INFO     | src.trading.executor:update_account_info:125 | 账户更新: 总值$100396.42, 买入力$401585.68
2025-06-17 09:16:30 | DEBUG    | src.bot.trading_bot:_update_market_data:184 | 市场数据更新完成
2025-06-17 09:16:33 | INFO     | src.strategy.signals:generate_signals:468 | 生成信号: SHORT - VWAP空头突破: 偏离-0.21%, MACD转负
2025-06-17 09:16:33 | INFO     | src.bot.trading_bot:_check_signals:202 | 检测到信号: SHORT 置信度: 0.85 原因: VWAP空头突破: 偏离-0.21%, MACD转负
2025-06-17 09:16:33 | INFO     | src.utils.notifications:send_message:63 | [GENERAL] 📡 交易信号
类型: SHORT
强度: MEDIUM
置信度: 0.85
价格: $599.29
原因: VWAP空头突破: 偏离-0.21%, MACD转负
2025-06-17 09:16:33 | INFO     | src.data.market_data:find_suitable_options:435 | 当前SPY价格: $601.35, 选择PUT期权行权价: $602
2025-06-17 09:16:33 | DEBUG    | src.data.market_data:_generate_option_symbol:470 | 生成期权代码: SPY250617P00602000 (行权价$602, 类型PUT)
2025-06-17 09:16:33 | INFO     | src.data.market_data:find_suitable_options:444 | 成功获取期权SPY250617P00602000的报价数据
2025-06-17 09:16:33 | ERROR    | src.trading.executor:find_best_option:192 | 查找最佳期权失败: 'contractSymbol'
2025-06-17 09:16:33 | WARNING  | src.bot.trading_bot:_check_signals:216 | 信号执行失败: SHORT
2025-06-17 09:16:34 | INFO     | src.trading.executor:update_account_info:125 | 账户更新: 总值$100396.42, 买入力$401585.68
2025-06-17 09:16:34 | DEBUG    | src.bot.trading_bot:_update_market_data:184 | 市场数据更新完成
2025-06-17 09:16:36 | INFO     | src.strategy.signals:generate_signals:468 | 生成信号: SHORT - VWAP空头突破: 偏离-0.21%, MACD转负
2025-06-17 09:16:36 | INFO     | src.bot.trading_bot:_check_signals:202 | 检测到信号: SHORT 置信度: 0.85 原因: VWAP空头突破: 偏离-0.21%, MACD转负
2025-06-17 09:16:36 | INFO     | src.utils.notifications:send_message:63 | [GENERAL] 📡 交易信号
类型: SHORT
强度: MEDIUM
置信度: 0.85
价格: $599.29
原因: VWAP空头突破: 偏离-0.21%, MACD转负
2025-06-17 09:16:36 | INFO     | src.data.market_data:find_suitable_options:435 | 当前SPY价格: $601.35, 选择PUT期权行权价: $602
2025-06-17 09:16:36 | DEBUG    | src.data.market_data:_generate_option_symbol:470 | 生成期权代码: SPY250617P00602000 (行权价$602, 类型PUT)
2025-06-17 09:16:36 | INFO     | src.data.market_data:find_suitable_options:444 | 成功获取期权SPY250617P00602000的报价数据
2025-06-17 09:16:36 | ERROR    | src.trading.executor:find_best_option:192 | 查找最佳期权失败: 'contractSymbol'
2025-06-17 09:16:36 | WARNING  | src.bot.trading_bot:_check_signals:216 | 信号执行失败: SHORT
2025-06-17 09:16:37 | INFO     | src.trading.executor:update_account_info:125 | 账户更新: 总值$100396.42, 买入力$401585.68
2025-06-17 09:16:37 | DEBUG    | src.bot.trading_bot:_update_market_data:184 | 市场数据更新完成
2025-06-17 09:16:40 | INFO     | src.strategy.signals:generate_signals:468 | 生成信号: SHORT - VWAP空头突破: 偏离-0.21%, MACD转负
2025-06-17 09:16:40 | INFO     | src.bot.trading_bot:_check_signals:202 | 检测到信号: SHORT 置信度: 0.85 原因: VWAP空头突破: 偏离-0.21%, MACD转负
2025-06-17 09:16:40 | INFO     | src.utils.notifications:send_message:63 | [GENERAL] 📡 交易信号
类型: SHORT
强度: MEDIUM
置信度: 0.85
价格: $599.29
原因: VWAP空头突破: 偏离-0.21%, MACD转负
2025-06-17 09:16:40 | INFO     | src.data.market_data:find_suitable_options:435 | 当前SPY价格: $601.35, 选择PUT期权行权价: $602
2025-06-17 09:16:40 | DEBUG    | src.data.market_data:_generate_option_symbol:470 | 生成期权代码: SPY250617P00602000 (行权价$602, 类型PUT)
2025-06-17 09:16:40 | INFO     | src.data.market_data:find_suitable_options:444 | 成功获取期权SPY250617P00602000的报价数据
2025-06-17 09:16:40 | ERROR    | src.trading.executor:find_best_option:192 | 查找最佳期权失败: 'contractSymbol'
2025-06-17 09:16:40 | WARNING  | src.bot.trading_bot:_check_signals:216 | 信号执行失败: SHORT
2025-06-17 09:16:40 | INFO     | src.trading.executor:update_account_info:125 | 账户更新: 总值$100396.42, 买入力$401585.68
2025-06-17 09:16:40 | DEBUG    | src.bot.trading_bot:_update_market_data:184 | 市场数据更新完成
2025-06-17 09:16:43 | INFO     | src.strategy.signals:generate_signals:468 | 生成信号: SHORT - VWAP空头突破: 偏离-0.21%, MACD转负
2025-06-17 09:16:43 | INFO     | src.bot.trading_bot:_check_signals:202 | 检测到信号: SHORT 置信度: 0.85 原因: VWAP空头突破: 偏离-0.21%, MACD转负
2025-06-17 09:16:43 | INFO     | src.utils.notifications:send_message:63 | [GENERAL] 📡 交易信号
类型: SHORT
强度: MEDIUM
置信度: 0.85
价格: $599.29
原因: VWAP空头突破: 偏离-0.21%, MACD转负
2025-06-17 09:16:43 | INFO     | src.data.market_data:find_suitable_options:435 | 当前SPY价格: $601.33, 选择PUT期权行权价: $602
2025-06-17 09:16:43 | DEBUG    | src.data.market_data:_generate_option_symbol:470 | 生成期权代码: SPY250617P00602000 (行权价$602, 类型PUT)
2025-06-17 09:16:43 | INFO     | src.data.market_data:find_suitable_options:444 | 成功获取期权SPY250617P00602000的报价数据
2025-06-17 09:16:43 | ERROR    | src.trading.executor:find_best_option:192 | 查找最佳期权失败: 'contractSymbol'
2025-06-17 09:16:43 | WARNING  | src.bot.trading_bot:_check_signals:216 | 信号执行失败: SHORT
2025-06-17 09:16:44 | INFO     | src.trading.executor:update_account_info:125 | 账户更新: 总值$100396.42, 买入力$401585.68
2025-06-17 09:16:44 | DEBUG    | src.bot.trading_bot:_update_market_data:184 | 市场数据更新完成
2025-06-17 09:16:47 | INFO     | src.strategy.signals:generate_signals:468 | 生成信号: SHORT - VWAP空头突破: 偏离-0.21%, MACD转负
2025-06-17 09:16:47 | INFO     | src.bot.trading_bot:_check_signals:202 | 检测到信号: SHORT 置信度: 0.85 原因: VWAP空头突破: 偏离-0.21%, MACD转负
2025-06-17 09:16:47 | INFO     | src.utils.notifications:send_message:63 | [GENERAL] 📡 交易信号
类型: SHORT
强度: MEDIUM
置信度: 0.85
价格: $599.29
原因: VWAP空头突破: 偏离-0.21%, MACD转负
2025-06-17 09:16:47 | INFO     | src.data.market_data:find_suitable_options:435 | 当前SPY价格: $601.33, 选择PUT期权行权价: $602
2025-06-17 09:16:47 | DEBUG    | src.data.market_data:_generate_option_symbol:470 | 生成期权代码: SPY250617P00602000 (行权价$602, 类型PUT)
2025-06-17 09:16:47 | INFO     | src.data.market_data:find_suitable_options:444 | 成功获取期权SPY250617P00602000的报价数据
2025-06-17 09:16:47 | ERROR    | src.trading.executor:find_best_option:192 | 查找最佳期权失败: 'contractSymbol'
2025-06-17 09:16:47 | WARNING  | src.bot.trading_bot:_check_signals:216 | 信号执行失败: SHORT
2025-06-17 09:16:47 | INFO     | src.trading.executor:update_account_info:125 | 账户更新: 总值$100396.42, 买入力$401585.68
2025-06-17 09:16:47 | DEBUG    | src.bot.trading_bot:_update_market_data:184 | 市场数据更新完成
2025-06-17 09:16:50 | INFO     | src.strategy.signals:generate_signals:468 | 生成信号: SHORT - VWAP空头突破: 偏离-0.21%, MACD转负
2025-06-17 09:16:50 | INFO     | src.bot.trading_bot:_check_signals:202 | 检测到信号: SHORT 置信度: 0.85 原因: VWAP空头突破: 偏离-0.21%, MACD转负
2025-06-17 09:16:50 | INFO     | src.utils.notifications:send_message:63 | [GENERAL] 📡 交易信号
类型: SHORT
强度: MEDIUM
置信度: 0.85
价格: $599.29
原因: VWAP空头突破: 偏离-0.21%, MACD转负
2025-06-17 09:16:50 | INFO     | src.data.market_data:find_suitable_options:435 | 当前SPY价格: $601.33, 选择PUT期权行权价: $602
2025-06-17 09:16:50 | DEBUG    | src.data.market_data:_generate_option_symbol:470 | 生成期权代码: SPY250617P00602000 (行权价$602, 类型PUT)
2025-06-17 09:16:50 | INFO     | src.data.market_data:find_suitable_options:444 | 成功获取期权SPY250617P00602000的报价数据
2025-06-17 09:16:50 | ERROR    | src.trading.executor:find_best_option:192 | 查找最佳期权失败: 'contractSymbol'
2025-06-17 09:16:50 | WARNING  | src.bot.trading_bot:_check_signals:216 | 信号执行失败: SHORT
2025-06-17 09:16:51 | INFO     | src.trading.executor:update_account_info:125 | 账户更新: 总值$100396.42, 买入力$401585.68
2025-06-17 09:16:51 | DEBUG    | src.bot.trading_bot:_update_market_data:184 | 市场数据更新完成
2025-06-17 09:16:53 | INFO     | src.strategy.signals:generate_signals:468 | 生成信号: SHORT - VWAP空头突破: 偏离-0.21%, MACD转负
2025-06-17 09:16:53 | INFO     | src.bot.trading_bot:_check_signals:202 | 检测到信号: SHORT 置信度: 0.85 原因: VWAP空头突破: 偏离-0.21%, MACD转负
2025-06-17 09:16:53 | INFO     | src.utils.notifications:send_message:63 | [GENERAL] 📡 交易信号
类型: SHORT
强度: MEDIUM
置信度: 0.85
价格: $599.29
原因: VWAP空头突破: 偏离-0.21%, MACD转负
2025-06-17 09:16:54 | INFO     | src.data.market_data:find_suitable_options:435 | 当前SPY价格: $601.33, 选择PUT期权行权价: $602
2025-06-17 09:16:54 | DEBUG    | src.data.market_data:_generate_option_symbol:470 | 生成期权代码: SPY250617P00602000 (行权价$602, 类型PUT)
2025-06-17 09:16:54 | INFO     | src.data.market_data:find_suitable_options:444 | 成功获取期权SPY250617P00602000的报价数据
2025-06-17 09:16:54 | ERROR    | src.trading.executor:find_best_option:192 | 查找最佳期权失败: 'contractSymbol'
2025-06-17 09:16:54 | WARNING  | src.bot.trading_bot:_check_signals:216 | 信号执行失败: SHORT
2025-06-17 09:16:54 | INFO     | src.trading.executor:update_account_info:125 | 账户更新: 总值$100396.42, 买入力$401585.68
2025-06-17 09:16:54 | DEBUG    | src.bot.trading_bot:_update_market_data:184 | 市场数据更新完成
2025-06-17 09:16:57 | INFO     | src.strategy.signals:generate_signals:468 | 生成信号: SHORT - VWAP空头突破: 偏离-0.21%, MACD转负
2025-06-17 09:16:57 | INFO     | src.bot.trading_bot:_check_signals:202 | 检测到信号: SHORT 置信度: 0.85 原因: VWAP空头突破: 偏离-0.21%, MACD转负
2025-06-17 09:16:57 | INFO     | src.utils.notifications:send_message:63 | [GENERAL] 📡 交易信号
类型: SHORT
强度: MEDIUM
置信度: 0.85
价格: $599.29
原因: VWAP空头突破: 偏离-0.21%, MACD转负
2025-06-17 09:16:57 | INFO     | src.data.market_data:find_suitable_options:435 | 当前SPY价格: $601.36, 选择PUT期权行权价: $602
2025-06-17 09:16:57 | DEBUG    | src.data.market_data:_generate_option_symbol:470 | 生成期权代码: SPY250617P00602000 (行权价$602, 类型PUT)
2025-06-17 09:16:57 | INFO     | src.data.market_data:find_suitable_options:444 | 成功获取期权SPY250617P00602000的报价数据
2025-06-17 09:16:57 | ERROR    | src.trading.executor:find_best_option:192 | 查找最佳期权失败: 'contractSymbol'
2025-06-17 09:16:57 | WARNING  | src.bot.trading_bot:_check_signals:216 | 信号执行失败: SHORT
2025-06-17 09:16:58 | INFO     | src.trading.executor:update_account_info:125 | 账户更新: 总值$100396.42, 买入力$401585.68
2025-06-17 09:16:58 | DEBUG    | src.bot.trading_bot:_update_market_data:184 | 市场数据更新完成
2025-06-17 09:17:00 | DEBUG    | src.bot.trading_bot:_update_positions_normal:259 | 📊 常规头寸更新完成
2025-06-17 09:17:01 | INFO     | src.strategy.signals:generate_signals:468 | 生成信号: SHORT - VWAP空头突破: 偏离-0.21%, MACD转负
2025-06-17 09:17:01 | INFO     | src.bot.trading_bot:_check_signals:202 | 检测到信号: SHORT 置信度: 0.85 原因: VWAP空头突破: 偏离-0.21%, MACD转负
2025-06-17 09:17:01 | INFO     | src.utils.notifications:send_message:63 | [GENERAL] 📡 交易信号
类型: SHORT
强度: MEDIUM
置信度: 0.85
价格: $599.29
原因: VWAP空头突破: 偏离-0.21%, MACD转负
2025-06-17 09:17:01 | INFO     | src.data.market_data:find_suitable_options:435 | 当前SPY价格: $601.36, 选择PUT期权行权价: $602
2025-06-17 09:17:01 | DEBUG    | src.data.market_data:_generate_option_symbol:470 | 生成期权代码: SPY250617P00602000 (行权价$602, 类型PUT)
2025-06-17 09:17:01 | INFO     | src.data.market_data:find_suitable_options:444 | 成功获取期权SPY250617P00602000的报价数据
2025-06-17 09:17:01 | ERROR    | src.trading.executor:find_best_option:192 | 查找最佳期权失败: 'contractSymbol'
2025-06-17 09:17:01 | WARNING  | src.bot.trading_bot:_check_signals:216 | 信号执行失败: SHORT
2025-06-17 09:17:01 | INFO     | src.trading.executor:update_account_info:125 | 账户更新: 总值$100396.42, 买入力$401585.68
2025-06-17 09:17:01 | DEBUG    | src.bot.trading_bot:_update_market_data:184 | 市场数据更新完成
2025-06-17 09:17:04 | INFO     | src.strategy.signals:generate_signals:468 | 生成信号: SHORT - VWAP空头突破: 偏离-0.21%, MACD转负
2025-06-17 09:17:04 | INFO     | src.bot.trading_bot:_check_signals:202 | 检测到信号: SHORT 置信度: 0.85 原因: VWAP空头突破: 偏离-0.21%, MACD转负
2025-06-17 09:17:04 | INFO     | src.utils.notifications:send_message:63 | [GENERAL] 📡 交易信号
类型: SHORT
强度: MEDIUM
置信度: 0.85
价格: $599.29
原因: VWAP空头突破: 偏离-0.21%, MACD转负
2025-06-17 09:17:04 | INFO     | src.data.market_data:find_suitable_options:435 | 当前SPY价格: $601.36, 选择PUT期权行权价: $602
2025-06-17 09:17:04 | DEBUG    | src.data.market_data:_generate_option_symbol:470 | 生成期权代码: SPY250617P00602000 (行权价$602, 类型PUT)
2025-06-17 09:17:04 | INFO     | src.data.market_data:find_suitable_options:444 | 成功获取期权SPY250617P00602000的报价数据
2025-06-17 09:17:04 | ERROR    | src.trading.executor:find_best_option:192 | 查找最佳期权失败: 'contractSymbol'
2025-06-17 09:17:04 | WARNING  | src.bot.trading_bot:_check_signals:216 | 信号执行失败: SHORT
2025-06-17 09:17:05 | INFO     | src.trading.executor:update_account_info:125 | 账户更新: 总值$100396.42, 买入力$401585.68
2025-06-17 09:17:05 | DEBUG    | src.bot.trading_bot:_update_market_data:184 | 市场数据更新完成
2025-06-17 09:17:07 | INFO     | src.strategy.signals:generate_signals:468 | 生成信号: SHORT - VWAP空头突破: 偏离-0.21%, MACD转负
2025-06-17 09:17:07 | INFO     | src.bot.trading_bot:_check_signals:202 | 检测到信号: SHORT 置信度: 0.85 原因: VWAP空头突破: 偏离-0.21%, MACD转负
2025-06-17 09:17:07 | INFO     | src.utils.notifications:send_message:63 | [GENERAL] 📡 交易信号
类型: SHORT
强度: MEDIUM
置信度: 0.85
价格: $599.29
原因: VWAP空头突破: 偏离-0.21%, MACD转负
2025-06-17 09:17:08 | INFO     | src.data.market_data:find_suitable_options:435 | 当前SPY价格: $601.36, 选择PUT期权行权价: $602
2025-06-17 09:17:08 | DEBUG    | src.data.market_data:_generate_option_symbol:470 | 生成期权代码: SPY250617P00602000 (行权价$602, 类型PUT)
2025-06-17 09:17:08 | INFO     | src.data.market_data:find_suitable_options:444 | 成功获取期权SPY250617P00602000的报价数据
2025-06-17 09:17:08 | ERROR    | src.trading.executor:find_best_option:192 | 查找最佳期权失败: 'contractSymbol'
2025-06-17 09:17:08 | WARNING  | src.bot.trading_bot:_check_signals:216 | 信号执行失败: SHORT
2025-06-17 09:17:08 | INFO     | src.trading.executor:update_account_info:125 | 账户更新: 总值$100396.42, 买入力$401585.68
2025-06-17 09:17:08 | DEBUG    | src.bot.trading_bot:_update_market_data:184 | 市场数据更新完成
2025-06-17 09:17:11 | INFO     | src.strategy.signals:generate_signals:468 | 生成信号: SHORT - VWAP空头突破: 偏离-0.21%, MACD转负
2025-06-17 09:17:11 | INFO     | src.bot.trading_bot:_check_signals:202 | 检测到信号: SHORT 置信度: 0.85 原因: VWAP空头突破: 偏离-0.21%, MACD转负
2025-06-17 09:17:11 | INFO     | src.utils.notifications:send_message:63 | [GENERAL] 📡 交易信号
类型: SHORT
强度: MEDIUM
置信度: 0.85
价格: $599.29
原因: VWAP空头突破: 偏离-0.21%, MACD转负
2025-06-17 09:17:11 | INFO     | src.data.market_data:find_suitable_options:435 | 当前SPY价格: $601.36, 选择PUT期权行权价: $602
2025-06-17 09:17:11 | DEBUG    | src.data.market_data:_generate_option_symbol:470 | 生成期权代码: SPY250617P00602000 (行权价$602, 类型PUT)
2025-06-17 09:17:11 | INFO     | src.data.market_data:find_suitable_options:444 | 成功获取期权SPY250617P00602000的报价数据
2025-06-17 09:17:11 | ERROR    | src.trading.executor:find_best_option:192 | 查找最佳期权失败: 'contractSymbol'
2025-06-17 09:17:11 | WARNING  | src.bot.trading_bot:_check_signals:216 | 信号执行失败: SHORT
2025-06-17 09:17:12 | INFO     | src.trading.executor:update_account_info:125 | 账户更新: 总值$100396.42, 买入力$401585.68
2025-06-17 09:17:12 | DEBUG    | src.bot.trading_bot:_update_market_data:184 | 市场数据更新完成
2025-06-17 09:17:14 | INFO     | src.strategy.signals:generate_signals:468 | 生成信号: SHORT - VWAP空头突破: 偏离-0.21%, MACD转负
2025-06-17 09:17:14 | INFO     | src.bot.trading_bot:_check_signals:202 | 检测到信号: SHORT 置信度: 0.85 原因: VWAP空头突破: 偏离-0.21%, MACD转负
2025-06-17 09:17:14 | INFO     | src.utils.notifications:send_message:63 | [GENERAL] 📡 交易信号
类型: SHORT
强度: MEDIUM
置信度: 0.85
价格: $599.29
原因: VWAP空头突破: 偏离-0.21%, MACD转负
2025-06-17 09:17:14 | INFO     | src.data.market_data:find_suitable_options:435 | 当前SPY价格: $601.36, 选择PUT期权行权价: $602
2025-06-17 09:17:14 | DEBUG    | src.data.market_data:_generate_option_symbol:470 | 生成期权代码: SPY250617P00602000 (行权价$602, 类型PUT)
2025-06-17 09:17:15 | INFO     | src.data.market_data:find_suitable_options:444 | 成功获取期权SPY250617P00602000的报价数据
2025-06-17 09:17:15 | ERROR    | src.trading.executor:find_best_option:192 | 查找最佳期权失败: 'contractSymbol'
2025-06-17 09:17:15 | WARNING  | src.bot.trading_bot:_check_signals:216 | 信号执行失败: SHORT
2025-06-17 09:17:15 | INFO     | src.trading.executor:update_account_info:125 | 账户更新: 总值$100396.42, 买入力$401585.68
2025-06-17 09:17:15 | DEBUG    | src.bot.trading_bot:_update_market_data:184 | 市场数据更新完成
2025-06-17 09:17:18 | INFO     | src.strategy.signals:generate_signals:468 | 生成信号: SHORT - VWAP空头突破: 偏离-0.21%, MACD转负
2025-06-17 09:17:18 | INFO     | src.bot.trading_bot:_check_signals:202 | 检测到信号: SHORT 置信度: 0.85 原因: VWAP空头突破: 偏离-0.21%, MACD转负
2025-06-17 09:17:18 | INFO     | src.utils.notifications:send_message:63 | [GENERAL] 📡 交易信号
类型: SHORT
强度: MEDIUM
置信度: 0.85
价格: $599.29
原因: VWAP空头突破: 偏离-0.21%, MACD转负
2025-06-17 09:17:18 | INFO     | src.data.market_data:find_suitable_options:435 | 当前SPY价格: $601.36, 选择PUT期权行权价: $602
2025-06-17 09:17:18 | DEBUG    | src.data.market_data:_generate_option_symbol:470 | 生成期权代码: SPY250617P00602000 (行权价$602, 类型PUT)
2025-06-17 09:17:18 | INFO     | src.data.market_data:find_suitable_options:444 | 成功获取期权SPY250617P00602000的报价数据
2025-06-17 09:17:18 | ERROR    | src.trading.executor:find_best_option:192 | 查找最佳期权失败: 'contractSymbol'
2025-06-17 09:17:18 | WARNING  | src.bot.trading_bot:_check_signals:216 | 信号执行失败: SHORT
2025-06-17 09:17:19 | INFO     | src.trading.executor:update_account_info:125 | 账户更新: 总值$100396.42, 买入力$401585.68
2025-06-17 09:17:19 | DEBUG    | src.bot.trading_bot:_update_market_data:184 | 市场数据更新完成
2025-06-17 09:17:21 | INFO     | src.strategy.signals:generate_signals:468 | 生成信号: SHORT - VWAP空头突破: 偏离-0.21%, MACD转负
2025-06-17 09:17:21 | INFO     | src.bot.trading_bot:_check_signals:202 | 检测到信号: SHORT 置信度: 0.85 原因: VWAP空头突破: 偏离-0.21%, MACD转负
2025-06-17 09:17:21 | INFO     | src.utils.notifications:send_message:63 | [GENERAL] 📡 交易信号
类型: SHORT
强度: MEDIUM
置信度: 0.85
价格: $599.29
原因: VWAP空头突破: 偏离-0.21%, MACD转负
2025-06-17 09:17:21 | INFO     | src.data.market_data:find_suitable_options:435 | 当前SPY价格: $601.50, 选择PUT期权行权价: $602
2025-06-17 09:17:21 | DEBUG    | src.data.market_data:_generate_option_symbol:470 | 生成期权代码: SPY250617P00602000 (行权价$602, 类型PUT)
2025-06-17 09:17:22 | INFO     | src.data.market_data:find_suitable_options:444 | 成功获取期权SPY250617P00602000的报价数据
2025-06-17 09:17:22 | ERROR    | src.trading.executor:find_best_option:192 | 查找最佳期权失败: 'contractSymbol'
2025-06-17 09:17:22 | WARNING  | src.bot.trading_bot:_check_signals:216 | 信号执行失败: SHORT
2025-06-17 09:17:22 | INFO     | src.trading.executor:update_account_info:125 | 账户更新: 总值$100396.42, 买入力$401585.68
2025-06-17 09:17:22 | DEBUG    | src.bot.trading_bot:_update_market_data:184 | 市场数据更新完成
2025-06-17 09:17:25 | INFO     | src.strategy.signals:generate_signals:468 | 生成信号: SHORT - VWAP空头突破: 偏离-0.21%, MACD转负
2025-06-17 09:17:25 | INFO     | src.bot.trading_bot:_check_signals:202 | 检测到信号: SHORT 置信度: 0.85 原因: VWAP空头突破: 偏离-0.21%, MACD转负
2025-06-17 09:17:25 | INFO     | src.utils.notifications:send_message:63 | [GENERAL] 📡 交易信号
类型: SHORT
强度: MEDIUM
置信度: 0.85
价格: $599.29
原因: VWAP空头突破: 偏离-0.21%, MACD转负
2025-06-17 09:17:25 | INFO     | src.data.market_data:find_suitable_options:435 | 当前SPY价格: $601.50, 选择PUT期权行权价: $602
2025-06-17 09:17:25 | DEBUG    | src.data.market_data:_generate_option_symbol:470 | 生成期权代码: SPY250617P00602000 (行权价$602, 类型PUT)
2025-06-17 09:17:25 | INFO     | src.data.market_data:find_suitable_options:444 | 成功获取期权SPY250617P00602000的报价数据
2025-06-17 09:17:25 | ERROR    | src.trading.executor:find_best_option:192 | 查找最佳期权失败: 'contractSymbol'
2025-06-17 09:17:25 | WARNING  | src.bot.trading_bot:_check_signals:216 | 信号执行失败: SHORT
2025-06-17 09:17:26 | INFO     | src.trading.executor:update_account_info:125 | 账户更新: 总值$100396.42, 买入力$401585.68
2025-06-17 09:17:26 | DEBUG    | src.bot.trading_bot:_update_market_data:184 | 市场数据更新完成
2025-06-17 09:17:28 | INFO     | src.strategy.signals:generate_signals:468 | 生成信号: SHORT - VWAP空头突破: 偏离-0.21%, MACD转负
2025-06-17 09:17:28 | INFO     | src.bot.trading_bot:_check_signals:202 | 检测到信号: SHORT 置信度: 0.85 原因: VWAP空头突破: 偏离-0.21%, MACD转负
2025-06-17 09:17:28 | INFO     | src.utils.notifications:send_message:63 | [GENERAL] 📡 交易信号
类型: SHORT
强度: MEDIUM
置信度: 0.85
价格: $599.31
原因: VWAP空头突破: 偏离-0.21%, MACD转负
2025-06-17 09:17:28 | INFO     | src.data.market_data:find_suitable_options:435 | 当前SPY价格: $601.58, 选择PUT期权行权价: $602
2025-06-17 09:17:28 | DEBUG    | src.data.market_data:_generate_option_symbol:470 | 生成期权代码: SPY250617P00602000 (行权价$602, 类型PUT)
2025-06-17 09:17:29 | INFO     | src.data.market_data:find_suitable_options:444 | 成功获取期权SPY250617P00602000的报价数据
2025-06-17 09:17:29 | ERROR    | src.trading.executor:find_best_option:192 | 查找最佳期权失败: 'contractSymbol'
2025-06-17 09:17:29 | WARNING  | src.bot.trading_bot:_check_signals:216 | 信号执行失败: SHORT
2025-06-17 09:17:29 | INFO     | src.trading.executor:update_account_info:125 | 账户更新: 总值$100396.42, 买入力$401585.68
2025-06-17 09:17:29 | DEBUG    | src.bot.trading_bot:_update_market_data:184 | 市场数据更新完成
2025-06-17 09:17:32 | INFO     | src.strategy.signals:generate_signals:468 | 生成信号: SHORT - VWAP空头突破: 偏离-0.21%, MACD转负
2025-06-17 09:17:32 | INFO     | src.bot.trading_bot:_check_signals:202 | 检测到信号: SHORT 置信度: 0.85 原因: VWAP空头突破: 偏离-0.21%, MACD转负
2025-06-17 09:17:32 | INFO     | src.utils.notifications:send_message:63 | [GENERAL] 📡 交易信号
类型: SHORT
强度: MEDIUM
置信度: 0.85
价格: $599.31
原因: VWAP空头突破: 偏离-0.21%, MACD转负
2025-06-17 09:17:32 | INFO     | src.data.market_data:find_suitable_options:435 | 当前SPY价格: $601.58, 选择PUT期权行权价: $602
2025-06-17 09:17:32 | DEBUG    | src.data.market_data:_generate_option_symbol:470 | 生成期权代码: SPY250617P00602000 (行权价$602, 类型PUT)
2025-06-17 09:17:32 | INFO     | src.data.market_data:find_suitable_options:444 | 成功获取期权SPY250617P00602000的报价数据
2025-06-17 09:17:32 | ERROR    | src.trading.executor:find_best_option:192 | 查找最佳期权失败: 'contractSymbol'
2025-06-17 09:17:32 | WARNING  | src.bot.trading_bot:_check_signals:216 | 信号执行失败: SHORT
2025-06-17 09:17:33 | INFO     | src.trading.executor:update_account_info:125 | 账户更新: 总值$100396.42, 买入力$401585.68
2025-06-17 09:17:33 | DEBUG    | src.bot.trading_bot:_update_market_data:184 | 市场数据更新完成
2025-06-17 09:17:35 | INFO     | src.strategy.signals:generate_signals:468 | 生成信号: SHORT - VWAP空头突破: 偏离-0.21%, MACD转负
2025-06-17 09:17:35 | INFO     | src.bot.trading_bot:_check_signals:202 | 检测到信号: SHORT 置信度: 0.85 原因: VWAP空头突破: 偏离-0.21%, MACD转负
2025-06-17 09:17:35 | INFO     | src.utils.notifications:send_message:63 | [GENERAL] 📡 交易信号
类型: SHORT
强度: MEDIUM
置信度: 0.85
价格: $599.31
原因: VWAP空头突破: 偏离-0.21%, MACD转负
2025-06-17 09:17:35 | INFO     | src.data.market_data:find_suitable_options:435 | 当前SPY价格: $601.58, 选择PUT期权行权价: $602
2025-06-17 09:17:35 | DEBUG    | src.data.market_data:_generate_option_symbol:470 | 生成期权代码: SPY250617P00602000 (行权价$602, 类型PUT)
2025-06-17 09:17:36 | INFO     | src.data.market_data:find_suitable_options:444 | 成功获取期权SPY250617P00602000的报价数据
2025-06-17 09:17:36 | ERROR    | src.trading.executor:find_best_option:192 | 查找最佳期权失败: 'contractSymbol'
2025-06-17 09:17:36 | WARNING  | src.bot.trading_bot:_check_signals:216 | 信号执行失败: SHORT
2025-06-17 09:17:36 | INFO     | src.trading.executor:update_account_info:125 | 账户更新: 总值$100396.42, 买入力$401585.68
2025-06-17 09:17:36 | DEBUG    | src.bot.trading_bot:_update_market_data:184 | 市场数据更新完成
2025-06-17 09:17:39 | INFO     | src.strategy.signals:generate_signals:468 | 生成信号: SHORT - VWAP空头突破: 偏离-0.21%, MACD转负
2025-06-17 09:17:39 | INFO     | src.bot.trading_bot:_check_signals:202 | 检测到信号: SHORT 置信度: 0.85 原因: VWAP空头突破: 偏离-0.21%, MACD转负
2025-06-17 09:17:39 | INFO     | src.utils.notifications:send_message:63 | [GENERAL] 📡 交易信号
类型: SHORT
强度: MEDIUM
置信度: 0.85
价格: $599.31
原因: VWAP空头突破: 偏离-0.21%, MACD转负
2025-06-17 09:17:39 | INFO     | src.data.market_data:find_suitable_options:435 | 当前SPY价格: $601.58, 选择PUT期权行权价: $602
2025-06-17 09:17:39 | DEBUG    | src.data.market_data:_generate_option_symbol:470 | 生成期权代码: SPY250617P00602000 (行权价$602, 类型PUT)
2025-06-17 09:17:39 | INFO     | src.data.market_data:find_suitable_options:444 | 成功获取期权SPY250617P00602000的报价数据
2025-06-17 09:17:39 | ERROR    | src.trading.executor:find_best_option:192 | 查找最佳期权失败: 'contractSymbol'
2025-06-17 09:17:39 | WARNING  | src.bot.trading_bot:_check_signals:216 | 信号执行失败: SHORT
2025-06-17 09:17:40 | INFO     | src.trading.executor:update_account_info:125 | 账户更新: 总值$100396.42, 买入力$401585.68
2025-06-17 09:17:40 | DEBUG    | src.bot.trading_bot:_update_market_data:184 | 市场数据更新完成
2025-06-17 09:17:42 | INFO     | src.strategy.signals:generate_signals:468 | 生成信号: SHORT - VWAP空头突破: 偏离-0.21%, MACD转负
2025-06-17 09:17:42 | INFO     | src.bot.trading_bot:_check_signals:202 | 检测到信号: SHORT 置信度: 0.85 原因: VWAP空头突破: 偏离-0.21%, MACD转负
2025-06-17 09:17:42 | INFO     | src.utils.notifications:send_message:63 | [GENERAL] 📡 交易信号
类型: SHORT
强度: MEDIUM
置信度: 0.85
价格: $599.31
原因: VWAP空头突破: 偏离-0.21%, MACD转负
2025-06-17 09:17:42 | INFO     | src.data.market_data:find_suitable_options:435 | 当前SPY价格: $601.49, 选择PUT期权行权价: $602
2025-06-17 09:17:42 | DEBUG    | src.data.market_data:_generate_option_symbol:470 | 生成期权代码: SPY250617P00602000 (行权价$602, 类型PUT)
2025-06-17 09:17:42 | INFO     | src.data.market_data:find_suitable_options:444 | 成功获取期权SPY250617P00602000的报价数据
2025-06-17 09:17:42 | ERROR    | src.trading.executor:find_best_option:192 | 查找最佳期权失败: 'contractSymbol'
2025-06-17 09:17:42 | WARNING  | src.bot.trading_bot:_check_signals:216 | 信号执行失败: SHORT
2025-06-17 09:17:43 | INFO     | src.trading.executor:update_account_info:125 | 账户更新: 总值$100396.42, 买入力$401585.68
2025-06-17 09:17:43 | DEBUG    | src.bot.trading_bot:_update_market_data:184 | 市场数据更新完成
2025-06-17 09:17:46 | INFO     | src.strategy.signals:generate_signals:468 | 生成信号: SHORT - VWAP空头突破: 偏离-0.21%, MACD转负
2025-06-17 09:17:46 | INFO     | src.bot.trading_bot:_check_signals:202 | 检测到信号: SHORT 置信度: 0.85 原因: VWAP空头突破: 偏离-0.21%, MACD转负
2025-06-17 09:17:46 | INFO     | src.utils.notifications:send_message:63 | [GENERAL] 📡 交易信号
类型: SHORT
强度: MEDIUM
置信度: 0.85
价格: $599.31
原因: VWAP空头突破: 偏离-0.21%, MACD转负
2025-06-17 09:17:46 | INFO     | src.data.market_data:find_suitable_options:435 | 当前SPY价格: $601.49, 选择PUT期权行权价: $602
2025-06-17 09:17:46 | DEBUG    | src.data.market_data:_generate_option_symbol:470 | 生成期权代码: SPY250617P00602000 (行权价$602, 类型PUT)
2025-06-17 09:17:46 | INFO     | src.data.market_data:find_suitable_options:444 | 成功获取期权SPY250617P00602000的报价数据
2025-06-17 09:17:46 | ERROR    | src.trading.executor:find_best_option:192 | 查找最佳期权失败: 'contractSymbol'
2025-06-17 09:17:46 | WARNING  | src.bot.trading_bot:_check_signals:216 | 信号执行失败: SHORT
2025-06-17 09:17:47 | INFO     | src.trading.executor:update_account_info:125 | 账户更新: 总值$100396.42, 买入力$401585.68
2025-06-17 09:17:47 | DEBUG    | src.bot.trading_bot:_update_market_data:184 | 市场数据更新完成
2025-06-17 09:17:49 | INFO     | src.strategy.signals:generate_signals:468 | 生成信号: SHORT - VWAP空头突破: 偏离-0.21%, MACD转负
2025-06-17 09:17:49 | INFO     | src.bot.trading_bot:_check_signals:202 | 检测到信号: SHORT 置信度: 0.85 原因: VWAP空头突破: 偏离-0.21%, MACD转负
2025-06-17 09:17:49 | INFO     | src.utils.notifications:send_message:63 | [GENERAL] 📡 交易信号
类型: SHORT
强度: MEDIUM
置信度: 0.85
价格: $599.31
原因: VWAP空头突破: 偏离-0.21%, MACD转负
2025-06-17 09:17:49 | INFO     | src.data.market_data:find_suitable_options:435 | 当前SPY价格: $601.49, 选择PUT期权行权价: $602
2025-06-17 09:17:49 | DEBUG    | src.data.market_data:_generate_option_symbol:470 | 生成期权代码: SPY250617P00602000 (行权价$602, 类型PUT)
2025-06-17 09:17:49 | INFO     | src.data.market_data:find_suitable_options:444 | 成功获取期权SPY250617P00602000的报价数据
2025-06-17 09:17:49 | ERROR    | src.trading.executor:find_best_option:192 | 查找最佳期权失败: 'contractSymbol'
2025-06-17 09:17:49 | WARNING  | src.bot.trading_bot:_check_signals:216 | 信号执行失败: SHORT
2025-06-17 09:17:50 | INFO     | src.trading.executor:update_account_info:125 | 账户更新: 总值$100396.42, 买入力$401585.68
2025-06-17 09:17:50 | DEBUG    | src.bot.trading_bot:_update_market_data:184 | 市场数据更新完成
2025-06-17 09:17:53 | INFO     | src.strategy.signals:generate_signals:468 | 生成信号: SHORT - VWAP空头突破: 偏离-0.21%, MACD转负
2025-06-17 09:17:53 | INFO     | src.bot.trading_bot:_check_signals:202 | 检测到信号: SHORT 置信度: 0.85 原因: VWAP空头突破: 偏离-0.21%, MACD转负
2025-06-17 09:17:53 | INFO     | src.utils.notifications:send_message:63 | [GENERAL] 📡 交易信号
类型: SHORT
强度: MEDIUM
置信度: 0.85
价格: $599.31
原因: VWAP空头突破: 偏离-0.21%, MACD转负
2025-06-17 09:17:53 | INFO     | src.data.market_data:find_suitable_options:435 | 当前SPY价格: $601.49, 选择PUT期权行权价: $602
2025-06-17 09:17:53 | DEBUG    | src.data.market_data:_generate_option_symbol:470 | 生成期权代码: SPY250617P00602000 (行权价$602, 类型PUT)
2025-06-17 09:17:53 | INFO     | src.data.market_data:find_suitable_options:444 | 成功获取期权SPY250617P00602000的报价数据
2025-06-17 09:17:53 | ERROR    | src.trading.executor:find_best_option:192 | 查找最佳期权失败: 'contractSymbol'
2025-06-17 09:17:53 | WARNING  | src.bot.trading_bot:_check_signals:216 | 信号执行失败: SHORT
2025-06-17 09:17:53 | INFO     | src.trading.executor:update_account_info:125 | 账户更新: 总值$100396.42, 买入力$401585.68
2025-06-17 09:17:53 | DEBUG    | src.bot.trading_bot:_update_market_data:184 | 市场数据更新完成
2025-06-17 09:17:56 | INFO     | src.strategy.signals:generate_signals:468 | 生成信号: SHORT - VWAP空头突破: 偏离-0.21%, MACD转负
2025-06-17 09:17:56 | INFO     | src.bot.trading_bot:_check_signals:202 | 检测到信号: SHORT 置信度: 0.85 原因: VWAP空头突破: 偏离-0.21%, MACD转负
2025-06-17 09:17:56 | INFO     | src.utils.notifications:send_message:63 | [GENERAL] 📡 交易信号
类型: SHORT
强度: MEDIUM
置信度: 0.85
价格: $599.31
原因: VWAP空头突破: 偏离-0.21%, MACD转负
2025-06-17 09:17:56 | INFO     | src.data.market_data:find_suitable_options:435 | 当前SPY价格: $601.49, 选择PUT期权行权价: $602
2025-06-17 09:17:56 | DEBUG    | src.data.market_data:_generate_option_symbol:470 | 生成期权代码: SPY250617P00602000 (行权价$602, 类型PUT)
2025-06-17 09:17:56 | INFO     | src.data.market_data:find_suitable_options:444 | 成功获取期权SPY250617P00602000的报价数据
2025-06-17 09:17:56 | ERROR    | src.trading.executor:find_best_option:192 | 查找最佳期权失败: 'contractSymbol'
2025-06-17 09:17:56 | WARNING  | src.bot.trading_bot:_check_signals:216 | 信号执行失败: SHORT
2025-06-17 09:17:57 | INFO     | src.trading.executor:update_account_info:125 | 账户更新: 总值$100396.42, 买入力$401585.68
2025-06-17 09:17:57 | DEBUG    | src.bot.trading_bot:_update_market_data:184 | 市场数据更新完成
2025-06-17 09:18:00 | INFO     | src.strategy.signals:generate_signals:468 | 生成信号: SHORT - VWAP空头突破: 偏离-0.21%, MACD转负
2025-06-17 09:18:00 | INFO     | src.bot.trading_bot:_check_signals:202 | 检测到信号: SHORT 置信度: 0.85 原因: VWAP空头突破: 偏离-0.21%, MACD转负
2025-06-17 09:18:00 | INFO     | src.utils.notifications:send_message:63 | [GENERAL] 📡 交易信号
类型: SHORT
强度: MEDIUM
置信度: 0.85
价格: $599.31
原因: VWAP空头突破: 偏离-0.21%, MACD转负
2025-06-17 09:18:00 | INFO     | src.data.market_data:find_suitable_options:435 | 当前SPY价格: $601.49, 选择PUT期权行权价: $602
2025-06-17 09:18:00 | DEBUG    | src.data.market_data:_generate_option_symbol:470 | 生成期权代码: SPY250617P00602000 (行权价$602, 类型PUT)
2025-06-17 09:18:00 | INFO     | src.data.market_data:find_suitable_options:444 | 成功获取期权SPY250617P00602000的报价数据
2025-06-17 09:18:00 | ERROR    | src.trading.executor:find_best_option:192 | 查找最佳期权失败: 'contractSymbol'
2025-06-17 09:18:00 | WARNING  | src.bot.trading_bot:_check_signals:216 | 信号执行失败: SHORT
2025-06-17 09:18:00 | DEBUG    | src.bot.trading_bot:_update_positions_normal:259 | 📊 常规头寸更新完成
2025-06-17 09:18:01 | INFO     | src.trading.executor:update_account_info:125 | 账户更新: 总值$100396.42, 买入力$401585.68
2025-06-17 09:18:01 | DEBUG    | src.bot.trading_bot:_update_market_data:184 | 市场数据更新完成
2025-06-17 09:18:03 | INFO     | src.strategy.signals:generate_signals:468 | 生成信号: SHORT - VWAP空头突破: 偏离-0.21%, MACD转负
2025-06-17 09:18:03 | INFO     | src.bot.trading_bot:_check_signals:202 | 检测到信号: SHORT 置信度: 0.85 原因: VWAP空头突破: 偏离-0.21%, MACD转负
2025-06-17 09:18:03 | INFO     | src.utils.notifications:send_message:63 | [GENERAL] 📡 交易信号
类型: SHORT
强度: MEDIUM
置信度: 0.85
价格: $599.31
原因: VWAP空头突破: 偏离-0.21%, MACD转负
2025-06-17 09:18:03 | INFO     | src.data.market_data:find_suitable_options:435 | 当前SPY价格: $601.49, 选择PUT期权行权价: $602
2025-06-17 09:18:03 | DEBUG    | src.data.market_data:_generate_option_symbol:470 | 生成期权代码: SPY250617P00602000 (行权价$602, 类型PUT)
2025-06-17 09:18:03 | INFO     | src.data.market_data:find_suitable_options:444 | 成功获取期权SPY250617P00602000的报价数据
2025-06-17 09:18:03 | ERROR    | src.trading.executor:find_best_option:192 | 查找最佳期权失败: 'contractSymbol'
2025-06-17 09:18:03 | WARNING  | src.bot.trading_bot:_check_signals:216 | 信号执行失败: SHORT
2025-06-17 09:18:04 | INFO     | src.trading.executor:update_account_info:125 | 账户更新: 总值$100396.42, 买入力$401585.68
2025-06-17 09:18:04 | DEBUG    | src.bot.trading_bot:_update_market_data:184 | 市场数据更新完成
2025-06-17 09:18:07 | INFO     | src.strategy.signals:generate_signals:468 | 生成信号: SHORT - VWAP空头突破: 偏离-0.21%, MACD转负
2025-06-17 09:18:07 | INFO     | src.bot.trading_bot:_check_signals:202 | 检测到信号: SHORT 置信度: 0.85 原因: VWAP空头突破: 偏离-0.21%, MACD转负
2025-06-17 09:18:07 | INFO     | src.utils.notifications:send_message:63 | [GENERAL] 📡 交易信号
类型: SHORT
强度: MEDIUM
置信度: 0.85
价格: $599.31
原因: VWAP空头突破: 偏离-0.21%, MACD转负
2025-06-17 09:18:07 | INFO     | src.data.market_data:find_suitable_options:435 | 当前SPY价格: $601.49, 选择PUT期权行权价: $602
2025-06-17 09:18:07 | DEBUG    | src.data.market_data:_generate_option_symbol:470 | 生成期权代码: SPY250617P00602000 (行权价$602, 类型PUT)
2025-06-17 09:18:07 | INFO     | src.data.market_data:find_suitable_options:444 | 成功获取期权SPY250617P00602000的报价数据
2025-06-17 09:18:07 | ERROR    | src.trading.executor:find_best_option:192 | 查找最佳期权失败: 'contractSymbol'
2025-06-17 09:18:07 | WARNING  | src.bot.trading_bot:_check_signals:216 | 信号执行失败: SHORT
2025-06-17 09:18:07 | INFO     | src.trading.executor:update_account_info:125 | 账户更新: 总值$100396.42, 买入力$401585.68
2025-06-17 09:18:07 | DEBUG    | src.bot.trading_bot:_update_market_data:184 | 市场数据更新完成
2025-06-17 09:18:10 | INFO     | src.strategy.signals:generate_signals:468 | 生成信号: SHORT - VWAP空头突破: 偏离-0.21%, MACD转负
2025-06-17 09:18:10 | INFO     | src.bot.trading_bot:_check_signals:202 | 检测到信号: SHORT 置信度: 0.85 原因: VWAP空头突破: 偏离-0.21%, MACD转负
2025-06-17 09:18:10 | INFO     | src.utils.notifications:send_message:63 | [GENERAL] 📡 交易信号
类型: SHORT
强度: MEDIUM
置信度: 0.85
价格: $599.31
原因: VWAP空头突破: 偏离-0.21%, MACD转负
2025-06-17 09:18:10 | INFO     | src.data.market_data:find_suitable_options:435 | 当前SPY价格: $601.46, 选择PUT期权行权价: $602
2025-06-17 09:18:10 | DEBUG    | src.data.market_data:_generate_option_symbol:470 | 生成期权代码: SPY250617P00602000 (行权价$602, 类型PUT)
2025-06-17 09:18:10 | INFO     | src.data.market_data:find_suitable_options:444 | 成功获取期权SPY250617P00602000的报价数据
2025-06-17 09:18:10 | ERROR    | src.trading.executor:find_best_option:192 | 查找最佳期权失败: 'contractSymbol'
2025-06-17 09:18:10 | WARNING  | src.bot.trading_bot:_check_signals:216 | 信号执行失败: SHORT
2025-06-17 09:18:11 | INFO     | src.trading.executor:update_account_info:125 | 账户更新: 总值$100396.42, 买入力$401585.68
2025-06-17 09:18:11 | DEBUG    | src.bot.trading_bot:_update_market_data:184 | 市场数据更新完成
2025-06-17 09:18:14 | INFO     | src.strategy.signals:generate_signals:468 | 生成信号: SHORT - VWAP空头突破: 偏离-0.21%, MACD转负
2025-06-17 09:18:14 | INFO     | src.bot.trading_bot:_check_signals:202 | 检测到信号: SHORT 置信度: 0.85 原因: VWAP空头突破: 偏离-0.21%, MACD转负
2025-06-17 09:18:14 | INFO     | src.utils.notifications:send_message:63 | [GENERAL] 📡 交易信号
类型: SHORT
强度: MEDIUM
置信度: 0.85
价格: $599.31
原因: VWAP空头突破: 偏离-0.21%, MACD转负
2025-06-17 09:18:14 | INFO     | src.data.market_data:find_suitable_options:435 | 当前SPY价格: $601.46, 选择PUT期权行权价: $602
2025-06-17 09:18:14 | DEBUG    | src.data.market_data:_generate_option_symbol:470 | 生成期权代码: SPY250617P00602000 (行权价$602, 类型PUT)
2025-06-17 09:18:14 | INFO     | src.data.market_data:find_suitable_options:444 | 成功获取期权SPY250617P00602000的报价数据
2025-06-17 09:18:14 | ERROR    | src.trading.executor:find_best_option:192 | 查找最佳期权失败: 'contractSymbol'
2025-06-17 09:18:14 | WARNING  | src.bot.trading_bot:_check_signals:216 | 信号执行失败: SHORT
2025-06-17 09:18:14 | INFO     | src.trading.executor:update_account_info:125 | 账户更新: 总值$100396.42, 买入力$401585.68
2025-06-17 09:18:14 | DEBUG    | src.bot.trading_bot:_update_market_data:184 | 市场数据更新完成
2025-06-17 09:18:17 | INFO     | src.strategy.signals:generate_signals:468 | 生成信号: SHORT - VWAP空头突破: 偏离-0.21%, MACD转负
2025-06-17 09:18:17 | INFO     | src.bot.trading_bot:_check_signals:202 | 检测到信号: SHORT 置信度: 0.85 原因: VWAP空头突破: 偏离-0.21%, MACD转负
2025-06-17 09:18:17 | INFO     | src.utils.notifications:send_message:63 | [GENERAL] 📡 交易信号
类型: SHORT
强度: MEDIUM
置信度: 0.85
价格: $599.31
原因: VWAP空头突破: 偏离-0.21%, MACD转负
2025-06-17 09:18:17 | INFO     | src.data.market_data:find_suitable_options:435 | 当前SPY价格: $601.39, 选择PUT期权行权价: $602
2025-06-17 09:18:17 | DEBUG    | src.data.market_data:_generate_option_symbol:470 | 生成期权代码: SPY250617P00602000 (行权价$602, 类型PUT)
2025-06-17 09:18:17 | INFO     | src.data.market_data:find_suitable_options:444 | 成功获取期权SPY250617P00602000的报价数据
2025-06-17 09:18:17 | ERROR    | src.trading.executor:find_best_option:192 | 查找最佳期权失败: 'contractSymbol'
2025-06-17 09:18:17 | WARNING  | src.bot.trading_bot:_check_signals:216 | 信号执行失败: SHORT
2025-06-17 09:18:18 | INFO     | src.trading.executor:update_account_info:125 | 账户更新: 总值$100396.42, 买入力$401585.68
2025-06-17 09:18:18 | DEBUG    | src.bot.trading_bot:_update_market_data:184 | 市场数据更新完成
2025-06-17 09:18:20 | INFO     | src.strategy.signals:generate_signals:468 | 生成信号: SHORT - VWAP空头突破: 偏离-0.21%, MACD转负
2025-06-17 09:18:20 | INFO     | src.bot.trading_bot:_check_signals:202 | 检测到信号: SHORT 置信度: 0.85 原因: VWAP空头突破: 偏离-0.21%, MACD转负
2025-06-17 09:18:20 | INFO     | src.utils.notifications:send_message:63 | [GENERAL] 📡 交易信号
类型: SHORT
强度: MEDIUM
置信度: 0.85
价格: $599.31
原因: VWAP空头突破: 偏离-0.21%, MACD转负
2025-06-17 09:18:21 | INFO     | src.data.market_data:find_suitable_options:435 | 当前SPY价格: $601.39, 选择PUT期权行权价: $602
2025-06-17 09:18:21 | DEBUG    | src.data.market_data:_generate_option_symbol:470 | 生成期权代码: SPY250617P00602000 (行权价$602, 类型PUT)
2025-06-17 09:18:21 | INFO     | src.data.market_data:find_suitable_options:444 | 成功获取期权SPY250617P00602000的报价数据
2025-06-17 09:18:21 | ERROR    | src.trading.executor:find_best_option:192 | 查找最佳期权失败: 'contractSymbol'
2025-06-17 09:18:21 | WARNING  | src.bot.trading_bot:_check_signals:216 | 信号执行失败: SHORT
2025-06-17 09:18:21 | INFO     | src.trading.executor:update_account_info:125 | 账户更新: 总值$100396.42, 买入力$401585.68
2025-06-17 09:18:21 | DEBUG    | src.bot.trading_bot:_update_market_data:184 | 市场数据更新完成
2025-06-17 09:18:24 | INFO     | src.strategy.signals:generate_signals:468 | 生成信号: SHORT - VWAP空头突破: 偏离-0.21%, MACD转负
2025-06-17 09:18:24 | INFO     | src.bot.trading_bot:_check_signals:202 | 检测到信号: SHORT 置信度: 0.85 原因: VWAP空头突破: 偏离-0.21%, MACD转负
2025-06-17 09:18:24 | INFO     | src.utils.notifications:send_message:63 | [GENERAL] 📡 交易信号
类型: SHORT
强度: MEDIUM
置信度: 0.85
价格: $599.31
原因: VWAP空头突破: 偏离-0.21%, MACD转负
2025-06-17 09:18:24 | INFO     | src.data.market_data:find_suitable_options:435 | 当前SPY价格: $601.39, 选择PUT期权行权价: $602
2025-06-17 09:18:24 | DEBUG    | src.data.market_data:_generate_option_symbol:470 | 生成期权代码: SPY250617P00602000 (行权价$602, 类型PUT)
2025-06-17 09:18:24 | INFO     | src.data.market_data:find_suitable_options:444 | 成功获取期权SPY250617P00602000的报价数据
2025-06-17 09:18:24 | ERROR    | src.trading.executor:find_best_option:192 | 查找最佳期权失败: 'contractSymbol'
2025-06-17 09:18:24 | WARNING  | src.bot.trading_bot:_check_signals:216 | 信号执行失败: SHORT
2025-06-17 09:18:25 | INFO     | src.trading.executor:update_account_info:125 | 账户更新: 总值$100396.42, 买入力$401585.68
2025-06-17 09:18:25 | DEBUG    | src.bot.trading_bot:_update_market_data:184 | 市场数据更新完成
2025-06-17 09:18:27 | INFO     | src.strategy.signals:generate_signals:468 | 生成信号: SHORT - VWAP空头突破: 偏离-0.21%, MACD转负
2025-06-17 09:18:27 | INFO     | src.bot.trading_bot:_check_signals:202 | 检测到信号: SHORT 置信度: 0.85 原因: VWAP空头突破: 偏离-0.21%, MACD转负
2025-06-17 09:18:27 | INFO     | src.utils.notifications:send_message:63 | [GENERAL] 📡 交易信号
类型: SHORT
强度: MEDIUM
置信度: 0.85
价格: $599.31
原因: VWAP空头突破: 偏离-0.21%, MACD转负
2025-06-17 09:18:27 | INFO     | src.data.market_data:find_suitable_options:435 | 当前SPY价格: $601.39, 选择PUT期权行权价: $602
2025-06-17 09:18:27 | DEBUG    | src.data.market_data:_generate_option_symbol:470 | 生成期权代码: SPY250617P00602000 (行权价$602, 类型PUT)
2025-06-17 09:18:28 | INFO     | src.data.market_data:find_suitable_options:444 | 成功获取期权SPY250617P00602000的报价数据
2025-06-17 09:18:28 | ERROR    | src.trading.executor:find_best_option:192 | 查找最佳期权失败: 'contractSymbol'
2025-06-17 09:18:28 | WARNING  | src.bot.trading_bot:_check_signals:216 | 信号执行失败: SHORT
2025-06-17 09:18:28 | INFO     | src.trading.executor:update_account_info:125 | 账户更新: 总值$100396.42, 买入力$401585.68
2025-06-17 09:18:28 | DEBUG    | src.bot.trading_bot:_update_market_data:184 | 市场数据更新完成
2025-06-17 09:18:31 | INFO     | src.strategy.signals:generate_signals:468 | 生成信号: SHORT - VWAP空头突破: 偏离-0.21%, MACD转负
2025-06-17 09:18:31 | INFO     | src.bot.trading_bot:_check_signals:202 | 检测到信号: SHORT 置信度: 0.85 原因: VWAP空头突破: 偏离-0.21%, MACD转负
2025-06-17 09:18:31 | INFO     | src.utils.notifications:send_message:63 | [GENERAL] 📡 交易信号
类型: SHORT
强度: MEDIUM
置信度: 0.85
价格: $599.31
原因: VWAP空头突破: 偏离-0.21%, MACD转负
2025-06-17 09:18:31 | INFO     | src.data.market_data:find_suitable_options:435 | 当前SPY价格: $601.41, 选择PUT期权行权价: $602
2025-06-17 09:18:31 | DEBUG    | src.data.market_data:_generate_option_symbol:470 | 生成期权代码: SPY250617P00602000 (行权价$602, 类型PUT)
2025-06-17 09:18:31 | INFO     | src.data.market_data:find_suitable_options:444 | 成功获取期权SPY250617P00602000的报价数据
2025-06-17 09:18:31 | ERROR    | src.trading.executor:find_best_option:192 | 查找最佳期权失败: 'contractSymbol'
2025-06-17 09:18:31 | WARNING  | src.bot.trading_bot:_check_signals:216 | 信号执行失败: SHORT
2025-06-17 09:18:32 | INFO     | src.trading.executor:update_account_info:125 | 账户更新: 总值$100396.42, 买入力$401585.68
2025-06-17 09:18:32 | DEBUG    | src.bot.trading_bot:_update_market_data:184 | 市场数据更新完成
2025-06-17 09:18:34 | INFO     | src.strategy.signals:generate_signals:468 | 生成信号: SHORT - VWAP空头突破: 偏离-0.21%, MACD转负
2025-06-17 09:18:34 | INFO     | src.bot.trading_bot:_check_signals:202 | 检测到信号: SHORT 置信度: 0.85 原因: VWAP空头突破: 偏离-0.21%, MACD转负
2025-06-17 09:18:34 | INFO     | src.utils.notifications:send_message:63 | [GENERAL] 📡 交易信号
类型: SHORT
强度: MEDIUM
置信度: 0.85
价格: $599.31
原因: VWAP空头突破: 偏离-0.21%, MACD转负
2025-06-17 09:18:35 | INFO     | src.data.market_data:find_suitable_options:435 | 当前SPY价格: $601.41, 选择PUT期权行权价: $602
2025-06-17 09:18:35 | DEBUG    | src.data.market_data:_generate_option_symbol:470 | 生成期权代码: SPY250617P00602000 (行权价$602, 类型PUT)
2025-06-17 09:18:35 | INFO     | src.data.market_data:find_suitable_options:444 | 成功获取期权SPY250617P00602000的报价数据
2025-06-17 09:18:35 | ERROR    | src.trading.executor:find_best_option:192 | 查找最佳期权失败: 'contractSymbol'
2025-06-17 09:18:35 | WARNING  | src.bot.trading_bot:_check_signals:216 | 信号执行失败: SHORT
2025-06-17 09:18:35 | INFO     | src.trading.executor:update_account_info:125 | 账户更新: 总值$100396.42, 买入力$401585.68
2025-06-17 09:18:35 | DEBUG    | src.bot.trading_bot:_update_market_data:184 | 市场数据更新完成
2025-06-17 09:18:38 | INFO     | src.strategy.signals:generate_signals:468 | 生成信号: SHORT - VWAP空头突破: 偏离-0.21%, MACD转负
2025-06-17 09:18:38 | INFO     | src.bot.trading_bot:_check_signals:202 | 检测到信号: SHORT 置信度: 0.85 原因: VWAP空头突破: 偏离-0.21%, MACD转负
2025-06-17 09:18:38 | INFO     | src.utils.notifications:send_message:63 | [GENERAL] 📡 交易信号
类型: SHORT
强度: MEDIUM
置信度: 0.85
价格: $599.31
原因: VWAP空头突破: 偏离-0.21%, MACD转负
2025-06-17 09:18:38 | INFO     | src.data.market_data:find_suitable_options:435 | 当前SPY价格: $601.34, 选择PUT期权行权价: $602
2025-06-17 09:18:38 | DEBUG    | src.data.market_data:_generate_option_symbol:470 | 生成期权代码: SPY250617P00602000 (行权价$602, 类型PUT)
2025-06-17 09:18:38 | INFO     | src.data.market_data:find_suitable_options:444 | 成功获取期权SPY250617P00602000的报价数据
2025-06-17 09:18:38 | ERROR    | src.trading.executor:find_best_option:192 | 查找最佳期权失败: 'contractSymbol'
2025-06-17 09:18:38 | WARNING  | src.bot.trading_bot:_check_signals:216 | 信号执行失败: SHORT
2025-06-17 09:18:39 | INFO     | src.trading.executor:update_account_info:125 | 账户更新: 总值$100396.42, 买入力$401585.68
2025-06-17 09:18:39 | DEBUG    | src.bot.trading_bot:_update_market_data:184 | 市场数据更新完成
2025-06-17 09:18:41 | INFO     | src.strategy.signals:generate_signals:468 | 生成信号: SHORT - VWAP空头突破: 偏离-0.21%, MACD转负
2025-06-17 09:18:41 | INFO     | src.bot.trading_bot:_check_signals:202 | 检测到信号: SHORT 置信度: 0.85 原因: VWAP空头突破: 偏离-0.21%, MACD转负
2025-06-17 09:18:41 | INFO     | src.utils.notifications:send_message:63 | [GENERAL] 📡 交易信号
类型: SHORT
强度: MEDIUM
置信度: 0.85
价格: $599.31
原因: VWAP空头突破: 偏离-0.21%, MACD转负
2025-06-17 09:18:41 | INFO     | src.data.market_data:find_suitable_options:435 | 当前SPY价格: $601.34, 选择PUT期权行权价: $602
2025-06-17 09:18:41 | DEBUG    | src.data.market_data:_generate_option_symbol:470 | 生成期权代码: SPY250617P00602000 (行权价$602, 类型PUT)
2025-06-17 09:18:42 | INFO     | src.data.market_data:find_suitable_options:444 | 成功获取期权SPY250617P00602000的报价数据
2025-06-17 09:18:42 | ERROR    | src.trading.executor:find_best_option:192 | 查找最佳期权失败: 'contractSymbol'
2025-06-17 09:18:42 | WARNING  | src.bot.trading_bot:_check_signals:216 | 信号执行失败: SHORT
2025-06-17 09:18:42 | INFO     | src.trading.executor:update_account_info:125 | 账户更新: 总值$100396.42, 买入力$401585.68
2025-06-17 09:18:42 | DEBUG    | src.bot.trading_bot:_update_market_data:184 | 市场数据更新完成
2025-06-17 09:18:45 | INFO     | src.strategy.signals:generate_signals:468 | 生成信号: SHORT - VWAP空头突破: 偏离-0.21%, MACD转负
2025-06-17 09:18:45 | INFO     | src.bot.trading_bot:_check_signals:202 | 检测到信号: SHORT 置信度: 0.85 原因: VWAP空头突破: 偏离-0.21%, MACD转负
2025-06-17 09:18:45 | INFO     | src.utils.notifications:send_message:63 | [GENERAL] 📡 交易信号
类型: SHORT
强度: MEDIUM
置信度: 0.85
价格: $599.31
原因: VWAP空头突破: 偏离-0.21%, MACD转负
2025-06-17 09:18:45 | INFO     | src.data.market_data:find_suitable_options:435 | 当前SPY价格: $601.34, 选择PUT期权行权价: $602
2025-06-17 09:18:45 | DEBUG    | src.data.market_data:_generate_option_symbol:470 | 生成期权代码: SPY250617P00602000 (行权价$602, 类型PUT)
2025-06-17 09:18:45 | INFO     | src.data.market_data:find_suitable_options:444 | 成功获取期权SPY250617P00602000的报价数据
2025-06-17 09:18:45 | ERROR    | src.trading.executor:find_best_option:192 | 查找最佳期权失败: 'contractSymbol'
2025-06-17 09:18:45 | WARNING  | src.bot.trading_bot:_check_signals:216 | 信号执行失败: SHORT
2025-06-17 09:18:46 | INFO     | src.trading.executor:update_account_info:125 | 账户更新: 总值$100396.42, 买入力$401585.68
2025-06-17 09:18:46 | DEBUG    | src.bot.trading_bot:_update_market_data:184 | 市场数据更新完成
2025-06-17 09:18:48 | INFO     | src.strategy.signals:generate_signals:468 | 生成信号: SHORT - VWAP空头突破: 偏离-0.21%, MACD转负
2025-06-17 09:18:48 | INFO     | src.bot.trading_bot:_check_signals:202 | 检测到信号: SHORT 置信度: 0.85 原因: VWAP空头突破: 偏离-0.21%, MACD转负
2025-06-17 09:18:48 | INFO     | src.utils.notifications:send_message:63 | [GENERAL] 📡 交易信号
类型: SHORT
强度: MEDIUM
置信度: 0.85
价格: $599.31
原因: VWAP空头突破: 偏离-0.21%, MACD转负
2025-06-17 09:18:48 | INFO     | src.data.market_data:find_suitable_options:435 | 当前SPY价格: $601.34, 选择PUT期权行权价: $602
2025-06-17 09:18:48 | DEBUG    | src.data.market_data:_generate_option_symbol:470 | 生成期权代码: SPY250617P00602000 (行权价$602, 类型PUT)
2025-06-17 09:18:49 | INFO     | src.data.market_data:find_suitable_options:444 | 成功获取期权SPY250617P00602000的报价数据
2025-06-17 09:18:49 | ERROR    | src.trading.executor:find_best_option:192 | 查找最佳期权失败: 'contractSymbol'
2025-06-17 09:18:49 | WARNING  | src.bot.trading_bot:_check_signals:216 | 信号执行失败: SHORT
2025-06-17 09:18:49 | INFO     | src.trading.executor:update_account_info:125 | 账户更新: 总值$100396.42, 买入力$401585.68
2025-06-17 09:18:49 | DEBUG    | src.bot.trading_bot:_update_market_data:184 | 市场数据更新完成
2025-06-17 09:18:52 | INFO     | src.strategy.signals:generate_signals:468 | 生成信号: SHORT - VWAP空头突破: 偏离-0.21%, MACD转负
2025-06-17 09:18:52 | INFO     | src.bot.trading_bot:_check_signals:202 | 检测到信号: SHORT 置信度: 0.85 原因: VWAP空头突破: 偏离-0.21%, MACD转负
2025-06-17 09:18:52 | INFO     | src.utils.notifications:send_message:63 | [GENERAL] 📡 交易信号
类型: SHORT
强度: MEDIUM
置信度: 0.85
价格: $599.31
原因: VWAP空头突破: 偏离-0.21%, MACD转负
2025-06-17 09:18:52 | INFO     | src.data.market_data:find_suitable_options:435 | 当前SPY价格: $601.34, 选择PUT期权行权价: $602
2025-06-17 09:18:52 | DEBUG    | src.data.market_data:_generate_option_symbol:470 | 生成期权代码: SPY250617P00602000 (行权价$602, 类型PUT)
2025-06-17 09:18:52 | INFO     | src.data.market_data:find_suitable_options:444 | 成功获取期权SPY250617P00602000的报价数据
2025-06-17 09:18:52 | ERROR    | src.trading.executor:find_best_option:192 | 查找最佳期权失败: 'contractSymbol'
2025-06-17 09:18:52 | WARNING  | src.bot.trading_bot:_check_signals:216 | 信号执行失败: SHORT
2025-06-17 09:18:53 | INFO     | src.trading.executor:update_account_info:125 | 账户更新: 总值$100396.42, 买入力$401585.68
2025-06-17 09:18:53 | DEBUG    | src.bot.trading_bot:_update_market_data:184 | 市场数据更新完成
2025-06-17 09:18:55 | INFO     | src.strategy.signals:generate_signals:468 | 生成信号: SHORT - VWAP空头突破: 偏离-0.21%, MACD转负
2025-06-17 09:18:55 | INFO     | src.bot.trading_bot:_check_signals:202 | 检测到信号: SHORT 置信度: 0.85 原因: VWAP空头突破: 偏离-0.21%, MACD转负
2025-06-17 09:18:55 | INFO     | src.utils.notifications:send_message:63 | [GENERAL] 📡 交易信号
类型: SHORT
强度: MEDIUM
置信度: 0.85
价格: $599.31
原因: VWAP空头突破: 偏离-0.21%, MACD转负
2025-06-17 09:18:55 | INFO     | src.data.market_data:find_suitable_options:435 | 当前SPY价格: $601.39, 选择PUT期权行权价: $602
2025-06-17 09:18:55 | DEBUG    | src.data.market_data:_generate_option_symbol:470 | 生成期权代码: SPY250617P00602000 (行权价$602, 类型PUT)
2025-06-17 09:18:55 | INFO     | src.data.market_data:find_suitable_options:444 | 成功获取期权SPY250617P00602000的报价数据
2025-06-17 09:18:55 | ERROR    | src.trading.executor:find_best_option:192 | 查找最佳期权失败: 'contractSymbol'
2025-06-17 09:18:55 | WARNING  | src.bot.trading_bot:_check_signals:216 | 信号执行失败: SHORT
2025-06-17 09:18:56 | INFO     | src.trading.executor:update_account_info:125 | 账户更新: 总值$100396.42, 买入力$401585.68
2025-06-17 09:18:56 | DEBUG    | src.bot.trading_bot:_update_market_data:184 | 市场数据更新完成
2025-06-17 09:18:59 | INFO     | src.strategy.signals:generate_signals:468 | 生成信号: SHORT - VWAP空头突破: 偏离-0.21%, MACD转负
2025-06-17 09:18:59 | INFO     | src.bot.trading_bot:_check_signals:202 | 检测到信号: SHORT 置信度: 0.85 原因: VWAP空头突破: 偏离-0.21%, MACD转负
2025-06-17 09:18:59 | INFO     | src.utils.notifications:send_message:63 | [GENERAL] 📡 交易信号
类型: SHORT
强度: MEDIUM
置信度: 0.85
价格: $599.31
原因: VWAP空头突破: 偏离-0.21%, MACD转负
2025-06-17 09:18:59 | INFO     | src.data.market_data:find_suitable_options:435 | 当前SPY价格: $601.39, 选择PUT期权行权价: $602
2025-06-17 09:18:59 | DEBUG    | src.data.market_data:_generate_option_symbol:470 | 生成期权代码: SPY250617P00602000 (行权价$602, 类型PUT)
2025-06-17 09:18:59 | INFO     | src.data.market_data:find_suitable_options:444 | 成功获取期权SPY250617P00602000的报价数据
2025-06-17 09:18:59 | ERROR    | src.trading.executor:find_best_option:192 | 查找最佳期权失败: 'contractSymbol'
2025-06-17 09:18:59 | WARNING  | src.bot.trading_bot:_check_signals:216 | 信号执行失败: SHORT
2025-06-17 09:19:00 | INFO     | src.trading.executor:update_account_info:125 | 账户更新: 总值$100396.42, 买入力$401585.68
2025-06-17 09:19:00 | DEBUG    | src.bot.trading_bot:_update_market_data:184 | 市场数据更新完成
2025-06-17 09:19:00 | DEBUG    | src.bot.trading_bot:_update_positions_normal:259 | 📊 常规头寸更新完成
2025-06-17 09:19:03 | INFO     | src.trading.executor:update_account_info:125 | 账户更新: 总值$100396.42, 买入力$401585.68
2025-06-17 09:19:03 | DEBUG    | src.bot.trading_bot:_update_market_data:184 | 市场数据更新完成
2025-06-17 09:19:06 | INFO     | src.trading.executor:update_account_info:125 | 账户更新: 总值$100396.42, 买入力$401585.68
2025-06-17 09:19:06 | DEBUG    | src.bot.trading_bot:_update_market_data:184 | 市场数据更新完成
2025-06-17 09:19:09 | INFO     | src.trading.executor:update_account_info:125 | 账户更新: 总值$100396.42, 买入力$401585.68
2025-06-17 09:19:09 | DEBUG    | src.bot.trading_bot:_update_market_data:184 | 市场数据更新完成
2025-06-17 09:19:12 | INFO     | src.trading.executor:update_account_info:125 | 账户更新: 总值$100396.42, 买入力$401585.68
2025-06-17 09:19:12 | DEBUG    | src.bot.trading_bot:_update_market_data:184 | 市场数据更新完成
2025-06-17 09:19:16 | INFO     | src.trading.executor:update_account_info:125 | 账户更新: 总值$100396.42, 买入力$401585.68
2025-06-17 09:19:16 | DEBUG    | src.bot.trading_bot:_update_market_data:184 | 市场数据更新完成
2025-06-17 09:19:19 | INFO     | src.trading.executor:update_account_info:125 | 账户更新: 总值$100396.42, 买入力$401585.68
2025-06-17 09:19:19 | DEBUG    | src.bot.trading_bot:_update_market_data:184 | 市场数据更新完成
2025-06-17 09:19:22 | INFO     | src.trading.executor:update_account_info:125 | 账户更新: 总值$100396.42, 买入力$401585.68
2025-06-17 09:19:22 | DEBUG    | src.bot.trading_bot:_update_market_data:184 | 市场数据更新完成
2025-06-17 09:19:25 | INFO     | src.trading.executor:update_account_info:125 | 账户更新: 总值$100396.42, 买入力$401585.68
2025-06-17 09:19:25 | DEBUG    | src.bot.trading_bot:_update_market_data:184 | 市场数据更新完成
2025-06-17 09:19:28 | INFO     | src.trading.executor:update_account_info:125 | 账户更新: 总值$100396.42, 买入力$401585.68
2025-06-17 09:19:28 | DEBUG    | src.bot.trading_bot:_update_market_data:184 | 市场数据更新完成
2025-06-17 09:19:32 | INFO     | src.trading.executor:update_account_info:125 | 账户更新: 总值$100396.42, 买入力$401585.68
2025-06-17 09:19:32 | DEBUG    | src.bot.trading_bot:_update_market_data:184 | 市场数据更新完成
2025-06-17 09:19:35 | INFO     | src.trading.executor:update_account_info:125 | 账户更新: 总值$100396.42, 买入力$401585.68
2025-06-17 09:19:35 | DEBUG    | src.bot.trading_bot:_update_market_data:184 | 市场数据更新完成
2025-06-17 09:19:38 | INFO     | src.trading.executor:update_account_info:125 | 账户更新: 总值$100396.42, 买入力$401585.68
2025-06-17 09:19:38 | DEBUG    | src.bot.trading_bot:_update_market_data:184 | 市场数据更新完成
2025-06-17 09:19:41 | INFO     | src.trading.executor:update_account_info:125 | 账户更新: 总值$100396.42, 买入力$401585.68
2025-06-17 09:19:41 | DEBUG    | src.bot.trading_bot:_update_market_data:184 | 市场数据更新完成
2025-06-17 09:19:45 | INFO     | src.trading.executor:update_account_info:125 | 账户更新: 总值$100396.42, 买入力$401585.68
2025-06-17 09:19:45 | DEBUG    | src.bot.trading_bot:_update_market_data:184 | 市场数据更新完成
2025-06-17 09:19:48 | INFO     | src.trading.executor:update_account_info:125 | 账户更新: 总值$100396.42, 买入力$401585.68
2025-06-17 09:19:48 | DEBUG    | src.bot.trading_bot:_update_market_data:184 | 市场数据更新完成
2025-06-17 09:19:51 | INFO     | src.trading.executor:update_account_info:125 | 账户更新: 总值$100396.42, 买入力$401585.68
2025-06-17 09:19:51 | DEBUG    | src.bot.trading_bot:_update_market_data:184 | 市场数据更新完成
2025-06-17 09:19:54 | INFO     | src.trading.executor:update_account_info:125 | 账户更新: 总值$100396.42, 买入力$401585.68
2025-06-17 09:19:54 | DEBUG    | src.bot.trading_bot:_update_market_data:184 | 市场数据更新完成
2025-06-17 09:19:57 | INFO     | src.trading.executor:update_account_info:125 | 账户更新: 总值$100396.42, 买入力$401585.68
2025-06-17 09:19:57 | DEBUG    | src.bot.trading_bot:_update_market_data:184 | 市场数据更新完成
2025-06-17 09:20:01 | DEBUG    | src.bot.trading_bot:_update_positions_normal:259 | 📊 常规头寸更新完成
2025-06-17 09:20:01 | INFO     | src.trading.executor:update_account_info:125 | 账户更新: 总值$100396.42, 买入力$401585.68
2025-06-17 09:20:01 | DEBUG    | src.bot.trading_bot:_update_market_data:184 | 市场数据更新完成
2025-06-17 09:20:04 | INFO     | src.trading.executor:update_account_info:125 | 账户更新: 总值$100396.42, 买入力$401585.68
2025-06-17 09:20:04 | DEBUG    | src.bot.trading_bot:_update_market_data:184 | 市场数据更新完成
2025-06-17 09:20:07 | INFO     | src.trading.executor:update_account_info:125 | 账户更新: 总值$100396.42, 买入力$401585.68
2025-06-17 09:20:07 | DEBUG    | src.bot.trading_bot:_update_market_data:184 | 市场数据更新完成
2025-06-17 09:20:10 | INFO     | src.trading.executor:update_account_info:125 | 账户更新: 总值$100396.42, 买入力$401585.68
2025-06-17 09:20:10 | DEBUG    | src.bot.trading_bot:_update_market_data:184 | 市场数据更新完成
2025-06-17 09:20:14 | INFO     | src.trading.executor:update_account_info:125 | 账户更新: 总值$100396.42, 买入力$401585.68
2025-06-17 09:20:14 | DEBUG    | src.bot.trading_bot:_update_market_data:184 | 市场数据更新完成
2025-06-17 09:20:17 | INFO     | src.trading.executor:update_account_info:125 | 账户更新: 总值$100396.42, 买入力$401585.68
2025-06-17 09:20:17 | DEBUG    | src.bot.trading_bot:_update_market_data:184 | 市场数据更新完成
2025-06-17 09:20:20 | INFO     | src.trading.executor:update_account_info:125 | 账户更新: 总值$100396.42, 买入力$401585.68
2025-06-17 09:20:20 | DEBUG    | src.bot.trading_bot:_update_market_data:184 | 市场数据更新完成
2025-06-17 09:20:23 | INFO     | src.trading.executor:update_account_info:125 | 账户更新: 总值$100396.42, 买入力$401585.68
2025-06-17 09:20:23 | DEBUG    | src.bot.trading_bot:_update_market_data:184 | 市场数据更新完成
2025-06-17 09:20:26 | INFO     | src.trading.executor:update_account_info:125 | 账户更新: 总值$100396.42, 买入力$401585.68
2025-06-17 09:20:26 | DEBUG    | src.bot.trading_bot:_update_market_data:184 | 市场数据更新完成
2025-06-17 09:20:30 | INFO     | src.trading.executor:update_account_info:125 | 账户更新: 总值$100396.42, 买入力$401585.68
2025-06-17 09:20:30 | DEBUG    | src.bot.trading_bot:_update_market_data:184 | 市场数据更新完成
2025-06-17 09:20:33 | INFO     | src.trading.executor:update_account_info:125 | 账户更新: 总值$100396.42, 买入力$401585.68
2025-06-17 09:20:33 | DEBUG    | src.bot.trading_bot:_update_market_data:184 | 市场数据更新完成
2025-06-17 09:20:36 | INFO     | src.trading.executor:update_account_info:125 | 账户更新: 总值$100396.42, 买入力$401585.68
2025-06-17 09:20:36 | DEBUG    | src.bot.trading_bot:_update_market_data:184 | 市场数据更新完成
2025-06-17 09:20:39 | INFO     | src.trading.executor:update_account_info:125 | 账户更新: 总值$100396.42, 买入力$401585.68
2025-06-17 09:20:39 | DEBUG    | src.bot.trading_bot:_update_market_data:184 | 市场数据更新完成
2025-06-17 09:20:43 | INFO     | src.trading.executor:update_account_info:125 | 账户更新: 总值$100396.42, 买入力$401585.68
2025-06-17 09:20:43 | DEBUG    | src.bot.trading_bot:_update_market_data:184 | 市场数据更新完成
2025-06-17 09:20:46 | INFO     | src.trading.executor:update_account_info:125 | 账户更新: 总值$100396.42, 买入力$401585.68
2025-06-17 09:20:46 | DEBUG    | src.bot.trading_bot:_update_market_data:184 | 市场数据更新完成
2025-06-17 09:20:49 | INFO     | src.trading.executor:update_account_info:125 | 账户更新: 总值$100396.42, 买入力$401585.68
2025-06-17 09:20:49 | DEBUG    | src.bot.trading_bot:_update_market_data:184 | 市场数据更新完成
2025-06-17 09:20:52 | INFO     | src.trading.executor:update_account_info:125 | 账户更新: 总值$100396.42, 买入力$401585.68
2025-06-17 09:20:52 | DEBUG    | src.bot.trading_bot:_update_market_data:184 | 市场数据更新完成
2025-06-17 09:20:55 | INFO     | src.trading.executor:update_account_info:125 | 账户更新: 总值$100396.42, 买入力$401585.68
2025-06-17 09:20:55 | DEBUG    | src.bot.trading_bot:_update_market_data:184 | 市场数据更新完成
2025-06-17 09:20:59 | INFO     | src.trading.executor:update_account_info:125 | 账户更新: 总值$100396.42, 买入力$401585.68
2025-06-17 09:20:59 | DEBUG    | src.bot.trading_bot:_update_market_data:184 | 市场数据更新完成
2025-06-17 09:21:01 | DEBUG    | src.bot.trading_bot:_update_positions_normal:259 | 📊 常规头寸更新完成
2025-06-17 09:21:02 | INFO     | src.trading.executor:update_account_info:125 | 账户更新: 总值$100396.42, 买入力$401585.68
2025-06-17 09:21:02 | DEBUG    | src.bot.trading_bot:_update_market_data:184 | 市场数据更新完成
2025-06-17 09:21:05 | INFO     | src.trading.executor:update_account_info:125 | 账户更新: 总值$100396.42, 买入力$401585.68
2025-06-17 09:21:05 | DEBUG    | src.bot.trading_bot:_update_market_data:184 | 市场数据更新完成
2025-06-17 09:21:08 | INFO     | src.trading.executor:update_account_info:125 | 账户更新: 总值$100396.42, 买入力$401585.68
2025-06-17 09:21:08 | DEBUG    | src.bot.trading_bot:_update_market_data:184 | 市场数据更新完成
2025-06-17 09:21:11 | INFO     | src.strategy.signals:generate_signals:468 | 生成信号: SHORT - VWAP空头突破: 偏离-0.25%, MACD转负
2025-06-17 09:21:11 | INFO     | src.bot.trading_bot:_check_signals:202 | 检测到信号: SHORT 置信度: 0.85 原因: VWAP空头突破: 偏离-0.25%, MACD转负
2025-06-17 09:21:11 | INFO     | src.utils.notifications:send_message:63 | [GENERAL] 📡 交易信号
类型: SHORT
强度: MEDIUM
置信度: 0.85
价格: $599.01
原因: VWAP空头突破: 偏离-0.25%, MACD转负
2025-06-17 09:21:11 | INFO     | src.data.market_data:find_suitable_options:435 | 当前SPY价格: $601.36, 选择PUT期权行权价: $602
2025-06-17 09:21:11 | DEBUG    | src.data.market_data:_generate_option_symbol:470 | 生成期权代码: SPY250617P00602000 (行权价$602, 类型PUT)
2025-06-17 09:21:11 | INFO     | src.data.market_data:find_suitable_options:444 | 成功获取期权SPY250617P00602000的报价数据
2025-06-17 09:21:11 | ERROR    | src.trading.executor:find_best_option:192 | 查找最佳期权失败: 'contractSymbol'
2025-06-17 09:21:11 | WARNING  | src.bot.trading_bot:_check_signals:216 | 信号执行失败: SHORT
2025-06-17 09:21:12 | INFO     | src.trading.executor:update_account_info:125 | 账户更新: 总值$100396.42, 买入力$401585.68
2025-06-17 09:21:12 | DEBUG    | src.bot.trading_bot:_update_market_data:184 | 市场数据更新完成
2025-06-17 09:21:15 | INFO     | src.strategy.signals:generate_signals:468 | 生成信号: SHORT - VWAP空头突破: 偏离-0.25%, MACD转负
2025-06-17 09:21:15 | INFO     | src.bot.trading_bot:_check_signals:202 | 检测到信号: SHORT 置信度: 0.85 原因: VWAP空头突破: 偏离-0.25%, MACD转负
2025-06-17 09:21:15 | INFO     | src.utils.notifications:send_message:63 | [GENERAL] 📡 交易信号
类型: SHORT
强度: MEDIUM
置信度: 0.85
价格: $599.01
原因: VWAP空头突破: 偏离-0.25%, MACD转负
2025-06-17 09:21:15 | INFO     | src.data.market_data:find_suitable_options:435 | 当前SPY价格: $601.36, 选择PUT期权行权价: $602
2025-06-17 09:21:15 | DEBUG    | src.data.market_data:_generate_option_symbol:470 | 生成期权代码: SPY250617P00602000 (行权价$602, 类型PUT)
2025-06-17 09:21:15 | INFO     | src.data.market_data:find_suitable_options:444 | 成功获取期权SPY250617P00602000的报价数据
2025-06-17 09:21:15 | ERROR    | src.trading.executor:find_best_option:192 | 查找最佳期权失败: 'contractSymbol'
2025-06-17 09:21:15 | WARNING  | src.bot.trading_bot:_check_signals:216 | 信号执行失败: SHORT
2025-06-17 09:21:16 | INFO     | src.trading.executor:update_account_info:125 | 账户更新: 总值$100396.42, 买入力$401585.68
2025-06-17 09:21:16 | DEBUG    | src.bot.trading_bot:_update_market_data:184 | 市场数据更新完成
2025-06-17 09:21:18 | INFO     | src.strategy.signals:generate_signals:468 | 生成信号: SHORT - VWAP空头突破: 偏离-0.25%, MACD转负
2025-06-17 09:21:18 | INFO     | src.bot.trading_bot:_check_signals:202 | 检测到信号: SHORT 置信度: 0.85 原因: VWAP空头突破: 偏离-0.25%, MACD转负
2025-06-17 09:21:18 | INFO     | src.utils.notifications:send_message:63 | [GENERAL] 📡 交易信号
类型: SHORT
强度: MEDIUM
置信度: 0.85
价格: $599.01
原因: VWAP空头突破: 偏离-0.25%, MACD转负
2025-06-17 09:21:18 | INFO     | src.data.market_data:find_suitable_options:435 | 当前SPY价格: $601.27, 选择PUT期权行权价: $602
2025-06-17 09:21:18 | DEBUG    | src.data.market_data:_generate_option_symbol:470 | 生成期权代码: SPY250617P00602000 (行权价$602, 类型PUT)
2025-06-17 09:21:18 | INFO     | src.data.market_data:find_suitable_options:444 | 成功获取期权SPY250617P00602000的报价数据
2025-06-17 09:21:18 | ERROR    | src.trading.executor:find_best_option:192 | 查找最佳期权失败: 'contractSymbol'
2025-06-17 09:21:18 | WARNING  | src.bot.trading_bot:_check_signals:216 | 信号执行失败: SHORT
2025-06-17 09:21:19 | INFO     | src.trading.executor:update_account_info:125 | 账户更新: 总值$100396.42, 买入力$401585.68
2025-06-17 09:21:19 | DEBUG    | src.bot.trading_bot:_update_market_data:184 | 市场数据更新完成
2025-06-17 09:21:22 | INFO     | src.strategy.signals:generate_signals:468 | 生成信号: SHORT - VWAP空头突破: 偏离-0.25%, MACD转负
2025-06-17 09:21:22 | INFO     | src.bot.trading_bot:_check_signals:202 | 检测到信号: SHORT 置信度: 0.85 原因: VWAP空头突破: 偏离-0.25%, MACD转负
2025-06-17 09:21:22 | INFO     | src.utils.notifications:send_message:63 | [GENERAL] 📡 交易信号
类型: SHORT
强度: MEDIUM
置信度: 0.85
价格: $599.01
原因: VWAP空头突破: 偏离-0.25%, MACD转负
2025-06-17 09:21:22 | INFO     | src.data.market_data:find_suitable_options:435 | 当前SPY价格: $601.27, 选择PUT期权行权价: $602
2025-06-17 09:21:22 | DEBUG    | src.data.market_data:_generate_option_symbol:470 | 生成期权代码: SPY250617P00602000 (行权价$602, 类型PUT)
2025-06-17 09:21:22 | INFO     | src.data.market_data:find_suitable_options:444 | 成功获取期权SPY250617P00602000的报价数据
2025-06-17 09:21:22 | ERROR    | src.trading.executor:find_best_option:192 | 查找最佳期权失败: 'contractSymbol'
2025-06-17 09:21:22 | WARNING  | src.bot.trading_bot:_check_signals:216 | 信号执行失败: SHORT
2025-06-17 09:21:22 | INFO     | src.trading.executor:update_account_info:125 | 账户更新: 总值$100396.42, 买入力$401585.68
2025-06-17 09:21:22 | DEBUG    | src.bot.trading_bot:_update_market_data:184 | 市场数据更新完成
2025-06-17 09:21:25 | INFO     | src.strategy.signals:generate_signals:468 | 生成信号: SHORT - VWAP空头突破: 偏离-0.25%, MACD转负
2025-06-17 09:21:25 | INFO     | src.bot.trading_bot:_check_signals:202 | 检测到信号: SHORT 置信度: 0.85 原因: VWAP空头突破: 偏离-0.25%, MACD转负
2025-06-17 09:21:25 | INFO     | src.utils.notifications:send_message:63 | [GENERAL] 📡 交易信号
类型: SHORT
强度: MEDIUM
置信度: 0.85
价格: $599.01
原因: VWAP空头突破: 偏离-0.25%, MACD转负
2025-06-17 09:21:25 | INFO     | src.data.market_data:find_suitable_options:435 | 当前SPY价格: $601.27, 选择PUT期权行权价: $602
2025-06-17 09:21:25 | DEBUG    | src.data.market_data:_generate_option_symbol:470 | 生成期权代码: SPY250617P00602000 (行权价$602, 类型PUT)
2025-06-17 09:21:25 | INFO     | src.data.market_data:find_suitable_options:444 | 成功获取期权SPY250617P00602000的报价数据
2025-06-17 09:21:25 | ERROR    | src.trading.executor:find_best_option:192 | 查找最佳期权失败: 'contractSymbol'
2025-06-17 09:21:25 | WARNING  | src.bot.trading_bot:_check_signals:216 | 信号执行失败: SHORT
2025-06-17 09:21:26 | INFO     | src.trading.executor:update_account_info:125 | 账户更新: 总值$100396.42, 买入力$401585.68
2025-06-17 09:21:26 | DEBUG    | src.bot.trading_bot:_update_market_data:184 | 市场数据更新完成
2025-06-17 09:21:29 | INFO     | src.strategy.signals:generate_signals:468 | 生成信号: SHORT - VWAP空头突破: 偏离-0.25%, MACD转负
2025-06-17 09:21:29 | INFO     | src.bot.trading_bot:_check_signals:202 | 检测到信号: SHORT 置信度: 0.85 原因: VWAP空头突破: 偏离-0.25%, MACD转负
2025-06-17 09:21:29 | INFO     | src.utils.notifications:send_message:63 | [GENERAL] 📡 交易信号
类型: SHORT
强度: MEDIUM
置信度: 0.85
价格: $599.01
原因: VWAP空头突破: 偏离-0.25%, MACD转负
2025-06-17 09:21:29 | INFO     | src.data.market_data:find_suitable_options:435 | 当前SPY价格: $601.27, 选择PUT期权行权价: $602
2025-06-17 09:21:29 | DEBUG    | src.data.market_data:_generate_option_symbol:470 | 生成期权代码: SPY250617P00602000 (行权价$602, 类型PUT)
2025-06-17 09:21:29 | INFO     | src.data.market_data:find_suitable_options:444 | 成功获取期权SPY250617P00602000的报价数据
2025-06-17 09:21:29 | ERROR    | src.trading.executor:find_best_option:192 | 查找最佳期权失败: 'contractSymbol'
2025-06-17 09:21:29 | WARNING  | src.bot.trading_bot:_check_signals:216 | 信号执行失败: SHORT
2025-06-17 09:21:30 | INFO     | src.trading.executor:update_account_info:125 | 账户更新: 总值$100396.42, 买入力$401585.68
2025-06-17 09:21:30 | DEBUG    | src.bot.trading_bot:_update_market_data:184 | 市场数据更新完成
2025-06-17 09:21:32 | INFO     | src.strategy.signals:generate_signals:468 | 生成信号: SHORT - VWAP空头突破: 偏离-0.25%, MACD转负
2025-06-17 09:21:32 | INFO     | src.bot.trading_bot:_check_signals:202 | 检测到信号: SHORT 置信度: 0.85 原因: VWAP空头突破: 偏离-0.25%, MACD转负
2025-06-17 09:21:32 | INFO     | src.utils.notifications:send_message:63 | [GENERAL] 📡 交易信号
类型: SHORT
强度: MEDIUM
置信度: 0.85
价格: $599.01
原因: VWAP空头突破: 偏离-0.25%, MACD转负
2025-06-17 09:21:32 | INFO     | src.data.market_data:find_suitable_options:435 | 当前SPY价格: $601.24, 选择PUT期权行权价: $602
2025-06-17 09:21:32 | DEBUG    | src.data.market_data:_generate_option_symbol:470 | 生成期权代码: SPY250617P00602000 (行权价$602, 类型PUT)
2025-06-17 09:21:33 | INFO     | src.data.market_data:find_suitable_options:444 | 成功获取期权SPY250617P00602000的报价数据
2025-06-17 09:21:33 | ERROR    | src.trading.executor:find_best_option:192 | 查找最佳期权失败: 'contractSymbol'
2025-06-17 09:21:33 | WARNING  | src.bot.trading_bot:_check_signals:216 | 信号执行失败: SHORT
2025-06-17 09:21:33 | INFO     | src.trading.executor:update_account_info:125 | 账户更新: 总值$100396.42, 买入力$401585.68
2025-06-17 09:21:33 | DEBUG    | src.bot.trading_bot:_update_market_data:184 | 市场数据更新完成
2025-06-17 09:21:36 | INFO     | src.strategy.signals:generate_signals:468 | 生成信号: SHORT - VWAP空头突破: 偏离-0.25%, MACD转负
2025-06-17 09:21:36 | INFO     | src.bot.trading_bot:_check_signals:202 | 检测到信号: SHORT 置信度: 0.85 原因: VWAP空头突破: 偏离-0.25%, MACD转负
2025-06-17 09:21:36 | INFO     | src.utils.notifications:send_message:63 | [GENERAL] 📡 交易信号
类型: SHORT
强度: MEDIUM
置信度: 0.85
价格: $599.01
原因: VWAP空头突破: 偏离-0.25%, MACD转负
2025-06-17 09:21:36 | INFO     | src.data.market_data:find_suitable_options:435 | 当前SPY价格: $601.24, 选择PUT期权行权价: $602
2025-06-17 09:21:36 | DEBUG    | src.data.market_data:_generate_option_symbol:470 | 生成期权代码: SPY250617P00602000 (行权价$602, 类型PUT)
2025-06-17 09:21:36 | INFO     | src.data.market_data:find_suitable_options:444 | 成功获取期权SPY250617P00602000的报价数据
2025-06-17 09:21:36 | ERROR    | src.trading.executor:find_best_option:192 | 查找最佳期权失败: 'contractSymbol'
2025-06-17 09:21:36 | WARNING  | src.bot.trading_bot:_check_signals:216 | 信号执行失败: SHORT
2025-06-17 09:21:37 | INFO     | src.trading.executor:update_account_info:125 | 账户更新: 总值$100396.42, 买入力$401585.68
2025-06-17 09:21:37 | DEBUG    | src.bot.trading_bot:_update_market_data:184 | 市场数据更新完成
2025-06-17 09:21:39 | INFO     | src.strategy.signals:generate_signals:468 | 生成信号: SHORT - VWAP空头突破: 偏离-0.25%, MACD转负
2025-06-17 09:21:39 | INFO     | src.bot.trading_bot:_check_signals:202 | 检测到信号: SHORT 置信度: 0.85 原因: VWAP空头突破: 偏离-0.25%, MACD转负
2025-06-17 09:21:39 | INFO     | src.utils.notifications:send_message:63 | [GENERAL] 📡 交易信号
类型: SHORT
强度: MEDIUM
置信度: 0.85
价格: $599.01
原因: VWAP空头突破: 偏离-0.25%, MACD转负
2025-06-17 09:21:39 | INFO     | src.data.market_data:find_suitable_options:435 | 当前SPY价格: $601.24, 选择PUT期权行权价: $602
2025-06-17 09:21:39 | DEBUG    | src.data.market_data:_generate_option_symbol:470 | 生成期权代码: SPY250617P00602000 (行权价$602, 类型PUT)
2025-06-17 09:21:40 | INFO     | src.data.market_data:find_suitable_options:444 | 成功获取期权SPY250617P00602000的报价数据
2025-06-17 09:21:40 | ERROR    | src.trading.executor:find_best_option:192 | 查找最佳期权失败: 'contractSymbol'
2025-06-17 09:21:40 | WARNING  | src.bot.trading_bot:_check_signals:216 | 信号执行失败: SHORT
2025-06-17 09:21:40 | INFO     | src.trading.executor:update_account_info:125 | 账户更新: 总值$100396.42, 买入力$401585.68
2025-06-17 09:21:40 | DEBUG    | src.bot.trading_bot:_update_market_data:184 | 市场数据更新完成
2025-06-17 09:21:43 | INFO     | src.strategy.signals:generate_signals:468 | 生成信号: SHORT - VWAP空头突破: 偏离-0.25%, MACD转负
2025-06-17 09:21:43 | INFO     | src.bot.trading_bot:_check_signals:202 | 检测到信号: SHORT 置信度: 0.85 原因: VWAP空头突破: 偏离-0.25%, MACD转负
2025-06-17 09:21:43 | INFO     | src.utils.notifications:send_message:63 | [GENERAL] 📡 交易信号
类型: SHORT
强度: MEDIUM
置信度: 0.85
价格: $599.01
原因: VWAP空头突破: 偏离-0.25%, MACD转负
2025-06-17 09:21:43 | INFO     | src.data.market_data:find_suitable_options:435 | 当前SPY价格: $601.24, 选择PUT期权行权价: $602
2025-06-17 09:21:43 | DEBUG    | src.data.market_data:_generate_option_symbol:470 | 生成期权代码: SPY250617P00602000 (行权价$602, 类型PUT)
2025-06-17 09:21:43 | INFO     | src.data.market_data:find_suitable_options:444 | 成功获取期权SPY250617P00602000的报价数据
2025-06-17 09:21:43 | ERROR    | src.trading.executor:find_best_option:192 | 查找最佳期权失败: 'contractSymbol'
2025-06-17 09:21:43 | WARNING  | src.bot.trading_bot:_check_signals:216 | 信号执行失败: SHORT
2025-06-17 09:21:44 | INFO     | src.trading.executor:update_account_info:125 | 账户更新: 总值$100396.42, 买入力$401585.68
2025-06-17 09:21:44 | DEBUG    | src.bot.trading_bot:_update_market_data:184 | 市场数据更新完成
2025-06-17 09:21:47 | INFO     | src.strategy.signals:generate_signals:468 | 生成信号: SHORT - VWAP空头突破: 偏离-0.25%, MACD转负
2025-06-17 09:21:47 | INFO     | src.bot.trading_bot:_check_signals:202 | 检测到信号: SHORT 置信度: 0.85 原因: VWAP空头突破: 偏离-0.25%, MACD转负
2025-06-17 09:21:47 | INFO     | src.utils.notifications:send_message:63 | [GENERAL] 📡 交易信号
类型: SHORT
强度: MEDIUM
置信度: 0.85
价格: $599.01
原因: VWAP空头突破: 偏离-0.25%, MACD转负
2025-06-17 09:21:47 | INFO     | src.data.market_data:find_suitable_options:435 | 当前SPY价格: $601.24, 选择PUT期权行权价: $602
2025-06-17 09:21:47 | DEBUG    | src.data.market_data:_generate_option_symbol:470 | 生成期权代码: SPY250617P00602000 (行权价$602, 类型PUT)
2025-06-17 09:21:47 | INFO     | src.data.market_data:find_suitable_options:444 | 成功获取期权SPY250617P00602000的报价数据
2025-06-17 09:21:47 | ERROR    | src.trading.executor:find_best_option:192 | 查找最佳期权失败: 'contractSymbol'
2025-06-17 09:21:47 | WARNING  | src.bot.trading_bot:_check_signals:216 | 信号执行失败: SHORT
2025-06-17 09:21:48 | INFO     | src.trading.executor:update_account_info:125 | 账户更新: 总值$100396.42, 买入力$401585.68
2025-06-17 09:21:48 | DEBUG    | src.bot.trading_bot:_update_market_data:184 | 市场数据更新完成
2025-06-17 09:21:50 | INFO     | src.strategy.signals:generate_signals:468 | 生成信号: SHORT - VWAP空头突破: 偏离-0.25%, MACD转负
2025-06-17 09:21:50 | INFO     | src.bot.trading_bot:_check_signals:202 | 检测到信号: SHORT 置信度: 0.85 原因: VWAP空头突破: 偏离-0.25%, MACD转负
2025-06-17 09:21:50 | INFO     | src.utils.notifications:send_message:63 | [GENERAL] 📡 交易信号
类型: SHORT
强度: MEDIUM
置信度: 0.85
价格: $599.01
原因: VWAP空头突破: 偏离-0.25%, MACD转负
2025-06-17 09:21:50 | INFO     | src.data.market_data:find_suitable_options:435 | 当前SPY价格: $601.24, 选择PUT期权行权价: $602
2025-06-17 09:21:50 | DEBUG    | src.data.market_data:_generate_option_symbol:470 | 生成期权代码: SPY250617P00602000 (行权价$602, 类型PUT)
2025-06-17 09:21:51 | INFO     | src.data.market_data:find_suitable_options:444 | 成功获取期权SPY250617P00602000的报价数据
2025-06-17 09:21:51 | ERROR    | src.trading.executor:find_best_option:192 | 查找最佳期权失败: 'contractSymbol'
2025-06-17 09:21:51 | WARNING  | src.bot.trading_bot:_check_signals:216 | 信号执行失败: SHORT
2025-06-17 09:21:51 | INFO     | src.trading.executor:update_account_info:125 | 账户更新: 总值$100396.42, 买入力$401585.68
2025-06-17 09:21:51 | DEBUG    | src.bot.trading_bot:_update_market_data:184 | 市场数据更新完成
2025-06-17 09:21:54 | INFO     | src.strategy.signals:generate_signals:468 | 生成信号: SHORT - VWAP空头突破: 偏离-0.25%, MACD转负
2025-06-17 09:21:54 | INFO     | src.bot.trading_bot:_check_signals:202 | 检测到信号: SHORT 置信度: 0.85 原因: VWAP空头突破: 偏离-0.25%, MACD转负
2025-06-17 09:21:54 | INFO     | src.utils.notifications:send_message:63 | [GENERAL] 📡 交易信号
类型: SHORT
强度: MEDIUM
置信度: 0.85
价格: $599.01
原因: VWAP空头突破: 偏离-0.25%, MACD转负
2025-06-17 09:21:54 | INFO     | src.data.market_data:find_suitable_options:435 | 当前SPY价格: $601.24, 选择PUT期权行权价: $602
2025-06-17 09:21:54 | DEBUG    | src.data.market_data:_generate_option_symbol:470 | 生成期权代码: SPY250617P00602000 (行权价$602, 类型PUT)
2025-06-17 09:21:54 | INFO     | src.data.market_data:find_suitable_options:444 | 成功获取期权SPY250617P00602000的报价数据
2025-06-17 09:21:54 | ERROR    | src.trading.executor:find_best_option:192 | 查找最佳期权失败: 'contractSymbol'
2025-06-17 09:21:54 | WARNING  | src.bot.trading_bot:_check_signals:216 | 信号执行失败: SHORT
2025-06-17 09:21:55 | INFO     | src.trading.executor:update_account_info:125 | 账户更新: 总值$100396.42, 买入力$401585.68
2025-06-17 09:21:55 | DEBUG    | src.bot.trading_bot:_update_market_data:184 | 市场数据更新完成
2025-06-17 09:21:57 | INFO     | src.strategy.signals:generate_signals:468 | 生成信号: SHORT - VWAP空头突破: 偏离-0.25%, MACD转负
2025-06-17 09:21:57 | INFO     | src.bot.trading_bot:_check_signals:202 | 检测到信号: SHORT 置信度: 0.85 原因: VWAP空头突破: 偏离-0.25%, MACD转负
2025-06-17 09:21:57 | INFO     | src.utils.notifications:send_message:63 | [GENERAL] 📡 交易信号
类型: SHORT
强度: MEDIUM
置信度: 0.85
价格: $599.01
原因: VWAP空头突破: 偏离-0.25%, MACD转负
2025-06-17 09:21:58 | INFO     | src.data.market_data:find_suitable_options:435 | 当前SPY价格: $601.24, 选择PUT期权行权价: $602
2025-06-17 09:21:58 | DEBUG    | src.data.market_data:_generate_option_symbol:470 | 生成期权代码: SPY250617P00602000 (行权价$602, 类型PUT)
2025-06-17 09:21:58 | INFO     | src.data.market_data:find_suitable_options:444 | 成功获取期权SPY250617P00602000的报价数据
2025-06-17 09:21:58 | ERROR    | src.trading.executor:find_best_option:192 | 查找最佳期权失败: 'contractSymbol'
2025-06-17 09:21:58 | WARNING  | src.bot.trading_bot:_check_signals:216 | 信号执行失败: SHORT
2025-06-17 09:21:58 | INFO     | src.trading.executor:update_account_info:125 | 账户更新: 总值$100396.42, 买入力$401585.68
2025-06-17 09:21:58 | DEBUG    | src.bot.trading_bot:_update_market_data:184 | 市场数据更新完成
2025-06-17 09:22:01 | INFO     | src.strategy.signals:generate_signals:468 | 生成信号: SHORT - VWAP空头突破: 偏离-0.25%, MACD转负
2025-06-17 09:22:01 | INFO     | src.bot.trading_bot:_check_signals:202 | 检测到信号: SHORT 置信度: 0.85 原因: VWAP空头突破: 偏离-0.25%, MACD转负
2025-06-17 09:22:01 | INFO     | src.utils.notifications:send_message:63 | [GENERAL] 📡 交易信号
类型: SHORT
强度: MEDIUM
置信度: 0.85
价格: $599.01
原因: VWAP空头突破: 偏离-0.25%, MACD转负
2025-06-17 09:22:01 | INFO     | src.data.market_data:find_suitable_options:435 | 当前SPY价格: $601.24, 选择PUT期权行权价: $602
2025-06-17 09:22:01 | DEBUG    | src.data.market_data:_generate_option_symbol:470 | 生成期权代码: SPY250617P00602000 (行权价$602, 类型PUT)
2025-06-17 09:22:01 | INFO     | src.data.market_data:find_suitable_options:444 | 成功获取期权SPY250617P00602000的报价数据
2025-06-17 09:22:01 | ERROR    | src.trading.executor:find_best_option:192 | 查找最佳期权失败: 'contractSymbol'
2025-06-17 09:22:01 | WARNING  | src.bot.trading_bot:_check_signals:216 | 信号执行失败: SHORT
2025-06-17 09:22:01 | DEBUG    | src.bot.trading_bot:_update_positions_normal:259 | 📊 常规头寸更新完成
2025-06-17 09:22:02 | INFO     | src.trading.executor:update_account_info:125 | 账户更新: 总值$100396.42, 买入力$401585.68
2025-06-17 09:22:02 | DEBUG    | src.bot.trading_bot:_update_market_data:184 | 市场数据更新完成
2025-06-17 09:22:04 | INFO     | src.strategy.signals:generate_signals:468 | 生成信号: SHORT - VWAP空头突破: 偏离-0.25%, MACD转负
2025-06-17 09:22:04 | INFO     | src.bot.trading_bot:_check_signals:202 | 检测到信号: SHORT 置信度: 0.85 原因: VWAP空头突破: 偏离-0.25%, MACD转负
2025-06-17 09:22:04 | INFO     | src.utils.notifications:send_message:63 | [GENERAL] 📡 交易信号
类型: SHORT
强度: MEDIUM
置信度: 0.85
价格: $599.01
原因: VWAP空头突破: 偏离-0.25%, MACD转负
2025-06-17 09:22:04 | INFO     | src.data.market_data:find_suitable_options:435 | 当前SPY价格: $601.24, 选择PUT期权行权价: $602
2025-06-17 09:22:04 | DEBUG    | src.data.market_data:_generate_option_symbol:470 | 生成期权代码: SPY250617P00602000 (行权价$602, 类型PUT)
2025-06-17 09:22:05 | INFO     | src.data.market_data:find_suitable_options:444 | 成功获取期权SPY250617P00602000的报价数据
2025-06-17 09:22:05 | ERROR    | src.trading.executor:find_best_option:192 | 查找最佳期权失败: 'contractSymbol'
2025-06-17 09:22:05 | WARNING  | src.bot.trading_bot:_check_signals:216 | 信号执行失败: SHORT
2025-06-17 09:22:05 | INFO     | src.trading.executor:update_account_info:125 | 账户更新: 总值$100396.42, 买入力$401585.68
2025-06-17 09:22:05 | DEBUG    | src.bot.trading_bot:_update_market_data:184 | 市场数据更新完成
2025-06-17 09:22:08 | INFO     | src.strategy.signals:generate_signals:468 | 生成信号: SHORT - VWAP空头突破: 偏离-0.25%, MACD转负
2025-06-17 09:22:08 | INFO     | src.bot.trading_bot:_check_signals:202 | 检测到信号: SHORT 置信度: 0.85 原因: VWAP空头突破: 偏离-0.25%, MACD转负
2025-06-17 09:22:08 | INFO     | src.utils.notifications:send_message:63 | [GENERAL] 📡 交易信号
类型: SHORT
强度: MEDIUM
置信度: 0.85
价格: $599.01
原因: VWAP空头突破: 偏离-0.25%, MACD转负
2025-06-17 09:22:08 | INFO     | src.data.market_data:find_suitable_options:435 | 当前SPY价格: $601.24, 选择PUT期权行权价: $602
2025-06-17 09:22:08 | DEBUG    | src.data.market_data:_generate_option_symbol:470 | 生成期权代码: SPY250617P00602000 (行权价$602, 类型PUT)
2025-06-17 09:22:08 | INFO     | src.data.market_data:find_suitable_options:444 | 成功获取期权SPY250617P00602000的报价数据
2025-06-17 09:22:08 | ERROR    | src.trading.executor:find_best_option:192 | 查找最佳期权失败: 'contractSymbol'
2025-06-17 09:22:08 | WARNING  | src.bot.trading_bot:_check_signals:216 | 信号执行失败: SHORT
2025-06-17 09:22:09 | INFO     | src.trading.executor:update_account_info:125 | 账户更新: 总值$100396.42, 买入力$401585.68
2025-06-17 09:22:09 | DEBUG    | src.bot.trading_bot:_update_market_data:184 | 市场数据更新完成
2025-06-17 09:22:11 | INFO     | src.strategy.signals:generate_signals:468 | 生成信号: SHORT - VWAP空头突破: 偏离-0.25%, MACD转负
2025-06-17 09:22:11 | INFO     | src.bot.trading_bot:_check_signals:202 | 检测到信号: SHORT 置信度: 0.85 原因: VWAP空头突破: 偏离-0.25%, MACD转负
2025-06-17 09:22:11 | INFO     | src.utils.notifications:send_message:63 | [GENERAL] 📡 交易信号
类型: SHORT
强度: MEDIUM
置信度: 0.85
价格: $599.01
原因: VWAP空头突破: 偏离-0.25%, MACD转负
2025-06-17 09:22:11 | INFO     | src.data.market_data:find_suitable_options:435 | 当前SPY价格: $601.24, 选择PUT期权行权价: $602
2025-06-17 09:22:11 | DEBUG    | src.data.market_data:_generate_option_symbol:470 | 生成期权代码: SPY250617P00602000 (行权价$602, 类型PUT)
2025-06-17 09:22:11 | INFO     | src.data.market_data:find_suitable_options:444 | 成功获取期权SPY250617P00602000的报价数据
2025-06-17 09:22:11 | ERROR    | src.trading.executor:find_best_option:192 | 查找最佳期权失败: 'contractSymbol'
2025-06-17 09:22:11 | WARNING  | src.bot.trading_bot:_check_signals:216 | 信号执行失败: SHORT
2025-06-17 09:22:12 | INFO     | src.trading.executor:update_account_info:125 | 账户更新: 总值$100396.42, 买入力$401585.68
2025-06-17 09:22:12 | DEBUG    | src.bot.trading_bot:_update_market_data:184 | 市场数据更新完成
2025-06-17 09:22:15 | INFO     | src.trading.executor:update_account_info:125 | 账户更新: 总值$100396.42, 买入力$401585.68
2025-06-17 09:22:15 | DEBUG    | src.bot.trading_bot:_update_market_data:184 | 市场数据更新完成
2025-06-17 09:22:19 | INFO     | src.trading.executor:update_account_info:125 | 账户更新: 总值$100396.42, 买入力$401585.68
2025-06-17 09:22:19 | DEBUG    | src.bot.trading_bot:_update_market_data:184 | 市场数据更新完成
2025-06-17 09:22:22 | INFO     | src.trading.executor:update_account_info:125 | 账户更新: 总值$100396.42, 买入力$401585.68
2025-06-17 09:22:22 | DEBUG    | src.bot.trading_bot:_update_market_data:184 | 市场数据更新完成
2025-06-17 09:22:25 | INFO     | src.trading.executor:update_account_info:125 | 账户更新: 总值$100396.42, 买入力$401585.68
2025-06-17 09:22:25 | DEBUG    | src.bot.trading_bot:_update_market_data:184 | 市场数据更新完成
2025-06-17 09:22:28 | INFO     | src.trading.executor:update_account_info:125 | 账户更新: 总值$100396.42, 买入力$401585.68
2025-06-17 09:22:28 | DEBUG    | src.bot.trading_bot:_update_market_data:184 | 市场数据更新完成
2025-06-17 09:22:31 | INFO     | src.trading.executor:update_account_info:125 | 账户更新: 总值$100396.42, 买入力$401585.68
2025-06-17 09:22:31 | DEBUG    | src.bot.trading_bot:_update_market_data:184 | 市场数据更新完成
2025-06-17 09:22:35 | INFO     | src.trading.executor:update_account_info:125 | 账户更新: 总值$100396.42, 买入力$401585.68
2025-06-17 09:22:35 | DEBUG    | src.bot.trading_bot:_update_market_data:184 | 市场数据更新完成
2025-06-17 09:22:38 | INFO     | src.trading.executor:update_account_info:125 | 账户更新: 总值$100396.42, 买入力$401585.68
2025-06-17 09:22:38 | DEBUG    | src.bot.trading_bot:_update_market_data:184 | 市场数据更新完成
2025-06-17 09:22:41 | INFO     | src.trading.executor:update_account_info:125 | 账户更新: 总值$100396.42, 买入力$401585.68
2025-06-17 09:22:41 | DEBUG    | src.bot.trading_bot:_update_market_data:184 | 市场数据更新完成
2025-06-17 09:22:44 | INFO     | src.trading.executor:update_account_info:125 | 账户更新: 总值$100396.42, 买入力$401585.68
2025-06-17 09:22:44 | DEBUG    | src.bot.trading_bot:_update_market_data:184 | 市场数据更新完成
2025-06-17 09:22:48 | INFO     | src.trading.executor:update_account_info:125 | 账户更新: 总值$100396.42, 买入力$401585.68
2025-06-17 09:22:48 | DEBUG    | src.bot.trading_bot:_update_market_data:184 | 市场数据更新完成
2025-06-17 09:22:51 | INFO     | src.trading.executor:update_account_info:125 | 账户更新: 总值$100396.42, 买入力$401585.68
2025-06-17 09:22:51 | DEBUG    | src.bot.trading_bot:_update_market_data:184 | 市场数据更新完成
2025-06-17 09:22:54 | INFO     | src.trading.executor:update_account_info:125 | 账户更新: 总值$100396.42, 买入力$401585.68
2025-06-17 09:22:54 | DEBUG    | src.bot.trading_bot:_update_market_data:184 | 市场数据更新完成
2025-06-17 09:22:57 | INFO     | src.trading.executor:update_account_info:125 | 账户更新: 总值$100396.42, 买入力$401585.68
2025-06-17 09:22:57 | DEBUG    | src.bot.trading_bot:_update_market_data:184 | 市场数据更新完成
2025-06-17 09:23:00 | INFO     | src.trading.executor:update_account_info:125 | 账户更新: 总值$100396.42, 买入力$401585.68
2025-06-17 09:23:00 | DEBUG    | src.bot.trading_bot:_update_market_data:184 | 市场数据更新完成
2025-06-17 09:23:02 | DEBUG    | src.bot.trading_bot:_update_positions_normal:259 | 📊 常规头寸更新完成
2025-06-17 09:23:04 | INFO     | src.trading.executor:update_account_info:125 | 账户更新: 总值$100396.42, 买入力$401585.68
2025-06-17 09:23:04 | DEBUG    | src.bot.trading_bot:_update_market_data:184 | 市场数据更新完成
2025-06-17 09:23:07 | INFO     | src.trading.executor:update_account_info:125 | 账户更新: 总值$100396.42, 买入力$401585.68
2025-06-17 09:23:07 | DEBUG    | src.bot.trading_bot:_update_market_data:184 | 市场数据更新完成
2025-06-17 09:23:10 | INFO     | src.trading.executor:update_account_info:125 | 账户更新: 总值$100396.42, 买入力$401585.68
2025-06-17 09:23:10 | DEBUG    | src.bot.trading_bot:_update_market_data:184 | 市场数据更新完成
2025-06-17 09:23:13 | INFO     | src.trading.executor:update_account_info:125 | 账户更新: 总值$100396.42, 买入力$401585.68
2025-06-17 09:23:13 | DEBUG    | src.bot.trading_bot:_update_market_data:184 | 市场数据更新完成
2025-06-17 09:23:17 | INFO     | src.trading.executor:update_account_info:125 | 账户更新: 总值$100396.42, 买入力$401585.68
2025-06-17 09:23:17 | DEBUG    | src.bot.trading_bot:_update_market_data:184 | 市场数据更新完成
2025-06-17 09:23:20 | INFO     | src.trading.executor:update_account_info:125 | 账户更新: 总值$100396.42, 买入力$401585.68
2025-06-17 09:23:20 | DEBUG    | src.bot.trading_bot:_update_market_data:184 | 市场数据更新完成
2025-06-17 09:23:23 | INFO     | src.trading.executor:update_account_info:125 | 账户更新: 总值$100396.42, 买入力$401585.68
2025-06-17 09:23:23 | DEBUG    | src.bot.trading_bot:_update_market_data:184 | 市场数据更新完成
2025-06-17 09:23:27 | INFO     | src.trading.executor:update_account_info:125 | 账户更新: 总值$100396.42, 买入力$401585.68
2025-06-17 09:23:27 | DEBUG    | src.bot.trading_bot:_update_market_data:184 | 市场数据更新完成
2025-06-17 09:23:30 | INFO     | src.trading.executor:update_account_info:125 | 账户更新: 总值$100396.42, 买入力$401585.68
2025-06-17 09:23:30 | DEBUG    | src.bot.trading_bot:_update_market_data:184 | 市场数据更新完成
2025-06-17 09:23:33 | INFO     | src.trading.executor:update_account_info:125 | 账户更新: 总值$100396.42, 买入力$401585.68
2025-06-17 09:23:33 | DEBUG    | src.bot.trading_bot:_update_market_data:184 | 市场数据更新完成
2025-06-17 09:23:36 | INFO     | src.trading.executor:update_account_info:125 | 账户更新: 总值$100396.42, 买入力$401585.68
2025-06-17 09:23:36 | DEBUG    | src.bot.trading_bot:_update_market_data:184 | 市场数据更新完成
2025-06-17 09:23:39 | INFO     | src.trading.executor:update_account_info:125 | 账户更新: 总值$100396.42, 买入力$401585.68
2025-06-17 09:23:39 | DEBUG    | src.bot.trading_bot:_update_market_data:184 | 市场数据更新完成
2025-06-17 09:23:43 | INFO     | src.trading.executor:update_account_info:125 | 账户更新: 总值$100396.42, 买入力$401585.68
2025-06-17 09:23:43 | DEBUG    | src.bot.trading_bot:_update_market_data:184 | 市场数据更新完成
2025-06-17 09:23:46 | INFO     | src.trading.executor:update_account_info:125 | 账户更新: 总值$100396.42, 买入力$401585.68
2025-06-17 09:23:46 | DEBUG    | src.bot.trading_bot:_update_market_data:184 | 市场数据更新完成
2025-06-17 09:23:49 | INFO     | src.trading.executor:update_account_info:125 | 账户更新: 总值$100396.42, 买入力$401585.68
2025-06-17 09:23:49 | DEBUG    | src.bot.trading_bot:_update_market_data:184 | 市场数据更新完成
2025-06-17 09:23:52 | INFO     | src.trading.executor:update_account_info:125 | 账户更新: 总值$100396.42, 买入力$401585.68
2025-06-17 09:23:52 | DEBUG    | src.bot.trading_bot:_update_market_data:184 | 市场数据更新完成
2025-06-17 09:23:56 | INFO     | src.trading.executor:update_account_info:125 | 账户更新: 总值$100396.42, 买入力$401585.68
2025-06-17 09:23:56 | DEBUG    | src.bot.trading_bot:_update_market_data:184 | 市场数据更新完成
2025-06-17 09:23:59 | INFO     | src.trading.executor:update_account_info:125 | 账户更新: 总值$100396.42, 买入力$401585.68
2025-06-17 09:23:59 | DEBUG    | src.bot.trading_bot:_update_market_data:184 | 市场数据更新完成
2025-06-17 09:24:02 | DEBUG    | src.bot.trading_bot:_update_positions_normal:259 | 📊 常规头寸更新完成
2025-06-17 09:24:02 | INFO     | src.trading.executor:update_account_info:125 | 账户更新: 总值$100396.42, 买入力$401585.68
2025-06-17 09:24:02 | DEBUG    | src.bot.trading_bot:_update_market_data:184 | 市场数据更新完成
2025-06-17 09:24:05 | INFO     | src.trading.executor:update_account_info:125 | 账户更新: 总值$100396.42, 买入力$401585.68
2025-06-17 09:24:05 | DEBUG    | src.bot.trading_bot:_update_market_data:184 | 市场数据更新完成
2025-06-17 09:24:08 | INFO     | src.trading.executor:update_account_info:125 | 账户更新: 总值$100396.42, 买入力$401585.68
2025-06-17 09:24:08 | DEBUG    | src.bot.trading_bot:_update_market_data:184 | 市场数据更新完成
2025-06-17 09:24:12 | INFO     | src.trading.executor:update_account_info:125 | 账户更新: 总值$100396.42, 买入力$401585.68
2025-06-17 09:24:12 | DEBUG    | src.bot.trading_bot:_update_market_data:184 | 市场数据更新完成
2025-06-17 09:24:15 | INFO     | src.trading.executor:update_account_info:125 | 账户更新: 总值$100396.42, 买入力$401585.68
2025-06-17 09:24:15 | DEBUG    | src.bot.trading_bot:_update_market_data:184 | 市场数据更新完成
2025-06-17 09:24:18 | INFO     | src.trading.executor:update_account_info:125 | 账户更新: 总值$100396.42, 买入力$401585.68
2025-06-17 09:24:18 | DEBUG    | src.bot.trading_bot:_update_market_data:184 | 市场数据更新完成
2025-06-17 09:24:21 | INFO     | src.trading.executor:update_account_info:125 | 账户更新: 总值$100396.42, 买入力$401585.68
2025-06-17 09:24:21 | DEBUG    | src.bot.trading_bot:_update_market_data:184 | 市场数据更新完成
2025-06-17 09:24:24 | INFO     | src.trading.executor:update_account_info:125 | 账户更新: 总值$100396.42, 买入力$401585.68
2025-06-17 09:24:24 | DEBUG    | src.bot.trading_bot:_update_market_data:184 | 市场数据更新完成
2025-06-17 09:24:28 | INFO     | src.trading.executor:update_account_info:125 | 账户更新: 总值$100396.42, 买入力$401585.68
2025-06-17 09:24:28 | DEBUG    | src.bot.trading_bot:_update_market_data:184 | 市场数据更新完成
2025-06-17 09:24:31 | INFO     | src.trading.executor:update_account_info:125 | 账户更新: 总值$100396.42, 买入力$401585.68
2025-06-17 09:24:31 | DEBUG    | src.bot.trading_bot:_update_market_data:184 | 市场数据更新完成
2025-06-17 09:24:34 | INFO     | src.trading.executor:update_account_info:125 | 账户更新: 总值$100396.42, 买入力$401585.68
2025-06-17 09:24:34 | DEBUG    | src.bot.trading_bot:_update_market_data:184 | 市场数据更新完成
2025-06-17 09:24:37 | INFO     | src.trading.executor:update_account_info:125 | 账户更新: 总值$100396.42, 买入力$401585.68
2025-06-17 09:24:37 | DEBUG    | src.bot.trading_bot:_update_market_data:184 | 市场数据更新完成
2025-06-17 09:24:41 | INFO     | src.trading.executor:update_account_info:125 | 账户更新: 总值$100396.42, 买入力$401585.68
2025-06-17 09:24:41 | DEBUG    | src.bot.trading_bot:_update_market_data:184 | 市场数据更新完成
2025-06-17 09:24:44 | INFO     | src.trading.executor:update_account_info:125 | 账户更新: 总值$100396.42, 买入力$401585.68
2025-06-17 09:24:44 | DEBUG    | src.bot.trading_bot:_update_market_data:184 | 市场数据更新完成
2025-06-17 09:24:47 | INFO     | src.trading.executor:update_account_info:125 | 账户更新: 总值$100396.42, 买入力$401585.68
2025-06-17 09:24:47 | DEBUG    | src.bot.trading_bot:_update_market_data:184 | 市场数据更新完成
2025-06-17 09:24:50 | INFO     | src.trading.executor:update_account_info:125 | 账户更新: 总值$100396.42, 买入力$401585.68
2025-06-17 09:24:50 | DEBUG    | src.bot.trading_bot:_update_market_data:184 | 市场数据更新完成
2025-06-17 09:24:54 | INFO     | src.trading.executor:update_account_info:125 | 账户更新: 总值$100396.42, 买入力$401585.68
2025-06-17 09:24:54 | DEBUG    | src.bot.trading_bot:_update_market_data:184 | 市场数据更新完成
2025-06-17 09:24:57 | INFO     | src.trading.executor:update_account_info:125 | 账户更新: 总值$100396.42, 买入力$401585.68
2025-06-17 09:24:57 | DEBUG    | src.bot.trading_bot:_update_market_data:184 | 市场数据更新完成
2025-06-17 09:25:00 | INFO     | src.trading.executor:update_account_info:125 | 账户更新: 总值$100396.42, 买入力$401585.68
2025-06-17 09:25:00 | DEBUG    | src.bot.trading_bot:_update_market_data:184 | 市场数据更新完成
2025-06-17 09:25:02 | DEBUG    | src.bot.trading_bot:_update_positions_normal:259 | 📊 常规头寸更新完成
2025-06-17 09:25:03 | INFO     | src.trading.executor:update_account_info:125 | 账户更新: 总值$100396.42, 买入力$401585.68
2025-06-17 09:25:03 | DEBUG    | src.bot.trading_bot:_update_market_data:184 | 市场数据更新完成
2025-06-17 09:25:07 | INFO     | src.trading.executor:update_account_info:125 | 账户更新: 总值$100396.42, 买入力$401585.68
2025-06-17 09:25:07 | DEBUG    | src.bot.trading_bot:_update_market_data:184 | 市场数据更新完成
2025-06-17 09:25:10 | INFO     | src.trading.executor:update_account_info:125 | 账户更新: 总值$100396.42, 买入力$401585.68
2025-06-17 09:25:10 | DEBUG    | src.bot.trading_bot:_update_market_data:184 | 市场数据更新完成
2025-06-17 09:25:13 | INFO     | src.trading.executor:update_account_info:125 | 账户更新: 总值$100396.42, 买入力$401585.68
2025-06-17 09:25:13 | DEBUG    | src.bot.trading_bot:_update_market_data:184 | 市场数据更新完成
2025-06-17 09:25:16 | INFO     | src.trading.executor:update_account_info:125 | 账户更新: 总值$100396.42, 买入力$401585.68
2025-06-17 09:25:16 | DEBUG    | src.bot.trading_bot:_update_market_data:184 | 市场数据更新完成
2025-06-17 09:25:19 | INFO     | src.trading.executor:update_account_info:125 | 账户更新: 总值$100396.42, 买入力$401585.68
2025-06-17 09:25:19 | DEBUG    | src.bot.trading_bot:_update_market_data:184 | 市场数据更新完成
2025-06-17 09:25:23 | INFO     | src.trading.executor:update_account_info:125 | 账户更新: 总值$100396.42, 买入力$401585.68
2025-06-17 09:25:23 | DEBUG    | src.bot.trading_bot:_update_market_data:184 | 市场数据更新完成
2025-06-17 09:25:26 | INFO     | src.trading.executor:update_account_info:125 | 账户更新: 总值$100396.42, 买入力$401585.68
2025-06-17 09:25:26 | DEBUG    | src.bot.trading_bot:_update_market_data:184 | 市场数据更新完成
2025-06-17 09:25:29 | INFO     | src.trading.executor:update_account_info:125 | 账户更新: 总值$100396.42, 买入力$401585.68
2025-06-17 09:25:29 | DEBUG    | src.bot.trading_bot:_update_market_data:184 | 市场数据更新完成
2025-06-17 09:25:32 | INFO     | src.trading.executor:update_account_info:125 | 账户更新: 总值$100396.42, 买入力$401585.68
2025-06-17 09:25:32 | DEBUG    | src.bot.trading_bot:_update_market_data:184 | 市场数据更新完成
2025-06-17 09:25:36 | INFO     | src.trading.executor:update_account_info:125 | 账户更新: 总值$100396.42, 买入力$401585.68
2025-06-17 09:25:36 | DEBUG    | src.bot.trading_bot:_update_market_data:184 | 市场数据更新完成
2025-06-17 09:25:39 | INFO     | src.trading.executor:update_account_info:125 | 账户更新: 总值$100396.42, 买入力$401585.68
2025-06-17 09:25:39 | DEBUG    | src.bot.trading_bot:_update_market_data:184 | 市场数据更新完成
2025-06-17 09:25:42 | INFO     | src.trading.executor:update_account_info:125 | 账户更新: 总值$100396.42, 买入力$401585.68
2025-06-17 09:25:42 | DEBUG    | src.bot.trading_bot:_update_market_data:184 | 市场数据更新完成
2025-06-17 09:25:45 | INFO     | src.trading.executor:update_account_info:125 | 账户更新: 总值$100396.42, 买入力$401585.68
2025-06-17 09:25:45 | DEBUG    | src.bot.trading_bot:_update_market_data:184 | 市场数据更新完成
2025-06-17 09:25:48 | INFO     | src.trading.executor:update_account_info:125 | 账户更新: 总值$100396.42, 买入力$401585.68
2025-06-17 09:25:48 | DEBUG    | src.bot.trading_bot:_update_market_data:184 | 市场数据更新完成
2025-06-17 09:25:52 | INFO     | src.trading.executor:update_account_info:125 | 账户更新: 总值$100396.42, 买入力$401585.68
2025-06-17 09:25:52 | DEBUG    | src.bot.trading_bot:_update_market_data:184 | 市场数据更新完成
2025-06-17 09:25:55 | INFO     | src.trading.executor:update_account_info:125 | 账户更新: 总值$100396.42, 买入力$401585.68
2025-06-17 09:25:55 | DEBUG    | src.bot.trading_bot:_update_market_data:184 | 市场数据更新完成
2025-06-17 09:25:58 | INFO     | src.trading.executor:update_account_info:125 | 账户更新: 总值$100396.42, 买入力$401585.68
2025-06-17 09:25:58 | DEBUG    | src.bot.trading_bot:_update_market_data:184 | 市场数据更新完成
2025-06-17 09:26:01 | INFO     | src.trading.executor:update_account_info:125 | 账户更新: 总值$100396.42, 买入力$401585.68
2025-06-17 09:26:01 | DEBUG    | src.bot.trading_bot:_update_market_data:184 | 市场数据更新完成
2025-06-17 09:26:02 | DEBUG    | src.bot.trading_bot:_update_positions_normal:259 | 📊 常规头寸更新完成
2025-06-17 09:26:05 | INFO     | src.trading.executor:update_account_info:125 | 账户更新: 总值$100396.42, 买入力$401585.68
2025-06-17 09:26:05 | DEBUG    | src.bot.trading_bot:_update_market_data:184 | 市场数据更新完成
2025-06-17 09:26:08 | INFO     | src.trading.executor:update_account_info:125 | 账户更新: 总值$100396.42, 买入力$401585.68
2025-06-17 09:26:08 | DEBUG    | src.bot.trading_bot:_update_market_data:184 | 市场数据更新完成
2025-06-17 09:26:11 | INFO     | src.trading.executor:update_account_info:125 | 账户更新: 总值$100396.42, 买入力$401585.68
2025-06-17 09:26:11 | DEBUG    | src.bot.trading_bot:_update_market_data:184 | 市场数据更新完成
2025-06-17 09:26:14 | INFO     | src.trading.executor:update_account_info:125 | 账户更新: 总值$100396.42, 买入力$401585.68
2025-06-17 09:26:14 | DEBUG    | src.bot.trading_bot:_update_market_data:184 | 市场数据更新完成
2025-06-17 09:26:18 | INFO     | src.trading.executor:update_account_info:125 | 账户更新: 总值$100396.42, 买入力$401585.68
2025-06-17 09:26:18 | DEBUG    | src.bot.trading_bot:_update_market_data:184 | 市场数据更新完成
2025-06-17 09:26:21 | INFO     | src.trading.executor:update_account_info:125 | 账户更新: 总值$100396.42, 买入力$401585.68
2025-06-17 09:26:21 | DEBUG    | src.bot.trading_bot:_update_market_data:184 | 市场数据更新完成
2025-06-17 09:26:24 | INFO     | src.trading.executor:update_account_info:125 | 账户更新: 总值$100396.42, 买入力$401585.68
2025-06-17 09:26:24 | DEBUG    | src.bot.trading_bot:_update_market_data:184 | 市场数据更新完成
2025-06-17 09:26:27 | INFO     | src.trading.executor:update_account_info:125 | 账户更新: 总值$100396.42, 买入力$401585.68
2025-06-17 09:26:27 | DEBUG    | src.bot.trading_bot:_update_market_data:184 | 市场数据更新完成
2025-06-17 09:26:31 | INFO     | src.trading.executor:update_account_info:125 | 账户更新: 总值$100396.42, 买入力$401585.68
2025-06-17 09:26:31 | DEBUG    | src.bot.trading_bot:_update_market_data:184 | 市场数据更新完成
2025-06-17 09:26:34 | INFO     | src.trading.executor:update_account_info:125 | 账户更新: 总值$100396.42, 买入力$401585.68
2025-06-17 09:26:34 | DEBUG    | src.bot.trading_bot:_update_market_data:184 | 市场数据更新完成
2025-06-17 09:26:37 | INFO     | src.trading.executor:update_account_info:125 | 账户更新: 总值$100396.42, 买入力$401585.68
2025-06-17 09:26:37 | DEBUG    | src.bot.trading_bot:_update_market_data:184 | 市场数据更新完成
2025-06-17 09:26:40 | INFO     | src.trading.executor:update_account_info:125 | 账户更新: 总值$100396.42, 买入力$401585.68
2025-06-17 09:26:40 | DEBUG    | src.bot.trading_bot:_update_market_data:184 | 市场数据更新完成
2025-06-17 09:26:44 | INFO     | src.trading.executor:update_account_info:125 | 账户更新: 总值$100396.42, 买入力$401585.68
2025-06-17 09:26:44 | DEBUG    | src.bot.trading_bot:_update_market_data:184 | 市场数据更新完成
2025-06-17 09:26:47 | INFO     | src.trading.executor:update_account_info:125 | 账户更新: 总值$100396.42, 买入力$401585.68
2025-06-17 09:26:47 | DEBUG    | src.bot.trading_bot:_update_market_data:184 | 市场数据更新完成
2025-06-17 09:26:50 | INFO     | src.trading.executor:update_account_info:125 | 账户更新: 总值$100396.42, 买入力$401585.68
2025-06-17 09:26:50 | DEBUG    | src.bot.trading_bot:_update_market_data:184 | 市场数据更新完成
2025-06-17 09:26:53 | INFO     | src.trading.executor:update_account_info:125 | 账户更新: 总值$100396.42, 买入力$401585.68
2025-06-17 09:26:53 | DEBUG    | src.bot.trading_bot:_update_market_data:184 | 市场数据更新完成
2025-06-17 09:26:56 | INFO     | src.trading.executor:update_account_info:125 | 账户更新: 总值$100396.42, 买入力$401585.68
2025-06-17 09:26:56 | DEBUG    | src.bot.trading_bot:_update_market_data:184 | 市场数据更新完成
2025-06-17 09:27:00 | INFO     | src.trading.executor:update_account_info:125 | 账户更新: 总值$100396.42, 买入力$401585.68
2025-06-17 09:27:00 | DEBUG    | src.bot.trading_bot:_update_market_data:184 | 市场数据更新完成
2025-06-17 09:27:03 | DEBUG    | src.bot.trading_bot:_update_positions_normal:259 | 📊 常规头寸更新完成
2025-06-17 09:27:03 | INFO     | src.trading.executor:update_account_info:125 | 账户更新: 总值$100396.42, 买入力$401585.68
2025-06-17 09:27:03 | DEBUG    | src.bot.trading_bot:_update_market_data:184 | 市场数据更新完成
2025-06-17 09:27:06 | INFO     | src.strategy.signals:generate_signals:468 | 生成信号: SHORT - VWAP空头突破: 偏离-0.24%, MACD转负
2025-06-17 09:27:06 | INFO     | src.bot.trading_bot:_check_signals:202 | 检测到信号: SHORT 置信度: 0.85 原因: VWAP空头突破: 偏离-0.24%, MACD转负
2025-06-17 09:27:06 | INFO     | src.utils.notifications:send_message:63 | [GENERAL] 📡 交易信号
类型: SHORT
强度: MEDIUM
置信度: 0.85
价格: $599.06
原因: VWAP空头突破: 偏离-0.24%, MACD转负
2025-06-17 09:27:06 | INFO     | src.data.market_data:find_suitable_options:435 | 当前SPY价格: $601.12, 选择PUT期权行权价: $602
2025-06-17 09:27:06 | DEBUG    | src.data.market_data:_generate_option_symbol:470 | 生成期权代码: SPY250617P00602000 (行权价$602, 类型PUT)
2025-06-17 09:27:06 | INFO     | src.data.market_data:find_suitable_options:444 | 成功获取期权SPY250617P00602000的报价数据
2025-06-17 09:27:06 | ERROR    | src.trading.executor:find_best_option:192 | 查找最佳期权失败: 'contractSymbol'
2025-06-17 09:27:06 | WARNING  | src.bot.trading_bot:_check_signals:216 | 信号执行失败: SHORT
2025-06-17 09:27:07 | INFO     | src.trading.executor:update_account_info:125 | 账户更新: 总值$100396.42, 买入力$401585.68
2025-06-17 09:27:07 | DEBUG    | src.bot.trading_bot:_update_market_data:184 | 市场数据更新完成
2025-06-17 09:27:09 | INFO     | src.strategy.signals:generate_signals:468 | 生成信号: SHORT - VWAP空头突破: 偏离-0.24%, MACD转负
2025-06-17 09:27:09 | INFO     | src.bot.trading_bot:_check_signals:202 | 检测到信号: SHORT 置信度: 0.85 原因: VWAP空头突破: 偏离-0.24%, MACD转负
2025-06-17 09:27:09 | INFO     | src.utils.notifications:send_message:63 | [GENERAL] 📡 交易信号
类型: SHORT
强度: MEDIUM
置信度: 0.85
价格: $599.06
原因: VWAP空头突破: 偏离-0.24%, MACD转负
2025-06-17 09:27:10 | INFO     | src.data.market_data:find_suitable_options:435 | 当前SPY价格: $601.12, 选择PUT期权行权价: $602
2025-06-17 09:27:10 | DEBUG    | src.data.market_data:_generate_option_symbol:470 | 生成期权代码: SPY250617P00602000 (行权价$602, 类型PUT)
2025-06-17 09:27:10 | INFO     | src.data.market_data:find_suitable_options:444 | 成功获取期权SPY250617P00602000的报价数据
2025-06-17 09:27:10 | ERROR    | src.trading.executor:find_best_option:192 | 查找最佳期权失败: 'contractSymbol'
2025-06-17 09:27:10 | WARNING  | src.bot.trading_bot:_check_signals:216 | 信号执行失败: SHORT
2025-06-17 09:27:10 | INFO     | src.trading.executor:update_account_info:125 | 账户更新: 总值$100396.42, 买入力$401585.68
2025-06-17 09:27:10 | DEBUG    | src.bot.trading_bot:_update_market_data:184 | 市场数据更新完成
2025-06-17 09:27:13 | INFO     | src.strategy.signals:generate_signals:468 | 生成信号: SHORT - VWAP空头突破: 偏离-0.24%, MACD转负
2025-06-17 09:27:13 | INFO     | src.bot.trading_bot:_check_signals:202 | 检测到信号: SHORT 置信度: 0.85 原因: VWAP空头突破: 偏离-0.24%, MACD转负
2025-06-17 09:27:13 | INFO     | src.utils.notifications:send_message:63 | [GENERAL] 📡 交易信号
类型: SHORT
强度: MEDIUM
置信度: 0.85
价格: $599.06
原因: VWAP空头突破: 偏离-0.24%, MACD转负
2025-06-17 09:27:13 | INFO     | src.data.market_data:find_suitable_options:435 | 当前SPY价格: $601.12, 选择PUT期权行权价: $602
2025-06-17 09:27:13 | DEBUG    | src.data.market_data:_generate_option_symbol:470 | 生成期权代码: SPY250617P00602000 (行权价$602, 类型PUT)
2025-06-17 09:27:13 | INFO     | src.data.market_data:find_suitable_options:444 | 成功获取期权SPY250617P00602000的报价数据
2025-06-17 09:27:13 | ERROR    | src.trading.executor:find_best_option:192 | 查找最佳期权失败: 'contractSymbol'
2025-06-17 09:27:13 | WARNING  | src.bot.trading_bot:_check_signals:216 | 信号执行失败: SHORT
2025-06-17 09:27:14 | INFO     | src.trading.executor:update_account_info:125 | 账户更新: 总值$100396.42, 买入力$401585.68
2025-06-17 09:27:14 | DEBUG    | src.bot.trading_bot:_update_market_data:184 | 市场数据更新完成
2025-06-17 09:27:16 | INFO     | src.strategy.signals:generate_signals:468 | 生成信号: SHORT - VWAP空头突破: 偏离-0.24%, MACD转负
2025-06-17 09:27:16 | INFO     | src.bot.trading_bot:_check_signals:202 | 检测到信号: SHORT 置信度: 0.85 原因: VWAP空头突破: 偏离-0.24%, MACD转负
2025-06-17 09:27:16 | INFO     | src.utils.notifications:send_message:63 | [GENERAL] 📡 交易信号
类型: SHORT
强度: MEDIUM
置信度: 0.85
价格: $599.06
原因: VWAP空头突破: 偏离-0.24%, MACD转负
2025-06-17 09:27:16 | INFO     | src.data.market_data:find_suitable_options:435 | 当前SPY价格: $601.12, 选择PUT期权行权价: $602
2025-06-17 09:27:16 | DEBUG    | src.data.market_data:_generate_option_symbol:470 | 生成期权代码: SPY250617P00602000 (行权价$602, 类型PUT)
2025-06-17 09:27:17 | INFO     | src.data.market_data:find_suitable_options:444 | 成功获取期权SPY250617P00602000的报价数据
2025-06-17 09:27:17 | ERROR    | src.trading.executor:find_best_option:192 | 查找最佳期权失败: 'contractSymbol'
2025-06-17 09:27:17 | WARNING  | src.bot.trading_bot:_check_signals:216 | 信号执行失败: SHORT
2025-06-17 09:27:17 | INFO     | src.trading.executor:update_account_info:125 | 账户更新: 总值$100396.42, 买入力$401585.68
2025-06-17 09:27:17 | DEBUG    | src.bot.trading_bot:_update_market_data:184 | 市场数据更新完成
2025-06-17 09:27:20 | INFO     | src.strategy.signals:generate_signals:468 | 生成信号: SHORT - VWAP空头突破: 偏离-0.24%, MACD转负
2025-06-17 09:27:20 | INFO     | src.bot.trading_bot:_check_signals:202 | 检测到信号: SHORT 置信度: 0.85 原因: VWAP空头突破: 偏离-0.24%, MACD转负
2025-06-17 09:27:20 | INFO     | src.utils.notifications:send_message:63 | [GENERAL] 📡 交易信号
类型: SHORT
强度: MEDIUM
置信度: 0.85
价格: $599.06
原因: VWAP空头突破: 偏离-0.24%, MACD转负
2025-06-17 09:27:20 | INFO     | src.data.market_data:find_suitable_options:435 | 当前SPY价格: $601.12, 选择PUT期权行权价: $602
2025-06-17 09:27:20 | DEBUG    | src.data.market_data:_generate_option_symbol:470 | 生成期权代码: SPY250617P00602000 (行权价$602, 类型PUT)
2025-06-17 09:27:20 | INFO     | src.data.market_data:find_suitable_options:444 | 成功获取期权SPY250617P00602000的报价数据
2025-06-17 09:27:20 | ERROR    | src.trading.executor:find_best_option:192 | 查找最佳期权失败: 'contractSymbol'
2025-06-17 09:27:20 | WARNING  | src.bot.trading_bot:_check_signals:216 | 信号执行失败: SHORT
2025-06-17 09:27:21 | INFO     | src.trading.executor:update_account_info:125 | 账户更新: 总值$100396.42, 买入力$401585.68
2025-06-17 09:27:21 | DEBUG    | src.bot.trading_bot:_update_market_data:184 | 市场数据更新完成
2025-06-17 09:27:23 | INFO     | src.strategy.signals:generate_signals:468 | 生成信号: SHORT - VWAP空头突破: 偏离-0.24%, MACD转负
2025-06-17 09:27:23 | INFO     | src.bot.trading_bot:_check_signals:202 | 检测到信号: SHORT 置信度: 0.85 原因: VWAP空头突破: 偏离-0.24%, MACD转负
2025-06-17 09:27:23 | INFO     | src.utils.notifications:send_message:63 | [GENERAL] 📡 交易信号
类型: SHORT
强度: MEDIUM
置信度: 0.85
价格: $599.06
原因: VWAP空头突破: 偏离-0.24%, MACD转负
2025-06-17 09:27:23 | INFO     | src.data.market_data:find_suitable_options:435 | 当前SPY价格: $601.12, 选择PUT期权行权价: $602
2025-06-17 09:27:23 | DEBUG    | src.data.market_data:_generate_option_symbol:470 | 生成期权代码: SPY250617P00602000 (行权价$602, 类型PUT)
2025-06-17 09:27:24 | INFO     | src.data.market_data:find_suitable_options:444 | 成功获取期权SPY250617P00602000的报价数据
2025-06-17 09:27:24 | ERROR    | src.trading.executor:find_best_option:192 | 查找最佳期权失败: 'contractSymbol'
2025-06-17 09:27:24 | WARNING  | src.bot.trading_bot:_check_signals:216 | 信号执行失败: SHORT
2025-06-17 09:27:24 | INFO     | src.trading.executor:update_account_info:125 | 账户更新: 总值$100396.42, 买入力$401585.68
2025-06-17 09:27:24 | DEBUG    | src.bot.trading_bot:_update_market_data:184 | 市场数据更新完成
2025-06-17 09:27:27 | INFO     | src.strategy.signals:generate_signals:468 | 生成信号: SHORT - VWAP空头突破: 偏离-0.24%, MACD转负
2025-06-17 09:27:27 | INFO     | src.bot.trading_bot:_check_signals:202 | 检测到信号: SHORT 置信度: 0.85 原因: VWAP空头突破: 偏离-0.24%, MACD转负
2025-06-17 09:27:27 | INFO     | src.utils.notifications:send_message:63 | [GENERAL] 📡 交易信号
类型: SHORT
强度: MEDIUM
置信度: 0.85
价格: $599.06
原因: VWAP空头突破: 偏离-0.24%, MACD转负
2025-06-17 09:27:27 | INFO     | src.data.market_data:find_suitable_options:435 | 当前SPY价格: $601.12, 选择PUT期权行权价: $602
2025-06-17 09:27:27 | DEBUG    | src.data.market_data:_generate_option_symbol:470 | 生成期权代码: SPY250617P00602000 (行权价$602, 类型PUT)
2025-06-17 09:27:27 | INFO     | src.data.market_data:find_suitable_options:444 | 成功获取期权SPY250617P00602000的报价数据
2025-06-17 09:27:27 | ERROR    | src.trading.executor:find_best_option:192 | 查找最佳期权失败: 'contractSymbol'
2025-06-17 09:27:27 | WARNING  | src.bot.trading_bot:_check_signals:216 | 信号执行失败: SHORT
2025-06-17 09:27:28 | INFO     | src.trading.executor:update_account_info:125 | 账户更新: 总值$100396.42, 买入力$401585.68
2025-06-17 09:27:28 | DEBUG    | src.bot.trading_bot:_update_market_data:184 | 市场数据更新完成
2025-06-17 09:27:30 | INFO     | src.strategy.signals:generate_signals:468 | 生成信号: SHORT - VWAP空头突破: 偏离-0.24%, MACD转负
2025-06-17 09:27:30 | INFO     | src.bot.trading_bot:_check_signals:202 | 检测到信号: SHORT 置信度: 0.85 原因: VWAP空头突破: 偏离-0.24%, MACD转负
2025-06-17 09:27:30 | INFO     | src.utils.notifications:send_message:63 | [GENERAL] 📡 交易信号
类型: SHORT
强度: MEDIUM
置信度: 0.85
价格: $599.06
原因: VWAP空头突破: 偏离-0.24%, MACD转负
2025-06-17 09:27:30 | INFO     | src.data.market_data:find_suitable_options:435 | 当前SPY价格: $601.12, 选择PUT期权行权价: $602
2025-06-17 09:27:30 | DEBUG    | src.data.market_data:_generate_option_symbol:470 | 生成期权代码: SPY250617P00602000 (行权价$602, 类型PUT)
2025-06-17 09:27:30 | INFO     | src.data.market_data:find_suitable_options:444 | 成功获取期权SPY250617P00602000的报价数据
2025-06-17 09:27:30 | ERROR    | src.trading.executor:find_best_option:192 | 查找最佳期权失败: 'contractSymbol'
2025-06-17 09:27:30 | WARNING  | src.bot.trading_bot:_check_signals:216 | 信号执行失败: SHORT
2025-06-17 09:27:31 | INFO     | src.trading.executor:update_account_info:125 | 账户更新: 总值$100396.42, 买入力$401585.68
2025-06-17 09:27:31 | DEBUG    | src.bot.trading_bot:_update_market_data:184 | 市场数据更新完成
2025-06-17 09:27:34 | INFO     | src.strategy.signals:generate_signals:468 | 生成信号: SHORT - VWAP空头突破: 偏离-0.24%, MACD转负
2025-06-17 09:27:34 | INFO     | src.bot.trading_bot:_check_signals:202 | 检测到信号: SHORT 置信度: 0.85 原因: VWAP空头突破: 偏离-0.24%, MACD转负
2025-06-17 09:27:34 | INFO     | src.utils.notifications:send_message:63 | [GENERAL] 📡 交易信号
类型: SHORT
强度: MEDIUM
置信度: 0.85
价格: $599.06
原因: VWAP空头突破: 偏离-0.24%, MACD转负
2025-06-17 09:27:34 | INFO     | src.data.market_data:find_suitable_options:435 | 当前SPY价格: $601.12, 选择PUT期权行权价: $602
2025-06-17 09:27:34 | DEBUG    | src.data.market_data:_generate_option_symbol:470 | 生成期权代码: SPY250617P00602000 (行权价$602, 类型PUT)
2025-06-17 09:27:34 | INFO     | src.data.market_data:find_suitable_options:444 | 成功获取期权SPY250617P00602000的报价数据
2025-06-17 09:27:34 | ERROR    | src.trading.executor:find_best_option:192 | 查找最佳期权失败: 'contractSymbol'
2025-06-17 09:27:34 | WARNING  | src.bot.trading_bot:_check_signals:216 | 信号执行失败: SHORT
2025-06-17 09:27:35 | INFO     | src.trading.executor:update_account_info:125 | 账户更新: 总值$100396.42, 买入力$401585.68
2025-06-17 09:27:35 | DEBUG    | src.bot.trading_bot:_update_market_data:184 | 市场数据更新完成
2025-06-17 09:27:37 | INFO     | src.strategy.signals:generate_signals:468 | 生成信号: SHORT - VWAP空头突破: 偏离-0.24%, MACD转负
2025-06-17 09:27:37 | INFO     | src.bot.trading_bot:_check_signals:202 | 检测到信号: SHORT 置信度: 0.85 原因: VWAP空头突破: 偏离-0.24%, MACD转负
2025-06-17 09:27:37 | INFO     | src.utils.notifications:send_message:63 | [GENERAL] 📡 交易信号
类型: SHORT
强度: MEDIUM
置信度: 0.85
价格: $599.06
原因: VWAP空头突破: 偏离-0.24%, MACD转负
2025-06-17 09:27:37 | INFO     | src.data.market_data:find_suitable_options:435 | 当前SPY价格: $601.12, 选择PUT期权行权价: $602
2025-06-17 09:27:37 | DEBUG    | src.data.market_data:_generate_option_symbol:470 | 生成期权代码: SPY250617P00602000 (行权价$602, 类型PUT)
2025-06-17 09:27:38 | INFO     | src.data.market_data:find_suitable_options:444 | 成功获取期权SPY250617P00602000的报价数据
2025-06-17 09:27:38 | ERROR    | src.trading.executor:find_best_option:192 | 查找最佳期权失败: 'contractSymbol'
2025-06-17 09:27:38 | WARNING  | src.bot.trading_bot:_check_signals:216 | 信号执行失败: SHORT
2025-06-17 09:27:38 | INFO     | src.trading.executor:update_account_info:125 | 账户更新: 总值$100396.42, 买入力$401585.68
2025-06-17 09:27:38 | DEBUG    | src.bot.trading_bot:_update_market_data:184 | 市场数据更新完成
2025-06-17 09:27:41 | INFO     | src.strategy.signals:generate_signals:468 | 生成信号: SHORT - VWAP空头突破: 偏离-0.24%, MACD转负
2025-06-17 09:27:41 | INFO     | src.bot.trading_bot:_check_signals:202 | 检测到信号: SHORT 置信度: 0.85 原因: VWAP空头突破: 偏离-0.24%, MACD转负
2025-06-17 09:27:41 | INFO     | src.utils.notifications:send_message:63 | [GENERAL] 📡 交易信号
类型: SHORT
强度: MEDIUM
置信度: 0.85
价格: $599.06
原因: VWAP空头突破: 偏离-0.24%, MACD转负
2025-06-17 09:27:41 | INFO     | src.data.market_data:find_suitable_options:435 | 当前SPY价格: $601.12, 选择PUT期权行权价: $602
2025-06-17 09:27:41 | DEBUG    | src.data.market_data:_generate_option_symbol:470 | 生成期权代码: SPY250617P00602000 (行权价$602, 类型PUT)
2025-06-17 09:27:41 | INFO     | src.data.market_data:find_suitable_options:444 | 成功获取期权SPY250617P00602000的报价数据
2025-06-17 09:27:41 | ERROR    | src.trading.executor:find_best_option:192 | 查找最佳期权失败: 'contractSymbol'
2025-06-17 09:27:41 | WARNING  | src.bot.trading_bot:_check_signals:216 | 信号执行失败: SHORT
2025-06-17 09:27:42 | INFO     | src.trading.executor:update_account_info:125 | 账户更新: 总值$100396.42, 买入力$401585.68
2025-06-17 09:27:42 | DEBUG    | src.bot.trading_bot:_update_market_data:184 | 市场数据更新完成
2025-06-17 09:27:44 | INFO     | src.strategy.signals:generate_signals:468 | 生成信号: SHORT - VWAP空头突破: 偏离-0.24%, MACD转负
2025-06-17 09:27:44 | INFO     | src.bot.trading_bot:_check_signals:202 | 检测到信号: SHORT 置信度: 0.85 原因: VWAP空头突破: 偏离-0.24%, MACD转负
2025-06-17 09:27:44 | INFO     | src.utils.notifications:send_message:63 | [GENERAL] 📡 交易信号
类型: SHORT
强度: MEDIUM
置信度: 0.85
价格: $599.06
原因: VWAP空头突破: 偏离-0.24%, MACD转负
2025-06-17 09:27:45 | INFO     | src.data.market_data:find_suitable_options:435 | 当前SPY价格: $601.12, 选择PUT期权行权价: $602
2025-06-17 09:27:45 | DEBUG    | src.data.market_data:_generate_option_symbol:470 | 生成期权代码: SPY250617P00602000 (行权价$602, 类型PUT)
2025-06-17 09:27:45 | INFO     | src.data.market_data:find_suitable_options:444 | 成功获取期权SPY250617P00602000的报价数据
2025-06-17 09:27:45 | ERROR    | src.trading.executor:find_best_option:192 | 查找最佳期权失败: 'contractSymbol'
2025-06-17 09:27:45 | WARNING  | src.bot.trading_bot:_check_signals:216 | 信号执行失败: SHORT
2025-06-17 09:27:45 | INFO     | src.trading.executor:update_account_info:125 | 账户更新: 总值$100396.42, 买入力$401585.68
2025-06-17 09:27:45 | DEBUG    | src.bot.trading_bot:_update_market_data:184 | 市场数据更新完成
2025-06-17 09:27:48 | INFO     | src.strategy.signals:generate_signals:468 | 生成信号: SHORT - VWAP空头突破: 偏离-0.24%, MACD转负
2025-06-17 09:27:48 | INFO     | src.bot.trading_bot:_check_signals:202 | 检测到信号: SHORT 置信度: 0.85 原因: VWAP空头突破: 偏离-0.24%, MACD转负
2025-06-17 09:27:48 | INFO     | src.utils.notifications:send_message:63 | [GENERAL] 📡 交易信号
类型: SHORT
强度: MEDIUM
置信度: 0.85
价格: $599.06
原因: VWAP空头突破: 偏离-0.24%, MACD转负
2025-06-17 09:27:48 | INFO     | src.data.market_data:find_suitable_options:435 | 当前SPY价格: $601.12, 选择PUT期权行权价: $602
2025-06-17 09:27:48 | DEBUG    | src.data.market_data:_generate_option_symbol:470 | 生成期权代码: SPY250617P00602000 (行权价$602, 类型PUT)
2025-06-17 09:27:48 | INFO     | src.data.market_data:find_suitable_options:444 | 成功获取期权SPY250617P00602000的报价数据
2025-06-17 09:27:48 | ERROR    | src.trading.executor:find_best_option:192 | 查找最佳期权失败: 'contractSymbol'
2025-06-17 09:27:48 | WARNING  | src.bot.trading_bot:_check_signals:216 | 信号执行失败: SHORT
2025-06-17 09:27:49 | INFO     | src.trading.executor:update_account_info:125 | 账户更新: 总值$100396.42, 买入力$401585.68
2025-06-17 09:27:49 | DEBUG    | src.bot.trading_bot:_update_market_data:184 | 市场数据更新完成
2025-06-17 09:27:51 | INFO     | src.strategy.signals:generate_signals:468 | 生成信号: SHORT - VWAP空头突破: 偏离-0.24%, MACD转负
2025-06-17 09:27:51 | INFO     | src.bot.trading_bot:_check_signals:202 | 检测到信号: SHORT 置信度: 0.85 原因: VWAP空头突破: 偏离-0.24%, MACD转负
2025-06-17 09:27:51 | INFO     | src.utils.notifications:send_message:63 | [GENERAL] 📡 交易信号
类型: SHORT
强度: MEDIUM
置信度: 0.85
价格: $599.06
原因: VWAP空头突破: 偏离-0.24%, MACD转负
2025-06-17 09:27:52 | INFO     | src.data.market_data:find_suitable_options:435 | 当前SPY价格: $601.12, 选择PUT期权行权价: $602
2025-06-17 09:27:52 | DEBUG    | src.data.market_data:_generate_option_symbol:470 | 生成期权代码: SPY250617P00602000 (行权价$602, 类型PUT)
2025-06-17 09:27:52 | INFO     | src.data.market_data:find_suitable_options:444 | 成功获取期权SPY250617P00602000的报价数据
2025-06-17 09:27:52 | ERROR    | src.trading.executor:find_best_option:192 | 查找最佳期权失败: 'contractSymbol'
2025-06-17 09:27:52 | WARNING  | src.bot.trading_bot:_check_signals:216 | 信号执行失败: SHORT
2025-06-17 09:27:52 | INFO     | src.trading.executor:update_account_info:125 | 账户更新: 总值$100396.42, 买入力$401585.68
2025-06-17 09:27:52 | DEBUG    | src.bot.trading_bot:_update_market_data:184 | 市场数据更新完成
2025-06-17 09:27:55 | INFO     | src.strategy.signals:generate_signals:468 | 生成信号: SHORT - VWAP空头突破: 偏离-0.24%, MACD转负
2025-06-17 09:27:55 | INFO     | src.bot.trading_bot:_check_signals:202 | 检测到信号: SHORT 置信度: 0.85 原因: VWAP空头突破: 偏离-0.24%, MACD转负
2025-06-17 09:27:55 | INFO     | src.utils.notifications:send_message:63 | [GENERAL] 📡 交易信号
类型: SHORT
强度: MEDIUM
置信度: 0.85
价格: $599.06
原因: VWAP空头突破: 偏离-0.24%, MACD转负
2025-06-17 09:27:55 | INFO     | src.data.market_data:find_suitable_options:435 | 当前SPY价格: $601.12, 选择PUT期权行权价: $602
2025-06-17 09:27:55 | DEBUG    | src.data.market_data:_generate_option_symbol:470 | 生成期权代码: SPY250617P00602000 (行权价$602, 类型PUT)
2025-06-17 09:27:55 | INFO     | src.data.market_data:find_suitable_options:444 | 成功获取期权SPY250617P00602000的报价数据
2025-06-17 09:27:55 | ERROR    | src.trading.executor:find_best_option:192 | 查找最佳期权失败: 'contractSymbol'
2025-06-17 09:27:55 | WARNING  | src.bot.trading_bot:_check_signals:216 | 信号执行失败: SHORT
2025-06-17 09:27:56 | INFO     | src.trading.executor:update_account_info:125 | 账户更新: 总值$100396.42, 买入力$401585.68
2025-06-17 09:27:56 | DEBUG    | src.bot.trading_bot:_update_market_data:184 | 市场数据更新完成
2025-06-17 09:27:59 | INFO     | src.strategy.signals:generate_signals:468 | 生成信号: SHORT - VWAP空头突破: 偏离-0.24%, MACD转负
2025-06-17 09:27:59 | INFO     | src.bot.trading_bot:_check_signals:202 | 检测到信号: SHORT 置信度: 0.85 原因: VWAP空头突破: 偏离-0.24%, MACD转负
2025-06-17 09:27:59 | INFO     | src.utils.notifications:send_message:63 | [GENERAL] 📡 交易信号
类型: SHORT
强度: MEDIUM
置信度: 0.85
价格: $599.06
原因: VWAP空头突破: 偏离-0.24%, MACD转负
2025-06-17 09:27:59 | INFO     | src.data.market_data:find_suitable_options:435 | 当前SPY价格: $601.12, 选择PUT期权行权价: $602
2025-06-17 09:27:59 | DEBUG    | src.data.market_data:_generate_option_symbol:470 | 生成期权代码: SPY250617P00602000 (行权价$602, 类型PUT)
2025-06-17 09:27:59 | INFO     | src.data.market_data:find_suitable_options:444 | 成功获取期权SPY250617P00602000的报价数据
2025-06-17 09:27:59 | ERROR    | src.trading.executor:find_best_option:192 | 查找最佳期权失败: 'contractSymbol'
2025-06-17 09:27:59 | WARNING  | src.bot.trading_bot:_check_signals:216 | 信号执行失败: SHORT
2025-06-17 09:27:59 | INFO     | src.trading.executor:update_account_info:125 | 账户更新: 总值$100396.42, 买入力$401585.68
2025-06-17 09:27:59 | DEBUG    | src.bot.trading_bot:_update_market_data:184 | 市场数据更新完成
2025-06-17 09:28:02 | INFO     | src.strategy.signals:generate_signals:468 | 生成信号: SHORT - VWAP空头突破: 偏离-0.24%, MACD转负
2025-06-17 09:28:02 | INFO     | src.bot.trading_bot:_check_signals:202 | 检测到信号: SHORT 置信度: 0.85 原因: VWAP空头突破: 偏离-0.24%, MACD转负
2025-06-17 09:28:02 | INFO     | src.utils.notifications:send_message:63 | [GENERAL] 📡 交易信号
类型: SHORT
强度: MEDIUM
置信度: 0.85
价格: $599.06
原因: VWAP空头突破: 偏离-0.24%, MACD转负
2025-06-17 09:28:02 | INFO     | src.data.market_data:find_suitable_options:435 | 当前SPY价格: $601.12, 选择PUT期权行权价: $602
2025-06-17 09:28:02 | DEBUG    | src.data.market_data:_generate_option_symbol:470 | 生成期权代码: SPY250617P00602000 (行权价$602, 类型PUT)
2025-06-17 09:28:02 | INFO     | src.data.market_data:find_suitable_options:444 | 成功获取期权SPY250617P00602000的报价数据
2025-06-17 09:28:02 | ERROR    | src.trading.executor:find_best_option:192 | 查找最佳期权失败: 'contractSymbol'
2025-06-17 09:28:02 | WARNING  | src.bot.trading_bot:_check_signals:216 | 信号执行失败: SHORT
2025-06-17 09:28:03 | INFO     | src.trading.executor:update_account_info:125 | 账户更新: 总值$100396.42, 买入力$401585.68
2025-06-17 09:28:03 | DEBUG    | src.bot.trading_bot:_update_market_data:184 | 市场数据更新完成
2025-06-17 09:28:03 | DEBUG    | src.bot.trading_bot:_update_positions_normal:259 | 📊 常规头寸更新完成
2025-06-17 09:28:06 | INFO     | src.strategy.signals:generate_signals:468 | 生成信号: SHORT - VWAP空头突破: 偏离-0.24%, MACD转负
2025-06-17 09:28:06 | INFO     | src.bot.trading_bot:_check_signals:202 | 检测到信号: SHORT 置信度: 0.85 原因: VWAP空头突破: 偏离-0.24%, MACD转负
2025-06-17 09:28:06 | INFO     | src.utils.notifications:send_message:63 | [GENERAL] 📡 交易信号
类型: SHORT
强度: MEDIUM
置信度: 0.85
价格: $599.06
原因: VWAP空头突破: 偏离-0.24%, MACD转负
2025-06-17 09:28:06 | INFO     | src.data.market_data:find_suitable_options:435 | 当前SPY价格: $601.21, 选择PUT期权行权价: $602
2025-06-17 09:28:06 | DEBUG    | src.data.market_data:_generate_option_symbol:470 | 生成期权代码: SPY250617P00602000 (行权价$602, 类型PUT)
2025-06-17 09:28:06 | INFO     | src.data.market_data:find_suitable_options:444 | 成功获取期权SPY250617P00602000的报价数据
2025-06-17 09:28:06 | ERROR    | src.trading.executor:find_best_option:192 | 查找最佳期权失败: 'contractSymbol'
2025-06-17 09:28:06 | WARNING  | src.bot.trading_bot:_check_signals:216 | 信号执行失败: SHORT
2025-06-17 09:28:06 | INFO     | src.trading.executor:update_account_info:125 | 账户更新: 总值$100396.42, 买入力$401585.68
2025-06-17 09:28:06 | DEBUG    | src.bot.trading_bot:_update_market_data:184 | 市场数据更新完成
2025-06-17 09:28:10 | INFO     | src.trading.executor:update_account_info:125 | 账户更新: 总值$100396.42, 买入力$401585.68
2025-06-17 09:28:10 | DEBUG    | src.bot.trading_bot:_update_market_data:184 | 市场数据更新完成
2025-06-17 09:28:13 | INFO     | src.trading.executor:update_account_info:125 | 账户更新: 总值$100396.42, 买入力$401585.68
2025-06-17 09:28:13 | DEBUG    | src.bot.trading_bot:_update_market_data:184 | 市场数据更新完成
2025-06-17 09:28:16 | INFO     | src.trading.executor:update_account_info:125 | 账户更新: 总值$100396.42, 买入力$401585.68
2025-06-17 09:28:16 | DEBUG    | src.bot.trading_bot:_update_market_data:184 | 市场数据更新完成
2025-06-17 09:28:19 | INFO     | src.trading.executor:update_account_info:125 | 账户更新: 总值$100396.42, 买入力$401585.68
2025-06-17 09:28:19 | DEBUG    | src.bot.trading_bot:_update_market_data:184 | 市场数据更新完成
2025-06-17 09:28:23 | INFO     | src.trading.executor:update_account_info:125 | 账户更新: 总值$100396.42, 买入力$401585.68
2025-06-17 09:28:23 | DEBUG    | src.bot.trading_bot:_update_market_data:184 | 市场数据更新完成
2025-06-17 09:28:26 | INFO     | src.trading.executor:update_account_info:125 | 账户更新: 总值$100396.42, 买入力$401585.68
2025-06-17 09:28:26 | DEBUG    | src.bot.trading_bot:_update_market_data:184 | 市场数据更新完成
2025-06-17 09:28:29 | INFO     | src.trading.executor:update_account_info:125 | 账户更新: 总值$100396.42, 买入力$401585.68
2025-06-17 09:28:29 | DEBUG    | src.bot.trading_bot:_update_market_data:184 | 市场数据更新完成
2025-06-17 09:28:32 | INFO     | src.trading.executor:update_account_info:125 | 账户更新: 总值$100396.42, 买入力$401585.68
2025-06-17 09:28:32 | DEBUG    | src.bot.trading_bot:_update_market_data:184 | 市场数据更新完成
2025-06-17 09:28:35 | INFO     | src.trading.executor:update_account_info:125 | 账户更新: 总值$100396.42, 买入力$401585.68
2025-06-17 09:28:35 | DEBUG    | src.bot.trading_bot:_update_market_data:184 | 市场数据更新完成
2025-06-17 09:28:39 | INFO     | src.trading.executor:update_account_info:125 | 账户更新: 总值$100396.42, 买入力$401585.68
2025-06-17 09:28:39 | DEBUG    | src.bot.trading_bot:_update_market_data:184 | 市场数据更新完成
2025-06-17 09:28:42 | INFO     | src.trading.executor:update_account_info:125 | 账户更新: 总值$100396.42, 买入力$401585.68
2025-06-17 09:28:42 | DEBUG    | src.bot.trading_bot:_update_market_data:184 | 市场数据更新完成
2025-06-17 09:28:45 | INFO     | src.trading.executor:update_account_info:125 | 账户更新: 总值$100396.42, 买入力$401585.68
2025-06-17 09:28:45 | DEBUG    | src.bot.trading_bot:_update_market_data:184 | 市场数据更新完成
2025-06-17 09:28:48 | INFO     | src.trading.executor:update_account_info:125 | 账户更新: 总值$100396.42, 买入力$401585.68
2025-06-17 09:28:48 | DEBUG    | src.bot.trading_bot:_update_market_data:184 | 市场数据更新完成
2025-06-17 09:28:52 | INFO     | src.trading.executor:update_account_info:125 | 账户更新: 总值$100396.42, 买入力$401585.68
2025-06-17 09:28:52 | DEBUG    | src.bot.trading_bot:_update_market_data:184 | 市场数据更新完成
2025-06-17 09:28:55 | INFO     | src.trading.executor:update_account_info:125 | 账户更新: 总值$100396.42, 买入力$401585.68
2025-06-17 09:28:55 | DEBUG    | src.bot.trading_bot:_update_market_data:184 | 市场数据更新完成
2025-06-17 09:28:58 | INFO     | src.trading.executor:update_account_info:125 | 账户更新: 总值$100396.42, 买入力$401585.68
2025-06-17 09:28:58 | DEBUG    | src.bot.trading_bot:_update_market_data:184 | 市场数据更新完成
2025-06-17 09:29:01 | INFO     | src.trading.executor:update_account_info:125 | 账户更新: 总值$100396.42, 买入力$401585.68
2025-06-17 09:29:01 | DEBUG    | src.bot.trading_bot:_update_market_data:184 | 市场数据更新完成
2025-06-17 09:29:03 | DEBUG    | src.bot.trading_bot:_update_positions_normal:259 | 📊 常规头寸更新完成
2025-06-17 09:29:04 | INFO     | src.trading.executor:update_account_info:125 | 账户更新: 总值$100396.42, 买入力$401585.68
2025-06-17 09:29:04 | DEBUG    | src.bot.trading_bot:_update_market_data:184 | 市场数据更新完成
2025-06-17 09:29:08 | INFO     | src.trading.executor:update_account_info:125 | 账户更新: 总值$100396.42, 买入力$401585.68
2025-06-17 09:29:08 | DEBUG    | src.bot.trading_bot:_update_market_data:184 | 市场数据更新完成
2025-06-17 09:29:11 | INFO     | src.trading.executor:update_account_info:125 | 账户更新: 总值$100396.42, 买入力$401585.68
2025-06-17 09:29:11 | DEBUG    | src.bot.trading_bot:_update_market_data:184 | 市场数据更新完成
2025-06-17 09:29:14 | INFO     | src.trading.executor:update_account_info:125 | 账户更新: 总值$100396.42, 买入力$401585.68
2025-06-17 09:29:14 | DEBUG    | src.bot.trading_bot:_update_market_data:184 | 市场数据更新完成
2025-06-17 09:29:18 | INFO     | src.trading.executor:update_account_info:125 | 账户更新: 总值$100396.42, 买入力$401585.68
2025-06-17 09:29:18 | DEBUG    | src.bot.trading_bot:_update_market_data:184 | 市场数据更新完成
2025-06-17 09:29:21 | INFO     | src.trading.executor:update_account_info:125 | 账户更新: 总值$100396.42, 买入力$401585.68
2025-06-17 09:29:21 | DEBUG    | src.bot.trading_bot:_update_market_data:184 | 市场数据更新完成
2025-06-17 09:29:24 | INFO     | src.trading.executor:update_account_info:125 | 账户更新: 总值$100396.42, 买入力$401585.68
2025-06-17 09:29:24 | DEBUG    | src.bot.trading_bot:_update_market_data:184 | 市场数据更新完成
2025-06-17 09:29:28 | INFO     | src.trading.executor:update_account_info:125 | 账户更新: 总值$100396.42, 买入力$401585.68
2025-06-17 09:29:28 | DEBUG    | src.bot.trading_bot:_update_market_data:184 | 市场数据更新完成
2025-06-17 09:29:31 | INFO     | src.trading.executor:update_account_info:125 | 账户更新: 总值$100396.42, 买入力$401585.68
2025-06-17 09:29:31 | DEBUG    | src.bot.trading_bot:_update_market_data:184 | 市场数据更新完成
2025-06-17 09:29:34 | INFO     | src.trading.executor:update_account_info:125 | 账户更新: 总值$100396.42, 买入力$401585.68
2025-06-17 09:29:34 | DEBUG    | src.bot.trading_bot:_update_market_data:184 | 市场数据更新完成
2025-06-17 09:29:37 | INFO     | src.trading.executor:update_account_info:125 | 账户更新: 总值$100396.42, 买入力$401585.68
2025-06-17 09:29:37 | DEBUG    | src.bot.trading_bot:_update_market_data:184 | 市场数据更新完成
2025-06-17 09:29:40 | INFO     | src.trading.executor:update_account_info:125 | 账户更新: 总值$100396.42, 买入力$401585.68
2025-06-17 09:29:40 | DEBUG    | src.bot.trading_bot:_update_market_data:184 | 市场数据更新完成
2025-06-17 09:29:44 | INFO     | src.trading.executor:update_account_info:125 | 账户更新: 总值$100396.42, 买入力$401585.68
2025-06-17 09:29:44 | DEBUG    | src.bot.trading_bot:_update_market_data:184 | 市场数据更新完成
2025-06-17 09:29:47 | INFO     | src.trading.executor:update_account_info:125 | 账户更新: 总值$100396.42, 买入力$401585.68
2025-06-17 09:29:47 | DEBUG    | src.bot.trading_bot:_update_market_data:184 | 市场数据更新完成
2025-06-17 09:29:50 | INFO     | src.trading.executor:update_account_info:125 | 账户更新: 总值$100396.42, 买入力$401585.68
2025-06-17 09:29:50 | DEBUG    | src.bot.trading_bot:_update_market_data:184 | 市场数据更新完成
2025-06-17 09:29:53 | INFO     | src.trading.executor:update_account_info:125 | 账户更新: 总值$100396.42, 买入力$401585.68
2025-06-17 09:29:53 | DEBUG    | src.bot.trading_bot:_update_market_data:184 | 市场数据更新完成
2025-06-17 09:29:57 | INFO     | src.trading.executor:update_account_info:125 | 账户更新: 总值$100396.42, 买入力$401585.68
2025-06-17 09:29:57 | DEBUG    | src.bot.trading_bot:_update_market_data:184 | 市场数据更新完成
2025-06-17 09:30:00 | INFO     | src.trading.executor:update_account_info:125 | 账户更新: 总值$100396.42, 买入力$401585.68
2025-06-17 09:30:00 | DEBUG    | src.bot.trading_bot:_update_market_data:184 | 市场数据更新完成
2025-06-17 09:30:03 | INFO     | src.trading.executor:update_account_info:125 | 账户更新: 总值$100396.42, 买入力$401585.68
2025-06-17 09:30:03 | DEBUG    | src.bot.trading_bot:_update_market_data:184 | 市场数据更新完成
2025-06-17 09:30:03 | DEBUG    | src.bot.trading_bot:_update_positions_normal:259 | 📊 常规头寸更新完成
2025-06-17 09:30:06 | INFO     | src.trading.executor:update_account_info:125 | 账户更新: 总值$100396.42, 买入力$401585.68
2025-06-17 09:30:06 | DEBUG    | src.bot.trading_bot:_update_market_data:184 | 市场数据更新完成
2025-06-17 09:30:09 | INFO     | src.trading.executor:update_account_info:125 | 账户更新: 总值$100396.42, 买入力$401585.68
2025-06-17 09:30:09 | DEBUG    | src.bot.trading_bot:_update_market_data:184 | 市场数据更新完成
2025-06-17 09:30:13 | INFO     | src.trading.executor:update_account_info:125 | 账户更新: 总值$100396.42, 买入力$401585.68
2025-06-17 09:30:13 | DEBUG    | src.bot.trading_bot:_update_market_data:184 | 市场数据更新完成
2025-06-17 09:30:16 | INFO     | src.trading.executor:update_account_info:125 | 账户更新: 总值$100396.42, 买入力$401585.68
2025-06-17 09:30:16 | DEBUG    | src.bot.trading_bot:_update_market_data:184 | 市场数据更新完成
2025-06-17 09:30:19 | INFO     | src.trading.executor:update_account_info:125 | 账户更新: 总值$100396.42, 买入力$401585.68
2025-06-17 09:30:19 | DEBUG    | src.bot.trading_bot:_update_market_data:184 | 市场数据更新完成
2025-06-17 09:30:22 | INFO     | src.trading.executor:update_account_info:125 | 账户更新: 总值$100396.42, 买入力$401585.68
2025-06-17 09:30:22 | DEBUG    | src.bot.trading_bot:_update_market_data:184 | 市场数据更新完成
2025-06-17 09:30:26 | INFO     | src.trading.executor:update_account_info:125 | 账户更新: 总值$100396.42, 买入力$401585.68
2025-06-17 09:30:26 | DEBUG    | src.bot.trading_bot:_update_market_data:184 | 市场数据更新完成
2025-06-17 09:30:29 | INFO     | src.trading.executor:update_account_info:125 | 账户更新: 总值$100396.42, 买入力$401585.68
2025-06-17 09:30:29 | DEBUG    | src.bot.trading_bot:_update_market_data:184 | 市场数据更新完成
2025-06-17 09:30:32 | INFO     | src.trading.executor:update_account_info:125 | 账户更新: 总值$100396.42, 买入力$401585.68
2025-06-17 09:30:32 | DEBUG    | src.bot.trading_bot:_update_market_data:184 | 市场数据更新完成
2025-06-17 09:30:35 | INFO     | src.trading.executor:update_account_info:125 | 账户更新: 总值$100396.42, 买入力$401585.68
2025-06-17 09:30:35 | DEBUG    | src.bot.trading_bot:_update_market_data:184 | 市场数据更新完成
2025-06-17 09:30:38 | INFO     | src.trading.executor:update_account_info:125 | 账户更新: 总值$100396.42, 买入力$401585.68
2025-06-17 09:30:38 | DEBUG    | src.bot.trading_bot:_update_market_data:184 | 市场数据更新完成
2025-06-17 09:30:42 | INFO     | src.trading.executor:update_account_info:125 | 账户更新: 总值$100396.42, 买入力$401585.68
2025-06-17 09:30:42 | DEBUG    | src.bot.trading_bot:_update_market_data:184 | 市场数据更新完成
2025-06-17 09:30:45 | INFO     | src.trading.executor:update_account_info:125 | 账户更新: 总值$100396.42, 买入力$401585.68
2025-06-17 09:30:45 | DEBUG    | src.bot.trading_bot:_update_market_data:184 | 市场数据更新完成
2025-06-17 09:30:48 | INFO     | src.trading.executor:update_account_info:125 | 账户更新: 总值$100396.42, 买入力$401585.68
2025-06-17 09:30:48 | DEBUG    | src.bot.trading_bot:_update_market_data:184 | 市场数据更新完成
2025-06-17 09:30:52 | INFO     | src.trading.executor:update_account_info:125 | 账户更新: 总值$100396.42, 买入力$401585.68
2025-06-17 09:30:52 | DEBUG    | src.bot.trading_bot:_update_market_data:184 | 市场数据更新完成
2025-06-17 09:30:55 | INFO     | src.trading.executor:update_account_info:125 | 账户更新: 总值$100396.42, 买入力$401585.68
2025-06-17 09:30:55 | DEBUG    | src.bot.trading_bot:_update_market_data:184 | 市场数据更新完成
2025-06-17 09:30:58 | INFO     | src.trading.executor:update_account_info:125 | 账户更新: 总值$100396.42, 买入力$401585.68
2025-06-17 09:30:58 | DEBUG    | src.bot.trading_bot:_update_market_data:184 | 市场数据更新完成
2025-06-17 09:31:01 | INFO     | src.trading.executor:update_account_info:125 | 账户更新: 总值$100396.42, 买入力$401585.68
2025-06-17 09:31:01 | DEBUG    | src.bot.trading_bot:_update_market_data:184 | 市场数据更新完成
2025-06-17 09:31:04 | DEBUG    | src.bot.trading_bot:_update_positions_normal:259 | 📊 常规头寸更新完成
2025-06-17 09:31:05 | INFO     | src.trading.executor:update_account_info:125 | 账户更新: 总值$100396.42, 买入力$401585.68
2025-06-17 09:31:05 | DEBUG    | src.bot.trading_bot:_update_market_data:184 | 市场数据更新完成
2025-06-17 09:31:08 | INFO     | src.trading.executor:update_account_info:125 | 账户更新: 总值$100396.42, 买入力$401585.68
2025-06-17 09:31:08 | DEBUG    | src.bot.trading_bot:_update_market_data:184 | 市场数据更新完成
2025-06-17 09:31:11 | INFO     | src.trading.executor:update_account_info:125 | 账户更新: 总值$100396.42, 买入力$401585.68
2025-06-17 09:31:11 | DEBUG    | src.bot.trading_bot:_update_market_data:184 | 市场数据更新完成
2025-06-17 09:31:14 | INFO     | src.trading.executor:update_account_info:125 | 账户更新: 总值$100396.42, 买入力$401585.68
2025-06-17 09:31:14 | DEBUG    | src.bot.trading_bot:_update_market_data:184 | 市场数据更新完成
2025-06-17 09:31:17 | INFO     | src.trading.executor:update_account_info:125 | 账户更新: 总值$100396.42, 买入力$401585.68
2025-06-17 09:31:17 | DEBUG    | src.bot.trading_bot:_update_market_data:184 | 市场数据更新完成
2025-06-17 09:31:21 | INFO     | src.trading.executor:update_account_info:125 | 账户更新: 总值$100396.42, 买入力$401585.68
2025-06-17 09:31:21 | DEBUG    | src.bot.trading_bot:_update_market_data:184 | 市场数据更新完成
2025-06-17 09:31:24 | INFO     | src.trading.executor:update_account_info:125 | 账户更新: 总值$100396.42, 买入力$401585.68
2025-06-17 09:31:24 | DEBUG    | src.bot.trading_bot:_update_market_data:184 | 市场数据更新完成
2025-06-17 09:31:27 | INFO     | src.trading.executor:update_account_info:125 | 账户更新: 总值$100396.42, 买入力$401585.68
2025-06-17 09:31:27 | DEBUG    | src.bot.trading_bot:_update_market_data:184 | 市场数据更新完成
2025-06-17 09:31:30 | INFO     | src.trading.executor:update_account_info:125 | 账户更新: 总值$100396.42, 买入力$401585.68
2025-06-17 09:31:30 | DEBUG    | src.bot.trading_bot:_update_market_data:184 | 市场数据更新完成
2025-06-17 09:31:34 | INFO     | src.trading.executor:update_account_info:125 | 账户更新: 总值$100396.42, 买入力$401585.68
2025-06-17 09:31:34 | DEBUG    | src.bot.trading_bot:_update_market_data:184 | 市场数据更新完成
2025-06-17 09:31:37 | INFO     | src.trading.executor:update_account_info:125 | 账户更新: 总值$100396.42, 买入力$401585.68
2025-06-17 09:31:37 | DEBUG    | src.bot.trading_bot:_update_market_data:184 | 市场数据更新完成
2025-06-17 09:31:40 | INFO     | src.trading.executor:update_account_info:125 | 账户更新: 总值$100396.42, 买入力$401585.68
2025-06-17 09:31:40 | DEBUG    | src.bot.trading_bot:_update_market_data:184 | 市场数据更新完成
2025-06-17 09:31:43 | INFO     | src.trading.executor:update_account_info:125 | 账户更新: 总值$100396.42, 买入力$401585.68
2025-06-17 09:31:43 | DEBUG    | src.bot.trading_bot:_update_market_data:184 | 市场数据更新完成
2025-06-17 09:31:46 | INFO     | src.trading.executor:update_account_info:125 | 账户更新: 总值$100396.42, 买入力$401585.68
2025-06-17 09:31:46 | DEBUG    | src.bot.trading_bot:_update_market_data:184 | 市场数据更新完成
2025-06-17 09:31:50 | INFO     | src.trading.executor:update_account_info:125 | 账户更新: 总值$100396.42, 买入力$401585.68
2025-06-17 09:31:50 | DEBUG    | src.bot.trading_bot:_update_market_data:184 | 市场数据更新完成
2025-06-17 09:31:53 | INFO     | src.trading.executor:update_account_info:125 | 账户更新: 总值$100396.42, 买入力$401585.68
2025-06-17 09:31:53 | DEBUG    | src.bot.trading_bot:_update_market_data:184 | 市场数据更新完成
2025-06-17 09:31:56 | INFO     | src.trading.executor:update_account_info:125 | 账户更新: 总值$100396.42, 买入力$401585.68
2025-06-17 09:31:56 | DEBUG    | src.bot.trading_bot:_update_market_data:184 | 市场数据更新完成
2025-06-17 09:31:59 | INFO     | src.trading.executor:update_account_info:125 | 账户更新: 总值$100396.42, 买入力$401585.68
2025-06-17 09:31:59 | DEBUG    | src.bot.trading_bot:_update_market_data:184 | 市场数据更新完成
2025-06-17 09:32:03 | INFO     | src.trading.executor:update_account_info:125 | 账户更新: 总值$100396.42, 买入力$401585.68
2025-06-17 09:32:03 | DEBUG    | src.bot.trading_bot:_update_market_data:184 | 市场数据更新完成
2025-06-17 09:32:04 | DEBUG    | src.bot.trading_bot:_update_positions_normal:259 | 📊 常规头寸更新完成
2025-06-17 09:32:06 | INFO     | src.trading.executor:update_account_info:125 | 账户更新: 总值$100396.42, 买入力$401585.68
2025-06-17 09:32:06 | DEBUG    | src.bot.trading_bot:_update_market_data:184 | 市场数据更新完成
2025-06-17 09:32:09 | INFO     | src.trading.executor:update_account_info:125 | 账户更新: 总值$100396.42, 买入力$401585.68
2025-06-17 09:32:09 | DEBUG    | src.bot.trading_bot:_update_market_data:184 | 市场数据更新完成
2025-06-17 09:32:12 | INFO     | src.trading.executor:update_account_info:125 | 账户更新: 总值$100396.42, 买入力$401585.68
2025-06-17 09:32:12 | DEBUG    | src.bot.trading_bot:_update_market_data:184 | 市场数据更新完成
2025-06-17 09:32:16 | INFO     | src.trading.executor:update_account_info:125 | 账户更新: 总值$100396.42, 买入力$401585.68
2025-06-17 09:32:16 | DEBUG    | src.bot.trading_bot:_update_market_data:184 | 市场数据更新完成
2025-06-17 09:32:19 | INFO     | src.trading.executor:update_account_info:125 | 账户更新: 总值$100396.42, 买入力$401585.68
2025-06-17 09:32:19 | DEBUG    | src.bot.trading_bot:_update_market_data:184 | 市场数据更新完成
2025-06-17 09:32:22 | INFO     | src.trading.executor:update_account_info:125 | 账户更新: 总值$100396.42, 买入力$401585.68
2025-06-17 09:32:22 | DEBUG    | src.bot.trading_bot:_update_market_data:184 | 市场数据更新完成
2025-06-17 09:32:25 | INFO     | src.trading.executor:update_account_info:125 | 账户更新: 总值$100396.42, 买入力$401585.68
2025-06-17 09:32:25 | DEBUG    | src.bot.trading_bot:_update_market_data:184 | 市场数据更新完成
2025-06-17 09:32:29 | INFO     | src.trading.executor:update_account_info:125 | 账户更新: 总值$100396.42, 买入力$401585.68
2025-06-17 09:32:29 | DEBUG    | src.bot.trading_bot:_update_market_data:184 | 市场数据更新完成
2025-06-17 09:32:32 | INFO     | src.trading.executor:update_account_info:125 | 账户更新: 总值$100396.42, 买入力$401585.68
2025-06-17 09:32:32 | DEBUG    | src.bot.trading_bot:_update_market_data:184 | 市场数据更新完成
2025-06-17 09:32:35 | INFO     | src.trading.executor:update_account_info:125 | 账户更新: 总值$100396.42, 买入力$401585.68
2025-06-17 09:32:35 | DEBUG    | src.bot.trading_bot:_update_market_data:184 | 市场数据更新完成
2025-06-17 09:32:38 | INFO     | src.trading.executor:update_account_info:125 | 账户更新: 总值$100396.42, 买入力$401585.68
2025-06-17 09:32:38 | DEBUG    | src.bot.trading_bot:_update_market_data:184 | 市场数据更新完成
2025-06-17 09:32:42 | INFO     | src.trading.executor:update_account_info:125 | 账户更新: 总值$100396.42, 买入力$401585.68
2025-06-17 09:32:42 | DEBUG    | src.bot.trading_bot:_update_market_data:184 | 市场数据更新完成
2025-06-17 09:32:45 | INFO     | src.trading.executor:update_account_info:125 | 账户更新: 总值$100396.42, 买入力$401585.68
2025-06-17 09:32:45 | DEBUG    | src.bot.trading_bot:_update_market_data:184 | 市场数据更新完成
2025-06-17 09:32:48 | INFO     | src.trading.executor:update_account_info:125 | 账户更新: 总值$100396.42, 买入力$401585.68
2025-06-17 09:32:48 | DEBUG    | src.bot.trading_bot:_update_market_data:184 | 市场数据更新完成
2025-06-17 09:32:51 | INFO     | src.trading.executor:update_account_info:125 | 账户更新: 总值$100396.42, 买入力$401585.68
2025-06-17 09:32:51 | DEBUG    | src.bot.trading_bot:_update_market_data:184 | 市场数据更新完成
2025-06-17 09:32:54 | INFO     | src.trading.executor:update_account_info:125 | 账户更新: 总值$100396.42, 买入力$401585.68
2025-06-17 09:32:54 | DEBUG    | src.bot.trading_bot:_update_market_data:184 | 市场数据更新完成
2025-06-17 09:32:58 | INFO     | src.trading.executor:update_account_info:125 | 账户更新: 总值$100396.42, 买入力$401585.68
2025-06-17 09:32:58 | DEBUG    | src.bot.trading_bot:_update_market_data:184 | 市场数据更新完成
2025-06-17 09:33:01 | INFO     | src.trading.executor:update_account_info:125 | 账户更新: 总值$100396.42, 买入力$401585.68
2025-06-17 09:33:01 | DEBUG    | src.bot.trading_bot:_update_market_data:184 | 市场数据更新完成
2025-06-17 09:33:04 | INFO     | src.trading.executor:update_account_info:125 | 账户更新: 总值$100396.42, 买入力$401585.68
2025-06-17 09:33:04 | DEBUG    | src.bot.trading_bot:_update_market_data:184 | 市场数据更新完成
2025-06-17 09:33:05 | DEBUG    | src.bot.trading_bot:_update_positions_normal:259 | 📊 常规头寸更新完成
2025-06-17 09:33:07 | INFO     | src.trading.executor:update_account_info:125 | 账户更新: 总值$100396.42, 买入力$401585.68
2025-06-17 09:33:07 | DEBUG    | src.bot.trading_bot:_update_market_data:184 | 市场数据更新完成
2025-06-17 09:33:11 | INFO     | src.trading.executor:update_account_info:125 | 账户更新: 总值$100396.42, 买入力$401585.68
2025-06-17 09:33:11 | DEBUG    | src.bot.trading_bot:_update_market_data:184 | 市场数据更新完成
2025-06-17 09:33:14 | INFO     | src.trading.executor:update_account_info:125 | 账户更新: 总值$100396.42, 买入力$401585.68
2025-06-17 09:33:14 | DEBUG    | src.bot.trading_bot:_update_market_data:184 | 市场数据更新完成
2025-06-17 09:33:17 | INFO     | src.trading.executor:update_account_info:125 | 账户更新: 总值$100396.42, 买入力$401585.68
2025-06-17 09:33:17 | DEBUG    | src.bot.trading_bot:_update_market_data:184 | 市场数据更新完成
2025-06-17 09:33:20 | INFO     | src.trading.executor:update_account_info:125 | 账户更新: 总值$100396.42, 买入力$401585.68
2025-06-17 09:33:20 | DEBUG    | src.bot.trading_bot:_update_market_data:184 | 市场数据更新完成
2025-06-17 09:33:23 | INFO     | src.trading.executor:update_account_info:125 | 账户更新: 总值$100396.42, 买入力$401585.68
2025-06-17 09:33:23 | DEBUG    | src.bot.trading_bot:_update_market_data:184 | 市场数据更新完成
2025-06-17 09:33:27 | INFO     | src.trading.executor:update_account_info:125 | 账户更新: 总值$100396.42, 买入力$401585.68
2025-06-17 09:33:27 | DEBUG    | src.bot.trading_bot:_update_market_data:184 | 市场数据更新完成
2025-06-17 09:33:30 | INFO     | src.trading.executor:update_account_info:125 | 账户更新: 总值$100396.42, 买入力$401585.68
2025-06-17 09:33:30 | DEBUG    | src.bot.trading_bot:_update_market_data:184 | 市场数据更新完成
2025-06-17 09:33:33 | INFO     | src.trading.executor:update_account_info:125 | 账户更新: 总值$100396.42, 买入力$401585.68
2025-06-17 09:33:33 | DEBUG    | src.bot.trading_bot:_update_market_data:184 | 市场数据更新完成
2025-06-17 09:33:36 | INFO     | src.trading.executor:update_account_info:125 | 账户更新: 总值$100396.42, 买入力$401585.68
2025-06-17 09:33:36 | DEBUG    | src.bot.trading_bot:_update_market_data:184 | 市场数据更新完成
2025-06-17 09:33:40 | INFO     | src.trading.executor:update_account_info:125 | 账户更新: 总值$100396.42, 买入力$401585.68
2025-06-17 09:33:40 | DEBUG    | src.bot.trading_bot:_update_market_data:184 | 市场数据更新完成
2025-06-17 09:33:43 | INFO     | src.trading.executor:update_account_info:125 | 账户更新: 总值$100396.42, 买入力$401585.68
2025-06-17 09:33:43 | DEBUG    | src.bot.trading_bot:_update_market_data:184 | 市场数据更新完成
2025-06-17 09:33:46 | INFO     | src.trading.executor:update_account_info:125 | 账户更新: 总值$100396.42, 买入力$401585.68
2025-06-17 09:33:46 | DEBUG    | src.bot.trading_bot:_update_market_data:184 | 市场数据更新完成
2025-06-17 09:33:49 | INFO     | src.trading.executor:update_account_info:125 | 账户更新: 总值$100396.42, 买入力$401585.68
2025-06-17 09:33:49 | DEBUG    | src.bot.trading_bot:_update_market_data:184 | 市场数据更新完成
2025-06-17 09:33:53 | INFO     | src.trading.executor:update_account_info:125 | 账户更新: 总值$100396.42, 买入力$401585.68
2025-06-17 09:33:53 | DEBUG    | src.bot.trading_bot:_update_market_data:184 | 市场数据更新完成
2025-06-17 09:33:56 | INFO     | src.trading.executor:update_account_info:125 | 账户更新: 总值$100396.42, 买入力$401585.68
2025-06-17 09:33:56 | DEBUG    | src.bot.trading_bot:_update_market_data:184 | 市场数据更新完成
2025-06-17 09:33:59 | INFO     | src.trading.executor:update_account_info:125 | 账户更新: 总值$100396.42, 买入力$401585.68
2025-06-17 09:33:59 | DEBUG    | src.bot.trading_bot:_update_market_data:184 | 市场数据更新完成
2025-06-17 09:34:02 | INFO     | src.trading.executor:update_account_info:125 | 账户更新: 总值$100396.42, 买入力$401585.68
2025-06-17 09:34:02 | DEBUG    | src.bot.trading_bot:_update_market_data:184 | 市场数据更新完成
2025-06-17 09:34:05 | INFO     | src.strategy.signals:generate_signals:468 | 生成信号: SHORT - VWAP空头突破: 偏离-0.24%, MACD转负
2025-06-17 09:34:05 | INFO     | src.bot.trading_bot:_check_signals:202 | 检测到信号: SHORT 置信度: 0.85 原因: VWAP空头突破: 偏离-0.24%, MACD转负
2025-06-17 09:34:05 | INFO     | src.utils.notifications:send_message:63 | [GENERAL] 📡 交易信号
类型: SHORT
强度: MEDIUM
置信度: 0.85
价格: $599.00
原因: VWAP空头突破: 偏离-0.24%, MACD转负
2025-06-17 09:34:05 | INFO     | src.data.market_data:find_suitable_options:435 | 当前SPY价格: $601.40, 选择PUT期权行权价: $602
2025-06-17 09:34:05 | DEBUG    | src.data.market_data:_generate_option_symbol:470 | 生成期权代码: SPY250617P00602000 (行权价$602, 类型PUT)
2025-06-17 09:34:06 | INFO     | src.data.market_data:find_suitable_options:444 | 成功获取期权SPY250617P00602000的报价数据
2025-06-17 09:34:06 | ERROR    | src.trading.executor:find_best_option:192 | 查找最佳期权失败: 'contractSymbol'
2025-06-17 09:34:06 | WARNING  | src.bot.trading_bot:_check_signals:216 | 信号执行失败: SHORT
2025-06-17 09:34:06 | DEBUG    | src.bot.trading_bot:_update_positions_normal:259 | 📊 常规头寸更新完成
2025-06-17 09:34:06 | INFO     | src.trading.executor:update_account_info:125 | 账户更新: 总值$100396.42, 买入力$401585.68
2025-06-17 09:34:06 | DEBUG    | src.bot.trading_bot:_update_market_data:184 | 市场数据更新完成
2025-06-17 09:34:09 | INFO     | src.strategy.signals:generate_signals:468 | 生成信号: SHORT - VWAP空头突破: 偏离-0.24%, MACD转负
2025-06-17 09:34:09 | INFO     | src.bot.trading_bot:_check_signals:202 | 检测到信号: SHORT 置信度: 0.85 原因: VWAP空头突破: 偏离-0.24%, MACD转负
2025-06-17 09:34:09 | INFO     | src.utils.notifications:send_message:63 | [GENERAL] 📡 交易信号
类型: SHORT
强度: MEDIUM
置信度: 0.85
价格: $599.00
原因: VWAP空头突破: 偏离-0.24%, MACD转负
2025-06-17 09:34:09 | INFO     | src.data.market_data:find_suitable_options:435 | 当前SPY价格: $601.40, 选择PUT期权行权价: $602
2025-06-17 09:34:09 | DEBUG    | src.data.market_data:_generate_option_symbol:470 | 生成期权代码: SPY250617P00602000 (行权价$602, 类型PUT)
2025-06-17 09:34:09 | INFO     | src.data.market_data:find_suitable_options:444 | 成功获取期权SPY250617P00602000的报价数据
2025-06-17 09:34:09 | ERROR    | src.trading.executor:find_best_option:192 | 查找最佳期权失败: 'contractSymbol'
2025-06-17 09:34:09 | WARNING  | src.bot.trading_bot:_check_signals:216 | 信号执行失败: SHORT
2025-06-17 09:34:10 | INFO     | src.trading.executor:update_account_info:125 | 账户更新: 总值$100396.42, 买入力$401585.68
2025-06-17 09:34:10 | DEBUG    | src.bot.trading_bot:_update_market_data:184 | 市场数据更新完成
2025-06-17 09:34:12 | INFO     | src.strategy.signals:generate_signals:468 | 生成信号: SHORT - VWAP空头突破: 偏离-0.24%, MACD转负
2025-06-17 09:34:12 | INFO     | src.bot.trading_bot:_check_signals:202 | 检测到信号: SHORT 置信度: 0.85 原因: VWAP空头突破: 偏离-0.24%, MACD转负
2025-06-17 09:34:12 | INFO     | src.utils.notifications:send_message:63 | [GENERAL] 📡 交易信号
类型: SHORT
强度: MEDIUM
置信度: 0.85
价格: $599.00
原因: VWAP空头突破: 偏离-0.24%, MACD转负
2025-06-17 09:34:12 | INFO     | src.data.market_data:find_suitable_options:435 | 当前SPY价格: $601.40, 选择PUT期权行权价: $602
2025-06-17 09:34:12 | DEBUG    | src.data.market_data:_generate_option_symbol:470 | 生成期权代码: SPY250617P00602000 (行权价$602, 类型PUT)
2025-06-17 09:34:13 | INFO     | src.data.market_data:find_suitable_options:444 | 成功获取期权SPY250617P00602000的报价数据
2025-06-17 09:34:13 | ERROR    | src.trading.executor:find_best_option:192 | 查找最佳期权失败: 'contractSymbol'
2025-06-17 09:34:13 | WARNING  | src.bot.trading_bot:_check_signals:216 | 信号执行失败: SHORT
2025-06-17 09:34:13 | INFO     | src.trading.executor:update_account_info:125 | 账户更新: 总值$100396.42, 买入力$401585.68
2025-06-17 09:34:13 | DEBUG    | src.bot.trading_bot:_update_market_data:184 | 市场数据更新完成
2025-06-17 09:34:16 | INFO     | src.strategy.signals:generate_signals:468 | 生成信号: SHORT - VWAP空头突破: 偏离-0.24%, MACD转负
2025-06-17 09:34:16 | INFO     | src.bot.trading_bot:_check_signals:202 | 检测到信号: SHORT 置信度: 0.85 原因: VWAP空头突破: 偏离-0.24%, MACD转负
2025-06-17 09:34:16 | INFO     | src.utils.notifications:send_message:63 | [GENERAL] 📡 交易信号
类型: SHORT
强度: MEDIUM
置信度: 0.85
价格: $599.00
原因: VWAP空头突破: 偏离-0.24%, MACD转负
2025-06-17 09:34:16 | INFO     | src.data.market_data:find_suitable_options:435 | 当前SPY价格: $601.40, 选择PUT期权行权价: $602
2025-06-17 09:34:16 | DEBUG    | src.data.market_data:_generate_option_symbol:470 | 生成期权代码: SPY250617P00602000 (行权价$602, 类型PUT)
2025-06-17 09:34:16 | INFO     | src.data.market_data:find_suitable_options:444 | 成功获取期权SPY250617P00602000的报价数据
2025-06-17 09:34:16 | ERROR    | src.trading.executor:find_best_option:192 | 查找最佳期权失败: 'contractSymbol'
2025-06-17 09:34:16 | WARNING  | src.bot.trading_bot:_check_signals:216 | 信号执行失败: SHORT
2025-06-17 09:34:17 | INFO     | src.trading.executor:update_account_info:125 | 账户更新: 总值$100396.42, 买入力$401585.68
2025-06-17 09:34:17 | DEBUG    | src.bot.trading_bot:_update_market_data:184 | 市场数据更新完成
2025-06-17 09:34:19 | INFO     | src.strategy.signals:generate_signals:468 | 生成信号: SHORT - VWAP空头突破: 偏离-0.24%, MACD转负
2025-06-17 09:34:19 | INFO     | src.bot.trading_bot:_check_signals:202 | 检测到信号: SHORT 置信度: 0.85 原因: VWAP空头突破: 偏离-0.24%, MACD转负
2025-06-17 09:34:19 | INFO     | src.utils.notifications:send_message:63 | [GENERAL] 📡 交易信号
类型: SHORT
强度: MEDIUM
置信度: 0.85
价格: $599.00
原因: VWAP空头突破: 偏离-0.24%, MACD转负
2025-06-17 09:34:19 | INFO     | src.data.market_data:find_suitable_options:435 | 当前SPY价格: $601.40, 选择PUT期权行权价: $602
2025-06-17 09:34:19 | DEBUG    | src.data.market_data:_generate_option_symbol:470 | 生成期权代码: SPY250617P00602000 (行权价$602, 类型PUT)
2025-06-17 09:34:20 | INFO     | src.data.market_data:find_suitable_options:444 | 成功获取期权SPY250617P00602000的报价数据
2025-06-17 09:34:20 | ERROR    | src.trading.executor:find_best_option:192 | 查找最佳期权失败: 'contractSymbol'
2025-06-17 09:34:20 | WARNING  | src.bot.trading_bot:_check_signals:216 | 信号执行失败: SHORT
2025-06-17 09:34:20 | INFO     | src.trading.executor:update_account_info:125 | 账户更新: 总值$100396.42, 买入力$401585.68
2025-06-17 09:34:20 | DEBUG    | src.bot.trading_bot:_update_market_data:184 | 市场数据更新完成
2025-06-17 09:34:23 | INFO     | src.strategy.signals:generate_signals:468 | 生成信号: SHORT - VWAP空头突破: 偏离-0.24%, MACD转负
2025-06-17 09:34:23 | INFO     | src.bot.trading_bot:_check_signals:202 | 检测到信号: SHORT 置信度: 0.85 原因: VWAP空头突破: 偏离-0.24%, MACD转负
2025-06-17 09:34:23 | INFO     | src.utils.notifications:send_message:63 | [GENERAL] 📡 交易信号
类型: SHORT
强度: MEDIUM
置信度: 0.85
价格: $599.00
原因: VWAP空头突破: 偏离-0.24%, MACD转负
2025-06-17 09:34:23 | INFO     | src.data.market_data:find_suitable_options:435 | 当前SPY价格: $601.39, 选择PUT期权行权价: $602
2025-06-17 09:34:23 | DEBUG    | src.data.market_data:_generate_option_symbol:470 | 生成期权代码: SPY250617P00602000 (行权价$602, 类型PUT)
2025-06-17 09:34:23 | INFO     | src.data.market_data:find_suitable_options:444 | 成功获取期权SPY250617P00602000的报价数据
2025-06-17 09:34:23 | ERROR    | src.trading.executor:find_best_option:192 | 查找最佳期权失败: 'contractSymbol'
2025-06-17 09:34:23 | WARNING  | src.bot.trading_bot:_check_signals:216 | 信号执行失败: SHORT
2025-06-17 09:34:24 | INFO     | src.trading.executor:update_account_info:125 | 账户更新: 总值$100396.42, 买入力$401585.68
2025-06-17 09:34:24 | DEBUG    | src.bot.trading_bot:_update_market_data:184 | 市场数据更新完成
2025-06-17 09:34:26 | INFO     | src.strategy.signals:generate_signals:468 | 生成信号: SHORT - VWAP空头突破: 偏离-0.24%, MACD转负
2025-06-17 09:34:26 | INFO     | src.bot.trading_bot:_check_signals:202 | 检测到信号: SHORT 置信度: 0.85 原因: VWAP空头突破: 偏离-0.24%, MACD转负
2025-06-17 09:34:26 | INFO     | src.utils.notifications:send_message:63 | [GENERAL] 📡 交易信号
类型: SHORT
强度: MEDIUM
置信度: 0.85
价格: $599.00
原因: VWAP空头突破: 偏离-0.24%, MACD转负
2025-06-17 09:34:26 | INFO     | src.data.market_data:find_suitable_options:435 | 当前SPY价格: $601.39, 选择PUT期权行权价: $602
2025-06-17 09:34:26 | DEBUG    | src.data.market_data:_generate_option_symbol:470 | 生成期权代码: SPY250617P00602000 (行权价$602, 类型PUT)
2025-06-17 09:34:26 | INFO     | src.data.market_data:find_suitable_options:444 | 成功获取期权SPY250617P00602000的报价数据
2025-06-17 09:34:26 | ERROR    | src.trading.executor:find_best_option:192 | 查找最佳期权失败: 'contractSymbol'
2025-06-17 09:34:26 | WARNING  | src.bot.trading_bot:_check_signals:216 | 信号执行失败: SHORT
2025-06-17 09:34:27 | INFO     | src.trading.executor:update_account_info:125 | 账户更新: 总值$100396.42, 买入力$401585.68
2025-06-17 09:34:27 | DEBUG    | src.bot.trading_bot:_update_market_data:184 | 市场数据更新完成
2025-06-17 09:34:30 | INFO     | src.strategy.signals:generate_signals:468 | 生成信号: SHORT - VWAP空头突破: 偏离-0.24%, MACD转负
2025-06-17 09:34:30 | INFO     | src.bot.trading_bot:_check_signals:202 | 检测到信号: SHORT 置信度: 0.85 原因: VWAP空头突破: 偏离-0.24%, MACD转负
2025-06-17 09:34:30 | INFO     | src.utils.notifications:send_message:63 | [GENERAL] 📡 交易信号
类型: SHORT
强度: MEDIUM
置信度: 0.85
价格: $599.00
原因: VWAP空头突破: 偏离-0.24%, MACD转负
2025-06-17 09:34:30 | INFO     | src.data.market_data:find_suitable_options:435 | 当前SPY价格: $601.39, 选择PUT期权行权价: $602
2025-06-17 09:34:30 | DEBUG    | src.data.market_data:_generate_option_symbol:470 | 生成期权代码: SPY250617P00602000 (行权价$602, 类型PUT)
2025-06-17 09:34:30 | INFO     | src.data.market_data:find_suitable_options:444 | 成功获取期权SPY250617P00602000的报价数据
2025-06-17 09:34:30 | ERROR    | src.trading.executor:find_best_option:192 | 查找最佳期权失败: 'contractSymbol'
2025-06-17 09:34:30 | WARNING  | src.bot.trading_bot:_check_signals:216 | 信号执行失败: SHORT
2025-06-17 09:34:31 | INFO     | src.trading.executor:update_account_info:125 | 账户更新: 总值$100396.42, 买入力$401585.68
2025-06-17 09:34:31 | DEBUG    | src.bot.trading_bot:_update_market_data:184 | 市场数据更新完成
2025-06-17 09:34:33 | INFO     | src.strategy.signals:generate_signals:468 | 生成信号: SHORT - VWAP空头突破: 偏离-0.24%, MACD转负
2025-06-17 09:34:33 | INFO     | src.bot.trading_bot:_check_signals:202 | 检测到信号: SHORT 置信度: 0.85 原因: VWAP空头突破: 偏离-0.24%, MACD转负
2025-06-17 09:34:33 | INFO     | src.utils.notifications:send_message:63 | [GENERAL] 📡 交易信号
类型: SHORT
强度: MEDIUM
置信度: 0.85
价格: $599.00
原因: VWAP空头突破: 偏离-0.24%, MACD转负
2025-06-17 09:34:33 | INFO     | src.data.market_data:find_suitable_options:435 | 当前SPY价格: $601.39, 选择PUT期权行权价: $602
2025-06-17 09:34:33 | DEBUG    | src.data.market_data:_generate_option_symbol:470 | 生成期权代码: SPY250617P00602000 (行权价$602, 类型PUT)
2025-06-17 09:34:33 | INFO     | src.data.market_data:find_suitable_options:444 | 成功获取期权SPY250617P00602000的报价数据
2025-06-17 09:34:33 | ERROR    | src.trading.executor:find_best_option:192 | 查找最佳期权失败: 'contractSymbol'
2025-06-17 09:34:33 | WARNING  | src.bot.trading_bot:_check_signals:216 | 信号执行失败: SHORT
2025-06-17 09:34:34 | INFO     | src.trading.executor:update_account_info:125 | 账户更新: 总值$100396.42, 买入力$401585.68
2025-06-17 09:34:34 | DEBUG    | src.bot.trading_bot:_update_market_data:184 | 市场数据更新完成
2025-06-17 09:34:37 | INFO     | src.strategy.signals:generate_signals:468 | 生成信号: SHORT - VWAP空头突破: 偏离-0.24%, MACD转负
2025-06-17 09:34:37 | INFO     | src.bot.trading_bot:_check_signals:202 | 检测到信号: SHORT 置信度: 0.85 原因: VWAP空头突破: 偏离-0.24%, MACD转负
2025-06-17 09:34:37 | INFO     | src.utils.notifications:send_message:63 | [GENERAL] 📡 交易信号
类型: SHORT
强度: MEDIUM
置信度: 0.85
价格: $599.00
原因: VWAP空头突破: 偏离-0.24%, MACD转负
2025-06-17 09:34:37 | INFO     | src.data.market_data:find_suitable_options:435 | 当前SPY价格: $601.46, 选择PUT期权行权价: $602
2025-06-17 09:34:37 | DEBUG    | src.data.market_data:_generate_option_symbol:470 | 生成期权代码: SPY250617P00602000 (行权价$602, 类型PUT)
2025-06-17 09:34:37 | INFO     | src.data.market_data:find_suitable_options:444 | 成功获取期权SPY250617P00602000的报价数据
2025-06-17 09:34:37 | ERROR    | src.trading.executor:find_best_option:192 | 查找最佳期权失败: 'contractSymbol'
2025-06-17 09:34:37 | WARNING  | src.bot.trading_bot:_check_signals:216 | 信号执行失败: SHORT
2025-06-17 09:34:38 | INFO     | src.trading.executor:update_account_info:125 | 账户更新: 总值$100396.42, 买入力$401585.68
2025-06-17 09:34:38 | DEBUG    | src.bot.trading_bot:_update_market_data:184 | 市场数据更新完成
2025-06-17 09:34:40 | INFO     | src.strategy.signals:generate_signals:468 | 生成信号: SHORT - VWAP空头突破: 偏离-0.24%, MACD转负
2025-06-17 09:34:40 | INFO     | src.bot.trading_bot:_check_signals:202 | 检测到信号: SHORT 置信度: 0.85 原因: VWAP空头突破: 偏离-0.24%, MACD转负
2025-06-17 09:34:40 | INFO     | src.utils.notifications:send_message:63 | [GENERAL] 📡 交易信号
类型: SHORT
强度: MEDIUM
置信度: 0.85
价格: $599.00
原因: VWAP空头突破: 偏离-0.24%, MACD转负
2025-06-17 09:34:40 | INFO     | src.data.market_data:find_suitable_options:435 | 当前SPY价格: $601.46, 选择PUT期权行权价: $602
2025-06-17 09:34:40 | DEBUG    | src.data.market_data:_generate_option_symbol:470 | 生成期权代码: SPY250617P00602000 (行权价$602, 类型PUT)
2025-06-17 09:34:41 | INFO     | src.data.market_data:find_suitable_options:444 | 成功获取期权SPY250617P00602000的报价数据
2025-06-17 09:34:41 | ERROR    | src.trading.executor:find_best_option:192 | 查找最佳期权失败: 'contractSymbol'
2025-06-17 09:34:41 | WARNING  | src.bot.trading_bot:_check_signals:216 | 信号执行失败: SHORT
2025-06-17 09:34:41 | INFO     | src.trading.executor:update_account_info:125 | 账户更新: 总值$100396.42, 买入力$401585.68
2025-06-17 09:34:41 | DEBUG    | src.bot.trading_bot:_update_market_data:184 | 市场数据更新完成
2025-06-17 09:34:44 | INFO     | src.strategy.signals:generate_signals:468 | 生成信号: SHORT - VWAP空头突破: 偏离-0.24%, MACD转负
2025-06-17 09:34:44 | INFO     | src.bot.trading_bot:_check_signals:202 | 检测到信号: SHORT 置信度: 0.85 原因: VWAP空头突破: 偏离-0.24%, MACD转负
2025-06-17 09:34:44 | INFO     | src.utils.notifications:send_message:63 | [GENERAL] 📡 交易信号
类型: SHORT
强度: MEDIUM
置信度: 0.85
价格: $599.00
原因: VWAP空头突破: 偏离-0.24%, MACD转负
2025-06-17 09:34:44 | INFO     | src.data.market_data:find_suitable_options:435 | 当前SPY价格: $601.46, 选择PUT期权行权价: $602
2025-06-17 09:34:44 | DEBUG    | src.data.market_data:_generate_option_symbol:470 | 生成期权代码: SPY250617P00602000 (行权价$602, 类型PUT)
2025-06-17 09:34:44 | INFO     | src.data.market_data:find_suitable_options:444 | 成功获取期权SPY250617P00602000的报价数据
2025-06-17 09:34:44 | ERROR    | src.trading.executor:find_best_option:192 | 查找最佳期权失败: 'contractSymbol'
2025-06-17 09:34:44 | WARNING  | src.bot.trading_bot:_check_signals:216 | 信号执行失败: SHORT
2025-06-17 09:34:45 | INFO     | src.trading.executor:update_account_info:125 | 账户更新: 总值$100396.42, 买入力$401585.68
2025-06-17 09:34:45 | DEBUG    | src.bot.trading_bot:_update_market_data:184 | 市场数据更新完成
2025-06-17 09:34:47 | INFO     | src.strategy.signals:generate_signals:468 | 生成信号: SHORT - VWAP空头突破: 偏离-0.24%, MACD转负
2025-06-17 09:34:47 | INFO     | src.bot.trading_bot:_check_signals:202 | 检测到信号: SHORT 置信度: 0.85 原因: VWAP空头突破: 偏离-0.24%, MACD转负
2025-06-17 09:34:47 | INFO     | src.utils.notifications:send_message:63 | [GENERAL] 📡 交易信号
类型: SHORT
强度: MEDIUM
置信度: 0.85
价格: $599.00
原因: VWAP空头突破: 偏离-0.24%, MACD转负
2025-06-17 09:34:47 | INFO     | src.data.market_data:find_suitable_options:435 | 当前SPY价格: $601.46, 选择PUT期权行权价: $602
2025-06-17 09:34:47 | DEBUG    | src.data.market_data:_generate_option_symbol:470 | 生成期权代码: SPY250617P00602000 (行权价$602, 类型PUT)
2025-06-17 09:34:47 | INFO     | src.data.market_data:find_suitable_options:444 | 成功获取期权SPY250617P00602000的报价数据
2025-06-17 09:34:47 | ERROR    | src.trading.executor:find_best_option:192 | 查找最佳期权失败: 'contractSymbol'
2025-06-17 09:34:47 | WARNING  | src.bot.trading_bot:_check_signals:216 | 信号执行失败: SHORT
2025-06-17 09:34:48 | INFO     | src.trading.executor:update_account_info:125 | 账户更新: 总值$100396.42, 买入力$401585.68
2025-06-17 09:34:48 | DEBUG    | src.bot.trading_bot:_update_market_data:184 | 市场数据更新完成
2025-06-17 09:34:51 | INFO     | src.strategy.signals:generate_signals:468 | 生成信号: SHORT - VWAP空头突破: 偏离-0.24%, MACD转负
2025-06-17 09:34:51 | INFO     | src.bot.trading_bot:_check_signals:202 | 检测到信号: SHORT 置信度: 0.85 原因: VWAP空头突破: 偏离-0.24%, MACD转负
2025-06-17 09:34:51 | INFO     | src.utils.notifications:send_message:63 | [GENERAL] 📡 交易信号
类型: SHORT
强度: MEDIUM
置信度: 0.85
价格: $599.00
原因: VWAP空头突破: 偏离-0.24%, MACD转负
2025-06-17 09:34:51 | INFO     | src.data.market_data:find_suitable_options:435 | 当前SPY价格: $601.46, 选择PUT期权行权价: $602
2025-06-17 09:34:51 | DEBUG    | src.data.market_data:_generate_option_symbol:470 | 生成期权代码: SPY250617P00602000 (行权价$602, 类型PUT)
2025-06-17 09:34:51 | INFO     | src.data.market_data:find_suitable_options:444 | 成功获取期权SPY250617P00602000的报价数据
2025-06-17 09:34:51 | ERROR    | src.trading.executor:find_best_option:192 | 查找最佳期权失败: 'contractSymbol'
2025-06-17 09:34:51 | WARNING  | src.bot.trading_bot:_check_signals:216 | 信号执行失败: SHORT
2025-06-17 09:34:51 | INFO     | src.trading.executor:update_account_info:125 | 账户更新: 总值$100396.42, 买入力$401585.68
2025-06-17 09:34:51 | DEBUG    | src.bot.trading_bot:_update_market_data:184 | 市场数据更新完成
2025-06-17 09:34:54 | INFO     | src.strategy.signals:generate_signals:468 | 生成信号: SHORT - VWAP空头突破: 偏离-0.24%, MACD转负
2025-06-17 09:34:54 | INFO     | src.bot.trading_bot:_check_signals:202 | 检测到信号: SHORT 置信度: 0.85 原因: VWAP空头突破: 偏离-0.24%, MACD转负
2025-06-17 09:34:54 | INFO     | src.utils.notifications:send_message:63 | [GENERAL] 📡 交易信号
类型: SHORT
强度: MEDIUM
置信度: 0.85
价格: $599.00
原因: VWAP空头突破: 偏离-0.24%, MACD转负
2025-06-17 09:34:54 | INFO     | src.data.market_data:find_suitable_options:435 | 当前SPY价格: $601.46, 选择PUT期权行权价: $602
2025-06-17 09:34:54 | DEBUG    | src.data.market_data:_generate_option_symbol:470 | 生成期权代码: SPY250617P00602000 (行权价$602, 类型PUT)
2025-06-17 09:34:54 | INFO     | src.data.market_data:find_suitable_options:444 | 成功获取期权SPY250617P00602000的报价数据
2025-06-17 09:34:54 | ERROR    | src.trading.executor:find_best_option:192 | 查找最佳期权失败: 'contractSymbol'
2025-06-17 09:34:54 | WARNING  | src.bot.trading_bot:_check_signals:216 | 信号执行失败: SHORT
2025-06-17 09:34:55 | INFO     | src.trading.executor:update_account_info:125 | 账户更新: 总值$100396.42, 买入力$401585.68
2025-06-17 09:34:55 | DEBUG    | src.bot.trading_bot:_update_market_data:184 | 市场数据更新完成
2025-06-17 09:34:58 | INFO     | src.strategy.signals:generate_signals:468 | 生成信号: SHORT - VWAP空头突破: 偏离-0.24%, MACD转负
2025-06-17 09:34:58 | INFO     | src.bot.trading_bot:_check_signals:202 | 检测到信号: SHORT 置信度: 0.85 原因: VWAP空头突破: 偏离-0.24%, MACD转负
2025-06-17 09:34:58 | INFO     | src.utils.notifications:send_message:63 | [GENERAL] 📡 交易信号
类型: SHORT
强度: MEDIUM
置信度: 0.85
价格: $599.00
原因: VWAP空头突破: 偏离-0.24%, MACD转负
2025-06-17 09:34:58 | INFO     | src.data.market_data:find_suitable_options:435 | 当前SPY价格: $601.46, 选择PUT期权行权价: $602
2025-06-17 09:34:58 | DEBUG    | src.data.market_data:_generate_option_symbol:470 | 生成期权代码: SPY250617P00602000 (行权价$602, 类型PUT)
2025-06-17 09:34:58 | INFO     | src.data.market_data:find_suitable_options:444 | 成功获取期权SPY250617P00602000的报价数据
2025-06-17 09:34:58 | ERROR    | src.trading.executor:find_best_option:192 | 查找最佳期权失败: 'contractSymbol'
2025-06-17 09:34:58 | WARNING  | src.bot.trading_bot:_check_signals:216 | 信号执行失败: SHORT
2025-06-17 09:34:58 | INFO     | src.trading.executor:update_account_info:125 | 账户更新: 总值$100396.42, 买入力$401585.68
2025-06-17 09:34:58 | DEBUG    | src.bot.trading_bot:_update_market_data:184 | 市场数据更新完成
2025-06-17 09:35:01 | INFO     | src.strategy.signals:generate_signals:468 | 生成信号: SHORT - VWAP空头突破: 偏离-0.24%, MACD转负
2025-06-17 09:35:01 | INFO     | src.bot.trading_bot:_check_signals:202 | 检测到信号: SHORT 置信度: 0.85 原因: VWAP空头突破: 偏离-0.24%, MACD转负
2025-06-17 09:35:01 | INFO     | src.utils.notifications:send_message:63 | [GENERAL] 📡 交易信号
类型: SHORT
强度: MEDIUM
置信度: 0.85
价格: $599.00
原因: VWAP空头突破: 偏离-0.24%, MACD转负
2025-06-17 09:35:01 | INFO     | src.data.market_data:find_suitable_options:435 | 当前SPY价格: $601.46, 选择PUT期权行权价: $602
2025-06-17 09:35:01 | DEBUG    | src.data.market_data:_generate_option_symbol:470 | 生成期权代码: SPY250617P00602000 (行权价$602, 类型PUT)
2025-06-17 09:35:01 | INFO     | src.data.market_data:find_suitable_options:444 | 成功获取期权SPY250617P00602000的报价数据
2025-06-17 09:35:01 | ERROR    | src.trading.executor:find_best_option:192 | 查找最佳期权失败: 'contractSymbol'
2025-06-17 09:35:01 | WARNING  | src.bot.trading_bot:_check_signals:216 | 信号执行失败: SHORT
2025-06-17 09:35:02 | INFO     | src.trading.executor:update_account_info:125 | 账户更新: 总值$100396.42, 买入力$401585.68
2025-06-17 09:35:02 | DEBUG    | src.bot.trading_bot:_update_market_data:184 | 市场数据更新完成
2025-06-17 09:35:05 | INFO     | src.strategy.signals:generate_signals:468 | 生成信号: SHORT - VWAP空头突破: 偏离-0.24%, MACD转负
2025-06-17 09:35:05 | INFO     | src.bot.trading_bot:_check_signals:202 | 检测到信号: SHORT 置信度: 0.85 原因: VWAP空头突破: 偏离-0.24%, MACD转负
2025-06-17 09:35:05 | INFO     | src.utils.notifications:send_message:63 | [GENERAL] 📡 交易信号
类型: SHORT
强度: MEDIUM
置信度: 0.85
价格: $599.00
原因: VWAP空头突破: 偏离-0.24%, MACD转负
2025-06-17 09:35:05 | INFO     | src.data.market_data:find_suitable_options:435 | 当前SPY价格: $601.50, 选择PUT期权行权价: $602
2025-06-17 09:35:05 | DEBUG    | src.data.market_data:_generate_option_symbol:470 | 生成期权代码: SPY250617P00602000 (行权价$602, 类型PUT)
2025-06-17 09:35:05 | INFO     | src.data.market_data:find_suitable_options:444 | 成功获取期权SPY250617P00602000的报价数据
2025-06-17 09:35:05 | ERROR    | src.trading.executor:find_best_option:192 | 查找最佳期权失败: 'contractSymbol'
2025-06-17 09:35:05 | WARNING  | src.bot.trading_bot:_check_signals:216 | 信号执行失败: SHORT
2025-06-17 09:35:05 | INFO     | src.trading.executor:update_account_info:125 | 账户更新: 总值$100396.42, 买入力$401585.68
2025-06-17 09:35:05 | DEBUG    | src.bot.trading_bot:_update_market_data:184 | 市场数据更新完成
2025-06-17 09:35:06 | DEBUG    | src.bot.trading_bot:_update_positions_normal:259 | 📊 常规头寸更新完成
2025-06-17 09:35:08 | INFO     | src.strategy.signals:generate_signals:468 | 生成信号: SHORT - VWAP空头突破: 偏离-0.25%, MACD转负
2025-06-17 09:35:08 | INFO     | src.bot.trading_bot:_check_signals:202 | 检测到信号: SHORT 置信度: 0.85 原因: VWAP空头突破: 偏离-0.25%, MACD转负
2025-06-17 09:35:08 | INFO     | src.utils.notifications:send_message:63 | [GENERAL] 📡 交易信号
类型: SHORT
强度: MEDIUM
置信度: 0.85
价格: $598.97
原因: VWAP空头突破: 偏离-0.25%, MACD转负
2025-06-17 09:35:08 | INFO     | src.data.market_data:find_suitable_options:435 | 当前SPY价格: $601.50, 选择PUT期权行权价: $602
2025-06-17 09:35:08 | DEBUG    | src.data.market_data:_generate_option_symbol:470 | 生成期权代码: SPY250617P00602000 (行权价$602, 类型PUT)
2025-06-17 09:35:08 | INFO     | src.data.market_data:find_suitable_options:444 | 成功获取期权SPY250617P00602000的报价数据
2025-06-17 09:35:08 | ERROR    | src.trading.executor:find_best_option:192 | 查找最佳期权失败: 'contractSymbol'
2025-06-17 09:35:08 | WARNING  | src.bot.trading_bot:_check_signals:216 | 信号执行失败: SHORT
2025-06-17 09:35:09 | INFO     | src.trading.executor:update_account_info:125 | 账户更新: 总值$100396.42, 买入力$401585.68
2025-06-17 09:35:09 | DEBUG    | src.bot.trading_bot:_update_market_data:184 | 市场数据更新完成
2025-06-17 09:35:12 | INFO     | src.strategy.signals:generate_signals:468 | 生成信号: SHORT - VWAP空头突破: 偏离-0.25%, MACD转负
2025-06-17 09:35:12 | INFO     | src.bot.trading_bot:_check_signals:202 | 检测到信号: SHORT 置信度: 0.85 原因: VWAP空头突破: 偏离-0.25%, MACD转负
2025-06-17 09:35:12 | INFO     | src.utils.notifications:send_message:63 | [GENERAL] 📡 交易信号
类型: SHORT
强度: MEDIUM
置信度: 0.85
价格: $598.97
原因: VWAP空头突破: 偏离-0.25%, MACD转负
2025-06-17 09:35:12 | INFO     | src.data.market_data:find_suitable_options:435 | 当前SPY价格: $601.50, 选择PUT期权行权价: $602
2025-06-17 09:35:12 | DEBUG    | src.data.market_data:_generate_option_symbol:470 | 生成期权代码: SPY250617P00602000 (行权价$602, 类型PUT)
2025-06-17 09:35:12 | INFO     | src.data.market_data:find_suitable_options:444 | 成功获取期权SPY250617P00602000的报价数据
2025-06-17 09:35:12 | ERROR    | src.trading.executor:find_best_option:192 | 查找最佳期权失败: 'contractSymbol'
2025-06-17 09:35:12 | WARNING  | src.bot.trading_bot:_check_signals:216 | 信号执行失败: SHORT
2025-06-17 09:35:13 | INFO     | src.trading.executor:update_account_info:125 | 账户更新: 总值$100396.42, 买入力$401585.68
2025-06-17 09:35:13 | DEBUG    | src.bot.trading_bot:_update_market_data:184 | 市场数据更新完成
2025-06-17 09:35:15 | INFO     | src.strategy.signals:generate_signals:468 | 生成信号: SHORT - VWAP空头突破: 偏离-0.25%, MACD转负
2025-06-17 09:35:15 | INFO     | src.bot.trading_bot:_check_signals:202 | 检测到信号: SHORT 置信度: 0.85 原因: VWAP空头突破: 偏离-0.25%, MACD转负
2025-06-17 09:35:15 | INFO     | src.utils.notifications:send_message:63 | [GENERAL] 📡 交易信号
类型: SHORT
强度: MEDIUM
置信度: 0.85
价格: $598.97
原因: VWAP空头突破: 偏离-0.25%, MACD转负
2025-06-17 09:35:15 | INFO     | src.data.market_data:find_suitable_options:435 | 当前SPY价格: $601.48, 选择PUT期权行权价: $602
2025-06-17 09:35:15 | DEBUG    | src.data.market_data:_generate_option_symbol:470 | 生成期权代码: SPY250617P00602000 (行权价$602, 类型PUT)
2025-06-17 09:35:16 | INFO     | src.data.market_data:find_suitable_options:444 | 成功获取期权SPY250617P00602000的报价数据
2025-06-17 09:35:16 | ERROR    | src.trading.executor:find_best_option:192 | 查找最佳期权失败: 'contractSymbol'
2025-06-17 09:35:16 | WARNING  | src.bot.trading_bot:_check_signals:216 | 信号执行失败: SHORT
2025-06-17 09:35:16 | INFO     | src.trading.executor:update_account_info:125 | 账户更新: 总值$100396.42, 买入力$401585.68
2025-06-17 09:35:16 | DEBUG    | src.bot.trading_bot:_update_market_data:184 | 市场数据更新完成
2025-06-17 09:35:19 | INFO     | src.strategy.signals:generate_signals:468 | 生成信号: SHORT - VWAP空头突破: 偏离-0.25%, MACD转负
2025-06-17 09:35:19 | INFO     | src.bot.trading_bot:_check_signals:202 | 检测到信号: SHORT 置信度: 0.85 原因: VWAP空头突破: 偏离-0.25%, MACD转负
2025-06-17 09:35:19 | INFO     | src.utils.notifications:send_message:63 | [GENERAL] 📡 交易信号
类型: SHORT
强度: MEDIUM
置信度: 0.85
价格: $598.97
原因: VWAP空头突破: 偏离-0.25%, MACD转负
2025-06-17 09:35:19 | INFO     | src.data.market_data:find_suitable_options:435 | 当前SPY价格: $601.48, 选择PUT期权行权价: $602
2025-06-17 09:35:19 | DEBUG    | src.data.market_data:_generate_option_symbol:470 | 生成期权代码: SPY250617P00602000 (行权价$602, 类型PUT)
2025-06-17 09:35:19 | INFO     | src.data.market_data:find_suitable_options:444 | 成功获取期权SPY250617P00602000的报价数据
2025-06-17 09:35:19 | ERROR    | src.trading.executor:find_best_option:192 | 查找最佳期权失败: 'contractSymbol'
2025-06-17 09:35:19 | WARNING  | src.bot.trading_bot:_check_signals:216 | 信号执行失败: SHORT
2025-06-17 09:35:20 | INFO     | src.trading.executor:update_account_info:125 | 账户更新: 总值$100396.42, 买入力$401585.68
2025-06-17 09:35:20 | DEBUG    | src.bot.trading_bot:_update_market_data:184 | 市场数据更新完成
2025-06-17 09:35:22 | INFO     | src.strategy.signals:generate_signals:468 | 生成信号: SHORT - VWAP空头突破: 偏离-0.25%, MACD转负
2025-06-17 09:35:22 | INFO     | src.bot.trading_bot:_check_signals:202 | 检测到信号: SHORT 置信度: 0.85 原因: VWAP空头突破: 偏离-0.25%, MACD转负
2025-06-17 09:35:22 | INFO     | src.utils.notifications:send_message:63 | [GENERAL] 📡 交易信号
类型: SHORT
强度: MEDIUM
置信度: 0.85
价格: $598.97
原因: VWAP空头突破: 偏离-0.25%, MACD转负
2025-06-17 09:35:22 | INFO     | src.data.market_data:find_suitable_options:435 | 当前SPY价格: $601.48, 选择PUT期权行权价: $602
2025-06-17 09:35:22 | DEBUG    | src.data.market_data:_generate_option_symbol:470 | 生成期权代码: SPY250617P00602000 (行权价$602, 类型PUT)
2025-06-17 09:35:23 | INFO     | src.data.market_data:find_suitable_options:444 | 成功获取期权SPY250617P00602000的报价数据
2025-06-17 09:35:23 | ERROR    | src.trading.executor:find_best_option:192 | 查找最佳期权失败: 'contractSymbol'
2025-06-17 09:35:23 | WARNING  | src.bot.trading_bot:_check_signals:216 | 信号执行失败: SHORT
2025-06-17 09:35:23 | INFO     | src.trading.executor:update_account_info:125 | 账户更新: 总值$100396.42, 买入力$401585.68
2025-06-17 09:35:23 | DEBUG    | src.bot.trading_bot:_update_market_data:184 | 市场数据更新完成
2025-06-17 09:35:26 | INFO     | src.strategy.signals:generate_signals:468 | 生成信号: SHORT - VWAP空头突破: 偏离-0.25%, MACD转负
2025-06-17 09:35:26 | INFO     | src.bot.trading_bot:_check_signals:202 | 检测到信号: SHORT 置信度: 0.85 原因: VWAP空头突破: 偏离-0.25%, MACD转负
2025-06-17 09:35:26 | INFO     | src.utils.notifications:send_message:63 | [GENERAL] 📡 交易信号
类型: SHORT
强度: MEDIUM
置信度: 0.85
价格: $598.97
原因: VWAP空头突破: 偏离-0.25%, MACD转负
2025-06-17 09:35:26 | INFO     | src.data.market_data:find_suitable_options:435 | 当前SPY价格: $601.47, 选择PUT期权行权价: $602
2025-06-17 09:35:26 | DEBUG    | src.data.market_data:_generate_option_symbol:470 | 生成期权代码: SPY250617P00602000 (行权价$602, 类型PUT)
2025-06-17 09:35:26 | INFO     | src.data.market_data:find_suitable_options:444 | 成功获取期权SPY250617P00602000的报价数据
2025-06-17 09:35:26 | ERROR    | src.trading.executor:find_best_option:192 | 查找最佳期权失败: 'contractSymbol'
2025-06-17 09:35:26 | WARNING  | src.bot.trading_bot:_check_signals:216 | 信号执行失败: SHORT
2025-06-17 09:35:27 | INFO     | src.trading.executor:update_account_info:125 | 账户更新: 总值$100396.42, 买入力$401585.68
2025-06-17 09:35:27 | DEBUG    | src.bot.trading_bot:_update_market_data:184 | 市场数据更新完成
2025-06-17 09:35:29 | INFO     | src.strategy.signals:generate_signals:468 | 生成信号: SHORT - VWAP空头突破: 偏离-0.25%, MACD转负
2025-06-17 09:35:29 | INFO     | src.bot.trading_bot:_check_signals:202 | 检测到信号: SHORT 置信度: 0.85 原因: VWAP空头突破: 偏离-0.25%, MACD转负
2025-06-17 09:35:29 | INFO     | src.utils.notifications:send_message:63 | [GENERAL] 📡 交易信号
类型: SHORT
强度: MEDIUM
置信度: 0.85
价格: $598.97
原因: VWAP空头突破: 偏离-0.25%, MACD转负
2025-06-17 09:35:29 | INFO     | src.data.market_data:find_suitable_options:435 | 当前SPY价格: $601.47, 选择PUT期权行权价: $602
2025-06-17 09:35:29 | DEBUG    | src.data.market_data:_generate_option_symbol:470 | 生成期权代码: SPY250617P00602000 (行权价$602, 类型PUT)
2025-06-17 09:35:30 | INFO     | src.data.market_data:find_suitable_options:444 | 成功获取期权SPY250617P00602000的报价数据
2025-06-17 09:35:30 | ERROR    | src.trading.executor:find_best_option:192 | 查找最佳期权失败: 'contractSymbol'
2025-06-17 09:35:30 | WARNING  | src.bot.trading_bot:_check_signals:216 | 信号执行失败: SHORT
2025-06-17 09:35:30 | INFO     | src.trading.executor:update_account_info:125 | 账户更新: 总值$100396.42, 买入力$401585.68
2025-06-17 09:35:30 | DEBUG    | src.bot.trading_bot:_update_market_data:184 | 市场数据更新完成
2025-06-17 09:35:33 | INFO     | src.strategy.signals:generate_signals:468 | 生成信号: SHORT - VWAP空头突破: 偏离-0.25%, MACD转负
2025-06-17 09:35:33 | INFO     | src.bot.trading_bot:_check_signals:202 | 检测到信号: SHORT 置信度: 0.85 原因: VWAP空头突破: 偏离-0.25%, MACD转负
2025-06-17 09:35:33 | INFO     | src.utils.notifications:send_message:63 | [GENERAL] 📡 交易信号
类型: SHORT
强度: MEDIUM
置信度: 0.85
价格: $598.97
原因: VWAP空头突破: 偏离-0.25%, MACD转负
2025-06-17 09:35:33 | INFO     | src.data.market_data:find_suitable_options:435 | 当前SPY价格: $601.47, 选择PUT期权行权价: $602
2025-06-17 09:35:33 | DEBUG    | src.data.market_data:_generate_option_symbol:470 | 生成期权代码: SPY250617P00602000 (行权价$602, 类型PUT)
2025-06-17 09:35:33 | INFO     | src.data.market_data:find_suitable_options:444 | 成功获取期权SPY250617P00602000的报价数据
2025-06-17 09:35:33 | ERROR    | src.trading.executor:find_best_option:192 | 查找最佳期权失败: 'contractSymbol'
2025-06-17 09:35:33 | WARNING  | src.bot.trading_bot:_check_signals:216 | 信号执行失败: SHORT
2025-06-17 09:35:34 | INFO     | src.trading.executor:update_account_info:125 | 账户更新: 总值$100396.42, 买入力$401585.68
2025-06-17 09:35:34 | DEBUG    | src.bot.trading_bot:_update_market_data:184 | 市场数据更新完成
2025-06-17 09:35:36 | INFO     | src.strategy.signals:generate_signals:468 | 生成信号: SHORT - VWAP空头突破: 偏离-0.25%, MACD转负
2025-06-17 09:35:36 | INFO     | src.bot.trading_bot:_check_signals:202 | 检测到信号: SHORT 置信度: 0.85 原因: VWAP空头突破: 偏离-0.25%, MACD转负
2025-06-17 09:35:36 | INFO     | src.utils.notifications:send_message:63 | [GENERAL] 📡 交易信号
类型: SHORT
强度: MEDIUM
置信度: 0.85
价格: $598.97
原因: VWAP空头突破: 偏离-0.25%, MACD转负
2025-06-17 09:35:37 | INFO     | src.data.market_data:find_suitable_options:435 | 当前SPY价格: $601.47, 选择PUT期权行权价: $602
2025-06-17 09:35:37 | DEBUG    | src.data.market_data:_generate_option_symbol:470 | 生成期权代码: SPY250617P00602000 (行权价$602, 类型PUT)
2025-06-17 09:35:37 | INFO     | src.data.market_data:find_suitable_options:444 | 成功获取期权SPY250617P00602000的报价数据
2025-06-17 09:35:37 | ERROR    | src.trading.executor:find_best_option:192 | 查找最佳期权失败: 'contractSymbol'
2025-06-17 09:35:37 | WARNING  | src.bot.trading_bot:_check_signals:216 | 信号执行失败: SHORT
2025-06-17 09:35:37 | INFO     | src.trading.executor:update_account_info:125 | 账户更新: 总值$100396.42, 买入力$401585.68
2025-06-17 09:35:37 | DEBUG    | src.bot.trading_bot:_update_market_data:184 | 市场数据更新完成
2025-06-17 09:35:40 | INFO     | src.strategy.signals:generate_signals:468 | 生成信号: SHORT - VWAP空头突破: 偏离-0.25%, MACD转负
2025-06-17 09:35:40 | INFO     | src.bot.trading_bot:_check_signals:202 | 检测到信号: SHORT 置信度: 0.85 原因: VWAP空头突破: 偏离-0.25%, MACD转负
2025-06-17 09:35:40 | INFO     | src.utils.notifications:send_message:63 | [GENERAL] 📡 交易信号
类型: SHORT
强度: MEDIUM
置信度: 0.85
价格: $598.97
原因: VWAP空头突破: 偏离-0.25%, MACD转负
2025-06-17 09:35:40 | INFO     | src.data.market_data:find_suitable_options:435 | 当前SPY价格: $601.47, 选择PUT期权行权价: $602
2025-06-17 09:35:40 | DEBUG    | src.data.market_data:_generate_option_symbol:470 | 生成期权代码: SPY250617P00602000 (行权价$602, 类型PUT)
2025-06-17 09:35:40 | INFO     | src.data.market_data:find_suitable_options:444 | 成功获取期权SPY250617P00602000的报价数据
2025-06-17 09:35:40 | ERROR    | src.trading.executor:find_best_option:192 | 查找最佳期权失败: 'contractSymbol'
2025-06-17 09:35:40 | WARNING  | src.bot.trading_bot:_check_signals:216 | 信号执行失败: SHORT
2025-06-17 09:35:41 | INFO     | src.trading.executor:update_account_info:125 | 账户更新: 总值$100396.42, 买入力$401585.68
2025-06-17 09:35:41 | DEBUG    | src.bot.trading_bot:_update_market_data:184 | 市场数据更新完成
2025-06-17 09:35:44 | INFO     | src.strategy.signals:generate_signals:468 | 生成信号: SHORT - VWAP空头突破: 偏离-0.25%, MACD转负
2025-06-17 09:35:44 | INFO     | src.bot.trading_bot:_check_signals:202 | 检测到信号: SHORT 置信度: 0.85 原因: VWAP空头突破: 偏离-0.25%, MACD转负
2025-06-17 09:35:44 | INFO     | src.utils.notifications:send_message:63 | [GENERAL] 📡 交易信号
类型: SHORT
强度: MEDIUM
置信度: 0.85
价格: $598.97
原因: VWAP空头突破: 偏离-0.25%, MACD转负
2025-06-17 09:35:44 | INFO     | src.data.market_data:find_suitable_options:435 | 当前SPY价格: $601.47, 选择PUT期权行权价: $602
2025-06-17 09:35:44 | DEBUG    | src.data.market_data:_generate_option_symbol:470 | 生成期权代码: SPY250617P00602000 (行权价$602, 类型PUT)
2025-06-17 09:35:44 | INFO     | src.data.market_data:find_suitable_options:444 | 成功获取期权SPY250617P00602000的报价数据
2025-06-17 09:35:44 | ERROR    | src.trading.executor:find_best_option:192 | 查找最佳期权失败: 'contractSymbol'
2025-06-17 09:35:44 | WARNING  | src.bot.trading_bot:_check_signals:216 | 信号执行失败: SHORT
2025-06-17 09:35:45 | INFO     | src.trading.executor:update_account_info:125 | 账户更新: 总值$100396.42, 买入力$401585.68
2025-06-17 09:35:45 | DEBUG    | src.bot.trading_bot:_update_market_data:184 | 市场数据更新完成
2025-06-17 09:35:47 | INFO     | src.strategy.signals:generate_signals:468 | 生成信号: SHORT - VWAP空头突破: 偏离-0.25%, MACD转负
2025-06-17 09:35:47 | INFO     | src.bot.trading_bot:_check_signals:202 | 检测到信号: SHORT 置信度: 0.85 原因: VWAP空头突破: 偏离-0.25%, MACD转负
2025-06-17 09:35:47 | INFO     | src.utils.notifications:send_message:63 | [GENERAL] 📡 交易信号
类型: SHORT
强度: MEDIUM
置信度: 0.85
价格: $598.97
原因: VWAP空头突破: 偏离-0.25%, MACD转负
2025-06-17 09:35:47 | INFO     | src.data.market_data:find_suitable_options:435 | 当前SPY价格: $601.47, 选择PUT期权行权价: $602
2025-06-17 09:35:47 | DEBUG    | src.data.market_data:_generate_option_symbol:470 | 生成期权代码: SPY250617P00602000 (行权价$602, 类型PUT)
2025-06-17 09:35:47 | INFO     | src.data.market_data:find_suitable_options:444 | 成功获取期权SPY250617P00602000的报价数据
2025-06-17 09:35:47 | ERROR    | src.trading.executor:find_best_option:192 | 查找最佳期权失败: 'contractSymbol'
2025-06-17 09:35:47 | WARNING  | src.bot.trading_bot:_check_signals:216 | 信号执行失败: SHORT
2025-06-17 09:35:48 | INFO     | src.trading.executor:update_account_info:125 | 账户更新: 总值$100396.42, 买入力$401585.68
2025-06-17 09:35:48 | DEBUG    | src.bot.trading_bot:_update_market_data:184 | 市场数据更新完成
2025-06-17 09:35:51 | INFO     | src.strategy.signals:generate_signals:468 | 生成信号: SHORT - VWAP空头突破: 偏离-0.25%, MACD转负
2025-06-17 09:35:51 | INFO     | src.bot.trading_bot:_check_signals:202 | 检测到信号: SHORT 置信度: 0.85 原因: VWAP空头突破: 偏离-0.25%, MACD转负
2025-06-17 09:35:51 | INFO     | src.utils.notifications:send_message:63 | [GENERAL] 📡 交易信号
类型: SHORT
强度: MEDIUM
置信度: 0.85
价格: $598.97
原因: VWAP空头突破: 偏离-0.25%, MACD转负
2025-06-17 09:35:51 | INFO     | src.data.market_data:find_suitable_options:435 | 当前SPY价格: $601.47, 选择PUT期权行权价: $602
2025-06-17 09:35:51 | DEBUG    | src.data.market_data:_generate_option_symbol:470 | 生成期权代码: SPY250617P00602000 (行权价$602, 类型PUT)
2025-06-17 09:35:51 | INFO     | src.data.market_data:find_suitable_options:444 | 成功获取期权SPY250617P00602000的报价数据
2025-06-17 09:35:51 | ERROR    | src.trading.executor:find_best_option:192 | 查找最佳期权失败: 'contractSymbol'
2025-06-17 09:35:51 | WARNING  | src.bot.trading_bot:_check_signals:216 | 信号执行失败: SHORT
2025-06-17 09:35:51 | INFO     | src.trading.executor:update_account_info:125 | 账户更新: 总值$100396.42, 买入力$401585.68
2025-06-17 09:35:51 | DEBUG    | src.bot.trading_bot:_update_market_data:184 | 市场数据更新完成
2025-06-17 09:35:54 | INFO     | src.strategy.signals:generate_signals:468 | 生成信号: SHORT - VWAP空头突破: 偏离-0.25%, MACD转负
2025-06-17 09:35:54 | INFO     | src.bot.trading_bot:_check_signals:202 | 检测到信号: SHORT 置信度: 0.85 原因: VWAP空头突破: 偏离-0.25%, MACD转负
2025-06-17 09:35:54 | INFO     | src.utils.notifications:send_message:63 | [GENERAL] 📡 交易信号
类型: SHORT
强度: MEDIUM
置信度: 0.85
价格: $598.97
原因: VWAP空头突破: 偏离-0.25%, MACD转负
2025-06-17 09:35:54 | INFO     | src.data.market_data:find_suitable_options:435 | 当前SPY价格: $601.53, 选择PUT期权行权价: $602
2025-06-17 09:35:54 | DEBUG    | src.data.market_data:_generate_option_symbol:470 | 生成期权代码: SPY250617P00602000 (行权价$602, 类型PUT)
2025-06-17 09:35:54 | INFO     | src.data.market_data:find_suitable_options:444 | 成功获取期权SPY250617P00602000的报价数据
2025-06-17 09:35:54 | ERROR    | src.trading.executor:find_best_option:192 | 查找最佳期权失败: 'contractSymbol'
2025-06-17 09:35:54 | WARNING  | src.bot.trading_bot:_check_signals:216 | 信号执行失败: SHORT
2025-06-17 09:35:55 | INFO     | src.trading.executor:update_account_info:125 | 账户更新: 总值$100396.42, 买入力$401585.68
2025-06-17 09:35:55 | DEBUG    | src.bot.trading_bot:_update_market_data:184 | 市场数据更新完成
2025-06-17 09:35:58 | INFO     | src.strategy.signals:generate_signals:468 | 生成信号: SHORT - VWAP空头突破: 偏离-0.25%, MACD转负
2025-06-17 09:35:58 | INFO     | src.bot.trading_bot:_check_signals:202 | 检测到信号: SHORT 置信度: 0.85 原因: VWAP空头突破: 偏离-0.25%, MACD转负
2025-06-17 09:35:58 | INFO     | src.utils.notifications:send_message:63 | [GENERAL] 📡 交易信号
类型: SHORT
强度: MEDIUM
置信度: 0.85
价格: $598.97
原因: VWAP空头突破: 偏离-0.25%, MACD转负
2025-06-17 09:35:58 | INFO     | src.data.market_data:find_suitable_options:435 | 当前SPY价格: $601.53, 选择PUT期权行权价: $602
2025-06-17 09:35:58 | DEBUG    | src.data.market_data:_generate_option_symbol:470 | 生成期权代码: SPY250617P00602000 (行权价$602, 类型PUT)
2025-06-17 09:35:58 | INFO     | src.data.market_data:find_suitable_options:444 | 成功获取期权SPY250617P00602000的报价数据
2025-06-17 09:35:58 | ERROR    | src.trading.executor:find_best_option:192 | 查找最佳期权失败: 'contractSymbol'
2025-06-17 09:35:58 | WARNING  | src.bot.trading_bot:_check_signals:216 | 信号执行失败: SHORT
2025-06-17 09:35:58 | INFO     | src.trading.executor:update_account_info:125 | 账户更新: 总值$100396.42, 买入力$401585.68
2025-06-17 09:35:58 | DEBUG    | src.bot.trading_bot:_update_market_data:184 | 市场数据更新完成
2025-06-17 09:36:01 | INFO     | src.strategy.signals:generate_signals:468 | 生成信号: SHORT - VWAP空头突破: 偏离-0.25%, MACD转负
2025-06-17 09:36:01 | INFO     | src.bot.trading_bot:_check_signals:202 | 检测到信号: SHORT 置信度: 0.85 原因: VWAP空头突破: 偏离-0.25%, MACD转负
2025-06-17 09:36:01 | INFO     | src.utils.notifications:send_message:63 | [GENERAL] 📡 交易信号
类型: SHORT
强度: MEDIUM
置信度: 0.85
价格: $598.97
原因: VWAP空头突破: 偏离-0.25%, MACD转负
2025-06-17 09:36:01 | INFO     | src.data.market_data:find_suitable_options:435 | 当前SPY价格: $601.55, 选择PUT期权行权价: $602
2025-06-17 09:36:01 | DEBUG    | src.data.market_data:_generate_option_symbol:470 | 生成期权代码: SPY250617P00602000 (行权价$602, 类型PUT)
2025-06-17 09:36:01 | INFO     | src.data.market_data:find_suitable_options:444 | 成功获取期权SPY250617P00602000的报价数据
2025-06-17 09:36:01 | ERROR    | src.trading.executor:find_best_option:192 | 查找最佳期权失败: 'contractSymbol'
2025-06-17 09:36:01 | WARNING  | src.bot.trading_bot:_check_signals:216 | 信号执行失败: SHORT
2025-06-17 09:36:02 | INFO     | src.trading.executor:update_account_info:125 | 账户更新: 总值$100396.42, 买入力$401585.68
2025-06-17 09:36:02 | DEBUG    | src.bot.trading_bot:_update_market_data:184 | 市场数据更新完成
2025-06-17 09:36:04 | INFO     | src.strategy.signals:generate_signals:468 | 生成信号: SHORT - VWAP空头突破: 偏离-0.25%, MACD转负
2025-06-17 09:36:04 | INFO     | src.bot.trading_bot:_check_signals:202 | 检测到信号: SHORT 置信度: 0.85 原因: VWAP空头突破: 偏离-0.25%, MACD转负
2025-06-17 09:36:04 | INFO     | src.utils.notifications:send_message:63 | [GENERAL] 📡 交易信号
类型: SHORT
强度: MEDIUM
置信度: 0.85
价格: $598.97
原因: VWAP空头突破: 偏离-0.25%, MACD转负
2025-06-17 09:36:05 | INFO     | src.data.market_data:find_suitable_options:435 | 当前SPY价格: $601.55, 选择PUT期权行权价: $602
2025-06-17 09:36:05 | DEBUG    | src.data.market_data:_generate_option_symbol:470 | 生成期权代码: SPY250617P00602000 (行权价$602, 类型PUT)
2025-06-17 09:36:05 | INFO     | src.data.market_data:find_suitable_options:444 | 成功获取期权SPY250617P00602000的报价数据
2025-06-17 09:36:05 | ERROR    | src.trading.executor:find_best_option:192 | 查找最佳期权失败: 'contractSymbol'
2025-06-17 09:36:05 | WARNING  | src.bot.trading_bot:_check_signals:216 | 信号执行失败: SHORT
2025-06-17 09:36:05 | INFO     | src.trading.executor:update_account_info:125 | 账户更新: 总值$100396.42, 买入力$401585.68
2025-06-17 09:36:05 | DEBUG    | src.bot.trading_bot:_update_market_data:184 | 市场数据更新完成
2025-06-17 09:36:06 | DEBUG    | src.bot.trading_bot:_update_positions_normal:259 | 📊 常规头寸更新完成
2025-06-17 09:36:08 | INFO     | src.strategy.signals:generate_signals:468 | 生成信号: SHORT - VWAP空头突破: 偏离-0.25%, MACD转负
2025-06-17 09:36:08 | INFO     | src.bot.trading_bot:_check_signals:202 | 检测到信号: SHORT 置信度: 0.85 原因: VWAP空头突破: 偏离-0.25%, MACD转负
2025-06-17 09:36:08 | INFO     | src.utils.notifications:send_message:63 | [GENERAL] 📡 交易信号
类型: SHORT
强度: MEDIUM
置信度: 0.85
价格: $598.97
原因: VWAP空头突破: 偏离-0.25%, MACD转负
2025-06-17 09:36:08 | INFO     | src.data.market_data:find_suitable_options:435 | 当前SPY价格: $601.52, 选择PUT期权行权价: $602
2025-06-17 09:36:08 | DEBUG    | src.data.market_data:_generate_option_symbol:470 | 生成期权代码: SPY250617P00602000 (行权价$602, 类型PUT)
2025-06-17 09:36:08 | INFO     | src.data.market_data:find_suitable_options:444 | 成功获取期权SPY250617P00602000的报价数据
2025-06-17 09:36:08 | ERROR    | src.trading.executor:find_best_option:192 | 查找最佳期权失败: 'contractSymbol'
2025-06-17 09:36:08 | WARNING  | src.bot.trading_bot:_check_signals:216 | 信号执行失败: SHORT
2025-06-17 09:36:09 | INFO     | src.trading.executor:update_account_info:125 | 账户更新: 总值$100396.42, 买入力$401585.68
2025-06-17 09:36:09 | DEBUG    | src.bot.trading_bot:_update_market_data:184 | 市场数据更新完成
2025-06-17 09:36:12 | INFO     | src.trading.executor:update_account_info:125 | 账户更新: 总值$100396.42, 买入力$401585.68
2025-06-17 09:36:12 | DEBUG    | src.bot.trading_bot:_update_market_data:184 | 市场数据更新完成
2025-06-17 09:36:16 | INFO     | src.trading.executor:update_account_info:125 | 账户更新: 总值$100396.42, 买入力$401585.68
2025-06-17 09:36:16 | DEBUG    | src.bot.trading_bot:_update_market_data:184 | 市场数据更新完成
2025-06-17 09:36:19 | INFO     | src.trading.executor:update_account_info:125 | 账户更新: 总值$100396.42, 买入力$401585.68
2025-06-17 09:36:19 | DEBUG    | src.bot.trading_bot:_update_market_data:184 | 市场数据更新完成
2025-06-17 09:36:22 | INFO     | src.trading.executor:update_account_info:125 | 账户更新: 总值$100396.42, 买入力$401585.68
2025-06-17 09:36:22 | DEBUG    | src.bot.trading_bot:_update_market_data:184 | 市场数据更新完成
2025-06-17 09:36:25 | INFO     | src.trading.executor:update_account_info:125 | 账户更新: 总值$100396.42, 买入力$401585.68
2025-06-17 09:36:25 | DEBUG    | src.bot.trading_bot:_update_market_data:184 | 市场数据更新完成
2025-06-17 09:36:28 | INFO     | src.trading.executor:update_account_info:125 | 账户更新: 总值$100396.42, 买入力$401585.68
2025-06-17 09:36:28 | DEBUG    | src.bot.trading_bot:_update_market_data:184 | 市场数据更新完成
2025-06-17 09:36:32 | INFO     | src.trading.executor:update_account_info:125 | 账户更新: 总值$100396.42, 买入力$401585.68
2025-06-17 09:36:32 | DEBUG    | src.bot.trading_bot:_update_market_data:184 | 市场数据更新完成
2025-06-17 09:36:35 | INFO     | src.trading.executor:update_account_info:125 | 账户更新: 总值$100396.42, 买入力$401585.68
2025-06-17 09:36:35 | DEBUG    | src.bot.trading_bot:_update_market_data:184 | 市场数据更新完成
2025-06-17 09:36:38 | INFO     | src.trading.executor:update_account_info:125 | 账户更新: 总值$100396.42, 买入力$401585.68
2025-06-17 09:36:38 | DEBUG    | src.bot.trading_bot:_update_market_data:184 | 市场数据更新完成
2025-06-17 09:36:41 | INFO     | src.trading.executor:update_account_info:125 | 账户更新: 总值$100396.42, 买入力$401585.68
2025-06-17 09:36:41 | DEBUG    | src.bot.trading_bot:_update_market_data:184 | 市场数据更新完成
2025-06-17 09:36:45 | INFO     | src.trading.executor:update_account_info:125 | 账户更新: 总值$100396.42, 买入力$401585.68
2025-06-17 09:36:45 | DEBUG    | src.bot.trading_bot:_update_market_data:184 | 市场数据更新完成
2025-06-17 09:36:48 | INFO     | src.trading.executor:update_account_info:125 | 账户更新: 总值$100396.42, 买入力$401585.68
2025-06-17 09:36:48 | DEBUG    | src.bot.trading_bot:_update_market_data:184 | 市场数据更新完成
2025-06-17 09:36:51 | INFO     | src.trading.executor:update_account_info:125 | 账户更新: 总值$100396.42, 买入力$401585.68
2025-06-17 09:36:51 | DEBUG    | src.bot.trading_bot:_update_market_data:184 | 市场数据更新完成
2025-06-17 09:36:54 | INFO     | src.trading.executor:update_account_info:125 | 账户更新: 总值$100396.42, 买入力$401585.68
2025-06-17 09:36:54 | DEBUG    | src.bot.trading_bot:_update_market_data:184 | 市场数据更新完成
2025-06-17 09:36:58 | INFO     | src.trading.executor:update_account_info:125 | 账户更新: 总值$100396.42, 买入力$401585.68
2025-06-17 09:36:58 | DEBUG    | src.bot.trading_bot:_update_market_data:184 | 市场数据更新完成
2025-06-17 09:37:01 | INFO     | src.trading.executor:update_account_info:125 | 账户更新: 总值$100396.42, 买入力$401585.68
2025-06-17 09:37:01 | DEBUG    | src.bot.trading_bot:_update_market_data:184 | 市场数据更新完成
2025-06-17 09:37:04 | INFO     | src.trading.executor:update_account_info:125 | 账户更新: 总值$100396.42, 买入力$401585.68
2025-06-17 09:37:04 | DEBUG    | src.bot.trading_bot:_update_market_data:184 | 市场数据更新完成
2025-06-17 09:37:07 | DEBUG    | src.bot.trading_bot:_update_positions_normal:259 | 📊 常规头寸更新完成
2025-06-17 09:37:07 | INFO     | src.trading.executor:update_account_info:125 | 账户更新: 总值$100396.42, 买入力$401585.68
2025-06-17 09:37:07 | DEBUG    | src.bot.trading_bot:_update_market_data:184 | 市场数据更新完成
2025-06-17 09:37:10 | INFO     | src.trading.executor:update_account_info:125 | 账户更新: 总值$100396.42, 买入力$401585.68
2025-06-17 09:37:10 | DEBUG    | src.bot.trading_bot:_update_market_data:184 | 市场数据更新完成
2025-06-17 09:37:14 | INFO     | src.trading.executor:update_account_info:125 | 账户更新: 总值$100396.42, 买入力$401585.68
2025-06-17 09:37:14 | DEBUG    | src.bot.trading_bot:_update_market_data:184 | 市场数据更新完成
2025-06-17 09:37:17 | INFO     | src.trading.executor:update_account_info:125 | 账户更新: 总值$100396.42, 买入力$401585.68
2025-06-17 09:37:17 | DEBUG    | src.bot.trading_bot:_update_market_data:184 | 市场数据更新完成
2025-06-17 09:37:20 | INFO     | src.trading.executor:update_account_info:125 | 账户更新: 总值$100396.42, 买入力$401585.68
2025-06-17 09:37:20 | DEBUG    | src.bot.trading_bot:_update_market_data:184 | 市场数据更新完成
2025-06-17 09:37:23 | INFO     | src.trading.executor:update_account_info:125 | 账户更新: 总值$100396.42, 买入力$401585.68
2025-06-17 09:37:23 | DEBUG    | src.bot.trading_bot:_update_market_data:184 | 市场数据更新完成
2025-06-17 09:37:27 | INFO     | src.trading.executor:update_account_info:125 | 账户更新: 总值$100396.42, 买入力$401585.68
2025-06-17 09:37:27 | DEBUG    | src.bot.trading_bot:_update_market_data:184 | 市场数据更新完成
2025-06-17 09:37:30 | INFO     | src.trading.executor:update_account_info:125 | 账户更新: 总值$100396.42, 买入力$401585.68
2025-06-17 09:37:30 | DEBUG    | src.bot.trading_bot:_update_market_data:184 | 市场数据更新完成
2025-06-17 09:37:33 | INFO     | src.trading.executor:update_account_info:125 | 账户更新: 总值$100396.42, 买入力$401585.68
2025-06-17 09:37:33 | DEBUG    | src.bot.trading_bot:_update_market_data:184 | 市场数据更新完成
2025-06-17 09:37:36 | INFO     | src.trading.executor:update_account_info:125 | 账户更新: 总值$100396.42, 买入力$401585.68
2025-06-17 09:37:36 | DEBUG    | src.bot.trading_bot:_update_market_data:184 | 市场数据更新完成
2025-06-17 09:37:39 | INFO     | src.trading.executor:update_account_info:125 | 账户更新: 总值$100396.42, 买入力$401585.68
2025-06-17 09:37:39 | DEBUG    | src.bot.trading_bot:_update_market_data:184 | 市场数据更新完成
2025-06-17 09:37:43 | INFO     | src.trading.executor:update_account_info:125 | 账户更新: 总值$100396.42, 买入力$401585.68
2025-06-17 09:37:43 | DEBUG    | src.bot.trading_bot:_update_market_data:184 | 市场数据更新完成
2025-06-17 09:37:46 | INFO     | src.trading.executor:update_account_info:125 | 账户更新: 总值$100396.42, 买入力$401585.68
2025-06-17 09:37:46 | DEBUG    | src.bot.trading_bot:_update_market_data:184 | 市场数据更新完成
2025-06-17 09:37:49 | INFO     | src.trading.executor:update_account_info:125 | 账户更新: 总值$100396.42, 买入力$401585.68
2025-06-17 09:37:49 | DEBUG    | src.bot.trading_bot:_update_market_data:184 | 市场数据更新完成
2025-06-17 09:37:52 | INFO     | src.trading.executor:update_account_info:125 | 账户更新: 总值$100396.42, 买入力$401585.68
2025-06-17 09:37:52 | DEBUG    | src.bot.trading_bot:_update_market_data:184 | 市场数据更新完成
2025-06-17 09:37:56 | INFO     | src.trading.executor:update_account_info:125 | 账户更新: 总值$100396.42, 买入力$401585.68
2025-06-17 09:37:56 | DEBUG    | src.bot.trading_bot:_update_market_data:184 | 市场数据更新完成
2025-06-17 09:37:59 | INFO     | src.trading.executor:update_account_info:125 | 账户更新: 总值$100396.42, 买入力$401585.68
2025-06-17 09:37:59 | DEBUG    | src.bot.trading_bot:_update_market_data:184 | 市场数据更新完成
2025-06-17 09:38:02 | INFO     | src.trading.executor:update_account_info:125 | 账户更新: 总值$100396.42, 买入力$401585.68
2025-06-17 09:38:02 | DEBUG    | src.bot.trading_bot:_update_market_data:184 | 市场数据更新完成
2025-06-17 09:38:05 | INFO     | src.trading.executor:update_account_info:125 | 账户更新: 总值$100396.42, 买入力$401585.68
2025-06-17 09:38:05 | DEBUG    | src.bot.trading_bot:_update_market_data:184 | 市场数据更新完成
2025-06-17 09:38:07 | DEBUG    | src.bot.trading_bot:_update_positions_normal:259 | 📊 常规头寸更新完成
2025-06-17 09:38:08 | INFO     | src.trading.executor:update_account_info:125 | 账户更新: 总值$100396.42, 买入力$401585.68
2025-06-17 09:38:08 | DEBUG    | src.bot.trading_bot:_update_market_data:184 | 市场数据更新完成
2025-06-17 09:38:12 | INFO     | src.trading.executor:update_account_info:125 | 账户更新: 总值$100396.42, 买入力$401585.68
2025-06-17 09:38:12 | DEBUG    | src.bot.trading_bot:_update_market_data:184 | 市场数据更新完成
2025-06-17 09:38:15 | INFO     | src.trading.executor:update_account_info:125 | 账户更新: 总值$100396.42, 买入力$401585.68
2025-06-17 09:38:15 | DEBUG    | src.bot.trading_bot:_update_market_data:184 | 市场数据更新完成
2025-06-17 09:38:18 | INFO     | src.trading.executor:update_account_info:125 | 账户更新: 总值$100396.42, 买入力$401585.68
2025-06-17 09:38:18 | DEBUG    | src.bot.trading_bot:_update_market_data:184 | 市场数据更新完成
2025-06-17 09:38:22 | INFO     | src.trading.executor:update_account_info:125 | 账户更新: 总值$100396.42, 买入力$401585.68
2025-06-17 09:38:22 | DEBUG    | src.bot.trading_bot:_update_market_data:184 | 市场数据更新完成
2025-06-17 09:38:25 | INFO     | src.trading.executor:update_account_info:125 | 账户更新: 总值$100396.42, 买入力$401585.68
2025-06-17 09:38:25 | DEBUG    | src.bot.trading_bot:_update_market_data:184 | 市场数据更新完成
2025-06-17 09:38:28 | INFO     | src.trading.executor:update_account_info:125 | 账户更新: 总值$100396.42, 买入力$401585.68
2025-06-17 09:38:28 | DEBUG    | src.bot.trading_bot:_update_market_data:184 | 市场数据更新完成
2025-06-17 09:38:31 | INFO     | src.trading.executor:update_account_info:125 | 账户更新: 总值$100396.42, 买入力$401585.68
2025-06-17 09:38:31 | DEBUG    | src.bot.trading_bot:_update_market_data:184 | 市场数据更新完成
2025-06-17 09:38:35 | INFO     | src.trading.executor:update_account_info:125 | 账户更新: 总值$100396.42, 买入力$401585.68
2025-06-17 09:38:35 | DEBUG    | src.bot.trading_bot:_update_market_data:184 | 市场数据更新完成
2025-06-17 09:38:38 | INFO     | src.trading.executor:update_account_info:125 | 账户更新: 总值$100396.42, 买入力$401585.68
2025-06-17 09:38:38 | DEBUG    | src.bot.trading_bot:_update_market_data:184 | 市场数据更新完成
2025-06-17 09:38:41 | INFO     | src.trading.executor:update_account_info:125 | 账户更新: 总值$100396.42, 买入力$401585.68
2025-06-17 09:38:41 | DEBUG    | src.bot.trading_bot:_update_market_data:184 | 市场数据更新完成
2025-06-17 09:38:44 | INFO     | src.trading.executor:update_account_info:125 | 账户更新: 总值$100396.42, 买入力$401585.68
2025-06-17 09:38:44 | DEBUG    | src.bot.trading_bot:_update_market_data:184 | 市场数据更新完成
2025-06-17 09:38:47 | INFO     | src.trading.executor:update_account_info:125 | 账户更新: 总值$100396.42, 买入力$401585.68
2025-06-17 09:38:47 | DEBUG    | src.bot.trading_bot:_update_market_data:184 | 市场数据更新完成
2025-06-17 09:38:51 | INFO     | src.trading.executor:update_account_info:125 | 账户更新: 总值$100396.42, 买入力$401585.68
2025-06-17 09:38:51 | DEBUG    | src.bot.trading_bot:_update_market_data:184 | 市场数据更新完成
2025-06-17 09:38:54 | INFO     | src.trading.executor:update_account_info:125 | 账户更新: 总值$100396.42, 买入力$401585.68
2025-06-17 09:38:54 | DEBUG    | src.bot.trading_bot:_update_market_data:184 | 市场数据更新完成
2025-06-17 09:38:57 | INFO     | src.trading.executor:update_account_info:125 | 账户更新: 总值$100396.42, 买入力$401585.68
2025-06-17 09:38:57 | DEBUG    | src.bot.trading_bot:_update_market_data:184 | 市场数据更新完成
2025-06-17 09:39:00 | INFO     | src.trading.executor:update_account_info:125 | 账户更新: 总值$100396.42, 买入力$401585.68
2025-06-17 09:39:00 | DEBUG    | src.bot.trading_bot:_update_market_data:184 | 市场数据更新完成
2025-06-17 09:39:04 | INFO     | src.trading.executor:update_account_info:125 | 账户更新: 总值$100396.42, 买入力$401585.68
2025-06-17 09:39:04 | DEBUG    | src.bot.trading_bot:_update_market_data:184 | 市场数据更新完成
2025-06-17 09:39:07 | INFO     | src.trading.executor:update_account_info:125 | 账户更新: 总值$100396.42, 买入力$401585.68
2025-06-17 09:39:07 | DEBUG    | src.bot.trading_bot:_update_market_data:184 | 市场数据更新完成
2025-06-17 09:39:07 | DEBUG    | src.bot.trading_bot:_update_positions_normal:259 | 📊 常规头寸更新完成
2025-06-17 09:39:10 | INFO     | src.trading.executor:update_account_info:125 | 账户更新: 总值$100396.42, 买入力$401585.68
2025-06-17 09:39:10 | DEBUG    | src.bot.trading_bot:_update_market_data:184 | 市场数据更新完成
2025-06-17 09:39:13 | INFO     | src.trading.executor:update_account_info:125 | 账户更新: 总值$100396.42, 买入力$401585.68
2025-06-17 09:39:13 | DEBUG    | src.bot.trading_bot:_update_market_data:184 | 市场数据更新完成
2025-06-17 09:39:16 | INFO     | src.trading.executor:update_account_info:125 | 账户更新: 总值$100396.42, 买入力$401585.68
2025-06-17 09:39:16 | DEBUG    | src.bot.trading_bot:_update_market_data:184 | 市场数据更新完成
2025-06-17 09:39:20 | INFO     | src.trading.executor:update_account_info:125 | 账户更新: 总值$100396.42, 买入力$401585.68
2025-06-17 09:39:20 | DEBUG    | src.bot.trading_bot:_update_market_data:184 | 市场数据更新完成
2025-06-17 09:39:23 | INFO     | src.trading.executor:update_account_info:125 | 账户更新: 总值$100396.42, 买入力$401585.68
2025-06-17 09:39:23 | DEBUG    | src.bot.trading_bot:_update_market_data:184 | 市场数据更新完成
2025-06-17 09:39:26 | INFO     | src.trading.executor:update_account_info:125 | 账户更新: 总值$100396.42, 买入力$401585.68
2025-06-17 09:39:26 | DEBUG    | src.bot.trading_bot:_update_market_data:184 | 市场数据更新完成
2025-06-17 09:39:29 | INFO     | src.trading.executor:update_account_info:125 | 账户更新: 总值$100396.42, 买入力$401585.68
2025-06-17 09:39:29 | DEBUG    | src.bot.trading_bot:_update_market_data:184 | 市场数据更新完成
2025-06-17 09:39:33 | INFO     | src.trading.executor:update_account_info:125 | 账户更新: 总值$100396.42, 买入力$401585.68
2025-06-17 09:39:33 | DEBUG    | src.bot.trading_bot:_update_market_data:184 | 市场数据更新完成
2025-06-17 09:39:36 | INFO     | src.trading.executor:update_account_info:125 | 账户更新: 总值$100396.42, 买入力$401585.68
2025-06-17 09:39:36 | DEBUG    | src.bot.trading_bot:_update_market_data:184 | 市场数据更新完成
2025-06-17 09:39:39 | INFO     | src.trading.executor:update_account_info:125 | 账户更新: 总值$100396.42, 买入力$401585.68
2025-06-17 09:39:39 | DEBUG    | src.bot.trading_bot:_update_market_data:184 | 市场数据更新完成
2025-06-17 09:39:42 | INFO     | src.trading.executor:update_account_info:125 | 账户更新: 总值$100396.42, 买入力$401585.68
2025-06-17 09:39:42 | DEBUG    | src.bot.trading_bot:_update_market_data:184 | 市场数据更新完成
2025-06-17 09:39:45 | INFO     | src.trading.executor:update_account_info:125 | 账户更新: 总值$100396.42, 买入力$401585.68
2025-06-17 09:39:45 | DEBUG    | src.bot.trading_bot:_update_market_data:184 | 市场数据更新完成
2025-06-17 09:39:49 | INFO     | src.trading.executor:update_account_info:125 | 账户更新: 总值$100396.42, 买入力$401585.68
2025-06-17 09:39:49 | DEBUG    | src.bot.trading_bot:_update_market_data:184 | 市场数据更新完成
2025-06-17 09:39:52 | INFO     | src.trading.executor:update_account_info:125 | 账户更新: 总值$100396.42, 买入力$401585.68
2025-06-17 09:39:52 | DEBUG    | src.bot.trading_bot:_update_market_data:184 | 市场数据更新完成
2025-06-17 09:39:55 | INFO     | src.trading.executor:update_account_info:125 | 账户更新: 总值$100396.42, 买入力$401585.68
2025-06-17 09:39:55 | DEBUG    | src.bot.trading_bot:_update_market_data:184 | 市场数据更新完成
2025-06-17 09:39:59 | INFO     | src.trading.executor:update_account_info:125 | 账户更新: 总值$100396.42, 买入力$401585.68
2025-06-17 09:39:59 | DEBUG    | src.bot.trading_bot:_update_market_data:184 | 市场数据更新完成
2025-06-17 09:40:02 | INFO     | src.trading.executor:update_account_info:125 | 账户更新: 总值$100396.42, 买入力$401585.68
2025-06-17 09:40:02 | DEBUG    | src.bot.trading_bot:_update_market_data:184 | 市场数据更新完成
2025-06-17 09:40:05 | INFO     | src.trading.executor:update_account_info:125 | 账户更新: 总值$100396.42, 买入力$401585.68
2025-06-17 09:40:05 | DEBUG    | src.bot.trading_bot:_update_market_data:184 | 市场数据更新完成
2025-06-17 09:40:08 | DEBUG    | src.bot.trading_bot:_update_positions_normal:259 | 📊 常规头寸更新完成
2025-06-17 09:40:08 | INFO     | src.trading.executor:update_account_info:125 | 账户更新: 总值$100396.42, 买入力$401585.68
2025-06-17 09:40:08 | DEBUG    | src.bot.trading_bot:_update_market_data:184 | 市场数据更新完成
2025-06-17 09:40:12 | INFO     | src.trading.executor:update_account_info:125 | 账户更新: 总值$100396.42, 买入力$401585.68
2025-06-17 09:40:12 | DEBUG    | src.bot.trading_bot:_update_market_data:184 | 市场数据更新完成
2025-06-17 09:40:15 | INFO     | src.trading.executor:update_account_info:125 | 账户更新: 总值$100396.42, 买入力$401585.68
2025-06-17 09:40:15 | DEBUG    | src.bot.trading_bot:_update_market_data:184 | 市场数据更新完成
2025-06-17 09:40:18 | INFO     | src.trading.executor:update_account_info:125 | 账户更新: 总值$100396.42, 买入力$401585.68
2025-06-17 09:40:18 | DEBUG    | src.bot.trading_bot:_update_market_data:184 | 市场数据更新完成
2025-06-17 09:40:21 | INFO     | src.trading.executor:update_account_info:125 | 账户更新: 总值$100396.42, 买入力$401585.68
2025-06-17 09:40:21 | DEBUG    | src.bot.trading_bot:_update_market_data:184 | 市场数据更新完成
2025-06-17 09:40:24 | INFO     | src.trading.executor:update_account_info:125 | 账户更新: 总值$100396.42, 买入力$401585.68
2025-06-17 09:40:24 | DEBUG    | src.bot.trading_bot:_update_market_data:184 | 市场数据更新完成
2025-06-17 09:40:28 | INFO     | src.trading.executor:update_account_info:125 | 账户更新: 总值$100396.42, 买入力$401585.68
2025-06-17 09:40:28 | DEBUG    | src.bot.trading_bot:_update_market_data:184 | 市场数据更新完成
2025-06-17 09:40:31 | INFO     | src.trading.executor:update_account_info:125 | 账户更新: 总值$100396.42, 买入力$401585.68
2025-06-17 09:40:31 | DEBUG    | src.bot.trading_bot:_update_market_data:184 | 市场数据更新完成
2025-06-17 09:40:34 | INFO     | src.trading.executor:update_account_info:125 | 账户更新: 总值$100396.42, 买入力$401585.68
2025-06-17 09:40:34 | DEBUG    | src.bot.trading_bot:_update_market_data:184 | 市场数据更新完成
2025-06-17 09:40:38 | INFO     | src.trading.executor:update_account_info:125 | 账户更新: 总值$100396.42, 买入力$401585.68
2025-06-17 09:40:38 | DEBUG    | src.bot.trading_bot:_update_market_data:184 | 市场数据更新完成
2025-06-17 09:40:41 | INFO     | src.trading.executor:update_account_info:125 | 账户更新: 总值$100396.42, 买入力$401585.68
2025-06-17 09:40:41 | DEBUG    | src.bot.trading_bot:_update_market_data:184 | 市场数据更新完成
2025-06-17 09:40:44 | INFO     | src.trading.executor:update_account_info:125 | 账户更新: 总值$100396.42, 买入力$401585.68
2025-06-17 09:40:44 | DEBUG    | src.bot.trading_bot:_update_market_data:184 | 市场数据更新完成
2025-06-17 09:40:47 | INFO     | src.trading.executor:update_account_info:125 | 账户更新: 总值$100396.42, 买入力$401585.68
2025-06-17 09:40:47 | DEBUG    | src.bot.trading_bot:_update_market_data:184 | 市场数据更新完成
2025-06-17 09:40:50 | INFO     | src.trading.executor:update_account_info:125 | 账户更新: 总值$100396.42, 买入力$401585.68
2025-06-17 09:40:50 | DEBUG    | src.bot.trading_bot:_update_market_data:184 | 市场数据更新完成
2025-06-17 09:40:53 | INFO     | src.trading.executor:update_account_info:125 | 账户更新: 总值$100396.42, 买入力$401585.68
2025-06-17 09:40:53 | DEBUG    | src.bot.trading_bot:_update_market_data:184 | 市场数据更新完成
2025-06-17 09:40:57 | INFO     | src.trading.executor:update_account_info:125 | 账户更新: 总值$100396.42, 买入力$401585.68
2025-06-17 09:40:57 | DEBUG    | src.bot.trading_bot:_update_market_data:184 | 市场数据更新完成
2025-06-17 09:41:00 | INFO     | src.trading.executor:update_account_info:125 | 账户更新: 总值$100396.42, 买入力$401585.68
2025-06-17 09:41:00 | DEBUG    | src.bot.trading_bot:_update_market_data:184 | 市场数据更新完成
2025-06-17 09:41:03 | INFO     | src.trading.executor:update_account_info:125 | 账户更新: 总值$100396.42, 买入力$401585.68
2025-06-17 09:41:03 | DEBUG    | src.bot.trading_bot:_update_market_data:184 | 市场数据更新完成
2025-06-17 09:41:06 | INFO     | src.trading.executor:update_account_info:125 | 账户更新: 总值$100396.42, 买入力$401585.68
2025-06-17 09:41:06 | DEBUG    | src.bot.trading_bot:_update_market_data:184 | 市场数据更新完成
2025-06-17 09:41:08 | DEBUG    | src.bot.trading_bot:_update_positions_normal:259 | 📊 常规头寸更新完成
2025-06-17 09:41:10 | INFO     | src.trading.executor:update_account_info:125 | 账户更新: 总值$100396.42, 买入力$401585.68
2025-06-17 09:41:10 | DEBUG    | src.bot.trading_bot:_update_market_data:184 | 市场数据更新完成
2025-06-17 09:41:13 | INFO     | src.trading.executor:update_account_info:125 | 账户更新: 总值$100396.42, 买入力$401585.68
2025-06-17 09:41:13 | DEBUG    | src.bot.trading_bot:_update_market_data:184 | 市场数据更新完成
2025-06-17 09:41:16 | INFO     | src.trading.executor:update_account_info:125 | 账户更新: 总值$100396.42, 买入力$401585.68
2025-06-17 09:41:16 | DEBUG    | src.bot.trading_bot:_update_market_data:184 | 市场数据更新完成
2025-06-17 09:41:19 | INFO     | src.trading.executor:update_account_info:125 | 账户更新: 总值$100396.42, 买入力$401585.68
2025-06-17 09:41:19 | DEBUG    | src.bot.trading_bot:_update_market_data:184 | 市场数据更新完成
2025-06-17 09:41:23 | INFO     | src.trading.executor:update_account_info:125 | 账户更新: 总值$100396.42, 买入力$401585.68
2025-06-17 09:41:23 | DEBUG    | src.bot.trading_bot:_update_market_data:184 | 市场数据更新完成
2025-06-17 09:41:26 | INFO     | src.trading.executor:update_account_info:125 | 账户更新: 总值$100396.42, 买入力$401585.68
2025-06-17 09:41:26 | DEBUG    | src.bot.trading_bot:_update_market_data:184 | 市场数据更新完成
2025-06-17 09:41:29 | INFO     | src.trading.executor:update_account_info:125 | 账户更新: 总值$100396.42, 买入力$401585.68
2025-06-17 09:41:29 | DEBUG    | src.bot.trading_bot:_update_market_data:184 | 市场数据更新完成
2025-06-17 09:41:32 | INFO     | src.trading.executor:update_account_info:125 | 账户更新: 总值$100396.42, 买入力$401585.68
2025-06-17 09:41:32 | DEBUG    | src.bot.trading_bot:_update_market_data:184 | 市场数据更新完成
2025-06-17 09:41:36 | INFO     | src.trading.executor:update_account_info:125 | 账户更新: 总值$100396.42, 买入力$401585.68
2025-06-17 09:41:36 | DEBUG    | src.bot.trading_bot:_update_market_data:184 | 市场数据更新完成
2025-06-17 09:41:39 | INFO     | src.trading.executor:update_account_info:125 | 账户更新: 总值$100396.42, 买入力$401585.68
2025-06-17 09:41:39 | DEBUG    | src.bot.trading_bot:_update_market_data:184 | 市场数据更新完成
2025-06-17 09:41:42 | INFO     | src.trading.executor:update_account_info:125 | 账户更新: 总值$100396.42, 买入力$401585.68
2025-06-17 09:41:42 | DEBUG    | src.bot.trading_bot:_update_market_data:184 | 市场数据更新完成
2025-06-17 09:41:45 | INFO     | src.trading.executor:update_account_info:125 | 账户更新: 总值$100396.42, 买入力$401585.68
2025-06-17 09:41:45 | DEBUG    | src.bot.trading_bot:_update_market_data:184 | 市场数据更新完成
2025-06-17 09:41:49 | INFO     | src.trading.executor:update_account_info:125 | 账户更新: 总值$100396.42, 买入力$401585.68
2025-06-17 09:41:49 | DEBUG    | src.bot.trading_bot:_update_market_data:184 | 市场数据更新完成
2025-06-17 09:41:52 | INFO     | src.trading.executor:update_account_info:125 | 账户更新: 总值$100396.42, 买入力$401585.68
2025-06-17 09:41:52 | DEBUG    | src.bot.trading_bot:_update_market_data:184 | 市场数据更新完成
2025-06-17 09:41:55 | INFO     | src.trading.executor:update_account_info:125 | 账户更新: 总值$100396.42, 买入力$401585.68
2025-06-17 09:41:55 | DEBUG    | src.bot.trading_bot:_update_market_data:184 | 市场数据更新完成
2025-06-17 09:41:58 | INFO     | src.trading.executor:update_account_info:125 | 账户更新: 总值$100396.42, 买入力$401585.68
2025-06-17 09:41:58 | DEBUG    | src.bot.trading_bot:_update_market_data:184 | 市场数据更新完成
2025-06-17 09:42:01 | INFO     | src.trading.executor:update_account_info:125 | 账户更新: 总值$100396.42, 买入力$401585.68
2025-06-17 09:42:01 | DEBUG    | src.bot.trading_bot:_update_market_data:184 | 市场数据更新完成
2025-06-17 09:42:05 | INFO     | src.trading.executor:update_account_info:125 | 账户更新: 总值$100396.42, 买入力$401585.68
2025-06-17 09:42:05 | DEBUG    | src.bot.trading_bot:_update_market_data:184 | 市场数据更新完成
2025-06-17 09:42:08 | INFO     | src.trading.executor:update_account_info:125 | 账户更新: 总值$100396.42, 买入力$401585.68
2025-06-17 09:42:08 | DEBUG    | src.bot.trading_bot:_update_market_data:184 | 市场数据更新完成
2025-06-17 09:42:08 | DEBUG    | src.bot.trading_bot:_update_positions_normal:259 | 📊 常规头寸更新完成
2025-06-17 09:42:11 | INFO     | src.trading.executor:update_account_info:125 | 账户更新: 总值$100396.42, 买入力$401585.68
2025-06-17 09:42:11 | DEBUG    | src.bot.trading_bot:_update_market_data:184 | 市场数据更新完成
2025-06-17 09:42:14 | INFO     | src.trading.executor:update_account_info:125 | 账户更新: 总值$100396.42, 买入力$401585.68
2025-06-17 09:42:14 | DEBUG    | src.bot.trading_bot:_update_market_data:184 | 市场数据更新完成
2025-06-17 09:42:18 | INFO     | src.trading.executor:update_account_info:125 | 账户更新: 总值$100396.42, 买入力$401585.68
2025-06-17 09:42:18 | DEBUG    | src.bot.trading_bot:_update_market_data:184 | 市场数据更新完成
2025-06-17 09:42:21 | INFO     | src.trading.executor:update_account_info:125 | 账户更新: 总值$100396.42, 买入力$401585.68
2025-06-17 09:42:21 | DEBUG    | src.bot.trading_bot:_update_market_data:184 | 市场数据更新完成
2025-06-17 09:42:24 | INFO     | src.trading.executor:update_account_info:125 | 账户更新: 总值$100396.42, 买入力$401585.68
2025-06-17 09:42:24 | DEBUG    | src.bot.trading_bot:_update_market_data:184 | 市场数据更新完成
2025-06-17 09:42:27 | INFO     | src.trading.executor:update_account_info:125 | 账户更新: 总值$100396.42, 买入力$401585.68
2025-06-17 09:42:27 | DEBUG    | src.bot.trading_bot:_update_market_data:184 | 市场数据更新完成
2025-06-17 09:42:30 | INFO     | src.trading.executor:update_account_info:125 | 账户更新: 总值$100396.42, 买入力$401585.68
2025-06-17 09:42:30 | DEBUG    | src.bot.trading_bot:_update_market_data:184 | 市场数据更新完成
2025-06-17 09:42:34 | INFO     | src.trading.executor:update_account_info:125 | 账户更新: 总值$100396.42, 买入力$401585.68
2025-06-17 09:42:34 | DEBUG    | src.bot.trading_bot:_update_market_data:184 | 市场数据更新完成
2025-06-17 09:42:37 | INFO     | src.trading.executor:update_account_info:125 | 账户更新: 总值$100396.42, 买入力$401585.68
2025-06-17 09:42:37 | DEBUG    | src.bot.trading_bot:_update_market_data:184 | 市场数据更新完成
2025-06-17 09:42:40 | INFO     | src.trading.executor:update_account_info:125 | 账户更新: 总值$100396.42, 买入力$401585.68
2025-06-17 09:42:40 | DEBUG    | src.bot.trading_bot:_update_market_data:184 | 市场数据更新完成
2025-06-17 09:42:43 | INFO     | src.trading.executor:update_account_info:125 | 账户更新: 总值$100396.42, 买入力$401585.68
2025-06-17 09:42:43 | DEBUG    | src.bot.trading_bot:_update_market_data:184 | 市场数据更新完成
2025-06-17 09:42:47 | INFO     | src.trading.executor:update_account_info:125 | 账户更新: 总值$100396.42, 买入力$401585.68
2025-06-17 09:42:47 | DEBUG    | src.bot.trading_bot:_update_market_data:184 | 市场数据更新完成
2025-06-17 09:42:50 | INFO     | src.trading.executor:update_account_info:125 | 账户更新: 总值$100396.42, 买入力$401585.68
2025-06-17 09:42:50 | DEBUG    | src.bot.trading_bot:_update_market_data:184 | 市场数据更新完成
2025-06-17 09:42:53 | INFO     | src.trading.executor:update_account_info:125 | 账户更新: 总值$100396.42, 买入力$401585.68
2025-06-17 09:42:53 | DEBUG    | src.bot.trading_bot:_update_market_data:184 | 市场数据更新完成
2025-06-17 09:42:57 | INFO     | src.trading.executor:update_account_info:125 | 账户更新: 总值$100396.42, 买入力$401585.68
2025-06-17 09:42:57 | DEBUG    | src.bot.trading_bot:_update_market_data:184 | 市场数据更新完成
2025-06-17 09:43:00 | INFO     | src.trading.executor:update_account_info:125 | 账户更新: 总值$100396.42, 买入力$401585.68
2025-06-17 09:43:00 | DEBUG    | src.bot.trading_bot:_update_market_data:184 | 市场数据更新完成
2025-06-17 09:43:03 | INFO     | src.trading.executor:update_account_info:125 | 账户更新: 总值$100396.42, 买入力$401585.68
2025-06-17 09:43:03 | DEBUG    | src.bot.trading_bot:_update_market_data:184 | 市场数据更新完成
2025-06-17 09:43:06 | INFO     | src.trading.executor:update_account_info:125 | 账户更新: 总值$100396.42, 买入力$401585.68
2025-06-17 09:43:06 | DEBUG    | src.bot.trading_bot:_update_market_data:184 | 市场数据更新完成
2025-06-17 09:43:08 | DEBUG    | src.bot.trading_bot:_update_positions_normal:259 | 📊 常规头寸更新完成
2025-06-17 09:43:10 | INFO     | src.trading.executor:update_account_info:125 | 账户更新: 总值$100396.42, 买入力$401585.68
2025-06-17 09:43:10 | DEBUG    | src.bot.trading_bot:_update_market_data:184 | 市场数据更新完成
2025-06-17 09:43:13 | INFO     | src.trading.executor:update_account_info:125 | 账户更新: 总值$100396.42, 买入力$401585.68
2025-06-17 09:43:13 | DEBUG    | src.bot.trading_bot:_update_market_data:184 | 市场数据更新完成
2025-06-17 09:43:16 | INFO     | src.trading.executor:update_account_info:125 | 账户更新: 总值$100396.42, 买入力$401585.68
2025-06-17 09:43:16 | DEBUG    | src.bot.trading_bot:_update_market_data:184 | 市场数据更新完成
2025-06-17 09:43:19 | INFO     | src.trading.executor:update_account_info:125 | 账户更新: 总值$100396.42, 买入力$401585.68
2025-06-17 09:43:19 | DEBUG    | src.bot.trading_bot:_update_market_data:184 | 市场数据更新完成
2025-06-17 09:43:23 | INFO     | src.trading.executor:update_account_info:125 | 账户更新: 总值$100396.42, 买入力$401585.68
2025-06-17 09:43:23 | DEBUG    | src.bot.trading_bot:_update_market_data:184 | 市场数据更新完成
2025-06-17 09:43:26 | INFO     | src.trading.executor:update_account_info:125 | 账户更新: 总值$100396.42, 买入力$401585.68
2025-06-17 09:43:26 | DEBUG    | src.bot.trading_bot:_update_market_data:184 | 市场数据更新完成
2025-06-17 09:43:29 | INFO     | src.trading.executor:update_account_info:125 | 账户更新: 总值$100396.42, 买入力$401585.68
2025-06-17 09:43:29 | DEBUG    | src.bot.trading_bot:_update_market_data:184 | 市场数据更新完成
2025-06-17 09:43:32 | INFO     | src.trading.executor:update_account_info:125 | 账户更新: 总值$100396.42, 买入力$401585.68
2025-06-17 09:43:32 | DEBUG    | src.bot.trading_bot:_update_market_data:184 | 市场数据更新完成
2025-06-17 09:43:35 | INFO     | src.trading.executor:update_account_info:125 | 账户更新: 总值$100396.42, 买入力$401585.68
2025-06-17 09:43:35 | DEBUG    | src.bot.trading_bot:_update_market_data:184 | 市场数据更新完成
2025-06-17 09:43:39 | INFO     | src.trading.executor:update_account_info:125 | 账户更新: 总值$100396.42, 买入力$401585.68
2025-06-17 09:43:39 | DEBUG    | src.bot.trading_bot:_update_market_data:184 | 市场数据更新完成
2025-06-17 09:43:42 | INFO     | src.trading.executor:update_account_info:125 | 账户更新: 总值$100396.42, 买入力$401585.68
2025-06-17 09:43:42 | DEBUG    | src.bot.trading_bot:_update_market_data:184 | 市场数据更新完成
2025-06-17 09:43:45 | INFO     | src.trading.executor:update_account_info:125 | 账户更新: 总值$100396.42, 买入力$401585.68
2025-06-17 09:43:45 | DEBUG    | src.bot.trading_bot:_update_market_data:184 | 市场数据更新完成
2025-06-17 09:43:48 | INFO     | src.trading.executor:update_account_info:125 | 账户更新: 总值$100396.42, 买入力$401585.68
2025-06-17 09:43:48 | DEBUG    | src.bot.trading_bot:_update_market_data:184 | 市场数据更新完成
2025-06-17 09:43:52 | INFO     | src.trading.executor:update_account_info:125 | 账户更新: 总值$100396.42, 买入力$401585.68
2025-06-17 09:43:52 | DEBUG    | src.bot.trading_bot:_update_market_data:184 | 市场数据更新完成
2025-06-17 09:43:55 | INFO     | src.trading.executor:update_account_info:125 | 账户更新: 总值$100396.42, 买入力$401585.68
2025-06-17 09:43:55 | DEBUG    | src.bot.trading_bot:_update_market_data:184 | 市场数据更新完成
2025-06-17 09:43:58 | INFO     | src.trading.executor:update_account_info:125 | 账户更新: 总值$100396.42, 买入力$401585.68
2025-06-17 09:43:58 | DEBUG    | src.bot.trading_bot:_update_market_data:184 | 市场数据更新完成
2025-06-17 09:44:01 | INFO     | src.trading.executor:update_account_info:125 | 账户更新: 总值$100396.42, 买入力$401585.68
2025-06-17 09:44:01 | DEBUG    | src.bot.trading_bot:_update_market_data:184 | 市场数据更新完成
2025-06-17 09:44:04 | INFO     | src.trading.executor:update_account_info:125 | 账户更新: 总值$100396.42, 买入力$401585.68
2025-06-17 09:44:04 | DEBUG    | src.bot.trading_bot:_update_market_data:184 | 市场数据更新完成
2025-06-17 09:44:08 | INFO     | src.trading.executor:update_account_info:125 | 账户更新: 总值$100396.42, 买入力$401585.68
2025-06-17 09:44:08 | DEBUG    | src.bot.trading_bot:_update_market_data:184 | 市场数据更新完成
2025-06-17 09:44:09 | DEBUG    | src.bot.trading_bot:_update_positions_normal:259 | 📊 常规头寸更新完成
2025-06-17 09:44:11 | INFO     | src.trading.executor:update_account_info:125 | 账户更新: 总值$100396.42, 买入力$401585.68
2025-06-17 09:44:11 | DEBUG    | src.bot.trading_bot:_update_market_data:184 | 市场数据更新完成
2025-06-17 09:44:14 | INFO     | src.trading.executor:update_account_info:125 | 账户更新: 总值$100396.42, 买入力$401585.68
2025-06-17 09:44:14 | DEBUG    | src.bot.trading_bot:_update_market_data:184 | 市场数据更新完成
2025-06-17 09:44:17 | INFO     | src.trading.executor:update_account_info:125 | 账户更新: 总值$100396.42, 买入力$401585.68
2025-06-17 09:44:17 | DEBUG    | src.bot.trading_bot:_update_market_data:184 | 市场数据更新完成
2025-06-17 09:44:21 | INFO     | src.trading.executor:update_account_info:125 | 账户更新: 总值$100396.42, 买入力$401585.68
2025-06-17 09:44:21 | DEBUG    | src.bot.trading_bot:_update_market_data:184 | 市场数据更新完成
2025-06-17 09:44:24 | INFO     | src.trading.executor:update_account_info:125 | 账户更新: 总值$100396.42, 买入力$401585.68
2025-06-17 09:44:24 | DEBUG    | src.bot.trading_bot:_update_market_data:184 | 市场数据更新完成
2025-06-17 09:44:27 | INFO     | src.trading.executor:update_account_info:125 | 账户更新: 总值$100396.42, 买入力$401585.68
2025-06-17 09:44:27 | DEBUG    | src.bot.trading_bot:_update_market_data:184 | 市场数据更新完成
2025-06-17 09:44:30 | INFO     | src.trading.executor:update_account_info:125 | 账户更新: 总值$100396.42, 买入力$401585.68
2025-06-17 09:44:30 | DEBUG    | src.bot.trading_bot:_update_market_data:184 | 市场数据更新完成
2025-06-17 09:44:34 | INFO     | src.trading.executor:update_account_info:125 | 账户更新: 总值$100396.42, 买入力$401585.68
2025-06-17 09:44:34 | DEBUG    | src.bot.trading_bot:_update_market_data:184 | 市场数据更新完成
2025-06-17 09:44:37 | INFO     | src.trading.executor:update_account_info:125 | 账户更新: 总值$100396.42, 买入力$401585.68
2025-06-17 09:44:37 | DEBUG    | src.bot.trading_bot:_update_market_data:184 | 市场数据更新完成
2025-06-17 09:44:40 | INFO     | src.trading.executor:update_account_info:125 | 账户更新: 总值$100396.42, 买入力$401585.68
2025-06-17 09:44:40 | DEBUG    | src.bot.trading_bot:_update_market_data:184 | 市场数据更新完成
2025-06-17 09:44:43 | INFO     | src.trading.executor:update_account_info:125 | 账户更新: 总值$100396.42, 买入力$401585.68
2025-06-17 09:44:43 | DEBUG    | src.bot.trading_bot:_update_market_data:184 | 市场数据更新完成
2025-06-17 09:44:47 | INFO     | src.trading.executor:update_account_info:125 | 账户更新: 总值$100396.42, 买入力$401585.68
2025-06-17 09:44:47 | DEBUG    | src.bot.trading_bot:_update_market_data:184 | 市场数据更新完成
2025-06-17 09:44:50 | INFO     | src.trading.executor:update_account_info:125 | 账户更新: 总值$100396.42, 买入力$401585.68
2025-06-17 09:44:50 | DEBUG    | src.bot.trading_bot:_update_market_data:184 | 市场数据更新完成
2025-06-17 09:44:53 | INFO     | src.trading.executor:update_account_info:125 | 账户更新: 总值$100396.42, 买入力$401585.68
2025-06-17 09:44:53 | DEBUG    | src.bot.trading_bot:_update_market_data:184 | 市场数据更新完成
2025-06-17 09:44:56 | INFO     | src.trading.executor:update_account_info:125 | 账户更新: 总值$100396.42, 买入力$401585.68
2025-06-17 09:44:56 | DEBUG    | src.bot.trading_bot:_update_market_data:184 | 市场数据更新完成
2025-06-17 09:45:00 | INFO     | src.trading.executor:update_account_info:125 | 账户更新: 总值$100396.42, 买入力$401585.68
2025-06-17 09:45:00 | DEBUG    | src.bot.trading_bot:_update_market_data:184 | 市场数据更新完成
2025-06-17 09:45:03 | INFO     | src.trading.executor:update_account_info:125 | 账户更新: 总值$100396.42, 买入力$401585.68
2025-06-17 09:45:03 | DEBUG    | src.bot.trading_bot:_update_market_data:184 | 市场数据更新完成
2025-06-17 09:45:06 | INFO     | src.trading.executor:update_account_info:125 | 账户更新: 总值$100396.42, 买入力$401585.68
2025-06-17 09:45:06 | DEBUG    | src.bot.trading_bot:_update_market_data:184 | 市场数据更新完成
2025-06-17 09:45:09 | DEBUG    | src.bot.trading_bot:_update_positions_normal:259 | 📊 常规头寸更新完成
2025-06-17 09:45:09 | INFO     | src.trading.executor:update_account_info:125 | 账户更新: 总值$100396.42, 买入力$401585.68
2025-06-17 09:45:09 | DEBUG    | src.bot.trading_bot:_update_market_data:184 | 市场数据更新完成
2025-06-17 09:45:12 | INFO     | src.trading.executor:update_account_info:125 | 账户更新: 总值$100396.42, 买入力$401585.68
2025-06-17 09:45:12 | DEBUG    | src.bot.trading_bot:_update_market_data:184 | 市场数据更新完成
2025-06-17 09:45:16 | INFO     | src.trading.executor:update_account_info:125 | 账户更新: 总值$100396.42, 买入力$401585.68
2025-06-17 09:45:16 | DEBUG    | src.bot.trading_bot:_update_market_data:184 | 市场数据更新完成
2025-06-17 09:45:19 | INFO     | src.trading.executor:update_account_info:125 | 账户更新: 总值$100396.42, 买入力$401585.68
2025-06-17 09:45:19 | DEBUG    | src.bot.trading_bot:_update_market_data:184 | 市场数据更新完成
2025-06-17 09:45:22 | INFO     | src.trading.executor:update_account_info:125 | 账户更新: 总值$100396.42, 买入力$401585.68
2025-06-17 09:45:22 | DEBUG    | src.bot.trading_bot:_update_market_data:184 | 市场数据更新完成
2025-06-17 09:45:25 | INFO     | src.trading.executor:update_account_info:125 | 账户更新: 总值$100396.42, 买入力$401585.68
2025-06-17 09:45:25 | DEBUG    | src.bot.trading_bot:_update_market_data:184 | 市场数据更新完成
2025-06-17 09:45:29 | INFO     | src.trading.executor:update_account_info:125 | 账户更新: 总值$100396.42, 买入力$401585.68
2025-06-17 09:45:29 | DEBUG    | src.bot.trading_bot:_update_market_data:184 | 市场数据更新完成
2025-06-17 09:45:32 | INFO     | src.trading.executor:update_account_info:125 | 账户更新: 总值$100396.42, 买入力$401585.68
2025-06-17 09:45:32 | DEBUG    | src.bot.trading_bot:_update_market_data:184 | 市场数据更新完成
2025-06-17 09:45:35 | INFO     | src.trading.executor:update_account_info:125 | 账户更新: 总值$100396.42, 买入力$401585.68
2025-06-17 09:45:35 | DEBUG    | src.bot.trading_bot:_update_market_data:184 | 市场数据更新完成
2025-06-17 09:45:38 | INFO     | src.trading.executor:update_account_info:125 | 账户更新: 总值$100396.42, 买入力$401585.68
2025-06-17 09:45:38 | DEBUG    | src.bot.trading_bot:_update_market_data:184 | 市场数据更新完成
2025-06-17 09:45:41 | INFO     | src.trading.executor:update_account_info:125 | 账户更新: 总值$100396.42, 买入力$401585.68
2025-06-17 09:45:41 | DEBUG    | src.bot.trading_bot:_update_market_data:184 | 市场数据更新完成
2025-06-17 09:45:45 | INFO     | src.trading.executor:update_account_info:125 | 账户更新: 总值$100396.42, 买入力$401585.68
2025-06-17 09:45:45 | DEBUG    | src.bot.trading_bot:_update_market_data:184 | 市场数据更新完成
2025-06-17 09:45:48 | INFO     | src.trading.executor:update_account_info:125 | 账户更新: 总值$100396.42, 买入力$401585.68
2025-06-17 09:45:48 | DEBUG    | src.bot.trading_bot:_update_market_data:184 | 市场数据更新完成
2025-06-17 09:45:51 | INFO     | src.trading.executor:update_account_info:125 | 账户更新: 总值$100396.42, 买入力$401585.68
2025-06-17 09:45:51 | DEBUG    | src.bot.trading_bot:_update_market_data:184 | 市场数据更新完成
2025-06-17 09:45:54 | INFO     | src.trading.executor:update_account_info:125 | 账户更新: 总值$100396.42, 买入力$401585.68
2025-06-17 09:45:54 | DEBUG    | src.bot.trading_bot:_update_market_data:184 | 市场数据更新完成
2025-06-17 09:45:58 | INFO     | src.trading.executor:update_account_info:125 | 账户更新: 总值$100396.42, 买入力$401585.68
2025-06-17 09:45:58 | DEBUG    | src.bot.trading_bot:_update_market_data:184 | 市场数据更新完成
2025-06-17 09:46:01 | INFO     | src.trading.executor:update_account_info:125 | 账户更新: 总值$100396.42, 买入力$401585.68
2025-06-17 09:46:01 | DEBUG    | src.bot.trading_bot:_update_market_data:184 | 市场数据更新完成
2025-06-17 09:46:04 | INFO     | src.trading.executor:update_account_info:125 | 账户更新: 总值$100396.42, 买入力$401585.68
2025-06-17 09:46:04 | DEBUG    | src.bot.trading_bot:_update_market_data:184 | 市场数据更新完成
2025-06-17 09:46:07 | INFO     | src.trading.executor:update_account_info:125 | 账户更新: 总值$100396.42, 买入力$401585.68
2025-06-17 09:46:07 | DEBUG    | src.bot.trading_bot:_update_market_data:184 | 市场数据更新完成
2025-06-17 09:46:09 | DEBUG    | src.bot.trading_bot:_update_positions_normal:259 | 📊 常规头寸更新完成
2025-06-17 09:46:11 | INFO     | src.trading.executor:update_account_info:125 | 账户更新: 总值$100396.42, 买入力$401585.68
2025-06-17 09:46:11 | DEBUG    | src.bot.trading_bot:_update_market_data:184 | 市场数据更新完成
2025-06-17 09:46:14 | INFO     | src.trading.executor:update_account_info:125 | 账户更新: 总值$100396.42, 买入力$401585.68
2025-06-17 09:46:14 | DEBUG    | src.bot.trading_bot:_update_market_data:184 | 市场数据更新完成
2025-06-17 09:46:17 | INFO     | src.trading.executor:update_account_info:125 | 账户更新: 总值$100396.42, 买入力$401585.68
2025-06-17 09:46:17 | DEBUG    | src.bot.trading_bot:_update_market_data:184 | 市场数据更新完成
2025-06-17 09:46:20 | INFO     | src.trading.executor:update_account_info:125 | 账户更新: 总值$100396.42, 买入力$401585.68
2025-06-17 09:46:20 | DEBUG    | src.bot.trading_bot:_update_market_data:184 | 市场数据更新完成
2025-06-17 09:46:23 | INFO     | src.trading.executor:update_account_info:125 | 账户更新: 总值$100396.42, 买入力$401585.68
2025-06-17 09:46:23 | DEBUG    | src.bot.trading_bot:_update_market_data:184 | 市场数据更新完成
2025-06-17 09:46:27 | INFO     | src.trading.executor:update_account_info:125 | 账户更新: 总值$100396.42, 买入力$401585.68
2025-06-17 09:46:27 | DEBUG    | src.bot.trading_bot:_update_market_data:184 | 市场数据更新完成
2025-06-17 09:46:30 | INFO     | src.trading.executor:update_account_info:125 | 账户更新: 总值$100396.42, 买入力$401585.68
2025-06-17 09:46:30 | DEBUG    | src.bot.trading_bot:_update_market_data:184 | 市场数据更新完成
2025-06-17 09:46:33 | INFO     | src.trading.executor:update_account_info:125 | 账户更新: 总值$100396.42, 买入力$401585.68
2025-06-17 09:46:33 | DEBUG    | src.bot.trading_bot:_update_market_data:184 | 市场数据更新完成
2025-06-17 09:46:36 | INFO     | src.trading.executor:update_account_info:125 | 账户更新: 总值$100396.42, 买入力$401585.68
2025-06-17 09:46:36 | DEBUG    | src.bot.trading_bot:_update_market_data:184 | 市场数据更新完成
2025-06-17 09:46:40 | INFO     | src.trading.executor:update_account_info:125 | 账户更新: 总值$100396.42, 买入力$401585.68
2025-06-17 09:46:40 | DEBUG    | src.bot.trading_bot:_update_market_data:184 | 市场数据更新完成
2025-06-17 09:46:43 | INFO     | src.trading.executor:update_account_info:125 | 账户更新: 总值$100396.42, 买入力$401585.68
2025-06-17 09:46:43 | DEBUG    | src.bot.trading_bot:_update_market_data:184 | 市场数据更新完成
2025-06-17 09:46:46 | INFO     | src.trading.executor:update_account_info:125 | 账户更新: 总值$100396.42, 买入力$401585.68
2025-06-17 09:46:46 | DEBUG    | src.bot.trading_bot:_update_market_data:184 | 市场数据更新完成
2025-06-17 09:46:49 | INFO     | src.trading.executor:update_account_info:125 | 账户更新: 总值$100396.42, 买入力$401585.68
2025-06-17 09:46:49 | DEBUG    | src.bot.trading_bot:_update_market_data:184 | 市场数据更新完成
2025-06-17 09:46:52 | INFO     | src.trading.executor:update_account_info:125 | 账户更新: 总值$100396.42, 买入力$401585.68
2025-06-17 09:46:52 | DEBUG    | src.bot.trading_bot:_update_market_data:184 | 市场数据更新完成
2025-06-17 09:46:56 | INFO     | src.trading.executor:update_account_info:125 | 账户更新: 总值$100396.42, 买入力$401585.68
2025-06-17 09:46:56 | DEBUG    | src.bot.trading_bot:_update_market_data:184 | 市场数据更新完成
2025-06-17 09:46:59 | INFO     | src.trading.executor:update_account_info:125 | 账户更新: 总值$100396.42, 买入力$401585.68
2025-06-17 09:46:59 | DEBUG    | src.bot.trading_bot:_update_market_data:184 | 市场数据更新完成
2025-06-17 09:47:02 | INFO     | src.trading.executor:update_account_info:125 | 账户更新: 总值$100396.42, 买入力$401585.68
2025-06-17 09:47:02 | DEBUG    | src.bot.trading_bot:_update_market_data:184 | 市场数据更新完成
2025-06-17 09:47:05 | INFO     | src.trading.executor:update_account_info:125 | 账户更新: 总值$100396.42, 买入力$401585.68
2025-06-17 09:47:05 | DEBUG    | src.bot.trading_bot:_update_market_data:184 | 市场数据更新完成
2025-06-17 09:47:09 | INFO     | src.trading.executor:update_account_info:125 | 账户更新: 总值$100396.42, 买入力$401585.68
2025-06-17 09:47:09 | DEBUG    | src.bot.trading_bot:_update_market_data:184 | 市场数据更新完成
2025-06-17 09:47:09 | DEBUG    | src.bot.trading_bot:_update_positions_normal:259 | 📊 常规头寸更新完成
2025-06-17 09:47:12 | INFO     | src.trading.executor:update_account_info:125 | 账户更新: 总值$100396.42, 买入力$401585.68
2025-06-17 09:47:12 | DEBUG    | src.bot.trading_bot:_update_market_data:184 | 市场数据更新完成
2025-06-17 09:47:15 | INFO     | src.trading.executor:update_account_info:125 | 账户更新: 总值$100396.42, 买入力$401585.68
2025-06-17 09:47:15 | DEBUG    | src.bot.trading_bot:_update_market_data:184 | 市场数据更新完成
2025-06-17 09:47:18 | INFO     | src.trading.executor:update_account_info:125 | 账户更新: 总值$100396.42, 买入力$401585.68
2025-06-17 09:47:18 | DEBUG    | src.bot.trading_bot:_update_market_data:184 | 市场数据更新完成
2025-06-17 09:47:21 | INFO     | src.trading.executor:update_account_info:125 | 账户更新: 总值$100396.42, 买入力$401585.68
2025-06-17 09:47:21 | DEBUG    | src.bot.trading_bot:_update_market_data:184 | 市场数据更新完成
2025-06-17 09:47:25 | INFO     | src.trading.executor:update_account_info:125 | 账户更新: 总值$100396.42, 买入力$401585.68
2025-06-17 09:47:25 | DEBUG    | src.bot.trading_bot:_update_market_data:184 | 市场数据更新完成
2025-06-17 09:47:28 | INFO     | src.trading.executor:update_account_info:125 | 账户更新: 总值$100396.42, 买入力$401585.68
2025-06-17 09:47:28 | DEBUG    | src.bot.trading_bot:_update_market_data:184 | 市场数据更新完成
2025-06-17 09:47:31 | INFO     | src.trading.executor:update_account_info:125 | 账户更新: 总值$100396.42, 买入力$401585.68
2025-06-17 09:47:31 | DEBUG    | src.bot.trading_bot:_update_market_data:184 | 市场数据更新完成
2025-06-17 09:47:34 | INFO     | src.trading.executor:update_account_info:125 | 账户更新: 总值$100396.42, 买入力$401585.68
2025-06-17 09:47:34 | DEBUG    | src.bot.trading_bot:_update_market_data:184 | 市场数据更新完成
2025-06-17 09:47:38 | INFO     | src.trading.executor:update_account_info:125 | 账户更新: 总值$100396.42, 买入力$401585.68
2025-06-17 09:47:38 | DEBUG    | src.bot.trading_bot:_update_market_data:184 | 市场数据更新完成
2025-06-17 09:47:41 | INFO     | src.trading.executor:update_account_info:125 | 账户更新: 总值$100396.42, 买入力$401585.68
2025-06-17 09:47:41 | DEBUG    | src.bot.trading_bot:_update_market_data:184 | 市场数据更新完成
2025-06-17 09:47:44 | INFO     | src.trading.executor:update_account_info:125 | 账户更新: 总值$100396.42, 买入力$401585.68
2025-06-17 09:47:44 | DEBUG    | src.bot.trading_bot:_update_market_data:184 | 市场数据更新完成
2025-06-17 09:47:47 | INFO     | src.trading.executor:update_account_info:125 | 账户更新: 总值$100396.42, 买入力$401585.68
2025-06-17 09:47:47 | DEBUG    | src.bot.trading_bot:_update_market_data:184 | 市场数据更新完成
2025-06-17 09:47:51 | INFO     | src.trading.executor:update_account_info:125 | 账户更新: 总值$100396.42, 买入力$401585.68
2025-06-17 09:47:51 | DEBUG    | src.bot.trading_bot:_update_market_data:184 | 市场数据更新完成
2025-06-17 09:47:54 | INFO     | src.trading.executor:update_account_info:125 | 账户更新: 总值$100396.42, 买入力$401585.68
2025-06-17 09:47:54 | DEBUG    | src.bot.trading_bot:_update_market_data:184 | 市场数据更新完成
2025-06-17 09:47:57 | INFO     | src.trading.executor:update_account_info:125 | 账户更新: 总值$100396.42, 买入力$401585.68
2025-06-17 09:47:57 | DEBUG    | src.bot.trading_bot:_update_market_data:184 | 市场数据更新完成
2025-06-17 09:48:00 | INFO     | src.trading.executor:update_account_info:125 | 账户更新: 总值$100396.42, 买入力$401585.68
2025-06-17 09:48:00 | DEBUG    | src.bot.trading_bot:_update_market_data:184 | 市场数据更新完成
2025-06-17 09:48:04 | INFO     | src.trading.executor:update_account_info:125 | 账户更新: 总值$100396.42, 买入力$401585.68
2025-06-17 09:48:04 | DEBUG    | src.bot.trading_bot:_update_market_data:184 | 市场数据更新完成
2025-06-17 09:48:07 | INFO     | src.trading.executor:update_account_info:125 | 账户更新: 总值$100396.42, 买入力$401585.68
2025-06-17 09:48:07 | DEBUG    | src.bot.trading_bot:_update_market_data:184 | 市场数据更新完成
2025-06-17 09:48:09 | DEBUG    | src.bot.trading_bot:_update_positions_normal:259 | 📊 常规头寸更新完成
2025-06-17 09:48:10 | INFO     | src.trading.executor:update_account_info:125 | 账户更新: 总值$100396.42, 买入力$401585.68
2025-06-17 09:48:10 | DEBUG    | src.bot.trading_bot:_update_market_data:184 | 市场数据更新完成
2025-06-17 09:48:13 | INFO     | src.trading.executor:update_account_info:125 | 账户更新: 总值$100396.42, 买入力$401585.68
2025-06-17 09:48:13 | DEBUG    | src.bot.trading_bot:_update_market_data:184 | 市场数据更新完成
2025-06-17 09:48:17 | INFO     | src.trading.executor:update_account_info:125 | 账户更新: 总值$100396.42, 买入力$401585.68
2025-06-17 09:48:17 | DEBUG    | src.bot.trading_bot:_update_market_data:184 | 市场数据更新完成
2025-06-17 09:48:20 | INFO     | src.trading.executor:update_account_info:125 | 账户更新: 总值$100396.42, 买入力$401585.68
2025-06-17 09:48:20 | DEBUG    | src.bot.trading_bot:_update_market_data:184 | 市场数据更新完成
2025-06-17 09:48:23 | INFO     | src.trading.executor:update_account_info:125 | 账户更新: 总值$100396.42, 买入力$401585.68
2025-06-17 09:48:23 | DEBUG    | src.bot.trading_bot:_update_market_data:184 | 市场数据更新完成
2025-06-17 09:48:26 | INFO     | src.trading.executor:update_account_info:125 | 账户更新: 总值$100396.42, 买入力$401585.68
2025-06-17 09:48:26 | DEBUG    | src.bot.trading_bot:_update_market_data:184 | 市场数据更新完成
2025-06-17 09:48:29 | INFO     | src.trading.executor:update_account_info:125 | 账户更新: 总值$100396.42, 买入力$401585.68
2025-06-17 09:48:29 | DEBUG    | src.bot.trading_bot:_update_market_data:184 | 市场数据更新完成
2025-06-17 09:48:33 | INFO     | src.trading.executor:update_account_info:125 | 账户更新: 总值$100396.42, 买入力$401585.68
2025-06-17 09:48:33 | DEBUG    | src.bot.trading_bot:_update_market_data:184 | 市场数据更新完成
2025-06-17 09:48:36 | INFO     | src.trading.executor:update_account_info:125 | 账户更新: 总值$100396.42, 买入力$401585.68
2025-06-17 09:48:36 | DEBUG    | src.bot.trading_bot:_update_market_data:184 | 市场数据更新完成
2025-06-17 09:48:39 | INFO     | src.trading.executor:update_account_info:125 | 账户更新: 总值$100396.42, 买入力$401585.68
2025-06-17 09:48:39 | DEBUG    | src.bot.trading_bot:_update_market_data:184 | 市场数据更新完成
2025-06-17 09:48:42 | INFO     | src.trading.executor:update_account_info:125 | 账户更新: 总值$100396.42, 买入力$401585.68
2025-06-17 09:48:42 | DEBUG    | src.bot.trading_bot:_update_market_data:184 | 市场数据更新完成
2025-06-17 09:48:45 | INFO     | src.trading.executor:update_account_info:125 | 账户更新: 总值$100396.42, 买入力$401585.68
2025-06-17 09:48:45 | DEBUG    | src.bot.trading_bot:_update_market_data:184 | 市场数据更新完成
2025-06-17 09:48:49 | INFO     | src.trading.executor:update_account_info:125 | 账户更新: 总值$100396.42, 买入力$401585.68
2025-06-17 09:48:49 | DEBUG    | src.bot.trading_bot:_update_market_data:184 | 市场数据更新完成
2025-06-17 09:48:52 | INFO     | src.trading.executor:update_account_info:125 | 账户更新: 总值$100396.42, 买入力$401585.68
2025-06-17 09:48:52 | DEBUG    | src.bot.trading_bot:_update_market_data:184 | 市场数据更新完成
2025-06-17 09:48:55 | INFO     | src.trading.executor:update_account_info:125 | 账户更新: 总值$100396.42, 买入力$401585.68
2025-06-17 09:48:55 | DEBUG    | src.bot.trading_bot:_update_market_data:184 | 市场数据更新完成
2025-06-17 09:48:58 | INFO     | src.trading.executor:update_account_info:125 | 账户更新: 总值$100396.42, 买入力$401585.68
2025-06-17 09:48:58 | DEBUG    | src.bot.trading_bot:_update_market_data:184 | 市场数据更新完成
2025-06-17 09:49:01 | INFO     | src.trading.executor:update_account_info:125 | 账户更新: 总值$100396.42, 买入力$401585.68
2025-06-17 09:49:01 | DEBUG    | src.bot.trading_bot:_update_market_data:184 | 市场数据更新完成
2025-06-17 09:49:05 | INFO     | src.trading.executor:update_account_info:125 | 账户更新: 总值$100396.42, 买入力$401585.68
2025-06-17 09:49:05 | DEBUG    | src.bot.trading_bot:_update_market_data:184 | 市场数据更新完成
2025-06-17 09:49:08 | INFO     | src.trading.executor:update_account_info:125 | 账户更新: 总值$100396.42, 买入力$401585.68
2025-06-17 09:49:08 | DEBUG    | src.bot.trading_bot:_update_market_data:184 | 市场数据更新完成
2025-06-17 09:49:10 | DEBUG    | src.bot.trading_bot:_update_positions_normal:259 | 📊 常规头寸更新完成
2025-06-17 09:49:12 | INFO     | src.trading.executor:update_account_info:125 | 账户更新: 总值$100396.42, 买入力$401585.68
2025-06-17 09:49:12 | DEBUG    | src.bot.trading_bot:_update_market_data:184 | 市场数据更新完成
2025-06-17 09:49:15 | INFO     | src.trading.executor:update_account_info:125 | 账户更新: 总值$100396.42, 买入力$401585.68
2025-06-17 09:49:15 | DEBUG    | src.bot.trading_bot:_update_market_data:184 | 市场数据更新完成
2025-06-17 09:49:18 | INFO     | src.trading.executor:update_account_info:125 | 账户更新: 总值$100396.42, 买入力$401585.68
2025-06-17 09:49:18 | DEBUG    | src.bot.trading_bot:_update_market_data:184 | 市场数据更新完成
2025-06-17 09:49:21 | INFO     | src.trading.executor:update_account_info:125 | 账户更新: 总值$100396.42, 买入力$401585.68
2025-06-17 09:49:21 | DEBUG    | src.bot.trading_bot:_update_market_data:184 | 市场数据更新完成
2025-06-17 09:49:24 | INFO     | src.trading.executor:update_account_info:125 | 账户更新: 总值$100396.42, 买入力$401585.68
2025-06-17 09:49:24 | DEBUG    | src.bot.trading_bot:_update_market_data:184 | 市场数据更新完成
2025-06-17 09:49:28 | INFO     | src.trading.executor:update_account_info:125 | 账户更新: 总值$100396.42, 买入力$401585.68
2025-06-17 09:49:28 | DEBUG    | src.bot.trading_bot:_update_market_data:184 | 市场数据更新完成
2025-06-17 09:49:31 | INFO     | src.trading.executor:update_account_info:125 | 账户更新: 总值$100396.42, 买入力$401585.68
2025-06-17 09:49:31 | DEBUG    | src.bot.trading_bot:_update_market_data:184 | 市场数据更新完成
2025-06-17 09:49:34 | INFO     | src.trading.executor:update_account_info:125 | 账户更新: 总值$100396.42, 买入力$401585.68
2025-06-17 09:49:34 | DEBUG    | src.bot.trading_bot:_update_market_data:184 | 市场数据更新完成
2025-06-17 09:49:37 | INFO     | src.trading.executor:update_account_info:125 | 账户更新: 总值$100396.42, 买入力$401585.68
2025-06-17 09:49:37 | DEBUG    | src.bot.trading_bot:_update_market_data:184 | 市场数据更新完成
2025-06-17 09:49:41 | INFO     | src.trading.executor:update_account_info:125 | 账户更新: 总值$100396.42, 买入力$401585.68
2025-06-17 09:49:41 | DEBUG    | src.bot.trading_bot:_update_market_data:184 | 市场数据更新完成
2025-06-17 09:49:44 | INFO     | src.trading.executor:update_account_info:125 | 账户更新: 总值$100396.42, 买入力$401585.68
2025-06-17 09:49:44 | DEBUG    | src.bot.trading_bot:_update_market_data:184 | 市场数据更新完成
2025-06-17 09:49:47 | INFO     | src.trading.executor:update_account_info:125 | 账户更新: 总值$100396.42, 买入力$401585.68
2025-06-17 09:49:47 | DEBUG    | src.bot.trading_bot:_update_market_data:184 | 市场数据更新完成
2025-06-17 09:49:50 | INFO     | src.trading.executor:update_account_info:125 | 账户更新: 总值$100396.42, 买入力$401585.68
2025-06-17 09:49:50 | DEBUG    | src.bot.trading_bot:_update_market_data:184 | 市场数据更新完成
2025-06-17 09:49:53 | INFO     | src.trading.executor:update_account_info:125 | 账户更新: 总值$100396.42, 买入力$401585.68
2025-06-17 09:49:53 | DEBUG    | src.bot.trading_bot:_update_market_data:184 | 市场数据更新完成
2025-06-17 09:49:57 | INFO     | src.trading.executor:update_account_info:125 | 账户更新: 总值$100396.42, 买入力$401585.68
2025-06-17 09:49:57 | DEBUG    | src.bot.trading_bot:_update_market_data:184 | 市场数据更新完成
2025-06-17 09:50:00 | INFO     | src.trading.executor:update_account_info:125 | 账户更新: 总值$100396.42, 买入力$401585.68
2025-06-17 09:50:00 | DEBUG    | src.bot.trading_bot:_update_market_data:184 | 市场数据更新完成
2025-06-17 09:50:03 | INFO     | src.trading.executor:update_account_info:125 | 账户更新: 总值$100396.42, 买入力$401585.68
2025-06-17 09:50:03 | DEBUG    | src.bot.trading_bot:_update_market_data:184 | 市场数据更新完成
2025-06-17 09:50:06 | INFO     | src.trading.executor:update_account_info:125 | 账户更新: 总值$100396.42, 买入力$401585.68
2025-06-17 09:50:06 | DEBUG    | src.bot.trading_bot:_update_market_data:184 | 市场数据更新完成
2025-06-17 09:50:09 | INFO     | src.trading.executor:update_account_info:125 | 账户更新: 总值$100396.42, 买入力$401585.68
2025-06-17 09:50:09 | DEBUG    | src.bot.trading_bot:_update_market_data:184 | 市场数据更新完成
2025-06-17 09:50:10 | DEBUG    | src.bot.trading_bot:_update_positions_normal:259 | 📊 常规头寸更新完成
2025-06-17 09:50:13 | INFO     | src.trading.executor:update_account_info:125 | 账户更新: 总值$100396.42, 买入力$401585.68
2025-06-17 09:50:13 | DEBUG    | src.bot.trading_bot:_update_market_data:184 | 市场数据更新完成
2025-06-17 09:50:16 | INFO     | src.trading.executor:update_account_info:125 | 账户更新: 总值$100396.42, 买入力$401585.68
2025-06-17 09:50:16 | DEBUG    | src.bot.trading_bot:_update_market_data:184 | 市场数据更新完成
2025-06-17 09:50:19 | INFO     | src.trading.executor:update_account_info:125 | 账户更新: 总值$100396.42, 买入力$401585.68
2025-06-17 09:50:19 | DEBUG    | src.bot.trading_bot:_update_market_data:184 | 市场数据更新完成
2025-06-17 09:50:22 | INFO     | src.trading.executor:update_account_info:125 | 账户更新: 总值$100396.42, 买入力$401585.68
2025-06-17 09:50:22 | DEBUG    | src.bot.trading_bot:_update_market_data:184 | 市场数据更新完成
2025-06-17 09:50:26 | INFO     | src.trading.executor:update_account_info:125 | 账户更新: 总值$100396.42, 买入力$401585.68
2025-06-17 09:50:26 | DEBUG    | src.bot.trading_bot:_update_market_data:184 | 市场数据更新完成
2025-06-17 09:50:29 | INFO     | src.trading.executor:update_account_info:125 | 账户更新: 总值$100396.42, 买入力$401585.68
2025-06-17 09:50:29 | DEBUG    | src.bot.trading_bot:_update_market_data:184 | 市场数据更新完成
2025-06-17 09:50:32 | INFO     | src.trading.executor:update_account_info:125 | 账户更新: 总值$100396.42, 买入力$401585.68
2025-06-17 09:50:32 | DEBUG    | src.bot.trading_bot:_update_market_data:184 | 市场数据更新完成
2025-06-17 09:50:35 | INFO     | src.trading.executor:update_account_info:125 | 账户更新: 总值$100396.42, 买入力$401585.68
2025-06-17 09:50:35 | DEBUG    | src.bot.trading_bot:_update_market_data:184 | 市场数据更新完成
2025-06-17 09:50:38 | INFO     | src.trading.executor:update_account_info:125 | 账户更新: 总值$100396.42, 买入力$401585.68
2025-06-17 09:50:38 | DEBUG    | src.bot.trading_bot:_update_market_data:184 | 市场数据更新完成
2025-06-17 09:50:42 | INFO     | src.trading.executor:update_account_info:125 | 账户更新: 总值$100396.42, 买入力$401585.68
2025-06-17 09:50:42 | DEBUG    | src.bot.trading_bot:_update_market_data:184 | 市场数据更新完成
2025-06-17 09:50:45 | INFO     | src.trading.executor:update_account_info:125 | 账户更新: 总值$100396.42, 买入力$401585.68
2025-06-17 09:50:45 | DEBUG    | src.bot.trading_bot:_update_market_data:184 | 市场数据更新完成
2025-06-17 09:50:49 | INFO     | src.trading.executor:update_account_info:125 | 账户更新: 总值$100396.42, 买入力$401585.68
2025-06-17 09:50:49 | DEBUG    | src.bot.trading_bot:_update_market_data:184 | 市场数据更新完成
2025-06-17 09:50:52 | INFO     | src.trading.executor:update_account_info:125 | 账户更新: 总值$100396.42, 买入力$401585.68
2025-06-17 09:50:52 | DEBUG    | src.bot.trading_bot:_update_market_data:184 | 市场数据更新完成
2025-06-17 09:50:55 | INFO     | src.trading.executor:update_account_info:125 | 账户更新: 总值$100396.42, 买入力$401585.68
2025-06-17 09:50:55 | DEBUG    | src.bot.trading_bot:_update_market_data:184 | 市场数据更新完成
2025-06-17 09:50:58 | INFO     | src.trading.executor:update_account_info:125 | 账户更新: 总值$100396.42, 买入力$401585.68
2025-06-17 09:50:58 | DEBUG    | src.bot.trading_bot:_update_market_data:184 | 市场数据更新完成
2025-06-17 09:51:01 | INFO     | src.trading.executor:update_account_info:125 | 账户更新: 总值$100396.42, 买入力$401585.68
2025-06-17 09:51:01 | DEBUG    | src.bot.trading_bot:_update_market_data:184 | 市场数据更新完成
2025-06-17 09:51:05 | INFO     | src.trading.executor:update_account_info:125 | 账户更新: 总值$100396.42, 买入力$401585.68
2025-06-17 09:51:05 | DEBUG    | src.bot.trading_bot:_update_market_data:184 | 市场数据更新完成
2025-06-17 09:51:08 | INFO     | src.trading.executor:update_account_info:125 | 账户更新: 总值$100396.42, 买入力$401585.68
2025-06-17 09:51:08 | DEBUG    | src.bot.trading_bot:_update_market_data:184 | 市场数据更新完成
2025-06-17 09:51:10 | DEBUG    | src.bot.trading_bot:_update_positions_normal:259 | 📊 常规头寸更新完成
2025-06-17 09:51:11 | INFO     | src.trading.executor:update_account_info:125 | 账户更新: 总值$100396.42, 买入力$401585.68
2025-06-17 09:51:11 | DEBUG    | src.bot.trading_bot:_update_market_data:184 | 市场数据更新完成
2025-06-17 09:51:14 | INFO     | src.trading.executor:update_account_info:125 | 账户更新: 总值$100396.42, 买入力$401585.68
2025-06-17 09:51:14 | DEBUG    | src.bot.trading_bot:_update_market_data:184 | 市场数据更新完成
2025-06-17 09:51:18 | INFO     | src.trading.executor:update_account_info:125 | 账户更新: 总值$100396.42, 买入力$401585.68
2025-06-17 09:51:18 | DEBUG    | src.bot.trading_bot:_update_market_data:184 | 市场数据更新完成
2025-06-17 09:51:21 | INFO     | src.trading.executor:update_account_info:125 | 账户更新: 总值$100396.42, 买入力$401585.68
2025-06-17 09:51:21 | DEBUG    | src.bot.trading_bot:_update_market_data:184 | 市场数据更新完成
2025-06-17 09:51:24 | INFO     | src.trading.executor:update_account_info:125 | 账户更新: 总值$100396.42, 买入力$401585.68
2025-06-17 09:51:24 | DEBUG    | src.bot.trading_bot:_update_market_data:184 | 市场数据更新完成
2025-06-17 09:51:27 | INFO     | src.trading.executor:update_account_info:125 | 账户更新: 总值$100396.42, 买入力$401585.68
2025-06-17 09:51:27 | DEBUG    | src.bot.trading_bot:_update_market_data:184 | 市场数据更新完成
2025-06-17 09:51:30 | INFO     | src.trading.executor:update_account_info:125 | 账户更新: 总值$100396.42, 买入力$401585.68
2025-06-17 09:51:30 | DEBUG    | src.bot.trading_bot:_update_market_data:184 | 市场数据更新完成
2025-06-17 09:51:34 | INFO     | src.trading.executor:update_account_info:125 | 账户更新: 总值$100396.42, 买入力$401585.68
2025-06-17 09:51:34 | DEBUG    | src.bot.trading_bot:_update_market_data:184 | 市场数据更新完成
2025-06-17 09:51:37 | INFO     | src.trading.executor:update_account_info:125 | 账户更新: 总值$100396.42, 买入力$401585.68
2025-06-17 09:51:37 | DEBUG    | src.bot.trading_bot:_update_market_data:184 | 市场数据更新完成
2025-06-17 09:51:40 | INFO     | src.trading.executor:update_account_info:125 | 账户更新: 总值$100396.42, 买入力$401585.68
2025-06-17 09:51:40 | DEBUG    | src.bot.trading_bot:_update_market_data:184 | 市场数据更新完成
2025-06-17 09:51:43 | INFO     | src.trading.executor:update_account_info:125 | 账户更新: 总值$100396.42, 买入力$401585.68
2025-06-17 09:51:43 | DEBUG    | src.bot.trading_bot:_update_market_data:184 | 市场数据更新完成
2025-06-17 09:51:46 | INFO     | src.trading.executor:update_account_info:125 | 账户更新: 总值$100396.42, 买入力$401585.68
2025-06-17 09:51:46 | DEBUG    | src.bot.trading_bot:_update_market_data:184 | 市场数据更新完成
2025-06-17 09:51:50 | INFO     | src.trading.executor:update_account_info:125 | 账户更新: 总值$100396.42, 买入力$401585.68
2025-06-17 09:51:50 | DEBUG    | src.bot.trading_bot:_update_market_data:184 | 市场数据更新完成
2025-06-17 09:51:53 | INFO     | src.trading.executor:update_account_info:125 | 账户更新: 总值$100396.42, 买入力$401585.68
2025-06-17 09:51:53 | DEBUG    | src.bot.trading_bot:_update_market_data:184 | 市场数据更新完成
2025-06-17 09:51:56 | INFO     | src.trading.executor:update_account_info:125 | 账户更新: 总值$100396.42, 买入力$401585.68
2025-06-17 09:51:56 | DEBUG    | src.bot.trading_bot:_update_market_data:184 | 市场数据更新完成
2025-06-17 09:51:59 | INFO     | src.trading.executor:update_account_info:125 | 账户更新: 总值$100396.42, 买入力$401585.68
2025-06-17 09:51:59 | DEBUG    | src.bot.trading_bot:_update_market_data:184 | 市场数据更新完成
2025-06-17 09:52:03 | INFO     | src.trading.executor:update_account_info:125 | 账户更新: 总值$100396.42, 买入力$401585.68
2025-06-17 09:52:03 | DEBUG    | src.bot.trading_bot:_update_market_data:184 | 市场数据更新完成
2025-06-17 09:52:06 | INFO     | src.trading.executor:update_account_info:125 | 账户更新: 总值$100396.42, 买入力$401585.68
2025-06-17 09:52:06 | DEBUG    | src.bot.trading_bot:_update_market_data:184 | 市场数据更新完成
2025-06-17 09:52:09 | INFO     | src.trading.executor:update_account_info:125 | 账户更新: 总值$100396.42, 买入力$401585.68
2025-06-17 09:52:09 | DEBUG    | src.bot.trading_bot:_update_market_data:184 | 市场数据更新完成
2025-06-17 09:52:11 | DEBUG    | src.bot.trading_bot:_update_positions_normal:259 | 📊 常规头寸更新完成
2025-06-17 09:52:12 | INFO     | src.trading.executor:update_account_info:125 | 账户更新: 总值$100396.42, 买入力$401585.68
2025-06-17 09:52:12 | DEBUG    | src.bot.trading_bot:_update_market_data:184 | 市场数据更新完成
2025-06-17 09:52:16 | INFO     | src.trading.executor:update_account_info:125 | 账户更新: 总值$100396.42, 买入力$401585.68
2025-06-17 09:52:16 | DEBUG    | src.bot.trading_bot:_update_market_data:184 | 市场数据更新完成
2025-06-17 09:52:19 | INFO     | src.trading.executor:update_account_info:125 | 账户更新: 总值$100396.42, 买入力$401585.68
2025-06-17 09:52:19 | DEBUG    | src.bot.trading_bot:_update_market_data:184 | 市场数据更新完成
2025-06-17 09:52:22 | INFO     | src.trading.executor:update_account_info:125 | 账户更新: 总值$100396.42, 买入力$401585.68
2025-06-17 09:52:22 | DEBUG    | src.bot.trading_bot:_update_market_data:184 | 市场数据更新完成
2025-06-17 09:52:25 | INFO     | src.trading.executor:update_account_info:125 | 账户更新: 总值$100396.42, 买入力$401585.68
2025-06-17 09:52:25 | DEBUG    | src.bot.trading_bot:_update_market_data:184 | 市场数据更新完成
2025-06-17 09:52:29 | INFO     | src.trading.executor:update_account_info:125 | 账户更新: 总值$100396.42, 买入力$401585.68
2025-06-17 09:52:29 | DEBUG    | src.bot.trading_bot:_update_market_data:184 | 市场数据更新完成
2025-06-17 09:52:32 | INFO     | src.trading.executor:update_account_info:125 | 账户更新: 总值$100396.42, 买入力$401585.68
2025-06-17 09:52:32 | DEBUG    | src.bot.trading_bot:_update_market_data:184 | 市场数据更新完成
2025-06-17 09:52:35 | INFO     | src.trading.executor:update_account_info:125 | 账户更新: 总值$100396.42, 买入力$401585.68
2025-06-17 09:52:35 | DEBUG    | src.bot.trading_bot:_update_market_data:184 | 市场数据更新完成
2025-06-17 09:52:38 | INFO     | src.trading.executor:update_account_info:125 | 账户更新: 总值$100396.42, 买入力$401585.68
2025-06-17 09:52:38 | DEBUG    | src.bot.trading_bot:_update_market_data:184 | 市场数据更新完成
2025-06-17 09:52:42 | INFO     | src.trading.executor:update_account_info:125 | 账户更新: 总值$100396.42, 买入力$401585.68
2025-06-17 09:52:42 | DEBUG    | src.bot.trading_bot:_update_market_data:184 | 市场数据更新完成
2025-06-17 09:52:45 | INFO     | src.trading.executor:update_account_info:125 | 账户更新: 总值$100396.42, 买入力$401585.68
2025-06-17 09:52:45 | DEBUG    | src.bot.trading_bot:_update_market_data:184 | 市场数据更新完成
2025-06-17 09:52:48 | INFO     | src.trading.executor:update_account_info:125 | 账户更新: 总值$100396.42, 买入力$401585.68
2025-06-17 09:52:48 | DEBUG    | src.bot.trading_bot:_update_market_data:184 | 市场数据更新完成
2025-06-17 09:52:51 | INFO     | src.trading.executor:update_account_info:125 | 账户更新: 总值$100396.42, 买入力$401585.68
2025-06-17 09:52:51 | DEBUG    | src.bot.trading_bot:_update_market_data:184 | 市场数据更新完成
2025-06-17 09:52:55 | INFO     | src.trading.executor:update_account_info:125 | 账户更新: 总值$100396.42, 买入力$401585.68
2025-06-17 09:52:55 | DEBUG    | src.bot.trading_bot:_update_market_data:184 | 市场数据更新完成
2025-06-17 09:52:58 | INFO     | src.trading.executor:update_account_info:125 | 账户更新: 总值$100396.42, 买入力$401585.68
2025-06-17 09:52:58 | DEBUG    | src.bot.trading_bot:_update_market_data:184 | 市场数据更新完成
2025-06-17 09:53:01 | INFO     | src.trading.executor:update_account_info:125 | 账户更新: 总值$100396.42, 买入力$401585.68
2025-06-17 09:53:01 | DEBUG    | src.bot.trading_bot:_update_market_data:184 | 市场数据更新完成
2025-06-17 09:53:04 | INFO     | src.trading.executor:update_account_info:125 | 账户更新: 总值$100396.42, 买入力$401585.68
2025-06-17 09:53:04 | DEBUG    | src.bot.trading_bot:_update_market_data:184 | 市场数据更新完成
2025-06-17 09:53:07 | INFO     | src.trading.executor:update_account_info:125 | 账户更新: 总值$100396.42, 买入力$401585.68
2025-06-17 09:53:07 | DEBUG    | src.bot.trading_bot:_update_market_data:184 | 市场数据更新完成
2025-06-17 09:53:10 | INFO     | src.trading.executor:update_account_info:125 | 账户更新: 总值$100396.42, 买入力$401585.68
2025-06-17 09:53:10 | DEBUG    | src.bot.trading_bot:_update_market_data:184 | 市场数据更新完成
2025-06-17 09:53:11 | DEBUG    | src.bot.trading_bot:_update_positions_normal:259 | 📊 常规头寸更新完成
2025-06-17 09:53:14 | INFO     | src.trading.executor:update_account_info:125 | 账户更新: 总值$100396.42, 买入力$401585.68
2025-06-17 09:53:14 | DEBUG    | src.bot.trading_bot:_update_market_data:184 | 市场数据更新完成
2025-06-17 09:53:17 | INFO     | src.trading.executor:update_account_info:125 | 账户更新: 总值$100396.42, 买入力$401585.68
2025-06-17 09:53:17 | DEBUG    | src.bot.trading_bot:_update_market_data:184 | 市场数据更新完成
2025-06-17 09:53:20 | INFO     | src.trading.executor:update_account_info:125 | 账户更新: 总值$100396.42, 买入力$401585.68
2025-06-17 09:53:20 | DEBUG    | src.bot.trading_bot:_update_market_data:184 | 市场数据更新完成
2025-06-17 09:53:23 | INFO     | src.trading.executor:update_account_info:125 | 账户更新: 总值$100396.42, 买入力$401585.68
2025-06-17 09:53:23 | DEBUG    | src.bot.trading_bot:_update_market_data:184 | 市场数据更新完成
2025-06-17 09:53:27 | INFO     | src.trading.executor:update_account_info:125 | 账户更新: 总值$100396.42, 买入力$401585.68
2025-06-17 09:53:27 | DEBUG    | src.bot.trading_bot:_update_market_data:184 | 市场数据更新完成
2025-06-17 09:53:30 | INFO     | src.trading.executor:update_account_info:125 | 账户更新: 总值$100396.42, 买入力$401585.68
2025-06-17 09:53:30 | DEBUG    | src.bot.trading_bot:_update_market_data:184 | 市场数据更新完成
2025-06-17 09:53:33 | INFO     | src.trading.executor:update_account_info:125 | 账户更新: 总值$100396.42, 买入力$401585.68
2025-06-17 09:53:33 | DEBUG    | src.bot.trading_bot:_update_market_data:184 | 市场数据更新完成
2025-06-17 09:53:36 | INFO     | src.trading.executor:update_account_info:125 | 账户更新: 总值$100396.42, 买入力$401585.68
2025-06-17 09:53:36 | DEBUG    | src.bot.trading_bot:_update_market_data:184 | 市场数据更新完成
2025-06-17 09:53:40 | INFO     | src.trading.executor:update_account_info:125 | 账户更新: 总值$100396.42, 买入力$401585.68
2025-06-17 09:53:40 | DEBUG    | src.bot.trading_bot:_update_market_data:184 | 市场数据更新完成
2025-06-17 09:53:43 | INFO     | src.trading.executor:update_account_info:125 | 账户更新: 总值$100396.42, 买入力$401585.68
2025-06-17 09:53:43 | DEBUG    | src.bot.trading_bot:_update_market_data:184 | 市场数据更新完成
2025-06-17 09:53:46 | INFO     | src.trading.executor:update_account_info:125 | 账户更新: 总值$100396.42, 买入力$401585.68
2025-06-17 09:53:46 | DEBUG    | src.bot.trading_bot:_update_market_data:184 | 市场数据更新完成
2025-06-17 09:53:49 | INFO     | src.trading.executor:update_account_info:125 | 账户更新: 总值$100396.42, 买入力$401585.68
2025-06-17 09:53:49 | DEBUG    | src.bot.trading_bot:_update_market_data:184 | 市场数据更新完成
2025-06-17 09:53:52 | INFO     | src.trading.executor:update_account_info:125 | 账户更新: 总值$100396.42, 买入力$401585.68
2025-06-17 09:53:52 | DEBUG    | src.bot.trading_bot:_update_market_data:184 | 市场数据更新完成
2025-06-17 09:53:56 | INFO     | src.trading.executor:update_account_info:125 | 账户更新: 总值$100396.42, 买入力$401585.68
2025-06-17 09:53:56 | DEBUG    | src.bot.trading_bot:_update_market_data:184 | 市场数据更新完成
2025-06-17 09:53:59 | INFO     | src.trading.executor:update_account_info:125 | 账户更新: 总值$100396.42, 买入力$401585.68
2025-06-17 09:53:59 | DEBUG    | src.bot.trading_bot:_update_market_data:184 | 市场数据更新完成
2025-06-17 09:54:02 | INFO     | src.trading.executor:update_account_info:125 | 账户更新: 总值$100396.42, 买入力$401585.68
2025-06-17 09:54:02 | DEBUG    | src.bot.trading_bot:_update_market_data:184 | 市场数据更新完成
2025-06-17 09:54:05 | INFO     | src.trading.executor:update_account_info:125 | 账户更新: 总值$100396.42, 买入力$401585.68
2025-06-17 09:54:05 | DEBUG    | src.bot.trading_bot:_update_market_data:184 | 市场数据更新完成
2025-06-17 09:54:09 | INFO     | src.trading.executor:update_account_info:125 | 账户更新: 总值$100396.42, 买入力$401585.68
2025-06-17 09:54:09 | DEBUG    | src.bot.trading_bot:_update_market_data:184 | 市场数据更新完成
2025-06-17 09:54:11 | DEBUG    | src.bot.trading_bot:_update_positions_normal:259 | 📊 常规头寸更新完成
2025-06-17 09:54:12 | INFO     | src.trading.executor:update_account_info:125 | 账户更新: 总值$100396.42, 买入力$401585.68
2025-06-17 09:54:12 | DEBUG    | src.bot.trading_bot:_update_market_data:184 | 市场数据更新完成
2025-06-17 09:54:15 | INFO     | src.trading.executor:update_account_info:125 | 账户更新: 总值$100396.42, 买入力$401585.68
2025-06-17 09:54:15 | DEBUG    | src.bot.trading_bot:_update_market_data:184 | 市场数据更新完成
2025-06-17 09:54:18 | INFO     | src.trading.executor:update_account_info:125 | 账户更新: 总值$100396.42, 买入力$401585.68
2025-06-17 09:54:18 | DEBUG    | src.bot.trading_bot:_update_market_data:184 | 市场数据更新完成
2025-06-17 09:54:21 | INFO     | src.trading.executor:update_account_info:125 | 账户更新: 总值$100396.42, 买入力$401585.68
2025-06-17 09:54:21 | DEBUG    | src.bot.trading_bot:_update_market_data:184 | 市场数据更新完成
2025-06-17 09:54:25 | INFO     | src.trading.executor:update_account_info:125 | 账户更新: 总值$100396.42, 买入力$401585.68
2025-06-17 09:54:25 | DEBUG    | src.bot.trading_bot:_update_market_data:184 | 市场数据更新完成
2025-06-17 09:54:28 | INFO     | src.trading.executor:update_account_info:125 | 账户更新: 总值$100396.42, 买入力$401585.68
2025-06-17 09:54:28 | DEBUG    | src.bot.trading_bot:_update_market_data:184 | 市场数据更新完成
2025-06-17 09:54:31 | INFO     | src.trading.executor:update_account_info:125 | 账户更新: 总值$100396.42, 买入力$401585.68
2025-06-17 09:54:31 | DEBUG    | src.bot.trading_bot:_update_market_data:184 | 市场数据更新完成
2025-06-17 09:54:34 | INFO     | src.trading.executor:update_account_info:125 | 账户更新: 总值$100396.42, 买入力$401585.68
2025-06-17 09:54:34 | DEBUG    | src.bot.trading_bot:_update_market_data:184 | 市场数据更新完成
2025-06-17 09:54:39 | INFO     | src.trading.executor:update_account_info:125 | 账户更新: 总值$100396.42, 买入力$401585.68
2025-06-17 09:54:39 | DEBUG    | src.bot.trading_bot:_update_market_data:184 | 市场数据更新完成
2025-06-17 09:54:42 | INFO     | src.trading.executor:update_account_info:125 | 账户更新: 总值$100396.42, 买入力$401585.68
2025-06-17 09:54:42 | DEBUG    | src.bot.trading_bot:_update_market_data:184 | 市场数据更新完成
2025-06-17 09:54:45 | INFO     | src.trading.executor:update_account_info:125 | 账户更新: 总值$100396.42, 买入力$401585.68
2025-06-17 09:54:45 | DEBUG    | src.bot.trading_bot:_update_market_data:184 | 市场数据更新完成
2025-06-17 09:54:48 | INFO     | src.trading.executor:update_account_info:125 | 账户更新: 总值$100396.42, 买入力$401585.68
2025-06-17 09:54:48 | DEBUG    | src.bot.trading_bot:_update_market_data:184 | 市场数据更新完成
2025-06-17 09:54:51 | INFO     | src.trading.executor:update_account_info:125 | 账户更新: 总值$100396.42, 买入力$401585.68
2025-06-17 09:54:51 | DEBUG    | src.bot.trading_bot:_update_market_data:184 | 市场数据更新完成
2025-06-17 09:54:55 | INFO     | src.trading.executor:update_account_info:125 | 账户更新: 总值$100396.42, 买入力$401585.68
2025-06-17 09:54:55 | DEBUG    | src.bot.trading_bot:_update_market_data:184 | 市场数据更新完成
2025-06-17 09:54:58 | INFO     | src.trading.executor:update_account_info:125 | 账户更新: 总值$100396.42, 买入力$401585.68
2025-06-17 09:54:58 | DEBUG    | src.bot.trading_bot:_update_market_data:184 | 市场数据更新完成
2025-06-17 09:55:01 | INFO     | src.trading.executor:update_account_info:125 | 账户更新: 总值$100396.42, 买入力$401585.68
2025-06-17 09:55:01 | DEBUG    | src.bot.trading_bot:_update_market_data:184 | 市场数据更新完成
2025-06-17 09:55:03 | INFO     | src.strategy.signals:generate_signals:468 | 生成信号: SHORT - VWAP空头突破: 偏离-0.21%, MACD转负
2025-06-17 09:55:03 | INFO     | src.bot.trading_bot:_check_signals:202 | 检测到信号: SHORT 置信度: 0.85 原因: VWAP空头突破: 偏离-0.21%, MACD转负
2025-06-17 09:55:03 | INFO     | src.utils.notifications:send_message:63 | [GENERAL] 📡 交易信号
类型: SHORT
强度: MEDIUM
置信度: 0.85
价格: $599.00
原因: VWAP空头突破: 偏离-0.21%, MACD转负
2025-06-17 09:55:03 | INFO     | src.data.market_data:find_suitable_options:435 | 当前SPY价格: $600.33, 选择PUT期权行权价: $601
2025-06-17 09:55:03 | DEBUG    | src.data.market_data:_generate_option_symbol:470 | 生成期权代码: SPY250617P00601000 (行权价$601, 类型PUT)
2025-06-17 09:55:03 | INFO     | src.data.market_data:find_suitable_options:444 | 成功获取期权SPY250617P00601000的报价数据
2025-06-17 09:55:03 | ERROR    | src.trading.executor:find_best_option:192 | 查找最佳期权失败: 'contractSymbol'
2025-06-17 09:55:03 | WARNING  | src.bot.trading_bot:_check_signals:216 | 信号执行失败: SHORT
2025-06-17 09:55:04 | INFO     | src.trading.executor:update_account_info:125 | 账户更新: 总值$100396.42, 买入力$401585.68
2025-06-17 09:55:04 | DEBUG    | src.bot.trading_bot:_update_market_data:184 | 市场数据更新完成
2025-06-17 09:55:06 | INFO     | src.strategy.signals:generate_signals:468 | 生成信号: SHORT - VWAP空头突破: 偏离-0.21%, MACD转负
2025-06-17 09:55:06 | INFO     | src.bot.trading_bot:_check_signals:202 | 检测到信号: SHORT 置信度: 0.85 原因: VWAP空头突破: 偏离-0.21%, MACD转负
2025-06-17 09:55:06 | INFO     | src.utils.notifications:send_message:63 | [GENERAL] 📡 交易信号
类型: SHORT
强度: MEDIUM
置信度: 0.85
价格: $599.00
原因: VWAP空头突破: 偏离-0.21%, MACD转负
2025-06-17 09:55:07 | INFO     | src.data.market_data:find_suitable_options:435 | 当前SPY价格: $600.28, 选择PUT期权行权价: $601
2025-06-17 09:55:07 | DEBUG    | src.data.market_data:_generate_option_symbol:470 | 生成期权代码: SPY250617P00601000 (行权价$601, 类型PUT)
2025-06-17 09:55:07 | INFO     | src.data.market_data:find_suitable_options:444 | 成功获取期权SPY250617P00601000的报价数据
2025-06-17 09:55:07 | ERROR    | src.trading.executor:find_best_option:192 | 查找最佳期权失败: 'contractSymbol'
2025-06-17 09:55:07 | WARNING  | src.bot.trading_bot:_check_signals:216 | 信号执行失败: SHORT
2025-06-17 09:55:08 | INFO     | src.trading.executor:update_account_info:125 | 账户更新: 总值$100396.42, 买入力$401585.68
2025-06-17 09:55:08 | DEBUG    | src.bot.trading_bot:_update_market_data:184 | 市场数据更新完成
2025-06-17 09:55:10 | INFO     | src.strategy.signals:generate_signals:468 | 生成信号: SHORT - VWAP空头突破: 偏离-0.21%, MACD转负
2025-06-17 09:55:10 | INFO     | src.bot.trading_bot:_check_signals:202 | 检测到信号: SHORT 置信度: 0.85 原因: VWAP空头突破: 偏离-0.21%, MACD转负
2025-06-17 09:55:10 | INFO     | src.utils.notifications:send_message:63 | [GENERAL] 📡 交易信号
类型: SHORT
强度: MEDIUM
置信度: 0.85
价格: $599.00
原因: VWAP空头突破: 偏离-0.21%, MACD转负
2025-06-17 09:55:10 | INFO     | src.data.market_data:find_suitable_options:435 | 当前SPY价格: $600.27, 选择PUT期权行权价: $601
2025-06-17 09:55:10 | DEBUG    | src.data.market_data:_generate_option_symbol:470 | 生成期权代码: SPY250617P00601000 (行权价$601, 类型PUT)
2025-06-17 09:55:10 | INFO     | src.data.market_data:find_suitable_options:444 | 成功获取期权SPY250617P00601000的报价数据
2025-06-17 09:55:10 | ERROR    | src.trading.executor:find_best_option:192 | 查找最佳期权失败: 'contractSymbol'
2025-06-17 09:55:10 | WARNING  | src.bot.trading_bot:_check_signals:216 | 信号执行失败: SHORT
2025-06-17 09:55:11 | INFO     | src.trading.executor:update_account_info:125 | 账户更新: 总值$100396.42, 买入力$401585.68
2025-06-17 09:55:11 | DEBUG    | src.bot.trading_bot:_update_market_data:184 | 市场数据更新完成
2025-06-17 09:55:11 | DEBUG    | src.bot.trading_bot:_update_positions_normal:259 | 📊 常规头寸更新完成
2025-06-17 09:55:14 | INFO     | src.strategy.signals:generate_signals:468 | 生成信号: SHORT - VWAP空头突破: 偏离-0.21%, MACD转负
2025-06-17 09:55:14 | INFO     | src.bot.trading_bot:_check_signals:202 | 检测到信号: SHORT 置信度: 0.85 原因: VWAP空头突破: 偏离-0.21%, MACD转负
2025-06-17 09:55:14 | INFO     | src.utils.notifications:send_message:63 | [GENERAL] 📡 交易信号
类型: SHORT
强度: MEDIUM
置信度: 0.85
价格: $599.00
原因: VWAP空头突破: 偏离-0.21%, MACD转负
2025-06-17 09:55:14 | INFO     | src.data.market_data:find_suitable_options:435 | 当前SPY价格: $600.29, 选择PUT期权行权价: $601
2025-06-17 09:55:14 | DEBUG    | src.data.market_data:_generate_option_symbol:470 | 生成期权代码: SPY250617P00601000 (行权价$601, 类型PUT)
2025-06-17 09:55:14 | INFO     | src.data.market_data:find_suitable_options:444 | 成功获取期权SPY250617P00601000的报价数据
2025-06-17 09:55:14 | ERROR    | src.trading.executor:find_best_option:192 | 查找最佳期权失败: 'contractSymbol'
2025-06-17 09:55:14 | WARNING  | src.bot.trading_bot:_check_signals:216 | 信号执行失败: SHORT
2025-06-17 09:55:15 | INFO     | src.trading.executor:update_account_info:125 | 账户更新: 总值$100396.42, 买入力$401585.68
2025-06-17 09:55:15 | DEBUG    | src.bot.trading_bot:_update_market_data:184 | 市场数据更新完成
2025-06-17 09:55:17 | INFO     | src.strategy.signals:generate_signals:468 | 生成信号: SHORT - VWAP空头突破: 偏离-0.21%, MACD转负
2025-06-17 09:55:17 | INFO     | src.bot.trading_bot:_check_signals:202 | 检测到信号: SHORT 置信度: 0.85 原因: VWAP空头突破: 偏离-0.21%, MACD转负
2025-06-17 09:55:17 | INFO     | src.utils.notifications:send_message:63 | [GENERAL] 📡 交易信号
类型: SHORT
强度: MEDIUM
置信度: 0.85
价格: $599.00
原因: VWAP空头突破: 偏离-0.21%, MACD转负
2025-06-17 09:55:17 | INFO     | src.data.market_data:find_suitable_options:435 | 当前SPY价格: $600.29, 选择PUT期权行权价: $601
2025-06-17 09:55:17 | DEBUG    | src.data.market_data:_generate_option_symbol:470 | 生成期权代码: SPY250617P00601000 (行权价$601, 类型PUT)
2025-06-17 09:55:17 | INFO     | src.data.market_data:find_suitable_options:444 | 成功获取期权SPY250617P00601000的报价数据
2025-06-17 09:55:17 | ERROR    | src.trading.executor:find_best_option:192 | 查找最佳期权失败: 'contractSymbol'
2025-06-17 09:55:17 | WARNING  | src.bot.trading_bot:_check_signals:216 | 信号执行失败: SHORT
2025-06-17 09:55:18 | INFO     | src.trading.executor:update_account_info:125 | 账户更新: 总值$100396.42, 买入力$401585.68
2025-06-17 09:55:18 | DEBUG    | src.bot.trading_bot:_update_market_data:184 | 市场数据更新完成
2025-06-17 09:55:21 | INFO     | src.strategy.signals:generate_signals:468 | 生成信号: SHORT - VWAP空头突破: 偏离-0.21%, MACD转负
2025-06-17 09:55:21 | INFO     | src.bot.trading_bot:_check_signals:202 | 检测到信号: SHORT 置信度: 0.85 原因: VWAP空头突破: 偏离-0.21%, MACD转负
2025-06-17 09:55:21 | INFO     | src.utils.notifications:send_message:63 | [GENERAL] 📡 交易信号
类型: SHORT
强度: MEDIUM
置信度: 0.85
价格: $599.00
原因: VWAP空头突破: 偏离-0.21%, MACD转负
2025-06-17 09:55:21 | INFO     | src.data.market_data:find_suitable_options:435 | 当前SPY价格: $600.18, 选择PUT期权行权价: $601
2025-06-17 09:55:21 | DEBUG    | src.data.market_data:_generate_option_symbol:470 | 生成期权代码: SPY250617P00601000 (行权价$601, 类型PUT)
2025-06-17 09:55:21 | INFO     | src.data.market_data:find_suitable_options:444 | 成功获取期权SPY250617P00601000的报价数据
2025-06-17 09:55:21 | ERROR    | src.trading.executor:find_best_option:192 | 查找最佳期权失败: 'contractSymbol'
2025-06-17 09:55:21 | WARNING  | src.bot.trading_bot:_check_signals:216 | 信号执行失败: SHORT
2025-06-17 09:55:22 | INFO     | src.trading.executor:update_account_info:125 | 账户更新: 总值$100396.42, 买入力$401585.68
2025-06-17 09:55:22 | DEBUG    | src.bot.trading_bot:_update_market_data:184 | 市场数据更新完成
2025-06-17 09:55:24 | INFO     | src.strategy.signals:generate_signals:468 | 生成信号: SHORT - VWAP空头突破: 偏离-0.21%, MACD转负
2025-06-17 09:55:24 | INFO     | src.bot.trading_bot:_check_signals:202 | 检测到信号: SHORT 置信度: 0.85 原因: VWAP空头突破: 偏离-0.21%, MACD转负
2025-06-17 09:55:24 | INFO     | src.utils.notifications:send_message:63 | [GENERAL] 📡 交易信号
类型: SHORT
强度: MEDIUM
置信度: 0.85
价格: $599.00
原因: VWAP空头突破: 偏离-0.21%, MACD转负
2025-06-17 09:55:24 | INFO     | src.data.market_data:find_suitable_options:435 | 当前SPY价格: $600.18, 选择PUT期权行权价: $601
2025-06-17 09:55:24 | DEBUG    | src.data.market_data:_generate_option_symbol:470 | 生成期权代码: SPY250617P00601000 (行权价$601, 类型PUT)
2025-06-17 09:55:24 | INFO     | src.data.market_data:find_suitable_options:444 | 成功获取期权SPY250617P00601000的报价数据
2025-06-17 09:55:24 | ERROR    | src.trading.executor:find_best_option:192 | 查找最佳期权失败: 'contractSymbol'
2025-06-17 09:55:24 | WARNING  | src.bot.trading_bot:_check_signals:216 | 信号执行失败: SHORT
2025-06-17 09:55:25 | INFO     | src.trading.executor:update_account_info:125 | 账户更新: 总值$100396.42, 买入力$401585.68
2025-06-17 09:55:25 | DEBUG    | src.bot.trading_bot:_update_market_data:184 | 市场数据更新完成
2025-06-17 09:55:28 | INFO     | src.strategy.signals:generate_signals:468 | 生成信号: SHORT - VWAP空头突破: 偏离-0.21%, MACD转负
2025-06-17 09:55:28 | INFO     | src.bot.trading_bot:_check_signals:202 | 检测到信号: SHORT 置信度: 0.85 原因: VWAP空头突破: 偏离-0.21%, MACD转负
2025-06-17 09:55:28 | INFO     | src.utils.notifications:send_message:63 | [GENERAL] 📡 交易信号
类型: SHORT
强度: MEDIUM
置信度: 0.85
价格: $599.00
原因: VWAP空头突破: 偏离-0.21%, MACD转负
2025-06-17 09:55:28 | INFO     | src.data.market_data:find_suitable_options:435 | 当前SPY价格: $600.14, 选择PUT期权行权价: $601
2025-06-17 09:55:28 | DEBUG    | src.data.market_data:_generate_option_symbol:470 | 生成期权代码: SPY250617P00601000 (行权价$601, 类型PUT)
2025-06-17 09:55:28 | INFO     | src.data.market_data:find_suitable_options:444 | 成功获取期权SPY250617P00601000的报价数据
2025-06-17 09:55:28 | ERROR    | src.trading.executor:find_best_option:192 | 查找最佳期权失败: 'contractSymbol'
2025-06-17 09:55:28 | WARNING  | src.bot.trading_bot:_check_signals:216 | 信号执行失败: SHORT
2025-06-17 09:55:29 | INFO     | src.trading.executor:update_account_info:125 | 账户更新: 总值$100396.42, 买入力$401585.68
2025-06-17 09:55:29 | DEBUG    | src.bot.trading_bot:_update_market_data:184 | 市场数据更新完成
2025-06-17 09:55:31 | INFO     | src.strategy.signals:generate_signals:468 | 生成信号: SHORT - VWAP空头突破: 偏离-0.21%, MACD转负
2025-06-17 09:55:31 | INFO     | src.bot.trading_bot:_check_signals:202 | 检测到信号: SHORT 置信度: 0.85 原因: VWAP空头突破: 偏离-0.21%, MACD转负
2025-06-17 09:55:31 | INFO     | src.utils.notifications:send_message:63 | [GENERAL] 📡 交易信号
类型: SHORT
强度: MEDIUM
置信度: 0.85
价格: $599.00
原因: VWAP空头突破: 偏离-0.21%, MACD转负
2025-06-17 09:55:31 | INFO     | src.data.market_data:find_suitable_options:435 | 当前SPY价格: $600.17, 选择PUT期权行权价: $601
2025-06-17 09:55:31 | DEBUG    | src.data.market_data:_generate_option_symbol:470 | 生成期权代码: SPY250617P00601000 (行权价$601, 类型PUT)
2025-06-17 09:55:31 | INFO     | src.data.market_data:find_suitable_options:444 | 成功获取期权SPY250617P00601000的报价数据
2025-06-17 09:55:31 | ERROR    | src.trading.executor:find_best_option:192 | 查找最佳期权失败: 'contractSymbol'
2025-06-17 09:55:31 | WARNING  | src.bot.trading_bot:_check_signals:216 | 信号执行失败: SHORT
2025-06-17 09:55:32 | INFO     | src.trading.executor:update_account_info:125 | 账户更新: 总值$100396.42, 买入力$401585.68
2025-06-17 09:55:32 | DEBUG    | src.bot.trading_bot:_update_market_data:184 | 市场数据更新完成
2025-06-17 09:55:35 | INFO     | src.strategy.signals:generate_signals:468 | 生成信号: SHORT - VWAP空头突破: 偏离-0.21%, MACD转负
2025-06-17 09:55:35 | INFO     | src.bot.trading_bot:_check_signals:202 | 检测到信号: SHORT 置信度: 0.85 原因: VWAP空头突破: 偏离-0.21%, MACD转负
2025-06-17 09:55:35 | INFO     | src.utils.notifications:send_message:63 | [GENERAL] 📡 交易信号
类型: SHORT
强度: MEDIUM
置信度: 0.85
价格: $599.00
原因: VWAP空头突破: 偏离-0.21%, MACD转负
2025-06-17 09:55:35 | INFO     | src.data.market_data:find_suitable_options:435 | 当前SPY价格: $600.17, 选择PUT期权行权价: $601
2025-06-17 09:55:35 | DEBUG    | src.data.market_data:_generate_option_symbol:470 | 生成期权代码: SPY250617P00601000 (行权价$601, 类型PUT)
2025-06-17 09:55:35 | INFO     | src.data.market_data:find_suitable_options:444 | 成功获取期权SPY250617P00601000的报价数据
2025-06-17 09:55:35 | ERROR    | src.trading.executor:find_best_option:192 | 查找最佳期权失败: 'contractSymbol'
2025-06-17 09:55:35 | WARNING  | src.bot.trading_bot:_check_signals:216 | 信号执行失败: SHORT
2025-06-17 09:55:36 | INFO     | src.trading.executor:update_account_info:125 | 账户更新: 总值$100396.42, 买入力$401585.68
2025-06-17 09:55:36 | DEBUG    | src.bot.trading_bot:_update_market_data:184 | 市场数据更新完成
2025-06-17 09:55:38 | INFO     | src.strategy.signals:generate_signals:468 | 生成信号: SHORT - VWAP空头突破: 偏离-0.21%, MACD转负
2025-06-17 09:55:38 | INFO     | src.bot.trading_bot:_check_signals:202 | 检测到信号: SHORT 置信度: 0.85 原因: VWAP空头突破: 偏离-0.21%, MACD转负
2025-06-17 09:55:38 | INFO     | src.utils.notifications:send_message:63 | [GENERAL] 📡 交易信号
类型: SHORT
强度: MEDIUM
置信度: 0.85
价格: $599.00
原因: VWAP空头突破: 偏离-0.21%, MACD转负
2025-06-17 09:55:38 | INFO     | src.data.market_data:find_suitable_options:435 | 当前SPY价格: $600.18, 选择PUT期权行权价: $601
2025-06-17 09:55:38 | DEBUG    | src.data.market_data:_generate_option_symbol:470 | 生成期权代码: SPY250617P00601000 (行权价$601, 类型PUT)
2025-06-17 09:55:38 | INFO     | src.data.market_data:find_suitable_options:444 | 成功获取期权SPY250617P00601000的报价数据
2025-06-17 09:55:38 | ERROR    | src.trading.executor:find_best_option:192 | 查找最佳期权失败: 'contractSymbol'
2025-06-17 09:55:38 | WARNING  | src.bot.trading_bot:_check_signals:216 | 信号执行失败: SHORT
2025-06-17 09:55:39 | INFO     | src.trading.executor:update_account_info:125 | 账户更新: 总值$100396.42, 买入力$401585.68
2025-06-17 09:55:39 | DEBUG    | src.bot.trading_bot:_update_market_data:184 | 市场数据更新完成
2025-06-17 09:55:42 | INFO     | src.strategy.signals:generate_signals:468 | 生成信号: SHORT - VWAP空头突破: 偏离-0.21%, MACD转负
2025-06-17 09:55:42 | INFO     | src.bot.trading_bot:_check_signals:202 | 检测到信号: SHORT 置信度: 0.85 原因: VWAP空头突破: 偏离-0.21%, MACD转负
2025-06-17 09:55:42 | INFO     | src.utils.notifications:send_message:63 | [GENERAL] 📡 交易信号
类型: SHORT
强度: MEDIUM
置信度: 0.85
价格: $599.00
原因: VWAP空头突破: 偏离-0.21%, MACD转负
2025-06-17 09:55:42 | INFO     | src.data.market_data:find_suitable_options:435 | 当前SPY价格: $600.18, 选择PUT期权行权价: $601
2025-06-17 09:55:42 | DEBUG    | src.data.market_data:_generate_option_symbol:470 | 生成期权代码: SPY250617P00601000 (行权价$601, 类型PUT)
2025-06-17 09:55:42 | INFO     | src.data.market_data:find_suitable_options:444 | 成功获取期权SPY250617P00601000的报价数据
2025-06-17 09:55:42 | ERROR    | src.trading.executor:find_best_option:192 | 查找最佳期权失败: 'contractSymbol'
2025-06-17 09:55:42 | WARNING  | src.bot.trading_bot:_check_signals:216 | 信号执行失败: SHORT
2025-06-17 09:55:43 | INFO     | src.trading.executor:update_account_info:125 | 账户更新: 总值$100396.42, 买入力$401585.68
2025-06-17 09:55:43 | DEBUG    | src.bot.trading_bot:_update_market_data:184 | 市场数据更新完成
2025-06-17 09:55:45 | INFO     | src.strategy.signals:generate_signals:468 | 生成信号: SHORT - VWAP空头突破: 偏离-0.21%, MACD转负
2025-06-17 09:55:45 | INFO     | src.bot.trading_bot:_check_signals:202 | 检测到信号: SHORT 置信度: 0.85 原因: VWAP空头突破: 偏离-0.21%, MACD转负
2025-06-17 09:55:45 | INFO     | src.utils.notifications:send_message:63 | [GENERAL] 📡 交易信号
类型: SHORT
强度: MEDIUM
置信度: 0.85
价格: $599.00
原因: VWAP空头突破: 偏离-0.21%, MACD转负
2025-06-17 09:55:45 | INFO     | src.data.market_data:find_suitable_options:435 | 当前SPY价格: $600.16, 选择PUT期权行权价: $601
2025-06-17 09:55:45 | DEBUG    | src.data.market_data:_generate_option_symbol:470 | 生成期权代码: SPY250617P00601000 (行权价$601, 类型PUT)
2025-06-17 09:55:46 | INFO     | src.data.market_data:find_suitable_options:444 | 成功获取期权SPY250617P00601000的报价数据
2025-06-17 09:55:46 | ERROR    | src.trading.executor:find_best_option:192 | 查找最佳期权失败: 'contractSymbol'
2025-06-17 09:55:46 | WARNING  | src.bot.trading_bot:_check_signals:216 | 信号执行失败: SHORT
2025-06-17 09:55:46 | INFO     | src.trading.executor:update_account_info:125 | 账户更新: 总值$100396.42, 买入力$401585.68
2025-06-17 09:55:46 | DEBUG    | src.bot.trading_bot:_update_market_data:184 | 市场数据更新完成
2025-06-17 09:55:49 | INFO     | src.strategy.signals:generate_signals:468 | 生成信号: SHORT - VWAP空头突破: 偏离-0.21%, MACD转负
2025-06-17 09:55:49 | INFO     | src.bot.trading_bot:_check_signals:202 | 检测到信号: SHORT 置信度: 0.85 原因: VWAP空头突破: 偏离-0.21%, MACD转负
2025-06-17 09:55:49 | INFO     | src.utils.notifications:send_message:63 | [GENERAL] 📡 交易信号
类型: SHORT
强度: MEDIUM
置信度: 0.85
价格: $599.00
原因: VWAP空头突破: 偏离-0.21%, MACD转负
2025-06-17 09:55:49 | INFO     | src.data.market_data:find_suitable_options:435 | 当前SPY价格: $600.00, 选择PUT期权行权价: $601
2025-06-17 09:55:49 | DEBUG    | src.data.market_data:_generate_option_symbol:470 | 生成期权代码: SPY250617P00601000 (行权价$601, 类型PUT)
2025-06-17 09:55:49 | INFO     | src.data.market_data:find_suitable_options:444 | 成功获取期权SPY250617P00601000的报价数据
2025-06-17 09:55:49 | ERROR    | src.trading.executor:find_best_option:192 | 查找最佳期权失败: 'contractSymbol'
2025-06-17 09:55:49 | WARNING  | src.bot.trading_bot:_check_signals:216 | 信号执行失败: SHORT
2025-06-17 09:55:50 | INFO     | src.trading.executor:update_account_info:125 | 账户更新: 总值$100396.42, 买入力$401585.68
2025-06-17 09:55:50 | DEBUG    | src.bot.trading_bot:_update_market_data:184 | 市场数据更新完成
2025-06-17 09:55:52 | INFO     | src.strategy.signals:generate_signals:468 | 生成信号: SHORT - VWAP空头突破: 偏离-0.21%, MACD转负
2025-06-17 09:55:52 | INFO     | src.bot.trading_bot:_check_signals:202 | 检测到信号: SHORT 置信度: 0.85 原因: VWAP空头突破: 偏离-0.21%, MACD转负
2025-06-17 09:55:52 | INFO     | src.utils.notifications:send_message:63 | [GENERAL] 📡 交易信号
类型: SHORT
强度: MEDIUM
置信度: 0.85
价格: $599.00
原因: VWAP空头突破: 偏离-0.21%, MACD转负
2025-06-17 09:55:52 | INFO     | src.data.market_data:find_suitable_options:435 | 当前SPY价格: $600.00, 选择PUT期权行权价: $601
2025-06-17 09:55:52 | DEBUG    | src.data.market_data:_generate_option_symbol:470 | 生成期权代码: SPY250617P00601000 (行权价$601, 类型PUT)
2025-06-17 09:55:52 | INFO     | src.data.market_data:find_suitable_options:444 | 成功获取期权SPY250617P00601000的报价数据
2025-06-17 09:55:52 | ERROR    | src.trading.executor:find_best_option:192 | 查找最佳期权失败: 'contractSymbol'
2025-06-17 09:55:52 | WARNING  | src.bot.trading_bot:_check_signals:216 | 信号执行失败: SHORT
2025-06-17 09:55:53 | INFO     | src.trading.executor:update_account_info:125 | 账户更新: 总值$100396.42, 买入力$401585.68
2025-06-17 09:55:53 | DEBUG    | src.bot.trading_bot:_update_market_data:184 | 市场数据更新完成
2025-06-17 09:55:56 | INFO     | src.strategy.signals:generate_signals:468 | 生成信号: SHORT - VWAP空头突破: 偏离-0.21%, MACD转负
2025-06-17 09:55:56 | INFO     | src.bot.trading_bot:_check_signals:202 | 检测到信号: SHORT 置信度: 0.85 原因: VWAP空头突破: 偏离-0.21%, MACD转负
2025-06-17 09:55:56 | INFO     | src.utils.notifications:send_message:63 | [GENERAL] 📡 交易信号
类型: SHORT
强度: MEDIUM
置信度: 0.85
价格: $599.00
原因: VWAP空头突破: 偏离-0.21%, MACD转负
2025-06-17 09:55:56 | INFO     | src.data.market_data:find_suitable_options:435 | 当前SPY价格: $600.14, 选择PUT期权行权价: $601
2025-06-17 09:55:56 | DEBUG    | src.data.market_data:_generate_option_symbol:470 | 生成期权代码: SPY250617P00601000 (行权价$601, 类型PUT)
2025-06-17 09:55:56 | INFO     | src.data.market_data:find_suitable_options:444 | 成功获取期权SPY250617P00601000的报价数据
2025-06-17 09:55:56 | ERROR    | src.trading.executor:find_best_option:192 | 查找最佳期权失败: 'contractSymbol'
2025-06-17 09:55:56 | WARNING  | src.bot.trading_bot:_check_signals:216 | 信号执行失败: SHORT
2025-06-17 09:55:57 | INFO     | src.trading.executor:update_account_info:125 | 账户更新: 总值$100396.42, 买入力$401585.68
2025-06-17 09:55:57 | DEBUG    | src.bot.trading_bot:_update_market_data:184 | 市场数据更新完成
2025-06-17 09:55:59 | INFO     | src.strategy.signals:generate_signals:468 | 生成信号: SHORT - VWAP空头突破: 偏离-0.21%, MACD转负
2025-06-17 09:55:59 | INFO     | src.bot.trading_bot:_check_signals:202 | 检测到信号: SHORT 置信度: 0.85 原因: VWAP空头突破: 偏离-0.21%, MACD转负
2025-06-17 09:55:59 | INFO     | src.utils.notifications:send_message:63 | [GENERAL] 📡 交易信号
类型: SHORT
强度: MEDIUM
置信度: 0.85
价格: $599.00
原因: VWAP空头突破: 偏离-0.21%, MACD转负
2025-06-17 09:55:59 | INFO     | src.data.market_data:find_suitable_options:435 | 当前SPY价格: $600.14, 选择PUT期权行权价: $601
2025-06-17 09:55:59 | DEBUG    | src.data.market_data:_generate_option_symbol:470 | 生成期权代码: SPY250617P00601000 (行权价$601, 类型PUT)
2025-06-17 09:56:00 | INFO     | src.data.market_data:find_suitable_options:444 | 成功获取期权SPY250617P00601000的报价数据
2025-06-17 09:56:00 | ERROR    | src.trading.executor:find_best_option:192 | 查找最佳期权失败: 'contractSymbol'
2025-06-17 09:56:00 | WARNING  | src.bot.trading_bot:_check_signals:216 | 信号执行失败: SHORT
2025-06-17 09:56:00 | INFO     | src.trading.executor:update_account_info:125 | 账户更新: 总值$100396.42, 买入力$401585.68
2025-06-17 09:56:00 | DEBUG    | src.bot.trading_bot:_update_market_data:184 | 市场数据更新完成
2025-06-17 09:56:03 | INFO     | src.strategy.signals:generate_signals:468 | 生成信号: SHORT - VWAP空头突破: 偏离-0.21%, MACD转负
2025-06-17 09:56:03 | INFO     | src.bot.trading_bot:_check_signals:202 | 检测到信号: SHORT 置信度: 0.85 原因: VWAP空头突破: 偏离-0.21%, MACD转负
2025-06-17 09:56:03 | INFO     | src.utils.notifications:send_message:63 | [GENERAL] 📡 交易信号
类型: SHORT
强度: MEDIUM
置信度: 0.85
价格: $599.00
原因: VWAP空头突破: 偏离-0.21%, MACD转负
2025-06-17 09:56:03 | INFO     | src.data.market_data:find_suitable_options:435 | 当前SPY价格: $600.14, 选择PUT期权行权价: $601
2025-06-17 09:56:03 | DEBUG    | src.data.market_data:_generate_option_symbol:470 | 生成期权代码: SPY250617P00601000 (行权价$601, 类型PUT)
2025-06-17 09:56:03 | INFO     | src.data.market_data:find_suitable_options:444 | 成功获取期权SPY250617P00601000的报价数据
2025-06-17 09:56:03 | ERROR    | src.trading.executor:find_best_option:192 | 查找最佳期权失败: 'contractSymbol'
2025-06-17 09:56:03 | WARNING  | src.bot.trading_bot:_check_signals:216 | 信号执行失败: SHORT
2025-06-17 09:56:04 | INFO     | src.trading.executor:update_account_info:125 | 账户更新: 总值$100396.42, 买入力$401585.68
2025-06-17 09:56:04 | DEBUG    | src.bot.trading_bot:_update_market_data:184 | 市场数据更新完成
2025-06-17 09:56:07 | INFO     | src.strategy.signals:generate_signals:468 | 生成信号: SHORT - VWAP空头突破: 偏离-0.22%, MACD转负
2025-06-17 09:56:07 | INFO     | src.bot.trading_bot:_check_signals:202 | 检测到信号: SHORT 置信度: 0.85 原因: VWAP空头突破: 偏离-0.22%, MACD转负
2025-06-17 09:56:07 | INFO     | src.utils.notifications:send_message:63 | [GENERAL] 📡 交易信号
类型: SHORT
强度: MEDIUM
置信度: 0.85
价格: $598.97
原因: VWAP空头突破: 偏离-0.22%, MACD转负
2025-06-17 09:56:07 | INFO     | src.data.market_data:find_suitable_options:435 | 当前SPY价格: $600.03, 选择PUT期权行权价: $601
2025-06-17 09:56:07 | DEBUG    | src.data.market_data:_generate_option_symbol:470 | 生成期权代码: SPY250617P00601000 (行权价$601, 类型PUT)
2025-06-17 09:56:07 | INFO     | src.data.market_data:find_suitable_options:444 | 成功获取期权SPY250617P00601000的报价数据
2025-06-17 09:56:07 | ERROR    | src.trading.executor:find_best_option:192 | 查找最佳期权失败: 'contractSymbol'
2025-06-17 09:56:07 | WARNING  | src.bot.trading_bot:_check_signals:216 | 信号执行失败: SHORT
2025-06-17 09:56:07 | INFO     | src.trading.executor:update_account_info:125 | 账户更新: 总值$100396.42, 买入力$401585.68
2025-06-17 09:56:07 | DEBUG    | src.bot.trading_bot:_update_market_data:184 | 市场数据更新完成
2025-06-17 09:56:10 | INFO     | src.strategy.signals:generate_signals:468 | 生成信号: SHORT - VWAP空头突破: 偏离-0.22%, MACD转负
2025-06-17 09:56:10 | INFO     | src.bot.trading_bot:_check_signals:202 | 检测到信号: SHORT 置信度: 0.85 原因: VWAP空头突破: 偏离-0.22%, MACD转负
2025-06-17 09:56:10 | INFO     | src.utils.notifications:send_message:63 | [GENERAL] 📡 交易信号
类型: SHORT
强度: MEDIUM
置信度: 0.85
价格: $598.97
原因: VWAP空头突破: 偏离-0.22%, MACD转负
2025-06-17 09:56:10 | INFO     | src.data.market_data:find_suitable_options:435 | 当前SPY价格: $599.98, 选择PUT期权行权价: $600
2025-06-17 09:56:10 | DEBUG    | src.data.market_data:_generate_option_symbol:470 | 生成期权代码: SPY250617P00600000 (行权价$600, 类型PUT)
2025-06-17 09:56:10 | INFO     | src.data.market_data:find_suitable_options:444 | 成功获取期权SPY250617P00600000的报价数据
2025-06-17 09:56:10 | ERROR    | src.trading.executor:find_best_option:192 | 查找最佳期权失败: 'contractSymbol'
2025-06-17 09:56:10 | WARNING  | src.bot.trading_bot:_check_signals:216 | 信号执行失败: SHORT
2025-06-17 09:56:11 | INFO     | src.trading.executor:update_account_info:125 | 账户更新: 总值$100396.42, 买入力$401585.68
2025-06-17 09:56:11 | DEBUG    | src.bot.trading_bot:_update_market_data:184 | 市场数据更新完成
2025-06-17 09:56:12 | DEBUG    | src.bot.trading_bot:_update_positions_normal:259 | 📊 常规头寸更新完成
2025-06-17 09:56:14 | INFO     | src.strategy.signals:generate_signals:468 | 生成信号: SHORT - VWAP空头突破: 偏离-0.22%, MACD转负
2025-06-17 09:56:14 | INFO     | src.bot.trading_bot:_check_signals:202 | 检测到信号: SHORT 置信度: 0.85 原因: VWAP空头突破: 偏离-0.22%, MACD转负
2025-06-17 09:56:14 | INFO     | src.utils.notifications:send_message:63 | [GENERAL] 📡 交易信号
类型: SHORT
强度: MEDIUM
置信度: 0.85
价格: $598.97
原因: VWAP空头突破: 偏离-0.22%, MACD转负
2025-06-17 09:56:14 | INFO     | src.data.market_data:find_suitable_options:435 | 当前SPY价格: $600.00, 选择PUT期权行权价: $601
2025-06-17 09:56:14 | DEBUG    | src.data.market_data:_generate_option_symbol:470 | 生成期权代码: SPY250617P00601000 (行权价$601, 类型PUT)
2025-06-17 09:56:14 | INFO     | src.data.market_data:find_suitable_options:444 | 成功获取期权SPY250617P00601000的报价数据
2025-06-17 09:56:14 | ERROR    | src.trading.executor:find_best_option:192 | 查找最佳期权失败: 'contractSymbol'
2025-06-17 09:56:14 | WARNING  | src.bot.trading_bot:_check_signals:216 | 信号执行失败: SHORT
2025-06-17 09:56:14 | INFO     | src.trading.executor:update_account_info:125 | 账户更新: 总值$100396.42, 买入力$401585.68
2025-06-17 09:56:14 | DEBUG    | src.bot.trading_bot:_update_market_data:184 | 市场数据更新完成
2025-06-17 09:56:17 | INFO     | src.strategy.signals:generate_signals:468 | 生成信号: SHORT - VWAP空头突破: 偏离-0.22%, MACD转负
2025-06-17 09:56:17 | INFO     | src.bot.trading_bot:_check_signals:202 | 检测到信号: SHORT 置信度: 0.85 原因: VWAP空头突破: 偏离-0.22%, MACD转负
2025-06-17 09:56:17 | INFO     | src.utils.notifications:send_message:63 | [GENERAL] 📡 交易信号
类型: SHORT
强度: MEDIUM
置信度: 0.85
价格: $598.97
原因: VWAP空头突破: 偏离-0.22%, MACD转负
2025-06-17 09:56:17 | INFO     | src.data.market_data:find_suitable_options:435 | 当前SPY价格: $600.09, 选择PUT期权行权价: $601
2025-06-17 09:56:17 | DEBUG    | src.data.market_data:_generate_option_symbol:470 | 生成期权代码: SPY250617P00601000 (行权价$601, 类型PUT)
2025-06-17 09:56:17 | INFO     | src.data.market_data:find_suitable_options:444 | 成功获取期权SPY250617P00601000的报价数据
2025-06-17 09:56:17 | ERROR    | src.trading.executor:find_best_option:192 | 查找最佳期权失败: 'contractSymbol'
2025-06-17 09:56:17 | WARNING  | src.bot.trading_bot:_check_signals:216 | 信号执行失败: SHORT
2025-06-17 09:56:18 | INFO     | src.trading.executor:update_account_info:125 | 账户更新: 总值$100396.42, 买入力$401585.68
2025-06-17 09:56:18 | DEBUG    | src.bot.trading_bot:_update_market_data:184 | 市场数据更新完成
2025-06-17 09:56:20 | INFO     | src.strategy.signals:generate_signals:468 | 生成信号: SHORT - VWAP空头突破: 偏离-0.22%, MACD转负
2025-06-17 09:56:20 | INFO     | src.bot.trading_bot:_check_signals:202 | 检测到信号: SHORT 置信度: 0.85 原因: VWAP空头突破: 偏离-0.22%, MACD转负
2025-06-17 09:56:20 | INFO     | src.utils.notifications:send_message:63 | [GENERAL] 📡 交易信号
类型: SHORT
强度: MEDIUM
置信度: 0.85
价格: $598.97
原因: VWAP空头突破: 偏离-0.22%, MACD转负
2025-06-17 09:56:21 | INFO     | src.data.market_data:find_suitable_options:435 | 当前SPY价格: $600.09, 选择PUT期权行权价: $601
2025-06-17 09:56:21 | DEBUG    | src.data.market_data:_generate_option_symbol:470 | 生成期权代码: SPY250617P00601000 (行权价$601, 类型PUT)
2025-06-17 09:56:21 | INFO     | src.data.market_data:find_suitable_options:444 | 成功获取期权SPY250617P00601000的报价数据
2025-06-17 09:56:21 | ERROR    | src.trading.executor:find_best_option:192 | 查找最佳期权失败: 'contractSymbol'
2025-06-17 09:56:21 | WARNING  | src.bot.trading_bot:_check_signals:216 | 信号执行失败: SHORT
2025-06-17 09:56:21 | INFO     | src.trading.executor:update_account_info:125 | 账户更新: 总值$100396.42, 买入力$401585.68
2025-06-17 09:56:21 | DEBUG    | src.bot.trading_bot:_update_market_data:184 | 市场数据更新完成
2025-06-17 09:56:24 | INFO     | src.strategy.signals:generate_signals:468 | 生成信号: SHORT - VWAP空头突破: 偏离-0.22%, MACD转负
2025-06-17 09:56:24 | INFO     | src.bot.trading_bot:_check_signals:202 | 检测到信号: SHORT 置信度: 0.85 原因: VWAP空头突破: 偏离-0.22%, MACD转负
2025-06-17 09:56:24 | INFO     | src.utils.notifications:send_message:63 | [GENERAL] 📡 交易信号
类型: SHORT
强度: MEDIUM
置信度: 0.85
价格: $598.97
原因: VWAP空头突破: 偏离-0.22%, MACD转负
2025-06-17 09:56:24 | INFO     | src.data.market_data:find_suitable_options:435 | 当前SPY价格: $600.10, 选择PUT期权行权价: $601
2025-06-17 09:56:24 | DEBUG    | src.data.market_data:_generate_option_symbol:470 | 生成期权代码: SPY250617P00601000 (行权价$601, 类型PUT)
2025-06-17 09:56:24 | INFO     | src.data.market_data:find_suitable_options:444 | 成功获取期权SPY250617P00601000的报价数据
2025-06-17 09:56:24 | ERROR    | src.trading.executor:find_best_option:192 | 查找最佳期权失败: 'contractSymbol'
2025-06-17 09:56:24 | WARNING  | src.bot.trading_bot:_check_signals:216 | 信号执行失败: SHORT
2025-06-17 09:56:25 | INFO     | src.trading.executor:update_account_info:125 | 账户更新: 总值$100396.42, 买入力$401585.68
2025-06-17 09:56:25 | DEBUG    | src.bot.trading_bot:_update_market_data:184 | 市场数据更新完成
2025-06-17 09:56:27 | INFO     | src.strategy.signals:generate_signals:468 | 生成信号: SHORT - VWAP空头突破: 偏离-0.22%, MACD转负
2025-06-17 09:56:27 | INFO     | src.bot.trading_bot:_check_signals:202 | 检测到信号: SHORT 置信度: 0.85 原因: VWAP空头突破: 偏离-0.22%, MACD转负
2025-06-17 09:56:27 | INFO     | src.utils.notifications:send_message:63 | [GENERAL] 📡 交易信号
类型: SHORT
强度: MEDIUM
置信度: 0.85
价格: $598.97
原因: VWAP空头突破: 偏离-0.22%, MACD转负
2025-06-17 09:56:28 | INFO     | src.data.market_data:find_suitable_options:435 | 当前SPY价格: $600.10, 选择PUT期权行权价: $601
2025-06-17 09:56:28 | DEBUG    | src.data.market_data:_generate_option_symbol:470 | 生成期权代码: SPY250617P00601000 (行权价$601, 类型PUT)
2025-06-17 09:56:28 | INFO     | src.data.market_data:find_suitable_options:444 | 成功获取期权SPY250617P00601000的报价数据
2025-06-17 09:56:28 | ERROR    | src.trading.executor:find_best_option:192 | 查找最佳期权失败: 'contractSymbol'
2025-06-17 09:56:28 | WARNING  | src.bot.trading_bot:_check_signals:216 | 信号执行失败: SHORT
2025-06-17 09:56:28 | INFO     | src.trading.executor:update_account_info:125 | 账户更新: 总值$100396.42, 买入力$401585.68
2025-06-17 09:56:28 | DEBUG    | src.bot.trading_bot:_update_market_data:184 | 市场数据更新完成
2025-06-17 09:56:31 | INFO     | src.strategy.signals:generate_signals:468 | 生成信号: SHORT - VWAP空头突破: 偏离-0.22%, MACD转负
2025-06-17 09:56:31 | INFO     | src.bot.trading_bot:_check_signals:202 | 检测到信号: SHORT 置信度: 0.85 原因: VWAP空头突破: 偏离-0.22%, MACD转负
2025-06-17 09:56:31 | INFO     | src.utils.notifications:send_message:63 | [GENERAL] 📡 交易信号
类型: SHORT
强度: MEDIUM
置信度: 0.85
价格: $598.97
原因: VWAP空头突破: 偏离-0.22%, MACD转负
2025-06-17 09:56:31 | INFO     | src.data.market_data:find_suitable_options:435 | 当前SPY价格: $600.21, 选择PUT期权行权价: $601
2025-06-17 09:56:31 | DEBUG    | src.data.market_data:_generate_option_symbol:470 | 生成期权代码: SPY250617P00601000 (行权价$601, 类型PUT)
2025-06-17 09:56:31 | INFO     | src.data.market_data:find_suitable_options:444 | 成功获取期权SPY250617P00601000的报价数据
2025-06-17 09:56:31 | ERROR    | src.trading.executor:find_best_option:192 | 查找最佳期权失败: 'contractSymbol'
2025-06-17 09:56:31 | WARNING  | src.bot.trading_bot:_check_signals:216 | 信号执行失败: SHORT
2025-06-17 09:56:32 | INFO     | src.trading.executor:update_account_info:125 | 账户更新: 总值$100396.42, 买入力$401585.68
2025-06-17 09:56:32 | DEBUG    | src.bot.trading_bot:_update_market_data:184 | 市场数据更新完成
2025-06-17 09:56:34 | INFO     | src.strategy.signals:generate_signals:468 | 生成信号: SHORT - VWAP空头突破: 偏离-0.22%, MACD转负
2025-06-17 09:56:34 | INFO     | src.bot.trading_bot:_check_signals:202 | 检测到信号: SHORT 置信度: 0.85 原因: VWAP空头突破: 偏离-0.22%, MACD转负
2025-06-17 09:56:34 | INFO     | src.utils.notifications:send_message:63 | [GENERAL] 📡 交易信号
类型: SHORT
强度: MEDIUM
置信度: 0.85
价格: $598.97
原因: VWAP空头突破: 偏离-0.22%, MACD转负
2025-06-17 09:56:34 | INFO     | src.data.market_data:find_suitable_options:435 | 当前SPY价格: $600.19, 选择PUT期权行权价: $601
2025-06-17 09:56:34 | DEBUG    | src.data.market_data:_generate_option_symbol:470 | 生成期权代码: SPY250617P00601000 (行权价$601, 类型PUT)
2025-06-17 09:56:35 | INFO     | src.data.market_data:find_suitable_options:444 | 成功获取期权SPY250617P00601000的报价数据
2025-06-17 09:56:35 | ERROR    | src.trading.executor:find_best_option:192 | 查找最佳期权失败: 'contractSymbol'
2025-06-17 09:56:35 | WARNING  | src.bot.trading_bot:_check_signals:216 | 信号执行失败: SHORT
2025-06-17 09:56:35 | INFO     | src.trading.executor:update_account_info:125 | 账户更新: 总值$100396.42, 买入力$401585.68
2025-06-17 09:56:35 | DEBUG    | src.bot.trading_bot:_update_market_data:184 | 市场数据更新完成
2025-06-17 09:56:38 | INFO     | src.strategy.signals:generate_signals:468 | 生成信号: SHORT - VWAP空头突破: 偏离-0.22%, MACD转负
2025-06-17 09:56:38 | INFO     | src.bot.trading_bot:_check_signals:202 | 检测到信号: SHORT 置信度: 0.85 原因: VWAP空头突破: 偏离-0.22%, MACD转负
2025-06-17 09:56:38 | INFO     | src.utils.notifications:send_message:63 | [GENERAL] 📡 交易信号
类型: SHORT
强度: MEDIUM
置信度: 0.85
价格: $598.97
原因: VWAP空头突破: 偏离-0.22%, MACD转负
2025-06-17 09:56:38 | INFO     | src.data.market_data:find_suitable_options:435 | 当前SPY价格: $600.17, 选择PUT期权行权价: $601
2025-06-17 09:56:38 | DEBUG    | src.data.market_data:_generate_option_symbol:470 | 生成期权代码: SPY250617P00601000 (行权价$601, 类型PUT)
2025-06-17 09:56:38 | INFO     | src.data.market_data:find_suitable_options:444 | 成功获取期权SPY250617P00601000的报价数据
2025-06-17 09:56:38 | ERROR    | src.trading.executor:find_best_option:192 | 查找最佳期权失败: 'contractSymbol'
2025-06-17 09:56:38 | WARNING  | src.bot.trading_bot:_check_signals:216 | 信号执行失败: SHORT
2025-06-17 09:56:39 | INFO     | src.trading.executor:update_account_info:125 | 账户更新: 总值$100396.42, 买入力$401585.68
2025-06-17 09:56:39 | DEBUG    | src.bot.trading_bot:_update_market_data:184 | 市场数据更新完成
2025-06-17 09:56:42 | INFO     | src.strategy.signals:generate_signals:468 | 生成信号: SHORT - VWAP空头突破: 偏离-0.22%, MACD转负
2025-06-17 09:56:42 | INFO     | src.bot.trading_bot:_check_signals:202 | 检测到信号: SHORT 置信度: 0.85 原因: VWAP空头突破: 偏离-0.22%, MACD转负
2025-06-17 09:56:42 | INFO     | src.utils.notifications:send_message:63 | [GENERAL] 📡 交易信号
类型: SHORT
强度: MEDIUM
置信度: 0.85
价格: $598.97
原因: VWAP空头突破: 偏离-0.22%, MACD转负
2025-06-17 09:56:42 | INFO     | src.data.market_data:find_suitable_options:435 | 当前SPY价格: $600.17, 选择PUT期权行权价: $601
2025-06-17 09:56:42 | DEBUG    | src.data.market_data:_generate_option_symbol:470 | 生成期权代码: SPY250617P00601000 (行权价$601, 类型PUT)
2025-06-17 09:56:42 | INFO     | src.data.market_data:find_suitable_options:444 | 成功获取期权SPY250617P00601000的报价数据
2025-06-17 09:56:42 | ERROR    | src.trading.executor:find_best_option:192 | 查找最佳期权失败: 'contractSymbol'
2025-06-17 09:56:42 | WARNING  | src.bot.trading_bot:_check_signals:216 | 信号执行失败: SHORT
2025-06-17 09:56:42 | INFO     | src.trading.executor:update_account_info:125 | 账户更新: 总值$100396.42, 买入力$401585.68
2025-06-17 09:56:42 | DEBUG    | src.bot.trading_bot:_update_market_data:184 | 市场数据更新完成
2025-06-17 09:56:45 | INFO     | src.strategy.signals:generate_signals:468 | 生成信号: SHORT - VWAP空头突破: 偏离-0.22%, MACD转负
2025-06-17 09:56:45 | INFO     | src.bot.trading_bot:_check_signals:202 | 检测到信号: SHORT 置信度: 0.85 原因: VWAP空头突破: 偏离-0.22%, MACD转负
2025-06-17 09:56:45 | INFO     | src.utils.notifications:send_message:63 | [GENERAL] 📡 交易信号
类型: SHORT
强度: MEDIUM
置信度: 0.85
价格: $598.97
原因: VWAP空头突破: 偏离-0.22%, MACD转负
2025-06-17 09:56:45 | INFO     | src.data.market_data:find_suitable_options:435 | 当前SPY价格: $600.17, 选择PUT期权行权价: $601
2025-06-17 09:56:45 | DEBUG    | src.data.market_data:_generate_option_symbol:470 | 生成期权代码: SPY250617P00601000 (行权价$601, 类型PUT)
2025-06-17 09:56:45 | INFO     | src.data.market_data:find_suitable_options:444 | 成功获取期权SPY250617P00601000的报价数据
2025-06-17 09:56:45 | ERROR    | src.trading.executor:find_best_option:192 | 查找最佳期权失败: 'contractSymbol'
2025-06-17 09:56:45 | WARNING  | src.bot.trading_bot:_check_signals:216 | 信号执行失败: SHORT
2025-06-17 09:56:46 | INFO     | src.trading.executor:update_account_info:125 | 账户更新: 总值$100396.42, 买入力$401585.68
2025-06-17 09:56:46 | DEBUG    | src.bot.trading_bot:_update_market_data:184 | 市场数据更新完成
2025-06-17 09:56:49 | INFO     | src.strategy.signals:generate_signals:468 | 生成信号: SHORT - VWAP空头突破: 偏离-0.22%, MACD转负
2025-06-17 09:56:49 | INFO     | src.bot.trading_bot:_check_signals:202 | 检测到信号: SHORT 置信度: 0.85 原因: VWAP空头突破: 偏离-0.22%, MACD转负
2025-06-17 09:56:49 | INFO     | src.utils.notifications:send_message:63 | [GENERAL] 📡 交易信号
类型: SHORT
强度: MEDIUM
置信度: 0.85
价格: $598.97
原因: VWAP空头突破: 偏离-0.22%, MACD转负
2025-06-17 09:56:49 | INFO     | src.data.market_data:find_suitable_options:435 | 当前SPY价格: $600.17, 选择PUT期权行权价: $601
2025-06-17 09:56:49 | DEBUG    | src.data.market_data:_generate_option_symbol:470 | 生成期权代码: SPY250617P00601000 (行权价$601, 类型PUT)
2025-06-17 09:56:49 | INFO     | src.data.market_data:find_suitable_options:444 | 成功获取期权SPY250617P00601000的报价数据
2025-06-17 09:56:49 | ERROR    | src.trading.executor:find_best_option:192 | 查找最佳期权失败: 'contractSymbol'
2025-06-17 09:56:49 | WARNING  | src.bot.trading_bot:_check_signals:216 | 信号执行失败: SHORT
2025-06-17 09:56:50 | INFO     | src.trading.executor:update_account_info:125 | 账户更新: 总值$100396.42, 买入力$401585.68
2025-06-17 09:56:50 | DEBUG    | src.bot.trading_bot:_update_market_data:184 | 市场数据更新完成
2025-06-17 09:56:52 | INFO     | src.strategy.signals:generate_signals:468 | 生成信号: SHORT - VWAP空头突破: 偏离-0.22%, MACD转负
2025-06-17 09:56:52 | INFO     | src.bot.trading_bot:_check_signals:202 | 检测到信号: SHORT 置信度: 0.85 原因: VWAP空头突破: 偏离-0.22%, MACD转负
2025-06-17 09:56:52 | INFO     | src.utils.notifications:send_message:63 | [GENERAL] 📡 交易信号
类型: SHORT
强度: MEDIUM
置信度: 0.85
价格: $598.97
原因: VWAP空头突破: 偏离-0.22%, MACD转负
2025-06-17 09:56:52 | INFO     | src.data.market_data:find_suitable_options:435 | 当前SPY价格: $600.10, 选择PUT期权行权价: $601
2025-06-17 09:56:52 | DEBUG    | src.data.market_data:_generate_option_symbol:470 | 生成期权代码: SPY250617P00601000 (行权价$601, 类型PUT)
2025-06-17 09:56:53 | INFO     | src.data.market_data:find_suitable_options:444 | 成功获取期权SPY250617P00601000的报价数据
2025-06-17 09:56:53 | ERROR    | src.trading.executor:find_best_option:192 | 查找最佳期权失败: 'contractSymbol'
2025-06-17 09:56:53 | WARNING  | src.bot.trading_bot:_check_signals:216 | 信号执行失败: SHORT
2025-06-17 09:56:53 | INFO     | src.trading.executor:update_account_info:125 | 账户更新: 总值$100396.42, 买入力$401585.68
2025-06-17 09:56:53 | DEBUG    | src.bot.trading_bot:_update_market_data:184 | 市场数据更新完成
2025-06-17 09:56:56 | INFO     | src.strategy.signals:generate_signals:468 | 生成信号: SHORT - VWAP空头突破: 偏离-0.22%, MACD转负
2025-06-17 09:56:56 | INFO     | src.bot.trading_bot:_check_signals:202 | 检测到信号: SHORT 置信度: 0.85 原因: VWAP空头突破: 偏离-0.22%, MACD转负
2025-06-17 09:56:56 | INFO     | src.utils.notifications:send_message:63 | [GENERAL] 📡 交易信号
类型: SHORT
强度: MEDIUM
置信度: 0.85
价格: $598.97
原因: VWAP空头突破: 偏离-0.22%, MACD转负
2025-06-17 09:56:56 | INFO     | src.data.market_data:find_suitable_options:435 | 当前SPY价格: $600.10, 选择PUT期权行权价: $601
2025-06-17 09:56:56 | DEBUG    | src.data.market_data:_generate_option_symbol:470 | 生成期权代码: SPY250617P00601000 (行权价$601, 类型PUT)
2025-06-17 09:56:56 | INFO     | src.data.market_data:find_suitable_options:444 | 成功获取期权SPY250617P00601000的报价数据
2025-06-17 09:56:56 | ERROR    | src.trading.executor:find_best_option:192 | 查找最佳期权失败: 'contractSymbol'
2025-06-17 09:56:56 | WARNING  | src.bot.trading_bot:_check_signals:216 | 信号执行失败: SHORT
2025-06-17 09:56:57 | INFO     | src.trading.executor:update_account_info:125 | 账户更新: 总值$100396.42, 买入力$401585.68
2025-06-17 09:56:57 | DEBUG    | src.bot.trading_bot:_update_market_data:184 | 市场数据更新完成
2025-06-17 09:56:59 | INFO     | src.strategy.signals:generate_signals:468 | 生成信号: SHORT - VWAP空头突破: 偏离-0.22%, MACD转负
2025-06-17 09:56:59 | INFO     | src.bot.trading_bot:_check_signals:202 | 检测到信号: SHORT 置信度: 0.85 原因: VWAP空头突破: 偏离-0.22%, MACD转负
2025-06-17 09:56:59 | INFO     | src.utils.notifications:send_message:63 | [GENERAL] 📡 交易信号
类型: SHORT
强度: MEDIUM
置信度: 0.85
价格: $598.97
原因: VWAP空头突破: 偏离-0.22%, MACD转负
2025-06-17 09:56:59 | INFO     | src.data.market_data:find_suitable_options:435 | 当前SPY价格: $600.10, 选择PUT期权行权价: $601
2025-06-17 09:56:59 | DEBUG    | src.data.market_data:_generate_option_symbol:470 | 生成期权代码: SPY250617P00601000 (行权价$601, 类型PUT)
2025-06-17 09:56:59 | INFO     | src.data.market_data:find_suitable_options:444 | 成功获取期权SPY250617P00601000的报价数据
2025-06-17 09:56:59 | ERROR    | src.trading.executor:find_best_option:192 | 查找最佳期权失败: 'contractSymbol'
2025-06-17 09:56:59 | WARNING  | src.bot.trading_bot:_check_signals:216 | 信号执行失败: SHORT
2025-06-17 09:57:00 | INFO     | src.trading.executor:update_account_info:125 | 账户更新: 总值$100396.42, 买入力$401585.68
2025-06-17 09:57:00 | DEBUG    | src.bot.trading_bot:_update_market_data:184 | 市场数据更新完成
2025-06-17 09:57:03 | INFO     | src.strategy.signals:generate_signals:468 | 生成信号: SHORT - VWAP空头突破: 偏离-0.22%, MACD转负
2025-06-17 09:57:03 | INFO     | src.bot.trading_bot:_check_signals:202 | 检测到信号: SHORT 置信度: 0.85 原因: VWAP空头突破: 偏离-0.22%, MACD转负
2025-06-17 09:57:03 | INFO     | src.utils.notifications:send_message:63 | [GENERAL] 📡 交易信号
类型: SHORT
强度: MEDIUM
置信度: 0.85
价格: $598.97
原因: VWAP空头突破: 偏离-0.22%, MACD转负
2025-06-17 09:57:03 | INFO     | src.data.market_data:find_suitable_options:435 | 当前SPY价格: $600.10, 选择PUT期权行权价: $601
2025-06-17 09:57:03 | DEBUG    | src.data.market_data:_generate_option_symbol:470 | 生成期权代码: SPY250617P00601000 (行权价$601, 类型PUT)
2025-06-17 09:57:03 | INFO     | src.data.market_data:find_suitable_options:444 | 成功获取期权SPY250617P00601000的报价数据
2025-06-17 09:57:03 | ERROR    | src.trading.executor:find_best_option:192 | 查找最佳期权失败: 'contractSymbol'
2025-06-17 09:57:03 | WARNING  | src.bot.trading_bot:_check_signals:216 | 信号执行失败: SHORT
2025-06-17 09:57:04 | INFO     | src.trading.executor:update_account_info:125 | 账户更新: 总值$100396.42, 买入力$401585.68
2025-06-17 09:57:04 | DEBUG    | src.bot.trading_bot:_update_market_data:184 | 市场数据更新完成
2025-06-17 09:57:06 | INFO     | src.strategy.signals:generate_signals:468 | 生成信号: SHORT - VWAP空头突破: 偏离-0.22%, MACD转负
2025-06-17 09:57:06 | INFO     | src.bot.trading_bot:_check_signals:202 | 检测到信号: SHORT 置信度: 0.85 原因: VWAP空头突破: 偏离-0.22%, MACD转负
2025-06-17 09:57:06 | INFO     | src.utils.notifications:send_message:63 | [GENERAL] 📡 交易信号
类型: SHORT
强度: MEDIUM
置信度: 0.85
价格: $598.97
原因: VWAP空头突破: 偏离-0.22%, MACD转负
2025-06-17 09:57:06 | INFO     | src.data.market_data:find_suitable_options:435 | 当前SPY价格: $600.10, 选择PUT期权行权价: $601
2025-06-17 09:57:06 | DEBUG    | src.data.market_data:_generate_option_symbol:470 | 生成期权代码: SPY250617P00601000 (行权价$601, 类型PUT)
2025-06-17 09:57:06 | INFO     | src.data.market_data:find_suitable_options:444 | 成功获取期权SPY250617P00601000的报价数据
2025-06-17 09:57:06 | ERROR    | src.trading.executor:find_best_option:192 | 查找最佳期权失败: 'contractSymbol'
2025-06-17 09:57:06 | WARNING  | src.bot.trading_bot:_check_signals:216 | 信号执行失败: SHORT
2025-06-17 09:57:07 | INFO     | src.trading.executor:update_account_info:125 | 账户更新: 总值$100396.42, 买入力$401585.68
2025-06-17 09:57:07 | DEBUG    | src.bot.trading_bot:_update_market_data:184 | 市场数据更新完成
2025-06-17 09:57:10 | INFO     | src.trading.executor:update_account_info:125 | 账户更新: 总值$100396.42, 买入力$401585.68
2025-06-17 09:57:10 | DEBUG    | src.bot.trading_bot:_update_market_data:184 | 市场数据更新完成
2025-06-17 09:57:12 | DEBUG    | src.bot.trading_bot:_update_positions_normal:259 | 📊 常规头寸更新完成
2025-06-17 09:57:14 | INFO     | src.trading.executor:update_account_info:125 | 账户更新: 总值$100396.42, 买入力$401585.68
2025-06-17 09:57:14 | DEBUG    | src.bot.trading_bot:_update_market_data:184 | 市场数据更新完成
2025-06-17 09:57:17 | INFO     | src.trading.executor:update_account_info:125 | 账户更新: 总值$100396.42, 买入力$401585.68
2025-06-17 09:57:17 | DEBUG    | src.bot.trading_bot:_update_market_data:184 | 市场数据更新完成
2025-06-17 09:57:20 | INFO     | src.trading.executor:update_account_info:125 | 账户更新: 总值$100396.42, 买入力$401585.68
2025-06-17 09:57:20 | DEBUG    | src.bot.trading_bot:_update_market_data:184 | 市场数据更新完成
2025-06-17 09:57:23 | INFO     | src.trading.executor:update_account_info:125 | 账户更新: 总值$100396.42, 买入力$401585.68
2025-06-17 09:57:23 | DEBUG    | src.bot.trading_bot:_update_market_data:184 | 市场数据更新完成
2025-06-17 09:57:27 | INFO     | src.trading.executor:update_account_info:125 | 账户更新: 总值$100396.42, 买入力$401585.68
2025-06-17 09:57:27 | DEBUG    | src.bot.trading_bot:_update_market_data:184 | 市场数据更新完成
2025-06-17 09:57:30 | INFO     | src.trading.executor:update_account_info:125 | 账户更新: 总值$100396.42, 买入力$401585.68
2025-06-17 09:57:30 | DEBUG    | src.bot.trading_bot:_update_market_data:184 | 市场数据更新完成
2025-06-17 09:57:33 | INFO     | src.trading.executor:update_account_info:125 | 账户更新: 总值$100396.42, 买入力$401585.68
2025-06-17 09:57:33 | DEBUG    | src.bot.trading_bot:_update_market_data:184 | 市场数据更新完成
2025-06-17 09:57:36 | INFO     | src.trading.executor:update_account_info:125 | 账户更新: 总值$100396.42, 买入力$401585.68
2025-06-17 09:57:36 | DEBUG    | src.bot.trading_bot:_update_market_data:184 | 市场数据更新完成
2025-06-17 09:57:39 | INFO     | src.trading.executor:update_account_info:125 | 账户更新: 总值$100396.42, 买入力$401585.68
2025-06-17 09:57:39 | DEBUG    | src.bot.trading_bot:_update_market_data:184 | 市场数据更新完成
2025-06-17 09:57:43 | INFO     | src.trading.executor:update_account_info:125 | 账户更新: 总值$100396.42, 买入力$401585.68
2025-06-17 09:57:43 | DEBUG    | src.bot.trading_bot:_update_market_data:184 | 市场数据更新完成
2025-06-17 09:57:46 | INFO     | src.trading.executor:update_account_info:125 | 账户更新: 总值$100396.42, 买入力$401585.68
2025-06-17 09:57:46 | DEBUG    | src.bot.trading_bot:_update_market_data:184 | 市场数据更新完成
2025-06-17 09:57:49 | INFO     | src.trading.executor:update_account_info:125 | 账户更新: 总值$100396.42, 买入力$401585.68
2025-06-17 09:57:49 | DEBUG    | src.bot.trading_bot:_update_market_data:184 | 市场数据更新完成
2025-06-17 09:57:52 | INFO     | src.trading.executor:update_account_info:125 | 账户更新: 总值$100396.42, 买入力$401585.68
2025-06-17 09:57:52 | DEBUG    | src.bot.trading_bot:_update_market_data:184 | 市场数据更新完成
2025-06-17 09:57:56 | INFO     | src.trading.executor:update_account_info:125 | 账户更新: 总值$100396.42, 买入力$401585.68
2025-06-17 09:57:56 | DEBUG    | src.bot.trading_bot:_update_market_data:184 | 市场数据更新完成
2025-06-17 09:57:59 | INFO     | src.trading.executor:update_account_info:125 | 账户更新: 总值$100396.42, 买入力$401585.68
2025-06-17 09:57:59 | DEBUG    | src.bot.trading_bot:_update_market_data:184 | 市场数据更新完成
2025-06-17 09:58:02 | INFO     | src.trading.executor:update_account_info:125 | 账户更新: 总值$100396.42, 买入力$401585.68
2025-06-17 09:58:02 | DEBUG    | src.bot.trading_bot:_update_market_data:184 | 市场数据更新完成
2025-06-17 09:58:05 | INFO     | src.trading.executor:update_account_info:125 | 账户更新: 总值$100396.42, 买入力$401585.68
2025-06-17 09:58:05 | DEBUG    | src.bot.trading_bot:_update_market_data:184 | 市场数据更新完成
2025-06-17 09:58:08 | INFO     | src.trading.executor:update_account_info:125 | 账户更新: 总值$100396.42, 买入力$401585.68
2025-06-17 09:58:08 | DEBUG    | src.bot.trading_bot:_update_market_data:184 | 市场数据更新完成
2025-06-17 09:58:12 | INFO     | src.trading.executor:update_account_info:125 | 账户更新: 总值$100396.42, 买入力$401585.68
2025-06-17 09:58:12 | DEBUG    | src.bot.trading_bot:_update_market_data:184 | 市场数据更新完成
2025-06-17 09:58:12 | DEBUG    | src.bot.trading_bot:_update_positions_normal:259 | 📊 常规头寸更新完成
2025-06-17 09:58:15 | INFO     | src.trading.executor:update_account_info:125 | 账户更新: 总值$100396.42, 买入力$401585.68
2025-06-17 09:58:15 | DEBUG    | src.bot.trading_bot:_update_market_data:184 | 市场数据更新完成
2025-06-17 09:58:18 | INFO     | src.trading.executor:update_account_info:125 | 账户更新: 总值$100396.42, 买入力$401585.68
2025-06-17 09:58:18 | DEBUG    | src.bot.trading_bot:_update_market_data:184 | 市场数据更新完成
2025-06-17 09:58:22 | INFO     | src.trading.executor:update_account_info:125 | 账户更新: 总值$100396.42, 买入力$401585.68
2025-06-17 09:58:22 | DEBUG    | src.bot.trading_bot:_update_market_data:184 | 市场数据更新完成
2025-06-17 09:58:25 | INFO     | src.trading.executor:update_account_info:125 | 账户更新: 总值$100396.42, 买入力$401585.68
2025-06-17 09:58:25 | DEBUG    | src.bot.trading_bot:_update_market_data:184 | 市场数据更新完成
2025-06-17 09:58:28 | INFO     | src.trading.executor:update_account_info:125 | 账户更新: 总值$100396.42, 买入力$401585.68
2025-06-17 09:58:28 | DEBUG    | src.bot.trading_bot:_update_market_data:184 | 市场数据更新完成
2025-06-17 09:58:31 | INFO     | src.trading.executor:update_account_info:125 | 账户更新: 总值$100396.42, 买入力$401585.68
2025-06-17 09:58:31 | DEBUG    | src.bot.trading_bot:_update_market_data:184 | 市场数据更新完成
2025-06-17 09:58:34 | INFO     | src.trading.executor:update_account_info:125 | 账户更新: 总值$100396.42, 买入力$401585.68
2025-06-17 09:58:34 | DEBUG    | src.bot.trading_bot:_update_market_data:184 | 市场数据更新完成
2025-06-17 09:58:38 | INFO     | src.trading.executor:update_account_info:125 | 账户更新: 总值$100396.42, 买入力$401585.68
2025-06-17 09:58:38 | DEBUG    | src.bot.trading_bot:_update_market_data:184 | 市场数据更新完成
2025-06-17 09:58:41 | INFO     | src.trading.executor:update_account_info:125 | 账户更新: 总值$100396.42, 买入力$401585.68
2025-06-17 09:58:41 | DEBUG    | src.bot.trading_bot:_update_market_data:184 | 市场数据更新完成
2025-06-17 09:58:44 | INFO     | src.trading.executor:update_account_info:125 | 账户更新: 总值$100396.42, 买入力$401585.68
2025-06-17 09:58:44 | DEBUG    | src.bot.trading_bot:_update_market_data:184 | 市场数据更新完成
2025-06-17 09:58:47 | INFO     | src.trading.executor:update_account_info:125 | 账户更新: 总值$100396.42, 买入力$401585.68
2025-06-17 09:58:47 | DEBUG    | src.bot.trading_bot:_update_market_data:184 | 市场数据更新完成
2025-06-17 09:58:51 | INFO     | src.trading.executor:update_account_info:125 | 账户更新: 总值$100396.42, 买入力$401585.68
2025-06-17 09:58:51 | DEBUG    | src.bot.trading_bot:_update_market_data:184 | 市场数据更新完成
2025-06-17 09:58:54 | INFO     | src.trading.executor:update_account_info:125 | 账户更新: 总值$100396.42, 买入力$401585.68
2025-06-17 09:58:54 | DEBUG    | src.bot.trading_bot:_update_market_data:184 | 市场数据更新完成
2025-06-17 09:58:57 | INFO     | src.trading.executor:update_account_info:125 | 账户更新: 总值$100396.42, 买入力$401585.68
2025-06-17 09:58:57 | DEBUG    | src.bot.trading_bot:_update_market_data:184 | 市场数据更新完成
2025-06-17 09:59:00 | INFO     | src.trading.executor:update_account_info:125 | 账户更新: 总值$100396.42, 买入力$401585.68
2025-06-17 09:59:00 | DEBUG    | src.bot.trading_bot:_update_market_data:184 | 市场数据更新完成
2025-06-17 09:59:03 | INFO     | src.trading.executor:update_account_info:125 | 账户更新: 总值$100396.42, 买入力$401585.68
2025-06-17 09:59:03 | DEBUG    | src.bot.trading_bot:_update_market_data:184 | 市场数据更新完成
2025-06-17 09:59:07 | INFO     | src.trading.executor:update_account_info:125 | 账户更新: 总值$100396.42, 买入力$401585.68
2025-06-17 09:59:07 | DEBUG    | src.bot.trading_bot:_update_market_data:184 | 市场数据更新完成
2025-06-17 09:59:10 | INFO     | src.trading.executor:update_account_info:125 | 账户更新: 总值$100396.42, 买入力$401585.68
2025-06-17 09:59:10 | DEBUG    | src.bot.trading_bot:_update_market_data:184 | 市场数据更新完成
2025-06-17 09:59:12 | DEBUG    | src.bot.trading_bot:_update_positions_normal:259 | 📊 常规头寸更新完成
2025-06-17 09:59:13 | INFO     | src.trading.executor:update_account_info:125 | 账户更新: 总值$100396.42, 买入力$401585.68
2025-06-17 09:59:13 | DEBUG    | src.bot.trading_bot:_update_market_data:184 | 市场数据更新完成
2025-06-17 09:59:16 | INFO     | src.trading.executor:update_account_info:125 | 账户更新: 总值$100396.42, 买入力$401585.68
2025-06-17 09:59:16 | DEBUG    | src.bot.trading_bot:_update_market_data:184 | 市场数据更新完成
2025-06-17 09:59:20 | INFO     | src.trading.executor:update_account_info:125 | 账户更新: 总值$100396.42, 买入力$401585.68
2025-06-17 09:59:20 | DEBUG    | src.bot.trading_bot:_update_market_data:184 | 市场数据更新完成
2025-06-17 09:59:23 | INFO     | src.trading.executor:update_account_info:125 | 账户更新: 总值$100396.42, 买入力$401585.68
2025-06-17 09:59:23 | DEBUG    | src.bot.trading_bot:_update_market_data:184 | 市场数据更新完成
2025-06-17 09:59:26 | INFO     | src.trading.executor:update_account_info:125 | 账户更新: 总值$100396.42, 买入力$401585.68
2025-06-17 09:59:26 | DEBUG    | src.bot.trading_bot:_update_market_data:184 | 市场数据更新完成
2025-06-17 09:59:29 | INFO     | src.trading.executor:update_account_info:125 | 账户更新: 总值$100396.42, 买入力$401585.68
2025-06-17 09:59:29 | DEBUG    | src.bot.trading_bot:_update_market_data:184 | 市场数据更新完成
2025-06-17 09:59:32 | INFO     | src.trading.executor:update_account_info:125 | 账户更新: 总值$100396.42, 买入力$401585.68
2025-06-17 09:59:32 | DEBUG    | src.bot.trading_bot:_update_market_data:184 | 市场数据更新完成
2025-06-17 09:59:36 | INFO     | src.trading.executor:update_account_info:125 | 账户更新: 总值$100396.42, 买入力$401585.68
2025-06-17 09:59:36 | DEBUG    | src.bot.trading_bot:_update_market_data:184 | 市场数据更新完成
2025-06-17 09:59:39 | INFO     | src.trading.executor:update_account_info:125 | 账户更新: 总值$100396.42, 买入力$401585.68
2025-06-17 09:59:39 | DEBUG    | src.bot.trading_bot:_update_market_data:184 | 市场数据更新完成
2025-06-17 09:59:42 | INFO     | src.trading.executor:update_account_info:125 | 账户更新: 总值$100396.42, 买入力$401585.68
2025-06-17 09:59:42 | DEBUG    | src.bot.trading_bot:_update_market_data:184 | 市场数据更新完成
2025-06-17 09:59:45 | INFO     | src.trading.executor:update_account_info:125 | 账户更新: 总值$100396.42, 买入力$401585.68
2025-06-17 09:59:45 | DEBUG    | src.bot.trading_bot:_update_market_data:184 | 市场数据更新完成
2025-06-17 09:59:48 | INFO     | src.trading.executor:update_account_info:125 | 账户更新: 总值$100396.42, 买入力$401585.68
2025-06-17 09:59:48 | DEBUG    | src.bot.trading_bot:_update_market_data:184 | 市场数据更新完成
2025-06-17 09:59:52 | INFO     | src.trading.executor:update_account_info:125 | 账户更新: 总值$100396.42, 买入力$401585.68
2025-06-17 09:59:52 | DEBUG    | src.bot.trading_bot:_update_market_data:184 | 市场数据更新完成
2025-06-17 09:59:55 | INFO     | src.trading.executor:update_account_info:125 | 账户更新: 总值$100396.42, 买入力$401585.68
2025-06-17 09:59:55 | DEBUG    | src.bot.trading_bot:_update_market_data:184 | 市场数据更新完成
2025-06-17 09:59:58 | INFO     | src.trading.executor:update_account_info:125 | 账户更新: 总值$100396.42, 买入力$401585.68
2025-06-17 09:59:58 | DEBUG    | src.bot.trading_bot:_update_market_data:184 | 市场数据更新完成
2025-06-17 10:00:01 | INFO     | src.trading.executor:update_account_info:125 | 账户更新: 总值$100396.42, 买入力$401585.68
2025-06-17 10:00:01 | DEBUG    | src.bot.trading_bot:_update_market_data:184 | 市场数据更新完成
2025-06-17 10:00:05 | INFO     | src.trading.executor:update_account_info:125 | 账户更新: 总值$100396.42, 买入力$401585.68
2025-06-17 10:00:05 | DEBUG    | src.bot.trading_bot:_update_market_data:184 | 市场数据更新完成
2025-06-17 10:00:08 | INFO     | src.trading.executor:update_account_info:125 | 账户更新: 总值$100396.42, 买入力$401585.68
2025-06-17 10:00:08 | DEBUG    | src.bot.trading_bot:_update_market_data:184 | 市场数据更新完成
2025-06-17 10:00:11 | INFO     | src.trading.executor:update_account_info:125 | 账户更新: 总值$100396.42, 买入力$401585.68
2025-06-17 10:00:11 | DEBUG    | src.bot.trading_bot:_update_market_data:184 | 市场数据更新完成
2025-06-17 10:00:13 | DEBUG    | src.bot.trading_bot:_update_positions_normal:259 | 📊 常规头寸更新完成
2025-06-17 10:00:14 | INFO     | src.trading.executor:update_account_info:125 | 账户更新: 总值$100396.42, 买入力$401585.68
2025-06-17 10:00:14 | DEBUG    | src.bot.trading_bot:_update_market_data:184 | 市场数据更新完成
2025-06-17 10:00:17 | INFO     | src.trading.executor:update_account_info:125 | 账户更新: 总值$100396.42, 买入力$401585.68
2025-06-17 10:00:17 | DEBUG    | src.bot.trading_bot:_update_market_data:184 | 市场数据更新完成
2025-06-17 10:00:21 | INFO     | src.trading.executor:update_account_info:125 | 账户更新: 总值$100396.42, 买入力$401585.68
2025-06-17 10:00:21 | DEBUG    | src.bot.trading_bot:_update_market_data:184 | 市场数据更新完成
2025-06-17 10:00:24 | INFO     | src.trading.executor:update_account_info:125 | 账户更新: 总值$100396.42, 买入力$401585.68
2025-06-17 10:00:24 | DEBUG    | src.bot.trading_bot:_update_market_data:184 | 市场数据更新完成
2025-06-17 10:00:27 | INFO     | src.trading.executor:update_account_info:125 | 账户更新: 总值$100396.42, 买入力$401585.68
2025-06-17 10:00:27 | DEBUG    | src.bot.trading_bot:_update_market_data:184 | 市场数据更新完成
2025-06-17 10:00:31 | INFO     | src.trading.executor:update_account_info:125 | 账户更新: 总值$100396.42, 买入力$401585.68
2025-06-17 10:00:31 | DEBUG    | src.bot.trading_bot:_update_market_data:184 | 市场数据更新完成
2025-06-17 10:00:34 | INFO     | src.trading.executor:update_account_info:125 | 账户更新: 总值$100396.42, 买入力$401585.68
2025-06-17 10:00:34 | DEBUG    | src.bot.trading_bot:_update_market_data:184 | 市场数据更新完成
2025-06-17 10:00:37 | INFO     | src.trading.executor:update_account_info:125 | 账户更新: 总值$100396.42, 买入力$401585.68
2025-06-17 10:00:37 | DEBUG    | src.bot.trading_bot:_update_market_data:184 | 市场数据更新完成
2025-06-17 10:00:40 | INFO     | src.trading.executor:update_account_info:125 | 账户更新: 总值$100396.42, 买入力$401585.68
2025-06-17 10:00:40 | DEBUG    | src.bot.trading_bot:_update_market_data:184 | 市场数据更新完成
2025-06-17 10:00:43 | INFO     | src.trading.executor:update_account_info:125 | 账户更新: 总值$100396.42, 买入力$401585.68
2025-06-17 10:00:43 | DEBUG    | src.bot.trading_bot:_update_market_data:184 | 市场数据更新完成
2025-06-17 10:00:47 | INFO     | src.trading.executor:update_account_info:125 | 账户更新: 总值$100396.42, 买入力$401585.68
2025-06-17 10:00:47 | DEBUG    | src.bot.trading_bot:_update_market_data:184 | 市场数据更新完成
2025-06-17 10:00:50 | INFO     | src.trading.executor:update_account_info:125 | 账户更新: 总值$100396.42, 买入力$401585.68
2025-06-17 10:00:50 | DEBUG    | src.bot.trading_bot:_update_market_data:184 | 市场数据更新完成
2025-06-17 10:00:53 | INFO     | src.trading.executor:update_account_info:125 | 账户更新: 总值$100396.42, 买入力$401585.68
2025-06-17 10:00:53 | DEBUG    | src.bot.trading_bot:_update_market_data:184 | 市场数据更新完成
2025-06-17 10:00:56 | INFO     | src.trading.executor:update_account_info:125 | 账户更新: 总值$100396.42, 买入力$401585.68
2025-06-17 10:00:56 | DEBUG    | src.bot.trading_bot:_update_market_data:184 | 市场数据更新完成
2025-06-17 10:01:00 | INFO     | src.trading.executor:update_account_info:125 | 账户更新: 总值$100396.42, 买入力$401585.68
2025-06-17 10:01:00 | DEBUG    | src.bot.trading_bot:_update_market_data:184 | 市场数据更新完成
2025-06-17 10:01:03 | INFO     | src.trading.executor:update_account_info:125 | 账户更新: 总值$100396.42, 买入力$401585.68
2025-06-17 10:01:03 | DEBUG    | src.bot.trading_bot:_update_market_data:184 | 市场数据更新完成
2025-06-17 10:01:06 | INFO     | src.trading.executor:update_account_info:125 | 账户更新: 总值$100396.42, 买入力$401585.68
2025-06-17 10:01:06 | DEBUG    | src.bot.trading_bot:_update_market_data:184 | 市场数据更新完成
2025-06-17 10:01:09 | INFO     | src.trading.executor:update_account_info:125 | 账户更新: 总值$100396.42, 买入力$401585.68
2025-06-17 10:01:09 | DEBUG    | src.bot.trading_bot:_update_market_data:184 | 市场数据更新完成
2025-06-17 10:01:12 | INFO     | src.trading.executor:update_account_info:125 | 账户更新: 总值$100396.42, 买入力$401585.68
2025-06-17 10:01:12 | DEBUG    | src.bot.trading_bot:_update_market_data:184 | 市场数据更新完成
2025-06-17 10:01:13 | DEBUG    | src.bot.trading_bot:_update_positions_normal:259 | 📊 常规头寸更新完成
2025-06-17 10:01:16 | INFO     | src.trading.executor:update_account_info:125 | 账户更新: 总值$100396.42, 买入力$401585.68
2025-06-17 10:01:16 | DEBUG    | src.bot.trading_bot:_update_market_data:184 | 市场数据更新完成
2025-06-17 10:01:19 | INFO     | src.trading.executor:update_account_info:125 | 账户更新: 总值$100396.42, 买入力$401585.68
2025-06-17 10:01:19 | DEBUG    | src.bot.trading_bot:_update_market_data:184 | 市场数据更新完成
2025-06-17 10:01:22 | INFO     | src.trading.executor:update_account_info:125 | 账户更新: 总值$100396.42, 买入力$401585.68
2025-06-17 10:01:22 | DEBUG    | src.bot.trading_bot:_update_market_data:184 | 市场数据更新完成
2025-06-17 10:01:25 | INFO     | src.trading.executor:update_account_info:125 | 账户更新: 总值$100396.42, 买入力$401585.68
2025-06-17 10:01:25 | DEBUG    | src.bot.trading_bot:_update_market_data:184 | 市场数据更新完成
2025-06-17 10:01:29 | INFO     | src.trading.executor:update_account_info:125 | 账户更新: 总值$100396.42, 买入力$401585.68
2025-06-17 10:01:29 | DEBUG    | src.bot.trading_bot:_update_market_data:184 | 市场数据更新完成
2025-06-17 10:01:32 | INFO     | src.trading.executor:update_account_info:125 | 账户更新: 总值$100396.42, 买入力$401585.68
2025-06-17 10:01:32 | DEBUG    | src.bot.trading_bot:_update_market_data:184 | 市场数据更新完成
2025-06-17 10:01:35 | INFO     | src.trading.executor:update_account_info:125 | 账户更新: 总值$100396.42, 买入力$401585.68
2025-06-17 10:01:35 | DEBUG    | src.bot.trading_bot:_update_market_data:184 | 市场数据更新完成
2025-06-17 10:01:38 | INFO     | src.trading.executor:update_account_info:125 | 账户更新: 总值$100396.42, 买入力$401585.68
2025-06-17 10:01:38 | DEBUG    | src.bot.trading_bot:_update_market_data:184 | 市场数据更新完成
2025-06-17 10:01:42 | INFO     | src.trading.executor:update_account_info:125 | 账户更新: 总值$100396.42, 买入力$401585.68
2025-06-17 10:01:42 | DEBUG    | src.bot.trading_bot:_update_market_data:184 | 市场数据更新完成
2025-06-17 10:01:45 | INFO     | src.trading.executor:update_account_info:125 | 账户更新: 总值$100396.42, 买入力$401585.68
2025-06-17 10:01:45 | DEBUG    | src.bot.trading_bot:_update_market_data:184 | 市场数据更新完成
2025-06-17 10:01:48 | INFO     | src.trading.executor:update_account_info:125 | 账户更新: 总值$100396.42, 买入力$401585.68
2025-06-17 10:01:48 | DEBUG    | src.bot.trading_bot:_update_market_data:184 | 市场数据更新完成
2025-06-17 10:01:51 | INFO     | src.trading.executor:update_account_info:125 | 账户更新: 总值$100396.42, 买入力$401585.68
2025-06-17 10:01:51 | DEBUG    | src.bot.trading_bot:_update_market_data:184 | 市场数据更新完成
2025-06-17 10:01:54 | INFO     | src.trading.executor:update_account_info:125 | 账户更新: 总值$100396.42, 买入力$401585.68
2025-06-17 10:01:54 | DEBUG    | src.bot.trading_bot:_update_market_data:184 | 市场数据更新完成
2025-06-17 10:01:58 | INFO     | src.trading.executor:update_account_info:125 | 账户更新: 总值$100396.42, 买入力$401585.68
2025-06-17 10:01:58 | DEBUG    | src.bot.trading_bot:_update_market_data:184 | 市场数据更新完成
2025-06-17 10:02:01 | INFO     | src.trading.executor:update_account_info:125 | 账户更新: 总值$100396.42, 买入力$401585.68
2025-06-17 10:02:01 | DEBUG    | src.bot.trading_bot:_update_market_data:184 | 市场数据更新完成
2025-06-17 10:02:04 | INFO     | src.trading.executor:update_account_info:125 | 账户更新: 总值$100396.42, 买入力$401585.68
2025-06-17 10:02:04 | DEBUG    | src.bot.trading_bot:_update_market_data:184 | 市场数据更新完成
2025-06-17 10:02:07 | INFO     | src.trading.executor:update_account_info:125 | 账户更新: 总值$100396.42, 买入力$401585.68
2025-06-17 10:02:07 | DEBUG    | src.bot.trading_bot:_update_market_data:184 | 市场数据更新完成
2025-06-17 10:02:11 | INFO     | src.trading.executor:update_account_info:125 | 账户更新: 总值$100396.42, 买入力$401585.68
2025-06-17 10:02:11 | DEBUG    | src.bot.trading_bot:_update_market_data:184 | 市场数据更新完成
2025-06-17 10:02:13 | DEBUG    | src.bot.trading_bot:_update_positions_normal:259 | 📊 常规头寸更新完成
2025-06-17 10:02:14 | INFO     | src.trading.executor:update_account_info:125 | 账户更新: 总值$100396.42, 买入力$401585.68
2025-06-17 10:02:14 | DEBUG    | src.bot.trading_bot:_update_market_data:184 | 市场数据更新完成
2025-06-17 10:02:17 | INFO     | src.trading.executor:update_account_info:125 | 账户更新: 总值$100396.42, 买入力$401585.68
2025-06-17 10:02:17 | DEBUG    | src.bot.trading_bot:_update_market_data:184 | 市场数据更新完成
2025-06-17 10:02:20 | INFO     | src.trading.executor:update_account_info:125 | 账户更新: 总值$100396.42, 买入力$401585.68
2025-06-17 10:02:20 | DEBUG    | src.bot.trading_bot:_update_market_data:184 | 市场数据更新完成
2025-06-17 10:02:23 | INFO     | src.trading.executor:update_account_info:125 | 账户更新: 总值$100396.42, 买入力$401585.68
2025-06-17 10:02:23 | DEBUG    | src.bot.trading_bot:_update_market_data:184 | 市场数据更新完成
2025-06-17 10:02:27 | INFO     | src.trading.executor:update_account_info:125 | 账户更新: 总值$100396.42, 买入力$401585.68
2025-06-17 10:02:27 | DEBUG    | src.bot.trading_bot:_update_market_data:184 | 市场数据更新完成
2025-06-17 10:02:30 | INFO     | src.trading.executor:update_account_info:125 | 账户更新: 总值$100396.42, 买入力$401585.68
2025-06-17 10:02:30 | DEBUG    | src.bot.trading_bot:_update_market_data:184 | 市场数据更新完成
2025-06-17 10:02:33 | INFO     | src.trading.executor:update_account_info:125 | 账户更新: 总值$100396.42, 买入力$401585.68
2025-06-17 10:02:33 | DEBUG    | src.bot.trading_bot:_update_market_data:184 | 市场数据更新完成
2025-06-17 10:02:36 | INFO     | src.trading.executor:update_account_info:125 | 账户更新: 总值$100396.42, 买入力$401585.68
2025-06-17 10:02:36 | DEBUG    | src.bot.trading_bot:_update_market_data:184 | 市场数据更新完成
2025-06-17 10:02:40 | INFO     | src.trading.executor:update_account_info:125 | 账户更新: 总值$100396.42, 买入力$401585.68
2025-06-17 10:02:40 | DEBUG    | src.bot.trading_bot:_update_market_data:184 | 市场数据更新完成
2025-06-17 10:02:43 | INFO     | src.trading.executor:update_account_info:125 | 账户更新: 总值$100396.42, 买入力$401585.68
2025-06-17 10:02:43 | DEBUG    | src.bot.trading_bot:_update_market_data:184 | 市场数据更新完成
2025-06-17 10:02:46 | INFO     | src.trading.executor:update_account_info:125 | 账户更新: 总值$100396.42, 买入力$401585.68
2025-06-17 10:02:46 | DEBUG    | src.bot.trading_bot:_update_market_data:184 | 市场数据更新完成
2025-06-17 10:02:49 | INFO     | src.trading.executor:update_account_info:125 | 账户更新: 总值$100396.42, 买入力$401585.68
2025-06-17 10:02:49 | DEBUG    | src.bot.trading_bot:_update_market_data:184 | 市场数据更新完成
2025-06-17 10:02:53 | INFO     | src.trading.executor:update_account_info:125 | 账户更新: 总值$100396.42, 买入力$401585.68
2025-06-17 10:02:53 | DEBUG    | src.bot.trading_bot:_update_market_data:184 | 市场数据更新完成
2025-06-17 10:02:56 | INFO     | src.trading.executor:update_account_info:125 | 账户更新: 总值$100396.42, 买入力$401585.68
2025-06-17 10:02:56 | DEBUG    | src.bot.trading_bot:_update_market_data:184 | 市场数据更新完成
2025-06-17 10:02:59 | INFO     | src.trading.executor:update_account_info:125 | 账户更新: 总值$100396.42, 买入力$401585.68
2025-06-17 10:02:59 | DEBUG    | src.bot.trading_bot:_update_market_data:184 | 市场数据更新完成
2025-06-17 10:03:02 | INFO     | src.trading.executor:update_account_info:125 | 账户更新: 总值$100396.42, 买入力$401585.68
2025-06-17 10:03:02 | DEBUG    | src.bot.trading_bot:_update_market_data:184 | 市场数据更新完成
2025-06-17 10:03:06 | INFO     | src.trading.executor:update_account_info:125 | 账户更新: 总值$100396.42, 买入力$401585.68
2025-06-17 10:03:06 | DEBUG    | src.bot.trading_bot:_update_market_data:184 | 市场数据更新完成
2025-06-17 10:03:09 | INFO     | src.trading.executor:update_account_info:125 | 账户更新: 总值$100396.42, 买入力$401585.68
2025-06-17 10:03:09 | DEBUG    | src.bot.trading_bot:_update_market_data:184 | 市场数据更新完成
2025-06-17 10:03:12 | INFO     | src.trading.executor:update_account_info:125 | 账户更新: 总值$100396.42, 买入力$401585.68
2025-06-17 10:03:12 | DEBUG    | src.bot.trading_bot:_update_market_data:184 | 市场数据更新完成
2025-06-17 10:03:14 | DEBUG    | src.bot.trading_bot:_update_positions_normal:259 | 📊 常规头寸更新完成
2025-06-17 10:03:15 | INFO     | src.trading.executor:update_account_info:125 | 账户更新: 总值$100396.42, 买入力$401585.68
2025-06-17 10:03:15 | DEBUG    | src.bot.trading_bot:_update_market_data:184 | 市场数据更新完成
2025-06-17 10:03:18 | INFO     | src.trading.executor:update_account_info:125 | 账户更新: 总值$100396.42, 买入力$401585.68
2025-06-17 10:03:18 | DEBUG    | src.bot.trading_bot:_update_market_data:184 | 市场数据更新完成
2025-06-17 10:03:22 | INFO     | src.trading.executor:update_account_info:125 | 账户更新: 总值$100396.42, 买入力$401585.68
2025-06-17 10:03:22 | DEBUG    | src.bot.trading_bot:_update_market_data:184 | 市场数据更新完成
2025-06-17 10:03:25 | INFO     | src.trading.executor:update_account_info:125 | 账户更新: 总值$100396.42, 买入力$401585.68
2025-06-17 10:03:25 | DEBUG    | src.bot.trading_bot:_update_market_data:184 | 市场数据更新完成
2025-06-17 10:03:28 | INFO     | src.trading.executor:update_account_info:125 | 账户更新: 总值$100396.42, 买入力$401585.68
2025-06-17 10:03:28 | DEBUG    | src.bot.trading_bot:_update_market_data:184 | 市场数据更新完成
2025-06-17 10:03:31 | INFO     | src.trading.executor:update_account_info:125 | 账户更新: 总值$100396.42, 买入力$401585.68
2025-06-17 10:03:31 | DEBUG    | src.bot.trading_bot:_update_market_data:184 | 市场数据更新完成
2025-06-17 10:03:34 | INFO     | src.trading.executor:update_account_info:125 | 账户更新: 总值$100396.42, 买入力$401585.68
2025-06-17 10:03:34 | DEBUG    | src.bot.trading_bot:_update_market_data:184 | 市场数据更新完成
2025-06-17 10:03:38 | INFO     | src.trading.executor:update_account_info:125 | 账户更新: 总值$100396.42, 买入力$401585.68
2025-06-17 10:03:38 | DEBUG    | src.bot.trading_bot:_update_market_data:184 | 市场数据更新完成
2025-06-17 10:03:41 | INFO     | src.trading.executor:update_account_info:125 | 账户更新: 总值$100396.42, 买入力$401585.68
2025-06-17 10:03:41 | DEBUG    | src.bot.trading_bot:_update_market_data:184 | 市场数据更新完成
2025-06-17 10:03:44 | INFO     | src.trading.executor:update_account_info:125 | 账户更新: 总值$100396.42, 买入力$401585.68
2025-06-17 10:03:44 | DEBUG    | src.bot.trading_bot:_update_market_data:184 | 市场数据更新完成
2025-06-17 10:03:47 | INFO     | src.trading.executor:update_account_info:125 | 账户更新: 总值$100396.42, 买入力$401585.68
2025-06-17 10:03:47 | DEBUG    | src.bot.trading_bot:_update_market_data:184 | 市场数据更新完成
2025-06-17 10:03:51 | INFO     | src.trading.executor:update_account_info:125 | 账户更新: 总值$100396.42, 买入力$401585.68
2025-06-17 10:03:51 | DEBUG    | src.bot.trading_bot:_update_market_data:184 | 市场数据更新完成
2025-06-17 10:03:54 | INFO     | src.trading.executor:update_account_info:125 | 账户更新: 总值$100396.42, 买入力$401585.68
2025-06-17 10:03:54 | DEBUG    | src.bot.trading_bot:_update_market_data:184 | 市场数据更新完成
2025-06-17 10:03:57 | INFO     | src.trading.executor:update_account_info:125 | 账户更新: 总值$100396.42, 买入力$401585.68
2025-06-17 10:03:57 | DEBUG    | src.bot.trading_bot:_update_market_data:184 | 市场数据更新完成
2025-06-17 10:04:00 | INFO     | src.trading.executor:update_account_info:125 | 账户更新: 总值$100396.42, 买入力$401585.68
2025-06-17 10:04:00 | DEBUG    | src.bot.trading_bot:_update_market_data:184 | 市场数据更新完成
2025-06-17 10:04:03 | INFO     | src.trading.executor:update_account_info:125 | 账户更新: 总值$100396.42, 买入力$401585.68
2025-06-17 10:04:03 | DEBUG    | src.bot.trading_bot:_update_market_data:184 | 市场数据更新完成
2025-06-17 10:04:07 | INFO     | src.trading.executor:update_account_info:125 | 账户更新: 总值$100396.42, 买入力$401585.68
2025-06-17 10:04:07 | DEBUG    | src.bot.trading_bot:_update_market_data:184 | 市场数据更新完成
2025-06-17 10:04:10 | INFO     | src.trading.executor:update_account_info:125 | 账户更新: 总值$100396.42, 买入力$401585.68
2025-06-17 10:04:10 | DEBUG    | src.bot.trading_bot:_update_market_data:184 | 市场数据更新完成
2025-06-17 10:04:13 | INFO     | src.trading.executor:update_account_info:125 | 账户更新: 总值$100396.42, 买入力$401585.68
2025-06-17 10:04:13 | DEBUG    | src.bot.trading_bot:_update_market_data:184 | 市场数据更新完成
2025-06-17 10:04:14 | DEBUG    | src.bot.trading_bot:_update_positions_normal:259 | 📊 常规头寸更新完成
2025-06-17 10:04:16 | INFO     | src.trading.executor:update_account_info:125 | 账户更新: 总值$100396.42, 买入力$401585.68
2025-06-17 10:04:16 | DEBUG    | src.bot.trading_bot:_update_market_data:184 | 市场数据更新完成
2025-06-17 10:04:20 | INFO     | src.trading.executor:update_account_info:125 | 账户更新: 总值$100396.42, 买入力$401585.68
2025-06-17 10:04:20 | DEBUG    | src.bot.trading_bot:_update_market_data:184 | 市场数据更新完成
2025-06-17 10:04:23 | INFO     | src.trading.executor:update_account_info:125 | 账户更新: 总值$100396.42, 买入力$401585.68
2025-06-17 10:04:23 | DEBUG    | src.bot.trading_bot:_update_market_data:184 | 市场数据更新完成
2025-06-17 10:04:26 | INFO     | src.trading.executor:update_account_info:125 | 账户更新: 总值$100396.42, 买入力$401585.68
2025-06-17 10:04:26 | DEBUG    | src.bot.trading_bot:_update_market_data:184 | 市场数据更新完成
2025-06-17 10:04:29 | INFO     | src.trading.executor:update_account_info:125 | 账户更新: 总值$100396.42, 买入力$401585.68
2025-06-17 10:04:29 | DEBUG    | src.bot.trading_bot:_update_market_data:184 | 市场数据更新完成
2025-06-17 10:04:32 | INFO     | src.trading.executor:update_account_info:125 | 账户更新: 总值$100396.42, 买入力$401585.68
2025-06-17 10:04:32 | DEBUG    | src.bot.trading_bot:_update_market_data:184 | 市场数据更新完成
2025-06-17 10:04:36 | INFO     | src.trading.executor:update_account_info:125 | 账户更新: 总值$100396.42, 买入力$401585.68
2025-06-17 10:04:36 | DEBUG    | src.bot.trading_bot:_update_market_data:184 | 市场数据更新完成
2025-06-17 10:04:39 | INFO     | src.trading.executor:update_account_info:125 | 账户更新: 总值$100396.42, 买入力$401585.68
2025-06-17 10:04:39 | DEBUG    | src.bot.trading_bot:_update_market_data:184 | 市场数据更新完成
2025-06-17 10:04:42 | INFO     | src.trading.executor:update_account_info:125 | 账户更新: 总值$100396.42, 买入力$401585.68
2025-06-17 10:04:42 | DEBUG    | src.bot.trading_bot:_update_market_data:184 | 市场数据更新完成
2025-06-17 10:04:46 | INFO     | src.trading.executor:update_account_info:125 | 账户更新: 总值$100396.42, 买入力$401585.68
2025-06-17 10:04:46 | DEBUG    | src.bot.trading_bot:_update_market_data:184 | 市场数据更新完成
2025-06-17 10:04:49 | INFO     | src.trading.executor:update_account_info:125 | 账户更新: 总值$100396.42, 买入力$401585.68
2025-06-17 10:04:49 | DEBUG    | src.bot.trading_bot:_update_market_data:184 | 市场数据更新完成
2025-06-17 10:04:52 | INFO     | src.trading.executor:update_account_info:125 | 账户更新: 总值$100396.42, 买入力$401585.68
2025-06-17 10:04:52 | DEBUG    | src.bot.trading_bot:_update_market_data:184 | 市场数据更新完成
2025-06-17 10:04:55 | INFO     | src.trading.executor:update_account_info:125 | 账户更新: 总值$100396.42, 买入力$401585.68
2025-06-17 10:04:55 | DEBUG    | src.bot.trading_bot:_update_market_data:184 | 市场数据更新完成
2025-06-17 10:04:59 | INFO     | src.trading.executor:update_account_info:125 | 账户更新: 总值$100396.42, 买入力$401585.68
2025-06-17 10:04:59 | DEBUG    | src.bot.trading_bot:_update_market_data:184 | 市场数据更新完成
2025-06-17 10:05:02 | INFO     | src.trading.executor:update_account_info:125 | 账户更新: 总值$100396.42, 买入力$401585.68
2025-06-17 10:05:02 | DEBUG    | src.bot.trading_bot:_update_market_data:184 | 市场数据更新完成
2025-06-17 10:05:05 | INFO     | src.trading.executor:update_account_info:125 | 账户更新: 总值$100396.42, 买入力$401585.68
2025-06-17 10:05:05 | DEBUG    | src.bot.trading_bot:_update_market_data:184 | 市场数据更新完成
2025-06-17 10:05:08 | INFO     | src.trading.executor:update_account_info:125 | 账户更新: 总值$100396.42, 买入力$401585.68
2025-06-17 10:05:08 | DEBUG    | src.bot.trading_bot:_update_market_data:184 | 市场数据更新完成
2025-06-17 10:05:11 | INFO     | src.trading.executor:update_account_info:125 | 账户更新: 总值$100396.42, 买入力$401585.68
2025-06-17 10:05:11 | DEBUG    | src.bot.trading_bot:_update_market_data:184 | 市场数据更新完成
2025-06-17 10:05:14 | DEBUG    | src.bot.trading_bot:_update_positions_normal:259 | 📊 常规头寸更新完成
2025-06-17 10:05:15 | INFO     | src.trading.executor:update_account_info:125 | 账户更新: 总值$100396.42, 买入力$401585.68
2025-06-17 10:05:15 | DEBUG    | src.bot.trading_bot:_update_market_data:184 | 市场数据更新完成
2025-06-17 10:05:18 | INFO     | src.trading.executor:update_account_info:125 | 账户更新: 总值$100396.42, 买入力$401585.68
2025-06-17 10:05:18 | DEBUG    | src.bot.trading_bot:_update_market_data:184 | 市场数据更新完成
2025-06-17 10:05:21 | INFO     | src.trading.executor:update_account_info:125 | 账户更新: 总值$100396.42, 买入力$401585.68
2025-06-17 10:05:21 | DEBUG    | src.bot.trading_bot:_update_market_data:184 | 市场数据更新完成
2025-06-17 10:05:24 | INFO     | src.trading.executor:update_account_info:125 | 账户更新: 总值$100396.42, 买入力$401585.68
2025-06-17 10:05:24 | DEBUG    | src.bot.trading_bot:_update_market_data:184 | 市场数据更新完成
2025-06-17 10:05:28 | INFO     | src.trading.executor:update_account_info:125 | 账户更新: 总值$100396.42, 买入力$401585.68
2025-06-17 10:05:28 | DEBUG    | src.bot.trading_bot:_update_market_data:184 | 市场数据更新完成
2025-06-17 10:05:31 | INFO     | src.trading.executor:update_account_info:125 | 账户更新: 总值$100396.42, 买入力$401585.68
2025-06-17 10:05:31 | DEBUG    | src.bot.trading_bot:_update_market_data:184 | 市场数据更新完成
2025-06-17 10:05:34 | INFO     | src.trading.executor:update_account_info:125 | 账户更新: 总值$100396.42, 买入力$401585.68
2025-06-17 10:05:34 | DEBUG    | src.bot.trading_bot:_update_market_data:184 | 市场数据更新完成
2025-06-17 10:05:37 | INFO     | src.trading.executor:update_account_info:125 | 账户更新: 总值$100396.42, 买入力$401585.68
2025-06-17 10:05:37 | DEBUG    | src.bot.trading_bot:_update_market_data:184 | 市场数据更新完成
2025-06-17 10:05:40 | INFO     | src.trading.executor:update_account_info:125 | 账户更新: 总值$100396.42, 买入力$401585.68
2025-06-17 10:05:40 | DEBUG    | src.bot.trading_bot:_update_market_data:184 | 市场数据更新完成
2025-06-17 10:05:44 | INFO     | src.trading.executor:update_account_info:125 | 账户更新: 总值$100396.42, 买入力$401585.68
2025-06-17 10:05:44 | DEBUG    | src.bot.trading_bot:_update_market_data:184 | 市场数据更新完成
2025-06-17 10:05:47 | INFO     | src.trading.executor:update_account_info:125 | 账户更新: 总值$100396.42, 买入力$401585.68
2025-06-17 10:05:47 | DEBUG    | src.bot.trading_bot:_update_market_data:184 | 市场数据更新完成
2025-06-17 10:05:50 | INFO     | src.trading.executor:update_account_info:125 | 账户更新: 总值$100396.42, 买入力$401585.68
2025-06-17 10:05:50 | DEBUG    | src.bot.trading_bot:_update_market_data:184 | 市场数据更新完成
2025-06-17 10:05:53 | INFO     | src.trading.executor:update_account_info:125 | 账户更新: 总值$100396.42, 买入力$401585.68
2025-06-17 10:05:53 | DEBUG    | src.bot.trading_bot:_update_market_data:184 | 市场数据更新完成
2025-06-17 10:05:57 | INFO     | src.trading.executor:update_account_info:125 | 账户更新: 总值$100396.42, 买入力$401585.68
2025-06-17 10:05:57 | DEBUG    | src.bot.trading_bot:_update_market_data:184 | 市场数据更新完成
2025-06-17 10:06:00 | INFO     | src.trading.executor:update_account_info:125 | 账户更新: 总值$100396.42, 买入力$401585.68
2025-06-17 10:06:00 | DEBUG    | src.bot.trading_bot:_update_market_data:184 | 市场数据更新完成
2025-06-17 10:06:03 | INFO     | src.trading.executor:update_account_info:125 | 账户更新: 总值$100396.42, 买入力$401585.68
2025-06-17 10:06:03 | DEBUG    | src.bot.trading_bot:_update_market_data:184 | 市场数据更新完成
2025-06-17 10:06:06 | INFO     | src.trading.executor:update_account_info:125 | 账户更新: 总值$100396.42, 买入力$401585.68
2025-06-17 10:06:06 | DEBUG    | src.bot.trading_bot:_update_market_data:184 | 市场数据更新完成
2025-06-17 10:06:09 | INFO     | src.trading.executor:update_account_info:125 | 账户更新: 总值$100396.42, 买入力$401585.68
2025-06-17 10:06:09 | DEBUG    | src.bot.trading_bot:_update_market_data:184 | 市场数据更新完成
2025-06-17 10:06:13 | INFO     | src.trading.executor:update_account_info:125 | 账户更新: 总值$100396.42, 买入力$401585.68
2025-06-17 10:06:13 | DEBUG    | src.bot.trading_bot:_update_market_data:184 | 市场数据更新完成
2025-06-17 10:06:14 | DEBUG    | src.bot.trading_bot:_update_positions_normal:259 | 📊 常规头寸更新完成
2025-06-17 10:06:16 | INFO     | src.trading.executor:update_account_info:125 | 账户更新: 总值$100396.42, 买入力$401585.68
2025-06-17 10:06:16 | DEBUG    | src.bot.trading_bot:_update_market_data:184 | 市场数据更新完成
2025-06-17 10:06:20 | INFO     | src.trading.executor:update_account_info:125 | 账户更新: 总值$100396.42, 买入力$401585.68
2025-06-17 10:06:20 | DEBUG    | src.bot.trading_bot:_update_market_data:184 | 市场数据更新完成
2025-06-17 10:06:23 | INFO     | src.trading.executor:update_account_info:125 | 账户更新: 总值$100396.42, 买入力$401585.68
2025-06-17 10:06:23 | DEBUG    | src.bot.trading_bot:_update_market_data:184 | 市场数据更新完成
2025-06-17 10:06:26 | INFO     | src.trading.executor:update_account_info:125 | 账户更新: 总值$100396.42, 买入力$401585.68
2025-06-17 10:06:26 | DEBUG    | src.bot.trading_bot:_update_market_data:184 | 市场数据更新完成
2025-06-17 10:06:29 | INFO     | src.trading.executor:update_account_info:125 | 账户更新: 总值$100396.42, 买入力$401585.68
2025-06-17 10:06:29 | DEBUG    | src.bot.trading_bot:_update_market_data:184 | 市场数据更新完成
2025-06-17 10:06:32 | INFO     | src.trading.executor:update_account_info:125 | 账户更新: 总值$100396.42, 买入力$401585.68
2025-06-17 10:06:32 | DEBUG    | src.bot.trading_bot:_update_market_data:184 | 市场数据更新完成
2025-06-17 10:06:35 | INFO     | src.trading.executor:update_account_info:125 | 账户更新: 总值$100396.42, 买入力$401585.68
2025-06-17 10:06:35 | DEBUG    | src.bot.trading_bot:_update_market_data:184 | 市场数据更新完成
2025-06-17 10:06:39 | INFO     | src.trading.executor:update_account_info:125 | 账户更新: 总值$100396.42, 买入力$401585.68
2025-06-17 10:06:39 | DEBUG    | src.bot.trading_bot:_update_market_data:184 | 市场数据更新完成
2025-06-17 10:06:42 | INFO     | src.trading.executor:update_account_info:125 | 账户更新: 总值$100396.42, 买入力$401585.68
2025-06-17 10:06:42 | DEBUG    | src.bot.trading_bot:_update_market_data:184 | 市场数据更新完成
2025-06-17 10:06:45 | INFO     | src.trading.executor:update_account_info:125 | 账户更新: 总值$100396.42, 买入力$401585.68
2025-06-17 10:06:45 | DEBUG    | src.bot.trading_bot:_update_market_data:184 | 市场数据更新完成
2025-06-17 10:06:48 | INFO     | src.trading.executor:update_account_info:125 | 账户更新: 总值$100396.42, 买入力$401585.68
2025-06-17 10:06:48 | DEBUG    | src.bot.trading_bot:_update_market_data:184 | 市场数据更新完成
2025-06-17 10:06:52 | INFO     | src.trading.executor:update_account_info:125 | 账户更新: 总值$100396.42, 买入力$401585.68
2025-06-17 10:06:52 | DEBUG    | src.bot.trading_bot:_update_market_data:184 | 市场数据更新完成
2025-06-17 10:06:55 | INFO     | src.trading.executor:update_account_info:125 | 账户更新: 总值$100396.42, 买入力$401585.68
2025-06-17 10:06:55 | DEBUG    | src.bot.trading_bot:_update_market_data:184 | 市场数据更新完成
2025-06-17 10:06:58 | INFO     | src.trading.executor:update_account_info:125 | 账户更新: 总值$100396.42, 买入力$401585.68
2025-06-17 10:06:58 | DEBUG    | src.bot.trading_bot:_update_market_data:184 | 市场数据更新完成
2025-06-17 10:07:01 | INFO     | src.trading.executor:update_account_info:125 | 账户更新: 总值$100396.42, 买入力$401585.68
2025-06-17 10:07:01 | DEBUG    | src.bot.trading_bot:_update_market_data:184 | 市场数据更新完成
2025-06-17 10:07:05 | INFO     | src.trading.executor:update_account_info:125 | 账户更新: 总值$100396.42, 买入力$401585.68
2025-06-17 10:07:05 | DEBUG    | src.bot.trading_bot:_update_market_data:184 | 市场数据更新完成
2025-06-17 10:07:08 | INFO     | src.trading.executor:update_account_info:125 | 账户更新: 总值$100396.42, 买入力$401585.68
2025-06-17 10:07:08 | DEBUG    | src.bot.trading_bot:_update_market_data:184 | 市场数据更新完成
2025-06-17 10:07:11 | INFO     | src.trading.executor:update_account_info:125 | 账户更新: 总值$100396.42, 买入力$401585.68
2025-06-17 10:07:11 | DEBUG    | src.bot.trading_bot:_update_market_data:184 | 市场数据更新完成
2025-06-17 10:07:14 | INFO     | src.trading.executor:update_account_info:125 | 账户更新: 总值$100396.42, 买入力$401585.68
2025-06-17 10:07:14 | DEBUG    | src.bot.trading_bot:_update_market_data:184 | 市场数据更新完成
2025-06-17 10:07:15 | DEBUG    | src.bot.trading_bot:_update_positions_normal:259 | 📊 常规头寸更新完成
2025-06-17 10:07:17 | INFO     | src.trading.executor:update_account_info:125 | 账户更新: 总值$100396.42, 买入力$401585.68
2025-06-17 10:07:17 | DEBUG    | src.bot.trading_bot:_update_market_data:184 | 市场数据更新完成
2025-06-17 10:07:21 | INFO     | src.trading.executor:update_account_info:125 | 账户更新: 总值$100396.42, 买入力$401585.68
2025-06-17 10:07:21 | DEBUG    | src.bot.trading_bot:_update_market_data:184 | 市场数据更新完成
2025-06-17 10:07:24 | INFO     | src.trading.executor:update_account_info:125 | 账户更新: 总值$100396.42, 买入力$401585.68
2025-06-17 10:07:24 | DEBUG    | src.bot.trading_bot:_update_market_data:184 | 市场数据更新完成
2025-06-17 10:07:27 | INFO     | src.trading.executor:update_account_info:125 | 账户更新: 总值$100396.42, 买入力$401585.68
2025-06-17 10:07:27 | DEBUG    | src.bot.trading_bot:_update_market_data:184 | 市场数据更新完成
2025-06-17 10:07:30 | INFO     | src.trading.executor:update_account_info:125 | 账户更新: 总值$100396.42, 买入力$401585.68
2025-06-17 10:07:30 | DEBUG    | src.bot.trading_bot:_update_market_data:184 | 市场数据更新完成
2025-06-17 10:07:34 | INFO     | src.trading.executor:update_account_info:125 | 账户更新: 总值$100396.42, 买入力$401585.68
2025-06-17 10:07:34 | DEBUG    | src.bot.trading_bot:_update_market_data:184 | 市场数据更新完成
2025-06-17 10:07:37 | INFO     | src.trading.executor:update_account_info:125 | 账户更新: 总值$100396.42, 买入力$401585.68
2025-06-17 10:07:37 | DEBUG    | src.bot.trading_bot:_update_market_data:184 | 市场数据更新完成
2025-06-17 10:07:40 | INFO     | src.trading.executor:update_account_info:125 | 账户更新: 总值$100396.42, 买入力$401585.68
2025-06-17 10:07:40 | DEBUG    | src.bot.trading_bot:_update_market_data:184 | 市场数据更新完成
2025-06-17 10:07:43 | INFO     | src.trading.executor:update_account_info:125 | 账户更新: 总值$100396.42, 买入力$401585.68
2025-06-17 10:07:43 | DEBUG    | src.bot.trading_bot:_update_market_data:184 | 市场数据更新完成
2025-06-17 10:07:46 | INFO     | src.trading.executor:update_account_info:125 | 账户更新: 总值$100396.42, 买入力$401585.68
2025-06-17 10:07:46 | DEBUG    | src.bot.trading_bot:_update_market_data:184 | 市场数据更新完成
2025-06-17 10:07:50 | INFO     | src.trading.executor:update_account_info:125 | 账户更新: 总值$100396.42, 买入力$401585.68
2025-06-17 10:07:50 | DEBUG    | src.bot.trading_bot:_update_market_data:184 | 市场数据更新完成
2025-06-17 10:07:53 | INFO     | src.trading.executor:update_account_info:125 | 账户更新: 总值$100396.42, 买入力$401585.68
2025-06-17 10:07:53 | DEBUG    | src.bot.trading_bot:_update_market_data:184 | 市场数据更新完成
2025-06-17 10:07:56 | INFO     | src.trading.executor:update_account_info:125 | 账户更新: 总值$100396.42, 买入力$401585.68
2025-06-17 10:07:56 | DEBUG    | src.bot.trading_bot:_update_market_data:184 | 市场数据更新完成
2025-06-17 10:07:59 | INFO     | src.trading.executor:update_account_info:125 | 账户更新: 总值$100396.42, 买入力$401585.68
2025-06-17 10:07:59 | DEBUG    | src.bot.trading_bot:_update_market_data:184 | 市场数据更新完成
2025-06-17 10:08:03 | INFO     | src.trading.executor:update_account_info:125 | 账户更新: 总值$100396.42, 买入力$401585.68
2025-06-17 10:08:03 | DEBUG    | src.bot.trading_bot:_update_market_data:184 | 市场数据更新完成
2025-06-17 10:08:06 | INFO     | src.trading.executor:update_account_info:125 | 账户更新: 总值$100396.42, 买入力$401585.68
2025-06-17 10:08:06 | DEBUG    | src.bot.trading_bot:_update_market_data:184 | 市场数据更新完成
2025-06-17 10:08:09 | INFO     | src.trading.executor:update_account_info:125 | 账户更新: 总值$100396.42, 买入力$401585.68
2025-06-17 10:08:09 | DEBUG    | src.bot.trading_bot:_update_market_data:184 | 市场数据更新完成
2025-06-17 10:08:12 | INFO     | src.trading.executor:update_account_info:125 | 账户更新: 总值$100396.42, 买入力$401585.68
2025-06-17 10:08:12 | DEBUG    | src.bot.trading_bot:_update_market_data:184 | 市场数据更新完成
2025-06-17 10:08:15 | DEBUG    | src.bot.trading_bot:_update_positions_normal:259 | 📊 常规头寸更新完成
2025-06-17 10:08:15 | INFO     | src.trading.executor:update_account_info:125 | 账户更新: 总值$100396.42, 买入力$401585.68
2025-06-17 10:08:15 | DEBUG    | src.bot.trading_bot:_update_market_data:184 | 市场数据更新完成
2025-06-17 10:08:19 | INFO     | src.trading.executor:update_account_info:125 | 账户更新: 总值$100396.42, 买入力$401585.68
2025-06-17 10:08:19 | DEBUG    | src.bot.trading_bot:_update_market_data:184 | 市场数据更新完成
2025-06-17 10:08:22 | INFO     | src.trading.executor:update_account_info:125 | 账户更新: 总值$100396.42, 买入力$401585.68
2025-06-17 10:08:22 | DEBUG    | src.bot.trading_bot:_update_market_data:184 | 市场数据更新完成
2025-06-17 10:08:25 | INFO     | src.trading.executor:update_account_info:125 | 账户更新: 总值$100396.42, 买入力$401585.68
2025-06-17 10:08:25 | DEBUG    | src.bot.trading_bot:_update_market_data:184 | 市场数据更新完成
2025-06-17 10:08:28 | INFO     | src.trading.executor:update_account_info:125 | 账户更新: 总值$100396.42, 买入力$401585.68
2025-06-17 10:08:28 | DEBUG    | src.bot.trading_bot:_update_market_data:184 | 市场数据更新完成
2025-06-17 10:08:32 | INFO     | src.trading.executor:update_account_info:125 | 账户更新: 总值$100396.42, 买入力$401585.68
2025-06-17 10:08:32 | DEBUG    | src.bot.trading_bot:_update_market_data:184 | 市场数据更新完成
2025-06-17 10:08:35 | INFO     | src.trading.executor:update_account_info:125 | 账户更新: 总值$100396.42, 买入力$401585.68
2025-06-17 10:08:35 | DEBUG    | src.bot.trading_bot:_update_market_data:184 | 市场数据更新完成
2025-06-17 10:08:38 | INFO     | src.trading.executor:update_account_info:125 | 账户更新: 总值$100396.42, 买入力$401585.68
2025-06-17 10:08:38 | DEBUG    | src.bot.trading_bot:_update_market_data:184 | 市场数据更新完成
2025-06-17 10:08:41 | INFO     | src.trading.executor:update_account_info:125 | 账户更新: 总值$100396.42, 买入力$401585.68
2025-06-17 10:08:41 | DEBUG    | src.bot.trading_bot:_update_market_data:184 | 市场数据更新完成
2025-06-17 10:08:44 | INFO     | src.trading.executor:update_account_info:125 | 账户更新: 总值$100396.42, 买入力$401585.68
2025-06-17 10:08:44 | DEBUG    | src.bot.trading_bot:_update_market_data:184 | 市场数据更新完成
2025-06-17 10:08:48 | INFO     | src.trading.executor:update_account_info:125 | 账户更新: 总值$100396.42, 买入力$401585.68
2025-06-17 10:08:48 | DEBUG    | src.bot.trading_bot:_update_market_data:184 | 市场数据更新完成
2025-06-17 10:08:51 | INFO     | src.trading.executor:update_account_info:125 | 账户更新: 总值$100396.42, 买入力$401585.68
2025-06-17 10:08:51 | DEBUG    | src.bot.trading_bot:_update_market_data:184 | 市场数据更新完成
2025-06-17 10:08:54 | INFO     | src.trading.executor:update_account_info:125 | 账户更新: 总值$100396.42, 买入力$401585.68
2025-06-17 10:08:54 | DEBUG    | src.bot.trading_bot:_update_market_data:184 | 市场数据更新完成
2025-06-17 10:08:57 | INFO     | src.trading.executor:update_account_info:125 | 账户更新: 总值$100396.42, 买入力$401585.68
2025-06-17 10:08:57 | DEBUG    | src.bot.trading_bot:_update_market_data:184 | 市场数据更新完成
2025-06-17 10:09:01 | INFO     | src.trading.executor:update_account_info:125 | 账户更新: 总值$100396.42, 买入力$401585.68
2025-06-17 10:09:01 | DEBUG    | src.bot.trading_bot:_update_market_data:184 | 市场数据更新完成
2025-06-17 10:09:04 | INFO     | src.trading.executor:update_account_info:125 | 账户更新: 总值$100396.42, 买入力$401585.68
2025-06-17 10:09:04 | DEBUG    | src.bot.trading_bot:_update_market_data:184 | 市场数据更新完成
2025-06-17 10:09:07 | INFO     | src.trading.executor:update_account_info:125 | 账户更新: 总值$100396.42, 买入力$401585.68
2025-06-17 10:09:07 | DEBUG    | src.bot.trading_bot:_update_market_data:184 | 市场数据更新完成
2025-06-17 10:09:10 | INFO     | src.trading.executor:update_account_info:125 | 账户更新: 总值$100396.42, 买入力$401585.68
2025-06-17 10:09:10 | DEBUG    | src.bot.trading_bot:_update_market_data:184 | 市场数据更新完成
2025-06-17 10:09:13 | INFO     | src.trading.executor:update_account_info:125 | 账户更新: 总值$100396.42, 买入力$401585.68
2025-06-17 10:09:13 | DEBUG    | src.bot.trading_bot:_update_market_data:184 | 市场数据更新完成
2025-06-17 10:09:15 | DEBUG    | src.bot.trading_bot:_update_positions_normal:259 | 📊 常规头寸更新完成
2025-06-17 10:09:17 | INFO     | src.trading.executor:update_account_info:125 | 账户更新: 总值$100396.42, 买入力$401585.68
2025-06-17 10:09:17 | DEBUG    | src.bot.trading_bot:_update_market_data:184 | 市场数据更新完成
2025-06-17 10:09:20 | INFO     | src.trading.executor:update_account_info:125 | 账户更新: 总值$100396.42, 买入力$401585.68
2025-06-17 10:09:20 | DEBUG    | src.bot.trading_bot:_update_market_data:184 | 市场数据更新完成
2025-06-17 10:09:23 | INFO     | src.trading.executor:update_account_info:125 | 账户更新: 总值$100396.42, 买入力$401585.68
2025-06-17 10:09:23 | DEBUG    | src.bot.trading_bot:_update_market_data:184 | 市场数据更新完成
2025-06-17 10:09:26 | INFO     | src.trading.executor:update_account_info:125 | 账户更新: 总值$100396.42, 买入力$401585.68
2025-06-17 10:09:26 | DEBUG    | src.bot.trading_bot:_update_market_data:184 | 市场数据更新完成
2025-06-17 10:09:29 | INFO     | src.trading.executor:update_account_info:125 | 账户更新: 总值$100396.42, 买入力$401585.68
2025-06-17 10:09:29 | DEBUG    | src.bot.trading_bot:_update_market_data:184 | 市场数据更新完成
2025-06-17 10:09:33 | INFO     | src.trading.executor:update_account_info:125 | 账户更新: 总值$100396.42, 买入力$401585.68
2025-06-17 10:09:33 | DEBUG    | src.bot.trading_bot:_update_market_data:184 | 市场数据更新完成
2025-06-17 10:09:36 | INFO     | src.trading.executor:update_account_info:125 | 账户更新: 总值$100396.42, 买入力$401585.68
2025-06-17 10:09:36 | DEBUG    | src.bot.trading_bot:_update_market_data:184 | 市场数据更新完成
2025-06-17 10:09:39 | INFO     | src.trading.executor:update_account_info:125 | 账户更新: 总值$100396.42, 买入力$401585.68
2025-06-17 10:09:39 | DEBUG    | src.bot.trading_bot:_update_market_data:184 | 市场数据更新完成
2025-06-17 10:09:43 | INFO     | src.trading.executor:update_account_info:125 | 账户更新: 总值$100396.42, 买入力$401585.68
2025-06-17 10:09:43 | DEBUG    | src.bot.trading_bot:_update_market_data:184 | 市场数据更新完成
2025-06-17 10:09:46 | INFO     | src.trading.executor:update_account_info:125 | 账户更新: 总值$100396.42, 买入力$401585.68
2025-06-17 10:09:46 | DEBUG    | src.bot.trading_bot:_update_market_data:184 | 市场数据更新完成
2025-06-17 10:09:49 | INFO     | src.trading.executor:update_account_info:125 | 账户更新: 总值$100396.42, 买入力$401585.68
2025-06-17 10:09:49 | DEBUG    | src.bot.trading_bot:_update_market_data:184 | 市场数据更新完成
2025-06-17 10:09:52 | INFO     | src.trading.executor:update_account_info:125 | 账户更新: 总值$100396.42, 买入力$401585.68
2025-06-17 10:09:52 | DEBUG    | src.bot.trading_bot:_update_market_data:184 | 市场数据更新完成
2025-06-17 10:09:55 | INFO     | src.trading.executor:update_account_info:125 | 账户更新: 总值$100396.42, 买入力$401585.68
2025-06-17 10:09:55 | DEBUG    | src.bot.trading_bot:_update_market_data:184 | 市场数据更新完成
2025-06-17 10:09:59 | INFO     | src.trading.executor:update_account_info:125 | 账户更新: 总值$100396.42, 买入力$401585.68
2025-06-17 10:09:59 | DEBUG    | src.bot.trading_bot:_update_market_data:184 | 市场数据更新完成
2025-06-17 10:10:02 | INFO     | src.trading.executor:update_account_info:125 | 账户更新: 总值$100396.42, 买入力$401585.68
2025-06-17 10:10:02 | DEBUG    | src.bot.trading_bot:_update_market_data:184 | 市场数据更新完成
2025-06-17 10:10:05 | INFO     | src.trading.executor:update_account_info:125 | 账户更新: 总值$100396.42, 买入力$401585.68
2025-06-17 10:10:05 | DEBUG    | src.bot.trading_bot:_update_market_data:184 | 市场数据更新完成
2025-06-17 10:10:08 | INFO     | src.trading.executor:update_account_info:125 | 账户更新: 总值$100396.42, 买入力$401585.68
2025-06-17 10:10:08 | DEBUG    | src.bot.trading_bot:_update_market_data:184 | 市场数据更新完成
2025-06-17 10:10:12 | INFO     | src.trading.executor:update_account_info:125 | 账户更新: 总值$100396.42, 买入力$401585.68
2025-06-17 10:10:12 | DEBUG    | src.bot.trading_bot:_update_market_data:184 | 市场数据更新完成
2025-06-17 10:10:15 | INFO     | src.trading.executor:update_account_info:125 | 账户更新: 总值$100396.42, 买入力$401585.68
2025-06-17 10:10:15 | DEBUG    | src.bot.trading_bot:_update_market_data:184 | 市场数据更新完成
2025-06-17 10:10:15 | DEBUG    | src.bot.trading_bot:_update_positions_normal:259 | 📊 常规头寸更新完成
2025-06-17 10:10:18 | INFO     | src.trading.executor:update_account_info:125 | 账户更新: 总值$100396.42, 买入力$401585.68
2025-06-17 10:10:18 | DEBUG    | src.bot.trading_bot:_update_market_data:184 | 市场数据更新完成
2025-06-17 10:10:21 | INFO     | src.trading.executor:update_account_info:125 | 账户更新: 总值$100396.42, 买入力$401585.68
2025-06-17 10:10:21 | DEBUG    | src.bot.trading_bot:_update_market_data:184 | 市场数据更新完成
2025-06-17 10:10:24 | INFO     | src.trading.executor:update_account_info:125 | 账户更新: 总值$100396.42, 买入力$401585.68
2025-06-17 10:10:24 | DEBUG    | src.bot.trading_bot:_update_market_data:184 | 市场数据更新完成
2025-06-17 10:10:28 | INFO     | src.trading.executor:update_account_info:125 | 账户更新: 总值$100396.42, 买入力$401585.68
2025-06-17 10:10:28 | DEBUG    | src.bot.trading_bot:_update_market_data:184 | 市场数据更新完成
2025-06-17 10:10:31 | INFO     | src.trading.executor:update_account_info:125 | 账户更新: 总值$100396.42, 买入力$401585.68
2025-06-17 10:10:31 | DEBUG    | src.bot.trading_bot:_update_market_data:184 | 市场数据更新完成
2025-06-17 10:10:34 | INFO     | src.trading.executor:update_account_info:125 | 账户更新: 总值$100396.42, 买入力$401585.68
2025-06-17 10:10:34 | DEBUG    | src.bot.trading_bot:_update_market_data:184 | 市场数据更新完成
2025-06-17 10:10:37 | INFO     | src.trading.executor:update_account_info:125 | 账户更新: 总值$100396.42, 买入力$401585.68
2025-06-17 10:10:37 | DEBUG    | src.bot.trading_bot:_update_market_data:184 | 市场数据更新完成
2025-06-17 10:10:41 | INFO     | src.trading.executor:update_account_info:125 | 账户更新: 总值$100396.42, 买入力$401585.68
2025-06-17 10:10:41 | DEBUG    | src.bot.trading_bot:_update_market_data:184 | 市场数据更新完成
2025-06-17 10:10:44 | INFO     | src.trading.executor:update_account_info:125 | 账户更新: 总值$100396.42, 买入力$401585.68
2025-06-17 10:10:44 | DEBUG    | src.bot.trading_bot:_update_market_data:184 | 市场数据更新完成
2025-06-17 10:10:47 | INFO     | src.trading.executor:update_account_info:125 | 账户更新: 总值$100396.42, 买入力$401585.68
2025-06-17 10:10:47 | DEBUG    | src.bot.trading_bot:_update_market_data:184 | 市场数据更新完成
2025-06-17 10:10:50 | INFO     | src.trading.executor:update_account_info:125 | 账户更新: 总值$100396.42, 买入力$401585.68
2025-06-17 10:10:50 | DEBUG    | src.bot.trading_bot:_update_market_data:184 | 市场数据更新完成
2025-06-17 10:10:53 | INFO     | src.trading.executor:update_account_info:125 | 账户更新: 总值$100396.42, 买入力$401585.68
2025-06-17 10:10:53 | DEBUG    | src.bot.trading_bot:_update_market_data:184 | 市场数据更新完成
2025-06-17 10:10:57 | INFO     | src.trading.executor:update_account_info:125 | 账户更新: 总值$100396.42, 买入力$401585.68
2025-06-17 10:10:57 | DEBUG    | src.bot.trading_bot:_update_market_data:184 | 市场数据更新完成
2025-06-17 10:11:00 | INFO     | src.trading.executor:update_account_info:125 | 账户更新: 总值$100396.42, 买入力$401585.68
2025-06-17 10:11:00 | DEBUG    | src.bot.trading_bot:_update_market_data:184 | 市场数据更新完成
2025-06-17 10:11:03 | INFO     | src.trading.executor:update_account_info:125 | 账户更新: 总值$100396.42, 买入力$401585.68
2025-06-17 10:11:03 | DEBUG    | src.bot.trading_bot:_update_market_data:184 | 市场数据更新完成
2025-06-17 10:11:06 | INFO     | src.trading.executor:update_account_info:125 | 账户更新: 总值$100396.42, 买入力$401585.68
2025-06-17 10:11:06 | DEBUG    | src.bot.trading_bot:_update_market_data:184 | 市场数据更新完成
2025-06-17 10:11:10 | INFO     | src.trading.executor:update_account_info:125 | 账户更新: 总值$100396.42, 买入力$401585.68
2025-06-17 10:11:10 | DEBUG    | src.bot.trading_bot:_update_market_data:184 | 市场数据更新完成
2025-06-17 10:11:13 | INFO     | src.trading.executor:update_account_info:125 | 账户更新: 总值$100396.42, 买入力$401585.68
2025-06-17 10:11:13 | DEBUG    | src.bot.trading_bot:_update_market_data:184 | 市场数据更新完成
2025-06-17 10:11:15 | DEBUG    | src.bot.trading_bot:_update_positions_normal:259 | 📊 常规头寸更新完成
2025-06-17 10:11:16 | INFO     | src.trading.executor:update_account_info:125 | 账户更新: 总值$100396.42, 买入力$401585.68
2025-06-17 10:11:16 | DEBUG    | src.bot.trading_bot:_update_market_data:184 | 市场数据更新完成
2025-06-17 10:11:19 | INFO     | src.trading.executor:update_account_info:125 | 账户更新: 总值$100396.42, 买入力$401585.68
2025-06-17 10:11:19 | DEBUG    | src.bot.trading_bot:_update_market_data:184 | 市场数据更新完成
2025-06-17 10:11:22 | INFO     | src.trading.executor:update_account_info:125 | 账户更新: 总值$100396.42, 买入力$401585.68
2025-06-17 10:11:22 | DEBUG    | src.bot.trading_bot:_update_market_data:184 | 市场数据更新完成
2025-06-17 10:11:26 | INFO     | src.trading.executor:update_account_info:125 | 账户更新: 总值$100396.42, 买入力$401585.68
2025-06-17 10:11:26 | DEBUG    | src.bot.trading_bot:_update_market_data:184 | 市场数据更新完成
2025-06-17 10:11:29 | INFO     | src.trading.executor:update_account_info:125 | 账户更新: 总值$100396.42, 买入力$401585.68
2025-06-17 10:11:29 | DEBUG    | src.bot.trading_bot:_update_market_data:184 | 市场数据更新完成
2025-06-17 10:11:32 | INFO     | src.trading.executor:update_account_info:125 | 账户更新: 总值$100396.42, 买入力$401585.68
2025-06-17 10:11:32 | DEBUG    | src.bot.trading_bot:_update_market_data:184 | 市场数据更新完成
2025-06-17 10:11:35 | INFO     | src.trading.executor:update_account_info:125 | 账户更新: 总值$100396.42, 买入力$401585.68
2025-06-17 10:11:35 | DEBUG    | src.bot.trading_bot:_update_market_data:184 | 市场数据更新完成
2025-06-17 10:11:38 | INFO     | src.trading.executor:update_account_info:125 | 账户更新: 总值$100396.42, 买入力$401585.68
2025-06-17 10:11:38 | DEBUG    | src.bot.trading_bot:_update_market_data:184 | 市场数据更新完成
2025-06-17 10:11:42 | INFO     | src.trading.executor:update_account_info:125 | 账户更新: 总值$100396.42, 买入力$401585.68
2025-06-17 10:11:42 | DEBUG    | src.bot.trading_bot:_update_market_data:184 | 市场数据更新完成
2025-06-17 10:11:45 | INFO     | src.trading.executor:update_account_info:125 | 账户更新: 总值$100396.42, 买入力$401585.68
2025-06-17 10:11:45 | DEBUG    | src.bot.trading_bot:_update_market_data:184 | 市场数据更新完成
2025-06-17 10:11:48 | INFO     | src.trading.executor:update_account_info:125 | 账户更新: 总值$100396.42, 买入力$401585.68
2025-06-17 10:11:48 | DEBUG    | src.bot.trading_bot:_update_market_data:184 | 市场数据更新完成
2025-06-17 10:11:51 | INFO     | src.trading.executor:update_account_info:125 | 账户更新: 总值$100396.42, 买入力$401585.68
2025-06-17 10:11:51 | DEBUG    | src.bot.trading_bot:_update_market_data:184 | 市场数据更新完成
2025-06-17 10:11:55 | INFO     | src.trading.executor:update_account_info:125 | 账户更新: 总值$100396.42, 买入力$401585.68
2025-06-17 10:11:55 | DEBUG    | src.bot.trading_bot:_update_market_data:184 | 市场数据更新完成
2025-06-17 10:11:58 | INFO     | src.trading.executor:update_account_info:125 | 账户更新: 总值$100396.42, 买入力$401585.68
2025-06-17 10:11:58 | DEBUG    | src.bot.trading_bot:_update_market_data:184 | 市场数据更新完成
2025-06-17 10:12:01 | INFO     | src.trading.executor:update_account_info:125 | 账户更新: 总值$100396.42, 买入力$401585.68
2025-06-17 10:12:01 | DEBUG    | src.bot.trading_bot:_update_market_data:184 | 市场数据更新完成
2025-06-17 10:12:04 | INFO     | src.trading.executor:update_account_info:125 | 账户更新: 总值$100396.42, 买入力$401585.68
2025-06-17 10:12:04 | DEBUG    | src.bot.trading_bot:_update_market_data:184 | 市场数据更新完成
2025-06-17 10:12:07 | INFO     | src.trading.executor:update_account_info:125 | 账户更新: 总值$100396.42, 买入力$401585.68
2025-06-17 10:12:07 | DEBUG    | src.bot.trading_bot:_update_market_data:184 | 市场数据更新完成
2025-06-17 10:12:11 | INFO     | src.trading.executor:update_account_info:125 | 账户更新: 总值$100396.42, 买入力$401585.68
2025-06-17 10:12:11 | DEBUG    | src.bot.trading_bot:_update_market_data:184 | 市场数据更新完成
2025-06-17 10:12:14 | INFO     | src.trading.executor:update_account_info:125 | 账户更新: 总值$100396.42, 买入力$401585.68
2025-06-17 10:12:14 | DEBUG    | src.bot.trading_bot:_update_market_data:184 | 市场数据更新完成
2025-06-17 10:12:16 | DEBUG    | src.bot.trading_bot:_update_positions_normal:259 | 📊 常规头寸更新完成
2025-06-17 10:12:17 | INFO     | src.trading.executor:update_account_info:125 | 账户更新: 总值$100396.42, 买入力$401585.68
2025-06-17 10:12:17 | DEBUG    | src.bot.trading_bot:_update_market_data:184 | 市场数据更新完成
2025-06-17 10:12:20 | INFO     | src.trading.executor:update_account_info:125 | 账户更新: 总值$100396.42, 买入力$401585.68
2025-06-17 10:12:20 | DEBUG    | src.bot.trading_bot:_update_market_data:184 | 市场数据更新完成
2025-06-17 10:12:24 | INFO     | src.trading.executor:update_account_info:125 | 账户更新: 总值$100396.42, 买入力$401585.68
2025-06-17 10:12:24 | DEBUG    | src.bot.trading_bot:_update_market_data:184 | 市场数据更新完成
2025-06-17 10:12:27 | INFO     | src.trading.executor:update_account_info:125 | 账户更新: 总值$100396.42, 买入力$401585.68
2025-06-17 10:12:27 | DEBUG    | src.bot.trading_bot:_update_market_data:184 | 市场数据更新完成
2025-06-17 10:12:30 | INFO     | src.trading.executor:update_account_info:125 | 账户更新: 总值$100396.42, 买入力$401585.68
2025-06-17 10:12:30 | DEBUG    | src.bot.trading_bot:_update_market_data:184 | 市场数据更新完成
2025-06-17 10:12:33 | INFO     | src.trading.executor:update_account_info:125 | 账户更新: 总值$100396.42, 买入力$401585.68
2025-06-17 10:12:33 | DEBUG    | src.bot.trading_bot:_update_market_data:184 | 市场数据更新完成
2025-06-17 10:12:36 | INFO     | src.trading.executor:update_account_info:125 | 账户更新: 总值$100396.42, 买入力$401585.68
2025-06-17 10:12:36 | DEBUG    | src.bot.trading_bot:_update_market_data:184 | 市场数据更新完成
2025-06-17 10:12:40 | INFO     | src.trading.executor:update_account_info:125 | 账户更新: 总值$100396.42, 买入力$401585.68
2025-06-17 10:12:40 | DEBUG    | src.bot.trading_bot:_update_market_data:184 | 市场数据更新完成
2025-06-17 10:12:43 | INFO     | src.trading.executor:update_account_info:125 | 账户更新: 总值$100396.42, 买入力$401585.68
2025-06-17 10:12:43 | DEBUG    | src.bot.trading_bot:_update_market_data:184 | 市场数据更新完成
2025-06-17 10:12:46 | INFO     | src.trading.executor:update_account_info:125 | 账户更新: 总值$100396.42, 买入力$401585.68
2025-06-17 10:12:46 | DEBUG    | src.bot.trading_bot:_update_market_data:184 | 市场数据更新完成
2025-06-17 10:12:49 | INFO     | src.trading.executor:update_account_info:125 | 账户更新: 总值$100396.42, 买入力$401585.68
2025-06-17 10:12:49 | DEBUG    | src.bot.trading_bot:_update_market_data:184 | 市场数据更新完成
2025-06-17 10:12:53 | INFO     | src.trading.executor:update_account_info:125 | 账户更新: 总值$100396.42, 买入力$401585.68
2025-06-17 10:12:53 | DEBUG    | src.bot.trading_bot:_update_market_data:184 | 市场数据更新完成
2025-06-17 10:12:56 | INFO     | src.trading.executor:update_account_info:125 | 账户更新: 总值$100396.42, 买入力$401585.68
2025-06-17 10:12:56 | DEBUG    | src.bot.trading_bot:_update_market_data:184 | 市场数据更新完成
2025-06-17 10:12:59 | INFO     | src.trading.executor:update_account_info:125 | 账户更新: 总值$100396.42, 买入力$401585.68
2025-06-17 10:12:59 | DEBUG    | src.bot.trading_bot:_update_market_data:184 | 市场数据更新完成
2025-06-17 10:13:02 | INFO     | src.trading.executor:update_account_info:125 | 账户更新: 总值$100396.42, 买入力$401585.68
2025-06-17 10:13:02 | DEBUG    | src.bot.trading_bot:_update_market_data:184 | 市场数据更新完成
2025-06-17 10:13:05 | INFO     | src.trading.executor:update_account_info:125 | 账户更新: 总值$100396.42, 买入力$401585.68
2025-06-17 10:13:05 | DEBUG    | src.bot.trading_bot:_update_market_data:184 | 市场数据更新完成
2025-06-17 10:13:09 | INFO     | src.trading.executor:update_account_info:125 | 账户更新: 总值$100396.42, 买入力$401585.68
2025-06-17 10:13:09 | DEBUG    | src.bot.trading_bot:_update_market_data:184 | 市场数据更新完成
2025-06-17 10:13:12 | INFO     | src.trading.executor:update_account_info:125 | 账户更新: 总值$100396.42, 买入力$401585.68
2025-06-17 10:13:12 | DEBUG    | src.bot.trading_bot:_update_market_data:184 | 市场数据更新完成
2025-06-17 10:13:15 | INFO     | src.trading.executor:update_account_info:125 | 账户更新: 总值$100396.42, 买入力$401585.68
2025-06-17 10:13:15 | DEBUG    | src.bot.trading_bot:_update_market_data:184 | 市场数据更新完成
2025-06-17 10:13:16 | DEBUG    | src.bot.trading_bot:_update_positions_normal:259 | 📊 常规头寸更新完成
2025-06-17 10:13:18 | INFO     | src.trading.executor:update_account_info:125 | 账户更新: 总值$100396.42, 买入力$401585.68
2025-06-17 10:13:18 | DEBUG    | src.bot.trading_bot:_update_market_data:184 | 市场数据更新完成
2025-06-17 10:13:22 | INFO     | src.trading.executor:update_account_info:125 | 账户更新: 总值$100396.42, 买入力$401585.68
2025-06-17 10:13:22 | DEBUG    | src.bot.trading_bot:_update_market_data:184 | 市场数据更新完成
2025-06-17 10:13:25 | INFO     | src.trading.executor:update_account_info:125 | 账户更新: 总值$100396.42, 买入力$401585.68
2025-06-17 10:13:25 | DEBUG    | src.bot.trading_bot:_update_market_data:184 | 市场数据更新完成
2025-06-17 10:13:28 | INFO     | src.trading.executor:update_account_info:125 | 账户更新: 总值$100396.42, 买入力$401585.68
2025-06-17 10:13:28 | DEBUG    | src.bot.trading_bot:_update_market_data:184 | 市场数据更新完成
2025-06-17 10:13:31 | INFO     | src.trading.executor:update_account_info:125 | 账户更新: 总值$100396.42, 买入力$401585.68
2025-06-17 10:13:31 | DEBUG    | src.bot.trading_bot:_update_market_data:184 | 市场数据更新完成
2025-06-17 10:13:35 | INFO     | src.trading.executor:update_account_info:125 | 账户更新: 总值$100396.42, 买入力$401585.68
2025-06-17 10:13:35 | DEBUG    | src.bot.trading_bot:_update_market_data:184 | 市场数据更新完成
2025-06-17 10:13:38 | INFO     | src.trading.executor:update_account_info:125 | 账户更新: 总值$100396.42, 买入力$401585.68
2025-06-17 10:13:38 | DEBUG    | src.bot.trading_bot:_update_market_data:184 | 市场数据更新完成
2025-06-17 10:13:41 | INFO     | src.trading.executor:update_account_info:125 | 账户更新: 总值$100396.42, 买入力$401585.68
2025-06-17 10:13:41 | DEBUG    | src.bot.trading_bot:_update_market_data:184 | 市场数据更新完成
2025-06-17 10:13:44 | INFO     | src.trading.executor:update_account_info:125 | 账户更新: 总值$100396.42, 买入力$401585.68
2025-06-17 10:13:44 | DEBUG    | src.bot.trading_bot:_update_market_data:184 | 市场数据更新完成
2025-06-17 10:13:47 | INFO     | src.trading.executor:update_account_info:125 | 账户更新: 总值$100396.42, 买入力$401585.68
2025-06-17 10:13:47 | DEBUG    | src.bot.trading_bot:_update_market_data:184 | 市场数据更新完成
2025-06-17 10:13:51 | INFO     | src.trading.executor:update_account_info:125 | 账户更新: 总值$100396.42, 买入力$401585.68
2025-06-17 10:13:51 | DEBUG    | src.bot.trading_bot:_update_market_data:184 | 市场数据更新完成
2025-06-17 10:13:54 | INFO     | src.trading.executor:update_account_info:125 | 账户更新: 总值$100396.42, 买入力$401585.68
2025-06-17 10:13:54 | DEBUG    | src.bot.trading_bot:_update_market_data:184 | 市场数据更新完成
2025-06-17 10:13:57 | INFO     | src.trading.executor:update_account_info:125 | 账户更新: 总值$100396.42, 买入力$401585.68
2025-06-17 10:13:57 | DEBUG    | src.bot.trading_bot:_update_market_data:184 | 市场数据更新完成
2025-06-17 10:13:58 | INFO     | src.utils.notifications:send_message:63 | [GENERAL] 📊 每小时报告
时间: 10:13
当前头寸: 0
当日交易: 0
当日盈亏: $0.00
账户总值: $100,396.42
2025-06-17 10:14:00 | INFO     | src.trading.executor:update_account_info:125 | 账户更新: 总值$100396.42, 买入力$401585.68
2025-06-17 10:14:00 | DEBUG    | src.bot.trading_bot:_update_market_data:184 | 市场数据更新完成
2025-06-17 10:14:04 | INFO     | src.trading.executor:update_account_info:125 | 账户更新: 总值$100396.42, 买入力$401585.68
2025-06-17 10:14:04 | DEBUG    | src.bot.trading_bot:_update_market_data:184 | 市场数据更新完成
2025-06-17 10:14:07 | INFO     | src.trading.executor:update_account_info:125 | 账户更新: 总值$100396.42, 买入力$401585.68
2025-06-17 10:14:07 | DEBUG    | src.bot.trading_bot:_update_market_data:184 | 市场数据更新完成
2025-06-17 10:14:10 | INFO     | src.trading.executor:update_account_info:125 | 账户更新: 总值$100396.42, 买入力$401585.68
2025-06-17 10:14:10 | DEBUG    | src.bot.trading_bot:_update_market_data:184 | 市场数据更新完成
2025-06-17 10:14:13 | INFO     | src.trading.executor:update_account_info:125 | 账户更新: 总值$100396.42, 买入力$401585.68
2025-06-17 10:14:13 | DEBUG    | src.bot.trading_bot:_update_market_data:184 | 市场数据更新完成
2025-06-17 10:14:16 | DEBUG    | src.bot.trading_bot:_update_positions_normal:259 | 📊 常规头寸更新完成
2025-06-17 10:14:16 | INFO     | src.trading.executor:update_account_info:125 | 账户更新: 总值$100396.42, 买入力$401585.68
2025-06-17 10:14:16 | DEBUG    | src.bot.trading_bot:_update_market_data:184 | 市场数据更新完成
2025-06-17 10:14:20 | INFO     | src.trading.executor:update_account_info:125 | 账户更新: 总值$100396.42, 买入力$401585.68
2025-06-17 10:14:20 | DEBUG    | src.bot.trading_bot:_update_market_data:184 | 市场数据更新完成
2025-06-17 10:14:23 | INFO     | src.trading.executor:update_account_info:125 | 账户更新: 总值$100396.42, 买入力$401585.68
2025-06-17 10:14:23 | DEBUG    | src.bot.trading_bot:_update_market_data:184 | 市场数据更新完成
2025-06-17 10:14:26 | INFO     | src.trading.executor:update_account_info:125 | 账户更新: 总值$100396.42, 买入力$401585.68
2025-06-17 10:14:26 | DEBUG    | src.bot.trading_bot:_update_market_data:184 | 市场数据更新完成
2025-06-17 10:14:29 | INFO     | src.trading.executor:update_account_info:125 | 账户更新: 总值$100396.42, 买入力$401585.68
2025-06-17 10:14:29 | DEBUG    | src.bot.trading_bot:_update_market_data:184 | 市场数据更新完成
2025-06-17 10:14:33 | INFO     | src.trading.executor:update_account_info:125 | 账户更新: 总值$100396.42, 买入力$401585.68
2025-06-17 10:14:33 | DEBUG    | src.bot.trading_bot:_update_market_data:184 | 市场数据更新完成
2025-06-17 10:14:36 | INFO     | src.trading.executor:update_account_info:125 | 账户更新: 总值$100396.42, 买入力$401585.68
2025-06-17 10:14:36 | DEBUG    | src.bot.trading_bot:_update_market_data:184 | 市场数据更新完成
2025-06-17 10:14:39 | INFO     | src.trading.executor:update_account_info:125 | 账户更新: 总值$100396.42, 买入力$401585.68
2025-06-17 10:14:39 | DEBUG    | src.bot.trading_bot:_update_market_data:184 | 市场数据更新完成
2025-06-17 10:14:42 | INFO     | src.trading.executor:update_account_info:125 | 账户更新: 总值$100396.42, 买入力$401585.68
2025-06-17 10:14:42 | DEBUG    | src.bot.trading_bot:_update_market_data:184 | 市场数据更新完成
2025-06-17 10:14:45 | INFO     | src.trading.executor:update_account_info:125 | 账户更新: 总值$100396.42, 买入力$401585.68
2025-06-17 10:14:45 | DEBUG    | src.bot.trading_bot:_update_market_data:184 | 市场数据更新完成
2025-06-17 10:14:49 | INFO     | src.trading.executor:update_account_info:125 | 账户更新: 总值$100396.42, 买入力$401585.68
2025-06-17 10:14:49 | DEBUG    | src.bot.trading_bot:_update_market_data:184 | 市场数据更新完成
2025-06-17 10:14:52 | INFO     | src.trading.executor:update_account_info:125 | 账户更新: 总值$100396.42, 买入力$401585.68
2025-06-17 10:14:52 | DEBUG    | src.bot.trading_bot:_update_market_data:184 | 市场数据更新完成
2025-06-17 10:14:55 | INFO     | src.trading.executor:update_account_info:125 | 账户更新: 总值$100396.42, 买入力$401585.68
2025-06-17 10:14:55 | DEBUG    | src.bot.trading_bot:_update_market_data:184 | 市场数据更新完成
2025-06-17 10:14:58 | INFO     | src.trading.executor:update_account_info:125 | 账户更新: 总值$100396.42, 买入力$401585.68
2025-06-17 10:14:58 | DEBUG    | src.bot.trading_bot:_update_market_data:184 | 市场数据更新完成
2025-06-17 10:15:02 | INFO     | src.trading.executor:update_account_info:125 | 账户更新: 总值$100396.42, 买入力$401585.68
2025-06-17 10:15:02 | DEBUG    | src.bot.trading_bot:_update_market_data:184 | 市场数据更新完成
2025-06-17 10:15:05 | INFO     | src.trading.executor:update_account_info:125 | 账户更新: 总值$100396.42, 买入力$401585.68
2025-06-17 10:15:05 | DEBUG    | src.bot.trading_bot:_update_market_data:184 | 市场数据更新完成
2025-06-17 10:15:08 | INFO     | src.trading.executor:update_account_info:125 | 账户更新: 总值$100396.42, 买入力$401585.68
2025-06-17 10:15:08 | DEBUG    | src.bot.trading_bot:_update_market_data:184 | 市场数据更新完成
2025-06-17 10:15:11 | INFO     | src.trading.executor:update_account_info:125 | 账户更新: 总值$100396.42, 买入力$401585.68
2025-06-17 10:15:11 | DEBUG    | src.bot.trading_bot:_update_market_data:184 | 市场数据更新完成
2025-06-17 10:15:14 | INFO     | src.trading.executor:update_account_info:125 | 账户更新: 总值$100396.42, 买入力$401585.68
2025-06-17 10:15:14 | DEBUG    | src.bot.trading_bot:_update_market_data:184 | 市场数据更新完成
2025-06-17 10:15:16 | DEBUG    | src.bot.trading_bot:_update_positions_normal:259 | 📊 常规头寸更新完成
2025-06-17 10:15:18 | INFO     | src.trading.executor:update_account_info:125 | 账户更新: 总值$100396.42, 买入力$401585.68
2025-06-17 10:15:18 | DEBUG    | src.bot.trading_bot:_update_market_data:184 | 市场数据更新完成
2025-06-17 10:15:21 | INFO     | src.trading.executor:update_account_info:125 | 账户更新: 总值$100396.42, 买入力$401585.68
2025-06-17 10:15:21 | DEBUG    | src.bot.trading_bot:_update_market_data:184 | 市场数据更新完成
2025-06-17 10:15:24 | INFO     | src.trading.executor:update_account_info:125 | 账户更新: 总值$100396.42, 买入力$401585.68
2025-06-17 10:15:24 | DEBUG    | src.bot.trading_bot:_update_market_data:184 | 市场数据更新完成
2025-06-17 10:15:27 | INFO     | src.trading.executor:update_account_info:125 | 账户更新: 总值$100396.42, 买入力$401585.68
2025-06-17 10:15:27 | DEBUG    | src.bot.trading_bot:_update_market_data:184 | 市场数据更新完成
2025-06-17 10:15:31 | INFO     | src.trading.executor:update_account_info:125 | 账户更新: 总值$100396.42, 买入力$401585.68
2025-06-17 10:15:31 | DEBUG    | src.bot.trading_bot:_update_market_data:184 | 市场数据更新完成
2025-06-17 10:15:34 | INFO     | src.trading.executor:update_account_info:125 | 账户更新: 总值$100396.42, 买入力$401585.68
2025-06-17 10:15:34 | DEBUG    | src.bot.trading_bot:_update_market_data:184 | 市场数据更新完成
2025-06-17 10:15:37 | INFO     | src.trading.executor:update_account_info:125 | 账户更新: 总值$100396.42, 买入力$401585.68
2025-06-17 10:15:37 | DEBUG    | src.bot.trading_bot:_update_market_data:184 | 市场数据更新完成
2025-06-17 10:15:40 | INFO     | src.trading.executor:update_account_info:125 | 账户更新: 总值$100396.42, 买入力$401585.68
2025-06-17 10:15:40 | DEBUG    | src.bot.trading_bot:_update_market_data:184 | 市场数据更新完成
2025-06-17 10:15:43 | INFO     | src.trading.executor:update_account_info:125 | 账户更新: 总值$100396.42, 买入力$401585.68
2025-06-17 10:15:43 | DEBUG    | src.bot.trading_bot:_update_market_data:184 | 市场数据更新完成
2025-06-17 10:15:47 | INFO     | src.trading.executor:update_account_info:125 | 账户更新: 总值$100396.42, 买入力$401585.68
2025-06-17 10:15:47 | DEBUG    | src.bot.trading_bot:_update_market_data:184 | 市场数据更新完成
2025-06-17 10:15:50 | INFO     | src.trading.executor:update_account_info:125 | 账户更新: 总值$100396.42, 买入力$401585.68
2025-06-17 10:15:50 | DEBUG    | src.bot.trading_bot:_update_market_data:184 | 市场数据更新完成
2025-06-17 10:15:53 | INFO     | src.trading.executor:update_account_info:125 | 账户更新: 总值$100396.42, 买入力$401585.68
2025-06-17 10:15:53 | DEBUG    | src.bot.trading_bot:_update_market_data:184 | 市场数据更新完成
2025-06-17 10:15:56 | INFO     | src.trading.executor:update_account_info:125 | 账户更新: 总值$100396.42, 买入力$401585.68
2025-06-17 10:15:56 | DEBUG    | src.bot.trading_bot:_update_market_data:184 | 市场数据更新完成
2025-06-17 10:16:00 | INFO     | src.trading.executor:update_account_info:125 | 账户更新: 总值$100396.42, 买入力$401585.68
2025-06-17 10:16:00 | DEBUG    | src.bot.trading_bot:_update_market_data:184 | 市场数据更新完成
2025-06-17 10:16:03 | INFO     | src.trading.executor:update_account_info:125 | 账户更新: 总值$100396.42, 买入力$401585.68
2025-06-17 10:16:03 | DEBUG    | src.bot.trading_bot:_update_market_data:184 | 市场数据更新完成
2025-06-17 10:16:06 | INFO     | src.trading.executor:update_account_info:125 | 账户更新: 总值$100396.42, 买入力$401585.68
2025-06-17 10:16:06 | DEBUG    | src.bot.trading_bot:_update_market_data:184 | 市场数据更新完成
2025-06-17 10:16:09 | INFO     | src.trading.executor:update_account_info:125 | 账户更新: 总值$100396.42, 买入力$401585.68
2025-06-17 10:16:09 | DEBUG    | src.bot.trading_bot:_update_market_data:184 | 市场数据更新完成
2025-06-17 10:16:12 | INFO     | src.trading.executor:update_account_info:125 | 账户更新: 总值$100396.42, 买入力$401585.68
2025-06-17 10:16:12 | DEBUG    | src.bot.trading_bot:_update_market_data:184 | 市场数据更新完成
2025-06-17 10:16:16 | INFO     | src.trading.executor:update_account_info:125 | 账户更新: 总值$100396.42, 买入力$401585.68
2025-06-17 10:16:16 | DEBUG    | src.bot.trading_bot:_update_market_data:184 | 市场数据更新完成
2025-06-17 10:16:16 | DEBUG    | src.bot.trading_bot:_update_positions_normal:259 | 📊 常规头寸更新完成
2025-06-17 10:16:19 | INFO     | src.trading.executor:update_account_info:125 | 账户更新: 总值$100396.42, 买入力$401585.68
2025-06-17 10:16:19 | DEBUG    | src.bot.trading_bot:_update_market_data:184 | 市场数据更新完成
2025-06-17 10:16:22 | INFO     | src.trading.executor:update_account_info:125 | 账户更新: 总值$100396.42, 买入力$401585.68
2025-06-17 10:16:22 | DEBUG    | src.bot.trading_bot:_update_market_data:184 | 市场数据更新完成
2025-06-17 10:16:25 | INFO     | src.trading.executor:update_account_info:125 | 账户更新: 总值$100396.42, 买入力$401585.68
2025-06-17 10:16:25 | DEBUG    | src.bot.trading_bot:_update_market_data:184 | 市场数据更新完成
2025-06-17 10:16:29 | INFO     | src.trading.executor:update_account_info:125 | 账户更新: 总值$100396.42, 买入力$401585.68
2025-06-17 10:16:29 | DEBUG    | src.bot.trading_bot:_update_market_data:184 | 市场数据更新完成
2025-06-17 10:16:32 | INFO     | src.trading.executor:update_account_info:125 | 账户更新: 总值$100396.42, 买入力$401585.68
2025-06-17 10:16:32 | DEBUG    | src.bot.trading_bot:_update_market_data:184 | 市场数据更新完成
2025-06-17 10:16:35 | INFO     | src.trading.executor:update_account_info:125 | 账户更新: 总值$100396.42, 买入力$401585.68
2025-06-17 10:16:35 | DEBUG    | src.bot.trading_bot:_update_market_data:184 | 市场数据更新完成
2025-06-17 10:16:39 | INFO     | src.trading.executor:update_account_info:125 | 账户更新: 总值$100396.42, 买入力$401585.68
2025-06-17 10:16:39 | DEBUG    | src.bot.trading_bot:_update_market_data:184 | 市场数据更新完成
2025-06-17 10:16:42 | INFO     | src.trading.executor:update_account_info:125 | 账户更新: 总值$100396.42, 买入力$401585.68
2025-06-17 10:16:42 | DEBUG    | src.bot.trading_bot:_update_market_data:184 | 市场数据更新完成
2025-06-17 10:16:45 | INFO     | src.trading.executor:update_account_info:125 | 账户更新: 总值$100396.42, 买入力$401585.68
2025-06-17 10:16:45 | DEBUG    | src.bot.trading_bot:_update_market_data:184 | 市场数据更新完成
2025-06-17 10:16:48 | INFO     | src.trading.executor:update_account_info:125 | 账户更新: 总值$100396.42, 买入力$401585.68
2025-06-17 10:16:48 | DEBUG    | src.bot.trading_bot:_update_market_data:184 | 市场数据更新完成
2025-06-17 10:16:51 | INFO     | src.trading.executor:update_account_info:125 | 账户更新: 总值$100396.42, 买入力$401585.68
2025-06-17 10:16:51 | DEBUG    | src.bot.trading_bot:_update_market_data:184 | 市场数据更新完成
2025-06-17 10:16:55 | INFO     | src.trading.executor:update_account_info:125 | 账户更新: 总值$100396.42, 买入力$401585.68
2025-06-17 10:16:55 | DEBUG    | src.bot.trading_bot:_update_market_data:184 | 市场数据更新完成
2025-06-17 10:16:58 | INFO     | src.trading.executor:update_account_info:125 | 账户更新: 总值$100396.42, 买入力$401585.68
2025-06-17 10:16:58 | DEBUG    | src.bot.trading_bot:_update_market_data:184 | 市场数据更新完成
2025-06-17 10:17:01 | INFO     | src.trading.executor:update_account_info:125 | 账户更新: 总值$100396.42, 买入力$401585.68
2025-06-17 10:17:01 | DEBUG    | src.bot.trading_bot:_update_market_data:184 | 市场数据更新完成
2025-06-17 10:17:04 | INFO     | src.strategy.signals:generate_signals:468 | 生成信号: SHORT - VWAP空头突破: 偏离-0.16%, MACD转负
2025-06-17 10:17:04 | INFO     | src.bot.trading_bot:_check_signals:202 | 检测到信号: SHORT 置信度: 0.85 原因: VWAP空头突破: 偏离-0.16%, MACD转负
2025-06-17 10:17:04 | INFO     | src.utils.notifications:send_message:63 | [GENERAL] 📡 交易信号
类型: SHORT
强度: MEDIUM
置信度: 0.85
价格: $599.21
原因: VWAP空头突破: 偏离-0.16%, MACD转负
2025-06-17 10:17:04 | INFO     | src.data.market_data:find_suitable_options:435 | 当前SPY价格: $599.88, 选择PUT期权行权价: $600
2025-06-17 10:17:04 | DEBUG    | src.data.market_data:_generate_option_symbol:470 | 生成期权代码: SPY250617P00600000 (行权价$600, 类型PUT)
2025-06-17 10:17:04 | INFO     | src.data.market_data:find_suitable_options:444 | 成功获取期权SPY250617P00600000的报价数据
2025-06-17 10:17:04 | ERROR    | src.trading.executor:find_best_option:192 | 查找最佳期权失败: 'contractSymbol'
2025-06-17 10:17:04 | WARNING  | src.bot.trading_bot:_check_signals:216 | 信号执行失败: SHORT
2025-06-17 10:17:05 | INFO     | src.trading.executor:update_account_info:125 | 账户更新: 总值$100396.42, 买入力$401585.68
2025-06-17 10:17:05 | DEBUG    | src.bot.trading_bot:_update_market_data:184 | 市场数据更新完成
2025-06-17 10:17:07 | INFO     | src.strategy.signals:generate_signals:468 | 生成信号: SHORT - VWAP空头突破: 偏离-0.16%, MACD转负
2025-06-17 10:17:07 | INFO     | src.bot.trading_bot:_check_signals:202 | 检测到信号: SHORT 置信度: 0.85 原因: VWAP空头突破: 偏离-0.16%, MACD转负
2025-06-17 10:17:07 | INFO     | src.utils.notifications:send_message:63 | [GENERAL] 📡 交易信号
类型: SHORT
强度: MEDIUM
置信度: 0.85
价格: $599.21
原因: VWAP空头突破: 偏离-0.16%, MACD转负
2025-06-17 10:17:07 | INFO     | src.data.market_data:find_suitable_options:435 | 当前SPY价格: $599.90, 选择PUT期权行权价: $600
2025-06-17 10:17:07 | DEBUG    | src.data.market_data:_generate_option_symbol:470 | 生成期权代码: SPY250617P00600000 (行权价$600, 类型PUT)
2025-06-17 10:17:08 | INFO     | src.data.market_data:find_suitable_options:444 | 成功获取期权SPY250617P00600000的报价数据
2025-06-17 10:17:08 | ERROR    | src.trading.executor:find_best_option:192 | 查找最佳期权失败: 'contractSymbol'
2025-06-17 10:17:08 | WARNING  | src.bot.trading_bot:_check_signals:216 | 信号执行失败: SHORT
2025-06-17 10:17:08 | INFO     | src.trading.executor:update_account_info:125 | 账户更新: 总值$100396.42, 买入力$401585.68
2025-06-17 10:17:08 | DEBUG    | src.bot.trading_bot:_update_market_data:184 | 市场数据更新完成
2025-06-17 10:17:11 | INFO     | src.strategy.signals:generate_signals:468 | 生成信号: SHORT - VWAP空头突破: 偏离-0.16%, MACD转负
2025-06-17 10:17:11 | INFO     | src.bot.trading_bot:_check_signals:202 | 检测到信号: SHORT 置信度: 0.85 原因: VWAP空头突破: 偏离-0.16%, MACD转负
2025-06-17 10:17:11 | INFO     | src.utils.notifications:send_message:63 | [GENERAL] 📡 交易信号
类型: SHORT
强度: MEDIUM
置信度: 0.85
价格: $599.21
原因: VWAP空头突破: 偏离-0.16%, MACD转负
2025-06-17 10:17:11 | INFO     | src.data.market_data:find_suitable_options:435 | 当前SPY价格: $599.90, 选择PUT期权行权价: $600
2025-06-17 10:17:11 | DEBUG    | src.data.market_data:_generate_option_symbol:470 | 生成期权代码: SPY250617P00600000 (行权价$600, 类型PUT)
2025-06-17 10:17:11 | INFO     | src.data.market_data:find_suitable_options:444 | 成功获取期权SPY250617P00600000的报价数据
2025-06-17 10:17:11 | ERROR    | src.trading.executor:find_best_option:192 | 查找最佳期权失败: 'contractSymbol'
2025-06-17 10:17:11 | WARNING  | src.bot.trading_bot:_check_signals:216 | 信号执行失败: SHORT
2025-06-17 10:17:12 | INFO     | src.trading.executor:update_account_info:125 | 账户更新: 总值$100396.42, 买入力$401585.68
2025-06-17 10:17:12 | DEBUG    | src.bot.trading_bot:_update_market_data:184 | 市场数据更新完成
2025-06-17 10:17:14 | INFO     | src.strategy.signals:generate_signals:468 | 生成信号: SHORT - VWAP空头突破: 偏离-0.16%, MACD转负
2025-06-17 10:17:14 | INFO     | src.bot.trading_bot:_check_signals:202 | 检测到信号: SHORT 置信度: 0.85 原因: VWAP空头突破: 偏离-0.16%, MACD转负
2025-06-17 10:17:14 | INFO     | src.utils.notifications:send_message:63 | [GENERAL] 📡 交易信号
类型: SHORT
强度: MEDIUM
置信度: 0.85
价格: $599.21
原因: VWAP空头突破: 偏离-0.16%, MACD转负
2025-06-17 10:17:14 | INFO     | src.data.market_data:find_suitable_options:435 | 当前SPY价格: $599.90, 选择PUT期权行权价: $600
2025-06-17 10:17:14 | DEBUG    | src.data.market_data:_generate_option_symbol:470 | 生成期权代码: SPY250617P00600000 (行权价$600, 类型PUT)
2025-06-17 10:17:15 | INFO     | src.data.market_data:find_suitable_options:444 | 成功获取期权SPY250617P00600000的报价数据
2025-06-17 10:17:15 | ERROR    | src.trading.executor:find_best_option:192 | 查找最佳期权失败: 'contractSymbol'
2025-06-17 10:17:15 | WARNING  | src.bot.trading_bot:_check_signals:216 | 信号执行失败: SHORT
2025-06-17 10:17:15 | INFO     | src.trading.executor:update_account_info:125 | 账户更新: 总值$100396.42, 买入力$401585.68
2025-06-17 10:17:15 | DEBUG    | src.bot.trading_bot:_update_market_data:184 | 市场数据更新完成
2025-06-17 10:17:16 | DEBUG    | src.bot.trading_bot:_update_positions_normal:259 | 📊 常规头寸更新完成
2025-06-17 10:17:18 | INFO     | src.strategy.signals:generate_signals:468 | 生成信号: SHORT - VWAP空头突破: 偏离-0.16%, MACD转负
2025-06-17 10:17:18 | INFO     | src.bot.trading_bot:_check_signals:202 | 检测到信号: SHORT 置信度: 0.85 原因: VWAP空头突破: 偏离-0.16%, MACD转负
2025-06-17 10:17:18 | INFO     | src.utils.notifications:send_message:63 | [GENERAL] 📡 交易信号
类型: SHORT
强度: MEDIUM
置信度: 0.85
价格: $599.21
原因: VWAP空头突破: 偏离-0.16%, MACD转负
2025-06-17 10:17:18 | INFO     | src.data.market_data:find_suitable_options:435 | 当前SPY价格: $599.89, 选择PUT期权行权价: $600
2025-06-17 10:17:18 | DEBUG    | src.data.market_data:_generate_option_symbol:470 | 生成期权代码: SPY250617P00600000 (行权价$600, 类型PUT)
2025-06-17 10:17:18 | INFO     | src.data.market_data:find_suitable_options:444 | 成功获取期权SPY250617P00600000的报价数据
2025-06-17 10:17:18 | ERROR    | src.trading.executor:find_best_option:192 | 查找最佳期权失败: 'contractSymbol'
2025-06-17 10:17:18 | WARNING  | src.bot.trading_bot:_check_signals:216 | 信号执行失败: SHORT
2025-06-17 10:17:19 | INFO     | src.trading.executor:update_account_info:125 | 账户更新: 总值$100396.42, 买入力$401585.68
2025-06-17 10:17:19 | DEBUG    | src.bot.trading_bot:_update_market_data:184 | 市场数据更新完成
2025-06-17 10:17:21 | INFO     | src.strategy.signals:generate_signals:468 | 生成信号: SHORT - VWAP空头突破: 偏离-0.16%, MACD转负
2025-06-17 10:17:21 | INFO     | src.bot.trading_bot:_check_signals:202 | 检测到信号: SHORT 置信度: 0.85 原因: VWAP空头突破: 偏离-0.16%, MACD转负
2025-06-17 10:17:21 | INFO     | src.utils.notifications:send_message:63 | [GENERAL] 📡 交易信号
类型: SHORT
强度: MEDIUM
置信度: 0.85
价格: $599.21
原因: VWAP空头突破: 偏离-0.16%, MACD转负
2025-06-17 10:17:21 | INFO     | src.data.market_data:find_suitable_options:435 | 当前SPY价格: $599.89, 选择PUT期权行权价: $600
2025-06-17 10:17:21 | DEBUG    | src.data.market_data:_generate_option_symbol:470 | 生成期权代码: SPY250617P00600000 (行权价$600, 类型PUT)
2025-06-17 10:17:22 | INFO     | src.data.market_data:find_suitable_options:444 | 成功获取期权SPY250617P00600000的报价数据
2025-06-17 10:17:22 | ERROR    | src.trading.executor:find_best_option:192 | 查找最佳期权失败: 'contractSymbol'
2025-06-17 10:17:22 | WARNING  | src.bot.trading_bot:_check_signals:216 | 信号执行失败: SHORT
2025-06-17 10:17:22 | INFO     | src.trading.executor:update_account_info:125 | 账户更新: 总值$100396.42, 买入力$401585.68
2025-06-17 10:17:22 | DEBUG    | src.bot.trading_bot:_update_market_data:184 | 市场数据更新完成
2025-06-17 10:17:25 | INFO     | src.strategy.signals:generate_signals:468 | 生成信号: SHORT - VWAP空头突破: 偏离-0.16%, MACD转负
2025-06-17 10:17:25 | INFO     | src.bot.trading_bot:_check_signals:202 | 检测到信号: SHORT 置信度: 0.85 原因: VWAP空头突破: 偏离-0.16%, MACD转负
2025-06-17 10:17:25 | INFO     | src.utils.notifications:send_message:63 | [GENERAL] 📡 交易信号
类型: SHORT
强度: MEDIUM
置信度: 0.85
价格: $599.21
原因: VWAP空头突破: 偏离-0.16%, MACD转负
2025-06-17 10:17:25 | INFO     | src.data.market_data:find_suitable_options:435 | 当前SPY价格: $599.88, 选择PUT期权行权价: $600
2025-06-17 10:17:25 | DEBUG    | src.data.market_data:_generate_option_symbol:470 | 生成期权代码: SPY250617P00600000 (行权价$600, 类型PUT)
2025-06-17 10:17:25 | INFO     | src.data.market_data:find_suitable_options:444 | 成功获取期权SPY250617P00600000的报价数据
2025-06-17 10:17:25 | ERROR    | src.trading.executor:find_best_option:192 | 查找最佳期权失败: 'contractSymbol'
2025-06-17 10:17:25 | WARNING  | src.bot.trading_bot:_check_signals:216 | 信号执行失败: SHORT
2025-06-17 10:17:26 | INFO     | src.trading.executor:update_account_info:125 | 账户更新: 总值$100396.42, 买入力$401585.68
2025-06-17 10:17:26 | DEBUG    | src.bot.trading_bot:_update_market_data:184 | 市场数据更新完成
2025-06-17 10:17:28 | INFO     | src.strategy.signals:generate_signals:468 | 生成信号: SHORT - VWAP空头突破: 偏离-0.16%, MACD转负
2025-06-17 10:17:28 | INFO     | src.bot.trading_bot:_check_signals:202 | 检测到信号: SHORT 置信度: 0.85 原因: VWAP空头突破: 偏离-0.16%, MACD转负
2025-06-17 10:17:28 | INFO     | src.utils.notifications:send_message:63 | [GENERAL] 📡 交易信号
类型: SHORT
强度: MEDIUM
置信度: 0.85
价格: $599.21
原因: VWAP空头突破: 偏离-0.16%, MACD转负
2025-06-17 10:17:28 | INFO     | src.data.market_data:find_suitable_options:435 | 当前SPY价格: $599.85, 选择PUT期权行权价: $600
2025-06-17 10:17:28 | DEBUG    | src.data.market_data:_generate_option_symbol:470 | 生成期权代码: SPY250617P00600000 (行权价$600, 类型PUT)
2025-06-17 10:17:28 | INFO     | src.data.market_data:find_suitable_options:444 | 成功获取期权SPY250617P00600000的报价数据
2025-06-17 10:17:28 | ERROR    | src.trading.executor:find_best_option:192 | 查找最佳期权失败: 'contractSymbol'
2025-06-17 10:17:28 | WARNING  | src.bot.trading_bot:_check_signals:216 | 信号执行失败: SHORT
2025-06-17 10:17:29 | INFO     | src.trading.executor:update_account_info:125 | 账户更新: 总值$100396.42, 买入力$401585.68
2025-06-17 10:17:29 | DEBUG    | src.bot.trading_bot:_update_market_data:184 | 市场数据更新完成
2025-06-17 10:17:32 | INFO     | src.strategy.signals:generate_signals:468 | 生成信号: SHORT - VWAP空头突破: 偏离-0.16%, MACD转负
2025-06-17 10:17:32 | INFO     | src.bot.trading_bot:_check_signals:202 | 检测到信号: SHORT 置信度: 0.85 原因: VWAP空头突破: 偏离-0.16%, MACD转负
2025-06-17 10:17:32 | INFO     | src.utils.notifications:send_message:63 | [GENERAL] 📡 交易信号
类型: SHORT
强度: MEDIUM
置信度: 0.85
价格: $599.21
原因: VWAP空头突破: 偏离-0.16%, MACD转负
2025-06-17 10:17:32 | INFO     | src.data.market_data:find_suitable_options:435 | 当前SPY价格: $599.85, 选择PUT期权行权价: $600
2025-06-17 10:17:32 | DEBUG    | src.data.market_data:_generate_option_symbol:470 | 生成期权代码: SPY250617P00600000 (行权价$600, 类型PUT)
2025-06-17 10:17:32 | INFO     | src.data.market_data:find_suitable_options:444 | 成功获取期权SPY250617P00600000的报价数据
2025-06-17 10:17:32 | ERROR    | src.trading.executor:find_best_option:192 | 查找最佳期权失败: 'contractSymbol'
2025-06-17 10:17:32 | WARNING  | src.bot.trading_bot:_check_signals:216 | 信号执行失败: SHORT
2025-06-17 10:17:33 | INFO     | src.trading.executor:update_account_info:125 | 账户更新: 总值$100396.42, 买入力$401585.68
2025-06-17 10:17:33 | DEBUG    | src.bot.trading_bot:_update_market_data:184 | 市场数据更新完成
2025-06-17 10:17:35 | INFO     | src.strategy.signals:generate_signals:468 | 生成信号: SHORT - VWAP空头突破: 偏离-0.16%, MACD转负
2025-06-17 10:17:35 | INFO     | src.bot.trading_bot:_check_signals:202 | 检测到信号: SHORT 置信度: 0.85 原因: VWAP空头突破: 偏离-0.16%, MACD转负
2025-06-17 10:17:35 | INFO     | src.utils.notifications:send_message:63 | [GENERAL] 📡 交易信号
类型: SHORT
强度: MEDIUM
置信度: 0.85
价格: $599.21
原因: VWAP空头突破: 偏离-0.16%, MACD转负
2025-06-17 10:17:35 | INFO     | src.data.market_data:find_suitable_options:435 | 当前SPY价格: $599.81, 选择PUT期权行权价: $600
2025-06-17 10:17:35 | DEBUG    | src.data.market_data:_generate_option_symbol:470 | 生成期权代码: SPY250617P00600000 (行权价$600, 类型PUT)
2025-06-17 10:17:36 | INFO     | src.data.market_data:find_suitable_options:444 | 成功获取期权SPY250617P00600000的报价数据
2025-06-17 10:17:36 | ERROR    | src.trading.executor:find_best_option:192 | 查找最佳期权失败: 'contractSymbol'
2025-06-17 10:17:36 | WARNING  | src.bot.trading_bot:_check_signals:216 | 信号执行失败: SHORT
2025-06-17 10:17:36 | INFO     | src.trading.executor:update_account_info:125 | 账户更新: 总值$100396.42, 买入力$401585.68
2025-06-17 10:17:36 | DEBUG    | src.bot.trading_bot:_update_market_data:184 | 市场数据更新完成
2025-06-17 10:17:39 | INFO     | src.strategy.signals:generate_signals:468 | 生成信号: SHORT - VWAP空头突破: 偏离-0.16%, MACD转负
2025-06-17 10:17:39 | INFO     | src.bot.trading_bot:_check_signals:202 | 检测到信号: SHORT 置信度: 0.85 原因: VWAP空头突破: 偏离-0.16%, MACD转负
2025-06-17 10:17:39 | INFO     | src.utils.notifications:send_message:63 | [GENERAL] 📡 交易信号
类型: SHORT
强度: MEDIUM
置信度: 0.85
价格: $599.21
原因: VWAP空头突破: 偏离-0.16%, MACD转负
2025-06-17 10:17:39 | INFO     | src.data.market_data:find_suitable_options:435 | 当前SPY价格: $599.81, 选择PUT期权行权价: $600
2025-06-17 10:17:39 | DEBUG    | src.data.market_data:_generate_option_symbol:470 | 生成期权代码: SPY250617P00600000 (行权价$600, 类型PUT)
2025-06-17 10:17:39 | INFO     | src.data.market_data:find_suitable_options:444 | 成功获取期权SPY250617P00600000的报价数据
2025-06-17 10:17:39 | ERROR    | src.trading.executor:find_best_option:192 | 查找最佳期权失败: 'contractSymbol'
2025-06-17 10:17:39 | WARNING  | src.bot.trading_bot:_check_signals:216 | 信号执行失败: SHORT
2025-06-17 10:17:40 | INFO     | src.trading.executor:update_account_info:125 | 账户更新: 总值$100396.42, 买入力$401585.68
2025-06-17 10:17:40 | DEBUG    | src.bot.trading_bot:_update_market_data:184 | 市场数据更新完成
2025-06-17 10:17:42 | INFO     | src.strategy.signals:generate_signals:468 | 生成信号: SHORT - VWAP空头突破: 偏离-0.16%, MACD转负
2025-06-17 10:17:42 | INFO     | src.bot.trading_bot:_check_signals:202 | 检测到信号: SHORT 置信度: 0.85 原因: VWAP空头突破: 偏离-0.16%, MACD转负
2025-06-17 10:17:42 | INFO     | src.utils.notifications:send_message:63 | [GENERAL] 📡 交易信号
类型: SHORT
强度: MEDIUM
置信度: 0.85
价格: $599.21
原因: VWAP空头突破: 偏离-0.16%, MACD转负
2025-06-17 10:17:42 | INFO     | src.data.market_data:find_suitable_options:435 | 当前SPY价格: $599.81, 选择PUT期权行权价: $600
2025-06-17 10:17:42 | DEBUG    | src.data.market_data:_generate_option_symbol:470 | 生成期权代码: SPY250617P00600000 (行权价$600, 类型PUT)
2025-06-17 10:17:43 | INFO     | src.data.market_data:find_suitable_options:444 | 成功获取期权SPY250617P00600000的报价数据
2025-06-17 10:17:43 | ERROR    | src.trading.executor:find_best_option:192 | 查找最佳期权失败: 'contractSymbol'
2025-06-17 10:17:43 | WARNING  | src.bot.trading_bot:_check_signals:216 | 信号执行失败: SHORT
2025-06-17 10:17:43 | INFO     | src.trading.executor:update_account_info:125 | 账户更新: 总值$100396.42, 买入力$401585.68
2025-06-17 10:17:43 | DEBUG    | src.bot.trading_bot:_update_market_data:184 | 市场数据更新完成
2025-06-17 10:17:46 | INFO     | src.strategy.signals:generate_signals:468 | 生成信号: SHORT - VWAP空头突破: 偏离-0.16%, MACD转负
2025-06-17 10:17:46 | INFO     | src.bot.trading_bot:_check_signals:202 | 检测到信号: SHORT 置信度: 0.85 原因: VWAP空头突破: 偏离-0.16%, MACD转负
2025-06-17 10:17:46 | INFO     | src.utils.notifications:send_message:63 | [GENERAL] 📡 交易信号
类型: SHORT
强度: MEDIUM
置信度: 0.85
价格: $599.21
原因: VWAP空头突破: 偏离-0.16%, MACD转负
2025-06-17 10:17:46 | INFO     | src.data.market_data:find_suitable_options:435 | 当前SPY价格: $599.81, 选择PUT期权行权价: $600
2025-06-17 10:17:46 | DEBUG    | src.data.market_data:_generate_option_symbol:470 | 生成期权代码: SPY250617P00600000 (行权价$600, 类型PUT)
2025-06-17 10:17:46 | INFO     | src.data.market_data:find_suitable_options:444 | 成功获取期权SPY250617P00600000的报价数据
2025-06-17 10:17:46 | ERROR    | src.trading.executor:find_best_option:192 | 查找最佳期权失败: 'contractSymbol'
2025-06-17 10:17:46 | WARNING  | src.bot.trading_bot:_check_signals:216 | 信号执行失败: SHORT
2025-06-17 10:17:47 | INFO     | src.trading.executor:update_account_info:125 | 账户更新: 总值$100396.42, 买入力$401585.68
2025-06-17 10:17:47 | DEBUG    | src.bot.trading_bot:_update_market_data:184 | 市场数据更新完成
2025-06-17 10:17:49 | INFO     | src.strategy.signals:generate_signals:468 | 生成信号: SHORT - VWAP空头突破: 偏离-0.16%, MACD转负
2025-06-17 10:17:49 | INFO     | src.bot.trading_bot:_check_signals:202 | 检测到信号: SHORT 置信度: 0.85 原因: VWAP空头突破: 偏离-0.16%, MACD转负
2025-06-17 10:17:49 | INFO     | src.utils.notifications:send_message:63 | [GENERAL] 📡 交易信号
类型: SHORT
强度: MEDIUM
置信度: 0.85
价格: $599.21
原因: VWAP空头突破: 偏离-0.16%, MACD转负
2025-06-17 10:17:49 | INFO     | src.data.market_data:find_suitable_options:435 | 当前SPY价格: $599.83, 选择PUT期权行权价: $600
2025-06-17 10:17:49 | DEBUG    | src.data.market_data:_generate_option_symbol:470 | 生成期权代码: SPY250617P00600000 (行权价$600, 类型PUT)
2025-06-17 10:17:50 | INFO     | src.data.market_data:find_suitable_options:444 | 成功获取期权SPY250617P00600000的报价数据
2025-06-17 10:17:50 | ERROR    | src.trading.executor:find_best_option:192 | 查找最佳期权失败: 'contractSymbol'
2025-06-17 10:17:50 | WARNING  | src.bot.trading_bot:_check_signals:216 | 信号执行失败: SHORT
2025-06-17 10:17:50 | INFO     | src.trading.executor:update_account_info:125 | 账户更新: 总值$100396.42, 买入力$401585.68
2025-06-17 10:17:50 | DEBUG    | src.bot.trading_bot:_update_market_data:184 | 市场数据更新完成
2025-06-17 10:17:53 | INFO     | src.strategy.signals:generate_signals:468 | 生成信号: SHORT - VWAP空头突破: 偏离-0.16%, MACD转负
2025-06-17 10:17:53 | INFO     | src.bot.trading_bot:_check_signals:202 | 检测到信号: SHORT 置信度: 0.85 原因: VWAP空头突破: 偏离-0.16%, MACD转负
2025-06-17 10:17:53 | INFO     | src.utils.notifications:send_message:63 | [GENERAL] 📡 交易信号
类型: SHORT
强度: MEDIUM
置信度: 0.85
价格: $599.21
原因: VWAP空头突破: 偏离-0.16%, MACD转负
2025-06-17 10:17:53 | INFO     | src.data.market_data:find_suitable_options:435 | 当前SPY价格: $599.88, 选择PUT期权行权价: $600
2025-06-17 10:17:53 | DEBUG    | src.data.market_data:_generate_option_symbol:470 | 生成期权代码: SPY250617P00600000 (行权价$600, 类型PUT)
2025-06-17 10:17:53 | INFO     | src.data.market_data:find_suitable_options:444 | 成功获取期权SPY250617P00600000的报价数据
2025-06-17 10:17:53 | ERROR    | src.trading.executor:find_best_option:192 | 查找最佳期权失败: 'contractSymbol'
2025-06-17 10:17:53 | WARNING  | src.bot.trading_bot:_check_signals:216 | 信号执行失败: SHORT
2025-06-17 10:17:54 | INFO     | src.trading.executor:update_account_info:125 | 账户更新: 总值$100396.42, 买入力$401585.68
2025-06-17 10:17:54 | DEBUG    | src.bot.trading_bot:_update_market_data:184 | 市场数据更新完成
2025-06-17 10:17:56 | INFO     | src.strategy.signals:generate_signals:468 | 生成信号: SHORT - VWAP空头突破: 偏离-0.16%, MACD转负
2025-06-17 10:17:56 | INFO     | src.bot.trading_bot:_check_signals:202 | 检测到信号: SHORT 置信度: 0.85 原因: VWAP空头突破: 偏离-0.16%, MACD转负
2025-06-17 10:17:56 | INFO     | src.utils.notifications:send_message:63 | [GENERAL] 📡 交易信号
类型: SHORT
强度: MEDIUM
置信度: 0.85
价格: $599.21
原因: VWAP空头突破: 偏离-0.16%, MACD转负
2025-06-17 10:17:56 | INFO     | src.data.market_data:find_suitable_options:435 | 当前SPY价格: $599.88, 选择PUT期权行权价: $600
2025-06-17 10:17:56 | DEBUG    | src.data.market_data:_generate_option_symbol:470 | 生成期权代码: SPY250617P00600000 (行权价$600, 类型PUT)
2025-06-17 10:17:57 | INFO     | src.data.market_data:find_suitable_options:444 | 成功获取期权SPY250617P00600000的报价数据
2025-06-17 10:17:57 | ERROR    | src.trading.executor:find_best_option:192 | 查找最佳期权失败: 'contractSymbol'
2025-06-17 10:17:57 | WARNING  | src.bot.trading_bot:_check_signals:216 | 信号执行失败: SHORT
2025-06-17 10:17:57 | INFO     | src.trading.executor:update_account_info:125 | 账户更新: 总值$100396.42, 买入力$401585.68
2025-06-17 10:17:57 | DEBUG    | src.bot.trading_bot:_update_market_data:184 | 市场数据更新完成
2025-06-17 10:18:00 | INFO     | src.strategy.signals:generate_signals:468 | 生成信号: SHORT - VWAP空头突破: 偏离-0.16%, MACD转负
2025-06-17 10:18:00 | INFO     | src.bot.trading_bot:_check_signals:202 | 检测到信号: SHORT 置信度: 0.85 原因: VWAP空头突破: 偏离-0.16%, MACD转负
2025-06-17 10:18:00 | INFO     | src.utils.notifications:send_message:63 | [GENERAL] 📡 交易信号
类型: SHORT
强度: MEDIUM
置信度: 0.85
价格: $599.21
原因: VWAP空头突破: 偏离-0.16%, MACD转负
2025-06-17 10:18:00 | INFO     | src.data.market_data:find_suitable_options:435 | 当前SPY价格: $599.83, 选择PUT期权行权价: $600
2025-06-17 10:18:00 | DEBUG    | src.data.market_data:_generate_option_symbol:470 | 生成期权代码: SPY250617P00600000 (行权价$600, 类型PUT)
2025-06-17 10:18:00 | INFO     | src.data.market_data:find_suitable_options:444 | 成功获取期权SPY250617P00600000的报价数据
2025-06-17 10:18:00 | ERROR    | src.trading.executor:find_best_option:192 | 查找最佳期权失败: 'contractSymbol'
2025-06-17 10:18:00 | WARNING  | src.bot.trading_bot:_check_signals:216 | 信号执行失败: SHORT
2025-06-17 10:18:01 | INFO     | src.trading.executor:update_account_info:125 | 账户更新: 总值$100396.42, 买入力$401585.68
2025-06-17 10:18:01 | DEBUG    | src.bot.trading_bot:_update_market_data:184 | 市场数据更新完成
2025-06-17 10:18:03 | INFO     | src.strategy.signals:generate_signals:468 | 生成信号: SHORT - VWAP空头突破: 偏离-0.16%, MACD转负
2025-06-17 10:18:03 | INFO     | src.bot.trading_bot:_check_signals:202 | 检测到信号: SHORT 置信度: 0.85 原因: VWAP空头突破: 偏离-0.16%, MACD转负
2025-06-17 10:18:03 | INFO     | src.utils.notifications:send_message:63 | [GENERAL] 📡 交易信号
类型: SHORT
强度: MEDIUM
置信度: 0.85
价格: $599.21
原因: VWAP空头突破: 偏离-0.16%, MACD转负
2025-06-17 10:18:04 | INFO     | src.data.market_data:find_suitable_options:435 | 当前SPY价格: $599.83, 选择PUT期权行权价: $600
2025-06-17 10:18:04 | DEBUG    | src.data.market_data:_generate_option_symbol:470 | 生成期权代码: SPY250617P00600000 (行权价$600, 类型PUT)
2025-06-17 10:18:04 | INFO     | src.data.market_data:find_suitable_options:444 | 成功获取期权SPY250617P00600000的报价数据
2025-06-17 10:18:04 | ERROR    | src.trading.executor:find_best_option:192 | 查找最佳期权失败: 'contractSymbol'
2025-06-17 10:18:04 | WARNING  | src.bot.trading_bot:_check_signals:216 | 信号执行失败: SHORT
2025-06-17 10:18:05 | INFO     | src.trading.executor:update_account_info:125 | 账户更新: 总值$100396.42, 买入力$401585.68
2025-06-17 10:18:05 | DEBUG    | src.bot.trading_bot:_update_market_data:184 | 市场数据更新完成
2025-06-17 10:18:07 | INFO     | src.strategy.signals:generate_signals:468 | 生成信号: SHORT - VWAP空头突破: 偏离-0.16%, MACD转负
2025-06-17 10:18:07 | INFO     | src.bot.trading_bot:_check_signals:202 | 检测到信号: SHORT 置信度: 0.85 原因: VWAP空头突破: 偏离-0.16%, MACD转负
2025-06-17 10:18:07 | INFO     | src.utils.notifications:send_message:63 | [GENERAL] 📡 交易信号
类型: SHORT
强度: MEDIUM
置信度: 0.85
价格: $599.22
原因: VWAP空头突破: 偏离-0.16%, MACD转负
2025-06-17 10:18:08 | INFO     | src.data.market_data:find_suitable_options:435 | 当前SPY价格: $599.83, 选择PUT期权行权价: $600
2025-06-17 10:18:08 | DEBUG    | src.data.market_data:_generate_option_symbol:470 | 生成期权代码: SPY250617P00600000 (行权价$600, 类型PUT)
2025-06-17 10:18:08 | INFO     | src.data.market_data:find_suitable_options:444 | 成功获取期权SPY250617P00600000的报价数据
2025-06-17 10:18:08 | ERROR    | src.trading.executor:find_best_option:192 | 查找最佳期权失败: 'contractSymbol'
2025-06-17 10:18:08 | WARNING  | src.bot.trading_bot:_check_signals:216 | 信号执行失败: SHORT
2025-06-17 10:18:08 | INFO     | src.trading.executor:update_account_info:125 | 账户更新: 总值$100396.42, 买入力$401585.68
2025-06-17 10:18:08 | DEBUG    | src.bot.trading_bot:_update_market_data:184 | 市场数据更新完成
2025-06-17 10:18:11 | INFO     | src.strategy.signals:generate_signals:468 | 生成信号: SHORT - VWAP空头突破: 偏离-0.16%, MACD转负
2025-06-17 10:18:11 | INFO     | src.bot.trading_bot:_check_signals:202 | 检测到信号: SHORT 置信度: 0.85 原因: VWAP空头突破: 偏离-0.16%, MACD转负
2025-06-17 10:18:11 | INFO     | src.utils.notifications:send_message:63 | [GENERAL] 📡 交易信号
类型: SHORT
强度: MEDIUM
置信度: 0.85
价格: $599.22
原因: VWAP空头突破: 偏离-0.16%, MACD转负
2025-06-17 10:18:11 | INFO     | src.data.market_data:find_suitable_options:435 | 当前SPY价格: $599.83, 选择PUT期权行权价: $600
2025-06-17 10:18:11 | DEBUG    | src.data.market_data:_generate_option_symbol:470 | 生成期权代码: SPY250617P00600000 (行权价$600, 类型PUT)
2025-06-17 10:18:11 | INFO     | src.data.market_data:find_suitable_options:444 | 成功获取期权SPY250617P00600000的报价数据
2025-06-17 10:18:11 | ERROR    | src.trading.executor:find_best_option:192 | 查找最佳期权失败: 'contractSymbol'
2025-06-17 10:18:11 | WARNING  | src.bot.trading_bot:_check_signals:216 | 信号执行失败: SHORT
2025-06-17 10:18:12 | INFO     | src.trading.executor:update_account_info:125 | 账户更新: 总值$100396.42, 买入力$401585.68
2025-06-17 10:18:12 | DEBUG    | src.bot.trading_bot:_update_market_data:184 | 市场数据更新完成
2025-06-17 10:18:14 | INFO     | src.strategy.signals:generate_signals:468 | 生成信号: SHORT - VWAP空头突破: 偏离-0.16%, MACD转负
2025-06-17 10:18:14 | INFO     | src.bot.trading_bot:_check_signals:202 | 检测到信号: SHORT 置信度: 0.85 原因: VWAP空头突破: 偏离-0.16%, MACD转负
2025-06-17 10:18:14 | INFO     | src.utils.notifications:send_message:63 | [GENERAL] 📡 交易信号
类型: SHORT
强度: MEDIUM
置信度: 0.85
价格: $599.22
原因: VWAP空头突破: 偏离-0.16%, MACD转负
2025-06-17 10:18:15 | INFO     | src.data.market_data:find_suitable_options:435 | 当前SPY价格: $599.83, 选择PUT期权行权价: $600
2025-06-17 10:18:15 | DEBUG    | src.data.market_data:_generate_option_symbol:470 | 生成期权代码: SPY250617P00600000 (行权价$600, 类型PUT)
2025-06-17 10:18:15 | INFO     | src.data.market_data:find_suitable_options:444 | 成功获取期权SPY250617P00600000的报价数据
2025-06-17 10:18:15 | ERROR    | src.trading.executor:find_best_option:192 | 查找最佳期权失败: 'contractSymbol'
2025-06-17 10:18:15 | WARNING  | src.bot.trading_bot:_check_signals:216 | 信号执行失败: SHORT
2025-06-17 10:18:15 | INFO     | src.trading.executor:update_account_info:125 | 账户更新: 总值$100396.42, 买入力$401585.68
2025-06-17 10:18:15 | DEBUG    | src.bot.trading_bot:_update_market_data:184 | 市场数据更新完成
2025-06-17 10:18:16 | DEBUG    | src.bot.trading_bot:_update_positions_normal:259 | 📊 常规头寸更新完成
2025-06-17 10:18:18 | INFO     | src.strategy.signals:generate_signals:468 | 生成信号: SHORT - VWAP空头突破: 偏离-0.16%, MACD转负
2025-06-17 10:18:18 | INFO     | src.bot.trading_bot:_check_signals:202 | 检测到信号: SHORT 置信度: 0.85 原因: VWAP空头突破: 偏离-0.16%, MACD转负
2025-06-17 10:18:18 | INFO     | src.utils.notifications:send_message:63 | [GENERAL] 📡 交易信号
类型: SHORT
强度: MEDIUM
置信度: 0.85
价格: $599.22
原因: VWAP空头突破: 偏离-0.16%, MACD转负
2025-06-17 10:18:18 | INFO     | src.data.market_data:find_suitable_options:435 | 当前SPY价格: $599.83, 选择PUT期权行权价: $600
2025-06-17 10:18:18 | DEBUG    | src.data.market_data:_generate_option_symbol:470 | 生成期权代码: SPY250617P00600000 (行权价$600, 类型PUT)
2025-06-17 10:18:18 | INFO     | src.data.market_data:find_suitable_options:444 | 成功获取期权SPY250617P00600000的报价数据
2025-06-17 10:18:18 | ERROR    | src.trading.executor:find_best_option:192 | 查找最佳期权失败: 'contractSymbol'
2025-06-17 10:18:18 | WARNING  | src.bot.trading_bot:_check_signals:216 | 信号执行失败: SHORT
2025-06-17 10:18:19 | INFO     | src.trading.executor:update_account_info:125 | 账户更新: 总值$100396.42, 买入力$401585.68
2025-06-17 10:18:19 | DEBUG    | src.bot.trading_bot:_update_market_data:184 | 市场数据更新完成
2025-06-17 10:18:21 | INFO     | src.strategy.signals:generate_signals:468 | 生成信号: SHORT - VWAP空头突破: 偏离-0.16%, MACD转负
2025-06-17 10:18:21 | INFO     | src.bot.trading_bot:_check_signals:202 | 检测到信号: SHORT 置信度: 0.85 原因: VWAP空头突破: 偏离-0.16%, MACD转负
2025-06-17 10:18:21 | INFO     | src.utils.notifications:send_message:63 | [GENERAL] 📡 交易信号
类型: SHORT
强度: MEDIUM
置信度: 0.85
价格: $599.22
原因: VWAP空头突破: 偏离-0.16%, MACD转负
2025-06-17 10:18:21 | INFO     | src.data.market_data:find_suitable_options:435 | 当前SPY价格: $599.83, 选择PUT期权行权价: $600
2025-06-17 10:18:21 | DEBUG    | src.data.market_data:_generate_option_symbol:470 | 生成期权代码: SPY250617P00600000 (行权价$600, 类型PUT)
2025-06-17 10:18:22 | INFO     | src.data.market_data:find_suitable_options:444 | 成功获取期权SPY250617P00600000的报价数据
2025-06-17 10:18:22 | ERROR    | src.trading.executor:find_best_option:192 | 查找最佳期权失败: 'contractSymbol'
2025-06-17 10:18:22 | WARNING  | src.bot.trading_bot:_check_signals:216 | 信号执行失败: SHORT
2025-06-17 10:18:22 | INFO     | src.trading.executor:update_account_info:125 | 账户更新: 总值$100396.42, 买入力$401585.68
2025-06-17 10:18:22 | DEBUG    | src.bot.trading_bot:_update_market_data:184 | 市场数据更新完成
2025-06-17 10:18:25 | INFO     | src.strategy.signals:generate_signals:468 | 生成信号: SHORT - VWAP空头突破: 偏离-0.16%, MACD转负
2025-06-17 10:18:25 | INFO     | src.bot.trading_bot:_check_signals:202 | 检测到信号: SHORT 置信度: 0.85 原因: VWAP空头突破: 偏离-0.16%, MACD转负
2025-06-17 10:18:25 | INFO     | src.utils.notifications:send_message:63 | [GENERAL] 📡 交易信号
类型: SHORT
强度: MEDIUM
置信度: 0.85
价格: $599.22
原因: VWAP空头突破: 偏离-0.16%, MACD转负
2025-06-17 10:18:25 | INFO     | src.data.market_data:find_suitable_options:435 | 当前SPY价格: $599.83, 选择PUT期权行权价: $600
2025-06-17 10:18:25 | DEBUG    | src.data.market_data:_generate_option_symbol:470 | 生成期权代码: SPY250617P00600000 (行权价$600, 类型PUT)
2025-06-17 10:18:25 | INFO     | src.data.market_data:find_suitable_options:444 | 成功获取期权SPY250617P00600000的报价数据
2025-06-17 10:18:25 | ERROR    | src.trading.executor:find_best_option:192 | 查找最佳期权失败: 'contractSymbol'
2025-06-17 10:18:25 | WARNING  | src.bot.trading_bot:_check_signals:216 | 信号执行失败: SHORT
2025-06-17 10:18:26 | INFO     | src.trading.executor:update_account_info:125 | 账户更新: 总值$100396.42, 买入力$401585.68
2025-06-17 10:18:26 | DEBUG    | src.bot.trading_bot:_update_market_data:184 | 市场数据更新完成
2025-06-17 10:18:28 | INFO     | src.strategy.signals:generate_signals:468 | 生成信号: SHORT - VWAP空头突破: 偏离-0.16%, MACD转负
2025-06-17 10:18:28 | INFO     | src.bot.trading_bot:_check_signals:202 | 检测到信号: SHORT 置信度: 0.85 原因: VWAP空头突破: 偏离-0.16%, MACD转负
2025-06-17 10:18:28 | INFO     | src.utils.notifications:send_message:63 | [GENERAL] 📡 交易信号
类型: SHORT
强度: MEDIUM
置信度: 0.85
价格: $599.22
原因: VWAP空头突破: 偏离-0.16%, MACD转负
2025-06-17 10:18:28 | INFO     | src.data.market_data:find_suitable_options:435 | 当前SPY价格: $599.83, 选择PUT期权行权价: $600
2025-06-17 10:18:28 | DEBUG    | src.data.market_data:_generate_option_symbol:470 | 生成期权代码: SPY250617P00600000 (行权价$600, 类型PUT)
2025-06-17 10:18:29 | INFO     | src.data.market_data:find_suitable_options:444 | 成功获取期权SPY250617P00600000的报价数据
2025-06-17 10:18:29 | ERROR    | src.trading.executor:find_best_option:192 | 查找最佳期权失败: 'contractSymbol'
2025-06-17 10:18:29 | WARNING  | src.bot.trading_bot:_check_signals:216 | 信号执行失败: SHORT
2025-06-17 10:18:29 | INFO     | src.trading.executor:update_account_info:125 | 账户更新: 总值$100396.42, 买入力$401585.68
2025-06-17 10:18:29 | DEBUG    | src.bot.trading_bot:_update_market_data:184 | 市场数据更新完成
2025-06-17 10:18:32 | INFO     | src.strategy.signals:generate_signals:468 | 生成信号: SHORT - VWAP空头突破: 偏离-0.16%, MACD转负
2025-06-17 10:18:32 | INFO     | src.bot.trading_bot:_check_signals:202 | 检测到信号: SHORT 置信度: 0.85 原因: VWAP空头突破: 偏离-0.16%, MACD转负
2025-06-17 10:18:32 | INFO     | src.utils.notifications:send_message:63 | [GENERAL] 📡 交易信号
类型: SHORT
强度: MEDIUM
置信度: 0.85
价格: $599.22
原因: VWAP空头突破: 偏离-0.16%, MACD转负
2025-06-17 10:18:32 | INFO     | src.data.market_data:find_suitable_options:435 | 当前SPY价格: $599.90, 选择PUT期权行权价: $600
2025-06-17 10:18:32 | DEBUG    | src.data.market_data:_generate_option_symbol:470 | 生成期权代码: SPY250617P00600000 (行权价$600, 类型PUT)
2025-06-17 10:18:32 | INFO     | src.data.market_data:find_suitable_options:444 | 成功获取期权SPY250617P00600000的报价数据
2025-06-17 10:18:32 | ERROR    | src.trading.executor:find_best_option:192 | 查找最佳期权失败: 'contractSymbol'
2025-06-17 10:18:32 | WARNING  | src.bot.trading_bot:_check_signals:216 | 信号执行失败: SHORT
2025-06-17 10:18:33 | INFO     | src.trading.executor:update_account_info:125 | 账户更新: 总值$100396.42, 买入力$401585.68
2025-06-17 10:18:33 | DEBUG    | src.bot.trading_bot:_update_market_data:184 | 市场数据更新完成
2025-06-17 10:18:35 | INFO     | src.strategy.signals:generate_signals:468 | 生成信号: SHORT - VWAP空头突破: 偏离-0.16%, MACD转负
2025-06-17 10:18:35 | INFO     | src.bot.trading_bot:_check_signals:202 | 检测到信号: SHORT 置信度: 0.85 原因: VWAP空头突破: 偏离-0.16%, MACD转负
2025-06-17 10:18:35 | INFO     | src.utils.notifications:send_message:63 | [GENERAL] 📡 交易信号
类型: SHORT
强度: MEDIUM
置信度: 0.85
价格: $599.22
原因: VWAP空头突破: 偏离-0.16%, MACD转负
2025-06-17 10:18:35 | INFO     | src.data.market_data:find_suitable_options:435 | 当前SPY价格: $599.90, 选择PUT期权行权价: $600
2025-06-17 10:18:35 | DEBUG    | src.data.market_data:_generate_option_symbol:470 | 生成期权代码: SPY250617P00600000 (行权价$600, 类型PUT)
2025-06-17 10:18:35 | INFO     | src.data.market_data:find_suitable_options:444 | 成功获取期权SPY250617P00600000的报价数据
2025-06-17 10:18:35 | ERROR    | src.trading.executor:find_best_option:192 | 查找最佳期权失败: 'contractSymbol'
2025-06-17 10:18:35 | WARNING  | src.bot.trading_bot:_check_signals:216 | 信号执行失败: SHORT
2025-06-17 10:18:36 | INFO     | src.trading.executor:update_account_info:125 | 账户更新: 总值$100396.42, 买入力$401585.68
2025-06-17 10:18:36 | DEBUG    | src.bot.trading_bot:_update_market_data:184 | 市场数据更新完成
2025-06-17 10:18:39 | INFO     | src.strategy.signals:generate_signals:468 | 生成信号: SHORT - VWAP空头突破: 偏离-0.16%, MACD转负
2025-06-17 10:18:39 | INFO     | src.bot.trading_bot:_check_signals:202 | 检测到信号: SHORT 置信度: 0.85 原因: VWAP空头突破: 偏离-0.16%, MACD转负
2025-06-17 10:18:39 | INFO     | src.utils.notifications:send_message:63 | [GENERAL] 📡 交易信号
类型: SHORT
强度: MEDIUM
置信度: 0.85
价格: $599.22
原因: VWAP空头突破: 偏离-0.16%, MACD转负
2025-06-17 10:18:39 | INFO     | src.data.market_data:find_suitable_options:435 | 当前SPY价格: $599.90, 选择PUT期权行权价: $600
2025-06-17 10:18:39 | DEBUG    | src.data.market_data:_generate_option_symbol:470 | 生成期权代码: SPY250617P00600000 (行权价$600, 类型PUT)
2025-06-17 10:18:39 | INFO     | src.data.market_data:find_suitable_options:444 | 成功获取期权SPY250617P00600000的报价数据
2025-06-17 10:18:39 | ERROR    | src.trading.executor:find_best_option:192 | 查找最佳期权失败: 'contractSymbol'
2025-06-17 10:18:39 | WARNING  | src.bot.trading_bot:_check_signals:216 | 信号执行失败: SHORT
2025-06-17 10:18:40 | INFO     | src.trading.executor:update_account_info:125 | 账户更新: 总值$100396.42, 买入力$401585.68
2025-06-17 10:18:40 | DEBUG    | src.bot.trading_bot:_update_market_data:184 | 市场数据更新完成
2025-06-17 10:18:42 | INFO     | src.strategy.signals:generate_signals:468 | 生成信号: SHORT - VWAP空头突破: 偏离-0.16%, MACD转负
2025-06-17 10:18:42 | INFO     | src.bot.trading_bot:_check_signals:202 | 检测到信号: SHORT 置信度: 0.85 原因: VWAP空头突破: 偏离-0.16%, MACD转负
2025-06-17 10:18:42 | INFO     | src.utils.notifications:send_message:63 | [GENERAL] 📡 交易信号
类型: SHORT
强度: MEDIUM
置信度: 0.85
价格: $599.22
原因: VWAP空头突破: 偏离-0.16%, MACD转负
2025-06-17 10:18:42 | INFO     | src.data.market_data:find_suitable_options:435 | 当前SPY价格: $599.90, 选择PUT期权行权价: $600
2025-06-17 10:18:42 | DEBUG    | src.data.market_data:_generate_option_symbol:470 | 生成期权代码: SPY250617P00600000 (行权价$600, 类型PUT)
2025-06-17 10:18:43 | INFO     | src.data.market_data:find_suitable_options:444 | 成功获取期权SPY250617P00600000的报价数据
2025-06-17 10:18:43 | ERROR    | src.trading.executor:find_best_option:192 | 查找最佳期权失败: 'contractSymbol'
2025-06-17 10:18:43 | WARNING  | src.bot.trading_bot:_check_signals:216 | 信号执行失败: SHORT
2025-06-17 10:18:43 | INFO     | src.trading.executor:update_account_info:125 | 账户更新: 总值$100396.42, 买入力$401585.68
2025-06-17 10:18:43 | DEBUG    | src.bot.trading_bot:_update_market_data:184 | 市场数据更新完成
2025-06-17 10:18:46 | INFO     | src.strategy.signals:generate_signals:468 | 生成信号: SHORT - VWAP空头突破: 偏离-0.16%, MACD转负
2025-06-17 10:18:46 | INFO     | src.bot.trading_bot:_check_signals:202 | 检测到信号: SHORT 置信度: 0.85 原因: VWAP空头突破: 偏离-0.16%, MACD转负
2025-06-17 10:18:46 | INFO     | src.utils.notifications:send_message:63 | [GENERAL] 📡 交易信号
类型: SHORT
强度: MEDIUM
置信度: 0.85
价格: $599.22
原因: VWAP空头突破: 偏离-0.16%, MACD转负
2025-06-17 10:18:46 | INFO     | src.data.market_data:find_suitable_options:435 | 当前SPY价格: $599.90, 选择PUT期权行权价: $600
2025-06-17 10:18:46 | DEBUG    | src.data.market_data:_generate_option_symbol:470 | 生成期权代码: SPY250617P00600000 (行权价$600, 类型PUT)
2025-06-17 10:18:46 | INFO     | src.data.market_data:find_suitable_options:444 | 成功获取期权SPY250617P00600000的报价数据
2025-06-17 10:18:46 | ERROR    | src.trading.executor:find_best_option:192 | 查找最佳期权失败: 'contractSymbol'
2025-06-17 10:18:46 | WARNING  | src.bot.trading_bot:_check_signals:216 | 信号执行失败: SHORT
2025-06-17 10:18:47 | INFO     | src.trading.executor:update_account_info:125 | 账户更新: 总值$100396.42, 买入力$401585.68
2025-06-17 10:18:47 | DEBUG    | src.bot.trading_bot:_update_market_data:184 | 市场数据更新完成
2025-06-17 10:18:50 | INFO     | src.strategy.signals:generate_signals:468 | 生成信号: SHORT - VWAP空头突破: 偏离-0.16%, MACD转负
2025-06-17 10:18:50 | INFO     | src.bot.trading_bot:_check_signals:202 | 检测到信号: SHORT 置信度: 0.85 原因: VWAP空头突破: 偏离-0.16%, MACD转负
2025-06-17 10:18:50 | INFO     | src.utils.notifications:send_message:63 | [GENERAL] 📡 交易信号
类型: SHORT
强度: MEDIUM
置信度: 0.85
价格: $599.22
原因: VWAP空头突破: 偏离-0.16%, MACD转负
2025-06-17 10:18:50 | INFO     | src.data.market_data:find_suitable_options:435 | 当前SPY价格: $599.92, 选择PUT期权行权价: $600
2025-06-17 10:18:50 | DEBUG    | src.data.market_data:_generate_option_symbol:470 | 生成期权代码: SPY250617P00600000 (行权价$600, 类型PUT)
2025-06-17 10:18:50 | INFO     | src.data.market_data:find_suitable_options:444 | 成功获取期权SPY250617P00600000的报价数据
2025-06-17 10:18:50 | ERROR    | src.trading.executor:find_best_option:192 | 查找最佳期权失败: 'contractSymbol'
2025-06-17 10:18:50 | WARNING  | src.bot.trading_bot:_check_signals:216 | 信号执行失败: SHORT
2025-06-17 10:18:50 | INFO     | src.trading.executor:update_account_info:125 | 账户更新: 总值$100396.42, 买入力$401585.68
2025-06-17 10:18:50 | DEBUG    | src.bot.trading_bot:_update_market_data:184 | 市场数据更新完成
2025-06-17 10:18:53 | INFO     | src.strategy.signals:generate_signals:468 | 生成信号: SHORT - VWAP空头突破: 偏离-0.16%, MACD转负
2025-06-17 10:18:53 | INFO     | src.bot.trading_bot:_check_signals:202 | 检测到信号: SHORT 置信度: 0.85 原因: VWAP空头突破: 偏离-0.16%, MACD转负
2025-06-17 10:18:53 | INFO     | src.utils.notifications:send_message:63 | [GENERAL] 📡 交易信号
类型: SHORT
强度: MEDIUM
置信度: 0.85
价格: $599.22
原因: VWAP空头突破: 偏离-0.16%, MACD转负
2025-06-17 10:18:53 | INFO     | src.data.market_data:find_suitable_options:435 | 当前SPY价格: $599.92, 选择PUT期权行权价: $600
2025-06-17 10:18:53 | DEBUG    | src.data.market_data:_generate_option_symbol:470 | 生成期权代码: SPY250617P00600000 (行权价$600, 类型PUT)
2025-06-17 10:18:53 | INFO     | src.data.market_data:find_suitable_options:444 | 成功获取期权SPY250617P00600000的报价数据
2025-06-17 10:18:53 | ERROR    | src.trading.executor:find_best_option:192 | 查找最佳期权失败: 'contractSymbol'
2025-06-17 10:18:53 | WARNING  | src.bot.trading_bot:_check_signals:216 | 信号执行失败: SHORT
2025-06-17 10:18:54 | INFO     | src.trading.executor:update_account_info:125 | 账户更新: 总值$100396.42, 买入力$401585.68
2025-06-17 10:18:54 | DEBUG    | src.bot.trading_bot:_update_market_data:184 | 市场数据更新完成
2025-06-17 10:18:56 | INFO     | src.strategy.signals:generate_signals:468 | 生成信号: SHORT - VWAP空头突破: 偏离-0.16%, MACD转负
2025-06-17 10:18:56 | INFO     | src.bot.trading_bot:_check_signals:202 | 检测到信号: SHORT 置信度: 0.85 原因: VWAP空头突破: 偏离-0.16%, MACD转负
2025-06-17 10:18:56 | INFO     | src.utils.notifications:send_message:63 | [GENERAL] 📡 交易信号
类型: SHORT
强度: MEDIUM
置信度: 0.85
价格: $599.22
原因: VWAP空头突破: 偏离-0.16%, MACD转负
2025-06-17 10:18:57 | INFO     | src.data.market_data:find_suitable_options:435 | 当前SPY价格: $599.90, 选择PUT期权行权价: $600
2025-06-17 10:18:57 | DEBUG    | src.data.market_data:_generate_option_symbol:470 | 生成期权代码: SPY250617P00600000 (行权价$600, 类型PUT)
2025-06-17 10:18:57 | INFO     | src.data.market_data:find_suitable_options:444 | 成功获取期权SPY250617P00600000的报价数据
2025-06-17 10:18:57 | ERROR    | src.trading.executor:find_best_option:192 | 查找最佳期权失败: 'contractSymbol'
2025-06-17 10:18:57 | WARNING  | src.bot.trading_bot:_check_signals:216 | 信号执行失败: SHORT
2025-06-17 10:18:57 | INFO     | src.trading.executor:update_account_info:125 | 账户更新: 总值$100396.42, 买入力$401585.68
2025-06-17 10:18:57 | DEBUG    | src.bot.trading_bot:_update_market_data:184 | 市场数据更新完成
2025-06-17 10:19:00 | INFO     | src.strategy.signals:generate_signals:468 | 生成信号: SHORT - VWAP空头突破: 偏离-0.16%, MACD转负
2025-06-17 10:19:00 | INFO     | src.bot.trading_bot:_check_signals:202 | 检测到信号: SHORT 置信度: 0.85 原因: VWAP空头突破: 偏离-0.16%, MACD转负
2025-06-17 10:19:00 | INFO     | src.utils.notifications:send_message:63 | [GENERAL] 📡 交易信号
类型: SHORT
强度: MEDIUM
置信度: 0.85
价格: $599.22
原因: VWAP空头突破: 偏离-0.16%, MACD转负
2025-06-17 10:19:00 | INFO     | src.data.market_data:find_suitable_options:435 | 当前SPY价格: $599.90, 选择PUT期权行权价: $600
2025-06-17 10:19:00 | DEBUG    | src.data.market_data:_generate_option_symbol:470 | 生成期权代码: SPY250617P00600000 (行权价$600, 类型PUT)
2025-06-17 10:19:00 | INFO     | src.data.market_data:find_suitable_options:444 | 成功获取期权SPY250617P00600000的报价数据
2025-06-17 10:19:00 | ERROR    | src.trading.executor:find_best_option:192 | 查找最佳期权失败: 'contractSymbol'
2025-06-17 10:19:00 | WARNING  | src.bot.trading_bot:_check_signals:216 | 信号执行失败: SHORT
2025-06-17 10:19:01 | INFO     | src.trading.executor:update_account_info:125 | 账户更新: 总值$100396.42, 买入力$401585.68
2025-06-17 10:19:01 | DEBUG    | src.bot.trading_bot:_update_market_data:184 | 市场数据更新完成
2025-06-17 10:19:03 | INFO     | src.strategy.signals:generate_signals:468 | 生成信号: SHORT - VWAP空头突破: 偏离-0.16%, MACD转负
2025-06-17 10:19:03 | INFO     | src.bot.trading_bot:_check_signals:202 | 检测到信号: SHORT 置信度: 0.85 原因: VWAP空头突破: 偏离-0.16%, MACD转负
2025-06-17 10:19:03 | INFO     | src.utils.notifications:send_message:63 | [GENERAL] 📡 交易信号
类型: SHORT
强度: MEDIUM
置信度: 0.85
价格: $599.22
原因: VWAP空头突破: 偏离-0.16%, MACD转负
2025-06-17 10:19:04 | INFO     | src.data.market_data:find_suitable_options:435 | 当前SPY价格: $599.90, 选择PUT期权行权价: $600
2025-06-17 10:19:04 | DEBUG    | src.data.market_data:_generate_option_symbol:470 | 生成期权代码: SPY250617P00600000 (行权价$600, 类型PUT)
2025-06-17 10:19:04 | INFO     | src.data.market_data:find_suitable_options:444 | 成功获取期权SPY250617P00600000的报价数据
2025-06-17 10:19:04 | ERROR    | src.trading.executor:find_best_option:192 | 查找最佳期权失败: 'contractSymbol'
2025-06-17 10:19:04 | WARNING  | src.bot.trading_bot:_check_signals:216 | 信号执行失败: SHORT
2025-06-17 10:19:04 | INFO     | src.trading.executor:update_account_info:125 | 账户更新: 总值$100396.42, 买入力$401585.68
2025-06-17 10:19:04 | DEBUG    | src.bot.trading_bot:_update_market_data:184 | 市场数据更新完成
2025-06-17 10:19:07 | INFO     | src.strategy.signals:generate_signals:468 | 生成信号: SHORT - VWAP空头突破: 偏离-0.16%, MACD转负
2025-06-17 10:19:07 | INFO     | src.bot.trading_bot:_check_signals:202 | 检测到信号: SHORT 置信度: 0.85 原因: VWAP空头突破: 偏离-0.16%, MACD转负
2025-06-17 10:19:07 | INFO     | src.utils.notifications:send_message:63 | [GENERAL] 📡 交易信号
类型: SHORT
强度: MEDIUM
置信度: 0.85
价格: $599.22
原因: VWAP空头突破: 偏离-0.16%, MACD转负
2025-06-17 10:19:07 | INFO     | src.data.market_data:find_suitable_options:435 | 当前SPY价格: $599.90, 选择PUT期权行权价: $600
2025-06-17 10:19:07 | DEBUG    | src.data.market_data:_generate_option_symbol:470 | 生成期权代码: SPY250617P00600000 (行权价$600, 类型PUT)
2025-06-17 10:19:07 | INFO     | src.data.market_data:find_suitable_options:444 | 成功获取期权SPY250617P00600000的报价数据
2025-06-17 10:19:07 | ERROR    | src.trading.executor:find_best_option:192 | 查找最佳期权失败: 'contractSymbol'
2025-06-17 10:19:07 | WARNING  | src.bot.trading_bot:_check_signals:216 | 信号执行失败: SHORT
2025-06-17 10:19:08 | INFO     | src.trading.executor:update_account_info:125 | 账户更新: 总值$100396.42, 买入力$401585.68
2025-06-17 10:19:08 | DEBUG    | src.bot.trading_bot:_update_market_data:184 | 市场数据更新完成
2025-06-17 10:19:11 | INFO     | src.strategy.signals:generate_signals:468 | 生成信号: SHORT - VWAP空头突破: 偏离-0.17%, MACD转负
2025-06-17 10:19:11 | INFO     | src.bot.trading_bot:_check_signals:202 | 检测到信号: SHORT 置信度: 0.85 原因: VWAP空头突破: 偏离-0.17%, MACD转负
2025-06-17 10:19:11 | INFO     | src.utils.notifications:send_message:63 | [GENERAL] 📡 交易信号
类型: SHORT
强度: MEDIUM
置信度: 0.85
价格: $599.18
原因: VWAP空头突破: 偏离-0.17%, MACD转负
2025-06-17 10:19:11 | INFO     | src.data.market_data:find_suitable_options:435 | 当前SPY价格: $599.90, 选择PUT期权行权价: $600
2025-06-17 10:19:11 | DEBUG    | src.data.market_data:_generate_option_symbol:470 | 生成期权代码: SPY250617P00600000 (行权价$600, 类型PUT)
2025-06-17 10:19:11 | INFO     | src.data.market_data:find_suitable_options:444 | 成功获取期权SPY250617P00600000的报价数据
2025-06-17 10:19:11 | ERROR    | src.trading.executor:find_best_option:192 | 查找最佳期权失败: 'contractSymbol'
2025-06-17 10:19:11 | WARNING  | src.bot.trading_bot:_check_signals:216 | 信号执行失败: SHORT
2025-06-17 10:19:11 | INFO     | src.trading.executor:update_account_info:125 | 账户更新: 总值$100396.42, 买入力$401585.68
2025-06-17 10:19:11 | DEBUG    | src.bot.trading_bot:_update_market_data:184 | 市场数据更新完成
2025-06-17 10:19:14 | INFO     | src.strategy.signals:generate_signals:468 | 生成信号: SHORT - VWAP空头突破: 偏离-0.17%, MACD转负
2025-06-17 10:19:14 | INFO     | src.bot.trading_bot:_check_signals:202 | 检测到信号: SHORT 置信度: 0.85 原因: VWAP空头突破: 偏离-0.17%, MACD转负
2025-06-17 10:19:14 | INFO     | src.utils.notifications:send_message:63 | [GENERAL] 📡 交易信号
类型: SHORT
强度: MEDIUM
置信度: 0.85
价格: $599.18
原因: VWAP空头突破: 偏离-0.17%, MACD转负
2025-06-17 10:19:14 | INFO     | src.data.market_data:find_suitable_options:435 | 当前SPY价格: $599.90, 选择PUT期权行权价: $600
2025-06-17 10:19:14 | DEBUG    | src.data.market_data:_generate_option_symbol:470 | 生成期权代码: SPY250617P00600000 (行权价$600, 类型PUT)
2025-06-17 10:19:14 | INFO     | src.data.market_data:find_suitable_options:444 | 成功获取期权SPY250617P00600000的报价数据
2025-06-17 10:19:14 | ERROR    | src.trading.executor:find_best_option:192 | 查找最佳期权失败: 'contractSymbol'
2025-06-17 10:19:14 | WARNING  | src.bot.trading_bot:_check_signals:216 | 信号执行失败: SHORT
2025-06-17 10:19:15 | INFO     | src.trading.executor:update_account_info:125 | 账户更新: 总值$100396.42, 买入力$401585.68
2025-06-17 10:19:15 | DEBUG    | src.bot.trading_bot:_update_market_data:184 | 市场数据更新完成
2025-06-17 10:19:16 | DEBUG    | src.bot.trading_bot:_update_positions_normal:259 | 📊 常规头寸更新完成
2025-06-17 10:19:18 | INFO     | src.strategy.signals:generate_signals:468 | 生成信号: SHORT - VWAP空头突破: 偏离-0.17%, MACD转负
2025-06-17 10:19:18 | INFO     | src.bot.trading_bot:_check_signals:202 | 检测到信号: SHORT 置信度: 0.85 原因: VWAP空头突破: 偏离-0.17%, MACD转负
2025-06-17 10:19:18 | INFO     | src.utils.notifications:send_message:63 | [GENERAL] 📡 交易信号
类型: SHORT
强度: MEDIUM
置信度: 0.85
价格: $599.18
原因: VWAP空头突破: 偏离-0.17%, MACD转负
2025-06-17 10:19:18 | INFO     | src.data.market_data:find_suitable_options:435 | 当前SPY价格: $599.76, 选择PUT期权行权价: $600
2025-06-17 10:19:18 | DEBUG    | src.data.market_data:_generate_option_symbol:470 | 生成期权代码: SPY250617P00600000 (行权价$600, 类型PUT)
2025-06-17 10:19:18 | INFO     | src.data.market_data:find_suitable_options:444 | 成功获取期权SPY250617P00600000的报价数据
2025-06-17 10:19:18 | ERROR    | src.trading.executor:find_best_option:192 | 查找最佳期权失败: 'contractSymbol'
2025-06-17 10:19:18 | WARNING  | src.bot.trading_bot:_check_signals:216 | 信号执行失败: SHORT
2025-06-17 10:19:18 | INFO     | src.trading.executor:update_account_info:125 | 账户更新: 总值$100396.42, 买入力$401585.68
2025-06-17 10:19:18 | DEBUG    | src.bot.trading_bot:_update_market_data:184 | 市场数据更新完成
2025-06-17 10:19:21 | INFO     | src.strategy.signals:generate_signals:468 | 生成信号: SHORT - VWAP空头突破: 偏离-0.17%, MACD转负
2025-06-17 10:19:21 | INFO     | src.bot.trading_bot:_check_signals:202 | 检测到信号: SHORT 置信度: 0.85 原因: VWAP空头突破: 偏离-0.17%, MACD转负
2025-06-17 10:19:21 | INFO     | src.utils.notifications:send_message:63 | [GENERAL] 📡 交易信号
类型: SHORT
强度: MEDIUM
置信度: 0.85
价格: $599.18
原因: VWAP空头突破: 偏离-0.17%, MACD转负
2025-06-17 10:19:21 | INFO     | src.data.market_data:find_suitable_options:435 | 当前SPY价格: $599.79, 选择PUT期权行权价: $600
2025-06-17 10:19:21 | DEBUG    | src.data.market_data:_generate_option_symbol:470 | 生成期权代码: SPY250617P00600000 (行权价$600, 类型PUT)
2025-06-17 10:19:21 | INFO     | src.data.market_data:find_suitable_options:444 | 成功获取期权SPY250617P00600000的报价数据
2025-06-17 10:19:21 | ERROR    | src.trading.executor:find_best_option:192 | 查找最佳期权失败: 'contractSymbol'
2025-06-17 10:19:21 | WARNING  | src.bot.trading_bot:_check_signals:216 | 信号执行失败: SHORT
2025-06-17 10:19:22 | INFO     | src.trading.executor:update_account_info:125 | 账户更新: 总值$100396.42, 买入力$401585.68
2025-06-17 10:19:22 | DEBUG    | src.bot.trading_bot:_update_market_data:184 | 市场数据更新完成
2025-06-17 10:19:24 | INFO     | src.strategy.signals:generate_signals:468 | 生成信号: SHORT - VWAP空头突破: 偏离-0.17%, MACD转负
2025-06-17 10:19:24 | INFO     | src.bot.trading_bot:_check_signals:202 | 检测到信号: SHORT 置信度: 0.85 原因: VWAP空头突破: 偏离-0.17%, MACD转负
2025-06-17 10:19:24 | INFO     | src.utils.notifications:send_message:63 | [GENERAL] 📡 交易信号
类型: SHORT
强度: MEDIUM
置信度: 0.85
价格: $599.18
原因: VWAP空头突破: 偏离-0.17%, MACD转负
2025-06-17 10:19:24 | INFO     | src.data.market_data:find_suitable_options:435 | 当前SPY价格: $599.79, 选择PUT期权行权价: $600
2025-06-17 10:19:24 | DEBUG    | src.data.market_data:_generate_option_symbol:470 | 生成期权代码: SPY250617P00600000 (行权价$600, 类型PUT)
2025-06-17 10:19:25 | INFO     | src.data.market_data:find_suitable_options:444 | 成功获取期权SPY250617P00600000的报价数据
2025-06-17 10:19:25 | ERROR    | src.trading.executor:find_best_option:192 | 查找最佳期权失败: 'contractSymbol'
2025-06-17 10:19:25 | WARNING  | src.bot.trading_bot:_check_signals:216 | 信号执行失败: SHORT
2025-06-17 10:19:25 | INFO     | src.trading.executor:update_account_info:125 | 账户更新: 总值$100396.42, 买入力$401585.68
2025-06-17 10:19:25 | DEBUG    | src.bot.trading_bot:_update_market_data:184 | 市场数据更新完成
2025-06-17 10:19:28 | INFO     | src.strategy.signals:generate_signals:468 | 生成信号: SHORT - VWAP空头突破: 偏离-0.17%, MACD转负
2025-06-17 10:19:28 | INFO     | src.bot.trading_bot:_check_signals:202 | 检测到信号: SHORT 置信度: 0.85 原因: VWAP空头突破: 偏离-0.17%, MACD转负
2025-06-17 10:19:28 | INFO     | src.utils.notifications:send_message:63 | [GENERAL] 📡 交易信号
类型: SHORT
强度: MEDIUM
置信度: 0.85
价格: $599.18
原因: VWAP空头突破: 偏离-0.17%, MACD转负
2025-06-17 10:19:28 | INFO     | src.data.market_data:find_suitable_options:435 | 当前SPY价格: $599.79, 选择PUT期权行权价: $600
2025-06-17 10:19:28 | DEBUG    | src.data.market_data:_generate_option_symbol:470 | 生成期权代码: SPY250617P00600000 (行权价$600, 类型PUT)
2025-06-17 10:19:28 | INFO     | src.data.market_data:find_suitable_options:444 | 成功获取期权SPY250617P00600000的报价数据
2025-06-17 10:19:28 | ERROR    | src.trading.executor:find_best_option:192 | 查找最佳期权失败: 'contractSymbol'
2025-06-17 10:19:28 | WARNING  | src.bot.trading_bot:_check_signals:216 | 信号执行失败: SHORT
2025-06-17 10:19:29 | INFO     | src.trading.executor:update_account_info:125 | 账户更新: 总值$100396.42, 买入力$401585.68
2025-06-17 10:19:29 | DEBUG    | src.bot.trading_bot:_update_market_data:184 | 市场数据更新完成
2025-06-17 10:19:31 | INFO     | src.strategy.signals:generate_signals:468 | 生成信号: SHORT - VWAP空头突破: 偏离-0.17%, MACD转负
2025-06-17 10:19:31 | INFO     | src.bot.trading_bot:_check_signals:202 | 检测到信号: SHORT 置信度: 0.85 原因: VWAP空头突破: 偏离-0.17%, MACD转负
2025-06-17 10:19:31 | INFO     | src.utils.notifications:send_message:63 | [GENERAL] 📡 交易信号
类型: SHORT
强度: MEDIUM
置信度: 0.85
价格: $599.18
原因: VWAP空头突破: 偏离-0.17%, MACD转负
2025-06-17 10:19:32 | INFO     | src.data.market_data:find_suitable_options:435 | 当前SPY价格: $599.79, 选择PUT期权行权价: $600
2025-06-17 10:19:32 | DEBUG    | src.data.market_data:_generate_option_symbol:470 | 生成期权代码: SPY250617P00600000 (行权价$600, 类型PUT)
2025-06-17 10:19:32 | INFO     | src.data.market_data:find_suitable_options:444 | 成功获取期权SPY250617P00600000的报价数据
2025-06-17 10:19:32 | ERROR    | src.trading.executor:find_best_option:192 | 查找最佳期权失败: 'contractSymbol'
2025-06-17 10:19:32 | WARNING  | src.bot.trading_bot:_check_signals:216 | 信号执行失败: SHORT
2025-06-17 10:19:33 | INFO     | src.trading.executor:update_account_info:125 | 账户更新: 总值$100396.42, 买入力$401585.68
2025-06-17 10:19:33 | DEBUG    | src.bot.trading_bot:_update_market_data:184 | 市场数据更新完成
2025-06-17 10:19:35 | INFO     | src.strategy.signals:generate_signals:468 | 生成信号: SHORT - VWAP空头突破: 偏离-0.17%, MACD转负
2025-06-17 10:19:35 | INFO     | src.bot.trading_bot:_check_signals:202 | 检测到信号: SHORT 置信度: 0.85 原因: VWAP空头突破: 偏离-0.17%, MACD转负
2025-06-17 10:19:35 | INFO     | src.utils.notifications:send_message:63 | [GENERAL] 📡 交易信号
类型: SHORT
强度: MEDIUM
置信度: 0.85
价格: $599.18
原因: VWAP空头突破: 偏离-0.17%, MACD转负
2025-06-17 10:19:35 | INFO     | src.data.market_data:find_suitable_options:435 | 当前SPY价格: $599.76, 选择PUT期权行权价: $600
2025-06-17 10:19:35 | DEBUG    | src.data.market_data:_generate_option_symbol:470 | 生成期权代码: SPY250617P00600000 (行权价$600, 类型PUT)
2025-06-17 10:19:36 | INFO     | src.data.market_data:find_suitable_options:444 | 成功获取期权SPY250617P00600000的报价数据
2025-06-17 10:19:36 | ERROR    | src.trading.executor:find_best_option:192 | 查找最佳期权失败: 'contractSymbol'
2025-06-17 10:19:36 | WARNING  | src.bot.trading_bot:_check_signals:216 | 信号执行失败: SHORT
2025-06-17 10:19:36 | INFO     | src.trading.executor:update_account_info:125 | 账户更新: 总值$100396.42, 买入力$401585.68
2025-06-17 10:19:36 | DEBUG    | src.bot.trading_bot:_update_market_data:184 | 市场数据更新完成
2025-06-17 10:19:39 | INFO     | src.strategy.signals:generate_signals:468 | 生成信号: SHORT - VWAP空头突破: 偏离-0.17%, MACD转负
2025-06-17 10:19:39 | INFO     | src.bot.trading_bot:_check_signals:202 | 检测到信号: SHORT 置信度: 0.85 原因: VWAP空头突破: 偏离-0.17%, MACD转负
2025-06-17 10:19:39 | INFO     | src.utils.notifications:send_message:63 | [GENERAL] 📡 交易信号
类型: SHORT
强度: MEDIUM
置信度: 0.85
价格: $599.18
原因: VWAP空头突破: 偏离-0.17%, MACD转负
2025-06-17 10:19:39 | INFO     | src.data.market_data:find_suitable_options:435 | 当前SPY价格: $599.73, 选择PUT期权行权价: $600
2025-06-17 10:19:39 | DEBUG    | src.data.market_data:_generate_option_symbol:470 | 生成期权代码: SPY250617P00600000 (行权价$600, 类型PUT)
2025-06-17 10:19:39 | INFO     | src.data.market_data:find_suitable_options:444 | 成功获取期权SPY250617P00600000的报价数据
2025-06-17 10:19:39 | ERROR    | src.trading.executor:find_best_option:192 | 查找最佳期权失败: 'contractSymbol'
2025-06-17 10:19:39 | WARNING  | src.bot.trading_bot:_check_signals:216 | 信号执行失败: SHORT
2025-06-17 10:19:40 | INFO     | src.trading.executor:update_account_info:125 | 账户更新: 总值$100396.42, 买入力$401585.68
2025-06-17 10:19:40 | DEBUG    | src.bot.trading_bot:_update_market_data:184 | 市场数据更新完成
2025-06-17 10:19:43 | INFO     | src.strategy.signals:generate_signals:468 | 生成信号: SHORT - VWAP空头突破: 偏离-0.17%, MACD转负
2025-06-17 10:19:43 | INFO     | src.bot.trading_bot:_check_signals:202 | 检测到信号: SHORT 置信度: 0.85 原因: VWAP空头突破: 偏离-0.17%, MACD转负
2025-06-17 10:19:43 | INFO     | src.utils.notifications:send_message:63 | [GENERAL] 📡 交易信号
类型: SHORT
强度: MEDIUM
置信度: 0.85
价格: $599.18
原因: VWAP空头突破: 偏离-0.17%, MACD转负
2025-06-17 10:19:43 | INFO     | src.data.market_data:find_suitable_options:435 | 当前SPY价格: $599.73, 选择PUT期权行权价: $600
2025-06-17 10:19:43 | DEBUG    | src.data.market_data:_generate_option_symbol:470 | 生成期权代码: SPY250617P00600000 (行权价$600, 类型PUT)
2025-06-17 10:19:43 | INFO     | src.data.market_data:find_suitable_options:444 | 成功获取期权SPY250617P00600000的报价数据
2025-06-17 10:19:43 | ERROR    | src.trading.executor:find_best_option:192 | 查找最佳期权失败: 'contractSymbol'
2025-06-17 10:19:43 | WARNING  | src.bot.trading_bot:_check_signals:216 | 信号执行失败: SHORT
2025-06-17 10:19:44 | INFO     | src.trading.executor:update_account_info:125 | 账户更新: 总值$100396.42, 买入力$401585.68
2025-06-17 10:19:44 | DEBUG    | src.bot.trading_bot:_update_market_data:184 | 市场数据更新完成
2025-06-17 10:19:46 | INFO     | src.strategy.signals:generate_signals:468 | 生成信号: SHORT - VWAP空头突破: 偏离-0.17%, MACD转负
2025-06-17 10:19:46 | INFO     | src.bot.trading_bot:_check_signals:202 | 检测到信号: SHORT 置信度: 0.85 原因: VWAP空头突破: 偏离-0.17%, MACD转负
2025-06-17 10:19:46 | INFO     | src.utils.notifications:send_message:63 | [GENERAL] 📡 交易信号
类型: SHORT
强度: MEDIUM
置信度: 0.85
价格: $599.18
原因: VWAP空头突破: 偏离-0.17%, MACD转负
2025-06-17 10:19:46 | INFO     | src.data.market_data:find_suitable_options:435 | 当前SPY价格: $599.73, 选择PUT期权行权价: $600
2025-06-17 10:19:46 | DEBUG    | src.data.market_data:_generate_option_symbol:470 | 生成期权代码: SPY250617P00600000 (行权价$600, 类型PUT)
2025-06-17 10:19:47 | INFO     | src.data.market_data:find_suitable_options:444 | 成功获取期权SPY250617P00600000的报价数据
2025-06-17 10:19:47 | ERROR    | src.trading.executor:find_best_option:192 | 查找最佳期权失败: 'contractSymbol'
2025-06-17 10:19:47 | WARNING  | src.bot.trading_bot:_check_signals:216 | 信号执行失败: SHORT
2025-06-17 10:19:47 | INFO     | src.trading.executor:update_account_info:125 | 账户更新: 总值$100396.42, 买入力$401585.68
2025-06-17 10:19:47 | DEBUG    | src.bot.trading_bot:_update_market_data:184 | 市场数据更新完成
2025-06-17 10:19:50 | INFO     | src.strategy.signals:generate_signals:468 | 生成信号: SHORT - VWAP空头突破: 偏离-0.17%, MACD转负
2025-06-17 10:19:50 | INFO     | src.bot.trading_bot:_check_signals:202 | 检测到信号: SHORT 置信度: 0.85 原因: VWAP空头突破: 偏离-0.17%, MACD转负
2025-06-17 10:19:50 | INFO     | src.utils.notifications:send_message:63 | [GENERAL] 📡 交易信号
类型: SHORT
强度: MEDIUM
置信度: 0.85
价格: $599.18
原因: VWAP空头突破: 偏离-0.17%, MACD转负
2025-06-17 10:19:50 | INFO     | src.data.market_data:find_suitable_options:435 | 当前SPY价格: $599.73, 选择PUT期权行权价: $600
2025-06-17 10:19:50 | DEBUG    | src.data.market_data:_generate_option_symbol:470 | 生成期权代码: SPY250617P00600000 (行权价$600, 类型PUT)
2025-06-17 10:19:50 | INFO     | src.data.market_data:find_suitable_options:444 | 成功获取期权SPY250617P00600000的报价数据
2025-06-17 10:19:50 | ERROR    | src.trading.executor:find_best_option:192 | 查找最佳期权失败: 'contractSymbol'
2025-06-17 10:19:50 | WARNING  | src.bot.trading_bot:_check_signals:216 | 信号执行失败: SHORT
2025-06-17 10:19:51 | INFO     | src.trading.executor:update_account_info:125 | 账户更新: 总值$100396.42, 买入力$401585.68
2025-06-17 10:19:51 | DEBUG    | src.bot.trading_bot:_update_market_data:184 | 市场数据更新完成
2025-06-17 10:19:53 | INFO     | src.strategy.signals:generate_signals:468 | 生成信号: SHORT - VWAP空头突破: 偏离-0.17%, MACD转负
2025-06-17 10:19:53 | INFO     | src.bot.trading_bot:_check_signals:202 | 检测到信号: SHORT 置信度: 0.85 原因: VWAP空头突破: 偏离-0.17%, MACD转负
2025-06-17 10:19:53 | INFO     | src.utils.notifications:send_message:63 | [GENERAL] 📡 交易信号
类型: SHORT
强度: MEDIUM
置信度: 0.85
价格: $599.18
原因: VWAP空头突破: 偏离-0.17%, MACD转负
2025-06-17 10:19:53 | INFO     | src.data.market_data:find_suitable_options:435 | 当前SPY价格: $599.74, 选择PUT期权行权价: $600
2025-06-17 10:19:53 | DEBUG    | src.data.market_data:_generate_option_symbol:470 | 生成期权代码: SPY250617P00600000 (行权价$600, 类型PUT)
2025-06-17 10:19:53 | INFO     | src.data.market_data:find_suitable_options:444 | 成功获取期权SPY250617P00600000的报价数据
2025-06-17 10:19:53 | ERROR    | src.trading.executor:find_best_option:192 | 查找最佳期权失败: 'contractSymbol'
2025-06-17 10:19:53 | WARNING  | src.bot.trading_bot:_check_signals:216 | 信号执行失败: SHORT
2025-06-17 10:19:54 | INFO     | src.trading.executor:update_account_info:125 | 账户更新: 总值$100396.42, 买入力$401585.68
2025-06-17 10:19:54 | DEBUG    | src.bot.trading_bot:_update_market_data:184 | 市场数据更新完成
2025-06-17 10:19:57 | INFO     | src.strategy.signals:generate_signals:468 | 生成信号: SHORT - VWAP空头突破: 偏离-0.17%, MACD转负
2025-06-17 10:19:57 | INFO     | src.bot.trading_bot:_check_signals:202 | 检测到信号: SHORT 置信度: 0.85 原因: VWAP空头突破: 偏离-0.17%, MACD转负
2025-06-17 10:19:57 | INFO     | src.utils.notifications:send_message:63 | [GENERAL] 📡 交易信号
类型: SHORT
强度: MEDIUM
置信度: 0.85
价格: $599.18
原因: VWAP空头突破: 偏离-0.17%, MACD转负
2025-06-17 10:19:57 | INFO     | src.data.market_data:find_suitable_options:435 | 当前SPY价格: $599.70, 选择PUT期权行权价: $600
2025-06-17 10:19:57 | DEBUG    | src.data.market_data:_generate_option_symbol:470 | 生成期权代码: SPY250617P00600000 (行权价$600, 类型PUT)
2025-06-17 10:19:57 | INFO     | src.data.market_data:find_suitable_options:444 | 成功获取期权SPY250617P00600000的报价数据
2025-06-17 10:19:57 | ERROR    | src.trading.executor:find_best_option:192 | 查找最佳期权失败: 'contractSymbol'
2025-06-17 10:19:57 | WARNING  | src.bot.trading_bot:_check_signals:216 | 信号执行失败: SHORT
2025-06-17 10:19:58 | INFO     | src.trading.executor:update_account_info:125 | 账户更新: 总值$100396.42, 买入力$401585.68
2025-06-17 10:19:58 | DEBUG    | src.bot.trading_bot:_update_market_data:184 | 市场数据更新完成
2025-06-17 10:20:00 | INFO     | src.strategy.signals:generate_signals:468 | 生成信号: SHORT - VWAP空头突破: 偏离-0.17%, MACD转负
2025-06-17 10:20:00 | INFO     | src.bot.trading_bot:_check_signals:202 | 检测到信号: SHORT 置信度: 0.85 原因: VWAP空头突破: 偏离-0.17%, MACD转负
2025-06-17 10:20:00 | INFO     | src.utils.notifications:send_message:63 | [GENERAL] 📡 交易信号
类型: SHORT
强度: MEDIUM
置信度: 0.85
价格: $599.18
原因: VWAP空头突破: 偏离-0.17%, MACD转负
2025-06-17 10:20:00 | INFO     | src.data.market_data:find_suitable_options:435 | 当前SPY价格: $599.67, 选择PUT期权行权价: $600
2025-06-17 10:20:00 | DEBUG    | src.data.market_data:_generate_option_symbol:470 | 生成期权代码: SPY250617P00600000 (行权价$600, 类型PUT)
2025-06-17 10:20:01 | INFO     | src.data.market_data:find_suitable_options:444 | 成功获取期权SPY250617P00600000的报价数据
2025-06-17 10:20:01 | ERROR    | src.trading.executor:find_best_option:192 | 查找最佳期权失败: 'contractSymbol'
2025-06-17 10:20:01 | WARNING  | src.bot.trading_bot:_check_signals:216 | 信号执行失败: SHORT
2025-06-17 10:20:01 | INFO     | src.trading.executor:update_account_info:125 | 账户更新: 总值$100396.42, 买入力$401585.68
2025-06-17 10:20:01 | DEBUG    | src.bot.trading_bot:_update_market_data:184 | 市场数据更新完成
2025-06-17 10:20:04 | INFO     | src.strategy.signals:generate_signals:468 | 生成信号: SHORT - VWAP空头突破: 偏离-0.17%, MACD转负
2025-06-17 10:20:04 | INFO     | src.bot.trading_bot:_check_signals:202 | 检测到信号: SHORT 置信度: 0.85 原因: VWAP空头突破: 偏离-0.17%, MACD转负
2025-06-17 10:20:04 | INFO     | src.utils.notifications:send_message:63 | [GENERAL] 📡 交易信号
类型: SHORT
强度: MEDIUM
置信度: 0.85
价格: $599.18
原因: VWAP空头突破: 偏离-0.17%, MACD转负
2025-06-17 10:20:04 | INFO     | src.data.market_data:find_suitable_options:435 | 当前SPY价格: $599.53, 选择PUT期权行权价: $600
2025-06-17 10:20:04 | DEBUG    | src.data.market_data:_generate_option_symbol:470 | 生成期权代码: SPY250617P00600000 (行权价$600, 类型PUT)
2025-06-17 10:20:04 | INFO     | src.data.market_data:find_suitable_options:444 | 成功获取期权SPY250617P00600000的报价数据
2025-06-17 10:20:04 | ERROR    | src.trading.executor:find_best_option:192 | 查找最佳期权失败: 'contractSymbol'
2025-06-17 10:20:04 | WARNING  | src.bot.trading_bot:_check_signals:216 | 信号执行失败: SHORT
2025-06-17 10:20:05 | INFO     | src.trading.executor:update_account_info:125 | 账户更新: 总值$100396.42, 买入力$401585.68
2025-06-17 10:20:05 | DEBUG    | src.bot.trading_bot:_update_market_data:184 | 市场数据更新完成
2025-06-17 10:20:07 | INFO     | src.strategy.signals:generate_signals:468 | 生成信号: SHORT - VWAP空头突破: 偏离-0.17%, MACD转负
2025-06-17 10:20:07 | INFO     | src.bot.trading_bot:_check_signals:202 | 检测到信号: SHORT 置信度: 0.85 原因: VWAP空头突破: 偏离-0.17%, MACD转负
2025-06-17 10:20:07 | INFO     | src.utils.notifications:send_message:63 | [GENERAL] 📡 交易信号
类型: SHORT
强度: MEDIUM
置信度: 0.85
价格: $599.18
原因: VWAP空头突破: 偏离-0.17%, MACD转负
2025-06-17 10:20:07 | INFO     | src.data.market_data:find_suitable_options:435 | 当前SPY价格: $599.51, 选择PUT期权行权价: $600
2025-06-17 10:20:07 | DEBUG    | src.data.market_data:_generate_option_symbol:470 | 生成期权代码: SPY250617P00600000 (行权价$600, 类型PUT)
2025-06-17 10:20:07 | INFO     | src.data.market_data:find_suitable_options:444 | 成功获取期权SPY250617P00600000的报价数据
2025-06-17 10:20:07 | ERROR    | src.trading.executor:find_best_option:192 | 查找最佳期权失败: 'contractSymbol'
2025-06-17 10:20:07 | WARNING  | src.bot.trading_bot:_check_signals:216 | 信号执行失败: SHORT
2025-06-17 10:20:08 | INFO     | src.trading.executor:update_account_info:125 | 账户更新: 总值$100396.42, 买入力$401585.68
2025-06-17 10:20:08 | DEBUG    | src.bot.trading_bot:_update_market_data:184 | 市场数据更新完成
2025-06-17 10:20:11 | INFO     | src.strategy.signals:generate_signals:468 | 生成信号: SHORT - VWAP空头突破: 偏离-0.17%, MACD转负
2025-06-17 10:20:11 | INFO     | src.bot.trading_bot:_check_signals:202 | 检测到信号: SHORT 置信度: 0.85 原因: VWAP空头突破: 偏离-0.17%, MACD转负
2025-06-17 10:20:11 | INFO     | src.utils.notifications:send_message:63 | [GENERAL] 📡 交易信号
类型: SHORT
强度: MEDIUM
置信度: 0.85
价格: $599.18
原因: VWAP空头突破: 偏离-0.17%, MACD转负
2025-06-17 10:20:11 | INFO     | src.data.market_data:find_suitable_options:435 | 当前SPY价格: $599.52, 选择PUT期权行权价: $600
2025-06-17 10:20:11 | DEBUG    | src.data.market_data:_generate_option_symbol:470 | 生成期权代码: SPY250617P00600000 (行权价$600, 类型PUT)
2025-06-17 10:20:11 | INFO     | src.data.market_data:find_suitable_options:444 | 成功获取期权SPY250617P00600000的报价数据
2025-06-17 10:20:11 | ERROR    | src.trading.executor:find_best_option:192 | 查找最佳期权失败: 'contractSymbol'
2025-06-17 10:20:11 | WARNING  | src.bot.trading_bot:_check_signals:216 | 信号执行失败: SHORT
2025-06-17 10:20:12 | INFO     | src.trading.executor:update_account_info:125 | 账户更新: 总值$100396.42, 买入力$401585.68
2025-06-17 10:20:12 | DEBUG    | src.bot.trading_bot:_update_market_data:184 | 市场数据更新完成
2025-06-17 10:20:14 | INFO     | src.strategy.signals:generate_signals:468 | 生成信号: SHORT - VWAP空头突破: 偏离-0.16%, MACD转负
2025-06-17 10:20:14 | INFO     | src.bot.trading_bot:_check_signals:202 | 检测到信号: SHORT 置信度: 0.85 原因: VWAP空头突破: 偏离-0.16%, MACD转负
2025-06-17 10:20:14 | INFO     | src.utils.notifications:send_message:63 | [GENERAL] 📡 交易信号
类型: SHORT
强度: MEDIUM
置信度: 0.85
价格: $599.23
原因: VWAP空头突破: 偏离-0.16%, MACD转负
2025-06-17 10:20:14 | INFO     | src.data.market_data:find_suitable_options:435 | 当前SPY价格: $599.54, 选择PUT期权行权价: $600
2025-06-17 10:20:14 | DEBUG    | src.data.market_data:_generate_option_symbol:470 | 生成期权代码: SPY250617P00600000 (行权价$600, 类型PUT)
2025-06-17 10:20:15 | INFO     | src.data.market_data:find_suitable_options:444 | 成功获取期权SPY250617P00600000的报价数据
2025-06-17 10:20:15 | ERROR    | src.trading.executor:find_best_option:192 | 查找最佳期权失败: 'contractSymbol'
2025-06-17 10:20:15 | WARNING  | src.bot.trading_bot:_check_signals:216 | 信号执行失败: SHORT
2025-06-17 10:20:15 | INFO     | src.trading.executor:update_account_info:125 | 账户更新: 总值$100396.42, 买入力$401585.68
2025-06-17 10:20:15 | DEBUG    | src.bot.trading_bot:_update_market_data:184 | 市场数据更新完成
2025-06-17 10:20:17 | DEBUG    | src.bot.trading_bot:_update_positions_normal:259 | 📊 常规头寸更新完成
2025-06-17 10:20:18 | INFO     | src.strategy.signals:generate_signals:468 | 生成信号: SHORT - VWAP空头突破: 偏离-0.16%, MACD转负
2025-06-17 10:20:18 | INFO     | src.bot.trading_bot:_check_signals:202 | 检测到信号: SHORT 置信度: 0.85 原因: VWAP空头突破: 偏离-0.16%, MACD转负
2025-06-17 10:20:18 | INFO     | src.utils.notifications:send_message:63 | [GENERAL] 📡 交易信号
类型: SHORT
强度: MEDIUM
置信度: 0.85
价格: $599.23
原因: VWAP空头突破: 偏离-0.16%, MACD转负
2025-06-17 10:20:18 | INFO     | src.data.market_data:find_suitable_options:435 | 当前SPY价格: $599.57, 选择PUT期权行权价: $600
2025-06-17 10:20:18 | DEBUG    | src.data.market_data:_generate_option_symbol:470 | 生成期权代码: SPY250617P00600000 (行权价$600, 类型PUT)
2025-06-17 10:20:18 | INFO     | src.data.market_data:find_suitable_options:444 | 成功获取期权SPY250617P00600000的报价数据
2025-06-17 10:20:18 | ERROR    | src.trading.executor:find_best_option:192 | 查找最佳期权失败: 'contractSymbol'
2025-06-17 10:20:18 | WARNING  | src.bot.trading_bot:_check_signals:216 | 信号执行失败: SHORT
2025-06-17 10:20:19 | INFO     | src.trading.executor:update_account_info:125 | 账户更新: 总值$100396.42, 买入力$401585.68
2025-06-17 10:20:19 | DEBUG    | src.bot.trading_bot:_update_market_data:184 | 市场数据更新完成
2025-06-17 10:20:21 | INFO     | src.strategy.signals:generate_signals:468 | 生成信号: SHORT - VWAP空头突破: 偏离-0.16%, MACD转负
2025-06-17 10:20:21 | INFO     | src.bot.trading_bot:_check_signals:202 | 检测到信号: SHORT 置信度: 0.85 原因: VWAP空头突破: 偏离-0.16%, MACD转负
2025-06-17 10:20:21 | INFO     | src.utils.notifications:send_message:63 | [GENERAL] 📡 交易信号
类型: SHORT
强度: MEDIUM
置信度: 0.85
价格: $599.23
原因: VWAP空头突破: 偏离-0.16%, MACD转负
2025-06-17 10:20:21 | INFO     | src.data.market_data:find_suitable_options:435 | 当前SPY价格: $599.57, 选择PUT期权行权价: $600
2025-06-17 10:20:21 | DEBUG    | src.data.market_data:_generate_option_symbol:470 | 生成期权代码: SPY250617P00600000 (行权价$600, 类型PUT)
2025-06-17 10:20:22 | INFO     | src.data.market_data:find_suitable_options:444 | 成功获取期权SPY250617P00600000的报价数据
2025-06-17 10:20:22 | ERROR    | src.trading.executor:find_best_option:192 | 查找最佳期权失败: 'contractSymbol'
2025-06-17 10:20:22 | WARNING  | src.bot.trading_bot:_check_signals:216 | 信号执行失败: SHORT
2025-06-17 10:20:22 | INFO     | src.trading.executor:update_account_info:125 | 账户更新: 总值$100396.42, 买入力$401585.68
2025-06-17 10:20:22 | DEBUG    | src.bot.trading_bot:_update_market_data:184 | 市场数据更新完成
2025-06-17 10:20:25 | INFO     | src.strategy.signals:generate_signals:468 | 生成信号: SHORT - VWAP空头突破: 偏离-0.16%, MACD转负
2025-06-17 10:20:25 | INFO     | src.bot.trading_bot:_check_signals:202 | 检测到信号: SHORT 置信度: 0.85 原因: VWAP空头突破: 偏离-0.16%, MACD转负
2025-06-17 10:20:25 | INFO     | src.utils.notifications:send_message:63 | [GENERAL] 📡 交易信号
类型: SHORT
强度: MEDIUM
置信度: 0.85
价格: $599.23
原因: VWAP空头突破: 偏离-0.16%, MACD转负
2025-06-17 10:20:25 | INFO     | src.data.market_data:find_suitable_options:435 | 当前SPY价格: $599.52, 选择PUT期权行权价: $600
2025-06-17 10:20:25 | DEBUG    | src.data.market_data:_generate_option_symbol:470 | 生成期权代码: SPY250617P00600000 (行权价$600, 类型PUT)
2025-06-17 10:20:25 | INFO     | src.data.market_data:find_suitable_options:444 | 成功获取期权SPY250617P00600000的报价数据
2025-06-17 10:20:25 | ERROR    | src.trading.executor:find_best_option:192 | 查找最佳期权失败: 'contractSymbol'
2025-06-17 10:20:25 | WARNING  | src.bot.trading_bot:_check_signals:216 | 信号执行失败: SHORT
2025-06-17 10:20:26 | INFO     | src.trading.executor:update_account_info:125 | 账户更新: 总值$100396.42, 买入力$401585.68
2025-06-17 10:20:26 | DEBUG    | src.bot.trading_bot:_update_market_data:184 | 市场数据更新完成
2025-06-17 10:20:28 | INFO     | src.strategy.signals:generate_signals:468 | 生成信号: SHORT - VWAP空头突破: 偏离-0.16%, MACD转负
2025-06-17 10:20:28 | INFO     | src.bot.trading_bot:_check_signals:202 | 检测到信号: SHORT 置信度: 0.85 原因: VWAP空头突破: 偏离-0.16%, MACD转负
2025-06-17 10:20:28 | INFO     | src.utils.notifications:send_message:63 | [GENERAL] 📡 交易信号
类型: SHORT
强度: MEDIUM
置信度: 0.85
价格: $599.23
原因: VWAP空头突破: 偏离-0.16%, MACD转负
2025-06-17 10:20:28 | INFO     | src.data.market_data:find_suitable_options:435 | 当前SPY价格: $599.52, 选择PUT期权行权价: $600
2025-06-17 10:20:28 | DEBUG    | src.data.market_data:_generate_option_symbol:470 | 生成期权代码: SPY250617P00600000 (行权价$600, 类型PUT)
2025-06-17 10:20:29 | INFO     | src.data.market_data:find_suitable_options:444 | 成功获取期权SPY250617P00600000的报价数据
2025-06-17 10:20:29 | ERROR    | src.trading.executor:find_best_option:192 | 查找最佳期权失败: 'contractSymbol'
2025-06-17 10:20:29 | WARNING  | src.bot.trading_bot:_check_signals:216 | 信号执行失败: SHORT
2025-06-17 10:20:29 | INFO     | src.trading.executor:update_account_info:125 | 账户更新: 总值$100396.42, 买入力$401585.68
2025-06-17 10:20:29 | DEBUG    | src.bot.trading_bot:_update_market_data:184 | 市场数据更新完成
2025-06-17 10:20:32 | INFO     | src.strategy.signals:generate_signals:468 | 生成信号: SHORT - VWAP空头突破: 偏离-0.16%, MACD转负
2025-06-17 10:20:32 | INFO     | src.bot.trading_bot:_check_signals:202 | 检测到信号: SHORT 置信度: 0.85 原因: VWAP空头突破: 偏离-0.16%, MACD转负
2025-06-17 10:20:32 | INFO     | src.utils.notifications:send_message:63 | [GENERAL] 📡 交易信号
类型: SHORT
强度: MEDIUM
置信度: 0.85
价格: $599.23
原因: VWAP空头突破: 偏离-0.16%, MACD转负
2025-06-17 10:20:32 | INFO     | src.data.market_data:find_suitable_options:435 | 当前SPY价格: $599.43, 选择PUT期权行权价: $600
2025-06-17 10:20:32 | DEBUG    | src.data.market_data:_generate_option_symbol:470 | 生成期权代码: SPY250617P00600000 (行权价$600, 类型PUT)
2025-06-17 10:20:32 | INFO     | src.data.market_data:find_suitable_options:444 | 成功获取期权SPY250617P00600000的报价数据
2025-06-17 10:20:32 | ERROR    | src.trading.executor:find_best_option:192 | 查找最佳期权失败: 'contractSymbol'
2025-06-17 10:20:32 | WARNING  | src.bot.trading_bot:_check_signals:216 | 信号执行失败: SHORT
2025-06-17 10:20:33 | INFO     | src.trading.executor:update_account_info:125 | 账户更新: 总值$100396.42, 买入力$401585.68
2025-06-17 10:20:33 | DEBUG    | src.bot.trading_bot:_update_market_data:184 | 市场数据更新完成
2025-06-17 10:20:35 | INFO     | src.strategy.signals:generate_signals:468 | 生成信号: SHORT - VWAP空头突破: 偏离-0.16%, MACD转负
2025-06-17 10:20:35 | INFO     | src.bot.trading_bot:_check_signals:202 | 检测到信号: SHORT 置信度: 0.85 原因: VWAP空头突破: 偏离-0.16%, MACD转负
2025-06-17 10:20:35 | INFO     | src.utils.notifications:send_message:63 | [GENERAL] 📡 交易信号
类型: SHORT
强度: MEDIUM
置信度: 0.85
价格: $599.23
原因: VWAP空头突破: 偏离-0.16%, MACD转负
2025-06-17 10:20:35 | INFO     | src.data.market_data:find_suitable_options:435 | 当前SPY价格: $599.43, 选择PUT期权行权价: $600
2025-06-17 10:20:35 | DEBUG    | src.data.market_data:_generate_option_symbol:470 | 生成期权代码: SPY250617P00600000 (行权价$600, 类型PUT)
2025-06-17 10:20:36 | INFO     | src.data.market_data:find_suitable_options:444 | 成功获取期权SPY250617P00600000的报价数据
2025-06-17 10:20:36 | ERROR    | src.trading.executor:find_best_option:192 | 查找最佳期权失败: 'contractSymbol'
2025-06-17 10:20:36 | WARNING  | src.bot.trading_bot:_check_signals:216 | 信号执行失败: SHORT
2025-06-17 10:20:36 | INFO     | src.trading.executor:update_account_info:125 | 账户更新: 总值$100396.42, 买入力$401585.68
2025-06-17 10:20:36 | DEBUG    | src.bot.trading_bot:_update_market_data:184 | 市场数据更新完成
2025-06-17 10:20:39 | INFO     | src.strategy.signals:generate_signals:468 | 生成信号: SHORT - VWAP空头突破: 偏离-0.16%, MACD转负
2025-06-17 10:20:39 | INFO     | src.bot.trading_bot:_check_signals:202 | 检测到信号: SHORT 置信度: 0.85 原因: VWAP空头突破: 偏离-0.16%, MACD转负
2025-06-17 10:20:39 | INFO     | src.utils.notifications:send_message:63 | [GENERAL] 📡 交易信号
类型: SHORT
强度: MEDIUM
置信度: 0.85
价格: $599.23
原因: VWAP空头突破: 偏离-0.16%, MACD转负
2025-06-17 10:20:39 | INFO     | src.data.market_data:find_suitable_options:435 | 当前SPY价格: $599.50, 选择PUT期权行权价: $600
2025-06-17 10:20:39 | DEBUG    | src.data.market_data:_generate_option_symbol:470 | 生成期权代码: SPY250617P00600000 (行权价$600, 类型PUT)
2025-06-17 10:20:39 | INFO     | src.data.market_data:find_suitable_options:444 | 成功获取期权SPY250617P00600000的报价数据
2025-06-17 10:20:39 | ERROR    | src.trading.executor:find_best_option:192 | 查找最佳期权失败: 'contractSymbol'
2025-06-17 10:20:39 | WARNING  | src.bot.trading_bot:_check_signals:216 | 信号执行失败: SHORT
2025-06-17 10:20:40 | INFO     | src.trading.executor:update_account_info:125 | 账户更新: 总值$100396.42, 买入力$401585.68
2025-06-17 10:20:40 | DEBUG    | src.bot.trading_bot:_update_market_data:184 | 市场数据更新完成
2025-06-17 10:20:42 | INFO     | src.strategy.signals:generate_signals:468 | 生成信号: SHORT - VWAP空头突破: 偏离-0.16%, MACD转负
2025-06-17 10:20:42 | INFO     | src.bot.trading_bot:_check_signals:202 | 检测到信号: SHORT 置信度: 0.85 原因: VWAP空头突破: 偏离-0.16%, MACD转负
2025-06-17 10:20:42 | INFO     | src.utils.notifications:send_message:63 | [GENERAL] 📡 交易信号
类型: SHORT
强度: MEDIUM
置信度: 0.85
价格: $599.23
原因: VWAP空头突破: 偏离-0.16%, MACD转负
2025-06-17 10:20:42 | INFO     | src.data.market_data:find_suitable_options:435 | 当前SPY价格: $599.50, 选择PUT期权行权价: $600
2025-06-17 10:20:42 | DEBUG    | src.data.market_data:_generate_option_symbol:470 | 生成期权代码: SPY250617P00600000 (行权价$600, 类型PUT)
2025-06-17 10:20:42 | INFO     | src.data.market_data:find_suitable_options:444 | 成功获取期权SPY250617P00600000的报价数据
2025-06-17 10:20:42 | ERROR    | src.trading.executor:find_best_option:192 | 查找最佳期权失败: 'contractSymbol'
2025-06-17 10:20:42 | WARNING  | src.bot.trading_bot:_check_signals:216 | 信号执行失败: SHORT
2025-06-17 10:20:43 | INFO     | src.trading.executor:update_account_info:125 | 账户更新: 总值$100396.42, 买入力$401585.68
2025-06-17 10:20:43 | DEBUG    | src.bot.trading_bot:_update_market_data:184 | 市场数据更新完成
2025-06-17 10:20:46 | INFO     | src.strategy.signals:generate_signals:468 | 生成信号: SHORT - VWAP空头突破: 偏离-0.16%, MACD转负
2025-06-17 10:20:46 | INFO     | src.bot.trading_bot:_check_signals:202 | 检测到信号: SHORT 置信度: 0.85 原因: VWAP空头突破: 偏离-0.16%, MACD转负
2025-06-17 10:20:46 | INFO     | src.utils.notifications:send_message:63 | [GENERAL] 📡 交易信号
类型: SHORT
强度: MEDIUM
置信度: 0.85
价格: $599.23
原因: VWAP空头突破: 偏离-0.16%, MACD转负
2025-06-17 10:20:46 | INFO     | src.data.market_data:find_suitable_options:435 | 当前SPY价格: $599.50, 选择PUT期权行权价: $600
2025-06-17 10:20:46 | DEBUG    | src.data.market_data:_generate_option_symbol:470 | 生成期权代码: SPY250617P00600000 (行权价$600, 类型PUT)
2025-06-17 10:20:46 | INFO     | src.data.market_data:find_suitable_options:444 | 成功获取期权SPY250617P00600000的报价数据
2025-06-17 10:20:46 | ERROR    | src.trading.executor:find_best_option:192 | 查找最佳期权失败: 'contractSymbol'
2025-06-17 10:20:46 | WARNING  | src.bot.trading_bot:_check_signals:216 | 信号执行失败: SHORT
2025-06-17 10:20:47 | INFO     | src.trading.executor:update_account_info:125 | 账户更新: 总值$100396.42, 买入力$401585.68
2025-06-17 10:20:47 | DEBUG    | src.bot.trading_bot:_update_market_data:184 | 市场数据更新完成
2025-06-17 10:20:49 | INFO     | src.strategy.signals:generate_signals:468 | 生成信号: SHORT - VWAP空头突破: 偏离-0.16%, MACD转负
2025-06-17 10:20:49 | INFO     | src.bot.trading_bot:_check_signals:202 | 检测到信号: SHORT 置信度: 0.85 原因: VWAP空头突破: 偏离-0.16%, MACD转负
2025-06-17 10:20:49 | INFO     | src.utils.notifications:send_message:63 | [GENERAL] 📡 交易信号
类型: SHORT
强度: MEDIUM
置信度: 0.85
价格: $599.23
原因: VWAP空头突破: 偏离-0.16%, MACD转负
2025-06-17 10:20:49 | INFO     | src.data.market_data:find_suitable_options:435 | 当前SPY价格: $599.50, 选择PUT期权行权价: $600
2025-06-17 10:20:49 | DEBUG    | src.data.market_data:_generate_option_symbol:470 | 生成期权代码: SPY250617P00600000 (行权价$600, 类型PUT)
2025-06-17 10:20:50 | INFO     | src.data.market_data:find_suitable_options:444 | 成功获取期权SPY250617P00600000的报价数据
2025-06-17 10:20:50 | ERROR    | src.trading.executor:find_best_option:192 | 查找最佳期权失败: 'contractSymbol'
2025-06-17 10:20:50 | WARNING  | src.bot.trading_bot:_check_signals:216 | 信号执行失败: SHORT
2025-06-17 10:20:50 | INFO     | src.trading.executor:update_account_info:125 | 账户更新: 总值$100396.42, 买入力$401585.68
2025-06-17 10:20:50 | DEBUG    | src.bot.trading_bot:_update_market_data:184 | 市场数据更新完成
2025-06-17 10:20:53 | INFO     | src.strategy.signals:generate_signals:468 | 生成信号: SHORT - VWAP空头突破: 偏离-0.16%, MACD转负
2025-06-17 10:20:53 | INFO     | src.bot.trading_bot:_check_signals:202 | 检测到信号: SHORT 置信度: 0.85 原因: VWAP空头突破: 偏离-0.16%, MACD转负
2025-06-17 10:20:53 | INFO     | src.utils.notifications:send_message:63 | [GENERAL] 📡 交易信号
类型: SHORT
强度: MEDIUM
置信度: 0.85
价格: $599.23
原因: VWAP空头突破: 偏离-0.16%, MACD转负
2025-06-17 10:20:53 | INFO     | src.data.market_data:find_suitable_options:435 | 当前SPY价格: $599.57, 选择PUT期权行权价: $600
2025-06-17 10:20:53 | DEBUG    | src.data.market_data:_generate_option_symbol:470 | 生成期权代码: SPY250617P00600000 (行权价$600, 类型PUT)
2025-06-17 10:20:53 | INFO     | src.data.market_data:find_suitable_options:444 | 成功获取期权SPY250617P00600000的报价数据
2025-06-17 10:20:53 | ERROR    | src.trading.executor:find_best_option:192 | 查找最佳期权失败: 'contractSymbol'
2025-06-17 10:20:53 | WARNING  | src.bot.trading_bot:_check_signals:216 | 信号执行失败: SHORT
2025-06-17 10:20:54 | INFO     | src.trading.executor:update_account_info:125 | 账户更新: 总值$100396.42, 买入力$401585.68
2025-06-17 10:20:54 | DEBUG    | src.bot.trading_bot:_update_market_data:184 | 市场数据更新完成
2025-06-17 10:20:56 | INFO     | src.strategy.signals:generate_signals:468 | 生成信号: SHORT - VWAP空头突破: 偏离-0.16%, MACD转负
2025-06-17 10:20:56 | INFO     | src.bot.trading_bot:_check_signals:202 | 检测到信号: SHORT 置信度: 0.85 原因: VWAP空头突破: 偏离-0.16%, MACD转负
2025-06-17 10:20:56 | INFO     | src.utils.notifications:send_message:63 | [GENERAL] 📡 交易信号
类型: SHORT
强度: MEDIUM
置信度: 0.85
价格: $599.23
原因: VWAP空头突破: 偏离-0.16%, MACD转负
2025-06-17 10:20:57 | INFO     | src.data.market_data:find_suitable_options:435 | 当前SPY价格: $599.57, 选择PUT期权行权价: $600
2025-06-17 10:20:57 | DEBUG    | src.data.market_data:_generate_option_symbol:470 | 生成期权代码: SPY250617P00600000 (行权价$600, 类型PUT)
2025-06-17 10:20:57 | INFO     | src.data.market_data:find_suitable_options:444 | 成功获取期权SPY250617P00600000的报价数据
2025-06-17 10:20:57 | ERROR    | src.trading.executor:find_best_option:192 | 查找最佳期权失败: 'contractSymbol'
2025-06-17 10:20:57 | WARNING  | src.bot.trading_bot:_check_signals:216 | 信号执行失败: SHORT
2025-06-17 10:20:57 | INFO     | src.trading.executor:update_account_info:125 | 账户更新: 总值$100396.42, 买入力$401585.68
2025-06-17 10:20:57 | DEBUG    | src.bot.trading_bot:_update_market_data:184 | 市场数据更新完成
2025-06-17 10:21:00 | INFO     | src.strategy.signals:generate_signals:468 | 生成信号: SHORT - VWAP空头突破: 偏离-0.16%, MACD转负
2025-06-17 10:21:00 | INFO     | src.bot.trading_bot:_check_signals:202 | 检测到信号: SHORT 置信度: 0.85 原因: VWAP空头突破: 偏离-0.16%, MACD转负
2025-06-17 10:21:00 | INFO     | src.utils.notifications:send_message:63 | [GENERAL] 📡 交易信号
类型: SHORT
强度: MEDIUM
置信度: 0.85
价格: $599.23
原因: VWAP空头突破: 偏离-0.16%, MACD转负
2025-06-17 10:21:00 | INFO     | src.data.market_data:find_suitable_options:435 | 当前SPY价格: $599.57, 选择PUT期权行权价: $600
2025-06-17 10:21:00 | DEBUG    | src.data.market_data:_generate_option_symbol:470 | 生成期权代码: SPY250617P00600000 (行权价$600, 类型PUT)
2025-06-17 10:21:00 | INFO     | src.data.market_data:find_suitable_options:444 | 成功获取期权SPY250617P00600000的报价数据
2025-06-17 10:21:00 | ERROR    | src.trading.executor:find_best_option:192 | 查找最佳期权失败: 'contractSymbol'
2025-06-17 10:21:00 | WARNING  | src.bot.trading_bot:_check_signals:216 | 信号执行失败: SHORT
2025-06-17 10:21:01 | INFO     | src.trading.executor:update_account_info:125 | 账户更新: 总值$100396.42, 买入力$401585.68
2025-06-17 10:21:01 | DEBUG    | src.bot.trading_bot:_update_market_data:184 | 市场数据更新完成
2025-06-17 10:21:04 | INFO     | src.strategy.signals:generate_signals:468 | 生成信号: SHORT - VWAP空头突破: 偏离-0.16%, MACD转负
2025-06-17 10:21:04 | INFO     | src.bot.trading_bot:_check_signals:202 | 检测到信号: SHORT 置信度: 0.85 原因: VWAP空头突破: 偏离-0.16%, MACD转负
2025-06-17 10:21:04 | INFO     | src.utils.notifications:send_message:63 | [GENERAL] 📡 交易信号
类型: SHORT
强度: MEDIUM
置信度: 0.85
价格: $599.23
原因: VWAP空头突破: 偏离-0.16%, MACD转负
2025-06-17 10:21:04 | INFO     | src.data.market_data:find_suitable_options:435 | 当前SPY价格: $599.55, 选择PUT期权行权价: $600
2025-06-17 10:21:04 | DEBUG    | src.data.market_data:_generate_option_symbol:470 | 生成期权代码: SPY250617P00600000 (行权价$600, 类型PUT)
2025-06-17 10:21:04 | INFO     | src.data.market_data:find_suitable_options:444 | 成功获取期权SPY250617P00600000的报价数据
2025-06-17 10:21:04 | ERROR    | src.trading.executor:find_best_option:192 | 查找最佳期权失败: 'contractSymbol'
2025-06-17 10:21:04 | WARNING  | src.bot.trading_bot:_check_signals:216 | 信号执行失败: SHORT
2025-06-17 10:21:04 | INFO     | src.trading.executor:update_account_info:125 | 账户更新: 总值$100396.42, 买入力$401585.68
2025-06-17 10:21:04 | DEBUG    | src.bot.trading_bot:_update_market_data:184 | 市场数据更新完成
2025-06-17 10:21:07 | INFO     | src.strategy.signals:generate_signals:468 | 生成信号: SHORT - VWAP空头突破: 偏离-0.16%, MACD转负
2025-06-17 10:21:07 | INFO     | src.bot.trading_bot:_check_signals:202 | 检测到信号: SHORT 置信度: 0.85 原因: VWAP空头突破: 偏离-0.16%, MACD转负
2025-06-17 10:21:07 | INFO     | src.utils.notifications:send_message:63 | [GENERAL] 📡 交易信号
类型: SHORT
强度: MEDIUM
置信度: 0.85
价格: $599.23
原因: VWAP空头突破: 偏离-0.16%, MACD转负
2025-06-17 10:21:07 | INFO     | src.data.market_data:find_suitable_options:435 | 当前SPY价格: $599.52, 选择PUT期权行权价: $600
2025-06-17 10:21:07 | DEBUG    | src.data.market_data:_generate_option_symbol:470 | 生成期权代码: SPY250617P00600000 (行权价$600, 类型PUT)
2025-06-17 10:21:07 | INFO     | src.data.market_data:find_suitable_options:444 | 成功获取期权SPY250617P00600000的报价数据
2025-06-17 10:21:07 | ERROR    | src.trading.executor:find_best_option:192 | 查找最佳期权失败: 'contractSymbol'
2025-06-17 10:21:07 | WARNING  | src.bot.trading_bot:_check_signals:216 | 信号执行失败: SHORT
2025-06-17 10:21:08 | INFO     | src.trading.executor:update_account_info:125 | 账户更新: 总值$100396.42, 买入力$401585.68
2025-06-17 10:21:08 | DEBUG    | src.bot.trading_bot:_update_market_data:184 | 市场数据更新完成
2025-06-17 10:21:11 | INFO     | src.strategy.signals:generate_signals:468 | 生成信号: SHORT - VWAP空头突破: 偏离-0.16%, MACD转负
2025-06-17 10:21:11 | INFO     | src.bot.trading_bot:_check_signals:202 | 检测到信号: SHORT 置信度: 0.85 原因: VWAP空头突破: 偏离-0.16%, MACD转负
2025-06-17 10:21:11 | INFO     | src.utils.notifications:send_message:63 | [GENERAL] 📡 交易信号
类型: SHORT
强度: MEDIUM
置信度: 0.85
价格: $599.23
原因: VWAP空头突破: 偏离-0.16%, MACD转负
2025-06-17 10:21:11 | INFO     | src.data.market_data:find_suitable_options:435 | 当前SPY价格: $599.52, 选择PUT期权行权价: $600
2025-06-17 10:21:11 | DEBUG    | src.data.market_data:_generate_option_symbol:470 | 生成期权代码: SPY250617P00600000 (行权价$600, 类型PUT)
2025-06-17 10:21:11 | INFO     | src.data.market_data:find_suitable_options:444 | 成功获取期权SPY250617P00600000的报价数据
2025-06-17 10:21:11 | ERROR    | src.trading.executor:find_best_option:192 | 查找最佳期权失败: 'contractSymbol'
2025-06-17 10:21:11 | WARNING  | src.bot.trading_bot:_check_signals:216 | 信号执行失败: SHORT
2025-06-17 10:21:12 | INFO     | src.trading.executor:update_account_info:125 | 账户更新: 总值$100396.42, 买入力$401585.68
2025-06-17 10:21:12 | DEBUG    | src.bot.trading_bot:_update_market_data:184 | 市场数据更新完成
2025-06-17 10:21:14 | INFO     | src.strategy.signals:generate_signals:468 | 生成信号: SHORT - VWAP空头突破: 偏离-0.16%, MACD转负
2025-06-17 10:21:14 | INFO     | src.bot.trading_bot:_check_signals:202 | 检测到信号: SHORT 置信度: 0.85 原因: VWAP空头突破: 偏离-0.16%, MACD转负
2025-06-17 10:21:14 | INFO     | src.utils.notifications:send_message:63 | [GENERAL] 📡 交易信号
类型: SHORT
强度: MEDIUM
置信度: 0.85
价格: $599.23
原因: VWAP空头突破: 偏离-0.16%, MACD转负
2025-06-17 10:21:14 | INFO     | src.data.market_data:find_suitable_options:435 | 当前SPY价格: $599.38, 选择PUT期权行权价: $600
2025-06-17 10:21:14 | DEBUG    | src.data.market_data:_generate_option_symbol:470 | 生成期权代码: SPY250617P00600000 (行权价$600, 类型PUT)
2025-06-17 10:21:14 | INFO     | src.data.market_data:find_suitable_options:444 | 成功获取期权SPY250617P00600000的报价数据
2025-06-17 10:21:14 | ERROR    | src.trading.executor:find_best_option:192 | 查找最佳期权失败: 'contractSymbol'
2025-06-17 10:21:14 | WARNING  | src.bot.trading_bot:_check_signals:216 | 信号执行失败: SHORT
2025-06-17 10:21:15 | INFO     | src.trading.executor:update_account_info:125 | 账户更新: 总值$100396.42, 买入力$401585.68
2025-06-17 10:21:15 | DEBUG    | src.bot.trading_bot:_update_market_data:184 | 市场数据更新完成
2025-06-17 10:21:17 | DEBUG    | src.bot.trading_bot:_update_positions_normal:259 | 📊 常规头寸更新完成
2025-06-17 10:21:18 | INFO     | src.trading.executor:update_account_info:125 | 账户更新: 总值$100396.42, 买入力$401585.68
2025-06-17 10:21:18 | DEBUG    | src.bot.trading_bot:_update_market_data:184 | 市场数据更新完成
2025-06-17 10:21:22 | INFO     | src.trading.executor:update_account_info:125 | 账户更新: 总值$100396.42, 买入力$401585.68
2025-06-17 10:21:22 | DEBUG    | src.bot.trading_bot:_update_market_data:184 | 市场数据更新完成
2025-06-17 10:21:25 | INFO     | src.trading.executor:update_account_info:125 | 账户更新: 总值$100396.42, 买入力$401585.68
2025-06-17 10:21:25 | DEBUG    | src.bot.trading_bot:_update_market_data:184 | 市场数据更新完成
2025-06-17 10:21:28 | INFO     | src.trading.executor:update_account_info:125 | 账户更新: 总值$100396.42, 买入力$401585.68
2025-06-17 10:21:28 | DEBUG    | src.bot.trading_bot:_update_market_data:184 | 市场数据更新完成
2025-06-17 10:21:31 | INFO     | src.trading.executor:update_account_info:125 | 账户更新: 总值$100396.42, 买入力$401585.68
2025-06-17 10:21:31 | DEBUG    | src.bot.trading_bot:_update_market_data:184 | 市场数据更新完成
2025-06-17 10:21:35 | INFO     | src.trading.executor:update_account_info:125 | 账户更新: 总值$100396.42, 买入力$401585.68
2025-06-17 10:21:35 | DEBUG    | src.bot.trading_bot:_update_market_data:184 | 市场数据更新完成
2025-06-17 10:21:38 | INFO     | src.trading.executor:update_account_info:125 | 账户更新: 总值$100396.42, 买入力$401585.68
2025-06-17 10:21:38 | DEBUG    | src.bot.trading_bot:_update_market_data:184 | 市场数据更新完成
2025-06-17 10:21:41 | INFO     | src.trading.executor:update_account_info:125 | 账户更新: 总值$100396.42, 买入力$401585.68
2025-06-17 10:21:41 | DEBUG    | src.bot.trading_bot:_update_market_data:184 | 市场数据更新完成
2025-06-17 10:21:44 | INFO     | src.trading.executor:update_account_info:125 | 账户更新: 总值$100396.42, 买入力$401585.68
2025-06-17 10:21:44 | DEBUG    | src.bot.trading_bot:_update_market_data:184 | 市场数据更新完成
2025-06-17 10:21:47 | INFO     | src.trading.executor:update_account_info:125 | 账户更新: 总值$100396.42, 买入力$401585.68
2025-06-17 10:21:47 | DEBUG    | src.bot.trading_bot:_update_market_data:184 | 市场数据更新完成
2025-06-17 10:21:51 | INFO     | src.trading.executor:update_account_info:125 | 账户更新: 总值$100396.42, 买入力$401585.68
2025-06-17 10:21:51 | DEBUG    | src.bot.trading_bot:_update_market_data:184 | 市场数据更新完成
2025-06-17 10:21:54 | INFO     | src.trading.executor:update_account_info:125 | 账户更新: 总值$100396.42, 买入力$401585.68
2025-06-17 10:21:54 | DEBUG    | src.bot.trading_bot:_update_market_data:184 | 市场数据更新完成
2025-06-17 10:21:57 | INFO     | src.trading.executor:update_account_info:125 | 账户更新: 总值$100396.42, 买入力$401585.68
2025-06-17 10:21:57 | DEBUG    | src.bot.trading_bot:_update_market_data:184 | 市场数据更新完成
2025-06-17 10:22:00 | INFO     | src.trading.executor:update_account_info:125 | 账户更新: 总值$100396.42, 买入力$401585.68
2025-06-17 10:22:00 | DEBUG    | src.bot.trading_bot:_update_market_data:184 | 市场数据更新完成
2025-06-17 10:22:03 | INFO     | src.trading.executor:update_account_info:125 | 账户更新: 总值$100396.42, 买入力$401585.68
2025-06-17 10:22:03 | DEBUG    | src.bot.trading_bot:_update_market_data:184 | 市场数据更新完成
2025-06-17 10:22:07 | INFO     | src.trading.executor:update_account_info:125 | 账户更新: 总值$100396.42, 买入力$401585.68
2025-06-17 10:22:07 | DEBUG    | src.bot.trading_bot:_update_market_data:184 | 市场数据更新完成
2025-06-17 10:22:10 | INFO     | src.trading.executor:update_account_info:125 | 账户更新: 总值$100396.42, 买入力$401585.68
2025-06-17 10:22:10 | DEBUG    | src.bot.trading_bot:_update_market_data:184 | 市场数据更新完成
2025-06-17 10:22:13 | INFO     | src.trading.executor:update_account_info:125 | 账户更新: 总值$100396.42, 买入力$401585.68
2025-06-17 10:22:13 | DEBUG    | src.bot.trading_bot:_update_market_data:184 | 市场数据更新完成
2025-06-17 10:22:16 | INFO     | src.trading.executor:update_account_info:125 | 账户更新: 总值$100396.42, 买入力$401585.68
2025-06-17 10:22:16 | DEBUG    | src.bot.trading_bot:_update_market_data:184 | 市场数据更新完成
2025-06-17 10:22:17 | DEBUG    | src.bot.trading_bot:_update_positions_normal:259 | 📊 常规头寸更新完成
2025-06-17 10:22:20 | INFO     | src.trading.executor:update_account_info:125 | 账户更新: 总值$100396.42, 买入力$401585.68
2025-06-17 10:22:20 | DEBUG    | src.bot.trading_bot:_update_market_data:184 | 市场数据更新完成
2025-06-17 10:22:23 | INFO     | src.trading.executor:update_account_info:125 | 账户更新: 总值$100396.42, 买入力$401585.68
2025-06-17 10:22:23 | DEBUG    | src.bot.trading_bot:_update_market_data:184 | 市场数据更新完成
2025-06-17 10:22:26 | INFO     | src.trading.executor:update_account_info:125 | 账户更新: 总值$100396.42, 买入力$401585.68
2025-06-17 10:22:26 | DEBUG    | src.bot.trading_bot:_update_market_data:184 | 市场数据更新完成
2025-06-17 10:22:29 | INFO     | src.trading.executor:update_account_info:125 | 账户更新: 总值$100396.42, 买入力$401585.68
2025-06-17 10:22:29 | DEBUG    | src.bot.trading_bot:_update_market_data:184 | 市场数据更新完成
2025-06-17 10:22:33 | INFO     | src.trading.executor:update_account_info:125 | 账户更新: 总值$100396.42, 买入力$401585.68
2025-06-17 10:22:33 | DEBUG    | src.bot.trading_bot:_update_market_data:184 | 市场数据更新完成
2025-06-17 10:22:36 | INFO     | src.trading.executor:update_account_info:125 | 账户更新: 总值$100396.42, 买入力$401585.68
2025-06-17 10:22:36 | DEBUG    | src.bot.trading_bot:_update_market_data:184 | 市场数据更新完成
2025-06-17 10:22:39 | INFO     | src.trading.executor:update_account_info:125 | 账户更新: 总值$100396.42, 买入力$401585.68
2025-06-17 10:22:39 | DEBUG    | src.bot.trading_bot:_update_market_data:184 | 市场数据更新完成
2025-06-17 10:22:42 | INFO     | src.trading.executor:update_account_info:125 | 账户更新: 总值$100396.42, 买入力$401585.68
2025-06-17 10:22:42 | DEBUG    | src.bot.trading_bot:_update_market_data:184 | 市场数据更新完成
2025-06-17 10:22:46 | INFO     | src.trading.executor:update_account_info:125 | 账户更新: 总值$100396.42, 买入力$401585.68
2025-06-17 10:22:46 | DEBUG    | src.bot.trading_bot:_update_market_data:184 | 市场数据更新完成
2025-06-17 10:22:49 | INFO     | src.trading.executor:update_account_info:125 | 账户更新: 总值$100396.42, 买入力$401585.68
2025-06-17 10:22:49 | DEBUG    | src.bot.trading_bot:_update_market_data:184 | 市场数据更新完成
2025-06-17 10:22:52 | INFO     | src.trading.executor:update_account_info:125 | 账户更新: 总值$100396.42, 买入力$401585.68
2025-06-17 10:22:52 | DEBUG    | src.bot.trading_bot:_update_market_data:184 | 市场数据更新完成
2025-06-17 10:22:55 | INFO     | src.trading.executor:update_account_info:125 | 账户更新: 总值$100396.42, 买入力$401585.68
2025-06-17 10:22:55 | DEBUG    | src.bot.trading_bot:_update_market_data:184 | 市场数据更新完成
2025-06-17 10:22:59 | INFO     | src.trading.executor:update_account_info:125 | 账户更新: 总值$100396.42, 买入力$401585.68
2025-06-17 10:22:59 | DEBUG    | src.bot.trading_bot:_update_market_data:184 | 市场数据更新完成
2025-06-17 10:23:02 | INFO     | src.trading.executor:update_account_info:125 | 账户更新: 总值$100396.42, 买入力$401585.68
2025-06-17 10:23:02 | DEBUG    | src.bot.trading_bot:_update_market_data:184 | 市场数据更新完成
2025-06-17 10:23:05 | INFO     | src.trading.executor:update_account_info:125 | 账户更新: 总值$100396.42, 买入力$401585.68
2025-06-17 10:23:05 | DEBUG    | src.bot.trading_bot:_update_market_data:184 | 市场数据更新完成
2025-06-17 10:23:08 | INFO     | src.trading.executor:update_account_info:125 | 账户更新: 总值$100396.42, 买入力$401585.68
2025-06-17 10:23:08 | DEBUG    | src.bot.trading_bot:_update_market_data:184 | 市场数据更新完成
2025-06-17 10:23:11 | INFO     | src.trading.executor:update_account_info:125 | 账户更新: 总值$100396.42, 买入力$401585.68
2025-06-17 10:23:11 | DEBUG    | src.bot.trading_bot:_update_market_data:184 | 市场数据更新完成
2025-06-17 10:23:15 | INFO     | src.trading.executor:update_account_info:125 | 账户更新: 总值$100396.42, 买入力$401585.68
2025-06-17 10:23:15 | DEBUG    | src.bot.trading_bot:_update_market_data:184 | 市场数据更新完成
2025-06-17 10:23:18 | DEBUG    | src.bot.trading_bot:_update_positions_normal:259 | 📊 常规头寸更新完成
2025-06-17 10:23:18 | INFO     | src.trading.executor:update_account_info:125 | 账户更新: 总值$100396.42, 买入力$401585.68
2025-06-17 10:23:18 | DEBUG    | src.bot.trading_bot:_update_market_data:184 | 市场数据更新完成
2025-06-17 10:23:21 | INFO     | src.trading.executor:update_account_info:125 | 账户更新: 总值$100396.42, 买入力$401585.68
2025-06-17 10:23:21 | DEBUG    | src.bot.trading_bot:_update_market_data:184 | 市场数据更新完成
2025-06-17 10:23:24 | INFO     | src.trading.executor:update_account_info:125 | 账户更新: 总值$100396.42, 买入力$401585.68
2025-06-17 10:23:24 | DEBUG    | src.bot.trading_bot:_update_market_data:184 | 市场数据更新完成
2025-06-17 10:23:28 | INFO     | src.trading.executor:update_account_info:125 | 账户更新: 总值$100396.42, 买入力$401585.68
2025-06-17 10:23:28 | DEBUG    | src.bot.trading_bot:_update_market_data:184 | 市场数据更新完成
2025-06-17 10:23:31 | INFO     | src.trading.executor:update_account_info:125 | 账户更新: 总值$100396.42, 买入力$401585.68
2025-06-17 10:23:31 | DEBUG    | src.bot.trading_bot:_update_market_data:184 | 市场数据更新完成
2025-06-17 10:23:34 | INFO     | src.trading.executor:update_account_info:125 | 账户更新: 总值$100396.42, 买入力$401585.68
2025-06-17 10:23:34 | DEBUG    | src.bot.trading_bot:_update_market_data:184 | 市场数据更新完成
2025-06-17 10:23:37 | INFO     | src.trading.executor:update_account_info:125 | 账户更新: 总值$100396.42, 买入力$401585.68
2025-06-17 10:23:37 | DEBUG    | src.bot.trading_bot:_update_market_data:184 | 市场数据更新完成
2025-06-17 10:23:40 | INFO     | src.trading.executor:update_account_info:125 | 账户更新: 总值$100396.42, 买入力$401585.68
2025-06-17 10:23:40 | DEBUG    | src.bot.trading_bot:_update_market_data:184 | 市场数据更新完成
2025-06-17 10:23:44 | INFO     | src.trading.executor:update_account_info:125 | 账户更新: 总值$100396.42, 买入力$401585.68
2025-06-17 10:23:44 | DEBUG    | src.bot.trading_bot:_update_market_data:184 | 市场数据更新完成
2025-06-17 10:23:47 | INFO     | src.trading.executor:update_account_info:125 | 账户更新: 总值$100396.42, 买入力$401585.68
2025-06-17 10:23:47 | DEBUG    | src.bot.trading_bot:_update_market_data:184 | 市场数据更新完成
2025-06-17 10:23:50 | INFO     | src.trading.executor:update_account_info:125 | 账户更新: 总值$100396.42, 买入力$401585.68
2025-06-17 10:23:50 | DEBUG    | src.bot.trading_bot:_update_market_data:184 | 市场数据更新完成
2025-06-17 10:23:54 | INFO     | src.trading.executor:update_account_info:125 | 账户更新: 总值$100396.42, 买入力$401585.68
2025-06-17 10:23:54 | DEBUG    | src.bot.trading_bot:_update_market_data:184 | 市场数据更新完成
2025-06-17 10:23:57 | INFO     | src.trading.executor:update_account_info:125 | 账户更新: 总值$100396.42, 买入力$401585.68
2025-06-17 10:23:57 | DEBUG    | src.bot.trading_bot:_update_market_data:184 | 市场数据更新完成
2025-06-17 10:24:00 | INFO     | src.trading.executor:update_account_info:125 | 账户更新: 总值$100396.42, 买入力$401585.68
2025-06-17 10:24:00 | DEBUG    | src.bot.trading_bot:_update_market_data:184 | 市场数据更新完成
2025-06-17 10:24:04 | INFO     | src.trading.executor:update_account_info:125 | 账户更新: 总值$100396.42, 买入力$401585.68
2025-06-17 10:24:04 | DEBUG    | src.bot.trading_bot:_update_market_data:184 | 市场数据更新完成
2025-06-17 10:24:07 | INFO     | src.trading.executor:update_account_info:125 | 账户更新: 总值$100396.42, 买入力$401585.68
2025-06-17 10:24:07 | DEBUG    | src.bot.trading_bot:_update_market_data:184 | 市场数据更新完成
2025-06-17 10:24:10 | INFO     | src.trading.executor:update_account_info:125 | 账户更新: 总值$100396.42, 买入力$401585.68
2025-06-17 10:24:10 | DEBUG    | src.bot.trading_bot:_update_market_data:184 | 市场数据更新完成
2025-06-17 10:24:13 | INFO     | src.trading.executor:update_account_info:125 | 账户更新: 总值$100396.42, 买入力$401585.68
2025-06-17 10:24:13 | DEBUG    | src.bot.trading_bot:_update_market_data:184 | 市场数据更新完成
2025-06-17 10:24:17 | INFO     | src.trading.executor:update_account_info:125 | 账户更新: 总值$100396.42, 买入力$401585.68
2025-06-17 10:24:17 | DEBUG    | src.bot.trading_bot:_update_market_data:184 | 市场数据更新完成
2025-06-17 10:24:18 | DEBUG    | src.bot.trading_bot:_update_positions_normal:259 | 📊 常规头寸更新完成
2025-06-17 10:24:20 | INFO     | src.trading.executor:update_account_info:125 | 账户更新: 总值$100396.42, 买入力$401585.68
2025-06-17 10:24:20 | DEBUG    | src.bot.trading_bot:_update_market_data:184 | 市场数据更新完成
2025-06-17 10:24:23 | INFO     | src.trading.executor:update_account_info:125 | 账户更新: 总值$100396.42, 买入力$401585.68
2025-06-17 10:24:23 | DEBUG    | src.bot.trading_bot:_update_market_data:184 | 市场数据更新完成
2025-06-17 10:24:26 | INFO     | src.trading.executor:update_account_info:125 | 账户更新: 总值$100396.42, 买入力$401585.68
2025-06-17 10:24:26 | DEBUG    | src.bot.trading_bot:_update_market_data:184 | 市场数据更新完成
2025-06-17 10:24:29 | INFO     | src.trading.executor:update_account_info:125 | 账户更新: 总值$100396.42, 买入力$401585.68
2025-06-17 10:24:29 | DEBUG    | src.bot.trading_bot:_update_market_data:184 | 市场数据更新完成
2025-06-17 10:24:33 | INFO     | src.trading.executor:update_account_info:125 | 账户更新: 总值$100396.42, 买入力$401585.68
2025-06-17 10:24:33 | DEBUG    | src.bot.trading_bot:_update_market_data:184 | 市场数据更新完成
2025-06-17 10:24:36 | INFO     | src.trading.executor:update_account_info:125 | 账户更新: 总值$100396.42, 买入力$401585.68
2025-06-17 10:24:36 | DEBUG    | src.bot.trading_bot:_update_market_data:184 | 市场数据更新完成
2025-06-17 10:24:39 | INFO     | src.trading.executor:update_account_info:125 | 账户更新: 总值$100396.42, 买入力$401585.68
2025-06-17 10:24:39 | DEBUG    | src.bot.trading_bot:_update_market_data:184 | 市场数据更新完成
2025-06-17 10:24:42 | INFO     | src.trading.executor:update_account_info:125 | 账户更新: 总值$100396.42, 买入力$401585.68
2025-06-17 10:24:42 | DEBUG    | src.bot.trading_bot:_update_market_data:184 | 市场数据更新完成
2025-06-17 10:24:46 | INFO     | src.trading.executor:update_account_info:125 | 账户更新: 总值$100396.42, 买入力$401585.68
2025-06-17 10:24:46 | DEBUG    | src.bot.trading_bot:_update_market_data:184 | 市场数据更新完成
2025-06-17 10:24:49 | INFO     | src.trading.executor:update_account_info:125 | 账户更新: 总值$100396.42, 买入力$401585.68
2025-06-17 10:24:49 | DEBUG    | src.bot.trading_bot:_update_market_data:184 | 市场数据更新完成
2025-06-17 10:24:52 | INFO     | src.trading.executor:update_account_info:125 | 账户更新: 总值$100396.42, 买入力$401585.68
2025-06-17 10:24:52 | DEBUG    | src.bot.trading_bot:_update_market_data:184 | 市场数据更新完成
2025-06-17 10:24:55 | INFO     | src.trading.executor:update_account_info:125 | 账户更新: 总值$100396.42, 买入力$401585.68
2025-06-17 10:24:55 | DEBUG    | src.bot.trading_bot:_update_market_data:184 | 市场数据更新完成
2025-06-17 10:24:58 | INFO     | src.trading.executor:update_account_info:125 | 账户更新: 总值$100396.42, 买入力$401585.68
2025-06-17 10:24:58 | DEBUG    | src.bot.trading_bot:_update_market_data:184 | 市场数据更新完成
2025-06-17 10:25:02 | INFO     | src.trading.executor:update_account_info:125 | 账户更新: 总值$100396.42, 买入力$401585.68
2025-06-17 10:25:02 | DEBUG    | src.bot.trading_bot:_update_market_data:184 | 市场数据更新完成
2025-06-17 10:25:04 | INFO     | src.strategy.signals:generate_signals:468 | 生成信号: SHORT - VWAP空头突破: 偏离-0.17%, MACD转负
2025-06-17 10:25:04 | INFO     | src.bot.trading_bot:_check_signals:202 | 检测到信号: SHORT 置信度: 0.85 原因: VWAP空头突破: 偏离-0.17%, MACD转负
2025-06-17 10:25:04 | INFO     | src.utils.notifications:send_message:63 | [GENERAL] 📡 交易信号
类型: SHORT
强度: MEDIUM
置信度: 0.85
价格: $599.12
原因: VWAP空头突破: 偏离-0.17%, MACD转负
2025-06-17 10:25:05 | INFO     | src.data.market_data:find_suitable_options:435 | 当前SPY价格: $599.32, 选择PUT期权行权价: $600
2025-06-17 10:25:05 | DEBUG    | src.data.market_data:_generate_option_symbol:470 | 生成期权代码: SPY250617P00600000 (行权价$600, 类型PUT)
2025-06-17 10:25:05 | INFO     | src.data.market_data:find_suitable_options:444 | 成功获取期权SPY250617P00600000的报价数据
2025-06-17 10:25:05 | ERROR    | src.trading.executor:find_best_option:192 | 查找最佳期权失败: 'contractSymbol'
2025-06-17 10:25:05 | WARNING  | src.bot.trading_bot:_check_signals:216 | 信号执行失败: SHORT
2025-06-17 10:25:06 | INFO     | src.trading.executor:update_account_info:125 | 账户更新: 总值$100396.42, 买入力$401585.68
2025-06-17 10:25:06 | DEBUG    | src.bot.trading_bot:_update_market_data:184 | 市场数据更新完成
2025-06-17 10:25:08 | INFO     | src.strategy.signals:generate_signals:468 | 生成信号: SHORT - VWAP空头突破: 偏离-0.17%, MACD转负
2025-06-17 10:25:08 | INFO     | src.bot.trading_bot:_check_signals:202 | 检测到信号: SHORT 置信度: 0.85 原因: VWAP空头突破: 偏离-0.17%, MACD转负
2025-06-17 10:25:08 | INFO     | src.utils.notifications:send_message:63 | [GENERAL] 📡 交易信号
类型: SHORT
强度: MEDIUM
置信度: 0.85
价格: $599.12
原因: VWAP空头突破: 偏离-0.17%, MACD转负
2025-06-17 10:25:08 | INFO     | src.data.market_data:find_suitable_options:435 | 当前SPY价格: $599.30, 选择PUT期权行权价: $600
2025-06-17 10:25:08 | DEBUG    | src.data.market_data:_generate_option_symbol:470 | 生成期权代码: SPY250617P00600000 (行权价$600, 类型PUT)
2025-06-17 10:25:08 | INFO     | src.data.market_data:find_suitable_options:444 | 成功获取期权SPY250617P00600000的报价数据
2025-06-17 10:25:08 | ERROR    | src.trading.executor:find_best_option:192 | 查找最佳期权失败: 'contractSymbol'
2025-06-17 10:25:08 | WARNING  | src.bot.trading_bot:_check_signals:216 | 信号执行失败: SHORT
2025-06-17 10:25:09 | INFO     | src.trading.executor:update_account_info:125 | 账户更新: 总值$100396.42, 买入力$401585.68
2025-06-17 10:25:09 | DEBUG    | src.bot.trading_bot:_update_market_data:184 | 市场数据更新完成
2025-06-17 10:25:12 | INFO     | src.strategy.signals:generate_signals:468 | 生成信号: SHORT - VWAP空头突破: 偏离-0.17%, MACD转负
2025-06-17 10:25:12 | INFO     | src.bot.trading_bot:_check_signals:202 | 检测到信号: SHORT 置信度: 0.85 原因: VWAP空头突破: 偏离-0.17%, MACD转负
2025-06-17 10:25:12 | INFO     | src.utils.notifications:send_message:63 | [GENERAL] 📡 交易信号
类型: SHORT
强度: MEDIUM
置信度: 0.85
价格: $599.12
原因: VWAP空头突破: 偏离-0.17%, MACD转负
2025-06-17 10:25:12 | INFO     | src.data.market_data:find_suitable_options:435 | 当前SPY价格: $599.28, 选择PUT期权行权价: $600
2025-06-17 10:25:12 | DEBUG    | src.data.market_data:_generate_option_symbol:470 | 生成期权代码: SPY250617P00600000 (行权价$600, 类型PUT)
2025-06-17 10:25:12 | INFO     | src.data.market_data:find_suitable_options:444 | 成功获取期权SPY250617P00600000的报价数据
2025-06-17 10:25:12 | ERROR    | src.trading.executor:find_best_option:192 | 查找最佳期权失败: 'contractSymbol'
2025-06-17 10:25:12 | WARNING  | src.bot.trading_bot:_check_signals:216 | 信号执行失败: SHORT
2025-06-17 10:25:12 | INFO     | src.trading.executor:update_account_info:125 | 账户更新: 总值$100396.42, 买入力$401585.68
2025-06-17 10:25:12 | DEBUG    | src.bot.trading_bot:_update_market_data:184 | 市场数据更新完成
2025-06-17 10:25:15 | INFO     | src.strategy.signals:generate_signals:468 | 生成信号: SHORT - VWAP空头突破: 偏离-0.17%, MACD转负
2025-06-17 10:25:15 | INFO     | src.bot.trading_bot:_check_signals:202 | 检测到信号: SHORT 置信度: 0.85 原因: VWAP空头突破: 偏离-0.17%, MACD转负
2025-06-17 10:25:15 | INFO     | src.utils.notifications:send_message:63 | [GENERAL] 📡 交易信号
类型: SHORT
强度: MEDIUM
置信度: 0.85
价格: $599.12
原因: VWAP空头突破: 偏离-0.17%, MACD转负
2025-06-17 10:25:15 | INFO     | src.data.market_data:find_suitable_options:435 | 当前SPY价格: $599.29, 选择PUT期权行权价: $600
2025-06-17 10:25:15 | DEBUG    | src.data.market_data:_generate_option_symbol:470 | 生成期权代码: SPY250617P00600000 (行权价$600, 类型PUT)
2025-06-17 10:25:15 | INFO     | src.data.market_data:find_suitable_options:444 | 成功获取期权SPY250617P00600000的报价数据
2025-06-17 10:25:15 | ERROR    | src.trading.executor:find_best_option:192 | 查找最佳期权失败: 'contractSymbol'
2025-06-17 10:25:15 | WARNING  | src.bot.trading_bot:_check_signals:216 | 信号执行失败: SHORT
2025-06-17 10:25:16 | INFO     | src.trading.executor:update_account_info:125 | 账户更新: 总值$100396.42, 买入力$401585.68
2025-06-17 10:25:16 | DEBUG    | src.bot.trading_bot:_update_market_data:184 | 市场数据更新完成
2025-06-17 10:25:18 | DEBUG    | src.bot.trading_bot:_update_positions_normal:259 | 📊 常规头寸更新完成
2025-06-17 10:25:19 | INFO     | src.strategy.signals:generate_signals:468 | 生成信号: SHORT - VWAP空头突破: 偏离-0.17%, MACD转负
2025-06-17 10:25:19 | INFO     | src.bot.trading_bot:_check_signals:202 | 检测到信号: SHORT 置信度: 0.85 原因: VWAP空头突破: 偏离-0.17%, MACD转负
2025-06-17 10:25:19 | INFO     | src.utils.notifications:send_message:63 | [GENERAL] 📡 交易信号
类型: SHORT
强度: MEDIUM
置信度: 0.85
价格: $599.12
原因: VWAP空头突破: 偏离-0.17%, MACD转负
2025-06-17 10:25:19 | INFO     | src.data.market_data:find_suitable_options:435 | 当前SPY价格: $599.34, 选择PUT期权行权价: $600
2025-06-17 10:25:19 | DEBUG    | src.data.market_data:_generate_option_symbol:470 | 生成期权代码: SPY250617P00600000 (行权价$600, 类型PUT)
2025-06-17 10:25:19 | INFO     | src.data.market_data:find_suitable_options:444 | 成功获取期权SPY250617P00600000的报价数据
2025-06-17 10:25:19 | ERROR    | src.trading.executor:find_best_option:192 | 查找最佳期权失败: 'contractSymbol'
2025-06-17 10:25:19 | WARNING  | src.bot.trading_bot:_check_signals:216 | 信号执行失败: SHORT
2025-06-17 10:25:19 | INFO     | src.trading.executor:update_account_info:125 | 账户更新: 总值$100396.42, 买入力$401585.68
2025-06-17 10:25:19 | DEBUG    | src.bot.trading_bot:_update_market_data:184 | 市场数据更新完成
2025-06-17 10:25:22 | INFO     | src.strategy.signals:generate_signals:468 | 生成信号: SHORT - VWAP空头突破: 偏离-0.17%, MACD转负
2025-06-17 10:25:22 | INFO     | src.bot.trading_bot:_check_signals:202 | 检测到信号: SHORT 置信度: 0.85 原因: VWAP空头突破: 偏离-0.17%, MACD转负
2025-06-17 10:25:22 | INFO     | src.utils.notifications:send_message:63 | [GENERAL] 📡 交易信号
类型: SHORT
强度: MEDIUM
置信度: 0.85
价格: $599.12
原因: VWAP空头突破: 偏离-0.17%, MACD转负
2025-06-17 10:25:22 | INFO     | src.data.market_data:find_suitable_options:435 | 当前SPY价格: $599.42, 选择PUT期权行权价: $600
2025-06-17 10:25:22 | DEBUG    | src.data.market_data:_generate_option_symbol:470 | 生成期权代码: SPY250617P00600000 (行权价$600, 类型PUT)
2025-06-17 10:25:22 | INFO     | src.data.market_data:find_suitable_options:444 | 成功获取期权SPY250617P00600000的报价数据
2025-06-17 10:25:22 | ERROR    | src.trading.executor:find_best_option:192 | 查找最佳期权失败: 'contractSymbol'
2025-06-17 10:25:22 | WARNING  | src.bot.trading_bot:_check_signals:216 | 信号执行失败: SHORT
2025-06-17 10:25:23 | INFO     | src.trading.executor:update_account_info:125 | 账户更新: 总值$100396.42, 买入力$401585.68
2025-06-17 10:25:23 | DEBUG    | src.bot.trading_bot:_update_market_data:184 | 市场数据更新完成
2025-06-17 10:25:26 | INFO     | src.strategy.signals:generate_signals:468 | 生成信号: SHORT - VWAP空头突破: 偏离-0.17%, MACD转负
2025-06-17 10:25:26 | INFO     | src.bot.trading_bot:_check_signals:202 | 检测到信号: SHORT 置信度: 0.85 原因: VWAP空头突破: 偏离-0.17%, MACD转负
2025-06-17 10:25:26 | INFO     | src.utils.notifications:send_message:63 | [GENERAL] 📡 交易信号
类型: SHORT
强度: MEDIUM
置信度: 0.85
价格: $599.12
原因: VWAP空头突破: 偏离-0.17%, MACD转负
2025-06-17 10:25:26 | INFO     | src.data.market_data:find_suitable_options:435 | 当前SPY价格: $599.42, 选择PUT期权行权价: $600
2025-06-17 10:25:26 | DEBUG    | src.data.market_data:_generate_option_symbol:470 | 生成期权代码: SPY250617P00600000 (行权价$600, 类型PUT)
2025-06-17 10:25:26 | INFO     | src.data.market_data:find_suitable_options:444 | 成功获取期权SPY250617P00600000的报价数据
2025-06-17 10:25:26 | ERROR    | src.trading.executor:find_best_option:192 | 查找最佳期权失败: 'contractSymbol'
2025-06-17 10:25:26 | WARNING  | src.bot.trading_bot:_check_signals:216 | 信号执行失败: SHORT
2025-06-17 10:25:26 | INFO     | src.trading.executor:update_account_info:125 | 账户更新: 总值$100396.42, 买入力$401585.68
2025-06-17 10:25:26 | DEBUG    | src.bot.trading_bot:_update_market_data:184 | 市场数据更新完成
2025-06-17 10:25:29 | INFO     | src.strategy.signals:generate_signals:468 | 生成信号: SHORT - VWAP空头突破: 偏离-0.17%, MACD转负
2025-06-17 10:25:29 | INFO     | src.bot.trading_bot:_check_signals:202 | 检测到信号: SHORT 置信度: 0.85 原因: VWAP空头突破: 偏离-0.17%, MACD转负
2025-06-17 10:25:29 | INFO     | src.utils.notifications:send_message:63 | [GENERAL] 📡 交易信号
类型: SHORT
强度: MEDIUM
置信度: 0.85
价格: $599.12
原因: VWAP空头突破: 偏离-0.17%, MACD转负
2025-06-17 10:25:29 | INFO     | src.data.market_data:find_suitable_options:435 | 当前SPY价格: $599.42, 选择PUT期权行权价: $600
2025-06-17 10:25:29 | DEBUG    | src.data.market_data:_generate_option_symbol:470 | 生成期权代码: SPY250617P00600000 (行权价$600, 类型PUT)
2025-06-17 10:25:29 | INFO     | src.data.market_data:find_suitable_options:444 | 成功获取期权SPY250617P00600000的报价数据
2025-06-17 10:25:29 | ERROR    | src.trading.executor:find_best_option:192 | 查找最佳期权失败: 'contractSymbol'
2025-06-17 10:25:29 | WARNING  | src.bot.trading_bot:_check_signals:216 | 信号执行失败: SHORT
2025-06-17 10:25:30 | INFO     | src.trading.executor:update_account_info:125 | 账户更新: 总值$100396.42, 买入力$401585.68
2025-06-17 10:25:30 | DEBUG    | src.bot.trading_bot:_update_market_data:184 | 市场数据更新完成
2025-06-17 10:25:33 | INFO     | src.strategy.signals:generate_signals:468 | 生成信号: SHORT - VWAP空头突破: 偏离-0.17%, MACD转负
2025-06-17 10:25:33 | INFO     | src.bot.trading_bot:_check_signals:202 | 检测到信号: SHORT 置信度: 0.85 原因: VWAP空头突破: 偏离-0.17%, MACD转负
2025-06-17 10:25:33 | INFO     | src.utils.notifications:send_message:63 | [GENERAL] 📡 交易信号
类型: SHORT
强度: MEDIUM
置信度: 0.85
价格: $599.12
原因: VWAP空头突破: 偏离-0.17%, MACD转负
2025-06-17 10:25:33 | INFO     | src.data.market_data:find_suitable_options:435 | 当前SPY价格: $599.28, 选择PUT期权行权价: $600
2025-06-17 10:25:33 | DEBUG    | src.data.market_data:_generate_option_symbol:470 | 生成期权代码: SPY250617P00600000 (行权价$600, 类型PUT)
2025-06-17 10:25:33 | INFO     | src.data.market_data:find_suitable_options:444 | 成功获取期权SPY250617P00600000的报价数据
2025-06-17 10:25:33 | ERROR    | src.trading.executor:find_best_option:192 | 查找最佳期权失败: 'contractSymbol'
2025-06-17 10:25:33 | WARNING  | src.bot.trading_bot:_check_signals:216 | 信号执行失败: SHORT
2025-06-17 10:25:33 | INFO     | src.trading.executor:update_account_info:125 | 账户更新: 总值$100396.42, 买入力$401585.68
2025-06-17 10:25:33 | DEBUG    | src.bot.trading_bot:_update_market_data:184 | 市场数据更新完成
2025-06-17 10:25:36 | INFO     | src.strategy.signals:generate_signals:468 | 生成信号: SHORT - VWAP空头突破: 偏离-0.17%, MACD转负
2025-06-17 10:25:36 | INFO     | src.bot.trading_bot:_check_signals:202 | 检测到信号: SHORT 置信度: 0.85 原因: VWAP空头突破: 偏离-0.17%, MACD转负
2025-06-17 10:25:36 | INFO     | src.utils.notifications:send_message:63 | [GENERAL] 📡 交易信号
类型: SHORT
强度: MEDIUM
置信度: 0.85
价格: $599.12
原因: VWAP空头突破: 偏离-0.17%, MACD转负
2025-06-17 10:25:36 | INFO     | src.data.market_data:find_suitable_options:435 | 当前SPY价格: $599.28, 选择PUT期权行权价: $600
2025-06-17 10:25:36 | DEBUG    | src.data.market_data:_generate_option_symbol:470 | 生成期权代码: SPY250617P00600000 (行权价$600, 类型PUT)
2025-06-17 10:25:37 | INFO     | src.data.market_data:find_suitable_options:444 | 成功获取期权SPY250617P00600000的报价数据
2025-06-17 10:25:37 | ERROR    | src.trading.executor:find_best_option:192 | 查找最佳期权失败: 'contractSymbol'
2025-06-17 10:25:37 | WARNING  | src.bot.trading_bot:_check_signals:216 | 信号执行失败: SHORT
2025-06-17 10:25:37 | INFO     | src.trading.executor:update_account_info:125 | 账户更新: 总值$100396.42, 买入力$401585.68
2025-06-17 10:25:37 | DEBUG    | src.bot.trading_bot:_update_market_data:184 | 市场数据更新完成
2025-06-17 10:25:40 | INFO     | src.strategy.signals:generate_signals:468 | 生成信号: SHORT - VWAP空头突破: 偏离-0.17%, MACD转负
2025-06-17 10:25:40 | INFO     | src.bot.trading_bot:_check_signals:202 | 检测到信号: SHORT 置信度: 0.85 原因: VWAP空头突破: 偏离-0.17%, MACD转负
2025-06-17 10:25:40 | INFO     | src.utils.notifications:send_message:63 | [GENERAL] 📡 交易信号
类型: SHORT
强度: MEDIUM
置信度: 0.85
价格: $599.12
原因: VWAP空头突破: 偏离-0.17%, MACD转负
2025-06-17 10:25:40 | INFO     | src.data.market_data:find_suitable_options:435 | 当前SPY价格: $599.28, 选择PUT期权行权价: $600
2025-06-17 10:25:40 | DEBUG    | src.data.market_data:_generate_option_symbol:470 | 生成期权代码: SPY250617P00600000 (行权价$600, 类型PUT)
2025-06-17 10:25:40 | INFO     | src.data.market_data:find_suitable_options:444 | 成功获取期权SPY250617P00600000的报价数据
2025-06-17 10:25:40 | ERROR    | src.trading.executor:find_best_option:192 | 查找最佳期权失败: 'contractSymbol'
2025-06-17 10:25:40 | WARNING  | src.bot.trading_bot:_check_signals:216 | 信号执行失败: SHORT
2025-06-17 10:25:41 | INFO     | src.trading.executor:update_account_info:125 | 账户更新: 总值$100396.42, 买入力$401585.68
2025-06-17 10:25:41 | DEBUG    | src.bot.trading_bot:_update_market_data:184 | 市场数据更新完成
2025-06-17 10:25:43 | INFO     | src.strategy.signals:generate_signals:468 | 生成信号: SHORT - VWAP空头突破: 偏离-0.17%, MACD转负
2025-06-17 10:25:43 | INFO     | src.bot.trading_bot:_check_signals:202 | 检测到信号: SHORT 置信度: 0.85 原因: VWAP空头突破: 偏离-0.17%, MACD转负
2025-06-17 10:25:43 | INFO     | src.utils.notifications:send_message:63 | [GENERAL] 📡 交易信号
类型: SHORT
强度: MEDIUM
置信度: 0.85
价格: $599.12
原因: VWAP空头突破: 偏离-0.17%, MACD转负
2025-06-17 10:25:43 | INFO     | src.data.market_data:find_suitable_options:435 | 当前SPY价格: $599.28, 选择PUT期权行权价: $600
2025-06-17 10:25:43 | DEBUG    | src.data.market_data:_generate_option_symbol:470 | 生成期权代码: SPY250617P00600000 (行权价$600, 类型PUT)
2025-06-17 10:25:44 | INFO     | src.data.market_data:find_suitable_options:444 | 成功获取期权SPY250617P00600000的报价数据
2025-06-17 10:25:44 | ERROR    | src.trading.executor:find_best_option:192 | 查找最佳期权失败: 'contractSymbol'
2025-06-17 10:25:44 | WARNING  | src.bot.trading_bot:_check_signals:216 | 信号执行失败: SHORT
2025-06-17 10:25:44 | INFO     | src.trading.executor:update_account_info:125 | 账户更新: 总值$100396.42, 买入力$401585.68
2025-06-17 10:25:44 | DEBUG    | src.bot.trading_bot:_update_market_data:184 | 市场数据更新完成
2025-06-17 10:25:47 | INFO     | src.strategy.signals:generate_signals:468 | 生成信号: SHORT - VWAP空头突破: 偏离-0.17%, MACD转负
2025-06-17 10:25:47 | INFO     | src.bot.trading_bot:_check_signals:202 | 检测到信号: SHORT 置信度: 0.85 原因: VWAP空头突破: 偏离-0.17%, MACD转负
2025-06-17 10:25:47 | INFO     | src.utils.notifications:send_message:63 | [GENERAL] 📡 交易信号
类型: SHORT
强度: MEDIUM
置信度: 0.85
价格: $599.12
原因: VWAP空头突破: 偏离-0.17%, MACD转负
2025-06-17 10:25:47 | INFO     | src.data.market_data:find_suitable_options:435 | 当前SPY价格: $599.28, 选择PUT期权行权价: $600
2025-06-17 10:25:47 | DEBUG    | src.data.market_data:_generate_option_symbol:470 | 生成期权代码: SPY250617P00600000 (行权价$600, 类型PUT)
2025-06-17 10:25:47 | INFO     | src.data.market_data:find_suitable_options:444 | 成功获取期权SPY250617P00600000的报价数据
2025-06-17 10:25:47 | ERROR    | src.trading.executor:find_best_option:192 | 查找最佳期权失败: 'contractSymbol'
2025-06-17 10:25:47 | WARNING  | src.bot.trading_bot:_check_signals:216 | 信号执行失败: SHORT
2025-06-17 10:25:48 | INFO     | src.trading.executor:update_account_info:125 | 账户更新: 总值$100396.42, 买入力$401585.68
2025-06-17 10:25:48 | DEBUG    | src.bot.trading_bot:_update_market_data:184 | 市场数据更新完成
2025-06-17 10:25:50 | INFO     | src.strategy.signals:generate_signals:468 | 生成信号: SHORT - VWAP空头突破: 偏离-0.17%, MACD转负
2025-06-17 10:25:50 | INFO     | src.bot.trading_bot:_check_signals:202 | 检测到信号: SHORT 置信度: 0.85 原因: VWAP空头突破: 偏离-0.17%, MACD转负
2025-06-17 10:25:50 | INFO     | src.utils.notifications:send_message:63 | [GENERAL] 📡 交易信号
类型: SHORT
强度: MEDIUM
置信度: 0.85
价格: $599.12
原因: VWAP空头突破: 偏离-0.17%, MACD转负
2025-06-17 10:25:50 | INFO     | src.data.market_data:find_suitable_options:435 | 当前SPY价格: $599.28, 选择PUT期权行权价: $600
2025-06-17 10:25:50 | DEBUG    | src.data.market_data:_generate_option_symbol:470 | 生成期权代码: SPY250617P00600000 (行权价$600, 类型PUT)
2025-06-17 10:25:51 | INFO     | src.data.market_data:find_suitable_options:444 | 成功获取期权SPY250617P00600000的报价数据
2025-06-17 10:25:51 | ERROR    | src.trading.executor:find_best_option:192 | 查找最佳期权失败: 'contractSymbol'
2025-06-17 10:25:51 | WARNING  | src.bot.trading_bot:_check_signals:216 | 信号执行失败: SHORT
2025-06-17 10:25:51 | INFO     | src.trading.executor:update_account_info:125 | 账户更新: 总值$100396.42, 买入力$401585.68
2025-06-17 10:25:51 | DEBUG    | src.bot.trading_bot:_update_market_data:184 | 市场数据更新完成
2025-06-17 10:25:54 | INFO     | src.strategy.signals:generate_signals:468 | 生成信号: SHORT - VWAP空头突破: 偏离-0.17%, MACD转负
2025-06-17 10:25:54 | INFO     | src.bot.trading_bot:_check_signals:202 | 检测到信号: SHORT 置信度: 0.85 原因: VWAP空头突破: 偏离-0.17%, MACD转负
2025-06-17 10:25:54 | INFO     | src.utils.notifications:send_message:63 | [GENERAL] 📡 交易信号
类型: SHORT
强度: MEDIUM
置信度: 0.85
价格: $599.12
原因: VWAP空头突破: 偏离-0.17%, MACD转负
2025-06-17 10:25:54 | INFO     | src.data.market_data:find_suitable_options:435 | 当前SPY价格: $599.28, 选择PUT期权行权价: $600
2025-06-17 10:25:54 | DEBUG    | src.data.market_data:_generate_option_symbol:470 | 生成期权代码: SPY250617P00600000 (行权价$600, 类型PUT)
2025-06-17 10:25:54 | INFO     | src.data.market_data:find_suitable_options:444 | 成功获取期权SPY250617P00600000的报价数据
2025-06-17 10:25:54 | ERROR    | src.trading.executor:find_best_option:192 | 查找最佳期权失败: 'contractSymbol'
2025-06-17 10:25:54 | WARNING  | src.bot.trading_bot:_check_signals:216 | 信号执行失败: SHORT
2025-06-17 10:25:55 | INFO     | src.trading.executor:update_account_info:125 | 账户更新: 总值$100396.42, 买入力$401585.68
2025-06-17 10:25:55 | DEBUG    | src.bot.trading_bot:_update_market_data:184 | 市场数据更新完成
2025-06-17 10:25:57 | INFO     | src.strategy.signals:generate_signals:468 | 生成信号: SHORT - VWAP空头突破: 偏离-0.17%, MACD转负
2025-06-17 10:25:57 | INFO     | src.bot.trading_bot:_check_signals:202 | 检测到信号: SHORT 置信度: 0.85 原因: VWAP空头突破: 偏离-0.17%, MACD转负
2025-06-17 10:25:57 | INFO     | src.utils.notifications:send_message:63 | [GENERAL] 📡 交易信号
类型: SHORT
强度: MEDIUM
置信度: 0.85
价格: $599.12
原因: VWAP空头突破: 偏离-0.17%, MACD转负
2025-06-17 10:25:57 | INFO     | src.data.market_data:find_suitable_options:435 | 当前SPY价格: $599.28, 选择PUT期权行权价: $600
2025-06-17 10:25:57 | DEBUG    | src.data.market_data:_generate_option_symbol:470 | 生成期权代码: SPY250617P00600000 (行权价$600, 类型PUT)
2025-06-17 10:25:57 | INFO     | src.data.market_data:find_suitable_options:444 | 成功获取期权SPY250617P00600000的报价数据
2025-06-17 10:25:57 | ERROR    | src.trading.executor:find_best_option:192 | 查找最佳期权失败: 'contractSymbol'
2025-06-17 10:25:57 | WARNING  | src.bot.trading_bot:_check_signals:216 | 信号执行失败: SHORT
2025-06-17 10:25:58 | INFO     | src.trading.executor:update_account_info:125 | 账户更新: 总值$100396.42, 买入力$401585.68
2025-06-17 10:25:58 | DEBUG    | src.bot.trading_bot:_update_market_data:184 | 市场数据更新完成
2025-06-17 10:26:01 | INFO     | src.strategy.signals:generate_signals:468 | 生成信号: SHORT - VWAP空头突破: 偏离-0.17%, MACD转负
2025-06-17 10:26:01 | INFO     | src.bot.trading_bot:_check_signals:202 | 检测到信号: SHORT 置信度: 0.85 原因: VWAP空头突破: 偏离-0.17%, MACD转负
2025-06-17 10:26:01 | INFO     | src.utils.notifications:send_message:63 | [GENERAL] 📡 交易信号
类型: SHORT
强度: MEDIUM
置信度: 0.85
价格: $599.12
原因: VWAP空头突破: 偏离-0.17%, MACD转负
2025-06-17 10:26:01 | INFO     | src.data.market_data:find_suitable_options:435 | 当前SPY价格: $599.28, 选择PUT期权行权价: $600
2025-06-17 10:26:01 | DEBUG    | src.data.market_data:_generate_option_symbol:470 | 生成期权代码: SPY250617P00600000 (行权价$600, 类型PUT)
2025-06-17 10:26:01 | INFO     | src.data.market_data:find_suitable_options:444 | 成功获取期权SPY250617P00600000的报价数据
2025-06-17 10:26:01 | ERROR    | src.trading.executor:find_best_option:192 | 查找最佳期权失败: 'contractSymbol'
2025-06-17 10:26:01 | WARNING  | src.bot.trading_bot:_check_signals:216 | 信号执行失败: SHORT
2025-06-17 10:26:02 | INFO     | src.trading.executor:update_account_info:125 | 账户更新: 总值$100396.42, 买入力$401585.68
2025-06-17 10:26:02 | DEBUG    | src.bot.trading_bot:_update_market_data:184 | 市场数据更新完成
2025-06-17 10:26:04 | INFO     | src.strategy.signals:generate_signals:468 | 生成信号: SHORT - VWAP空头突破: 偏离-0.17%, MACD转负
2025-06-17 10:26:04 | INFO     | src.bot.trading_bot:_check_signals:202 | 检测到信号: SHORT 置信度: 0.85 原因: VWAP空头突破: 偏离-0.17%, MACD转负
2025-06-17 10:26:04 | INFO     | src.utils.notifications:send_message:63 | [GENERAL] 📡 交易信号
类型: SHORT
强度: MEDIUM
置信度: 0.85
价格: $599.12
原因: VWAP空头突破: 偏离-0.17%, MACD转负
2025-06-17 10:26:04 | INFO     | src.data.market_data:find_suitable_options:435 | 当前SPY价格: $599.28, 选择PUT期权行权价: $600
2025-06-17 10:26:04 | DEBUG    | src.data.market_data:_generate_option_symbol:470 | 生成期权代码: SPY250617P00600000 (行权价$600, 类型PUT)
2025-06-17 10:26:04 | INFO     | src.data.market_data:find_suitable_options:444 | 成功获取期权SPY250617P00600000的报价数据
2025-06-17 10:26:04 | ERROR    | src.trading.executor:find_best_option:192 | 查找最佳期权失败: 'contractSymbol'
2025-06-17 10:26:04 | WARNING  | src.bot.trading_bot:_check_signals:216 | 信号执行失败: SHORT
2025-06-17 10:26:05 | INFO     | src.trading.executor:update_account_info:125 | 账户更新: 总值$100396.42, 买入力$401585.68
2025-06-17 10:26:05 | DEBUG    | src.bot.trading_bot:_update_market_data:184 | 市场数据更新完成
2025-06-17 10:26:08 | INFO     | src.strategy.signals:generate_signals:468 | 生成信号: SHORT - VWAP空头突破: 偏离-0.17%, MACD转负
2025-06-17 10:26:08 | INFO     | src.bot.trading_bot:_check_signals:202 | 检测到信号: SHORT 置信度: 0.85 原因: VWAP空头突破: 偏离-0.17%, MACD转负
2025-06-17 10:26:08 | INFO     | src.utils.notifications:send_message:63 | [GENERAL] 📡 交易信号
类型: SHORT
强度: MEDIUM
置信度: 0.85
价格: $599.12
原因: VWAP空头突破: 偏离-0.17%, MACD转负
2025-06-17 10:26:08 | INFO     | src.data.market_data:find_suitable_options:435 | 当前SPY价格: $599.28, 选择PUT期权行权价: $600
2025-06-17 10:26:08 | DEBUG    | src.data.market_data:_generate_option_symbol:470 | 生成期权代码: SPY250617P00600000 (行权价$600, 类型PUT)
2025-06-17 10:26:08 | INFO     | src.data.market_data:find_suitable_options:444 | 成功获取期权SPY250617P00600000的报价数据
2025-06-17 10:26:08 | ERROR    | src.trading.executor:find_best_option:192 | 查找最佳期权失败: 'contractSymbol'
2025-06-17 10:26:08 | WARNING  | src.bot.trading_bot:_check_signals:216 | 信号执行失败: SHORT
2025-06-17 10:26:09 | INFO     | src.trading.executor:update_account_info:125 | 账户更新: 总值$100396.42, 买入力$401585.68
2025-06-17 10:26:09 | DEBUG    | src.bot.trading_bot:_update_market_data:184 | 市场数据更新完成
2025-06-17 10:26:11 | INFO     | src.strategy.signals:generate_signals:468 | 生成信号: SHORT - VWAP空头突破: 偏离-0.17%, MACD转负
2025-06-17 10:26:11 | INFO     | src.bot.trading_bot:_check_signals:202 | 检测到信号: SHORT 置信度: 0.85 原因: VWAP空头突破: 偏离-0.17%, MACD转负
2025-06-17 10:26:11 | INFO     | src.utils.notifications:send_message:63 | [GENERAL] 📡 交易信号
类型: SHORT
强度: MEDIUM
置信度: 0.85
价格: $599.12
原因: VWAP空头突破: 偏离-0.17%, MACD转负
2025-06-17 10:26:11 | INFO     | src.data.market_data:find_suitable_options:435 | 当前SPY价格: $599.28, 选择PUT期权行权价: $600
2025-06-17 10:26:11 | DEBUG    | src.data.market_data:_generate_option_symbol:470 | 生成期权代码: SPY250617P00600000 (行权价$600, 类型PUT)
2025-06-17 10:26:12 | INFO     | src.data.market_data:find_suitable_options:444 | 成功获取期权SPY250617P00600000的报价数据
2025-06-17 10:26:12 | ERROR    | src.trading.executor:find_best_option:192 | 查找最佳期权失败: 'contractSymbol'
2025-06-17 10:26:12 | WARNING  | src.bot.trading_bot:_check_signals:216 | 信号执行失败: SHORT
2025-06-17 10:26:12 | INFO     | src.trading.executor:update_account_info:125 | 账户更新: 总值$100396.42, 买入力$401585.68
2025-06-17 10:26:12 | DEBUG    | src.bot.trading_bot:_update_market_data:184 | 市场数据更新完成
2025-06-17 10:26:15 | INFO     | src.strategy.signals:generate_signals:468 | 生成信号: SHORT - VWAP空头突破: 偏离-0.17%, MACD转负
2025-06-17 10:26:15 | INFO     | src.bot.trading_bot:_check_signals:202 | 检测到信号: SHORT 置信度: 0.85 原因: VWAP空头突破: 偏离-0.17%, MACD转负
2025-06-17 10:26:15 | INFO     | src.utils.notifications:send_message:63 | [GENERAL] 📡 交易信号
类型: SHORT
强度: MEDIUM
置信度: 0.85
价格: $599.12
原因: VWAP空头突破: 偏离-0.17%, MACD转负
2025-06-17 10:26:15 | INFO     | src.data.market_data:find_suitable_options:435 | 当前SPY价格: $599.37, 选择PUT期权行权价: $600
2025-06-17 10:26:15 | DEBUG    | src.data.market_data:_generate_option_symbol:470 | 生成期权代码: SPY250617P00600000 (行权价$600, 类型PUT)
2025-06-17 10:26:15 | INFO     | src.data.market_data:find_suitable_options:444 | 成功获取期权SPY250617P00600000的报价数据
2025-06-17 10:26:15 | ERROR    | src.trading.executor:find_best_option:192 | 查找最佳期权失败: 'contractSymbol'
2025-06-17 10:26:15 | WARNING  | src.bot.trading_bot:_check_signals:216 | 信号执行失败: SHORT
2025-06-17 10:26:16 | INFO     | src.trading.executor:update_account_info:125 | 账户更新: 总值$100396.42, 买入力$401585.68
2025-06-17 10:26:16 | DEBUG    | src.bot.trading_bot:_update_market_data:184 | 市场数据更新完成
2025-06-17 10:26:18 | INFO     | src.strategy.signals:generate_signals:468 | 生成信号: SHORT - VWAP空头突破: 偏离-0.17%, MACD转负
2025-06-17 10:26:18 | INFO     | src.bot.trading_bot:_check_signals:202 | 检测到信号: SHORT 置信度: 0.85 原因: VWAP空头突破: 偏离-0.17%, MACD转负
2025-06-17 10:26:18 | INFO     | src.utils.notifications:send_message:63 | [GENERAL] 📡 交易信号
类型: SHORT
强度: MEDIUM
置信度: 0.85
价格: $599.12
原因: VWAP空头突破: 偏离-0.17%, MACD转负
2025-06-17 10:26:18 | INFO     | src.data.market_data:find_suitable_options:435 | 当前SPY价格: $599.37, 选择PUT期权行权价: $600
2025-06-17 10:26:18 | DEBUG    | src.data.market_data:_generate_option_symbol:470 | 生成期权代码: SPY250617P00600000 (行权价$600, 类型PUT)
2025-06-17 10:26:19 | INFO     | src.data.market_data:find_suitable_options:444 | 成功获取期权SPY250617P00600000的报价数据
2025-06-17 10:26:19 | ERROR    | src.trading.executor:find_best_option:192 | 查找最佳期权失败: 'contractSymbol'
2025-06-17 10:26:19 | WARNING  | src.bot.trading_bot:_check_signals:216 | 信号执行失败: SHORT
2025-06-17 10:26:19 | DEBUG    | src.bot.trading_bot:_update_positions_normal:259 | 📊 常规头寸更新完成
2025-06-17 10:26:19 | INFO     | src.trading.executor:update_account_info:125 | 账户更新: 总值$100396.42, 买入力$401585.68
2025-06-17 10:26:19 | DEBUG    | src.bot.trading_bot:_update_market_data:184 | 市场数据更新完成
2025-06-17 10:26:22 | INFO     | src.strategy.signals:generate_signals:468 | 生成信号: SHORT - VWAP空头突破: 偏离-0.17%, MACD转负
2025-06-17 10:26:22 | INFO     | src.bot.trading_bot:_check_signals:202 | 检测到信号: SHORT 置信度: 0.85 原因: VWAP空头突破: 偏离-0.17%, MACD转负
2025-06-17 10:26:22 | INFO     | src.utils.notifications:send_message:63 | [GENERAL] 📡 交易信号
类型: SHORT
强度: MEDIUM
置信度: 0.85
价格: $599.12
原因: VWAP空头突破: 偏离-0.17%, MACD转负
2025-06-17 10:26:22 | INFO     | src.data.market_data:find_suitable_options:435 | 当前SPY价格: $599.34, 选择PUT期权行权价: $600
2025-06-17 10:26:22 | DEBUG    | src.data.market_data:_generate_option_symbol:470 | 生成期权代码: SPY250617P00600000 (行权价$600, 类型PUT)
2025-06-17 10:26:22 | INFO     | src.data.market_data:find_suitable_options:444 | 成功获取期权SPY250617P00600000的报价数据
2025-06-17 10:26:22 | ERROR    | src.trading.executor:find_best_option:192 | 查找最佳期权失败: 'contractSymbol'
2025-06-17 10:26:22 | WARNING  | src.bot.trading_bot:_check_signals:216 | 信号执行失败: SHORT
2025-06-17 10:26:23 | INFO     | src.trading.executor:update_account_info:125 | 账户更新: 总值$100396.42, 买入力$401585.68
2025-06-17 10:26:23 | DEBUG    | src.bot.trading_bot:_update_market_data:184 | 市场数据更新完成
2025-06-17 10:26:25 | INFO     | src.strategy.signals:generate_signals:468 | 生成信号: SHORT - VWAP空头突破: 偏离-0.17%, MACD转负
2025-06-17 10:26:25 | INFO     | src.bot.trading_bot:_check_signals:202 | 检测到信号: SHORT 置信度: 0.85 原因: VWAP空头突破: 偏离-0.17%, MACD转负
2025-06-17 10:26:25 | INFO     | src.utils.notifications:send_message:63 | [GENERAL] 📡 交易信号
类型: SHORT
强度: MEDIUM
置信度: 0.85
价格: $599.12
原因: VWAP空头突破: 偏离-0.17%, MACD转负
2025-06-17 10:26:25 | INFO     | src.data.market_data:find_suitable_options:435 | 当前SPY价格: $599.34, 选择PUT期权行权价: $600
2025-06-17 10:26:25 | DEBUG    | src.data.market_data:_generate_option_symbol:470 | 生成期权代码: SPY250617P00600000 (行权价$600, 类型PUT)
2025-06-17 10:26:25 | INFO     | src.data.market_data:find_suitable_options:444 | 成功获取期权SPY250617P00600000的报价数据
2025-06-17 10:26:25 | ERROR    | src.trading.executor:find_best_option:192 | 查找最佳期权失败: 'contractSymbol'
2025-06-17 10:26:25 | WARNING  | src.bot.trading_bot:_check_signals:216 | 信号执行失败: SHORT
2025-06-17 10:26:26 | INFO     | src.trading.executor:update_account_info:125 | 账户更新: 总值$100396.42, 买入力$401585.68
2025-06-17 10:26:26 | DEBUG    | src.bot.trading_bot:_update_market_data:184 | 市场数据更新完成
2025-06-17 10:26:29 | INFO     | src.strategy.signals:generate_signals:468 | 生成信号: SHORT - VWAP空头突破: 偏离-0.17%, MACD转负
2025-06-17 10:26:29 | INFO     | src.bot.trading_bot:_check_signals:202 | 检测到信号: SHORT 置信度: 0.85 原因: VWAP空头突破: 偏离-0.17%, MACD转负
2025-06-17 10:26:29 | INFO     | src.utils.notifications:send_message:63 | [GENERAL] 📡 交易信号
类型: SHORT
强度: MEDIUM
置信度: 0.85
价格: $599.12
原因: VWAP空头突破: 偏离-0.17%, MACD转负
2025-06-17 10:26:29 | INFO     | src.data.market_data:find_suitable_options:435 | 当前SPY价格: $599.34, 选择PUT期权行权价: $600
2025-06-17 10:26:29 | DEBUG    | src.data.market_data:_generate_option_symbol:470 | 生成期权代码: SPY250617P00600000 (行权价$600, 类型PUT)
2025-06-17 10:26:29 | INFO     | src.data.market_data:find_suitable_options:444 | 成功获取期权SPY250617P00600000的报价数据
2025-06-17 10:26:29 | ERROR    | src.trading.executor:find_best_option:192 | 查找最佳期权失败: 'contractSymbol'
2025-06-17 10:26:29 | WARNING  | src.bot.trading_bot:_check_signals:216 | 信号执行失败: SHORT
2025-06-17 10:26:29 | INFO     | src.trading.executor:update_account_info:125 | 账户更新: 总值$100396.42, 买入力$401585.68
2025-06-17 10:26:29 | DEBUG    | src.bot.trading_bot:_update_market_data:184 | 市场数据更新完成
2025-06-17 10:26:32 | INFO     | src.strategy.signals:generate_signals:468 | 生成信号: SHORT - VWAP空头突破: 偏离-0.17%, MACD转负
2025-06-17 10:26:32 | INFO     | src.bot.trading_bot:_check_signals:202 | 检测到信号: SHORT 置信度: 0.85 原因: VWAP空头突破: 偏离-0.17%, MACD转负
2025-06-17 10:26:32 | INFO     | src.utils.notifications:send_message:63 | [GENERAL] 📡 交易信号
类型: SHORT
强度: MEDIUM
置信度: 0.85
价格: $599.12
原因: VWAP空头突破: 偏离-0.17%, MACD转负
2025-06-17 10:26:32 | INFO     | src.data.market_data:find_suitable_options:435 | 当前SPY价格: $599.34, 选择PUT期权行权价: $600
2025-06-17 10:26:32 | DEBUG    | src.data.market_data:_generate_option_symbol:470 | 生成期权代码: SPY250617P00600000 (行权价$600, 类型PUT)
2025-06-17 10:26:32 | INFO     | src.data.market_data:find_suitable_options:444 | 成功获取期权SPY250617P00600000的报价数据
2025-06-17 10:26:32 | ERROR    | src.trading.executor:find_best_option:192 | 查找最佳期权失败: 'contractSymbol'
2025-06-17 10:26:32 | WARNING  | src.bot.trading_bot:_check_signals:216 | 信号执行失败: SHORT
2025-06-17 10:26:33 | INFO     | src.trading.executor:update_account_info:125 | 账户更新: 总值$100396.42, 买入力$401585.68
2025-06-17 10:26:33 | DEBUG    | src.bot.trading_bot:_update_market_data:184 | 市场数据更新完成
2025-06-17 10:26:36 | INFO     | src.strategy.signals:generate_signals:468 | 生成信号: SHORT - VWAP空头突破: 偏离-0.17%, MACD转负
2025-06-17 10:26:36 | INFO     | src.bot.trading_bot:_check_signals:202 | 检测到信号: SHORT 置信度: 0.85 原因: VWAP空头突破: 偏离-0.17%, MACD转负
2025-06-17 10:26:36 | INFO     | src.utils.notifications:send_message:63 | [GENERAL] 📡 交易信号
类型: SHORT
强度: MEDIUM
置信度: 0.85
价格: $599.12
原因: VWAP空头突破: 偏离-0.17%, MACD转负
2025-06-17 10:26:36 | INFO     | src.data.market_data:find_suitable_options:435 | 当前SPY价格: $599.34, 选择PUT期权行权价: $600
2025-06-17 10:26:36 | DEBUG    | src.data.market_data:_generate_option_symbol:470 | 生成期权代码: SPY250617P00600000 (行权价$600, 类型PUT)
2025-06-17 10:26:36 | INFO     | src.data.market_data:find_suitable_options:444 | 成功获取期权SPY250617P00600000的报价数据
2025-06-17 10:26:36 | ERROR    | src.trading.executor:find_best_option:192 | 查找最佳期权失败: 'contractSymbol'
2025-06-17 10:26:36 | WARNING  | src.bot.trading_bot:_check_signals:216 | 信号执行失败: SHORT
2025-06-17 10:26:36 | INFO     | src.trading.executor:update_account_info:125 | 账户更新: 总值$100396.42, 买入力$401585.68
2025-06-17 10:26:36 | DEBUG    | src.bot.trading_bot:_update_market_data:184 | 市场数据更新完成
2025-06-17 10:26:39 | INFO     | src.strategy.signals:generate_signals:468 | 生成信号: SHORT - VWAP空头突破: 偏离-0.17%, MACD转负
2025-06-17 10:26:39 | INFO     | src.bot.trading_bot:_check_signals:202 | 检测到信号: SHORT 置信度: 0.85 原因: VWAP空头突破: 偏离-0.17%, MACD转负
2025-06-17 10:26:39 | INFO     | src.utils.notifications:send_message:63 | [GENERAL] 📡 交易信号
类型: SHORT
强度: MEDIUM
置信度: 0.85
价格: $599.12
原因: VWAP空头突破: 偏离-0.17%, MACD转负
2025-06-17 10:26:39 | INFO     | src.data.market_data:find_suitable_options:435 | 当前SPY价格: $599.19, 选择PUT期权行权价: $600
2025-06-17 10:26:39 | DEBUG    | src.data.market_data:_generate_option_symbol:470 | 生成期权代码: SPY250617P00600000 (行权价$600, 类型PUT)
2025-06-17 10:26:40 | INFO     | src.data.market_data:find_suitable_options:444 | 成功获取期权SPY250617P00600000的报价数据
2025-06-17 10:26:40 | ERROR    | src.trading.executor:find_best_option:192 | 查找最佳期权失败: 'contractSymbol'
2025-06-17 10:26:40 | WARNING  | src.bot.trading_bot:_check_signals:216 | 信号执行失败: SHORT
2025-06-17 10:26:40 | INFO     | src.trading.executor:update_account_info:125 | 账户更新: 总值$100396.42, 买入力$401585.68
2025-06-17 10:26:40 | DEBUG    | src.bot.trading_bot:_update_market_data:184 | 市场数据更新完成
2025-06-17 10:26:43 | INFO     | src.strategy.signals:generate_signals:468 | 生成信号: SHORT - VWAP空头突破: 偏离-0.17%, MACD转负
2025-06-17 10:26:43 | INFO     | src.bot.trading_bot:_check_signals:202 | 检测到信号: SHORT 置信度: 0.85 原因: VWAP空头突破: 偏离-0.17%, MACD转负
2025-06-17 10:26:43 | INFO     | src.utils.notifications:send_message:63 | [GENERAL] 📡 交易信号
类型: SHORT
强度: MEDIUM
置信度: 0.85
价格: $599.12
原因: VWAP空头突破: 偏离-0.17%, MACD转负
2025-06-17 10:26:43 | INFO     | src.data.market_data:find_suitable_options:435 | 当前SPY价格: $599.19, 选择PUT期权行权价: $600
2025-06-17 10:26:43 | DEBUG    | src.data.market_data:_generate_option_symbol:470 | 生成期权代码: SPY250617P00600000 (行权价$600, 类型PUT)
2025-06-17 10:26:43 | INFO     | src.data.market_data:find_suitable_options:444 | 成功获取期权SPY250617P00600000的报价数据
2025-06-17 10:26:43 | ERROR    | src.trading.executor:find_best_option:192 | 查找最佳期权失败: 'contractSymbol'
2025-06-17 10:26:43 | WARNING  | src.bot.trading_bot:_check_signals:216 | 信号执行失败: SHORT
2025-06-17 10:26:44 | INFO     | src.trading.executor:update_account_info:125 | 账户更新: 总值$100396.42, 买入力$401585.68
2025-06-17 10:26:44 | DEBUG    | src.bot.trading_bot:_update_market_data:184 | 市场数据更新完成
2025-06-17 10:26:46 | INFO     | src.strategy.signals:generate_signals:468 | 生成信号: SHORT - VWAP空头突破: 偏离-0.17%, MACD转负
2025-06-17 10:26:46 | INFO     | src.bot.trading_bot:_check_signals:202 | 检测到信号: SHORT 置信度: 0.85 原因: VWAP空头突破: 偏离-0.17%, MACD转负
2025-06-17 10:26:46 | INFO     | src.utils.notifications:send_message:63 | [GENERAL] 📡 交易信号
类型: SHORT
强度: MEDIUM
置信度: 0.85
价格: $599.12
原因: VWAP空头突破: 偏离-0.17%, MACD转负
2025-06-17 10:26:46 | INFO     | src.data.market_data:find_suitable_options:435 | 当前SPY价格: $599.19, 选择PUT期权行权价: $600
2025-06-17 10:26:46 | DEBUG    | src.data.market_data:_generate_option_symbol:470 | 生成期权代码: SPY250617P00600000 (行权价$600, 类型PUT)
2025-06-17 10:26:46 | INFO     | src.data.market_data:find_suitable_options:444 | 成功获取期权SPY250617P00600000的报价数据
2025-06-17 10:26:46 | ERROR    | src.trading.executor:find_best_option:192 | 查找最佳期权失败: 'contractSymbol'
2025-06-17 10:26:46 | WARNING  | src.bot.trading_bot:_check_signals:216 | 信号执行失败: SHORT
2025-06-17 10:26:47 | INFO     | src.trading.executor:update_account_info:125 | 账户更新: 总值$100396.42, 买入力$401585.68
2025-06-17 10:26:47 | DEBUG    | src.bot.trading_bot:_update_market_data:184 | 市场数据更新完成
2025-06-17 10:26:50 | INFO     | src.strategy.signals:generate_signals:468 | 生成信号: SHORT - VWAP空头突破: 偏离-0.17%, MACD转负
2025-06-17 10:26:50 | INFO     | src.bot.trading_bot:_check_signals:202 | 检测到信号: SHORT 置信度: 0.85 原因: VWAP空头突破: 偏离-0.17%, MACD转负
2025-06-17 10:26:50 | INFO     | src.utils.notifications:send_message:63 | [GENERAL] 📡 交易信号
类型: SHORT
强度: MEDIUM
置信度: 0.85
价格: $599.12
原因: VWAP空头突破: 偏离-0.17%, MACD转负
2025-06-17 10:26:50 | INFO     | src.data.market_data:find_suitable_options:435 | 当前SPY价格: $599.24, 选择PUT期权行权价: $600
2025-06-17 10:26:50 | DEBUG    | src.data.market_data:_generate_option_symbol:470 | 生成期权代码: SPY250617P00600000 (行权价$600, 类型PUT)
2025-06-17 10:26:50 | INFO     | src.data.market_data:find_suitable_options:444 | 成功获取期权SPY250617P00600000的报价数据
2025-06-17 10:26:50 | ERROR    | src.trading.executor:find_best_option:192 | 查找最佳期权失败: 'contractSymbol'
2025-06-17 10:26:50 | WARNING  | src.bot.trading_bot:_check_signals:216 | 信号执行失败: SHORT
2025-06-17 10:26:51 | INFO     | src.trading.executor:update_account_info:125 | 账户更新: 总值$100396.42, 买入力$401585.68
2025-06-17 10:26:51 | DEBUG    | src.bot.trading_bot:_update_market_data:184 | 市场数据更新完成
2025-06-17 10:26:53 | INFO     | src.strategy.signals:generate_signals:468 | 生成信号: SHORT - VWAP空头突破: 偏离-0.17%, MACD转负
2025-06-17 10:26:53 | INFO     | src.bot.trading_bot:_check_signals:202 | 检测到信号: SHORT 置信度: 0.85 原因: VWAP空头突破: 偏离-0.17%, MACD转负
2025-06-17 10:26:53 | INFO     | src.utils.notifications:send_message:63 | [GENERAL] 📡 交易信号
类型: SHORT
强度: MEDIUM
置信度: 0.85
价格: $599.12
原因: VWAP空头突破: 偏离-0.17%, MACD转负
2025-06-17 10:26:53 | INFO     | src.data.market_data:find_suitable_options:435 | 当前SPY价格: $599.24, 选择PUT期权行权价: $600
2025-06-17 10:26:53 | DEBUG    | src.data.market_data:_generate_option_symbol:470 | 生成期权代码: SPY250617P00600000 (行权价$600, 类型PUT)
2025-06-17 10:26:53 | INFO     | src.data.market_data:find_suitable_options:444 | 成功获取期权SPY250617P00600000的报价数据
2025-06-17 10:26:53 | ERROR    | src.trading.executor:find_best_option:192 | 查找最佳期权失败: 'contractSymbol'
2025-06-17 10:26:53 | WARNING  | src.bot.trading_bot:_check_signals:216 | 信号执行失败: SHORT
2025-06-17 10:26:54 | INFO     | src.trading.executor:update_account_info:125 | 账户更新: 总值$100396.42, 买入力$401585.68
2025-06-17 10:26:54 | DEBUG    | src.bot.trading_bot:_update_market_data:184 | 市场数据更新完成
2025-06-17 10:26:57 | INFO     | src.strategy.signals:generate_signals:468 | 生成信号: SHORT - VWAP空头突破: 偏离-0.17%, MACD转负
2025-06-17 10:26:57 | INFO     | src.bot.trading_bot:_check_signals:202 | 检测到信号: SHORT 置信度: 0.85 原因: VWAP空头突破: 偏离-0.17%, MACD转负
2025-06-17 10:26:57 | INFO     | src.utils.notifications:send_message:63 | [GENERAL] 📡 交易信号
类型: SHORT
强度: MEDIUM
置信度: 0.85
价格: $599.12
原因: VWAP空头突破: 偏离-0.17%, MACD转负
2025-06-17 10:26:57 | INFO     | src.data.market_data:find_suitable_options:435 | 当前SPY价格: $599.27, 选择PUT期权行权价: $600
2025-06-17 10:26:57 | DEBUG    | src.data.market_data:_generate_option_symbol:470 | 生成期权代码: SPY250617P00600000 (行权价$600, 类型PUT)
2025-06-17 10:26:57 | INFO     | src.data.market_data:find_suitable_options:444 | 成功获取期权SPY250617P00600000的报价数据
2025-06-17 10:26:57 | ERROR    | src.trading.executor:find_best_option:192 | 查找最佳期权失败: 'contractSymbol'
2025-06-17 10:26:57 | WARNING  | src.bot.trading_bot:_check_signals:216 | 信号执行失败: SHORT
2025-06-17 10:26:58 | INFO     | src.trading.executor:update_account_info:125 | 账户更新: 总值$100396.42, 买入力$401585.68
2025-06-17 10:26:58 | DEBUG    | src.bot.trading_bot:_update_market_data:184 | 市场数据更新完成
2025-06-17 10:27:00 | INFO     | src.strategy.signals:generate_signals:468 | 生成信号: SHORT - VWAP空头突破: 偏离-0.17%, MACD转负
2025-06-17 10:27:00 | INFO     | src.bot.trading_bot:_check_signals:202 | 检测到信号: SHORT 置信度: 0.85 原因: VWAP空头突破: 偏离-0.17%, MACD转负
2025-06-17 10:27:00 | INFO     | src.utils.notifications:send_message:63 | [GENERAL] 📡 交易信号
类型: SHORT
强度: MEDIUM
置信度: 0.85
价格: $599.12
原因: VWAP空头突破: 偏离-0.17%, MACD转负
2025-06-17 10:27:00 | INFO     | src.data.market_data:find_suitable_options:435 | 当前SPY价格: $599.34, 选择PUT期权行权价: $600
2025-06-17 10:27:00 | DEBUG    | src.data.market_data:_generate_option_symbol:470 | 生成期权代码: SPY250617P00600000 (行权价$600, 类型PUT)
2025-06-17 10:27:01 | INFO     | src.data.market_data:find_suitable_options:444 | 成功获取期权SPY250617P00600000的报价数据
2025-06-17 10:27:01 | ERROR    | src.trading.executor:find_best_option:192 | 查找最佳期权失败: 'contractSymbol'
2025-06-17 10:27:01 | WARNING  | src.bot.trading_bot:_check_signals:216 | 信号执行失败: SHORT
2025-06-17 10:27:01 | INFO     | src.trading.executor:update_account_info:125 | 账户更新: 总值$100396.42, 买入力$401585.68
2025-06-17 10:27:01 | DEBUG    | src.bot.trading_bot:_update_market_data:184 | 市场数据更新完成
2025-06-17 10:27:04 | INFO     | src.strategy.signals:generate_signals:468 | 生成信号: SHORT - VWAP空头突破: 偏离-0.17%, MACD转负
2025-06-17 10:27:04 | INFO     | src.bot.trading_bot:_check_signals:202 | 检测到信号: SHORT 置信度: 0.85 原因: VWAP空头突破: 偏离-0.17%, MACD转负
2025-06-17 10:27:04 | INFO     | src.utils.notifications:send_message:63 | [GENERAL] 📡 交易信号
类型: SHORT
强度: MEDIUM
置信度: 0.85
价格: $599.12
原因: VWAP空头突破: 偏离-0.17%, MACD转负
2025-06-17 10:27:04 | INFO     | src.data.market_data:find_suitable_options:435 | 当前SPY价格: $599.29, 选择PUT期权行权价: $600
2025-06-17 10:27:04 | DEBUG    | src.data.market_data:_generate_option_symbol:470 | 生成期权代码: SPY250617P00600000 (行权价$600, 类型PUT)
2025-06-17 10:27:04 | INFO     | src.data.market_data:find_suitable_options:444 | 成功获取期权SPY250617P00600000的报价数据
2025-06-17 10:27:04 | ERROR    | src.trading.executor:find_best_option:192 | 查找最佳期权失败: 'contractSymbol'
2025-06-17 10:27:04 | WARNING  | src.bot.trading_bot:_check_signals:216 | 信号执行失败: SHORT
2025-06-17 10:27:05 | INFO     | src.trading.executor:update_account_info:125 | 账户更新: 总值$100396.42, 买入力$401585.68
2025-06-17 10:27:05 | DEBUG    | src.bot.trading_bot:_update_market_data:184 | 市场数据更新完成
2025-06-17 10:27:07 | INFO     | src.strategy.signals:generate_signals:468 | 生成信号: SHORT - VWAP空头突破: 偏离-0.17%, MACD转负
2025-06-17 10:27:07 | INFO     | src.bot.trading_bot:_check_signals:202 | 检测到信号: SHORT 置信度: 0.85 原因: VWAP空头突破: 偏离-0.17%, MACD转负
2025-06-17 10:27:07 | INFO     | src.utils.notifications:send_message:63 | [GENERAL] 📡 交易信号
类型: SHORT
强度: MEDIUM
置信度: 0.85
价格: $599.12
原因: VWAP空头突破: 偏离-0.17%, MACD转负
2025-06-17 10:27:07 | INFO     | src.data.market_data:find_suitable_options:435 | 当前SPY价格: $599.25, 选择PUT期权行权价: $600
2025-06-17 10:27:07 | DEBUG    | src.data.market_data:_generate_option_symbol:470 | 生成期权代码: SPY250617P00600000 (行权价$600, 类型PUT)
2025-06-17 10:27:08 | INFO     | src.data.market_data:find_suitable_options:444 | 成功获取期权SPY250617P00600000的报价数据
2025-06-17 10:27:08 | ERROR    | src.trading.executor:find_best_option:192 | 查找最佳期权失败: 'contractSymbol'
2025-06-17 10:27:08 | WARNING  | src.bot.trading_bot:_check_signals:216 | 信号执行失败: SHORT
2025-06-17 10:27:08 | INFO     | src.trading.executor:update_account_info:125 | 账户更新: 总值$100396.42, 买入力$401585.68
2025-06-17 10:27:08 | DEBUG    | src.bot.trading_bot:_update_market_data:184 | 市场数据更新完成
2025-06-17 10:27:11 | INFO     | src.strategy.signals:generate_signals:468 | 生成信号: SHORT - VWAP空头突破: 偏离-0.17%, MACD转负
2025-06-17 10:27:11 | INFO     | src.bot.trading_bot:_check_signals:202 | 检测到信号: SHORT 置信度: 0.85 原因: VWAP空头突破: 偏离-0.17%, MACD转负
2025-06-17 10:27:11 | INFO     | src.utils.notifications:send_message:63 | [GENERAL] 📡 交易信号
类型: SHORT
强度: MEDIUM
置信度: 0.85
价格: $599.12
原因: VWAP空头突破: 偏离-0.17%, MACD转负
2025-06-17 10:27:11 | INFO     | src.data.market_data:find_suitable_options:435 | 当前SPY价格: $599.30, 选择PUT期权行权价: $600
2025-06-17 10:27:11 | DEBUG    | src.data.market_data:_generate_option_symbol:470 | 生成期权代码: SPY250617P00600000 (行权价$600, 类型PUT)
2025-06-17 10:27:11 | INFO     | src.data.market_data:find_suitable_options:444 | 成功获取期权SPY250617P00600000的报价数据
2025-06-17 10:27:11 | ERROR    | src.trading.executor:find_best_option:192 | 查找最佳期权失败: 'contractSymbol'
2025-06-17 10:27:11 | WARNING  | src.bot.trading_bot:_check_signals:216 | 信号执行失败: SHORT
2025-06-17 10:27:12 | INFO     | src.trading.executor:update_account_info:125 | 账户更新: 总值$100396.42, 买入力$401585.68
2025-06-17 10:27:12 | DEBUG    | src.bot.trading_bot:_update_market_data:184 | 市场数据更新完成
2025-06-17 10:27:15 | INFO     | src.strategy.signals:generate_signals:468 | 生成信号: SHORT - VWAP空头突破: 偏离-0.17%, MACD转负
2025-06-17 10:27:15 | INFO     | src.bot.trading_bot:_check_signals:202 | 检测到信号: SHORT 置信度: 0.85 原因: VWAP空头突破: 偏离-0.17%, MACD转负
2025-06-17 10:27:15 | INFO     | src.utils.notifications:send_message:63 | [GENERAL] 📡 交易信号
类型: SHORT
强度: MEDIUM
置信度: 0.85
价格: $599.12
原因: VWAP空头突破: 偏离-0.17%, MACD转负
2025-06-17 10:27:15 | INFO     | src.data.market_data:find_suitable_options:435 | 当前SPY价格: $599.28, 选择PUT期权行权价: $600
2025-06-17 10:27:15 | DEBUG    | src.data.market_data:_generate_option_symbol:470 | 生成期权代码: SPY250617P00600000 (行权价$600, 类型PUT)
2025-06-17 10:27:15 | INFO     | src.data.market_data:find_suitable_options:444 | 成功获取期权SPY250617P00600000的报价数据
2025-06-17 10:27:15 | ERROR    | src.trading.executor:find_best_option:192 | 查找最佳期权失败: 'contractSymbol'
2025-06-17 10:27:15 | WARNING  | src.bot.trading_bot:_check_signals:216 | 信号执行失败: SHORT
2025-06-17 10:27:15 | INFO     | src.trading.executor:update_account_info:125 | 账户更新: 总值$100396.42, 买入力$401585.68
2025-06-17 10:27:15 | DEBUG    | src.bot.trading_bot:_update_market_data:184 | 市场数据更新完成
2025-06-17 10:27:18 | INFO     | src.strategy.signals:generate_signals:468 | 生成信号: SHORT - VWAP空头突破: 偏离-0.17%, MACD转负
2025-06-17 10:27:18 | INFO     | src.bot.trading_bot:_check_signals:202 | 检测到信号: SHORT 置信度: 0.85 原因: VWAP空头突破: 偏离-0.17%, MACD转负
2025-06-17 10:27:18 | INFO     | src.utils.notifications:send_message:63 | [GENERAL] 📡 交易信号
类型: SHORT
强度: MEDIUM
置信度: 0.85
价格: $599.12
原因: VWAP空头突破: 偏离-0.17%, MACD转负
2025-06-17 10:27:18 | INFO     | src.data.market_data:find_suitable_options:435 | 当前SPY价格: $599.33, 选择PUT期权行权价: $600
2025-06-17 10:27:18 | DEBUG    | src.data.market_data:_generate_option_symbol:470 | 生成期权代码: SPY250617P00600000 (行权价$600, 类型PUT)
2025-06-17 10:27:18 | INFO     | src.data.market_data:find_suitable_options:444 | 成功获取期权SPY250617P00600000的报价数据
2025-06-17 10:27:18 | ERROR    | src.trading.executor:find_best_option:192 | 查找最佳期权失败: 'contractSymbol'
2025-06-17 10:27:18 | WARNING  | src.bot.trading_bot:_check_signals:216 | 信号执行失败: SHORT
2025-06-17 10:27:19 | INFO     | src.trading.executor:update_account_info:125 | 账户更新: 总值$100396.42, 买入力$401585.68
2025-06-17 10:27:19 | DEBUG    | src.bot.trading_bot:_update_market_data:184 | 市场数据更新完成
2025-06-17 10:27:19 | DEBUG    | src.bot.trading_bot:_update_positions_normal:259 | 📊 常规头寸更新完成
2025-06-17 10:27:21 | INFO     | src.strategy.signals:generate_signals:468 | 生成信号: SHORT - VWAP空头突破: 偏离-0.17%, MACD转负
2025-06-17 10:27:21 | INFO     | src.bot.trading_bot:_check_signals:202 | 检测到信号: SHORT 置信度: 0.85 原因: VWAP空头突破: 偏离-0.17%, MACD转负
2025-06-17 10:27:21 | INFO     | src.utils.notifications:send_message:63 | [GENERAL] 📡 交易信号
类型: SHORT
强度: MEDIUM
置信度: 0.85
价格: $599.12
原因: VWAP空头突破: 偏离-0.17%, MACD转负
2025-06-17 10:27:22 | INFO     | src.data.market_data:find_suitable_options:435 | 当前SPY价格: $599.32, 选择PUT期权行权价: $600
2025-06-17 10:27:22 | DEBUG    | src.data.market_data:_generate_option_symbol:470 | 生成期权代码: SPY250617P00600000 (行权价$600, 类型PUT)
2025-06-17 10:27:22 | INFO     | src.data.market_data:find_suitable_options:444 | 成功获取期权SPY250617P00600000的报价数据
2025-06-17 10:27:22 | ERROR    | src.trading.executor:find_best_option:192 | 查找最佳期权失败: 'contractSymbol'
2025-06-17 10:27:22 | WARNING  | src.bot.trading_bot:_check_signals:216 | 信号执行失败: SHORT
2025-06-17 10:27:22 | INFO     | src.trading.executor:update_account_info:125 | 账户更新: 总值$100396.42, 买入力$401585.68
2025-06-17 10:27:22 | DEBUG    | src.bot.trading_bot:_update_market_data:184 | 市场数据更新完成
2025-06-17 10:27:25 | INFO     | src.strategy.signals:generate_signals:468 | 生成信号: SHORT - VWAP空头突破: 偏离-0.17%, MACD转负
2025-06-17 10:27:25 | INFO     | src.bot.trading_bot:_check_signals:202 | 检测到信号: SHORT 置信度: 0.85 原因: VWAP空头突破: 偏离-0.17%, MACD转负
2025-06-17 10:27:25 | INFO     | src.utils.notifications:send_message:63 | [GENERAL] 📡 交易信号
类型: SHORT
强度: MEDIUM
置信度: 0.85
价格: $599.12
原因: VWAP空头突破: 偏离-0.17%, MACD转负
2025-06-17 10:27:25 | INFO     | src.data.market_data:find_suitable_options:435 | 当前SPY价格: $599.33, 选择PUT期权行权价: $600
2025-06-17 10:27:25 | DEBUG    | src.data.market_data:_generate_option_symbol:470 | 生成期权代码: SPY250617P00600000 (行权价$600, 类型PUT)
2025-06-17 10:27:25 | INFO     | src.data.market_data:find_suitable_options:444 | 成功获取期权SPY250617P00600000的报价数据
2025-06-17 10:27:25 | ERROR    | src.trading.executor:find_best_option:192 | 查找最佳期权失败: 'contractSymbol'
2025-06-17 10:27:25 | WARNING  | src.bot.trading_bot:_check_signals:216 | 信号执行失败: SHORT
2025-06-17 10:27:26 | INFO     | src.trading.executor:update_account_info:125 | 账户更新: 总值$100396.42, 买入力$401585.68
2025-06-17 10:27:26 | DEBUG    | src.bot.trading_bot:_update_market_data:184 | 市场数据更新完成
2025-06-17 10:27:28 | INFO     | src.strategy.signals:generate_signals:468 | 生成信号: SHORT - VWAP空头突破: 偏离-0.17%, MACD转负
2025-06-17 10:27:28 | INFO     | src.bot.trading_bot:_check_signals:202 | 检测到信号: SHORT 置信度: 0.85 原因: VWAP空头突破: 偏离-0.17%, MACD转负
2025-06-17 10:27:28 | INFO     | src.utils.notifications:send_message:63 | [GENERAL] 📡 交易信号
类型: SHORT
强度: MEDIUM
置信度: 0.85
价格: $599.12
原因: VWAP空头突破: 偏离-0.17%, MACD转负
2025-06-17 10:27:29 | INFO     | src.data.market_data:find_suitable_options:435 | 当前SPY价格: $599.36, 选择PUT期权行权价: $600
2025-06-17 10:27:29 | DEBUG    | src.data.market_data:_generate_option_symbol:470 | 生成期权代码: SPY250617P00600000 (行权价$600, 类型PUT)
2025-06-17 10:27:29 | INFO     | src.data.market_data:find_suitable_options:444 | 成功获取期权SPY250617P00600000的报价数据
2025-06-17 10:27:29 | ERROR    | src.trading.executor:find_best_option:192 | 查找最佳期权失败: 'contractSymbol'
2025-06-17 10:27:29 | WARNING  | src.bot.trading_bot:_check_signals:216 | 信号执行失败: SHORT
2025-06-17 10:27:29 | INFO     | src.trading.executor:update_account_info:125 | 账户更新: 总值$100396.42, 买入力$401585.68
2025-06-17 10:27:29 | DEBUG    | src.bot.trading_bot:_update_market_data:184 | 市场数据更新完成
2025-06-17 10:27:32 | INFO     | src.strategy.signals:generate_signals:468 | 生成信号: SHORT - VWAP空头突破: 偏离-0.17%, MACD转负
2025-06-17 10:27:32 | INFO     | src.bot.trading_bot:_check_signals:202 | 检测到信号: SHORT 置信度: 0.85 原因: VWAP空头突破: 偏离-0.17%, MACD转负
2025-06-17 10:27:32 | INFO     | src.utils.notifications:send_message:63 | [GENERAL] 📡 交易信号
类型: SHORT
强度: MEDIUM
置信度: 0.85
价格: $599.12
原因: VWAP空头突破: 偏离-0.17%, MACD转负
2025-06-17 10:27:32 | INFO     | src.data.market_data:find_suitable_options:435 | 当前SPY价格: $599.30, 选择PUT期权行权价: $600
2025-06-17 10:27:32 | DEBUG    | src.data.market_data:_generate_option_symbol:470 | 生成期权代码: SPY250617P00600000 (行权价$600, 类型PUT)
2025-06-17 10:27:32 | INFO     | src.data.market_data:find_suitable_options:444 | 成功获取期权SPY250617P00600000的报价数据
2025-06-17 10:27:32 | ERROR    | src.trading.executor:find_best_option:192 | 查找最佳期权失败: 'contractSymbol'
2025-06-17 10:27:32 | WARNING  | src.bot.trading_bot:_check_signals:216 | 信号执行失败: SHORT
2025-06-17 10:27:33 | INFO     | src.trading.executor:update_account_info:125 | 账户更新: 总值$100396.42, 买入力$401585.68
2025-06-17 10:27:33 | DEBUG    | src.bot.trading_bot:_update_market_data:184 | 市场数据更新完成
2025-06-17 10:27:35 | INFO     | src.strategy.signals:generate_signals:468 | 生成信号: SHORT - VWAP空头突破: 偏离-0.17%, MACD转负
2025-06-17 10:27:35 | INFO     | src.bot.trading_bot:_check_signals:202 | 检测到信号: SHORT 置信度: 0.85 原因: VWAP空头突破: 偏离-0.17%, MACD转负
2025-06-17 10:27:35 | INFO     | src.utils.notifications:send_message:63 | [GENERAL] 📡 交易信号
类型: SHORT
强度: MEDIUM
置信度: 0.85
价格: $599.12
原因: VWAP空头突破: 偏离-0.17%, MACD转负
2025-06-17 10:27:35 | INFO     | src.data.market_data:find_suitable_options:435 | 当前SPY价格: $599.28, 选择PUT期权行权价: $600
2025-06-17 10:27:35 | DEBUG    | src.data.market_data:_generate_option_symbol:470 | 生成期权代码: SPY250617P00600000 (行权价$600, 类型PUT)
2025-06-17 10:27:36 | INFO     | src.data.market_data:find_suitable_options:444 | 成功获取期权SPY250617P00600000的报价数据
2025-06-17 10:27:36 | ERROR    | src.trading.executor:find_best_option:192 | 查找最佳期权失败: 'contractSymbol'
2025-06-17 10:27:36 | WARNING  | src.bot.trading_bot:_check_signals:216 | 信号执行失败: SHORT
2025-06-17 10:27:36 | INFO     | src.trading.executor:update_account_info:125 | 账户更新: 总值$100396.42, 买入力$401585.68
2025-06-17 10:27:36 | DEBUG    | src.bot.trading_bot:_update_market_data:184 | 市场数据更新完成
2025-06-17 10:27:39 | INFO     | src.strategy.signals:generate_signals:468 | 生成信号: SHORT - VWAP空头突破: 偏离-0.17%, MACD转负
2025-06-17 10:27:39 | INFO     | src.bot.trading_bot:_check_signals:202 | 检测到信号: SHORT 置信度: 0.85 原因: VWAP空头突破: 偏离-0.17%, MACD转负
2025-06-17 10:27:39 | INFO     | src.utils.notifications:send_message:63 | [GENERAL] 📡 交易信号
类型: SHORT
强度: MEDIUM
置信度: 0.85
价格: $599.12
原因: VWAP空头突破: 偏离-0.17%, MACD转负
2025-06-17 10:27:39 | INFO     | src.data.market_data:find_suitable_options:435 | 当前SPY价格: $599.28, 选择PUT期权行权价: $600
2025-06-17 10:27:39 | DEBUG    | src.data.market_data:_generate_option_symbol:470 | 生成期权代码: SPY250617P00600000 (行权价$600, 类型PUT)
2025-06-17 10:27:39 | INFO     | src.data.market_data:find_suitable_options:444 | 成功获取期权SPY250617P00600000的报价数据
2025-06-17 10:27:39 | ERROR    | src.trading.executor:find_best_option:192 | 查找最佳期权失败: 'contractSymbol'
2025-06-17 10:27:39 | WARNING  | src.bot.trading_bot:_check_signals:216 | 信号执行失败: SHORT
2025-06-17 10:27:40 | INFO     | src.trading.executor:update_account_info:125 | 账户更新: 总值$100396.42, 买入力$401585.68
2025-06-17 10:27:40 | DEBUG    | src.bot.trading_bot:_update_market_data:184 | 市场数据更新完成
2025-06-17 10:27:43 | INFO     | src.strategy.signals:generate_signals:468 | 生成信号: SHORT - VWAP空头突破: 偏离-0.17%, MACD转负
2025-06-17 10:27:43 | INFO     | src.bot.trading_bot:_check_signals:202 | 检测到信号: SHORT 置信度: 0.85 原因: VWAP空头突破: 偏离-0.17%, MACD转负
2025-06-17 10:27:43 | INFO     | src.utils.notifications:send_message:63 | [GENERAL] 📡 交易信号
类型: SHORT
强度: MEDIUM
置信度: 0.85
价格: $599.12
原因: VWAP空头突破: 偏离-0.17%, MACD转负
2025-06-17 10:27:43 | INFO     | src.data.market_data:find_suitable_options:435 | 当前SPY价格: $599.28, 选择PUT期权行权价: $600
2025-06-17 10:27:43 | DEBUG    | src.data.market_data:_generate_option_symbol:470 | 生成期权代码: SPY250617P00600000 (行权价$600, 类型PUT)
2025-06-17 10:27:43 | INFO     | src.data.market_data:find_suitable_options:444 | 成功获取期权SPY250617P00600000的报价数据
2025-06-17 10:27:43 | ERROR    | src.trading.executor:find_best_option:192 | 查找最佳期权失败: 'contractSymbol'
2025-06-17 10:27:43 | WARNING  | src.bot.trading_bot:_check_signals:216 | 信号执行失败: SHORT
2025-06-17 10:27:44 | INFO     | src.trading.executor:update_account_info:125 | 账户更新: 总值$100396.42, 买入力$401585.68
2025-06-17 10:27:44 | DEBUG    | src.bot.trading_bot:_update_market_data:184 | 市场数据更新完成
2025-06-17 10:27:47 | INFO     | src.strategy.signals:generate_signals:468 | 生成信号: SHORT - VWAP空头突破: 偏离-0.17%, MACD转负
2025-06-17 10:27:47 | INFO     | src.bot.trading_bot:_check_signals:202 | 检测到信号: SHORT 置信度: 0.85 原因: VWAP空头突破: 偏离-0.17%, MACD转负
2025-06-17 10:27:47 | INFO     | src.utils.notifications:send_message:63 | [GENERAL] 📡 交易信号
类型: SHORT
强度: MEDIUM
置信度: 0.85
价格: $599.12
原因: VWAP空头突破: 偏离-0.17%, MACD转负
2025-06-17 10:27:47 | INFO     | src.data.market_data:find_suitable_options:435 | 当前SPY价格: $599.31, 选择PUT期权行权价: $600
2025-06-17 10:27:47 | DEBUG    | src.data.market_data:_generate_option_symbol:470 | 生成期权代码: SPY250617P00600000 (行权价$600, 类型PUT)
2025-06-17 10:27:47 | INFO     | src.data.market_data:find_suitable_options:444 | 成功获取期权SPY250617P00600000的报价数据
2025-06-17 10:27:47 | ERROR    | src.trading.executor:find_best_option:192 | 查找最佳期权失败: 'contractSymbol'
2025-06-17 10:27:47 | WARNING  | src.bot.trading_bot:_check_signals:216 | 信号执行失败: SHORT
2025-06-17 10:27:48 | INFO     | src.trading.executor:update_account_info:125 | 账户更新: 总值$100396.42, 买入力$401585.68
2025-06-17 10:27:48 | DEBUG    | src.bot.trading_bot:_update_market_data:184 | 市场数据更新完成
2025-06-17 10:27:50 | INFO     | src.strategy.signals:generate_signals:468 | 生成信号: SHORT - VWAP空头突破: 偏离-0.17%, MACD转负
2025-06-17 10:27:50 | INFO     | src.bot.trading_bot:_check_signals:202 | 检测到信号: SHORT 置信度: 0.85 原因: VWAP空头突破: 偏离-0.17%, MACD转负
2025-06-17 10:27:50 | INFO     | src.utils.notifications:send_message:63 | [GENERAL] 📡 交易信号
类型: SHORT
强度: MEDIUM
置信度: 0.85
价格: $599.12
原因: VWAP空头突破: 偏离-0.17%, MACD转负
2025-06-17 10:27:51 | INFO     | src.data.market_data:find_suitable_options:435 | 当前SPY价格: $599.31, 选择PUT期权行权价: $600
2025-06-17 10:27:51 | DEBUG    | src.data.market_data:_generate_option_symbol:470 | 生成期权代码: SPY250617P00600000 (行权价$600, 类型PUT)
2025-06-17 10:27:51 | INFO     | src.data.market_data:find_suitable_options:444 | 成功获取期权SPY250617P00600000的报价数据
2025-06-17 10:27:51 | ERROR    | src.trading.executor:find_best_option:192 | 查找最佳期权失败: 'contractSymbol'
2025-06-17 10:27:51 | WARNING  | src.bot.trading_bot:_check_signals:216 | 信号执行失败: SHORT
2025-06-17 10:27:51 | INFO     | src.trading.executor:update_account_info:125 | 账户更新: 总值$100396.42, 买入力$401585.68
2025-06-17 10:27:51 | DEBUG    | src.bot.trading_bot:_update_market_data:184 | 市场数据更新完成
2025-06-17 10:27:54 | INFO     | src.strategy.signals:generate_signals:468 | 生成信号: SHORT - VWAP空头突破: 偏离-0.17%, MACD转负
2025-06-17 10:27:54 | INFO     | src.bot.trading_bot:_check_signals:202 | 检测到信号: SHORT 置信度: 0.85 原因: VWAP空头突破: 偏离-0.17%, MACD转负
2025-06-17 10:27:54 | INFO     | src.utils.notifications:send_message:63 | [GENERAL] 📡 交易信号
类型: SHORT
强度: MEDIUM
置信度: 0.85
价格: $599.12
原因: VWAP空头突破: 偏离-0.17%, MACD转负
2025-06-17 10:27:54 | INFO     | src.data.market_data:find_suitable_options:435 | 当前SPY价格: $599.31, 选择PUT期权行权价: $600
2025-06-17 10:27:54 | DEBUG    | src.data.market_data:_generate_option_symbol:470 | 生成期权代码: SPY250617P00600000 (行权价$600, 类型PUT)
2025-06-17 10:27:54 | INFO     | src.data.market_data:find_suitable_options:444 | 成功获取期权SPY250617P00600000的报价数据
2025-06-17 10:27:54 | ERROR    | src.trading.executor:find_best_option:192 | 查找最佳期权失败: 'contractSymbol'
2025-06-17 10:27:54 | WARNING  | src.bot.trading_bot:_check_signals:216 | 信号执行失败: SHORT
2025-06-17 10:27:55 | INFO     | src.trading.executor:update_account_info:125 | 账户更新: 总值$100396.42, 买入力$401585.68
2025-06-17 10:27:55 | DEBUG    | src.bot.trading_bot:_update_market_data:184 | 市场数据更新完成
2025-06-17 10:27:57 | INFO     | src.strategy.signals:generate_signals:468 | 生成信号: SHORT - VWAP空头突破: 偏离-0.17%, MACD转负
2025-06-17 10:27:57 | INFO     | src.bot.trading_bot:_check_signals:202 | 检测到信号: SHORT 置信度: 0.85 原因: VWAP空头突破: 偏离-0.17%, MACD转负
2025-06-17 10:27:57 | INFO     | src.utils.notifications:send_message:63 | [GENERAL] 📡 交易信号
类型: SHORT
强度: MEDIUM
置信度: 0.85
价格: $599.12
原因: VWAP空头突破: 偏离-0.17%, MACD转负
2025-06-17 10:27:58 | INFO     | src.data.market_data:find_suitable_options:435 | 当前SPY价格: $599.31, 选择PUT期权行权价: $600
2025-06-17 10:27:58 | DEBUG    | src.data.market_data:_generate_option_symbol:470 | 生成期权代码: SPY250617P00600000 (行权价$600, 类型PUT)
2025-06-17 10:27:58 | INFO     | src.data.market_data:find_suitable_options:444 | 成功获取期权SPY250617P00600000的报价数据
2025-06-17 10:27:58 | ERROR    | src.trading.executor:find_best_option:192 | 查找最佳期权失败: 'contractSymbol'
2025-06-17 10:27:58 | WARNING  | src.bot.trading_bot:_check_signals:216 | 信号执行失败: SHORT
2025-06-17 10:27:58 | INFO     | src.trading.executor:update_account_info:125 | 账户更新: 总值$100396.42, 买入力$401585.68
2025-06-17 10:27:58 | DEBUG    | src.bot.trading_bot:_update_market_data:184 | 市场数据更新完成
2025-06-17 10:28:01 | INFO     | src.strategy.signals:generate_signals:468 | 生成信号: SHORT - VWAP空头突破: 偏离-0.17%, MACD转负
2025-06-17 10:28:01 | INFO     | src.bot.trading_bot:_check_signals:202 | 检测到信号: SHORT 置信度: 0.85 原因: VWAP空头突破: 偏离-0.17%, MACD转负
2025-06-17 10:28:01 | INFO     | src.utils.notifications:send_message:63 | [GENERAL] 📡 交易信号
类型: SHORT
强度: MEDIUM
置信度: 0.85
价格: $599.12
原因: VWAP空头突破: 偏离-0.17%, MACD转负
2025-06-17 10:28:01 | INFO     | src.data.market_data:find_suitable_options:435 | 当前SPY价格: $599.28, 选择PUT期权行权价: $600
2025-06-17 10:28:01 | DEBUG    | src.data.market_data:_generate_option_symbol:470 | 生成期权代码: SPY250617P00600000 (行权价$600, 类型PUT)
2025-06-17 10:28:01 | INFO     | src.data.market_data:find_suitable_options:444 | 成功获取期权SPY250617P00600000的报价数据
2025-06-17 10:28:01 | ERROR    | src.trading.executor:find_best_option:192 | 查找最佳期权失败: 'contractSymbol'
2025-06-17 10:28:01 | WARNING  | src.bot.trading_bot:_check_signals:216 | 信号执行失败: SHORT
2025-06-17 10:28:02 | INFO     | src.trading.executor:update_account_info:125 | 账户更新: 总值$100396.42, 买入力$401585.68
2025-06-17 10:28:02 | DEBUG    | src.bot.trading_bot:_update_market_data:184 | 市场数据更新完成
2025-06-17 10:28:04 | INFO     | src.strategy.signals:generate_signals:468 | 生成信号: SHORT - VWAP空头突破: 偏离-0.17%, MACD转负
2025-06-17 10:28:04 | INFO     | src.bot.trading_bot:_check_signals:202 | 检测到信号: SHORT 置信度: 0.85 原因: VWAP空头突破: 偏离-0.17%, MACD转负
2025-06-17 10:28:04 | INFO     | src.utils.notifications:send_message:63 | [GENERAL] 📡 交易信号
类型: SHORT
强度: MEDIUM
置信度: 0.85
价格: $599.12
原因: VWAP空头突破: 偏离-0.17%, MACD转负
2025-06-17 10:28:04 | INFO     | src.data.market_data:find_suitable_options:435 | 当前SPY价格: $599.28, 选择PUT期权行权价: $600
2025-06-17 10:28:04 | DEBUG    | src.data.market_data:_generate_option_symbol:470 | 生成期权代码: SPY250617P00600000 (行权价$600, 类型PUT)
2025-06-17 10:28:05 | INFO     | src.data.market_data:find_suitable_options:444 | 成功获取期权SPY250617P00600000的报价数据
2025-06-17 10:28:05 | ERROR    | src.trading.executor:find_best_option:192 | 查找最佳期权失败: 'contractSymbol'
2025-06-17 10:28:05 | WARNING  | src.bot.trading_bot:_check_signals:216 | 信号执行失败: SHORT
2025-06-17 10:28:05 | INFO     | src.trading.executor:update_account_info:125 | 账户更新: 总值$100396.42, 买入力$401585.68
2025-06-17 10:28:05 | DEBUG    | src.bot.trading_bot:_update_market_data:184 | 市场数据更新完成
2025-06-17 10:28:08 | INFO     | src.strategy.signals:generate_signals:468 | 生成信号: SHORT - VWAP空头突破: 偏离-0.17%, MACD转负
2025-06-17 10:28:08 | INFO     | src.bot.trading_bot:_check_signals:202 | 检测到信号: SHORT 置信度: 0.85 原因: VWAP空头突破: 偏离-0.17%, MACD转负
2025-06-17 10:28:08 | INFO     | src.utils.notifications:send_message:63 | [GENERAL] 📡 交易信号
类型: SHORT
强度: MEDIUM
置信度: 0.85
价格: $599.12
原因: VWAP空头突破: 偏离-0.17%, MACD转负
2025-06-17 10:28:08 | INFO     | src.data.market_data:find_suitable_options:435 | 当前SPY价格: $599.28, 选择PUT期权行权价: $600
2025-06-17 10:28:08 | DEBUG    | src.data.market_data:_generate_option_symbol:470 | 生成期权代码: SPY250617P00600000 (行权价$600, 类型PUT)
2025-06-17 10:28:08 | INFO     | src.data.market_data:find_suitable_options:444 | 成功获取期权SPY250617P00600000的报价数据
2025-06-17 10:28:08 | ERROR    | src.trading.executor:find_best_option:192 | 查找最佳期权失败: 'contractSymbol'
2025-06-17 10:28:08 | WARNING  | src.bot.trading_bot:_check_signals:216 | 信号执行失败: SHORT
2025-06-17 10:28:09 | INFO     | src.trading.executor:update_account_info:125 | 账户更新: 总值$100396.42, 买入力$401585.68
2025-06-17 10:28:09 | DEBUG    | src.bot.trading_bot:_update_market_data:184 | 市场数据更新完成
2025-06-17 10:28:11 | INFO     | src.strategy.signals:generate_signals:468 | 生成信号: SHORT - VWAP空头突破: 偏离-0.17%, MACD转负
2025-06-17 10:28:11 | INFO     | src.bot.trading_bot:_check_signals:202 | 检测到信号: SHORT 置信度: 0.85 原因: VWAP空头突破: 偏离-0.17%, MACD转负
2025-06-17 10:28:11 | INFO     | src.utils.notifications:send_message:63 | [GENERAL] 📡 交易信号
类型: SHORT
强度: MEDIUM
置信度: 0.85
价格: $599.12
原因: VWAP空头突破: 偏离-0.17%, MACD转负
2025-06-17 10:28:11 | INFO     | src.data.market_data:find_suitable_options:435 | 当前SPY价格: $599.28, 选择PUT期权行权价: $600
2025-06-17 10:28:11 | DEBUG    | src.data.market_data:_generate_option_symbol:470 | 生成期权代码: SPY250617P00600000 (行权价$600, 类型PUT)
2025-06-17 10:28:12 | INFO     | src.data.market_data:find_suitable_options:444 | 成功获取期权SPY250617P00600000的报价数据
2025-06-17 10:28:12 | ERROR    | src.trading.executor:find_best_option:192 | 查找最佳期权失败: 'contractSymbol'
2025-06-17 10:28:12 | WARNING  | src.bot.trading_bot:_check_signals:216 | 信号执行失败: SHORT
2025-06-17 10:28:12 | INFO     | src.trading.executor:update_account_info:125 | 账户更新: 总值$100396.42, 买入力$401585.68
2025-06-17 10:28:12 | DEBUG    | src.bot.trading_bot:_update_market_data:184 | 市场数据更新完成
2025-06-17 10:28:15 | INFO     | src.strategy.signals:generate_signals:468 | 生成信号: SHORT - VWAP空头突破: 偏离-0.17%, MACD转负
2025-06-17 10:28:15 | INFO     | src.bot.trading_bot:_check_signals:202 | 检测到信号: SHORT 置信度: 0.85 原因: VWAP空头突破: 偏离-0.17%, MACD转负
2025-06-17 10:28:15 | INFO     | src.utils.notifications:send_message:63 | [GENERAL] 📡 交易信号
类型: SHORT
强度: MEDIUM
置信度: 0.85
价格: $599.12
原因: VWAP空头突破: 偏离-0.17%, MACD转负
2025-06-17 10:28:15 | INFO     | src.data.market_data:find_suitable_options:435 | 当前SPY价格: $599.28, 选择PUT期权行权价: $600
2025-06-17 10:28:15 | DEBUG    | src.data.market_data:_generate_option_symbol:470 | 生成期权代码: SPY250617P00600000 (行权价$600, 类型PUT)
2025-06-17 10:28:15 | INFO     | src.data.market_data:find_suitable_options:444 | 成功获取期权SPY250617P00600000的报价数据
2025-06-17 10:28:15 | ERROR    | src.trading.executor:find_best_option:192 | 查找最佳期权失败: 'contractSymbol'
2025-06-17 10:28:15 | WARNING  | src.bot.trading_bot:_check_signals:216 | 信号执行失败: SHORT
2025-06-17 10:28:16 | INFO     | src.trading.executor:update_account_info:125 | 账户更新: 总值$100396.42, 买入力$401585.68
2025-06-17 10:28:16 | DEBUG    | src.bot.trading_bot:_update_market_data:184 | 市场数据更新完成
2025-06-17 10:28:19 | INFO     | src.strategy.signals:generate_signals:468 | 生成信号: SHORT - VWAP空头突破: 偏离-0.17%, MACD转负
2025-06-17 10:28:19 | INFO     | src.bot.trading_bot:_check_signals:202 | 检测到信号: SHORT 置信度: 0.85 原因: VWAP空头突破: 偏离-0.17%, MACD转负
2025-06-17 10:28:19 | INFO     | src.utils.notifications:send_message:63 | [GENERAL] 📡 交易信号
类型: SHORT
强度: MEDIUM
置信度: 0.85
价格: $599.12
原因: VWAP空头突破: 偏离-0.17%, MACD转负
2025-06-17 10:28:19 | INFO     | src.data.market_data:find_suitable_options:435 | 当前SPY价格: $599.28, 选择PUT期权行权价: $600
2025-06-17 10:28:19 | DEBUG    | src.data.market_data:_generate_option_symbol:470 | 生成期权代码: SPY250617P00600000 (行权价$600, 类型PUT)
2025-06-17 10:28:19 | INFO     | src.data.market_data:find_suitable_options:444 | 成功获取期权SPY250617P00600000的报价数据
2025-06-17 10:28:19 | ERROR    | src.trading.executor:find_best_option:192 | 查找最佳期权失败: 'contractSymbol'
2025-06-17 10:28:19 | WARNING  | src.bot.trading_bot:_check_signals:216 | 信号执行失败: SHORT
2025-06-17 10:28:19 | DEBUG    | src.bot.trading_bot:_update_positions_normal:259 | 📊 常规头寸更新完成
2025-06-17 10:28:19 | INFO     | src.trading.executor:update_account_info:125 | 账户更新: 总值$100396.42, 买入力$401585.68
2025-06-17 10:28:19 | DEBUG    | src.bot.trading_bot:_update_market_data:184 | 市场数据更新完成
2025-06-17 10:28:22 | INFO     | src.strategy.signals:generate_signals:468 | 生成信号: SHORT - VWAP空头突破: 偏离-0.17%, MACD转负
2025-06-17 10:28:22 | INFO     | src.bot.trading_bot:_check_signals:202 | 检测到信号: SHORT 置信度: 0.85 原因: VWAP空头突破: 偏离-0.17%, MACD转负
2025-06-17 10:28:22 | INFO     | src.utils.notifications:send_message:63 | [GENERAL] 📡 交易信号
类型: SHORT
强度: MEDIUM
置信度: 0.85
价格: $599.12
原因: VWAP空头突破: 偏离-0.17%, MACD转负
2025-06-17 10:28:22 | INFO     | src.data.market_data:find_suitable_options:435 | 当前SPY价格: $599.24, 选择PUT期权行权价: $600
2025-06-17 10:28:22 | DEBUG    | src.data.market_data:_generate_option_symbol:470 | 生成期权代码: SPY250617P00600000 (行权价$600, 类型PUT)
2025-06-17 10:28:22 | INFO     | src.data.market_data:find_suitable_options:444 | 成功获取期权SPY250617P00600000的报价数据
2025-06-17 10:28:22 | ERROR    | src.trading.executor:find_best_option:192 | 查找最佳期权失败: 'contractSymbol'
2025-06-17 10:28:22 | WARNING  | src.bot.trading_bot:_check_signals:216 | 信号执行失败: SHORT
2025-06-17 10:28:23 | INFO     | src.trading.executor:update_account_info:125 | 账户更新: 总值$100396.42, 买入力$401585.68
2025-06-17 10:28:23 | DEBUG    | src.bot.trading_bot:_update_market_data:184 | 市场数据更新完成
2025-06-17 10:28:26 | INFO     | src.strategy.signals:generate_signals:468 | 生成信号: SHORT - VWAP空头突破: 偏离-0.17%, MACD转负
2025-06-17 10:28:26 | INFO     | src.bot.trading_bot:_check_signals:202 | 检测到信号: SHORT 置信度: 0.85 原因: VWAP空头突破: 偏离-0.17%, MACD转负
2025-06-17 10:28:26 | INFO     | src.utils.notifications:send_message:63 | [GENERAL] 📡 交易信号
类型: SHORT
强度: MEDIUM
置信度: 0.85
价格: $599.12
原因: VWAP空头突破: 偏离-0.17%, MACD转负
2025-06-17 10:28:26 | INFO     | src.data.market_data:find_suitable_options:435 | 当前SPY价格: $599.24, 选择PUT期权行权价: $600
2025-06-17 10:28:26 | DEBUG    | src.data.market_data:_generate_option_symbol:470 | 生成期权代码: SPY250617P00600000 (行权价$600, 类型PUT)
2025-06-17 10:28:26 | INFO     | src.data.market_data:find_suitable_options:444 | 成功获取期权SPY250617P00600000的报价数据
2025-06-17 10:28:26 | ERROR    | src.trading.executor:find_best_option:192 | 查找最佳期权失败: 'contractSymbol'
2025-06-17 10:28:26 | WARNING  | src.bot.trading_bot:_check_signals:216 | 信号执行失败: SHORT
2025-06-17 10:28:26 | INFO     | src.trading.executor:update_account_info:125 | 账户更新: 总值$100396.42, 买入力$401585.68
2025-06-17 10:28:26 | DEBUG    | src.bot.trading_bot:_update_market_data:184 | 市场数据更新完成
2025-06-17 10:28:29 | INFO     | src.strategy.signals:generate_signals:468 | 生成信号: SHORT - VWAP空头突破: 偏离-0.17%, MACD转负
2025-06-17 10:28:29 | INFO     | src.bot.trading_bot:_check_signals:202 | 检测到信号: SHORT 置信度: 0.85 原因: VWAP空头突破: 偏离-0.17%, MACD转负
2025-06-17 10:28:29 | INFO     | src.utils.notifications:send_message:63 | [GENERAL] 📡 交易信号
类型: SHORT
强度: MEDIUM
置信度: 0.85
价格: $599.12
原因: VWAP空头突破: 偏离-0.17%, MACD转负
2025-06-17 10:28:29 | INFO     | src.data.market_data:find_suitable_options:435 | 当前SPY价格: $599.24, 选择PUT期权行权价: $600
2025-06-17 10:28:29 | DEBUG    | src.data.market_data:_generate_option_symbol:470 | 生成期权代码: SPY250617P00600000 (行权价$600, 类型PUT)
2025-06-17 10:28:29 | INFO     | src.data.market_data:find_suitable_options:444 | 成功获取期权SPY250617P00600000的报价数据
2025-06-17 10:28:29 | ERROR    | src.trading.executor:find_best_option:192 | 查找最佳期权失败: 'contractSymbol'
2025-06-17 10:28:29 | WARNING  | src.bot.trading_bot:_check_signals:216 | 信号执行失败: SHORT
2025-06-17 10:28:30 | INFO     | src.trading.executor:update_account_info:125 | 账户更新: 总值$100396.42, 买入力$401585.68
2025-06-17 10:28:30 | DEBUG    | src.bot.trading_bot:_update_market_data:184 | 市场数据更新完成
2025-06-17 10:28:32 | INFO     | src.strategy.signals:generate_signals:468 | 生成信号: SHORT - VWAP空头突破: 偏离-0.17%, MACD转负
2025-06-17 10:28:33 | INFO     | src.bot.trading_bot:_check_signals:202 | 检测到信号: SHORT 置信度: 0.85 原因: VWAP空头突破: 偏离-0.17%, MACD转负
2025-06-17 10:28:33 | INFO     | src.utils.notifications:send_message:63 | [GENERAL] 📡 交易信号
类型: SHORT
强度: MEDIUM
置信度: 0.85
价格: $599.12
原因: VWAP空头突破: 偏离-0.17%, MACD转负
2025-06-17 10:28:33 | INFO     | src.data.market_data:find_suitable_options:435 | 当前SPY价格: $599.24, 选择PUT期权行权价: $600
2025-06-17 10:28:33 | DEBUG    | src.data.market_data:_generate_option_symbol:470 | 生成期权代码: SPY250617P00600000 (行权价$600, 类型PUT)
2025-06-17 10:28:33 | INFO     | src.data.market_data:find_suitable_options:444 | 成功获取期权SPY250617P00600000的报价数据
2025-06-17 10:28:33 | ERROR    | src.trading.executor:find_best_option:192 | 查找最佳期权失败: 'contractSymbol'
2025-06-17 10:28:33 | WARNING  | src.bot.trading_bot:_check_signals:216 | 信号执行失败: SHORT
2025-06-17 10:28:33 | INFO     | src.trading.executor:update_account_info:125 | 账户更新: 总值$100396.42, 买入力$401585.68
2025-06-17 10:28:33 | DEBUG    | src.bot.trading_bot:_update_market_data:184 | 市场数据更新完成
2025-06-17 10:28:36 | INFO     | src.strategy.signals:generate_signals:468 | 生成信号: SHORT - VWAP空头突破: 偏离-0.17%, MACD转负
2025-06-17 10:28:36 | INFO     | src.bot.trading_bot:_check_signals:202 | 检测到信号: SHORT 置信度: 0.85 原因: VWAP空头突破: 偏离-0.17%, MACD转负
2025-06-17 10:28:36 | INFO     | src.utils.notifications:send_message:63 | [GENERAL] 📡 交易信号
类型: SHORT
强度: MEDIUM
置信度: 0.85
价格: $599.12
原因: VWAP空头突破: 偏离-0.17%, MACD转负
2025-06-17 10:28:36 | INFO     | src.data.market_data:find_suitable_options:435 | 当前SPY价格: $599.08, 选择PUT期权行权价: $600
2025-06-17 10:28:36 | DEBUG    | src.data.market_data:_generate_option_symbol:470 | 生成期权代码: SPY250617P00600000 (行权价$600, 类型PUT)
2025-06-17 10:28:36 | INFO     | src.data.market_data:find_suitable_options:444 | 成功获取期权SPY250617P00600000的报价数据
2025-06-17 10:28:36 | ERROR    | src.trading.executor:find_best_option:192 | 查找最佳期权失败: 'contractSymbol'
2025-06-17 10:28:36 | WARNING  | src.bot.trading_bot:_check_signals:216 | 信号执行失败: SHORT
2025-06-17 10:28:37 | INFO     | src.trading.executor:update_account_info:125 | 账户更新: 总值$100396.42, 买入力$401585.68
2025-06-17 10:28:37 | DEBUG    | src.bot.trading_bot:_update_market_data:184 | 市场数据更新完成
2025-06-17 10:28:40 | INFO     | src.strategy.signals:generate_signals:468 | 生成信号: SHORT - VWAP空头突破: 偏离-0.17%, MACD转负
2025-06-17 10:28:40 | INFO     | src.bot.trading_bot:_check_signals:202 | 检测到信号: SHORT 置信度: 0.85 原因: VWAP空头突破: 偏离-0.17%, MACD转负
2025-06-17 10:28:40 | INFO     | src.utils.notifications:send_message:63 | [GENERAL] 📡 交易信号
类型: SHORT
强度: MEDIUM
置信度: 0.85
价格: $599.12
原因: VWAP空头突破: 偏离-0.17%, MACD转负
2025-06-17 10:28:40 | INFO     | src.data.market_data:find_suitable_options:435 | 当前SPY价格: $599.11, 选择PUT期权行权价: $600
2025-06-17 10:28:40 | DEBUG    | src.data.market_data:_generate_option_symbol:470 | 生成期权代码: SPY250617P00600000 (行权价$600, 类型PUT)
2025-06-17 10:28:40 | INFO     | src.data.market_data:find_suitable_options:444 | 成功获取期权SPY250617P00600000的报价数据
2025-06-17 10:28:40 | ERROR    | src.trading.executor:find_best_option:192 | 查找最佳期权失败: 'contractSymbol'
2025-06-17 10:28:40 | WARNING  | src.bot.trading_bot:_check_signals:216 | 信号执行失败: SHORT
2025-06-17 10:28:41 | INFO     | src.trading.executor:update_account_info:125 | 账户更新: 总值$100396.42, 买入力$401585.68
2025-06-17 10:28:41 | DEBUG    | src.bot.trading_bot:_update_market_data:184 | 市场数据更新完成
2025-06-17 10:28:43 | INFO     | src.strategy.signals:generate_signals:468 | 生成信号: SHORT - VWAP空头突破: 偏离-0.17%, MACD转负
2025-06-17 10:28:43 | INFO     | src.bot.trading_bot:_check_signals:202 | 检测到信号: SHORT 置信度: 0.85 原因: VWAP空头突破: 偏离-0.17%, MACD转负
2025-06-17 10:28:43 | INFO     | src.utils.notifications:send_message:63 | [GENERAL] 📡 交易信号
类型: SHORT
强度: MEDIUM
置信度: 0.85
价格: $599.12
原因: VWAP空头突破: 偏离-0.17%, MACD转负
2025-06-17 10:28:43 | INFO     | src.data.market_data:find_suitable_options:435 | 当前SPY价格: $599.10, 选择PUT期权行权价: $600
2025-06-17 10:28:43 | DEBUG    | src.data.market_data:_generate_option_symbol:470 | 生成期权代码: SPY250617P00600000 (行权价$600, 类型PUT)
2025-06-17 10:28:43 | INFO     | src.data.market_data:find_suitable_options:444 | 成功获取期权SPY250617P00600000的报价数据
2025-06-17 10:28:43 | ERROR    | src.trading.executor:find_best_option:192 | 查找最佳期权失败: 'contractSymbol'
2025-06-17 10:28:43 | WARNING  | src.bot.trading_bot:_check_signals:216 | 信号执行失败: SHORT
2025-06-17 10:28:44 | INFO     | src.trading.executor:update_account_info:125 | 账户更新: 总值$100396.42, 买入力$401585.68
2025-06-17 10:28:44 | DEBUG    | src.bot.trading_bot:_update_market_data:184 | 市场数据更新完成
2025-06-17 10:28:47 | INFO     | src.strategy.signals:generate_signals:468 | 生成信号: SHORT - VWAP空头突破: 偏离-0.17%, MACD转负
2025-06-17 10:28:47 | INFO     | src.bot.trading_bot:_check_signals:202 | 检测到信号: SHORT 置信度: 0.85 原因: VWAP空头突破: 偏离-0.17%, MACD转负
2025-06-17 10:28:47 | INFO     | src.utils.notifications:send_message:63 | [GENERAL] 📡 交易信号
类型: SHORT
强度: MEDIUM
置信度: 0.85
价格: $599.12
原因: VWAP空头突破: 偏离-0.17%, MACD转负
2025-06-17 10:28:47 | INFO     | src.data.market_data:find_suitable_options:435 | 当前SPY价格: $599.10, 选择PUT期权行权价: $600
2025-06-17 10:28:47 | DEBUG    | src.data.market_data:_generate_option_symbol:470 | 生成期权代码: SPY250617P00600000 (行权价$600, 类型PUT)
2025-06-17 10:28:47 | INFO     | src.data.market_data:find_suitable_options:444 | 成功获取期权SPY250617P00600000的报价数据
2025-06-17 10:28:47 | ERROR    | src.trading.executor:find_best_option:192 | 查找最佳期权失败: 'contractSymbol'
2025-06-17 10:28:47 | WARNING  | src.bot.trading_bot:_check_signals:216 | 信号执行失败: SHORT
2025-06-17 10:28:48 | INFO     | src.trading.executor:update_account_info:125 | 账户更新: 总值$100396.42, 买入力$401585.68
2025-06-17 10:28:48 | DEBUG    | src.bot.trading_bot:_update_market_data:184 | 市场数据更新完成
2025-06-17 10:28:50 | INFO     | src.strategy.signals:generate_signals:468 | 生成信号: SHORT - VWAP空头突破: 偏离-0.17%, MACD转负
2025-06-17 10:28:50 | INFO     | src.bot.trading_bot:_check_signals:202 | 检测到信号: SHORT 置信度: 0.85 原因: VWAP空头突破: 偏离-0.17%, MACD转负
2025-06-17 10:28:50 | INFO     | src.utils.notifications:send_message:63 | [GENERAL] 📡 交易信号
类型: SHORT
强度: MEDIUM
置信度: 0.85
价格: $599.12
原因: VWAP空头突破: 偏离-0.17%, MACD转负
2025-06-17 10:28:50 | INFO     | src.data.market_data:find_suitable_options:435 | 当前SPY价格: $599.07, 选择PUT期权行权价: $600
2025-06-17 10:28:50 | DEBUG    | src.data.market_data:_generate_option_symbol:470 | 生成期权代码: SPY250617P00600000 (行权价$600, 类型PUT)
2025-06-17 10:28:51 | INFO     | src.data.market_data:find_suitable_options:444 | 成功获取期权SPY250617P00600000的报价数据
2025-06-17 10:28:51 | ERROR    | src.trading.executor:find_best_option:192 | 查找最佳期权失败: 'contractSymbol'
2025-06-17 10:28:51 | WARNING  | src.bot.trading_bot:_check_signals:216 | 信号执行失败: SHORT
2025-06-17 10:28:51 | INFO     | src.trading.executor:update_account_info:125 | 账户更新: 总值$100396.42, 买入力$401585.68
2025-06-17 10:28:51 | DEBUG    | src.bot.trading_bot:_update_market_data:184 | 市场数据更新完成
2025-06-17 10:28:54 | INFO     | src.strategy.signals:generate_signals:468 | 生成信号: SHORT - VWAP空头突破: 偏离-0.17%, MACD转负
2025-06-17 10:28:54 | INFO     | src.bot.trading_bot:_check_signals:202 | 检测到信号: SHORT 置信度: 0.85 原因: VWAP空头突破: 偏离-0.17%, MACD转负
2025-06-17 10:28:54 | INFO     | src.utils.notifications:send_message:63 | [GENERAL] 📡 交易信号
类型: SHORT
强度: MEDIUM
置信度: 0.85
价格: $599.12
原因: VWAP空头突破: 偏离-0.17%, MACD转负
2025-06-17 10:28:54 | INFO     | src.data.market_data:find_suitable_options:435 | 当前SPY价格: $599.06, 选择PUT期权行权价: $600
2025-06-17 10:28:54 | DEBUG    | src.data.market_data:_generate_option_symbol:470 | 生成期权代码: SPY250617P00600000 (行权价$600, 类型PUT)
2025-06-17 10:28:54 | INFO     | src.data.market_data:find_suitable_options:444 | 成功获取期权SPY250617P00600000的报价数据
2025-06-17 10:28:54 | ERROR    | src.trading.executor:find_best_option:192 | 查找最佳期权失败: 'contractSymbol'
2025-06-17 10:28:54 | WARNING  | src.bot.trading_bot:_check_signals:216 | 信号执行失败: SHORT
2025-06-17 10:28:55 | INFO     | src.trading.executor:update_account_info:125 | 账户更新: 总值$100396.42, 买入力$401585.68
2025-06-17 10:28:55 | DEBUG    | src.bot.trading_bot:_update_market_data:184 | 市场数据更新完成
2025-06-17 10:28:57 | INFO     | src.strategy.signals:generate_signals:468 | 生成信号: SHORT - VWAP空头突破: 偏离-0.17%, MACD转负
2025-06-17 10:28:57 | INFO     | src.bot.trading_bot:_check_signals:202 | 检测到信号: SHORT 置信度: 0.85 原因: VWAP空头突破: 偏离-0.17%, MACD转负
2025-06-17 10:28:57 | INFO     | src.utils.notifications:send_message:63 | [GENERAL] 📡 交易信号
类型: SHORT
强度: MEDIUM
置信度: 0.85
价格: $599.12
原因: VWAP空头突破: 偏离-0.17%, MACD转负
2025-06-17 10:28:57 | INFO     | src.data.market_data:find_suitable_options:435 | 当前SPY价格: $599.06, 选择PUT期权行权价: $600
2025-06-17 10:28:57 | DEBUG    | src.data.market_data:_generate_option_symbol:470 | 生成期权代码: SPY250617P00600000 (行权价$600, 类型PUT)
2025-06-17 10:28:58 | INFO     | src.data.market_data:find_suitable_options:444 | 成功获取期权SPY250617P00600000的报价数据
2025-06-17 10:28:58 | ERROR    | src.trading.executor:find_best_option:192 | 查找最佳期权失败: 'contractSymbol'
2025-06-17 10:28:58 | WARNING  | src.bot.trading_bot:_check_signals:216 | 信号执行失败: SHORT
2025-06-17 10:28:58 | INFO     | src.trading.executor:update_account_info:125 | 账户更新: 总值$100396.42, 买入力$401585.68
2025-06-17 10:28:58 | DEBUG    | src.bot.trading_bot:_update_market_data:184 | 市场数据更新完成
2025-06-17 10:29:01 | INFO     | src.strategy.signals:generate_signals:468 | 生成信号: SHORT - VWAP空头突破: 偏离-0.17%, MACD转负
2025-06-17 10:29:01 | INFO     | src.bot.trading_bot:_check_signals:202 | 检测到信号: SHORT 置信度: 0.85 原因: VWAP空头突破: 偏离-0.17%, MACD转负
2025-06-17 10:29:01 | INFO     | src.utils.notifications:send_message:63 | [GENERAL] 📡 交易信号
类型: SHORT
强度: MEDIUM
置信度: 0.85
价格: $599.12
原因: VWAP空头突破: 偏离-0.17%, MACD转负
2025-06-17 10:29:01 | INFO     | src.data.market_data:find_suitable_options:435 | 当前SPY价格: $599.06, 选择PUT期权行权价: $600
2025-06-17 10:29:01 | DEBUG    | src.data.market_data:_generate_option_symbol:470 | 生成期权代码: SPY250617P00600000 (行权价$600, 类型PUT)
2025-06-17 10:29:01 | INFO     | src.data.market_data:find_suitable_options:444 | 成功获取期权SPY250617P00600000的报价数据
2025-06-17 10:29:01 | ERROR    | src.trading.executor:find_best_option:192 | 查找最佳期权失败: 'contractSymbol'
2025-06-17 10:29:01 | WARNING  | src.bot.trading_bot:_check_signals:216 | 信号执行失败: SHORT
2025-06-17 10:29:02 | INFO     | src.trading.executor:update_account_info:125 | 账户更新: 总值$100396.42, 买入力$401585.68
2025-06-17 10:29:02 | DEBUG    | src.bot.trading_bot:_update_market_data:184 | 市场数据更新完成
2025-06-17 10:29:04 | INFO     | src.strategy.signals:generate_signals:468 | 生成信号: SHORT - VWAP空头突破: 偏离-0.17%, MACD转负
2025-06-17 10:29:04 | INFO     | src.bot.trading_bot:_check_signals:202 | 检测到信号: SHORT 置信度: 0.85 原因: VWAP空头突破: 偏离-0.17%, MACD转负
2025-06-17 10:29:04 | INFO     | src.utils.notifications:send_message:63 | [GENERAL] 📡 交易信号
类型: SHORT
强度: MEDIUM
置信度: 0.85
价格: $599.12
原因: VWAP空头突破: 偏离-0.17%, MACD转负
2025-06-17 10:29:04 | INFO     | src.data.market_data:find_suitable_options:435 | 当前SPY价格: $599.05, 选择PUT期权行权价: $600
2025-06-17 10:29:04 | DEBUG    | src.data.market_data:_generate_option_symbol:470 | 生成期权代码: SPY250617P00600000 (行权价$600, 类型PUT)
2025-06-17 10:29:05 | INFO     | src.data.market_data:find_suitable_options:444 | 成功获取期权SPY250617P00600000的报价数据
2025-06-17 10:29:05 | ERROR    | src.trading.executor:find_best_option:192 | 查找最佳期权失败: 'contractSymbol'
2025-06-17 10:29:05 | WARNING  | src.bot.trading_bot:_check_signals:216 | 信号执行失败: SHORT
2025-06-17 10:29:05 | INFO     | src.trading.executor:update_account_info:125 | 账户更新: 总值$100396.42, 买入力$401585.68
2025-06-17 10:29:05 | DEBUG    | src.bot.trading_bot:_update_market_data:184 | 市场数据更新完成
2025-06-17 10:29:08 | INFO     | src.strategy.signals:generate_signals:468 | 生成信号: SHORT - VWAP空头突破: 偏离-0.17%, MACD转负
2025-06-17 10:29:08 | INFO     | src.bot.trading_bot:_check_signals:202 | 检测到信号: SHORT 置信度: 0.85 原因: VWAP空头突破: 偏离-0.17%, MACD转负
2025-06-17 10:29:08 | INFO     | src.utils.notifications:send_message:63 | [GENERAL] 📡 交易信号
类型: SHORT
强度: MEDIUM
置信度: 0.85
价格: $599.12
原因: VWAP空头突破: 偏离-0.17%, MACD转负
2025-06-17 10:29:08 | INFO     | src.data.market_data:find_suitable_options:435 | 当前SPY价格: $599.04, 选择PUT期权行权价: $600
2025-06-17 10:29:08 | DEBUG    | src.data.market_data:_generate_option_symbol:470 | 生成期权代码: SPY250617P00600000 (行权价$600, 类型PUT)
2025-06-17 10:29:08 | INFO     | src.data.market_data:find_suitable_options:444 | 成功获取期权SPY250617P00600000的报价数据
2025-06-17 10:29:08 | ERROR    | src.trading.executor:find_best_option:192 | 查找最佳期权失败: 'contractSymbol'
2025-06-17 10:29:08 | WARNING  | src.bot.trading_bot:_check_signals:216 | 信号执行失败: SHORT
2025-06-17 10:29:09 | INFO     | src.trading.executor:update_account_info:125 | 账户更新: 总值$100396.42, 买入力$401585.68
2025-06-17 10:29:09 | DEBUG    | src.bot.trading_bot:_update_market_data:184 | 市场数据更新完成
2025-06-17 10:29:11 | INFO     | src.strategy.signals:generate_signals:468 | 生成信号: SHORT - VWAP空头突破: 偏离-0.17%, MACD转负
2025-06-17 10:29:11 | INFO     | src.bot.trading_bot:_check_signals:202 | 检测到信号: SHORT 置信度: 0.85 原因: VWAP空头突破: 偏离-0.17%, MACD转负
2025-06-17 10:29:11 | INFO     | src.utils.notifications:send_message:63 | [GENERAL] 📡 交易信号
类型: SHORT
强度: MEDIUM
置信度: 0.85
价格: $599.12
原因: VWAP空头突破: 偏离-0.17%, MACD转负
2025-06-17 10:29:11 | INFO     | src.data.market_data:find_suitable_options:435 | 当前SPY价格: $599.05, 选择PUT期权行权价: $600
2025-06-17 10:29:11 | DEBUG    | src.data.market_data:_generate_option_symbol:470 | 生成期权代码: SPY250617P00600000 (行权价$600, 类型PUT)
2025-06-17 10:29:12 | INFO     | src.data.market_data:find_suitable_options:444 | 成功获取期权SPY250617P00600000的报价数据
2025-06-17 10:29:12 | ERROR    | src.trading.executor:find_best_option:192 | 查找最佳期权失败: 'contractSymbol'
2025-06-17 10:29:12 | WARNING  | src.bot.trading_bot:_check_signals:216 | 信号执行失败: SHORT
2025-06-17 10:29:12 | INFO     | src.trading.executor:update_account_info:125 | 账户更新: 总值$100396.42, 买入力$401585.68
2025-06-17 10:29:12 | DEBUG    | src.bot.trading_bot:_update_market_data:184 | 市场数据更新完成
2025-06-17 10:29:15 | INFO     | src.strategy.signals:generate_signals:468 | 生成信号: SHORT - VWAP空头突破: 偏离-0.17%, MACD转负
2025-06-17 10:29:15 | INFO     | src.bot.trading_bot:_check_signals:202 | 检测到信号: SHORT 置信度: 0.85 原因: VWAP空头突破: 偏离-0.17%, MACD转负
2025-06-17 10:29:15 | INFO     | src.utils.notifications:send_message:63 | [GENERAL] 📡 交易信号
类型: SHORT
强度: MEDIUM
置信度: 0.85
价格: $599.12
原因: VWAP空头突破: 偏离-0.17%, MACD转负
2025-06-17 10:29:15 | INFO     | src.data.market_data:find_suitable_options:435 | 当前SPY价格: $599.05, 选择PUT期权行权价: $600
2025-06-17 10:29:15 | DEBUG    | src.data.market_data:_generate_option_symbol:470 | 生成期权代码: SPY250617P00600000 (行权价$600, 类型PUT)
2025-06-17 10:29:15 | INFO     | src.data.market_data:find_suitable_options:444 | 成功获取期权SPY250617P00600000的报价数据
2025-06-17 10:29:15 | ERROR    | src.trading.executor:find_best_option:192 | 查找最佳期权失败: 'contractSymbol'
2025-06-17 10:29:15 | WARNING  | src.bot.trading_bot:_check_signals:216 | 信号执行失败: SHORT
2025-06-17 10:29:16 | INFO     | src.trading.executor:update_account_info:125 | 账户更新: 总值$100396.42, 买入力$401585.68
2025-06-17 10:29:16 | DEBUG    | src.bot.trading_bot:_update_market_data:184 | 市场数据更新完成
2025-06-17 10:29:18 | INFO     | src.strategy.signals:generate_signals:468 | 生成信号: SHORT - VWAP空头突破: 偏离-0.17%, MACD转负
2025-06-17 10:29:18 | INFO     | src.bot.trading_bot:_check_signals:202 | 检测到信号: SHORT 置信度: 0.85 原因: VWAP空头突破: 偏离-0.17%, MACD转负
2025-06-17 10:29:18 | INFO     | src.utils.notifications:send_message:63 | [GENERAL] 📡 交易信号
类型: SHORT
强度: MEDIUM
置信度: 0.85
价格: $599.12
原因: VWAP空头突破: 偏离-0.17%, MACD转负
2025-06-17 10:29:18 | INFO     | src.data.market_data:find_suitable_options:435 | 当前SPY价格: $599.05, 选择PUT期权行权价: $600
2025-06-17 10:29:18 | DEBUG    | src.data.market_data:_generate_option_symbol:470 | 生成期权代码: SPY250617P00600000 (行权价$600, 类型PUT)
2025-06-17 10:29:19 | INFO     | src.data.market_data:find_suitable_options:444 | 成功获取期权SPY250617P00600000的报价数据
2025-06-17 10:29:19 | ERROR    | src.trading.executor:find_best_option:192 | 查找最佳期权失败: 'contractSymbol'
2025-06-17 10:29:19 | WARNING  | src.bot.trading_bot:_check_signals:216 | 信号执行失败: SHORT
2025-06-17 10:29:19 | INFO     | src.trading.executor:update_account_info:125 | 账户更新: 总值$100396.42, 买入力$401585.68
2025-06-17 10:29:19 | DEBUG    | src.bot.trading_bot:_update_market_data:184 | 市场数据更新完成
2025-06-17 10:29:20 | DEBUG    | src.bot.trading_bot:_update_positions_normal:259 | 📊 常规头寸更新完成
2025-06-17 10:29:22 | INFO     | src.strategy.signals:generate_signals:468 | 生成信号: SHORT - VWAP空头突破: 偏离-0.17%, MACD转负
2025-06-17 10:29:22 | INFO     | src.bot.trading_bot:_check_signals:202 | 检测到信号: SHORT 置信度: 0.85 原因: VWAP空头突破: 偏离-0.17%, MACD转负
2025-06-17 10:29:22 | INFO     | src.utils.notifications:send_message:63 | [GENERAL] 📡 交易信号
类型: SHORT
强度: MEDIUM
置信度: 0.85
价格: $599.12
原因: VWAP空头突破: 偏离-0.17%, MACD转负
2025-06-17 10:29:22 | INFO     | src.data.market_data:find_suitable_options:435 | 当前SPY价格: $599.05, 选择PUT期权行权价: $600
2025-06-17 10:29:22 | DEBUG    | src.data.market_data:_generate_option_symbol:470 | 生成期权代码: SPY250617P00600000 (行权价$600, 类型PUT)
2025-06-17 10:29:22 | INFO     | src.data.market_data:find_suitable_options:444 | 成功获取期权SPY250617P00600000的报价数据
2025-06-17 10:29:22 | ERROR    | src.trading.executor:find_best_option:192 | 查找最佳期权失败: 'contractSymbol'
2025-06-17 10:29:22 | WARNING  | src.bot.trading_bot:_check_signals:216 | 信号执行失败: SHORT
2025-06-17 10:29:23 | INFO     | src.trading.executor:update_account_info:125 | 账户更新: 总值$100396.42, 买入力$401585.68
2025-06-17 10:29:23 | DEBUG    | src.bot.trading_bot:_update_market_data:184 | 市场数据更新完成
2025-06-17 10:29:25 | INFO     | src.strategy.signals:generate_signals:468 | 生成信号: SHORT - VWAP空头突破: 偏离-0.17%, MACD转负
2025-06-17 10:29:25 | INFO     | src.bot.trading_bot:_check_signals:202 | 检测到信号: SHORT 置信度: 0.85 原因: VWAP空头突破: 偏离-0.17%, MACD转负
2025-06-17 10:29:25 | INFO     | src.utils.notifications:send_message:63 | [GENERAL] 📡 交易信号
类型: SHORT
强度: MEDIUM
置信度: 0.85
价格: $599.12
原因: VWAP空头突破: 偏离-0.17%, MACD转负
2025-06-17 10:29:25 | INFO     | src.data.market_data:find_suitable_options:435 | 当前SPY价格: $599.05, 选择PUT期权行权价: $600
2025-06-17 10:29:25 | DEBUG    | src.data.market_data:_generate_option_symbol:470 | 生成期权代码: SPY250617P00600000 (行权价$600, 类型PUT)
2025-06-17 10:29:26 | INFO     | src.data.market_data:find_suitable_options:444 | 成功获取期权SPY250617P00600000的报价数据
2025-06-17 10:29:26 | ERROR    | src.trading.executor:find_best_option:192 | 查找最佳期权失败: 'contractSymbol'
2025-06-17 10:29:26 | WARNING  | src.bot.trading_bot:_check_signals:216 | 信号执行失败: SHORT
2025-06-17 10:29:26 | INFO     | src.trading.executor:update_account_info:125 | 账户更新: 总值$100396.42, 买入力$401585.68
2025-06-17 10:29:26 | DEBUG    | src.bot.trading_bot:_update_market_data:184 | 市场数据更新完成
2025-06-17 10:29:29 | INFO     | src.strategy.signals:generate_signals:468 | 生成信号: SHORT - VWAP空头突破: 偏离-0.17%, MACD转负
2025-06-17 10:29:29 | INFO     | src.bot.trading_bot:_check_signals:202 | 检测到信号: SHORT 置信度: 0.85 原因: VWAP空头突破: 偏离-0.17%, MACD转负
2025-06-17 10:29:29 | INFO     | src.utils.notifications:send_message:63 | [GENERAL] 📡 交易信号
类型: SHORT
强度: MEDIUM
置信度: 0.85
价格: $599.12
原因: VWAP空头突破: 偏离-0.17%, MACD转负
2025-06-17 10:29:29 | INFO     | src.data.market_data:find_suitable_options:435 | 当前SPY价格: $599.05, 选择PUT期权行权价: $600
2025-06-17 10:29:29 | DEBUG    | src.data.market_data:_generate_option_symbol:470 | 生成期权代码: SPY250617P00600000 (行权价$600, 类型PUT)
2025-06-17 10:29:29 | INFO     | src.data.market_data:find_suitable_options:444 | 成功获取期权SPY250617P00600000的报价数据
2025-06-17 10:29:29 | ERROR    | src.trading.executor:find_best_option:192 | 查找最佳期权失败: 'contractSymbol'
2025-06-17 10:29:29 | WARNING  | src.bot.trading_bot:_check_signals:216 | 信号执行失败: SHORT
2025-06-17 10:29:30 | INFO     | src.trading.executor:update_account_info:125 | 账户更新: 总值$100396.42, 买入力$401585.68
2025-06-17 10:29:30 | DEBUG    | src.bot.trading_bot:_update_market_data:184 | 市场数据更新完成
2025-06-17 10:29:32 | INFO     | src.strategy.signals:generate_signals:468 | 生成信号: SHORT - VWAP空头突破: 偏离-0.17%, MACD转负
2025-06-17 10:29:32 | INFO     | src.bot.trading_bot:_check_signals:202 | 检测到信号: SHORT 置信度: 0.85 原因: VWAP空头突破: 偏离-0.17%, MACD转负
2025-06-17 10:29:32 | INFO     | src.utils.notifications:send_message:63 | [GENERAL] 📡 交易信号
类型: SHORT
强度: MEDIUM
置信度: 0.85
价格: $599.12
原因: VWAP空头突破: 偏离-0.17%, MACD转负
2025-06-17 10:29:32 | INFO     | src.data.market_data:find_suitable_options:435 | 当前SPY价格: $599.05, 选择PUT期权行权价: $600
2025-06-17 10:29:32 | DEBUG    | src.data.market_data:_generate_option_symbol:470 | 生成期权代码: SPY250617P00600000 (行权价$600, 类型PUT)
2025-06-17 10:29:32 | INFO     | src.data.market_data:find_suitable_options:444 | 成功获取期权SPY250617P00600000的报价数据
2025-06-17 10:29:32 | ERROR    | src.trading.executor:find_best_option:192 | 查找最佳期权失败: 'contractSymbol'
2025-06-17 10:29:32 | WARNING  | src.bot.trading_bot:_check_signals:216 | 信号执行失败: SHORT
2025-06-17 10:29:33 | INFO     | src.trading.executor:update_account_info:125 | 账户更新: 总值$100396.42, 买入力$401585.68
2025-06-17 10:29:33 | DEBUG    | src.bot.trading_bot:_update_market_data:184 | 市场数据更新完成
2025-06-17 10:29:36 | INFO     | src.strategy.signals:generate_signals:468 | 生成信号: SHORT - VWAP空头突破: 偏离-0.17%, MACD转负
2025-06-17 10:29:36 | INFO     | src.bot.trading_bot:_check_signals:202 | 检测到信号: SHORT 置信度: 0.85 原因: VWAP空头突破: 偏离-0.17%, MACD转负
2025-06-17 10:29:36 | INFO     | src.utils.notifications:send_message:63 | [GENERAL] 📡 交易信号
类型: SHORT
强度: MEDIUM
置信度: 0.85
价格: $599.12
原因: VWAP空头突破: 偏离-0.17%, MACD转负
2025-06-17 10:29:36 | INFO     | src.data.market_data:find_suitable_options:435 | 当前SPY价格: $599.05, 选择PUT期权行权价: $600
2025-06-17 10:29:36 | DEBUG    | src.data.market_data:_generate_option_symbol:470 | 生成期权代码: SPY250617P00600000 (行权价$600, 类型PUT)
2025-06-17 10:29:36 | INFO     | src.data.market_data:find_suitable_options:444 | 成功获取期权SPY250617P00600000的报价数据
2025-06-17 10:29:36 | ERROR    | src.trading.executor:find_best_option:192 | 查找最佳期权失败: 'contractSymbol'
2025-06-17 10:29:36 | WARNING  | src.bot.trading_bot:_check_signals:216 | 信号执行失败: SHORT
2025-06-17 10:29:37 | INFO     | src.trading.executor:update_account_info:125 | 账户更新: 总值$100396.42, 买入力$401585.68
2025-06-17 10:29:37 | DEBUG    | src.bot.trading_bot:_update_market_data:184 | 市场数据更新完成
2025-06-17 10:29:39 | INFO     | src.strategy.signals:generate_signals:468 | 生成信号: SHORT - VWAP空头突破: 偏离-0.17%, MACD转负
2025-06-17 10:29:39 | INFO     | src.bot.trading_bot:_check_signals:202 | 检测到信号: SHORT 置信度: 0.85 原因: VWAP空头突破: 偏离-0.17%, MACD转负
2025-06-17 10:29:39 | INFO     | src.utils.notifications:send_message:63 | [GENERAL] 📡 交易信号
类型: SHORT
强度: MEDIUM
置信度: 0.85
价格: $599.12
原因: VWAP空头突破: 偏离-0.17%, MACD转负
2025-06-17 10:29:39 | INFO     | src.data.market_data:find_suitable_options:435 | 当前SPY价格: $599.05, 选择PUT期权行权价: $600
2025-06-17 10:29:39 | DEBUG    | src.data.market_data:_generate_option_symbol:470 | 生成期权代码: SPY250617P00600000 (行权价$600, 类型PUT)
2025-06-17 10:29:39 | INFO     | src.data.market_data:find_suitable_options:444 | 成功获取期权SPY250617P00600000的报价数据
2025-06-17 10:29:39 | ERROR    | src.trading.executor:find_best_option:192 | 查找最佳期权失败: 'contractSymbol'
2025-06-17 10:29:39 | WARNING  | src.bot.trading_bot:_check_signals:216 | 信号执行失败: SHORT
2025-06-17 10:29:40 | INFO     | src.trading.executor:update_account_info:125 | 账户更新: 总值$100396.42, 买入力$401585.68
2025-06-17 10:29:40 | DEBUG    | src.bot.trading_bot:_update_market_data:184 | 市场数据更新完成
2025-06-17 10:29:43 | INFO     | src.strategy.signals:generate_signals:468 | 生成信号: SHORT - VWAP空头突破: 偏离-0.17%, MACD转负
2025-06-17 10:29:43 | INFO     | src.bot.trading_bot:_check_signals:202 | 检测到信号: SHORT 置信度: 0.85 原因: VWAP空头突破: 偏离-0.17%, MACD转负
2025-06-17 10:29:43 | INFO     | src.utils.notifications:send_message:63 | [GENERAL] 📡 交易信号
类型: SHORT
强度: MEDIUM
置信度: 0.85
价格: $599.12
原因: VWAP空头突破: 偏离-0.17%, MACD转负
2025-06-17 10:29:43 | INFO     | src.data.market_data:find_suitable_options:435 | 当前SPY价格: $599.05, 选择PUT期权行权价: $600
2025-06-17 10:29:43 | DEBUG    | src.data.market_data:_generate_option_symbol:470 | 生成期权代码: SPY250617P00600000 (行权价$600, 类型PUT)
2025-06-17 10:29:43 | INFO     | src.data.market_data:find_suitable_options:444 | 成功获取期权SPY250617P00600000的报价数据
2025-06-17 10:29:43 | ERROR    | src.trading.executor:find_best_option:192 | 查找最佳期权失败: 'contractSymbol'
2025-06-17 10:29:43 | WARNING  | src.bot.trading_bot:_check_signals:216 | 信号执行失败: SHORT
2025-06-17 10:29:44 | INFO     | src.trading.executor:update_account_info:125 | 账户更新: 总值$100396.42, 买入力$401585.68
2025-06-17 10:29:44 | DEBUG    | src.bot.trading_bot:_update_market_data:184 | 市场数据更新完成
2025-06-17 10:29:46 | INFO     | src.strategy.signals:generate_signals:468 | 生成信号: SHORT - VWAP空头突破: 偏离-0.17%, MACD转负
2025-06-17 10:29:46 | INFO     | src.bot.trading_bot:_check_signals:202 | 检测到信号: SHORT 置信度: 0.85 原因: VWAP空头突破: 偏离-0.17%, MACD转负
2025-06-17 10:29:46 | INFO     | src.utils.notifications:send_message:63 | [GENERAL] 📡 交易信号
类型: SHORT
强度: MEDIUM
置信度: 0.85
价格: $599.12
原因: VWAP空头突破: 偏离-0.17%, MACD转负
2025-06-17 10:29:46 | INFO     | src.data.market_data:find_suitable_options:435 | 当前SPY价格: $599.05, 选择PUT期权行权价: $600
2025-06-17 10:29:46 | DEBUG    | src.data.market_data:_generate_option_symbol:470 | 生成期权代码: SPY250617P00600000 (行权价$600, 类型PUT)
2025-06-17 10:29:46 | INFO     | src.data.market_data:find_suitable_options:444 | 成功获取期权SPY250617P00600000的报价数据
2025-06-17 10:29:46 | ERROR    | src.trading.executor:find_best_option:192 | 查找最佳期权失败: 'contractSymbol'
2025-06-17 10:29:46 | WARNING  | src.bot.trading_bot:_check_signals:216 | 信号执行失败: SHORT
2025-06-17 10:29:47 | INFO     | src.trading.executor:update_account_info:125 | 账户更新: 总值$100396.42, 买入力$401585.68
2025-06-17 10:29:47 | DEBUG    | src.bot.trading_bot:_update_market_data:184 | 市场数据更新完成
2025-06-17 10:29:50 | INFO     | src.strategy.signals:generate_signals:468 | 生成信号: SHORT - VWAP空头突破: 偏离-0.17%, MACD转负
2025-06-17 10:29:50 | INFO     | src.bot.trading_bot:_check_signals:202 | 检测到信号: SHORT 置信度: 0.85 原因: VWAP空头突破: 偏离-0.17%, MACD转负
2025-06-17 10:29:50 | INFO     | src.utils.notifications:send_message:63 | [GENERAL] 📡 交易信号
类型: SHORT
强度: MEDIUM
置信度: 0.85
价格: $599.12
原因: VWAP空头突破: 偏离-0.17%, MACD转负
2025-06-17 10:29:50 | INFO     | src.data.market_data:find_suitable_options:435 | 当前SPY价格: $599.10, 选择PUT期权行权价: $600
2025-06-17 10:29:50 | DEBUG    | src.data.market_data:_generate_option_symbol:470 | 生成期权代码: SPY250617P00600000 (行权价$600, 类型PUT)
2025-06-17 10:29:50 | INFO     | src.data.market_data:find_suitable_options:444 | 成功获取期权SPY250617P00600000的报价数据
2025-06-17 10:29:50 | ERROR    | src.trading.executor:find_best_option:192 | 查找最佳期权失败: 'contractSymbol'
2025-06-17 10:29:50 | WARNING  | src.bot.trading_bot:_check_signals:216 | 信号执行失败: SHORT
2025-06-17 10:29:51 | INFO     | src.trading.executor:update_account_info:125 | 账户更新: 总值$100396.42, 买入力$401585.68
2025-06-17 10:29:51 | DEBUG    | src.bot.trading_bot:_update_market_data:184 | 市场数据更新完成
2025-06-17 10:29:53 | INFO     | src.strategy.signals:generate_signals:468 | 生成信号: SHORT - VWAP空头突破: 偏离-0.17%, MACD转负
2025-06-17 10:29:53 | INFO     | src.bot.trading_bot:_check_signals:202 | 检测到信号: SHORT 置信度: 0.85 原因: VWAP空头突破: 偏离-0.17%, MACD转负
2025-06-17 10:29:53 | INFO     | src.utils.notifications:send_message:63 | [GENERAL] 📡 交易信号
类型: SHORT
强度: MEDIUM
置信度: 0.85
价格: $599.12
原因: VWAP空头突破: 偏离-0.17%, MACD转负
2025-06-17 10:29:53 | INFO     | src.data.market_data:find_suitable_options:435 | 当前SPY价格: $599.10, 选择PUT期权行权价: $600
2025-06-17 10:29:53 | DEBUG    | src.data.market_data:_generate_option_symbol:470 | 生成期权代码: SPY250617P00600000 (行权价$600, 类型PUT)
2025-06-17 10:29:54 | INFO     | src.data.market_data:find_suitable_options:444 | 成功获取期权SPY250617P00600000的报价数据
2025-06-17 10:29:54 | ERROR    | src.trading.executor:find_best_option:192 | 查找最佳期权失败: 'contractSymbol'
2025-06-17 10:29:54 | WARNING  | src.bot.trading_bot:_check_signals:216 | 信号执行失败: SHORT
2025-06-17 10:29:54 | INFO     | src.trading.executor:update_account_info:125 | 账户更新: 总值$100396.42, 买入力$401585.68
2025-06-17 10:29:54 | DEBUG    | src.bot.trading_bot:_update_market_data:184 | 市场数据更新完成
2025-06-17 10:29:57 | INFO     | src.strategy.signals:generate_signals:468 | 生成信号: SHORT - VWAP空头突破: 偏离-0.17%, MACD转负
2025-06-17 10:29:57 | INFO     | src.bot.trading_bot:_check_signals:202 | 检测到信号: SHORT 置信度: 0.85 原因: VWAP空头突破: 偏离-0.17%, MACD转负
2025-06-17 10:29:57 | INFO     | src.utils.notifications:send_message:63 | [GENERAL] 📡 交易信号
类型: SHORT
强度: MEDIUM
置信度: 0.85
价格: $599.12
原因: VWAP空头突破: 偏离-0.17%, MACD转负
2025-06-17 10:29:57 | INFO     | src.data.market_data:find_suitable_options:435 | 当前SPY价格: $599.10, 选择PUT期权行权价: $600
2025-06-17 10:29:57 | DEBUG    | src.data.market_data:_generate_option_symbol:470 | 生成期权代码: SPY250617P00600000 (行权价$600, 类型PUT)
2025-06-17 10:29:57 | INFO     | src.data.market_data:find_suitable_options:444 | 成功获取期权SPY250617P00600000的报价数据
2025-06-17 10:29:57 | ERROR    | src.trading.executor:find_best_option:192 | 查找最佳期权失败: 'contractSymbol'
2025-06-17 10:29:57 | WARNING  | src.bot.trading_bot:_check_signals:216 | 信号执行失败: SHORT
2025-06-17 10:29:58 | INFO     | src.trading.executor:update_account_info:125 | 账户更新: 总值$100396.42, 买入力$401585.68
2025-06-17 10:29:58 | DEBUG    | src.bot.trading_bot:_update_market_data:184 | 市场数据更新完成
2025-06-17 10:30:00 | INFO     | src.strategy.signals:generate_signals:468 | 生成信号: SHORT - VWAP空头突破: 偏离-0.17%, MACD转负
2025-06-17 10:30:00 | INFO     | src.bot.trading_bot:_check_signals:202 | 检测到信号: SHORT 置信度: 0.85 原因: VWAP空头突破: 偏离-0.17%, MACD转负
2025-06-17 10:30:00 | INFO     | src.utils.notifications:send_message:63 | [GENERAL] 📡 交易信号
类型: SHORT
强度: MEDIUM
置信度: 0.85
价格: $599.12
原因: VWAP空头突破: 偏离-0.17%, MACD转负
2025-06-17 10:30:00 | INFO     | src.data.market_data:find_suitable_options:435 | 当前SPY价格: $598.94, 选择PUT期权行权价: $599
2025-06-17 10:30:00 | DEBUG    | src.data.market_data:_generate_option_symbol:470 | 生成期权代码: SPY250617P00599000 (行权价$599, 类型PUT)
2025-06-17 10:30:01 | INFO     | src.data.market_data:find_suitable_options:444 | 成功获取期权SPY250617P00599000的报价数据
2025-06-17 10:30:01 | ERROR    | src.trading.executor:find_best_option:192 | 查找最佳期权失败: 'contractSymbol'
2025-06-17 10:30:01 | WARNING  | src.bot.trading_bot:_check_signals:216 | 信号执行失败: SHORT
2025-06-17 10:30:01 | INFO     | src.trading.executor:update_account_info:125 | 账户更新: 总值$100396.42, 买入力$401585.68
2025-06-17 10:30:01 | DEBUG    | src.bot.trading_bot:_update_market_data:184 | 市场数据更新完成
2025-06-17 10:30:04 | INFO     | src.strategy.signals:generate_signals:468 | 生成信号: SHORT - VWAP空头突破: 偏离-0.17%, MACD转负
2025-06-17 10:30:04 | INFO     | src.bot.trading_bot:_check_signals:202 | 检测到信号: SHORT 置信度: 0.85 原因: VWAP空头突破: 偏离-0.17%, MACD转负
2025-06-17 10:30:04 | INFO     | src.utils.notifications:send_message:63 | [GENERAL] 📡 交易信号
类型: SHORT
强度: MEDIUM
置信度: 0.85
价格: $599.12
原因: VWAP空头突破: 偏离-0.17%, MACD转负
2025-06-17 10:30:04 | INFO     | src.data.market_data:find_suitable_options:435 | 当前SPY价格: $598.61, 选择PUT期权行权价: $599
2025-06-17 10:30:04 | DEBUG    | src.data.market_data:_generate_option_symbol:470 | 生成期权代码: SPY250617P00599000 (行权价$599, 类型PUT)
2025-06-17 10:30:04 | INFO     | src.data.market_data:find_suitable_options:444 | 成功获取期权SPY250617P00599000的报价数据
2025-06-17 10:30:04 | ERROR    | src.trading.executor:find_best_option:192 | 查找最佳期权失败: 'contractSymbol'
2025-06-17 10:30:04 | WARNING  | src.bot.trading_bot:_check_signals:216 | 信号执行失败: SHORT
2025-06-17 10:30:05 | INFO     | src.trading.executor:update_account_info:125 | 账户更新: 总值$100396.42, 买入力$401585.68
2025-06-17 10:30:05 | DEBUG    | src.bot.trading_bot:_update_market_data:184 | 市场数据更新完成
2025-06-17 10:30:07 | INFO     | src.strategy.signals:generate_signals:468 | 生成信号: SHORT - VWAP空头突破: 偏离-0.17%, MACD转负
2025-06-17 10:30:07 | INFO     | src.bot.trading_bot:_check_signals:202 | 检测到信号: SHORT 置信度: 0.85 原因: VWAP空头突破: 偏离-0.17%, MACD转负
2025-06-17 10:30:07 | INFO     | src.utils.notifications:send_message:63 | [GENERAL] 📡 交易信号
类型: SHORT
强度: MEDIUM
置信度: 0.85
价格: $599.12
原因: VWAP空头突破: 偏离-0.17%, MACD转负
2025-06-17 10:30:07 | INFO     | src.data.market_data:find_suitable_options:435 | 当前SPY价格: $598.61, 选择PUT期权行权价: $599
2025-06-17 10:30:07 | DEBUG    | src.data.market_data:_generate_option_symbol:470 | 生成期权代码: SPY250617P00599000 (行权价$599, 类型PUT)
2025-06-17 10:30:08 | INFO     | src.data.market_data:find_suitable_options:444 | 成功获取期权SPY250617P00599000的报价数据
2025-06-17 10:30:08 | ERROR    | src.trading.executor:find_best_option:192 | 查找最佳期权失败: 'contractSymbol'
2025-06-17 10:30:08 | WARNING  | src.bot.trading_bot:_check_signals:216 | 信号执行失败: SHORT
2025-06-17 10:30:08 | INFO     | src.trading.executor:update_account_info:125 | 账户更新: 总值$100396.42, 买入力$401585.68
2025-06-17 10:30:08 | DEBUG    | src.bot.trading_bot:_update_market_data:184 | 市场数据更新完成
2025-06-17 10:30:11 | INFO     | src.strategy.signals:generate_signals:468 | 生成信号: SHORT - VWAP空头突破: 偏离-0.17%, MACD转负
2025-06-17 10:30:11 | INFO     | src.bot.trading_bot:_check_signals:202 | 检测到信号: SHORT 置信度: 0.85 原因: VWAP空头突破: 偏离-0.17%, MACD转负
2025-06-17 10:30:11 | INFO     | src.utils.notifications:send_message:63 | [GENERAL] 📡 交易信号
类型: SHORT
强度: MEDIUM
置信度: 0.85
价格: $599.12
原因: VWAP空头突破: 偏离-0.17%, MACD转负
2025-06-17 10:30:11 | INFO     | src.data.market_data:find_suitable_options:435 | 当前SPY价格: $598.60, 选择PUT期权行权价: $599
2025-06-17 10:30:11 | DEBUG    | src.data.market_data:_generate_option_symbol:470 | 生成期权代码: SPY250617P00599000 (行权价$599, 类型PUT)
2025-06-17 10:30:11 | INFO     | src.data.market_data:find_suitable_options:444 | 成功获取期权SPY250617P00599000的报价数据
2025-06-17 10:30:11 | ERROR    | src.trading.executor:find_best_option:192 | 查找最佳期权失败: 'contractSymbol'
2025-06-17 10:30:11 | WARNING  | src.bot.trading_bot:_check_signals:216 | 信号执行失败: SHORT
2025-06-17 10:30:12 | INFO     | src.trading.executor:update_account_info:125 | 账户更新: 总值$100396.42, 买入力$401585.68
2025-06-17 10:30:12 | DEBUG    | src.bot.trading_bot:_update_market_data:184 | 市场数据更新完成
2025-06-17 10:30:14 | INFO     | src.strategy.signals:generate_signals:468 | 生成信号: SHORT - VWAP空头突破: 偏离-0.17%, MACD转负
2025-06-17 10:30:14 | INFO     | src.bot.trading_bot:_check_signals:202 | 检测到信号: SHORT 置信度: 0.85 原因: VWAP空头突破: 偏离-0.17%, MACD转负
2025-06-17 10:30:14 | INFO     | src.utils.notifications:send_message:63 | [GENERAL] 📡 交易信号
类型: SHORT
强度: MEDIUM
置信度: 0.85
价格: $599.12
原因: VWAP空头突破: 偏离-0.17%, MACD转负
2025-06-17 10:30:14 | INFO     | src.data.market_data:find_suitable_options:435 | 当前SPY价格: $598.60, 选择PUT期权行权价: $599
2025-06-17 10:30:14 | DEBUG    | src.data.market_data:_generate_option_symbol:470 | 生成期权代码: SPY250617P00599000 (行权价$599, 类型PUT)
2025-06-17 10:30:15 | INFO     | src.data.market_data:find_suitable_options:444 | 成功获取期权SPY250617P00599000的报价数据
2025-06-17 10:30:15 | ERROR    | src.trading.executor:find_best_option:192 | 查找最佳期权失败: 'contractSymbol'
2025-06-17 10:30:15 | WARNING  | src.bot.trading_bot:_check_signals:216 | 信号执行失败: SHORT
2025-06-17 10:30:15 | INFO     | src.trading.executor:update_account_info:125 | 账户更新: 总值$100396.42, 买入力$401585.68
2025-06-17 10:30:15 | DEBUG    | src.bot.trading_bot:_update_market_data:184 | 市场数据更新完成
2025-06-17 10:30:18 | INFO     | src.strategy.signals:generate_signals:468 | 生成信号: SHORT - VWAP空头突破: 偏离-0.17%, MACD转负
2025-06-17 10:30:18 | INFO     | src.bot.trading_bot:_check_signals:202 | 检测到信号: SHORT 置信度: 0.85 原因: VWAP空头突破: 偏离-0.17%, MACD转负
2025-06-17 10:30:18 | INFO     | src.utils.notifications:send_message:63 | [GENERAL] 📡 交易信号
类型: SHORT
强度: MEDIUM
置信度: 0.85
价格: $599.12
原因: VWAP空头突破: 偏离-0.17%, MACD转负
2025-06-17 10:30:18 | INFO     | src.data.market_data:find_suitable_options:435 | 当前SPY价格: $598.87, 选择PUT期权行权价: $599
2025-06-17 10:30:18 | DEBUG    | src.data.market_data:_generate_option_symbol:470 | 生成期权代码: SPY250617P00599000 (行权价$599, 类型PUT)
2025-06-17 10:30:18 | INFO     | src.data.market_data:find_suitable_options:444 | 成功获取期权SPY250617P00599000的报价数据
2025-06-17 10:30:18 | ERROR    | src.trading.executor:find_best_option:192 | 查找最佳期权失败: 'contractSymbol'
2025-06-17 10:30:18 | WARNING  | src.bot.trading_bot:_check_signals:216 | 信号执行失败: SHORT
2025-06-17 10:30:19 | INFO     | src.trading.executor:update_account_info:125 | 账户更新: 总值$100396.42, 买入力$401585.68
2025-06-17 10:30:19 | DEBUG    | src.bot.trading_bot:_update_market_data:184 | 市场数据更新完成
2025-06-17 10:30:20 | DEBUG    | src.bot.trading_bot:_update_positions_normal:259 | 📊 常规头寸更新完成
2025-06-17 10:30:22 | INFO     | src.trading.executor:update_account_info:125 | 账户更新: 总值$100396.42, 买入力$401585.68
2025-06-17 10:30:22 | DEBUG    | src.bot.trading_bot:_update_market_data:184 | 市场数据更新完成
2025-06-17 10:30:25 | INFO     | src.trading.executor:update_account_info:125 | 账户更新: 总值$100396.42, 买入力$401585.68
2025-06-17 10:30:25 | DEBUG    | src.bot.trading_bot:_update_market_data:184 | 市场数据更新完成
2025-06-17 10:30:28 | INFO     | src.trading.executor:update_account_info:125 | 账户更新: 总值$100396.42, 买入力$401585.68
2025-06-17 10:30:28 | DEBUG    | src.bot.trading_bot:_update_market_data:184 | 市场数据更新完成
2025-06-17 10:30:32 | INFO     | src.trading.executor:update_account_info:125 | 账户更新: 总值$100396.42, 买入力$401585.68
2025-06-17 10:30:32 | DEBUG    | src.bot.trading_bot:_update_market_data:184 | 市场数据更新完成
2025-06-17 10:30:35 | INFO     | src.trading.executor:update_account_info:125 | 账户更新: 总值$100396.42, 买入力$401585.68
2025-06-17 10:30:35 | DEBUG    | src.bot.trading_bot:_update_market_data:184 | 市场数据更新完成
2025-06-17 10:30:38 | INFO     | src.trading.executor:update_account_info:125 | 账户更新: 总值$100396.42, 买入力$401585.68
2025-06-17 10:30:38 | DEBUG    | src.bot.trading_bot:_update_market_data:184 | 市场数据更新完成
2025-06-17 10:30:41 | INFO     | src.trading.executor:update_account_info:125 | 账户更新: 总值$100396.42, 买入力$401585.68
2025-06-17 10:30:41 | DEBUG    | src.bot.trading_bot:_update_market_data:184 | 市场数据更新完成
2025-06-17 10:30:44 | INFO     | src.trading.executor:update_account_info:125 | 账户更新: 总值$100396.42, 买入力$401585.68
2025-06-17 10:30:44 | DEBUG    | src.bot.trading_bot:_update_market_data:184 | 市场数据更新完成
2025-06-17 10:30:48 | INFO     | src.trading.executor:update_account_info:125 | 账户更新: 总值$100396.42, 买入力$401585.68
2025-06-17 10:30:48 | DEBUG    | src.bot.trading_bot:_update_market_data:184 | 市场数据更新完成
2025-06-17 10:30:51 | INFO     | src.trading.executor:update_account_info:125 | 账户更新: 总值$100396.42, 买入力$401585.68
2025-06-17 10:30:51 | DEBUG    | src.bot.trading_bot:_update_market_data:184 | 市场数据更新完成
2025-06-17 10:30:54 | INFO     | src.trading.executor:update_account_info:125 | 账户更新: 总值$100396.42, 买入力$401585.68
2025-06-17 10:30:54 | DEBUG    | src.bot.trading_bot:_update_market_data:184 | 市场数据更新完成
2025-06-17 10:30:58 | INFO     | src.trading.executor:update_account_info:125 | 账户更新: 总值$100396.42, 买入力$401585.68
2025-06-17 10:30:58 | DEBUG    | src.bot.trading_bot:_update_market_data:184 | 市场数据更新完成
2025-06-17 10:31:01 | INFO     | src.trading.executor:update_account_info:125 | 账户更新: 总值$100396.42, 买入力$401585.68
2025-06-17 10:31:01 | DEBUG    | src.bot.trading_bot:_update_market_data:184 | 市场数据更新完成
2025-06-17 10:31:04 | INFO     | src.trading.executor:update_account_info:125 | 账户更新: 总值$100396.42, 买入力$401585.68
2025-06-17 10:31:04 | DEBUG    | src.bot.trading_bot:_update_market_data:184 | 市场数据更新完成
2025-06-17 10:31:07 | INFO     | src.trading.executor:update_account_info:125 | 账户更新: 总值$100396.42, 买入力$401585.68
2025-06-17 10:31:07 | DEBUG    | src.bot.trading_bot:_update_market_data:184 | 市场数据更新完成
2025-06-17 10:31:10 | INFO     | src.trading.executor:update_account_info:125 | 账户更新: 总值$100396.42, 买入力$401585.68
2025-06-17 10:31:10 | DEBUG    | src.bot.trading_bot:_update_market_data:184 | 市场数据更新完成
2025-06-17 10:31:14 | INFO     | src.trading.executor:update_account_info:125 | 账户更新: 总值$100396.42, 买入力$401585.68
2025-06-17 10:31:14 | DEBUG    | src.bot.trading_bot:_update_market_data:184 | 市场数据更新完成
2025-06-17 10:31:17 | INFO     | src.trading.executor:update_account_info:125 | 账户更新: 总值$100396.42, 买入力$401585.68
2025-06-17 10:31:17 | DEBUG    | src.bot.trading_bot:_update_market_data:184 | 市场数据更新完成
2025-06-17 10:31:20 | INFO     | src.trading.executor:update_account_info:125 | 账户更新: 总值$100396.42, 买入力$401585.68
2025-06-17 10:31:20 | DEBUG    | src.bot.trading_bot:_update_market_data:184 | 市场数据更新完成
2025-06-17 10:31:21 | DEBUG    | src.bot.trading_bot:_update_positions_normal:259 | 📊 常规头寸更新完成
2025-06-17 10:31:23 | INFO     | src.trading.executor:update_account_info:125 | 账户更新: 总值$100396.42, 买入力$401585.68
2025-06-17 10:31:23 | DEBUG    | src.bot.trading_bot:_update_market_data:184 | 市场数据更新完成
2025-06-17 10:31:27 | INFO     | src.trading.executor:update_account_info:125 | 账户更新: 总值$100396.42, 买入力$401585.68
2025-06-17 10:31:27 | DEBUG    | src.bot.trading_bot:_update_market_data:184 | 市场数据更新完成
2025-06-17 10:31:30 | INFO     | src.trading.executor:update_account_info:125 | 账户更新: 总值$100396.42, 买入力$401585.68
2025-06-17 10:31:30 | DEBUG    | src.bot.trading_bot:_update_market_data:184 | 市场数据更新完成
2025-06-17 10:31:33 | INFO     | src.trading.executor:update_account_info:125 | 账户更新: 总值$100396.42, 买入力$401585.68
2025-06-17 10:31:33 | DEBUG    | src.bot.trading_bot:_update_market_data:184 | 市场数据更新完成
2025-06-17 10:31:36 | INFO     | src.trading.executor:update_account_info:125 | 账户更新: 总值$100396.42, 买入力$401585.68
2025-06-17 10:31:36 | DEBUG    | src.bot.trading_bot:_update_market_data:184 | 市场数据更新完成
2025-06-17 10:31:39 | INFO     | src.trading.executor:update_account_info:125 | 账户更新: 总值$100396.42, 买入力$401585.68
2025-06-17 10:31:39 | DEBUG    | src.bot.trading_bot:_update_market_data:184 | 市场数据更新完成
2025-06-17 10:31:43 | INFO     | src.trading.executor:update_account_info:125 | 账户更新: 总值$100396.42, 买入力$401585.68
2025-06-17 10:31:43 | DEBUG    | src.bot.trading_bot:_update_market_data:184 | 市场数据更新完成
2025-06-17 10:31:46 | INFO     | src.trading.executor:update_account_info:125 | 账户更新: 总值$100396.42, 买入力$401585.68
2025-06-17 10:31:46 | DEBUG    | src.bot.trading_bot:_update_market_data:184 | 市场数据更新完成
2025-06-17 10:31:49 | INFO     | src.trading.executor:update_account_info:125 | 账户更新: 总值$100396.42, 买入力$401585.68
2025-06-17 10:31:49 | DEBUG    | src.bot.trading_bot:_update_market_data:184 | 市场数据更新完成
2025-06-17 10:31:52 | INFO     | src.trading.executor:update_account_info:125 | 账户更新: 总值$100396.42, 买入力$401585.68
2025-06-17 10:31:52 | DEBUG    | src.bot.trading_bot:_update_market_data:184 | 市场数据更新完成
2025-06-17 10:31:55 | INFO     | src.trading.executor:update_account_info:125 | 账户更新: 总值$100396.42, 买入力$401585.68
2025-06-17 10:31:55 | DEBUG    | src.bot.trading_bot:_update_market_data:184 | 市场数据更新完成
2025-06-17 10:31:59 | INFO     | src.trading.executor:update_account_info:125 | 账户更新: 总值$100396.42, 买入力$401585.68
2025-06-17 10:31:59 | DEBUG    | src.bot.trading_bot:_update_market_data:184 | 市场数据更新完成
2025-06-17 10:32:02 | INFO     | src.trading.executor:update_account_info:125 | 账户更新: 总值$100396.42, 买入力$401585.68
2025-06-17 10:32:02 | DEBUG    | src.bot.trading_bot:_update_market_data:184 | 市场数据更新完成
2025-06-17 10:32:05 | INFO     | src.trading.executor:update_account_info:125 | 账户更新: 总值$100396.42, 买入力$401585.68
2025-06-17 10:32:05 | DEBUG    | src.bot.trading_bot:_update_market_data:184 | 市场数据更新完成
2025-06-17 10:32:08 | INFO     | src.trading.executor:update_account_info:125 | 账户更新: 总值$100396.42, 买入力$401585.68
2025-06-17 10:32:08 | DEBUG    | src.bot.trading_bot:_update_market_data:184 | 市场数据更新完成
2025-06-17 10:32:12 | INFO     | src.trading.executor:update_account_info:125 | 账户更新: 总值$100396.42, 买入力$401585.68
2025-06-17 10:32:12 | DEBUG    | src.bot.trading_bot:_update_market_data:184 | 市场数据更新完成
2025-06-17 10:32:15 | INFO     | src.trading.executor:update_account_info:125 | 账户更新: 总值$100396.42, 买入力$401585.68
2025-06-17 10:32:15 | DEBUG    | src.bot.trading_bot:_update_market_data:184 | 市场数据更新完成
2025-06-17 10:32:18 | INFO     | src.trading.executor:update_account_info:125 | 账户更新: 总值$100396.42, 买入力$401585.68
2025-06-17 10:32:18 | DEBUG    | src.bot.trading_bot:_update_market_data:184 | 市场数据更新完成
2025-06-17 10:32:21 | DEBUG    | src.bot.trading_bot:_update_positions_normal:259 | 📊 常规头寸更新完成
2025-06-17 10:32:21 | INFO     | src.trading.executor:update_account_info:125 | 账户更新: 总值$100396.42, 买入力$401585.68
2025-06-17 10:32:21 | DEBUG    | src.bot.trading_bot:_update_market_data:184 | 市场数据更新完成
2025-06-17 10:32:24 | INFO     | src.trading.executor:update_account_info:125 | 账户更新: 总值$100396.42, 买入力$401585.68
2025-06-17 10:32:24 | DEBUG    | src.bot.trading_bot:_update_market_data:184 | 市场数据更新完成
2025-06-17 10:32:27 | INFO     | src.trading.executor:update_account_info:125 | 账户更新: 总值$100396.42, 买入力$401585.68
2025-06-17 10:32:27 | DEBUG    | src.bot.trading_bot:_update_market_data:184 | 市场数据更新完成
2025-06-17 10:32:31 | INFO     | src.trading.executor:update_account_info:125 | 账户更新: 总值$100396.42, 买入力$401585.68
2025-06-17 10:32:31 | DEBUG    | src.bot.trading_bot:_update_market_data:184 | 市场数据更新完成
2025-06-17 10:32:34 | INFO     | src.trading.executor:update_account_info:125 | 账户更新: 总值$100396.42, 买入力$401585.68
2025-06-17 10:32:34 | DEBUG    | src.bot.trading_bot:_update_market_data:184 | 市场数据更新完成
2025-06-17 10:32:37 | INFO     | src.trading.executor:update_account_info:125 | 账户更新: 总值$100396.42, 买入力$401585.68
2025-06-17 10:32:37 | DEBUG    | src.bot.trading_bot:_update_market_data:184 | 市场数据更新完成
2025-06-17 10:32:41 | INFO     | src.trading.executor:update_account_info:125 | 账户更新: 总值$100396.42, 买入力$401585.68
2025-06-17 10:32:41 | DEBUG    | src.bot.trading_bot:_update_market_data:184 | 市场数据更新完成
2025-06-17 10:32:44 | INFO     | src.trading.executor:update_account_info:125 | 账户更新: 总值$100396.42, 买入力$401585.68
2025-06-17 10:32:44 | DEBUG    | src.bot.trading_bot:_update_market_data:184 | 市场数据更新完成
2025-06-17 10:32:47 | INFO     | src.trading.executor:update_account_info:125 | 账户更新: 总值$100396.42, 买入力$401585.68
2025-06-17 10:32:47 | DEBUG    | src.bot.trading_bot:_update_market_data:184 | 市场数据更新完成
2025-06-17 10:32:50 | INFO     | src.trading.executor:update_account_info:125 | 账户更新: 总值$100396.42, 买入力$401585.68
2025-06-17 10:32:50 | DEBUG    | src.bot.trading_bot:_update_market_data:184 | 市场数据更新完成
2025-06-17 10:32:53 | INFO     | src.trading.executor:update_account_info:125 | 账户更新: 总值$100396.42, 买入力$401585.68
2025-06-17 10:32:53 | DEBUG    | src.bot.trading_bot:_update_market_data:184 | 市场数据更新完成
2025-06-17 10:32:57 | INFO     | src.trading.executor:update_account_info:125 | 账户更新: 总值$100396.42, 买入力$401585.68
2025-06-17 10:32:57 | DEBUG    | src.bot.trading_bot:_update_market_data:184 | 市场数据更新完成
2025-06-17 10:33:00 | INFO     | src.trading.executor:update_account_info:125 | 账户更新: 总值$100396.42, 买入力$401585.68
2025-06-17 10:33:00 | DEBUG    | src.bot.trading_bot:_update_market_data:184 | 市场数据更新完成
2025-06-17 10:33:02 | INFO     | src.strategy.signals:generate_signals:468 | 生成信号: SHORT - VWAP空头突破: 偏离-0.16%, MACD转负
2025-06-17 10:33:02 | INFO     | src.bot.trading_bot:_check_signals:202 | 检测到信号: SHORT 置信度: 0.85 原因: VWAP空头突破: 偏离-0.16%, MACD转负
2025-06-17 10:33:02 | INFO     | src.utils.notifications:send_message:63 | [GENERAL] 📡 交易信号
类型: SHORT
强度: MEDIUM
置信度: 0.85
价格: $599.08
原因: VWAP空头突破: 偏离-0.16%, MACD转负
2025-06-17 10:33:03 | INFO     | src.data.market_data:find_suitable_options:435 | 当前SPY价格: $599.26, 选择PUT期权行权价: $600
2025-06-17 10:33:03 | DEBUG    | src.data.market_data:_generate_option_symbol:470 | 生成期权代码: SPY250617P00600000 (行权价$600, 类型PUT)
2025-06-17 10:33:03 | INFO     | src.data.market_data:find_suitable_options:444 | 成功获取期权SPY250617P00600000的报价数据
2025-06-17 10:33:03 | ERROR    | src.trading.executor:find_best_option:192 | 查找最佳期权失败: 'contractSymbol'
2025-06-17 10:33:03 | WARNING  | src.bot.trading_bot:_check_signals:216 | 信号执行失败: SHORT
2025-06-17 10:33:04 | INFO     | src.trading.executor:update_account_info:125 | 账户更新: 总值$100396.42, 买入力$401585.68
2025-06-17 10:33:04 | DEBUG    | src.bot.trading_bot:_update_market_data:184 | 市场数据更新完成
2025-06-17 10:33:06 | INFO     | src.strategy.signals:generate_signals:468 | 生成信号: SHORT - VWAP空头突破: 偏离-0.16%, MACD转负
2025-06-17 10:33:06 | INFO     | src.bot.trading_bot:_check_signals:202 | 检测到信号: SHORT 置信度: 0.85 原因: VWAP空头突破: 偏离-0.16%, MACD转负
2025-06-17 10:33:06 | INFO     | src.utils.notifications:send_message:63 | [GENERAL] 📡 交易信号
类型: SHORT
强度: MEDIUM
置信度: 0.85
价格: $599.08
原因: VWAP空头突破: 偏离-0.16%, MACD转负
2025-06-17 10:33:06 | INFO     | src.data.market_data:find_suitable_options:435 | 当前SPY价格: $599.26, 选择PUT期权行权价: $600
2025-06-17 10:33:06 | DEBUG    | src.data.market_data:_generate_option_symbol:470 | 生成期权代码: SPY250617P00600000 (行权价$600, 类型PUT)
2025-06-17 10:33:06 | INFO     | src.data.market_data:find_suitable_options:444 | 成功获取期权SPY250617P00600000的报价数据
2025-06-17 10:33:06 | ERROR    | src.trading.executor:find_best_option:192 | 查找最佳期权失败: 'contractSymbol'
2025-06-17 10:33:06 | WARNING  | src.bot.trading_bot:_check_signals:216 | 信号执行失败: SHORT
2025-06-17 10:33:07 | INFO     | src.trading.executor:update_account_info:125 | 账户更新: 总值$100396.42, 买入力$401585.68
2025-06-17 10:33:07 | DEBUG    | src.bot.trading_bot:_update_market_data:184 | 市场数据更新完成
2025-06-17 10:33:10 | INFO     | src.strategy.signals:generate_signals:468 | 生成信号: SHORT - VWAP空头突破: 偏离-0.16%, MACD转负
2025-06-17 10:33:10 | INFO     | src.bot.trading_bot:_check_signals:202 | 检测到信号: SHORT 置信度: 0.85 原因: VWAP空头突破: 偏离-0.16%, MACD转负
2025-06-17 10:33:10 | INFO     | src.utils.notifications:send_message:63 | [GENERAL] 📡 交易信号
类型: SHORT
强度: MEDIUM
置信度: 0.85
价格: $599.08
原因: VWAP空头突破: 偏离-0.16%, MACD转负
2025-06-17 10:33:10 | INFO     | src.data.market_data:find_suitable_options:435 | 当前SPY价格: $599.26, 选择PUT期权行权价: $600
2025-06-17 10:33:10 | DEBUG    | src.data.market_data:_generate_option_symbol:470 | 生成期权代码: SPY250617P00600000 (行权价$600, 类型PUT)
2025-06-17 10:33:10 | INFO     | src.data.market_data:find_suitable_options:444 | 成功获取期权SPY250617P00600000的报价数据
2025-06-17 10:33:10 | ERROR    | src.trading.executor:find_best_option:192 | 查找最佳期权失败: 'contractSymbol'
2025-06-17 10:33:10 | WARNING  | src.bot.trading_bot:_check_signals:216 | 信号执行失败: SHORT
2025-06-17 10:33:11 | INFO     | src.trading.executor:update_account_info:125 | 账户更新: 总值$100396.42, 买入力$401585.68
2025-06-17 10:33:11 | DEBUG    | src.bot.trading_bot:_update_market_data:184 | 市场数据更新完成
2025-06-17 10:33:13 | INFO     | src.strategy.signals:generate_signals:468 | 生成信号: SHORT - VWAP空头突破: 偏离-0.16%, MACD转负
2025-06-17 10:33:13 | INFO     | src.bot.trading_bot:_check_signals:202 | 检测到信号: SHORT 置信度: 0.85 原因: VWAP空头突破: 偏离-0.16%, MACD转负
2025-06-17 10:33:13 | INFO     | src.utils.notifications:send_message:63 | [GENERAL] 📡 交易信号
类型: SHORT
强度: MEDIUM
置信度: 0.85
价格: $599.08
原因: VWAP空头突破: 偏离-0.16%, MACD转负
2025-06-17 10:33:13 | INFO     | src.data.market_data:find_suitable_options:435 | 当前SPY价格: $599.31, 选择PUT期权行权价: $600
2025-06-17 10:33:13 | DEBUG    | src.data.market_data:_generate_option_symbol:470 | 生成期权代码: SPY250617P00600000 (行权价$600, 类型PUT)
2025-06-17 10:33:14 | INFO     | src.data.market_data:find_suitable_options:444 | 成功获取期权SPY250617P00600000的报价数据
2025-06-17 10:33:14 | ERROR    | src.trading.executor:find_best_option:192 | 查找最佳期权失败: 'contractSymbol'
2025-06-17 10:33:14 | WARNING  | src.bot.trading_bot:_check_signals:216 | 信号执行失败: SHORT
2025-06-17 10:33:14 | INFO     | src.trading.executor:update_account_info:125 | 账户更新: 总值$100396.42, 买入力$401585.68
2025-06-17 10:33:14 | DEBUG    | src.bot.trading_bot:_update_market_data:184 | 市场数据更新完成
2025-06-17 10:33:17 | INFO     | src.strategy.signals:generate_signals:468 | 生成信号: SHORT - VWAP空头突破: 偏离-0.16%, MACD转负
2025-06-17 10:33:17 | INFO     | src.bot.trading_bot:_check_signals:202 | 检测到信号: SHORT 置信度: 0.85 原因: VWAP空头突破: 偏离-0.16%, MACD转负
2025-06-17 10:33:17 | INFO     | src.utils.notifications:send_message:63 | [GENERAL] 📡 交易信号
类型: SHORT
强度: MEDIUM
置信度: 0.85
价格: $599.08
原因: VWAP空头突破: 偏离-0.16%, MACD转负
2025-06-17 10:33:17 | INFO     | src.data.market_data:find_suitable_options:435 | 当前SPY价格: $599.31, 选择PUT期权行权价: $600
2025-06-17 10:33:17 | DEBUG    | src.data.market_data:_generate_option_symbol:470 | 生成期权代码: SPY250617P00600000 (行权价$600, 类型PUT)
2025-06-17 10:33:17 | INFO     | src.data.market_data:find_suitable_options:444 | 成功获取期权SPY250617P00600000的报价数据
2025-06-17 10:33:17 | ERROR    | src.trading.executor:find_best_option:192 | 查找最佳期权失败: 'contractSymbol'
2025-06-17 10:33:17 | WARNING  | src.bot.trading_bot:_check_signals:216 | 信号执行失败: SHORT
2025-06-17 10:33:18 | INFO     | src.trading.executor:update_account_info:125 | 账户更新: 总值$100396.42, 买入力$401585.68
2025-06-17 10:33:18 | DEBUG    | src.bot.trading_bot:_update_market_data:184 | 市场数据更新完成
2025-06-17 10:33:20 | INFO     | src.strategy.signals:generate_signals:468 | 生成信号: SHORT - VWAP空头突破: 偏离-0.16%, MACD转负
2025-06-17 10:33:20 | INFO     | src.bot.trading_bot:_check_signals:202 | 检测到信号: SHORT 置信度: 0.85 原因: VWAP空头突破: 偏离-0.16%, MACD转负
2025-06-17 10:33:20 | INFO     | src.utils.notifications:send_message:63 | [GENERAL] 📡 交易信号
类型: SHORT
强度: MEDIUM
置信度: 0.85
价格: $599.08
原因: VWAP空头突破: 偏离-0.16%, MACD转负
2025-06-17 10:33:20 | INFO     | src.data.market_data:find_suitable_options:435 | 当前SPY价格: $599.42, 选择PUT期权行权价: $600
2025-06-17 10:33:20 | DEBUG    | src.data.market_data:_generate_option_symbol:470 | 生成期权代码: SPY250617P00600000 (行权价$600, 类型PUT)
2025-06-17 10:33:21 | INFO     | src.data.market_data:find_suitable_options:444 | 成功获取期权SPY250617P00600000的报价数据
2025-06-17 10:33:21 | ERROR    | src.trading.executor:find_best_option:192 | 查找最佳期权失败: 'contractSymbol'
2025-06-17 10:33:21 | WARNING  | src.bot.trading_bot:_check_signals:216 | 信号执行失败: SHORT
2025-06-17 10:33:21 | INFO     | src.trading.executor:update_account_info:125 | 账户更新: 总值$100396.42, 买入力$401585.68
2025-06-17 10:33:21 | DEBUG    | src.bot.trading_bot:_update_market_data:184 | 市场数据更新完成
2025-06-17 10:33:21 | DEBUG    | src.bot.trading_bot:_update_positions_normal:259 | 📊 常规头寸更新完成
2025-06-17 10:33:24 | INFO     | src.strategy.signals:generate_signals:468 | 生成信号: SHORT - VWAP空头突破: 偏离-0.16%, MACD转负
2025-06-17 10:33:24 | INFO     | src.bot.trading_bot:_check_signals:202 | 检测到信号: SHORT 置信度: 0.85 原因: VWAP空头突破: 偏离-0.16%, MACD转负
2025-06-17 10:33:24 | INFO     | src.utils.notifications:send_message:63 | [GENERAL] 📡 交易信号
类型: SHORT
强度: MEDIUM
置信度: 0.85
价格: $599.08
原因: VWAP空头突破: 偏离-0.16%, MACD转负
2025-06-17 10:33:24 | INFO     | src.data.market_data:find_suitable_options:435 | 当前SPY价格: $599.44, 选择PUT期权行权价: $600
2025-06-17 10:33:24 | DEBUG    | src.data.market_data:_generate_option_symbol:470 | 生成期权代码: SPY250617P00600000 (行权价$600, 类型PUT)
2025-06-17 10:33:24 | INFO     | src.data.market_data:find_suitable_options:444 | 成功获取期权SPY250617P00600000的报价数据
2025-06-17 10:33:24 | ERROR    | src.trading.executor:find_best_option:192 | 查找最佳期权失败: 'contractSymbol'
2025-06-17 10:33:24 | WARNING  | src.bot.trading_bot:_check_signals:216 | 信号执行失败: SHORT
2025-06-17 10:33:25 | INFO     | src.trading.executor:update_account_info:125 | 账户更新: 总值$100396.42, 买入力$401585.68
2025-06-17 10:33:25 | DEBUG    | src.bot.trading_bot:_update_market_data:184 | 市场数据更新完成
2025-06-17 10:33:27 | INFO     | src.strategy.signals:generate_signals:468 | 生成信号: SHORT - VWAP空头突破: 偏离-0.16%, MACD转负
2025-06-17 10:33:27 | INFO     | src.bot.trading_bot:_check_signals:202 | 检测到信号: SHORT 置信度: 0.85 原因: VWAP空头突破: 偏离-0.16%, MACD转负
2025-06-17 10:33:27 | INFO     | src.utils.notifications:send_message:63 | [GENERAL] 📡 交易信号
类型: SHORT
强度: MEDIUM
置信度: 0.85
价格: $599.08
原因: VWAP空头突破: 偏离-0.16%, MACD转负
2025-06-17 10:33:27 | INFO     | src.data.market_data:find_suitable_options:435 | 当前SPY价格: $599.47, 选择PUT期权行权价: $600
2025-06-17 10:33:27 | DEBUG    | src.data.market_data:_generate_option_symbol:470 | 生成期权代码: SPY250617P00600000 (行权价$600, 类型PUT)
2025-06-17 10:33:27 | INFO     | src.data.market_data:find_suitable_options:444 | 成功获取期权SPY250617P00600000的报价数据
2025-06-17 10:33:27 | ERROR    | src.trading.executor:find_best_option:192 | 查找最佳期权失败: 'contractSymbol'
2025-06-17 10:33:27 | WARNING  | src.bot.trading_bot:_check_signals:216 | 信号执行失败: SHORT
2025-06-17 10:33:28 | INFO     | src.trading.executor:update_account_info:125 | 账户更新: 总值$100396.42, 买入力$401585.68
2025-06-17 10:33:28 | DEBUG    | src.bot.trading_bot:_update_market_data:184 | 市场数据更新完成
2025-06-17 10:33:31 | INFO     | src.strategy.signals:generate_signals:468 | 生成信号: SHORT - VWAP空头突破: 偏离-0.16%, MACD转负
2025-06-17 10:33:31 | INFO     | src.bot.trading_bot:_check_signals:202 | 检测到信号: SHORT 置信度: 0.85 原因: VWAP空头突破: 偏离-0.16%, MACD转负
2025-06-17 10:33:31 | INFO     | src.utils.notifications:send_message:63 | [GENERAL] 📡 交易信号
类型: SHORT
强度: MEDIUM
置信度: 0.85
价格: $599.08
原因: VWAP空头突破: 偏离-0.16%, MACD转负
2025-06-17 10:33:31 | INFO     | src.data.market_data:find_suitable_options:435 | 当前SPY价格: $599.52, 选择PUT期权行权价: $600
2025-06-17 10:33:31 | DEBUG    | src.data.market_data:_generate_option_symbol:470 | 生成期权代码: SPY250617P00600000 (行权价$600, 类型PUT)
2025-06-17 10:33:31 | INFO     | src.data.market_data:find_suitable_options:444 | 成功获取期权SPY250617P00600000的报价数据
2025-06-17 10:33:31 | ERROR    | src.trading.executor:find_best_option:192 | 查找最佳期权失败: 'contractSymbol'
2025-06-17 10:33:31 | WARNING  | src.bot.trading_bot:_check_signals:216 | 信号执行失败: SHORT
2025-06-17 10:33:31 | INFO     | src.trading.executor:update_account_info:125 | 账户更新: 总值$100396.42, 买入力$401585.68
2025-06-17 10:33:31 | DEBUG    | src.bot.trading_bot:_update_market_data:184 | 市场数据更新完成
2025-06-17 10:33:34 | INFO     | src.strategy.signals:generate_signals:468 | 生成信号: SHORT - VWAP空头突破: 偏离-0.16%, MACD转负
2025-06-17 10:33:34 | INFO     | src.bot.trading_bot:_check_signals:202 | 检测到信号: SHORT 置信度: 0.85 原因: VWAP空头突破: 偏离-0.16%, MACD转负
2025-06-17 10:33:34 | INFO     | src.utils.notifications:send_message:63 | [GENERAL] 📡 交易信号
类型: SHORT
强度: MEDIUM
置信度: 0.85
价格: $599.08
原因: VWAP空头突破: 偏离-0.16%, MACD转负
2025-06-17 10:33:34 | INFO     | src.data.market_data:find_suitable_options:435 | 当前SPY价格: $599.49, 选择PUT期权行权价: $600
2025-06-17 10:33:34 | DEBUG    | src.data.market_data:_generate_option_symbol:470 | 生成期权代码: SPY250617P00600000 (行权价$600, 类型PUT)
2025-06-17 10:33:35 | INFO     | src.data.market_data:find_suitable_options:444 | 成功获取期权SPY250617P00600000的报价数据
2025-06-17 10:33:35 | ERROR    | src.trading.executor:find_best_option:192 | 查找最佳期权失败: 'contractSymbol'
2025-06-17 10:33:35 | WARNING  | src.bot.trading_bot:_check_signals:216 | 信号执行失败: SHORT
2025-06-17 10:33:35 | INFO     | src.trading.executor:update_account_info:125 | 账户更新: 总值$100396.42, 买入力$401585.68
2025-06-17 10:33:35 | DEBUG    | src.bot.trading_bot:_update_market_data:184 | 市场数据更新完成
2025-06-17 10:33:38 | INFO     | src.strategy.signals:generate_signals:468 | 生成信号: SHORT - VWAP空头突破: 偏离-0.16%, MACD转负
2025-06-17 10:33:38 | INFO     | src.bot.trading_bot:_check_signals:202 | 检测到信号: SHORT 置信度: 0.85 原因: VWAP空头突破: 偏离-0.16%, MACD转负
2025-06-17 10:33:38 | INFO     | src.utils.notifications:send_message:63 | [GENERAL] 📡 交易信号
类型: SHORT
强度: MEDIUM
置信度: 0.85
价格: $599.08
原因: VWAP空头突破: 偏离-0.16%, MACD转负
2025-06-17 10:33:38 | INFO     | src.data.market_data:find_suitable_options:435 | 当前SPY价格: $599.50, 选择PUT期权行权价: $600
2025-06-17 10:33:38 | DEBUG    | src.data.market_data:_generate_option_symbol:470 | 生成期权代码: SPY250617P00600000 (行权价$600, 类型PUT)
2025-06-17 10:33:38 | INFO     | src.data.market_data:find_suitable_options:444 | 成功获取期权SPY250617P00600000的报价数据
2025-06-17 10:33:38 | ERROR    | src.trading.executor:find_best_option:192 | 查找最佳期权失败: 'contractSymbol'
2025-06-17 10:33:38 | WARNING  | src.bot.trading_bot:_check_signals:216 | 信号执行失败: SHORT
2025-06-17 10:33:39 | INFO     | src.trading.executor:update_account_info:125 | 账户更新: 总值$100396.42, 买入力$401585.68
2025-06-17 10:33:39 | DEBUG    | src.bot.trading_bot:_update_market_data:184 | 市场数据更新完成
2025-06-17 10:33:41 | INFO     | src.strategy.signals:generate_signals:468 | 生成信号: SHORT - VWAP空头突破: 偏离-0.16%, MACD转负
2025-06-17 10:33:41 | INFO     | src.bot.trading_bot:_check_signals:202 | 检测到信号: SHORT 置信度: 0.85 原因: VWAP空头突破: 偏离-0.16%, MACD转负
2025-06-17 10:33:41 | INFO     | src.utils.notifications:send_message:63 | [GENERAL] 📡 交易信号
类型: SHORT
强度: MEDIUM
置信度: 0.85
价格: $599.08
原因: VWAP空头突破: 偏离-0.16%, MACD转负
2025-06-17 10:33:41 | INFO     | src.data.market_data:find_suitable_options:435 | 当前SPY价格: $599.48, 选择PUT期权行权价: $600
2025-06-17 10:33:41 | DEBUG    | src.data.market_data:_generate_option_symbol:470 | 生成期权代码: SPY250617P00600000 (行权价$600, 类型PUT)
2025-06-17 10:33:41 | INFO     | src.data.market_data:find_suitable_options:444 | 成功获取期权SPY250617P00600000的报价数据
2025-06-17 10:33:41 | ERROR    | src.trading.executor:find_best_option:192 | 查找最佳期权失败: 'contractSymbol'
2025-06-17 10:33:41 | WARNING  | src.bot.trading_bot:_check_signals:216 | 信号执行失败: SHORT
2025-06-17 10:33:42 | INFO     | src.trading.executor:update_account_info:125 | 账户更新: 总值$100396.42, 买入力$401585.68
2025-06-17 10:33:42 | DEBUG    | src.bot.trading_bot:_update_market_data:184 | 市场数据更新完成
2025-06-17 10:33:45 | INFO     | src.strategy.signals:generate_signals:468 | 生成信号: SHORT - VWAP空头突破: 偏离-0.16%, MACD转负
2025-06-17 10:33:45 | INFO     | src.bot.trading_bot:_check_signals:202 | 检测到信号: SHORT 置信度: 0.85 原因: VWAP空头突破: 偏离-0.16%, MACD转负
2025-06-17 10:33:45 | INFO     | src.utils.notifications:send_message:63 | [GENERAL] 📡 交易信号
类型: SHORT
强度: MEDIUM
置信度: 0.85
价格: $599.08
原因: VWAP空头突破: 偏离-0.16%, MACD转负
2025-06-17 10:33:45 | INFO     | src.data.market_data:find_suitable_options:435 | 当前SPY价格: $599.47, 选择PUT期权行权价: $600
2025-06-17 10:33:45 | DEBUG    | src.data.market_data:_generate_option_symbol:470 | 生成期权代码: SPY250617P00600000 (行权价$600, 类型PUT)
2025-06-17 10:33:45 | INFO     | src.data.market_data:find_suitable_options:444 | 成功获取期权SPY250617P00600000的报价数据
2025-06-17 10:33:45 | ERROR    | src.trading.executor:find_best_option:192 | 查找最佳期权失败: 'contractSymbol'
2025-06-17 10:33:45 | WARNING  | src.bot.trading_bot:_check_signals:216 | 信号执行失败: SHORT
2025-06-17 10:33:46 | INFO     | src.trading.executor:update_account_info:125 | 账户更新: 总值$100396.42, 买入力$401585.68
2025-06-17 10:33:46 | DEBUG    | src.bot.trading_bot:_update_market_data:184 | 市场数据更新完成
2025-06-17 10:33:48 | INFO     | src.strategy.signals:generate_signals:468 | 生成信号: SHORT - VWAP空头突破: 偏离-0.16%, MACD转负
2025-06-17 10:33:48 | INFO     | src.bot.trading_bot:_check_signals:202 | 检测到信号: SHORT 置信度: 0.85 原因: VWAP空头突破: 偏离-0.16%, MACD转负
2025-06-17 10:33:48 | INFO     | src.utils.notifications:send_message:63 | [GENERAL] 📡 交易信号
类型: SHORT
强度: MEDIUM
置信度: 0.85
价格: $599.08
原因: VWAP空头突破: 偏离-0.16%, MACD转负
2025-06-17 10:33:48 | INFO     | src.data.market_data:find_suitable_options:435 | 当前SPY价格: $599.47, 选择PUT期权行权价: $600
2025-06-17 10:33:48 | DEBUG    | src.data.market_data:_generate_option_symbol:470 | 生成期权代码: SPY250617P00600000 (行权价$600, 类型PUT)
2025-06-17 10:33:48 | INFO     | src.data.market_data:find_suitable_options:444 | 成功获取期权SPY250617P00600000的报价数据
2025-06-17 10:33:48 | ERROR    | src.trading.executor:find_best_option:192 | 查找最佳期权失败: 'contractSymbol'
2025-06-17 10:33:48 | WARNING  | src.bot.trading_bot:_check_signals:216 | 信号执行失败: SHORT
2025-06-17 10:33:49 | INFO     | src.trading.executor:update_account_info:125 | 账户更新: 总值$100396.42, 买入力$401585.68
2025-06-17 10:33:49 | DEBUG    | src.bot.trading_bot:_update_market_data:184 | 市场数据更新完成
2025-06-17 10:33:52 | INFO     | src.strategy.signals:generate_signals:468 | 生成信号: SHORT - VWAP空头突破: 偏离-0.16%, MACD转负
2025-06-17 10:33:52 | INFO     | src.bot.trading_bot:_check_signals:202 | 检测到信号: SHORT 置信度: 0.85 原因: VWAP空头突破: 偏离-0.16%, MACD转负
2025-06-17 10:33:52 | INFO     | src.utils.notifications:send_message:63 | [GENERAL] 📡 交易信号
类型: SHORT
强度: MEDIUM
置信度: 0.85
价格: $599.08
原因: VWAP空头突破: 偏离-0.16%, MACD转负
2025-06-17 10:33:52 | INFO     | src.data.market_data:find_suitable_options:435 | 当前SPY价格: $599.47, 选择PUT期权行权价: $600
2025-06-17 10:33:52 | DEBUG    | src.data.market_data:_generate_option_symbol:470 | 生成期权代码: SPY250617P00600000 (行权价$600, 类型PUT)
2025-06-17 10:33:52 | INFO     | src.data.market_data:find_suitable_options:444 | 成功获取期权SPY250617P00600000的报价数据
2025-06-17 10:33:52 | ERROR    | src.trading.executor:find_best_option:192 | 查找最佳期权失败: 'contractSymbol'
2025-06-17 10:33:52 | WARNING  | src.bot.trading_bot:_check_signals:216 | 信号执行失败: SHORT
2025-06-17 10:33:52 | INFO     | src.trading.executor:update_account_info:125 | 账户更新: 总值$100396.42, 买入力$401585.68
2025-06-17 10:33:52 | DEBUG    | src.bot.trading_bot:_update_market_data:184 | 市场数据更新完成
2025-06-17 10:33:55 | INFO     | src.strategy.signals:generate_signals:468 | 生成信号: SHORT - VWAP空头突破: 偏离-0.16%, MACD转负
2025-06-17 10:33:55 | INFO     | src.bot.trading_bot:_check_signals:202 | 检测到信号: SHORT 置信度: 0.85 原因: VWAP空头突破: 偏离-0.16%, MACD转负
2025-06-17 10:33:55 | INFO     | src.utils.notifications:send_message:63 | [GENERAL] 📡 交易信号
类型: SHORT
强度: MEDIUM
置信度: 0.85
价格: $599.08
原因: VWAP空头突破: 偏离-0.16%, MACD转负
2025-06-17 10:33:55 | INFO     | src.data.market_data:find_suitable_options:435 | 当前SPY价格: $599.47, 选择PUT期权行权价: $600
2025-06-17 10:33:55 | DEBUG    | src.data.market_data:_generate_option_symbol:470 | 生成期权代码: SPY250617P00600000 (行权价$600, 类型PUT)
2025-06-17 10:33:55 | INFO     | src.data.market_data:find_suitable_options:444 | 成功获取期权SPY250617P00600000的报价数据
2025-06-17 10:33:55 | ERROR    | src.trading.executor:find_best_option:192 | 查找最佳期权失败: 'contractSymbol'
2025-06-17 10:33:55 | WARNING  | src.bot.trading_bot:_check_signals:216 | 信号执行失败: SHORT
2025-06-17 10:33:56 | INFO     | src.trading.executor:update_account_info:125 | 账户更新: 总值$100396.42, 买入力$401585.68
2025-06-17 10:33:56 | DEBUG    | src.bot.trading_bot:_update_market_data:184 | 市场数据更新完成
2025-06-17 10:33:59 | INFO     | src.strategy.signals:generate_signals:468 | 生成信号: SHORT - VWAP空头突破: 偏离-0.16%, MACD转负
2025-06-17 10:33:59 | INFO     | src.bot.trading_bot:_check_signals:202 | 检测到信号: SHORT 置信度: 0.85 原因: VWAP空头突破: 偏离-0.16%, MACD转负
2025-06-17 10:33:59 | INFO     | src.utils.notifications:send_message:63 | [GENERAL] 📡 交易信号
类型: SHORT
强度: MEDIUM
置信度: 0.85
价格: $599.08
原因: VWAP空头突破: 偏离-0.16%, MACD转负
2025-06-17 10:33:59 | INFO     | src.data.market_data:find_suitable_options:435 | 当前SPY价格: $599.46, 选择PUT期权行权价: $600
2025-06-17 10:33:59 | DEBUG    | src.data.market_data:_generate_option_symbol:470 | 生成期权代码: SPY250617P00600000 (行权价$600, 类型PUT)
2025-06-17 10:33:59 | INFO     | src.data.market_data:find_suitable_options:444 | 成功获取期权SPY250617P00600000的报价数据
2025-06-17 10:33:59 | ERROR    | src.trading.executor:find_best_option:192 | 查找最佳期权失败: 'contractSymbol'
2025-06-17 10:33:59 | WARNING  | src.bot.trading_bot:_check_signals:216 | 信号执行失败: SHORT
2025-06-17 10:33:59 | INFO     | src.trading.executor:update_account_info:125 | 账户更新: 总值$100396.42, 买入力$401585.68
2025-06-17 10:33:59 | DEBUG    | src.bot.trading_bot:_update_market_data:184 | 市场数据更新完成
2025-06-17 10:34:02 | INFO     | src.strategy.signals:generate_signals:468 | 生成信号: SHORT - VWAP空头突破: 偏离-0.16%, MACD转负
2025-06-17 10:34:02 | INFO     | src.bot.trading_bot:_check_signals:202 | 检测到信号: SHORT 置信度: 0.85 原因: VWAP空头突破: 偏离-0.16%, MACD转负
2025-06-17 10:34:02 | INFO     | src.utils.notifications:send_message:63 | [GENERAL] 📡 交易信号
类型: SHORT
强度: MEDIUM
置信度: 0.85
价格: $599.08
原因: VWAP空头突破: 偏离-0.16%, MACD转负
2025-06-17 10:34:02 | INFO     | src.data.market_data:find_suitable_options:435 | 当前SPY价格: $599.52, 选择PUT期权行权价: $600
2025-06-17 10:34:02 | DEBUG    | src.data.market_data:_generate_option_symbol:470 | 生成期权代码: SPY250617P00600000 (行权价$600, 类型PUT)
2025-06-17 10:34:02 | INFO     | src.data.market_data:find_suitable_options:444 | 成功获取期权SPY250617P00600000的报价数据
2025-06-17 10:34:02 | ERROR    | src.trading.executor:find_best_option:192 | 查找最佳期权失败: 'contractSymbol'
2025-06-17 10:34:02 | WARNING  | src.bot.trading_bot:_check_signals:216 | 信号执行失败: SHORT
2025-06-17 10:34:03 | INFO     | src.trading.executor:update_account_info:125 | 账户更新: 总值$100396.42, 买入力$401585.68
2025-06-17 10:34:03 | DEBUG    | src.bot.trading_bot:_update_market_data:184 | 市场数据更新完成
2025-06-17 10:34:06 | INFO     | src.trading.executor:update_account_info:125 | 账户更新: 总值$100396.42, 买入力$401585.68
2025-06-17 10:34:06 | DEBUG    | src.bot.trading_bot:_update_market_data:184 | 市场数据更新完成
2025-06-17 10:34:10 | INFO     | src.trading.executor:update_account_info:125 | 账户更新: 总值$100396.42, 买入力$401585.68
2025-06-17 10:34:10 | DEBUG    | src.bot.trading_bot:_update_market_data:184 | 市场数据更新完成
2025-06-17 10:34:13 | INFO     | src.trading.executor:update_account_info:125 | 账户更新: 总值$100396.42, 买入力$401585.68
2025-06-17 10:34:13 | DEBUG    | src.bot.trading_bot:_update_market_data:184 | 市场数据更新完成
2025-06-17 10:34:16 | INFO     | src.trading.executor:update_account_info:125 | 账户更新: 总值$100396.42, 买入力$401585.68
2025-06-17 10:34:16 | DEBUG    | src.bot.trading_bot:_update_market_data:184 | 市场数据更新完成
2025-06-17 10:34:19 | INFO     | src.trading.executor:update_account_info:125 | 账户更新: 总值$100396.42, 买入力$401585.68
2025-06-17 10:34:19 | DEBUG    | src.bot.trading_bot:_update_market_data:184 | 市场数据更新完成
2025-06-17 10:34:21 | DEBUG    | src.bot.trading_bot:_update_positions_normal:259 | 📊 常规头寸更新完成
2025-06-17 10:34:22 | INFO     | src.trading.executor:update_account_info:125 | 账户更新: 总值$100396.42, 买入力$401585.68
2025-06-17 10:34:22 | DEBUG    | src.bot.trading_bot:_update_market_data:184 | 市场数据更新完成
2025-06-17 10:34:26 | INFO     | src.trading.executor:update_account_info:125 | 账户更新: 总值$100396.42, 买入力$401585.68
2025-06-17 10:34:26 | DEBUG    | src.bot.trading_bot:_update_market_data:184 | 市场数据更新完成
2025-06-17 10:34:29 | INFO     | src.trading.executor:update_account_info:125 | 账户更新: 总值$100396.42, 买入力$401585.68
2025-06-17 10:34:29 | DEBUG    | src.bot.trading_bot:_update_market_data:184 | 市场数据更新完成
2025-06-17 10:34:32 | INFO     | src.trading.executor:update_account_info:125 | 账户更新: 总值$100396.42, 买入力$401585.68
2025-06-17 10:34:32 | DEBUG    | src.bot.trading_bot:_update_market_data:184 | 市场数据更新完成
2025-06-17 10:34:35 | INFO     | src.trading.executor:update_account_info:125 | 账户更新: 总值$100396.42, 买入力$401585.68
2025-06-17 10:34:35 | DEBUG    | src.bot.trading_bot:_update_market_data:184 | 市场数据更新完成
2025-06-17 10:34:39 | INFO     | src.trading.executor:update_account_info:125 | 账户更新: 总值$100396.42, 买入力$401585.68
2025-06-17 10:34:39 | DEBUG    | src.bot.trading_bot:_update_market_data:184 | 市场数据更新完成
2025-06-17 10:34:42 | INFO     | src.trading.executor:update_account_info:125 | 账户更新: 总值$100396.42, 买入力$401585.68
2025-06-17 10:34:42 | DEBUG    | src.bot.trading_bot:_update_market_data:184 | 市场数据更新完成
2025-06-17 10:34:45 | INFO     | src.trading.executor:update_account_info:125 | 账户更新: 总值$100396.42, 买入力$401585.68
2025-06-17 10:34:45 | DEBUG    | src.bot.trading_bot:_update_market_data:184 | 市场数据更新完成
2025-06-17 10:34:49 | INFO     | src.trading.executor:update_account_info:125 | 账户更新: 总值$100396.42, 买入力$401585.68
2025-06-17 10:34:49 | DEBUG    | src.bot.trading_bot:_update_market_data:184 | 市场数据更新完成
2025-06-17 10:34:52 | INFO     | src.trading.executor:update_account_info:125 | 账户更新: 总值$100396.42, 买入力$401585.68
2025-06-17 10:34:52 | DEBUG    | src.bot.trading_bot:_update_market_data:184 | 市场数据更新完成
2025-06-17 10:34:55 | INFO     | src.trading.executor:update_account_info:125 | 账户更新: 总值$100396.42, 买入力$401585.68
2025-06-17 10:34:55 | DEBUG    | src.bot.trading_bot:_update_market_data:184 | 市场数据更新完成
2025-06-17 10:34:58 | INFO     | src.trading.executor:update_account_info:125 | 账户更新: 总值$100396.42, 买入力$401585.68
2025-06-17 10:34:58 | DEBUG    | src.bot.trading_bot:_update_market_data:184 | 市场数据更新完成
2025-06-17 10:35:01 | INFO     | src.trading.executor:update_account_info:125 | 账户更新: 总值$100396.42, 买入力$401585.68
2025-06-17 10:35:01 | DEBUG    | src.bot.trading_bot:_update_market_data:184 | 市场数据更新完成
2025-06-17 10:35:05 | INFO     | src.trading.executor:update_account_info:125 | 账户更新: 总值$100396.42, 买入力$401585.68
2025-06-17 10:35:05 | DEBUG    | src.bot.trading_bot:_update_market_data:184 | 市场数据更新完成
2025-06-17 10:35:08 | INFO     | src.trading.executor:update_account_info:125 | 账户更新: 总值$100396.42, 买入力$401585.68
2025-06-17 10:35:08 | DEBUG    | src.bot.trading_bot:_update_market_data:184 | 市场数据更新完成
2025-06-17 10:35:11 | INFO     | src.trading.executor:update_account_info:125 | 账户更新: 总值$100396.42, 买入力$401585.68
2025-06-17 10:35:11 | DEBUG    | src.bot.trading_bot:_update_market_data:184 | 市场数据更新完成
2025-06-17 10:35:15 | INFO     | src.trading.executor:update_account_info:125 | 账户更新: 总值$100396.42, 买入力$401585.68
2025-06-17 10:35:15 | DEBUG    | src.bot.trading_bot:_update_market_data:184 | 市场数据更新完成
2025-06-17 10:35:18 | INFO     | src.trading.executor:update_account_info:125 | 账户更新: 总值$100396.42, 买入力$401585.68
2025-06-17 10:35:18 | DEBUG    | src.bot.trading_bot:_update_market_data:184 | 市场数据更新完成
2025-06-17 10:35:21 | INFO     | src.trading.executor:update_account_info:125 | 账户更新: 总值$100396.42, 买入力$401585.68
2025-06-17 10:35:21 | DEBUG    | src.bot.trading_bot:_update_market_data:184 | 市场数据更新完成
2025-06-17 10:35:22 | DEBUG    | src.bot.trading_bot:_update_positions_normal:259 | 📊 常规头寸更新完成
2025-06-17 10:35:24 | INFO     | src.trading.executor:update_account_info:125 | 账户更新: 总值$100396.42, 买入力$401585.68
2025-06-17 10:35:24 | DEBUG    | src.bot.trading_bot:_update_market_data:184 | 市场数据更新完成
2025-06-17 10:35:27 | INFO     | src.trading.executor:update_account_info:125 | 账户更新: 总值$100396.42, 买入力$401585.68
2025-06-17 10:35:27 | DEBUG    | src.bot.trading_bot:_update_market_data:184 | 市场数据更新完成
2025-06-17 10:35:31 | INFO     | src.trading.executor:update_account_info:125 | 账户更新: 总值$100396.42, 买入力$401585.68
2025-06-17 10:35:31 | DEBUG    | src.bot.trading_bot:_update_market_data:184 | 市场数据更新完成
2025-06-17 10:35:34 | INFO     | src.trading.executor:update_account_info:125 | 账户更新: 总值$100396.42, 买入力$401585.68
2025-06-17 10:35:34 | DEBUG    | src.bot.trading_bot:_update_market_data:184 | 市场数据更新完成
2025-06-17 10:35:37 | INFO     | src.trading.executor:update_account_info:125 | 账户更新: 总值$100396.42, 买入力$401585.68
2025-06-17 10:35:37 | DEBUG    | src.bot.trading_bot:_update_market_data:184 | 市场数据更新完成
2025-06-17 10:35:40 | INFO     | src.trading.executor:update_account_info:125 | 账户更新: 总值$100396.42, 买入力$401585.68
2025-06-17 10:35:40 | DEBUG    | src.bot.trading_bot:_update_market_data:184 | 市场数据更新完成
2025-06-17 10:35:44 | INFO     | src.trading.executor:update_account_info:125 | 账户更新: 总值$100396.42, 买入力$401585.68
2025-06-17 10:35:44 | DEBUG    | src.bot.trading_bot:_update_market_data:184 | 市场数据更新完成
2025-06-17 10:35:47 | INFO     | src.trading.executor:update_account_info:125 | 账户更新: 总值$100396.42, 买入力$401585.68
2025-06-17 10:35:47 | DEBUG    | src.bot.trading_bot:_update_market_data:184 | 市场数据更新完成
2025-06-17 10:35:50 | INFO     | src.trading.executor:update_account_info:125 | 账户更新: 总值$100396.42, 买入力$401585.68
2025-06-17 10:35:50 | DEBUG    | src.bot.trading_bot:_update_market_data:184 | 市场数据更新完成
2025-06-17 10:35:53 | INFO     | src.trading.executor:update_account_info:125 | 账户更新: 总值$100396.42, 买入力$401585.68
2025-06-17 10:35:53 | DEBUG    | src.bot.trading_bot:_update_market_data:184 | 市场数据更新完成
2025-06-17 10:35:56 | INFO     | src.trading.executor:update_account_info:125 | 账户更新: 总值$100396.42, 买入力$401585.68
2025-06-17 10:35:56 | DEBUG    | src.bot.trading_bot:_update_market_data:184 | 市场数据更新完成
2025-06-17 10:36:00 | INFO     | src.trading.executor:update_account_info:125 | 账户更新: 总值$100396.42, 买入力$401585.68
2025-06-17 10:36:00 | DEBUG    | src.bot.trading_bot:_update_market_data:184 | 市场数据更新完成
2025-06-17 10:36:03 | INFO     | src.trading.executor:update_account_info:125 | 账户更新: 总值$100396.42, 买入力$401585.68
2025-06-17 10:36:03 | DEBUG    | src.bot.trading_bot:_update_market_data:184 | 市场数据更新完成
2025-06-17 10:36:06 | INFO     | src.trading.executor:update_account_info:125 | 账户更新: 总值$100396.42, 买入力$401585.68
2025-06-17 10:36:06 | DEBUG    | src.bot.trading_bot:_update_market_data:184 | 市场数据更新完成
2025-06-17 10:36:09 | INFO     | src.trading.executor:update_account_info:125 | 账户更新: 总值$100396.42, 买入力$401585.68
2025-06-17 10:36:09 | DEBUG    | src.bot.trading_bot:_update_market_data:184 | 市场数据更新完成
2025-06-17 10:36:13 | INFO     | src.trading.executor:update_account_info:125 | 账户更新: 总值$100396.42, 买入力$401585.68
2025-06-17 10:36:13 | DEBUG    | src.bot.trading_bot:_update_market_data:184 | 市场数据更新完成
2025-06-17 10:36:16 | INFO     | src.trading.executor:update_account_info:125 | 账户更新: 总值$100396.42, 买入力$401585.68
2025-06-17 10:36:16 | DEBUG    | src.bot.trading_bot:_update_market_data:184 | 市场数据更新完成
2025-06-17 10:36:19 | INFO     | src.trading.executor:update_account_info:125 | 账户更新: 总值$100396.42, 买入力$401585.68
2025-06-17 10:36:19 | DEBUG    | src.bot.trading_bot:_update_market_data:184 | 市场数据更新完成
2025-06-17 10:36:22 | DEBUG    | src.bot.trading_bot:_update_positions_normal:259 | 📊 常规头寸更新完成
2025-06-17 10:36:23 | INFO     | src.trading.executor:update_account_info:125 | 账户更新: 总值$100396.42, 买入力$401585.68
2025-06-17 10:36:23 | DEBUG    | src.bot.trading_bot:_update_market_data:184 | 市场数据更新完成
2025-06-17 10:36:26 | INFO     | src.trading.executor:update_account_info:125 | 账户更新: 总值$100396.42, 买入力$401585.68
2025-06-17 10:36:26 | DEBUG    | src.bot.trading_bot:_update_market_data:184 | 市场数据更新完成
2025-06-17 10:36:29 | INFO     | src.trading.executor:update_account_info:125 | 账户更新: 总值$100396.42, 买入力$401585.68
2025-06-17 10:36:29 | DEBUG    | src.bot.trading_bot:_update_market_data:184 | 市场数据更新完成
2025-06-17 10:36:32 | INFO     | src.trading.executor:update_account_info:125 | 账户更新: 总值$100396.42, 买入力$401585.68
2025-06-17 10:36:32 | DEBUG    | src.bot.trading_bot:_update_market_data:184 | 市场数据更新完成
2025-06-17 10:36:35 | INFO     | src.trading.executor:update_account_info:125 | 账户更新: 总值$100396.42, 买入力$401585.68
2025-06-17 10:36:35 | DEBUG    | src.bot.trading_bot:_update_market_data:184 | 市场数据更新完成
2025-06-17 10:36:39 | INFO     | src.trading.executor:update_account_info:125 | 账户更新: 总值$100396.42, 买入力$401585.68
2025-06-17 10:36:39 | DEBUG    | src.bot.trading_bot:_update_market_data:184 | 市场数据更新完成
2025-06-17 10:36:42 | INFO     | src.trading.executor:update_account_info:125 | 账户更新: 总值$100396.42, 买入力$401585.68
2025-06-17 10:36:42 | DEBUG    | src.bot.trading_bot:_update_market_data:184 | 市场数据更新完成
2025-06-17 10:36:45 | INFO     | src.trading.executor:update_account_info:125 | 账户更新: 总值$100396.42, 买入力$401585.68
2025-06-17 10:36:45 | DEBUG    | src.bot.trading_bot:_update_market_data:184 | 市场数据更新完成
2025-06-17 10:36:48 | INFO     | src.trading.executor:update_account_info:125 | 账户更新: 总值$100396.42, 买入力$401585.68
2025-06-17 10:36:48 | DEBUG    | src.bot.trading_bot:_update_market_data:184 | 市场数据更新完成
2025-06-17 10:36:51 | INFO     | src.trading.executor:update_account_info:125 | 账户更新: 总值$100396.42, 买入力$401585.68
2025-06-17 10:36:51 | DEBUG    | src.bot.trading_bot:_update_market_data:184 | 市场数据更新完成
2025-06-17 10:36:55 | INFO     | src.trading.executor:update_account_info:125 | 账户更新: 总值$100396.42, 买入力$401585.68
2025-06-17 10:36:55 | DEBUG    | src.bot.trading_bot:_update_market_data:184 | 市场数据更新完成
2025-06-17 10:36:58 | INFO     | src.trading.executor:update_account_info:125 | 账户更新: 总值$100396.42, 买入力$401585.68
2025-06-17 10:36:58 | DEBUG    | src.bot.trading_bot:_update_market_data:184 | 市场数据更新完成
2025-06-17 10:37:01 | INFO     | src.trading.executor:update_account_info:125 | 账户更新: 总值$100396.42, 买入力$401585.68
2025-06-17 10:37:01 | DEBUG    | src.bot.trading_bot:_update_market_data:184 | 市场数据更新完成
2025-06-17 10:37:04 | INFO     | src.trading.executor:update_account_info:125 | 账户更新: 总值$100396.42, 买入力$401585.68
2025-06-17 10:37:04 | DEBUG    | src.bot.trading_bot:_update_market_data:184 | 市场数据更新完成
2025-06-17 10:37:07 | INFO     | src.trading.executor:update_account_info:125 | 账户更新: 总值$100396.42, 买入力$401585.68
2025-06-17 10:37:07 | DEBUG    | src.bot.trading_bot:_update_market_data:184 | 市场数据更新完成
2025-06-17 10:37:11 | INFO     | src.trading.executor:update_account_info:125 | 账户更新: 总值$100396.42, 买入力$401585.68
2025-06-17 10:37:11 | DEBUG    | src.bot.trading_bot:_update_market_data:184 | 市场数据更新完成
2025-06-17 10:37:14 | INFO     | src.trading.executor:update_account_info:125 | 账户更新: 总值$100396.42, 买入力$401585.68
2025-06-17 10:37:14 | DEBUG    | src.bot.trading_bot:_update_market_data:184 | 市场数据更新完成
2025-06-17 10:37:17 | INFO     | src.trading.executor:update_account_info:125 | 账户更新: 总值$100396.42, 买入力$401585.68
2025-06-17 10:37:17 | DEBUG    | src.bot.trading_bot:_update_market_data:184 | 市场数据更新完成
2025-06-17 10:37:20 | INFO     | src.strategy.signals:generate_signals:468 | 生成信号: SHORT - VWAP空头突破: 偏离-0.17%, MACD转负
2025-06-17 10:37:20 | INFO     | src.bot.trading_bot:_check_signals:202 | 检测到信号: SHORT 置信度: 0.85 原因: VWAP空头突破: 偏离-0.17%, MACD转负
2025-06-17 10:37:20 | INFO     | src.utils.notifications:send_message:63 | [GENERAL] 📡 交易信号
类型: SHORT
强度: MEDIUM
置信度: 0.85
价格: $598.99
原因: VWAP空头突破: 偏离-0.17%, MACD转负
2025-06-17 10:37:20 | INFO     | src.data.market_data:find_suitable_options:435 | 当前SPY价格: $599.76, 选择PUT期权行权价: $600
2025-06-17 10:37:20 | DEBUG    | src.data.market_data:_generate_option_symbol:470 | 生成期权代码: SPY250617P00600000 (行权价$600, 类型PUT)
2025-06-17 10:37:20 | INFO     | src.data.market_data:find_suitable_options:444 | 成功获取期权SPY250617P00600000的报价数据
2025-06-17 10:37:20 | ERROR    | src.trading.executor:find_best_option:192 | 查找最佳期权失败: 'contractSymbol'
2025-06-17 10:37:20 | WARNING  | src.bot.trading_bot:_check_signals:216 | 信号执行失败: SHORT
2025-06-17 10:37:21 | INFO     | src.trading.executor:update_account_info:125 | 账户更新: 总值$100396.42, 买入力$401585.68
2025-06-17 10:37:21 | DEBUG    | src.bot.trading_bot:_update_market_data:184 | 市场数据更新完成
2025-06-17 10:37:22 | DEBUG    | src.bot.trading_bot:_update_positions_normal:259 | 📊 常规头寸更新完成
2025-06-17 10:37:23 | INFO     | src.strategy.signals:generate_signals:468 | 生成信号: SHORT - VWAP空头突破: 偏离-0.17%, MACD转负
2025-06-17 10:37:23 | INFO     | src.bot.trading_bot:_check_signals:202 | 检测到信号: SHORT 置信度: 0.85 原因: VWAP空头突破: 偏离-0.17%, MACD转负
2025-06-17 10:37:23 | INFO     | src.utils.notifications:send_message:63 | [GENERAL] 📡 交易信号
类型: SHORT
强度: MEDIUM
置信度: 0.85
价格: $598.99
原因: VWAP空头突破: 偏离-0.17%, MACD转负
2025-06-17 10:37:24 | INFO     | src.data.market_data:find_suitable_options:435 | 当前SPY价格: $599.80, 选择PUT期权行权价: $600
2025-06-17 10:37:24 | DEBUG    | src.data.market_data:_generate_option_symbol:470 | 生成期权代码: SPY250617P00600000 (行权价$600, 类型PUT)
2025-06-17 10:37:24 | INFO     | src.data.market_data:find_suitable_options:444 | 成功获取期权SPY250617P00600000的报价数据
2025-06-17 10:37:24 | ERROR    | src.trading.executor:find_best_option:192 | 查找最佳期权失败: 'contractSymbol'
2025-06-17 10:37:24 | WARNING  | src.bot.trading_bot:_check_signals:216 | 信号执行失败: SHORT
2025-06-17 10:37:24 | INFO     | src.trading.executor:update_account_info:125 | 账户更新: 总值$100396.42, 买入力$401585.68
2025-06-17 10:37:24 | DEBUG    | src.bot.trading_bot:_update_market_data:184 | 市场数据更新完成
2025-06-17 10:37:27 | INFO     | src.strategy.signals:generate_signals:468 | 生成信号: SHORT - VWAP空头突破: 偏离-0.17%, MACD转负
2025-06-17 10:37:27 | INFO     | src.bot.trading_bot:_check_signals:202 | 检测到信号: SHORT 置信度: 0.85 原因: VWAP空头突破: 偏离-0.17%, MACD转负
2025-06-17 10:37:27 | INFO     | src.utils.notifications:send_message:63 | [GENERAL] 📡 交易信号
类型: SHORT
强度: MEDIUM
置信度: 0.85
价格: $598.99
原因: VWAP空头突破: 偏离-0.17%, MACD转负
2025-06-17 10:37:27 | INFO     | src.data.market_data:find_suitable_options:435 | 当前SPY价格: $599.80, 选择PUT期权行权价: $600
2025-06-17 10:37:27 | DEBUG    | src.data.market_data:_generate_option_symbol:470 | 生成期权代码: SPY250617P00600000 (行权价$600, 类型PUT)
2025-06-17 10:37:27 | INFO     | src.data.market_data:find_suitable_options:444 | 成功获取期权SPY250617P00600000的报价数据
2025-06-17 10:37:27 | ERROR    | src.trading.executor:find_best_option:192 | 查找最佳期权失败: 'contractSymbol'
2025-06-17 10:37:27 | WARNING  | src.bot.trading_bot:_check_signals:216 | 信号执行失败: SHORT
2025-06-17 10:37:28 | INFO     | src.trading.executor:update_account_info:125 | 账户更新: 总值$100396.42, 买入力$401585.68
2025-06-17 10:37:28 | DEBUG    | src.bot.trading_bot:_update_market_data:184 | 市场数据更新完成
2025-06-17 10:37:30 | INFO     | src.strategy.signals:generate_signals:468 | 生成信号: SHORT - VWAP空头突破: 偏离-0.17%, MACD转负
2025-06-17 10:37:30 | INFO     | src.bot.trading_bot:_check_signals:202 | 检测到信号: SHORT 置信度: 0.85 原因: VWAP空头突破: 偏离-0.17%, MACD转负
2025-06-17 10:37:30 | INFO     | src.utils.notifications:send_message:63 | [GENERAL] 📡 交易信号
类型: SHORT
强度: MEDIUM
置信度: 0.85
价格: $598.99
原因: VWAP空头突破: 偏离-0.17%, MACD转负
2025-06-17 10:37:31 | INFO     | src.data.market_data:find_suitable_options:435 | 当前SPY价格: $599.80, 选择PUT期权行权价: $600
2025-06-17 10:37:31 | DEBUG    | src.data.market_data:_generate_option_symbol:470 | 生成期权代码: SPY250617P00600000 (行权价$600, 类型PUT)
2025-06-17 10:37:31 | INFO     | src.data.market_data:find_suitable_options:444 | 成功获取期权SPY250617P00600000的报价数据
2025-06-17 10:37:31 | ERROR    | src.trading.executor:find_best_option:192 | 查找最佳期权失败: 'contractSymbol'
2025-06-17 10:37:31 | WARNING  | src.bot.trading_bot:_check_signals:216 | 信号执行失败: SHORT
2025-06-17 10:37:31 | INFO     | src.trading.executor:update_account_info:125 | 账户更新: 总值$100396.42, 买入力$401585.68
2025-06-17 10:37:31 | DEBUG    | src.bot.trading_bot:_update_market_data:184 | 市场数据更新完成
2025-06-17 10:37:34 | INFO     | src.strategy.signals:generate_signals:468 | 生成信号: SHORT - VWAP空头突破: 偏离-0.17%, MACD转负
2025-06-17 10:37:34 | INFO     | src.bot.trading_bot:_check_signals:202 | 检测到信号: SHORT 置信度: 0.85 原因: VWAP空头突破: 偏离-0.17%, MACD转负
2025-06-17 10:37:34 | INFO     | src.utils.notifications:send_message:63 | [GENERAL] 📡 交易信号
类型: SHORT
强度: MEDIUM
置信度: 0.85
价格: $598.99
原因: VWAP空头突破: 偏离-0.17%, MACD转负
2025-06-17 10:37:34 | INFO     | src.data.market_data:find_suitable_options:435 | 当前SPY价格: $599.80, 选择PUT期权行权价: $600
2025-06-17 10:37:34 | DEBUG    | src.data.market_data:_generate_option_symbol:470 | 生成期权代码: SPY250617P00600000 (行权价$600, 类型PUT)
2025-06-17 10:37:34 | INFO     | src.data.market_data:find_suitable_options:444 | 成功获取期权SPY250617P00600000的报价数据
2025-06-17 10:37:34 | ERROR    | src.trading.executor:find_best_option:192 | 查找最佳期权失败: 'contractSymbol'
2025-06-17 10:37:34 | WARNING  | src.bot.trading_bot:_check_signals:216 | 信号执行失败: SHORT
2025-06-17 10:37:35 | INFO     | src.trading.executor:update_account_info:125 | 账户更新: 总值$100396.42, 买入力$401585.68
2025-06-17 10:37:35 | DEBUG    | src.bot.trading_bot:_update_market_data:184 | 市场数据更新完成
2025-06-17 10:37:38 | INFO     | src.strategy.signals:generate_signals:468 | 生成信号: SHORT - VWAP空头突破: 偏离-0.17%, MACD转负
2025-06-17 10:37:38 | INFO     | src.bot.trading_bot:_check_signals:202 | 检测到信号: SHORT 置信度: 0.85 原因: VWAP空头突破: 偏离-0.17%, MACD转负
2025-06-17 10:37:38 | INFO     | src.utils.notifications:send_message:63 | [GENERAL] 📡 交易信号
类型: SHORT
强度: MEDIUM
置信度: 0.85
价格: $598.99
原因: VWAP空头突破: 偏离-0.17%, MACD转负
2025-06-17 10:37:38 | INFO     | src.data.market_data:find_suitable_options:435 | 当前SPY价格: $599.80, 选择PUT期权行权价: $600
2025-06-17 10:37:38 | DEBUG    | src.data.market_data:_generate_option_symbol:470 | 生成期权代码: SPY250617P00600000 (行权价$600, 类型PUT)
2025-06-17 10:37:38 | INFO     | src.data.market_data:find_suitable_options:444 | 成功获取期权SPY250617P00600000的报价数据
2025-06-17 10:37:38 | ERROR    | src.trading.executor:find_best_option:192 | 查找最佳期权失败: 'contractSymbol'
2025-06-17 10:37:38 | WARNING  | src.bot.trading_bot:_check_signals:216 | 信号执行失败: SHORT
2025-06-17 10:37:38 | INFO     | src.trading.executor:update_account_info:125 | 账户更新: 总值$100396.42, 买入力$401585.68
2025-06-17 10:37:38 | DEBUG    | src.bot.trading_bot:_update_market_data:184 | 市场数据更新完成
2025-06-17 10:37:41 | INFO     | src.strategy.signals:generate_signals:468 | 生成信号: SHORT - VWAP空头突破: 偏离-0.17%, MACD转负
2025-06-17 10:37:41 | INFO     | src.bot.trading_bot:_check_signals:202 | 检测到信号: SHORT 置信度: 0.85 原因: VWAP空头突破: 偏离-0.17%, MACD转负
2025-06-17 10:37:41 | INFO     | src.utils.notifications:send_message:63 | [GENERAL] 📡 交易信号
类型: SHORT
强度: MEDIUM
置信度: 0.85
价格: $598.99
原因: VWAP空头突破: 偏离-0.17%, MACD转负
2025-06-17 10:37:41 | INFO     | src.data.market_data:find_suitable_options:435 | 当前SPY价格: $599.80, 选择PUT期权行权价: $600
2025-06-17 10:37:41 | DEBUG    | src.data.market_data:_generate_option_symbol:470 | 生成期权代码: SPY250617P00600000 (行权价$600, 类型PUT)
2025-06-17 10:37:41 | INFO     | src.data.market_data:find_suitable_options:444 | 成功获取期权SPY250617P00600000的报价数据
2025-06-17 10:37:41 | ERROR    | src.trading.executor:find_best_option:192 | 查找最佳期权失败: 'contractSymbol'
2025-06-17 10:37:41 | WARNING  | src.bot.trading_bot:_check_signals:216 | 信号执行失败: SHORT
2025-06-17 10:37:42 | INFO     | src.trading.executor:update_account_info:125 | 账户更新: 总值$100396.42, 买入力$401585.68
2025-06-17 10:37:42 | DEBUG    | src.bot.trading_bot:_update_market_data:184 | 市场数据更新完成
2025-06-17 10:37:45 | INFO     | src.strategy.signals:generate_signals:468 | 生成信号: SHORT - VWAP空头突破: 偏离-0.17%, MACD转负
2025-06-17 10:37:45 | INFO     | src.bot.trading_bot:_check_signals:202 | 检测到信号: SHORT 置信度: 0.85 原因: VWAP空头突破: 偏离-0.17%, MACD转负
2025-06-17 10:37:45 | INFO     | src.utils.notifications:send_message:63 | [GENERAL] 📡 交易信号
类型: SHORT
强度: MEDIUM
置信度: 0.85
价格: $598.99
原因: VWAP空头突破: 偏离-0.17%, MACD转负
2025-06-17 10:37:45 | INFO     | src.data.market_data:find_suitable_options:435 | 当前SPY价格: $599.81, 选择PUT期权行权价: $600
2025-06-17 10:37:45 | DEBUG    | src.data.market_data:_generate_option_symbol:470 | 生成期权代码: SPY250617P00600000 (行权价$600, 类型PUT)
2025-06-17 10:37:45 | INFO     | src.data.market_data:find_suitable_options:444 | 成功获取期权SPY250617P00600000的报价数据
2025-06-17 10:37:45 | ERROR    | src.trading.executor:find_best_option:192 | 查找最佳期权失败: 'contractSymbol'
2025-06-17 10:37:45 | WARNING  | src.bot.trading_bot:_check_signals:216 | 信号执行失败: SHORT
2025-06-17 10:37:45 | INFO     | src.trading.executor:update_account_info:125 | 账户更新: 总值$100396.42, 买入力$401585.68
2025-06-17 10:37:45 | DEBUG    | src.bot.trading_bot:_update_market_data:184 | 市场数据更新完成
2025-06-17 10:37:48 | INFO     | src.strategy.signals:generate_signals:468 | 生成信号: SHORT - VWAP空头突破: 偏离-0.17%, MACD转负
2025-06-17 10:37:48 | INFO     | src.bot.trading_bot:_check_signals:202 | 检测到信号: SHORT 置信度: 0.85 原因: VWAP空头突破: 偏离-0.17%, MACD转负
2025-06-17 10:37:48 | INFO     | src.utils.notifications:send_message:63 | [GENERAL] 📡 交易信号
类型: SHORT
强度: MEDIUM
置信度: 0.85
价格: $598.99
原因: VWAP空头突破: 偏离-0.17%, MACD转负
2025-06-17 10:37:48 | INFO     | src.data.market_data:find_suitable_options:435 | 当前SPY价格: $599.81, 选择PUT期权行权价: $600
2025-06-17 10:37:48 | DEBUG    | src.data.market_data:_generate_option_symbol:470 | 生成期权代码: SPY250617P00600000 (行权价$600, 类型PUT)
2025-06-17 10:37:48 | INFO     | src.data.market_data:find_suitable_options:444 | 成功获取期权SPY250617P00600000的报价数据
2025-06-17 10:37:48 | ERROR    | src.trading.executor:find_best_option:192 | 查找最佳期权失败: 'contractSymbol'
2025-06-17 10:37:48 | WARNING  | src.bot.trading_bot:_check_signals:216 | 信号执行失败: SHORT
2025-06-17 10:37:49 | INFO     | src.trading.executor:update_account_info:125 | 账户更新: 总值$100396.42, 买入力$401585.68
2025-06-17 10:37:49 | DEBUG    | src.bot.trading_bot:_update_market_data:184 | 市场数据更新完成
2025-06-17 10:37:52 | INFO     | src.strategy.signals:generate_signals:468 | 生成信号: SHORT - VWAP空头突破: 偏离-0.17%, MACD转负
2025-06-17 10:37:52 | INFO     | src.bot.trading_bot:_check_signals:202 | 检测到信号: SHORT 置信度: 0.85 原因: VWAP空头突破: 偏离-0.17%, MACD转负
2025-06-17 10:37:52 | INFO     | src.utils.notifications:send_message:63 | [GENERAL] 📡 交易信号
类型: SHORT
强度: MEDIUM
置信度: 0.85
价格: $598.99
原因: VWAP空头突破: 偏离-0.17%, MACD转负
2025-06-17 10:37:52 | INFO     | src.data.market_data:find_suitable_options:435 | 当前SPY价格: $599.82, 选择PUT期权行权价: $600
2025-06-17 10:37:52 | DEBUG    | src.data.market_data:_generate_option_symbol:470 | 生成期权代码: SPY250617P00600000 (行权价$600, 类型PUT)
2025-06-17 10:37:52 | INFO     | src.data.market_data:find_suitable_options:444 | 成功获取期权SPY250617P00600000的报价数据
2025-06-17 10:37:52 | ERROR    | src.trading.executor:find_best_option:192 | 查找最佳期权失败: 'contractSymbol'
2025-06-17 10:37:52 | WARNING  | src.bot.trading_bot:_check_signals:216 | 信号执行失败: SHORT
2025-06-17 10:37:53 | INFO     | src.trading.executor:update_account_info:125 | 账户更新: 总值$100396.42, 买入力$401585.68
2025-06-17 10:37:53 | DEBUG    | src.bot.trading_bot:_update_market_data:184 | 市场数据更新完成
2025-06-17 10:37:55 | INFO     | src.strategy.signals:generate_signals:468 | 生成信号: SHORT - VWAP空头突破: 偏离-0.17%, MACD转负
2025-06-17 10:37:55 | INFO     | src.bot.trading_bot:_check_signals:202 | 检测到信号: SHORT 置信度: 0.85 原因: VWAP空头突破: 偏离-0.17%, MACD转负
2025-06-17 10:37:55 | INFO     | src.utils.notifications:send_message:63 | [GENERAL] 📡 交易信号
类型: SHORT
强度: MEDIUM
置信度: 0.85
价格: $598.99
原因: VWAP空头突破: 偏离-0.17%, MACD转负
2025-06-17 10:37:55 | INFO     | src.data.market_data:find_suitable_options:435 | 当前SPY价格: $599.82, 选择PUT期权行权价: $600
2025-06-17 10:37:55 | DEBUG    | src.data.market_data:_generate_option_symbol:470 | 生成期权代码: SPY250617P00600000 (行权价$600, 类型PUT)
2025-06-17 10:37:56 | INFO     | src.data.market_data:find_suitable_options:444 | 成功获取期权SPY250617P00600000的报价数据
2025-06-17 10:37:56 | ERROR    | src.trading.executor:find_best_option:192 | 查找最佳期权失败: 'contractSymbol'
2025-06-17 10:37:56 | WARNING  | src.bot.trading_bot:_check_signals:216 | 信号执行失败: SHORT
2025-06-17 10:37:56 | INFO     | src.trading.executor:update_account_info:125 | 账户更新: 总值$100396.42, 买入力$401585.68
2025-06-17 10:37:56 | DEBUG    | src.bot.trading_bot:_update_market_data:184 | 市场数据更新完成
2025-06-17 10:37:59 | INFO     | src.strategy.signals:generate_signals:468 | 生成信号: SHORT - VWAP空头突破: 偏离-0.17%, MACD转负
2025-06-17 10:37:59 | INFO     | src.bot.trading_bot:_check_signals:202 | 检测到信号: SHORT 置信度: 0.85 原因: VWAP空头突破: 偏离-0.17%, MACD转负
2025-06-17 10:37:59 | INFO     | src.utils.notifications:send_message:63 | [GENERAL] 📡 交易信号
类型: SHORT
强度: MEDIUM
置信度: 0.85
价格: $598.99
原因: VWAP空头突破: 偏离-0.17%, MACD转负
2025-06-17 10:37:59 | INFO     | src.data.market_data:find_suitable_options:435 | 当前SPY价格: $599.82, 选择PUT期权行权价: $600
2025-06-17 10:37:59 | DEBUG    | src.data.market_data:_generate_option_symbol:470 | 生成期权代码: SPY250617P00600000 (行权价$600, 类型PUT)
2025-06-17 10:37:59 | INFO     | src.data.market_data:find_suitable_options:444 | 成功获取期权SPY250617P00600000的报价数据
2025-06-17 10:37:59 | ERROR    | src.trading.executor:find_best_option:192 | 查找最佳期权失败: 'contractSymbol'
2025-06-17 10:37:59 | WARNING  | src.bot.trading_bot:_check_signals:216 | 信号执行失败: SHORT
2025-06-17 10:38:00 | INFO     | src.trading.executor:update_account_info:125 | 账户更新: 总值$100396.42, 买入力$401585.68
2025-06-17 10:38:00 | DEBUG    | src.bot.trading_bot:_update_market_data:184 | 市场数据更新完成
2025-06-17 10:38:02 | INFO     | src.strategy.signals:generate_signals:468 | 生成信号: SHORT - VWAP空头突破: 偏离-0.17%, MACD转负
2025-06-17 10:38:02 | INFO     | src.bot.trading_bot:_check_signals:202 | 检测到信号: SHORT 置信度: 0.85 原因: VWAP空头突破: 偏离-0.17%, MACD转负
2025-06-17 10:38:02 | INFO     | src.utils.notifications:send_message:63 | [GENERAL] 📡 交易信号
类型: SHORT
强度: MEDIUM
置信度: 0.85
价格: $598.99
原因: VWAP空头突破: 偏离-0.17%, MACD转负
2025-06-17 10:38:02 | INFO     | src.data.market_data:find_suitable_options:435 | 当前SPY价格: $599.80, 选择PUT期权行权价: $600
2025-06-17 10:38:02 | DEBUG    | src.data.market_data:_generate_option_symbol:470 | 生成期权代码: SPY250617P00600000 (行权价$600, 类型PUT)
2025-06-17 10:38:03 | INFO     | src.data.market_data:find_suitable_options:444 | 成功获取期权SPY250617P00600000的报价数据
2025-06-17 10:38:03 | ERROR    | src.trading.executor:find_best_option:192 | 查找最佳期权失败: 'contractSymbol'
2025-06-17 10:38:03 | WARNING  | src.bot.trading_bot:_check_signals:216 | 信号执行失败: SHORT
2025-06-17 10:38:03 | INFO     | src.trading.executor:update_account_info:125 | 账户更新: 总值$100396.42, 买入力$401585.68
2025-06-17 10:38:03 | DEBUG    | src.bot.trading_bot:_update_market_data:184 | 市场数据更新完成
2025-06-17 10:38:06 | INFO     | src.strategy.signals:generate_signals:468 | 生成信号: SHORT - VWAP空头突破: 偏离-0.17%, MACD转负
2025-06-17 10:38:06 | INFO     | src.bot.trading_bot:_check_signals:202 | 检测到信号: SHORT 置信度: 0.85 原因: VWAP空头突破: 偏离-0.17%, MACD转负
2025-06-17 10:38:06 | INFO     | src.utils.notifications:send_message:63 | [GENERAL] 📡 交易信号
类型: SHORT
强度: MEDIUM
置信度: 0.85
价格: $598.99
原因: VWAP空头突破: 偏离-0.17%, MACD转负
2025-06-17 10:38:06 | INFO     | src.data.market_data:find_suitable_options:435 | 当前SPY价格: $599.80, 选择PUT期权行权价: $600
2025-06-17 10:38:06 | DEBUG    | src.data.market_data:_generate_option_symbol:470 | 生成期权代码: SPY250617P00600000 (行权价$600, 类型PUT)
2025-06-17 10:38:06 | INFO     | src.data.market_data:find_suitable_options:444 | 成功获取期权SPY250617P00600000的报价数据
2025-06-17 10:38:06 | ERROR    | src.trading.executor:find_best_option:192 | 查找最佳期权失败: 'contractSymbol'
2025-06-17 10:38:06 | WARNING  | src.bot.trading_bot:_check_signals:216 | 信号执行失败: SHORT
2025-06-17 10:38:07 | INFO     | src.trading.executor:update_account_info:125 | 账户更新: 总值$100396.42, 买入力$401585.68
2025-06-17 10:38:07 | DEBUG    | src.bot.trading_bot:_update_market_data:184 | 市场数据更新完成
2025-06-17 10:38:09 | INFO     | src.strategy.signals:generate_signals:468 | 生成信号: SHORT - VWAP空头突破: 偏离-0.17%, MACD转负
2025-06-17 10:38:09 | INFO     | src.bot.trading_bot:_check_signals:202 | 检测到信号: SHORT 置信度: 0.85 原因: VWAP空头突破: 偏离-0.17%, MACD转负
2025-06-17 10:38:09 | INFO     | src.utils.notifications:send_message:63 | [GENERAL] 📡 交易信号
类型: SHORT
强度: MEDIUM
置信度: 0.85
价格: $598.99
原因: VWAP空头突破: 偏离-0.17%, MACD转负
2025-06-17 10:38:09 | INFO     | src.data.market_data:find_suitable_options:435 | 当前SPY价格: $599.80, 选择PUT期权行权价: $600
2025-06-17 10:38:09 | DEBUG    | src.data.market_data:_generate_option_symbol:470 | 生成期权代码: SPY250617P00600000 (行权价$600, 类型PUT)
2025-06-17 10:38:10 | INFO     | src.data.market_data:find_suitable_options:444 | 成功获取期权SPY250617P00600000的报价数据
2025-06-17 10:38:10 | ERROR    | src.trading.executor:find_best_option:192 | 查找最佳期权失败: 'contractSymbol'
2025-06-17 10:38:10 | WARNING  | src.bot.trading_bot:_check_signals:216 | 信号执行失败: SHORT
2025-06-17 10:38:10 | INFO     | src.trading.executor:update_account_info:125 | 账户更新: 总值$100396.42, 买入力$401585.68
2025-06-17 10:38:10 | DEBUG    | src.bot.trading_bot:_update_market_data:184 | 市场数据更新完成
2025-06-17 10:38:13 | INFO     | src.strategy.signals:generate_signals:468 | 生成信号: SHORT - VWAP空头突破: 偏离-0.17%, MACD转负
2025-06-17 10:38:13 | INFO     | src.bot.trading_bot:_check_signals:202 | 检测到信号: SHORT 置信度: 0.85 原因: VWAP空头突破: 偏离-0.17%, MACD转负
2025-06-17 10:38:13 | INFO     | src.utils.notifications:send_message:63 | [GENERAL] 📡 交易信号
类型: SHORT
强度: MEDIUM
置信度: 0.85
价格: $598.99
原因: VWAP空头突破: 偏离-0.17%, MACD转负
2025-06-17 10:38:13 | INFO     | src.data.market_data:find_suitable_options:435 | 当前SPY价格: $599.85, 选择PUT期权行权价: $600
2025-06-17 10:38:13 | DEBUG    | src.data.market_data:_generate_option_symbol:470 | 生成期权代码: SPY250617P00600000 (行权价$600, 类型PUT)
2025-06-17 10:38:13 | INFO     | src.data.market_data:find_suitable_options:444 | 成功获取期权SPY250617P00600000的报价数据
2025-06-17 10:38:13 | ERROR    | src.trading.executor:find_best_option:192 | 查找最佳期权失败: 'contractSymbol'
2025-06-17 10:38:13 | WARNING  | src.bot.trading_bot:_check_signals:216 | 信号执行失败: SHORT
2025-06-17 10:38:14 | INFO     | src.trading.executor:update_account_info:125 | 账户更新: 总值$100396.42, 买入力$401585.68
2025-06-17 10:38:14 | DEBUG    | src.bot.trading_bot:_update_market_data:184 | 市场数据更新完成
2025-06-17 10:38:16 | INFO     | src.strategy.signals:generate_signals:468 | 生成信号: SHORT - VWAP空头突破: 偏离-0.17%, MACD转负
2025-06-17 10:38:16 | INFO     | src.bot.trading_bot:_check_signals:202 | 检测到信号: SHORT 置信度: 0.85 原因: VWAP空头突破: 偏离-0.17%, MACD转负
2025-06-17 10:38:16 | INFO     | src.utils.notifications:send_message:63 | [GENERAL] 📡 交易信号
类型: SHORT
强度: MEDIUM
置信度: 0.85
价格: $598.99
原因: VWAP空头突破: 偏离-0.17%, MACD转负
2025-06-17 10:38:16 | INFO     | src.data.market_data:find_suitable_options:435 | 当前SPY价格: $599.85, 选择PUT期权行权价: $600
2025-06-17 10:38:16 | DEBUG    | src.data.market_data:_generate_option_symbol:470 | 生成期权代码: SPY250617P00600000 (行权价$600, 类型PUT)
2025-06-17 10:38:17 | INFO     | src.data.market_data:find_suitable_options:444 | 成功获取期权SPY250617P00600000的报价数据
2025-06-17 10:38:17 | ERROR    | src.trading.executor:find_best_option:192 | 查找最佳期权失败: 'contractSymbol'
2025-06-17 10:38:17 | WARNING  | src.bot.trading_bot:_check_signals:216 | 信号执行失败: SHORT
2025-06-17 10:38:17 | INFO     | src.trading.executor:update_account_info:125 | 账户更新: 总值$100396.42, 买入力$401585.68
2025-06-17 10:38:17 | DEBUG    | src.bot.trading_bot:_update_market_data:184 | 市场数据更新完成
2025-06-17 10:38:20 | INFO     | src.strategy.signals:generate_signals:468 | 生成信号: SHORT - VWAP空头突破: 偏离-0.17%, MACD转负
2025-06-17 10:38:20 | INFO     | src.bot.trading_bot:_check_signals:202 | 检测到信号: SHORT 置信度: 0.85 原因: VWAP空头突破: 偏离-0.17%, MACD转负
2025-06-17 10:38:20 | INFO     | src.utils.notifications:send_message:63 | [GENERAL] 📡 交易信号
类型: SHORT
强度: MEDIUM
置信度: 0.85
价格: $598.99
原因: VWAP空头突破: 偏离-0.17%, MACD转负
2025-06-17 10:38:20 | INFO     | src.data.market_data:find_suitable_options:435 | 当前SPY价格: $599.85, 选择PUT期权行权价: $600
2025-06-17 10:38:20 | DEBUG    | src.data.market_data:_generate_option_symbol:470 | 生成期权代码: SPY250617P00600000 (行权价$600, 类型PUT)
2025-06-17 10:38:20 | INFO     | src.data.market_data:find_suitable_options:444 | 成功获取期权SPY250617P00600000的报价数据
2025-06-17 10:38:20 | ERROR    | src.trading.executor:find_best_option:192 | 查找最佳期权失败: 'contractSymbol'
2025-06-17 10:38:20 | WARNING  | src.bot.trading_bot:_check_signals:216 | 信号执行失败: SHORT
2025-06-17 10:38:21 | INFO     | src.trading.executor:update_account_info:125 | 账户更新: 总值$100396.42, 买入力$401585.68
2025-06-17 10:38:21 | DEBUG    | src.bot.trading_bot:_update_market_data:184 | 市场数据更新完成
2025-06-17 10:38:23 | DEBUG    | src.bot.trading_bot:_update_positions_normal:259 | 📊 常规头寸更新完成
2025-06-17 10:38:23 | INFO     | src.strategy.signals:generate_signals:468 | 生成信号: SHORT - VWAP空头突破: 偏离-0.21%, MACD转负
2025-06-17 10:38:23 | INFO     | src.bot.trading_bot:_check_signals:202 | 检测到信号: SHORT 置信度: 0.85 原因: VWAP空头突破: 偏离-0.21%, MACD转负
2025-06-17 10:38:23 | INFO     | src.utils.notifications:send_message:63 | [GENERAL] 📡 交易信号
类型: SHORT
强度: MEDIUM
置信度: 0.85
价格: $598.73
原因: VWAP空头突破: 偏离-0.21%, MACD转负
2025-06-17 10:38:24 | INFO     | src.data.market_data:find_suitable_options:435 | 当前SPY价格: $599.85, 选择PUT期权行权价: $600
2025-06-17 10:38:24 | DEBUG    | src.data.market_data:_generate_option_symbol:470 | 生成期权代码: SPY250617P00600000 (行权价$600, 类型PUT)
2025-06-17 10:38:24 | INFO     | src.data.market_data:find_suitable_options:444 | 成功获取期权SPY250617P00600000的报价数据
2025-06-17 10:38:24 | ERROR    | src.trading.executor:find_best_option:192 | 查找最佳期权失败: 'contractSymbol'
2025-06-17 10:38:24 | WARNING  | src.bot.trading_bot:_check_signals:216 | 信号执行失败: SHORT
2025-06-17 10:38:24 | INFO     | src.trading.executor:update_account_info:125 | 账户更新: 总值$100396.42, 买入力$401585.68
2025-06-17 10:38:24 | DEBUG    | src.bot.trading_bot:_update_market_data:184 | 市场数据更新完成
2025-06-17 10:38:27 | INFO     | src.strategy.signals:generate_signals:468 | 生成信号: SHORT - VWAP空头突破: 偏离-0.21%, MACD转负
2025-06-17 10:38:27 | INFO     | src.bot.trading_bot:_check_signals:202 | 检测到信号: SHORT 置信度: 0.85 原因: VWAP空头突破: 偏离-0.21%, MACD转负
2025-06-17 10:38:27 | INFO     | src.utils.notifications:send_message:63 | [GENERAL] 📡 交易信号
类型: SHORT
强度: MEDIUM
置信度: 0.85
价格: $598.73
原因: VWAP空头突破: 偏离-0.21%, MACD转负
2025-06-17 10:38:27 | INFO     | src.data.market_data:find_suitable_options:435 | 当前SPY价格: $599.77, 选择PUT期权行权价: $600
2025-06-17 10:38:27 | DEBUG    | src.data.market_data:_generate_option_symbol:470 | 生成期权代码: SPY250617P00600000 (行权价$600, 类型PUT)
2025-06-17 10:38:27 | INFO     | src.data.market_data:find_suitable_options:444 | 成功获取期权SPY250617P00600000的报价数据
2025-06-17 10:38:27 | ERROR    | src.trading.executor:find_best_option:192 | 查找最佳期权失败: 'contractSymbol'
2025-06-17 10:38:27 | WARNING  | src.bot.trading_bot:_check_signals:216 | 信号执行失败: SHORT
2025-06-17 10:38:28 | INFO     | src.trading.executor:update_account_info:125 | 账户更新: 总值$100396.42, 买入力$401585.68
2025-06-17 10:38:28 | DEBUG    | src.bot.trading_bot:_update_market_data:184 | 市场数据更新完成
2025-06-17 10:38:30 | INFO     | src.strategy.signals:generate_signals:468 | 生成信号: SHORT - VWAP空头突破: 偏离-0.21%, MACD转负
2025-06-17 10:38:30 | INFO     | src.bot.trading_bot:_check_signals:202 | 检测到信号: SHORT 置信度: 0.85 原因: VWAP空头突破: 偏离-0.21%, MACD转负
2025-06-17 10:38:30 | INFO     | src.utils.notifications:send_message:63 | [GENERAL] 📡 交易信号
类型: SHORT
强度: MEDIUM
置信度: 0.85
价格: $598.73
原因: VWAP空头突破: 偏离-0.21%, MACD转负
2025-06-17 10:38:31 | INFO     | src.data.market_data:find_suitable_options:435 | 当前SPY价格: $599.77, 选择PUT期权行权价: $600
2025-06-17 10:38:31 | DEBUG    | src.data.market_data:_generate_option_symbol:470 | 生成期权代码: SPY250617P00600000 (行权价$600, 类型PUT)
2025-06-17 10:38:31 | INFO     | src.data.market_data:find_suitable_options:444 | 成功获取期权SPY250617P00600000的报价数据
2025-06-17 10:38:31 | ERROR    | src.trading.executor:find_best_option:192 | 查找最佳期权失败: 'contractSymbol'
2025-06-17 10:38:31 | WARNING  | src.bot.trading_bot:_check_signals:216 | 信号执行失败: SHORT
2025-06-17 10:38:32 | INFO     | src.trading.executor:update_account_info:125 | 账户更新: 总值$100396.42, 买入力$401585.68
2025-06-17 10:38:32 | DEBUG    | src.bot.trading_bot:_update_market_data:184 | 市场数据更新完成
2025-06-17 10:38:34 | INFO     | src.strategy.signals:generate_signals:468 | 生成信号: SHORT - VWAP空头突破: 偏离-0.21%, MACD转负
2025-06-17 10:38:34 | INFO     | src.bot.trading_bot:_check_signals:202 | 检测到信号: SHORT 置信度: 0.85 原因: VWAP空头突破: 偏离-0.21%, MACD转负
2025-06-17 10:38:34 | INFO     | src.utils.notifications:send_message:63 | [GENERAL] 📡 交易信号
类型: SHORT
强度: MEDIUM
置信度: 0.85
价格: $598.73
原因: VWAP空头突破: 偏离-0.21%, MACD转负
2025-06-17 10:38:34 | INFO     | src.data.market_data:find_suitable_options:435 | 当前SPY价格: $599.70, 选择PUT期权行权价: $600
2025-06-17 10:38:34 | DEBUG    | src.data.market_data:_generate_option_symbol:470 | 生成期权代码: SPY250617P00600000 (行权价$600, 类型PUT)
2025-06-17 10:38:34 | INFO     | src.data.market_data:find_suitable_options:444 | 成功获取期权SPY250617P00600000的报价数据
2025-06-17 10:38:34 | ERROR    | src.trading.executor:find_best_option:192 | 查找最佳期权失败: 'contractSymbol'
2025-06-17 10:38:34 | WARNING  | src.bot.trading_bot:_check_signals:216 | 信号执行失败: SHORT
2025-06-17 10:38:35 | INFO     | src.trading.executor:update_account_info:125 | 账户更新: 总值$100396.42, 买入力$401585.68
2025-06-17 10:38:35 | DEBUG    | src.bot.trading_bot:_update_market_data:184 | 市场数据更新完成
2025-06-17 10:38:38 | INFO     | src.strategy.signals:generate_signals:468 | 生成信号: SHORT - VWAP空头突破: 偏离-0.21%, MACD转负
2025-06-17 10:38:38 | INFO     | src.bot.trading_bot:_check_signals:202 | 检测到信号: SHORT 置信度: 0.85 原因: VWAP空头突破: 偏离-0.21%, MACD转负
2025-06-17 10:38:38 | INFO     | src.utils.notifications:send_message:63 | [GENERAL] 📡 交易信号
类型: SHORT
强度: MEDIUM
置信度: 0.85
价格: $598.73
原因: VWAP空头突破: 偏离-0.21%, MACD转负
2025-06-17 10:38:38 | INFO     | src.data.market_data:find_suitable_options:435 | 当前SPY价格: $599.70, 选择PUT期权行权价: $600
2025-06-17 10:38:38 | DEBUG    | src.data.market_data:_generate_option_symbol:470 | 生成期权代码: SPY250617P00600000 (行权价$600, 类型PUT)
2025-06-17 10:38:38 | INFO     | src.data.market_data:find_suitable_options:444 | 成功获取期权SPY250617P00600000的报价数据
2025-06-17 10:38:38 | ERROR    | src.trading.executor:find_best_option:192 | 查找最佳期权失败: 'contractSymbol'
2025-06-17 10:38:38 | WARNING  | src.bot.trading_bot:_check_signals:216 | 信号执行失败: SHORT
2025-06-17 10:38:38 | INFO     | src.trading.executor:update_account_info:125 | 账户更新: 总值$100396.42, 买入力$401585.68
2025-06-17 10:38:38 | DEBUG    | src.bot.trading_bot:_update_market_data:184 | 市场数据更新完成
2025-06-17 10:38:41 | INFO     | src.strategy.signals:generate_signals:468 | 生成信号: SHORT - VWAP空头突破: 偏离-0.21%, MACD转负
2025-06-17 10:38:41 | INFO     | src.bot.trading_bot:_check_signals:202 | 检测到信号: SHORT 置信度: 0.85 原因: VWAP空头突破: 偏离-0.21%, MACD转负
2025-06-17 10:38:41 | INFO     | src.utils.notifications:send_message:63 | [GENERAL] 📡 交易信号
类型: SHORT
强度: MEDIUM
置信度: 0.85
价格: $598.73
原因: VWAP空头突破: 偏离-0.21%, MACD转负
2025-06-17 10:38:41 | INFO     | src.data.market_data:find_suitable_options:435 | 当前SPY价格: $599.70, 选择PUT期权行权价: $600
2025-06-17 10:38:41 | DEBUG    | src.data.market_data:_generate_option_symbol:470 | 生成期权代码: SPY250617P00600000 (行权价$600, 类型PUT)
2025-06-17 10:38:41 | INFO     | src.data.market_data:find_suitable_options:444 | 成功获取期权SPY250617P00600000的报价数据
2025-06-17 10:38:41 | ERROR    | src.trading.executor:find_best_option:192 | 查找最佳期权失败: 'contractSymbol'
2025-06-17 10:38:41 | WARNING  | src.bot.trading_bot:_check_signals:216 | 信号执行失败: SHORT
2025-06-17 10:38:42 | INFO     | src.trading.executor:update_account_info:125 | 账户更新: 总值$100396.42, 买入力$401585.68
2025-06-17 10:38:42 | DEBUG    | src.bot.trading_bot:_update_market_data:184 | 市场数据更新完成
2025-06-17 10:38:45 | INFO     | src.strategy.signals:generate_signals:468 | 生成信号: SHORT - VWAP空头突破: 偏离-0.21%, MACD转负
2025-06-17 10:38:45 | INFO     | src.bot.trading_bot:_check_signals:202 | 检测到信号: SHORT 置信度: 0.85 原因: VWAP空头突破: 偏离-0.21%, MACD转负
2025-06-17 10:38:45 | INFO     | src.utils.notifications:send_message:63 | [GENERAL] 📡 交易信号
类型: SHORT
强度: MEDIUM
置信度: 0.85
价格: $598.73
原因: VWAP空头突破: 偏离-0.21%, MACD转负
2025-06-17 10:38:45 | INFO     | src.data.market_data:find_suitable_options:435 | 当前SPY价格: $599.70, 选择PUT期权行权价: $600
2025-06-17 10:38:45 | DEBUG    | src.data.market_data:_generate_option_symbol:470 | 生成期权代码: SPY250617P00600000 (行权价$600, 类型PUT)
2025-06-17 10:38:45 | INFO     | src.data.market_data:find_suitable_options:444 | 成功获取期权SPY250617P00600000的报价数据
2025-06-17 10:38:45 | ERROR    | src.trading.executor:find_best_option:192 | 查找最佳期权失败: 'contractSymbol'
2025-06-17 10:38:45 | WARNING  | src.bot.trading_bot:_check_signals:216 | 信号执行失败: SHORT
2025-06-17 10:38:45 | INFO     | src.trading.executor:update_account_info:125 | 账户更新: 总值$100396.42, 买入力$401585.68
2025-06-17 10:38:45 | DEBUG    | src.bot.trading_bot:_update_market_data:184 | 市场数据更新完成
2025-06-17 10:38:48 | INFO     | src.strategy.signals:generate_signals:468 | 生成信号: SHORT - VWAP空头突破: 偏离-0.21%, MACD转负
2025-06-17 10:38:48 | INFO     | src.bot.trading_bot:_check_signals:202 | 检测到信号: SHORT 置信度: 0.85 原因: VWAP空头突破: 偏离-0.21%, MACD转负
2025-06-17 10:38:48 | INFO     | src.utils.notifications:send_message:63 | [GENERAL] 📡 交易信号
类型: SHORT
强度: MEDIUM
置信度: 0.85
价格: $598.73
原因: VWAP空头突破: 偏离-0.21%, MACD转负
2025-06-17 10:38:48 | INFO     | src.data.market_data:find_suitable_options:435 | 当前SPY价格: $599.70, 选择PUT期权行权价: $600
2025-06-17 10:38:48 | DEBUG    | src.data.market_data:_generate_option_symbol:470 | 生成期权代码: SPY250617P00600000 (行权价$600, 类型PUT)
2025-06-17 10:38:48 | INFO     | src.data.market_data:find_suitable_options:444 | 成功获取期权SPY250617P00600000的报价数据
2025-06-17 10:38:48 | ERROR    | src.trading.executor:find_best_option:192 | 查找最佳期权失败: 'contractSymbol'
2025-06-17 10:38:48 | WARNING  | src.bot.trading_bot:_check_signals:216 | 信号执行失败: SHORT
2025-06-17 10:38:49 | INFO     | src.trading.executor:update_account_info:125 | 账户更新: 总值$100396.42, 买入力$401585.68
2025-06-17 10:38:49 | DEBUG    | src.bot.trading_bot:_update_market_data:184 | 市场数据更新完成
2025-06-17 10:38:51 | INFO     | src.strategy.signals:generate_signals:468 | 生成信号: SHORT - VWAP空头突破: 偏离-0.21%, MACD转负
2025-06-17 10:38:51 | INFO     | src.bot.trading_bot:_check_signals:202 | 检测到信号: SHORT 置信度: 0.85 原因: VWAP空头突破: 偏离-0.21%, MACD转负
2025-06-17 10:38:51 | INFO     | src.utils.notifications:send_message:63 | [GENERAL] 📡 交易信号
类型: SHORT
强度: MEDIUM
置信度: 0.85
价格: $598.73
原因: VWAP空头突破: 偏离-0.21%, MACD转负
2025-06-17 10:38:52 | INFO     | src.data.market_data:find_suitable_options:435 | 当前SPY价格: $599.70, 选择PUT期权行权价: $600
2025-06-17 10:38:52 | DEBUG    | src.data.market_data:_generate_option_symbol:470 | 生成期权代码: SPY250617P00600000 (行权价$600, 类型PUT)
2025-06-17 10:38:52 | INFO     | src.data.market_data:find_suitable_options:444 | 成功获取期权SPY250617P00600000的报价数据
2025-06-17 10:38:52 | ERROR    | src.trading.executor:find_best_option:192 | 查找最佳期权失败: 'contractSymbol'
2025-06-17 10:38:52 | WARNING  | src.bot.trading_bot:_check_signals:216 | 信号执行失败: SHORT
2025-06-17 10:38:52 | INFO     | src.trading.executor:update_account_info:125 | 账户更新: 总值$100396.42, 买入力$401585.68
2025-06-17 10:38:52 | DEBUG    | src.bot.trading_bot:_update_market_data:184 | 市场数据更新完成
2025-06-17 10:38:55 | INFO     | src.strategy.signals:generate_signals:468 | 生成信号: SHORT - VWAP空头突破: 偏离-0.21%, MACD转负
2025-06-17 10:38:55 | INFO     | src.bot.trading_bot:_check_signals:202 | 检测到信号: SHORT 置信度: 0.85 原因: VWAP空头突破: 偏离-0.21%, MACD转负
2025-06-17 10:38:55 | INFO     | src.utils.notifications:send_message:63 | [GENERAL] 📡 交易信号
类型: SHORT
强度: MEDIUM
置信度: 0.85
价格: $598.73
原因: VWAP空头突破: 偏离-0.21%, MACD转负
2025-06-17 10:38:55 | INFO     | src.data.market_data:find_suitable_options:435 | 当前SPY价格: $599.50, 选择PUT期权行权价: $600
2025-06-17 10:38:55 | DEBUG    | src.data.market_data:_generate_option_symbol:470 | 生成期权代码: SPY250617P00600000 (行权价$600, 类型PUT)
2025-06-17 10:38:55 | INFO     | src.data.market_data:find_suitable_options:444 | 成功获取期权SPY250617P00600000的报价数据
2025-06-17 10:38:55 | ERROR    | src.trading.executor:find_best_option:192 | 查找最佳期权失败: 'contractSymbol'
2025-06-17 10:38:55 | WARNING  | src.bot.trading_bot:_check_signals:216 | 信号执行失败: SHORT
2025-06-17 10:38:56 | INFO     | src.trading.executor:update_account_info:125 | 账户更新: 总值$100396.42, 买入力$401585.68
2025-06-17 10:38:56 | DEBUG    | src.bot.trading_bot:_update_market_data:184 | 市场数据更新完成
2025-06-17 10:38:59 | INFO     | src.strategy.signals:generate_signals:468 | 生成信号: SHORT - VWAP空头突破: 偏离-0.21%, MACD转负
2025-06-17 10:38:59 | INFO     | src.bot.trading_bot:_check_signals:202 | 检测到信号: SHORT 置信度: 0.85 原因: VWAP空头突破: 偏离-0.21%, MACD转负
2025-06-17 10:38:59 | INFO     | src.utils.notifications:send_message:63 | [GENERAL] 📡 交易信号
类型: SHORT
强度: MEDIUM
置信度: 0.85
价格: $598.73
原因: VWAP空头突破: 偏离-0.21%, MACD转负
2025-06-17 10:38:59 | INFO     | src.data.market_data:find_suitable_options:435 | 当前SPY价格: $599.45, 选择PUT期权行权价: $600
2025-06-17 10:38:59 | DEBUG    | src.data.market_data:_generate_option_symbol:470 | 生成期权代码: SPY250617P00600000 (行权价$600, 类型PUT)
2025-06-17 10:38:59 | INFO     | src.data.market_data:find_suitable_options:444 | 成功获取期权SPY250617P00600000的报价数据
2025-06-17 10:38:59 | ERROR    | src.trading.executor:find_best_option:192 | 查找最佳期权失败: 'contractSymbol'
2025-06-17 10:38:59 | WARNING  | src.bot.trading_bot:_check_signals:216 | 信号执行失败: SHORT
2025-06-17 10:38:59 | INFO     | src.trading.executor:update_account_info:125 | 账户更新: 总值$100396.42, 买入力$401585.68
2025-06-17 10:38:59 | DEBUG    | src.bot.trading_bot:_update_market_data:184 | 市场数据更新完成
2025-06-17 10:39:02 | INFO     | src.strategy.signals:generate_signals:468 | 生成信号: SHORT - VWAP空头突破: 偏离-0.21%, MACD转负
2025-06-17 10:39:02 | INFO     | src.bot.trading_bot:_check_signals:202 | 检测到信号: SHORT 置信度: 0.85 原因: VWAP空头突破: 偏离-0.21%, MACD转负
2025-06-17 10:39:02 | INFO     | src.utils.notifications:send_message:63 | [GENERAL] 📡 交易信号
类型: SHORT
强度: MEDIUM
置信度: 0.85
价格: $598.73
原因: VWAP空头突破: 偏离-0.21%, MACD转负
2025-06-17 10:39:02 | INFO     | src.data.market_data:find_suitable_options:435 | 当前SPY价格: $599.43, 选择PUT期权行权价: $600
2025-06-17 10:39:02 | DEBUG    | src.data.market_data:_generate_option_symbol:470 | 生成期权代码: SPY250617P00600000 (行权价$600, 类型PUT)
2025-06-17 10:39:02 | INFO     | src.data.market_data:find_suitable_options:444 | 成功获取期权SPY250617P00600000的报价数据
2025-06-17 10:39:02 | ERROR    | src.trading.executor:find_best_option:192 | 查找最佳期权失败: 'contractSymbol'
2025-06-17 10:39:02 | WARNING  | src.bot.trading_bot:_check_signals:216 | 信号执行失败: SHORT
2025-06-17 10:39:03 | INFO     | src.trading.executor:update_account_info:125 | 账户更新: 总值$100396.42, 买入力$401585.68
2025-06-17 10:39:03 | DEBUG    | src.bot.trading_bot:_update_market_data:184 | 市场数据更新完成
2025-06-17 10:39:06 | INFO     | src.strategy.signals:generate_signals:468 | 生成信号: SHORT - VWAP空头突破: 偏离-0.21%, MACD转负
2025-06-17 10:39:06 | INFO     | src.bot.trading_bot:_check_signals:202 | 检测到信号: SHORT 置信度: 0.85 原因: VWAP空头突破: 偏离-0.21%, MACD转负
2025-06-17 10:39:06 | INFO     | src.utils.notifications:send_message:63 | [GENERAL] 📡 交易信号
类型: SHORT
强度: MEDIUM
置信度: 0.85
价格: $598.73
原因: VWAP空头突破: 偏离-0.21%, MACD转负
2025-06-17 10:39:06 | INFO     | src.data.market_data:find_suitable_options:435 | 当前SPY价格: $599.43, 选择PUT期权行权价: $600
2025-06-17 10:39:06 | DEBUG    | src.data.market_data:_generate_option_symbol:470 | 生成期权代码: SPY250617P00600000 (行权价$600, 类型PUT)
2025-06-17 10:39:06 | INFO     | src.data.market_data:find_suitable_options:444 | 成功获取期权SPY250617P00600000的报价数据
2025-06-17 10:39:06 | ERROR    | src.trading.executor:find_best_option:192 | 查找最佳期权失败: 'contractSymbol'
2025-06-17 10:39:06 | WARNING  | src.bot.trading_bot:_check_signals:216 | 信号执行失败: SHORT
2025-06-17 10:39:06 | INFO     | src.trading.executor:update_account_info:125 | 账户更新: 总值$100396.42, 买入力$401585.68
2025-06-17 10:39:06 | DEBUG    | src.bot.trading_bot:_update_market_data:184 | 市场数据更新完成
2025-06-17 10:39:09 | INFO     | src.strategy.signals:generate_signals:468 | 生成信号: SHORT - VWAP空头突破: 偏离-0.21%, MACD转负
2025-06-17 10:39:09 | INFO     | src.bot.trading_bot:_check_signals:202 | 检测到信号: SHORT 置信度: 0.85 原因: VWAP空头突破: 偏离-0.21%, MACD转负
2025-06-17 10:39:09 | INFO     | src.utils.notifications:send_message:63 | [GENERAL] 📡 交易信号
类型: SHORT
强度: MEDIUM
置信度: 0.85
价格: $598.73
原因: VWAP空头突破: 偏离-0.21%, MACD转负
2025-06-17 10:39:09 | INFO     | src.data.market_data:find_suitable_options:435 | 当前SPY价格: $599.46, 选择PUT期权行权价: $600
2025-06-17 10:39:09 | DEBUG    | src.data.market_data:_generate_option_symbol:470 | 生成期权代码: SPY250617P00600000 (行权价$600, 类型PUT)
2025-06-17 10:39:09 | INFO     | src.data.market_data:find_suitable_options:444 | 成功获取期权SPY250617P00600000的报价数据
2025-06-17 10:39:09 | ERROR    | src.trading.executor:find_best_option:192 | 查找最佳期权失败: 'contractSymbol'
2025-06-17 10:39:09 | WARNING  | src.bot.trading_bot:_check_signals:216 | 信号执行失败: SHORT
2025-06-17 10:39:10 | INFO     | src.trading.executor:update_account_info:125 | 账户更新: 总值$100396.42, 买入力$401585.68
2025-06-17 10:39:10 | DEBUG    | src.bot.trading_bot:_update_market_data:184 | 市场数据更新完成
2025-06-17 10:39:13 | INFO     | src.strategy.signals:generate_signals:468 | 生成信号: SHORT - VWAP空头突破: 偏离-0.21%, MACD转负
2025-06-17 10:39:13 | INFO     | src.bot.trading_bot:_check_signals:202 | 检测到信号: SHORT 置信度: 0.85 原因: VWAP空头突破: 偏离-0.21%, MACD转负
2025-06-17 10:39:13 | INFO     | src.utils.notifications:send_message:63 | [GENERAL] 📡 交易信号
类型: SHORT
强度: MEDIUM
置信度: 0.85
价格: $598.73
原因: VWAP空头突破: 偏离-0.21%, MACD转负
2025-06-17 10:39:13 | INFO     | src.data.market_data:find_suitable_options:435 | 当前SPY价格: $599.44, 选择PUT期权行权价: $600
2025-06-17 10:39:13 | DEBUG    | src.data.market_data:_generate_option_symbol:470 | 生成期权代码: SPY250617P00600000 (行权价$600, 类型PUT)
2025-06-17 10:39:13 | INFO     | src.data.market_data:find_suitable_options:444 | 成功获取期权SPY250617P00600000的报价数据
2025-06-17 10:39:13 | ERROR    | src.trading.executor:find_best_option:192 | 查找最佳期权失败: 'contractSymbol'
2025-06-17 10:39:13 | WARNING  | src.bot.trading_bot:_check_signals:216 | 信号执行失败: SHORT
2025-06-17 10:39:13 | INFO     | src.trading.executor:update_account_info:125 | 账户更新: 总值$100396.42, 买入力$401585.68
2025-06-17 10:39:13 | DEBUG    | src.bot.trading_bot:_update_market_data:184 | 市场数据更新完成
2025-06-17 10:39:16 | INFO     | src.strategy.signals:generate_signals:468 | 生成信号: SHORT - VWAP空头突破: 偏离-0.21%, MACD转负
2025-06-17 10:39:16 | INFO     | src.bot.trading_bot:_check_signals:202 | 检测到信号: SHORT 置信度: 0.85 原因: VWAP空头突破: 偏离-0.21%, MACD转负
2025-06-17 10:39:16 | INFO     | src.utils.notifications:send_message:63 | [GENERAL] 📡 交易信号
类型: SHORT
强度: MEDIUM
置信度: 0.85
价格: $598.73
原因: VWAP空头突破: 偏离-0.21%, MACD转负
2025-06-17 10:39:16 | INFO     | src.data.market_data:find_suitable_options:435 | 当前SPY价格: $599.44, 选择PUT期权行权价: $600
2025-06-17 10:39:16 | DEBUG    | src.data.market_data:_generate_option_symbol:470 | 生成期权代码: SPY250617P00600000 (行权价$600, 类型PUT)
2025-06-17 10:39:16 | INFO     | src.data.market_data:find_suitable_options:444 | 成功获取期权SPY250617P00600000的报价数据
2025-06-17 10:39:16 | ERROR    | src.trading.executor:find_best_option:192 | 查找最佳期权失败: 'contractSymbol'
2025-06-17 10:39:16 | WARNING  | src.bot.trading_bot:_check_signals:216 | 信号执行失败: SHORT
2025-06-17 10:39:17 | INFO     | src.trading.executor:update_account_info:125 | 账户更新: 总值$100396.42, 买入力$401585.68
2025-06-17 10:39:17 | DEBUG    | src.bot.trading_bot:_update_market_data:184 | 市场数据更新完成
2025-06-17 10:39:20 | INFO     | src.strategy.signals:generate_signals:468 | 生成信号: SHORT - VWAP空头突破: 偏离-0.21%, MACD转负
2025-06-17 10:39:20 | INFO     | src.bot.trading_bot:_check_signals:202 | 检测到信号: SHORT 置信度: 0.85 原因: VWAP空头突破: 偏离-0.21%, MACD转负
2025-06-17 10:39:20 | INFO     | src.utils.notifications:send_message:63 | [GENERAL] 📡 交易信号
类型: SHORT
强度: MEDIUM
置信度: 0.85
价格: $598.73
原因: VWAP空头突破: 偏离-0.21%, MACD转负
2025-06-17 10:39:20 | INFO     | src.data.market_data:find_suitable_options:435 | 当前SPY价格: $599.35, 选择PUT期权行权价: $600
2025-06-17 10:39:20 | DEBUG    | src.data.market_data:_generate_option_symbol:470 | 生成期权代码: SPY250617P00600000 (行权价$600, 类型PUT)
2025-06-17 10:39:20 | INFO     | src.data.market_data:find_suitable_options:444 | 成功获取期权SPY250617P00600000的报价数据
2025-06-17 10:39:20 | ERROR    | src.trading.executor:find_best_option:192 | 查找最佳期权失败: 'contractSymbol'
2025-06-17 10:39:20 | WARNING  | src.bot.trading_bot:_check_signals:216 | 信号执行失败: SHORT
2025-06-17 10:39:20 | INFO     | src.trading.executor:update_account_info:125 | 账户更新: 总值$100396.42, 买入力$401585.68
2025-06-17 10:39:20 | DEBUG    | src.bot.trading_bot:_update_market_data:184 | 市场数据更新完成
2025-06-17 10:39:23 | DEBUG    | src.bot.trading_bot:_update_positions_normal:259 | 📊 常规头寸更新完成
2025-06-17 10:39:23 | INFO     | src.strategy.signals:generate_signals:468 | 生成信号: SHORT - VWAP空头突破: 偏离-0.21%, MACD转负
2025-06-17 10:39:23 | INFO     | src.bot.trading_bot:_check_signals:202 | 检测到信号: SHORT 置信度: 0.85 原因: VWAP空头突破: 偏离-0.21%, MACD转负
2025-06-17 10:39:23 | INFO     | src.utils.notifications:send_message:63 | [GENERAL] 📡 交易信号
类型: SHORT
强度: MEDIUM
置信度: 0.85
价格: $598.73
原因: VWAP空头突破: 偏离-0.21%, MACD转负
2025-06-17 10:39:23 | INFO     | src.data.market_data:find_suitable_options:435 | 当前SPY价格: $599.35, 选择PUT期权行权价: $600
2025-06-17 10:39:23 | DEBUG    | src.data.market_data:_generate_option_symbol:470 | 生成期权代码: SPY250617P00600000 (行权价$600, 类型PUT)
2025-06-17 10:39:23 | INFO     | src.data.market_data:find_suitable_options:444 | 成功获取期权SPY250617P00600000的报价数据
2025-06-17 10:39:23 | ERROR    | src.trading.executor:find_best_option:192 | 查找最佳期权失败: 'contractSymbol'
2025-06-17 10:39:23 | WARNING  | src.bot.trading_bot:_check_signals:216 | 信号执行失败: SHORT
2025-06-17 10:39:24 | INFO     | src.trading.executor:update_account_info:125 | 账户更新: 总值$100396.42, 买入力$401585.68
2025-06-17 10:39:24 | DEBUG    | src.bot.trading_bot:_update_market_data:184 | 市场数据更新完成
2025-06-17 10:39:27 | INFO     | src.strategy.signals:generate_signals:468 | 生成信号: SHORT - VWAP空头突破: 偏离-0.22%, MACD转负
2025-06-17 10:39:27 | INFO     | src.bot.trading_bot:_check_signals:202 | 检测到信号: SHORT 置信度: 0.85 原因: VWAP空头突破: 偏离-0.22%, MACD转负
2025-06-17 10:39:27 | INFO     | src.utils.notifications:send_message:63 | [GENERAL] 📡 交易信号
类型: SHORT
强度: MEDIUM
置信度: 0.85
价格: $598.65
原因: VWAP空头突破: 偏离-0.22%, MACD转负
2025-06-17 10:39:27 | INFO     | src.data.market_data:find_suitable_options:435 | 当前SPY价格: $599.35, 选择PUT期权行权价: $600
2025-06-17 10:39:27 | DEBUG    | src.data.market_data:_generate_option_symbol:470 | 生成期权代码: SPY250617P00600000 (行权价$600, 类型PUT)
2025-06-17 10:39:27 | INFO     | src.data.market_data:find_suitable_options:444 | 成功获取期权SPY250617P00600000的报价数据
2025-06-17 10:39:27 | ERROR    | src.trading.executor:find_best_option:192 | 查找最佳期权失败: 'contractSymbol'
2025-06-17 10:39:27 | WARNING  | src.bot.trading_bot:_check_signals:216 | 信号执行失败: SHORT
2025-06-17 10:39:28 | INFO     | src.trading.executor:update_account_info:125 | 账户更新: 总值$100396.42, 买入力$401585.68
2025-06-17 10:39:28 | DEBUG    | src.bot.trading_bot:_update_market_data:184 | 市场数据更新完成
2025-06-17 10:39:30 | INFO     | src.strategy.signals:generate_signals:468 | 生成信号: SHORT - VWAP空头突破: 偏离-0.22%, MACD转负
2025-06-17 10:39:30 | INFO     | src.bot.trading_bot:_check_signals:202 | 检测到信号: SHORT 置信度: 0.85 原因: VWAP空头突破: 偏离-0.22%, MACD转负
2025-06-17 10:39:30 | INFO     | src.utils.notifications:send_message:63 | [GENERAL] 📡 交易信号
类型: SHORT
强度: MEDIUM
置信度: 0.85
价格: $598.65
原因: VWAP空头突破: 偏离-0.22%, MACD转负
2025-06-17 10:39:30 | INFO     | src.data.market_data:find_suitable_options:435 | 当前SPY价格: $599.24, 选择PUT期权行权价: $600
2025-06-17 10:39:30 | DEBUG    | src.data.market_data:_generate_option_symbol:470 | 生成期权代码: SPY250617P00600000 (行权价$600, 类型PUT)
2025-06-17 10:39:30 | INFO     | src.data.market_data:find_suitable_options:444 | 成功获取期权SPY250617P00600000的报价数据
2025-06-17 10:39:30 | ERROR    | src.trading.executor:find_best_option:192 | 查找最佳期权失败: 'contractSymbol'
2025-06-17 10:39:30 | WARNING  | src.bot.trading_bot:_check_signals:216 | 信号执行失败: SHORT
2025-06-17 10:39:31 | INFO     | src.trading.executor:update_account_info:125 | 账户更新: 总值$100396.42, 买入力$401585.68
2025-06-17 10:39:31 | DEBUG    | src.bot.trading_bot:_update_market_data:184 | 市场数据更新完成
2025-06-17 10:39:34 | INFO     | src.strategy.signals:generate_signals:468 | 生成信号: SHORT - VWAP空头突破: 偏离-0.22%, MACD转负
2025-06-17 10:39:34 | INFO     | src.bot.trading_bot:_check_signals:202 | 检测到信号: SHORT 置信度: 0.85 原因: VWAP空头突破: 偏离-0.22%, MACD转负
2025-06-17 10:39:34 | INFO     | src.utils.notifications:send_message:63 | [GENERAL] 📡 交易信号
类型: SHORT
强度: MEDIUM
置信度: 0.85
价格: $598.65
原因: VWAP空头突破: 偏离-0.22%, MACD转负
2025-06-17 10:39:34 | INFO     | src.data.market_data:find_suitable_options:435 | 当前SPY价格: $599.24, 选择PUT期权行权价: $600
2025-06-17 10:39:34 | DEBUG    | src.data.market_data:_generate_option_symbol:470 | 生成期权代码: SPY250617P00600000 (行权价$600, 类型PUT)
2025-06-17 10:39:34 | INFO     | src.data.market_data:find_suitable_options:444 | 成功获取期权SPY250617P00600000的报价数据
2025-06-17 10:39:34 | ERROR    | src.trading.executor:find_best_option:192 | 查找最佳期权失败: 'contractSymbol'
2025-06-17 10:39:34 | WARNING  | src.bot.trading_bot:_check_signals:216 | 信号执行失败: SHORT
2025-06-17 10:39:35 | INFO     | src.trading.executor:update_account_info:125 | 账户更新: 总值$100396.42, 买入力$401585.68
2025-06-17 10:39:35 | DEBUG    | src.bot.trading_bot:_update_market_data:184 | 市场数据更新完成
2025-06-17 10:39:37 | INFO     | src.strategy.signals:generate_signals:468 | 生成信号: SHORT - VWAP空头突破: 偏离-0.22%, MACD转负
2025-06-17 10:39:37 | INFO     | src.bot.trading_bot:_check_signals:202 | 检测到信号: SHORT 置信度: 0.85 原因: VWAP空头突破: 偏离-0.22%, MACD转负
2025-06-17 10:39:37 | INFO     | src.utils.notifications:send_message:63 | [GENERAL] 📡 交易信号
类型: SHORT
强度: MEDIUM
置信度: 0.85
价格: $598.65
原因: VWAP空头突破: 偏离-0.22%, MACD转负
2025-06-17 10:39:37 | INFO     | src.data.market_data:find_suitable_options:435 | 当前SPY价格: $599.24, 选择PUT期权行权价: $600
2025-06-17 10:39:37 | DEBUG    | src.data.market_data:_generate_option_symbol:470 | 生成期权代码: SPY250617P00600000 (行权价$600, 类型PUT)
2025-06-17 10:39:37 | INFO     | src.data.market_data:find_suitable_options:444 | 成功获取期权SPY250617P00600000的报价数据
2025-06-17 10:39:37 | ERROR    | src.trading.executor:find_best_option:192 | 查找最佳期权失败: 'contractSymbol'
2025-06-17 10:39:37 | WARNING  | src.bot.trading_bot:_check_signals:216 | 信号执行失败: SHORT
2025-06-17 10:39:38 | INFO     | src.trading.executor:update_account_info:125 | 账户更新: 总值$100396.42, 买入力$401585.68
2025-06-17 10:39:38 | DEBUG    | src.bot.trading_bot:_update_market_data:184 | 市场数据更新完成
2025-06-17 10:39:41 | INFO     | src.strategy.signals:generate_signals:468 | 生成信号: SHORT - VWAP空头突破: 偏离-0.22%, MACD转负
2025-06-17 10:39:41 | INFO     | src.bot.trading_bot:_check_signals:202 | 检测到信号: SHORT 置信度: 0.85 原因: VWAP空头突破: 偏离-0.22%, MACD转负
2025-06-17 10:39:41 | INFO     | src.utils.notifications:send_message:63 | [GENERAL] 📡 交易信号
类型: SHORT
强度: MEDIUM
置信度: 0.85
价格: $598.65
原因: VWAP空头突破: 偏离-0.22%, MACD转负
2025-06-17 10:39:41 | INFO     | src.data.market_data:find_suitable_options:435 | 当前SPY价格: $599.24, 选择PUT期权行权价: $600
2025-06-17 10:39:41 | DEBUG    | src.data.market_data:_generate_option_symbol:470 | 生成期权代码: SPY250617P00600000 (行权价$600, 类型PUT)
2025-06-17 10:39:41 | INFO     | src.data.market_data:find_suitable_options:444 | 成功获取期权SPY250617P00600000的报价数据
2025-06-17 10:39:41 | ERROR    | src.trading.executor:find_best_option:192 | 查找最佳期权失败: 'contractSymbol'
2025-06-17 10:39:41 | WARNING  | src.bot.trading_bot:_check_signals:216 | 信号执行失败: SHORT
2025-06-17 10:39:42 | INFO     | src.trading.executor:update_account_info:125 | 账户更新: 总值$100396.42, 买入力$401585.68
2025-06-17 10:39:42 | DEBUG    | src.bot.trading_bot:_update_market_data:184 | 市场数据更新完成
2025-06-17 10:39:44 | INFO     | src.strategy.signals:generate_signals:468 | 生成信号: SHORT - VWAP空头突破: 偏离-0.22%, MACD转负
2025-06-17 10:39:45 | INFO     | src.bot.trading_bot:_check_signals:202 | 检测到信号: SHORT 置信度: 0.85 原因: VWAP空头突破: 偏离-0.22%, MACD转负
2025-06-17 10:39:45 | INFO     | src.utils.notifications:send_message:63 | [GENERAL] 📡 交易信号
类型: SHORT
强度: MEDIUM
置信度: 0.85
价格: $598.65
原因: VWAP空头突破: 偏离-0.22%, MACD转负
2025-06-17 10:39:45 | INFO     | src.data.market_data:find_suitable_options:435 | 当前SPY价格: $599.24, 选择PUT期权行权价: $600
2025-06-17 10:39:45 | DEBUG    | src.data.market_data:_generate_option_symbol:470 | 生成期权代码: SPY250617P00600000 (行权价$600, 类型PUT)
2025-06-17 10:39:45 | INFO     | src.data.market_data:find_suitable_options:444 | 成功获取期权SPY250617P00600000的报价数据
2025-06-17 10:39:45 | ERROR    | src.trading.executor:find_best_option:192 | 查找最佳期权失败: 'contractSymbol'
2025-06-17 10:39:45 | WARNING  | src.bot.trading_bot:_check_signals:216 | 信号执行失败: SHORT
2025-06-17 10:39:45 | INFO     | src.trading.executor:update_account_info:125 | 账户更新: 总值$100396.42, 买入力$401585.68
2025-06-17 10:39:45 | DEBUG    | src.bot.trading_bot:_update_market_data:184 | 市场数据更新完成
2025-06-17 10:39:48 | INFO     | src.strategy.signals:generate_signals:468 | 生成信号: SHORT - VWAP空头突破: 偏离-0.22%, MACD转负
2025-06-17 10:39:48 | INFO     | src.bot.trading_bot:_check_signals:202 | 检测到信号: SHORT 置信度: 0.85 原因: VWAP空头突破: 偏离-0.22%, MACD转负
2025-06-17 10:39:48 | INFO     | src.utils.notifications:send_message:63 | [GENERAL] 📡 交易信号
类型: SHORT
强度: MEDIUM
置信度: 0.85
价格: $598.65
原因: VWAP空头突破: 偏离-0.22%, MACD转负
2025-06-17 10:39:48 | INFO     | src.data.market_data:find_suitable_options:435 | 当前SPY价格: $599.39, 选择PUT期权行权价: $600
2025-06-17 10:39:48 | DEBUG    | src.data.market_data:_generate_option_symbol:470 | 生成期权代码: SPY250617P00600000 (行权价$600, 类型PUT)
2025-06-17 10:39:48 | INFO     | src.data.market_data:find_suitable_options:444 | 成功获取期权SPY250617P00600000的报价数据
2025-06-17 10:39:48 | ERROR    | src.trading.executor:find_best_option:192 | 查找最佳期权失败: 'contractSymbol'
2025-06-17 10:39:48 | WARNING  | src.bot.trading_bot:_check_signals:216 | 信号执行失败: SHORT
2025-06-17 10:39:49 | INFO     | src.trading.executor:update_account_info:125 | 账户更新: 总值$100396.42, 买入力$401585.68
2025-06-17 10:39:49 | DEBUG    | src.bot.trading_bot:_update_market_data:184 | 市场数据更新完成
2025-06-17 10:39:51 | INFO     | src.strategy.signals:generate_signals:468 | 生成信号: SHORT - VWAP空头突破: 偏离-0.22%, MACD转负
2025-06-17 10:39:51 | INFO     | src.bot.trading_bot:_check_signals:202 | 检测到信号: SHORT 置信度: 0.85 原因: VWAP空头突破: 偏离-0.22%, MACD转负
2025-06-17 10:39:51 | INFO     | src.utils.notifications:send_message:63 | [GENERAL] 📡 交易信号
类型: SHORT
强度: MEDIUM
置信度: 0.85
价格: $598.65
原因: VWAP空头突破: 偏离-0.22%, MACD转负
2025-06-17 10:39:52 | INFO     | src.data.market_data:find_suitable_options:435 | 当前SPY价格: $599.39, 选择PUT期权行权价: $600
2025-06-17 10:39:52 | DEBUG    | src.data.market_data:_generate_option_symbol:470 | 生成期权代码: SPY250617P00600000 (行权价$600, 类型PUT)
2025-06-17 10:39:52 | INFO     | src.data.market_data:find_suitable_options:444 | 成功获取期权SPY250617P00600000的报价数据
2025-06-17 10:39:52 | ERROR    | src.trading.executor:find_best_option:192 | 查找最佳期权失败: 'contractSymbol'
2025-06-17 10:39:52 | WARNING  | src.bot.trading_bot:_check_signals:216 | 信号执行失败: SHORT
2025-06-17 10:39:52 | INFO     | src.trading.executor:update_account_info:125 | 账户更新: 总值$100396.42, 买入力$401585.68
2025-06-17 10:39:52 | DEBUG    | src.bot.trading_bot:_update_market_data:184 | 市场数据更新完成
2025-06-17 10:39:55 | INFO     | src.strategy.signals:generate_signals:468 | 生成信号: SHORT - VWAP空头突破: 偏离-0.22%, MACD转负
2025-06-17 10:39:55 | INFO     | src.bot.trading_bot:_check_signals:202 | 检测到信号: SHORT 置信度: 0.85 原因: VWAP空头突破: 偏离-0.22%, MACD转负
2025-06-17 10:39:55 | INFO     | src.utils.notifications:send_message:63 | [GENERAL] 📡 交易信号
类型: SHORT
强度: MEDIUM
置信度: 0.85
价格: $598.65
原因: VWAP空头突破: 偏离-0.22%, MACD转负
2025-06-17 10:39:55 | INFO     | src.data.market_data:find_suitable_options:435 | 当前SPY价格: $599.39, 选择PUT期权行权价: $600
2025-06-17 10:39:55 | DEBUG    | src.data.market_data:_generate_option_symbol:470 | 生成期权代码: SPY250617P00600000 (行权价$600, 类型PUT)
2025-06-17 10:39:55 | INFO     | src.data.market_data:find_suitable_options:444 | 成功获取期权SPY250617P00600000的报价数据
2025-06-17 10:39:55 | ERROR    | src.trading.executor:find_best_option:192 | 查找最佳期权失败: 'contractSymbol'
2025-06-17 10:39:55 | WARNING  | src.bot.trading_bot:_check_signals:216 | 信号执行失败: SHORT
2025-06-17 10:39:56 | INFO     | src.trading.executor:update_account_info:125 | 账户更新: 总值$100396.42, 买入力$401585.68
2025-06-17 10:39:56 | DEBUG    | src.bot.trading_bot:_update_market_data:184 | 市场数据更新完成
2025-06-17 10:39:59 | INFO     | src.strategy.signals:generate_signals:468 | 生成信号: SHORT - VWAP空头突破: 偏离-0.22%, MACD转负
2025-06-17 10:39:59 | INFO     | src.bot.trading_bot:_check_signals:202 | 检测到信号: SHORT 置信度: 0.85 原因: VWAP空头突破: 偏离-0.22%, MACD转负
2025-06-17 10:39:59 | INFO     | src.utils.notifications:send_message:63 | [GENERAL] 📡 交易信号
类型: SHORT
强度: MEDIUM
置信度: 0.85
价格: $598.65
原因: VWAP空头突破: 偏离-0.22%, MACD转负
2025-06-17 10:39:59 | INFO     | src.data.market_data:find_suitable_options:435 | 当前SPY价格: $599.39, 选择PUT期权行权价: $600
2025-06-17 10:39:59 | DEBUG    | src.data.market_data:_generate_option_symbol:470 | 生成期权代码: SPY250617P00600000 (行权价$600, 类型PUT)
2025-06-17 10:39:59 | INFO     | src.data.market_data:find_suitable_options:444 | 成功获取期权SPY250617P00600000的报价数据
2025-06-17 10:39:59 | ERROR    | src.trading.executor:find_best_option:192 | 查找最佳期权失败: 'contractSymbol'
2025-06-17 10:39:59 | WARNING  | src.bot.trading_bot:_check_signals:216 | 信号执行失败: SHORT
2025-06-17 10:39:59 | INFO     | src.trading.executor:update_account_info:125 | 账户更新: 总值$100396.42, 买入力$401585.68
2025-06-17 10:39:59 | DEBUG    | src.bot.trading_bot:_update_market_data:184 | 市场数据更新完成
2025-06-17 10:40:02 | INFO     | src.strategy.signals:generate_signals:468 | 生成信号: SHORT - VWAP空头突破: 偏离-0.22%, MACD转负
2025-06-17 10:40:02 | INFO     | src.bot.trading_bot:_check_signals:202 | 检测到信号: SHORT 置信度: 0.85 原因: VWAP空头突破: 偏离-0.22%, MACD转负
2025-06-17 10:40:02 | INFO     | src.utils.notifications:send_message:63 | [GENERAL] 📡 交易信号
类型: SHORT
强度: MEDIUM
置信度: 0.85
价格: $598.65
原因: VWAP空头突破: 偏离-0.22%, MACD转负
2025-06-17 10:40:02 | INFO     | src.data.market_data:find_suitable_options:435 | 当前SPY价格: $599.39, 选择PUT期权行权价: $600
2025-06-17 10:40:02 | DEBUG    | src.data.market_data:_generate_option_symbol:470 | 生成期权代码: SPY250617P00600000 (行权价$600, 类型PUT)
2025-06-17 10:40:03 | INFO     | src.data.market_data:find_suitable_options:444 | 成功获取期权SPY250617P00600000的报价数据
2025-06-17 10:40:03 | ERROR    | src.trading.executor:find_best_option:192 | 查找最佳期权失败: 'contractSymbol'
2025-06-17 10:40:03 | WARNING  | src.bot.trading_bot:_check_signals:216 | 信号执行失败: SHORT
2025-06-17 10:40:03 | INFO     | src.trading.executor:update_account_info:125 | 账户更新: 总值$100396.42, 买入力$401585.68
2025-06-17 10:40:03 | DEBUG    | src.bot.trading_bot:_update_market_data:184 | 市场数据更新完成
2025-06-17 10:40:06 | INFO     | src.strategy.signals:generate_signals:468 | 生成信号: SHORT - VWAP空头突破: 偏离-0.22%, MACD转负
2025-06-17 10:40:06 | INFO     | src.bot.trading_bot:_check_signals:202 | 检测到信号: SHORT 置信度: 0.85 原因: VWAP空头突破: 偏离-0.22%, MACD转负
2025-06-17 10:40:06 | INFO     | src.utils.notifications:send_message:63 | [GENERAL] 📡 交易信号
类型: SHORT
强度: MEDIUM
置信度: 0.85
价格: $598.65
原因: VWAP空头突破: 偏离-0.22%, MACD转负
2025-06-17 10:40:06 | INFO     | src.data.market_data:find_suitable_options:435 | 当前SPY价格: $599.26, 选择PUT期权行权价: $600
2025-06-17 10:40:06 | DEBUG    | src.data.market_data:_generate_option_symbol:470 | 生成期权代码: SPY250617P00600000 (行权价$600, 类型PUT)
2025-06-17 10:40:06 | INFO     | src.data.market_data:find_suitable_options:444 | 成功获取期权SPY250617P00600000的报价数据
2025-06-17 10:40:06 | ERROR    | src.trading.executor:find_best_option:192 | 查找最佳期权失败: 'contractSymbol'
2025-06-17 10:40:06 | WARNING  | src.bot.trading_bot:_check_signals:216 | 信号执行失败: SHORT
2025-06-17 10:40:07 | INFO     | src.trading.executor:update_account_info:125 | 账户更新: 总值$100396.42, 买入力$401585.68
2025-06-17 10:40:07 | DEBUG    | src.bot.trading_bot:_update_market_data:184 | 市场数据更新完成
2025-06-17 10:40:09 | INFO     | src.strategy.signals:generate_signals:468 | 生成信号: SHORT - VWAP空头突破: 偏离-0.22%, MACD转负
2025-06-17 10:40:09 | INFO     | src.bot.trading_bot:_check_signals:202 | 检测到信号: SHORT 置信度: 0.85 原因: VWAP空头突破: 偏离-0.22%, MACD转负
2025-06-17 10:40:09 | INFO     | src.utils.notifications:send_message:63 | [GENERAL] 📡 交易信号
类型: SHORT
强度: MEDIUM
置信度: 0.85
价格: $598.65
原因: VWAP空头突破: 偏离-0.22%, MACD转负
2025-06-17 10:40:09 | INFO     | src.data.market_data:find_suitable_options:435 | 当前SPY价格: $599.31, 选择PUT期权行权价: $600
2025-06-17 10:40:09 | DEBUG    | src.data.market_data:_generate_option_symbol:470 | 生成期权代码: SPY250617P00600000 (行权价$600, 类型PUT)
2025-06-17 10:40:09 | INFO     | src.data.market_data:find_suitable_options:444 | 成功获取期权SPY250617P00600000的报价数据
2025-06-17 10:40:09 | ERROR    | src.trading.executor:find_best_option:192 | 查找最佳期权失败: 'contractSymbol'
2025-06-17 10:40:09 | WARNING  | src.bot.trading_bot:_check_signals:216 | 信号执行失败: SHORT
2025-06-17 10:40:10 | INFO     | src.trading.executor:update_account_info:125 | 账户更新: 总值$100396.42, 买入力$401585.68
2025-06-17 10:40:10 | DEBUG    | src.bot.trading_bot:_update_market_data:184 | 市场数据更新完成
2025-06-17 10:40:13 | INFO     | src.strategy.signals:generate_signals:468 | 生成信号: SHORT - VWAP空头突破: 偏离-0.22%, MACD转负
2025-06-17 10:40:13 | INFO     | src.bot.trading_bot:_check_signals:202 | 检测到信号: SHORT 置信度: 0.85 原因: VWAP空头突破: 偏离-0.22%, MACD转负
2025-06-17 10:40:13 | INFO     | src.utils.notifications:send_message:63 | [GENERAL] 📡 交易信号
类型: SHORT
强度: MEDIUM
置信度: 0.85
价格: $598.65
原因: VWAP空头突破: 偏离-0.22%, MACD转负
2025-06-17 10:40:13 | INFO     | src.data.market_data:find_suitable_options:435 | 当前SPY价格: $599.31, 选择PUT期权行权价: $600
2025-06-17 10:40:13 | DEBUG    | src.data.market_data:_generate_option_symbol:470 | 生成期权代码: SPY250617P00600000 (行权价$600, 类型PUT)
2025-06-17 10:40:13 | INFO     | src.data.market_data:find_suitable_options:444 | 成功获取期权SPY250617P00600000的报价数据
2025-06-17 10:40:13 | ERROR    | src.trading.executor:find_best_option:192 | 查找最佳期权失败: 'contractSymbol'
2025-06-17 10:40:13 | WARNING  | src.bot.trading_bot:_check_signals:216 | 信号执行失败: SHORT
2025-06-17 10:40:14 | INFO     | src.trading.executor:update_account_info:125 | 账户更新: 总值$100396.42, 买入力$401585.68
2025-06-17 10:40:14 | DEBUG    | src.bot.trading_bot:_update_market_data:184 | 市场数据更新完成
2025-06-17 10:40:16 | INFO     | src.strategy.signals:generate_signals:468 | 生成信号: SHORT - VWAP空头突破: 偏离-0.22%, MACD转负
2025-06-17 10:40:16 | INFO     | src.bot.trading_bot:_check_signals:202 | 检测到信号: SHORT 置信度: 0.85 原因: VWAP空头突破: 偏离-0.22%, MACD转负
2025-06-17 10:40:16 | INFO     | src.utils.notifications:send_message:63 | [GENERAL] 📡 交易信号
类型: SHORT
强度: MEDIUM
置信度: 0.85
价格: $598.65
原因: VWAP空头突破: 偏离-0.22%, MACD转负
2025-06-17 10:40:16 | INFO     | src.data.market_data:find_suitable_options:435 | 当前SPY价格: $599.31, 选择PUT期权行权价: $600
2025-06-17 10:40:16 | DEBUG    | src.data.market_data:_generate_option_symbol:470 | 生成期权代码: SPY250617P00600000 (行权价$600, 类型PUT)
2025-06-17 10:40:16 | INFO     | src.data.market_data:find_suitable_options:444 | 成功获取期权SPY250617P00600000的报价数据
2025-06-17 10:40:16 | ERROR    | src.trading.executor:find_best_option:192 | 查找最佳期权失败: 'contractSymbol'
2025-06-17 10:40:16 | WARNING  | src.bot.trading_bot:_check_signals:216 | 信号执行失败: SHORT
2025-06-17 10:40:17 | INFO     | src.trading.executor:update_account_info:125 | 账户更新: 总值$100396.42, 买入力$401585.68
2025-06-17 10:40:17 | DEBUG    | src.bot.trading_bot:_update_market_data:184 | 市场数据更新完成
2025-06-17 10:40:20 | INFO     | src.strategy.signals:generate_signals:468 | 生成信号: SHORT - VWAP空头突破: 偏离-0.22%, MACD转负
2025-06-17 10:40:20 | INFO     | src.bot.trading_bot:_check_signals:202 | 检测到信号: SHORT 置信度: 0.85 原因: VWAP空头突破: 偏离-0.22%, MACD转负
2025-06-17 10:40:20 | INFO     | src.utils.notifications:send_message:63 | [GENERAL] 📡 交易信号
类型: SHORT
强度: MEDIUM
置信度: 0.85
价格: $598.65
原因: VWAP空头突破: 偏离-0.22%, MACD转负
2025-06-17 10:40:20 | INFO     | src.data.market_data:find_suitable_options:435 | 当前SPY价格: $599.31, 选择PUT期权行权价: $600
2025-06-17 10:40:20 | DEBUG    | src.data.market_data:_generate_option_symbol:470 | 生成期权代码: SPY250617P00600000 (行权价$600, 类型PUT)
2025-06-17 10:40:20 | INFO     | src.data.market_data:find_suitable_options:444 | 成功获取期权SPY250617P00600000的报价数据
2025-06-17 10:40:20 | ERROR    | src.trading.executor:find_best_option:192 | 查找最佳期权失败: 'contractSymbol'
2025-06-17 10:40:20 | WARNING  | src.bot.trading_bot:_check_signals:216 | 信号执行失败: SHORT
2025-06-17 10:40:21 | INFO     | src.trading.executor:update_account_info:125 | 账户更新: 总值$100396.42, 买入力$401585.68
2025-06-17 10:40:21 | DEBUG    | src.bot.trading_bot:_update_market_data:184 | 市场数据更新完成
2025-06-17 10:40:23 | INFO     | src.strategy.signals:generate_signals:468 | 生成信号: SHORT - VWAP空头突破: 偏离-0.22%, MACD转负
2025-06-17 10:40:23 | INFO     | src.bot.trading_bot:_check_signals:202 | 检测到信号: SHORT 置信度: 0.85 原因: VWAP空头突破: 偏离-0.22%, MACD转负
2025-06-17 10:40:23 | INFO     | src.utils.notifications:send_message:63 | [GENERAL] 📡 交易信号
类型: SHORT
强度: MEDIUM
置信度: 0.85
价格: $598.65
原因: VWAP空头突破: 偏离-0.22%, MACD转负
2025-06-17 10:40:23 | INFO     | src.data.market_data:find_suitable_options:435 | 当前SPY价格: $599.31, 选择PUT期权行权价: $600
2025-06-17 10:40:23 | DEBUG    | src.data.market_data:_generate_option_symbol:470 | 生成期权代码: SPY250617P00600000 (行权价$600, 类型PUT)
2025-06-17 10:40:23 | INFO     | src.data.market_data:find_suitable_options:444 | 成功获取期权SPY250617P00600000的报价数据
2025-06-17 10:40:23 | ERROR    | src.trading.executor:find_best_option:192 | 查找最佳期权失败: 'contractSymbol'
2025-06-17 10:40:23 | WARNING  | src.bot.trading_bot:_check_signals:216 | 信号执行失败: SHORT
2025-06-17 10:40:24 | DEBUG    | src.bot.trading_bot:_update_positions_normal:259 | 📊 常规头寸更新完成
2025-06-17 10:40:24 | INFO     | src.trading.executor:update_account_info:125 | 账户更新: 总值$100396.42, 买入力$401585.68
2025-06-17 10:40:24 | DEBUG    | src.bot.trading_bot:_update_market_data:184 | 市场数据更新完成
2025-06-17 10:40:27 | INFO     | src.strategy.signals:generate_signals:468 | 生成信号: SHORT - VWAP空头突破: 偏离-0.22%, MACD转负
2025-06-17 10:40:27 | INFO     | src.bot.trading_bot:_check_signals:202 | 检测到信号: SHORT 置信度: 0.85 原因: VWAP空头突破: 偏离-0.22%, MACD转负
2025-06-17 10:40:27 | INFO     | src.utils.notifications:send_message:63 | [GENERAL] 📡 交易信号
类型: SHORT
强度: MEDIUM
置信度: 0.85
价格: $598.65
原因: VWAP空头突破: 偏离-0.22%, MACD转负
2025-06-17 10:40:27 | INFO     | src.data.market_data:find_suitable_options:435 | 当前SPY价格: $599.16, 选择PUT期权行权价: $600
2025-06-17 10:40:27 | DEBUG    | src.data.market_data:_generate_option_symbol:470 | 生成期权代码: SPY250617P00600000 (行权价$600, 类型PUT)
2025-06-17 10:40:27 | INFO     | src.data.market_data:find_suitable_options:444 | 成功获取期权SPY250617P00600000的报价数据
2025-06-17 10:40:27 | ERROR    | src.trading.executor:find_best_option:192 | 查找最佳期权失败: 'contractSymbol'
2025-06-17 10:40:27 | WARNING  | src.bot.trading_bot:_check_signals:216 | 信号执行失败: SHORT
2025-06-17 10:40:27 | INFO     | src.trading.executor:update_account_info:125 | 账户更新: 总值$100396.42, 买入力$401585.68
2025-06-17 10:40:27 | DEBUG    | src.bot.trading_bot:_update_market_data:184 | 市场数据更新完成
2025-06-17 10:40:30 | INFO     | src.strategy.signals:generate_signals:468 | 生成信号: SHORT - VWAP空头突破: 偏离-0.24%, MACD转负
2025-06-17 10:40:30 | INFO     | src.bot.trading_bot:_check_signals:202 | 检测到信号: SHORT 置信度: 0.85 原因: VWAP空头突破: 偏离-0.24%, MACD转负
2025-06-17 10:40:30 | INFO     | src.utils.notifications:send_message:63 | [GENERAL] 📡 交易信号
类型: SHORT
强度: MEDIUM
置信度: 0.85
价格: $598.48
原因: VWAP空头突破: 偏离-0.24%, MACD转负
2025-06-17 10:40:30 | INFO     | src.data.market_data:find_suitable_options:435 | 当前SPY价格: $599.16, 选择PUT期权行权价: $600
2025-06-17 10:40:30 | DEBUG    | src.data.market_data:_generate_option_symbol:470 | 生成期权代码: SPY250617P00600000 (行权价$600, 类型PUT)
2025-06-17 10:40:30 | INFO     | src.data.market_data:find_suitable_options:444 | 成功获取期权SPY250617P00600000的报价数据
2025-06-17 10:40:30 | ERROR    | src.trading.executor:find_best_option:192 | 查找最佳期权失败: 'contractSymbol'
2025-06-17 10:40:30 | WARNING  | src.bot.trading_bot:_check_signals:216 | 信号执行失败: SHORT
2025-06-17 10:40:31 | INFO     | src.trading.executor:update_account_info:125 | 账户更新: 总值$100396.42, 买入力$401585.68
2025-06-17 10:40:31 | DEBUG    | src.bot.trading_bot:_update_market_data:184 | 市场数据更新完成
2025-06-17 10:40:34 | INFO     | src.strategy.signals:generate_signals:468 | 生成信号: SHORT - VWAP空头突破: 偏离-0.24%, MACD转负
2025-06-17 10:40:34 | INFO     | src.bot.trading_bot:_check_signals:202 | 检测到信号: SHORT 置信度: 0.85 原因: VWAP空头突破: 偏离-0.24%, MACD转负
2025-06-17 10:40:34 | INFO     | src.utils.notifications:send_message:63 | [GENERAL] 📡 交易信号
类型: SHORT
强度: MEDIUM
置信度: 0.85
价格: $598.48
原因: VWAP空头突破: 偏离-0.24%, MACD转负
2025-06-17 10:40:34 | INFO     | src.data.market_data:find_suitable_options:435 | 当前SPY价格: $599.16, 选择PUT期权行权价: $600
2025-06-17 10:40:34 | DEBUG    | src.data.market_data:_generate_option_symbol:470 | 生成期权代码: SPY250617P00600000 (行权价$600, 类型PUT)
2025-06-17 10:40:34 | INFO     | src.data.market_data:find_suitable_options:444 | 成功获取期权SPY250617P00600000的报价数据
2025-06-17 10:40:34 | ERROR    | src.trading.executor:find_best_option:192 | 查找最佳期权失败: 'contractSymbol'
2025-06-17 10:40:34 | WARNING  | src.bot.trading_bot:_check_signals:216 | 信号执行失败: SHORT
2025-06-17 10:40:35 | INFO     | src.trading.executor:update_account_info:125 | 账户更新: 总值$100396.42, 买入力$401585.68
2025-06-17 10:40:35 | DEBUG    | src.bot.trading_bot:_update_market_data:184 | 市场数据更新完成
2025-06-17 10:40:37 | INFO     | src.strategy.signals:generate_signals:468 | 生成信号: SHORT - VWAP空头突破: 偏离-0.24%, MACD转负
2025-06-17 10:40:37 | INFO     | src.bot.trading_bot:_check_signals:202 | 检测到信号: SHORT 置信度: 0.85 原因: VWAP空头突破: 偏离-0.24%, MACD转负
2025-06-17 10:40:37 | INFO     | src.utils.notifications:send_message:63 | [GENERAL] 📡 交易信号
类型: SHORT
强度: MEDIUM
置信度: 0.85
价格: $598.48
原因: VWAP空头突破: 偏离-0.24%, MACD转负
2025-06-17 10:40:37 | INFO     | src.data.market_data:find_suitable_options:435 | 当前SPY价格: $599.16, 选择PUT期权行权价: $600
2025-06-17 10:40:37 | DEBUG    | src.data.market_data:_generate_option_symbol:470 | 生成期权代码: SPY250617P00600000 (行权价$600, 类型PUT)
2025-06-17 10:40:37 | INFO     | src.data.market_data:find_suitable_options:444 | 成功获取期权SPY250617P00600000的报价数据
2025-06-17 10:40:37 | ERROR    | src.trading.executor:find_best_option:192 | 查找最佳期权失败: 'contractSymbol'
2025-06-17 10:40:37 | WARNING  | src.bot.trading_bot:_check_signals:216 | 信号执行失败: SHORT
2025-06-17 10:40:38 | INFO     | src.trading.executor:update_account_info:125 | 账户更新: 总值$100396.42, 买入力$401585.68
2025-06-17 10:40:38 | DEBUG    | src.bot.trading_bot:_update_market_data:184 | 市场数据更新完成
2025-06-17 10:40:41 | INFO     | src.strategy.signals:generate_signals:468 | 生成信号: SHORT - VWAP空头突破: 偏离-0.24%, MACD转负
2025-06-17 10:40:41 | INFO     | src.bot.trading_bot:_check_signals:202 | 检测到信号: SHORT 置信度: 0.85 原因: VWAP空头突破: 偏离-0.24%, MACD转负
2025-06-17 10:40:41 | INFO     | src.utils.notifications:send_message:63 | [GENERAL] 📡 交易信号
类型: SHORT
强度: MEDIUM
置信度: 0.85
价格: $598.48
原因: VWAP空头突破: 偏离-0.24%, MACD转负
2025-06-17 10:40:41 | INFO     | src.data.market_data:find_suitable_options:435 | 当前SPY价格: $599.16, 选择PUT期权行权价: $600
2025-06-17 10:40:41 | DEBUG    | src.data.market_data:_generate_option_symbol:470 | 生成期权代码: SPY250617P00600000 (行权价$600, 类型PUT)
2025-06-17 10:40:41 | INFO     | src.data.market_data:find_suitable_options:444 | 成功获取期权SPY250617P00600000的报价数据
2025-06-17 10:40:41 | ERROR    | src.trading.executor:find_best_option:192 | 查找最佳期权失败: 'contractSymbol'
2025-06-17 10:40:41 | WARNING  | src.bot.trading_bot:_check_signals:216 | 信号执行失败: SHORT
2025-06-17 10:40:41 | INFO     | src.trading.executor:update_account_info:125 | 账户更新: 总值$100396.42, 买入力$401585.68
2025-06-17 10:40:41 | DEBUG    | src.bot.trading_bot:_update_market_data:184 | 市场数据更新完成
2025-06-17 10:40:44 | INFO     | src.strategy.signals:generate_signals:468 | 生成信号: SHORT - VWAP空头突破: 偏离-0.24%, MACD转负
2025-06-17 10:40:44 | INFO     | src.bot.trading_bot:_check_signals:202 | 检测到信号: SHORT 置信度: 0.85 原因: VWAP空头突破: 偏离-0.24%, MACD转负
2025-06-17 10:40:44 | INFO     | src.utils.notifications:send_message:63 | [GENERAL] 📡 交易信号
类型: SHORT
强度: MEDIUM
置信度: 0.85
价格: $598.48
原因: VWAP空头突破: 偏离-0.24%, MACD转负
2025-06-17 10:40:44 | INFO     | src.data.market_data:find_suitable_options:435 | 当前SPY价格: $599.16, 选择PUT期权行权价: $600
2025-06-17 10:40:44 | DEBUG    | src.data.market_data:_generate_option_symbol:470 | 生成期权代码: SPY250617P00600000 (行权价$600, 类型PUT)
2025-06-17 10:40:44 | INFO     | src.data.market_data:find_suitable_options:444 | 成功获取期权SPY250617P00600000的报价数据
2025-06-17 10:40:44 | ERROR    | src.trading.executor:find_best_option:192 | 查找最佳期权失败: 'contractSymbol'
2025-06-17 10:40:44 | WARNING  | src.bot.trading_bot:_check_signals:216 | 信号执行失败: SHORT
2025-06-17 10:40:45 | INFO     | src.trading.executor:update_account_info:125 | 账户更新: 总值$100396.42, 买入力$401585.68
2025-06-17 10:40:45 | DEBUG    | src.bot.trading_bot:_update_market_data:184 | 市场数据更新完成
2025-06-17 10:40:47 | INFO     | src.strategy.signals:generate_signals:468 | 生成信号: SHORT - VWAP空头突破: 偏离-0.24%, MACD转负
2025-06-17 10:40:47 | INFO     | src.bot.trading_bot:_check_signals:202 | 检测到信号: SHORT 置信度: 0.85 原因: VWAP空头突破: 偏离-0.24%, MACD转负
2025-06-17 10:40:47 | INFO     | src.utils.notifications:send_message:63 | [GENERAL] 📡 交易信号
类型: SHORT
强度: MEDIUM
置信度: 0.85
价格: $598.48
原因: VWAP空头突破: 偏离-0.24%, MACD转负
2025-06-17 10:40:48 | INFO     | src.data.market_data:find_suitable_options:435 | 当前SPY价格: $599.16, 选择PUT期权行权价: $600
2025-06-17 10:40:48 | DEBUG    | src.data.market_data:_generate_option_symbol:470 | 生成期权代码: SPY250617P00600000 (行权价$600, 类型PUT)
2025-06-17 10:40:48 | INFO     | src.data.market_data:find_suitable_options:444 | 成功获取期权SPY250617P00600000的报价数据
2025-06-17 10:40:48 | ERROR    | src.trading.executor:find_best_option:192 | 查找最佳期权失败: 'contractSymbol'
2025-06-17 10:40:48 | WARNING  | src.bot.trading_bot:_check_signals:216 | 信号执行失败: SHORT
2025-06-17 10:40:48 | INFO     | src.trading.executor:update_account_info:125 | 账户更新: 总值$100396.42, 买入力$401585.68
2025-06-17 10:40:48 | DEBUG    | src.bot.trading_bot:_update_market_data:184 | 市场数据更新完成
2025-06-17 10:40:51 | INFO     | src.strategy.signals:generate_signals:468 | 生成信号: SHORT - VWAP空头突破: 偏离-0.24%, MACD转负
2025-06-17 10:40:51 | INFO     | src.bot.trading_bot:_check_signals:202 | 检测到信号: SHORT 置信度: 0.85 原因: VWAP空头突破: 偏离-0.24%, MACD转负
2025-06-17 10:40:51 | INFO     | src.utils.notifications:send_message:63 | [GENERAL] 📡 交易信号
类型: SHORT
强度: MEDIUM
置信度: 0.85
价格: $598.48
原因: VWAP空头突破: 偏离-0.24%, MACD转负
2025-06-17 10:40:51 | INFO     | src.data.market_data:find_suitable_options:435 | 当前SPY价格: $599.16, 选择PUT期权行权价: $600
2025-06-17 10:40:51 | DEBUG    | src.data.market_data:_generate_option_symbol:470 | 生成期权代码: SPY250617P00600000 (行权价$600, 类型PUT)
2025-06-17 10:40:51 | INFO     | src.data.market_data:find_suitable_options:444 | 成功获取期权SPY250617P00600000的报价数据
2025-06-17 10:40:51 | ERROR    | src.trading.executor:find_best_option:192 | 查找最佳期权失败: 'contractSymbol'
2025-06-17 10:40:51 | WARNING  | src.bot.trading_bot:_check_signals:216 | 信号执行失败: SHORT
2025-06-17 10:40:52 | INFO     | src.trading.executor:update_account_info:125 | 账户更新: 总值$100396.42, 买入力$401585.68
2025-06-17 10:40:52 | DEBUG    | src.bot.trading_bot:_update_market_data:184 | 市场数据更新完成
2025-06-17 10:40:54 | INFO     | src.strategy.signals:generate_signals:468 | 生成信号: SHORT - VWAP空头突破: 偏离-0.24%, MACD转负
2025-06-17 10:40:54 | INFO     | src.bot.trading_bot:_check_signals:202 | 检测到信号: SHORT 置信度: 0.85 原因: VWAP空头突破: 偏离-0.24%, MACD转负
2025-06-17 10:40:54 | INFO     | src.utils.notifications:send_message:63 | [GENERAL] 📡 交易信号
类型: SHORT
强度: MEDIUM
置信度: 0.85
价格: $598.48
原因: VWAP空头突破: 偏离-0.24%, MACD转负
2025-06-17 10:40:55 | INFO     | src.data.market_data:find_suitable_options:435 | 当前SPY价格: $599.16, 选择PUT期权行权价: $600
2025-06-17 10:40:55 | DEBUG    | src.data.market_data:_generate_option_symbol:470 | 生成期权代码: SPY250617P00600000 (行权价$600, 类型PUT)
2025-06-17 10:40:55 | INFO     | src.data.market_data:find_suitable_options:444 | 成功获取期权SPY250617P00600000的报价数据
2025-06-17 10:40:55 | ERROR    | src.trading.executor:find_best_option:192 | 查找最佳期权失败: 'contractSymbol'
2025-06-17 10:40:55 | WARNING  | src.bot.trading_bot:_check_signals:216 | 信号执行失败: SHORT
2025-06-17 10:40:55 | INFO     | src.trading.executor:update_account_info:125 | 账户更新: 总值$100396.42, 买入力$401585.68
2025-06-17 10:40:55 | DEBUG    | src.bot.trading_bot:_update_market_data:184 | 市场数据更新完成
2025-06-17 10:40:58 | INFO     | src.strategy.signals:generate_signals:468 | 生成信号: SHORT - VWAP空头突破: 偏离-0.24%, MACD转负
2025-06-17 10:40:58 | INFO     | src.bot.trading_bot:_check_signals:202 | 检测到信号: SHORT 置信度: 0.85 原因: VWAP空头突破: 偏离-0.24%, MACD转负
2025-06-17 10:40:58 | INFO     | src.utils.notifications:send_message:63 | [GENERAL] 📡 交易信号
类型: SHORT
强度: MEDIUM
置信度: 0.85
价格: $598.48
原因: VWAP空头突破: 偏离-0.24%, MACD转负
2025-06-17 10:40:58 | INFO     | src.data.market_data:find_suitable_options:435 | 当前SPY价格: $599.16, 选择PUT期权行权价: $600
2025-06-17 10:40:58 | DEBUG    | src.data.market_data:_generate_option_symbol:470 | 生成期权代码: SPY250617P00600000 (行权价$600, 类型PUT)
2025-06-17 10:40:58 | INFO     | src.data.market_data:find_suitable_options:444 | 成功获取期权SPY250617P00600000的报价数据
2025-06-17 10:40:58 | ERROR    | src.trading.executor:find_best_option:192 | 查找最佳期权失败: 'contractSymbol'
2025-06-17 10:40:58 | WARNING  | src.bot.trading_bot:_check_signals:216 | 信号执行失败: SHORT
2025-06-17 10:40:59 | INFO     | src.trading.executor:update_account_info:125 | 账户更新: 总值$100396.42, 买入力$401585.68
2025-06-17 10:40:59 | DEBUG    | src.bot.trading_bot:_update_market_data:184 | 市场数据更新完成
2025-06-17 10:41:02 | INFO     | src.strategy.signals:generate_signals:468 | 生成信号: SHORT - VWAP空头突破: 偏离-0.23%, MACD转负
2025-06-17 10:41:02 | INFO     | src.bot.trading_bot:_check_signals:202 | 检测到信号: SHORT 置信度: 0.85 原因: VWAP空头突破: 偏离-0.23%, MACD转负
2025-06-17 10:41:02 | INFO     | src.utils.notifications:send_message:63 | [GENERAL] 📡 交易信号
类型: SHORT
强度: MEDIUM
置信度: 0.85
价格: $598.53
原因: VWAP空头突破: 偏离-0.23%, MACD转负
2025-06-17 10:41:02 | INFO     | src.data.market_data:find_suitable_options:435 | 当前SPY价格: $599.46, 选择PUT期权行权价: $600
2025-06-17 10:41:02 | DEBUG    | src.data.market_data:_generate_option_symbol:470 | 生成期权代码: SPY250617P00600000 (行权价$600, 类型PUT)
2025-06-17 10:41:02 | INFO     | src.data.market_data:find_suitable_options:444 | 成功获取期权SPY250617P00600000的报价数据
2025-06-17 10:41:02 | ERROR    | src.trading.executor:find_best_option:192 | 查找最佳期权失败: 'contractSymbol'
2025-06-17 10:41:02 | WARNING  | src.bot.trading_bot:_check_signals:216 | 信号执行失败: SHORT
2025-06-17 10:41:02 | INFO     | src.trading.executor:update_account_info:125 | 账户更新: 总值$100396.42, 买入力$401585.68
2025-06-17 10:41:02 | DEBUG    | src.bot.trading_bot:_update_market_data:184 | 市场数据更新完成
2025-06-17 10:41:05 | INFO     | src.strategy.signals:generate_signals:468 | 生成信号: SHORT - VWAP空头突破: 偏离-0.23%, MACD转负
2025-06-17 10:41:05 | INFO     | src.bot.trading_bot:_check_signals:202 | 检测到信号: SHORT 置信度: 0.85 原因: VWAP空头突破: 偏离-0.23%, MACD转负
2025-06-17 10:41:05 | INFO     | src.utils.notifications:send_message:63 | [GENERAL] 📡 交易信号
类型: SHORT
强度: MEDIUM
置信度: 0.85
价格: $598.53
原因: VWAP空头突破: 偏离-0.23%, MACD转负
2025-06-17 10:41:05 | INFO     | src.data.market_data:find_suitable_options:435 | 当前SPY价格: $599.46, 选择PUT期权行权价: $600
2025-06-17 10:41:05 | DEBUG    | src.data.market_data:_generate_option_symbol:470 | 生成期权代码: SPY250617P00600000 (行权价$600, 类型PUT)
2025-06-17 10:41:05 | INFO     | src.data.market_data:find_suitable_options:444 | 成功获取期权SPY250617P00600000的报价数据
2025-06-17 10:41:05 | ERROR    | src.trading.executor:find_best_option:192 | 查找最佳期权失败: 'contractSymbol'
2025-06-17 10:41:05 | WARNING  | src.bot.trading_bot:_check_signals:216 | 信号执行失败: SHORT
2025-06-17 10:41:06 | INFO     | src.trading.executor:update_account_info:125 | 账户更新: 总值$100396.42, 买入力$401585.68
2025-06-17 10:41:06 | DEBUG    | src.bot.trading_bot:_update_market_data:184 | 市场数据更新完成
2025-06-17 10:41:09 | INFO     | src.strategy.signals:generate_signals:468 | 生成信号: SHORT - VWAP空头突破: 偏离-0.23%, MACD转负
2025-06-17 10:41:09 | INFO     | src.bot.trading_bot:_check_signals:202 | 检测到信号: SHORT 置信度: 0.85 原因: VWAP空头突破: 偏离-0.23%, MACD转负
2025-06-17 10:41:09 | INFO     | src.utils.notifications:send_message:63 | [GENERAL] 📡 交易信号
类型: SHORT
强度: MEDIUM
置信度: 0.85
价格: $598.53
原因: VWAP空头突破: 偏离-0.23%, MACD转负
2025-06-17 10:41:09 | INFO     | src.data.market_data:find_suitable_options:435 | 当前SPY价格: $599.52, 选择PUT期权行权价: $600
2025-06-17 10:41:09 | DEBUG    | src.data.market_data:_generate_option_symbol:470 | 生成期权代码: SPY250617P00600000 (行权价$600, 类型PUT)
2025-06-17 10:41:09 | INFO     | src.data.market_data:find_suitable_options:444 | 成功获取期权SPY250617P00600000的报价数据
2025-06-17 10:41:09 | ERROR    | src.trading.executor:find_best_option:192 | 查找最佳期权失败: 'contractSymbol'
2025-06-17 10:41:09 | WARNING  | src.bot.trading_bot:_check_signals:216 | 信号执行失败: SHORT
2025-06-17 10:41:09 | INFO     | src.trading.executor:update_account_info:125 | 账户更新: 总值$100396.42, 买入力$401585.68
2025-06-17 10:41:09 | DEBUG    | src.bot.trading_bot:_update_market_data:184 | 市场数据更新完成
2025-06-17 10:41:12 | INFO     | src.strategy.signals:generate_signals:468 | 生成信号: SHORT - VWAP空头突破: 偏离-0.23%, MACD转负
2025-06-17 10:41:12 | INFO     | src.bot.trading_bot:_check_signals:202 | 检测到信号: SHORT 置信度: 0.85 原因: VWAP空头突破: 偏离-0.23%, MACD转负
2025-06-17 10:41:12 | INFO     | src.utils.notifications:send_message:63 | [GENERAL] 📡 交易信号
类型: SHORT
强度: MEDIUM
置信度: 0.85
价格: $598.53
原因: VWAP空头突破: 偏离-0.23%, MACD转负
2025-06-17 10:41:12 | INFO     | src.data.market_data:find_suitable_options:435 | 当前SPY价格: $599.52, 选择PUT期权行权价: $600
2025-06-17 10:41:12 | DEBUG    | src.data.market_data:_generate_option_symbol:470 | 生成期权代码: SPY250617P00600000 (行权价$600, 类型PUT)
2025-06-17 10:41:12 | INFO     | src.data.market_data:find_suitable_options:444 | 成功获取期权SPY250617P00600000的报价数据
2025-06-17 10:41:12 | ERROR    | src.trading.executor:find_best_option:192 | 查找最佳期权失败: 'contractSymbol'
2025-06-17 10:41:12 | WARNING  | src.bot.trading_bot:_check_signals:216 | 信号执行失败: SHORT
2025-06-17 10:41:13 | INFO     | src.trading.executor:update_account_info:125 | 账户更新: 总值$100396.42, 买入力$401585.68
2025-06-17 10:41:13 | DEBUG    | src.bot.trading_bot:_update_market_data:184 | 市场数据更新完成
2025-06-17 10:41:15 | INFO     | src.strategy.signals:generate_signals:468 | 生成信号: SHORT - VWAP空头突破: 偏离-0.23%, MACD转负
2025-06-17 10:41:15 | INFO     | src.bot.trading_bot:_check_signals:202 | 检测到信号: SHORT 置信度: 0.85 原因: VWAP空头突破: 偏离-0.23%, MACD转负
2025-06-17 10:41:15 | INFO     | src.utils.notifications:send_message:63 | [GENERAL] 📡 交易信号
类型: SHORT
强度: MEDIUM
置信度: 0.85
价格: $598.53
原因: VWAP空头突破: 偏离-0.23%, MACD转负
2025-06-17 10:41:16 | INFO     | src.data.market_data:find_suitable_options:435 | 当前SPY价格: $599.52, 选择PUT期权行权价: $600
2025-06-17 10:41:16 | DEBUG    | src.data.market_data:_generate_option_symbol:470 | 生成期权代码: SPY250617P00600000 (行权价$600, 类型PUT)
2025-06-17 10:41:16 | INFO     | src.data.market_data:find_suitable_options:444 | 成功获取期权SPY250617P00600000的报价数据
2025-06-17 10:41:16 | ERROR    | src.trading.executor:find_best_option:192 | 查找最佳期权失败: 'contractSymbol'
2025-06-17 10:41:16 | WARNING  | src.bot.trading_bot:_check_signals:216 | 信号执行失败: SHORT
2025-06-17 10:41:17 | INFO     | src.trading.executor:update_account_info:125 | 账户更新: 总值$100396.42, 买入力$401585.68
2025-06-17 10:41:17 | DEBUG    | src.bot.trading_bot:_update_market_data:184 | 市场数据更新完成
2025-06-17 10:41:19 | INFO     | src.strategy.signals:generate_signals:468 | 生成信号: SHORT - VWAP空头突破: 偏离-0.23%, MACD转负
2025-06-17 10:41:19 | INFO     | src.bot.trading_bot:_check_signals:202 | 检测到信号: SHORT 置信度: 0.85 原因: VWAP空头突破: 偏离-0.23%, MACD转负
2025-06-17 10:41:19 | INFO     | src.utils.notifications:send_message:63 | [GENERAL] 📡 交易信号
类型: SHORT
强度: MEDIUM
置信度: 0.85
价格: $598.53
原因: VWAP空头突破: 偏离-0.23%, MACD转负
2025-06-17 10:41:19 | INFO     | src.data.market_data:find_suitable_options:435 | 当前SPY价格: $599.52, 选择PUT期权行权价: $600
2025-06-17 10:41:19 | DEBUG    | src.data.market_data:_generate_option_symbol:470 | 生成期权代码: SPY250617P00600000 (行权价$600, 类型PUT)
2025-06-17 10:41:19 | INFO     | src.data.market_data:find_suitable_options:444 | 成功获取期权SPY250617P00600000的报价数据
2025-06-17 10:41:19 | ERROR    | src.trading.executor:find_best_option:192 | 查找最佳期权失败: 'contractSymbol'
2025-06-17 10:41:19 | WARNING  | src.bot.trading_bot:_check_signals:216 | 信号执行失败: SHORT
2025-06-17 10:41:20 | INFO     | src.trading.executor:update_account_info:125 | 账户更新: 总值$100396.42, 买入力$401585.68
2025-06-17 10:41:20 | DEBUG    | src.bot.trading_bot:_update_market_data:184 | 市场数据更新完成
2025-06-17 10:41:23 | INFO     | src.strategy.signals:generate_signals:468 | 生成信号: SHORT - VWAP空头突破: 偏离-0.23%, MACD转负
2025-06-17 10:41:23 | INFO     | src.bot.trading_bot:_check_signals:202 | 检测到信号: SHORT 置信度: 0.85 原因: VWAP空头突破: 偏离-0.23%, MACD转负
2025-06-17 10:41:23 | INFO     | src.utils.notifications:send_message:63 | [GENERAL] 📡 交易信号
类型: SHORT
强度: MEDIUM
置信度: 0.85
价格: $598.53
原因: VWAP空头突破: 偏离-0.23%, MACD转负
2025-06-17 10:41:23 | INFO     | src.data.market_data:find_suitable_options:435 | 当前SPY价格: $599.52, 选择PUT期权行权价: $600
2025-06-17 10:41:23 | DEBUG    | src.data.market_data:_generate_option_symbol:470 | 生成期权代码: SPY250617P00600000 (行权价$600, 类型PUT)
2025-06-17 10:41:23 | INFO     | src.data.market_data:find_suitable_options:444 | 成功获取期权SPY250617P00600000的报价数据
2025-06-17 10:41:23 | ERROR    | src.trading.executor:find_best_option:192 | 查找最佳期权失败: 'contractSymbol'
2025-06-17 10:41:23 | WARNING  | src.bot.trading_bot:_check_signals:216 | 信号执行失败: SHORT
2025-06-17 10:41:23 | INFO     | src.trading.executor:update_account_info:125 | 账户更新: 总值$100396.42, 买入力$401585.68
2025-06-17 10:41:23 | DEBUG    | src.bot.trading_bot:_update_market_data:184 | 市场数据更新完成
2025-06-17 10:41:24 | DEBUG    | src.bot.trading_bot:_update_positions_normal:259 | 📊 常规头寸更新完成
2025-06-17 10:41:26 | INFO     | src.strategy.signals:generate_signals:468 | 生成信号: SHORT - VWAP空头突破: 偏离-0.23%, MACD转负
2025-06-17 10:41:26 | INFO     | src.bot.trading_bot:_check_signals:202 | 检测到信号: SHORT 置信度: 0.85 原因: VWAP空头突破: 偏离-0.23%, MACD转负
2025-06-17 10:41:26 | INFO     | src.utils.notifications:send_message:63 | [GENERAL] 📡 交易信号
类型: SHORT
强度: MEDIUM
置信度: 0.85
价格: $598.53
原因: VWAP空头突破: 偏离-0.23%, MACD转负
2025-06-17 10:41:26 | INFO     | src.data.market_data:find_suitable_options:435 | 当前SPY价格: $599.52, 选择PUT期权行权价: $600
2025-06-17 10:41:26 | DEBUG    | src.data.market_data:_generate_option_symbol:470 | 生成期权代码: SPY250617P00600000 (行权价$600, 类型PUT)
2025-06-17 10:41:26 | INFO     | src.data.market_data:find_suitable_options:444 | 成功获取期权SPY250617P00600000的报价数据
2025-06-17 10:41:26 | ERROR    | src.trading.executor:find_best_option:192 | 查找最佳期权失败: 'contractSymbol'
2025-06-17 10:41:26 | WARNING  | src.bot.trading_bot:_check_signals:216 | 信号执行失败: SHORT
2025-06-17 10:41:27 | INFO     | src.trading.executor:update_account_info:125 | 账户更新: 总值$100396.42, 买入力$401585.68
2025-06-17 10:41:27 | DEBUG    | src.bot.trading_bot:_update_market_data:184 | 市场数据更新完成
2025-06-17 10:41:29 | INFO     | src.strategy.signals:generate_signals:468 | 生成信号: SHORT - VWAP空头突破: 偏离-0.23%, MACD转负
2025-06-17 10:41:29 | INFO     | src.bot.trading_bot:_check_signals:202 | 检测到信号: SHORT 置信度: 0.85 原因: VWAP空头突破: 偏离-0.23%, MACD转负
2025-06-17 10:41:29 | INFO     | src.utils.notifications:send_message:63 | [GENERAL] 📡 交易信号
类型: SHORT
强度: MEDIUM
置信度: 0.85
价格: $598.53
原因: VWAP空头突破: 偏离-0.23%, MACD转负
2025-06-17 10:41:30 | INFO     | src.data.market_data:find_suitable_options:435 | 当前SPY价格: $599.52, 选择PUT期权行权价: $600
2025-06-17 10:41:30 | DEBUG    | src.data.market_data:_generate_option_symbol:470 | 生成期权代码: SPY250617P00600000 (行权价$600, 类型PUT)
2025-06-17 10:41:30 | INFO     | src.data.market_data:find_suitable_options:444 | 成功获取期权SPY250617P00600000的报价数据
2025-06-17 10:41:30 | ERROR    | src.trading.executor:find_best_option:192 | 查找最佳期权失败: 'contractSymbol'
2025-06-17 10:41:30 | WARNING  | src.bot.trading_bot:_check_signals:216 | 信号执行失败: SHORT
2025-06-17 10:41:30 | INFO     | src.trading.executor:update_account_info:125 | 账户更新: 总值$100396.42, 买入力$401585.68
2025-06-17 10:41:30 | DEBUG    | src.bot.trading_bot:_update_market_data:184 | 市场数据更新完成
2025-06-17 10:41:33 | INFO     | src.strategy.signals:generate_signals:468 | 生成信号: SHORT - VWAP空头突破: 偏离-0.23%, MACD转负
2025-06-17 10:41:33 | INFO     | src.bot.trading_bot:_check_signals:202 | 检测到信号: SHORT 置信度: 0.85 原因: VWAP空头突破: 偏离-0.23%, MACD转负
2025-06-17 10:41:33 | INFO     | src.utils.notifications:send_message:63 | [GENERAL] 📡 交易信号
类型: SHORT
强度: MEDIUM
置信度: 0.85
价格: $598.53
原因: VWAP空头突破: 偏离-0.23%, MACD转负
2025-06-17 10:41:33 | INFO     | src.data.market_data:find_suitable_options:435 | 当前SPY价格: $599.52, 选择PUT期权行权价: $600
2025-06-17 10:41:33 | DEBUG    | src.data.market_data:_generate_option_symbol:470 | 生成期权代码: SPY250617P00600000 (行权价$600, 类型PUT)
2025-06-17 10:41:34 | INFO     | src.data.market_data:find_suitable_options:444 | 成功获取期权SPY250617P00600000的报价数据
2025-06-17 10:41:34 | ERROR    | src.trading.executor:find_best_option:192 | 查找最佳期权失败: 'contractSymbol'
2025-06-17 10:41:34 | WARNING  | src.bot.trading_bot:_check_signals:216 | 信号执行失败: SHORT
2025-06-17 10:41:34 | INFO     | src.trading.executor:update_account_info:125 | 账户更新: 总值$100396.42, 买入力$401585.68
2025-06-17 10:41:34 | DEBUG    | src.bot.trading_bot:_update_market_data:184 | 市场数据更新完成
2025-06-17 10:41:37 | INFO     | src.strategy.signals:generate_signals:468 | 生成信号: SHORT - VWAP空头突破: 偏离-0.23%, MACD转负
2025-06-17 10:41:37 | INFO     | src.bot.trading_bot:_check_signals:202 | 检测到信号: SHORT 置信度: 0.85 原因: VWAP空头突破: 偏离-0.23%, MACD转负
2025-06-17 10:41:37 | INFO     | src.utils.notifications:send_message:63 | [GENERAL] 📡 交易信号
类型: SHORT
强度: MEDIUM
置信度: 0.85
价格: $598.53
原因: VWAP空头突破: 偏离-0.23%, MACD转负
2025-06-17 10:41:37 | INFO     | src.data.market_data:find_suitable_options:435 | 当前SPY价格: $599.60, 选择PUT期权行权价: $600
2025-06-17 10:41:37 | DEBUG    | src.data.market_data:_generate_option_symbol:470 | 生成期权代码: SPY250617P00600000 (行权价$600, 类型PUT)
2025-06-17 10:41:37 | INFO     | src.data.market_data:find_suitable_options:444 | 成功获取期权SPY250617P00600000的报价数据
2025-06-17 10:41:37 | ERROR    | src.trading.executor:find_best_option:192 | 查找最佳期权失败: 'contractSymbol'
2025-06-17 10:41:37 | WARNING  | src.bot.trading_bot:_check_signals:216 | 信号执行失败: SHORT
2025-06-17 10:41:38 | INFO     | src.trading.executor:update_account_info:125 | 账户更新: 总值$100396.42, 买入力$401585.68
2025-06-17 10:41:38 | DEBUG    | src.bot.trading_bot:_update_market_data:184 | 市场数据更新完成
2025-06-17 10:41:40 | INFO     | src.strategy.signals:generate_signals:468 | 生成信号: SHORT - VWAP空头突破: 偏离-0.23%, MACD转负
2025-06-17 10:41:40 | INFO     | src.bot.trading_bot:_check_signals:202 | 检测到信号: SHORT 置信度: 0.85 原因: VWAP空头突破: 偏离-0.23%, MACD转负
2025-06-17 10:41:40 | INFO     | src.utils.notifications:send_message:63 | [GENERAL] 📡 交易信号
类型: SHORT
强度: MEDIUM
置信度: 0.85
价格: $598.53
原因: VWAP空头突破: 偏离-0.23%, MACD转负
2025-06-17 10:41:41 | INFO     | src.data.market_data:find_suitable_options:435 | 当前SPY价格: $599.60, 选择PUT期权行权价: $600
2025-06-17 10:41:41 | DEBUG    | src.data.market_data:_generate_option_symbol:470 | 生成期权代码: SPY250617P00600000 (行权价$600, 类型PUT)
2025-06-17 10:41:41 | INFO     | src.data.market_data:find_suitable_options:444 | 成功获取期权SPY250617P00600000的报价数据
2025-06-17 10:41:41 | ERROR    | src.trading.executor:find_best_option:192 | 查找最佳期权失败: 'contractSymbol'
2025-06-17 10:41:41 | WARNING  | src.bot.trading_bot:_check_signals:216 | 信号执行失败: SHORT
2025-06-17 10:41:41 | INFO     | src.trading.executor:update_account_info:125 | 账户更新: 总值$100396.42, 买入力$401585.68
2025-06-17 10:41:41 | DEBUG    | src.bot.trading_bot:_update_market_data:184 | 市场数据更新完成
2025-06-17 10:41:44 | INFO     | src.strategy.signals:generate_signals:468 | 生成信号: SHORT - VWAP空头突破: 偏离-0.23%, MACD转负
2025-06-17 10:41:44 | INFO     | src.bot.trading_bot:_check_signals:202 | 检测到信号: SHORT 置信度: 0.85 原因: VWAP空头突破: 偏离-0.23%, MACD转负
2025-06-17 10:41:44 | INFO     | src.utils.notifications:send_message:63 | [GENERAL] 📡 交易信号
类型: SHORT
强度: MEDIUM
置信度: 0.85
价格: $598.53
原因: VWAP空头突破: 偏离-0.23%, MACD转负
2025-06-17 10:41:44 | INFO     | src.data.market_data:find_suitable_options:435 | 当前SPY价格: $599.60, 选择PUT期权行权价: $600
2025-06-17 10:41:44 | DEBUG    | src.data.market_data:_generate_option_symbol:470 | 生成期权代码: SPY250617P00600000 (行权价$600, 类型PUT)
2025-06-17 10:41:44 | INFO     | src.data.market_data:find_suitable_options:444 | 成功获取期权SPY250617P00600000的报价数据
2025-06-17 10:41:44 | ERROR    | src.trading.executor:find_best_option:192 | 查找最佳期权失败: 'contractSymbol'
2025-06-17 10:41:44 | WARNING  | src.bot.trading_bot:_check_signals:216 | 信号执行失败: SHORT
2025-06-17 10:41:45 | INFO     | src.trading.executor:update_account_info:125 | 账户更新: 总值$100396.42, 买入力$401585.68
2025-06-17 10:41:45 | DEBUG    | src.bot.trading_bot:_update_market_data:184 | 市场数据更新完成
2025-06-17 10:41:47 | INFO     | src.strategy.signals:generate_signals:468 | 生成信号: SHORT - VWAP空头突破: 偏离-0.23%, MACD转负
2025-06-17 10:41:47 | INFO     | src.bot.trading_bot:_check_signals:202 | 检测到信号: SHORT 置信度: 0.85 原因: VWAP空头突破: 偏离-0.23%, MACD转负
2025-06-17 10:41:47 | INFO     | src.utils.notifications:send_message:63 | [GENERAL] 📡 交易信号
类型: SHORT
强度: MEDIUM
置信度: 0.85
价格: $598.53
原因: VWAP空头突破: 偏离-0.23%, MACD转负
2025-06-17 10:41:47 | INFO     | src.data.market_data:find_suitable_options:435 | 当前SPY价格: $599.54, 选择PUT期权行权价: $600
2025-06-17 10:41:47 | DEBUG    | src.data.market_data:_generate_option_symbol:470 | 生成期权代码: SPY250617P00600000 (行权价$600, 类型PUT)
2025-06-17 10:41:48 | INFO     | src.data.market_data:find_suitable_options:444 | 成功获取期权SPY250617P00600000的报价数据
2025-06-17 10:41:48 | ERROR    | src.trading.executor:find_best_option:192 | 查找最佳期权失败: 'contractSymbol'
2025-06-17 10:41:48 | WARNING  | src.bot.trading_bot:_check_signals:216 | 信号执行失败: SHORT
2025-06-17 10:41:48 | INFO     | src.trading.executor:update_account_info:125 | 账户更新: 总值$100396.42, 买入力$401585.68
2025-06-17 10:41:48 | DEBUG    | src.bot.trading_bot:_update_market_data:184 | 市场数据更新完成
2025-06-17 10:41:51 | INFO     | src.strategy.signals:generate_signals:468 | 生成信号: SHORT - VWAP空头突破: 偏离-0.23%, MACD转负
2025-06-17 10:41:51 | INFO     | src.bot.trading_bot:_check_signals:202 | 检测到信号: SHORT 置信度: 0.85 原因: VWAP空头突破: 偏离-0.23%, MACD转负
2025-06-17 10:41:51 | INFO     | src.utils.notifications:send_message:63 | [GENERAL] 📡 交易信号
类型: SHORT
强度: MEDIUM
置信度: 0.85
价格: $598.53
原因: VWAP空头突破: 偏离-0.23%, MACD转负
2025-06-17 10:41:51 | INFO     | src.data.market_data:find_suitable_options:435 | 当前SPY价格: $599.51, 选择PUT期权行权价: $600
2025-06-17 10:41:51 | DEBUG    | src.data.market_data:_generate_option_symbol:470 | 生成期权代码: SPY250617P00600000 (行权价$600, 类型PUT)
2025-06-17 10:41:51 | INFO     | src.data.market_data:find_suitable_options:444 | 成功获取期权SPY250617P00600000的报价数据
2025-06-17 10:41:51 | ERROR    | src.trading.executor:find_best_option:192 | 查找最佳期权失败: 'contractSymbol'
2025-06-17 10:41:51 | WARNING  | src.bot.trading_bot:_check_signals:216 | 信号执行失败: SHORT
2025-06-17 10:41:52 | INFO     | src.trading.executor:update_account_info:125 | 账户更新: 总值$100396.42, 买入力$401585.68
2025-06-17 10:41:52 | DEBUG    | src.bot.trading_bot:_update_market_data:184 | 市场数据更新完成
2025-06-17 10:41:54 | INFO     | src.strategy.signals:generate_signals:468 | 生成信号: SHORT - VWAP空头突破: 偏离-0.23%, MACD转负
2025-06-17 10:41:54 | INFO     | src.bot.trading_bot:_check_signals:202 | 检测到信号: SHORT 置信度: 0.85 原因: VWAP空头突破: 偏离-0.23%, MACD转负
2025-06-17 10:41:54 | INFO     | src.utils.notifications:send_message:63 | [GENERAL] 📡 交易信号
类型: SHORT
强度: MEDIUM
置信度: 0.85
价格: $598.53
原因: VWAP空头突破: 偏离-0.23%, MACD转负
2025-06-17 10:41:54 | INFO     | src.data.market_data:find_suitable_options:435 | 当前SPY价格: $599.51, 选择PUT期权行权价: $600
2025-06-17 10:41:54 | DEBUG    | src.data.market_data:_generate_option_symbol:470 | 生成期权代码: SPY250617P00600000 (行权价$600, 类型PUT)
2025-06-17 10:41:55 | INFO     | src.data.market_data:find_suitable_options:444 | 成功获取期权SPY250617P00600000的报价数据
2025-06-17 10:41:55 | ERROR    | src.trading.executor:find_best_option:192 | 查找最佳期权失败: 'contractSymbol'
2025-06-17 10:41:55 | WARNING  | src.bot.trading_bot:_check_signals:216 | 信号执行失败: SHORT
2025-06-17 10:41:55 | INFO     | src.trading.executor:update_account_info:125 | 账户更新: 总值$100396.42, 买入力$401585.68
2025-06-17 10:41:55 | DEBUG    | src.bot.trading_bot:_update_market_data:184 | 市场数据更新完成
2025-06-17 10:41:58 | INFO     | src.strategy.signals:generate_signals:468 | 生成信号: SHORT - VWAP空头突破: 偏离-0.23%, MACD转负
2025-06-17 10:41:58 | INFO     | src.bot.trading_bot:_check_signals:202 | 检测到信号: SHORT 置信度: 0.85 原因: VWAP空头突破: 偏离-0.23%, MACD转负
2025-06-17 10:41:58 | INFO     | src.utils.notifications:send_message:63 | [GENERAL] 📡 交易信号
类型: SHORT
强度: MEDIUM
置信度: 0.85
价格: $598.53
原因: VWAP空头突破: 偏离-0.23%, MACD转负
2025-06-17 10:41:58 | INFO     | src.data.market_data:find_suitable_options:435 | 当前SPY价格: $599.51, 选择PUT期权行权价: $600
2025-06-17 10:41:58 | DEBUG    | src.data.market_data:_generate_option_symbol:470 | 生成期权代码: SPY250617P00600000 (行权价$600, 类型PUT)
2025-06-17 10:41:58 | INFO     | src.data.market_data:find_suitable_options:444 | 成功获取期权SPY250617P00600000的报价数据
2025-06-17 10:41:58 | ERROR    | src.trading.executor:find_best_option:192 | 查找最佳期权失败: 'contractSymbol'
2025-06-17 10:41:58 | WARNING  | src.bot.trading_bot:_check_signals:216 | 信号执行失败: SHORT
2025-06-17 10:41:59 | INFO     | src.trading.executor:update_account_info:125 | 账户更新: 总值$100396.42, 买入力$401585.68
2025-06-17 10:41:59 | DEBUG    | src.bot.trading_bot:_update_market_data:184 | 市场数据更新完成
2025-06-17 10:42:01 | INFO     | src.strategy.signals:generate_signals:468 | 生成信号: SHORT - VWAP空头突破: 偏离-0.23%, MACD转负
2025-06-17 10:42:01 | INFO     | src.bot.trading_bot:_check_signals:202 | 检测到信号: SHORT 置信度: 0.85 原因: VWAP空头突破: 偏离-0.23%, MACD转负
2025-06-17 10:42:01 | INFO     | src.utils.notifications:send_message:63 | [GENERAL] 📡 交易信号
类型: SHORT
强度: MEDIUM
置信度: 0.85
价格: $598.53
原因: VWAP空头突破: 偏离-0.23%, MACD转负
2025-06-17 10:42:01 | INFO     | src.data.market_data:find_suitable_options:435 | 当前SPY价格: $599.51, 选择PUT期权行权价: $600
2025-06-17 10:42:01 | DEBUG    | src.data.market_data:_generate_option_symbol:470 | 生成期权代码: SPY250617P00600000 (行权价$600, 类型PUT)
2025-06-17 10:42:01 | INFO     | src.data.market_data:find_suitable_options:444 | 成功获取期权SPY250617P00600000的报价数据
2025-06-17 10:42:01 | ERROR    | src.trading.executor:find_best_option:192 | 查找最佳期权失败: 'contractSymbol'
2025-06-17 10:42:01 | WARNING  | src.bot.trading_bot:_check_signals:216 | 信号执行失败: SHORT
2025-06-17 10:42:02 | INFO     | src.trading.executor:update_account_info:125 | 账户更新: 总值$100396.42, 买入力$401585.68
2025-06-17 10:42:02 | DEBUG    | src.bot.trading_bot:_update_market_data:184 | 市场数据更新完成
2025-06-17 10:42:05 | INFO     | src.trading.executor:update_account_info:125 | 账户更新: 总值$100396.42, 买入力$401585.68
2025-06-17 10:42:05 | DEBUG    | src.bot.trading_bot:_update_market_data:184 | 市场数据更新完成
2025-06-17 10:42:09 | INFO     | src.trading.executor:update_account_info:125 | 账户更新: 总值$100396.42, 买入力$401585.68
2025-06-17 10:42:09 | DEBUG    | src.bot.trading_bot:_update_market_data:184 | 市场数据更新完成
2025-06-17 10:42:12 | INFO     | src.trading.executor:update_account_info:125 | 账户更新: 总值$100396.42, 买入力$401585.68
2025-06-17 10:42:12 | DEBUG    | src.bot.trading_bot:_update_market_data:184 | 市场数据更新完成
2025-06-17 10:42:15 | INFO     | src.trading.executor:update_account_info:125 | 账户更新: 总值$100396.42, 买入力$401585.68
2025-06-17 10:42:15 | DEBUG    | src.bot.trading_bot:_update_market_data:184 | 市场数据更新完成
2025-06-17 10:42:18 | INFO     | src.trading.executor:update_account_info:125 | 账户更新: 总值$100396.42, 买入力$401585.68
2025-06-17 10:42:18 | DEBUG    | src.bot.trading_bot:_update_market_data:184 | 市场数据更新完成
2025-06-17 10:42:21 | INFO     | src.trading.executor:update_account_info:125 | 账户更新: 总值$100396.42, 买入力$401585.68
2025-06-17 10:42:21 | DEBUG    | src.bot.trading_bot:_update_market_data:184 | 市场数据更新完成
2025-06-17 10:42:24 | DEBUG    | src.bot.trading_bot:_update_positions_normal:259 | 📊 常规头寸更新完成
2025-06-17 10:42:25 | INFO     | src.trading.executor:update_account_info:125 | 账户更新: 总值$100396.42, 买入力$401585.68
2025-06-17 10:42:25 | DEBUG    | src.bot.trading_bot:_update_market_data:184 | 市场数据更新完成
2025-06-17 10:42:28 | INFO     | src.trading.executor:update_account_info:125 | 账户更新: 总值$100396.42, 买入力$401585.68
2025-06-17 10:42:28 | DEBUG    | src.bot.trading_bot:_update_market_data:184 | 市场数据更新完成
2025-06-17 10:42:31 | INFO     | src.trading.executor:update_account_info:125 | 账户更新: 总值$100396.42, 买入力$401585.68
2025-06-17 10:42:31 | DEBUG    | src.bot.trading_bot:_update_market_data:184 | 市场数据更新完成
2025-06-17 10:42:34 | INFO     | src.trading.executor:update_account_info:125 | 账户更新: 总值$100396.42, 买入力$401585.68
2025-06-17 10:42:34 | DEBUG    | src.bot.trading_bot:_update_market_data:184 | 市场数据更新完成
2025-06-17 10:42:38 | INFO     | src.trading.executor:update_account_info:125 | 账户更新: 总值$100396.42, 买入力$401585.68
2025-06-17 10:42:38 | DEBUG    | src.bot.trading_bot:_update_market_data:184 | 市场数据更新完成
2025-06-17 10:42:41 | INFO     | src.trading.executor:update_account_info:125 | 账户更新: 总值$100396.42, 买入力$401585.68
2025-06-17 10:42:41 | DEBUG    | src.bot.trading_bot:_update_market_data:184 | 市场数据更新完成
2025-06-17 10:42:44 | INFO     | src.trading.executor:update_account_info:125 | 账户更新: 总值$100396.42, 买入力$401585.68
2025-06-17 10:42:44 | DEBUG    | src.bot.trading_bot:_update_market_data:184 | 市场数据更新完成
2025-06-17 10:42:47 | INFO     | src.trading.executor:update_account_info:125 | 账户更新: 总值$100396.42, 买入力$401585.68
2025-06-17 10:42:47 | DEBUG    | src.bot.trading_bot:_update_market_data:184 | 市场数据更新完成
2025-06-17 10:42:50 | INFO     | src.trading.executor:update_account_info:125 | 账户更新: 总值$100396.42, 买入力$401585.68
2025-06-17 10:42:50 | DEBUG    | src.bot.trading_bot:_update_market_data:184 | 市场数据更新完成
2025-06-17 10:42:54 | INFO     | src.trading.executor:update_account_info:125 | 账户更新: 总值$100396.42, 买入力$401585.68
2025-06-17 10:42:54 | DEBUG    | src.bot.trading_bot:_update_market_data:184 | 市场数据更新完成
2025-06-17 10:42:57 | INFO     | src.trading.executor:update_account_info:125 | 账户更新: 总值$100396.42, 买入力$401585.68
2025-06-17 10:42:57 | DEBUG    | src.bot.trading_bot:_update_market_data:184 | 市场数据更新完成
2025-06-17 10:43:00 | INFO     | src.trading.executor:update_account_info:125 | 账户更新: 总值$100396.42, 买入力$401585.68
2025-06-17 10:43:00 | DEBUG    | src.bot.trading_bot:_update_market_data:184 | 市场数据更新完成
2025-06-17 10:43:03 | INFO     | src.trading.executor:update_account_info:125 | 账户更新: 总值$100396.42, 买入力$401585.68
2025-06-17 10:43:03 | DEBUG    | src.bot.trading_bot:_update_market_data:184 | 市场数据更新完成
2025-06-17 10:43:06 | INFO     | src.trading.executor:update_account_info:125 | 账户更新: 总值$100396.42, 买入力$401585.68
2025-06-17 10:43:06 | DEBUG    | src.bot.trading_bot:_update_market_data:184 | 市场数据更新完成
2025-06-17 10:43:10 | INFO     | src.trading.executor:update_account_info:125 | 账户更新: 总值$100396.42, 买入力$401585.68
2025-06-17 10:43:10 | DEBUG    | src.bot.trading_bot:_update_market_data:184 | 市场数据更新完成
2025-06-17 10:43:13 | INFO     | src.trading.executor:update_account_info:125 | 账户更新: 总值$100396.42, 买入力$401585.68
2025-06-17 10:43:13 | DEBUG    | src.bot.trading_bot:_update_market_data:184 | 市场数据更新完成
2025-06-17 10:43:16 | INFO     | src.trading.executor:update_account_info:125 | 账户更新: 总值$100396.42, 买入力$401585.68
2025-06-17 10:43:16 | DEBUG    | src.bot.trading_bot:_update_market_data:184 | 市场数据更新完成
2025-06-17 10:43:19 | INFO     | src.trading.executor:update_account_info:125 | 账户更新: 总值$100396.42, 买入力$401585.68
2025-06-17 10:43:19 | DEBUG    | src.bot.trading_bot:_update_market_data:184 | 市场数据更新完成
2025-06-17 10:43:23 | INFO     | src.trading.executor:update_account_info:125 | 账户更新: 总值$100396.42, 买入力$401585.68
2025-06-17 10:43:23 | DEBUG    | src.bot.trading_bot:_update_market_data:184 | 市场数据更新完成
2025-06-17 10:43:24 | DEBUG    | src.bot.trading_bot:_update_positions_normal:259 | 📊 常规头寸更新完成
2025-06-17 10:43:26 | INFO     | src.trading.executor:update_account_info:125 | 账户更新: 总值$100396.42, 买入力$401585.68
2025-06-17 10:43:26 | DEBUG    | src.bot.trading_bot:_update_market_data:184 | 市场数据更新完成
2025-06-17 10:43:29 | INFO     | src.trading.executor:update_account_info:125 | 账户更新: 总值$100396.42, 买入力$401585.68
2025-06-17 10:43:29 | DEBUG    | src.bot.trading_bot:_update_market_data:184 | 市场数据更新完成
2025-06-17 10:43:32 | INFO     | src.trading.executor:update_account_info:125 | 账户更新: 总值$100396.42, 买入力$401585.68
2025-06-17 10:43:32 | DEBUG    | src.bot.trading_bot:_update_market_data:184 | 市场数据更新完成
2025-06-17 10:43:35 | INFO     | src.trading.executor:update_account_info:125 | 账户更新: 总值$100396.42, 买入力$401585.68
2025-06-17 10:43:35 | DEBUG    | src.bot.trading_bot:_update_market_data:184 | 市场数据更新完成
2025-06-17 10:43:39 | INFO     | src.trading.executor:update_account_info:125 | 账户更新: 总值$100396.42, 买入力$401585.68
2025-06-17 10:43:39 | DEBUG    | src.bot.trading_bot:_update_market_data:184 | 市场数据更新完成
2025-06-17 10:43:42 | INFO     | src.trading.executor:update_account_info:125 | 账户更新: 总值$100396.42, 买入力$401585.68
2025-06-17 10:43:42 | DEBUG    | src.bot.trading_bot:_update_market_data:184 | 市场数据更新完成
2025-06-17 10:43:45 | INFO     | src.trading.executor:update_account_info:125 | 账户更新: 总值$100396.42, 买入力$401585.68
2025-06-17 10:43:45 | DEBUG    | src.bot.trading_bot:_update_market_data:184 | 市场数据更新完成
2025-06-17 10:43:49 | INFO     | src.trading.executor:update_account_info:125 | 账户更新: 总值$100396.42, 买入力$401585.68
2025-06-17 10:43:49 | DEBUG    | src.bot.trading_bot:_update_market_data:184 | 市场数据更新完成
2025-06-17 10:43:52 | INFO     | src.trading.executor:update_account_info:125 | 账户更新: 总值$100396.42, 买入力$401585.68
2025-06-17 10:43:52 | DEBUG    | src.bot.trading_bot:_update_market_data:184 | 市场数据更新完成
2025-06-17 10:43:55 | INFO     | src.trading.executor:update_account_info:125 | 账户更新: 总值$100396.42, 买入力$401585.68
2025-06-17 10:43:55 | DEBUG    | src.bot.trading_bot:_update_market_data:184 | 市场数据更新完成
2025-06-17 10:43:58 | INFO     | src.trading.executor:update_account_info:125 | 账户更新: 总值$100396.42, 买入力$401585.68
2025-06-17 10:43:58 | DEBUG    | src.bot.trading_bot:_update_market_data:184 | 市场数据更新完成
2025-06-17 10:44:01 | INFO     | src.trading.executor:update_account_info:125 | 账户更新: 总值$100396.42, 买入力$401585.68
2025-06-17 10:44:01 | DEBUG    | src.bot.trading_bot:_update_market_data:184 | 市场数据更新完成
2025-06-17 10:44:05 | INFO     | src.trading.executor:update_account_info:125 | 账户更新: 总值$100396.42, 买入力$401585.68
2025-06-17 10:44:05 | DEBUG    | src.bot.trading_bot:_update_market_data:184 | 市场数据更新完成
2025-06-17 10:44:08 | INFO     | src.trading.executor:update_account_info:125 | 账户更新: 总值$100396.42, 买入力$401585.68
2025-06-17 10:44:08 | DEBUG    | src.bot.trading_bot:_update_market_data:184 | 市场数据更新完成
2025-06-17 10:44:11 | INFO     | src.trading.executor:update_account_info:125 | 账户更新: 总值$100396.42, 买入力$401585.68
2025-06-17 10:44:11 | DEBUG    | src.bot.trading_bot:_update_market_data:184 | 市场数据更新完成
2025-06-17 10:44:14 | INFO     | src.strategy.signals:generate_signals:468 | 生成信号: SHORT - VWAP空头突破: 偏离-0.25%, MACD转负
2025-06-17 10:44:14 | INFO     | src.bot.trading_bot:_check_signals:202 | 检测到信号: SHORT 置信度: 0.85 原因: VWAP空头突破: 偏离-0.25%, MACD转负
2025-06-17 10:44:14 | INFO     | src.utils.notifications:send_message:63 | [GENERAL] 📡 交易信号
类型: SHORT
强度: MEDIUM
置信度: 0.85
价格: $598.40
原因: VWAP空头突破: 偏离-0.25%, MACD转负
2025-06-17 10:44:14 | INFO     | src.data.market_data:find_suitable_options:435 | 当前SPY价格: $599.18, 选择PUT期权行权价: $600
2025-06-17 10:44:14 | DEBUG    | src.data.market_data:_generate_option_symbol:470 | 生成期权代码: SPY250617P00600000 (行权价$600, 类型PUT)
2025-06-17 10:44:14 | INFO     | src.data.market_data:find_suitable_options:444 | 成功获取期权SPY250617P00600000的报价数据
2025-06-17 10:44:14 | ERROR    | src.trading.executor:find_best_option:192 | 查找最佳期权失败: 'contractSymbol'
2025-06-17 10:44:14 | WARNING  | src.bot.trading_bot:_check_signals:216 | 信号执行失败: SHORT
2025-06-17 10:44:15 | INFO     | src.trading.executor:update_account_info:125 | 账户更新: 总值$100396.42, 买入力$401585.68
2025-06-17 10:44:15 | DEBUG    | src.bot.trading_bot:_update_market_data:184 | 市场数据更新完成
2025-06-17 10:44:17 | INFO     | src.strategy.signals:generate_signals:468 | 生成信号: SHORT - VWAP空头突破: 偏离-0.25%, MACD转负
2025-06-17 10:44:17 | INFO     | src.bot.trading_bot:_check_signals:202 | 检测到信号: SHORT 置信度: 0.85 原因: VWAP空头突破: 偏离-0.25%, MACD转负
2025-06-17 10:44:17 | INFO     | src.utils.notifications:send_message:63 | [GENERAL] 📡 交易信号
类型: SHORT
强度: MEDIUM
置信度: 0.85
价格: $598.40
原因: VWAP空头突破: 偏离-0.25%, MACD转负
2025-06-17 10:44:17 | INFO     | src.data.market_data:find_suitable_options:435 | 当前SPY价格: $599.12, 选择PUT期权行权价: $600
2025-06-17 10:44:17 | DEBUG    | src.data.market_data:_generate_option_symbol:470 | 生成期权代码: SPY250617P00600000 (行权价$600, 类型PUT)
2025-06-17 10:44:18 | INFO     | src.data.market_data:find_suitable_options:444 | 成功获取期权SPY250617P00600000的报价数据
2025-06-17 10:44:18 | ERROR    | src.trading.executor:find_best_option:192 | 查找最佳期权失败: 'contractSymbol'
2025-06-17 10:44:18 | WARNING  | src.bot.trading_bot:_check_signals:216 | 信号执行失败: SHORT
2025-06-17 10:44:18 | INFO     | src.trading.executor:update_account_info:125 | 账户更新: 总值$100396.42, 买入力$401585.68
2025-06-17 10:44:18 | DEBUG    | src.bot.trading_bot:_update_market_data:184 | 市场数据更新完成
2025-06-17 10:44:21 | INFO     | src.strategy.signals:generate_signals:468 | 生成信号: SHORT - VWAP空头突破: 偏离-0.25%, MACD转负
2025-06-17 10:44:21 | INFO     | src.bot.trading_bot:_check_signals:202 | 检测到信号: SHORT 置信度: 0.85 原因: VWAP空头突破: 偏离-0.25%, MACD转负
2025-06-17 10:44:21 | INFO     | src.utils.notifications:send_message:63 | [GENERAL] 📡 交易信号
类型: SHORT
强度: MEDIUM
置信度: 0.85
价格: $598.40
原因: VWAP空头突破: 偏离-0.25%, MACD转负
2025-06-17 10:44:21 | INFO     | src.data.market_data:find_suitable_options:435 | 当前SPY价格: $599.02, 选择PUT期权行权价: $600
2025-06-17 10:44:21 | DEBUG    | src.data.market_data:_generate_option_symbol:470 | 生成期权代码: SPY250617P00600000 (行权价$600, 类型PUT)
2025-06-17 10:44:21 | INFO     | src.data.market_data:find_suitable_options:444 | 成功获取期权SPY250617P00600000的报价数据
2025-06-17 10:44:21 | ERROR    | src.trading.executor:find_best_option:192 | 查找最佳期权失败: 'contractSymbol'
2025-06-17 10:44:21 | WARNING  | src.bot.trading_bot:_check_signals:216 | 信号执行失败: SHORT
2025-06-17 10:44:22 | INFO     | src.trading.executor:update_account_info:125 | 账户更新: 总值$100396.42, 买入力$401585.68
2025-06-17 10:44:22 | DEBUG    | src.bot.trading_bot:_update_market_data:184 | 市场数据更新完成
2025-06-17 10:44:24 | DEBUG    | src.bot.trading_bot:_update_positions_normal:259 | 📊 常规头寸更新完成
2025-06-17 10:44:24 | INFO     | src.strategy.signals:generate_signals:468 | 生成信号: SHORT - VWAP空头突破: 偏离-0.25%, MACD转负
2025-06-17 10:44:24 | INFO     | src.bot.trading_bot:_check_signals:202 | 检测到信号: SHORT 置信度: 0.85 原因: VWAP空头突破: 偏离-0.25%, MACD转负
2025-06-17 10:44:24 | INFO     | src.utils.notifications:send_message:63 | [GENERAL] 📡 交易信号
类型: SHORT
强度: MEDIUM
置信度: 0.85
价格: $598.40
原因: VWAP空头突破: 偏离-0.25%, MACD转负
2025-06-17 10:44:25 | INFO     | src.data.market_data:find_suitable_options:435 | 当前SPY价格: $598.93, 选择PUT期权行权价: $599
2025-06-17 10:44:25 | DEBUG    | src.data.market_data:_generate_option_symbol:470 | 生成期权代码: SPY250617P00599000 (行权价$599, 类型PUT)
2025-06-17 10:44:25 | INFO     | src.data.market_data:find_suitable_options:444 | 成功获取期权SPY250617P00599000的报价数据
2025-06-17 10:44:25 | ERROR    | src.trading.executor:find_best_option:192 | 查找最佳期权失败: 'contractSymbol'
2025-06-17 10:44:25 | WARNING  | src.bot.trading_bot:_check_signals:216 | 信号执行失败: SHORT
2025-06-17 10:44:25 | INFO     | src.trading.executor:update_account_info:125 | 账户更新: 总值$100396.42, 买入力$401585.68
2025-06-17 10:44:25 | DEBUG    | src.bot.trading_bot:_update_market_data:184 | 市场数据更新完成
2025-06-17 10:44:28 | INFO     | src.strategy.signals:generate_signals:468 | 生成信号: SHORT - VWAP空头突破: 偏离-0.25%, MACD转负
2025-06-17 10:44:28 | INFO     | src.bot.trading_bot:_check_signals:202 | 检测到信号: SHORT 置信度: 0.85 原因: VWAP空头突破: 偏离-0.25%, MACD转负
2025-06-17 10:44:28 | INFO     | src.utils.notifications:send_message:63 | [GENERAL] 📡 交易信号
类型: SHORT
强度: MEDIUM
置信度: 0.85
价格: $598.40
原因: VWAP空头突破: 偏离-0.25%, MACD转负
2025-06-17 10:44:28 | INFO     | src.data.market_data:find_suitable_options:435 | 当前SPY价格: $598.94, 选择PUT期权行权价: $599
2025-06-17 10:44:28 | DEBUG    | src.data.market_data:_generate_option_symbol:470 | 生成期权代码: SPY250617P00599000 (行权价$599, 类型PUT)
2025-06-17 10:44:28 | INFO     | src.data.market_data:find_suitable_options:444 | 成功获取期权SPY250617P00599000的报价数据
2025-06-17 10:44:28 | ERROR    | src.trading.executor:find_best_option:192 | 查找最佳期权失败: 'contractSymbol'
2025-06-17 10:44:28 | WARNING  | src.bot.trading_bot:_check_signals:216 | 信号执行失败: SHORT
2025-06-17 10:44:29 | INFO     | src.trading.executor:update_account_info:125 | 账户更新: 总值$100396.42, 买入力$401585.68
2025-06-17 10:44:29 | DEBUG    | src.bot.trading_bot:_update_market_data:184 | 市场数据更新完成
2025-06-17 10:44:31 | INFO     | src.strategy.signals:generate_signals:468 | 生成信号: SHORT - VWAP空头突破: 偏离-0.25%, MACD转负
2025-06-17 10:44:31 | INFO     | src.bot.trading_bot:_check_signals:202 | 检测到信号: SHORT 置信度: 0.85 原因: VWAP空头突破: 偏离-0.25%, MACD转负
2025-06-17 10:44:31 | INFO     | src.utils.notifications:send_message:63 | [GENERAL] 📡 交易信号
类型: SHORT
强度: MEDIUM
置信度: 0.85
价格: $598.40
原因: VWAP空头突破: 偏离-0.25%, MACD转负
2025-06-17 10:44:31 | INFO     | src.data.market_data:find_suitable_options:435 | 当前SPY价格: $598.89, 选择PUT期权行权价: $599
2025-06-17 10:44:31 | DEBUG    | src.data.market_data:_generate_option_symbol:470 | 生成期权代码: SPY250617P00599000 (行权价$599, 类型PUT)
2025-06-17 10:44:32 | INFO     | src.data.market_data:find_suitable_options:444 | 成功获取期权SPY250617P00599000的报价数据
2025-06-17 10:44:32 | ERROR    | src.trading.executor:find_best_option:192 | 查找最佳期权失败: 'contractSymbol'
2025-06-17 10:44:32 | WARNING  | src.bot.trading_bot:_check_signals:216 | 信号执行失败: SHORT
2025-06-17 10:44:32 | INFO     | src.trading.executor:update_account_info:125 | 账户更新: 总值$100396.42, 买入力$401585.68
2025-06-17 10:44:32 | DEBUG    | src.bot.trading_bot:_update_market_data:184 | 市场数据更新完成
2025-06-17 10:44:35 | INFO     | src.strategy.signals:generate_signals:468 | 生成信号: SHORT - VWAP空头突破: 偏离-0.25%, MACD转负
2025-06-17 10:44:35 | INFO     | src.bot.trading_bot:_check_signals:202 | 检测到信号: SHORT 置信度: 0.85 原因: VWAP空头突破: 偏离-0.25%, MACD转负
2025-06-17 10:44:35 | INFO     | src.utils.notifications:send_message:63 | [GENERAL] 📡 交易信号
类型: SHORT
强度: MEDIUM
置信度: 0.85
价格: $598.40
原因: VWAP空头突破: 偏离-0.25%, MACD转负
2025-06-17 10:44:35 | INFO     | src.data.market_data:find_suitable_options:435 | 当前SPY价格: $598.84, 选择PUT期权行权价: $599
2025-06-17 10:44:35 | DEBUG    | src.data.market_data:_generate_option_symbol:470 | 生成期权代码: SPY250617P00599000 (行权价$599, 类型PUT)
2025-06-17 10:44:35 | INFO     | src.data.market_data:find_suitable_options:444 | 成功获取期权SPY250617P00599000的报价数据
2025-06-17 10:44:35 | ERROR    | src.trading.executor:find_best_option:192 | 查找最佳期权失败: 'contractSymbol'
2025-06-17 10:44:35 | WARNING  | src.bot.trading_bot:_check_signals:216 | 信号执行失败: SHORT
2025-06-17 10:44:36 | INFO     | src.trading.executor:update_account_info:125 | 账户更新: 总值$100396.42, 买入力$401585.68
2025-06-17 10:44:36 | DEBUG    | src.bot.trading_bot:_update_market_data:184 | 市场数据更新完成
2025-06-17 10:44:39 | INFO     | src.strategy.signals:generate_signals:468 | 生成信号: SHORT - VWAP空头突破: 偏离-0.25%, MACD转负
2025-06-17 10:44:39 | INFO     | src.bot.trading_bot:_check_signals:202 | 检测到信号: SHORT 置信度: 0.85 原因: VWAP空头突破: 偏离-0.25%, MACD转负
2025-06-17 10:44:39 | INFO     | src.utils.notifications:send_message:63 | [GENERAL] 📡 交易信号
类型: SHORT
强度: MEDIUM
置信度: 0.85
价格: $598.40
原因: VWAP空头突破: 偏离-0.25%, MACD转负
2025-06-17 10:44:39 | INFO     | src.data.market_data:find_suitable_options:435 | 当前SPY价格: $598.81, 选择PUT期权行权价: $599
2025-06-17 10:44:39 | DEBUG    | src.data.market_data:_generate_option_symbol:470 | 生成期权代码: SPY250617P00599000 (行权价$599, 类型PUT)
2025-06-17 10:44:39 | INFO     | src.data.market_data:find_suitable_options:444 | 成功获取期权SPY250617P00599000的报价数据
2025-06-17 10:44:39 | ERROR    | src.trading.executor:find_best_option:192 | 查找最佳期权失败: 'contractSymbol'
2025-06-17 10:44:39 | WARNING  | src.bot.trading_bot:_check_signals:216 | 信号执行失败: SHORT
2025-06-17 10:44:39 | INFO     | src.trading.executor:update_account_info:125 | 账户更新: 总值$100396.42, 买入力$401585.68
2025-06-17 10:44:40 | DEBUG    | src.bot.trading_bot:_update_market_data:184 | 市场数据更新完成
2025-06-17 10:44:42 | INFO     | src.strategy.signals:generate_signals:468 | 生成信号: SHORT - VWAP空头突破: 偏离-0.25%, MACD转负
2025-06-17 10:44:42 | INFO     | src.bot.trading_bot:_check_signals:202 | 检测到信号: SHORT 置信度: 0.85 原因: VWAP空头突破: 偏离-0.25%, MACD转负
2025-06-17 10:44:42 | INFO     | src.utils.notifications:send_message:63 | [GENERAL] 📡 交易信号
类型: SHORT
强度: MEDIUM
置信度: 0.85
价格: $598.40
原因: VWAP空头突破: 偏离-0.25%, MACD转负
2025-06-17 10:44:42 | INFO     | src.data.market_data:find_suitable_options:435 | 当前SPY价格: $598.81, 选择PUT期权行权价: $599
2025-06-17 10:44:42 | DEBUG    | src.data.market_data:_generate_option_symbol:470 | 生成期权代码: SPY250617P00599000 (行权价$599, 类型PUT)
2025-06-17 10:44:42 | INFO     | src.data.market_data:find_suitable_options:444 | 成功获取期权SPY250617P00599000的报价数据
2025-06-17 10:44:42 | ERROR    | src.trading.executor:find_best_option:192 | 查找最佳期权失败: 'contractSymbol'
2025-06-17 10:44:42 | WARNING  | src.bot.trading_bot:_check_signals:216 | 信号执行失败: SHORT
2025-06-17 10:44:43 | INFO     | src.trading.executor:update_account_info:125 | 账户更新: 总值$100396.42, 买入力$401585.68
2025-06-17 10:44:43 | DEBUG    | src.bot.trading_bot:_update_market_data:184 | 市场数据更新完成
2025-06-17 10:44:46 | INFO     | src.strategy.signals:generate_signals:468 | 生成信号: SHORT - VWAP空头突破: 偏离-0.25%, MACD转负
2025-06-17 10:44:46 | INFO     | src.bot.trading_bot:_check_signals:202 | 检测到信号: SHORT 置信度: 0.85 原因: VWAP空头突破: 偏离-0.25%, MACD转负
2025-06-17 10:44:46 | INFO     | src.utils.notifications:send_message:63 | [GENERAL] 📡 交易信号
类型: SHORT
强度: MEDIUM
置信度: 0.85
价格: $598.40
原因: VWAP空头突破: 偏离-0.25%, MACD转负
2025-06-17 10:44:46 | INFO     | src.data.market_data:find_suitable_options:435 | 当前SPY价格: $598.81, 选择PUT期权行权价: $599
2025-06-17 10:44:46 | DEBUG    | src.data.market_data:_generate_option_symbol:470 | 生成期权代码: SPY250617P00599000 (行权价$599, 类型PUT)
2025-06-17 10:44:46 | INFO     | src.data.market_data:find_suitable_options:444 | 成功获取期权SPY250617P00599000的报价数据
2025-06-17 10:44:46 | ERROR    | src.trading.executor:find_best_option:192 | 查找最佳期权失败: 'contractSymbol'
2025-06-17 10:44:46 | WARNING  | src.bot.trading_bot:_check_signals:216 | 信号执行失败: SHORT
2025-06-17 10:44:47 | INFO     | src.trading.executor:update_account_info:125 | 账户更新: 总值$100396.42, 买入力$401585.68
2025-06-17 10:44:47 | DEBUG    | src.bot.trading_bot:_update_market_data:184 | 市场数据更新完成
2025-06-17 10:44:49 | INFO     | src.strategy.signals:generate_signals:468 | 生成信号: SHORT - VWAP空头突破: 偏离-0.25%, MACD转负
2025-06-17 10:44:49 | INFO     | src.bot.trading_bot:_check_signals:202 | 检测到信号: SHORT 置信度: 0.85 原因: VWAP空头突破: 偏离-0.25%, MACD转负
2025-06-17 10:44:49 | INFO     | src.utils.notifications:send_message:63 | [GENERAL] 📡 交易信号
类型: SHORT
强度: MEDIUM
置信度: 0.85
价格: $598.40
原因: VWAP空头突破: 偏离-0.25%, MACD转负
2025-06-17 10:44:49 | INFO     | src.data.market_data:find_suitable_options:435 | 当前SPY价格: $598.92, 选择PUT期权行权价: $599
2025-06-17 10:44:49 | DEBUG    | src.data.market_data:_generate_option_symbol:470 | 生成期权代码: SPY250617P00599000 (行权价$599, 类型PUT)
2025-06-17 10:44:49 | INFO     | src.data.market_data:find_suitable_options:444 | 成功获取期权SPY250617P00599000的报价数据
2025-06-17 10:44:49 | ERROR    | src.trading.executor:find_best_option:192 | 查找最佳期权失败: 'contractSymbol'
2025-06-17 10:44:49 | WARNING  | src.bot.trading_bot:_check_signals:216 | 信号执行失败: SHORT
2025-06-17 10:44:50 | INFO     | src.trading.executor:update_account_info:125 | 账户更新: 总值$100396.42, 买入力$401585.68
2025-06-17 10:44:50 | DEBUG    | src.bot.trading_bot:_update_market_data:184 | 市场数据更新完成
2025-06-17 10:44:53 | INFO     | src.strategy.signals:generate_signals:468 | 生成信号: SHORT - VWAP空头突破: 偏离-0.25%, MACD转负
2025-06-17 10:44:53 | INFO     | src.bot.trading_bot:_check_signals:202 | 检测到信号: SHORT 置信度: 0.85 原因: VWAP空头突破: 偏离-0.25%, MACD转负
2025-06-17 10:44:53 | INFO     | src.utils.notifications:send_message:63 | [GENERAL] 📡 交易信号
类型: SHORT
强度: MEDIUM
置信度: 0.85
价格: $598.40
原因: VWAP空头突破: 偏离-0.25%, MACD转负
2025-06-17 10:44:53 | INFO     | src.data.market_data:find_suitable_options:435 | 当前SPY价格: $598.95, 选择PUT期权行权价: $599
2025-06-17 10:44:53 | DEBUG    | src.data.market_data:_generate_option_symbol:470 | 生成期权代码: SPY250617P00599000 (行权价$599, 类型PUT)
2025-06-17 10:44:53 | INFO     | src.data.market_data:find_suitable_options:444 | 成功获取期权SPY250617P00599000的报价数据
2025-06-17 10:44:53 | ERROR    | src.trading.executor:find_best_option:192 | 查找最佳期权失败: 'contractSymbol'
2025-06-17 10:44:53 | WARNING  | src.bot.trading_bot:_check_signals:216 | 信号执行失败: SHORT
2025-06-17 10:44:54 | INFO     | src.trading.executor:update_account_info:125 | 账户更新: 总值$100396.42, 买入力$401585.68
2025-06-17 10:44:54 | DEBUG    | src.bot.trading_bot:_update_market_data:184 | 市场数据更新完成
2025-06-17 10:44:56 | INFO     | src.strategy.signals:generate_signals:468 | 生成信号: SHORT - VWAP空头突破: 偏离-0.25%, MACD转负
2025-06-17 10:44:56 | INFO     | src.bot.trading_bot:_check_signals:202 | 检测到信号: SHORT 置信度: 0.85 原因: VWAP空头突破: 偏离-0.25%, MACD转负
2025-06-17 10:44:56 | INFO     | src.utils.notifications:send_message:63 | [GENERAL] 📡 交易信号
类型: SHORT
强度: MEDIUM
置信度: 0.85
价格: $598.40
原因: VWAP空头突破: 偏离-0.25%, MACD转负
2025-06-17 10:44:56 | INFO     | src.data.market_data:find_suitable_options:435 | 当前SPY价格: $598.95, 选择PUT期权行权价: $599
2025-06-17 10:44:56 | DEBUG    | src.data.market_data:_generate_option_symbol:470 | 生成期权代码: SPY250617P00599000 (行权价$599, 类型PUT)
2025-06-17 10:44:56 | INFO     | src.data.market_data:find_suitable_options:444 | 成功获取期权SPY250617P00599000的报价数据
2025-06-17 10:44:56 | ERROR    | src.trading.executor:find_best_option:192 | 查找最佳期权失败: 'contractSymbol'
2025-06-17 10:44:56 | WARNING  | src.bot.trading_bot:_check_signals:216 | 信号执行失败: SHORT
2025-06-17 10:44:57 | INFO     | src.trading.executor:update_account_info:125 | 账户更新: 总值$100396.42, 买入力$401585.68
2025-06-17 10:44:57 | DEBUG    | src.bot.trading_bot:_update_market_data:184 | 市场数据更新完成
2025-06-17 10:45:00 | INFO     | src.strategy.signals:generate_signals:468 | 生成信号: SHORT - VWAP空头突破: 偏离-0.25%, MACD转负
2025-06-17 10:45:00 | INFO     | src.bot.trading_bot:_check_signals:202 | 检测到信号: SHORT 置信度: 0.85 原因: VWAP空头突破: 偏离-0.25%, MACD转负
2025-06-17 10:45:00 | INFO     | src.utils.notifications:send_message:63 | [GENERAL] 📡 交易信号
类型: SHORT
强度: MEDIUM
置信度: 0.85
价格: $598.40
原因: VWAP空头突破: 偏离-0.25%, MACD转负
2025-06-17 10:45:00 | INFO     | src.data.market_data:find_suitable_options:435 | 当前SPY价格: $598.86, 选择PUT期权行权价: $599
2025-06-17 10:45:00 | DEBUG    | src.data.market_data:_generate_option_symbol:470 | 生成期权代码: SPY250617P00599000 (行权价$599, 类型PUT)
2025-06-17 10:45:00 | INFO     | src.data.market_data:find_suitable_options:444 | 成功获取期权SPY250617P00599000的报价数据
2025-06-17 10:45:00 | ERROR    | src.trading.executor:find_best_option:192 | 查找最佳期权失败: 'contractSymbol'
2025-06-17 10:45:00 | WARNING  | src.bot.trading_bot:_check_signals:216 | 信号执行失败: SHORT
2025-06-17 10:45:00 | INFO     | src.trading.executor:update_account_info:125 | 账户更新: 总值$100396.42, 买入力$401585.68
2025-06-17 10:45:00 | DEBUG    | src.bot.trading_bot:_update_market_data:184 | 市场数据更新完成
2025-06-17 10:45:03 | INFO     | src.strategy.signals:generate_signals:468 | 生成信号: SHORT - VWAP空头突破: 偏离-0.25%, MACD转负
2025-06-17 10:45:03 | INFO     | src.bot.trading_bot:_check_signals:202 | 检测到信号: SHORT 置信度: 0.85 原因: VWAP空头突破: 偏离-0.25%, MACD转负
2025-06-17 10:45:03 | INFO     | src.utils.notifications:send_message:63 | [GENERAL] 📡 交易信号
类型: SHORT
强度: MEDIUM
置信度: 0.85
价格: $598.40
原因: VWAP空头突破: 偏离-0.25%, MACD转负
2025-06-17 10:45:03 | INFO     | src.data.market_data:find_suitable_options:435 | 当前SPY价格: $598.82, 选择PUT期权行权价: $599
2025-06-17 10:45:03 | DEBUG    | src.data.market_data:_generate_option_symbol:470 | 生成期权代码: SPY250617P00599000 (行权价$599, 类型PUT)
2025-06-17 10:45:03 | INFO     | src.data.market_data:find_suitable_options:444 | 成功获取期权SPY250617P00599000的报价数据
2025-06-17 10:45:03 | ERROR    | src.trading.executor:find_best_option:192 | 查找最佳期权失败: 'contractSymbol'
2025-06-17 10:45:03 | WARNING  | src.bot.trading_bot:_check_signals:216 | 信号执行失败: SHORT
2025-06-17 10:45:04 | INFO     | src.trading.executor:update_account_info:125 | 账户更新: 总值$100396.42, 买入力$401585.68
2025-06-17 10:45:04 | DEBUG    | src.bot.trading_bot:_update_market_data:184 | 市场数据更新完成
2025-06-17 10:45:07 | INFO     | src.strategy.signals:generate_signals:468 | 生成信号: SHORT - VWAP空头突破: 偏离-0.25%, MACD转负
2025-06-17 10:45:07 | INFO     | src.bot.trading_bot:_check_signals:202 | 检测到信号: SHORT 置信度: 0.85 原因: VWAP空头突破: 偏离-0.25%, MACD转负
2025-06-17 10:45:07 | INFO     | src.utils.notifications:send_message:63 | [GENERAL] 📡 交易信号
类型: SHORT
强度: MEDIUM
置信度: 0.85
价格: $598.40
原因: VWAP空头突破: 偏离-0.25%, MACD转负
2025-06-17 10:45:07 | INFO     | src.data.market_data:find_suitable_options:435 | 当前SPY价格: $598.82, 选择PUT期权行权价: $599
2025-06-17 10:45:07 | DEBUG    | src.data.market_data:_generate_option_symbol:470 | 生成期权代码: SPY250617P00599000 (行权价$599, 类型PUT)
2025-06-17 10:45:07 | INFO     | src.data.market_data:find_suitable_options:444 | 成功获取期权SPY250617P00599000的报价数据
2025-06-17 10:45:07 | ERROR    | src.trading.executor:find_best_option:192 | 查找最佳期权失败: 'contractSymbol'
2025-06-17 10:45:07 | WARNING  | src.bot.trading_bot:_check_signals:216 | 信号执行失败: SHORT
2025-06-17 10:45:07 | INFO     | src.trading.executor:update_account_info:125 | 账户更新: 总值$100396.42, 买入力$401585.68
2025-06-17 10:45:07 | DEBUG    | src.bot.trading_bot:_update_market_data:184 | 市场数据更新完成
2025-06-17 10:45:10 | INFO     | src.strategy.signals:generate_signals:468 | 生成信号: SHORT - VWAP空头突破: 偏离-0.25%, MACD转负
2025-06-17 10:45:10 | INFO     | src.bot.trading_bot:_check_signals:202 | 检测到信号: SHORT 置信度: 0.85 原因: VWAP空头突破: 偏离-0.25%, MACD转负
2025-06-17 10:45:10 | INFO     | src.utils.notifications:send_message:63 | [GENERAL] 📡 交易信号
类型: SHORT
强度: MEDIUM
置信度: 0.85
价格: $598.40
原因: VWAP空头突破: 偏离-0.25%, MACD转负
2025-06-17 10:45:10 | INFO     | src.data.market_data:find_suitable_options:435 | 当前SPY价格: $598.88, 选择PUT期权行权价: $599
2025-06-17 10:45:10 | DEBUG    | src.data.market_data:_generate_option_symbol:470 | 生成期权代码: SPY250617P00599000 (行权价$599, 类型PUT)
2025-06-17 10:45:10 | INFO     | src.data.market_data:find_suitable_options:444 | 成功获取期权SPY250617P00599000的报价数据
2025-06-17 10:45:10 | ERROR    | src.trading.executor:find_best_option:192 | 查找最佳期权失败: 'contractSymbol'
2025-06-17 10:45:10 | WARNING  | src.bot.trading_bot:_check_signals:216 | 信号执行失败: SHORT
2025-06-17 10:45:11 | INFO     | src.trading.executor:update_account_info:125 | 账户更新: 总值$100396.42, 买入力$401585.68
2025-06-17 10:45:11 | DEBUG    | src.bot.trading_bot:_update_market_data:184 | 市场数据更新完成
2025-06-17 10:45:14 | INFO     | src.strategy.signals:generate_signals:468 | 生成信号: SHORT - VWAP空头突破: 偏离-0.25%, MACD转负
2025-06-17 10:45:14 | INFO     | src.bot.trading_bot:_check_signals:202 | 检测到信号: SHORT 置信度: 0.85 原因: VWAP空头突破: 偏离-0.25%, MACD转负
2025-06-17 10:45:14 | INFO     | src.utils.notifications:send_message:63 | [GENERAL] 📡 交易信号
类型: SHORT
强度: MEDIUM
置信度: 0.85
价格: $598.40
原因: VWAP空头突破: 偏离-0.25%, MACD转负
2025-06-17 10:45:14 | INFO     | src.data.market_data:find_suitable_options:435 | 当前SPY价格: $598.88, 选择PUT期权行权价: $599
2025-06-17 10:45:14 | DEBUG    | src.data.market_data:_generate_option_symbol:470 | 生成期权代码: SPY250617P00599000 (行权价$599, 类型PUT)
2025-06-17 10:45:14 | INFO     | src.data.market_data:find_suitable_options:444 | 成功获取期权SPY250617P00599000的报价数据
2025-06-17 10:45:14 | ERROR    | src.trading.executor:find_best_option:192 | 查找最佳期权失败: 'contractSymbol'
2025-06-17 10:45:14 | WARNING  | src.bot.trading_bot:_check_signals:216 | 信号执行失败: SHORT
2025-06-17 10:45:15 | INFO     | src.trading.executor:update_account_info:125 | 账户更新: 总值$100396.42, 买入力$401585.68
2025-06-17 10:45:15 | DEBUG    | src.bot.trading_bot:_update_market_data:184 | 市场数据更新完成
2025-06-17 10:45:18 | INFO     | src.trading.executor:update_account_info:125 | 账户更新: 总值$100396.42, 买入力$401585.68
2025-06-17 10:45:18 | DEBUG    | src.bot.trading_bot:_update_market_data:184 | 市场数据更新完成
2025-06-17 10:45:21 | INFO     | src.trading.executor:update_account_info:125 | 账户更新: 总值$100396.42, 买入力$401585.68
2025-06-17 10:45:21 | DEBUG    | src.bot.trading_bot:_update_market_data:184 | 市场数据更新完成
2025-06-17 10:45:25 | INFO     | src.trading.executor:update_account_info:125 | 账户更新: 总值$100396.42, 买入力$401585.68
2025-06-17 10:45:25 | DEBUG    | src.bot.trading_bot:_update_market_data:184 | 市场数据更新完成
2025-06-17 10:45:25 | DEBUG    | src.bot.trading_bot:_update_positions_normal:259 | 📊 常规头寸更新完成
2025-06-17 10:45:28 | INFO     | src.trading.executor:update_account_info:125 | 账户更新: 总值$100396.42, 买入力$401585.68
2025-06-17 10:45:28 | DEBUG    | src.bot.trading_bot:_update_market_data:184 | 市场数据更新完成
2025-06-17 10:45:31 | INFO     | src.trading.executor:update_account_info:125 | 账户更新: 总值$100396.42, 买入力$401585.68
2025-06-17 10:45:31 | DEBUG    | src.bot.trading_bot:_update_market_data:184 | 市场数据更新完成
2025-06-17 10:45:34 | INFO     | src.trading.executor:update_account_info:125 | 账户更新: 总值$100396.42, 买入力$401585.68
2025-06-17 10:45:34 | DEBUG    | src.bot.trading_bot:_update_market_data:184 | 市场数据更新完成
2025-06-17 10:45:37 | INFO     | src.trading.executor:update_account_info:125 | 账户更新: 总值$100396.42, 买入力$401585.68
2025-06-17 10:45:37 | DEBUG    | src.bot.trading_bot:_update_market_data:184 | 市场数据更新完成
2025-06-17 10:45:41 | INFO     | src.trading.executor:update_account_info:125 | 账户更新: 总值$100396.42, 买入力$401585.68
2025-06-17 10:45:41 | DEBUG    | src.bot.trading_bot:_update_market_data:184 | 市场数据更新完成
2025-06-17 10:45:44 | INFO     | src.trading.executor:update_account_info:125 | 账户更新: 总值$100396.42, 买入力$401585.68
2025-06-17 10:45:44 | DEBUG    | src.bot.trading_bot:_update_market_data:184 | 市场数据更新完成
2025-06-17 10:45:47 | INFO     | src.trading.executor:update_account_info:125 | 账户更新: 总值$100396.42, 买入力$401585.68
2025-06-17 10:45:47 | DEBUG    | src.bot.trading_bot:_update_market_data:184 | 市场数据更新完成
2025-06-17 10:45:51 | INFO     | src.trading.executor:update_account_info:125 | 账户更新: 总值$100396.42, 买入力$401585.68
2025-06-17 10:45:51 | DEBUG    | src.bot.trading_bot:_update_market_data:184 | 市场数据更新完成
2025-06-17 10:45:54 | INFO     | src.trading.executor:update_account_info:125 | 账户更新: 总值$100396.42, 买入力$401585.68
2025-06-17 10:45:54 | DEBUG    | src.bot.trading_bot:_update_market_data:184 | 市场数据更新完成
2025-06-17 10:45:57 | INFO     | src.trading.executor:update_account_info:125 | 账户更新: 总值$100396.42, 买入力$401585.68
2025-06-17 10:45:57 | DEBUG    | src.bot.trading_bot:_update_market_data:184 | 市场数据更新完成
2025-06-17 10:46:00 | INFO     | src.trading.executor:update_account_info:125 | 账户更新: 总值$100396.42, 买入力$401585.68
2025-06-17 10:46:00 | DEBUG    | src.bot.trading_bot:_update_market_data:184 | 市场数据更新完成
2025-06-17 10:46:03 | INFO     | src.trading.executor:update_account_info:125 | 账户更新: 总值$100396.42, 买入力$401585.68
2025-06-17 10:46:03 | DEBUG    | src.bot.trading_bot:_update_market_data:184 | 市场数据更新完成
2025-06-17 10:46:06 | INFO     | src.trading.executor:update_account_info:125 | 账户更新: 总值$100396.42, 买入力$401585.68
2025-06-17 10:46:06 | DEBUG    | src.bot.trading_bot:_update_market_data:184 | 市场数据更新完成
2025-06-17 10:46:10 | INFO     | src.trading.executor:update_account_info:125 | 账户更新: 总值$100396.42, 买入力$401585.68
2025-06-17 10:46:10 | DEBUG    | src.bot.trading_bot:_update_market_data:184 | 市场数据更新完成
2025-06-17 10:46:13 | INFO     | src.trading.executor:update_account_info:125 | 账户更新: 总值$100396.42, 买入力$401585.68
2025-06-17 10:46:13 | DEBUG    | src.bot.trading_bot:_update_market_data:184 | 市场数据更新完成
2025-06-17 10:46:16 | INFO     | src.trading.executor:update_account_info:125 | 账户更新: 总值$100396.42, 买入力$401585.68
2025-06-17 10:46:16 | DEBUG    | src.bot.trading_bot:_update_market_data:184 | 市场数据更新完成
2025-06-17 10:46:19 | INFO     | src.trading.executor:update_account_info:125 | 账户更新: 总值$100396.42, 买入力$401585.68
2025-06-17 10:46:19 | DEBUG    | src.bot.trading_bot:_update_market_data:184 | 市场数据更新完成
2025-06-17 10:46:23 | INFO     | src.trading.executor:update_account_info:125 | 账户更新: 总值$100396.42, 买入力$401585.68
2025-06-17 10:46:23 | DEBUG    | src.bot.trading_bot:_update_market_data:184 | 市场数据更新完成
2025-06-17 10:46:25 | DEBUG    | src.bot.trading_bot:_update_positions_normal:259 | 📊 常规头寸更新完成
2025-06-17 10:46:26 | INFO     | src.trading.executor:update_account_info:125 | 账户更新: 总值$100396.42, 买入力$401585.68
2025-06-17 10:46:26 | DEBUG    | src.bot.trading_bot:_update_market_data:184 | 市场数据更新完成
2025-06-17 10:46:29 | INFO     | src.trading.executor:update_account_info:125 | 账户更新: 总值$100396.42, 买入力$401585.68
2025-06-17 10:46:29 | DEBUG    | src.bot.trading_bot:_update_market_data:184 | 市场数据更新完成
2025-06-17 10:46:32 | INFO     | src.trading.executor:update_account_info:125 | 账户更新: 总值$100396.42, 买入力$401585.68
2025-06-17 10:46:32 | DEBUG    | src.bot.trading_bot:_update_market_data:184 | 市场数据更新完成
2025-06-17 10:46:35 | INFO     | src.trading.executor:update_account_info:125 | 账户更新: 总值$100396.42, 买入力$401585.68
2025-06-17 10:46:35 | DEBUG    | src.bot.trading_bot:_update_market_data:184 | 市场数据更新完成
2025-06-17 10:46:39 | INFO     | src.trading.executor:update_account_info:125 | 账户更新: 总值$100396.42, 买入力$401585.68
2025-06-17 10:46:39 | DEBUG    | src.bot.trading_bot:_update_market_data:184 | 市场数据更新完成
2025-06-17 10:46:42 | INFO     | src.trading.executor:update_account_info:125 | 账户更新: 总值$100396.42, 买入力$401585.68
2025-06-17 10:46:42 | DEBUG    | src.bot.trading_bot:_update_market_data:184 | 市场数据更新完成
2025-06-17 10:46:45 | INFO     | src.trading.executor:update_account_info:125 | 账户更新: 总值$100396.42, 买入力$401585.68
2025-06-17 10:46:45 | DEBUG    | src.bot.trading_bot:_update_market_data:184 | 市场数据更新完成
2025-06-17 10:46:48 | INFO     | src.trading.executor:update_account_info:125 | 账户更新: 总值$100396.42, 买入力$401585.68
2025-06-17 10:46:48 | DEBUG    | src.bot.trading_bot:_update_market_data:184 | 市场数据更新完成
2025-06-17 10:46:52 | INFO     | src.trading.executor:update_account_info:125 | 账户更新: 总值$100396.42, 买入力$401585.68
2025-06-17 10:46:52 | DEBUG    | src.bot.trading_bot:_update_market_data:184 | 市场数据更新完成
2025-06-17 10:46:55 | INFO     | src.trading.executor:update_account_info:125 | 账户更新: 总值$100396.42, 买入力$401585.68
2025-06-17 10:46:55 | DEBUG    | src.bot.trading_bot:_update_market_data:184 | 市场数据更新完成
2025-06-17 10:46:58 | INFO     | src.trading.executor:update_account_info:125 | 账户更新: 总值$100396.42, 买入力$401585.68
2025-06-17 10:46:58 | DEBUG    | src.bot.trading_bot:_update_market_data:184 | 市场数据更新完成
2025-06-17 10:47:02 | INFO     | src.trading.executor:update_account_info:125 | 账户更新: 总值$100396.42, 买入力$401585.68
2025-06-17 10:47:02 | DEBUG    | src.bot.trading_bot:_update_market_data:184 | 市场数据更新完成
2025-06-17 10:47:05 | INFO     | src.trading.executor:update_account_info:125 | 账户更新: 总值$100396.42, 买入力$401585.68
2025-06-17 10:47:05 | DEBUG    | src.bot.trading_bot:_update_market_data:184 | 市场数据更新完成
2025-06-17 10:47:08 | INFO     | src.trading.executor:update_account_info:125 | 账户更新: 总值$100396.42, 买入力$401585.68
2025-06-17 10:47:08 | DEBUG    | src.bot.trading_bot:_update_market_data:184 | 市场数据更新完成
2025-06-17 10:47:11 | INFO     | src.trading.executor:update_account_info:125 | 账户更新: 总值$100396.42, 买入力$401585.68
2025-06-17 10:47:11 | DEBUG    | src.bot.trading_bot:_update_market_data:184 | 市场数据更新完成
2025-06-17 10:47:14 | INFO     | src.trading.executor:update_account_info:125 | 账户更新: 总值$100396.42, 买入力$401585.68
2025-06-17 10:47:14 | DEBUG    | src.bot.trading_bot:_update_market_data:184 | 市场数据更新完成
2025-06-17 10:47:18 | INFO     | src.trading.executor:update_account_info:125 | 账户更新: 总值$100396.42, 买入力$401585.68
2025-06-17 10:47:18 | DEBUG    | src.bot.trading_bot:_update_market_data:184 | 市场数据更新完成
2025-06-17 10:47:21 | INFO     | src.trading.executor:update_account_info:125 | 账户更新: 总值$100396.42, 买入力$401585.68
2025-06-17 10:47:21 | DEBUG    | src.bot.trading_bot:_update_market_data:184 | 市场数据更新完成
2025-06-17 10:47:24 | INFO     | src.trading.executor:update_account_info:125 | 账户更新: 总值$100396.42, 买入力$401585.68
2025-06-17 10:47:24 | DEBUG    | src.bot.trading_bot:_update_market_data:184 | 市场数据更新完成
2025-06-17 10:47:26 | DEBUG    | src.bot.trading_bot:_update_positions_normal:259 | 📊 常规头寸更新完成
2025-06-17 10:47:27 | INFO     | src.trading.executor:update_account_info:125 | 账户更新: 总值$100396.42, 买入力$401585.68
2025-06-17 10:47:27 | DEBUG    | src.bot.trading_bot:_update_market_data:184 | 市场数据更新完成
2025-06-17 10:47:31 | INFO     | src.trading.executor:update_account_info:125 | 账户更新: 总值$100396.42, 买入力$401585.68
2025-06-17 10:47:31 | DEBUG    | src.bot.trading_bot:_update_market_data:184 | 市场数据更新完成
2025-06-17 10:47:34 | INFO     | src.trading.executor:update_account_info:125 | 账户更新: 总值$100396.42, 买入力$401585.68
2025-06-17 10:47:34 | DEBUG    | src.bot.trading_bot:_update_market_data:184 | 市场数据更新完成
2025-06-17 10:47:37 | INFO     | src.trading.executor:update_account_info:125 | 账户更新: 总值$100396.42, 买入力$401585.68
2025-06-17 10:47:37 | DEBUG    | src.bot.trading_bot:_update_market_data:184 | 市场数据更新完成
2025-06-17 10:47:40 | INFO     | src.trading.executor:update_account_info:125 | 账户更新: 总值$100396.42, 买入力$401585.68
2025-06-17 10:47:40 | DEBUG    | src.bot.trading_bot:_update_market_data:184 | 市场数据更新完成
2025-06-17 10:47:43 | INFO     | src.trading.executor:update_account_info:125 | 账户更新: 总值$100396.42, 买入力$401585.68
2025-06-17 10:47:43 | DEBUG    | src.bot.trading_bot:_update_market_data:184 | 市场数据更新完成
2025-06-17 10:47:47 | INFO     | src.trading.executor:update_account_info:125 | 账户更新: 总值$100396.42, 买入力$401585.68
2025-06-17 10:47:47 | DEBUG    | src.bot.trading_bot:_update_market_data:184 | 市场数据更新完成
2025-06-17 10:47:50 | INFO     | src.trading.executor:update_account_info:125 | 账户更新: 总值$100396.42, 买入力$401585.68
2025-06-17 10:47:50 | DEBUG    | src.bot.trading_bot:_update_market_data:184 | 市场数据更新完成
2025-06-17 10:47:53 | INFO     | src.trading.executor:update_account_info:125 | 账户更新: 总值$100396.42, 买入力$401585.68
2025-06-17 10:47:53 | DEBUG    | src.bot.trading_bot:_update_market_data:184 | 市场数据更新完成
2025-06-17 10:47:56 | INFO     | src.trading.executor:update_account_info:125 | 账户更新: 总值$100396.42, 买入力$401585.68
2025-06-17 10:47:56 | DEBUG    | src.bot.trading_bot:_update_market_data:184 | 市场数据更新完成
2025-06-17 10:48:00 | INFO     | src.trading.executor:update_account_info:125 | 账户更新: 总值$100396.42, 买入力$401585.68
2025-06-17 10:48:00 | DEBUG    | src.bot.trading_bot:_update_market_data:184 | 市场数据更新完成
2025-06-17 10:48:03 | INFO     | src.trading.executor:update_account_info:125 | 账户更新: 总值$100396.42, 买入力$401585.68
2025-06-17 10:48:03 | DEBUG    | src.bot.trading_bot:_update_market_data:184 | 市场数据更新完成
2025-06-17 10:48:06 | INFO     | src.trading.executor:update_account_info:125 | 账户更新: 总值$100396.42, 买入力$401585.68
2025-06-17 10:48:06 | DEBUG    | src.bot.trading_bot:_update_market_data:184 | 市场数据更新完成
2025-06-17 10:48:09 | INFO     | src.trading.executor:update_account_info:125 | 账户更新: 总值$100396.42, 买入力$401585.68
2025-06-17 10:48:09 | DEBUG    | src.bot.trading_bot:_update_market_data:184 | 市场数据更新完成
2025-06-17 10:48:12 | INFO     | src.trading.executor:update_account_info:125 | 账户更新: 总值$100396.42, 买入力$401585.68
2025-06-17 10:48:12 | DEBUG    | src.bot.trading_bot:_update_market_data:184 | 市场数据更新完成
2025-06-17 10:48:16 | INFO     | src.trading.executor:update_account_info:125 | 账户更新: 总值$100396.42, 买入力$401585.68
2025-06-17 10:48:16 | DEBUG    | src.bot.trading_bot:_update_market_data:184 | 市场数据更新完成
2025-06-17 10:48:19 | INFO     | src.trading.executor:update_account_info:125 | 账户更新: 总值$100396.42, 买入力$401585.68
2025-06-17 10:48:19 | DEBUG    | src.bot.trading_bot:_update_market_data:184 | 市场数据更新完成
2025-06-17 10:48:22 | INFO     | src.trading.executor:update_account_info:125 | 账户更新: 总值$100396.42, 买入力$401585.68
2025-06-17 10:48:22 | DEBUG    | src.bot.trading_bot:_update_market_data:184 | 市场数据更新完成
2025-06-17 10:48:25 | INFO     | src.trading.executor:update_account_info:125 | 账户更新: 总值$100396.42, 买入力$401585.68
2025-06-17 10:48:25 | DEBUG    | src.bot.trading_bot:_update_market_data:184 | 市场数据更新完成
2025-06-17 10:48:26 | DEBUG    | src.bot.trading_bot:_update_positions_normal:259 | 📊 常规头寸更新完成
2025-06-17 10:48:29 | INFO     | src.trading.executor:update_account_info:125 | 账户更新: 总值$100396.42, 买入力$401585.68
2025-06-17 10:48:29 | DEBUG    | src.bot.trading_bot:_update_market_data:184 | 市场数据更新完成
2025-06-17 10:48:32 | INFO     | src.trading.executor:update_account_info:125 | 账户更新: 总值$100396.42, 买入力$401585.68
2025-06-17 10:48:32 | DEBUG    | src.bot.trading_bot:_update_market_data:184 | 市场数据更新完成
2025-06-17 10:48:35 | INFO     | src.trading.executor:update_account_info:125 | 账户更新: 总值$100396.42, 买入力$401585.68
2025-06-17 10:48:35 | DEBUG    | src.bot.trading_bot:_update_market_data:184 | 市场数据更新完成
2025-06-17 10:48:38 | INFO     | src.trading.executor:update_account_info:125 | 账户更新: 总值$100396.42, 买入力$401585.68
2025-06-17 10:48:38 | DEBUG    | src.bot.trading_bot:_update_market_data:184 | 市场数据更新完成
2025-06-17 10:48:42 | INFO     | src.trading.executor:update_account_info:125 | 账户更新: 总值$100396.42, 买入力$401585.68
2025-06-17 10:48:42 | DEBUG    | src.bot.trading_bot:_update_market_data:184 | 市场数据更新完成
2025-06-17 10:48:45 | INFO     | src.trading.executor:update_account_info:125 | 账户更新: 总值$100396.42, 买入力$401585.68
2025-06-17 10:48:45 | DEBUG    | src.bot.trading_bot:_update_market_data:184 | 市场数据更新完成
2025-06-17 10:48:48 | INFO     | src.trading.executor:update_account_info:125 | 账户更新: 总值$100396.42, 买入力$401585.68
2025-06-17 10:48:48 | DEBUG    | src.bot.trading_bot:_update_market_data:184 | 市场数据更新完成
2025-06-17 10:48:52 | INFO     | src.trading.executor:update_account_info:125 | 账户更新: 总值$100396.42, 买入力$401585.68
2025-06-17 10:48:52 | DEBUG    | src.bot.trading_bot:_update_market_data:184 | 市场数据更新完成
2025-06-17 10:48:55 | INFO     | src.trading.executor:update_account_info:125 | 账户更新: 总值$100396.42, 买入力$401585.68
2025-06-17 10:48:55 | DEBUG    | src.bot.trading_bot:_update_market_data:184 | 市场数据更新完成
2025-06-17 10:48:58 | INFO     | src.trading.executor:update_account_info:125 | 账户更新: 总值$100396.42, 买入力$401585.68
2025-06-17 10:48:58 | DEBUG    | src.bot.trading_bot:_update_market_data:184 | 市场数据更新完成
2025-06-17 10:49:01 | INFO     | src.trading.executor:update_account_info:125 | 账户更新: 总值$100396.42, 买入力$401585.68
2025-06-17 10:49:01 | DEBUG    | src.bot.trading_bot:_update_market_data:184 | 市场数据更新完成
2025-06-17 10:49:04 | INFO     | src.trading.executor:update_account_info:125 | 账户更新: 总值$100396.42, 买入力$401585.68
2025-06-17 10:49:04 | DEBUG    | src.bot.trading_bot:_update_market_data:184 | 市场数据更新完成
2025-06-17 10:49:08 | INFO     | src.trading.executor:update_account_info:125 | 账户更新: 总值$100396.42, 买入力$401585.68
2025-06-17 10:49:08 | DEBUG    | src.bot.trading_bot:_update_market_data:184 | 市场数据更新完成
2025-06-17 10:49:11 | INFO     | src.trading.executor:update_account_info:125 | 账户更新: 总值$100396.42, 买入力$401585.68
2025-06-17 10:49:11 | DEBUG    | src.bot.trading_bot:_update_market_data:184 | 市场数据更新完成
2025-06-17 10:49:14 | INFO     | src.trading.executor:update_account_info:125 | 账户更新: 总值$100396.42, 买入力$401585.68
2025-06-17 10:49:14 | DEBUG    | src.bot.trading_bot:_update_market_data:184 | 市场数据更新完成
2025-06-17 10:49:17 | INFO     | src.trading.executor:update_account_info:125 | 账户更新: 总值$100396.42, 买入力$401585.68
2025-06-17 10:49:17 | DEBUG    | src.bot.trading_bot:_update_market_data:184 | 市场数据更新完成
2025-06-17 10:49:21 | INFO     | src.trading.executor:update_account_info:125 | 账户更新: 总值$100396.42, 买入力$401585.68
2025-06-17 10:49:21 | DEBUG    | src.bot.trading_bot:_update_market_data:184 | 市场数据更新完成
2025-06-17 10:49:24 | INFO     | src.trading.executor:update_account_info:125 | 账户更新: 总值$100396.42, 买入力$401585.68
2025-06-17 10:49:24 | DEBUG    | src.bot.trading_bot:_update_market_data:184 | 市场数据更新完成
2025-06-17 10:49:26 | DEBUG    | src.bot.trading_bot:_update_positions_normal:259 | 📊 常规头寸更新完成
2025-06-17 10:49:27 | INFO     | src.trading.executor:update_account_info:125 | 账户更新: 总值$100396.42, 买入力$401585.68
2025-06-17 10:49:27 | DEBUG    | src.bot.trading_bot:_update_market_data:184 | 市场数据更新完成
2025-06-17 10:49:30 | INFO     | src.trading.executor:update_account_info:125 | 账户更新: 总值$100396.42, 买入力$401585.68
2025-06-17 10:49:30 | DEBUG    | src.bot.trading_bot:_update_market_data:184 | 市场数据更新完成
2025-06-17 10:49:33 | INFO     | src.trading.executor:update_account_info:125 | 账户更新: 总值$100396.42, 买入力$401585.68
2025-06-17 10:49:33 | DEBUG    | src.bot.trading_bot:_update_market_data:184 | 市场数据更新完成
2025-06-17 10:49:37 | INFO     | src.trading.executor:update_account_info:125 | 账户更新: 总值$100396.42, 买入力$401585.68
2025-06-17 10:49:37 | DEBUG    | src.bot.trading_bot:_update_market_data:184 | 市场数据更新完成
2025-06-17 10:49:40 | INFO     | src.trading.executor:update_account_info:125 | 账户更新: 总值$100396.42, 买入力$401585.68
2025-06-17 10:49:40 | DEBUG    | src.bot.trading_bot:_update_market_data:184 | 市场数据更新完成
2025-06-17 10:49:43 | INFO     | src.trading.executor:update_account_info:125 | 账户更新: 总值$100396.42, 买入力$401585.68
2025-06-17 10:49:43 | DEBUG    | src.bot.trading_bot:_update_market_data:184 | 市场数据更新完成
2025-06-17 10:49:46 | INFO     | src.trading.executor:update_account_info:125 | 账户更新: 总值$100396.42, 买入力$401585.68
2025-06-17 10:49:46 | DEBUG    | src.bot.trading_bot:_update_market_data:184 | 市场数据更新完成
2025-06-17 10:49:50 | INFO     | src.trading.executor:update_account_info:125 | 账户更新: 总值$100396.42, 买入力$401585.68
2025-06-17 10:49:50 | DEBUG    | src.bot.trading_bot:_update_market_data:184 | 市场数据更新完成
2025-06-17 10:49:53 | INFO     | src.trading.executor:update_account_info:125 | 账户更新: 总值$100396.42, 买入力$401585.68
2025-06-17 10:49:53 | DEBUG    | src.bot.trading_bot:_update_market_data:184 | 市场数据更新完成
2025-06-17 10:49:56 | INFO     | src.trading.executor:update_account_info:125 | 账户更新: 总值$100396.42, 买入力$401585.68
2025-06-17 10:49:56 | DEBUG    | src.bot.trading_bot:_update_market_data:184 | 市场数据更新完成
2025-06-17 10:49:59 | INFO     | src.trading.executor:update_account_info:125 | 账户更新: 总值$100396.42, 买入力$401585.68
2025-06-17 10:49:59 | DEBUG    | src.bot.trading_bot:_update_market_data:184 | 市场数据更新完成
2025-06-17 10:50:03 | INFO     | src.trading.executor:update_account_info:125 | 账户更新: 总值$100396.42, 买入力$401585.68
2025-06-17 10:50:03 | DEBUG    | src.bot.trading_bot:_update_market_data:184 | 市场数据更新完成
2025-06-17 10:50:06 | INFO     | src.trading.executor:update_account_info:125 | 账户更新: 总值$100396.42, 买入力$401585.68
2025-06-17 10:50:06 | DEBUG    | src.bot.trading_bot:_update_market_data:184 | 市场数据更新完成
2025-06-17 10:50:09 | INFO     | src.trading.executor:update_account_info:125 | 账户更新: 总值$100396.42, 买入力$401585.68
2025-06-17 10:50:09 | DEBUG    | src.bot.trading_bot:_update_market_data:184 | 市场数据更新完成
2025-06-17 10:50:12 | INFO     | src.trading.executor:update_account_info:125 | 账户更新: 总值$100396.42, 买入力$401585.68
2025-06-17 10:50:12 | DEBUG    | src.bot.trading_bot:_update_market_data:184 | 市场数据更新完成
2025-06-17 10:50:16 | INFO     | src.trading.executor:update_account_info:125 | 账户更新: 总值$100396.42, 买入力$401585.68
2025-06-17 10:50:16 | DEBUG    | src.bot.trading_bot:_update_market_data:184 | 市场数据更新完成
2025-06-17 10:50:19 | INFO     | src.trading.executor:update_account_info:125 | 账户更新: 总值$100396.42, 买入力$401585.68
2025-06-17 10:50:19 | DEBUG    | src.bot.trading_bot:_update_market_data:184 | 市场数据更新完成
2025-06-17 10:50:22 | INFO     | src.trading.executor:update_account_info:125 | 账户更新: 总值$100396.42, 买入力$401585.68
2025-06-17 10:50:22 | DEBUG    | src.bot.trading_bot:_update_market_data:184 | 市场数据更新完成
2025-06-17 10:50:25 | INFO     | src.trading.executor:update_account_info:125 | 账户更新: 总值$100396.42, 买入力$401585.68
2025-06-17 10:50:25 | DEBUG    | src.bot.trading_bot:_update_market_data:184 | 市场数据更新完成
2025-06-17 10:50:27 | DEBUG    | src.bot.trading_bot:_update_positions_normal:259 | 📊 常规头寸更新完成
2025-06-17 10:50:28 | INFO     | src.trading.executor:update_account_info:125 | 账户更新: 总值$100396.42, 买入力$401585.68
2025-06-17 10:50:28 | DEBUG    | src.bot.trading_bot:_update_market_data:184 | 市场数据更新完成
2025-06-17 10:50:32 | INFO     | src.trading.executor:update_account_info:125 | 账户更新: 总值$100396.42, 买入力$401585.68
2025-06-17 10:50:32 | DEBUG    | src.bot.trading_bot:_update_market_data:184 | 市场数据更新完成
2025-06-17 10:50:35 | INFO     | src.trading.executor:update_account_info:125 | 账户更新: 总值$100396.42, 买入力$401585.68
2025-06-17 10:50:35 | DEBUG    | src.bot.trading_bot:_update_market_data:184 | 市场数据更新完成
2025-06-17 10:50:38 | INFO     | src.trading.executor:update_account_info:125 | 账户更新: 总值$100396.42, 买入力$401585.68
2025-06-17 10:50:38 | DEBUG    | src.bot.trading_bot:_update_market_data:184 | 市场数据更新完成
2025-06-17 10:50:42 | INFO     | src.trading.executor:update_account_info:125 | 账户更新: 总值$100396.42, 买入力$401585.68
2025-06-17 10:50:42 | DEBUG    | src.bot.trading_bot:_update_market_data:184 | 市场数据更新完成
2025-06-17 10:50:45 | INFO     | src.trading.executor:update_account_info:125 | 账户更新: 总值$100396.42, 买入力$401585.68
2025-06-17 10:50:45 | DEBUG    | src.bot.trading_bot:_update_market_data:184 | 市场数据更新完成
2025-06-17 10:50:48 | INFO     | src.trading.executor:update_account_info:125 | 账户更新: 总值$100396.42, 买入力$401585.68
2025-06-17 10:50:48 | DEBUG    | src.bot.trading_bot:_update_market_data:184 | 市场数据更新完成
2025-06-17 10:50:51 | INFO     | src.trading.executor:update_account_info:125 | 账户更新: 总值$100396.42, 买入力$401585.68
2025-06-17 10:50:51 | DEBUG    | src.bot.trading_bot:_update_market_data:184 | 市场数据更新完成
2025-06-17 10:50:54 | INFO     | src.trading.executor:update_account_info:125 | 账户更新: 总值$100396.42, 买入力$401585.68
2025-06-17 10:50:54 | DEBUG    | src.bot.trading_bot:_update_market_data:184 | 市场数据更新完成
2025-06-17 10:50:57 | INFO     | src.trading.executor:update_account_info:125 | 账户更新: 总值$100396.42, 买入力$401585.68
2025-06-17 10:50:57 | DEBUG    | src.bot.trading_bot:_update_market_data:184 | 市场数据更新完成
2025-06-17 10:51:01 | INFO     | src.trading.executor:update_account_info:125 | 账户更新: 总值$100396.42, 买入力$401585.68
2025-06-17 10:51:01 | DEBUG    | src.bot.trading_bot:_update_market_data:184 | 市场数据更新完成
2025-06-17 10:51:04 | INFO     | src.trading.executor:update_account_info:125 | 账户更新: 总值$100396.42, 买入力$401585.68
2025-06-17 10:51:04 | DEBUG    | src.bot.trading_bot:_update_market_data:184 | 市场数据更新完成
2025-06-17 10:51:07 | INFO     | src.trading.executor:update_account_info:125 | 账户更新: 总值$100396.42, 买入力$401585.68
2025-06-17 10:51:07 | DEBUG    | src.bot.trading_bot:_update_market_data:184 | 市场数据更新完成
2025-06-17 10:51:10 | INFO     | src.trading.executor:update_account_info:125 | 账户更新: 总值$100396.42, 买入力$401585.68
2025-06-17 10:51:10 | DEBUG    | src.bot.trading_bot:_update_market_data:184 | 市场数据更新完成
2025-06-17 10:51:14 | INFO     | src.trading.executor:update_account_info:125 | 账户更新: 总值$100396.42, 买入力$401585.68
2025-06-17 10:51:14 | DEBUG    | src.bot.trading_bot:_update_market_data:184 | 市场数据更新完成
2025-06-17 10:51:17 | INFO     | src.trading.executor:update_account_info:125 | 账户更新: 总值$100396.42, 买入力$401585.68
2025-06-17 10:51:17 | DEBUG    | src.bot.trading_bot:_update_market_data:184 | 市场数据更新完成
2025-06-17 10:51:20 | INFO     | src.trading.executor:update_account_info:125 | 账户更新: 总值$100396.42, 买入力$401585.68
2025-06-17 10:51:20 | DEBUG    | src.bot.trading_bot:_update_market_data:184 | 市场数据更新完成
2025-06-17 10:51:23 | INFO     | src.trading.executor:update_account_info:125 | 账户更新: 总值$100396.42, 买入力$401585.68
2025-06-17 10:51:23 | DEBUG    | src.bot.trading_bot:_update_market_data:184 | 市场数据更新完成
2025-06-17 10:51:27 | INFO     | src.trading.executor:update_account_info:125 | 账户更新: 总值$100396.42, 买入力$401585.68
2025-06-17 10:51:27 | DEBUG    | src.bot.trading_bot:_update_market_data:184 | 市场数据更新完成
2025-06-17 10:51:27 | DEBUG    | src.bot.trading_bot:_update_positions_normal:259 | 📊 常规头寸更新完成
2025-06-17 10:51:30 | INFO     | src.trading.executor:update_account_info:125 | 账户更新: 总值$100396.42, 买入力$401585.68
2025-06-17 10:51:30 | DEBUG    | src.bot.trading_bot:_update_market_data:184 | 市场数据更新完成
2025-06-17 10:51:33 | INFO     | src.trading.executor:update_account_info:125 | 账户更新: 总值$100396.42, 买入力$401585.68
2025-06-17 10:51:33 | DEBUG    | src.bot.trading_bot:_update_market_data:184 | 市场数据更新完成
2025-06-17 10:51:36 | INFO     | src.trading.executor:update_account_info:125 | 账户更新: 总值$100396.42, 买入力$401585.68
2025-06-17 10:51:36 | DEBUG    | src.bot.trading_bot:_update_market_data:184 | 市场数据更新完成
2025-06-17 10:51:40 | INFO     | src.trading.executor:update_account_info:125 | 账户更新: 总值$100396.42, 买入力$401585.68
2025-06-17 10:51:40 | DEBUG    | src.bot.trading_bot:_update_market_data:184 | 市场数据更新完成
2025-06-17 10:51:43 | INFO     | src.trading.executor:update_account_info:125 | 账户更新: 总值$100396.42, 买入力$401585.68
2025-06-17 10:51:43 | DEBUG    | src.bot.trading_bot:_update_market_data:184 | 市场数据更新完成
2025-06-17 10:51:46 | INFO     | src.trading.executor:update_account_info:125 | 账户更新: 总值$100396.42, 买入力$401585.68
2025-06-17 10:51:46 | DEBUG    | src.bot.trading_bot:_update_market_data:184 | 市场数据更新完成
2025-06-17 10:51:49 | INFO     | src.trading.executor:update_account_info:125 | 账户更新: 总值$100396.42, 买入力$401585.68
2025-06-17 10:51:49 | DEBUG    | src.bot.trading_bot:_update_market_data:184 | 市场数据更新完成
2025-06-17 10:51:53 | INFO     | src.trading.executor:update_account_info:125 | 账户更新: 总值$100396.42, 买入力$401585.68
2025-06-17 10:51:53 | DEBUG    | src.bot.trading_bot:_update_market_data:184 | 市场数据更新完成
2025-06-17 10:51:56 | INFO     | src.trading.executor:update_account_info:125 | 账户更新: 总值$100396.42, 买入力$401585.68
2025-06-17 10:51:56 | DEBUG    | src.bot.trading_bot:_update_market_data:184 | 市场数据更新完成
2025-06-17 10:51:59 | INFO     | src.trading.executor:update_account_info:125 | 账户更新: 总值$100396.42, 买入力$401585.68
2025-06-17 10:51:59 | DEBUG    | src.bot.trading_bot:_update_market_data:184 | 市场数据更新完成
2025-06-17 10:52:02 | INFO     | src.trading.executor:update_account_info:125 | 账户更新: 总值$100396.42, 买入力$401585.68
2025-06-17 10:52:02 | DEBUG    | src.bot.trading_bot:_update_market_data:184 | 市场数据更新完成
2025-06-17 10:52:05 | INFO     | src.trading.executor:update_account_info:125 | 账户更新: 总值$100396.42, 买入力$401585.68
2025-06-17 10:52:05 | DEBUG    | src.bot.trading_bot:_update_market_data:184 | 市场数据更新完成
2025-06-17 10:52:09 | INFO     | src.trading.executor:update_account_info:125 | 账户更新: 总值$100396.42, 买入力$401585.68
2025-06-17 10:52:09 | DEBUG    | src.bot.trading_bot:_update_market_data:184 | 市场数据更新完成
2025-06-17 10:52:12 | INFO     | src.trading.executor:update_account_info:125 | 账户更新: 总值$100396.42, 买入力$401585.68
2025-06-17 10:52:12 | DEBUG    | src.bot.trading_bot:_update_market_data:184 | 市场数据更新完成
2025-06-17 10:52:15 | INFO     | src.trading.executor:update_account_info:125 | 账户更新: 总值$100396.42, 买入力$401585.68
2025-06-17 10:52:15 | DEBUG    | src.bot.trading_bot:_update_market_data:184 | 市场数据更新完成
2025-06-17 10:52:18 | INFO     | __main__:signal_handler:86 | 收到退出信号: SIGINT
2025-06-17 10:52:18 | INFO     | __main__:signal_handler:87 | 🛑 立即停止所有非必要操作，开始优雅退出...
2025-06-17 10:52:18 | INFO     | __main__:signal_handler:92 | ✅ 主循环已停止
2025-06-17 10:52:18 | INFO     | src.bot.trading_bot:stop:619 | 开始优雅停止交易机器人...
2025-06-17 10:52:18 | INFO     | src.bot.trading_bot:stop:628 | 第1步: 关闭所有持仓
2025-06-17 10:52:18 | INFO     | src.bot.trading_bot:stop:638 | 没有检测到持仓
2025-06-17 10:52:21 | INFO     | src.bot.trading_bot:stop:648 | 第2步: 验证所有持仓是否已关闭
2025-06-17 10:52:21 | INFO     | src.trading.executor:verify_positions_closed:772 | 正在验证持仓状态...
2025-06-17 10:52:21 | INFO     | src.trading.executor:verify_positions_closed:790 | 所有期权持仓已确认关闭
2025-06-17 10:52:21 | INFO     | src.bot.trading_bot:stop:653 | ✅ 所有持仓已确认关闭
2025-06-17 10:52:21 | INFO     | src.bot.trading_bot:stop:669 | 第3步: 取消所有开放订单
2025-06-17 10:52:21 | INFO     | src.trading.executor:cancel_all_open_orders:713 | 正在查询所有开放订单...
2025-06-17 10:52:21 | INFO     | src.trading.executor:cancel_all_open_orders:726 | 没有发现开放订单
2025-06-17 10:52:23 | INFO     | src.bot.trading_bot:stop:682 | 第4步: 验证所有订单是否已取消
2025-06-17 10:52:23 | INFO     | src.trading.executor:verify_orders_cancelled:802 | 正在验证订单状态...
2025-06-17 10:52:23 | INFO     | src.trading.executor:verify_orders_cancelled:820 | 所有订单已确认取消
2025-06-17 10:52:23 | INFO     | src.bot.trading_bot:stop:687 | ✅ 所有订单已确认取消
2025-06-17 10:52:23 | INFO     | src.utils.notifications:send_message:63 | [GENERAL] 🛑 交易机器人已优雅停止
最终盈亏: $0.00
总交易次数: 0
运行时间: 1 day, 1:38:32.441068
剩余持仓: 0 个
停止状态: 优雅停止完成
2025-06-17 10:52:23 | INFO     | src.bot.trading_bot:stop:724 | 🎯 交易机器人优雅停止完成
2025-06-17 10:52:23 | INFO     | __main__:main:143 | 程序结束
