2025-07-23 09:49:59 | INFO     | src.utils.logger_setup:setup_logger:68 | 日志系统初始化完成
2025-07-23 09:49:59 | INFO     | __main__:main:59 | ============================================================
2025-07-23 09:49:59 | INFO     | __main__:main:60 | EOD期权交易机器人启动
2025-07-23 09:49:59 | INFO     | __main__:main:61 | ============================================================
2025-07-23 09:49:59 | INFO     | __main__:main:62 | 运行模式: test
2025-07-23 09:49:59 | INFO     | __main__:main:63 | 日志级别: INFO
2025-07-23 09:49:59 | INFO     | __main__:main:64 | 干运行模式: False
2025-07-23 09:49:59 | INFO     | __main__:main:65 | 快速退出模式: False
2025-07-23 09:49:59 | INFO     | __main__:main:66 | 交易标的: SPY
2025-07-23 09:49:59 | INFO     | __main__:main:67 | API地址: https://paper-api.alpaca.markets
2025-07-23 09:49:59 | INFO     | src.utils.logger_setup:setup_logger:68 | 日志系统初始化完成
2025-07-23 09:50:00 | INFO     | src.trading.executor:update_account_info:125 | 账户更新: 总值$100396.42, 买入力$401585.68
2025-07-23 09:50:00 | INFO     | src.trading.executor:sync_existing_positions:903 | 正在同步Alpaca账户现有持仓...
2025-07-23 09:50:00 | INFO     | src.trading.executor:sync_existing_positions:988 | 持仓同步完成: 总共同步了 0 个期权持仓
2025-07-23 09:50:00 | INFO     | src.utils.notifications:__init__:39 | 通知管理器初始化完成（简化模式）
2025-07-23 09:50:00 | INFO     | __main__:main:118 | 正在启动交易机器人...
2025-07-23 09:50:00 | INFO     | __main__:main:119 | 按 Ctrl+C 可触发优雅退出
2025-07-23 09:50:00 | INFO     | src.bot.trading_bot:start:66 | 启动末日期权交易机器人
2025-07-23 09:50:00 | INFO     | src.utils.notifications:send_message:63 | [GENERAL] 🚀 EOD期权交易机器人已启动
标的: SPY
账户资金: $100,396.42
最大日风险: $2,007.93
交易时间: 09:30 - 15:50
2025-07-23 09:50:00 | INFO     | src.bot.trading_bot:_setup_schedule:121 | 📊 监控频率设置: 持仓检查=3秒, 市场数据=3秒, 信号检查=3秒
2025-07-23 09:50:03 | INFO     | src.trading.executor:update_account_info:125 | 账户更新: 总值$100396.42, 买入力$401585.68
2025-07-23 09:50:03 | DEBUG    | src.bot.trading_bot:_update_market_data:184 | 市场数据更新完成
2025-07-23 09:50:04 | INFO     | src.strategy.signals:generate_signals:468 | 生成信号: LONG - VWAP多头突破: 偏离0.20%, MACD转正
2025-07-23 09:50:04 | INFO     | src.bot.trading_bot:_check_signals:202 | 检测到信号: LONG 置信度: 0.85 原因: VWAP多头突破: 偏离0.20%, MACD转正
2025-07-23 09:50:04 | INFO     | src.utils.notifications:send_message:63 | [GENERAL] 📡 交易信号
类型: LONG
强度: MEDIUM
置信度: 0.85
价格: $631.36
原因: VWAP多头突破: 偏离0.20%, MACD转正
2025-07-23 09:50:04 | INFO     | src.data.market_data:find_suitable_options:435 | 当前SPY价格: $631.88, 选择CALL期权行权价: $631
2025-07-23 09:50:04 | DEBUG    | src.data.market_data:_generate_option_symbol:470 | 生成期权代码: SPY250723C00631000 (行权价$631, 类型CALL)
2025-07-23 09:50:04 | INFO     | src.data.market_data:find_suitable_options:444 | 成功获取期权SPY250723C00631000的报价数据
2025-07-23 09:50:04 | INFO     | src.trading.executor:find_best_option:185 | 选择期权: SPY250723C00631000, 行权价$631, Bid=$1.35, Ask=$1.41, Delta=0.000
2025-07-23 09:50:04 | INFO     | src.trading.executor:calculate_position_size:156 | 计算头寸大小: 期权价格$1.38, 最大风险$853.37, 合约数量6, 最大限制10张
2025-07-23 09:50:04 | INFO     | src.trading.executor:execute_trade:238 | 主订单已提交: e5b58307-e112-4152-bb09-3e3395daf770 SPY250723C00631000 买入6张 @$1.38
2025-07-23 09:50:06 | INFO     | src.trading.executor:execute_trade:248 | 主订单已成交: e5b58307-e112-4152-bb09-3e3395daf770
2025-07-23 09:50:06 | ERROR    | src.trading.executor:execute_trade:320 | 提交主订单失败: 'TradingClient' object has no attribute 'get_order_fills'
2025-07-23 09:50:06 | WARNING  | src.bot.trading_bot:_check_signals:216 | 信号执行失败: LONG
2025-07-23 09:50:07 | INFO     | src.trading.executor:update_account_info:125 | 账户更新: 总值$100384.30, 买入力$398273.56
2025-07-23 09:50:07 | DEBUG    | src.bot.trading_bot:_update_market_data:184 | 市场数据更新完成
2025-07-23 09:50:09 | INFO     | src.strategy.signals:generate_signals:468 | 生成信号: LONG - VWAP多头突破: 偏离0.20%, MACD转正
2025-07-23 09:50:09 | INFO     | src.bot.trading_bot:_check_signals:202 | 检测到信号: LONG 置信度: 0.85 原因: VWAP多头突破: 偏离0.20%, MACD转正
2025-07-23 09:50:09 | INFO     | src.utils.notifications:send_message:63 | [GENERAL] 📡 交易信号
类型: LONG
强度: MEDIUM
置信度: 0.85
价格: $631.36
原因: VWAP多头突破: 偏离0.20%, MACD转正
2025-07-23 09:50:09 | INFO     | src.data.market_data:find_suitable_options:435 | 当前SPY价格: $631.88, 选择CALL期权行权价: $631
2025-07-23 09:50:09 | DEBUG    | src.data.market_data:_generate_option_symbol:470 | 生成期权代码: SPY250723C00631000 (行权价$631, 类型CALL)
2025-07-23 09:50:09 | INFO     | src.data.market_data:find_suitable_options:444 | 成功获取期权SPY250723C00631000的报价数据
2025-07-23 09:50:09 | INFO     | src.trading.executor:find_best_option:185 | 选择期权: SPY250723C00631000, 行权价$631, Bid=$1.39, Ask=$1.40, Delta=0.000
2025-07-23 09:50:09 | INFO     | src.trading.executor:calculate_position_size:156 | 计算头寸大小: 期权价格$1.40, 最大风险$853.27, 合约数量6, 最大限制10张
2025-07-23 09:50:09 | INFO     | src.trading.executor:execute_trade:238 | 主订单已提交: 2e880f2b-f23b-4a4e-a429-278c1bf69186 SPY250723C00631000 买入6张 @$1.40
2025-07-23 09:50:11 | INFO     | src.trading.executor:execute_trade:248 | 主订单已成交: 2e880f2b-f23b-4a4e-a429-278c1bf69186
2025-07-23 09:50:11 | ERROR    | src.trading.executor:execute_trade:320 | 提交主订单失败: 'TradingClient' object has no attribute 'get_order_fills'
2025-07-23 09:50:11 | WARNING  | src.bot.trading_bot:_check_signals:216 | 信号执行失败: LONG
2025-07-23 09:50:11 | INFO     | src.trading.executor:update_account_info:125 | 账户更新: 总值$100378.18, 买入力$394985.44
2025-07-23 09:50:11 | DEBUG    | src.bot.trading_bot:_update_market_data:184 | 市场数据更新完成
2025-07-23 09:50:14 | INFO     | src.strategy.signals:generate_signals:468 | 生成信号: LONG - VWAP多头突破: 偏离0.20%, MACD转正
2025-07-23 09:50:14 | INFO     | src.bot.trading_bot:_check_signals:202 | 检测到信号: LONG 置信度: 0.85 原因: VWAP多头突破: 偏离0.20%, MACD转正
2025-07-23 09:50:14 | INFO     | src.utils.notifications:send_message:63 | [GENERAL] 📡 交易信号
类型: LONG
强度: MEDIUM
置信度: 0.85
价格: $631.36
原因: VWAP多头突破: 偏离0.20%, MACD转正
2025-07-23 09:50:14 | INFO     | src.data.market_data:find_suitable_options:435 | 当前SPY价格: $631.88, 选择CALL期权行权价: $631
2025-07-23 09:50:14 | DEBUG    | src.data.market_data:_generate_option_symbol:470 | 生成期权代码: SPY250723C00631000 (行权价$631, 类型CALL)
2025-07-23 09:50:14 | INFO     | src.data.market_data:find_suitable_options:444 | 成功获取期权SPY250723C00631000的报价数据
2025-07-23 09:50:14 | INFO     | src.trading.executor:find_best_option:185 | 选择期权: SPY250723C00631000, 行权价$631, Bid=$1.37, Ask=$1.38, Delta=0.000
2025-07-23 09:50:14 | INFO     | src.trading.executor:calculate_position_size:156 | 计算头寸大小: 期权价格$1.38, 最大风险$853.21, 合约数量6, 最大限制10张
2025-07-23 09:50:14 | INFO     | src.trading.executor:execute_trade:238 | 主订单已提交: dd8adceb-495b-43df-8228-12b55a4d2c49 SPY250723C00631000 买入6张 @$1.38
2025-07-23 09:50:16 | INFO     | src.trading.executor:execute_trade:248 | 主订单已成交: dd8adceb-495b-43df-8228-12b55a4d2c49
2025-07-23 09:50:16 | ERROR    | src.trading.executor:execute_trade:320 | 提交主订单失败: 'TradingClient' object has no attribute 'get_order_fills'
2025-07-23 09:50:16 | WARNING  | src.bot.trading_bot:_check_signals:216 | 信号执行失败: LONG
2025-07-23 09:50:16 | INFO     | src.trading.executor:update_account_info:125 | 账户更新: 总值$100378.06, 买入力$391721.32
2025-07-23 09:50:16 | DEBUG    | src.bot.trading_bot:_update_market_data:184 | 市场数据更新完成
2025-07-23 09:50:19 | INFO     | src.strategy.signals:generate_signals:468 | 生成信号: LONG - VWAP多头突破: 偏离0.20%, MACD转正
2025-07-23 09:50:19 | INFO     | src.bot.trading_bot:_check_signals:202 | 检测到信号: LONG 置信度: 0.85 原因: VWAP多头突破: 偏离0.20%, MACD转正
2025-07-23 09:50:19 | INFO     | src.utils.notifications:send_message:63 | [GENERAL] 📡 交易信号
类型: LONG
强度: MEDIUM
置信度: 0.85
价格: $631.36
原因: VWAP多头突破: 偏离0.20%, MACD转正
2025-07-23 09:50:19 | INFO     | src.data.market_data:find_suitable_options:435 | 当前SPY价格: $631.88, 选择CALL期权行权价: $631
2025-07-23 09:50:19 | DEBUG    | src.data.market_data:_generate_option_symbol:470 | 生成期权代码: SPY250723C00631000 (行权价$631, 类型CALL)
2025-07-23 09:50:19 | INFO     | src.data.market_data:find_suitable_options:444 | 成功获取期权SPY250723C00631000的报价数据
2025-07-23 09:50:19 | INFO     | src.trading.executor:find_best_option:185 | 选择期权: SPY250723C00631000, 行权价$631, Bid=$1.34, Ask=$1.39, Delta=0.000
2025-07-23 09:50:19 | INFO     | src.trading.executor:calculate_position_size:156 | 计算头寸大小: 期权价格$1.36, 最大风险$853.21, 合约数量6, 最大限制10张
2025-07-23 09:50:19 | INFO     | src.trading.executor:execute_trade:238 | 主订单已提交: e6e8ece6-86bd-4561-b810-bdc85e671d31 SPY250723C00631000 买入6张 @$1.36
2025-07-23 09:50:21 | INFO     | src.trading.executor:execute_trade:248 | 主订单已成交: e6e8ece6-86bd-4561-b810-bdc85e671d31
2025-07-23 09:50:21 | ERROR    | src.trading.executor:execute_trade:320 | 提交主订单失败: 'TradingClient' object has no attribute 'get_order_fills'
2025-07-23 09:50:21 | WARNING  | src.bot.trading_bot:_check_signals:216 | 信号执行失败: LONG
2025-07-23 09:50:21 | INFO     | src.trading.executor:update_account_info:125 | 账户更新: 总值$100371.94, 买入力$388433.20
2025-07-23 09:50:21 | DEBUG    | src.bot.trading_bot:_update_market_data:184 | 市场数据更新完成
2025-07-23 09:50:24 | INFO     | src.strategy.signals:generate_signals:468 | 生成信号: LONG - VWAP多头突破: 偏离0.20%, MACD转正
2025-07-23 09:50:24 | INFO     | src.bot.trading_bot:_check_signals:202 | 检测到信号: LONG 置信度: 0.85 原因: VWAP多头突破: 偏离0.20%, MACD转正
2025-07-23 09:50:24 | INFO     | src.utils.notifications:send_message:63 | [GENERAL] 📡 交易信号
类型: LONG
强度: MEDIUM
置信度: 0.85
价格: $631.36
原因: VWAP多头突破: 偏离0.20%, MACD转正
2025-07-23 09:50:24 | INFO     | src.data.market_data:find_suitable_options:435 | 当前SPY价格: $631.88, 选择CALL期权行权价: $631
2025-07-23 09:50:24 | DEBUG    | src.data.market_data:_generate_option_symbol:470 | 生成期权代码: SPY250723C00631000 (行权价$631, 类型CALL)
2025-07-23 09:50:24 | INFO     | src.data.market_data:find_suitable_options:444 | 成功获取期权SPY250723C00631000的报价数据
2025-07-23 09:50:24 | INFO     | src.trading.executor:find_best_option:185 | 选择期权: SPY250723C00631000, 行权价$631, Bid=$1.36, Ask=$1.42, Delta=0.000
2025-07-23 09:50:24 | INFO     | src.trading.executor:calculate_position_size:156 | 计算头寸大小: 期权价格$1.39, 最大风险$853.16, 合约数量6, 最大限制10张
2025-07-23 09:50:24 | INFO     | src.trading.executor:execute_trade:238 | 主订单已提交: 464c5baa-c7bc-46b9-8c33-f51e31685772 SPY250723C00631000 买入6张 @$1.39
2025-07-23 09:50:26 | INFO     | src.trading.executor:execute_trade:248 | 主订单已成交: 464c5baa-c7bc-46b9-8c33-f51e31685772
2025-07-23 09:50:26 | ERROR    | src.trading.executor:execute_trade:320 | 提交主订单失败: 'TradingClient' object has no attribute 'get_order_fills'
2025-07-23 09:50:26 | WARNING  | src.bot.trading_bot:_check_signals:216 | 信号执行失败: LONG
2025-07-23 09:50:26 | INFO     | src.trading.executor:update_account_info:125 | 账户更新: 总值$100413.82, 买入力$385097.08
2025-07-23 09:50:26 | DEBUG    | src.bot.trading_bot:_update_market_data:184 | 市场数据更新完成
2025-07-23 09:50:29 | INFO     | src.strategy.signals:generate_signals:468 | 生成信号: LONG - VWAP多头突破: 偏离0.20%, MACD转正
2025-07-23 09:50:29 | INFO     | src.bot.trading_bot:_check_signals:202 | 检测到信号: LONG 置信度: 0.85 原因: VWAP多头突破: 偏离0.20%, MACD转正
2025-07-23 09:50:29 | INFO     | src.utils.notifications:send_message:63 | [GENERAL] 📡 交易信号
类型: LONG
强度: MEDIUM
置信度: 0.85
价格: $631.36
原因: VWAP多头突破: 偏离0.20%, MACD转正
2025-07-23 09:50:29 | INFO     | src.data.market_data:find_suitable_options:435 | 当前SPY价格: $631.88, 选择CALL期权行权价: $631
2025-07-23 09:50:29 | DEBUG    | src.data.market_data:_generate_option_symbol:470 | 生成期权代码: SPY250723C00631000 (行权价$631, 类型CALL)
2025-07-23 09:50:29 | INFO     | src.data.market_data:find_suitable_options:444 | 成功获取期权SPY250723C00631000的报价数据
2025-07-23 09:50:29 | INFO     | src.trading.executor:find_best_option:185 | 选择期权: SPY250723C00631000, 行权价$631, Bid=$1.35, Ask=$1.41, Delta=0.000
2025-07-23 09:50:29 | INFO     | src.trading.executor:calculate_position_size:156 | 计算头寸大小: 期权价格$1.39, 最大风险$853.52, 合约数量6, 最大限制10张
2025-07-23 09:50:29 | INFO     | src.trading.executor:execute_trade:238 | 主订单已提交: 779f9ce3-4d3b-46f2-8c17-cfe4424dc12b SPY250723C00631000 买入6张 @$1.39
2025-07-23 09:50:30 | INFO     | src.trading.executor:execute_trade:248 | 主订单已成交: 779f9ce3-4d3b-46f2-8c17-cfe4424dc12b
2025-07-23 09:50:30 | ERROR    | src.trading.executor:execute_trade:320 | 提交主订单失败: 'TradingClient' object has no attribute 'get_order_fills'
2025-07-23 09:50:30 | WARNING  | src.bot.trading_bot:_check_signals:216 | 信号执行失败: LONG
2025-07-23 09:50:31 | INFO     | src.trading.executor:update_account_info:125 | 账户更新: 总值$100341.70, 买入力$381784.96
2025-07-23 09:50:31 | DEBUG    | src.bot.trading_bot:_update_market_data:184 | 市场数据更新完成
2025-07-23 09:50:34 | INFO     | src.strategy.signals:generate_signals:468 | 生成信号: LONG - VWAP多头突破: 偏离0.20%, MACD转正
2025-07-23 09:50:34 | INFO     | src.bot.trading_bot:_check_signals:202 | 检测到信号: LONG 置信度: 0.85 原因: VWAP多头突破: 偏离0.20%, MACD转正
2025-07-23 09:50:34 | INFO     | src.utils.notifications:send_message:63 | [GENERAL] 📡 交易信号
类型: LONG
强度: MEDIUM
置信度: 0.85
价格: $631.36
原因: VWAP多头突破: 偏离0.20%, MACD转正
2025-07-23 09:50:34 | INFO     | src.data.market_data:find_suitable_options:435 | 当前SPY价格: $631.88, 选择CALL期权行权价: $631
2025-07-23 09:50:34 | DEBUG    | src.data.market_data:_generate_option_symbol:470 | 生成期权代码: SPY250723C00631000 (行权价$631, 类型CALL)
2025-07-23 09:50:34 | INFO     | src.data.market_data:find_suitable_options:444 | 成功获取期权SPY250723C00631000的报价数据
2025-07-23 09:50:34 | INFO     | src.trading.executor:find_best_option:185 | 选择期权: SPY250723C00631000, 行权价$631, Bid=$1.39, Ask=$1.41, Delta=0.000
2025-07-23 09:50:34 | INFO     | src.trading.executor:calculate_position_size:156 | 计算头寸大小: 期权价格$1.41, 最大风险$852.90, 合约数量6, 最大限制10张
2025-07-23 09:50:35 | INFO     | src.trading.executor:execute_trade:238 | 主订单已提交: d5eb2509-64d0-4469-843b-2fdacb725d7a SPY250723C00631000 买入6张 @$1.41
2025-07-23 09:50:36 | INFO     | src.trading.executor:execute_trade:248 | 主订单已成交: d5eb2509-64d0-4469-843b-2fdacb725d7a
2025-07-23 09:50:36 | ERROR    | src.trading.executor:execute_trade:320 | 提交主订单失败: 'TradingClient' object has no attribute 'get_order_fills'
2025-07-23 09:50:36 | WARNING  | src.bot.trading_bot:_check_signals:216 | 信号执行失败: LONG
2025-07-23 09:50:36 | INFO     | src.trading.executor:update_account_info:125 | 账户更新: 总值$100365.58, 买入力$378448.84
2025-07-23 09:50:36 | DEBUG    | src.bot.trading_bot:_update_market_data:184 | 市场数据更新完成
2025-07-23 09:50:39 | INFO     | src.strategy.signals:generate_signals:468 | 生成信号: LONG - VWAP多头突破: 偏离0.20%, MACD转正
2025-07-23 09:50:39 | INFO     | src.bot.trading_bot:_check_signals:202 | 检测到信号: LONG 置信度: 0.85 原因: VWAP多头突破: 偏离0.20%, MACD转正
2025-07-23 09:50:39 | INFO     | src.utils.notifications:send_message:63 | [GENERAL] 📡 交易信号
类型: LONG
强度: MEDIUM
置信度: 0.85
价格: $631.36
原因: VWAP多头突破: 偏离0.20%, MACD转正
2025-07-23 09:50:39 | INFO     | src.data.market_data:find_suitable_options:435 | 当前SPY价格: $631.88, 选择CALL期权行权价: $631
2025-07-23 09:50:39 | DEBUG    | src.data.market_data:_generate_option_symbol:470 | 生成期权代码: SPY250723C00631000 (行权价$631, 类型CALL)
2025-07-23 09:50:39 | INFO     | src.data.market_data:find_suitable_options:444 | 成功获取期权SPY250723C00631000的报价数据
2025-07-23 09:50:39 | INFO     | src.trading.executor:find_best_option:185 | 选择期权: SPY250723C00631000, 行权价$631, Bid=$1.35, Ask=$1.42, Delta=0.000
2025-07-23 09:50:39 | INFO     | src.trading.executor:calculate_position_size:156 | 计算头寸大小: 期权价格$1.39, 最大风险$853.11, 合约数量6, 最大限制10张
2025-07-23 09:50:39 | INFO     | src.trading.executor:execute_trade:238 | 主订单已提交: ea4aa289-2dd0-4d14-82ff-b00593a35536 SPY250723C00631000 买入6张 @$1.39
2025-07-23 09:50:41 | INFO     | src.trading.executor:execute_trade:248 | 主订单已成交: ea4aa289-2dd0-4d14-82ff-b00593a35536
2025-07-23 09:50:41 | ERROR    | src.trading.executor:execute_trade:320 | 提交主订单失败: 'TradingClient' object has no attribute 'get_order_fills'
2025-07-23 09:50:41 | WARNING  | src.bot.trading_bot:_check_signals:216 | 信号执行失败: LONG
2025-07-23 09:50:41 | INFO     | src.trading.executor:update_account_info:125 | 账户更新: 总值$100401.46, 买入力$375112.72
2025-07-23 09:50:41 | DEBUG    | src.bot.trading_bot:_update_market_data:184 | 市场数据更新完成
2025-07-23 09:50:44 | INFO     | src.strategy.signals:generate_signals:468 | 生成信号: LONG - VWAP多头突破: 偏离0.20%, MACD转正
2025-07-23 09:50:44 | INFO     | src.bot.trading_bot:_check_signals:202 | 检测到信号: LONG 置信度: 0.85 原因: VWAP多头突破: 偏离0.20%, MACD转正
2025-07-23 09:50:44 | INFO     | src.utils.notifications:send_message:63 | [GENERAL] 📡 交易信号
类型: LONG
强度: MEDIUM
置信度: 0.85
价格: $631.36
原因: VWAP多头突破: 偏离0.20%, MACD转正
2025-07-23 09:50:44 | INFO     | src.data.market_data:find_suitable_options:435 | 当前SPY价格: $631.88, 选择CALL期权行权价: $631
2025-07-23 09:50:44 | DEBUG    | src.data.market_data:_generate_option_symbol:470 | 生成期权代码: SPY250723C00631000 (行权价$631, 类型CALL)
2025-07-23 09:50:44 | INFO     | src.data.market_data:find_suitable_options:444 | 成功获取期权SPY250723C00631000的报价数据
2025-07-23 09:50:44 | INFO     | src.trading.executor:find_best_option:185 | 选择期权: SPY250723C00631000, 行权价$631, Bid=$1.36, Ask=$1.37, Delta=0.000
2025-07-23 09:50:44 | INFO     | src.trading.executor:calculate_position_size:156 | 计算头寸大小: 期权价格$1.37, 最大风险$853.41, 合约数量6, 最大限制10张
2025-07-23 09:50:44 | INFO     | src.trading.executor:execute_trade:238 | 主订单已提交: 8686e6dd-23a0-4be5-8e82-18b7139cb93c SPY250723C00631000 买入6张 @$1.37
2025-07-23 09:50:45 | WARNING  | src.trading.executor:execute_trade:315 | 主订单未成交，状态: new
2025-07-23 09:50:45 | WARNING  | src.bot.trading_bot:_check_signals:216 | 信号执行失败: LONG
2025-07-23 09:50:46 | INFO     | src.trading.executor:update_account_info:125 | 账户更新: 总值$100353.46, 买入力$371824.56
2025-07-23 09:50:46 | DEBUG    | src.bot.trading_bot:_update_market_data:184 | 市场数据更新完成
2025-07-23 09:50:49 | INFO     | src.strategy.signals:generate_signals:468 | 生成信号: LONG - VWAP多头突破: 偏离0.20%, MACD转正
2025-07-23 09:50:49 | INFO     | src.bot.trading_bot:_check_signals:202 | 检测到信号: LONG 置信度: 0.85 原因: VWAP多头突破: 偏离0.20%, MACD转正
2025-07-23 09:50:49 | INFO     | src.utils.notifications:send_message:63 | [GENERAL] 📡 交易信号
类型: LONG
强度: MEDIUM
置信度: 0.85
价格: $631.36
原因: VWAP多头突破: 偏离0.20%, MACD转正
2025-07-23 09:50:49 | INFO     | src.data.market_data:find_suitable_options:435 | 当前SPY价格: $631.88, 选择CALL期权行权价: $631
2025-07-23 09:50:49 | DEBUG    | src.data.market_data:_generate_option_symbol:470 | 生成期权代码: SPY250723C00631000 (行权价$631, 类型CALL)
2025-07-23 09:50:49 | INFO     | src.data.market_data:find_suitable_options:444 | 成功获取期权SPY250723C00631000的报价数据
2025-07-23 09:50:49 | INFO     | src.trading.executor:find_best_option:185 | 选择期权: SPY250723C00631000, 行权价$631, Bid=$1.37, Ask=$1.40, Delta=0.000
2025-07-23 09:50:50 | INFO     | src.trading.executor:calculate_position_size:156 | 计算头寸大小: 期权价格$1.39, 最大风险$853.00, 合约数量6, 最大限制10张
2025-07-23 09:50:50 | INFO     | src.trading.executor:execute_trade:238 | 主订单已提交: a922b852-48e8-4be3-9edf-edb311ac7927 SPY250723C00631000 买入6张 @$1.39
2025-07-23 09:50:51 | INFO     | src.trading.executor:execute_trade:248 | 主订单已成交: a922b852-48e8-4be3-9edf-edb311ac7927
2025-07-23 09:50:51 | ERROR    | src.trading.executor:execute_trade:320 | 提交主订单失败: 'TradingClient' object has no attribute 'get_order_fills'
2025-07-23 09:50:51 | WARNING  | src.bot.trading_bot:_check_signals:216 | 信号执行失败: LONG
2025-07-23 09:50:52 | INFO     | src.trading.executor:update_account_info:125 | 账户更新: 总值$100287.22, 买入力$368512.48
2025-07-23 09:50:52 | DEBUG    | src.bot.trading_bot:_update_market_data:184 | 市场数据更新完成
2025-07-23 09:50:54 | INFO     | src.strategy.signals:generate_signals:468 | 生成信号: LONG - VWAP多头突破: 偏离0.20%, MACD转正
2025-07-23 09:50:54 | INFO     | src.bot.trading_bot:_check_signals:202 | 检测到信号: LONG 置信度: 0.85 原因: VWAP多头突破: 偏离0.20%, MACD转正
2025-07-23 09:50:54 | INFO     | src.utils.notifications:send_message:63 | [GENERAL] 📡 交易信号
类型: LONG
强度: MEDIUM
置信度: 0.85
价格: $631.36
原因: VWAP多头突破: 偏离0.20%, MACD转正
2025-07-23 09:50:54 | INFO     | src.data.market_data:find_suitable_options:435 | 当前SPY价格: $631.88, 选择CALL期权行权价: $631
2025-07-23 09:50:54 | DEBUG    | src.data.market_data:_generate_option_symbol:470 | 生成期权代码: SPY250723C00631000 (行权价$631, 类型CALL)
2025-07-23 09:50:55 | INFO     | src.data.market_data:find_suitable_options:444 | 成功获取期权SPY250723C00631000的报价数据
2025-07-23 09:50:55 | INFO     | src.trading.executor:find_best_option:185 | 选择期权: SPY250723C00631000, 行权价$631, Bid=$1.34, Ask=$1.35, Delta=0.000
2025-07-23 09:50:55 | INFO     | src.trading.executor:calculate_position_size:156 | 计算头寸大小: 期权价格$1.35, 最大风险$852.44, 合约数量6, 最大限制10张
2025-07-23 09:50:55 | INFO     | src.trading.executor:execute_trade:238 | 主订单已提交: 74c2e731-0535-42ca-9068-87a2f0ad39a8 SPY250723C00631000 买入6张 @$1.35
2025-07-23 09:50:56 | WARNING  | src.trading.executor:execute_trade:315 | 主订单未成交，状态: new
2025-07-23 09:50:56 | WARNING  | src.bot.trading_bot:_check_signals:216 | 信号执行失败: LONG
2025-07-23 09:50:57 | INFO     | src.trading.executor:update_account_info:125 | 账户更新: 总值$100227.22, 买入力$365272.32
2025-07-23 09:50:57 | DEBUG    | src.bot.trading_bot:_update_market_data:184 | 市场数据更新完成
2025-07-23 09:50:59 | INFO     | src.strategy.signals:generate_signals:468 | 生成信号: LONG - VWAP多头突破: 偏离0.20%, MACD转正
2025-07-23 09:50:59 | INFO     | src.bot.trading_bot:_check_signals:202 | 检测到信号: LONG 置信度: 0.85 原因: VWAP多头突破: 偏离0.20%, MACD转正
2025-07-23 09:50:59 | INFO     | src.utils.notifications:send_message:63 | [GENERAL] 📡 交易信号
类型: LONG
强度: MEDIUM
置信度: 0.85
价格: $631.36
原因: VWAP多头突破: 偏离0.20%, MACD转正
2025-07-23 09:50:59 | INFO     | src.data.market_data:find_suitable_options:435 | 当前SPY价格: $631.88, 选择CALL期权行权价: $631
2025-07-23 09:50:59 | DEBUG    | src.data.market_data:_generate_option_symbol:470 | 生成期权代码: SPY250723C00631000 (行权价$631, 类型CALL)
2025-07-23 09:50:59 | INFO     | src.data.market_data:find_suitable_options:444 | 成功获取期权SPY250723C00631000的报价数据
2025-07-23 09:50:59 | INFO     | src.trading.executor:find_best_option:185 | 选择期权: SPY250723C00631000, 行权价$631, Bid=$1.38, Ask=$1.39, Delta=0.000
2025-07-23 09:51:00 | INFO     | src.trading.executor:calculate_position_size:156 | 计算头寸大小: 期权价格$1.38, 最大风险$851.93, 合约数量6, 最大限制10张
2025-07-23 09:51:00 | INFO     | src.trading.executor:execute_trade:238 | 主订单已提交: aa3d11e2-dd77-482e-b9fe-5f1ebe6d37e2 SPY250723C00631000 买入6张 @$1.38
2025-07-23 09:51:01 | INFO     | src.trading.executor:execute_trade:248 | 主订单已成交: aa3d11e2-dd77-482e-b9fe-5f1ebe6d37e2
2025-07-23 09:51:01 | ERROR    | src.trading.executor:execute_trade:320 | 提交主订单失败: 'TradingClient' object has no attribute 'get_order_fills'
2025-07-23 09:51:01 | WARNING  | src.bot.trading_bot:_check_signals:216 | 信号执行失败: LONG
2025-07-23 09:51:01 | INFO     | src.trading.executor:update_account_info:125 | 账户更新: 总值$100281.10, 买入力$361984.20
2025-07-23 09:51:01 | DEBUG    | src.bot.trading_bot:_update_market_data:184 | 市场数据更新完成
2025-07-23 09:51:01 | DEBUG    | src.bot.trading_bot:_update_positions_normal:259 | 📊 常规头寸更新完成
2025-07-23 09:51:04 | INFO     | src.strategy.signals:generate_signals:468 | 生成信号: LONG - VWAP多头突破: 偏离0.21%, MACD转正
2025-07-23 09:51:04 | INFO     | src.bot.trading_bot:_check_signals:202 | 检测到信号: LONG 置信度: 0.85 原因: VWAP多头突破: 偏离0.21%, MACD转正
2025-07-23 09:51:04 | INFO     | src.utils.notifications:send_message:63 | [GENERAL] 📡 交易信号
类型: LONG
强度: MEDIUM
置信度: 0.85
价格: $631.44
原因: VWAP多头突破: 偏离0.21%, MACD转正
2025-07-23 09:51:04 | INFO     | src.data.market_data:find_suitable_options:435 | 当前SPY价格: $631.88, 选择CALL期权行权价: $631
2025-07-23 09:51:04 | DEBUG    | src.data.market_data:_generate_option_symbol:470 | 生成期权代码: SPY250723C00631000 (行权价$631, 类型CALL)
2025-07-23 09:51:04 | INFO     | src.data.market_data:find_suitable_options:444 | 成功获取期权SPY250723C00631000的报价数据
2025-07-23 09:51:04 | INFO     | src.trading.executor:find_best_option:185 | 选择期权: SPY250723C00631000, 行权价$631, Bid=$1.34, Ask=$1.36, Delta=0.000
2025-07-23 09:51:05 | INFO     | src.trading.executor:calculate_position_size:156 | 计算头寸大小: 期权价格$1.35, 最大风险$852.39, 合约数量6, 最大限制10张
2025-07-23 09:51:05 | INFO     | src.trading.executor:execute_trade:238 | 主订单已提交: 862bbbc2-361b-4cb8-9feb-36baad6b20ba SPY250723C00631000 买入6张 @$1.35
2025-07-23 09:51:06 | WARNING  | src.trading.executor:execute_trade:315 | 主订单未成交，状态: new
2025-07-23 09:51:06 | WARNING  | src.bot.trading_bot:_check_signals:216 | 信号执行失败: LONG
2025-07-23 09:51:06 | INFO     | src.trading.executor:update_account_info:125 | 账户更新: 总值$100281.10, 买入力$358744.04
2025-07-23 09:51:06 | DEBUG    | src.bot.trading_bot:_update_market_data:184 | 市场数据更新完成
2025-07-23 09:51:09 | INFO     | src.strategy.signals:generate_signals:468 | 生成信号: LONG - VWAP多头突破: 偏离0.21%, MACD转正
2025-07-23 09:51:09 | INFO     | src.bot.trading_bot:_check_signals:202 | 检测到信号: LONG 置信度: 0.85 原因: VWAP多头突破: 偏离0.21%, MACD转正
2025-07-23 09:51:09 | INFO     | src.utils.notifications:send_message:63 | [GENERAL] 📡 交易信号
类型: LONG
强度: MEDIUM
置信度: 0.85
价格: $631.44
原因: VWAP多头突破: 偏离0.21%, MACD转正
2025-07-23 09:51:09 | INFO     | src.data.market_data:find_suitable_options:435 | 当前SPY价格: $631.88, 选择CALL期权行权价: $631
2025-07-23 09:51:09 | DEBUG    | src.data.market_data:_generate_option_symbol:470 | 生成期权代码: SPY250723C00631000 (行权价$631, 类型CALL)
2025-07-23 09:51:09 | INFO     | src.data.market_data:find_suitable_options:444 | 成功获取期权SPY250723C00631000的报价数据
2025-07-23 09:51:09 | INFO     | src.trading.executor:find_best_option:185 | 选择期权: SPY250723C00631000, 行权价$631, Bid=$1.37, Ask=$1.38, Delta=0.000
2025-07-23 09:51:09 | INFO     | src.trading.executor:calculate_position_size:156 | 计算头寸大小: 期权价格$1.38, 最大风险$852.39, 合约数量6, 最大限制10张
2025-07-23 09:51:10 | INFO     | src.trading.executor:execute_trade:238 | 主订单已提交: 47ec74a7-018a-4cd0-867c-f2c1d2ce90f5 SPY250723C00631000 买入6张 @$1.38
2025-07-23 09:51:11 | INFO     | src.trading.executor:execute_trade:248 | 主订单已成交: 47ec74a7-018a-4cd0-867c-f2c1d2ce90f5
2025-07-23 09:51:11 | ERROR    | src.trading.executor:execute_trade:320 | 提交主订单失败: 'TradingClient' object has no attribute 'get_order_fills'
2025-07-23 09:51:11 | WARNING  | src.bot.trading_bot:_check_signals:216 | 信号执行失败: LONG
2025-07-23 09:51:11 | INFO     | src.trading.executor:update_account_info:125 | 账户更新: 总值$100127.74, 买入力$355492.00
2025-07-23 09:51:11 | DEBUG    | src.bot.trading_bot:_update_market_data:184 | 市场数据更新完成
2025-07-23 09:51:14 | INFO     | src.strategy.signals:generate_signals:468 | 生成信号: LONG - VWAP多头突破: 偏离0.21%, MACD转正
2025-07-23 09:51:14 | INFO     | src.bot.trading_bot:_check_signals:202 | 检测到信号: LONG 置信度: 0.85 原因: VWAP多头突破: 偏离0.21%, MACD转正
2025-07-23 09:51:14 | INFO     | src.utils.notifications:send_message:63 | [GENERAL] 📡 交易信号
类型: LONG
强度: MEDIUM
置信度: 0.85
价格: $631.44
原因: VWAP多头突破: 偏离0.21%, MACD转正
2025-07-23 09:51:14 | INFO     | src.data.market_data:find_suitable_options:435 | 当前SPY价格: $631.86, 选择CALL期权行权价: $631
2025-07-23 09:51:14 | DEBUG    | src.data.market_data:_generate_option_symbol:470 | 生成期权代码: SPY250723C00631000 (行权价$631, 类型CALL)
2025-07-23 09:51:14 | INFO     | src.data.market_data:find_suitable_options:444 | 成功获取期权SPY250723C00631000的报价数据
2025-07-23 09:51:14 | INFO     | src.trading.executor:find_best_option:185 | 选择期权: SPY250723C00631000, 行权价$631, Bid=$1.30, Ask=$1.32, Delta=0.000
2025-07-23 09:51:14 | INFO     | src.trading.executor:calculate_position_size:156 | 计算头寸大小: 期权价格$1.31, 最大风险$851.09, 合约数量6, 最大限制10张
2025-07-23 09:51:14 | INFO     | src.trading.executor:execute_trade:238 | 主订单已提交: 3d559a3c-5117-4e2c-98a5-c50ada83ca93 SPY250723C00631000 买入6张 @$1.31
2025-07-23 09:51:16 | WARNING  | src.trading.executor:execute_trade:315 | 主订单未成交，状态: new
2025-07-23 09:51:16 | WARNING  | src.bot.trading_bot:_check_signals:216 | 信号执行失败: LONG
2025-07-23 09:51:16 | INFO     | src.trading.executor:update_account_info:125 | 账户更新: 总值$99959.74, 买入力$352347.84
2025-07-23 09:51:16 | DEBUG    | src.bot.trading_bot:_update_market_data:184 | 市场数据更新完成
2025-07-23 09:51:19 | INFO     | src.strategy.signals:generate_signals:468 | 生成信号: LONG - VWAP多头突破: 偏离0.21%, MACD转正
2025-07-23 09:51:19 | INFO     | src.bot.trading_bot:_check_signals:202 | 检测到信号: LONG 置信度: 0.85 原因: VWAP多头突破: 偏离0.21%, MACD转正
2025-07-23 09:51:19 | INFO     | src.utils.notifications:send_message:63 | [GENERAL] 📡 交易信号
类型: LONG
强度: MEDIUM
置信度: 0.85
价格: $631.44
原因: VWAP多头突破: 偏离0.21%, MACD转正
2025-07-23 09:51:19 | INFO     | src.data.market_data:find_suitable_options:435 | 当前SPY价格: $631.86, 选择CALL期权行权价: $631
2025-07-23 09:51:19 | DEBUG    | src.data.market_data:_generate_option_symbol:470 | 生成期权代码: SPY250723C00631000 (行权价$631, 类型CALL)
2025-07-23 09:51:19 | INFO     | src.data.market_data:find_suitable_options:444 | 成功获取期权SPY250723C00631000的报价数据
2025-07-23 09:51:19 | INFO     | src.trading.executor:find_best_option:185 | 选择期权: SPY250723C00631000, 行权价$631, Bid=$1.36, Ask=$1.37, Delta=0.000
2025-07-23 09:51:19 | INFO     | src.trading.executor:calculate_position_size:156 | 计算头寸大小: 期权价格$1.37, 最大风险$849.66, 合约数量6, 最大限制10张
2025-07-23 09:51:19 | INFO     | src.trading.executor:execute_trade:238 | 主订单已提交: daa65ab5-d362-49ff-997b-bbb7748629c3 SPY250723C00631000 买入6张 @$1.37
2025-07-23 09:51:20 | INFO     | src.trading.executor:execute_trade:248 | 主订单已成交: daa65ab5-d362-49ff-997b-bbb7748629c3
2025-07-23 09:51:20 | ERROR    | src.trading.executor:execute_trade:320 | 提交主订单失败: 'TradingClient' object has no attribute 'get_order_fills'
2025-07-23 09:51:20 | WARNING  | src.bot.trading_bot:_check_signals:216 | 信号执行失败: LONG
2025-07-23 09:51:21 | INFO     | src.trading.executor:update_account_info:125 | 账户更新: 总值$100121.62, 买入力$349107.72
2025-07-23 09:51:21 | DEBUG    | src.bot.trading_bot:_update_market_data:184 | 市场数据更新完成
2025-07-23 09:51:24 | INFO     | src.strategy.signals:generate_signals:468 | 生成信号: LONG - VWAP多头突破: 偏离0.21%, MACD转正
2025-07-23 09:51:24 | INFO     | src.bot.trading_bot:_check_signals:202 | 检测到信号: LONG 置信度: 0.85 原因: VWAP多头突破: 偏离0.21%, MACD转正
2025-07-23 09:51:24 | INFO     | src.utils.notifications:send_message:63 | [GENERAL] 📡 交易信号
类型: LONG
强度: MEDIUM
置信度: 0.85
价格: $631.44
原因: VWAP多头突破: 偏离0.21%, MACD转正
2025-07-23 09:51:24 | INFO     | src.data.market_data:find_suitable_options:435 | 当前SPY价格: $631.86, 选择CALL期权行权价: $631
2025-07-23 09:51:24 | DEBUG    | src.data.market_data:_generate_option_symbol:470 | 生成期权代码: SPY250723C00631000 (行权价$631, 类型CALL)
2025-07-23 09:51:24 | INFO     | src.data.market_data:find_suitable_options:444 | 成功获取期权SPY250723C00631000的报价数据
2025-07-23 09:51:24 | INFO     | src.trading.executor:find_best_option:185 | 选择期权: SPY250723C00631000, 行权价$631, Bid=$1.33, Ask=$1.35, Delta=0.000
2025-07-23 09:51:24 | INFO     | src.trading.executor:calculate_position_size:156 | 计算头寸大小: 期权价格$1.35, 最大风险$851.03, 合约数量6, 最大限制10张
2025-07-23 09:51:24 | INFO     | src.trading.executor:execute_trade:238 | 主订单已提交: 3a7e3958-196a-4ef4-94db-6cbe2cf4c06a SPY250723C00631000 买入6张 @$1.35
2025-07-23 09:51:25 | WARNING  | src.trading.executor:execute_trade:315 | 主订单未成交，状态: new
2025-07-23 09:51:25 | WARNING  | src.bot.trading_bot:_check_signals:216 | 信号执行失败: LONG
2025-07-23 09:51:26 | INFO     | src.trading.executor:update_account_info:125 | 账户更新: 总值$100211.62, 买入力$345843.56
2025-07-23 09:51:26 | DEBUG    | src.bot.trading_bot:_update_market_data:184 | 市场数据更新完成
2025-07-23 09:51:28 | INFO     | src.strategy.signals:generate_signals:468 | 生成信号: LONG - VWAP多头突破: 偏离0.21%, MACD转正
2025-07-23 09:51:28 | INFO     | src.bot.trading_bot:_check_signals:202 | 检测到信号: LONG 置信度: 0.85 原因: VWAP多头突破: 偏离0.21%, MACD转正
2025-07-23 09:51:28 | INFO     | src.utils.notifications:send_message:63 | [GENERAL] 📡 交易信号
类型: LONG
强度: MEDIUM
置信度: 0.85
价格: $631.44
原因: VWAP多头突破: 偏离0.21%, MACD转正
2025-07-23 09:51:29 | INFO     | src.data.market_data:find_suitable_options:435 | 当前SPY价格: $631.86, 选择CALL期权行权价: $631
2025-07-23 09:51:29 | DEBUG    | src.data.market_data:_generate_option_symbol:470 | 生成期权代码: SPY250723C00631000 (行权价$631, 类型CALL)
2025-07-23 09:51:29 | INFO     | src.data.market_data:find_suitable_options:444 | 成功获取期权SPY250723C00631000的报价数据
2025-07-23 09:51:29 | INFO     | src.trading.executor:find_best_option:185 | 选择期权: SPY250723C00631000, 行权价$631, Bid=$1.38, Ask=$1.40, Delta=0.000
2025-07-23 09:51:29 | INFO     | src.trading.executor:calculate_position_size:156 | 计算头寸大小: 期权价格$1.39, 最大风险$851.80, 合约数量6, 最大限制10张
2025-07-23 09:51:29 | INFO     | src.trading.executor:execute_trade:238 | 主订单已提交: 3b1c22bc-1398-407c-b036-10996d2cb3b9 SPY250723C00631000 买入6张 @$1.39
2025-07-23 09:51:30 | INFO     | src.trading.executor:execute_trade:248 | 主订单已成交: 3b1c22bc-1398-407c-b036-10996d2cb3b9
2025-07-23 09:51:30 | ERROR    | src.trading.executor:execute_trade:320 | 提交主订单失败: 'TradingClient' object has no attribute 'get_order_fills'
2025-07-23 09:51:30 | WARNING  | src.bot.trading_bot:_check_signals:216 | 信号执行失败: LONG
2025-07-23 09:51:31 | INFO     | src.trading.executor:update_account_info:125 | 账户更新: 总值$100577.50, 买入力$342531.44
2025-07-23 09:51:31 | DEBUG    | src.bot.trading_bot:_update_market_data:184 | 市场数据更新完成
2025-07-23 09:51:33 | INFO     | src.strategy.signals:generate_signals:468 | 生成信号: LONG - VWAP多头突破: 偏离0.21%, MACD转正
2025-07-23 09:51:33 | INFO     | src.bot.trading_bot:_check_signals:202 | 检测到信号: LONG 置信度: 0.85 原因: VWAP多头突破: 偏离0.21%, MACD转正
2025-07-23 09:51:33 | INFO     | src.utils.notifications:send_message:63 | [GENERAL] 📡 交易信号
类型: LONG
强度: MEDIUM
置信度: 0.85
价格: $631.44
原因: VWAP多头突破: 偏离0.21%, MACD转正
2025-07-23 09:51:34 | INFO     | src.data.market_data:find_suitable_options:435 | 当前SPY价格: $631.86, 选择CALL期权行权价: $631
2025-07-23 09:51:34 | DEBUG    | src.data.market_data:_generate_option_symbol:470 | 生成期权代码: SPY250723C00631000 (行权价$631, 类型CALL)
2025-07-23 09:51:34 | INFO     | src.data.market_data:find_suitable_options:444 | 成功获取期权SPY250723C00631000的报价数据
2025-07-23 09:51:34 | INFO     | src.trading.executor:find_best_option:185 | 选择期权: SPY250723C00631000, 行权价$631, Bid=$1.41, Ask=$1.43, Delta=0.000
2025-07-23 09:51:34 | INFO     | src.trading.executor:calculate_position_size:156 | 计算头寸大小: 期权价格$1.42, 最大风险$854.91, 合约数量6, 最大限制10张
2025-07-23 09:51:34 | INFO     | src.trading.executor:execute_trade:238 | 主订单已提交: 8140a299-f2ac-46ed-afbc-cbc4743a6703 SPY250723C00631000 买入6张 @$1.42
2025-07-23 09:51:35 | INFO     | src.trading.executor:execute_trade:248 | 主订单已成交: 8140a299-f2ac-46ed-afbc-cbc4743a6703
2025-07-23 09:51:35 | ERROR    | src.trading.executor:execute_trade:320 | 提交主订单失败: 'TradingClient' object has no attribute 'get_order_fills'
2025-07-23 09:51:35 | WARNING  | src.bot.trading_bot:_check_signals:216 | 信号执行失败: LONG
2025-07-23 09:51:36 | INFO     | src.trading.executor:update_account_info:125 | 账户更新: 总值$100565.38, 买入力$339147.32
2025-07-23 09:51:36 | DEBUG    | src.bot.trading_bot:_update_market_data:184 | 市场数据更新完成
2025-07-23 09:51:39 | INFO     | src.strategy.signals:generate_signals:468 | 生成信号: LONG - VWAP多头突破: 偏离0.21%, MACD转正
2025-07-23 09:51:39 | INFO     | src.bot.trading_bot:_check_signals:202 | 检测到信号: LONG 置信度: 0.85 原因: VWAP多头突破: 偏离0.21%, MACD转正
2025-07-23 09:51:39 | INFO     | src.utils.notifications:send_message:63 | [GENERAL] 📡 交易信号
类型: LONG
强度: MEDIUM
置信度: 0.85
价格: $631.44
原因: VWAP多头突破: 偏离0.21%, MACD转正
2025-07-23 09:51:39 | INFO     | src.data.market_data:find_suitable_options:435 | 当前SPY价格: $631.86, 选择CALL期权行权价: $631
2025-07-23 09:51:39 | DEBUG    | src.data.market_data:_generate_option_symbol:470 | 生成期权代码: SPY250723C00631000 (行权价$631, 类型CALL)
2025-07-23 09:51:39 | INFO     | src.data.market_data:find_suitable_options:444 | 成功获取期权SPY250723C00631000的报价数据
2025-07-23 09:51:39 | INFO     | src.trading.executor:find_best_option:185 | 选择期权: SPY250723C00631000, 行权价$631, Bid=$1.37, Ask=$1.44, Delta=0.000
2025-07-23 09:51:39 | INFO     | src.trading.executor:calculate_position_size:156 | 计算头寸大小: 期权价格$1.41, 最大风险$854.81, 合约数量6, 最大限制10张
2025-07-23 09:51:39 | INFO     | src.trading.executor:execute_trade:238 | 主订单已提交: bb3d6a1d-b77e-47e9-a3f8-c8176a3c6620 SPY250723C00631000 买入6张 @$1.41
2025-07-23 09:51:40 | INFO     | src.trading.executor:execute_trade:248 | 主订单已成交: bb3d6a1d-b77e-47e9-a3f8-c8176a3c6620
2025-07-23 09:51:40 | ERROR    | src.trading.executor:execute_trade:320 | 提交主订单失败: 'TradingClient' object has no attribute 'get_order_fills'
2025-07-23 09:51:40 | WARNING  | src.bot.trading_bot:_check_signals:216 | 信号执行失败: LONG
2025-07-23 09:51:41 | INFO     | src.trading.executor:update_account_info:125 | 账户更新: 总值$100661.26, 买入力$335763.20
2025-07-23 09:51:41 | DEBUG    | src.bot.trading_bot:_update_market_data:184 | 市场数据更新完成
2025-07-23 09:51:43 | INFO     | src.strategy.signals:generate_signals:468 | 生成信号: LONG - VWAP多头突破: 偏离0.21%, MACD转正
2025-07-23 09:51:43 | INFO     | src.bot.trading_bot:_check_signals:202 | 检测到信号: LONG 置信度: 0.85 原因: VWAP多头突破: 偏离0.21%, MACD转正
2025-07-23 09:51:43 | INFO     | src.utils.notifications:send_message:63 | [GENERAL] 📡 交易信号
类型: LONG
强度: MEDIUM
置信度: 0.85
价格: $631.44
原因: VWAP多头突破: 偏离0.21%, MACD转正
2025-07-23 09:51:43 | INFO     | src.data.market_data:find_suitable_options:435 | 当前SPY价格: $631.86, 选择CALL期权行权价: $631
2025-07-23 09:51:43 | DEBUG    | src.data.market_data:_generate_option_symbol:470 | 生成期权代码: SPY250723C00631000 (行权价$631, 类型CALL)
2025-07-23 09:51:44 | INFO     | src.data.market_data:find_suitable_options:444 | 成功获取期权SPY250723C00631000的报价数据
2025-07-23 09:51:44 | INFO     | src.trading.executor:find_best_option:185 | 选择期权: SPY250723C00631000, 行权价$631, Bid=$1.41, Ask=$1.43, Delta=0.000
2025-07-23 09:51:44 | INFO     | src.trading.executor:calculate_position_size:156 | 计算头寸大小: 期权价格$1.42, 最大风险$855.62, 合约数量6, 最大限制10张
2025-07-23 09:51:44 | INFO     | src.trading.executor:execute_trade:238 | 主订单已提交: ff7b67b2-5a62-4e9b-a1ec-b33e93819a27 SPY250723C00631000 买入6张 @$1.42
2025-07-23 09:51:45 | INFO     | src.trading.executor:execute_trade:248 | 主订单已成交: ff7b67b2-5a62-4e9b-a1ec-b33e93819a27
2025-07-23 09:51:45 | ERROR    | src.trading.executor:execute_trade:320 | 提交主订单失败: 'TradingClient' object has no attribute 'get_order_fills'
2025-07-23 09:51:45 | WARNING  | src.bot.trading_bot:_check_signals:216 | 信号执行失败: LONG
2025-07-23 09:51:46 | INFO     | src.trading.executor:update_account_info:125 | 账户更新: 总值$100655.14, 买入力$332379.08
2025-07-23 09:51:46 | DEBUG    | src.bot.trading_bot:_update_market_data:184 | 市场数据更新完成
2025-07-23 09:51:48 | INFO     | src.strategy.signals:generate_signals:468 | 生成信号: LONG - VWAP多头突破: 偏离0.21%, MACD转正
2025-07-23 09:51:48 | INFO     | src.bot.trading_bot:_check_signals:202 | 检测到信号: LONG 置信度: 0.85 原因: VWAP多头突破: 偏离0.21%, MACD转正
2025-07-23 09:51:48 | INFO     | src.utils.notifications:send_message:63 | [GENERAL] 📡 交易信号
类型: LONG
强度: MEDIUM
置信度: 0.85
价格: $631.44
原因: VWAP多头突破: 偏离0.21%, MACD转正
2025-07-23 09:51:48 | INFO     | src.data.market_data:find_suitable_options:435 | 当前SPY价格: $631.86, 选择CALL期权行权价: $631
2025-07-23 09:51:48 | DEBUG    | src.data.market_data:_generate_option_symbol:470 | 生成期权代码: SPY250723C00631000 (行权价$631, 类型CALL)
2025-07-23 09:51:48 | INFO     | src.data.market_data:find_suitable_options:444 | 成功获取期权SPY250723C00631000的报价数据
2025-07-23 09:51:48 | INFO     | src.trading.executor:find_best_option:185 | 选择期权: SPY250723C00631000, 行权价$631, Bid=$1.42, Ask=$1.45, Delta=0.000
2025-07-23 09:51:49 | INFO     | src.trading.executor:calculate_position_size:156 | 计算头寸大小: 期权价格$1.44, 最大风险$855.57, 合约数量5, 最大限制10张
2025-07-23 09:51:49 | INFO     | src.trading.executor:execute_trade:238 | 主订单已提交: 33b345a2-ab1a-4c90-82fd-8b9ac2fac0d4 SPY250723C00631000 买入5张 @$1.44
2025-07-23 09:51:50 | INFO     | src.trading.executor:execute_trade:248 | 主订单已成交: 33b345a2-ab1a-4c90-82fd-8b9ac2fac0d4
2025-07-23 09:51:50 | ERROR    | src.trading.executor:execute_trade:320 | 提交主订单失败: 'TradingClient' object has no attribute 'get_order_fills'
2025-07-23 09:51:50 | WARNING  | src.bot.trading_bot:_check_signals:216 | 信号执行失败: LONG
2025-07-23 09:51:50 | INFO     | src.trading.executor:update_account_info:125 | 账户更新: 总值$100526.04, 买入力$329538.98
2025-07-23 09:51:50 | DEBUG    | src.bot.trading_bot:_update_market_data:184 | 市场数据更新完成
2025-07-23 09:51:53 | INFO     | src.strategy.signals:generate_signals:468 | 生成信号: LONG - VWAP多头突破: 偏离0.21%, MACD转正
2025-07-23 09:51:53 | INFO     | src.bot.trading_bot:_check_signals:202 | 检测到信号: LONG 置信度: 0.85 原因: VWAP多头突破: 偏离0.21%, MACD转正
2025-07-23 09:51:53 | INFO     | src.utils.notifications:send_message:63 | [GENERAL] 📡 交易信号
类型: LONG
强度: MEDIUM
置信度: 0.85
价格: $631.44
原因: VWAP多头突破: 偏离0.21%, MACD转正
2025-07-23 09:51:53 | INFO     | src.data.market_data:find_suitable_options:435 | 当前SPY价格: $631.86, 选择CALL期权行权价: $631
2025-07-23 09:51:53 | DEBUG    | src.data.market_data:_generate_option_symbol:470 | 生成期权代码: SPY250723C00631000 (行权价$631, 类型CALL)
2025-07-23 09:51:53 | INFO     | src.data.market_data:find_suitable_options:444 | 成功获取期权SPY250723C00631000的报价数据
2025-07-23 09:51:53 | INFO     | src.trading.executor:find_best_option:185 | 选择期权: SPY250723C00631000, 行权价$631, Bid=$1.39, Ask=$1.42, Delta=0.000
2025-07-23 09:51:53 | INFO     | src.trading.executor:calculate_position_size:156 | 计算头寸大小: 期权价格$1.40, 最大风险$854.47, 合约数量6, 最大限制10张
2025-07-23 09:51:54 | INFO     | src.trading.executor:execute_trade:238 | 主订单已提交: f6f4108d-a8f2-460f-b521-67b8eb66bf8b SPY250723C00631000 买入6张 @$1.40
2025-07-23 09:51:55 | INFO     | src.trading.executor:execute_trade:248 | 主订单已成交: f6f4108d-a8f2-460f-b521-67b8eb66bf8b
2025-07-23 09:51:55 | ERROR    | src.trading.executor:execute_trade:320 | 提交主订单失败: 'TradingClient' object has no attribute 'get_order_fills'
2025-07-23 09:51:55 | WARNING  | src.bot.trading_bot:_check_signals:216 | 信号执行失败: LONG
2025-07-23 09:51:55 | INFO     | src.trading.executor:update_account_info:125 | 账户更新: 总值$100275.92, 买入力$326202.86
2025-07-23 09:51:55 | DEBUG    | src.bot.trading_bot:_update_market_data:184 | 市场数据更新完成
2025-07-23 09:51:58 | INFO     | src.strategy.signals:generate_signals:468 | 生成信号: LONG - VWAP多头突破: 偏离0.21%, MACD转正
2025-07-23 09:51:58 | INFO     | src.bot.trading_bot:_check_signals:202 | 检测到信号: LONG 置信度: 0.85 原因: VWAP多头突破: 偏离0.21%, MACD转正
2025-07-23 09:51:58 | INFO     | src.utils.notifications:send_message:63 | [GENERAL] 📡 交易信号
类型: LONG
强度: MEDIUM
置信度: 0.85
价格: $631.44
原因: VWAP多头突破: 偏离0.21%, MACD转正
2025-07-23 09:51:58 | INFO     | src.data.market_data:find_suitable_options:435 | 当前SPY价格: $631.86, 选择CALL期权行权价: $631
2025-07-23 09:51:58 | DEBUG    | src.data.market_data:_generate_option_symbol:470 | 生成期权代码: SPY250723C00631000 (行权价$631, 类型CALL)
2025-07-23 09:51:58 | INFO     | src.data.market_data:find_suitable_options:444 | 成功获取期权SPY250723C00631000的报价数据
2025-07-23 09:51:58 | INFO     | src.trading.executor:find_best_option:185 | 选择期权: SPY250723C00631000, 行权价$631, Bid=$1.37, Ask=$1.39, Delta=0.000
2025-07-23 09:51:59 | INFO     | src.trading.executor:calculate_position_size:156 | 计算头寸大小: 期权价格$1.38, 最大风险$852.35, 合约数量6, 最大限制10张
2025-07-23 09:51:59 | INFO     | src.trading.executor:execute_trade:238 | 主订单已提交: c0d32e00-a775-4b0f-9e79-18c8a1f1f847 SPY250723C00631000 买入6张 @$1.38
2025-07-23 09:52:00 | INFO     | src.trading.executor:execute_trade:248 | 主订单已成交: c0d32e00-a775-4b0f-9e79-18c8a1f1f847
2025-07-23 09:52:00 | ERROR    | src.trading.executor:execute_trade:320 | 提交主订单失败: 'TradingClient' object has no attribute 'get_order_fills'
2025-07-23 09:52:00 | WARNING  | src.bot.trading_bot:_check_signals:216 | 信号执行失败: LONG
2025-07-23 09:52:01 | INFO     | src.trading.executor:update_account_info:125 | 账户更新: 总值$100013.80, 买入力$322914.74
2025-07-23 09:52:01 | DEBUG    | src.bot.trading_bot:_update_market_data:184 | 市场数据更新完成
2025-07-23 09:52:02 | DEBUG    | src.bot.trading_bot:_update_positions_normal:259 | 📊 常规头寸更新完成
2025-07-23 09:52:03 | INFO     | src.strategy.signals:generate_signals:468 | 生成信号: LONG - VWAP多头突破: 偏离0.21%, MACD转正
2025-07-23 09:52:03 | INFO     | src.bot.trading_bot:_check_signals:202 | 检测到信号: LONG 置信度: 0.85 原因: VWAP多头突破: 偏离0.21%, MACD转正
2025-07-23 09:52:03 | INFO     | src.utils.notifications:send_message:63 | [GENERAL] 📡 交易信号
类型: LONG
强度: MEDIUM
置信度: 0.85
价格: $631.44
原因: VWAP多头突破: 偏离0.21%, MACD转正
2025-07-23 09:52:03 | INFO     | src.data.market_data:find_suitable_options:435 | 当前SPY价格: $631.89, 选择CALL期权行权价: $631
2025-07-23 09:52:03 | DEBUG    | src.data.market_data:_generate_option_symbol:470 | 生成期权代码: SPY250723C00631000 (行权价$631, 类型CALL)
2025-07-23 09:52:03 | INFO     | src.data.market_data:find_suitable_options:444 | 成功获取期权SPY250723C00631000的报价数据
2025-07-23 09:52:03 | INFO     | src.trading.executor:find_best_option:185 | 选择期权: SPY250723C00631000, 行权价$631, Bid=$1.35, Ask=$1.41, Delta=0.000
2025-07-23 09:52:04 | INFO     | src.trading.executor:calculate_position_size:156 | 计算头寸大小: 期权价格$1.38, 最大风险$850.12, 合约数量6, 最大限制10张
2025-07-23 09:52:04 | INFO     | src.trading.executor:execute_trade:238 | 主订单已提交: 42f5f170-1380-43d4-bde1-8aa8368d9a22 SPY250723C00631000 买入6张 @$1.38
2025-07-23 09:52:05 | INFO     | src.trading.executor:execute_trade:248 | 主订单已成交: 42f5f170-1380-43d4-bde1-8aa8368d9a22
2025-07-23 09:52:05 | ERROR    | src.trading.executor:execute_trade:320 | 提交主订单失败: 'TradingClient' object has no attribute 'get_order_fills'
2025-07-23 09:52:05 | WARNING  | src.bot.trading_bot:_check_signals:216 | 信号执行失败: LONG
2025-07-23 09:52:05 | INFO     | src.trading.executor:update_account_info:125 | 账户更新: 总值$100269.68, 买入力$319602.62
2025-07-23 09:52:05 | DEBUG    | src.bot.trading_bot:_update_market_data:184 | 市场数据更新完成
2025-07-23 09:52:08 | INFO     | src.strategy.signals:generate_signals:468 | 生成信号: LONG - VWAP多头突破: 偏离0.21%, MACD转正
2025-07-23 09:52:08 | INFO     | src.bot.trading_bot:_check_signals:202 | 检测到信号: LONG 置信度: 0.85 原因: VWAP多头突破: 偏离0.21%, MACD转正
2025-07-23 09:52:08 | INFO     | src.utils.notifications:send_message:63 | [GENERAL] 📡 交易信号
类型: LONG
强度: MEDIUM
置信度: 0.85
价格: $631.44
原因: VWAP多头突破: 偏离0.21%, MACD转正
2025-07-23 09:52:08 | INFO     | src.data.market_data:find_suitable_options:435 | 当前SPY价格: $631.89, 选择CALL期权行权价: $631
2025-07-23 09:52:08 | DEBUG    | src.data.market_data:_generate_option_symbol:470 | 生成期权代码: SPY250723C00631000 (行权价$631, 类型CALL)
2025-07-23 09:52:08 | INFO     | src.data.market_data:find_suitable_options:444 | 成功获取期权SPY250723C00631000的报价数据
2025-07-23 09:52:08 | INFO     | src.trading.executor:find_best_option:185 | 选择期权: SPY250723C00631000, 行权价$631, Bid=$1.33, Ask=$1.40, Delta=0.000
2025-07-23 09:52:09 | INFO     | src.trading.executor:calculate_position_size:156 | 计算头寸大小: 期权价格$1.36, 最大风险$852.29, 合约数量6, 最大限制10张
2025-07-23 09:52:09 | INFO     | src.trading.executor:execute_trade:238 | 主订单已提交: efb9eebf-4c3c-41da-b222-47c3062a8251 SPY250723C00631000 买入6张 @$1.36
2025-07-23 09:52:10 | INFO     | src.trading.executor:execute_trade:248 | 主订单已成交: efb9eebf-4c3c-41da-b222-47c3062a8251
2025-07-23 09:52:10 | ERROR    | src.trading.executor:execute_trade:320 | 提交主订单失败: 'TradingClient' object has no attribute 'get_order_fills'
2025-07-23 09:52:10 | WARNING  | src.bot.trading_bot:_check_signals:216 | 信号执行失败: LONG
2025-07-23 09:52:11 | INFO     | src.trading.executor:update_account_info:125 | 账户更新: 总值$99977.44, 买入力$316314.54
2025-07-23 09:52:11 | DEBUG    | src.bot.trading_bot:_update_market_data:184 | 市场数据更新完成
2025-07-23 09:52:13 | INFO     | src.strategy.signals:generate_signals:468 | 生成信号: LONG - VWAP多头突破: 偏离0.21%, MACD转正
2025-07-23 09:52:13 | INFO     | src.bot.trading_bot:_check_signals:202 | 检测到信号: LONG 置信度: 0.85 原因: VWAP多头突破: 偏离0.21%, MACD转正
2025-07-23 09:52:13 | INFO     | src.utils.notifications:send_message:63 | [GENERAL] 📡 交易信号
类型: LONG
强度: MEDIUM
置信度: 0.85
价格: $631.49
原因: VWAP多头突破: 偏离0.21%, MACD转正
2025-07-23 09:52:13 | INFO     | src.data.market_data:find_suitable_options:435 | 当前SPY价格: $631.89, 选择CALL期权行权价: $631
2025-07-23 09:52:13 | DEBUG    | src.data.market_data:_generate_option_symbol:470 | 生成期权代码: SPY250723C00631000 (行权价$631, 类型CALL)
2025-07-23 09:52:14 | INFO     | src.data.market_data:find_suitable_options:444 | 成功获取期权SPY250723C00631000的报价数据
2025-07-23 09:52:14 | INFO     | src.trading.executor:find_best_option:185 | 选择期权: SPY250723C00631000, 行权价$631, Bid=$1.33, Ask=$1.34, Delta=0.000
2025-07-23 09:52:14 | INFO     | src.trading.executor:calculate_position_size:156 | 计算头寸大小: 期权价格$1.33, 最大风险$849.81, 合约数量6, 最大限制10张
2025-07-23 09:52:14 | INFO     | src.trading.executor:execute_trade:238 | 主订单已提交: 6624947f-e386-45b9-a010-bba637ff6a5b SPY250723C00631000 买入6张 @$1.33
2025-07-23 09:52:15 | WARNING  | src.trading.executor:execute_trade:315 | 主订单未成交，状态: new
2025-07-23 09:52:15 | WARNING  | src.bot.trading_bot:_check_signals:216 | 信号执行失败: LONG
2025-07-23 09:52:16 | INFO     | src.trading.executor:update_account_info:125 | 账户更新: 总值$99977.44, 买入力$313098.38
2025-07-23 09:52:16 | DEBUG    | src.bot.trading_bot:_update_market_data:184 | 市场数据更新完成
2025-07-23 09:52:18 | INFO     | src.strategy.signals:generate_signals:468 | 生成信号: LONG - VWAP多头突破: 偏离0.21%, MACD转正
2025-07-23 09:52:18 | INFO     | src.bot.trading_bot:_check_signals:202 | 检测到信号: LONG 置信度: 0.85 原因: VWAP多头突破: 偏离0.21%, MACD转正
2025-07-23 09:52:18 | INFO     | src.utils.notifications:send_message:63 | [GENERAL] 📡 交易信号
类型: LONG
强度: MEDIUM
置信度: 0.85
价格: $631.49
原因: VWAP多头突破: 偏离0.21%, MACD转正
2025-07-23 09:52:18 | INFO     | src.data.market_data:find_suitable_options:435 | 当前SPY价格: $631.89, 选择CALL期权行权价: $631
2025-07-23 09:52:18 | DEBUG    | src.data.market_data:_generate_option_symbol:470 | 生成期权代码: SPY250723C00631000 (行权价$631, 类型CALL)
2025-07-23 09:52:18 | INFO     | src.data.market_data:find_suitable_options:444 | 成功获取期权SPY250723C00631000的报价数据
2025-07-23 09:52:18 | INFO     | src.trading.executor:find_best_option:185 | 选择期权: SPY250723C00631000, 行权价$631, Bid=$1.33, Ask=$1.35, Delta=0.000
2025-07-23 09:52:19 | INFO     | src.trading.executor:calculate_position_size:156 | 计算头寸大小: 期权价格$1.35, 最大风险$849.81, 合约数量6, 最大限制10张
2025-07-23 09:52:19 | INFO     | src.trading.executor:execute_trade:238 | 主订单已提交: 1b12a76d-db13-440f-926c-c33e9a1e704e SPY250723C00631000 买入6张 @$1.35
2025-07-23 09:52:20 | INFO     | src.trading.executor:execute_trade:248 | 主订单已成交: 1b12a76d-db13-440f-926c-c33e9a1e704e
2025-07-23 09:52:20 | ERROR    | src.trading.executor:execute_trade:320 | 提交主订单失败: 'TradingClient' object has no attribute 'get_order_fills'
2025-07-23 09:52:20 | WARNING  | src.bot.trading_bot:_check_signals:216 | 信号执行失败: LONG
2025-07-23 09:52:20 | INFO     | src.trading.executor:update_account_info:125 | 账户更新: 总值$99828.20, 买入力$309882.30
2025-07-23 09:52:20 | DEBUG    | src.bot.trading_bot:_update_market_data:184 | 市场数据更新完成
2025-07-23 09:52:23 | INFO     | src.strategy.signals:generate_signals:468 | 生成信号: LONG - VWAP多头突破: 偏离0.21%, MACD转正
2025-07-23 09:52:23 | INFO     | src.bot.trading_bot:_check_signals:202 | 检测到信号: LONG 置信度: 0.85 原因: VWAP多头突破: 偏离0.21%, MACD转正
2025-07-23 09:52:23 | INFO     | src.utils.notifications:send_message:63 | [GENERAL] 📡 交易信号
类型: LONG
强度: MEDIUM
置信度: 0.85
价格: $631.49
原因: VWAP多头突破: 偏离0.21%, MACD转正
2025-07-23 09:52:23 | INFO     | src.data.market_data:find_suitable_options:435 | 当前SPY价格: $631.89, 选择CALL期权行权价: $631
2025-07-23 09:52:23 | DEBUG    | src.data.market_data:_generate_option_symbol:470 | 生成期权代码: SPY250723C00631000 (行权价$631, 类型CALL)
2025-07-23 09:52:23 | INFO     | src.data.market_data:find_suitable_options:444 | 成功获取期权SPY250723C00631000的报价数据
2025-07-23 09:52:23 | INFO     | src.trading.executor:find_best_option:185 | 选择期权: SPY250723C00631000, 行权价$631, Bid=$1.36, Ask=$1.38, Delta=0.000
2025-07-23 09:52:23 | INFO     | src.trading.executor:calculate_position_size:156 | 计算头寸大小: 期权价格$1.33, 最大风险$848.54, 合约数量6, 最大限制10张
2025-07-23 09:52:24 | INFO     | src.trading.executor:execute_trade:238 | 主订单已提交: af19f463-fadd-4d9f-9c32-676028db7e25 SPY250723C00631000 买入6张 @$1.33
2025-07-23 09:52:25 | WARNING  | src.trading.executor:execute_trade:315 | 主订单未成交，状态: new
2025-07-23 09:52:25 | WARNING  | src.bot.trading_bot:_check_signals:216 | 信号执行失败: LONG
2025-07-23 09:52:25 | INFO     | src.trading.executor:update_account_info:125 | 账户更新: 总值$99828.20, 买入力$306690.14
2025-07-23 09:52:25 | DEBUG    | src.bot.trading_bot:_update_market_data:184 | 市场数据更新完成
2025-07-23 09:52:28 | INFO     | src.strategy.signals:generate_signals:468 | 生成信号: LONG - VWAP多头突破: 偏离0.21%, MACD转正
2025-07-23 09:52:28 | INFO     | src.bot.trading_bot:_check_signals:202 | 检测到信号: LONG 置信度: 0.85 原因: VWAP多头突破: 偏离0.21%, MACD转正
2025-07-23 09:52:28 | INFO     | src.utils.notifications:send_message:63 | [GENERAL] 📡 交易信号
类型: LONG
强度: MEDIUM
置信度: 0.85
价格: $631.49
原因: VWAP多头突破: 偏离0.21%, MACD转正
2025-07-23 09:52:28 | INFO     | src.data.market_data:find_suitable_options:435 | 当前SPY价格: $631.86, 选择CALL期权行权价: $631
2025-07-23 09:52:28 | DEBUG    | src.data.market_data:_generate_option_symbol:470 | 生成期权代码: SPY250723C00631000 (行权价$631, 类型CALL)
2025-07-23 09:52:28 | INFO     | src.data.market_data:find_suitable_options:444 | 成功获取期权SPY250723C00631000的报价数据
2025-07-23 09:52:28 | INFO     | src.trading.executor:find_best_option:185 | 选择期权: SPY250723C00631000, 行权价$631, Bid=$1.36, Ask=$1.38, Delta=0.000
2025-07-23 09:52:29 | INFO     | src.trading.executor:calculate_position_size:156 | 计算头寸大小: 期权价格$1.37, 最大风险$848.54, 合约数量6, 最大限制10张
2025-07-23 09:52:29 | INFO     | src.trading.executor:execute_trade:238 | 主订单已提交: 67ca7f47-b7c7-4ab2-8267-806ffb6c8b67 SPY250723C00631000 买入6张 @$1.37
2025-07-23 09:52:30 | INFO     | src.trading.executor:execute_trade:248 | 主订单已成交: 67ca7f47-b7c7-4ab2-8267-806ffb6c8b67
2025-07-23 09:52:30 | ERROR    | src.trading.executor:execute_trade:320 | 提交主订单失败: 'TradingClient' object has no attribute 'get_order_fills'
2025-07-23 09:52:30 | WARNING  | src.bot.trading_bot:_check_signals:216 | 信号执行失败: LONG
2025-07-23 09:52:30 | INFO     | src.trading.executor:update_account_info:125 | 账户更新: 总值$99822.08, 买入力$303450.02
2025-07-23 09:52:30 | DEBUG    | src.bot.trading_bot:_update_market_data:184 | 市场数据更新完成
2025-07-23 09:52:33 | INFO     | src.strategy.signals:generate_signals:468 | 生成信号: LONG - VWAP多头突破: 偏离0.21%, MACD转正
2025-07-23 09:52:33 | INFO     | src.bot.trading_bot:_check_signals:202 | 检测到信号: LONG 置信度: 0.85 原因: VWAP多头突破: 偏离0.21%, MACD转正
2025-07-23 09:52:33 | INFO     | src.utils.notifications:send_message:63 | [GENERAL] 📡 交易信号
类型: LONG
强度: MEDIUM
置信度: 0.85
价格: $631.49
原因: VWAP多头突破: 偏离0.21%, MACD转正
2025-07-23 09:52:33 | INFO     | src.data.market_data:find_suitable_options:435 | 当前SPY价格: $631.86, 选择CALL期权行权价: $631
2025-07-23 09:52:33 | DEBUG    | src.data.market_data:_generate_option_symbol:470 | 生成期权代码: SPY250723C00631000 (行权价$631, 类型CALL)
2025-07-23 09:52:33 | INFO     | src.data.market_data:find_suitable_options:444 | 成功获取期权SPY250723C00631000的报价数据
2025-07-23 09:52:33 | INFO     | src.trading.executor:find_best_option:185 | 选择期权: SPY250723C00631000, 行权价$631, Bid=$1.37, Ask=$1.39, Delta=0.000
2025-07-23 09:52:34 | INFO     | src.trading.executor:calculate_position_size:156 | 计算头寸大小: 期权价格$1.38, 最大风险$848.49, 合约数量6, 最大限制10张
2025-07-23 09:52:34 | INFO     | src.trading.executor:execute_trade:238 | 主订单已提交: f6c7e8ec-c12c-462c-bdfc-7188c1a81c76 SPY250723C00631000 买入6张 @$1.38
2025-07-23 09:52:35 | INFO     | src.trading.executor:execute_trade:248 | 主订单已成交: f6c7e8ec-c12c-462c-bdfc-7188c1a81c76
2025-07-23 09:52:35 | ERROR    | src.trading.executor:execute_trade:320 | 提交主订单失败: 'TradingClient' object has no attribute 'get_order_fills'
2025-07-23 09:52:35 | WARNING  | src.bot.trading_bot:_check_signals:216 | 信号执行失败: LONG
2025-07-23 09:52:35 | INFO     | src.trading.executor:update_account_info:125 | 账户更新: 总值$99976.96, 买入力$300161.90
2025-07-23 09:52:35 | DEBUG    | src.bot.trading_bot:_update_market_data:184 | 市场数据更新完成
2025-07-23 09:52:38 | INFO     | src.strategy.signals:generate_signals:468 | 生成信号: LONG - VWAP多头突破: 偏离0.21%, MACD转正
2025-07-23 09:52:38 | INFO     | src.bot.trading_bot:_check_signals:202 | 检测到信号: LONG 置信度: 0.85 原因: VWAP多头突破: 偏离0.21%, MACD转正
2025-07-23 09:52:38 | INFO     | src.utils.notifications:send_message:63 | [GENERAL] 📡 交易信号
类型: LONG
强度: MEDIUM
置信度: 0.85
价格: $631.49
原因: VWAP多头突破: 偏离0.21%, MACD转正
2025-07-23 09:52:38 | INFO     | src.data.market_data:find_suitable_options:435 | 当前SPY价格: $631.86, 选择CALL期权行权价: $631
2025-07-23 09:52:38 | DEBUG    | src.data.market_data:_generate_option_symbol:470 | 生成期权代码: SPY250723C00631000 (行权价$631, 类型CALL)
2025-07-23 09:52:38 | INFO     | src.data.market_data:find_suitable_options:444 | 成功获取期权SPY250723C00631000的报价数据
2025-07-23 09:52:38 | INFO     | src.trading.executor:find_best_option:185 | 选择期权: SPY250723C00631000, 行权价$631, Bid=$1.38, Ask=$1.39, Delta=0.000
2025-07-23 09:52:38 | INFO     | src.trading.executor:calculate_position_size:156 | 计算头寸大小: 期权价格$1.38, 最大风险$849.80, 合约数量6, 最大限制10张
2025-07-23 09:52:38 | INFO     | src.trading.executor:execute_trade:238 | 主订单已提交: c75a73e6-9fa6-48a0-b2bd-f2da835c08ab SPY250723C00631000 买入6张 @$1.38
2025-07-23 09:52:40 | INFO     | src.trading.executor:execute_trade:248 | 主订单已成交: c75a73e6-9fa6-48a0-b2bd-f2da835c08ab
2025-07-23 09:52:40 | ERROR    | src.trading.executor:execute_trade:320 | 提交主订单失败: 'TradingClient' object has no attribute 'get_order_fills'
2025-07-23 09:52:40 | WARNING  | src.bot.trading_bot:_check_signals:216 | 信号执行失败: LONG
2025-07-23 09:52:40 | INFO     | src.trading.executor:update_account_info:125 | 账户更新: 总值$99785.84, 买入力$296873.78
2025-07-23 09:52:40 | DEBUG    | src.bot.trading_bot:_update_market_data:184 | 市场数据更新完成
2025-07-23 09:52:43 | INFO     | src.strategy.signals:generate_signals:468 | 生成信号: LONG - VWAP多头突破: 偏离0.21%, MACD转正
2025-07-23 09:52:43 | INFO     | src.bot.trading_bot:_check_signals:202 | 检测到信号: LONG 置信度: 0.85 原因: VWAP多头突破: 偏离0.21%, MACD转正
2025-07-23 09:52:43 | INFO     | src.utils.notifications:send_message:63 | [GENERAL] 📡 交易信号
类型: LONG
强度: MEDIUM
置信度: 0.85
价格: $631.49
原因: VWAP多头突破: 偏离0.21%, MACD转正
2025-07-23 09:52:43 | INFO     | src.data.market_data:find_suitable_options:435 | 当前SPY价格: $631.86, 选择CALL期权行权价: $631
2025-07-23 09:52:43 | DEBUG    | src.data.market_data:_generate_option_symbol:470 | 生成期权代码: SPY250723C00631000 (行权价$631, 类型CALL)
2025-07-23 09:52:43 | INFO     | src.data.market_data:find_suitable_options:444 | 成功获取期权SPY250723C00631000的报价数据
2025-07-23 09:52:43 | INFO     | src.trading.executor:find_best_option:185 | 选择期权: SPY250723C00631000, 行权价$631, Bid=$1.35, Ask=$1.37, Delta=0.000
2025-07-23 09:52:43 | INFO     | src.trading.executor:calculate_position_size:156 | 计算头寸大小: 期权价格$1.34, 最大风险$848.18, 合约数量6, 最大限制10张
2025-07-23 09:52:43 | INFO     | src.trading.executor:execute_trade:238 | 主订单已提交: 89eb1d06-bdfe-47e4-9373-4aead89458bb SPY250723C00631000 买入6张 @$1.34
2025-07-23 09:52:44 | INFO     | src.trading.executor:execute_trade:248 | 主订单已成交: 89eb1d06-bdfe-47e4-9373-4aead89458bb
2025-07-23 09:52:44 | ERROR    | src.trading.executor:execute_trade:320 | 提交主订单失败: 'TradingClient' object has no attribute 'get_order_fills'
2025-07-23 09:52:44 | WARNING  | src.bot.trading_bot:_check_signals:216 | 信号执行失败: LONG
2025-07-23 09:52:45 | INFO     | src.trading.executor:update_account_info:125 | 账户更新: 总值$100334.72, 买入力$293633.66
2025-07-23 09:52:45 | DEBUG    | src.bot.trading_bot:_update_market_data:184 | 市场数据更新完成
2025-07-23 09:52:48 | INFO     | src.strategy.signals:generate_signals:468 | 生成信号: LONG - VWAP多头突破: 偏离0.21%, MACD转正
2025-07-23 09:52:48 | INFO     | src.bot.trading_bot:_check_signals:202 | 检测到信号: LONG 置信度: 0.85 原因: VWAP多头突破: 偏离0.21%, MACD转正
2025-07-23 09:52:48 | INFO     | src.utils.notifications:send_message:63 | [GENERAL] 📡 交易信号
类型: LONG
强度: MEDIUM
置信度: 0.85
价格: $631.49
原因: VWAP多头突破: 偏离0.21%, MACD转正
2025-07-23 09:52:48 | INFO     | src.data.market_data:find_suitable_options:435 | 当前SPY价格: $631.86, 选择CALL期权行权价: $631
2025-07-23 09:52:48 | DEBUG    | src.data.market_data:_generate_option_symbol:470 | 生成期权代码: SPY250723C00631000 (行权价$631, 类型CALL)
2025-07-23 09:52:48 | INFO     | src.data.market_data:find_suitable_options:444 | 成功获取期权SPY250723C00631000的报价数据
2025-07-23 09:52:48 | INFO     | src.trading.executor:find_best_option:185 | 选择期权: SPY250723C00631000, 行权价$631, Bid=$1.34, Ask=$1.36, Delta=0.000
2025-07-23 09:52:48 | INFO     | src.trading.executor:calculate_position_size:156 | 计算头寸大小: 期权价格$1.35, 最大风险$852.85, 合约数量6, 最大限制10张
2025-07-23 09:52:48 | INFO     | src.trading.executor:execute_trade:238 | 主订单已提交: 4b7b010c-bb73-477b-88e4-3c9ce0c77a47 SPY250723C00631000 买入6张 @$1.35
2025-07-23 09:52:50 | WARNING  | src.trading.executor:execute_trade:315 | 主订单未成交，状态: new
2025-07-23 09:52:50 | WARNING  | src.bot.trading_bot:_check_signals:216 | 信号执行失败: LONG
2025-07-23 09:52:50 | INFO     | src.trading.executor:update_account_info:125 | 账户更新: 总值$100334.72, 买入力$290393.50
2025-07-23 09:52:50 | DEBUG    | src.bot.trading_bot:_update_market_data:184 | 市场数据更新完成
2025-07-23 09:52:53 | INFO     | src.strategy.signals:generate_signals:468 | 生成信号: LONG - VWAP多头突破: 偏离0.21%, MACD转正
2025-07-23 09:52:53 | INFO     | src.bot.trading_bot:_check_signals:202 | 检测到信号: LONG 置信度: 0.85 原因: VWAP多头突破: 偏离0.21%, MACD转正
2025-07-23 09:52:53 | INFO     | src.utils.notifications:send_message:63 | [GENERAL] 📡 交易信号
类型: LONG
强度: MEDIUM
置信度: 0.85
价格: $631.49
原因: VWAP多头突破: 偏离0.21%, MACD转正
2025-07-23 09:52:53 | INFO     | src.data.market_data:find_suitable_options:435 | 当前SPY价格: $631.90, 选择CALL期权行权价: $631
2025-07-23 09:52:53 | DEBUG    | src.data.market_data:_generate_option_symbol:470 | 生成期权代码: SPY250723C00631000 (行权价$631, 类型CALL)
2025-07-23 09:52:53 | INFO     | src.data.market_data:find_suitable_options:444 | 成功获取期权SPY250723C00631000的报价数据
2025-07-23 09:52:53 | INFO     | src.trading.executor:find_best_option:185 | 选择期权: SPY250723C00631000, 行权价$631, Bid=$1.38, Ask=$1.40, Delta=0.000
2025-07-23 09:52:53 | INFO     | src.trading.executor:calculate_position_size:156 | 计算头寸大小: 期权价格$1.39, 最大风险$852.85, 合约数量6, 最大限制10张
2025-07-23 09:52:53 | INFO     | src.trading.executor:execute_trade:238 | 主订单已提交: e4637e4e-5085-45a3-aa40-becd74e9c15c SPY250723C00631000 买入6张 @$1.39
2025-07-23 09:52:54 | INFO     | src.trading.executor:execute_trade:248 | 主订单已成交: e4637e4e-5085-45a3-aa40-becd74e9c15c
2025-07-23 09:52:54 | ERROR    | src.trading.executor:execute_trade:320 | 提交主订单失败: 'TradingClient' object has no attribute 'get_order_fills'
2025-07-23 09:52:54 | WARNING  | src.bot.trading_bot:_check_signals:216 | 信号执行失败: LONG
2025-07-23 09:52:55 | INFO     | src.trading.executor:update_account_info:125 | 账户更新: 总值$99946.60, 买入力$287081.38
2025-07-23 09:52:55 | DEBUG    | src.bot.trading_bot:_update_market_data:184 | 市场数据更新完成
2025-07-23 09:52:58 | INFO     | src.strategy.signals:generate_signals:468 | 生成信号: LONG - VWAP多头突破: 偏离0.21%, MACD转正
2025-07-23 09:52:58 | INFO     | src.bot.trading_bot:_check_signals:202 | 检测到信号: LONG 置信度: 0.85 原因: VWAP多头突破: 偏离0.21%, MACD转正
2025-07-23 09:52:58 | INFO     | src.utils.notifications:send_message:63 | [GENERAL] 📡 交易信号
类型: LONG
强度: MEDIUM
置信度: 0.85
价格: $631.49
原因: VWAP多头突破: 偏离0.21%, MACD转正
2025-07-23 09:52:58 | INFO     | src.data.market_data:find_suitable_options:435 | 当前SPY价格: $631.90, 选择CALL期权行权价: $631
2025-07-23 09:52:58 | DEBUG    | src.data.market_data:_generate_option_symbol:470 | 生成期权代码: SPY250723C00631000 (行权价$631, 类型CALL)
2025-07-23 09:52:58 | INFO     | src.data.market_data:find_suitable_options:444 | 成功获取期权SPY250723C00631000的报价数据
2025-07-23 09:52:58 | INFO     | src.trading.executor:find_best_option:185 | 选择期权: SPY250723C00631000, 行权价$631, Bid=$1.37, Ask=$1.39, Delta=0.000
2025-07-23 09:52:58 | INFO     | src.trading.executor:calculate_position_size:156 | 计算头寸大小: 期权价格$1.38, 最大风险$849.55, 合约数量6, 最大限制10张
2025-07-23 09:52:58 | INFO     | src.trading.executor:execute_trade:238 | 主订单已提交: ade31943-8761-4344-88f9-12f2623dc5ef SPY250723C00631000 买入6张 @$1.38
2025-07-23 09:52:59 | INFO     | src.trading.executor:execute_trade:248 | 主订单已成交: ade31943-8761-4344-88f9-12f2623dc5ef
2025-07-23 09:52:59 | ERROR    | src.trading.executor:execute_trade:320 | 提交主订单失败: 'TradingClient' object has no attribute 'get_order_fills'
2025-07-23 09:52:59 | WARNING  | src.bot.trading_bot:_check_signals:216 | 信号执行失败: LONG
2025-07-23 09:53:00 | INFO     | src.trading.executor:update_account_info:125 | 账户更新: 总值$100131.48, 买入力$283793.26
2025-07-23 09:53:00 | DEBUG    | src.bot.trading_bot:_update_market_data:184 | 市场数据更新完成
2025-07-23 09:53:02 | DEBUG    | src.bot.trading_bot:_update_positions_normal:259 | 📊 常规头寸更新完成
2025-07-23 09:53:02 | INFO     | src.strategy.signals:generate_signals:468 | 生成信号: LONG - VWAP多头突破: 偏离0.21%, MACD转正
2025-07-23 09:53:02 | INFO     | src.bot.trading_bot:_check_signals:202 | 检测到信号: LONG 置信度: 0.85 原因: VWAP多头突破: 偏离0.21%, MACD转正
2025-07-23 09:53:02 | INFO     | src.utils.notifications:send_message:63 | [GENERAL] 📡 交易信号
类型: LONG
强度: MEDIUM
置信度: 0.85
价格: $631.49
原因: VWAP多头突破: 偏离0.21%, MACD转正
2025-07-23 09:53:03 | INFO     | src.data.market_data:find_suitable_options:435 | 当前SPY价格: $631.90, 选择CALL期权行权价: $631
2025-07-23 09:53:03 | DEBUG    | src.data.market_data:_generate_option_symbol:470 | 生成期权代码: SPY250723C00631000 (行权价$631, 类型CALL)
2025-07-23 09:53:03 | INFO     | src.data.market_data:find_suitable_options:444 | 成功获取期权SPY250723C00631000的报价数据
2025-07-23 09:53:03 | INFO     | src.trading.executor:find_best_option:185 | 选择期权: SPY250723C00631000, 行权价$631, Bid=$1.34, Ask=$1.41, Delta=0.000
2025-07-23 09:53:03 | INFO     | src.trading.executor:calculate_position_size:156 | 计算头寸大小: 期权价格$1.37, 最大风险$851.12, 合约数量6, 最大限制10张
2025-07-23 09:53:03 | INFO     | src.trading.executor:execute_trade:238 | 主订单已提交: a39e4f5a-9b19-470f-a022-910c56aac5b1 SPY250723C00631000 买入6张 @$1.37
2025-07-23 09:53:04 | INFO     | src.trading.executor:execute_trade:248 | 主订单已成交: a39e4f5a-9b19-470f-a022-910c56aac5b1
2025-07-23 09:53:04 | ERROR    | src.trading.executor:execute_trade:320 | 提交主订单失败: 'TradingClient' object has no attribute 'get_order_fills'
2025-07-23 09:53:04 | WARNING  | src.bot.trading_bot:_check_signals:216 | 信号执行失败: LONG
2025-07-23 09:53:05 | INFO     | src.trading.executor:update_account_info:125 | 账户更新: 总值$100125.36, 买入力$280505.14
2025-07-23 09:53:05 | DEBUG    | src.bot.trading_bot:_update_market_data:184 | 市场数据更新完成
2025-07-23 09:53:07 | INFO     | src.strategy.signals:generate_signals:468 | 生成信号: LONG - VWAP多头突破: 偏离0.21%, MACD转正
2025-07-23 09:53:07 | INFO     | src.bot.trading_bot:_check_signals:202 | 检测到信号: LONG 置信度: 0.85 原因: VWAP多头突破: 偏离0.21%, MACD转正
2025-07-23 09:53:07 | INFO     | src.utils.notifications:send_message:63 | [GENERAL] 📡 交易信号
类型: LONG
强度: MEDIUM
置信度: 0.85
价格: $631.49
原因: VWAP多头突破: 偏离0.21%, MACD转正
2025-07-23 09:53:07 | INFO     | src.data.market_data:find_suitable_options:435 | 当前SPY价格: $631.90, 选择CALL期权行权价: $631
2025-07-23 09:53:07 | DEBUG    | src.data.market_data:_generate_option_symbol:470 | 生成期权代码: SPY250723C00631000 (行权价$631, 类型CALL)
2025-07-23 09:53:08 | INFO     | src.data.market_data:find_suitable_options:444 | 成功获取期权SPY250723C00631000的报价数据
2025-07-23 09:53:08 | INFO     | src.trading.executor:find_best_option:185 | 选择期权: SPY250723C00631000, 行权价$631, Bid=$1.39, Ask=$1.40, Delta=0.000
2025-07-23 09:53:08 | INFO     | src.trading.executor:calculate_position_size:156 | 计算头寸大小: 期权价格$1.40, 最大风险$851.07, 合约数量6, 最大限制10张
2025-07-23 09:53:08 | INFO     | src.trading.executor:execute_trade:238 | 主订单已提交: 54e5d50a-7c66-4796-911f-03ef5bfd3daf SPY250723C00631000 买入6张 @$1.40
2025-07-23 09:53:09 | INFO     | src.trading.executor:execute_trade:248 | 主订单已成交: 54e5d50a-7c66-4796-911f-03ef5bfd3daf
2025-07-23 09:53:09 | ERROR    | src.trading.executor:execute_trade:320 | 提交主订单失败: 'TradingClient' object has no attribute 'get_order_fills'
2025-07-23 09:53:09 | WARNING  | src.bot.trading_bot:_check_signals:216 | 信号执行失败: LONG
2025-07-23 09:53:10 | INFO     | src.trading.executor:update_account_info:125 | 账户更新: 总值$100322.24, 买入力$277193.02
2025-07-23 09:53:10 | DEBUG    | src.bot.trading_bot:_update_market_data:184 | 市场数据更新完成
2025-07-23 09:53:12 | INFO     | src.strategy.signals:generate_signals:468 | 生成信号: LONG - VWAP多头突破: 偏离0.21%, MACD转正
2025-07-23 09:53:12 | INFO     | src.bot.trading_bot:_check_signals:202 | 检测到信号: LONG 置信度: 0.85 原因: VWAP多头突破: 偏离0.21%, MACD转正
2025-07-23 09:53:12 | INFO     | src.utils.notifications:send_message:63 | [GENERAL] 📡 交易信号
类型: LONG
强度: MEDIUM
置信度: 0.85
价格: $631.49
原因: VWAP多头突破: 偏离0.21%, MACD转正
2025-07-23 09:53:12 | INFO     | src.data.market_data:find_suitable_options:435 | 当前SPY价格: $631.90, 选择CALL期权行权价: $631
2025-07-23 09:53:12 | DEBUG    | src.data.market_data:_generate_option_symbol:470 | 生成期权代码: SPY250723C00631000 (行权价$631, 类型CALL)
2025-07-23 09:53:12 | INFO     | src.data.market_data:find_suitable_options:444 | 成功获取期权SPY250723C00631000的报价数据
2025-07-23 09:53:12 | INFO     | src.trading.executor:find_best_option:185 | 选择期权: SPY250723C00631000, 行权价$631, Bid=$1.34, Ask=$1.40, Delta=0.000
2025-07-23 09:53:13 | INFO     | src.trading.executor:calculate_position_size:156 | 计算头寸大小: 期权价格$1.37, 最大风险$852.74, 合约数量6, 最大限制10张
2025-07-23 09:53:13 | INFO     | src.trading.executor:execute_trade:238 | 主订单已提交: 2d3563ae-dc26-4bf9-bb7c-bb58064235bf SPY250723C00631000 买入6张 @$1.37
2025-07-23 09:53:14 | INFO     | src.trading.executor:execute_trade:248 | 主订单已成交: 2d3563ae-dc26-4bf9-bb7c-bb58064235bf
2025-07-23 09:53:14 | ERROR    | src.trading.executor:execute_trade:320 | 提交主订单失败: 'TradingClient' object has no attribute 'get_order_fills'
2025-07-23 09:53:14 | WARNING  | src.bot.trading_bot:_check_signals:216 | 信号执行失败: LONG
2025-07-23 09:53:14 | INFO     | src.trading.executor:update_account_info:125 | 账户更新: 总值$100107.12, 买入力$273904.90
2025-07-23 09:53:14 | DEBUG    | src.bot.trading_bot:_update_market_data:184 | 市场数据更新完成
2025-07-23 09:53:17 | INFO     | src.strategy.signals:generate_signals:468 | 生成信号: LONG - VWAP多头突破: 偏离0.21%, MACD转正
2025-07-23 09:53:17 | INFO     | src.bot.trading_bot:_check_signals:202 | 检测到信号: LONG 置信度: 0.85 原因: VWAP多头突破: 偏离0.21%, MACD转正
2025-07-23 09:53:17 | INFO     | src.utils.notifications:send_message:63 | [GENERAL] 📡 交易信号
类型: LONG
强度: MEDIUM
置信度: 0.85
价格: $631.49
原因: VWAP多头突破: 偏离0.21%, MACD转正
2025-07-23 09:53:17 | INFO     | src.data.market_data:find_suitable_options:435 | 当前SPY价格: $631.90, 选择CALL期权行权价: $631
2025-07-23 09:53:17 | DEBUG    | src.data.market_data:_generate_option_symbol:470 | 生成期权代码: SPY250723C00631000 (行权价$631, 类型CALL)
2025-07-23 09:53:17 | INFO     | src.data.market_data:find_suitable_options:444 | 成功获取期权SPY250723C00631000的报价数据
2025-07-23 09:53:17 | INFO     | src.trading.executor:find_best_option:185 | 选择期权: SPY250723C00631000, 行权价$631, Bid=$1.33, Ask=$1.39, Delta=0.000
2025-07-23 09:53:18 | INFO     | src.trading.executor:calculate_position_size:156 | 计算头寸大小: 期权价格$1.36, 最大风险$850.91, 合约数量6, 最大限制10张
2025-07-23 09:53:18 | INFO     | src.trading.executor:execute_trade:238 | 主订单已提交: d00683f7-2701-4949-b35c-874ec7cbfbfa SPY250723C00631000 买入6张 @$1.36
2025-07-23 09:53:19 | INFO     | src.trading.executor:execute_trade:248 | 主订单已成交: d00683f7-2701-4949-b35c-874ec7cbfbfa
2025-07-23 09:53:19 | ERROR    | src.trading.executor:execute_trade:320 | 提交主订单失败: 'TradingClient' object has no attribute 'get_order_fills'
2025-07-23 09:53:19 | WARNING  | src.bot.trading_bot:_check_signals:216 | 信号执行失败: LONG
2025-07-23 09:53:19 | INFO     | src.trading.executor:update_account_info:125 | 账户更新: 总值$99886.00, 买入力$270640.78
2025-07-23 09:53:19 | DEBUG    | src.bot.trading_bot:_update_market_data:184 | 市场数据更新完成
2025-07-23 09:53:22 | INFO     | src.strategy.signals:generate_signals:468 | 生成信号: LONG - VWAP多头突破: 偏离0.21%, MACD转正
2025-07-23 09:53:22 | INFO     | src.bot.trading_bot:_check_signals:202 | 检测到信号: LONG 置信度: 0.85 原因: VWAP多头突破: 偏离0.21%, MACD转正
2025-07-23 09:53:22 | INFO     | src.utils.notifications:send_message:63 | [GENERAL] 📡 交易信号
类型: LONG
强度: MEDIUM
置信度: 0.85
价格: $631.49
原因: VWAP多头突破: 偏离0.21%, MACD转正
2025-07-23 09:53:22 | INFO     | src.data.market_data:find_suitable_options:435 | 当前SPY价格: $631.90, 选择CALL期权行权价: $631
2025-07-23 09:53:22 | DEBUG    | src.data.market_data:_generate_option_symbol:470 | 生成期权代码: SPY250723C00631000 (行权价$631, 类型CALL)
2025-07-23 09:53:22 | INFO     | src.data.market_data:find_suitable_options:444 | 成功获取期权SPY250723C00631000的报价数据
2025-07-23 09:53:22 | INFO     | src.trading.executor:find_best_option:185 | 选择期权: SPY250723C00631000, 行权价$631, Bid=$1.37, Ask=$1.39, Delta=0.000
2025-07-23 09:53:23 | INFO     | src.trading.executor:calculate_position_size:156 | 计算头寸大小: 期权价格$1.38, 最大风险$849.03, 合约数量6, 最大限制10张
2025-07-23 09:53:23 | INFO     | src.trading.executor:execute_trade:238 | 主订单已提交: 887cf63b-02b7-4306-a649-24161239502d SPY250723C00631000 买入6张 @$1.38
2025-07-23 09:53:24 | INFO     | src.trading.executor:execute_trade:248 | 主订单已成交: 887cf63b-02b7-4306-a649-24161239502d
2025-07-23 09:53:24 | ERROR    | src.trading.executor:execute_trade:320 | 提交主订单失败: 'TradingClient' object has no attribute 'get_order_fills'
2025-07-23 09:53:24 | WARNING  | src.bot.trading_bot:_check_signals:216 | 信号执行失败: LONG
2025-07-23 09:53:24 | INFO     | src.trading.executor:update_account_info:125 | 账户更新: 总值$98935.64, 买入力$267376.74
2025-07-23 09:53:24 | DEBUG    | src.bot.trading_bot:_update_market_data:184 | 市场数据更新完成
2025-07-23 09:53:26 | INFO     | __main__:signal_handler:86 | 收到退出信号: SIGINT
2025-07-23 09:53:26 | INFO     | __main__:signal_handler:87 | 🛑 立即停止所有非必要操作，开始优雅退出...
2025-07-23 09:53:26 | INFO     | __main__:signal_handler:92 | ✅ 主循环已停止
2025-07-23 09:53:26 | INFO     | src.bot.trading_bot:stop:619 | 开始优雅停止交易机器人...
2025-07-23 09:53:26 | INFO     | src.bot.trading_bot:stop:628 | 第1步: 关闭所有持仓
2025-07-23 09:53:26 | INFO     | src.bot.trading_bot:stop:638 | 没有检测到持仓
2025-07-23 09:53:29 | INFO     | src.bot.trading_bot:stop:648 | 第2步: 验证所有持仓是否已关闭
2025-07-23 09:53:29 | INFO     | src.trading.executor:verify_positions_closed:772 | 正在验证持仓状态...
2025-07-23 09:53:29 | WARNING  | src.trading.executor:verify_positions_closed:785 | Alpaca账户仍有 1 个期权持仓:
2025-07-23 09:53:29 | WARNING  | src.trading.executor:verify_positions_closed:787 |   SPY250723C00631000: 239张
2025-07-23 09:53:29 | WARNING  | src.bot.trading_bot:stop:658 | 持仓验证失败，3秒后重试... (尝试 1/3)
2025-07-23 09:53:32 | INFO     | src.trading.executor:verify_positions_closed:772 | 正在验证持仓状态...
2025-07-23 09:53:32 | WARNING  | src.trading.executor:verify_positions_closed:785 | Alpaca账户仍有 1 个期权持仓:
2025-07-23 09:53:32 | WARNING  | src.trading.executor:verify_positions_closed:787 |   SPY250723C00631000: 239张
2025-07-23 09:53:32 | WARNING  | src.bot.trading_bot:stop:658 | 持仓验证失败，3秒后重试... (尝试 2/3)
2025-07-23 09:53:35 | INFO     | src.trading.executor:verify_positions_closed:772 | 正在验证持仓状态...
2025-07-23 09:53:35 | WARNING  | src.trading.executor:verify_positions_closed:785 | Alpaca账户仍有 1 个期权持仓:
2025-07-23 09:53:35 | WARNING  | src.trading.executor:verify_positions_closed:787 |   SPY250723C00631000: 239张
2025-07-23 09:53:35 | ERROR    | src.bot.trading_bot:stop:662 | ❌ 持仓关闭验证失败，请手动检查
2025-07-23 09:53:35 | INFO     | src.bot.trading_bot:stop:669 | 第3步: 取消所有开放订单
2025-07-23 09:53:35 | INFO     | src.trading.executor:cancel_all_open_orders:713 | 正在查询所有开放订单...
2025-07-23 09:53:35 | INFO     | src.trading.executor:cancel_all_open_orders:729 | 发现 1 个开放订单，正在取消...
2025-07-23 09:53:35 | INFO     | src.trading.executor:cancel_all_open_orders:739 | 已取消订单: SPY250723C00631000 buy 6张
2025-07-23 09:53:35 | INFO     | src.trading.executor:cancel_all_open_orders:745 | 订单取消完成: 成功1个, 失败0个
2025-07-23 09:53:36 | INFO     | src.trading.executor:cancel_all_open_orders:762 | 所有开放订单已成功取消
2025-07-23 09:53:38 | INFO     | src.bot.trading_bot:stop:682 | 第4步: 验证所有订单是否已取消
2025-07-23 09:53:38 | INFO     | src.trading.executor:verify_orders_cancelled:802 | 正在验证订单状态...
2025-07-23 09:53:38 | INFO     | src.trading.executor:verify_orders_cancelled:820 | 所有订单已确认取消
2025-07-23 09:53:38 | INFO     | src.bot.trading_bot:stop:687 | ✅ 所有订单已确认取消
2025-07-23 09:53:38 | INFO     | src.utils.notifications:send_message:63 | [GENERAL] 🛑 交易机器人已优雅停止
最终盈亏: $0.00
总交易次数: 0
运行时间: 0:03:38.349994
剩余持仓: 0 个
停止状态: 优雅停止完成
2025-07-23 09:53:38 | INFO     | src.bot.trading_bot:stop:724 | 🎯 交易机器人优雅停止完成
2025-07-23 09:53:38 | INFO     | __main__:main:143 | 程序结束
2025-07-23 10:06:17 | INFO     | src.utils.logger_setup:setup_logger:68 | 日志系统初始化完成
2025-07-23 10:06:17 | INFO     | __main__:main:59 | ============================================================
2025-07-23 10:06:17 | INFO     | __main__:main:60 | EOD期权交易机器人启动
2025-07-23 10:06:17 | INFO     | __main__:main:61 | ============================================================
2025-07-23 10:06:17 | INFO     | __main__:main:62 | 运行模式: test
2025-07-23 10:06:17 | INFO     | __main__:main:63 | 日志级别: INFO
2025-07-23 10:06:17 | INFO     | __main__:main:64 | 干运行模式: False
2025-07-23 10:06:17 | INFO     | __main__:main:65 | 快速退出模式: False
2025-07-23 10:06:17 | INFO     | __main__:main:66 | 交易标的: SPY
2025-07-23 10:06:17 | INFO     | __main__:main:67 | API地址: https://paper-api.alpaca.markets
2025-07-23 10:06:17 | INFO     | src.utils.logger_setup:setup_logger:68 | 日志系统初始化完成
2025-07-23 10:06:17 | INFO     | src.trading.executor:update_account_info:125 | 账户更新: 总值$98930.86, 买入力$401576.12
2025-07-23 10:06:17 | INFO     | src.trading.executor:sync_existing_positions:933 | 正在同步Alpaca账户现有持仓...
2025-07-23 10:06:17 | INFO     | src.trading.executor:sync_existing_positions:1018 | 持仓同步完成: 总共同步了 0 个期权持仓
2025-07-23 10:06:17 | INFO     | src.utils.notifications:__init__:39 | 通知管理器初始化完成（简化模式）
2025-07-23 10:06:17 | INFO     | __main__:main:118 | 正在启动交易机器人...
2025-07-23 10:06:17 | INFO     | __main__:main:119 | 按 Ctrl+C 可触发优雅退出
2025-07-23 10:06:17 | INFO     | src.bot.trading_bot:start:66 | 启动末日期权交易机器人
2025-07-23 10:06:17 | INFO     | src.utils.notifications:send_message:63 | [GENERAL] 🚀 EOD期权交易机器人已启动
标的: SPY
账户资金: $98,930.86
最大日风险: $1,978.62
交易时间: 09:30 - 15:50
2025-07-23 10:06:17 | INFO     | src.bot.trading_bot:_setup_schedule:121 | 📊 监控频率设置: 持仓检查=3秒, 市场数据=3秒, 信号检查=3秒
2025-07-23 10:06:20 | INFO     | src.trading.executor:update_account_info:125 | 账户更新: 总值$98930.86, 买入力$401576.12
2025-07-23 10:06:20 | DEBUG    | src.bot.trading_bot:_update_market_data:184 | 市场数据更新完成
2025-07-23 10:06:24 | INFO     | src.trading.executor:update_account_info:125 | 账户更新: 总值$98930.86, 买入力$401576.12
2025-07-23 10:06:24 | DEBUG    | src.bot.trading_bot:_update_market_data:184 | 市场数据更新完成
2025-07-23 10:06:27 | INFO     | src.trading.executor:update_account_info:125 | 账户更新: 总值$98930.86, 买入力$401576.12
2025-07-23 10:06:27 | DEBUG    | src.bot.trading_bot:_update_market_data:184 | 市场数据更新完成
2025-07-23 10:06:30 | INFO     | src.trading.executor:update_account_info:125 | 账户更新: 总值$98930.86, 买入力$401576.12
2025-07-23 10:06:30 | DEBUG    | src.bot.trading_bot:_update_market_data:184 | 市场数据更新完成
2025-07-23 10:06:33 | INFO     | src.trading.executor:update_account_info:125 | 账户更新: 总值$98930.86, 买入力$401576.12
2025-07-23 10:06:33 | DEBUG    | src.bot.trading_bot:_update_market_data:184 | 市场数据更新完成
2025-07-23 10:06:36 | INFO     | src.trading.executor:update_account_info:125 | 账户更新: 总值$98930.86, 买入力$401576.12
2025-07-23 10:06:36 | DEBUG    | src.bot.trading_bot:_update_market_data:184 | 市场数据更新完成
2025-07-23 10:06:40 | INFO     | src.trading.executor:update_account_info:125 | 账户更新: 总值$98930.86, 买入力$401576.12
2025-07-23 10:06:40 | DEBUG    | src.bot.trading_bot:_update_market_data:184 | 市场数据更新完成
2025-07-23 10:06:43 | INFO     | src.trading.executor:update_account_info:125 | 账户更新: 总值$98930.86, 买入力$401576.12
2025-07-23 10:06:43 | DEBUG    | src.bot.trading_bot:_update_market_data:184 | 市场数据更新完成
2025-07-23 10:06:46 | INFO     | src.trading.executor:update_account_info:125 | 账户更新: 总值$98930.86, 买入力$401576.12
2025-07-23 10:06:46 | DEBUG    | src.bot.trading_bot:_update_market_data:184 | 市场数据更新完成
2025-07-23 10:06:50 | INFO     | src.trading.executor:update_account_info:125 | 账户更新: 总值$98930.86, 买入力$401576.12
2025-07-23 10:06:50 | DEBUG    | src.bot.trading_bot:_update_market_data:184 | 市场数据更新完成
2025-07-23 10:06:53 | INFO     | src.trading.executor:update_account_info:125 | 账户更新: 总值$98930.86, 买入力$401576.12
2025-07-23 10:06:53 | DEBUG    | src.bot.trading_bot:_update_market_data:184 | 市场数据更新完成
2025-07-23 10:06:56 | INFO     | src.trading.executor:update_account_info:125 | 账户更新: 总值$98930.86, 买入力$401576.12
2025-07-23 10:06:56 | DEBUG    | src.bot.trading_bot:_update_market_data:184 | 市场数据更新完成
2025-07-23 10:07:00 | INFO     | src.trading.executor:update_account_info:125 | 账户更新: 总值$98930.86, 买入力$401576.12
2025-07-23 10:07:00 | DEBUG    | src.bot.trading_bot:_update_market_data:184 | 市场数据更新完成
2025-07-23 10:07:03 | INFO     | src.trading.executor:update_account_info:125 | 账户更新: 总值$98930.86, 买入力$401576.12
2025-07-23 10:07:03 | DEBUG    | src.bot.trading_bot:_update_market_data:184 | 市场数据更新完成
2025-07-23 10:07:06 | INFO     | src.trading.executor:update_account_info:125 | 账户更新: 总值$98930.86, 买入力$401576.12
2025-07-23 10:07:06 | DEBUG    | src.bot.trading_bot:_update_market_data:184 | 市场数据更新完成
2025-07-23 10:07:09 | INFO     | src.trading.executor:update_account_info:125 | 账户更新: 总值$98930.86, 买入力$401576.12
2025-07-23 10:07:09 | DEBUG    | src.bot.trading_bot:_update_market_data:184 | 市场数据更新完成
2025-07-23 10:07:12 | INFO     | src.trading.executor:update_account_info:125 | 账户更新: 总值$98930.86, 买入力$401576.12
2025-07-23 10:07:12 | DEBUG    | src.bot.trading_bot:_update_market_data:184 | 市场数据更新完成
2025-07-23 10:07:16 | INFO     | src.trading.executor:update_account_info:125 | 账户更新: 总值$98930.86, 买入力$401576.12
2025-07-23 10:07:16 | DEBUG    | src.bot.trading_bot:_update_market_data:184 | 市场数据更新完成
2025-07-23 10:07:18 | DEBUG    | src.bot.trading_bot:_update_positions_normal:259 | 📊 常规头寸更新完成
2025-07-23 10:07:19 | INFO     | src.trading.executor:update_account_info:125 | 账户更新: 总值$98930.86, 买入力$401576.12
2025-07-23 10:07:19 | DEBUG    | src.bot.trading_bot:_update_market_data:184 | 市场数据更新完成
2025-07-23 10:07:22 | INFO     | src.trading.executor:update_account_info:125 | 账户更新: 总值$98930.86, 买入力$401576.12
2025-07-23 10:07:22 | DEBUG    | src.bot.trading_bot:_update_market_data:184 | 市场数据更新完成
2025-07-23 10:07:25 | INFO     | src.trading.executor:update_account_info:125 | 账户更新: 总值$98930.86, 买入力$401576.12
2025-07-23 10:07:25 | DEBUG    | src.bot.trading_bot:_update_market_data:184 | 市场数据更新完成
2025-07-23 10:07:29 | INFO     | src.trading.executor:update_account_info:125 | 账户更新: 总值$98930.86, 买入力$401576.12
2025-07-23 10:07:29 | DEBUG    | src.bot.trading_bot:_update_market_data:184 | 市场数据更新完成
2025-07-23 10:07:32 | INFO     | src.trading.executor:update_account_info:125 | 账户更新: 总值$98930.86, 买入力$401576.12
2025-07-23 10:07:32 | DEBUG    | src.bot.trading_bot:_update_market_data:184 | 市场数据更新完成
2025-07-23 10:07:35 | INFO     | src.trading.executor:update_account_info:125 | 账户更新: 总值$98930.86, 买入力$401576.12
2025-07-23 10:07:35 | DEBUG    | src.bot.trading_bot:_update_market_data:184 | 市场数据更新完成
2025-07-23 10:07:38 | INFO     | src.trading.executor:update_account_info:125 | 账户更新: 总值$98930.86, 买入力$401576.12
2025-07-23 10:07:38 | DEBUG    | src.bot.trading_bot:_update_market_data:184 | 市场数据更新完成
2025-07-23 10:07:41 | INFO     | src.trading.executor:update_account_info:125 | 账户更新: 总值$98930.86, 买入力$401576.12
2025-07-23 10:07:41 | DEBUG    | src.bot.trading_bot:_update_market_data:184 | 市场数据更新完成
2025-07-23 10:07:45 | INFO     | src.trading.executor:update_account_info:125 | 账户更新: 总值$98930.86, 买入力$401576.12
2025-07-23 10:07:45 | DEBUG    | src.bot.trading_bot:_update_market_data:184 | 市场数据更新完成
2025-07-23 10:07:48 | INFO     | src.trading.executor:update_account_info:125 | 账户更新: 总值$98930.86, 买入力$401576.12
2025-07-23 10:07:48 | DEBUG    | src.bot.trading_bot:_update_market_data:184 | 市场数据更新完成
2025-07-23 10:07:51 | INFO     | src.trading.executor:update_account_info:125 | 账户更新: 总值$98930.86, 买入力$401576.12
2025-07-23 10:07:51 | DEBUG    | src.bot.trading_bot:_update_market_data:184 | 市场数据更新完成
2025-07-23 10:07:55 | INFO     | src.trading.executor:update_account_info:125 | 账户更新: 总值$98930.86, 买入力$401576.12
2025-07-23 10:07:55 | DEBUG    | src.bot.trading_bot:_update_market_data:184 | 市场数据更新完成
2025-07-23 10:07:58 | INFO     | src.trading.executor:update_account_info:125 | 账户更新: 总值$98930.86, 买入力$401576.12
2025-07-23 10:07:58 | DEBUG    | src.bot.trading_bot:_update_market_data:184 | 市场数据更新完成
2025-07-23 10:08:01 | INFO     | src.trading.executor:update_account_info:125 | 账户更新: 总值$98930.86, 买入力$401576.12
2025-07-23 10:08:01 | DEBUG    | src.bot.trading_bot:_update_market_data:184 | 市场数据更新完成
2025-07-23 10:08:04 | INFO     | src.trading.executor:update_account_info:125 | 账户更新: 总值$98930.86, 买入力$401576.12
2025-07-23 10:08:04 | DEBUG    | src.bot.trading_bot:_update_market_data:184 | 市场数据更新完成
2025-07-23 10:08:08 | INFO     | src.trading.executor:update_account_info:125 | 账户更新: 总值$98930.86, 买入力$401576.12
2025-07-23 10:08:08 | DEBUG    | src.bot.trading_bot:_update_market_data:184 | 市场数据更新完成
2025-07-23 10:08:11 | INFO     | src.trading.executor:update_account_info:125 | 账户更新: 总值$98930.86, 买入力$401576.12
2025-07-23 10:08:11 | DEBUG    | src.bot.trading_bot:_update_market_data:184 | 市场数据更新完成
2025-07-23 10:08:14 | INFO     | src.trading.executor:update_account_info:125 | 账户更新: 总值$98930.86, 买入力$401576.12
2025-07-23 10:08:14 | DEBUG    | src.bot.trading_bot:_update_market_data:184 | 市场数据更新完成
2025-07-23 10:08:17 | INFO     | src.trading.executor:update_account_info:125 | 账户更新: 总值$98930.86, 买入力$401576.12
2025-07-23 10:08:17 | DEBUG    | src.bot.trading_bot:_update_market_data:184 | 市场数据更新完成
2025-07-23 10:08:18 | DEBUG    | src.bot.trading_bot:_update_positions_normal:259 | 📊 常规头寸更新完成
2025-07-23 10:08:20 | INFO     | src.trading.executor:update_account_info:125 | 账户更新: 总值$98930.86, 买入力$401576.12
2025-07-23 10:08:20 | DEBUG    | src.bot.trading_bot:_update_market_data:184 | 市场数据更新完成
2025-07-23 10:08:24 | INFO     | src.trading.executor:update_account_info:125 | 账户更新: 总值$98930.86, 买入力$401576.12
2025-07-23 10:08:24 | DEBUG    | src.bot.trading_bot:_update_market_data:184 | 市场数据更新完成
2025-07-23 10:08:27 | INFO     | src.trading.executor:update_account_info:125 | 账户更新: 总值$98930.86, 买入力$401576.12
2025-07-23 10:08:27 | DEBUG    | src.bot.trading_bot:_update_market_data:184 | 市场数据更新完成
2025-07-23 10:08:30 | INFO     | src.trading.executor:update_account_info:125 | 账户更新: 总值$98930.86, 买入力$401576.12
2025-07-23 10:08:30 | DEBUG    | src.bot.trading_bot:_update_market_data:184 | 市场数据更新完成
2025-07-23 10:08:33 | INFO     | src.trading.executor:update_account_info:125 | 账户更新: 总值$98930.86, 买入力$401576.12
2025-07-23 10:08:33 | DEBUG    | src.bot.trading_bot:_update_market_data:184 | 市场数据更新完成
2025-07-23 10:08:37 | INFO     | src.trading.executor:update_account_info:125 | 账户更新: 总值$98930.86, 买入力$401576.12
2025-07-23 10:08:37 | DEBUG    | src.bot.trading_bot:_update_market_data:184 | 市场数据更新完成
2025-07-23 10:08:40 | INFO     | src.trading.executor:update_account_info:125 | 账户更新: 总值$98930.86, 买入力$401576.12
2025-07-23 10:08:40 | DEBUG    | src.bot.trading_bot:_update_market_data:184 | 市场数据更新完成
2025-07-23 10:08:43 | INFO     | src.trading.executor:update_account_info:125 | 账户更新: 总值$98930.86, 买入力$401576.12
2025-07-23 10:08:43 | DEBUG    | src.bot.trading_bot:_update_market_data:184 | 市场数据更新完成
2025-07-23 10:08:46 | INFO     | src.trading.executor:update_account_info:125 | 账户更新: 总值$98930.86, 买入力$401576.12
2025-07-23 10:08:46 | DEBUG    | src.bot.trading_bot:_update_market_data:184 | 市场数据更新完成
2025-07-23 10:08:49 | INFO     | src.trading.executor:update_account_info:125 | 账户更新: 总值$98930.86, 买入力$401576.12
2025-07-23 10:08:49 | DEBUG    | src.bot.trading_bot:_update_market_data:184 | 市场数据更新完成
2025-07-23 10:08:53 | INFO     | src.trading.executor:update_account_info:125 | 账户更新: 总值$98930.86, 买入力$401576.12
2025-07-23 10:08:53 | DEBUG    | src.bot.trading_bot:_update_market_data:184 | 市场数据更新完成
2025-07-23 10:08:56 | INFO     | src.trading.executor:update_account_info:125 | 账户更新: 总值$98930.86, 买入力$401576.12
2025-07-23 10:08:56 | DEBUG    | src.bot.trading_bot:_update_market_data:184 | 市场数据更新完成
2025-07-23 10:08:59 | INFO     | src.trading.executor:update_account_info:125 | 账户更新: 总值$98930.86, 买入力$401576.12
2025-07-23 10:08:59 | DEBUG    | src.bot.trading_bot:_update_market_data:184 | 市场数据更新完成
2025-07-23 10:09:02 | INFO     | src.trading.executor:update_account_info:125 | 账户更新: 总值$98930.86, 买入力$401576.12
2025-07-23 10:09:02 | DEBUG    | src.bot.trading_bot:_update_market_data:184 | 市场数据更新完成
2025-07-23 10:09:06 | INFO     | src.trading.executor:update_account_info:125 | 账户更新: 总值$98930.86, 买入力$401576.12
2025-07-23 10:09:06 | DEBUG    | src.bot.trading_bot:_update_market_data:184 | 市场数据更新完成
2025-07-23 10:09:09 | INFO     | src.trading.executor:update_account_info:125 | 账户更新: 总值$98930.86, 买入力$401576.12
2025-07-23 10:09:09 | DEBUG    | src.bot.trading_bot:_update_market_data:184 | 市场数据更新完成
2025-07-23 10:09:12 | INFO     | src.trading.executor:update_account_info:125 | 账户更新: 总值$98930.86, 买入力$401576.12
2025-07-23 10:09:12 | DEBUG    | src.bot.trading_bot:_update_market_data:184 | 市场数据更新完成
2025-07-23 10:09:15 | INFO     | src.trading.executor:update_account_info:125 | 账户更新: 总值$98930.86, 买入力$401576.12
2025-07-23 10:09:15 | DEBUG    | src.bot.trading_bot:_update_market_data:184 | 市场数据更新完成
2025-07-23 10:09:18 | INFO     | src.trading.executor:update_account_info:125 | 账户更新: 总值$98930.86, 买入力$401576.12
2025-07-23 10:09:18 | DEBUG    | src.bot.trading_bot:_update_market_data:184 | 市场数据更新完成
2025-07-23 10:09:18 | DEBUG    | src.bot.trading_bot:_update_positions_normal:259 | 📊 常规头寸更新完成
2025-07-23 10:09:22 | INFO     | src.trading.executor:update_account_info:125 | 账户更新: 总值$98930.86, 买入力$401576.12
2025-07-23 10:09:22 | DEBUG    | src.bot.trading_bot:_update_market_data:184 | 市场数据更新完成
2025-07-23 10:09:25 | INFO     | src.trading.executor:update_account_info:125 | 账户更新: 总值$98930.86, 买入力$401576.12
2025-07-23 10:09:25 | DEBUG    | src.bot.trading_bot:_update_market_data:184 | 市场数据更新完成
2025-07-23 10:09:28 | INFO     | src.trading.executor:update_account_info:125 | 账户更新: 总值$98930.86, 买入力$401576.12
2025-07-23 10:09:28 | DEBUG    | src.bot.trading_bot:_update_market_data:184 | 市场数据更新完成
2025-07-23 10:09:31 | INFO     | src.trading.executor:update_account_info:125 | 账户更新: 总值$98930.86, 买入力$401576.12
2025-07-23 10:09:31 | DEBUG    | src.bot.trading_bot:_update_market_data:184 | 市场数据更新完成
2025-07-23 10:09:34 | INFO     | src.trading.executor:update_account_info:125 | 账户更新: 总值$98930.86, 买入力$401576.12
2025-07-23 10:09:34 | DEBUG    | src.bot.trading_bot:_update_market_data:184 | 市场数据更新完成
2025-07-23 10:09:38 | INFO     | src.trading.executor:update_account_info:125 | 账户更新: 总值$98930.86, 买入力$401576.12
2025-07-23 10:09:38 | DEBUG    | src.bot.trading_bot:_update_market_data:184 | 市场数据更新完成
2025-07-23 10:09:41 | INFO     | src.trading.executor:update_account_info:125 | 账户更新: 总值$98930.86, 买入力$401576.12
2025-07-23 10:09:41 | DEBUG    | src.bot.trading_bot:_update_market_data:184 | 市场数据更新完成
2025-07-23 10:09:44 | INFO     | src.trading.executor:update_account_info:125 | 账户更新: 总值$98930.86, 买入力$401576.12
2025-07-23 10:09:44 | DEBUG    | src.bot.trading_bot:_update_market_data:184 | 市场数据更新完成
2025-07-23 10:09:47 | INFO     | src.trading.executor:update_account_info:125 | 账户更新: 总值$98930.86, 买入力$401576.12
2025-07-23 10:09:47 | DEBUG    | src.bot.trading_bot:_update_market_data:184 | 市场数据更新完成
2025-07-23 10:09:51 | INFO     | src.trading.executor:update_account_info:125 | 账户更新: 总值$98930.86, 买入力$401576.12
2025-07-23 10:09:51 | DEBUG    | src.bot.trading_bot:_update_market_data:184 | 市场数据更新完成
2025-07-23 10:09:54 | INFO     | src.trading.executor:update_account_info:125 | 账户更新: 总值$98930.86, 买入力$401576.12
2025-07-23 10:09:54 | DEBUG    | src.bot.trading_bot:_update_market_data:184 | 市场数据更新完成
2025-07-23 10:09:57 | INFO     | src.trading.executor:update_account_info:125 | 账户更新: 总值$98930.86, 买入力$401576.12
2025-07-23 10:09:57 | DEBUG    | src.bot.trading_bot:_update_market_data:184 | 市场数据更新完成
2025-07-23 10:10:00 | INFO     | src.trading.executor:update_account_info:125 | 账户更新: 总值$98930.86, 买入力$401576.12
2025-07-23 10:10:00 | DEBUG    | src.bot.trading_bot:_update_market_data:184 | 市场数据更新完成
2025-07-23 10:10:03 | INFO     | src.trading.executor:update_account_info:125 | 账户更新: 总值$98930.86, 买入力$401576.12
2025-07-23 10:10:03 | DEBUG    | src.bot.trading_bot:_update_market_data:184 | 市场数据更新完成
2025-07-23 10:10:07 | INFO     | src.trading.executor:update_account_info:125 | 账户更新: 总值$98930.86, 买入力$401576.12
2025-07-23 10:10:07 | DEBUG    | src.bot.trading_bot:_update_market_data:184 | 市场数据更新完成
2025-07-23 10:10:10 | INFO     | src.trading.executor:update_account_info:125 | 账户更新: 总值$98930.86, 买入力$401576.12
2025-07-23 10:10:10 | DEBUG    | src.bot.trading_bot:_update_market_data:184 | 市场数据更新完成
2025-07-23 10:10:13 | INFO     | src.trading.executor:update_account_info:125 | 账户更新: 总值$98930.86, 买入力$401576.12
2025-07-23 10:10:13 | DEBUG    | src.bot.trading_bot:_update_market_data:184 | 市场数据更新完成
2025-07-23 10:10:16 | INFO     | src.trading.executor:update_account_info:125 | 账户更新: 总值$98930.86, 买入力$401576.12
2025-07-23 10:10:16 | DEBUG    | src.bot.trading_bot:_update_market_data:184 | 市场数据更新完成
2025-07-23 10:10:18 | DEBUG    | src.bot.trading_bot:_update_positions_normal:259 | 📊 常规头寸更新完成
2025-07-23 10:10:20 | INFO     | src.trading.executor:update_account_info:125 | 账户更新: 总值$98930.86, 买入力$401576.12
2025-07-23 10:10:20 | DEBUG    | src.bot.trading_bot:_update_market_data:184 | 市场数据更新完成
2025-07-23 10:10:23 | INFO     | src.trading.executor:update_account_info:125 | 账户更新: 总值$98930.86, 买入力$401576.12
2025-07-23 10:10:23 | DEBUG    | src.bot.trading_bot:_update_market_data:184 | 市场数据更新完成
2025-07-23 10:10:26 | INFO     | src.trading.executor:update_account_info:125 | 账户更新: 总值$98930.86, 买入力$401576.12
2025-07-23 10:10:26 | DEBUG    | src.bot.trading_bot:_update_market_data:184 | 市场数据更新完成
2025-07-23 10:10:29 | INFO     | src.trading.executor:update_account_info:125 | 账户更新: 总值$98930.86, 买入力$401576.12
2025-07-23 10:10:29 | DEBUG    | src.bot.trading_bot:_update_market_data:184 | 市场数据更新完成
2025-07-23 10:10:32 | INFO     | src.trading.executor:update_account_info:125 | 账户更新: 总值$98930.86, 买入力$401576.12
2025-07-23 10:10:32 | DEBUG    | src.bot.trading_bot:_update_market_data:184 | 市场数据更新完成
2025-07-23 10:10:36 | INFO     | src.trading.executor:update_account_info:125 | 账户更新: 总值$98930.86, 买入力$401576.12
2025-07-23 10:10:36 | DEBUG    | src.bot.trading_bot:_update_market_data:184 | 市场数据更新完成
2025-07-23 10:10:39 | INFO     | src.trading.executor:update_account_info:125 | 账户更新: 总值$98930.86, 买入力$401576.12
2025-07-23 10:10:39 | DEBUG    | src.bot.trading_bot:_update_market_data:184 | 市场数据更新完成
2025-07-23 10:10:42 | INFO     | src.trading.executor:update_account_info:125 | 账户更新: 总值$98930.86, 买入力$401576.12
2025-07-23 10:10:42 | DEBUG    | src.bot.trading_bot:_update_market_data:184 | 市场数据更新完成
2025-07-23 10:10:45 | INFO     | src.trading.executor:update_account_info:125 | 账户更新: 总值$98930.86, 买入力$401576.12
2025-07-23 10:10:45 | DEBUG    | src.bot.trading_bot:_update_market_data:184 | 市场数据更新完成
2025-07-23 10:10:49 | INFO     | src.trading.executor:update_account_info:125 | 账户更新: 总值$98930.86, 买入力$401576.12
2025-07-23 10:10:49 | DEBUG    | src.bot.trading_bot:_update_market_data:184 | 市场数据更新完成
2025-07-23 10:10:52 | INFO     | src.trading.executor:update_account_info:125 | 账户更新: 总值$98930.86, 买入力$401576.12
2025-07-23 10:10:52 | DEBUG    | src.bot.trading_bot:_update_market_data:184 | 市场数据更新完成
2025-07-23 10:10:55 | INFO     | src.trading.executor:update_account_info:125 | 账户更新: 总值$98930.86, 买入力$401576.12
2025-07-23 10:10:55 | DEBUG    | src.bot.trading_bot:_update_market_data:184 | 市场数据更新完成
2025-07-23 10:10:58 | INFO     | src.trading.executor:update_account_info:125 | 账户更新: 总值$98930.86, 买入力$401576.12
2025-07-23 10:10:58 | DEBUG    | src.bot.trading_bot:_update_market_data:184 | 市场数据更新完成
2025-07-23 10:11:01 | INFO     | src.trading.executor:update_account_info:125 | 账户更新: 总值$98930.86, 买入力$401576.12
2025-07-23 10:11:01 | DEBUG    | src.bot.trading_bot:_update_market_data:184 | 市场数据更新完成
2025-07-23 10:11:05 | INFO     | src.trading.executor:update_account_info:125 | 账户更新: 总值$98930.86, 买入力$401576.12
2025-07-23 10:11:05 | DEBUG    | src.bot.trading_bot:_update_market_data:184 | 市场数据更新完成
2025-07-23 10:11:08 | INFO     | src.trading.executor:update_account_info:125 | 账户更新: 总值$98930.86, 买入力$401576.12
2025-07-23 10:11:08 | DEBUG    | src.bot.trading_bot:_update_market_data:184 | 市场数据更新完成
2025-07-23 10:11:11 | INFO     | src.trading.executor:update_account_info:125 | 账户更新: 总值$98930.86, 买入力$401576.12
2025-07-23 10:11:11 | DEBUG    | src.bot.trading_bot:_update_market_data:184 | 市场数据更新完成
2025-07-23 10:11:14 | INFO     | src.trading.executor:update_account_info:125 | 账户更新: 总值$98930.86, 买入力$401576.12
2025-07-23 10:11:14 | DEBUG    | src.bot.trading_bot:_update_market_data:184 | 市场数据更新完成
2025-07-23 10:11:18 | INFO     | src.trading.executor:update_account_info:125 | 账户更新: 总值$98930.86, 买入力$401576.12
2025-07-23 10:11:18 | DEBUG    | src.bot.trading_bot:_update_market_data:184 | 市场数据更新完成
2025-07-23 10:11:19 | DEBUG    | src.bot.trading_bot:_update_positions_normal:259 | 📊 常规头寸更新完成
2025-07-23 10:11:21 | INFO     | src.trading.executor:update_account_info:125 | 账户更新: 总值$98930.86, 买入力$401576.12
2025-07-23 10:11:21 | DEBUG    | src.bot.trading_bot:_update_market_data:184 | 市场数据更新完成
2025-07-23 10:11:24 | INFO     | src.trading.executor:update_account_info:125 | 账户更新: 总值$98930.86, 买入力$401576.12
2025-07-23 10:11:24 | DEBUG    | src.bot.trading_bot:_update_market_data:184 | 市场数据更新完成
2025-07-23 10:11:27 | INFO     | src.trading.executor:update_account_info:125 | 账户更新: 总值$98930.86, 买入力$401576.12
2025-07-23 10:11:27 | DEBUG    | src.bot.trading_bot:_update_market_data:184 | 市场数据更新完成
2025-07-23 10:11:30 | INFO     | src.trading.executor:update_account_info:125 | 账户更新: 总值$98930.86, 买入力$401576.12
2025-07-23 10:11:30 | DEBUG    | src.bot.trading_bot:_update_market_data:184 | 市场数据更新完成
2025-07-23 10:11:34 | INFO     | src.trading.executor:update_account_info:125 | 账户更新: 总值$98930.86, 买入力$401576.12
2025-07-23 10:11:34 | DEBUG    | src.bot.trading_bot:_update_market_data:184 | 市场数据更新完成
2025-07-23 10:11:37 | INFO     | src.trading.executor:update_account_info:125 | 账户更新: 总值$98930.86, 买入力$401576.12
2025-07-23 10:11:37 | DEBUG    | src.bot.trading_bot:_update_market_data:184 | 市场数据更新完成
2025-07-23 10:11:40 | INFO     | src.trading.executor:update_account_info:125 | 账户更新: 总值$98930.86, 买入力$401576.12
2025-07-23 10:11:40 | DEBUG    | src.bot.trading_bot:_update_market_data:184 | 市场数据更新完成
2025-07-23 10:11:43 | INFO     | src.trading.executor:update_account_info:125 | 账户更新: 总值$98930.86, 买入力$401576.12
2025-07-23 10:11:43 | DEBUG    | src.bot.trading_bot:_update_market_data:184 | 市场数据更新完成
2025-07-23 10:11:47 | INFO     | src.trading.executor:update_account_info:125 | 账户更新: 总值$98930.86, 买入力$401576.12
2025-07-23 10:11:47 | DEBUG    | src.bot.trading_bot:_update_market_data:184 | 市场数据更新完成
2025-07-23 10:11:50 | INFO     | src.trading.executor:update_account_info:125 | 账户更新: 总值$98930.86, 买入力$401576.12
2025-07-23 10:11:50 | DEBUG    | src.bot.trading_bot:_update_market_data:184 | 市场数据更新完成
2025-07-23 10:11:53 | INFO     | src.trading.executor:update_account_info:125 | 账户更新: 总值$98930.86, 买入力$401576.12
2025-07-23 10:11:53 | DEBUG    | src.bot.trading_bot:_update_market_data:184 | 市场数据更新完成
2025-07-23 10:11:56 | INFO     | src.trading.executor:update_account_info:125 | 账户更新: 总值$98930.86, 买入力$401576.12
2025-07-23 10:11:56 | DEBUG    | src.bot.trading_bot:_update_market_data:184 | 市场数据更新完成
2025-07-23 10:12:00 | INFO     | src.trading.executor:update_account_info:125 | 账户更新: 总值$98930.86, 买入力$401576.12
2025-07-23 10:12:00 | DEBUG    | src.bot.trading_bot:_update_market_data:184 | 市场数据更新完成
2025-07-23 10:12:03 | INFO     | src.trading.executor:update_account_info:125 | 账户更新: 总值$98930.86, 买入力$401576.12
2025-07-23 10:12:03 | DEBUG    | src.bot.trading_bot:_update_market_data:184 | 市场数据更新完成
2025-07-23 10:12:06 | INFO     | src.trading.executor:update_account_info:125 | 账户更新: 总值$98930.86, 买入力$401576.12
2025-07-23 10:12:06 | DEBUG    | src.bot.trading_bot:_update_market_data:184 | 市场数据更新完成
2025-07-23 10:12:09 | INFO     | src.trading.executor:update_account_info:125 | 账户更新: 总值$98930.86, 买入力$401576.12
2025-07-23 10:12:09 | DEBUG    | src.bot.trading_bot:_update_market_data:184 | 市场数据更新完成
2025-07-23 10:12:13 | INFO     | src.trading.executor:update_account_info:125 | 账户更新: 总值$98930.86, 买入力$401576.12
2025-07-23 10:12:13 | DEBUG    | src.bot.trading_bot:_update_market_data:184 | 市场数据更新完成
2025-07-23 10:12:16 | INFO     | src.trading.executor:update_account_info:125 | 账户更新: 总值$98930.86, 买入力$401576.12
2025-07-23 10:12:16 | DEBUG    | src.bot.trading_bot:_update_market_data:184 | 市场数据更新完成
2025-07-23 10:12:19 | DEBUG    | src.bot.trading_bot:_update_positions_normal:259 | 📊 常规头寸更新完成
2025-07-23 10:12:19 | INFO     | src.trading.executor:update_account_info:125 | 账户更新: 总值$98930.86, 买入力$401576.12
2025-07-23 10:12:19 | DEBUG    | src.bot.trading_bot:_update_market_data:184 | 市场数据更新完成
2025-07-23 10:12:22 | INFO     | src.trading.executor:update_account_info:125 | 账户更新: 总值$98930.86, 买入力$401576.12
2025-07-23 10:12:22 | DEBUG    | src.bot.trading_bot:_update_market_data:184 | 市场数据更新完成
2025-07-23 10:12:26 | INFO     | src.trading.executor:update_account_info:125 | 账户更新: 总值$98930.86, 买入力$401576.12
2025-07-23 10:12:26 | DEBUG    | src.bot.trading_bot:_update_market_data:184 | 市场数据更新完成
2025-07-23 10:12:29 | INFO     | src.trading.executor:update_account_info:125 | 账户更新: 总值$98930.86, 买入力$401576.12
2025-07-23 10:12:29 | DEBUG    | src.bot.trading_bot:_update_market_data:184 | 市场数据更新完成
2025-07-23 10:12:32 | INFO     | src.trading.executor:update_account_info:125 | 账户更新: 总值$98930.86, 买入力$401576.12
2025-07-23 10:12:32 | DEBUG    | src.bot.trading_bot:_update_market_data:184 | 市场数据更新完成
2025-07-23 10:12:35 | INFO     | src.trading.executor:update_account_info:125 | 账户更新: 总值$98930.86, 买入力$401576.12
2025-07-23 10:12:35 | DEBUG    | src.bot.trading_bot:_update_market_data:184 | 市场数据更新完成
2025-07-23 10:12:39 | INFO     | src.trading.executor:update_account_info:125 | 账户更新: 总值$98930.86, 买入力$401576.12
2025-07-23 10:12:39 | DEBUG    | src.bot.trading_bot:_update_market_data:184 | 市场数据更新完成
2025-07-23 10:12:42 | INFO     | src.trading.executor:update_account_info:125 | 账户更新: 总值$98930.86, 买入力$401576.12
2025-07-23 10:12:42 | DEBUG    | src.bot.trading_bot:_update_market_data:184 | 市场数据更新完成
2025-07-23 10:12:45 | INFO     | src.trading.executor:update_account_info:125 | 账户更新: 总值$98930.86, 买入力$401576.12
2025-07-23 10:12:45 | DEBUG    | src.bot.trading_bot:_update_market_data:184 | 市场数据更新完成
2025-07-23 10:12:48 | INFO     | src.trading.executor:update_account_info:125 | 账户更新: 总值$98930.86, 买入力$401576.12
2025-07-23 10:12:48 | DEBUG    | src.bot.trading_bot:_update_market_data:184 | 市场数据更新完成
2025-07-23 10:12:52 | INFO     | src.trading.executor:update_account_info:125 | 账户更新: 总值$98930.86, 买入力$401576.12
2025-07-23 10:12:52 | DEBUG    | src.bot.trading_bot:_update_market_data:184 | 市场数据更新完成
2025-07-23 10:12:55 | INFO     | src.trading.executor:update_account_info:125 | 账户更新: 总值$98930.86, 买入力$401576.12
2025-07-23 10:12:55 | DEBUG    | src.bot.trading_bot:_update_market_data:184 | 市场数据更新完成
2025-07-23 10:12:58 | INFO     | src.trading.executor:update_account_info:125 | 账户更新: 总值$98930.86, 买入力$401576.12
2025-07-23 10:12:58 | DEBUG    | src.bot.trading_bot:_update_market_data:184 | 市场数据更新完成
2025-07-23 10:13:01 | INFO     | src.trading.executor:update_account_info:125 | 账户更新: 总值$98930.86, 买入力$401576.12
2025-07-23 10:13:01 | DEBUG    | src.bot.trading_bot:_update_market_data:184 | 市场数据更新完成
2025-07-23 10:13:05 | INFO     | src.trading.executor:update_account_info:125 | 账户更新: 总值$98930.86, 买入力$401576.12
2025-07-23 10:13:05 | DEBUG    | src.bot.trading_bot:_update_market_data:184 | 市场数据更新完成
2025-07-23 10:13:08 | INFO     | src.trading.executor:update_account_info:125 | 账户更新: 总值$98930.86, 买入力$401576.12
2025-07-23 10:13:08 | DEBUG    | src.bot.trading_bot:_update_market_data:184 | 市场数据更新完成
2025-07-23 10:13:11 | INFO     | src.trading.executor:update_account_info:125 | 账户更新: 总值$98930.86, 买入力$401576.12
2025-07-23 10:13:11 | DEBUG    | src.bot.trading_bot:_update_market_data:184 | 市场数据更新完成
2025-07-23 10:13:14 | INFO     | src.trading.executor:update_account_info:125 | 账户更新: 总值$98930.86, 买入力$401576.12
2025-07-23 10:13:14 | DEBUG    | src.bot.trading_bot:_update_market_data:184 | 市场数据更新完成
2025-07-23 10:13:17 | INFO     | src.trading.executor:update_account_info:125 | 账户更新: 总值$98930.86, 买入力$401576.12
2025-07-23 10:13:17 | DEBUG    | src.bot.trading_bot:_update_market_data:184 | 市场数据更新完成
2025-07-23 10:13:19 | DEBUG    | src.bot.trading_bot:_update_positions_normal:259 | 📊 常规头寸更新完成
2025-07-23 10:13:21 | INFO     | src.trading.executor:update_account_info:125 | 账户更新: 总值$98930.86, 买入力$401576.12
2025-07-23 10:13:21 | DEBUG    | src.bot.trading_bot:_update_market_data:184 | 市场数据更新完成
2025-07-23 10:13:24 | INFO     | src.trading.executor:update_account_info:125 | 账户更新: 总值$98930.86, 买入力$401576.12
2025-07-23 10:13:24 | DEBUG    | src.bot.trading_bot:_update_market_data:184 | 市场数据更新完成
2025-07-23 10:13:27 | INFO     | src.trading.executor:update_account_info:125 | 账户更新: 总值$98930.86, 买入力$401576.12
2025-07-23 10:13:27 | DEBUG    | src.bot.trading_bot:_update_market_data:184 | 市场数据更新完成
2025-07-23 10:13:31 | INFO     | src.trading.executor:update_account_info:125 | 账户更新: 总值$98930.86, 买入力$401576.12
2025-07-23 10:13:31 | DEBUG    | src.bot.trading_bot:_update_market_data:184 | 市场数据更新完成
2025-07-23 10:13:34 | INFO     | src.trading.executor:update_account_info:125 | 账户更新: 总值$98930.86, 买入力$401576.12
2025-07-23 10:13:34 | DEBUG    | src.bot.trading_bot:_update_market_data:184 | 市场数据更新完成
2025-07-23 10:13:37 | INFO     | src.trading.executor:update_account_info:125 | 账户更新: 总值$98930.86, 买入力$401576.12
2025-07-23 10:13:37 | DEBUG    | src.bot.trading_bot:_update_market_data:184 | 市场数据更新完成
2025-07-23 10:13:40 | INFO     | src.trading.executor:update_account_info:125 | 账户更新: 总值$98930.86, 买入力$401576.12
2025-07-23 10:13:40 | DEBUG    | src.bot.trading_bot:_update_market_data:184 | 市场数据更新完成
2025-07-23 10:13:43 | INFO     | src.trading.executor:update_account_info:125 | 账户更新: 总值$98930.86, 买入力$401576.12
2025-07-23 10:13:43 | DEBUG    | src.bot.trading_bot:_update_market_data:184 | 市场数据更新完成
2025-07-23 10:13:47 | INFO     | src.trading.executor:update_account_info:125 | 账户更新: 总值$98930.86, 买入力$401576.12
2025-07-23 10:13:47 | DEBUG    | src.bot.trading_bot:_update_market_data:184 | 市场数据更新完成
2025-07-23 10:13:50 | INFO     | src.trading.executor:update_account_info:125 | 账户更新: 总值$98930.86, 买入力$401576.12
2025-07-23 10:13:50 | DEBUG    | src.bot.trading_bot:_update_market_data:184 | 市场数据更新完成
2025-07-23 10:13:53 | INFO     | src.trading.executor:update_account_info:125 | 账户更新: 总值$98930.86, 买入力$401576.12
2025-07-23 10:13:53 | DEBUG    | src.bot.trading_bot:_update_market_data:184 | 市场数据更新完成
2025-07-23 10:13:57 | INFO     | src.trading.executor:update_account_info:125 | 账户更新: 总值$98930.86, 买入力$401576.12
2025-07-23 10:13:57 | DEBUG    | src.bot.trading_bot:_update_market_data:184 | 市场数据更新完成
2025-07-23 10:14:00 | INFO     | src.trading.executor:update_account_info:125 | 账户更新: 总值$98930.86, 买入力$401576.12
2025-07-23 10:14:00 | DEBUG    | src.bot.trading_bot:_update_market_data:184 | 市场数据更新完成
2025-07-23 10:14:03 | INFO     | src.trading.executor:update_account_info:125 | 账户更新: 总值$98930.86, 买入力$401576.12
2025-07-23 10:14:03 | DEBUG    | src.bot.trading_bot:_update_market_data:184 | 市场数据更新完成
2025-07-23 10:14:06 | INFO     | src.trading.executor:update_account_info:125 | 账户更新: 总值$98930.86, 买入力$401576.12
2025-07-23 10:14:06 | DEBUG    | src.bot.trading_bot:_update_market_data:184 | 市场数据更新完成
2025-07-23 10:14:09 | INFO     | src.trading.executor:update_account_info:125 | 账户更新: 总值$98930.86, 买入力$401576.12
2025-07-23 10:14:09 | DEBUG    | src.bot.trading_bot:_update_market_data:184 | 市场数据更新完成
2025-07-23 10:14:13 | INFO     | src.trading.executor:update_account_info:125 | 账户更新: 总值$98930.86, 买入力$401576.12
2025-07-23 10:14:13 | DEBUG    | src.bot.trading_bot:_update_market_data:184 | 市场数据更新完成
2025-07-23 10:14:16 | INFO     | src.trading.executor:update_account_info:125 | 账户更新: 总值$98930.86, 买入力$401576.12
2025-07-23 10:14:16 | DEBUG    | src.bot.trading_bot:_update_market_data:184 | 市场数据更新完成
2025-07-23 10:14:19 | INFO     | src.trading.executor:update_account_info:125 | 账户更新: 总值$98930.86, 买入力$401576.12
2025-07-23 10:14:19 | DEBUG    | src.bot.trading_bot:_update_market_data:184 | 市场数据更新完成
2025-07-23 10:14:19 | DEBUG    | src.bot.trading_bot:_update_positions_normal:259 | 📊 常规头寸更新完成
2025-07-23 10:14:22 | INFO     | src.trading.executor:update_account_info:125 | 账户更新: 总值$98930.86, 买入力$401576.12
2025-07-23 10:14:22 | DEBUG    | src.bot.trading_bot:_update_market_data:184 | 市场数据更新完成
2025-07-23 10:14:26 | INFO     | src.trading.executor:update_account_info:125 | 账户更新: 总值$98930.86, 买入力$401576.12
2025-07-23 10:14:26 | DEBUG    | src.bot.trading_bot:_update_market_data:184 | 市场数据更新完成
2025-07-23 10:14:29 | INFO     | src.trading.executor:update_account_info:125 | 账户更新: 总值$98930.86, 买入力$401576.12
2025-07-23 10:14:29 | DEBUG    | src.bot.trading_bot:_update_market_data:184 | 市场数据更新完成
2025-07-23 10:14:32 | INFO     | src.trading.executor:update_account_info:125 | 账户更新: 总值$98930.86, 买入力$401576.12
2025-07-23 10:14:32 | DEBUG    | src.bot.trading_bot:_update_market_data:184 | 市场数据更新完成
2025-07-23 10:14:35 | INFO     | src.trading.executor:update_account_info:125 | 账户更新: 总值$98930.86, 买入力$401576.12
2025-07-23 10:14:35 | DEBUG    | src.bot.trading_bot:_update_market_data:184 | 市场数据更新完成
2025-07-23 10:14:39 | INFO     | src.trading.executor:update_account_info:125 | 账户更新: 总值$98930.86, 买入力$401576.12
2025-07-23 10:14:39 | DEBUG    | src.bot.trading_bot:_update_market_data:184 | 市场数据更新完成
2025-07-23 10:14:42 | INFO     | src.trading.executor:update_account_info:125 | 账户更新: 总值$98930.86, 买入力$401576.12
2025-07-23 10:14:42 | DEBUG    | src.bot.trading_bot:_update_market_data:184 | 市场数据更新完成
2025-07-23 10:14:45 | INFO     | src.trading.executor:update_account_info:125 | 账户更新: 总值$98930.86, 买入力$401576.12
2025-07-23 10:14:45 | DEBUG    | src.bot.trading_bot:_update_market_data:184 | 市场数据更新完成
2025-07-23 10:14:48 | INFO     | src.trading.executor:update_account_info:125 | 账户更新: 总值$98930.86, 买入力$401576.12
2025-07-23 10:14:48 | DEBUG    | src.bot.trading_bot:_update_market_data:184 | 市场数据更新完成
2025-07-23 10:14:52 | INFO     | src.trading.executor:update_account_info:125 | 账户更新: 总值$98930.86, 买入力$401576.12
2025-07-23 10:14:52 | DEBUG    | src.bot.trading_bot:_update_market_data:184 | 市场数据更新完成
2025-07-23 10:14:55 | INFO     | src.trading.executor:update_account_info:125 | 账户更新: 总值$98930.86, 买入力$401576.12
2025-07-23 10:14:55 | DEBUG    | src.bot.trading_bot:_update_market_data:184 | 市场数据更新完成
2025-07-23 10:14:58 | INFO     | src.trading.executor:update_account_info:125 | 账户更新: 总值$98930.86, 买入力$401576.12
2025-07-23 10:14:58 | DEBUG    | src.bot.trading_bot:_update_market_data:184 | 市场数据更新完成
2025-07-23 10:15:01 | INFO     | src.trading.executor:update_account_info:125 | 账户更新: 总值$98930.86, 买入力$401576.12
2025-07-23 10:15:01 | DEBUG    | src.bot.trading_bot:_update_market_data:184 | 市场数据更新完成
2025-07-23 10:15:05 | INFO     | src.trading.executor:update_account_info:125 | 账户更新: 总值$98930.86, 买入力$401576.12
2025-07-23 10:15:05 | DEBUG    | src.bot.trading_bot:_update_market_data:184 | 市场数据更新完成
2025-07-23 10:15:08 | INFO     | src.trading.executor:update_account_info:125 | 账户更新: 总值$98930.86, 买入力$401576.12
2025-07-23 10:15:08 | DEBUG    | src.bot.trading_bot:_update_market_data:184 | 市场数据更新完成
2025-07-23 10:15:11 | INFO     | src.trading.executor:update_account_info:125 | 账户更新: 总值$98930.86, 买入力$401576.12
2025-07-23 10:15:11 | DEBUG    | src.bot.trading_bot:_update_market_data:184 | 市场数据更新完成
2025-07-23 10:15:14 | INFO     | src.trading.executor:update_account_info:125 | 账户更新: 总值$98930.86, 买入力$401576.12
2025-07-23 10:15:14 | DEBUG    | src.bot.trading_bot:_update_market_data:184 | 市场数据更新完成
2025-07-23 10:15:18 | INFO     | src.trading.executor:update_account_info:125 | 账户更新: 总值$98930.86, 买入力$401576.12
2025-07-23 10:15:18 | DEBUG    | src.bot.trading_bot:_update_market_data:184 | 市场数据更新完成
2025-07-23 10:15:20 | DEBUG    | src.bot.trading_bot:_update_positions_normal:259 | 📊 常规头寸更新完成
2025-07-23 10:15:21 | INFO     | src.trading.executor:update_account_info:125 | 账户更新: 总值$98930.86, 买入力$401576.12
2025-07-23 10:15:21 | DEBUG    | src.bot.trading_bot:_update_market_data:184 | 市场数据更新完成
2025-07-23 10:15:24 | INFO     | src.trading.executor:update_account_info:125 | 账户更新: 总值$98930.86, 买入力$401576.12
2025-07-23 10:15:24 | DEBUG    | src.bot.trading_bot:_update_market_data:184 | 市场数据更新完成
2025-07-23 10:15:27 | INFO     | src.trading.executor:update_account_info:125 | 账户更新: 总值$98930.86, 买入力$401576.12
2025-07-23 10:15:27 | DEBUG    | src.bot.trading_bot:_update_market_data:184 | 市场数据更新完成
2025-07-23 10:15:30 | INFO     | src.trading.executor:update_account_info:125 | 账户更新: 总值$98930.86, 买入力$401576.12
2025-07-23 10:15:30 | DEBUG    | src.bot.trading_bot:_update_market_data:184 | 市场数据更新完成
2025-07-23 10:15:34 | INFO     | src.trading.executor:update_account_info:125 | 账户更新: 总值$98930.86, 买入力$401576.12
2025-07-23 10:15:34 | DEBUG    | src.bot.trading_bot:_update_market_data:184 | 市场数据更新完成
2025-07-23 10:15:37 | INFO     | src.trading.executor:update_account_info:125 | 账户更新: 总值$98930.86, 买入力$401576.12
2025-07-23 10:15:37 | DEBUG    | src.bot.trading_bot:_update_market_data:184 | 市场数据更新完成
2025-07-23 10:15:40 | INFO     | src.trading.executor:update_account_info:125 | 账户更新: 总值$98930.86, 买入力$401576.12
2025-07-23 10:15:40 | DEBUG    | src.bot.trading_bot:_update_market_data:184 | 市场数据更新完成
2025-07-23 10:15:44 | INFO     | src.trading.executor:update_account_info:125 | 账户更新: 总值$98930.86, 买入力$401576.12
2025-07-23 10:15:44 | DEBUG    | src.bot.trading_bot:_update_market_data:184 | 市场数据更新完成
2025-07-23 10:15:47 | INFO     | src.trading.executor:update_account_info:125 | 账户更新: 总值$98930.86, 买入力$401576.12
2025-07-23 10:15:47 | DEBUG    | src.bot.trading_bot:_update_market_data:184 | 市场数据更新完成
2025-07-23 10:15:50 | INFO     | src.trading.executor:update_account_info:125 | 账户更新: 总值$98930.86, 买入力$401576.12
2025-07-23 10:15:50 | DEBUG    | src.bot.trading_bot:_update_market_data:184 | 市场数据更新完成
2025-07-23 10:15:53 | INFO     | src.trading.executor:update_account_info:125 | 账户更新: 总值$98930.86, 买入力$401576.12
2025-07-23 10:15:53 | DEBUG    | src.bot.trading_bot:_update_market_data:184 | 市场数据更新完成
2025-07-23 10:15:56 | INFO     | src.trading.executor:update_account_info:125 | 账户更新: 总值$98930.86, 买入力$401576.12
2025-07-23 10:15:56 | DEBUG    | src.bot.trading_bot:_update_market_data:184 | 市场数据更新完成
2025-07-23 10:16:00 | INFO     | src.trading.executor:update_account_info:125 | 账户更新: 总值$98930.86, 买入力$401576.12
2025-07-23 10:16:00 | DEBUG    | src.bot.trading_bot:_update_market_data:184 | 市场数据更新完成
2025-07-23 10:16:03 | INFO     | src.trading.executor:update_account_info:125 | 账户更新: 总值$98930.86, 买入力$401576.12
2025-07-23 10:16:03 | DEBUG    | src.bot.trading_bot:_update_market_data:184 | 市场数据更新完成
2025-07-23 10:16:06 | INFO     | src.trading.executor:update_account_info:125 | 账户更新: 总值$98930.86, 买入力$401576.12
2025-07-23 10:16:06 | DEBUG    | src.bot.trading_bot:_update_market_data:184 | 市场数据更新完成
2025-07-23 10:16:10 | INFO     | src.trading.executor:update_account_info:125 | 账户更新: 总值$98930.86, 买入力$401576.12
2025-07-23 10:16:10 | DEBUG    | src.bot.trading_bot:_update_market_data:184 | 市场数据更新完成
2025-07-23 10:16:13 | INFO     | src.trading.executor:update_account_info:125 | 账户更新: 总值$98930.86, 买入力$401576.12
2025-07-23 10:16:13 | DEBUG    | src.bot.trading_bot:_update_market_data:184 | 市场数据更新完成
2025-07-23 10:16:16 | INFO     | src.trading.executor:update_account_info:125 | 账户更新: 总值$98930.86, 买入力$401576.12
2025-07-23 10:16:16 | DEBUG    | src.bot.trading_bot:_update_market_data:184 | 市场数据更新完成
2025-07-23 10:16:19 | INFO     | src.trading.executor:update_account_info:125 | 账户更新: 总值$98930.86, 买入力$401576.12
2025-07-23 10:16:19 | DEBUG    | src.bot.trading_bot:_update_market_data:184 | 市场数据更新完成
2025-07-23 10:16:20 | DEBUG    | src.bot.trading_bot:_update_positions_normal:259 | 📊 常规头寸更新完成
2025-07-23 10:16:22 | INFO     | src.trading.executor:update_account_info:125 | 账户更新: 总值$98930.86, 买入力$401576.12
2025-07-23 10:16:22 | DEBUG    | src.bot.trading_bot:_update_market_data:184 | 市场数据更新完成
2025-07-23 10:16:26 | INFO     | src.trading.executor:update_account_info:125 | 账户更新: 总值$98930.86, 买入力$401576.12
2025-07-23 10:16:26 | DEBUG    | src.bot.trading_bot:_update_market_data:184 | 市场数据更新完成
2025-07-23 10:16:29 | INFO     | src.trading.executor:update_account_info:125 | 账户更新: 总值$98930.86, 买入力$401576.12
2025-07-23 10:16:29 | DEBUG    | src.bot.trading_bot:_update_market_data:184 | 市场数据更新完成
2025-07-23 10:16:32 | INFO     | src.trading.executor:update_account_info:125 | 账户更新: 总值$98930.86, 买入力$401576.12
2025-07-23 10:16:32 | DEBUG    | src.bot.trading_bot:_update_market_data:184 | 市场数据更新完成
2025-07-23 10:16:35 | INFO     | src.trading.executor:update_account_info:125 | 账户更新: 总值$98930.86, 买入力$401576.12
2025-07-23 10:16:35 | DEBUG    | src.bot.trading_bot:_update_market_data:184 | 市场数据更新完成
2025-07-23 10:16:39 | INFO     | src.trading.executor:update_account_info:125 | 账户更新: 总值$98930.86, 买入力$401576.12
2025-07-23 10:16:39 | DEBUG    | src.bot.trading_bot:_update_market_data:184 | 市场数据更新完成
2025-07-23 10:16:42 | INFO     | src.trading.executor:update_account_info:125 | 账户更新: 总值$98930.86, 买入力$401576.12
2025-07-23 10:16:42 | DEBUG    | src.bot.trading_bot:_update_market_data:184 | 市场数据更新完成
2025-07-23 10:16:45 | INFO     | src.trading.executor:update_account_info:125 | 账户更新: 总值$98930.86, 买入力$401576.12
2025-07-23 10:16:45 | DEBUG    | src.bot.trading_bot:_update_market_data:184 | 市场数据更新完成
2025-07-23 10:16:48 | INFO     | src.trading.executor:update_account_info:125 | 账户更新: 总值$98930.86, 买入力$401576.12
2025-07-23 10:16:48 | DEBUG    | src.bot.trading_bot:_update_market_data:184 | 市场数据更新完成
2025-07-23 10:16:52 | INFO     | src.trading.executor:update_account_info:125 | 账户更新: 总值$98930.86, 买入力$401576.12
2025-07-23 10:16:52 | DEBUG    | src.bot.trading_bot:_update_market_data:184 | 市场数据更新完成
2025-07-23 10:16:55 | INFO     | src.trading.executor:update_account_info:125 | 账户更新: 总值$98930.86, 买入力$401576.12
2025-07-23 10:16:55 | DEBUG    | src.bot.trading_bot:_update_market_data:184 | 市场数据更新完成
2025-07-23 10:16:58 | INFO     | src.trading.executor:update_account_info:125 | 账户更新: 总值$98930.86, 买入力$401576.12
2025-07-23 10:16:58 | DEBUG    | src.bot.trading_bot:_update_market_data:184 | 市场数据更新完成
2025-07-23 10:17:01 | INFO     | src.trading.executor:update_account_info:125 | 账户更新: 总值$98930.86, 买入力$401576.12
2025-07-23 10:17:01 | DEBUG    | src.bot.trading_bot:_update_market_data:184 | 市场数据更新完成
2025-07-23 10:17:05 | INFO     | src.trading.executor:update_account_info:125 | 账户更新: 总值$98930.86, 买入力$401576.12
2025-07-23 10:17:05 | DEBUG    | src.bot.trading_bot:_update_market_data:184 | 市场数据更新完成
2025-07-23 10:17:08 | INFO     | src.trading.executor:update_account_info:125 | 账户更新: 总值$98930.86, 买入力$401576.12
2025-07-23 10:17:08 | DEBUG    | src.bot.trading_bot:_update_market_data:184 | 市场数据更新完成
2025-07-23 10:17:11 | INFO     | src.trading.executor:update_account_info:125 | 账户更新: 总值$98930.86, 买入力$401576.12
2025-07-23 10:17:11 | DEBUG    | src.bot.trading_bot:_update_market_data:184 | 市场数据更新完成
2025-07-23 10:17:14 | INFO     | src.trading.executor:update_account_info:125 | 账户更新: 总值$98930.86, 买入力$401576.12
2025-07-23 10:17:14 | DEBUG    | src.bot.trading_bot:_update_market_data:184 | 市场数据更新完成
2025-07-23 10:17:18 | INFO     | src.trading.executor:update_account_info:125 | 账户更新: 总值$98930.86, 买入力$401576.12
2025-07-23 10:17:18 | DEBUG    | src.bot.trading_bot:_update_market_data:184 | 市场数据更新完成
2025-07-23 10:17:20 | DEBUG    | src.bot.trading_bot:_update_positions_normal:259 | 📊 常规头寸更新完成
2025-07-23 10:17:21 | INFO     | src.trading.executor:update_account_info:125 | 账户更新: 总值$98930.86, 买入力$401576.12
2025-07-23 10:17:21 | DEBUG    | src.bot.trading_bot:_update_market_data:184 | 市场数据更新完成
2025-07-23 10:17:24 | INFO     | src.trading.executor:update_account_info:125 | 账户更新: 总值$98930.86, 买入力$401576.12
2025-07-23 10:17:24 | DEBUG    | src.bot.trading_bot:_update_market_data:184 | 市场数据更新完成
2025-07-23 10:17:27 | INFO     | src.trading.executor:update_account_info:125 | 账户更新: 总值$98930.86, 买入力$401576.12
2025-07-23 10:17:27 | DEBUG    | src.bot.trading_bot:_update_market_data:184 | 市场数据更新完成
2025-07-23 10:17:31 | INFO     | src.trading.executor:update_account_info:125 | 账户更新: 总值$98930.86, 买入力$401576.12
2025-07-23 10:17:31 | DEBUG    | src.bot.trading_bot:_update_market_data:184 | 市场数据更新完成
2025-07-23 10:17:34 | INFO     | src.trading.executor:update_account_info:125 | 账户更新: 总值$98930.86, 买入力$401576.12
2025-07-23 10:17:34 | DEBUG    | src.bot.trading_bot:_update_market_data:184 | 市场数据更新完成
2025-07-23 10:17:37 | INFO     | src.trading.executor:update_account_info:125 | 账户更新: 总值$98930.86, 买入力$401576.12
2025-07-23 10:17:37 | DEBUG    | src.bot.trading_bot:_update_market_data:184 | 市场数据更新完成
2025-07-23 10:17:40 | INFO     | src.trading.executor:update_account_info:125 | 账户更新: 总值$98930.86, 买入力$401576.12
2025-07-23 10:17:40 | DEBUG    | src.bot.trading_bot:_update_market_data:184 | 市场数据更新完成
2025-07-23 10:17:44 | INFO     | src.trading.executor:update_account_info:125 | 账户更新: 总值$98930.86, 买入力$401576.12
2025-07-23 10:17:44 | DEBUG    | src.bot.trading_bot:_update_market_data:184 | 市场数据更新完成
2025-07-23 10:17:47 | INFO     | src.trading.executor:update_account_info:125 | 账户更新: 总值$98930.86, 买入力$401576.12
2025-07-23 10:17:47 | DEBUG    | src.bot.trading_bot:_update_market_data:184 | 市场数据更新完成
2025-07-23 10:17:50 | INFO     | src.trading.executor:update_account_info:125 | 账户更新: 总值$98930.86, 买入力$401576.12
2025-07-23 10:17:50 | DEBUG    | src.bot.trading_bot:_update_market_data:184 | 市场数据更新完成
2025-07-23 10:17:53 | INFO     | src.trading.executor:update_account_info:125 | 账户更新: 总值$98930.86, 买入力$401576.12
2025-07-23 10:17:53 | DEBUG    | src.bot.trading_bot:_update_market_data:184 | 市场数据更新完成
2025-07-23 10:17:57 | INFO     | src.trading.executor:update_account_info:125 | 账户更新: 总值$98930.86, 买入力$401576.12
2025-07-23 10:17:57 | DEBUG    | src.bot.trading_bot:_update_market_data:184 | 市场数据更新完成
2025-07-23 10:18:00 | INFO     | src.trading.executor:update_account_info:125 | 账户更新: 总值$98930.86, 买入力$401576.12
2025-07-23 10:18:00 | DEBUG    | src.bot.trading_bot:_update_market_data:184 | 市场数据更新完成
2025-07-23 10:18:03 | INFO     | src.trading.executor:update_account_info:125 | 账户更新: 总值$98930.86, 买入力$401576.12
2025-07-23 10:18:03 | DEBUG    | src.bot.trading_bot:_update_market_data:184 | 市场数据更新完成
2025-07-23 10:18:06 | INFO     | src.trading.executor:update_account_info:125 | 账户更新: 总值$98930.86, 买入力$401576.12
2025-07-23 10:18:06 | DEBUG    | src.bot.trading_bot:_update_market_data:184 | 市场数据更新完成
2025-07-23 10:18:09 | INFO     | src.trading.executor:update_account_info:125 | 账户更新: 总值$98930.86, 买入力$401576.12
2025-07-23 10:18:09 | DEBUG    | src.bot.trading_bot:_update_market_data:184 | 市场数据更新完成
2025-07-23 10:18:13 | INFO     | src.trading.executor:update_account_info:125 | 账户更新: 总值$98930.86, 买入力$401576.12
2025-07-23 10:18:13 | DEBUG    | src.bot.trading_bot:_update_market_data:184 | 市场数据更新完成
2025-07-23 10:18:16 | INFO     | src.trading.executor:update_account_info:125 | 账户更新: 总值$98930.86, 买入力$401576.12
2025-07-23 10:18:16 | DEBUG    | src.bot.trading_bot:_update_market_data:184 | 市场数据更新完成
2025-07-23 10:18:19 | INFO     | src.trading.executor:update_account_info:125 | 账户更新: 总值$98930.86, 买入力$401576.12
2025-07-23 10:18:19 | DEBUG    | src.bot.trading_bot:_update_market_data:184 | 市场数据更新完成
2025-07-23 10:18:20 | DEBUG    | src.bot.trading_bot:_update_positions_normal:259 | 📊 常规头寸更新完成
2025-07-23 10:18:23 | INFO     | src.trading.executor:update_account_info:125 | 账户更新: 总值$98930.86, 买入力$401576.12
2025-07-23 10:18:23 | DEBUG    | src.bot.trading_bot:_update_market_data:184 | 市场数据更新完成
2025-07-23 10:18:26 | INFO     | src.trading.executor:update_account_info:125 | 账户更新: 总值$98930.86, 买入力$401576.12
2025-07-23 10:18:26 | DEBUG    | src.bot.trading_bot:_update_market_data:184 | 市场数据更新完成
2025-07-23 10:18:29 | INFO     | src.trading.executor:update_account_info:125 | 账户更新: 总值$98930.86, 买入力$401576.12
2025-07-23 10:18:29 | DEBUG    | src.bot.trading_bot:_update_market_data:184 | 市场数据更新完成
2025-07-23 10:18:32 | INFO     | src.trading.executor:update_account_info:125 | 账户更新: 总值$98930.86, 买入力$401576.12
2025-07-23 10:18:32 | DEBUG    | src.bot.trading_bot:_update_market_data:184 | 市场数据更新完成
2025-07-23 10:18:35 | INFO     | src.trading.executor:update_account_info:125 | 账户更新: 总值$98930.86, 买入力$401576.12
2025-07-23 10:18:35 | DEBUG    | src.bot.trading_bot:_update_market_data:184 | 市场数据更新完成
2025-07-23 10:18:39 | INFO     | src.trading.executor:update_account_info:125 | 账户更新: 总值$98930.86, 买入力$401576.12
2025-07-23 10:18:39 | DEBUG    | src.bot.trading_bot:_update_market_data:184 | 市场数据更新完成
2025-07-23 10:18:42 | INFO     | src.trading.executor:update_account_info:125 | 账户更新: 总值$98930.86, 买入力$401576.12
2025-07-23 10:18:42 | DEBUG    | src.bot.trading_bot:_update_market_data:184 | 市场数据更新完成
2025-07-23 10:18:45 | INFO     | src.trading.executor:update_account_info:125 | 账户更新: 总值$98930.86, 买入力$401576.12
2025-07-23 10:18:45 | DEBUG    | src.bot.trading_bot:_update_market_data:184 | 市场数据更新完成
2025-07-23 10:18:49 | INFO     | src.trading.executor:update_account_info:125 | 账户更新: 总值$98930.86, 买入力$401576.12
2025-07-23 10:18:49 | DEBUG    | src.bot.trading_bot:_update_market_data:184 | 市场数据更新完成
2025-07-23 10:18:52 | INFO     | src.trading.executor:update_account_info:125 | 账户更新: 总值$98930.86, 买入力$401576.12
2025-07-23 10:18:52 | DEBUG    | src.bot.trading_bot:_update_market_data:184 | 市场数据更新完成
2025-07-23 10:18:55 | INFO     | src.trading.executor:update_account_info:125 | 账户更新: 总值$98930.86, 买入力$401576.12
2025-07-23 10:18:55 | DEBUG    | src.bot.trading_bot:_update_market_data:184 | 市场数据更新完成
2025-07-23 10:18:58 | INFO     | src.trading.executor:update_account_info:125 | 账户更新: 总值$98930.86, 买入力$401576.12
2025-07-23 10:18:58 | DEBUG    | src.bot.trading_bot:_update_market_data:184 | 市场数据更新完成
2025-07-23 10:19:01 | INFO     | src.trading.executor:update_account_info:125 | 账户更新: 总值$98930.86, 买入力$401576.12
2025-07-23 10:19:01 | DEBUG    | src.bot.trading_bot:_update_market_data:184 | 市场数据更新完成
2025-07-23 10:19:05 | INFO     | src.trading.executor:update_account_info:125 | 账户更新: 总值$98930.86, 买入力$401576.12
2025-07-23 10:19:05 | DEBUG    | src.bot.trading_bot:_update_market_data:184 | 市场数据更新完成
2025-07-23 10:19:08 | INFO     | src.trading.executor:update_account_info:125 | 账户更新: 总值$98930.86, 买入力$401576.12
2025-07-23 10:19:08 | DEBUG    | src.bot.trading_bot:_update_market_data:184 | 市场数据更新完成
2025-07-23 10:19:11 | INFO     | src.trading.executor:update_account_info:125 | 账户更新: 总值$98930.86, 买入力$401576.12
2025-07-23 10:19:11 | DEBUG    | src.bot.trading_bot:_update_market_data:184 | 市场数据更新完成
2025-07-23 10:19:14 | INFO     | src.trading.executor:update_account_info:125 | 账户更新: 总值$98930.86, 买入力$401576.12
2025-07-23 10:19:14 | DEBUG    | src.bot.trading_bot:_update_market_data:184 | 市场数据更新完成
2025-07-23 10:19:18 | INFO     | src.trading.executor:update_account_info:125 | 账户更新: 总值$98930.86, 买入力$401576.12
2025-07-23 10:19:18 | DEBUG    | src.bot.trading_bot:_update_market_data:184 | 市场数据更新完成
2025-07-23 10:19:20 | DEBUG    | src.bot.trading_bot:_update_positions_normal:259 | 📊 常规头寸更新完成
2025-07-23 10:19:21 | INFO     | src.trading.executor:update_account_info:125 | 账户更新: 总值$98930.86, 买入力$401576.12
2025-07-23 10:19:21 | DEBUG    | src.bot.trading_bot:_update_market_data:184 | 市场数据更新完成
2025-07-23 10:19:24 | INFO     | src.trading.executor:update_account_info:125 | 账户更新: 总值$98930.86, 买入力$401576.12
2025-07-23 10:19:24 | DEBUG    | src.bot.trading_bot:_update_market_data:184 | 市场数据更新完成
2025-07-23 10:19:27 | INFO     | src.trading.executor:update_account_info:125 | 账户更新: 总值$98930.86, 买入力$401576.12
2025-07-23 10:19:27 | DEBUG    | src.bot.trading_bot:_update_market_data:184 | 市场数据更新完成
2025-07-23 10:19:31 | INFO     | src.trading.executor:update_account_info:125 | 账户更新: 总值$98930.86, 买入力$401576.12
2025-07-23 10:19:31 | DEBUG    | src.bot.trading_bot:_update_market_data:184 | 市场数据更新完成
2025-07-23 10:19:34 | INFO     | src.trading.executor:update_account_info:125 | 账户更新: 总值$98930.86, 买入力$401576.12
2025-07-23 10:19:34 | DEBUG    | src.bot.trading_bot:_update_market_data:184 | 市场数据更新完成
2025-07-23 10:19:37 | INFO     | src.trading.executor:update_account_info:125 | 账户更新: 总值$98930.86, 买入力$401576.12
2025-07-23 10:19:37 | DEBUG    | src.bot.trading_bot:_update_market_data:184 | 市场数据更新完成
2025-07-23 10:19:40 | INFO     | src.trading.executor:update_account_info:125 | 账户更新: 总值$98930.86, 买入力$401576.12
2025-07-23 10:19:40 | DEBUG    | src.bot.trading_bot:_update_market_data:184 | 市场数据更新完成
2025-07-23 10:19:44 | INFO     | src.trading.executor:update_account_info:125 | 账户更新: 总值$98930.86, 买入力$401576.12
2025-07-23 10:19:44 | DEBUG    | src.bot.trading_bot:_update_market_data:184 | 市场数据更新完成
2025-07-23 10:19:47 | INFO     | src.trading.executor:update_account_info:125 | 账户更新: 总值$98930.86, 买入力$401576.12
2025-07-23 10:19:47 | DEBUG    | src.bot.trading_bot:_update_market_data:184 | 市场数据更新完成
2025-07-23 10:19:50 | INFO     | src.trading.executor:update_account_info:125 | 账户更新: 总值$98930.86, 买入力$401576.12
2025-07-23 10:19:50 | DEBUG    | src.bot.trading_bot:_update_market_data:184 | 市场数据更新完成
2025-07-23 10:19:53 | INFO     | src.trading.executor:update_account_info:125 | 账户更新: 总值$98930.86, 买入力$401576.12
2025-07-23 10:19:53 | DEBUG    | src.bot.trading_bot:_update_market_data:184 | 市场数据更新完成
2025-07-23 10:19:57 | INFO     | src.trading.executor:update_account_info:125 | 账户更新: 总值$98930.86, 买入力$401576.12
2025-07-23 10:19:57 | DEBUG    | src.bot.trading_bot:_update_market_data:184 | 市场数据更新完成
2025-07-23 10:20:00 | INFO     | src.trading.executor:update_account_info:125 | 账户更新: 总值$98930.86, 买入力$401576.12
2025-07-23 10:20:00 | DEBUG    | src.bot.trading_bot:_update_market_data:184 | 市场数据更新完成
2025-07-23 10:20:03 | INFO     | src.trading.executor:update_account_info:125 | 账户更新: 总值$98930.86, 买入力$401576.12
2025-07-23 10:20:03 | DEBUG    | src.bot.trading_bot:_update_market_data:184 | 市场数据更新完成
2025-07-23 10:20:06 | INFO     | src.trading.executor:update_account_info:125 | 账户更新: 总值$98930.86, 买入力$401576.12
2025-07-23 10:20:06 | DEBUG    | src.bot.trading_bot:_update_market_data:184 | 市场数据更新完成
2025-07-23 10:20:10 | INFO     | src.trading.executor:update_account_info:125 | 账户更新: 总值$98930.86, 买入力$401576.12
2025-07-23 10:20:10 | DEBUG    | src.bot.trading_bot:_update_market_data:184 | 市场数据更新完成
2025-07-23 10:20:13 | INFO     | src.trading.executor:update_account_info:125 | 账户更新: 总值$98930.86, 买入力$401576.12
2025-07-23 10:20:13 | DEBUG    | src.bot.trading_bot:_update_market_data:184 | 市场数据更新完成
2025-07-23 10:20:16 | INFO     | src.trading.executor:update_account_info:125 | 账户更新: 总值$98930.86, 买入力$401576.12
2025-07-23 10:20:16 | DEBUG    | src.bot.trading_bot:_update_market_data:184 | 市场数据更新完成
2025-07-23 10:20:19 | INFO     | src.trading.executor:update_account_info:125 | 账户更新: 总值$98930.86, 买入力$401576.12
2025-07-23 10:20:19 | DEBUG    | src.bot.trading_bot:_update_market_data:184 | 市场数据更新完成
2025-07-23 10:20:21 | DEBUG    | src.bot.trading_bot:_update_positions_normal:259 | 📊 常规头寸更新完成
2025-07-23 10:20:23 | INFO     | src.trading.executor:update_account_info:125 | 账户更新: 总值$98930.86, 买入力$401576.12
2025-07-23 10:20:23 | DEBUG    | src.bot.trading_bot:_update_market_data:184 | 市场数据更新完成
2025-07-23 10:20:26 | INFO     | src.trading.executor:update_account_info:125 | 账户更新: 总值$98930.86, 买入力$401576.12
2025-07-23 10:20:26 | DEBUG    | src.bot.trading_bot:_update_market_data:184 | 市场数据更新完成
2025-07-23 10:20:29 | INFO     | src.trading.executor:update_account_info:125 | 账户更新: 总值$98930.86, 买入力$401576.12
2025-07-23 10:20:29 | DEBUG    | src.bot.trading_bot:_update_market_data:184 | 市场数据更新完成
2025-07-23 10:20:32 | INFO     | src.trading.executor:update_account_info:125 | 账户更新: 总值$98930.86, 买入力$401576.12
2025-07-23 10:20:32 | DEBUG    | src.bot.trading_bot:_update_market_data:184 | 市场数据更新完成
2025-07-23 10:20:36 | INFO     | src.trading.executor:update_account_info:125 | 账户更新: 总值$98930.86, 买入力$401576.12
2025-07-23 10:20:36 | DEBUG    | src.bot.trading_bot:_update_market_data:184 | 市场数据更新完成
2025-07-23 10:20:39 | INFO     | src.trading.executor:update_account_info:125 | 账户更新: 总值$98930.86, 买入力$401576.12
2025-07-23 10:20:39 | DEBUG    | src.bot.trading_bot:_update_market_data:184 | 市场数据更新完成
2025-07-23 10:20:42 | INFO     | src.trading.executor:update_account_info:125 | 账户更新: 总值$98930.86, 买入力$401576.12
2025-07-23 10:20:42 | DEBUG    | src.bot.trading_bot:_update_market_data:184 | 市场数据更新完成
2025-07-23 10:20:45 | INFO     | src.trading.executor:update_account_info:125 | 账户更新: 总值$98930.86, 买入力$401576.12
2025-07-23 10:20:45 | DEBUG    | src.bot.trading_bot:_update_market_data:184 | 市场数据更新完成
2025-07-23 10:20:49 | INFO     | src.trading.executor:update_account_info:125 | 账户更新: 总值$98930.86, 买入力$401576.12
2025-07-23 10:20:49 | DEBUG    | src.bot.trading_bot:_update_market_data:184 | 市场数据更新完成
2025-07-23 10:20:52 | INFO     | src.trading.executor:update_account_info:125 | 账户更新: 总值$98930.86, 买入力$401576.12
2025-07-23 10:20:52 | DEBUG    | src.bot.trading_bot:_update_market_data:184 | 市场数据更新完成
2025-07-23 10:20:55 | INFO     | src.trading.executor:update_account_info:125 | 账户更新: 总值$98930.86, 买入力$401576.12
2025-07-23 10:20:55 | DEBUG    | src.bot.trading_bot:_update_market_data:184 | 市场数据更新完成
2025-07-23 10:20:58 | INFO     | src.trading.executor:update_account_info:125 | 账户更新: 总值$98930.86, 买入力$401576.12
2025-07-23 10:20:58 | DEBUG    | src.bot.trading_bot:_update_market_data:184 | 市场数据更新完成
2025-07-23 10:21:02 | INFO     | src.trading.executor:update_account_info:125 | 账户更新: 总值$98930.86, 买入力$401576.12
2025-07-23 10:21:02 | DEBUG    | src.bot.trading_bot:_update_market_data:184 | 市场数据更新完成
2025-07-23 10:21:05 | INFO     | src.trading.executor:update_account_info:125 | 账户更新: 总值$98930.86, 买入力$401576.12
2025-07-23 10:21:05 | DEBUG    | src.bot.trading_bot:_update_market_data:184 | 市场数据更新完成
2025-07-23 10:21:08 | INFO     | src.trading.executor:update_account_info:125 | 账户更新: 总值$98930.86, 买入力$401576.12
2025-07-23 10:21:08 | DEBUG    | src.bot.trading_bot:_update_market_data:184 | 市场数据更新完成
2025-07-23 10:21:11 | INFO     | src.trading.executor:update_account_info:125 | 账户更新: 总值$98930.86, 买入力$401576.12
2025-07-23 10:21:11 | DEBUG    | src.bot.trading_bot:_update_market_data:184 | 市场数据更新完成
2025-07-23 10:21:15 | INFO     | src.trading.executor:update_account_info:125 | 账户更新: 总值$98930.86, 买入力$401576.12
2025-07-23 10:21:15 | DEBUG    | src.bot.trading_bot:_update_market_data:184 | 市场数据更新完成
2025-07-23 10:21:18 | INFO     | src.trading.executor:update_account_info:125 | 账户更新: 总值$98930.86, 买入力$401576.12
2025-07-23 10:21:18 | DEBUG    | src.bot.trading_bot:_update_market_data:184 | 市场数据更新完成
2025-07-23 10:21:21 | INFO     | src.trading.executor:update_account_info:125 | 账户更新: 总值$98930.86, 买入力$401576.12
2025-07-23 10:21:21 | DEBUG    | src.bot.trading_bot:_update_market_data:184 | 市场数据更新完成
2025-07-23 10:21:21 | DEBUG    | src.bot.trading_bot:_update_positions_normal:259 | 📊 常规头寸更新完成
2025-07-23 10:21:24 | INFO     | src.trading.executor:update_account_info:125 | 账户更新: 总值$98930.86, 买入力$401576.12
2025-07-23 10:21:24 | DEBUG    | src.bot.trading_bot:_update_market_data:184 | 市场数据更新完成
2025-07-23 10:21:27 | INFO     | src.trading.executor:update_account_info:125 | 账户更新: 总值$98930.86, 买入力$401576.12
2025-07-23 10:21:27 | DEBUG    | src.bot.trading_bot:_update_market_data:184 | 市场数据更新完成
2025-07-23 10:21:31 | INFO     | src.trading.executor:update_account_info:125 | 账户更新: 总值$98930.86, 买入力$401576.12
2025-07-23 10:21:31 | DEBUG    | src.bot.trading_bot:_update_market_data:184 | 市场数据更新完成
2025-07-23 10:21:34 | INFO     | src.trading.executor:update_account_info:125 | 账户更新: 总值$98930.86, 买入力$401576.12
2025-07-23 10:21:34 | DEBUG    | src.bot.trading_bot:_update_market_data:184 | 市场数据更新完成
2025-07-23 10:21:37 | INFO     | src.trading.executor:update_account_info:125 | 账户更新: 总值$98930.86, 买入力$401576.12
2025-07-23 10:21:37 | DEBUG    | src.bot.trading_bot:_update_market_data:184 | 市场数据更新完成
2025-07-23 10:21:41 | INFO     | src.trading.executor:update_account_info:125 | 账户更新: 总值$98930.86, 买入力$401576.12
2025-07-23 10:21:41 | DEBUG    | src.bot.trading_bot:_update_market_data:184 | 市场数据更新完成
2025-07-23 10:21:44 | INFO     | src.trading.executor:update_account_info:125 | 账户更新: 总值$98930.86, 买入力$401576.12
2025-07-23 10:21:44 | DEBUG    | src.bot.trading_bot:_update_market_data:184 | 市场数据更新完成
2025-07-23 10:21:47 | INFO     | src.trading.executor:update_account_info:125 | 账户更新: 总值$98930.86, 买入力$401576.12
2025-07-23 10:21:47 | DEBUG    | src.bot.trading_bot:_update_market_data:184 | 市场数据更新完成
2025-07-23 10:21:50 | INFO     | src.trading.executor:update_account_info:125 | 账户更新: 总值$98930.86, 买入力$401576.12
2025-07-23 10:21:50 | DEBUG    | src.bot.trading_bot:_update_market_data:184 | 市场数据更新完成
2025-07-23 10:21:53 | INFO     | src.trading.executor:update_account_info:125 | 账户更新: 总值$98930.86, 买入力$401576.12
2025-07-23 10:21:53 | DEBUG    | src.bot.trading_bot:_update_market_data:184 | 市场数据更新完成
2025-07-23 10:21:57 | INFO     | src.trading.executor:update_account_info:125 | 账户更新: 总值$98930.86, 买入力$401576.12
2025-07-23 10:21:57 | DEBUG    | src.bot.trading_bot:_update_market_data:184 | 市场数据更新完成
2025-07-23 10:22:00 | INFO     | src.trading.executor:update_account_info:125 | 账户更新: 总值$98930.86, 买入力$401576.12
2025-07-23 10:22:00 | DEBUG    | src.bot.trading_bot:_update_market_data:184 | 市场数据更新完成
2025-07-23 10:22:01 | INFO     | src.strategy.signals:generate_signals:468 | 生成信号: LONG - VWAP多头突破: 偏离0.21%, MACD转正
2025-07-23 10:22:01 | INFO     | src.bot.trading_bot:_check_signals:202 | 检测到信号: LONG 置信度: 0.85 原因: VWAP多头突破: 偏离0.21%, MACD转正
2025-07-23 10:22:01 | INFO     | src.utils.notifications:send_message:63 | [GENERAL] 📡 交易信号
类型: LONG
强度: MEDIUM
置信度: 0.85
价格: $631.72
原因: VWAP多头突破: 偏离0.21%, MACD转正
2025-07-23 10:22:01 | INFO     | src.data.market_data:find_suitable_options:435 | 当前SPY价格: $631.92, 选择CALL期权行权价: $631
2025-07-23 10:22:01 | DEBUG    | src.data.market_data:_generate_option_symbol:470 | 生成期权代码: SPY250723C00631000 (行权价$631, 类型CALL)
2025-07-23 10:22:01 | INFO     | src.data.market_data:find_suitable_options:444 | 成功获取期权SPY250723C00631000的报价数据
2025-07-23 10:22:01 | INFO     | src.trading.executor:find_best_option:185 | 选择期权: SPY250723C00631000, 行权价$631, Bid=$1.37, Ask=$1.39, Delta=0.000
2025-07-23 10:22:01 | INFO     | src.trading.executor:calculate_position_size:156 | 计算头寸大小: 期权价格$1.38, 最大风险$840.91, 合约数量6, 最大限制10张
2025-07-23 10:22:01 | INFO     | src.trading.executor:execute_trade:260 | 主订单已提交: 41602d5a-6162-4967-8b29-3bb083ce9311 SPY250723C00631000 买入6张 @$1.38
2025-07-23 10:22:03 | INFO     | src.trading.executor:execute_trade:270 | 主订单已成交: 41602d5a-6162-4967-8b29-3bb083ce9311
2025-07-23 10:22:03 | INFO     | src.trading.executor:execute_trade:285 | 订单成交价格: $1.35
2025-07-23 10:22:03 | WARNING  | src.trading.executor:execute_trade:342 | 主订单未成交，状态: filled
2025-07-23 10:22:03 | WARNING  | src.bot.trading_bot:_check_signals:216 | 信号执行失败: LONG
2025-07-23 10:22:03 | INFO     | src.trading.executor:update_account_info:125 | 账户更新: 总值$98912.74, 买入力$398336.00
2025-07-23 10:22:03 | DEBUG    | src.bot.trading_bot:_update_market_data:184 | 市场数据更新完成
2025-07-23 10:22:06 | INFO     | src.strategy.signals:generate_signals:468 | 生成信号: LONG - VWAP多头突破: 偏离0.21%, MACD转正
2025-07-23 10:22:06 | INFO     | src.bot.trading_bot:_check_signals:202 | 检测到信号: LONG 置信度: 0.85 原因: VWAP多头突破: 偏离0.21%, MACD转正
2025-07-23 10:22:06 | INFO     | src.utils.notifications:send_message:63 | [GENERAL] 📡 交易信号
类型: LONG
强度: MEDIUM
置信度: 0.85
价格: $631.72
原因: VWAP多头突破: 偏离0.21%, MACD转正
2025-07-23 10:22:06 | INFO     | src.data.market_data:find_suitable_options:435 | 当前SPY价格: $631.89, 选择CALL期权行权价: $631
2025-07-23 10:22:06 | DEBUG    | src.data.market_data:_generate_option_symbol:470 | 生成期权代码: SPY250723C00631000 (行权价$631, 类型CALL)
2025-07-23 10:22:06 | INFO     | src.data.market_data:find_suitable_options:444 | 成功获取期权SPY250723C00631000的报价数据
2025-07-23 10:22:06 | INFO     | src.trading.executor:find_best_option:185 | 选择期权: SPY250723C00631000, 行权价$631, Bid=$1.36, Ask=$1.38, Delta=0.000
2025-07-23 10:22:06 | INFO     | src.trading.executor:calculate_position_size:156 | 计算头寸大小: 期权价格$1.37, 最大风险$840.76, 合约数量6, 最大限制10张
2025-07-23 10:22:06 | INFO     | src.trading.executor:execute_trade:260 | 主订单已提交: 184c78d2-b58b-49ff-b712-dc61313b26bd SPY250723C00631000 买入6张 @$1.37
2025-07-23 10:22:08 | INFO     | src.trading.executor:execute_trade:270 | 主订单已成交: 184c78d2-b58b-49ff-b712-dc61313b26bd
2025-07-23 10:22:08 | INFO     | src.trading.executor:execute_trade:285 | 订单成交价格: $1.36
2025-07-23 10:22:08 | WARNING  | src.trading.executor:execute_trade:342 | 主订单未成交，状态: filled
2025-07-23 10:22:08 | WARNING  | src.bot.trading_bot:_check_signals:216 | 信号执行失败: LONG
2025-07-23 10:22:08 | INFO     | src.trading.executor:update_account_info:125 | 账户更新: 总值$98912.62, 买入力$395071.88
2025-07-23 10:22:08 | DEBUG    | src.bot.trading_bot:_update_market_data:184 | 市场数据更新完成
2025-07-23 10:22:11 | INFO     | src.strategy.signals:generate_signals:468 | 生成信号: LONG - VWAP多头突破: 偏离0.21%, MACD转正
2025-07-23 10:22:11 | INFO     | src.bot.trading_bot:_check_signals:202 | 检测到信号: LONG 置信度: 0.85 原因: VWAP多头突破: 偏离0.21%, MACD转正
2025-07-23 10:22:11 | INFO     | src.utils.notifications:send_message:63 | [GENERAL] 📡 交易信号
类型: LONG
强度: MEDIUM
置信度: 0.85
价格: $631.72
原因: VWAP多头突破: 偏离0.21%, MACD转正
2025-07-23 10:22:11 | INFO     | src.data.market_data:find_suitable_options:435 | 当前SPY价格: $631.91, 选择CALL期权行权价: $631
2025-07-23 10:22:11 | DEBUG    | src.data.market_data:_generate_option_symbol:470 | 生成期权代码: SPY250723C00631000 (行权价$631, 类型CALL)
2025-07-23 10:22:11 | INFO     | src.data.market_data:find_suitable_options:444 | 成功获取期权SPY250723C00631000的报价数据
2025-07-23 10:22:11 | INFO     | src.trading.executor:find_best_option:185 | 选择期权: SPY250723C00631000, 行权价$631, Bid=$1.32, Ask=$1.34, Delta=0.000
2025-07-23 10:22:11 | INFO     | src.trading.executor:calculate_position_size:156 | 计算头寸大小: 期权价格$1.33, 最大风险$840.76, 合约数量6, 最大限制10张
2025-07-23 10:22:11 | INFO     | src.trading.executor:execute_trade:260 | 主订单已提交: e3db332b-f8b7-4426-b7e1-9f6ddae32c9f SPY250723C00631000 买入6张 @$1.33
2025-07-23 10:22:13 | INFO     | src.trading.executor:execute_trade:285 | 订单成交价格: $1.33
2025-07-23 10:22:13 | WARNING  | src.trading.executor:execute_trade:342 | 主订单未成交，状态: new
2025-07-23 10:22:13 | WARNING  | src.bot.trading_bot:_check_signals:216 | 信号执行失败: LONG
2025-07-23 10:22:13 | INFO     | src.trading.executor:update_account_info:125 | 账户更新: 总值$98912.62, 买入力$391879.72
2025-07-23 10:22:13 | DEBUG    | src.bot.trading_bot:_update_market_data:184 | 市场数据更新完成
2025-07-23 10:22:16 | INFO     | src.strategy.signals:generate_signals:468 | 生成信号: LONG - VWAP多头突破: 偏离0.21%, MACD转正
2025-07-23 10:22:16 | INFO     | src.bot.trading_bot:_check_signals:202 | 检测到信号: LONG 置信度: 0.85 原因: VWAP多头突破: 偏离0.21%, MACD转正
2025-07-23 10:22:16 | INFO     | src.utils.notifications:send_message:63 | [GENERAL] 📡 交易信号
类型: LONG
强度: MEDIUM
置信度: 0.85
价格: $631.72
原因: VWAP多头突破: 偏离0.21%, MACD转正
2025-07-23 10:22:16 | WARNING  | src.trading.executor:execute_trade:220 | ⚠️ 检测到5.0秒内重复信号，跳过执行: LONG_SPY
2025-07-23 10:22:16 | WARNING  | src.bot.trading_bot:_check_signals:216 | 信号执行失败: LONG
2025-07-23 10:22:16 | INFO     | src.trading.executor:update_account_info:125 | 账户更新: 总值$98912.62, 买入力$391879.72
2025-07-23 10:22:16 | DEBUG    | src.bot.trading_bot:_update_market_data:184 | 市场数据更新完成
2025-07-23 10:22:19 | INFO     | src.strategy.signals:generate_signals:468 | 生成信号: LONG - VWAP多头突破: 偏离0.21%, MACD转正
2025-07-23 10:22:19 | INFO     | src.bot.trading_bot:_check_signals:202 | 检测到信号: LONG 置信度: 0.85 原因: VWAP多头突破: 偏离0.21%, MACD转正
2025-07-23 10:22:19 | INFO     | src.utils.notifications:send_message:63 | [GENERAL] 📡 交易信号
类型: LONG
强度: MEDIUM
置信度: 0.85
价格: $631.72
原因: VWAP多头突破: 偏离0.21%, MACD转正
2025-07-23 10:22:19 | INFO     | src.data.market_data:find_suitable_options:435 | 当前SPY价格: $631.91, 选择CALL期权行权价: $631
2025-07-23 10:22:19 | DEBUG    | src.data.market_data:_generate_option_symbol:470 | 生成期权代码: SPY250723C00631000 (行权价$631, 类型CALL)
2025-07-23 10:22:19 | INFO     | src.data.market_data:find_suitable_options:444 | 成功获取期权SPY250723C00631000的报价数据
2025-07-23 10:22:19 | INFO     | src.trading.executor:find_best_option:185 | 选择期权: SPY250723C00631000, 行权价$631, Bid=$1.31, Ask=$1.33, Delta=0.000
2025-07-23 10:22:20 | INFO     | src.trading.executor:calculate_position_size:156 | 计算头寸大小: 期权价格$1.33, 最大风险$840.76, 合约数量6, 最大限制10张
2025-07-23 10:22:20 | INFO     | src.trading.executor:execute_trade:260 | 主订单已提交: ce566757-4500-4a1c-9925-23bfc243ad72 SPY250723C00631000 买入6张 @$1.33
2025-07-23 10:22:21 | INFO     | src.trading.executor:execute_trade:285 | 订单成交价格: $1.33
2025-07-23 10:22:21 | WARNING  | src.trading.executor:execute_trade:342 | 主订单未成交，状态: new
2025-07-23 10:22:21 | WARNING  | src.bot.trading_bot:_check_signals:216 | 信号执行失败: LONG
2025-07-23 10:22:22 | INFO     | src.trading.executor:update_account_info:125 | 账户更新: 总值$98912.62, 买入力$388687.56
2025-07-23 10:22:22 | DEBUG    | src.bot.trading_bot:_update_market_data:184 | 市场数据更新完成
2025-07-23 10:22:22 | DEBUG    | src.bot.trading_bot:_update_positions_normal:259 | 📊 常规头寸更新完成
2025-07-23 10:22:24 | INFO     | src.strategy.signals:generate_signals:468 | 生成信号: LONG - VWAP多头突破: 偏离0.21%, MACD转正
2025-07-23 10:22:24 | INFO     | src.bot.trading_bot:_check_signals:202 | 检测到信号: LONG 置信度: 0.85 原因: VWAP多头突破: 偏离0.21%, MACD转正
2025-07-23 10:22:24 | INFO     | src.utils.notifications:send_message:63 | [GENERAL] 📡 交易信号
类型: LONG
强度: MEDIUM
置信度: 0.85
价格: $631.72
原因: VWAP多头突破: 偏离0.21%, MACD转正
2025-07-23 10:22:24 | INFO     | src.data.market_data:find_suitable_options:435 | 当前SPY价格: $631.91, 选择CALL期权行权价: $631
2025-07-23 10:22:24 | DEBUG    | src.data.market_data:_generate_option_symbol:470 | 生成期权代码: SPY250723C00631000 (行权价$631, 类型CALL)
2025-07-23 10:22:24 | INFO     | src.data.market_data:find_suitable_options:444 | 成功获取期权SPY250723C00631000的报价数据
2025-07-23 10:22:24 | INFO     | src.trading.executor:find_best_option:185 | 选择期权: SPY250723C00631000, 行权价$631, Bid=$1.37, Ask=$1.39, Delta=0.000
2025-07-23 10:22:25 | INFO     | src.trading.executor:calculate_position_size:156 | 计算头寸大小: 期权价格$1.38, 最大风险$840.76, 合约数量6, 最大限制10张
2025-07-23 10:22:25 | INFO     | src.trading.executor:execute_trade:260 | 主订单已提交: 222fbbda-2c4e-405e-b302-6e0754a375be SPY250723C00631000 买入6张 @$1.38
2025-07-23 10:22:26 | INFO     | src.trading.executor:execute_trade:270 | 主订单已成交: 222fbbda-2c4e-405e-b302-6e0754a375be
2025-07-23 10:22:26 | INFO     | src.trading.executor:execute_trade:285 | 订单成交价格: $1.38
2025-07-23 10:22:26 | WARNING  | src.trading.executor:execute_trade:342 | 主订单未成交，状态: filled
2025-07-23 10:22:26 | WARNING  | src.bot.trading_bot:_check_signals:216 | 信号执行失败: LONG
2025-07-23 10:22:27 | INFO     | src.trading.executor:update_account_info:125 | 账户更新: 总值$98942.50, 买入力$385375.44
2025-07-23 10:22:27 | DEBUG    | src.bot.trading_bot:_update_market_data:184 | 市场数据更新完成
2025-07-23 10:22:29 | INFO     | src.strategy.signals:generate_signals:468 | 生成信号: LONG - VWAP多头突破: 偏离0.21%, MACD转正
2025-07-23 10:22:29 | INFO     | src.bot.trading_bot:_check_signals:202 | 检测到信号: LONG 置信度: 0.85 原因: VWAP多头突破: 偏离0.21%, MACD转正
2025-07-23 10:22:29 | INFO     | src.utils.notifications:send_message:63 | [GENERAL] 📡 交易信号
类型: LONG
强度: MEDIUM
置信度: 0.85
价格: $631.72
原因: VWAP多头突破: 偏离0.21%, MACD转正
2025-07-23 10:22:29 | INFO     | src.data.market_data:find_suitable_options:435 | 当前SPY价格: $631.91, 选择CALL期权行权价: $631
2025-07-23 10:22:29 | DEBUG    | src.data.market_data:_generate_option_symbol:470 | 生成期权代码: SPY250723C00631000 (行权价$631, 类型CALL)
2025-07-23 10:22:29 | INFO     | src.data.market_data:find_suitable_options:444 | 成功获取期权SPY250723C00631000的报价数据
2025-07-23 10:22:29 | INFO     | src.trading.executor:find_best_option:185 | 选择期权: SPY250723C00631000, 行权价$631, Bid=$1.39, Ask=$1.41, Delta=0.000
2025-07-23 10:22:30 | INFO     | src.trading.executor:calculate_position_size:156 | 计算头寸大小: 期权价格$1.40, 最大风险$841.01, 合约数量6, 最大限制10张
2025-07-23 10:22:30 | INFO     | src.trading.executor:execute_trade:260 | 主订单已提交: ed6aae13-32f9-486c-9f02-98fa0e115354 SPY250723C00631000 买入6张 @$1.40
2025-07-23 10:22:31 | INFO     | src.trading.executor:execute_trade:270 | 主订单已成交: ed6aae13-32f9-486c-9f02-98fa0e115354
2025-07-23 10:22:31 | INFO     | src.trading.executor:execute_trade:285 | 订单成交价格: $1.39
2025-07-23 10:22:31 | WARNING  | src.trading.executor:execute_trade:342 | 主订单未成交，状态: filled
2025-07-23 10:22:31 | WARNING  | src.bot.trading_bot:_check_signals:216 | 信号执行失败: LONG
2025-07-23 10:22:32 | INFO     | src.trading.executor:update_account_info:125 | 账户更新: 总值$98954.38, 买入力$382039.32
2025-07-23 10:22:32 | DEBUG    | src.bot.trading_bot:_update_market_data:184 | 市场数据更新完成
2025-07-23 10:22:32 | INFO     | __main__:signal_handler:86 | 收到退出信号: SIGINT
2025-07-23 10:22:32 | INFO     | __main__:signal_handler:87 | 🛑 立即停止所有非必要操作，开始优雅退出...
2025-07-23 10:22:32 | INFO     | __main__:signal_handler:92 | ✅ 主循环已停止
2025-07-23 10:22:32 | INFO     | src.bot.trading_bot:stop:619 | 开始优雅停止交易机器人...
2025-07-23 10:22:32 | INFO     | src.bot.trading_bot:stop:628 | 第1步: 关闭所有持仓
2025-07-23 10:22:32 | INFO     | src.bot.trading_bot:stop:638 | 没有检测到持仓
2025-07-23 10:22:35 | INFO     | src.bot.trading_bot:stop:648 | 第2步: 验证所有持仓是否已关闭
2025-07-23 10:22:35 | INFO     | src.trading.executor:verify_positions_closed:802 | 正在验证持仓状态...
2025-07-23 10:22:35 | WARNING  | src.trading.executor:verify_positions_closed:815 | Alpaca账户仍有 1 个期权持仓:
2025-07-23 10:22:35 | WARNING  | src.trading.executor:verify_positions_closed:817 |   SPY250723C00631000: 24张
2025-07-23 10:22:35 | WARNING  | src.bot.trading_bot:stop:658 | 持仓验证失败，3秒后重试... (尝试 1/3)
2025-07-23 10:22:38 | INFO     | src.trading.executor:verify_positions_closed:802 | 正在验证持仓状态...
2025-07-23 10:22:39 | WARNING  | src.trading.executor:verify_positions_closed:815 | Alpaca账户仍有 1 个期权持仓:
2025-07-23 10:22:39 | WARNING  | src.trading.executor:verify_positions_closed:817 |   SPY250723C00631000: 24张
2025-07-23 10:22:39 | WARNING  | src.bot.trading_bot:stop:658 | 持仓验证失败，3秒后重试... (尝试 2/3)
2025-07-23 10:22:42 | INFO     | src.trading.executor:verify_positions_closed:802 | 正在验证持仓状态...
2025-07-23 10:22:42 | WARNING  | src.trading.executor:verify_positions_closed:815 | Alpaca账户仍有 1 个期权持仓:
2025-07-23 10:22:42 | WARNING  | src.trading.executor:verify_positions_closed:817 |   SPY250723C00631000: 24张
2025-07-23 10:22:42 | ERROR    | src.bot.trading_bot:stop:662 | ❌ 持仓关闭验证失败，请手动检查
2025-07-23 10:22:42 | INFO     | src.bot.trading_bot:stop:669 | 第3步: 取消所有开放订单
2025-07-23 10:22:42 | INFO     | src.trading.executor:cancel_all_open_orders:743 | 正在查询所有开放订单...
2025-07-23 10:22:42 | INFO     | src.trading.executor:cancel_all_open_orders:759 | 发现 2 个开放订单，正在取消...
2025-07-23 10:22:42 | INFO     | src.trading.executor:cancel_all_open_orders:769 | 已取消订单: SPY250723C00631000 buy 6张
2025-07-23 10:22:42 | INFO     | src.trading.executor:cancel_all_open_orders:769 | 已取消订单: SPY250723C00631000 buy 6张
2025-07-23 10:22:42 | INFO     | src.trading.executor:cancel_all_open_orders:775 | 订单取消完成: 成功2个, 失败0个
2025-07-23 10:22:43 | INFO     | src.trading.executor:cancel_all_open_orders:792 | 所有开放订单已成功取消
2025-07-23 10:22:45 | INFO     | src.bot.trading_bot:stop:682 | 第4步: 验证所有订单是否已取消
2025-07-23 10:22:45 | INFO     | src.trading.executor:verify_orders_cancelled:832 | 正在验证订单状态...
2025-07-23 10:22:45 | INFO     | src.trading.executor:verify_orders_cancelled:850 | 所有订单已确认取消
2025-07-23 10:22:45 | INFO     | src.bot.trading_bot:stop:687 | ✅ 所有订单已确认取消
2025-07-23 10:22:45 | INFO     | src.utils.notifications:send_message:63 | [GENERAL] 🛑 交易机器人已优雅停止
最终盈亏: $0.00
总交易次数: 0
运行时间: 0:16:27.919086
剩余持仓: 0 个
停止状态: 优雅停止完成
2025-07-23 10:22:45 | INFO     | src.bot.trading_bot:stop:724 | 🎯 交易机器人优雅停止完成
2025-07-23 10:22:45 | INFO     | __main__:main:143 | 程序结束
2025-07-23 10:28:22 | INFO     | src.utils.logger_setup:setup_logger:68 | 日志系统初始化完成
2025-07-23 10:28:22 | INFO     | __main__:main:59 | ============================================================
2025-07-23 10:28:22 | INFO     | __main__:main:60 | EOD期权交易机器人启动
2025-07-23 10:28:22 | INFO     | __main__:main:61 | ============================================================
2025-07-23 10:28:22 | INFO     | __main__:main:62 | 运行模式: test
2025-07-23 10:28:22 | INFO     | __main__:main:63 | 日志级别: INFO
2025-07-23 10:28:22 | INFO     | __main__:main:64 | 干运行模式: False
2025-07-23 10:28:22 | INFO     | __main__:main:65 | 快速退出模式: False
2025-07-23 10:28:22 | INFO     | __main__:main:66 | 交易标的: SPY
2025-07-23 10:28:22 | INFO     | __main__:main:67 | API地址: https://paper-api.alpaca.markets
2025-07-23 10:28:22 | INFO     | src.utils.logger_setup:setup_logger:68 | 日志系统初始化完成
2025-07-23 10:28:22 | INFO     | src.trading.executor:update_account_info:125 | 账户更新: 总值$99169.90, 买入力$401575.16
2025-07-23 10:28:22 | INFO     | src.trading.executor:sync_existing_positions:933 | 正在同步Alpaca账户现有持仓...
2025-07-23 10:28:22 | INFO     | src.trading.executor:sync_existing_positions:1018 | 持仓同步完成: 总共同步了 0 个期权持仓
2025-07-23 10:28:22 | INFO     | src.utils.notifications:__init__:39 | 通知管理器初始化完成（简化模式）
2025-07-23 10:28:22 | INFO     | __main__:main:118 | 正在启动交易机器人...
2025-07-23 10:28:22 | INFO     | __main__:main:119 | 按 Ctrl+C 可触发优雅退出
2025-07-23 10:28:22 | INFO     | src.bot.trading_bot:start:66 | 启动末日期权交易机器人
2025-07-23 10:28:22 | INFO     | src.utils.notifications:send_message:63 | [GENERAL] 🚀 EOD期权交易机器人已启动
标的: SPY
账户资金: $99,169.90
最大日风险: $1,983.40
交易时间: 09:30 - 15:50
2025-07-23 10:28:22 | INFO     | src.bot.trading_bot:_setup_schedule:121 | 📊 监控频率设置: 持仓检查=3秒, 市场数据=3秒, 信号检查=3秒
2025-07-23 10:28:25 | INFO     | src.trading.executor:update_account_info:125 | 账户更新: 总值$99169.90, 买入力$401575.16
2025-07-23 10:28:25 | DEBUG    | src.bot.trading_bot:_update_market_data:184 | 市场数据更新完成
2025-07-23 10:28:29 | INFO     | src.trading.executor:update_account_info:125 | 账户更新: 总值$99169.90, 买入力$401575.16
2025-07-23 10:28:29 | DEBUG    | src.bot.trading_bot:_update_market_data:184 | 市场数据更新完成
2025-07-23 10:28:32 | INFO     | src.trading.executor:update_account_info:125 | 账户更新: 总值$99169.90, 买入力$401575.16
2025-07-23 10:28:32 | DEBUG    | src.bot.trading_bot:_update_market_data:184 | 市场数据更新完成
2025-07-23 10:28:35 | INFO     | src.trading.executor:update_account_info:125 | 账户更新: 总值$99169.90, 买入力$401575.16
2025-07-23 10:28:35 | DEBUG    | src.bot.trading_bot:_update_market_data:184 | 市场数据更新完成
2025-07-23 10:28:39 | INFO     | src.trading.executor:update_account_info:125 | 账户更新: 总值$99169.90, 买入力$401575.16
2025-07-23 10:28:39 | DEBUG    | src.bot.trading_bot:_update_market_data:184 | 市场数据更新完成
2025-07-23 10:28:42 | INFO     | src.trading.executor:update_account_info:125 | 账户更新: 总值$99169.90, 买入力$401575.16
2025-07-23 10:28:42 | DEBUG    | src.bot.trading_bot:_update_market_data:184 | 市场数据更新完成
2025-07-23 10:28:45 | INFO     | src.trading.executor:update_account_info:125 | 账户更新: 总值$99169.90, 买入力$401575.16
2025-07-23 10:28:45 | DEBUG    | src.bot.trading_bot:_update_market_data:184 | 市场数据更新完成
2025-07-23 10:28:48 | INFO     | src.trading.executor:update_account_info:125 | 账户更新: 总值$99169.90, 买入力$401575.16
2025-07-23 10:28:48 | DEBUG    | src.bot.trading_bot:_update_market_data:184 | 市场数据更新完成
2025-07-23 10:28:51 | INFO     | src.trading.executor:update_account_info:125 | 账户更新: 总值$99169.90, 买入力$401575.16
2025-07-23 10:28:51 | DEBUG    | src.bot.trading_bot:_update_market_data:184 | 市场数据更新完成
2025-07-23 10:28:55 | INFO     | src.trading.executor:update_account_info:125 | 账户更新: 总值$99169.90, 买入力$401575.16
2025-07-23 10:28:55 | DEBUG    | src.bot.trading_bot:_update_market_data:184 | 市场数据更新完成
2025-07-23 10:28:58 | INFO     | src.trading.executor:update_account_info:125 | 账户更新: 总值$99169.90, 买入力$401575.16
2025-07-23 10:28:58 | DEBUG    | src.bot.trading_bot:_update_market_data:184 | 市场数据更新完成
2025-07-23 10:29:01 | INFO     | src.trading.executor:update_account_info:125 | 账户更新: 总值$99169.90, 买入力$401575.16
2025-07-23 10:29:01 | DEBUG    | src.bot.trading_bot:_update_market_data:184 | 市场数据更新完成
2025-07-23 10:29:04 | INFO     | src.trading.executor:update_account_info:125 | 账户更新: 总值$99169.90, 买入力$401575.16
2025-07-23 10:29:04 | DEBUG    | src.bot.trading_bot:_update_market_data:184 | 市场数据更新完成
2025-07-23 10:29:07 | INFO     | src.trading.executor:update_account_info:125 | 账户更新: 总值$99169.90, 买入力$401575.16
2025-07-23 10:29:07 | DEBUG    | src.bot.trading_bot:_update_market_data:184 | 市场数据更新完成
2025-07-23 10:29:11 | INFO     | src.trading.executor:update_account_info:125 | 账户更新: 总值$99169.90, 买入力$401575.16
2025-07-23 10:29:11 | DEBUG    | src.bot.trading_bot:_update_market_data:184 | 市场数据更新完成
2025-07-23 10:29:14 | INFO     | src.trading.executor:update_account_info:125 | 账户更新: 总值$99169.90, 买入力$401575.16
2025-07-23 10:29:14 | DEBUG    | src.bot.trading_bot:_update_market_data:184 | 市场数据更新完成
2025-07-23 10:29:17 | INFO     | src.trading.executor:update_account_info:125 | 账户更新: 总值$99169.90, 买入力$401575.16
2025-07-23 10:29:17 | DEBUG    | src.bot.trading_bot:_update_market_data:184 | 市场数据更新完成
2025-07-23 10:29:20 | INFO     | src.trading.executor:update_account_info:125 | 账户更新: 总值$99169.90, 买入力$401575.16
2025-07-23 10:29:20 | DEBUG    | src.bot.trading_bot:_update_market_data:184 | 市场数据更新完成
2025-07-23 10:29:22 | DEBUG    | src.bot.trading_bot:_update_positions_normal:259 | 📊 常规头寸更新完成
2025-07-23 10:29:23 | INFO     | src.trading.executor:update_account_info:125 | 账户更新: 总值$99169.90, 买入力$401575.16
2025-07-23 10:29:23 | DEBUG    | src.bot.trading_bot:_update_market_data:184 | 市场数据更新完成
2025-07-23 10:29:27 | INFO     | src.trading.executor:update_account_info:125 | 账户更新: 总值$99169.90, 买入力$401575.16
2025-07-23 10:29:27 | DEBUG    | src.bot.trading_bot:_update_market_data:184 | 市场数据更新完成
2025-07-23 10:29:30 | INFO     | src.trading.executor:update_account_info:125 | 账户更新: 总值$99169.90, 买入力$401575.16
2025-07-23 10:29:30 | DEBUG    | src.bot.trading_bot:_update_market_data:184 | 市场数据更新完成
2025-07-23 10:29:33 | INFO     | src.trading.executor:update_account_info:125 | 账户更新: 总值$99169.90, 买入力$401575.16
2025-07-23 10:29:33 | DEBUG    | src.bot.trading_bot:_update_market_data:184 | 市场数据更新完成
2025-07-23 10:29:36 | INFO     | src.trading.executor:update_account_info:125 | 账户更新: 总值$99169.90, 买入力$401575.16
2025-07-23 10:29:36 | DEBUG    | src.bot.trading_bot:_update_market_data:184 | 市场数据更新完成
2025-07-23 10:29:40 | INFO     | src.trading.executor:update_account_info:125 | 账户更新: 总值$99169.90, 买入力$401575.16
2025-07-23 10:29:40 | DEBUG    | src.bot.trading_bot:_update_market_data:184 | 市场数据更新完成
2025-07-23 10:29:43 | INFO     | src.trading.executor:update_account_info:125 | 账户更新: 总值$99169.90, 买入力$401575.16
2025-07-23 10:29:43 | DEBUG    | src.bot.trading_bot:_update_market_data:184 | 市场数据更新完成
2025-07-23 10:29:46 | INFO     | src.trading.executor:update_account_info:125 | 账户更新: 总值$99169.90, 买入力$401575.16
2025-07-23 10:29:46 | DEBUG    | src.bot.trading_bot:_update_market_data:184 | 市场数据更新完成
2025-07-23 10:29:49 | INFO     | src.trading.executor:update_account_info:125 | 账户更新: 总值$99169.90, 买入力$401575.16
2025-07-23 10:29:49 | DEBUG    | src.bot.trading_bot:_update_market_data:184 | 市场数据更新完成
2025-07-23 10:29:52 | INFO     | src.trading.executor:update_account_info:125 | 账户更新: 总值$99169.90, 买入力$401575.16
2025-07-23 10:29:52 | DEBUG    | src.bot.trading_bot:_update_market_data:184 | 市场数据更新完成
2025-07-23 10:29:56 | INFO     | src.trading.executor:update_account_info:125 | 账户更新: 总值$99169.90, 买入力$401575.16
2025-07-23 10:29:56 | DEBUG    | src.bot.trading_bot:_update_market_data:184 | 市场数据更新完成
2025-07-23 10:29:59 | INFO     | src.trading.executor:update_account_info:125 | 账户更新: 总值$99169.90, 买入力$401575.16
2025-07-23 10:29:59 | DEBUG    | src.bot.trading_bot:_update_market_data:184 | 市场数据更新完成
2025-07-23 10:30:02 | INFO     | src.trading.executor:update_account_info:125 | 账户更新: 总值$99169.90, 买入力$401575.16
2025-07-23 10:30:02 | DEBUG    | src.bot.trading_bot:_update_market_data:184 | 市场数据更新完成
2025-07-23 10:30:02 | INFO     | src.strategy.signals:generate_signals:468 | 生成信号: LONG - VWAP多头突破: 偏离0.18%, MACD转正
2025-07-23 10:30:02 | INFO     | src.bot.trading_bot:_check_signals:202 | 检测到信号: LONG 置信度: 0.85 原因: VWAP多头突破: 偏离0.18%, MACD转正
2025-07-23 10:30:02 | INFO     | src.utils.notifications:send_message:63 | [GENERAL] 📡 交易信号
类型: LONG
强度: MEDIUM
置信度: 0.85
价格: $631.59
原因: VWAP多头突破: 偏离0.18%, MACD转正
2025-07-23 10:30:02 | INFO     | src.data.market_data:find_suitable_options:435 | 当前SPY价格: $632.11, 选择CALL期权行权价: $632
2025-07-23 10:30:02 | DEBUG    | src.data.market_data:_generate_option_symbol:470 | 生成期权代码: SPY250723C00632000 (行权价$632, 类型CALL)
2025-07-23 10:30:03 | INFO     | src.data.market_data:find_suitable_options:444 | 成功获取期权SPY250723C00632000的报价数据
2025-07-23 10:30:03 | INFO     | src.trading.executor:find_best_option:185 | 选择期权: SPY250723C00632000, 行权价$632, Bid=$0.87, Ask=$0.88, Delta=0.000
2025-07-23 10:30:03 | INFO     | src.trading.executor:calculate_position_size:156 | 计算头寸大小: 期权价格$0.88, 最大风险$842.94, 合约数量9, 最大限制10张
2025-07-23 10:30:03 | INFO     | src.trading.executor:execute_trade:260 | 主订单已提交: 5bc5d48a-67ee-4f61-9053-1f34c1fd072f SPY250723C00632000 买入9张 @$0.88
2025-07-23 10:30:04 | INFO     | src.trading.executor:execute_trade:270 | 主订单已成交: 5bc5d48a-67ee-4f61-9053-1f34c1fd072f
2025-07-23 10:30:04 | INFO     | src.trading.executor:execute_trade:285 | 订单成交价格: $0.86
2025-07-23 10:30:04 | INFO     | src.trading.executor:execute_trade:320 | 开仓|2025-07-23 10:30:04|BUY|SPY250723C00632000|9|0.86|order_id=5bc5d48a-67ee-4f61-9053-1f34c1fd072f|signal=LONG|reason=VWAP多头突破: 偏离0.18%, MACD转正
2025-07-23 10:30:04 | INFO     | src.trading.executor:execute_trade:334 | 🎯 实时监控交易启动: LONG_CALL SPY250723C00632000 数量9 入场价$0.86 止盈$1.29 止损$0.77
2025-07-23 10:30:04 | INFO     | src.trading.executor:execute_trade:337 | 📊 将通过实时价格监控执行止盈止损，使用市价单确保立即成交
2025-07-23 10:30:04 | INFO     | src.bot.trading_bot:_check_signals:214 | 信号执行成功: LONG
2025-07-23 10:30:05 | DEBUG    | src.bot.trading_bot:_update_positions_frequently:239 | ⚡ 高频头寸更新完成 (1个持仓)
2025-07-23 10:30:06 | INFO     | src.trading.executor:update_account_info:125 | 账户更新: 总值$99151.72, 买入力$398478.98
2025-07-23 10:30:06 | DEBUG    | src.bot.trading_bot:_update_market_data:184 | 市场数据更新完成
2025-07-23 10:30:08 | INFO     | src.strategy.signals:generate_signals:468 | 生成信号: LONG - VWAP多头突破: 偏离0.18%, MACD转正
2025-07-23 10:30:08 | INFO     | src.bot.trading_bot:_check_signals:202 | 检测到信号: LONG 置信度: 0.85 原因: VWAP多头突破: 偏离0.18%, MACD转正
2025-07-23 10:30:08 | INFO     | src.utils.notifications:send_message:63 | [GENERAL] 📡 交易信号
类型: LONG
强度: MEDIUM
置信度: 0.85
价格: $631.59
原因: VWAP多头突破: 偏离0.18%, MACD转正
2025-07-23 10:30:08 | INFO     | src.bot.trading_bot:_should_execute_signal:398 | 已有同方向头寸，跳过执行
2025-07-23 10:30:09 | DEBUG    | src.bot.trading_bot:_update_positions_frequently:239 | ⚡ 高频头寸更新完成 (1个持仓)
2025-07-23 10:30:10 | INFO     | src.trading.executor:update_account_info:125 | 账户更新: 总值$99151.72, 买入力$398478.98
2025-07-23 10:30:10 | DEBUG    | src.bot.trading_bot:_update_market_data:184 | 市场数据更新完成
2025-07-23 10:30:11 | INFO     | src.strategy.signals:generate_signals:468 | 生成信号: LONG - VWAP多头突破: 偏离0.18%, MACD转正
2025-07-23 10:30:11 | INFO     | src.bot.trading_bot:_check_signals:202 | 检测到信号: LONG 置信度: 0.85 原因: VWAP多头突破: 偏离0.18%, MACD转正
2025-07-23 10:30:11 | INFO     | src.utils.notifications:send_message:63 | [GENERAL] 📡 交易信号
类型: LONG
强度: MEDIUM
置信度: 0.85
价格: $631.59
原因: VWAP多头突破: 偏离0.18%, MACD转正
2025-07-23 10:30:11 | INFO     | src.bot.trading_bot:_should_execute_signal:398 | 已有同方向头寸，跳过执行
2025-07-23 10:30:13 | DEBUG    | src.bot.trading_bot:_update_positions_frequently:239 | ⚡ 高频头寸更新完成 (1个持仓)
2025-07-23 10:30:14 | INFO     | src.trading.executor:update_account_info:125 | 账户更新: 总值$99133.72, 买入力$398478.98
2025-07-23 10:30:14 | DEBUG    | src.bot.trading_bot:_update_market_data:184 | 市场数据更新完成
2025-07-23 10:30:15 | INFO     | src.strategy.signals:generate_signals:468 | 生成信号: LONG - VWAP多头突破: 偏离0.18%, MACD转正
2025-07-23 10:30:15 | INFO     | src.bot.trading_bot:_check_signals:202 | 检测到信号: LONG 置信度: 0.85 原因: VWAP多头突破: 偏离0.18%, MACD转正
2025-07-23 10:30:15 | INFO     | src.utils.notifications:send_message:63 | [GENERAL] 📡 交易信号
类型: LONG
强度: MEDIUM
置信度: 0.85
价格: $631.59
原因: VWAP多头突破: 偏离0.18%, MACD转正
2025-07-23 10:30:15 | INFO     | src.bot.trading_bot:_should_execute_signal:398 | 已有同方向头寸，跳过执行
2025-07-23 10:30:17 | DEBUG    | src.bot.trading_bot:_update_positions_frequently:239 | ⚡ 高频头寸更新完成 (1个持仓)
2025-07-23 10:30:18 | INFO     | src.trading.executor:update_account_info:125 | 账户更新: 总值$99142.72, 买入力$398478.98
2025-07-23 10:30:18 | DEBUG    | src.bot.trading_bot:_update_market_data:184 | 市场数据更新完成
2025-07-23 10:30:18 | INFO     | src.strategy.signals:generate_signals:468 | 生成信号: LONG - VWAP多头突破: 偏离0.18%, MACD转正
2025-07-23 10:30:18 | INFO     | src.bot.trading_bot:_check_signals:202 | 检测到信号: LONG 置信度: 0.85 原因: VWAP多头突破: 偏离0.18%, MACD转正
2025-07-23 10:30:18 | INFO     | src.utils.notifications:send_message:63 | [GENERAL] 📡 交易信号
类型: LONG
强度: MEDIUM
置信度: 0.85
价格: $631.59
原因: VWAP多头突破: 偏离0.18%, MACD转正
2025-07-23 10:30:18 | INFO     | src.bot.trading_bot:_should_execute_signal:398 | 已有同方向头寸，跳过执行
2025-07-23 10:30:21 | DEBUG    | src.bot.trading_bot:_update_positions_frequently:239 | ⚡ 高频头寸更新完成 (1个持仓)
2025-07-23 10:30:22 | INFO     | src.trading.executor:update_account_info:125 | 账户更新: 总值$99142.72, 买入力$398478.98
2025-07-23 10:30:22 | DEBUG    | src.bot.trading_bot:_update_market_data:184 | 市场数据更新完成
2025-07-23 10:30:22 | INFO     | src.strategy.signals:generate_signals:468 | 生成信号: LONG - VWAP多头突破: 偏离0.18%, MACD转正
2025-07-23 10:30:22 | INFO     | src.bot.trading_bot:_check_signals:202 | 检测到信号: LONG 置信度: 0.85 原因: VWAP多头突破: 偏离0.18%, MACD转正
2025-07-23 10:30:22 | INFO     | src.utils.notifications:send_message:63 | [GENERAL] 📡 交易信号
类型: LONG
强度: MEDIUM
置信度: 0.85
价格: $631.59
原因: VWAP多头突破: 偏离0.18%, MACD转正
2025-07-23 10:30:22 | INFO     | src.bot.trading_bot:_should_execute_signal:398 | 已有同方向头寸，跳过执行
2025-07-23 10:30:25 | DEBUG    | src.bot.trading_bot:_update_positions_frequently:239 | ⚡ 高频头寸更新完成 (1个持仓)
2025-07-23 10:30:26 | INFO     | src.trading.executor:update_account_info:125 | 账户更新: 总值$99142.72, 买入力$398478.98
2025-07-23 10:30:26 | DEBUG    | src.bot.trading_bot:_update_market_data:184 | 市场数据更新完成
2025-07-23 10:30:26 | INFO     | src.strategy.signals:generate_signals:468 | 生成信号: LONG - VWAP多头突破: 偏离0.18%, MACD转正
2025-07-23 10:30:26 | INFO     | src.bot.trading_bot:_check_signals:202 | 检测到信号: LONG 置信度: 0.85 原因: VWAP多头突破: 偏离0.18%, MACD转正
2025-07-23 10:30:26 | INFO     | src.utils.notifications:send_message:63 | [GENERAL] 📡 交易信号
类型: LONG
强度: MEDIUM
置信度: 0.85
价格: $631.59
原因: VWAP多头突破: 偏离0.18%, MACD转正
2025-07-23 10:30:26 | INFO     | src.bot.trading_bot:_should_execute_signal:398 | 已有同方向头寸，跳过执行
2025-07-23 10:30:30 | DEBUG    | src.bot.trading_bot:_update_positions_frequently:239 | ⚡ 高频头寸更新完成 (1个持仓)
2025-07-23 10:30:31 | INFO     | src.trading.executor:update_account_info:125 | 账户更新: 总值$99151.72, 买入力$398478.98
2025-07-23 10:30:31 | DEBUG    | src.bot.trading_bot:_update_market_data:184 | 市场数据更新完成
2025-07-23 10:30:31 | INFO     | src.strategy.signals:generate_signals:468 | 生成信号: LONG - VWAP多头突破: 偏离0.18%, MACD转正
2025-07-23 10:30:31 | INFO     | src.bot.trading_bot:_check_signals:202 | 检测到信号: LONG 置信度: 0.85 原因: VWAP多头突破: 偏离0.18%, MACD转正
2025-07-23 10:30:31 | INFO     | src.utils.notifications:send_message:63 | [GENERAL] 📡 交易信号
类型: LONG
强度: MEDIUM
置信度: 0.85
价格: $631.59
原因: VWAP多头突破: 偏离0.18%, MACD转正
2025-07-23 10:30:31 | INFO     | src.bot.trading_bot:_should_execute_signal:398 | 已有同方向头寸，跳过执行
2025-07-23 10:30:34 | DEBUG    | src.bot.trading_bot:_update_positions_frequently:239 | ⚡ 高频头寸更新完成 (1个持仓)
2025-07-23 10:30:35 | INFO     | src.trading.executor:update_account_info:125 | 账户更新: 总值$99142.72, 买入力$398478.98
2025-07-23 10:30:35 | DEBUG    | src.bot.trading_bot:_update_market_data:184 | 市场数据更新完成
2025-07-23 10:30:35 | INFO     | src.strategy.signals:generate_signals:468 | 生成信号: LONG - VWAP多头突破: 偏离0.18%, MACD转正
2025-07-23 10:30:35 | INFO     | src.bot.trading_bot:_check_signals:202 | 检测到信号: LONG 置信度: 0.85 原因: VWAP多头突破: 偏离0.18%, MACD转正
2025-07-23 10:30:35 | INFO     | src.utils.notifications:send_message:63 | [GENERAL] 📡 交易信号
类型: LONG
强度: MEDIUM
置信度: 0.85
价格: $631.59
原因: VWAP多头突破: 偏离0.18%, MACD转正
2025-07-23 10:30:35 | INFO     | src.bot.trading_bot:_should_execute_signal:398 | 已有同方向头寸，跳过执行
2025-07-23 10:30:38 | DEBUG    | src.bot.trading_bot:_update_positions_frequently:239 | ⚡ 高频头寸更新完成 (1个持仓)
2025-07-23 10:30:38 | INFO     | src.trading.executor:update_account_info:125 | 账户更新: 总值$99142.72, 买入力$398478.98
2025-07-23 10:30:38 | DEBUG    | src.bot.trading_bot:_update_market_data:184 | 市场数据更新完成
2025-07-23 10:30:38 | INFO     | src.strategy.signals:generate_signals:468 | 生成信号: LONG - VWAP多头突破: 偏离0.18%, MACD转正
2025-07-23 10:30:38 | INFO     | src.bot.trading_bot:_check_signals:202 | 检测到信号: LONG 置信度: 0.85 原因: VWAP多头突破: 偏离0.18%, MACD转正
2025-07-23 10:30:38 | INFO     | src.utils.notifications:send_message:63 | [GENERAL] 📡 交易信号
类型: LONG
强度: MEDIUM
置信度: 0.85
价格: $631.59
原因: VWAP多头突破: 偏离0.18%, MACD转正
2025-07-23 10:30:38 | INFO     | src.bot.trading_bot:_should_execute_signal:398 | 已有同方向头寸，跳过执行
2025-07-23 10:30:42 | DEBUG    | src.bot.trading_bot:_update_positions_frequently:239 | ⚡ 高频头寸更新完成 (1个持仓)
2025-07-23 10:30:42 | INFO     | src.trading.executor:update_account_info:125 | 账户更新: 总值$99142.72, 买入力$398478.98
2025-07-23 10:30:42 | DEBUG    | src.bot.trading_bot:_update_market_data:184 | 市场数据更新完成
2025-07-23 10:30:42 | INFO     | src.strategy.signals:generate_signals:468 | 生成信号: LONG - VWAP多头突破: 偏离0.18%, MACD转正
2025-07-23 10:30:42 | INFO     | src.bot.trading_bot:_check_signals:202 | 检测到信号: LONG 置信度: 0.85 原因: VWAP多头突破: 偏离0.18%, MACD转正
2025-07-23 10:30:42 | INFO     | src.utils.notifications:send_message:63 | [GENERAL] 📡 交易信号
类型: LONG
强度: MEDIUM
置信度: 0.85
价格: $631.59
原因: VWAP多头突破: 偏离0.18%, MACD转正
2025-07-23 10:30:42 | INFO     | src.bot.trading_bot:_should_execute_signal:398 | 已有同方向头寸，跳过执行
2025-07-23 10:30:45 | DEBUG    | src.bot.trading_bot:_update_positions_frequently:239 | ⚡ 高频头寸更新完成 (1个持仓)
2025-07-23 10:30:46 | INFO     | src.trading.executor:update_account_info:125 | 账户更新: 总值$99133.72, 买入力$398478.98
2025-07-23 10:30:46 | DEBUG    | src.bot.trading_bot:_update_market_data:184 | 市场数据更新完成
2025-07-23 10:30:46 | INFO     | src.strategy.signals:generate_signals:468 | 生成信号: LONG - VWAP多头突破: 偏离0.18%, MACD转正
2025-07-23 10:30:46 | INFO     | src.bot.trading_bot:_check_signals:202 | 检测到信号: LONG 置信度: 0.85 原因: VWAP多头突破: 偏离0.18%, MACD转正
2025-07-23 10:30:46 | INFO     | src.utils.notifications:send_message:63 | [GENERAL] 📡 交易信号
类型: LONG
强度: MEDIUM
置信度: 0.85
价格: $631.59
原因: VWAP多头突破: 偏离0.18%, MACD转正
2025-07-23 10:30:46 | INFO     | src.bot.trading_bot:_should_execute_signal:398 | 已有同方向头寸，跳过执行
2025-07-23 10:30:50 | DEBUG    | src.bot.trading_bot:_update_positions_frequently:239 | ⚡ 高频头寸更新完成 (1个持仓)
2025-07-23 10:30:51 | INFO     | src.trading.executor:update_account_info:125 | 账户更新: 总值$99169.72, 买入力$398478.98
2025-07-23 10:30:51 | DEBUG    | src.bot.trading_bot:_update_market_data:184 | 市场数据更新完成
2025-07-23 10:30:51 | INFO     | src.strategy.signals:generate_signals:468 | 生成信号: LONG - VWAP多头突破: 偏离0.18%, MACD转正
2025-07-23 10:30:51 | INFO     | src.bot.trading_bot:_check_signals:202 | 检测到信号: LONG 置信度: 0.85 原因: VWAP多头突破: 偏离0.18%, MACD转正
2025-07-23 10:30:51 | INFO     | src.utils.notifications:send_message:63 | [GENERAL] 📡 交易信号
类型: LONG
强度: MEDIUM
置信度: 0.85
价格: $631.59
原因: VWAP多头突破: 偏离0.18%, MACD转正
2025-07-23 10:30:51 | INFO     | src.bot.trading_bot:_should_execute_signal:398 | 已有同方向头寸，跳过执行
2025-07-23 10:30:54 | DEBUG    | src.bot.trading_bot:_update_positions_frequently:239 | ⚡ 高频头寸更新完成 (1个持仓)
2025-07-23 10:30:54 | INFO     | src.trading.executor:update_account_info:125 | 账户更新: 总值$99178.72, 买入力$398478.98
2025-07-23 10:30:55 | DEBUG    | src.bot.trading_bot:_update_market_data:184 | 市场数据更新完成
2025-07-23 10:30:55 | INFO     | src.strategy.signals:generate_signals:468 | 生成信号: LONG - VWAP多头突破: 偏离0.18%, MACD转正
2025-07-23 10:30:55 | INFO     | src.bot.trading_bot:_check_signals:202 | 检测到信号: LONG 置信度: 0.85 原因: VWAP多头突破: 偏离0.18%, MACD转正
2025-07-23 10:30:55 | INFO     | src.utils.notifications:send_message:63 | [GENERAL] 📡 交易信号
类型: LONG
强度: MEDIUM
置信度: 0.85
价格: $631.59
原因: VWAP多头突破: 偏离0.18%, MACD转正
2025-07-23 10:30:55 | INFO     | src.bot.trading_bot:_should_execute_signal:398 | 已有同方向头寸，跳过执行
2025-07-23 10:30:58 | DEBUG    | src.bot.trading_bot:_update_positions_frequently:239 | ⚡ 高频头寸更新完成 (1个持仓)
2025-07-23 10:30:58 | INFO     | src.trading.executor:update_account_info:125 | 账户更新: 总值$99178.72, 买入力$398478.98
2025-07-23 10:30:59 | DEBUG    | src.bot.trading_bot:_update_market_data:184 | 市场数据更新完成
2025-07-23 10:30:59 | INFO     | src.strategy.signals:generate_signals:468 | 生成信号: LONG - VWAP多头突破: 偏离0.18%, MACD转正
2025-07-23 10:30:59 | INFO     | src.bot.trading_bot:_check_signals:202 | 检测到信号: LONG 置信度: 0.85 原因: VWAP多头突破: 偏离0.18%, MACD转正
2025-07-23 10:30:59 | INFO     | src.utils.notifications:send_message:63 | [GENERAL] 📡 交易信号
类型: LONG
强度: MEDIUM
置信度: 0.85
价格: $631.59
原因: VWAP多头突破: 偏离0.18%, MACD转正
2025-07-23 10:30:59 | INFO     | src.bot.trading_bot:_should_execute_signal:398 | 已有同方向头寸，跳过执行
2025-07-23 10:31:02 | DEBUG    | src.bot.trading_bot:_update_positions_frequently:239 | ⚡ 高频头寸更新完成 (1个持仓)
2025-07-23 10:31:02 | INFO     | src.trading.executor:update_account_info:125 | 账户更新: 总值$99169.72, 买入力$398478.98
2025-07-23 10:31:03 | DEBUG    | src.bot.trading_bot:_update_market_data:184 | 市场数据更新完成
2025-07-23 10:31:03 | INFO     | src.strategy.signals:generate_signals:468 | 生成信号: LONG - VWAP多头突破: 偏离0.18%, MACD转正
2025-07-23 10:31:03 | INFO     | src.bot.trading_bot:_check_signals:202 | 检测到信号: LONG 置信度: 0.85 原因: VWAP多头突破: 偏离0.18%, MACD转正
2025-07-23 10:31:03 | INFO     | src.utils.notifications:send_message:63 | [GENERAL] 📡 交易信号
类型: LONG
强度: MEDIUM
置信度: 0.85
价格: $631.59
原因: VWAP多头突破: 偏离0.18%, MACD转正
2025-07-23 10:31:03 | INFO     | src.bot.trading_bot:_should_execute_signal:398 | 已有同方向头寸，跳过执行
2025-07-23 10:31:06 | DEBUG    | src.bot.trading_bot:_update_positions_frequently:239 | ⚡ 高频头寸更新完成 (1个持仓)
2025-07-23 10:31:06 | INFO     | src.trading.executor:update_account_info:125 | 账户更新: 总值$99169.72, 买入力$398478.98
2025-07-23 10:31:07 | DEBUG    | src.bot.trading_bot:_update_market_data:184 | 市场数据更新完成
2025-07-23 10:31:09 | DEBUG    | src.bot.trading_bot:_update_positions_frequently:239 | ⚡ 高频头寸更新完成 (1个持仓)
2025-07-23 10:31:10 | INFO     | src.trading.executor:update_account_info:125 | 账户更新: 总值$99169.72, 买入力$398478.98
2025-07-23 10:31:10 | DEBUG    | src.bot.trading_bot:_update_market_data:184 | 市场数据更新完成
2025-07-23 10:31:13 | DEBUG    | src.bot.trading_bot:_update_positions_frequently:239 | ⚡ 高频头寸更新完成 (1个持仓)
2025-07-23 10:31:14 | INFO     | src.trading.executor:update_account_info:125 | 账户更新: 总值$99196.72, 买入力$398478.98
2025-07-23 10:31:14 | DEBUG    | src.bot.trading_bot:_update_market_data:184 | 市场数据更新完成
2025-07-23 10:31:17 | DEBUG    | src.bot.trading_bot:_update_positions_frequently:239 | ⚡ 高频头寸更新完成 (1个持仓)
2025-07-23 10:31:18 | INFO     | src.trading.executor:update_account_info:125 | 账户更新: 总值$99196.72, 买入力$398478.98
2025-07-23 10:31:18 | DEBUG    | src.bot.trading_bot:_update_market_data:184 | 市场数据更新完成
2025-07-23 10:31:21 | DEBUG    | src.bot.trading_bot:_update_positions_frequently:239 | ⚡ 高频头寸更新完成 (1个持仓)
2025-07-23 10:31:22 | INFO     | src.trading.executor:update_account_info:125 | 账户更新: 总值$99205.72, 买入力$398478.98
2025-07-23 10:31:22 | DEBUG    | src.bot.trading_bot:_update_market_data:184 | 市场数据更新完成
2025-07-23 10:31:25 | DEBUG    | src.bot.trading_bot:_update_positions_frequently:239 | ⚡ 高频头寸更新完成 (1个持仓)
2025-07-23 10:31:26 | INFO     | src.trading.executor:update_account_info:125 | 账户更新: 总值$99205.72, 买入力$398478.98
2025-07-23 10:31:26 | DEBUG    | src.bot.trading_bot:_update_market_data:184 | 市场数据更新完成
2025-07-23 10:31:29 | DEBUG    | src.bot.trading_bot:_update_positions_frequently:239 | ⚡ 高频头寸更新完成 (1个持仓)
2025-07-23 10:31:30 | INFO     | src.trading.executor:update_account_info:125 | 账户更新: 总值$99187.72, 买入力$398478.98
2025-07-23 10:31:30 | DEBUG    | src.bot.trading_bot:_update_market_data:184 | 市场数据更新完成
2025-07-23 10:31:33 | DEBUG    | src.bot.trading_bot:_update_positions_frequently:239 | ⚡ 高频头寸更新完成 (1个持仓)
2025-07-23 10:31:34 | INFO     | src.trading.executor:update_account_info:125 | 账户更新: 总值$99178.72, 买入力$398478.98
2025-07-23 10:31:34 | DEBUG    | src.bot.trading_bot:_update_market_data:184 | 市场数据更新完成
2025-07-23 10:31:37 | DEBUG    | src.bot.trading_bot:_update_positions_frequently:239 | ⚡ 高频头寸更新完成 (1个持仓)
2025-07-23 10:31:38 | INFO     | src.trading.executor:update_account_info:125 | 账户更新: 总值$99160.72, 买入力$398478.98
2025-07-23 10:31:38 | DEBUG    | src.bot.trading_bot:_update_market_data:184 | 市场数据更新完成
2025-07-23 10:31:41 | DEBUG    | src.bot.trading_bot:_update_positions_frequently:239 | ⚡ 高频头寸更新完成 (1个持仓)
2025-07-23 10:31:42 | INFO     | src.trading.executor:update_account_info:125 | 账户更新: 总值$99178.72, 买入力$398478.98
2025-07-23 10:31:42 | DEBUG    | src.bot.trading_bot:_update_market_data:184 | 市场数据更新完成
2025-07-23 10:31:45 | DEBUG    | src.bot.trading_bot:_update_positions_frequently:239 | ⚡ 高频头寸更新完成 (1个持仓)
2025-07-23 10:31:46 | INFO     | src.trading.executor:update_account_info:125 | 账户更新: 总值$99187.72, 买入力$398478.98
2025-07-23 10:31:46 | DEBUG    | src.bot.trading_bot:_update_market_data:184 | 市场数据更新完成
2025-07-23 10:31:48 | DEBUG    | src.bot.trading_bot:_update_positions_frequently:239 | ⚡ 高频头寸更新完成 (1个持仓)
2025-07-23 10:31:49 | INFO     | src.trading.executor:update_account_info:125 | 账户更新: 总值$99196.72, 买入力$398478.98
2025-07-23 10:31:49 | DEBUG    | src.bot.trading_bot:_update_market_data:184 | 市场数据更新完成
2025-07-23 10:31:52 | DEBUG    | src.bot.trading_bot:_update_positions_frequently:239 | ⚡ 高频头寸更新完成 (1个持仓)
2025-07-23 10:31:53 | INFO     | src.trading.executor:update_account_info:125 | 账户更新: 总值$99196.72, 买入力$398478.98
2025-07-23 10:31:53 | DEBUG    | src.bot.trading_bot:_update_market_data:184 | 市场数据更新完成
2025-07-23 10:31:56 | DEBUG    | src.bot.trading_bot:_update_positions_frequently:239 | ⚡ 高频头寸更新完成 (1个持仓)
2025-07-23 10:31:56 | INFO     | src.trading.executor:update_account_info:125 | 账户更新: 总值$99187.72, 买入力$398478.98
2025-07-23 10:31:57 | DEBUG    | src.bot.trading_bot:_update_market_data:184 | 市场数据更新完成
2025-07-23 10:32:00 | DEBUG    | src.bot.trading_bot:_update_positions_frequently:239 | ⚡ 高频头寸更新完成 (1个持仓)
2025-07-23 10:32:00 | INFO     | src.trading.executor:update_account_info:125 | 账户更新: 总值$99196.72, 买入力$398478.98
2025-07-23 10:32:01 | DEBUG    | src.bot.trading_bot:_update_market_data:184 | 市场数据更新完成
2025-07-23 10:32:04 | DEBUG    | src.bot.trading_bot:_update_positions_frequently:239 | ⚡ 高频头寸更新完成 (1个持仓)
2025-07-23 10:32:04 | INFO     | src.trading.executor:update_account_info:125 | 账户更新: 总值$99187.72, 买入力$398478.98
2025-07-23 10:32:05 | DEBUG    | src.bot.trading_bot:_update_market_data:184 | 市场数据更新完成
2025-07-23 10:32:08 | DEBUG    | src.bot.trading_bot:_update_positions_frequently:239 | ⚡ 高频头寸更新完成 (1个持仓)
2025-07-23 10:32:08 | INFO     | src.trading.executor:update_account_info:125 | 账户更新: 总值$99178.72, 买入力$398478.98
2025-07-23 10:32:08 | DEBUG    | src.bot.trading_bot:_update_market_data:184 | 市场数据更新完成
2025-07-23 10:32:09 | INFO     | src.strategy.signals:generate_signals:468 | 生成信号: LONG - VWAP多头突破: 偏离0.18%, MACD转正
2025-07-23 10:32:09 | INFO     | src.bot.trading_bot:_check_signals:202 | 检测到信号: LONG 置信度: 0.85 原因: VWAP多头突破: 偏离0.18%, MACD转正
2025-07-23 10:32:09 | INFO     | src.utils.notifications:send_message:63 | [GENERAL] 📡 交易信号
类型: LONG
强度: MEDIUM
置信度: 0.85
价格: $631.62
原因: VWAP多头突破: 偏离0.18%, MACD转正
2025-07-23 10:32:09 | INFO     | src.bot.trading_bot:_should_execute_signal:398 | 已有同方向头寸，跳过执行
2025-07-23 10:32:11 | DEBUG    | src.bot.trading_bot:_update_positions_frequently:239 | ⚡ 高频头寸更新完成 (1个持仓)
2025-07-23 10:32:12 | INFO     | src.trading.executor:update_account_info:125 | 账户更新: 总值$99187.72, 买入力$398478.98
2025-07-23 10:32:12 | DEBUG    | src.bot.trading_bot:_update_market_data:184 | 市场数据更新完成
2025-07-23 10:32:12 | INFO     | src.strategy.signals:generate_signals:468 | 生成信号: LONG - VWAP多头突破: 偏离0.18%, MACD转正
2025-07-23 10:32:12 | INFO     | src.bot.trading_bot:_check_signals:202 | 检测到信号: LONG 置信度: 0.85 原因: VWAP多头突破: 偏离0.18%, MACD转正
2025-07-23 10:32:12 | INFO     | src.utils.notifications:send_message:63 | [GENERAL] 📡 交易信号
类型: LONG
强度: MEDIUM
置信度: 0.85
价格: $631.62
原因: VWAP多头突破: 偏离0.18%, MACD转正
2025-07-23 10:32:12 | INFO     | src.bot.trading_bot:_should_execute_signal:398 | 已有同方向头寸，跳过执行
2025-07-23 10:32:15 | DEBUG    | src.bot.trading_bot:_update_positions_frequently:239 | ⚡ 高频头寸更新完成 (1个持仓)
2025-07-23 10:32:16 | INFO     | src.trading.executor:update_account_info:125 | 账户更新: 总值$99196.72, 买入力$398478.98
2025-07-23 10:32:16 | DEBUG    | src.bot.trading_bot:_update_market_data:184 | 市场数据更新完成
2025-07-23 10:32:16 | INFO     | src.strategy.signals:generate_signals:468 | 生成信号: LONG - VWAP多头突破: 偏离0.18%, MACD转正
2025-07-23 10:32:16 | INFO     | src.bot.trading_bot:_check_signals:202 | 检测到信号: LONG 置信度: 0.85 原因: VWAP多头突破: 偏离0.18%, MACD转正
2025-07-23 10:32:16 | INFO     | src.utils.notifications:send_message:63 | [GENERAL] 📡 交易信号
类型: LONG
强度: MEDIUM
置信度: 0.85
价格: $631.62
原因: VWAP多头突破: 偏离0.18%, MACD转正
2025-07-23 10:32:16 | INFO     | src.bot.trading_bot:_should_execute_signal:398 | 已有同方向头寸，跳过执行
2025-07-23 10:32:19 | DEBUG    | src.bot.trading_bot:_update_positions_frequently:239 | ⚡ 高频头寸更新完成 (1个持仓)
2025-07-23 10:32:20 | INFO     | src.trading.executor:update_account_info:125 | 账户更新: 总值$99196.72, 买入力$398478.98
2025-07-23 10:32:20 | DEBUG    | src.bot.trading_bot:_update_market_data:184 | 市场数据更新完成
2025-07-23 10:32:20 | INFO     | src.strategy.signals:generate_signals:468 | 生成信号: LONG - VWAP多头突破: 偏离0.18%, MACD转正
2025-07-23 10:32:20 | INFO     | src.bot.trading_bot:_check_signals:202 | 检测到信号: LONG 置信度: 0.85 原因: VWAP多头突破: 偏离0.18%, MACD转正
2025-07-23 10:32:20 | INFO     | src.utils.notifications:send_message:63 | [GENERAL] 📡 交易信号
类型: LONG
强度: MEDIUM
置信度: 0.85
价格: $631.62
原因: VWAP多头突破: 偏离0.18%, MACD转正
2025-07-23 10:32:20 | INFO     | src.bot.trading_bot:_should_execute_signal:398 | 已有同方向头寸，跳过执行
2025-07-23 10:32:23 | DEBUG    | src.bot.trading_bot:_update_positions_frequently:239 | ⚡ 高频头寸更新完成 (1个持仓)
2025-07-23 10:32:24 | INFO     | src.trading.executor:update_account_info:125 | 账户更新: 总值$99196.72, 买入力$398478.98
2025-07-23 10:32:24 | DEBUG    | src.bot.trading_bot:_update_market_data:184 | 市场数据更新完成
2025-07-23 10:32:24 | INFO     | src.strategy.signals:generate_signals:468 | 生成信号: LONG - VWAP多头突破: 偏离0.18%, MACD转正
2025-07-23 10:32:24 | INFO     | src.bot.trading_bot:_check_signals:202 | 检测到信号: LONG 置信度: 0.85 原因: VWAP多头突破: 偏离0.18%, MACD转正
2025-07-23 10:32:24 | INFO     | src.utils.notifications:send_message:63 | [GENERAL] 📡 交易信号
类型: LONG
强度: MEDIUM
置信度: 0.85
价格: $631.62
原因: VWAP多头突破: 偏离0.18%, MACD转正
2025-07-23 10:32:24 | INFO     | src.bot.trading_bot:_should_execute_signal:398 | 已有同方向头寸，跳过执行
2025-07-23 10:32:27 | DEBUG    | src.bot.trading_bot:_update_positions_frequently:239 | ⚡ 高频头寸更新完成 (1个持仓)
2025-07-23 10:32:28 | INFO     | src.trading.executor:update_account_info:125 | 账户更新: 总值$99205.72, 买入力$398478.98
2025-07-23 10:32:28 | DEBUG    | src.bot.trading_bot:_update_market_data:184 | 市场数据更新完成
2025-07-23 10:32:28 | INFO     | src.strategy.signals:generate_signals:468 | 生成信号: LONG - VWAP多头突破: 偏离0.18%, MACD转正
2025-07-23 10:32:28 | INFO     | src.bot.trading_bot:_check_signals:202 | 检测到信号: LONG 置信度: 0.85 原因: VWAP多头突破: 偏离0.18%, MACD转正
2025-07-23 10:32:28 | INFO     | src.utils.notifications:send_message:63 | [GENERAL] 📡 交易信号
类型: LONG
强度: MEDIUM
置信度: 0.85
价格: $631.62
原因: VWAP多头突破: 偏离0.18%, MACD转正
2025-07-23 10:32:28 | INFO     | src.bot.trading_bot:_should_execute_signal:398 | 已有同方向头寸，跳过执行
2025-07-23 10:32:31 | DEBUG    | src.bot.trading_bot:_update_positions_frequently:239 | ⚡ 高频头寸更新完成 (1个持仓)
2025-07-23 10:32:32 | INFO     | src.trading.executor:update_account_info:125 | 账户更新: 总值$99205.72, 买入力$398478.98
2025-07-23 10:32:32 | DEBUG    | src.bot.trading_bot:_update_market_data:184 | 市场数据更新完成
2025-07-23 10:32:32 | INFO     | src.strategy.signals:generate_signals:468 | 生成信号: LONG - VWAP多头突破: 偏离0.18%, MACD转正
2025-07-23 10:32:32 | INFO     | src.bot.trading_bot:_check_signals:202 | 检测到信号: LONG 置信度: 0.85 原因: VWAP多头突破: 偏离0.18%, MACD转正
2025-07-23 10:32:32 | INFO     | src.utils.notifications:send_message:63 | [GENERAL] 📡 交易信号
类型: LONG
强度: MEDIUM
置信度: 0.85
价格: $631.62
原因: VWAP多头突破: 偏离0.18%, MACD转正
2025-07-23 10:32:32 | INFO     | src.bot.trading_bot:_should_execute_signal:398 | 已有同方向头寸，跳过执行
2025-07-23 10:32:35 | DEBUG    | src.bot.trading_bot:_update_positions_frequently:239 | ⚡ 高频头寸更新完成 (1个持仓)
2025-07-23 10:32:36 | INFO     | src.trading.executor:update_account_info:125 | 账户更新: 总值$99214.72, 买入力$398478.98
2025-07-23 10:32:36 | DEBUG    | src.bot.trading_bot:_update_market_data:184 | 市场数据更新完成
2025-07-23 10:32:36 | INFO     | src.strategy.signals:generate_signals:468 | 生成信号: LONG - VWAP多头突破: 偏离0.18%, MACD转正
2025-07-23 10:32:36 | INFO     | src.bot.trading_bot:_check_signals:202 | 检测到信号: LONG 置信度: 0.85 原因: VWAP多头突破: 偏离0.18%, MACD转正
2025-07-23 10:32:36 | INFO     | src.utils.notifications:send_message:63 | [GENERAL] 📡 交易信号
类型: LONG
强度: MEDIUM
置信度: 0.85
价格: $631.62
原因: VWAP多头突破: 偏离0.18%, MACD转正
2025-07-23 10:32:36 | INFO     | src.bot.trading_bot:_should_execute_signal:398 | 已有同方向头寸，跳过执行
2025-07-23 10:32:39 | DEBUG    | src.bot.trading_bot:_update_positions_frequently:239 | ⚡ 高频头寸更新完成 (1个持仓)
2025-07-23 10:32:40 | INFO     | src.trading.executor:update_account_info:125 | 账户更新: 总值$99223.72, 买入力$398478.98
2025-07-23 10:32:40 | DEBUG    | src.bot.trading_bot:_update_market_data:184 | 市场数据更新完成
2025-07-23 10:32:40 | INFO     | src.strategy.signals:generate_signals:468 | 生成信号: LONG - VWAP多头突破: 偏离0.18%, MACD转正
2025-07-23 10:32:40 | INFO     | src.bot.trading_bot:_check_signals:202 | 检测到信号: LONG 置信度: 0.85 原因: VWAP多头突破: 偏离0.18%, MACD转正
2025-07-23 10:32:40 | INFO     | src.utils.notifications:send_message:63 | [GENERAL] 📡 交易信号
类型: LONG
强度: MEDIUM
置信度: 0.85
价格: $631.62
原因: VWAP多头突破: 偏离0.18%, MACD转正
2025-07-23 10:32:40 | INFO     | src.bot.trading_bot:_should_execute_signal:398 | 已有同方向头寸，跳过执行
2025-07-23 10:32:43 | DEBUG    | src.bot.trading_bot:_update_positions_frequently:239 | ⚡ 高频头寸更新完成 (1个持仓)
2025-07-23 10:32:43 | INFO     | src.trading.executor:update_account_info:125 | 账户更新: 总值$99223.72, 买入力$398478.98
2025-07-23 10:32:43 | DEBUG    | src.bot.trading_bot:_update_market_data:184 | 市场数据更新完成
2025-07-23 10:32:43 | INFO     | src.strategy.signals:generate_signals:468 | 生成信号: LONG - VWAP多头突破: 偏离0.18%, MACD转正
2025-07-23 10:32:43 | INFO     | src.bot.trading_bot:_check_signals:202 | 检测到信号: LONG 置信度: 0.85 原因: VWAP多头突破: 偏离0.18%, MACD转正
2025-07-23 10:32:43 | INFO     | src.utils.notifications:send_message:63 | [GENERAL] 📡 交易信号
类型: LONG
强度: MEDIUM
置信度: 0.85
价格: $631.62
原因: VWAP多头突破: 偏离0.18%, MACD转正
2025-07-23 10:32:43 | INFO     | src.bot.trading_bot:_should_execute_signal:398 | 已有同方向头寸，跳过执行
2025-07-23 10:32:46 | DEBUG    | src.bot.trading_bot:_update_positions_frequently:239 | ⚡ 高频头寸更新完成 (1个持仓)
2025-07-23 10:32:47 | INFO     | src.trading.executor:update_account_info:125 | 账户更新: 总值$99214.72, 买入力$398478.98
2025-07-23 10:32:47 | DEBUG    | src.bot.trading_bot:_update_market_data:184 | 市场数据更新完成
2025-07-23 10:32:47 | INFO     | src.strategy.signals:generate_signals:468 | 生成信号: LONG - VWAP多头突破: 偏离0.18%, MACD转正
2025-07-23 10:32:47 | INFO     | src.bot.trading_bot:_check_signals:202 | 检测到信号: LONG 置信度: 0.85 原因: VWAP多头突破: 偏离0.18%, MACD转正
2025-07-23 10:32:47 | INFO     | src.utils.notifications:send_message:63 | [GENERAL] 📡 交易信号
类型: LONG
强度: MEDIUM
置信度: 0.85
价格: $631.62
原因: VWAP多头突破: 偏离0.18%, MACD转正
2025-07-23 10:32:47 | INFO     | src.bot.trading_bot:_should_execute_signal:398 | 已有同方向头寸，跳过执行
2025-07-23 10:32:50 | DEBUG    | src.bot.trading_bot:_update_positions_frequently:239 | ⚡ 高频头寸更新完成 (1个持仓)
2025-07-23 10:32:51 | INFO     | src.trading.executor:update_account_info:125 | 账户更新: 总值$99187.72, 买入力$398478.98
2025-07-23 10:32:51 | DEBUG    | src.bot.trading_bot:_update_market_data:184 | 市场数据更新完成
2025-07-23 10:32:51 | INFO     | src.strategy.signals:generate_signals:468 | 生成信号: LONG - VWAP多头突破: 偏离0.18%, MACD转正
2025-07-23 10:32:51 | INFO     | src.bot.trading_bot:_check_signals:202 | 检测到信号: LONG 置信度: 0.85 原因: VWAP多头突破: 偏离0.18%, MACD转正
2025-07-23 10:32:51 | INFO     | src.utils.notifications:send_message:63 | [GENERAL] 📡 交易信号
类型: LONG
强度: MEDIUM
置信度: 0.85
价格: $631.62
原因: VWAP多头突破: 偏离0.18%, MACD转正
2025-07-23 10:32:51 | INFO     | src.bot.trading_bot:_should_execute_signal:398 | 已有同方向头寸，跳过执行
2025-07-23 10:32:54 | DEBUG    | src.bot.trading_bot:_update_positions_frequently:239 | ⚡ 高频头寸更新完成 (1个持仓)
2025-07-23 10:32:55 | INFO     | src.trading.executor:update_account_info:125 | 账户更新: 总值$99160.72, 买入力$398478.98
2025-07-23 10:32:55 | DEBUG    | src.bot.trading_bot:_update_market_data:184 | 市场数据更新完成
2025-07-23 10:32:55 | INFO     | src.strategy.signals:generate_signals:468 | 生成信号: LONG - VWAP多头突破: 偏离0.18%, MACD转正
2025-07-23 10:32:55 | INFO     | src.bot.trading_bot:_check_signals:202 | 检测到信号: LONG 置信度: 0.85 原因: VWAP多头突破: 偏离0.18%, MACD转正
2025-07-23 10:32:55 | INFO     | src.utils.notifications:send_message:63 | [GENERAL] 📡 交易信号
类型: LONG
强度: MEDIUM
置信度: 0.85
价格: $631.62
原因: VWAP多头突破: 偏离0.18%, MACD转正
2025-07-23 10:32:55 | INFO     | src.bot.trading_bot:_should_execute_signal:398 | 已有同方向头寸，跳过执行
2025-07-23 10:32:58 | DEBUG    | src.bot.trading_bot:_update_positions_frequently:239 | ⚡ 高频头寸更新完成 (1个持仓)
2025-07-23 10:32:59 | INFO     | src.trading.executor:update_account_info:125 | 账户更新: 总值$99142.72, 买入力$398478.98
2025-07-23 10:32:59 | DEBUG    | src.bot.trading_bot:_update_market_data:184 | 市场数据更新完成
2025-07-23 10:32:59 | INFO     | src.strategy.signals:generate_signals:468 | 生成信号: LONG - VWAP多头突破: 偏离0.18%, MACD转正
2025-07-23 10:32:59 | INFO     | src.bot.trading_bot:_check_signals:202 | 检测到信号: LONG 置信度: 0.85 原因: VWAP多头突破: 偏离0.18%, MACD转正
2025-07-23 10:32:59 | INFO     | src.utils.notifications:send_message:63 | [GENERAL] 📡 交易信号
类型: LONG
强度: MEDIUM
置信度: 0.85
价格: $631.62
原因: VWAP多头突破: 偏离0.18%, MACD转正
2025-07-23 10:32:59 | INFO     | src.bot.trading_bot:_should_execute_signal:398 | 已有同方向头寸，跳过执行
2025-07-23 10:33:02 | DEBUG    | src.bot.trading_bot:_update_positions_frequently:239 | ⚡ 高频头寸更新完成 (1个持仓)
2025-07-23 10:33:03 | INFO     | src.trading.executor:update_account_info:125 | 账户更新: 总值$99133.72, 买入力$398478.98
2025-07-23 10:33:03 | DEBUG    | src.bot.trading_bot:_update_market_data:184 | 市场数据更新完成
2025-07-23 10:33:03 | INFO     | src.strategy.signals:generate_signals:468 | 生成信号: LONG - VWAP多头突破: 偏离0.18%, MACD转正
2025-07-23 10:33:03 | INFO     | src.bot.trading_bot:_check_signals:202 | 检测到信号: LONG 置信度: 0.85 原因: VWAP多头突破: 偏离0.18%, MACD转正
2025-07-23 10:33:03 | INFO     | src.utils.notifications:send_message:63 | [GENERAL] 📡 交易信号
类型: LONG
强度: MEDIUM
置信度: 0.85
价格: $631.62
原因: VWAP多头突破: 偏离0.18%, MACD转正
2025-07-23 10:33:03 | INFO     | src.bot.trading_bot:_should_execute_signal:398 | 已有同方向头寸，跳过执行
2025-07-23 10:33:06 | DEBUG    | src.bot.trading_bot:_update_positions_frequently:239 | ⚡ 高频头寸更新完成 (1个持仓)
2025-07-23 10:33:07 | INFO     | src.trading.executor:update_account_info:125 | 账户更新: 总值$99133.72, 买入力$398478.98
2025-07-23 10:33:07 | DEBUG    | src.bot.trading_bot:_update_market_data:184 | 市场数据更新完成
2025-07-23 10:33:07 | INFO     | src.strategy.signals:generate_signals:468 | 生成信号: LONG - VWAP多头突破: 偏离0.18%, MACD转正
2025-07-23 10:33:07 | INFO     | src.bot.trading_bot:_check_signals:202 | 检测到信号: LONG 置信度: 0.85 原因: VWAP多头突破: 偏离0.18%, MACD转正
2025-07-23 10:33:07 | INFO     | src.utils.notifications:send_message:63 | [GENERAL] 📡 交易信号
类型: LONG
强度: MEDIUM
置信度: 0.85
价格: $631.62
原因: VWAP多头突破: 偏离0.18%, MACD转正
2025-07-23 10:33:07 | INFO     | src.bot.trading_bot:_should_execute_signal:398 | 已有同方向头寸，跳过执行
2025-07-23 10:33:10 | DEBUG    | src.bot.trading_bot:_update_positions_frequently:239 | ⚡ 高频头寸更新完成 (1个持仓)
2025-07-23 10:33:11 | INFO     | src.trading.executor:update_account_info:125 | 账户更新: 总值$99133.72, 买入力$398478.98
2025-07-23 10:33:11 | DEBUG    | src.bot.trading_bot:_update_market_data:184 | 市场数据更新完成
2025-07-23 10:33:11 | INFO     | src.strategy.signals:generate_signals:468 | 生成信号: LONG - VWAP多头突破: 偏离0.19%, MACD转正
2025-07-23 10:33:11 | INFO     | src.bot.trading_bot:_check_signals:202 | 检测到信号: LONG 置信度: 0.85 原因: VWAP多头突破: 偏离0.19%, MACD转正
2025-07-23 10:33:11 | INFO     | src.utils.notifications:send_message:63 | [GENERAL] 📡 交易信号
类型: LONG
强度: MEDIUM
置信度: 0.85
价格: $631.73
原因: VWAP多头突破: 偏离0.19%, MACD转正
2025-07-23 10:33:11 | INFO     | src.bot.trading_bot:_should_execute_signal:398 | 已有同方向头寸，跳过执行
2025-07-23 10:33:14 | DEBUG    | src.bot.trading_bot:_update_positions_frequently:239 | ⚡ 高频头寸更新完成 (1个持仓)
2025-07-23 10:33:14 | INFO     | src.trading.executor:update_account_info:125 | 账户更新: 总值$99142.72, 买入力$398478.98
2025-07-23 10:33:14 | DEBUG    | src.bot.trading_bot:_update_market_data:184 | 市场数据更新完成
2025-07-23 10:33:14 | INFO     | src.strategy.signals:generate_signals:468 | 生成信号: LONG - VWAP多头突破: 偏离0.19%, MACD转正
2025-07-23 10:33:14 | INFO     | src.bot.trading_bot:_check_signals:202 | 检测到信号: LONG 置信度: 0.85 原因: VWAP多头突破: 偏离0.19%, MACD转正
2025-07-23 10:33:14 | INFO     | src.utils.notifications:send_message:63 | [GENERAL] 📡 交易信号
类型: LONG
强度: MEDIUM
置信度: 0.85
价格: $631.73
原因: VWAP多头突破: 偏离0.19%, MACD转正
2025-07-23 10:33:14 | INFO     | src.bot.trading_bot:_should_execute_signal:398 | 已有同方向头寸，跳过执行
2025-07-23 10:33:18 | DEBUG    | src.bot.trading_bot:_update_positions_frequently:239 | ⚡ 高频头寸更新完成 (1个持仓)
2025-07-23 10:33:18 | INFO     | src.trading.executor:update_account_info:125 | 账户更新: 总值$99142.72, 买入力$398478.98
2025-07-23 10:33:18 | DEBUG    | src.bot.trading_bot:_update_market_data:184 | 市场数据更新完成
2025-07-23 10:33:18 | INFO     | src.strategy.signals:generate_signals:468 | 生成信号: LONG - VWAP多头突破: 偏离0.19%, MACD转正
2025-07-23 10:33:18 | INFO     | src.bot.trading_bot:_check_signals:202 | 检测到信号: LONG 置信度: 0.85 原因: VWAP多头突破: 偏离0.19%, MACD转正
2025-07-23 10:33:18 | INFO     | src.utils.notifications:send_message:63 | [GENERAL] 📡 交易信号
类型: LONG
强度: MEDIUM
置信度: 0.85
价格: $631.73
原因: VWAP多头突破: 偏离0.19%, MACD转正
2025-07-23 10:33:18 | INFO     | src.bot.trading_bot:_should_execute_signal:398 | 已有同方向头寸，跳过执行
2025-07-23 10:33:21 | DEBUG    | src.bot.trading_bot:_update_positions_frequently:239 | ⚡ 高频头寸更新完成 (1个持仓)
2025-07-23 10:33:22 | INFO     | src.trading.executor:update_account_info:125 | 账户更新: 总值$99160.72, 买入力$398478.98
2025-07-23 10:33:22 | DEBUG    | src.bot.trading_bot:_update_market_data:184 | 市场数据更新完成
2025-07-23 10:33:22 | INFO     | src.strategy.signals:generate_signals:468 | 生成信号: LONG - VWAP多头突破: 偏离0.19%, MACD转正
2025-07-23 10:33:22 | INFO     | src.bot.trading_bot:_check_signals:202 | 检测到信号: LONG 置信度: 0.85 原因: VWAP多头突破: 偏离0.19%, MACD转正
2025-07-23 10:33:22 | INFO     | src.utils.notifications:send_message:63 | [GENERAL] 📡 交易信号
类型: LONG
强度: MEDIUM
置信度: 0.85
价格: $631.73
原因: VWAP多头突破: 偏离0.19%, MACD转正
2025-07-23 10:33:22 | INFO     | src.bot.trading_bot:_should_execute_signal:398 | 已有同方向头寸，跳过执行
2025-07-23 10:33:25 | DEBUG    | src.bot.trading_bot:_update_positions_frequently:239 | ⚡ 高频头寸更新完成 (1个持仓)
2025-07-23 10:33:26 | INFO     | src.trading.executor:update_account_info:125 | 账户更新: 总值$99178.72, 买入力$398478.98
2025-07-23 10:33:26 | DEBUG    | src.bot.trading_bot:_update_market_data:184 | 市场数据更新完成
2025-07-23 10:33:26 | INFO     | src.strategy.signals:generate_signals:468 | 生成信号: LONG - VWAP多头突破: 偏离0.19%, MACD转正
2025-07-23 10:33:26 | INFO     | src.bot.trading_bot:_check_signals:202 | 检测到信号: LONG 置信度: 0.85 原因: VWAP多头突破: 偏离0.19%, MACD转正
2025-07-23 10:33:26 | INFO     | src.utils.notifications:send_message:63 | [GENERAL] 📡 交易信号
类型: LONG
强度: MEDIUM
置信度: 0.85
价格: $631.73
原因: VWAP多头突破: 偏离0.19%, MACD转正
2025-07-23 10:33:26 | INFO     | src.bot.trading_bot:_should_execute_signal:398 | 已有同方向头寸，跳过执行
2025-07-23 10:33:29 | DEBUG    | src.bot.trading_bot:_update_positions_frequently:239 | ⚡ 高频头寸更新完成 (1个持仓)
2025-07-23 10:33:30 | INFO     | src.trading.executor:update_account_info:125 | 账户更新: 总值$99178.72, 买入力$398478.98
2025-07-23 10:33:30 | DEBUG    | src.bot.trading_bot:_update_market_data:184 | 市场数据更新完成
2025-07-23 10:33:30 | INFO     | src.strategy.signals:generate_signals:468 | 生成信号: LONG - VWAP多头突破: 偏离0.19%, MACD转正
2025-07-23 10:33:30 | INFO     | src.bot.trading_bot:_check_signals:202 | 检测到信号: LONG 置信度: 0.85 原因: VWAP多头突破: 偏离0.19%, MACD转正
2025-07-23 10:33:30 | INFO     | src.utils.notifications:send_message:63 | [GENERAL] 📡 交易信号
类型: LONG
强度: MEDIUM
置信度: 0.85
价格: $631.73
原因: VWAP多头突破: 偏离0.19%, MACD转正
2025-07-23 10:33:30 | INFO     | src.bot.trading_bot:_should_execute_signal:398 | 已有同方向头寸，跳过执行
2025-07-23 10:33:33 | DEBUG    | src.bot.trading_bot:_update_positions_frequently:239 | ⚡ 高频头寸更新完成 (1个持仓)
2025-07-23 10:33:34 | INFO     | src.trading.executor:update_account_info:125 | 账户更新: 总值$99178.72, 买入力$398478.98
2025-07-23 10:33:34 | DEBUG    | src.bot.trading_bot:_update_market_data:184 | 市场数据更新完成
2025-07-23 10:33:34 | INFO     | src.strategy.signals:generate_signals:468 | 生成信号: LONG - VWAP多头突破: 偏离0.19%, MACD转正
2025-07-23 10:33:34 | INFO     | src.bot.trading_bot:_check_signals:202 | 检测到信号: LONG 置信度: 0.85 原因: VWAP多头突破: 偏离0.19%, MACD转正
2025-07-23 10:33:34 | INFO     | src.utils.notifications:send_message:63 | [GENERAL] 📡 交易信号
类型: LONG
强度: MEDIUM
置信度: 0.85
价格: $631.73
原因: VWAP多头突破: 偏离0.19%, MACD转正
2025-07-23 10:33:34 | INFO     | src.bot.trading_bot:_should_execute_signal:398 | 已有同方向头寸，跳过执行
2025-07-23 10:33:37 | DEBUG    | src.bot.trading_bot:_update_positions_frequently:239 | ⚡ 高频头寸更新完成 (1个持仓)
2025-07-23 10:33:38 | INFO     | src.trading.executor:update_account_info:125 | 账户更新: 总值$99169.72, 买入力$398478.98
2025-07-23 10:33:38 | DEBUG    | src.bot.trading_bot:_update_market_data:184 | 市场数据更新完成
2025-07-23 10:33:38 | INFO     | src.strategy.signals:generate_signals:468 | 生成信号: LONG - VWAP多头突破: 偏离0.19%, MACD转正
2025-07-23 10:33:38 | INFO     | src.bot.trading_bot:_check_signals:202 | 检测到信号: LONG 置信度: 0.85 原因: VWAP多头突破: 偏离0.19%, MACD转正
2025-07-23 10:33:38 | INFO     | src.utils.notifications:send_message:63 | [GENERAL] 📡 交易信号
类型: LONG
强度: MEDIUM
置信度: 0.85
价格: $631.73
原因: VWAP多头突破: 偏离0.19%, MACD转正
2025-07-23 10:33:38 | INFO     | src.bot.trading_bot:_should_execute_signal:398 | 已有同方向头寸，跳过执行
2025-07-23 10:33:41 | DEBUG    | src.bot.trading_bot:_update_positions_frequently:239 | ⚡ 高频头寸更新完成 (1个持仓)
2025-07-23 10:33:42 | INFO     | src.trading.executor:update_account_info:125 | 账户更新: 总值$99169.72, 买入力$398478.98
2025-07-23 10:33:42 | DEBUG    | src.bot.trading_bot:_update_market_data:184 | 市场数据更新完成
2025-07-23 10:33:42 | INFO     | src.strategy.signals:generate_signals:468 | 生成信号: LONG - VWAP多头突破: 偏离0.19%, MACD转正
2025-07-23 10:33:42 | INFO     | src.bot.trading_bot:_check_signals:202 | 检测到信号: LONG 置信度: 0.85 原因: VWAP多头突破: 偏离0.19%, MACD转正
2025-07-23 10:33:42 | INFO     | src.utils.notifications:send_message:63 | [GENERAL] 📡 交易信号
类型: LONG
强度: MEDIUM
置信度: 0.85
价格: $631.73
原因: VWAP多头突破: 偏离0.19%, MACD转正
2025-07-23 10:33:42 | INFO     | src.bot.trading_bot:_should_execute_signal:398 | 已有同方向头寸，跳过执行
2025-07-23 10:33:45 | DEBUG    | src.bot.trading_bot:_update_positions_frequently:239 | ⚡ 高频头寸更新完成 (1个持仓)
2025-07-23 10:33:45 | INFO     | src.trading.executor:update_account_info:125 | 账户更新: 总值$99169.72, 买入力$398478.98
2025-07-23 10:33:46 | DEBUG    | src.bot.trading_bot:_update_market_data:184 | 市场数据更新完成
2025-07-23 10:33:46 | INFO     | src.strategy.signals:generate_signals:468 | 生成信号: LONG - VWAP多头突破: 偏离0.19%, MACD转正
2025-07-23 10:33:46 | INFO     | src.bot.trading_bot:_check_signals:202 | 检测到信号: LONG 置信度: 0.85 原因: VWAP多头突破: 偏离0.19%, MACD转正
2025-07-23 10:33:46 | INFO     | src.utils.notifications:send_message:63 | [GENERAL] 📡 交易信号
类型: LONG
强度: MEDIUM
置信度: 0.85
价格: $631.73
原因: VWAP多头突破: 偏离0.19%, MACD转正
2025-07-23 10:33:46 | INFO     | src.bot.trading_bot:_should_execute_signal:398 | 已有同方向头寸，跳过执行
2025-07-23 10:33:49 | DEBUG    | src.bot.trading_bot:_update_positions_frequently:239 | ⚡ 高频头寸更新完成 (1个持仓)
2025-07-23 10:33:50 | INFO     | src.trading.executor:update_account_info:125 | 账户更新: 总值$99169.72, 买入力$398478.98
2025-07-23 10:33:50 | DEBUG    | src.bot.trading_bot:_update_market_data:184 | 市场数据更新完成
2025-07-23 10:33:50 | INFO     | src.strategy.signals:generate_signals:468 | 生成信号: LONG - VWAP多头突破: 偏离0.19%, MACD转正
2025-07-23 10:33:50 | INFO     | src.bot.trading_bot:_check_signals:202 | 检测到信号: LONG 置信度: 0.85 原因: VWAP多头突破: 偏离0.19%, MACD转正
2025-07-23 10:33:50 | INFO     | src.utils.notifications:send_message:63 | [GENERAL] 📡 交易信号
类型: LONG
强度: MEDIUM
置信度: 0.85
价格: $631.73
原因: VWAP多头突破: 偏离0.19%, MACD转正
2025-07-23 10:33:50 | INFO     | src.bot.trading_bot:_should_execute_signal:398 | 已有同方向头寸，跳过执行
2025-07-23 10:33:53 | DEBUG    | src.bot.trading_bot:_update_positions_frequently:239 | ⚡ 高频头寸更新完成 (1个持仓)
2025-07-23 10:33:54 | INFO     | src.trading.executor:update_account_info:125 | 账户更新: 总值$99160.72, 买入力$398478.98
2025-07-23 10:33:54 | DEBUG    | src.bot.trading_bot:_update_market_data:184 | 市场数据更新完成
2025-07-23 10:33:54 | INFO     | src.strategy.signals:generate_signals:468 | 生成信号: LONG - VWAP多头突破: 偏离0.19%, MACD转正
2025-07-23 10:33:54 | INFO     | src.bot.trading_bot:_check_signals:202 | 检测到信号: LONG 置信度: 0.85 原因: VWAP多头突破: 偏离0.19%, MACD转正
2025-07-23 10:33:54 | INFO     | src.utils.notifications:send_message:63 | [GENERAL] 📡 交易信号
类型: LONG
强度: MEDIUM
置信度: 0.85
价格: $631.73
原因: VWAP多头突破: 偏离0.19%, MACD转正
2025-07-23 10:33:54 | INFO     | src.bot.trading_bot:_should_execute_signal:398 | 已有同方向头寸，跳过执行
2025-07-23 10:33:57 | DEBUG    | src.bot.trading_bot:_update_positions_frequently:239 | ⚡ 高频头寸更新完成 (1个持仓)
2025-07-23 10:33:58 | INFO     | src.trading.executor:update_account_info:125 | 账户更新: 总值$99169.72, 买入力$398478.98
2025-07-23 10:33:58 | DEBUG    | src.bot.trading_bot:_update_market_data:184 | 市场数据更新完成
2025-07-23 10:33:58 | INFO     | src.strategy.signals:generate_signals:468 | 生成信号: LONG - VWAP多头突破: 偏离0.19%, MACD转正
2025-07-23 10:33:58 | INFO     | src.bot.trading_bot:_check_signals:202 | 检测到信号: LONG 置信度: 0.85 原因: VWAP多头突破: 偏离0.19%, MACD转正
2025-07-23 10:33:58 | INFO     | src.utils.notifications:send_message:63 | [GENERAL] 📡 交易信号
类型: LONG
强度: MEDIUM
置信度: 0.85
价格: $631.73
原因: VWAP多头突破: 偏离0.19%, MACD转正
2025-07-23 10:33:58 | INFO     | src.bot.trading_bot:_should_execute_signal:398 | 已有同方向头寸，跳过执行
2025-07-23 10:34:01 | DEBUG    | src.bot.trading_bot:_update_positions_frequently:239 | ⚡ 高频头寸更新完成 (1个持仓)
2025-07-23 10:34:01 | INFO     | src.trading.executor:update_account_info:125 | 账户更新: 总值$99169.72, 买入力$398478.98
2025-07-23 10:34:02 | DEBUG    | src.bot.trading_bot:_update_market_data:184 | 市场数据更新完成
2025-07-23 10:34:02 | INFO     | src.strategy.signals:generate_signals:468 | 生成信号: LONG - VWAP多头突破: 偏离0.19%, MACD转正
2025-07-23 10:34:02 | INFO     | src.bot.trading_bot:_check_signals:202 | 检测到信号: LONG 置信度: 0.85 原因: VWAP多头突破: 偏离0.19%, MACD转正
2025-07-23 10:34:02 | INFO     | src.utils.notifications:send_message:63 | [GENERAL] 📡 交易信号
类型: LONG
强度: MEDIUM
置信度: 0.85
价格: $631.73
原因: VWAP多头突破: 偏离0.19%, MACD转正
2025-07-23 10:34:02 | INFO     | src.bot.trading_bot:_should_execute_signal:398 | 已有同方向头寸，跳过执行
2025-07-23 10:34:05 | DEBUG    | src.bot.trading_bot:_update_positions_frequently:239 | ⚡ 高频头寸更新完成 (1个持仓)
2025-07-23 10:34:05 | INFO     | src.trading.executor:update_account_info:125 | 账户更新: 总值$99160.72, 买入力$398478.98
2025-07-23 10:34:06 | DEBUG    | src.bot.trading_bot:_update_market_data:184 | 市场数据更新完成
2025-07-23 10:34:06 | INFO     | src.strategy.signals:generate_signals:468 | 生成信号: LONG - VWAP多头突破: 偏离0.19%, MACD转正
2025-07-23 10:34:06 | INFO     | src.bot.trading_bot:_check_signals:202 | 检测到信号: LONG 置信度: 0.85 原因: VWAP多头突破: 偏离0.19%, MACD转正
2025-07-23 10:34:06 | INFO     | src.utils.notifications:send_message:63 | [GENERAL] 📡 交易信号
类型: LONG
强度: MEDIUM
置信度: 0.85
价格: $631.73
原因: VWAP多头突破: 偏离0.19%, MACD转正
2025-07-23 10:34:06 | INFO     | src.bot.trading_bot:_should_execute_signal:398 | 已有同方向头寸，跳过执行
2025-07-23 10:34:09 | DEBUG    | src.bot.trading_bot:_update_positions_frequently:239 | ⚡ 高频头寸更新完成 (1个持仓)
2025-07-23 10:34:09 | INFO     | src.trading.executor:update_account_info:125 | 账户更新: 总值$99160.72, 买入力$398478.98
2025-07-23 10:34:10 | DEBUG    | src.bot.trading_bot:_update_market_data:184 | 市场数据更新完成
2025-07-23 10:34:10 | INFO     | src.strategy.signals:generate_signals:468 | 生成信号: LONG - VWAP多头突破: 偏离0.19%, MACD转正
2025-07-23 10:34:10 | INFO     | src.bot.trading_bot:_check_signals:202 | 检测到信号: LONG 置信度: 0.85 原因: VWAP多头突破: 偏离0.19%, MACD转正
2025-07-23 10:34:10 | INFO     | src.utils.notifications:send_message:63 | [GENERAL] 📡 交易信号
类型: LONG
强度: MEDIUM
置信度: 0.85
价格: $631.73
原因: VWAP多头突破: 偏离0.19%, MACD转正
2025-07-23 10:34:10 | INFO     | src.bot.trading_bot:_should_execute_signal:398 | 已有同方向头寸，跳过执行
2025-07-23 10:34:13 | DEBUG    | src.bot.trading_bot:_update_positions_frequently:239 | ⚡ 高频头寸更新完成 (1个持仓)
2025-07-23 10:34:13 | INFO     | src.trading.executor:update_account_info:125 | 账户更新: 总值$99169.72, 买入力$398478.98
2025-07-23 10:34:14 | DEBUG    | src.bot.trading_bot:_update_market_data:184 | 市场数据更新完成
2025-07-23 10:34:16 | DEBUG    | src.bot.trading_bot:_update_positions_frequently:239 | ⚡ 高频头寸更新完成 (1个持仓)
2025-07-23 10:34:17 | INFO     | src.trading.executor:update_account_info:125 | 账户更新: 总值$99169.72, 买入力$398478.98
2025-07-23 10:34:17 | DEBUG    | src.bot.trading_bot:_update_market_data:184 | 市场数据更新完成
2025-07-23 10:34:20 | DEBUG    | src.bot.trading_bot:_update_positions_frequently:239 | ⚡ 高频头寸更新完成 (1个持仓)
2025-07-23 10:34:21 | INFO     | src.trading.executor:update_account_info:125 | 账户更新: 总值$99160.72, 买入力$398478.98
2025-07-23 10:34:21 | DEBUG    | src.bot.trading_bot:_update_market_data:184 | 市场数据更新完成
2025-07-23 10:34:24 | DEBUG    | src.bot.trading_bot:_update_positions_frequently:239 | ⚡ 高频头寸更新完成 (1个持仓)
2025-07-23 10:34:25 | INFO     | src.trading.executor:update_account_info:125 | 账户更新: 总值$99160.72, 买入力$398478.98
2025-07-23 10:34:25 | DEBUG    | src.bot.trading_bot:_update_market_data:184 | 市场数据更新完成
2025-07-23 10:34:28 | DEBUG    | src.bot.trading_bot:_update_positions_frequently:239 | ⚡ 高频头寸更新完成 (1个持仓)
2025-07-23 10:34:29 | INFO     | src.trading.executor:update_account_info:125 | 账户更新: 总值$99160.72, 买入力$398478.98
2025-07-23 10:34:29 | DEBUG    | src.bot.trading_bot:_update_market_data:184 | 市场数据更新完成
2025-07-23 10:34:32 | DEBUG    | src.bot.trading_bot:_update_positions_frequently:239 | ⚡ 高频头寸更新完成 (1个持仓)
2025-07-23 10:34:33 | INFO     | src.trading.executor:update_account_info:125 | 账户更新: 总值$99178.72, 买入力$398478.98
2025-07-23 10:34:33 | DEBUG    | src.bot.trading_bot:_update_market_data:184 | 市场数据更新完成
2025-07-23 10:34:36 | DEBUG    | src.bot.trading_bot:_update_positions_frequently:239 | ⚡ 高频头寸更新完成 (1个持仓)
2025-07-23 10:34:37 | INFO     | src.trading.executor:update_account_info:125 | 账户更新: 总值$99187.72, 买入力$398478.98
2025-07-23 10:34:37 | DEBUG    | src.bot.trading_bot:_update_market_data:184 | 市场数据更新完成
2025-07-23 10:34:40 | DEBUG    | src.bot.trading_bot:_update_positions_frequently:239 | ⚡ 高频头寸更新完成 (1个持仓)
2025-07-23 10:34:41 | INFO     | src.trading.executor:update_account_info:125 | 账户更新: 总值$99196.72, 买入力$398478.98
2025-07-23 10:34:41 | DEBUG    | src.bot.trading_bot:_update_market_data:184 | 市场数据更新完成
2025-07-23 10:34:44 | DEBUG    | src.bot.trading_bot:_update_positions_frequently:239 | ⚡ 高频头寸更新完成 (1个持仓)
2025-07-23 10:34:44 | INFO     | src.trading.executor:update_account_info:125 | 账户更新: 总值$99205.72, 买入力$398478.98
2025-07-23 10:34:45 | DEBUG    | src.bot.trading_bot:_update_market_data:184 | 市场数据更新完成
2025-07-23 10:34:47 | DEBUG    | src.bot.trading_bot:_update_positions_frequently:239 | ⚡ 高频头寸更新完成 (1个持仓)
2025-07-23 10:34:48 | INFO     | src.trading.executor:update_account_info:125 | 账户更新: 总值$99205.72, 买入力$398478.98
2025-07-23 10:34:49 | DEBUG    | src.bot.trading_bot:_update_market_data:184 | 市场数据更新完成
2025-07-23 10:34:51 | DEBUG    | src.bot.trading_bot:_update_positions_frequently:239 | ⚡ 高频头寸更新完成 (1个持仓)
2025-07-23 10:34:52 | INFO     | src.trading.executor:update_account_info:125 | 账户更新: 总值$99205.72, 买入力$398478.98
2025-07-23 10:34:52 | DEBUG    | src.bot.trading_bot:_update_market_data:184 | 市场数据更新完成
2025-07-23 10:34:55 | DEBUG    | src.bot.trading_bot:_update_positions_frequently:239 | ⚡ 高频头寸更新完成 (1个持仓)
2025-07-23 10:34:56 | INFO     | src.trading.executor:update_account_info:125 | 账户更新: 总值$99205.72, 买入力$398478.98
2025-07-23 10:34:56 | DEBUG    | src.bot.trading_bot:_update_market_data:184 | 市场数据更新完成
2025-07-23 10:34:59 | DEBUG    | src.bot.trading_bot:_update_positions_frequently:239 | ⚡ 高频头寸更新完成 (1个持仓)
2025-07-23 10:35:00 | INFO     | src.trading.executor:update_account_info:125 | 账户更新: 总值$99223.72, 买入力$398478.98
2025-07-23 10:35:00 | DEBUG    | src.bot.trading_bot:_update_market_data:184 | 市场数据更新完成
2025-07-23 10:35:03 | DEBUG    | src.bot.trading_bot:_update_positions_frequently:239 | ⚡ 高频头寸更新完成 (1个持仓)
2025-07-23 10:35:04 | INFO     | src.trading.executor:update_account_info:125 | 账户更新: 总值$99223.72, 买入力$398478.98
2025-07-23 10:35:04 | DEBUG    | src.bot.trading_bot:_update_market_data:184 | 市场数据更新完成
2025-07-23 10:35:07 | DEBUG    | src.bot.trading_bot:_update_positions_frequently:239 | ⚡ 高频头寸更新完成 (1个持仓)
2025-07-23 10:35:07 | INFO     | src.trading.executor:update_account_info:125 | 账户更新: 总值$99241.72, 买入力$398478.98
2025-07-23 10:35:08 | DEBUG    | src.bot.trading_bot:_update_market_data:184 | 市场数据更新完成
2025-07-23 10:35:11 | DEBUG    | src.bot.trading_bot:_update_positions_frequently:239 | ⚡ 高频头寸更新完成 (1个持仓)
2025-07-23 10:35:11 | INFO     | src.trading.executor:update_account_info:125 | 账户更新: 总值$99214.72, 买入力$398478.98
2025-07-23 10:35:12 | DEBUG    | src.bot.trading_bot:_update_market_data:184 | 市场数据更新完成
2025-07-23 10:35:15 | DEBUG    | src.bot.trading_bot:_update_positions_frequently:239 | ⚡ 高频头寸更新完成 (1个持仓)
2025-07-23 10:35:15 | INFO     | src.trading.executor:update_account_info:125 | 账户更新: 总值$99223.72, 买入力$398478.98
2025-07-23 10:35:15 | DEBUG    | src.bot.trading_bot:_update_market_data:184 | 市场数据更新完成
2025-07-23 10:35:18 | DEBUG    | src.bot.trading_bot:_update_positions_frequently:239 | ⚡ 高频头寸更新完成 (1个持仓)
2025-07-23 10:35:19 | INFO     | src.trading.executor:update_account_info:125 | 账户更新: 总值$99223.72, 买入力$398478.98
2025-07-23 10:35:19 | DEBUG    | src.bot.trading_bot:_update_market_data:184 | 市场数据更新完成
2025-07-23 10:35:22 | DEBUG    | src.bot.trading_bot:_update_positions_frequently:239 | ⚡ 高频头寸更新完成 (1个持仓)
2025-07-23 10:35:23 | INFO     | src.trading.executor:update_account_info:125 | 账户更新: 总值$99223.72, 买入力$398478.98
2025-07-23 10:35:23 | DEBUG    | src.bot.trading_bot:_update_market_data:184 | 市场数据更新完成
2025-07-23 10:35:26 | DEBUG    | src.bot.trading_bot:_update_positions_frequently:239 | ⚡ 高频头寸更新完成 (1个持仓)
2025-07-23 10:35:27 | INFO     | src.trading.executor:update_account_info:125 | 账户更新: 总值$99223.72, 买入力$398478.98
2025-07-23 10:35:27 | DEBUG    | src.bot.trading_bot:_update_market_data:184 | 市场数据更新完成
2025-07-23 10:35:30 | DEBUG    | src.bot.trading_bot:_update_positions_frequently:239 | ⚡ 高频头寸更新完成 (1个持仓)
2025-07-23 10:35:31 | INFO     | src.trading.executor:update_account_info:125 | 账户更新: 总值$99223.72, 买入力$398478.98
2025-07-23 10:35:31 | DEBUG    | src.bot.trading_bot:_update_market_data:184 | 市场数据更新完成
2025-07-23 10:35:34 | DEBUG    | src.bot.trading_bot:_update_positions_frequently:239 | ⚡ 高频头寸更新完成 (1个持仓)
2025-07-23 10:35:35 | INFO     | src.trading.executor:update_account_info:125 | 账户更新: 总值$99214.72, 买入力$398478.98
2025-07-23 10:35:35 | DEBUG    | src.bot.trading_bot:_update_market_data:184 | 市场数据更新完成
2025-07-23 10:35:38 | DEBUG    | src.bot.trading_bot:_update_positions_frequently:239 | ⚡ 高频头寸更新完成 (1个持仓)
2025-07-23 10:35:38 | INFO     | src.trading.executor:update_account_info:125 | 账户更新: 总值$99223.72, 买入力$398478.98
2025-07-23 10:35:38 | DEBUG    | src.bot.trading_bot:_update_market_data:184 | 市场数据更新完成
2025-07-23 10:35:41 | DEBUG    | src.bot.trading_bot:_update_positions_frequently:239 | ⚡ 高频头寸更新完成 (1个持仓)
2025-07-23 10:35:42 | INFO     | src.trading.executor:update_account_info:125 | 账户更新: 总值$99214.72, 买入力$398478.98
2025-07-23 10:35:42 | DEBUG    | src.bot.trading_bot:_update_market_data:184 | 市场数据更新完成
2025-07-23 10:35:45 | DEBUG    | src.bot.trading_bot:_update_positions_frequently:239 | ⚡ 高频头寸更新完成 (1个持仓)
2025-07-23 10:35:46 | INFO     | src.trading.executor:update_account_info:125 | 账户更新: 总值$99205.72, 买入力$398478.98
2025-07-23 10:35:46 | DEBUG    | src.bot.trading_bot:_update_market_data:184 | 市场数据更新完成
2025-07-23 10:35:50 | DEBUG    | src.bot.trading_bot:_update_positions_frequently:239 | ⚡ 高频头寸更新完成 (1个持仓)
2025-07-23 10:35:50 | INFO     | src.trading.executor:update_account_info:125 | 账户更新: 总值$99205.72, 买入力$398478.98
2025-07-23 10:35:50 | DEBUG    | src.bot.trading_bot:_update_market_data:184 | 市场数据更新完成
2025-07-23 10:35:53 | DEBUG    | src.bot.trading_bot:_update_positions_frequently:239 | ⚡ 高频头寸更新完成 (1个持仓)
2025-07-23 10:35:54 | INFO     | src.trading.executor:update_account_info:125 | 账户更新: 总值$99214.72, 买入力$398478.98
2025-07-23 10:35:54 | DEBUG    | src.bot.trading_bot:_update_market_data:184 | 市场数据更新完成
2025-07-23 10:35:57 | DEBUG    | src.bot.trading_bot:_update_positions_frequently:239 | ⚡ 高频头寸更新完成 (1个持仓)
2025-07-23 10:35:58 | INFO     | src.trading.executor:update_account_info:125 | 账户更新: 总值$99205.72, 买入力$398478.98
2025-07-23 10:35:58 | DEBUG    | src.bot.trading_bot:_update_market_data:184 | 市场数据更新完成
2025-07-23 10:36:01 | DEBUG    | src.bot.trading_bot:_update_positions_frequently:239 | ⚡ 高频头寸更新完成 (1个持仓)
2025-07-23 10:36:02 | INFO     | src.trading.executor:update_account_info:125 | 账户更新: 总值$99214.72, 买入力$398478.98
2025-07-23 10:36:02 | DEBUG    | src.bot.trading_bot:_update_market_data:184 | 市场数据更新完成
2025-07-23 10:36:05 | DEBUG    | src.bot.trading_bot:_update_positions_frequently:239 | ⚡ 高频头寸更新完成 (1个持仓)
2025-07-23 10:36:06 | INFO     | src.trading.executor:update_account_info:125 | 账户更新: 总值$99205.72, 买入力$398478.98
2025-07-23 10:36:06 | DEBUG    | src.bot.trading_bot:_update_market_data:184 | 市场数据更新完成
2025-07-23 10:36:09 | DEBUG    | src.bot.trading_bot:_update_positions_frequently:239 | ⚡ 高频头寸更新完成 (1个持仓)
2025-07-23 10:36:10 | INFO     | src.trading.executor:update_account_info:125 | 账户更新: 总值$99196.72, 买入力$398478.98
2025-07-23 10:36:10 | DEBUG    | src.bot.trading_bot:_update_market_data:184 | 市场数据更新完成
2025-07-23 10:36:13 | DEBUG    | src.bot.trading_bot:_update_positions_frequently:239 | ⚡ 高频头寸更新完成 (1个持仓)
2025-07-23 10:36:14 | INFO     | src.trading.executor:update_account_info:125 | 账户更新: 总值$99196.72, 买入力$398478.98
2025-07-23 10:36:14 | DEBUG    | src.bot.trading_bot:_update_market_data:184 | 市场数据更新完成
2025-07-23 10:36:17 | DEBUG    | src.bot.trading_bot:_update_positions_frequently:239 | ⚡ 高频头寸更新完成 (1个持仓)
2025-07-23 10:36:18 | INFO     | src.trading.executor:update_account_info:125 | 账户更新: 总值$99196.72, 买入力$398478.98
2025-07-23 10:36:18 | DEBUG    | src.bot.trading_bot:_update_market_data:184 | 市场数据更新完成
2025-07-23 10:36:21 | DEBUG    | src.bot.trading_bot:_update_positions_frequently:239 | ⚡ 高频头寸更新完成 (1个持仓)
2025-07-23 10:36:21 | INFO     | src.trading.executor:update_account_info:125 | 账户更新: 总值$99187.72, 买入力$398478.98
2025-07-23 10:36:22 | DEBUG    | src.bot.trading_bot:_update_market_data:184 | 市场数据更新完成
2025-07-23 10:36:25 | DEBUG    | src.bot.trading_bot:_update_positions_frequently:239 | ⚡ 高频头寸更新完成 (1个持仓)
2025-07-23 10:36:25 | INFO     | src.trading.executor:update_account_info:125 | 账户更新: 总值$99187.72, 买入力$398478.98
2025-07-23 10:36:26 | DEBUG    | src.bot.trading_bot:_update_market_data:184 | 市场数据更新完成
2025-07-23 10:36:29 | DEBUG    | src.bot.trading_bot:_update_positions_frequently:239 | ⚡ 高频头寸更新完成 (1个持仓)
2025-07-23 10:36:29 | INFO     | src.trading.executor:update_account_info:125 | 账户更新: 总值$99187.72, 买入力$398478.98
2025-07-23 10:36:30 | DEBUG    | src.bot.trading_bot:_update_market_data:184 | 市场数据更新完成
2025-07-23 10:36:33 | DEBUG    | src.bot.trading_bot:_update_positions_frequently:239 | ⚡ 高频头寸更新完成 (1个持仓)
2025-07-23 10:36:33 | INFO     | src.trading.executor:update_account_info:125 | 账户更新: 总值$99196.72, 买入力$398478.98
2025-07-23 10:36:33 | DEBUG    | src.bot.trading_bot:_update_market_data:184 | 市场数据更新完成
2025-07-23 10:36:37 | DEBUG    | src.bot.trading_bot:_update_positions_frequently:239 | ⚡ 高频头寸更新完成 (1个持仓)
2025-07-23 10:36:37 | INFO     | src.trading.executor:update_account_info:125 | 账户更新: 总值$99196.72, 买入力$398478.98
2025-07-23 10:36:37 | DEBUG    | src.bot.trading_bot:_update_market_data:184 | 市场数据更新完成
2025-07-23 10:36:40 | DEBUG    | src.bot.trading_bot:_update_positions_frequently:239 | ⚡ 高频头寸更新完成 (1个持仓)
2025-07-23 10:36:41 | INFO     | src.trading.executor:update_account_info:125 | 账户更新: 总值$99196.72, 买入力$398478.98
2025-07-23 10:36:41 | DEBUG    | src.bot.trading_bot:_update_market_data:184 | 市场数据更新完成
2025-07-23 10:36:44 | DEBUG    | src.bot.trading_bot:_update_positions_frequently:239 | ⚡ 高频头寸更新完成 (1个持仓)
2025-07-23 10:36:45 | INFO     | src.trading.executor:update_account_info:125 | 账户更新: 总值$99187.72, 买入力$398478.98
2025-07-23 10:36:45 | DEBUG    | src.bot.trading_bot:_update_market_data:184 | 市场数据更新完成
2025-07-23 10:36:49 | DEBUG    | src.bot.trading_bot:_update_positions_frequently:239 | ⚡ 高频头寸更新完成 (1个持仓)
2025-07-23 10:36:49 | INFO     | src.trading.executor:update_account_info:125 | 账户更新: 总值$99187.72, 买入力$398478.98
2025-07-23 10:36:50 | DEBUG    | src.bot.trading_bot:_update_market_data:184 | 市场数据更新完成
2025-07-23 10:36:52 | DEBUG    | src.bot.trading_bot:_update_positions_frequently:239 | ⚡ 高频头寸更新完成 (1个持仓)
2025-07-23 10:36:53 | INFO     | src.trading.executor:update_account_info:125 | 账户更新: 总值$99196.72, 买入力$398478.98
2025-07-23 10:36:53 | DEBUG    | src.bot.trading_bot:_update_market_data:184 | 市场数据更新完成
2025-07-23 10:36:56 | DEBUG    | src.bot.trading_bot:_update_positions_frequently:239 | ⚡ 高频头寸更新完成 (1个持仓)
2025-07-23 10:36:57 | INFO     | src.trading.executor:update_account_info:125 | 账户更新: 总值$99196.72, 买入力$398478.98
2025-07-23 10:36:57 | DEBUG    | src.bot.trading_bot:_update_market_data:184 | 市场数据更新完成
2025-07-23 10:37:00 | DEBUG    | src.bot.trading_bot:_update_positions_frequently:239 | ⚡ 高频头寸更新完成 (1个持仓)
2025-07-23 10:37:01 | INFO     | src.trading.executor:update_account_info:125 | 账户更新: 总值$99205.72, 买入力$398478.98
2025-07-23 10:37:01 | DEBUG    | src.bot.trading_bot:_update_market_data:184 | 市场数据更新完成
2025-07-23 10:37:04 | DEBUG    | src.bot.trading_bot:_update_positions_frequently:239 | ⚡ 高频头寸更新完成 (1个持仓)
2025-07-23 10:37:05 | INFO     | src.trading.executor:update_account_info:125 | 账户更新: 总值$99205.72, 买入力$398478.98
2025-07-23 10:37:05 | DEBUG    | src.bot.trading_bot:_update_market_data:184 | 市场数据更新完成
2025-07-23 10:37:08 | DEBUG    | src.bot.trading_bot:_update_positions_frequently:239 | ⚡ 高频头寸更新完成 (1个持仓)
2025-07-23 10:37:09 | INFO     | src.trading.executor:update_account_info:125 | 账户更新: 总值$99196.72, 买入力$398478.98
2025-07-23 10:37:09 | DEBUG    | src.bot.trading_bot:_update_market_data:184 | 市场数据更新完成
2025-07-23 10:37:12 | DEBUG    | src.bot.trading_bot:_update_positions_frequently:239 | ⚡ 高频头寸更新完成 (1个持仓)
2025-07-23 10:37:12 | INFO     | src.trading.executor:update_account_info:125 | 账户更新: 总值$99196.72, 买入力$398478.98
2025-07-23 10:37:13 | DEBUG    | src.bot.trading_bot:_update_market_data:184 | 市场数据更新完成
2025-07-23 10:37:16 | DEBUG    | src.bot.trading_bot:_update_positions_frequently:239 | ⚡ 高频头寸更新完成 (1个持仓)
2025-07-23 10:37:16 | INFO     | src.trading.executor:update_account_info:125 | 账户更新: 总值$99205.72, 买入力$398478.98
2025-07-23 10:37:17 | DEBUG    | src.bot.trading_bot:_update_market_data:184 | 市场数据更新完成
2025-07-23 10:37:19 | DEBUG    | src.bot.trading_bot:_update_positions_frequently:239 | ⚡ 高频头寸更新完成 (1个持仓)
2025-07-23 10:37:20 | INFO     | src.trading.executor:update_account_info:125 | 账户更新: 总值$99196.72, 买入力$398478.98
2025-07-23 10:37:20 | DEBUG    | src.bot.trading_bot:_update_market_data:184 | 市场数据更新完成
2025-07-23 10:37:23 | DEBUG    | src.bot.trading_bot:_update_positions_frequently:239 | ⚡ 高频头寸更新完成 (1个持仓)
2025-07-23 10:37:24 | INFO     | src.trading.executor:update_account_info:125 | 账户更新: 总值$99205.72, 买入力$398478.98
2025-07-23 10:37:24 | DEBUG    | src.bot.trading_bot:_update_market_data:184 | 市场数据更新完成
2025-07-23 10:37:27 | DEBUG    | src.bot.trading_bot:_update_positions_frequently:239 | ⚡ 高频头寸更新完成 (1个持仓)
2025-07-23 10:37:27 | INFO     | src.trading.executor:update_account_info:125 | 账户更新: 总值$99223.72, 买入力$398478.98
2025-07-23 10:37:28 | DEBUG    | src.bot.trading_bot:_update_market_data:184 | 市场数据更新完成
2025-07-23 10:37:31 | DEBUG    | src.bot.trading_bot:_update_positions_frequently:239 | ⚡ 高频头寸更新完成 (1个持仓)
2025-07-23 10:37:32 | INFO     | src.trading.executor:update_account_info:125 | 账户更新: 总值$99214.72, 买入力$398478.98
2025-07-23 10:37:32 | DEBUG    | src.bot.trading_bot:_update_market_data:184 | 市场数据更新完成
2025-07-23 10:37:34 | DEBUG    | src.bot.trading_bot:_update_positions_frequently:239 | ⚡ 高频头寸更新完成 (1个持仓)
2025-07-23 10:37:35 | INFO     | src.trading.executor:update_account_info:125 | 账户更新: 总值$99205.72, 买入力$398478.98
2025-07-23 10:37:35 | DEBUG    | src.bot.trading_bot:_update_market_data:184 | 市场数据更新完成
2025-07-23 10:37:38 | DEBUG    | src.bot.trading_bot:_update_positions_frequently:239 | ⚡ 高频头寸更新完成 (1个持仓)
2025-07-23 10:37:39 | INFO     | src.trading.executor:update_account_info:125 | 账户更新: 总值$99205.72, 买入力$398478.98
2025-07-23 10:37:39 | DEBUG    | src.bot.trading_bot:_update_market_data:184 | 市场数据更新完成
2025-07-23 10:37:42 | DEBUG    | src.bot.trading_bot:_update_positions_frequently:239 | ⚡ 高频头寸更新完成 (1个持仓)
2025-07-23 10:37:43 | INFO     | src.trading.executor:update_account_info:125 | 账户更新: 总值$99196.72, 买入力$398478.98
2025-07-23 10:37:43 | DEBUG    | src.bot.trading_bot:_update_market_data:184 | 市场数据更新完成
2025-07-23 10:37:46 | DEBUG    | src.bot.trading_bot:_update_positions_frequently:239 | ⚡ 高频头寸更新完成 (1个持仓)
2025-07-23 10:37:46 | INFO     | src.trading.executor:update_account_info:125 | 账户更新: 总值$99205.72, 买入力$398478.98
2025-07-23 10:37:47 | DEBUG    | src.bot.trading_bot:_update_market_data:184 | 市场数据更新完成
2025-07-23 10:37:50 | DEBUG    | src.bot.trading_bot:_update_positions_frequently:239 | ⚡ 高频头寸更新完成 (1个持仓)
2025-07-23 10:37:50 | INFO     | src.trading.executor:update_account_info:125 | 账户更新: 总值$99205.72, 买入力$398478.98
2025-07-23 10:37:51 | DEBUG    | src.bot.trading_bot:_update_market_data:184 | 市场数据更新完成
2025-07-23 10:37:53 | DEBUG    | src.bot.trading_bot:_update_positions_frequently:239 | ⚡ 高频头寸更新完成 (1个持仓)
2025-07-23 10:37:54 | INFO     | src.trading.executor:update_account_info:125 | 账户更新: 总值$99196.72, 买入力$398478.98
2025-07-23 10:37:54 | DEBUG    | src.bot.trading_bot:_update_market_data:184 | 市场数据更新完成
2025-07-23 10:37:57 | DEBUG    | src.bot.trading_bot:_update_positions_frequently:239 | ⚡ 高频头寸更新完成 (1个持仓)
2025-07-23 10:37:58 | INFO     | src.trading.executor:update_account_info:125 | 账户更新: 总值$99205.72, 买入力$398478.98
2025-07-23 10:37:58 | DEBUG    | src.bot.trading_bot:_update_market_data:184 | 市场数据更新完成
2025-07-23 10:38:01 | DEBUG    | src.bot.trading_bot:_update_positions_frequently:239 | ⚡ 高频头寸更新完成 (1个持仓)
2025-07-23 10:38:02 | INFO     | src.trading.executor:update_account_info:125 | 账户更新: 总值$99205.72, 买入力$398478.98
2025-07-23 10:38:02 | DEBUG    | src.bot.trading_bot:_update_market_data:184 | 市场数据更新完成
2025-07-23 10:38:05 | DEBUG    | src.bot.trading_bot:_update_positions_frequently:239 | ⚡ 高频头寸更新完成 (1个持仓)
2025-07-23 10:38:06 | INFO     | src.trading.executor:update_account_info:125 | 账户更新: 总值$99205.72, 买入力$398478.98
2025-07-23 10:38:06 | DEBUG    | src.bot.trading_bot:_update_market_data:184 | 市场数据更新完成
2025-07-23 10:38:09 | DEBUG    | src.bot.trading_bot:_update_positions_frequently:239 | ⚡ 高频头寸更新完成 (1个持仓)
2025-07-23 10:38:09 | INFO     | src.trading.executor:update_account_info:125 | 账户更新: 总值$99205.72, 买入力$398478.98
2025-07-23 10:38:10 | DEBUG    | src.bot.trading_bot:_update_market_data:184 | 市场数据更新完成
2025-07-23 10:38:13 | DEBUG    | src.bot.trading_bot:_update_positions_frequently:239 | ⚡ 高频头寸更新完成 (1个持仓)
2025-07-23 10:38:13 | INFO     | src.trading.executor:update_account_info:125 | 账户更新: 总值$99214.72, 买入力$398478.98
2025-07-23 10:38:14 | DEBUG    | src.bot.trading_bot:_update_market_data:184 | 市场数据更新完成
2025-07-23 10:38:17 | DEBUG    | src.bot.trading_bot:_update_positions_frequently:239 | ⚡ 高频头寸更新完成 (1个持仓)
2025-07-23 10:38:17 | INFO     | src.trading.executor:update_account_info:125 | 账户更新: 总值$99205.72, 买入力$398478.98
2025-07-23 10:38:18 | DEBUG    | src.bot.trading_bot:_update_market_data:184 | 市场数据更新完成
2025-07-23 10:38:21 | DEBUG    | src.bot.trading_bot:_update_positions_frequently:239 | ⚡ 高频头寸更新完成 (1个持仓)
2025-07-23 10:38:21 | INFO     | src.trading.executor:update_account_info:125 | 账户更新: 总值$99205.72, 买入力$398478.98
2025-07-23 10:38:22 | DEBUG    | src.bot.trading_bot:_update_market_data:184 | 市场数据更新完成
2025-07-23 10:38:24 | DEBUG    | src.bot.trading_bot:_update_positions_frequently:239 | ⚡ 高频头寸更新完成 (1个持仓)
2025-07-23 10:38:25 | INFO     | src.trading.executor:update_account_info:125 | 账户更新: 总值$99214.72, 买入力$398478.98
2025-07-23 10:38:25 | DEBUG    | src.bot.trading_bot:_update_market_data:184 | 市场数据更新完成
2025-07-23 10:38:29 | DEBUG    | src.bot.trading_bot:_update_positions_frequently:239 | ⚡ 高频头寸更新完成 (1个持仓)
2025-07-23 10:38:29 | INFO     | src.trading.executor:update_account_info:125 | 账户更新: 总值$99205.72, 买入力$398478.98
2025-07-23 10:38:29 | DEBUG    | src.bot.trading_bot:_update_market_data:184 | 市场数据更新完成
2025-07-23 10:38:33 | DEBUG    | src.bot.trading_bot:_update_positions_frequently:239 | ⚡ 高频头寸更新完成 (1个持仓)
2025-07-23 10:38:33 | INFO     | src.trading.executor:update_account_info:125 | 账户更新: 总值$99214.72, 买入力$398478.98
2025-07-23 10:38:34 | DEBUG    | src.bot.trading_bot:_update_market_data:184 | 市场数据更新完成
2025-07-23 10:38:37 | DEBUG    | src.bot.trading_bot:_update_positions_frequently:239 | ⚡ 高频头寸更新完成 (1个持仓)
2025-07-23 10:38:37 | INFO     | src.trading.executor:update_account_info:125 | 账户更新: 总值$99214.72, 买入力$398478.98
2025-07-23 10:38:38 | DEBUG    | src.bot.trading_bot:_update_market_data:184 | 市场数据更新完成
2025-07-23 10:38:41 | DEBUG    | src.bot.trading_bot:_update_positions_frequently:239 | ⚡ 高频头寸更新完成 (1个持仓)
2025-07-23 10:38:41 | INFO     | src.trading.executor:update_account_info:125 | 账户更新: 总值$99214.72, 买入力$398478.98
2025-07-23 10:38:42 | DEBUG    | src.bot.trading_bot:_update_market_data:184 | 市场数据更新完成
2025-07-23 10:38:45 | DEBUG    | src.bot.trading_bot:_update_positions_frequently:239 | ⚡ 高频头寸更新完成 (1个持仓)
2025-07-23 10:38:45 | INFO     | src.trading.executor:update_account_info:125 | 账户更新: 总值$99241.72, 买入力$398478.98
2025-07-23 10:38:46 | DEBUG    | src.bot.trading_bot:_update_market_data:184 | 市场数据更新完成
2025-07-23 10:38:49 | DEBUG    | src.bot.trading_bot:_update_positions_frequently:239 | ⚡ 高频头寸更新完成 (1个持仓)
2025-07-23 10:38:50 | INFO     | src.trading.executor:update_account_info:125 | 账户更新: 总值$99250.72, 买入力$398478.98
2025-07-23 10:38:50 | DEBUG    | src.bot.trading_bot:_update_market_data:184 | 市场数据更新完成
2025-07-23 10:38:53 | DEBUG    | src.bot.trading_bot:_update_positions_frequently:239 | ⚡ 高频头寸更新完成 (1个持仓)
2025-07-23 10:38:54 | INFO     | src.trading.executor:update_account_info:125 | 账户更新: 总值$99241.72, 买入力$398478.98
2025-07-23 10:38:54 | DEBUG    | src.bot.trading_bot:_update_market_data:184 | 市场数据更新完成
2025-07-23 10:38:57 | DEBUG    | src.bot.trading_bot:_update_positions_frequently:239 | ⚡ 高频头寸更新完成 (1个持仓)
2025-07-23 10:38:57 | INFO     | src.trading.executor:update_account_info:125 | 账户更新: 总值$99232.72, 买入力$398478.98
2025-07-23 10:38:57 | DEBUG    | src.bot.trading_bot:_update_market_data:184 | 市场数据更新完成
2025-07-23 10:39:01 | DEBUG    | src.bot.trading_bot:_update_positions_frequently:239 | ⚡ 高频头寸更新完成 (1个持仓)
2025-07-23 10:39:01 | INFO     | src.trading.executor:update_account_info:125 | 账户更新: 总值$99214.72, 买入力$398478.98
2025-07-23 10:39:01 | DEBUG    | src.bot.trading_bot:_update_market_data:184 | 市场数据更新完成
2025-07-23 10:39:05 | DEBUG    | src.bot.trading_bot:_update_positions_frequently:239 | ⚡ 高频头寸更新完成 (1个持仓)
2025-07-23 10:39:05 | INFO     | src.trading.executor:update_account_info:125 | 账户更新: 总值$99223.72, 买入力$398478.98
2025-07-23 10:39:05 | DEBUG    | src.bot.trading_bot:_update_market_data:184 | 市场数据更新完成
2025-07-23 10:39:09 | DEBUG    | src.bot.trading_bot:_update_positions_frequently:239 | ⚡ 高频头寸更新完成 (1个持仓)
2025-07-23 10:39:09 | INFO     | src.trading.executor:update_account_info:125 | 账户更新: 总值$99223.72, 买入力$398478.98
2025-07-23 10:39:10 | DEBUG    | src.bot.trading_bot:_update_market_data:184 | 市场数据更新完成
2025-07-23 10:39:13 | DEBUG    | src.bot.trading_bot:_update_positions_frequently:239 | ⚡ 高频头寸更新完成 (1个持仓)
2025-07-23 10:39:13 | INFO     | src.trading.executor:update_account_info:125 | 账户更新: 总值$99223.72, 买入力$398478.98
2025-07-23 10:39:14 | DEBUG    | src.bot.trading_bot:_update_market_data:184 | 市场数据更新完成
2025-07-23 10:39:17 | DEBUG    | src.bot.trading_bot:_update_positions_frequently:239 | ⚡ 高频头寸更新完成 (1个持仓)
2025-07-23 10:39:17 | INFO     | src.trading.executor:update_account_info:125 | 账户更新: 总值$99241.72, 买入力$398478.98
2025-07-23 10:39:18 | DEBUG    | src.bot.trading_bot:_update_market_data:184 | 市场数据更新完成
2025-07-23 10:39:21 | DEBUG    | src.bot.trading_bot:_update_positions_frequently:239 | ⚡ 高频头寸更新完成 (1个持仓)
2025-07-23 10:39:21 | INFO     | src.trading.executor:update_account_info:125 | 账户更新: 总值$99241.72, 买入力$398478.98
2025-07-23 10:39:22 | DEBUG    | src.bot.trading_bot:_update_market_data:184 | 市场数据更新完成
2025-07-23 10:39:25 | DEBUG    | src.bot.trading_bot:_update_positions_frequently:239 | ⚡ 高频头寸更新完成 (1个持仓)
2025-07-23 10:39:25 | INFO     | src.trading.executor:update_account_info:125 | 账户更新: 总值$99241.72, 买入力$398478.98
2025-07-23 10:39:25 | DEBUG    | src.bot.trading_bot:_update_market_data:184 | 市场数据更新完成
2025-07-23 10:39:28 | DEBUG    | src.bot.trading_bot:_update_positions_frequently:239 | ⚡ 高频头寸更新完成 (1个持仓)
2025-07-23 10:39:29 | INFO     | src.trading.executor:update_account_info:125 | 账户更新: 总值$99250.72, 买入力$398478.98
2025-07-23 10:39:29 | DEBUG    | src.bot.trading_bot:_update_market_data:184 | 市场数据更新完成
2025-07-23 10:39:32 | DEBUG    | src.bot.trading_bot:_update_positions_frequently:239 | ⚡ 高频头寸更新完成 (1个持仓)
2025-07-23 10:39:33 | INFO     | src.trading.executor:update_account_info:125 | 账户更新: 总值$99241.72, 买入力$398478.98
2025-07-23 10:39:33 | DEBUG    | src.bot.trading_bot:_update_market_data:184 | 市场数据更新完成
2025-07-23 10:39:36 | DEBUG    | src.bot.trading_bot:_update_positions_frequently:239 | ⚡ 高频头寸更新完成 (1个持仓)
2025-07-23 10:39:37 | INFO     | src.trading.executor:update_account_info:125 | 账户更新: 总值$99241.72, 买入力$398478.98
2025-07-23 10:39:37 | DEBUG    | src.bot.trading_bot:_update_market_data:184 | 市场数据更新完成
2025-07-23 10:39:40 | DEBUG    | src.bot.trading_bot:_update_positions_frequently:239 | ⚡ 高频头寸更新完成 (1个持仓)
2025-07-23 10:39:41 | INFO     | src.trading.executor:update_account_info:125 | 账户更新: 总值$99241.72, 买入力$398478.98
2025-07-23 10:39:41 | DEBUG    | src.bot.trading_bot:_update_market_data:184 | 市场数据更新完成
2025-07-23 10:39:44 | DEBUG    | src.bot.trading_bot:_update_positions_frequently:239 | ⚡ 高频头寸更新完成 (1个持仓)
2025-07-23 10:39:45 | INFO     | src.trading.executor:update_account_info:125 | 账户更新: 总值$99241.72, 买入力$398478.98
2025-07-23 10:39:45 | DEBUG    | src.bot.trading_bot:_update_market_data:184 | 市场数据更新完成
2025-07-23 10:39:48 | DEBUG    | src.bot.trading_bot:_update_positions_frequently:239 | ⚡ 高频头寸更新完成 (1个持仓)
2025-07-23 10:39:48 | INFO     | src.trading.executor:update_account_info:125 | 账户更新: 总值$99241.72, 买入力$398478.98
2025-07-23 10:39:49 | DEBUG    | src.bot.trading_bot:_update_market_data:184 | 市场数据更新完成
2025-07-23 10:39:51 | DEBUG    | src.bot.trading_bot:_update_positions_frequently:239 | ⚡ 高频头寸更新完成 (1个持仓)
2025-07-23 10:39:52 | INFO     | src.trading.executor:update_account_info:125 | 账户更新: 总值$99241.72, 买入力$398478.98
2025-07-23 10:39:52 | DEBUG    | src.bot.trading_bot:_update_market_data:184 | 市场数据更新完成
2025-07-23 10:39:55 | DEBUG    | src.bot.trading_bot:_update_positions_frequently:239 | ⚡ 高频头寸更新完成 (1个持仓)
2025-07-23 10:39:56 | INFO     | src.trading.executor:update_account_info:125 | 账户更新: 总值$99259.72, 买入力$398478.98
2025-07-23 10:39:56 | DEBUG    | src.bot.trading_bot:_update_market_data:184 | 市场数据更新完成
2025-07-23 10:39:59 | DEBUG    | src.bot.trading_bot:_update_positions_frequently:239 | ⚡ 高频头寸更新完成 (1个持仓)
2025-07-23 10:40:00 | INFO     | src.trading.executor:update_account_info:125 | 账户更新: 总值$99259.72, 买入力$398478.98
2025-07-23 10:40:00 | DEBUG    | src.bot.trading_bot:_update_market_data:184 | 市场数据更新完成
2025-07-23 10:40:03 | DEBUG    | src.bot.trading_bot:_update_positions_frequently:239 | ⚡ 高频头寸更新完成 (1个持仓)
2025-07-23 10:40:03 | INFO     | src.trading.executor:update_account_info:125 | 账户更新: 总值$99259.72, 买入力$398478.98
2025-07-23 10:40:04 | DEBUG    | src.bot.trading_bot:_update_market_data:184 | 市场数据更新完成
2025-07-23 10:40:07 | DEBUG    | src.bot.trading_bot:_update_positions_frequently:239 | ⚡ 高频头寸更新完成 (1个持仓)
2025-07-23 10:40:07 | INFO     | src.trading.executor:update_account_info:125 | 账户更新: 总值$99268.72, 买入力$398478.98
2025-07-23 10:40:08 | DEBUG    | src.bot.trading_bot:_update_market_data:184 | 市场数据更新完成
2025-07-23 10:40:11 | DEBUG    | src.bot.trading_bot:_update_positions_frequently:239 | ⚡ 高频头寸更新完成 (1个持仓)
2025-07-23 10:40:11 | INFO     | src.trading.executor:update_account_info:125 | 账户更新: 总值$99268.72, 买入力$398478.98
2025-07-23 10:40:12 | DEBUG    | src.bot.trading_bot:_update_market_data:184 | 市场数据更新完成
2025-07-23 10:40:15 | DEBUG    | src.bot.trading_bot:_update_positions_frequently:239 | ⚡ 高频头寸更新完成 (1个持仓)
2025-07-23 10:40:15 | INFO     | src.trading.executor:update_account_info:125 | 账户更新: 总值$99268.72, 买入力$398478.98
2025-07-23 10:40:16 | DEBUG    | src.bot.trading_bot:_update_market_data:184 | 市场数据更新完成
2025-07-23 10:40:18 | DEBUG    | src.bot.trading_bot:_update_positions_frequently:239 | ⚡ 高频头寸更新完成 (1个持仓)
2025-07-23 10:40:19 | INFO     | src.trading.executor:update_account_info:125 | 账户更新: 总值$99268.72, 买入力$398478.98
2025-07-23 10:40:19 | DEBUG    | src.bot.trading_bot:_update_market_data:184 | 市场数据更新完成
2025-07-23 10:40:23 | DEBUG    | src.bot.trading_bot:_update_positions_frequently:239 | ⚡ 高频头寸更新完成 (1个持仓)
2025-07-23 10:40:23 | INFO     | src.trading.executor:update_account_info:125 | 账户更新: 总值$99259.72, 买入力$398478.98
2025-07-23 10:40:23 | DEBUG    | src.bot.trading_bot:_update_market_data:184 | 市场数据更新完成
2025-07-23 10:40:26 | DEBUG    | src.bot.trading_bot:_update_positions_frequently:239 | ⚡ 高频头寸更新完成 (1个持仓)
2025-07-23 10:40:27 | INFO     | src.trading.executor:update_account_info:125 | 账户更新: 总值$99250.72, 买入力$398478.98
2025-07-23 10:40:27 | DEBUG    | src.bot.trading_bot:_update_market_data:184 | 市场数据更新完成
2025-07-23 10:40:30 | DEBUG    | src.bot.trading_bot:_update_positions_frequently:239 | ⚡ 高频头寸更新完成 (1个持仓)
2025-07-23 10:40:30 | INFO     | src.trading.executor:update_account_info:125 | 账户更新: 总值$99259.72, 买入力$398478.98
2025-07-23 10:40:30 | DEBUG    | src.bot.trading_bot:_update_market_data:184 | 市场数据更新完成
2025-07-23 10:40:34 | DEBUG    | src.bot.trading_bot:_update_positions_frequently:239 | ⚡ 高频头寸更新完成 (1个持仓)
2025-07-23 10:40:34 | INFO     | src.trading.executor:update_account_info:125 | 账户更新: 总值$99232.72, 买入力$398478.98
2025-07-23 10:40:34 | DEBUG    | src.bot.trading_bot:_update_market_data:184 | 市场数据更新完成
2025-07-23 10:40:37 | DEBUG    | src.bot.trading_bot:_update_positions_frequently:239 | ⚡ 高频头寸更新完成 (1个持仓)
2025-07-23 10:40:38 | INFO     | src.trading.executor:update_account_info:125 | 账户更新: 总值$99223.72, 买入力$398478.98
2025-07-23 10:40:38 | DEBUG    | src.bot.trading_bot:_update_market_data:184 | 市场数据更新完成
2025-07-23 10:40:41 | DEBUG    | src.bot.trading_bot:_update_positions_frequently:239 | ⚡ 高频头寸更新完成 (1个持仓)
2025-07-23 10:40:42 | INFO     | src.trading.executor:update_account_info:125 | 账户更新: 总值$99232.72, 买入力$398478.98
2025-07-23 10:40:42 | DEBUG    | src.bot.trading_bot:_update_market_data:184 | 市场数据更新完成
2025-07-23 10:40:46 | DEBUG    | src.bot.trading_bot:_update_positions_frequently:239 | ⚡ 高频头寸更新完成 (1个持仓)
2025-07-23 10:40:47 | INFO     | src.trading.executor:update_account_info:125 | 账户更新: 总值$99241.72, 买入力$398478.98
2025-07-23 10:40:47 | DEBUG    | src.bot.trading_bot:_update_market_data:184 | 市场数据更新完成
2025-07-23 10:40:50 | DEBUG    | src.bot.trading_bot:_update_positions_frequently:239 | ⚡ 高频头寸更新完成 (1个持仓)
2025-07-23 10:40:51 | INFO     | src.trading.executor:update_account_info:125 | 账户更新: 总值$99241.72, 买入力$398478.98
2025-07-23 10:40:51 | DEBUG    | src.bot.trading_bot:_update_market_data:184 | 市场数据更新完成
2025-07-23 10:40:54 | DEBUG    | src.bot.trading_bot:_update_positions_frequently:239 | ⚡ 高频头寸更新完成 (1个持仓)
2025-07-23 10:40:55 | INFO     | src.trading.executor:update_account_info:125 | 账户更新: 总值$99241.72, 买入力$398478.98
2025-07-23 10:40:55 | DEBUG    | src.bot.trading_bot:_update_market_data:184 | 市场数据更新完成
2025-07-23 10:40:58 | DEBUG    | src.bot.trading_bot:_update_positions_frequently:239 | ⚡ 高频头寸更新完成 (1个持仓)
2025-07-23 10:40:59 | INFO     | src.trading.executor:update_account_info:125 | 账户更新: 总值$99241.72, 买入力$398478.98
2025-07-23 10:40:59 | DEBUG    | src.bot.trading_bot:_update_market_data:184 | 市场数据更新完成
2025-07-23 10:41:02 | DEBUG    | src.bot.trading_bot:_update_positions_frequently:239 | ⚡ 高频头寸更新完成 (1个持仓)
2025-07-23 10:41:03 | INFO     | src.trading.executor:update_account_info:125 | 账户更新: 总值$99232.72, 买入力$398478.98
2025-07-23 10:41:03 | DEBUG    | src.bot.trading_bot:_update_market_data:184 | 市场数据更新完成
2025-07-23 10:41:06 | DEBUG    | src.bot.trading_bot:_update_positions_frequently:239 | ⚡ 高频头寸更新完成 (1个持仓)
2025-07-23 10:41:07 | INFO     | src.trading.executor:update_account_info:125 | 账户更新: 总值$99232.72, 买入力$398478.98
2025-07-23 10:41:07 | DEBUG    | src.bot.trading_bot:_update_market_data:184 | 市场数据更新完成
2025-07-23 10:41:10 | DEBUG    | src.bot.trading_bot:_update_positions_frequently:239 | ⚡ 高频头寸更新完成 (1个持仓)
2025-07-23 10:41:10 | INFO     | src.trading.executor:update_account_info:125 | 账户更新: 总值$99232.72, 买入力$398478.98
2025-07-23 10:41:10 | DEBUG    | src.bot.trading_bot:_update_market_data:184 | 市场数据更新完成
2025-07-23 10:41:13 | DEBUG    | src.bot.trading_bot:_update_positions_frequently:239 | ⚡ 高频头寸更新完成 (1个持仓)
2025-07-23 10:41:14 | INFO     | src.trading.executor:update_account_info:125 | 账户更新: 总值$99241.72, 买入力$398478.98
2025-07-23 10:41:14 | DEBUG    | src.bot.trading_bot:_update_market_data:184 | 市场数据更新完成
2025-07-23 10:41:17 | DEBUG    | src.bot.trading_bot:_update_positions_frequently:239 | ⚡ 高频头寸更新完成 (1个持仓)
2025-07-23 10:41:17 | INFO     | src.trading.executor:update_account_info:125 | 账户更新: 总值$99250.72, 买入力$398478.98
2025-07-23 10:41:18 | DEBUG    | src.bot.trading_bot:_update_market_data:184 | 市场数据更新完成
2025-07-23 10:41:20 | DEBUG    | src.bot.trading_bot:_update_positions_frequently:239 | ⚡ 高频头寸更新完成 (1个持仓)
2025-07-23 10:41:21 | INFO     | src.trading.executor:update_account_info:125 | 账户更新: 总值$99232.72, 买入力$398478.98
2025-07-23 10:41:21 | DEBUG    | src.bot.trading_bot:_update_market_data:184 | 市场数据更新完成
2025-07-23 10:41:24 | DEBUG    | src.bot.trading_bot:_update_positions_frequently:239 | ⚡ 高频头寸更新完成 (1个持仓)
2025-07-23 10:41:25 | INFO     | src.trading.executor:update_account_info:125 | 账户更新: 总值$99241.72, 买入力$398478.98
2025-07-23 10:41:25 | DEBUG    | src.bot.trading_bot:_update_market_data:184 | 市场数据更新完成
2025-07-23 10:41:28 | DEBUG    | src.bot.trading_bot:_update_positions_frequently:239 | ⚡ 高频头寸更新完成 (1个持仓)
2025-07-23 10:41:29 | INFO     | src.trading.executor:update_account_info:125 | 账户更新: 总值$99241.72, 买入力$398478.98
2025-07-23 10:41:29 | DEBUG    | src.bot.trading_bot:_update_market_data:184 | 市场数据更新完成
2025-07-23 10:41:31 | DEBUG    | src.bot.trading_bot:_update_positions_frequently:239 | ⚡ 高频头寸更新完成 (1个持仓)
2025-07-23 10:41:32 | INFO     | src.trading.executor:update_account_info:125 | 账户更新: 总值$99259.72, 买入力$398478.98
2025-07-23 10:41:32 | DEBUG    | src.bot.trading_bot:_update_market_data:184 | 市场数据更新完成
2025-07-23 10:41:35 | DEBUG    | src.bot.trading_bot:_update_positions_frequently:239 | ⚡ 高频头寸更新完成 (1个持仓)
2025-07-23 10:41:36 | INFO     | src.trading.executor:update_account_info:125 | 账户更新: 总值$99241.72, 买入力$398478.98
2025-07-23 10:41:36 | DEBUG    | src.bot.trading_bot:_update_market_data:184 | 市场数据更新完成
2025-07-23 10:41:39 | DEBUG    | src.bot.trading_bot:_update_positions_frequently:239 | ⚡ 高频头寸更新完成 (1个持仓)
2025-07-23 10:41:39 | INFO     | src.trading.executor:update_account_info:125 | 账户更新: 总值$99232.72, 买入力$398478.98
2025-07-23 10:41:40 | DEBUG    | src.bot.trading_bot:_update_market_data:184 | 市场数据更新完成
2025-07-23 10:41:42 | DEBUG    | src.bot.trading_bot:_update_positions_frequently:239 | ⚡ 高频头寸更新完成 (1个持仓)
2025-07-23 10:41:43 | INFO     | src.trading.executor:update_account_info:125 | 账户更新: 总值$99232.72, 买入力$398478.98
2025-07-23 10:41:43 | DEBUG    | src.bot.trading_bot:_update_market_data:184 | 市场数据更新完成
2025-07-23 10:41:46 | DEBUG    | src.bot.trading_bot:_update_positions_frequently:239 | ⚡ 高频头寸更新完成 (1个持仓)
2025-07-23 10:41:47 | INFO     | src.trading.executor:update_account_info:125 | 账户更新: 总值$99223.72, 买入力$398478.98
2025-07-23 10:41:48 | DEBUG    | src.bot.trading_bot:_update_market_data:184 | 市场数据更新完成
2025-07-23 10:41:50 | DEBUG    | src.bot.trading_bot:_update_positions_frequently:239 | ⚡ 高频头寸更新完成 (1个持仓)
2025-07-23 10:41:51 | INFO     | src.trading.executor:update_account_info:125 | 账户更新: 总值$99214.72, 买入力$398478.98
2025-07-23 10:41:51 | DEBUG    | src.bot.trading_bot:_update_market_data:184 | 市场数据更新完成
2025-07-23 10:41:54 | DEBUG    | src.bot.trading_bot:_update_positions_frequently:239 | ⚡ 高频头寸更新完成 (1个持仓)
2025-07-23 10:41:55 | INFO     | src.trading.executor:update_account_info:125 | 账户更新: 总值$99214.72, 买入力$398478.98
2025-07-23 10:41:55 | DEBUG    | src.bot.trading_bot:_update_market_data:184 | 市场数据更新完成
2025-07-23 10:41:58 | DEBUG    | src.bot.trading_bot:_update_positions_frequently:239 | ⚡ 高频头寸更新完成 (1个持仓)
2025-07-23 10:41:59 | INFO     | src.trading.executor:update_account_info:125 | 账户更新: 总值$99223.72, 买入力$398478.98
2025-07-23 10:41:59 | DEBUG    | src.bot.trading_bot:_update_market_data:184 | 市场数据更新完成
2025-07-23 10:42:02 | DEBUG    | src.bot.trading_bot:_update_positions_frequently:239 | ⚡ 高频头寸更新完成 (1个持仓)
2025-07-23 10:42:03 | INFO     | src.trading.executor:update_account_info:125 | 账户更新: 总值$99232.72, 买入力$398478.98
2025-07-23 10:42:03 | DEBUG    | src.bot.trading_bot:_update_market_data:184 | 市场数据更新完成
2025-07-23 10:42:06 | DEBUG    | src.bot.trading_bot:_update_positions_frequently:239 | ⚡ 高频头寸更新完成 (1个持仓)
2025-07-23 10:42:06 | INFO     | src.trading.executor:update_account_info:125 | 账户更新: 总值$99223.72, 买入力$398478.98
2025-07-23 10:42:06 | DEBUG    | src.bot.trading_bot:_update_market_data:184 | 市场数据更新完成
2025-07-23 10:42:10 | DEBUG    | src.bot.trading_bot:_update_positions_frequently:239 | ⚡ 高频头寸更新完成 (1个持仓)
2025-07-23 10:42:10 | INFO     | src.trading.executor:update_account_info:125 | 账户更新: 总值$99214.72, 买入力$398478.98
2025-07-23 10:42:10 | DEBUG    | src.bot.trading_bot:_update_market_data:184 | 市场数据更新完成
2025-07-23 10:42:13 | DEBUG    | src.bot.trading_bot:_update_positions_frequently:239 | ⚡ 高频头寸更新完成 (1个持仓)
2025-07-23 10:42:14 | INFO     | src.trading.executor:update_account_info:125 | 账户更新: 总值$99223.72, 买入力$398478.98
2025-07-23 10:42:14 | DEBUG    | src.bot.trading_bot:_update_market_data:184 | 市场数据更新完成
2025-07-23 10:42:17 | DEBUG    | src.bot.trading_bot:_update_positions_frequently:239 | ⚡ 高频头寸更新完成 (1个持仓)
2025-07-23 10:42:18 | INFO     | src.trading.executor:update_account_info:125 | 账户更新: 总值$99223.72, 买入力$398478.98
2025-07-23 10:42:18 | DEBUG    | src.bot.trading_bot:_update_market_data:184 | 市场数据更新完成
2025-07-23 10:42:21 | DEBUG    | src.bot.trading_bot:_update_positions_frequently:239 | ⚡ 高频头寸更新完成 (1个持仓)
2025-07-23 10:42:22 | INFO     | src.trading.executor:update_account_info:125 | 账户更新: 总值$99232.72, 买入力$398478.98
2025-07-23 10:42:22 | DEBUG    | src.bot.trading_bot:_update_market_data:184 | 市场数据更新完成
2025-07-23 10:42:25 | DEBUG    | src.bot.trading_bot:_update_positions_frequently:239 | ⚡ 高频头寸更新完成 (1个持仓)
2025-07-23 10:42:26 | INFO     | src.trading.executor:update_account_info:125 | 账户更新: 总值$99232.72, 买入力$398478.98
2025-07-23 10:42:26 | DEBUG    | src.bot.trading_bot:_update_market_data:184 | 市场数据更新完成
2025-07-23 10:42:29 | DEBUG    | src.bot.trading_bot:_update_positions_frequently:239 | ⚡ 高频头寸更新完成 (1个持仓)
2025-07-23 10:42:29 | INFO     | src.trading.executor:update_account_info:125 | 账户更新: 总值$99241.72, 买入力$398478.98
2025-07-23 10:42:30 | DEBUG    | src.bot.trading_bot:_update_market_data:184 | 市场数据更新完成
2025-07-23 10:42:33 | DEBUG    | src.bot.trading_bot:_update_positions_frequently:239 | ⚡ 高频头寸更新完成 (1个持仓)
2025-07-23 10:42:33 | INFO     | src.trading.executor:update_account_info:125 | 账户更新: 总值$99223.72, 买入力$398478.98
2025-07-23 10:42:34 | DEBUG    | src.bot.trading_bot:_update_market_data:184 | 市场数据更新完成
2025-07-23 10:42:37 | DEBUG    | src.bot.trading_bot:_update_positions_frequently:239 | ⚡ 高频头寸更新完成 (1个持仓)
2025-07-23 10:42:37 | INFO     | src.trading.executor:update_account_info:125 | 账户更新: 总值$99259.72, 买入力$398478.98
2025-07-23 10:42:37 | DEBUG    | src.bot.trading_bot:_update_market_data:184 | 市场数据更新完成
2025-07-23 10:42:40 | DEBUG    | src.bot.trading_bot:_update_positions_frequently:239 | ⚡ 高频头寸更新完成 (1个持仓)
2025-07-23 10:42:41 | INFO     | src.trading.executor:update_account_info:125 | 账户更新: 总值$99268.72, 买入力$398478.98
2025-07-23 10:42:41 | DEBUG    | src.bot.trading_bot:_update_market_data:184 | 市场数据更新完成
2025-07-23 10:42:44 | DEBUG    | src.bot.trading_bot:_update_positions_frequently:239 | ⚡ 高频头寸更新完成 (1个持仓)
2025-07-23 10:42:45 | INFO     | src.trading.executor:update_account_info:125 | 账户更新: 总值$99268.72, 买入力$398478.98
2025-07-23 10:42:45 | DEBUG    | src.bot.trading_bot:_update_market_data:184 | 市场数据更新完成
2025-07-23 10:42:49 | DEBUG    | src.bot.trading_bot:_update_positions_frequently:239 | ⚡ 高频头寸更新完成 (1个持仓)
2025-07-23 10:42:50 | INFO     | src.trading.executor:update_account_info:125 | 账户更新: 总值$99268.72, 买入力$398478.98
2025-07-23 10:42:50 | DEBUG    | src.bot.trading_bot:_update_market_data:184 | 市场数据更新完成
2025-07-23 10:42:53 | DEBUG    | src.bot.trading_bot:_update_positions_frequently:239 | ⚡ 高频头寸更新完成 (1个持仓)
2025-07-23 10:42:53 | INFO     | src.trading.executor:update_account_info:125 | 账户更新: 总值$99277.72, 买入力$398478.98
2025-07-23 10:42:54 | DEBUG    | src.bot.trading_bot:_update_market_data:184 | 市场数据更新完成
2025-07-23 10:42:57 | DEBUG    | src.bot.trading_bot:_update_positions_frequently:239 | ⚡ 高频头寸更新完成 (1个持仓)
2025-07-23 10:42:57 | INFO     | src.trading.executor:update_account_info:125 | 账户更新: 总值$99286.72, 买入力$398478.98
2025-07-23 10:42:58 | DEBUG    | src.bot.trading_bot:_update_market_data:184 | 市场数据更新完成
2025-07-23 10:43:01 | DEBUG    | src.bot.trading_bot:_update_positions_frequently:239 | ⚡ 高频头寸更新完成 (1个持仓)
2025-07-23 10:43:01 | INFO     | src.trading.executor:update_account_info:125 | 账户更新: 总值$99313.72, 买入力$398478.98
2025-07-23 10:43:02 | DEBUG    | src.bot.trading_bot:_update_market_data:184 | 市场数据更新完成
2025-07-23 10:43:05 | DEBUG    | src.bot.trading_bot:_update_positions_frequently:239 | ⚡ 高频头寸更新完成 (1个持仓)
2025-07-23 10:43:05 | INFO     | src.trading.executor:update_account_info:125 | 账户更新: 总值$99322.72, 买入力$398478.98
2025-07-23 10:43:06 | DEBUG    | src.bot.trading_bot:_update_market_data:184 | 市场数据更新完成
2025-07-23 10:43:09 | DEBUG    | src.bot.trading_bot:_update_positions_frequently:239 | ⚡ 高频头寸更新完成 (1个持仓)
2025-07-23 10:43:09 | INFO     | src.trading.executor:update_account_info:125 | 账户更新: 总值$99340.72, 买入力$398478.98
2025-07-23 10:43:10 | DEBUG    | src.bot.trading_bot:_update_market_data:184 | 市场数据更新完成
2025-07-23 10:43:13 | DEBUG    | src.bot.trading_bot:_update_positions_frequently:239 | ⚡ 高频头寸更新完成 (1个持仓)
2025-07-23 10:43:13 | INFO     | src.trading.executor:update_account_info:125 | 账户更新: 总值$99340.72, 买入力$398478.98
2025-07-23 10:43:14 | DEBUG    | src.bot.trading_bot:_update_market_data:184 | 市场数据更新完成
2025-07-23 10:43:17 | DEBUG    | src.bot.trading_bot:_update_positions_frequently:239 | ⚡ 高频头寸更新完成 (1个持仓)
2025-07-23 10:43:17 | INFO     | src.trading.executor:update_account_info:125 | 账户更新: 总值$99430.72, 买入力$398478.98
2025-07-23 10:43:18 | DEBUG    | src.bot.trading_bot:_update_market_data:184 | 市场数据更新完成
2025-07-23 10:43:20 | DEBUG    | src.bot.trading_bot:_update_positions_frequently:239 | ⚡ 高频头寸更新完成 (1个持仓)
2025-07-23 10:43:21 | INFO     | src.trading.executor:update_account_info:125 | 账户更新: 总值$99430.72, 买入力$398478.98
2025-07-23 10:43:21 | DEBUG    | src.bot.trading_bot:_update_market_data:184 | 市场数据更新完成
2025-07-23 10:43:24 | DEBUG    | src.bot.trading_bot:_update_positions_frequently:239 | ⚡ 高频头寸更新完成 (1个持仓)
2025-07-23 10:43:25 | INFO     | src.trading.executor:update_account_info:125 | 账户更新: 总值$99394.72, 买入力$398478.98
2025-07-23 10:43:25 | DEBUG    | src.bot.trading_bot:_update_market_data:184 | 市场数据更新完成
2025-07-23 10:43:28 | DEBUG    | src.bot.trading_bot:_update_positions_frequently:239 | ⚡ 高频头寸更新完成 (1个持仓)
2025-07-23 10:43:29 | INFO     | src.trading.executor:update_account_info:125 | 账户更新: 总值$99403.72, 买入力$398478.98
2025-07-23 10:43:29 | DEBUG    | src.bot.trading_bot:_update_market_data:184 | 市场数据更新完成
2025-07-23 10:43:32 | DEBUG    | src.bot.trading_bot:_update_positions_frequently:239 | ⚡ 高频头寸更新完成 (1个持仓)
2025-07-23 10:43:32 | INFO     | src.trading.executor:update_account_info:125 | 账户更新: 总值$99403.72, 买入力$398478.98
2025-07-23 10:43:33 | DEBUG    | src.bot.trading_bot:_update_market_data:184 | 市场数据更新完成
2025-07-23 10:43:36 | DEBUG    | src.bot.trading_bot:_update_positions_frequently:239 | ⚡ 高频头寸更新完成 (1个持仓)
2025-07-23 10:43:36 | INFO     | src.trading.executor:update_account_info:125 | 账户更新: 总值$99403.72, 买入力$398478.98
2025-07-23 10:43:37 | DEBUG    | src.bot.trading_bot:_update_market_data:184 | 市场数据更新完成
2025-07-23 10:43:39 | DEBUG    | src.bot.trading_bot:_update_positions_frequently:239 | ⚡ 高频头寸更新完成 (1个持仓)
2025-07-23 10:43:40 | INFO     | src.trading.executor:update_account_info:125 | 账户更新: 总值$99403.72, 买入力$398478.98
2025-07-23 10:43:40 | DEBUG    | src.bot.trading_bot:_update_market_data:184 | 市场数据更新完成
2025-07-23 10:43:43 | DEBUG    | src.bot.trading_bot:_update_positions_frequently:239 | ⚡ 高频头寸更新完成 (1个持仓)
2025-07-23 10:43:44 | INFO     | src.trading.executor:update_account_info:125 | 账户更新: 总值$99421.72, 买入力$398478.98
2025-07-23 10:43:44 | DEBUG    | src.bot.trading_bot:_update_market_data:184 | 市场数据更新完成
2025-07-23 10:43:47 | DEBUG    | src.bot.trading_bot:_update_positions_frequently:239 | ⚡ 高频头寸更新完成 (1个持仓)
2025-07-23 10:43:48 | INFO     | src.trading.executor:update_account_info:125 | 账户更新: 总值$99466.72, 买入力$398478.98
2025-07-23 10:43:49 | DEBUG    | src.bot.trading_bot:_update_market_data:184 | 市场数据更新完成
2025-07-23 10:43:51 | DEBUG    | src.bot.trading_bot:_update_positions_frequently:239 | ⚡ 高频头寸更新完成 (1个持仓)
2025-07-23 10:43:52 | INFO     | src.trading.executor:update_account_info:125 | 账户更新: 总值$99439.72, 买入力$398478.98
2025-07-23 10:43:52 | DEBUG    | src.bot.trading_bot:_update_market_data:184 | 市场数据更新完成
2025-07-23 10:43:55 | DEBUG    | src.bot.trading_bot:_update_positions_frequently:239 | ⚡ 高频头寸更新完成 (1个持仓)
2025-07-23 10:43:56 | INFO     | src.trading.executor:update_account_info:125 | 账户更新: 总值$99457.72, 买入力$398478.98
2025-07-23 10:43:56 | DEBUG    | src.bot.trading_bot:_update_market_data:184 | 市场数据更新完成
2025-07-23 10:43:59 | DEBUG    | src.bot.trading_bot:_update_positions_frequently:239 | ⚡ 高频头寸更新完成 (1个持仓)
2025-07-23 10:44:00 | INFO     | src.trading.executor:update_account_info:125 | 账户更新: 总值$99466.72, 买入力$398478.98
2025-07-23 10:44:00 | DEBUG    | src.bot.trading_bot:_update_market_data:184 | 市场数据更新完成
2025-07-23 10:44:02 | DEBUG    | src.bot.trading_bot:_update_positions_frequently:239 | ⚡ 高频头寸更新完成 (1个持仓)
2025-07-23 10:44:03 | INFO     | src.trading.executor:update_account_info:125 | 账户更新: 总值$99466.72, 买入力$398478.98
2025-07-23 10:44:03 | DEBUG    | src.bot.trading_bot:_update_market_data:184 | 市场数据更新完成
2025-07-23 10:44:06 | DEBUG    | src.bot.trading_bot:_update_positions_frequently:239 | ⚡ 高频头寸更新完成 (1个持仓)
2025-07-23 10:44:07 | INFO     | src.trading.executor:update_account_info:125 | 账户更新: 总值$99448.72, 买入力$398478.98
2025-07-23 10:44:07 | DEBUG    | src.bot.trading_bot:_update_market_data:184 | 市场数据更新完成
2025-07-23 10:44:10 | DEBUG    | src.bot.trading_bot:_update_positions_frequently:239 | ⚡ 高频头寸更新完成 (1个持仓)
2025-07-23 10:44:11 | INFO     | src.trading.executor:update_account_info:125 | 账户更新: 总值$99448.72, 买入力$398478.98
2025-07-23 10:44:11 | DEBUG    | src.bot.trading_bot:_update_market_data:184 | 市场数据更新完成
2025-07-23 10:44:14 | DEBUG    | src.bot.trading_bot:_update_positions_frequently:239 | ⚡ 高频头寸更新完成 (1个持仓)
2025-07-23 10:44:15 | INFO     | src.trading.executor:update_account_info:125 | 账户更新: 总值$99475.72, 买入力$398478.98
2025-07-23 10:44:15 | DEBUG    | src.bot.trading_bot:_update_market_data:184 | 市场数据更新完成
2025-07-23 10:44:18 | DEBUG    | src.bot.trading_bot:_update_positions_frequently:239 | ⚡ 高频头寸更新完成 (1个持仓)
2025-07-23 10:44:18 | INFO     | src.trading.executor:update_account_info:125 | 账户更新: 总值$99475.72, 买入力$398478.98
2025-07-23 10:44:19 | DEBUG    | src.bot.trading_bot:_update_market_data:184 | 市场数据更新完成
2025-07-23 10:44:22 | DEBUG    | src.bot.trading_bot:_update_positions_frequently:239 | ⚡ 高频头寸更新完成 (1个持仓)
2025-07-23 10:44:22 | INFO     | src.trading.executor:update_account_info:125 | 账户更新: 总值$99484.72, 买入力$398478.98
2025-07-23 10:44:23 | DEBUG    | src.bot.trading_bot:_update_market_data:184 | 市场数据更新完成
2025-07-23 10:44:25 | DEBUG    | src.bot.trading_bot:_update_positions_frequently:239 | ⚡ 高频头寸更新完成 (1个持仓)
2025-07-23 10:44:26 | INFO     | src.trading.executor:update_account_info:125 | 账户更新: 总值$99493.72, 买入力$398478.98
2025-07-23 10:44:26 | DEBUG    | src.bot.trading_bot:_update_market_data:184 | 市场数据更新完成
2025-07-23 10:44:29 | DEBUG    | src.bot.trading_bot:_update_positions_frequently:239 | ⚡ 高频头寸更新完成 (1个持仓)
2025-07-23 10:44:30 | INFO     | src.trading.executor:update_account_info:125 | 账户更新: 总值$99511.72, 买入力$398478.98
2025-07-23 10:44:30 | DEBUG    | src.bot.trading_bot:_update_market_data:184 | 市场数据更新完成
2025-07-23 10:44:33 | DEBUG    | src.bot.trading_bot:_update_positions_frequently:239 | ⚡ 高频头寸更新完成 (1个持仓)
2025-07-23 10:44:34 | INFO     | src.trading.executor:update_account_info:125 | 账户更新: 总值$99493.72, 买入力$398478.98
2025-07-23 10:44:34 | DEBUG    | src.bot.trading_bot:_update_market_data:184 | 市场数据更新完成
2025-07-23 10:44:37 | DEBUG    | src.bot.trading_bot:_update_positions_frequently:239 | ⚡ 高频头寸更新完成 (1个持仓)
2025-07-23 10:44:38 | INFO     | src.trading.executor:update_account_info:125 | 账户更新: 总值$99493.72, 买入力$398478.98
2025-07-23 10:44:38 | DEBUG    | src.bot.trading_bot:_update_market_data:184 | 市场数据更新完成
2025-07-23 10:44:41 | DEBUG    | src.bot.trading_bot:_update_positions_frequently:239 | ⚡ 高频头寸更新完成 (1个持仓)
2025-07-23 10:44:42 | INFO     | src.trading.executor:update_account_info:125 | 账户更新: 总值$99484.72, 买入力$398478.98
2025-07-23 10:44:42 | DEBUG    | src.bot.trading_bot:_update_market_data:184 | 市场数据更新完成
2025-07-23 10:44:45 | DEBUG    | src.bot.trading_bot:_update_positions_frequently:239 | ⚡ 高频头寸更新完成 (1个持仓)
2025-07-23 10:44:46 | INFO     | src.trading.executor:update_account_info:125 | 账户更新: 总值$99502.72, 买入力$398478.98
2025-07-23 10:44:46 | DEBUG    | src.bot.trading_bot:_update_market_data:184 | 市场数据更新完成
2025-07-23 10:44:49 | DEBUG    | src.bot.trading_bot:_update_positions_frequently:239 | ⚡ 高频头寸更新完成 (1个持仓)
2025-07-23 10:44:50 | INFO     | src.trading.executor:update_account_info:125 | 账户更新: 总值$99493.72, 买入力$398478.98
2025-07-23 10:44:50 | DEBUG    | src.bot.trading_bot:_update_market_data:184 | 市场数据更新完成
2025-07-23 10:44:53 | DEBUG    | src.bot.trading_bot:_update_positions_frequently:239 | ⚡ 高频头寸更新完成 (1个持仓)
2025-07-23 10:44:54 | INFO     | src.trading.executor:update_account_info:125 | 账户更新: 总值$99502.72, 买入力$398478.98
2025-07-23 10:44:54 | DEBUG    | src.bot.trading_bot:_update_market_data:184 | 市场数据更新完成
2025-07-23 10:44:57 | DEBUG    | src.bot.trading_bot:_update_positions_frequently:239 | ⚡ 高频头寸更新完成 (1个持仓)
2025-07-23 10:44:57 | INFO     | src.trading.executor:update_account_info:125 | 账户更新: 总值$99484.72, 买入力$398478.98
2025-07-23 10:44:58 | DEBUG    | src.bot.trading_bot:_update_market_data:184 | 市场数据更新完成
2025-07-23 10:45:00 | DEBUG    | src.bot.trading_bot:_update_positions_frequently:239 | ⚡ 高频头寸更新完成 (1个持仓)
2025-07-23 10:45:01 | INFO     | src.trading.executor:update_account_info:125 | 账户更新: 总值$99502.72, 买入力$398478.98
2025-07-23 10:45:01 | DEBUG    | src.bot.trading_bot:_update_market_data:184 | 市场数据更新完成
2025-07-23 10:45:04 | DEBUG    | src.bot.trading_bot:_update_positions_frequently:239 | ⚡ 高频头寸更新完成 (1个持仓)
2025-07-23 10:45:05 | INFO     | src.trading.executor:update_account_info:125 | 账户更新: 总值$99493.72, 买入力$398478.98
2025-07-23 10:45:05 | DEBUG    | src.bot.trading_bot:_update_market_data:184 | 市场数据更新完成
2025-07-23 10:45:09 | DEBUG    | src.bot.trading_bot:_update_positions_frequently:239 | ⚡ 高频头寸更新完成 (1个持仓)
2025-07-23 10:45:10 | INFO     | src.trading.executor:update_account_info:125 | 账户更新: 总值$99466.72, 买入力$398478.98
2025-07-23 10:45:10 | DEBUG    | src.bot.trading_bot:_update_market_data:184 | 市场数据更新完成
2025-07-23 10:45:13 | DEBUG    | src.bot.trading_bot:_update_positions_frequently:239 | ⚡ 高频头寸更新完成 (1个持仓)
2025-07-23 10:45:13 | INFO     | src.trading.executor:update_account_info:125 | 账户更新: 总值$99457.72, 买入力$398478.98
2025-07-23 10:45:14 | DEBUG    | src.bot.trading_bot:_update_market_data:184 | 市场数据更新完成
2025-07-23 10:45:17 | DEBUG    | src.bot.trading_bot:_update_positions_frequently:239 | ⚡ 高频头寸更新完成 (1个持仓)
2025-07-23 10:45:17 | INFO     | src.trading.executor:update_account_info:125 | 账户更新: 总值$99475.72, 买入力$398478.98
2025-07-23 10:45:18 | DEBUG    | src.bot.trading_bot:_update_market_data:184 | 市场数据更新完成
2025-07-23 10:45:20 | DEBUG    | src.bot.trading_bot:_update_positions_frequently:239 | ⚡ 高频头寸更新完成 (1个持仓)
2025-07-23 10:45:21 | INFO     | src.trading.executor:update_account_info:125 | 账户更新: 总值$99502.72, 买入力$398478.98
2025-07-23 10:45:21 | DEBUG    | src.bot.trading_bot:_update_market_data:184 | 市场数据更新完成
2025-07-23 10:45:24 | DEBUG    | src.bot.trading_bot:_update_positions_frequently:239 | ⚡ 高频头寸更新完成 (1个持仓)
2025-07-23 10:45:25 | INFO     | src.trading.executor:update_account_info:125 | 账户更新: 总值$99493.72, 买入力$398478.98
2025-07-23 10:45:25 | DEBUG    | src.bot.trading_bot:_update_market_data:184 | 市场数据更新完成
2025-07-23 10:45:28 | DEBUG    | src.bot.trading_bot:_update_positions_frequently:239 | ⚡ 高频头寸更新完成 (1个持仓)
2025-07-23 10:45:29 | INFO     | src.trading.executor:update_account_info:125 | 账户更新: 总值$99484.72, 买入力$398478.98
2025-07-23 10:45:30 | DEBUG    | src.bot.trading_bot:_update_market_data:184 | 市场数据更新完成
2025-07-23 10:45:32 | DEBUG    | src.bot.trading_bot:_update_positions_frequently:239 | ⚡ 高频头寸更新完成 (1个持仓)
2025-07-23 10:45:33 | INFO     | src.trading.executor:update_account_info:125 | 账户更新: 总值$99484.72, 买入力$398478.98
2025-07-23 10:45:33 | DEBUG    | src.bot.trading_bot:_update_market_data:184 | 市场数据更新完成
2025-07-23 10:45:35 | DEBUG    | src.bot.trading_bot:_update_positions_frequently:239 | ⚡ 高频头寸更新完成 (1个持仓)
2025-07-23 10:45:36 | INFO     | src.trading.executor:update_account_info:125 | 账户更新: 总值$99475.72, 买入力$398478.98
2025-07-23 10:45:37 | DEBUG    | src.bot.trading_bot:_update_market_data:184 | 市场数据更新完成
2025-07-23 10:45:39 | DEBUG    | src.bot.trading_bot:_update_positions_frequently:239 | ⚡ 高频头寸更新完成 (1个持仓)
2025-07-23 10:45:40 | INFO     | src.trading.executor:update_account_info:125 | 账户更新: 总值$99457.72, 买入力$398478.98
2025-07-23 10:45:40 | DEBUG    | src.bot.trading_bot:_update_market_data:184 | 市场数据更新完成
2025-07-23 10:45:43 | DEBUG    | src.bot.trading_bot:_update_positions_frequently:239 | ⚡ 高频头寸更新完成 (1个持仓)
2025-07-23 10:45:44 | INFO     | src.trading.executor:update_account_info:125 | 账户更新: 总值$99466.72, 买入力$398478.98
2025-07-23 10:45:44 | DEBUG    | src.bot.trading_bot:_update_market_data:184 | 市场数据更新完成
2025-07-23 10:45:47 | DEBUG    | src.bot.trading_bot:_update_positions_frequently:239 | ⚡ 高频头寸更新完成 (1个持仓)
2025-07-23 10:45:47 | INFO     | src.trading.executor:update_account_info:125 | 账户更新: 总值$99466.72, 买入力$398478.98
2025-07-23 10:45:48 | DEBUG    | src.bot.trading_bot:_update_market_data:184 | 市场数据更新完成
2025-07-23 10:45:51 | DEBUG    | src.bot.trading_bot:_update_positions_frequently:239 | ⚡ 高频头寸更新完成 (1个持仓)
2025-07-23 10:45:51 | INFO     | src.trading.executor:update_account_info:125 | 账户更新: 总值$99466.72, 买入力$398478.98
2025-07-23 10:45:52 | DEBUG    | src.bot.trading_bot:_update_market_data:184 | 市场数据更新完成
2025-07-23 10:45:54 | DEBUG    | src.bot.trading_bot:_update_positions_frequently:239 | ⚡ 高频头寸更新完成 (1个持仓)
2025-07-23 10:45:55 | INFO     | src.trading.executor:update_account_info:125 | 账户更新: 总值$99457.72, 买入力$398478.98
2025-07-23 10:45:55 | DEBUG    | src.bot.trading_bot:_update_market_data:184 | 市场数据更新完成
2025-07-23 10:45:58 | DEBUG    | src.bot.trading_bot:_update_positions_frequently:239 | ⚡ 高频头寸更新完成 (1个持仓)
2025-07-23 10:45:59 | INFO     | src.trading.executor:update_account_info:125 | 账户更新: 总值$99457.72, 买入力$398478.98
2025-07-23 10:45:59 | DEBUG    | src.bot.trading_bot:_update_market_data:184 | 市场数据更新完成
2025-07-23 10:46:02 | DEBUG    | src.bot.trading_bot:_update_positions_frequently:239 | ⚡ 高频头寸更新完成 (1个持仓)
2025-07-23 10:46:03 | INFO     | src.trading.executor:update_account_info:125 | 账户更新: 总值$99466.72, 买入力$398478.98
2025-07-23 10:46:03 | DEBUG    | src.bot.trading_bot:_update_market_data:184 | 市场数据更新完成
2025-07-23 10:46:06 | DEBUG    | src.bot.trading_bot:_update_positions_frequently:239 | ⚡ 高频头寸更新完成 (1个持仓)
2025-07-23 10:46:07 | INFO     | src.trading.executor:update_account_info:125 | 账户更新: 总值$99466.72, 买入力$398478.98
2025-07-23 10:46:07 | DEBUG    | src.bot.trading_bot:_update_market_data:184 | 市场数据更新完成
2025-07-23 10:46:10 | DEBUG    | src.bot.trading_bot:_update_positions_frequently:239 | ⚡ 高频头寸更新完成 (1个持仓)
2025-07-23 10:46:11 | INFO     | src.trading.executor:update_account_info:125 | 账户更新: 总值$99466.72, 买入力$398478.98
2025-07-23 10:46:11 | DEBUG    | src.bot.trading_bot:_update_market_data:184 | 市场数据更新完成
2025-07-23 10:46:14 | DEBUG    | src.bot.trading_bot:_update_positions_frequently:239 | ⚡ 高频头寸更新完成 (1个持仓)
2025-07-23 10:46:15 | INFO     | src.trading.executor:update_account_info:125 | 账户更新: 总值$99475.72, 买入力$398478.98
2025-07-23 10:46:15 | DEBUG    | src.bot.trading_bot:_update_market_data:184 | 市场数据更新完成
2025-07-23 10:46:18 | DEBUG    | src.bot.trading_bot:_update_positions_frequently:239 | ⚡ 高频头寸更新完成 (1个持仓)
2025-07-23 10:46:18 | INFO     | src.trading.executor:update_account_info:125 | 账户更新: 总值$99484.72, 买入力$398478.98
2025-07-23 10:46:18 | DEBUG    | src.bot.trading_bot:_update_market_data:184 | 市场数据更新完成
2025-07-23 10:46:22 | DEBUG    | src.bot.trading_bot:_update_positions_frequently:239 | ⚡ 高频头寸更新完成 (1个持仓)
2025-07-23 10:46:22 | INFO     | src.trading.executor:update_account_info:125 | 账户更新: 总值$99520.72, 买入力$398478.98
2025-07-23 10:46:22 | DEBUG    | src.bot.trading_bot:_update_market_data:184 | 市场数据更新完成
2025-07-23 10:46:25 | INFO     | src.trading.executor:_check_exit_conditions:511 | ✅ 止盈条件触发 - SPY250723C00632000: 当前价$1.29 止盈价$1.29
2025-07-23 10:46:25 | INFO     | src.trading.executor:_check_exit_conditions:521 | 🚀 立即执行市价平仓: 🎯 止盈触发: $1.29 >= $1.29
2025-07-23 10:46:27 | INFO     | src.trading.executor:_execute_market_exit:571 | 平仓订单成交价格: $1.31
2025-07-23 10:46:27 | INFO     | src.trading.executor:_execute_market_exit:601 | 平仓|2025-07-23 10:46:27|SELL|SPY250723C00632000|9|1.31|order_id=e2cbb978-3bc9-4069-95a6-7e3c07e17354|reason=🎯 止盈触发: $1.29 >= $1.29|pnl=405.00
2025-07-23 10:46:27 | INFO     | src.trading.executor:_execute_market_exit:617 | ✅ 止盈平仓成功: SPY250723C00632000 市价订单e2cbb978-3bc9-4069-95a6-7e3c07e17354 数量9张 成交价$1.31 预期盈亏$405.00
2025-07-23 10:46:27 | INFO     | src.utils.notifications:__init__:39 | 通知管理器初始化完成（简化模式）
2025-07-23 10:46:27 | INFO     | src.utils.notifications:send_message:63 | [GENERAL] TRADING
2025-07-23 10:46:27 | ERROR    | src.trading.executor:update_positions:489 | 更新头寸失败: dictionary changed size during iteration
2025-07-23 10:46:27 | DEBUG    | src.bot.trading_bot:_update_positions_frequently:239 | ⚡ 高频头寸更新完成 (0个持仓)
2025-07-23 10:46:28 | INFO     | src.trading.executor:update_account_info:125 | 账户更新: 总值$99574.54, 买入力$401574.80
2025-07-23 10:46:28 | DEBUG    | src.bot.trading_bot:_update_market_data:184 | 市场数据更新完成
2025-07-23 10:46:31 | DEBUG    | src.bot.trading_bot:_update_positions_normal:259 | 📊 常规头寸更新完成
2025-07-23 10:46:31 | INFO     | src.trading.executor:update_account_info:125 | 账户更新: 总值$99574.54, 买入力$401574.80
2025-07-23 10:46:31 | DEBUG    | src.bot.trading_bot:_update_market_data:184 | 市场数据更新完成
2025-07-23 10:46:35 | INFO     | src.trading.executor:update_account_info:125 | 账户更新: 总值$99574.54, 买入力$401574.80
2025-07-23 10:46:35 | DEBUG    | src.bot.trading_bot:_update_market_data:184 | 市场数据更新完成
2025-07-23 10:46:38 | INFO     | src.trading.executor:update_account_info:125 | 账户更新: 总值$99574.54, 买入力$401574.80
2025-07-23 10:46:38 | DEBUG    | src.bot.trading_bot:_update_market_data:184 | 市场数据更新完成
2025-07-23 10:46:42 | INFO     | src.trading.executor:update_account_info:125 | 账户更新: 总值$99574.54, 买入力$401574.80
2025-07-23 10:46:42 | DEBUG    | src.bot.trading_bot:_update_market_data:184 | 市场数据更新完成
2025-07-23 10:46:45 | INFO     | src.trading.executor:update_account_info:125 | 账户更新: 总值$99574.54, 买入力$401574.80
2025-07-23 10:46:45 | DEBUG    | src.bot.trading_bot:_update_market_data:184 | 市场数据更新完成
2025-07-23 10:46:49 | INFO     | src.trading.executor:update_account_info:125 | 账户更新: 总值$99574.54, 买入力$401574.80
2025-07-23 10:46:49 | DEBUG    | src.bot.trading_bot:_update_market_data:184 | 市场数据更新完成
2025-07-23 10:46:52 | INFO     | src.trading.executor:update_account_info:125 | 账户更新: 总值$99574.54, 买入力$401574.80
2025-07-23 10:46:52 | DEBUG    | src.bot.trading_bot:_update_market_data:184 | 市场数据更新完成
2025-07-23 10:46:56 | INFO     | src.trading.executor:update_account_info:125 | 账户更新: 总值$99574.54, 买入力$401574.80
2025-07-23 10:46:56 | DEBUG    | src.bot.trading_bot:_update_market_data:184 | 市场数据更新完成
2025-07-23 10:46:59 | INFO     | src.trading.executor:update_account_info:125 | 账户更新: 总值$99574.54, 买入力$401574.80
2025-07-23 10:46:59 | DEBUG    | src.bot.trading_bot:_update_market_data:184 | 市场数据更新完成
2025-07-23 10:47:03 | INFO     | src.trading.executor:update_account_info:125 | 账户更新: 总值$99574.54, 买入力$401574.80
2025-07-23 10:47:03 | DEBUG    | src.bot.trading_bot:_update_market_data:184 | 市场数据更新完成
2025-07-23 10:47:06 | INFO     | src.trading.executor:update_account_info:125 | 账户更新: 总值$99574.54, 买入力$401574.80
2025-07-23 10:47:06 | DEBUG    | src.bot.trading_bot:_update_market_data:184 | 市场数据更新完成
2025-07-23 10:47:10 | INFO     | src.trading.executor:update_account_info:125 | 账户更新: 总值$99574.54, 买入力$401574.80
2025-07-23 10:47:10 | DEBUG    | src.bot.trading_bot:_update_market_data:184 | 市场数据更新完成
2025-07-23 10:47:13 | INFO     | src.trading.executor:update_account_info:125 | 账户更新: 总值$99574.54, 买入力$401574.80
2025-07-23 10:47:13 | DEBUG    | src.bot.trading_bot:_update_market_data:184 | 市场数据更新完成
2025-07-23 10:47:16 | INFO     | src.trading.executor:update_account_info:125 | 账户更新: 总值$99574.54, 买入力$401574.80
2025-07-23 10:47:17 | DEBUG    | src.bot.trading_bot:_update_market_data:184 | 市场数据更新完成
2025-07-23 10:47:20 | INFO     | src.trading.executor:update_account_info:125 | 账户更新: 总值$99574.54, 买入力$401574.80
2025-07-23 10:47:20 | DEBUG    | src.bot.trading_bot:_update_market_data:184 | 市场数据更新完成
2025-07-23 10:47:24 | INFO     | src.trading.executor:update_account_info:125 | 账户更新: 总值$99574.54, 买入力$401574.80
2025-07-23 10:47:24 | DEBUG    | src.bot.trading_bot:_update_market_data:184 | 市场数据更新完成
2025-07-23 10:47:27 | INFO     | src.trading.executor:update_account_info:125 | 账户更新: 总值$99574.54, 买入力$401574.80
2025-07-23 10:47:27 | DEBUG    | src.bot.trading_bot:_update_market_data:184 | 市场数据更新完成
2025-07-23 10:47:31 | INFO     | src.trading.executor:update_account_info:125 | 账户更新: 总值$99574.54, 买入力$401574.80
2025-07-23 10:47:31 | DEBUG    | src.bot.trading_bot:_update_market_data:184 | 市场数据更新完成
2025-07-23 10:47:31 | DEBUG    | src.bot.trading_bot:_update_positions_normal:259 | 📊 常规头寸更新完成
2025-07-23 10:47:34 | INFO     | src.trading.executor:update_account_info:125 | 账户更新: 总值$99574.54, 买入力$401574.80
2025-07-23 10:47:34 | DEBUG    | src.bot.trading_bot:_update_market_data:184 | 市场数据更新完成
2025-07-23 10:47:38 | INFO     | src.trading.executor:update_account_info:125 | 账户更新: 总值$99574.54, 买入力$401574.80
2025-07-23 10:47:38 | DEBUG    | src.bot.trading_bot:_update_market_data:184 | 市场数据更新完成
2025-07-23 10:47:41 | INFO     | src.trading.executor:update_account_info:125 | 账户更新: 总值$99574.54, 买入力$401574.80
2025-07-23 10:47:41 | DEBUG    | src.bot.trading_bot:_update_market_data:184 | 市场数据更新完成
2025-07-23 10:47:45 | INFO     | src.trading.executor:update_account_info:125 | 账户更新: 总值$99574.54, 买入力$401574.80
2025-07-23 10:47:45 | DEBUG    | src.bot.trading_bot:_update_market_data:184 | 市场数据更新完成
2025-07-23 10:47:48 | INFO     | src.trading.executor:update_account_info:125 | 账户更新: 总值$99574.54, 买入力$401574.80
2025-07-23 10:47:48 | DEBUG    | src.bot.trading_bot:_update_market_data:184 | 市场数据更新完成
2025-07-23 10:47:52 | INFO     | src.trading.executor:update_account_info:125 | 账户更新: 总值$99574.54, 买入力$401574.80
2025-07-23 10:47:52 | DEBUG    | src.bot.trading_bot:_update_market_data:184 | 市场数据更新完成
2025-07-23 10:47:55 | INFO     | src.trading.executor:update_account_info:125 | 账户更新: 总值$99574.54, 买入力$401574.80
2025-07-23 10:47:56 | DEBUG    | src.bot.trading_bot:_update_market_data:184 | 市场数据更新完成
2025-07-23 10:47:59 | INFO     | src.trading.executor:update_account_info:125 | 账户更新: 总值$99574.54, 买入力$401574.80
2025-07-23 10:47:59 | DEBUG    | src.bot.trading_bot:_update_market_data:184 | 市场数据更新完成
2025-07-23 10:48:02 | INFO     | src.trading.executor:update_account_info:125 | 账户更新: 总值$99574.54, 买入力$401574.80
2025-07-23 10:48:03 | DEBUG    | src.bot.trading_bot:_update_market_data:184 | 市场数据更新完成
2025-07-23 10:48:06 | INFO     | src.trading.executor:update_account_info:125 | 账户更新: 总值$99574.54, 买入力$401574.80
2025-07-23 10:48:06 | DEBUG    | src.bot.trading_bot:_update_market_data:184 | 市场数据更新完成
2025-07-23 10:48:09 | INFO     | src.trading.executor:update_account_info:125 | 账户更新: 总值$99574.54, 买入力$401574.80
2025-07-23 10:48:10 | DEBUG    | src.bot.trading_bot:_update_market_data:184 | 市场数据更新完成
2025-07-23 10:48:13 | INFO     | src.trading.executor:update_account_info:125 | 账户更新: 总值$99574.54, 买入力$401574.80
2025-07-23 10:48:13 | DEBUG    | src.bot.trading_bot:_update_market_data:184 | 市场数据更新完成
2025-07-23 10:48:16 | INFO     | src.trading.executor:update_account_info:125 | 账户更新: 总值$99574.54, 买入力$401574.80
2025-07-23 10:48:17 | DEBUG    | src.bot.trading_bot:_update_market_data:184 | 市场数据更新完成
2025-07-23 10:48:20 | INFO     | src.trading.executor:update_account_info:125 | 账户更新: 总值$99574.54, 买入力$401574.80
2025-07-23 10:48:20 | DEBUG    | src.bot.trading_bot:_update_market_data:184 | 市场数据更新完成
2025-07-23 10:48:23 | INFO     | src.trading.executor:update_account_info:125 | 账户更新: 总值$99574.54, 买入力$401574.80
2025-07-23 10:48:24 | DEBUG    | src.bot.trading_bot:_update_market_data:184 | 市场数据更新完成
2025-07-23 10:48:27 | INFO     | src.trading.executor:update_account_info:125 | 账户更新: 总值$99574.54, 买入力$401574.80
2025-07-23 10:48:27 | DEBUG    | src.bot.trading_bot:_update_market_data:184 | 市场数据更新完成
2025-07-23 10:48:30 | INFO     | src.trading.executor:update_account_info:125 | 账户更新: 总值$99574.54, 买入力$401574.80
2025-07-23 10:48:31 | DEBUG    | src.bot.trading_bot:_update_market_data:184 | 市场数据更新完成
2025-07-23 10:48:32 | DEBUG    | src.bot.trading_bot:_update_positions_normal:259 | 📊 常规头寸更新完成
2025-07-23 10:48:34 | INFO     | src.trading.executor:update_account_info:125 | 账户更新: 总值$99574.54, 买入力$401574.80
2025-07-23 10:48:34 | DEBUG    | src.bot.trading_bot:_update_market_data:184 | 市场数据更新完成
2025-07-23 10:48:37 | INFO     | src.trading.executor:update_account_info:125 | 账户更新: 总值$99574.54, 买入力$401574.80
2025-07-23 10:48:38 | DEBUG    | src.bot.trading_bot:_update_market_data:184 | 市场数据更新完成
2025-07-23 10:48:41 | INFO     | src.trading.executor:update_account_info:125 | 账户更新: 总值$99574.54, 买入力$401574.80
2025-07-23 10:48:41 | DEBUG    | src.bot.trading_bot:_update_market_data:184 | 市场数据更新完成
2025-07-23 10:48:44 | INFO     | src.trading.executor:update_account_info:125 | 账户更新: 总值$99574.54, 买入力$401574.80
2025-07-23 10:48:44 | DEBUG    | src.bot.trading_bot:_update_market_data:184 | 市场数据更新完成
2025-07-23 10:48:48 | INFO     | src.trading.executor:update_account_info:125 | 账户更新: 总值$99574.54, 买入力$401574.80
2025-07-23 10:48:48 | DEBUG    | src.bot.trading_bot:_update_market_data:184 | 市场数据更新完成
2025-07-23 10:48:51 | INFO     | src.trading.executor:update_account_info:125 | 账户更新: 总值$99574.54, 买入力$401574.80
2025-07-23 10:48:51 | DEBUG    | src.bot.trading_bot:_update_market_data:184 | 市场数据更新完成
2025-07-23 10:48:55 | INFO     | src.trading.executor:update_account_info:125 | 账户更新: 总值$99574.54, 买入力$401574.80
2025-07-23 10:48:55 | DEBUG    | src.bot.trading_bot:_update_market_data:184 | 市场数据更新完成
2025-07-23 10:48:58 | INFO     | src.trading.executor:update_account_info:125 | 账户更新: 总值$99574.54, 买入力$401574.80
2025-07-23 10:48:59 | DEBUG    | src.bot.trading_bot:_update_market_data:184 | 市场数据更新完成
2025-07-23 10:49:02 | INFO     | src.trading.executor:update_account_info:125 | 账户更新: 总值$99574.54, 买入力$401574.80
2025-07-23 10:49:02 | DEBUG    | src.bot.trading_bot:_update_market_data:184 | 市场数据更新完成
2025-07-23 10:49:05 | INFO     | src.trading.executor:update_account_info:125 | 账户更新: 总值$99574.54, 买入力$401574.80
2025-07-23 10:49:05 | DEBUG    | src.bot.trading_bot:_update_market_data:184 | 市场数据更新完成
2025-07-23 10:49:09 | INFO     | src.trading.executor:update_account_info:125 | 账户更新: 总值$99574.54, 买入力$401574.80
2025-07-23 10:49:09 | DEBUG    | src.bot.trading_bot:_update_market_data:184 | 市场数据更新完成
2025-07-23 10:49:12 | INFO     | src.trading.executor:update_account_info:125 | 账户更新: 总值$99574.54, 买入力$401574.80
2025-07-23 10:49:12 | DEBUG    | src.bot.trading_bot:_update_market_data:184 | 市场数据更新完成
2025-07-23 10:49:16 | INFO     | src.trading.executor:update_account_info:125 | 账户更新: 总值$99574.54, 买入力$401574.80
2025-07-23 10:49:16 | DEBUG    | src.bot.trading_bot:_update_market_data:184 | 市场数据更新完成
2025-07-23 10:49:19 | INFO     | src.trading.executor:update_account_info:125 | 账户更新: 总值$99574.54, 买入力$401574.80
2025-07-23 10:49:19 | DEBUG    | src.bot.trading_bot:_update_market_data:184 | 市场数据更新完成
2025-07-23 10:49:23 | INFO     | src.trading.executor:update_account_info:125 | 账户更新: 总值$99574.54, 买入力$401574.80
2025-07-23 10:49:23 | DEBUG    | src.bot.trading_bot:_update_market_data:184 | 市场数据更新完成
2025-07-23 10:49:26 | INFO     | src.trading.executor:update_account_info:125 | 账户更新: 总值$99574.54, 买入力$401574.80
2025-07-23 10:49:27 | DEBUG    | src.bot.trading_bot:_update_market_data:184 | 市场数据更新完成
2025-07-23 10:49:30 | INFO     | src.trading.executor:update_account_info:125 | 账户更新: 总值$99574.54, 买入力$401574.80
2025-07-23 10:49:30 | DEBUG    | src.bot.trading_bot:_update_market_data:184 | 市场数据更新完成
2025-07-23 10:49:32 | DEBUG    | src.bot.trading_bot:_update_positions_normal:259 | 📊 常规头寸更新完成
2025-07-23 10:49:33 | INFO     | src.trading.executor:update_account_info:125 | 账户更新: 总值$99574.54, 买入力$401574.80
2025-07-23 10:49:33 | DEBUG    | src.bot.trading_bot:_update_market_data:184 | 市场数据更新完成
2025-07-23 10:49:37 | INFO     | src.trading.executor:update_account_info:125 | 账户更新: 总值$99574.54, 买入力$401574.80
2025-07-23 10:49:37 | DEBUG    | src.bot.trading_bot:_update_market_data:184 | 市场数据更新完成
2025-07-23 10:49:40 | INFO     | src.trading.executor:update_account_info:125 | 账户更新: 总值$99574.54, 买入力$401574.80
2025-07-23 10:49:40 | DEBUG    | src.bot.trading_bot:_update_market_data:184 | 市场数据更新完成
2025-07-23 10:49:44 | INFO     | src.trading.executor:update_account_info:125 | 账户更新: 总值$99574.54, 买入力$401574.80
2025-07-23 10:49:44 | DEBUG    | src.bot.trading_bot:_update_market_data:184 | 市场数据更新完成
2025-07-23 10:49:47 | INFO     | src.trading.executor:update_account_info:125 | 账户更新: 总值$99574.54, 买入力$401574.80
2025-07-23 10:49:47 | DEBUG    | src.bot.trading_bot:_update_market_data:184 | 市场数据更新完成
2025-07-23 10:49:51 | INFO     | src.trading.executor:update_account_info:125 | 账户更新: 总值$99574.54, 买入力$401574.80
2025-07-23 10:49:51 | DEBUG    | src.bot.trading_bot:_update_market_data:184 | 市场数据更新完成
2025-07-23 10:49:54 | INFO     | src.trading.executor:update_account_info:125 | 账户更新: 总值$99574.54, 买入力$401574.80
2025-07-23 10:49:54 | DEBUG    | src.bot.trading_bot:_update_market_data:184 | 市场数据更新完成
2025-07-23 10:49:58 | INFO     | src.trading.executor:update_account_info:125 | 账户更新: 总值$99574.54, 买入力$401574.80
2025-07-23 10:49:58 | DEBUG    | src.bot.trading_bot:_update_market_data:184 | 市场数据更新完成
2025-07-23 10:50:01 | INFO     | src.trading.executor:update_account_info:125 | 账户更新: 总值$99574.54, 买入力$401574.80
2025-07-23 10:50:01 | DEBUG    | src.bot.trading_bot:_update_market_data:184 | 市场数据更新完成
2025-07-23 10:50:05 | INFO     | src.trading.executor:update_account_info:125 | 账户更新: 总值$99574.54, 买入力$401574.80
2025-07-23 10:50:05 | DEBUG    | src.bot.trading_bot:_update_market_data:184 | 市场数据更新完成
2025-07-23 10:50:08 | INFO     | src.trading.executor:update_account_info:125 | 账户更新: 总值$99574.54, 买入力$401574.80
2025-07-23 10:50:09 | DEBUG    | src.bot.trading_bot:_update_market_data:184 | 市场数据更新完成
2025-07-23 10:50:12 | INFO     | src.trading.executor:update_account_info:125 | 账户更新: 总值$99574.54, 买入力$401574.80
2025-07-23 10:50:12 | DEBUG    | src.bot.trading_bot:_update_market_data:184 | 市场数据更新完成
2025-07-23 10:50:15 | INFO     | src.trading.executor:update_account_info:125 | 账户更新: 总值$99574.54, 买入力$401574.80
2025-07-23 10:50:16 | DEBUG    | src.bot.trading_bot:_update_market_data:184 | 市场数据更新完成
2025-07-23 10:50:19 | INFO     | src.trading.executor:update_account_info:125 | 账户更新: 总值$99574.54, 买入力$401574.80
2025-07-23 10:50:19 | DEBUG    | src.bot.trading_bot:_update_market_data:184 | 市场数据更新完成
2025-07-23 10:50:22 | INFO     | src.trading.executor:update_account_info:125 | 账户更新: 总值$99574.54, 买入力$401574.80
2025-07-23 10:50:23 | DEBUG    | src.bot.trading_bot:_update_market_data:184 | 市场数据更新完成
2025-07-23 10:50:26 | INFO     | src.trading.executor:update_account_info:125 | 账户更新: 总值$99574.54, 买入力$401574.80
2025-07-23 10:50:26 | DEBUG    | src.bot.trading_bot:_update_market_data:184 | 市场数据更新完成
2025-07-23 10:50:30 | INFO     | src.trading.executor:update_account_info:125 | 账户更新: 总值$99574.54, 买入力$401574.80
2025-07-23 10:50:30 | DEBUG    | src.bot.trading_bot:_update_market_data:184 | 市场数据更新完成
2025-07-23 10:50:32 | DEBUG    | src.bot.trading_bot:_update_positions_normal:259 | 📊 常规头寸更新完成
2025-07-23 10:50:33 | INFO     | src.trading.executor:update_account_info:125 | 账户更新: 总值$99574.54, 买入力$401574.80
2025-07-23 10:50:33 | DEBUG    | src.bot.trading_bot:_update_market_data:184 | 市场数据更新完成
2025-07-23 10:50:37 | INFO     | src.trading.executor:update_account_info:125 | 账户更新: 总值$99574.54, 买入力$401574.80
2025-07-23 10:50:37 | DEBUG    | src.bot.trading_bot:_update_market_data:184 | 市场数据更新完成
2025-07-23 10:50:40 | INFO     | src.trading.executor:update_account_info:125 | 账户更新: 总值$99574.54, 买入力$401574.80
2025-07-23 10:50:40 | DEBUG    | src.bot.trading_bot:_update_market_data:184 | 市场数据更新完成
2025-07-23 10:50:43 | INFO     | src.trading.executor:update_account_info:125 | 账户更新: 总值$99574.54, 买入力$401574.80
2025-07-23 10:50:44 | DEBUG    | src.bot.trading_bot:_update_market_data:184 | 市场数据更新完成
2025-07-23 10:50:47 | INFO     | src.trading.executor:update_account_info:125 | 账户更新: 总值$99574.54, 买入力$401574.80
2025-07-23 10:50:47 | DEBUG    | src.bot.trading_bot:_update_market_data:184 | 市场数据更新完成
2025-07-23 10:50:50 | INFO     | src.trading.executor:update_account_info:125 | 账户更新: 总值$99574.54, 买入力$401574.80
2025-07-23 10:50:51 | DEBUG    | src.bot.trading_bot:_update_market_data:184 | 市场数据更新完成
2025-07-23 10:50:54 | INFO     | src.trading.executor:update_account_info:125 | 账户更新: 总值$99574.54, 买入力$401574.80
2025-07-23 10:50:54 | DEBUG    | src.bot.trading_bot:_update_market_data:184 | 市场数据更新完成
2025-07-23 10:50:57 | INFO     | src.trading.executor:update_account_info:125 | 账户更新: 总值$99574.54, 买入力$401574.80
2025-07-23 10:50:58 | DEBUG    | src.bot.trading_bot:_update_market_data:184 | 市场数据更新完成
2025-07-23 10:51:01 | INFO     | src.trading.executor:update_account_info:125 | 账户更新: 总值$99574.54, 买入力$401574.80
2025-07-23 10:51:01 | DEBUG    | src.bot.trading_bot:_update_market_data:184 | 市场数据更新完成
2025-07-23 10:51:05 | INFO     | src.trading.executor:update_account_info:125 | 账户更新: 总值$99574.54, 买入力$401574.80
2025-07-23 10:51:05 | DEBUG    | src.bot.trading_bot:_update_market_data:184 | 市场数据更新完成
2025-07-23 10:51:08 | INFO     | src.trading.executor:update_account_info:125 | 账户更新: 总值$99574.54, 买入力$401574.80
2025-07-23 10:51:09 | DEBUG    | src.bot.trading_bot:_update_market_data:184 | 市场数据更新完成
2025-07-23 10:51:12 | INFO     | src.trading.executor:update_account_info:125 | 账户更新: 总值$99574.54, 买入力$401574.80
2025-07-23 10:51:12 | DEBUG    | src.bot.trading_bot:_update_market_data:184 | 市场数据更新完成
2025-07-23 10:51:15 | INFO     | src.trading.executor:update_account_info:125 | 账户更新: 总值$99574.54, 买入力$401574.80
2025-07-23 10:51:16 | DEBUG    | src.bot.trading_bot:_update_market_data:184 | 市场数据更新完成
2025-07-23 10:51:19 | INFO     | src.trading.executor:update_account_info:125 | 账户更新: 总值$99574.54, 买入力$401574.80
2025-07-23 10:51:19 | DEBUG    | src.bot.trading_bot:_update_market_data:184 | 市场数据更新完成
2025-07-23 10:51:23 | INFO     | src.trading.executor:update_account_info:125 | 账户更新: 总值$99574.54, 买入力$401574.80
2025-07-23 10:51:23 | DEBUG    | src.bot.trading_bot:_update_market_data:184 | 市场数据更新完成
2025-07-23 10:51:26 | INFO     | src.trading.executor:update_account_info:125 | 账户更新: 总值$99574.54, 买入力$401574.80
2025-07-23 10:51:26 | DEBUG    | src.bot.trading_bot:_update_market_data:184 | 市场数据更新完成
2025-07-23 10:51:30 | INFO     | src.trading.executor:update_account_info:125 | 账户更新: 总值$99574.54, 买入力$401574.80
2025-07-23 10:51:30 | DEBUG    | src.bot.trading_bot:_update_market_data:184 | 市场数据更新完成
2025-07-23 10:51:33 | DEBUG    | src.bot.trading_bot:_update_positions_normal:259 | 📊 常规头寸更新完成
2025-07-23 10:51:33 | INFO     | src.trading.executor:update_account_info:125 | 账户更新: 总值$99574.54, 买入力$401574.80
2025-07-23 10:51:33 | DEBUG    | src.bot.trading_bot:_update_market_data:184 | 市场数据更新完成
2025-07-23 10:51:37 | INFO     | src.trading.executor:update_account_info:125 | 账户更新: 总值$99574.54, 买入力$401574.80
2025-07-23 10:51:37 | DEBUG    | src.bot.trading_bot:_update_market_data:184 | 市场数据更新完成
2025-07-23 10:51:40 | INFO     | src.trading.executor:update_account_info:125 | 账户更新: 总值$99574.54, 买入力$401574.80
2025-07-23 10:51:40 | DEBUG    | src.bot.trading_bot:_update_market_data:184 | 市场数据更新完成
2025-07-23 10:51:44 | INFO     | src.trading.executor:update_account_info:125 | 账户更新: 总值$99574.54, 买入力$401574.80
2025-07-23 10:51:44 | DEBUG    | src.bot.trading_bot:_update_market_data:184 | 市场数据更新完成
2025-07-23 10:51:47 | INFO     | src.trading.executor:update_account_info:125 | 账户更新: 总值$99574.54, 买入力$401574.80
2025-07-23 10:51:47 | DEBUG    | src.bot.trading_bot:_update_market_data:184 | 市场数据更新完成
2025-07-23 10:51:51 | INFO     | src.trading.executor:update_account_info:125 | 账户更新: 总值$99574.54, 买入力$401574.80
2025-07-23 10:51:51 | DEBUG    | src.bot.trading_bot:_update_market_data:184 | 市场数据更新完成
2025-07-23 10:51:54 | INFO     | src.trading.executor:update_account_info:125 | 账户更新: 总值$99574.54, 买入力$401574.80
2025-07-23 10:51:54 | DEBUG    | src.bot.trading_bot:_update_market_data:184 | 市场数据更新完成
2025-07-23 10:51:57 | INFO     | src.trading.executor:update_account_info:125 | 账户更新: 总值$99574.54, 买入力$401574.80
2025-07-23 10:51:58 | DEBUG    | src.bot.trading_bot:_update_market_data:184 | 市场数据更新完成
2025-07-23 10:52:01 | INFO     | src.trading.executor:update_account_info:125 | 账户更新: 总值$99574.54, 买入力$401574.80
2025-07-23 10:52:01 | DEBUG    | src.bot.trading_bot:_update_market_data:184 | 市场数据更新完成
2025-07-23 10:52:04 | INFO     | src.trading.executor:update_account_info:125 | 账户更新: 总值$99574.54, 买入力$401574.80
2025-07-23 10:52:05 | DEBUG    | src.bot.trading_bot:_update_market_data:184 | 市场数据更新完成
2025-07-23 10:52:08 | INFO     | src.trading.executor:update_account_info:125 | 账户更新: 总值$99574.54, 买入力$401574.80
2025-07-23 10:52:09 | DEBUG    | src.bot.trading_bot:_update_market_data:184 | 市场数据更新完成
2025-07-23 10:52:12 | INFO     | src.trading.executor:update_account_info:125 | 账户更新: 总值$99574.54, 买入力$401574.80
2025-07-23 10:52:12 | DEBUG    | src.bot.trading_bot:_update_market_data:184 | 市场数据更新完成
2025-07-23 10:52:15 | INFO     | src.trading.executor:update_account_info:125 | 账户更新: 总值$99574.54, 买入力$401574.80
2025-07-23 10:52:16 | DEBUG    | src.bot.trading_bot:_update_market_data:184 | 市场数据更新完成
2025-07-23 10:52:19 | INFO     | src.trading.executor:update_account_info:125 | 账户更新: 总值$99574.54, 买入力$401574.80
2025-07-23 10:52:19 | DEBUG    | src.bot.trading_bot:_update_market_data:184 | 市场数据更新完成
2025-07-23 10:52:22 | INFO     | src.trading.executor:update_account_info:125 | 账户更新: 总值$99574.54, 买入力$401574.80
2025-07-23 10:52:22 | DEBUG    | src.bot.trading_bot:_update_market_data:184 | 市场数据更新完成
2025-07-23 10:52:26 | INFO     | src.trading.executor:update_account_info:125 | 账户更新: 总值$99574.54, 买入力$401574.80
2025-07-23 10:52:26 | DEBUG    | src.bot.trading_bot:_update_market_data:184 | 市场数据更新完成
2025-07-23 10:52:29 | INFO     | src.trading.executor:update_account_info:125 | 账户更新: 总值$99574.54, 买入力$401574.80
2025-07-23 10:52:29 | DEBUG    | src.bot.trading_bot:_update_market_data:184 | 市场数据更新完成
2025-07-23 10:52:33 | INFO     | src.trading.executor:update_account_info:125 | 账户更新: 总值$99574.54, 买入力$401574.80
2025-07-23 10:52:33 | DEBUG    | src.bot.trading_bot:_update_market_data:184 | 市场数据更新完成
2025-07-23 10:52:34 | DEBUG    | src.bot.trading_bot:_update_positions_normal:259 | 📊 常规头寸更新完成
2025-07-23 10:52:36 | INFO     | src.trading.executor:update_account_info:125 | 账户更新: 总值$99574.54, 买入力$401574.80
2025-07-23 10:52:37 | DEBUG    | src.bot.trading_bot:_update_market_data:184 | 市场数据更新完成
2025-07-23 10:52:40 | INFO     | src.trading.executor:update_account_info:125 | 账户更新: 总值$99574.54, 买入力$401574.80
2025-07-23 10:52:40 | DEBUG    | src.bot.trading_bot:_update_market_data:184 | 市场数据更新完成
2025-07-23 10:52:43 | INFO     | src.trading.executor:update_account_info:125 | 账户更新: 总值$99574.54, 买入力$401574.80
2025-07-23 10:52:43 | DEBUG    | src.bot.trading_bot:_update_market_data:184 | 市场数据更新完成
2025-07-23 10:52:47 | INFO     | src.trading.executor:update_account_info:125 | 账户更新: 总值$99574.54, 买入力$401574.80
2025-07-23 10:52:47 | DEBUG    | src.bot.trading_bot:_update_market_data:184 | 市场数据更新完成
2025-07-23 10:52:50 | INFO     | src.trading.executor:update_account_info:125 | 账户更新: 总值$99574.54, 买入力$401574.80
2025-07-23 10:52:51 | DEBUG    | src.bot.trading_bot:_update_market_data:184 | 市场数据更新完成
2025-07-23 10:52:54 | INFO     | src.trading.executor:update_account_info:125 | 账户更新: 总值$99574.54, 买入力$401574.80
2025-07-23 10:52:55 | DEBUG    | src.bot.trading_bot:_update_market_data:184 | 市场数据更新完成
2025-07-23 10:52:58 | INFO     | src.trading.executor:update_account_info:125 | 账户更新: 总值$99574.54, 买入力$401574.80
2025-07-23 10:52:58 | DEBUG    | src.bot.trading_bot:_update_market_data:184 | 市场数据更新完成
2025-07-23 10:53:01 | INFO     | src.trading.executor:update_account_info:125 | 账户更新: 总值$99574.54, 买入力$401574.80
2025-07-23 10:53:02 | DEBUG    | src.bot.trading_bot:_update_market_data:184 | 市场数据更新完成
2025-07-23 10:53:05 | INFO     | src.trading.executor:update_account_info:125 | 账户更新: 总值$99574.54, 买入力$401574.80
2025-07-23 10:53:05 | DEBUG    | src.bot.trading_bot:_update_market_data:184 | 市场数据更新完成
2025-07-23 10:53:09 | INFO     | src.trading.executor:update_account_info:125 | 账户更新: 总值$99574.54, 买入力$401574.80
2025-07-23 10:53:09 | DEBUG    | src.bot.trading_bot:_update_market_data:184 | 市场数据更新完成
2025-07-23 10:53:12 | INFO     | src.trading.executor:update_account_info:125 | 账户更新: 总值$99574.54, 买入力$401574.80
2025-07-23 10:53:12 | DEBUG    | src.bot.trading_bot:_update_market_data:184 | 市场数据更新完成
2025-07-23 10:53:16 | INFO     | src.trading.executor:update_account_info:125 | 账户更新: 总值$99574.54, 买入力$401574.80
2025-07-23 10:53:16 | DEBUG    | src.bot.trading_bot:_update_market_data:184 | 市场数据更新完成
2025-07-23 10:53:19 | INFO     | src.trading.executor:update_account_info:125 | 账户更新: 总值$99574.54, 买入力$401574.80
2025-07-23 10:53:19 | DEBUG    | src.bot.trading_bot:_update_market_data:184 | 市场数据更新完成
2025-07-23 10:53:23 | INFO     | src.trading.executor:update_account_info:125 | 账户更新: 总值$99574.54, 买入力$401574.80
2025-07-23 10:53:23 | DEBUG    | src.bot.trading_bot:_update_market_data:184 | 市场数据更新完成
2025-07-23 10:53:26 | INFO     | src.trading.executor:update_account_info:125 | 账户更新: 总值$99574.54, 买入力$401574.80
2025-07-23 10:53:26 | DEBUG    | src.bot.trading_bot:_update_market_data:184 | 市场数据更新完成
2025-07-23 10:53:30 | INFO     | src.trading.executor:update_account_info:125 | 账户更新: 总值$99574.54, 买入力$401574.80
2025-07-23 10:53:30 | DEBUG    | src.bot.trading_bot:_update_market_data:184 | 市场数据更新完成
2025-07-23 10:53:33 | INFO     | src.trading.executor:update_account_info:125 | 账户更新: 总值$99574.54, 买入力$401574.80
2025-07-23 10:53:33 | DEBUG    | src.bot.trading_bot:_update_market_data:184 | 市场数据更新完成
2025-07-23 10:53:34 | DEBUG    | src.bot.trading_bot:_update_positions_normal:259 | 📊 常规头寸更新完成
2025-07-23 10:53:37 | INFO     | src.trading.executor:update_account_info:125 | 账户更新: 总值$99574.54, 买入力$401574.80
2025-07-23 10:53:37 | DEBUG    | src.bot.trading_bot:_update_market_data:184 | 市场数据更新完成
2025-07-23 10:53:40 | INFO     | src.trading.executor:update_account_info:125 | 账户更新: 总值$99574.54, 买入力$401574.80
2025-07-23 10:53:41 | DEBUG    | src.bot.trading_bot:_update_market_data:184 | 市场数据更新完成
2025-07-23 10:53:44 | INFO     | src.trading.executor:update_account_info:125 | 账户更新: 总值$99574.54, 买入力$401574.80
2025-07-23 10:53:44 | DEBUG    | src.bot.trading_bot:_update_market_data:184 | 市场数据更新完成
2025-07-23 10:53:47 | INFO     | src.trading.executor:update_account_info:125 | 账户更新: 总值$99574.54, 买入力$401574.80
2025-07-23 10:53:48 | DEBUG    | src.bot.trading_bot:_update_market_data:184 | 市场数据更新完成
2025-07-23 10:53:51 | INFO     | src.trading.executor:update_account_info:125 | 账户更新: 总值$99574.54, 买入力$401574.80
2025-07-23 10:53:52 | DEBUG    | src.bot.trading_bot:_update_market_data:184 | 市场数据更新完成
2025-07-23 10:53:55 | INFO     | src.trading.executor:update_account_info:125 | 账户更新: 总值$99574.54, 买入力$401574.80
2025-07-23 10:53:55 | DEBUG    | src.bot.trading_bot:_update_market_data:184 | 市场数据更新完成
2025-07-23 10:53:59 | INFO     | src.trading.executor:update_account_info:125 | 账户更新: 总值$99574.54, 买入力$401574.80
2025-07-23 10:53:59 | DEBUG    | src.bot.trading_bot:_update_market_data:184 | 市场数据更新完成
2025-07-23 10:54:02 | INFO     | src.trading.executor:update_account_info:125 | 账户更新: 总值$99574.54, 买入力$401574.80
2025-07-23 10:54:02 | DEBUG    | src.bot.trading_bot:_update_market_data:184 | 市场数据更新完成
2025-07-23 10:54:06 | INFO     | src.trading.executor:update_account_info:125 | 账户更新: 总值$99574.54, 买入力$401574.80
2025-07-23 10:54:06 | DEBUG    | src.bot.trading_bot:_update_market_data:184 | 市场数据更新完成
2025-07-23 10:54:09 | INFO     | src.trading.executor:update_account_info:125 | 账户更新: 总值$99574.54, 买入力$401574.80
2025-07-23 10:54:09 | DEBUG    | src.bot.trading_bot:_update_market_data:184 | 市场数据更新完成
2025-07-23 10:54:13 | INFO     | src.trading.executor:update_account_info:125 | 账户更新: 总值$99574.54, 买入力$401574.80
2025-07-23 10:54:13 | DEBUG    | src.bot.trading_bot:_update_market_data:184 | 市场数据更新完成
2025-07-23 10:54:16 | INFO     | src.trading.executor:update_account_info:125 | 账户更新: 总值$99574.54, 买入力$401574.80
2025-07-23 10:54:16 | DEBUG    | src.bot.trading_bot:_update_market_data:184 | 市场数据更新完成
2025-07-23 10:54:20 | INFO     | src.trading.executor:update_account_info:125 | 账户更新: 总值$99574.54, 买入力$401574.80
2025-07-23 10:54:20 | DEBUG    | src.bot.trading_bot:_update_market_data:184 | 市场数据更新完成
2025-07-23 10:54:23 | INFO     | src.trading.executor:update_account_info:125 | 账户更新: 总值$99574.54, 买入力$401574.80
2025-07-23 10:54:23 | DEBUG    | src.bot.trading_bot:_update_market_data:184 | 市场数据更新完成
2025-07-23 10:54:27 | INFO     | src.trading.executor:update_account_info:125 | 账户更新: 总值$99574.54, 买入力$401574.80
2025-07-23 10:54:27 | DEBUG    | src.bot.trading_bot:_update_market_data:184 | 市场数据更新完成
2025-07-23 10:54:30 | INFO     | src.trading.executor:update_account_info:125 | 账户更新: 总值$99574.54, 买入力$401574.80
2025-07-23 10:54:30 | DEBUG    | src.bot.trading_bot:_update_market_data:184 | 市场数据更新完成
2025-07-23 10:54:33 | INFO     | src.trading.executor:update_account_info:125 | 账户更新: 总值$99574.54, 买入力$401574.80
2025-07-23 10:54:34 | DEBUG    | src.bot.trading_bot:_update_market_data:184 | 市场数据更新完成
2025-07-23 10:54:34 | DEBUG    | src.bot.trading_bot:_update_positions_normal:259 | 📊 常规头寸更新完成
2025-07-23 10:54:37 | INFO     | src.trading.executor:update_account_info:125 | 账户更新: 总值$99574.54, 买入力$401574.80
2025-07-23 10:54:37 | DEBUG    | src.bot.trading_bot:_update_market_data:184 | 市场数据更新完成
2025-07-23 10:54:40 | INFO     | src.trading.executor:update_account_info:125 | 账户更新: 总值$99574.54, 买入力$401574.80
2025-07-23 10:54:41 | DEBUG    | src.bot.trading_bot:_update_market_data:184 | 市场数据更新完成
2025-07-23 10:54:44 | INFO     | src.trading.executor:update_account_info:125 | 账户更新: 总值$99574.54, 买入力$401574.80
2025-07-23 10:54:44 | DEBUG    | src.bot.trading_bot:_update_market_data:184 | 市场数据更新完成
2025-07-23 10:54:48 | INFO     | src.trading.executor:update_account_info:125 | 账户更新: 总值$99574.54, 买入力$401574.80
2025-07-23 10:54:48 | DEBUG    | src.bot.trading_bot:_update_market_data:184 | 市场数据更新完成
2025-07-23 10:54:51 | INFO     | src.trading.executor:update_account_info:125 | 账户更新: 总值$99574.54, 买入力$401574.80
2025-07-23 10:54:51 | DEBUG    | src.bot.trading_bot:_update_market_data:184 | 市场数据更新完成
2025-07-23 10:54:55 | INFO     | src.trading.executor:update_account_info:125 | 账户更新: 总值$99574.54, 买入力$401574.80
2025-07-23 10:54:55 | DEBUG    | src.bot.trading_bot:_update_market_data:184 | 市场数据更新完成
2025-07-23 10:54:58 | INFO     | src.trading.executor:update_account_info:125 | 账户更新: 总值$99574.54, 买入力$401574.80
2025-07-23 10:54:58 | DEBUG    | src.bot.trading_bot:_update_market_data:184 | 市场数据更新完成
2025-07-23 10:55:02 | INFO     | src.trading.executor:update_account_info:125 | 账户更新: 总值$99574.54, 买入力$401574.80
2025-07-23 10:55:02 | DEBUG    | src.bot.trading_bot:_update_market_data:184 | 市场数据更新完成
2025-07-23 10:55:05 | INFO     | src.trading.executor:update_account_info:125 | 账户更新: 总值$99574.54, 买入力$401574.80
2025-07-23 10:55:05 | DEBUG    | src.bot.trading_bot:_update_market_data:184 | 市场数据更新完成
2025-07-23 10:55:09 | INFO     | src.trading.executor:update_account_info:125 | 账户更新: 总值$99574.54, 买入力$401574.80
2025-07-23 10:55:09 | DEBUG    | src.bot.trading_bot:_update_market_data:184 | 市场数据更新完成
2025-07-23 10:55:12 | INFO     | src.trading.executor:update_account_info:125 | 账户更新: 总值$99574.54, 买入力$401574.80
2025-07-23 10:55:12 | DEBUG    | src.bot.trading_bot:_update_market_data:184 | 市场数据更新完成
2025-07-23 10:55:16 | INFO     | src.trading.executor:update_account_info:125 | 账户更新: 总值$99574.54, 买入力$401574.80
2025-07-23 10:55:16 | DEBUG    | src.bot.trading_bot:_update_market_data:184 | 市场数据更新完成
2025-07-23 10:55:19 | INFO     | src.trading.executor:update_account_info:125 | 账户更新: 总值$99574.54, 买入力$401574.80
2025-07-23 10:55:19 | DEBUG    | src.bot.trading_bot:_update_market_data:184 | 市场数据更新完成
2025-07-23 10:55:23 | INFO     | src.trading.executor:update_account_info:125 | 账户更新: 总值$99574.54, 买入力$401574.80
2025-07-23 10:55:23 | DEBUG    | src.bot.trading_bot:_update_market_data:184 | 市场数据更新完成
2025-07-23 10:55:26 | INFO     | src.trading.executor:update_account_info:125 | 账户更新: 总值$99574.54, 买入力$401574.80
2025-07-23 10:55:26 | DEBUG    | src.bot.trading_bot:_update_market_data:184 | 市场数据更新完成
2025-07-23 10:55:29 | INFO     | src.trading.executor:update_account_info:125 | 账户更新: 总值$99574.54, 买入力$401574.80
2025-07-23 10:55:30 | DEBUG    | src.bot.trading_bot:_update_market_data:184 | 市场数据更新完成
2025-07-23 10:55:33 | INFO     | src.trading.executor:update_account_info:125 | 账户更新: 总值$99574.54, 买入力$401574.80
2025-07-23 10:55:33 | DEBUG    | src.bot.trading_bot:_update_market_data:184 | 市场数据更新完成
2025-07-23 10:55:35 | DEBUG    | src.bot.trading_bot:_update_positions_normal:259 | 📊 常规头寸更新完成
2025-07-23 10:55:36 | INFO     | src.trading.executor:update_account_info:125 | 账户更新: 总值$99574.54, 买入力$401574.80
2025-07-23 10:55:37 | DEBUG    | src.bot.trading_bot:_update_market_data:184 | 市场数据更新完成
2025-07-23 10:55:40 | INFO     | src.trading.executor:update_account_info:125 | 账户更新: 总值$99574.54, 买入力$401574.80
2025-07-23 10:55:40 | DEBUG    | src.bot.trading_bot:_update_market_data:184 | 市场数据更新完成
2025-07-23 10:55:43 | INFO     | src.trading.executor:update_account_info:125 | 账户更新: 总值$99574.54, 买入力$401574.80
2025-07-23 10:55:44 | DEBUG    | src.bot.trading_bot:_update_market_data:184 | 市场数据更新完成
2025-07-23 10:55:47 | INFO     | src.trading.executor:update_account_info:125 | 账户更新: 总值$99574.54, 买入力$401574.80
2025-07-23 10:55:47 | DEBUG    | src.bot.trading_bot:_update_market_data:184 | 市场数据更新完成
2025-07-23 10:55:50 | INFO     | src.trading.executor:update_account_info:125 | 账户更新: 总值$99574.54, 买入力$401574.80
2025-07-23 10:55:51 | DEBUG    | src.bot.trading_bot:_update_market_data:184 | 市场数据更新完成
2025-07-23 10:55:54 | INFO     | src.trading.executor:update_account_info:125 | 账户更新: 总值$99574.54, 买入力$401574.80
2025-07-23 10:55:54 | DEBUG    | src.bot.trading_bot:_update_market_data:184 | 市场数据更新完成
2025-07-23 10:55:57 | INFO     | src.trading.executor:update_account_info:125 | 账户更新: 总值$99574.54, 买入力$401574.80
2025-07-23 10:55:58 | DEBUG    | src.bot.trading_bot:_update_market_data:184 | 市场数据更新完成
2025-07-23 10:56:01 | INFO     | src.trading.executor:update_account_info:125 | 账户更新: 总值$99574.54, 买入力$401574.80
2025-07-23 10:56:01 | DEBUG    | src.bot.trading_bot:_update_market_data:184 | 市场数据更新完成
2025-07-23 10:56:04 | INFO     | src.trading.executor:update_account_info:125 | 账户更新: 总值$99574.54, 买入力$401574.80
2025-07-23 10:56:04 | DEBUG    | src.bot.trading_bot:_update_market_data:184 | 市场数据更新完成
2025-07-23 10:56:08 | INFO     | src.trading.executor:update_account_info:125 | 账户更新: 总值$99574.54, 买入力$401574.80
2025-07-23 10:56:09 | DEBUG    | src.bot.trading_bot:_update_market_data:184 | 市场数据更新完成
2025-07-23 10:56:12 | INFO     | src.trading.executor:update_account_info:125 | 账户更新: 总值$99574.54, 买入力$401574.80
2025-07-23 10:56:12 | DEBUG    | src.bot.trading_bot:_update_market_data:184 | 市场数据更新完成
2025-07-23 10:56:15 | INFO     | src.trading.executor:update_account_info:125 | 账户更新: 总值$99574.54, 买入力$401574.80
2025-07-23 10:56:15 | DEBUG    | src.bot.trading_bot:_update_market_data:184 | 市场数据更新完成
2025-07-23 10:56:19 | INFO     | src.trading.executor:update_account_info:125 | 账户更新: 总值$99574.54, 买入力$401574.80
2025-07-23 10:56:19 | DEBUG    | src.bot.trading_bot:_update_market_data:184 | 市场数据更新完成
2025-07-23 10:56:22 | INFO     | src.trading.executor:update_account_info:125 | 账户更新: 总值$99574.54, 买入力$401574.80
2025-07-23 10:56:22 | DEBUG    | src.bot.trading_bot:_update_market_data:184 | 市场数据更新完成
2025-07-23 10:56:26 | INFO     | src.trading.executor:update_account_info:125 | 账户更新: 总值$99574.54, 买入力$401574.80
2025-07-23 10:56:26 | DEBUG    | src.bot.trading_bot:_update_market_data:184 | 市场数据更新完成
2025-07-23 10:56:29 | INFO     | src.trading.executor:update_account_info:125 | 账户更新: 总值$99574.54, 买入力$401574.80
2025-07-23 10:56:29 | DEBUG    | src.bot.trading_bot:_update_market_data:184 | 市场数据更新完成
2025-07-23 10:56:33 | INFO     | src.trading.executor:update_account_info:125 | 账户更新: 总值$99574.54, 买入力$401574.80
2025-07-23 10:56:33 | DEBUG    | src.bot.trading_bot:_update_market_data:184 | 市场数据更新完成
2025-07-23 10:56:35 | DEBUG    | src.bot.trading_bot:_update_positions_normal:259 | 📊 常规头寸更新完成
2025-07-23 10:56:36 | INFO     | src.trading.executor:update_account_info:125 | 账户更新: 总值$99574.54, 买入力$401574.80
2025-07-23 10:56:36 | DEBUG    | src.bot.trading_bot:_update_market_data:184 | 市场数据更新完成
2025-07-23 10:56:39 | INFO     | src.trading.executor:update_account_info:125 | 账户更新: 总值$99574.54, 买入力$401574.80
2025-07-23 10:56:40 | DEBUG    | src.bot.trading_bot:_update_market_data:184 | 市场数据更新完成
2025-07-23 10:56:43 | INFO     | src.trading.executor:update_account_info:125 | 账户更新: 总值$99574.54, 买入力$401574.80
2025-07-23 10:56:43 | DEBUG    | src.bot.trading_bot:_update_market_data:184 | 市场数据更新完成
2025-07-23 10:56:46 | INFO     | src.trading.executor:update_account_info:125 | 账户更新: 总值$99574.54, 买入力$401574.80
2025-07-23 10:56:47 | DEBUG    | src.bot.trading_bot:_update_market_data:184 | 市场数据更新完成
2025-07-23 10:56:50 | INFO     | src.trading.executor:update_account_info:125 | 账户更新: 总值$99574.54, 买入力$401574.80
2025-07-23 10:56:50 | DEBUG    | src.bot.trading_bot:_update_market_data:184 | 市场数据更新完成
2025-07-23 10:56:53 | INFO     | src.trading.executor:update_account_info:125 | 账户更新: 总值$99574.54, 买入力$401574.80
2025-07-23 10:56:54 | DEBUG    | src.bot.trading_bot:_update_market_data:184 | 市场数据更新完成
2025-07-23 10:56:57 | INFO     | src.trading.executor:update_account_info:125 | 账户更新: 总值$99574.54, 买入力$401574.80
2025-07-23 10:56:57 | DEBUG    | src.bot.trading_bot:_update_market_data:184 | 市场数据更新完成
2025-07-23 10:57:00 | INFO     | src.trading.executor:update_account_info:125 | 账户更新: 总值$99574.54, 买入力$401574.80
2025-07-23 10:57:01 | DEBUG    | src.bot.trading_bot:_update_market_data:184 | 市场数据更新完成
2025-07-23 10:57:04 | INFO     | src.trading.executor:update_account_info:125 | 账户更新: 总值$99574.54, 买入力$401574.80
2025-07-23 10:57:04 | DEBUG    | src.bot.trading_bot:_update_market_data:184 | 市场数据更新完成
2025-07-23 10:57:07 | INFO     | src.trading.executor:update_account_info:125 | 账户更新: 总值$99574.54, 买入力$401574.80
2025-07-23 10:57:08 | DEBUG    | src.bot.trading_bot:_update_market_data:184 | 市场数据更新完成
2025-07-23 10:57:11 | INFO     | src.trading.executor:update_account_info:125 | 账户更新: 总值$99574.54, 买入力$401574.80
2025-07-23 10:57:11 | DEBUG    | src.bot.trading_bot:_update_market_data:184 | 市场数据更新完成
2025-07-23 10:57:14 | INFO     | src.trading.executor:update_account_info:125 | 账户更新: 总值$99574.54, 买入力$401574.80
2025-07-23 10:57:14 | DEBUG    | src.bot.trading_bot:_update_market_data:184 | 市场数据更新完成
2025-07-23 10:57:18 | INFO     | src.trading.executor:update_account_info:125 | 账户更新: 总值$99574.54, 买入力$401574.80
2025-07-23 10:57:18 | DEBUG    | src.bot.trading_bot:_update_market_data:184 | 市场数据更新完成
2025-07-23 10:57:21 | INFO     | src.trading.executor:update_account_info:125 | 账户更新: 总值$99574.54, 买入力$401574.80
2025-07-23 10:57:22 | DEBUG    | src.bot.trading_bot:_update_market_data:184 | 市场数据更新完成
2025-07-23 10:57:25 | INFO     | src.trading.executor:update_account_info:125 | 账户更新: 总值$99574.54, 买入力$401574.80
2025-07-23 10:57:25 | DEBUG    | src.bot.trading_bot:_update_market_data:184 | 市场数据更新完成
2025-07-23 10:57:28 | INFO     | src.trading.executor:update_account_info:125 | 账户更新: 总值$99574.54, 买入力$401574.80
2025-07-23 10:57:29 | DEBUG    | src.bot.trading_bot:_update_market_data:184 | 市场数据更新完成
2025-07-23 10:57:32 | INFO     | src.trading.executor:update_account_info:125 | 账户更新: 总值$99574.54, 买入力$401574.80
2025-07-23 10:57:32 | DEBUG    | src.bot.trading_bot:_update_market_data:184 | 市场数据更新完成
2025-07-23 10:57:35 | DEBUG    | src.bot.trading_bot:_update_positions_normal:259 | 📊 常规头寸更新完成
2025-07-23 10:57:35 | INFO     | src.trading.executor:update_account_info:125 | 账户更新: 总值$99574.54, 买入力$401574.80
2025-07-23 10:57:36 | DEBUG    | src.bot.trading_bot:_update_market_data:184 | 市场数据更新完成
2025-07-23 10:57:39 | INFO     | src.trading.executor:update_account_info:125 | 账户更新: 总值$99574.54, 买入力$401574.80
2025-07-23 10:57:39 | DEBUG    | src.bot.trading_bot:_update_market_data:184 | 市场数据更新完成
2025-07-23 10:57:42 | INFO     | src.trading.executor:update_account_info:125 | 账户更新: 总值$99574.54, 买入力$401574.80
2025-07-23 10:57:42 | DEBUG    | src.bot.trading_bot:_update_market_data:184 | 市场数据更新完成
2025-07-23 10:57:46 | INFO     | src.trading.executor:update_account_info:125 | 账户更新: 总值$99574.54, 买入力$401574.80
2025-07-23 10:57:46 | DEBUG    | src.bot.trading_bot:_update_market_data:184 | 市场数据更新完成
2025-07-23 10:57:49 | INFO     | src.trading.executor:update_account_info:125 | 账户更新: 总值$99574.54, 买入力$401574.80
2025-07-23 10:57:50 | DEBUG    | src.bot.trading_bot:_update_market_data:184 | 市场数据更新完成
2025-07-23 10:57:53 | INFO     | src.trading.executor:update_account_info:125 | 账户更新: 总值$99574.54, 买入力$401574.80
2025-07-23 10:57:54 | DEBUG    | src.bot.trading_bot:_update_market_data:184 | 市场数据更新完成
2025-07-23 10:57:57 | INFO     | src.trading.executor:update_account_info:125 | 账户更新: 总值$99574.54, 买入力$401574.80
2025-07-23 10:57:57 | DEBUG    | src.bot.trading_bot:_update_market_data:184 | 市场数据更新完成
2025-07-23 10:58:00 | INFO     | src.trading.executor:update_account_info:125 | 账户更新: 总值$99574.54, 买入力$401574.80
2025-07-23 10:58:01 | DEBUG    | src.bot.trading_bot:_update_market_data:184 | 市场数据更新完成
2025-07-23 10:58:04 | INFO     | src.trading.executor:update_account_info:125 | 账户更新: 总值$99574.54, 买入力$401574.80
2025-07-23 10:58:04 | DEBUG    | src.bot.trading_bot:_update_market_data:184 | 市场数据更新完成
2025-07-23 10:58:07 | INFO     | src.trading.executor:update_account_info:125 | 账户更新: 总值$99574.54, 买入力$401574.80
2025-07-23 10:58:08 | DEBUG    | src.bot.trading_bot:_update_market_data:184 | 市场数据更新完成
2025-07-23 10:58:11 | INFO     | src.trading.executor:update_account_info:125 | 账户更新: 总值$99574.54, 买入力$401574.80
2025-07-23 10:58:11 | DEBUG    | src.bot.trading_bot:_update_market_data:184 | 市场数据更新完成
2025-07-23 10:58:14 | INFO     | src.trading.executor:update_account_info:125 | 账户更新: 总值$99574.54, 买入力$401574.80
2025-07-23 10:58:15 | DEBUG    | src.bot.trading_bot:_update_market_data:184 | 市场数据更新完成
2025-07-23 10:58:18 | INFO     | src.trading.executor:update_account_info:125 | 账户更新: 总值$99574.54, 买入力$401574.80
2025-07-23 10:58:18 | DEBUG    | src.bot.trading_bot:_update_market_data:184 | 市场数据更新完成
2025-07-23 10:58:21 | INFO     | src.trading.executor:update_account_info:125 | 账户更新: 总值$99574.54, 买入力$401574.80
2025-07-23 10:58:22 | DEBUG    | src.bot.trading_bot:_update_market_data:184 | 市场数据更新完成
2025-07-23 10:58:25 | INFO     | src.trading.executor:update_account_info:125 | 账户更新: 总值$99574.54, 买入力$401574.80
2025-07-23 10:58:25 | DEBUG    | src.bot.trading_bot:_update_market_data:184 | 市场数据更新完成
2025-07-23 10:58:29 | INFO     | src.trading.executor:update_account_info:125 | 账户更新: 总值$99574.54, 买入力$401574.80
2025-07-23 10:58:31 | DEBUG    | src.bot.trading_bot:_update_market_data:184 | 市场数据更新完成
2025-07-23 10:58:34 | INFO     | src.trading.executor:update_account_info:125 | 账户更新: 总值$99574.54, 买入力$401574.80
2025-07-23 10:58:35 | DEBUG    | src.bot.trading_bot:_update_market_data:184 | 市场数据更新完成
2025-07-23 10:58:35 | DEBUG    | src.bot.trading_bot:_update_positions_normal:259 | 📊 常规头寸更新完成
2025-07-23 10:58:38 | INFO     | src.trading.executor:update_account_info:125 | 账户更新: 总值$99574.54, 买入力$401574.80
2025-07-23 10:58:38 | DEBUG    | src.bot.trading_bot:_update_market_data:184 | 市场数据更新完成
2025-07-23 10:58:41 | INFO     | src.trading.executor:update_account_info:125 | 账户更新: 总值$99574.54, 买入力$401574.80
2025-07-23 10:58:42 | DEBUG    | src.bot.trading_bot:_update_market_data:184 | 市场数据更新完成
2025-07-23 10:58:45 | INFO     | src.trading.executor:update_account_info:125 | 账户更新: 总值$99574.54, 买入力$401574.80
2025-07-23 10:58:45 | DEBUG    | src.bot.trading_bot:_update_market_data:184 | 市场数据更新完成
2025-07-23 10:58:48 | INFO     | src.trading.executor:update_account_info:125 | 账户更新: 总值$99574.54, 买入力$401574.80
2025-07-23 10:58:49 | DEBUG    | src.bot.trading_bot:_update_market_data:184 | 市场数据更新完成
2025-07-23 10:58:52 | INFO     | src.trading.executor:update_account_info:125 | 账户更新: 总值$99574.54, 买入力$401574.80
2025-07-23 10:58:52 | DEBUG    | src.bot.trading_bot:_update_market_data:184 | 市场数据更新完成
2025-07-23 10:58:56 | INFO     | src.trading.executor:update_account_info:125 | 账户更新: 总值$99574.54, 买入力$401574.80
2025-07-23 10:58:56 | DEBUG    | src.bot.trading_bot:_update_market_data:184 | 市场数据更新完成
2025-07-23 10:58:59 | INFO     | src.trading.executor:update_account_info:125 | 账户更新: 总值$99574.54, 买入力$401574.80
2025-07-23 10:59:00 | DEBUG    | src.bot.trading_bot:_update_market_data:184 | 市场数据更新完成
2025-07-23 10:59:03 | INFO     | src.trading.executor:update_account_info:125 | 账户更新: 总值$99574.54, 买入力$401574.80
2025-07-23 10:59:03 | DEBUG    | src.bot.trading_bot:_update_market_data:184 | 市场数据更新完成
2025-07-23 10:59:06 | INFO     | src.trading.executor:update_account_info:125 | 账户更新: 总值$99574.54, 买入力$401574.80
2025-07-23 10:59:07 | DEBUG    | src.bot.trading_bot:_update_market_data:184 | 市场数据更新完成
2025-07-23 10:59:10 | INFO     | src.trading.executor:update_account_info:125 | 账户更新: 总值$99574.54, 买入力$401574.80
2025-07-23 10:59:10 | DEBUG    | src.bot.trading_bot:_update_market_data:184 | 市场数据更新完成
2025-07-23 10:59:13 | INFO     | src.trading.executor:update_account_info:125 | 账户更新: 总值$99574.54, 买入力$401574.80
2025-07-23 10:59:14 | DEBUG    | src.bot.trading_bot:_update_market_data:184 | 市场数据更新完成
2025-07-23 10:59:17 | INFO     | src.trading.executor:update_account_info:125 | 账户更新: 总值$99574.54, 买入力$401574.80
2025-07-23 10:59:17 | DEBUG    | src.bot.trading_bot:_update_market_data:184 | 市场数据更新完成
2025-07-23 10:59:20 | INFO     | src.trading.executor:update_account_info:125 | 账户更新: 总值$99574.54, 买入力$401574.80
2025-07-23 10:59:20 | DEBUG    | src.bot.trading_bot:_update_market_data:184 | 市场数据更新完成
2025-07-23 10:59:24 | INFO     | src.trading.executor:update_account_info:125 | 账户更新: 总值$99574.54, 买入力$401574.80
2025-07-23 10:59:24 | DEBUG    | src.bot.trading_bot:_update_market_data:184 | 市场数据更新完成
2025-07-23 10:59:27 | INFO     | src.trading.executor:update_account_info:125 | 账户更新: 总值$99574.54, 买入力$401574.80
2025-07-23 10:59:28 | DEBUG    | src.bot.trading_bot:_update_market_data:184 | 市场数据更新完成
2025-07-23 10:59:31 | INFO     | src.trading.executor:update_account_info:125 | 账户更新: 总值$99574.54, 买入力$401574.80
2025-07-23 10:59:31 | DEBUG    | src.bot.trading_bot:_update_market_data:184 | 市场数据更新完成
2025-07-23 10:59:34 | INFO     | src.trading.executor:update_account_info:125 | 账户更新: 总值$99574.54, 买入力$401574.80
2025-07-23 10:59:34 | DEBUG    | src.bot.trading_bot:_update_market_data:184 | 市场数据更新完成
2025-07-23 10:59:35 | DEBUG    | src.bot.trading_bot:_update_positions_normal:259 | 📊 常规头寸更新完成
2025-07-23 10:59:38 | INFO     | src.trading.executor:update_account_info:125 | 账户更新: 总值$99574.54, 买入力$401574.80
2025-07-23 10:59:38 | DEBUG    | src.bot.trading_bot:_update_market_data:184 | 市场数据更新完成
2025-07-23 10:59:41 | INFO     | src.trading.executor:update_account_info:125 | 账户更新: 总值$99574.54, 买入力$401574.80
2025-07-23 10:59:41 | DEBUG    | src.bot.trading_bot:_update_market_data:184 | 市场数据更新完成
2025-07-23 10:59:45 | INFO     | src.trading.executor:update_account_info:125 | 账户更新: 总值$99574.54, 买入力$401574.80
2025-07-23 10:59:45 | DEBUG    | src.bot.trading_bot:_update_market_data:184 | 市场数据更新完成
2025-07-23 10:59:48 | INFO     | src.trading.executor:update_account_info:125 | 账户更新: 总值$99574.54, 买入力$401574.80
2025-07-23 10:59:48 | DEBUG    | src.bot.trading_bot:_update_market_data:184 | 市场数据更新完成
2025-07-23 10:59:52 | INFO     | src.trading.executor:update_account_info:125 | 账户更新: 总值$99574.54, 买入力$401574.80
2025-07-23 10:59:52 | DEBUG    | src.bot.trading_bot:_update_market_data:184 | 市场数据更新完成
2025-07-23 10:59:55 | INFO     | src.trading.executor:update_account_info:125 | 账户更新: 总值$99574.54, 买入力$401574.80
2025-07-23 10:59:55 | DEBUG    | src.bot.trading_bot:_update_market_data:184 | 市场数据更新完成
2025-07-23 10:59:59 | INFO     | src.trading.executor:update_account_info:125 | 账户更新: 总值$99574.54, 买入力$401574.80
2025-07-23 10:59:59 | DEBUG    | src.bot.trading_bot:_update_market_data:184 | 市场数据更新完成
2025-07-23 11:00:02 | INFO     | src.trading.executor:update_account_info:125 | 账户更新: 总值$99574.54, 买入力$401574.80
2025-07-23 11:00:02 | DEBUG    | src.bot.trading_bot:_update_market_data:184 | 市场数据更新完成
2025-07-23 11:00:06 | INFO     | src.trading.executor:update_account_info:125 | 账户更新: 总值$99574.54, 买入力$401574.80
2025-07-23 11:00:06 | DEBUG    | src.bot.trading_bot:_update_market_data:184 | 市场数据更新完成
2025-07-23 11:00:09 | INFO     | src.trading.executor:update_account_info:125 | 账户更新: 总值$99574.54, 买入力$401574.80
2025-07-23 11:00:09 | DEBUG    | src.bot.trading_bot:_update_market_data:184 | 市场数据更新完成
2025-07-23 11:00:13 | INFO     | src.trading.executor:update_account_info:125 | 账户更新: 总值$99574.54, 买入力$401574.80
2025-07-23 11:00:13 | DEBUG    | src.bot.trading_bot:_update_market_data:184 | 市场数据更新完成
2025-07-23 11:00:16 | INFO     | src.trading.executor:update_account_info:125 | 账户更新: 总值$99574.54, 买入力$401574.80
2025-07-23 11:00:16 | DEBUG    | src.bot.trading_bot:_update_market_data:184 | 市场数据更新完成
2025-07-23 11:00:19 | INFO     | src.trading.executor:update_account_info:125 | 账户更新: 总值$99574.54, 买入力$401574.80
2025-07-23 11:00:20 | DEBUG    | src.bot.trading_bot:_update_market_data:184 | 市场数据更新完成
2025-07-23 11:00:23 | INFO     | src.trading.executor:update_account_info:125 | 账户更新: 总值$99574.54, 买入力$401574.80
2025-07-23 11:00:23 | DEBUG    | src.bot.trading_bot:_update_market_data:184 | 市场数据更新完成
2025-07-23 11:00:26 | INFO     | src.trading.executor:update_account_info:125 | 账户更新: 总值$99574.54, 买入力$401574.80
2025-07-23 11:00:27 | DEBUG    | src.bot.trading_bot:_update_market_data:184 | 市场数据更新完成
2025-07-23 11:00:30 | INFO     | src.trading.executor:update_account_info:125 | 账户更新: 总值$99574.54, 买入力$401574.80
2025-07-23 11:00:30 | DEBUG    | src.bot.trading_bot:_update_market_data:184 | 市场数据更新完成
2025-07-23 11:00:34 | INFO     | src.trading.executor:update_account_info:125 | 账户更新: 总值$99574.54, 买入力$401574.80
2025-07-23 11:00:34 | DEBUG    | src.bot.trading_bot:_update_market_data:184 | 市场数据更新完成
2025-07-23 11:00:36 | DEBUG    | src.bot.trading_bot:_update_positions_normal:259 | 📊 常规头寸更新完成
2025-07-23 11:00:37 | INFO     | src.trading.executor:update_account_info:125 | 账户更新: 总值$99574.54, 买入力$401574.80
2025-07-23 11:00:37 | DEBUG    | src.bot.trading_bot:_update_market_data:184 | 市场数据更新完成
2025-07-23 11:00:41 | INFO     | src.trading.executor:update_account_info:125 | 账户更新: 总值$99574.54, 买入力$401574.80
2025-07-23 11:00:41 | DEBUG    | src.bot.trading_bot:_update_market_data:184 | 市场数据更新完成
2025-07-23 11:00:44 | INFO     | src.trading.executor:update_account_info:125 | 账户更新: 总值$99574.54, 买入力$401574.80
2025-07-23 11:00:44 | DEBUG    | src.bot.trading_bot:_update_market_data:184 | 市场数据更新完成
2025-07-23 11:00:47 | INFO     | src.trading.executor:update_account_info:125 | 账户更新: 总值$99574.54, 买入力$401574.80
2025-07-23 11:00:48 | DEBUG    | src.bot.trading_bot:_update_market_data:184 | 市场数据更新完成
2025-07-23 11:00:51 | INFO     | src.trading.executor:update_account_info:125 | 账户更新: 总值$99574.54, 买入力$401574.80
2025-07-23 11:00:51 | DEBUG    | src.bot.trading_bot:_update_market_data:184 | 市场数据更新完成
2025-07-23 11:00:54 | INFO     | src.trading.executor:update_account_info:125 | 账户更新: 总值$99574.54, 买入力$401574.80
2025-07-23 11:00:55 | DEBUG    | src.bot.trading_bot:_update_market_data:184 | 市场数据更新完成
2025-07-23 11:00:58 | INFO     | src.trading.executor:update_account_info:125 | 账户更新: 总值$99574.54, 买入力$401574.80
2025-07-23 11:00:58 | DEBUG    | src.bot.trading_bot:_update_market_data:184 | 市场数据更新完成
2025-07-23 11:01:02 | INFO     | src.trading.executor:update_account_info:125 | 账户更新: 总值$99574.54, 买入力$401574.80
2025-07-23 11:01:02 | DEBUG    | src.bot.trading_bot:_update_market_data:184 | 市场数据更新完成
2025-07-23 11:01:05 | INFO     | src.trading.executor:update_account_info:125 | 账户更新: 总值$99574.54, 买入力$401574.80
2025-07-23 11:01:05 | DEBUG    | src.bot.trading_bot:_update_market_data:184 | 市场数据更新完成
2025-07-23 11:01:08 | INFO     | src.trading.executor:update_account_info:125 | 账户更新: 总值$99574.54, 买入力$401574.80
2025-07-23 11:01:09 | DEBUG    | src.bot.trading_bot:_update_market_data:184 | 市场数据更新完成
2025-07-23 11:01:12 | INFO     | src.trading.executor:update_account_info:125 | 账户更新: 总值$99574.54, 买入力$401574.80
2025-07-23 11:01:12 | DEBUG    | src.bot.trading_bot:_update_market_data:184 | 市场数据更新完成
2025-07-23 11:01:15 | INFO     | src.trading.executor:update_account_info:125 | 账户更新: 总值$99574.54, 买入力$401574.80
2025-07-23 11:01:16 | DEBUG    | src.bot.trading_bot:_update_market_data:184 | 市场数据更新完成
2025-07-23 11:01:19 | INFO     | src.trading.executor:update_account_info:125 | 账户更新: 总值$99574.54, 买入力$401574.80
2025-07-23 11:01:19 | DEBUG    | src.bot.trading_bot:_update_market_data:184 | 市场数据更新完成
2025-07-23 11:01:22 | INFO     | src.trading.executor:update_account_info:125 | 账户更新: 总值$99574.54, 买入力$401574.80
2025-07-23 11:01:23 | DEBUG    | src.bot.trading_bot:_update_market_data:184 | 市场数据更新完成
2025-07-23 11:01:26 | INFO     | src.trading.executor:update_account_info:125 | 账户更新: 总值$99574.54, 买入力$401574.80
2025-07-23 11:01:26 | DEBUG    | src.bot.trading_bot:_update_market_data:184 | 市场数据更新完成
2025-07-23 11:01:29 | INFO     | src.trading.executor:update_account_info:125 | 账户更新: 总值$99574.54, 买入力$401574.80
2025-07-23 11:01:30 | DEBUG    | src.bot.trading_bot:_update_market_data:184 | 市场数据更新完成
2025-07-23 11:01:33 | INFO     | src.trading.executor:update_account_info:125 | 账户更新: 总值$99574.54, 买入力$401574.80
2025-07-23 11:01:33 | DEBUG    | src.bot.trading_bot:_update_market_data:184 | 市场数据更新完成
2025-07-23 11:01:36 | DEBUG    | src.bot.trading_bot:_update_positions_normal:259 | 📊 常规头寸更新完成
2025-07-23 11:01:36 | INFO     | src.trading.executor:update_account_info:125 | 账户更新: 总值$99574.54, 买入力$401574.80
2025-07-23 11:01:37 | DEBUG    | src.bot.trading_bot:_update_market_data:184 | 市场数据更新完成
2025-07-23 11:01:40 | INFO     | src.trading.executor:update_account_info:125 | 账户更新: 总值$99574.54, 买入力$401574.80
2025-07-23 11:01:40 | DEBUG    | src.bot.trading_bot:_update_market_data:184 | 市场数据更新完成
2025-07-23 11:01:43 | INFO     | src.trading.executor:update_account_info:125 | 账户更新: 总值$99574.54, 买入力$401574.80
2025-07-23 11:01:44 | DEBUG    | src.bot.trading_bot:_update_market_data:184 | 市场数据更新完成
2025-07-23 11:01:47 | INFO     | src.trading.executor:update_account_info:125 | 账户更新: 总值$99574.54, 买入力$401574.80
2025-07-23 11:01:47 | DEBUG    | src.bot.trading_bot:_update_market_data:184 | 市场数据更新完成
2025-07-23 11:01:50 | INFO     | src.trading.executor:update_account_info:125 | 账户更新: 总值$99574.54, 买入力$401574.80
2025-07-23 11:01:51 | DEBUG    | src.bot.trading_bot:_update_market_data:184 | 市场数据更新完成
2025-07-23 11:01:54 | INFO     | src.trading.executor:update_account_info:125 | 账户更新: 总值$99574.54, 买入力$401574.80
2025-07-23 11:01:54 | DEBUG    | src.bot.trading_bot:_update_market_data:184 | 市场数据更新完成
2025-07-23 11:01:57 | INFO     | src.trading.executor:update_account_info:125 | 账户更新: 总值$99574.54, 买入力$401574.80
2025-07-23 11:01:58 | DEBUG    | src.bot.trading_bot:_update_market_data:184 | 市场数据更新完成
2025-07-23 11:02:01 | INFO     | src.trading.executor:update_account_info:125 | 账户更新: 总值$99574.54, 买入力$401574.80
2025-07-23 11:02:01 | DEBUG    | src.bot.trading_bot:_update_market_data:184 | 市场数据更新完成
2025-07-23 11:02:04 | INFO     | src.trading.executor:update_account_info:125 | 账户更新: 总值$99574.54, 买入力$401574.80
2025-07-23 11:02:05 | DEBUG    | src.bot.trading_bot:_update_market_data:184 | 市场数据更新完成
2025-07-23 11:02:08 | INFO     | src.trading.executor:update_account_info:125 | 账户更新: 总值$99574.54, 买入力$401574.80
2025-07-23 11:02:09 | DEBUG    | src.bot.trading_bot:_update_market_data:184 | 市场数据更新完成
2025-07-23 11:02:12 | INFO     | src.trading.executor:update_account_info:125 | 账户更新: 总值$99574.54, 买入力$401574.80
2025-07-23 11:02:12 | DEBUG    | src.bot.trading_bot:_update_market_data:184 | 市场数据更新完成
2025-07-23 11:02:15 | INFO     | src.trading.executor:update_account_info:125 | 账户更新: 总值$99574.54, 买入力$401574.80
2025-07-23 11:02:16 | DEBUG    | src.bot.trading_bot:_update_market_data:184 | 市场数据更新完成
2025-07-23 11:02:19 | INFO     | src.trading.executor:update_account_info:125 | 账户更新: 总值$99574.54, 买入力$401574.80
2025-07-23 11:02:19 | DEBUG    | src.bot.trading_bot:_update_market_data:184 | 市场数据更新完成
2025-07-23 11:02:22 | INFO     | src.trading.executor:update_account_info:125 | 账户更新: 总值$99574.54, 买入力$401574.80
2025-07-23 11:02:23 | DEBUG    | src.bot.trading_bot:_update_market_data:184 | 市场数据更新完成
2025-07-23 11:02:26 | INFO     | src.trading.executor:update_account_info:125 | 账户更新: 总值$99574.54, 买入力$401574.80
2025-07-23 11:02:26 | DEBUG    | src.bot.trading_bot:_update_market_data:184 | 市场数据更新完成
2025-07-23 11:02:29 | INFO     | src.trading.executor:update_account_info:125 | 账户更新: 总值$99574.54, 买入力$401574.80
2025-07-23 11:02:29 | DEBUG    | src.bot.trading_bot:_update_market_data:184 | 市场数据更新完成
2025-07-23 11:02:33 | INFO     | src.trading.executor:update_account_info:125 | 账户更新: 总值$99574.54, 买入力$401574.80
2025-07-23 11:02:33 | DEBUG    | src.bot.trading_bot:_update_market_data:184 | 市场数据更新完成
2025-07-23 11:02:36 | INFO     | src.trading.executor:update_account_info:125 | 账户更新: 总值$99574.54, 买入力$401574.80
2025-07-23 11:02:37 | DEBUG    | src.bot.trading_bot:_update_market_data:184 | 市场数据更新完成
2025-07-23 11:02:37 | DEBUG    | src.bot.trading_bot:_update_positions_normal:259 | 📊 常规头寸更新完成
2025-07-23 11:02:40 | INFO     | src.trading.executor:update_account_info:125 | 账户更新: 总值$99574.54, 买入力$401574.80
2025-07-23 11:02:40 | DEBUG    | src.bot.trading_bot:_update_market_data:184 | 市场数据更新完成
2025-07-23 11:02:43 | INFO     | src.trading.executor:update_account_info:125 | 账户更新: 总值$99574.54, 买入力$401574.80
2025-07-23 11:02:44 | DEBUG    | src.bot.trading_bot:_update_market_data:184 | 市场数据更新完成
2025-07-23 11:02:47 | INFO     | src.trading.executor:update_account_info:125 | 账户更新: 总值$99574.54, 买入力$401574.80
2025-07-23 11:02:47 | DEBUG    | src.bot.trading_bot:_update_market_data:184 | 市场数据更新完成
2025-07-23 11:02:50 | INFO     | src.trading.executor:update_account_info:125 | 账户更新: 总值$99574.54, 买入力$401574.80
2025-07-23 11:02:51 | DEBUG    | src.bot.trading_bot:_update_market_data:184 | 市场数据更新完成
2025-07-23 11:02:54 | INFO     | src.trading.executor:update_account_info:125 | 账户更新: 总值$99574.54, 买入力$401574.80
2025-07-23 11:02:54 | DEBUG    | src.bot.trading_bot:_update_market_data:184 | 市场数据更新完成
2025-07-23 11:02:57 | INFO     | src.trading.executor:update_account_info:125 | 账户更新: 总值$99574.54, 买入力$401574.80
2025-07-23 11:02:57 | DEBUG    | src.bot.trading_bot:_update_market_data:184 | 市场数据更新完成
2025-07-23 11:03:01 | INFO     | src.trading.executor:update_account_info:125 | 账户更新: 总值$99574.54, 买入力$401574.80
2025-07-23 11:03:01 | DEBUG    | src.bot.trading_bot:_update_market_data:184 | 市场数据更新完成
2025-07-23 11:03:04 | INFO     | src.trading.executor:update_account_info:125 | 账户更新: 总值$99574.54, 买入力$401574.80
2025-07-23 11:03:04 | DEBUG    | src.bot.trading_bot:_update_market_data:184 | 市场数据更新完成
2025-07-23 11:03:08 | INFO     | src.trading.executor:update_account_info:125 | 账户更新: 总值$99574.54, 买入力$401574.80
2025-07-23 11:03:09 | DEBUG    | src.bot.trading_bot:_update_market_data:184 | 市场数据更新完成
2025-07-23 11:03:12 | INFO     | src.trading.executor:update_account_info:125 | 账户更新: 总值$99574.54, 买入力$401574.80
2025-07-23 11:03:12 | DEBUG    | src.bot.trading_bot:_update_market_data:184 | 市场数据更新完成
2025-07-23 11:03:15 | INFO     | src.trading.executor:update_account_info:125 | 账户更新: 总值$99574.54, 买入力$401574.80
2025-07-23 11:03:16 | DEBUG    | src.bot.trading_bot:_update_market_data:184 | 市场数据更新完成
2025-07-23 11:03:19 | INFO     | src.trading.executor:update_account_info:125 | 账户更新: 总值$99574.54, 买入力$401574.80
2025-07-23 11:03:19 | DEBUG    | src.bot.trading_bot:_update_market_data:184 | 市场数据更新完成
2025-07-23 11:03:22 | INFO     | src.trading.executor:update_account_info:125 | 账户更新: 总值$99574.54, 买入力$401574.80
2025-07-23 11:03:23 | DEBUG    | src.bot.trading_bot:_update_market_data:184 | 市场数据更新完成
2025-07-23 11:03:26 | INFO     | src.trading.executor:update_account_info:125 | 账户更新: 总值$99574.54, 买入力$401574.80
2025-07-23 11:03:26 | DEBUG    | src.bot.trading_bot:_update_market_data:184 | 市场数据更新完成
2025-07-23 11:03:29 | INFO     | src.trading.executor:update_account_info:125 | 账户更新: 总值$99574.54, 买入力$401574.80
2025-07-23 11:03:30 | DEBUG    | src.bot.trading_bot:_update_market_data:184 | 市场数据更新完成
2025-07-23 11:03:33 | INFO     | src.trading.executor:update_account_info:125 | 账户更新: 总值$99574.54, 买入力$401574.80
2025-07-23 11:03:33 | DEBUG    | src.bot.trading_bot:_update_market_data:184 | 市场数据更新完成
2025-07-23 11:03:36 | INFO     | src.trading.executor:update_account_info:125 | 账户更新: 总值$99574.54, 买入力$401574.80
2025-07-23 11:03:37 | DEBUG    | src.bot.trading_bot:_update_market_data:184 | 市场数据更新完成
2025-07-23 11:03:37 | DEBUG    | src.bot.trading_bot:_update_positions_normal:259 | 📊 常规头寸更新完成
2025-07-23 11:03:40 | INFO     | src.trading.executor:update_account_info:125 | 账户更新: 总值$99574.54, 买入力$401574.80
2025-07-23 11:03:40 | DEBUG    | src.bot.trading_bot:_update_market_data:184 | 市场数据更新完成
2025-07-23 11:03:43 | INFO     | src.trading.executor:update_account_info:125 | 账户更新: 总值$99574.54, 买入力$401574.80
2025-07-23 11:03:44 | DEBUG    | src.bot.trading_bot:_update_market_data:184 | 市场数据更新完成
2025-07-23 11:03:47 | INFO     | src.trading.executor:update_account_info:125 | 账户更新: 总值$99574.54, 买入力$401574.80
2025-07-23 11:03:47 | DEBUG    | src.bot.trading_bot:_update_market_data:184 | 市场数据更新完成
2025-07-23 11:03:50 | INFO     | src.trading.executor:update_account_info:125 | 账户更新: 总值$99574.54, 买入力$401574.80
2025-07-23 11:03:51 | DEBUG    | src.bot.trading_bot:_update_market_data:184 | 市场数据更新完成
2025-07-23 11:03:54 | INFO     | src.trading.executor:update_account_info:125 | 账户更新: 总值$99574.54, 买入力$401574.80
2025-07-23 11:03:54 | DEBUG    | src.bot.trading_bot:_update_market_data:184 | 市场数据更新完成
2025-07-23 11:03:57 | INFO     | src.trading.executor:update_account_info:125 | 账户更新: 总值$99574.54, 买入力$401574.80
2025-07-23 11:03:58 | DEBUG    | src.bot.trading_bot:_update_market_data:184 | 市场数据更新完成
2025-07-23 11:04:01 | INFO     | src.trading.executor:update_account_info:125 | 账户更新: 总值$99574.54, 买入力$401574.80
2025-07-23 11:04:01 | DEBUG    | src.bot.trading_bot:_update_market_data:184 | 市场数据更新完成
2025-07-23 11:04:04 | INFO     | src.trading.executor:update_account_info:125 | 账户更新: 总值$99574.54, 买入力$401574.80
2025-07-23 11:04:05 | DEBUG    | src.bot.trading_bot:_update_market_data:184 | 市场数据更新完成
2025-07-23 11:04:08 | INFO     | src.trading.executor:update_account_info:125 | 账户更新: 总值$99574.54, 买入力$401574.80
2025-07-23 11:04:08 | DEBUG    | src.bot.trading_bot:_update_market_data:184 | 市场数据更新完成
2025-07-23 11:04:12 | INFO     | src.trading.executor:update_account_info:125 | 账户更新: 总值$99574.54, 买入力$401574.80
2025-07-23 11:04:12 | DEBUG    | src.bot.trading_bot:_update_market_data:184 | 市场数据更新完成
2025-07-23 11:04:15 | INFO     | src.trading.executor:update_account_info:125 | 账户更新: 总值$99574.54, 买入力$401574.80
2025-07-23 11:04:15 | DEBUG    | src.bot.trading_bot:_update_market_data:184 | 市场数据更新完成
2025-07-23 11:04:19 | INFO     | src.trading.executor:update_account_info:125 | 账户更新: 总值$99574.54, 买入力$401574.80
2025-07-23 11:04:19 | DEBUG    | src.bot.trading_bot:_update_market_data:184 | 市场数据更新完成
2025-07-23 11:04:22 | INFO     | src.trading.executor:update_account_info:125 | 账户更新: 总值$99574.54, 买入力$401574.80
2025-07-23 11:04:22 | DEBUG    | src.bot.trading_bot:_update_market_data:184 | 市场数据更新完成
2025-07-23 11:04:26 | INFO     | src.trading.executor:update_account_info:125 | 账户更新: 总值$99574.54, 买入力$401574.80
2025-07-23 11:04:26 | DEBUG    | src.bot.trading_bot:_update_market_data:184 | 市场数据更新完成
2025-07-23 11:04:29 | INFO     | src.trading.executor:update_account_info:125 | 账户更新: 总值$99574.54, 买入力$401574.80
2025-07-23 11:04:29 | DEBUG    | src.bot.trading_bot:_update_market_data:184 | 市场数据更新完成
2025-07-23 11:04:33 | INFO     | src.trading.executor:update_account_info:125 | 账户更新: 总值$99574.54, 买入力$401574.80
2025-07-23 11:04:33 | DEBUG    | src.bot.trading_bot:_update_market_data:184 | 市场数据更新完成
2025-07-23 11:04:36 | INFO     | src.trading.executor:update_account_info:125 | 账户更新: 总值$99574.54, 买入力$401574.80
2025-07-23 11:04:36 | DEBUG    | src.bot.trading_bot:_update_market_data:184 | 市场数据更新完成
2025-07-23 11:04:37 | DEBUG    | src.bot.trading_bot:_update_positions_normal:259 | 📊 常规头寸更新完成
2025-07-23 11:04:39 | INFO     | src.trading.executor:update_account_info:125 | 账户更新: 总值$99574.54, 买入力$401574.80
2025-07-23 11:04:40 | DEBUG    | src.bot.trading_bot:_update_market_data:184 | 市场数据更新完成
2025-07-23 11:04:43 | INFO     | src.trading.executor:update_account_info:125 | 账户更新: 总值$99574.54, 买入力$401574.80
2025-07-23 11:04:43 | DEBUG    | src.bot.trading_bot:_update_market_data:184 | 市场数据更新完成
2025-07-23 11:04:47 | INFO     | src.trading.executor:update_account_info:125 | 账户更新: 总值$99574.54, 买入力$401574.80
2025-07-23 11:04:47 | DEBUG    | src.bot.trading_bot:_update_market_data:184 | 市场数据更新完成
2025-07-23 11:04:50 | INFO     | src.trading.executor:update_account_info:125 | 账户更新: 总值$99574.54, 买入力$401574.80
2025-07-23 11:04:50 | DEBUG    | src.bot.trading_bot:_update_market_data:184 | 市场数据更新完成
2025-07-23 11:04:54 | INFO     | src.trading.executor:update_account_info:125 | 账户更新: 总值$99574.54, 买入力$401574.80
2025-07-23 11:04:54 | DEBUG    | src.bot.trading_bot:_update_market_data:184 | 市场数据更新完成
2025-07-23 11:04:57 | INFO     | src.trading.executor:update_account_info:125 | 账户更新: 总值$99574.54, 买入力$401574.80
2025-07-23 11:04:57 | DEBUG    | src.bot.trading_bot:_update_market_data:184 | 市场数据更新完成
2025-07-23 11:05:00 | INFO     | src.trading.executor:update_account_info:125 | 账户更新: 总值$99574.54, 买入力$401574.80
2025-07-23 11:05:01 | DEBUG    | src.bot.trading_bot:_update_market_data:184 | 市场数据更新完成
2025-07-23 11:05:04 | INFO     | src.trading.executor:update_account_info:125 | 账户更新: 总值$99574.54, 买入力$401574.80
2025-07-23 11:05:04 | DEBUG    | src.bot.trading_bot:_update_market_data:184 | 市场数据更新完成
2025-07-23 11:05:07 | INFO     | src.trading.executor:update_account_info:125 | 账户更新: 总值$99574.54, 买入力$401574.80
2025-07-23 11:05:08 | DEBUG    | src.bot.trading_bot:_update_market_data:184 | 市场数据更新完成
2025-07-23 11:05:11 | INFO     | src.trading.executor:update_account_info:125 | 账户更新: 总值$99574.54, 买入力$401574.80
2025-07-23 11:05:11 | DEBUG    | src.bot.trading_bot:_update_market_data:184 | 市场数据更新完成
2025-07-23 11:05:15 | INFO     | src.trading.executor:update_account_info:125 | 账户更新: 总值$99574.54, 买入力$401574.80
2025-07-23 11:05:15 | DEBUG    | src.bot.trading_bot:_update_market_data:184 | 市场数据更新完成
2025-07-23 11:05:18 | INFO     | src.trading.executor:update_account_info:125 | 账户更新: 总值$99574.54, 买入力$401574.80
2025-07-23 11:05:18 | DEBUG    | src.bot.trading_bot:_update_market_data:184 | 市场数据更新完成
2025-07-23 11:05:21 | INFO     | src.trading.executor:update_account_info:125 | 账户更新: 总值$99574.54, 买入力$401574.80
2025-07-23 11:05:22 | DEBUG    | src.bot.trading_bot:_update_market_data:184 | 市场数据更新完成
2025-07-23 11:05:25 | INFO     | src.trading.executor:update_account_info:125 | 账户更新: 总值$99574.54, 买入力$401574.80
2025-07-23 11:05:25 | DEBUG    | src.bot.trading_bot:_update_market_data:184 | 市场数据更新完成
2025-07-23 11:05:28 | INFO     | src.trading.executor:update_account_info:125 | 账户更新: 总值$99574.54, 买入力$401574.80
2025-07-23 11:05:29 | DEBUG    | src.bot.trading_bot:_update_market_data:184 | 市场数据更新完成
2025-07-23 11:05:32 | INFO     | src.trading.executor:update_account_info:125 | 账户更新: 总值$99574.54, 买入力$401574.80
2025-07-23 11:05:33 | DEBUG    | src.bot.trading_bot:_update_market_data:184 | 市场数据更新完成
2025-07-23 11:05:36 | INFO     | src.trading.executor:update_account_info:125 | 账户更新: 总值$99574.54, 买入力$401574.80
2025-07-23 11:05:36 | DEBUG    | src.bot.trading_bot:_update_market_data:184 | 市场数据更新完成
2025-07-23 11:05:38 | DEBUG    | src.bot.trading_bot:_update_positions_normal:259 | 📊 常规头寸更新完成
2025-07-23 11:05:39 | INFO     | src.trading.executor:update_account_info:125 | 账户更新: 总值$99574.54, 买入力$401574.80
2025-07-23 11:05:40 | DEBUG    | src.bot.trading_bot:_update_market_data:184 | 市场数据更新完成
2025-07-23 11:05:43 | INFO     | src.trading.executor:update_account_info:125 | 账户更新: 总值$99574.54, 买入力$401574.80
2025-07-23 11:05:43 | DEBUG    | src.bot.trading_bot:_update_market_data:184 | 市场数据更新完成
2025-07-23 11:05:46 | INFO     | src.trading.executor:update_account_info:125 | 账户更新: 总值$99574.54, 买入力$401574.80
2025-07-23 11:05:47 | DEBUG    | src.bot.trading_bot:_update_market_data:184 | 市场数据更新完成
2025-07-23 11:05:50 | INFO     | src.trading.executor:update_account_info:125 | 账户更新: 总值$99574.54, 买入力$401574.80
2025-07-23 11:05:50 | DEBUG    | src.bot.trading_bot:_update_market_data:184 | 市场数据更新完成
2025-07-23 11:05:53 | INFO     | src.trading.executor:update_account_info:125 | 账户更新: 总值$99574.54, 买入力$401574.80
2025-07-23 11:05:54 | DEBUG    | src.bot.trading_bot:_update_market_data:184 | 市场数据更新完成
2025-07-23 11:05:57 | INFO     | src.trading.executor:update_account_info:125 | 账户更新: 总值$99574.54, 买入力$401574.80
2025-07-23 11:05:57 | DEBUG    | src.bot.trading_bot:_update_market_data:184 | 市场数据更新完成
2025-07-23 11:06:00 | INFO     | src.trading.executor:update_account_info:125 | 账户更新: 总值$99574.54, 买入力$401574.80
2025-07-23 11:06:01 | DEBUG    | src.bot.trading_bot:_update_market_data:184 | 市场数据更新完成
2025-07-23 11:06:04 | INFO     | src.trading.executor:update_account_info:125 | 账户更新: 总值$99574.54, 买入力$401574.80
2025-07-23 11:06:04 | DEBUG    | src.bot.trading_bot:_update_market_data:184 | 市场数据更新完成
2025-07-23 11:06:07 | INFO     | src.trading.executor:update_account_info:125 | 账户更新: 总值$99574.54, 买入力$401574.80
2025-07-23 11:06:08 | DEBUG    | src.bot.trading_bot:_update_market_data:184 | 市场数据更新完成
2025-07-23 11:06:11 | INFO     | src.trading.executor:update_account_info:125 | 账户更新: 总值$99574.54, 买入力$401574.80
2025-07-23 11:06:11 | DEBUG    | src.bot.trading_bot:_update_market_data:184 | 市场数据更新完成
2025-07-23 11:06:14 | INFO     | src.trading.executor:update_account_info:125 | 账户更新: 总值$99574.54, 买入力$401574.80
2025-07-23 11:06:15 | DEBUG    | src.bot.trading_bot:_update_market_data:184 | 市场数据更新完成
2025-07-23 11:06:18 | INFO     | src.trading.executor:update_account_info:125 | 账户更新: 总值$99574.54, 买入力$401574.80
2025-07-23 11:06:18 | DEBUG    | src.bot.trading_bot:_update_market_data:184 | 市场数据更新完成
2025-07-23 11:06:21 | INFO     | src.trading.executor:update_account_info:125 | 账户更新: 总值$99574.54, 买入力$401574.80
2025-07-23 11:06:22 | DEBUG    | src.bot.trading_bot:_update_market_data:184 | 市场数据更新完成
2025-07-23 11:06:25 | INFO     | src.trading.executor:update_account_info:125 | 账户更新: 总值$99574.54, 买入力$401574.80
2025-07-23 11:06:25 | DEBUG    | src.bot.trading_bot:_update_market_data:184 | 市场数据更新完成
2025-07-23 11:06:28 | INFO     | src.trading.executor:update_account_info:125 | 账户更新: 总值$99574.54, 买入力$401574.80
2025-07-23 11:06:29 | DEBUG    | src.bot.trading_bot:_update_market_data:184 | 市场数据更新完成
2025-07-23 11:06:32 | INFO     | src.trading.executor:update_account_info:125 | 账户更新: 总值$99574.54, 买入力$401574.80
2025-07-23 11:06:33 | DEBUG    | src.bot.trading_bot:_update_market_data:184 | 市场数据更新完成
2025-07-23 11:06:36 | INFO     | src.trading.executor:update_account_info:125 | 账户更新: 总值$99574.54, 买入力$401574.80
2025-07-23 11:06:36 | DEBUG    | src.bot.trading_bot:_update_market_data:184 | 市场数据更新完成
2025-07-23 11:06:38 | DEBUG    | src.bot.trading_bot:_update_positions_normal:259 | 📊 常规头寸更新完成
2025-07-23 11:06:39 | INFO     | src.trading.executor:update_account_info:125 | 账户更新: 总值$99574.54, 买入力$401574.80
2025-07-23 11:06:40 | DEBUG    | src.bot.trading_bot:_update_market_data:184 | 市场数据更新完成
2025-07-23 11:06:43 | INFO     | src.trading.executor:update_account_info:125 | 账户更新: 总值$99574.54, 买入力$401574.80
2025-07-23 11:06:43 | DEBUG    | src.bot.trading_bot:_update_market_data:184 | 市场数据更新完成
2025-07-23 11:06:46 | INFO     | src.trading.executor:update_account_info:125 | 账户更新: 总值$99574.54, 买入力$401574.80
2025-07-23 11:06:46 | DEBUG    | src.bot.trading_bot:_update_market_data:184 | 市场数据更新完成
2025-07-23 11:06:50 | INFO     | src.trading.executor:update_account_info:125 | 账户更新: 总值$99574.54, 买入力$401574.80
2025-07-23 11:06:50 | DEBUG    | src.bot.trading_bot:_update_market_data:184 | 市场数据更新完成
2025-07-23 11:06:53 | INFO     | src.trading.executor:update_account_info:125 | 账户更新: 总值$99574.54, 买入力$401574.80
2025-07-23 11:06:54 | DEBUG    | src.bot.trading_bot:_update_market_data:184 | 市场数据更新完成
2025-07-23 11:06:57 | INFO     | src.trading.executor:update_account_info:125 | 账户更新: 总值$99574.54, 买入力$401574.80
2025-07-23 11:06:57 | DEBUG    | src.bot.trading_bot:_update_market_data:184 | 市场数据更新完成
2025-07-23 11:07:00 | INFO     | src.trading.executor:update_account_info:125 | 账户更新: 总值$99574.54, 买入力$401574.80
2025-07-23 11:07:01 | DEBUG    | src.bot.trading_bot:_update_market_data:184 | 市场数据更新完成
2025-07-23 11:07:04 | INFO     | src.trading.executor:update_account_info:125 | 账户更新: 总值$99574.54, 买入力$401574.80
2025-07-23 11:07:04 | DEBUG    | src.bot.trading_bot:_update_market_data:184 | 市场数据更新完成
2025-07-23 11:07:07 | INFO     | src.trading.executor:update_account_info:125 | 账户更新: 总值$99574.54, 买入力$401574.80
2025-07-23 11:07:07 | DEBUG    | src.bot.trading_bot:_update_market_data:184 | 市场数据更新完成
2025-07-23 11:07:11 | INFO     | src.trading.executor:update_account_info:125 | 账户更新: 总值$99574.54, 买入力$401574.80
2025-07-23 11:07:11 | DEBUG    | src.bot.trading_bot:_update_market_data:184 | 市场数据更新完成
2025-07-23 11:07:14 | INFO     | src.trading.executor:update_account_info:125 | 账户更新: 总值$99574.54, 买入力$401574.80
2025-07-23 11:07:14 | DEBUG    | src.bot.trading_bot:_update_market_data:184 | 市场数据更新完成
2025-07-23 11:07:18 | INFO     | src.trading.executor:update_account_info:125 | 账户更新: 总值$99574.54, 买入力$401574.80
2025-07-23 11:07:18 | DEBUG    | src.bot.trading_bot:_update_market_data:184 | 市场数据更新完成
2025-07-23 11:07:21 | INFO     | src.trading.executor:update_account_info:125 | 账户更新: 总值$99574.54, 买入力$401574.80
2025-07-23 11:07:22 | DEBUG    | src.bot.trading_bot:_update_market_data:184 | 市场数据更新完成
2025-07-23 11:07:25 | INFO     | src.trading.executor:update_account_info:125 | 账户更新: 总值$99574.54, 买入力$401574.80
2025-07-23 11:07:25 | DEBUG    | src.bot.trading_bot:_update_market_data:184 | 市场数据更新完成
2025-07-23 11:07:28 | INFO     | src.trading.executor:update_account_info:125 | 账户更新: 总值$99574.54, 买入力$401574.80
2025-07-23 11:07:29 | DEBUG    | src.bot.trading_bot:_update_market_data:184 | 市场数据更新完成
2025-07-23 11:07:32 | INFO     | src.trading.executor:update_account_info:125 | 账户更新: 总值$99574.54, 买入力$401574.80
2025-07-23 11:07:32 | DEBUG    | src.bot.trading_bot:_update_market_data:184 | 市场数据更新完成
2025-07-23 11:07:36 | INFO     | src.trading.executor:update_account_info:125 | 账户更新: 总值$99574.54, 买入力$401574.80
2025-07-23 11:07:36 | DEBUG    | src.bot.trading_bot:_update_market_data:184 | 市场数据更新完成
2025-07-23 11:07:38 | DEBUG    | src.bot.trading_bot:_update_positions_normal:259 | 📊 常规头寸更新完成
2025-07-23 11:07:39 | INFO     | src.trading.executor:update_account_info:125 | 账户更新: 总值$99574.54, 买入力$401574.80
2025-07-23 11:07:39 | DEBUG    | src.bot.trading_bot:_update_market_data:184 | 市场数据更新完成
2025-07-23 11:07:43 | INFO     | src.trading.executor:update_account_info:125 | 账户更新: 总值$99574.54, 买入力$401574.80
2025-07-23 11:07:43 | DEBUG    | src.bot.trading_bot:_update_market_data:184 | 市场数据更新完成
2025-07-23 11:07:46 | INFO     | src.trading.executor:update_account_info:125 | 账户更新: 总值$99574.54, 买入力$401574.80
2025-07-23 11:07:46 | DEBUG    | src.bot.trading_bot:_update_market_data:184 | 市场数据更新完成
2025-07-23 11:07:49 | INFO     | src.trading.executor:update_account_info:125 | 账户更新: 总值$99574.54, 买入力$401574.80
2025-07-23 11:07:50 | DEBUG    | src.bot.trading_bot:_update_market_data:184 | 市场数据更新完成
2025-07-23 11:07:53 | INFO     | src.trading.executor:update_account_info:125 | 账户更新: 总值$99574.54, 买入力$401574.80
2025-07-23 11:07:53 | DEBUG    | src.bot.trading_bot:_update_market_data:184 | 市场数据更新完成
2025-07-23 11:07:57 | INFO     | src.trading.executor:update_account_info:125 | 账户更新: 总值$99574.54, 买入力$401574.80
2025-07-23 11:07:57 | DEBUG    | src.bot.trading_bot:_update_market_data:184 | 市场数据更新完成
2025-07-23 11:08:00 | INFO     | src.trading.executor:update_account_info:125 | 账户更新: 总值$99574.54, 买入力$401574.80
2025-07-23 11:08:00 | DEBUG    | src.bot.trading_bot:_update_market_data:184 | 市场数据更新完成
2025-07-23 11:08:04 | INFO     | src.trading.executor:update_account_info:125 | 账户更新: 总值$99574.54, 买入力$401574.80
2025-07-23 11:08:04 | DEBUG    | src.bot.trading_bot:_update_market_data:184 | 市场数据更新完成
2025-07-23 11:08:07 | INFO     | src.trading.executor:update_account_info:125 | 账户更新: 总值$99574.54, 买入力$401574.80
2025-07-23 11:08:07 | DEBUG    | src.bot.trading_bot:_update_market_data:184 | 市场数据更新完成
2025-07-23 11:08:11 | INFO     | src.trading.executor:update_account_info:125 | 账户更新: 总值$99574.54, 买入力$401574.80
2025-07-23 11:08:11 | DEBUG    | src.bot.trading_bot:_update_market_data:184 | 市场数据更新完成
2025-07-23 11:08:14 | INFO     | src.trading.executor:update_account_info:125 | 账户更新: 总值$99574.54, 买入力$401574.80
2025-07-23 11:08:14 | DEBUG    | src.bot.trading_bot:_update_market_data:184 | 市场数据更新完成
2025-07-23 11:08:17 | INFO     | src.trading.executor:update_account_info:125 | 账户更新: 总值$99574.54, 买入力$401574.80
2025-07-23 11:08:18 | DEBUG    | src.bot.trading_bot:_update_market_data:184 | 市场数据更新完成
2025-07-23 11:08:21 | INFO     | src.trading.executor:update_account_info:125 | 账户更新: 总值$99574.54, 买入力$401574.80
2025-07-23 11:08:21 | DEBUG    | src.bot.trading_bot:_update_market_data:184 | 市场数据更新完成
2025-07-23 11:08:25 | INFO     | src.trading.executor:update_account_info:125 | 账户更新: 总值$99574.54, 买入力$401574.80
2025-07-23 11:08:25 | DEBUG    | src.bot.trading_bot:_update_market_data:184 | 市场数据更新完成
2025-07-23 11:08:28 | INFO     | src.trading.executor:update_account_info:125 | 账户更新: 总值$99574.54, 买入力$401574.80
2025-07-23 11:08:28 | DEBUG    | src.bot.trading_bot:_update_market_data:184 | 市场数据更新完成
2025-07-23 11:08:32 | INFO     | src.trading.executor:update_account_info:125 | 账户更新: 总值$99574.54, 买入力$401574.80
2025-07-23 11:08:32 | DEBUG    | src.bot.trading_bot:_update_market_data:184 | 市场数据更新完成
2025-07-23 11:08:35 | INFO     | src.trading.executor:update_account_info:125 | 账户更新: 总值$99574.54, 买入力$401574.80
2025-07-23 11:08:35 | DEBUG    | src.bot.trading_bot:_update_market_data:184 | 市场数据更新完成
2025-07-23 11:08:38 | DEBUG    | src.bot.trading_bot:_update_positions_normal:259 | 📊 常规头寸更新完成
2025-07-23 11:08:39 | INFO     | src.trading.executor:update_account_info:125 | 账户更新: 总值$99574.54, 买入力$401574.80
2025-07-23 11:08:39 | DEBUG    | src.bot.trading_bot:_update_market_data:184 | 市场数据更新完成
2025-07-23 11:08:42 | INFO     | src.trading.executor:update_account_info:125 | 账户更新: 总值$99574.54, 买入力$401574.80
2025-07-23 11:08:42 | DEBUG    | src.bot.trading_bot:_update_market_data:184 | 市场数据更新完成
2025-07-23 11:08:45 | INFO     | src.trading.executor:update_account_info:125 | 账户更新: 总值$99574.54, 买入力$401574.80
2025-07-23 11:08:46 | DEBUG    | src.bot.trading_bot:_update_market_data:184 | 市场数据更新完成
2025-07-23 11:08:49 | INFO     | src.trading.executor:update_account_info:125 | 账户更新: 总值$99574.54, 买入力$401574.80
2025-07-23 11:08:49 | DEBUG    | src.bot.trading_bot:_update_market_data:184 | 市场数据更新完成
2025-07-23 11:08:52 | INFO     | src.trading.executor:update_account_info:125 | 账户更新: 总值$99574.54, 买入力$401574.80
2025-07-23 11:08:53 | DEBUG    | src.bot.trading_bot:_update_market_data:184 | 市场数据更新完成
2025-07-23 11:08:56 | INFO     | src.trading.executor:update_account_info:125 | 账户更新: 总值$99574.54, 买入力$401574.80
2025-07-23 11:08:56 | DEBUG    | src.bot.trading_bot:_update_market_data:184 | 市场数据更新完成
2025-07-23 11:09:00 | INFO     | src.trading.executor:update_account_info:125 | 账户更新: 总值$99574.54, 买入力$401574.80
2025-07-23 11:09:00 | DEBUG    | src.bot.trading_bot:_update_market_data:184 | 市场数据更新完成
2025-07-23 11:09:03 | INFO     | src.trading.executor:update_account_info:125 | 账户更新: 总值$99574.54, 买入力$401574.80
2025-07-23 11:09:03 | DEBUG    | src.bot.trading_bot:_update_market_data:184 | 市场数据更新完成
2025-07-23 11:09:07 | INFO     | src.trading.executor:update_account_info:125 | 账户更新: 总值$99574.54, 买入力$401574.80
2025-07-23 11:09:07 | DEBUG    | src.bot.trading_bot:_update_market_data:184 | 市场数据更新完成
2025-07-23 11:09:10 | INFO     | src.trading.executor:update_account_info:125 | 账户更新: 总值$99574.54, 买入力$401574.80
2025-07-23 11:09:10 | DEBUG    | src.bot.trading_bot:_update_market_data:184 | 市场数据更新完成
2025-07-23 11:09:14 | INFO     | src.trading.executor:update_account_info:125 | 账户更新: 总值$99574.54, 买入力$401574.80
2025-07-23 11:09:14 | DEBUG    | src.bot.trading_bot:_update_market_data:184 | 市场数据更新完成
2025-07-23 11:09:17 | INFO     | src.trading.executor:update_account_info:125 | 账户更新: 总值$99574.54, 买入力$401574.80
2025-07-23 11:09:18 | DEBUG    | src.bot.trading_bot:_update_market_data:184 | 市场数据更新完成
2025-07-23 11:09:21 | INFO     | src.trading.executor:update_account_info:125 | 账户更新: 总值$99574.54, 买入力$401574.80
2025-07-23 11:09:21 | DEBUG    | src.bot.trading_bot:_update_market_data:184 | 市场数据更新完成
2025-07-23 11:09:25 | INFO     | src.trading.executor:update_account_info:125 | 账户更新: 总值$99574.54, 买入力$401574.80
2025-07-23 11:09:25 | DEBUG    | src.bot.trading_bot:_update_market_data:184 | 市场数据更新完成
2025-07-23 11:09:29 | INFO     | src.trading.executor:update_account_info:125 | 账户更新: 总值$99574.54, 买入力$401574.80
2025-07-23 11:09:29 | DEBUG    | src.bot.trading_bot:_update_market_data:184 | 市场数据更新完成
2025-07-23 11:09:33 | INFO     | src.trading.executor:update_account_info:125 | 账户更新: 总值$99574.54, 买入力$401574.80
2025-07-23 11:09:33 | DEBUG    | src.bot.trading_bot:_update_market_data:184 | 市场数据更新完成
2025-07-23 11:09:36 | INFO     | src.trading.executor:update_account_info:125 | 账户更新: 总值$99574.54, 买入力$401574.80
2025-07-23 11:09:37 | DEBUG    | src.bot.trading_bot:_update_market_data:184 | 市场数据更新完成
2025-07-23 11:09:39 | DEBUG    | src.bot.trading_bot:_update_positions_normal:259 | 📊 常规头寸更新完成
2025-07-23 11:09:40 | INFO     | src.trading.executor:update_account_info:125 | 账户更新: 总值$99574.54, 买入力$401574.80
2025-07-23 11:09:40 | DEBUG    | src.bot.trading_bot:_update_market_data:184 | 市场数据更新完成
2025-07-23 11:09:43 | INFO     | src.trading.executor:update_account_info:125 | 账户更新: 总值$99574.54, 买入力$401574.80
2025-07-23 11:09:44 | DEBUG    | src.bot.trading_bot:_update_market_data:184 | 市场数据更新完成
2025-07-23 11:09:47 | INFO     | src.trading.executor:update_account_info:125 | 账户更新: 总值$99574.54, 买入力$401574.80
2025-07-23 11:09:47 | DEBUG    | src.bot.trading_bot:_update_market_data:184 | 市场数据更新完成
2025-07-23 11:09:51 | INFO     | src.trading.executor:update_account_info:125 | 账户更新: 总值$99574.54, 买入力$401574.80
2025-07-23 11:09:51 | DEBUG    | src.bot.trading_bot:_update_market_data:184 | 市场数据更新完成
2025-07-23 11:09:54 | INFO     | src.trading.executor:update_account_info:125 | 账户更新: 总值$99574.54, 买入力$401574.80
2025-07-23 11:09:55 | DEBUG    | src.bot.trading_bot:_update_market_data:184 | 市场数据更新完成
2025-07-23 11:09:58 | INFO     | src.trading.executor:update_account_info:125 | 账户更新: 总值$99574.54, 买入力$401574.80
2025-07-23 11:09:58 | DEBUG    | src.bot.trading_bot:_update_market_data:184 | 市场数据更新完成
2025-07-23 11:10:02 | INFO     | src.trading.executor:update_account_info:125 | 账户更新: 总值$99574.54, 买入力$401574.80
2025-07-23 11:10:02 | DEBUG    | src.bot.trading_bot:_update_market_data:184 | 市场数据更新完成
2025-07-23 11:10:05 | INFO     | src.trading.executor:update_account_info:125 | 账户更新: 总值$99574.54, 买入力$401574.80
2025-07-23 11:10:06 | DEBUG    | src.bot.trading_bot:_update_market_data:184 | 市场数据更新完成
2025-07-23 11:10:09 | INFO     | src.trading.executor:update_account_info:125 | 账户更新: 总值$99574.54, 买入力$401574.80
2025-07-23 11:10:10 | DEBUG    | src.bot.trading_bot:_update_market_data:184 | 市场数据更新完成
2025-07-23 11:10:13 | INFO     | src.trading.executor:update_account_info:125 | 账户更新: 总值$99574.54, 买入力$401574.80
2025-07-23 11:10:13 | DEBUG    | src.bot.trading_bot:_update_market_data:184 | 市场数据更新完成
2025-07-23 11:10:16 | INFO     | src.trading.executor:update_account_info:125 | 账户更新: 总值$99574.54, 买入力$401574.80
2025-07-23 11:10:17 | DEBUG    | src.bot.trading_bot:_update_market_data:184 | 市场数据更新完成
2025-07-23 11:10:20 | INFO     | src.trading.executor:update_account_info:125 | 账户更新: 总值$99574.54, 买入力$401574.80
2025-07-23 11:10:21 | DEBUG    | src.bot.trading_bot:_update_market_data:184 | 市场数据更新完成
2025-07-23 11:10:24 | INFO     | src.trading.executor:update_account_info:125 | 账户更新: 总值$99574.54, 买入力$401574.80
2025-07-23 11:10:25 | DEBUG    | src.bot.trading_bot:_update_market_data:184 | 市场数据更新完成
2025-07-23 11:10:28 | INFO     | src.trading.executor:update_account_info:125 | 账户更新: 总值$99574.54, 买入力$401574.80
2025-07-23 11:10:28 | DEBUG    | src.bot.trading_bot:_update_market_data:184 | 市场数据更新完成
2025-07-23 11:10:31 | INFO     | src.trading.executor:update_account_info:125 | 账户更新: 总值$99574.54, 买入力$401574.80
2025-07-23 11:10:32 | DEBUG    | src.bot.trading_bot:_update_market_data:184 | 市场数据更新完成
2025-07-23 11:10:35 | INFO     | src.trading.executor:update_account_info:125 | 账户更新: 总值$99574.54, 买入力$401574.80
2025-07-23 11:10:35 | DEBUG    | src.bot.trading_bot:_update_market_data:184 | 市场数据更新完成
2025-07-23 11:10:38 | INFO     | src.trading.executor:update_account_info:125 | 账户更新: 总值$99574.54, 买入力$401574.80
2025-07-23 11:10:39 | DEBUG    | src.bot.trading_bot:_update_market_data:184 | 市场数据更新完成
2025-07-23 11:10:39 | DEBUG    | src.bot.trading_bot:_update_positions_normal:259 | 📊 常规头寸更新完成
2025-07-23 11:10:42 | INFO     | src.trading.executor:update_account_info:125 | 账户更新: 总值$99574.54, 买入力$401574.80
2025-07-23 11:10:42 | DEBUG    | src.bot.trading_bot:_update_market_data:184 | 市场数据更新完成
2025-07-23 11:10:45 | INFO     | src.trading.executor:update_account_info:125 | 账户更新: 总值$99574.54, 买入力$401574.80
2025-07-23 11:10:46 | DEBUG    | src.bot.trading_bot:_update_market_data:184 | 市场数据更新完成
2025-07-23 11:10:49 | INFO     | src.trading.executor:update_account_info:125 | 账户更新: 总值$99574.54, 买入力$401574.80
2025-07-23 11:10:49 | DEBUG    | src.bot.trading_bot:_update_market_data:184 | 市场数据更新完成
2025-07-23 11:10:52 | INFO     | src.trading.executor:update_account_info:125 | 账户更新: 总值$99574.54, 买入力$401574.80
2025-07-23 11:10:53 | DEBUG    | src.bot.trading_bot:_update_market_data:184 | 市场数据更新完成
2025-07-23 11:10:56 | INFO     | src.trading.executor:update_account_info:125 | 账户更新: 总值$99574.54, 买入力$401574.80
2025-07-23 11:10:56 | DEBUG    | src.bot.trading_bot:_update_market_data:184 | 市场数据更新完成
2025-07-23 11:10:59 | INFO     | src.trading.executor:update_account_info:125 | 账户更新: 总值$99574.54, 买入力$401574.80
2025-07-23 11:11:00 | DEBUG    | src.bot.trading_bot:_update_market_data:184 | 市场数据更新完成
2025-07-23 11:11:03 | INFO     | src.trading.executor:update_account_info:125 | 账户更新: 总值$99574.54, 买入力$401574.80
2025-07-23 11:11:03 | DEBUG    | src.bot.trading_bot:_update_market_data:184 | 市场数据更新完成
2025-07-23 11:11:07 | INFO     | src.trading.executor:update_account_info:125 | 账户更新: 总值$99574.54, 买入力$401574.80
2025-07-23 11:11:07 | DEBUG    | src.bot.trading_bot:_update_market_data:184 | 市场数据更新完成
2025-07-23 11:11:10 | INFO     | src.trading.executor:update_account_info:125 | 账户更新: 总值$99574.54, 买入力$401574.80
2025-07-23 11:11:10 | DEBUG    | src.bot.trading_bot:_update_market_data:184 | 市场数据更新完成
2025-07-23 11:11:13 | INFO     | src.trading.executor:update_account_info:125 | 账户更新: 总值$99574.54, 买入力$401574.80
2025-07-23 11:11:14 | DEBUG    | src.bot.trading_bot:_update_market_data:184 | 市场数据更新完成
2025-07-23 11:11:17 | INFO     | src.trading.executor:update_account_info:125 | 账户更新: 总值$99574.54, 买入力$401574.80
2025-07-23 11:11:17 | DEBUG    | src.bot.trading_bot:_update_market_data:184 | 市场数据更新完成
2025-07-23 11:11:20 | INFO     | src.trading.executor:update_account_info:125 | 账户更新: 总值$99574.54, 买入力$401574.80
2025-07-23 11:11:21 | DEBUG    | src.bot.trading_bot:_update_market_data:184 | 市场数据更新完成
2025-07-23 11:11:24 | INFO     | src.trading.executor:update_account_info:125 | 账户更新: 总值$99574.54, 买入力$401574.80
2025-07-23 11:11:24 | DEBUG    | src.bot.trading_bot:_update_market_data:184 | 市场数据更新完成
2025-07-23 11:11:27 | INFO     | src.trading.executor:update_account_info:125 | 账户更新: 总值$99574.54, 买入力$401574.80
2025-07-23 11:11:28 | DEBUG    | src.bot.trading_bot:_update_market_data:184 | 市场数据更新完成
2025-07-23 11:11:31 | INFO     | src.trading.executor:update_account_info:125 | 账户更新: 总值$99574.54, 买入力$401574.80
2025-07-23 11:11:31 | DEBUG    | src.bot.trading_bot:_update_market_data:184 | 市场数据更新完成
2025-07-23 11:11:34 | INFO     | src.trading.executor:update_account_info:125 | 账户更新: 总值$99574.54, 买入力$401574.80
2025-07-23 11:11:35 | DEBUG    | src.bot.trading_bot:_update_market_data:184 | 市场数据更新完成
2025-07-23 11:11:38 | INFO     | src.trading.executor:update_account_info:125 | 账户更新: 总值$99574.54, 买入力$401574.80
2025-07-23 11:11:38 | DEBUG    | src.bot.trading_bot:_update_market_data:184 | 市场数据更新完成
2025-07-23 11:11:40 | DEBUG    | src.bot.trading_bot:_update_positions_normal:259 | 📊 常规头寸更新完成
2025-07-23 11:11:41 | INFO     | src.trading.executor:update_account_info:125 | 账户更新: 总值$99574.54, 买入力$401574.80
2025-07-23 11:11:42 | DEBUG    | src.bot.trading_bot:_update_market_data:184 | 市场数据更新完成
2025-07-23 11:11:45 | INFO     | src.trading.executor:update_account_info:125 | 账户更新: 总值$99574.54, 买入力$401574.80
2025-07-23 11:11:45 | DEBUG    | src.bot.trading_bot:_update_market_data:184 | 市场数据更新完成
2025-07-23 11:11:48 | INFO     | src.trading.executor:update_account_info:125 | 账户更新: 总值$99574.54, 买入力$401574.80
2025-07-23 11:11:49 | DEBUG    | src.bot.trading_bot:_update_market_data:184 | 市场数据更新完成
2025-07-23 11:11:52 | INFO     | src.trading.executor:update_account_info:125 | 账户更新: 总值$99574.54, 买入力$401574.80
2025-07-23 11:11:52 | DEBUG    | src.bot.trading_bot:_update_market_data:184 | 市场数据更新完成
2025-07-23 11:11:55 | INFO     | src.trading.executor:update_account_info:125 | 账户更新: 总值$99574.54, 买入力$401574.80
2025-07-23 11:11:56 | DEBUG    | src.bot.trading_bot:_update_market_data:184 | 市场数据更新完成
2025-07-23 11:11:59 | INFO     | src.trading.executor:update_account_info:125 | 账户更新: 总值$99574.54, 买入力$401574.80
2025-07-23 11:11:59 | DEBUG    | src.bot.trading_bot:_update_market_data:184 | 市场数据更新完成
2025-07-23 11:12:02 | INFO     | src.trading.executor:update_account_info:125 | 账户更新: 总值$99574.54, 买入力$401574.80
2025-07-23 11:12:02 | DEBUG    | src.bot.trading_bot:_update_market_data:184 | 市场数据更新完成
2025-07-23 11:12:06 | INFO     | src.trading.executor:update_account_info:125 | 账户更新: 总值$99574.54, 买入力$401574.80
2025-07-23 11:12:06 | DEBUG    | src.bot.trading_bot:_update_market_data:184 | 市场数据更新完成
2025-07-23 11:12:09 | INFO     | src.trading.executor:update_account_info:125 | 账户更新: 总值$99574.54, 买入力$401574.80
2025-07-23 11:12:10 | DEBUG    | src.bot.trading_bot:_update_market_data:184 | 市场数据更新完成
2025-07-23 11:12:13 | INFO     | src.trading.executor:update_account_info:125 | 账户更新: 总值$99574.54, 买入力$401574.80
2025-07-23 11:12:13 | DEBUG    | src.bot.trading_bot:_update_market_data:184 | 市场数据更新完成
2025-07-23 11:12:16 | INFO     | src.trading.executor:update_account_info:125 | 账户更新: 总值$99574.54, 买入力$401574.80
2025-07-23 11:12:17 | DEBUG    | src.bot.trading_bot:_update_market_data:184 | 市场数据更新完成
2025-07-23 11:12:20 | INFO     | src.trading.executor:update_account_info:125 | 账户更新: 总值$99574.54, 买入力$401574.80
2025-07-23 11:12:20 | DEBUG    | src.bot.trading_bot:_update_market_data:184 | 市场数据更新完成
2025-07-23 11:12:23 | INFO     | src.trading.executor:update_account_info:125 | 账户更新: 总值$99574.54, 买入力$401574.80
2025-07-23 11:12:23 | DEBUG    | src.bot.trading_bot:_update_market_data:184 | 市场数据更新完成
2025-07-23 11:12:27 | INFO     | src.trading.executor:update_account_info:125 | 账户更新: 总值$99574.54, 买入力$401574.80
2025-07-23 11:12:27 | DEBUG    | src.bot.trading_bot:_update_market_data:184 | 市场数据更新完成
2025-07-23 11:12:30 | INFO     | src.trading.executor:update_account_info:125 | 账户更新: 总值$99574.54, 买入力$401574.80
2025-07-23 11:12:30 | DEBUG    | src.bot.trading_bot:_update_market_data:184 | 市场数据更新完成
2025-07-23 11:12:34 | INFO     | src.trading.executor:update_account_info:125 | 账户更新: 总值$99574.54, 买入力$401574.80
2025-07-23 11:12:34 | DEBUG    | src.bot.trading_bot:_update_market_data:184 | 市场数据更新完成
2025-07-23 11:12:37 | INFO     | src.trading.executor:update_account_info:125 | 账户更新: 总值$99574.54, 买入力$401574.80
2025-07-23 11:12:37 | DEBUG    | src.bot.trading_bot:_update_market_data:184 | 市场数据更新完成
2025-07-23 11:12:40 | DEBUG    | src.bot.trading_bot:_update_positions_normal:259 | 📊 常规头寸更新完成
2025-07-23 11:12:41 | INFO     | src.trading.executor:update_account_info:125 | 账户更新: 总值$99574.54, 买入力$401574.80
2025-07-23 11:12:41 | DEBUG    | src.bot.trading_bot:_update_market_data:184 | 市场数据更新完成
2025-07-23 11:12:44 | INFO     | src.trading.executor:update_account_info:125 | 账户更新: 总值$99574.54, 买入力$401574.80
2025-07-23 11:12:45 | DEBUG    | src.bot.trading_bot:_update_market_data:184 | 市场数据更新完成
2025-07-23 11:12:48 | INFO     | src.trading.executor:update_account_info:125 | 账户更新: 总值$99574.54, 买入力$401574.80
2025-07-23 11:12:48 | DEBUG    | src.bot.trading_bot:_update_market_data:184 | 市场数据更新完成
2025-07-23 11:12:51 | INFO     | src.trading.executor:update_account_info:125 | 账户更新: 总值$99574.54, 买入力$401574.80
2025-07-23 11:12:52 | DEBUG    | src.bot.trading_bot:_update_market_data:184 | 市场数据更新完成
2025-07-23 11:12:55 | INFO     | src.trading.executor:update_account_info:125 | 账户更新: 总值$99574.54, 买入力$401574.80
2025-07-23 11:12:55 | DEBUG    | src.bot.trading_bot:_update_market_data:184 | 市场数据更新完成
2025-07-23 11:12:58 | INFO     | src.trading.executor:update_account_info:125 | 账户更新: 总值$99574.54, 买入力$401574.80
2025-07-23 11:12:58 | DEBUG    | src.bot.trading_bot:_update_market_data:184 | 市场数据更新完成
2025-07-23 11:13:02 | INFO     | src.trading.executor:update_account_info:125 | 账户更新: 总值$99574.54, 买入力$401574.80
2025-07-23 11:13:02 | DEBUG    | src.bot.trading_bot:_update_market_data:184 | 市场数据更新完成
2025-07-23 11:13:05 | INFO     | src.trading.executor:update_account_info:125 | 账户更新: 总值$99574.54, 买入力$401574.80
2025-07-23 11:13:05 | DEBUG    | src.bot.trading_bot:_update_market_data:184 | 市场数据更新完成
2025-07-23 11:13:09 | INFO     | src.trading.executor:update_account_info:125 | 账户更新: 总值$99574.54, 买入力$401574.80
2025-07-23 11:13:09 | DEBUG    | src.bot.trading_bot:_update_market_data:184 | 市场数据更新完成
2025-07-23 11:13:12 | INFO     | src.trading.executor:update_account_info:125 | 账户更新: 总值$99574.54, 买入力$401574.80
2025-07-23 11:13:13 | DEBUG    | src.bot.trading_bot:_update_market_data:184 | 市场数据更新完成
2025-07-23 11:13:16 | INFO     | src.trading.executor:update_account_info:125 | 账户更新: 总值$99574.54, 买入力$401574.80
2025-07-23 11:13:16 | DEBUG    | src.bot.trading_bot:_update_market_data:184 | 市场数据更新完成
2025-07-23 11:13:19 | INFO     | src.trading.executor:update_account_info:125 | 账户更新: 总值$99574.54, 买入力$401574.80
2025-07-23 11:13:20 | DEBUG    | src.bot.trading_bot:_update_market_data:184 | 市场数据更新完成
2025-07-23 11:13:23 | INFO     | src.trading.executor:update_account_info:125 | 账户更新: 总值$99574.54, 买入力$401574.80
2025-07-23 11:13:23 | DEBUG    | src.bot.trading_bot:_update_market_data:184 | 市场数据更新完成
2025-07-23 11:13:26 | INFO     | src.trading.executor:update_account_info:125 | 账户更新: 总值$99574.54, 买入力$401574.80
2025-07-23 11:13:27 | DEBUG    | src.bot.trading_bot:_update_market_data:184 | 市场数据更新完成
2025-07-23 11:13:30 | INFO     | src.trading.executor:update_account_info:125 | 账户更新: 总值$99574.54, 买入力$401574.80
2025-07-23 11:13:30 | DEBUG    | src.bot.trading_bot:_update_market_data:184 | 市场数据更新完成
2025-07-23 11:13:33 | INFO     | src.trading.executor:update_account_info:125 | 账户更新: 总值$99574.54, 买入力$401574.80
2025-07-23 11:13:33 | DEBUG    | src.bot.trading_bot:_update_market_data:184 | 市场数据更新完成
2025-07-23 11:13:37 | INFO     | src.trading.executor:update_account_info:125 | 账户更新: 总值$99574.54, 买入力$401574.80
2025-07-23 11:13:37 | DEBUG    | src.bot.trading_bot:_update_market_data:184 | 市场数据更新完成
2025-07-23 11:13:40 | INFO     | src.trading.executor:update_account_info:125 | 账户更新: 总值$99574.54, 买入力$401574.80
2025-07-23 11:13:40 | DEBUG    | src.bot.trading_bot:_update_market_data:184 | 市场数据更新完成
2025-07-23 11:13:41 | DEBUG    | src.bot.trading_bot:_update_positions_normal:259 | 📊 常规头寸更新完成
2025-07-23 11:13:44 | INFO     | src.trading.executor:update_account_info:125 | 账户更新: 总值$99574.54, 买入力$401574.80
2025-07-23 11:13:44 | DEBUG    | src.bot.trading_bot:_update_market_data:184 | 市场数据更新完成
2025-07-23 11:13:47 | INFO     | src.trading.executor:update_account_info:125 | 账户更新: 总值$99574.54, 买入力$401574.80
2025-07-23 11:13:47 | DEBUG    | src.bot.trading_bot:_update_market_data:184 | 市场数据更新完成
2025-07-23 11:13:51 | INFO     | src.trading.executor:update_account_info:125 | 账户更新: 总值$99574.54, 买入力$401574.80
2025-07-23 11:13:51 | DEBUG    | src.bot.trading_bot:_update_market_data:184 | 市场数据更新完成
2025-07-23 11:13:54 | INFO     | src.trading.executor:update_account_info:125 | 账户更新: 总值$99574.54, 买入力$401574.80
2025-07-23 11:13:54 | DEBUG    | src.bot.trading_bot:_update_market_data:184 | 市场数据更新完成
2025-07-23 11:13:58 | INFO     | src.trading.executor:update_account_info:125 | 账户更新: 总值$99574.54, 买入力$401574.80
2025-07-23 11:13:58 | DEBUG    | src.bot.trading_bot:_update_market_data:184 | 市场数据更新完成
2025-07-23 11:14:01 | INFO     | src.trading.executor:update_account_info:125 | 账户更新: 总值$99574.54, 买入力$401574.80
2025-07-23 11:14:01 | DEBUG    | src.bot.trading_bot:_update_market_data:184 | 市场数据更新完成
2025-07-23 11:14:05 | INFO     | src.trading.executor:update_account_info:125 | 账户更新: 总值$99574.54, 买入力$401574.80
2025-07-23 11:14:05 | DEBUG    | src.bot.trading_bot:_update_market_data:184 | 市场数据更新完成
2025-07-23 11:14:08 | INFO     | src.trading.executor:update_account_info:125 | 账户更新: 总值$99574.54, 买入力$401574.80
2025-07-23 11:14:08 | DEBUG    | src.bot.trading_bot:_update_market_data:184 | 市场数据更新完成
2025-07-23 11:14:12 | INFO     | src.trading.executor:update_account_info:125 | 账户更新: 总值$99574.54, 买入力$401574.80
2025-07-23 11:14:12 | DEBUG    | src.bot.trading_bot:_update_market_data:184 | 市场数据更新完成
2025-07-23 11:14:15 | INFO     | src.trading.executor:update_account_info:125 | 账户更新: 总值$99574.54, 买入力$401574.80
2025-07-23 11:14:16 | DEBUG    | src.bot.trading_bot:_update_market_data:184 | 市场数据更新完成
2025-07-23 11:14:19 | INFO     | src.trading.executor:update_account_info:125 | 账户更新: 总值$99574.54, 买入力$401574.80
2025-07-23 11:14:19 | DEBUG    | src.bot.trading_bot:_update_market_data:184 | 市场数据更新完成
2025-07-23 11:14:22 | INFO     | src.trading.executor:update_account_info:125 | 账户更新: 总值$99574.54, 买入力$401574.80
2025-07-23 11:14:23 | DEBUG    | src.bot.trading_bot:_update_market_data:184 | 市场数据更新完成
2025-07-23 11:14:26 | INFO     | src.trading.executor:update_account_info:125 | 账户更新: 总值$99574.54, 买入力$401574.80
2025-07-23 11:14:26 | DEBUG    | src.bot.trading_bot:_update_market_data:184 | 市场数据更新完成
2025-07-23 11:14:29 | INFO     | src.trading.executor:update_account_info:125 | 账户更新: 总值$99574.54, 买入力$401574.80
2025-07-23 11:14:30 | DEBUG    | src.bot.trading_bot:_update_market_data:184 | 市场数据更新完成
2025-07-23 11:14:33 | INFO     | src.trading.executor:update_account_info:125 | 账户更新: 总值$99574.54, 买入力$401574.80
2025-07-23 11:14:33 | DEBUG    | src.bot.trading_bot:_update_market_data:184 | 市场数据更新完成
2025-07-23 11:14:36 | INFO     | src.trading.executor:update_account_info:125 | 账户更新: 总值$99574.54, 买入力$401574.80
2025-07-23 11:14:36 | DEBUG    | src.bot.trading_bot:_update_market_data:184 | 市场数据更新完成
2025-07-23 11:14:40 | INFO     | src.trading.executor:update_account_info:125 | 账户更新: 总值$99574.54, 买入力$401574.80
2025-07-23 11:14:40 | DEBUG    | src.bot.trading_bot:_update_market_data:184 | 市场数据更新完成
2025-07-23 11:14:41 | DEBUG    | src.bot.trading_bot:_update_positions_normal:259 | 📊 常规头寸更新完成
2025-07-23 11:14:43 | INFO     | src.trading.executor:update_account_info:125 | 账户更新: 总值$99574.54, 买入力$401574.80
2025-07-23 11:14:43 | DEBUG    | src.bot.trading_bot:_update_market_data:184 | 市场数据更新完成
2025-07-23 11:14:47 | INFO     | src.trading.executor:update_account_info:125 | 账户更新: 总值$99574.54, 买入力$401574.80
2025-07-23 11:14:47 | DEBUG    | src.bot.trading_bot:_update_market_data:184 | 市场数据更新完成
2025-07-23 11:14:50 | INFO     | src.trading.executor:update_account_info:125 | 账户更新: 总值$99574.54, 买入力$401574.80
2025-07-23 11:14:51 | DEBUG    | src.bot.trading_bot:_update_market_data:184 | 市场数据更新完成
2025-07-23 11:14:54 | INFO     | src.trading.executor:update_account_info:125 | 账户更新: 总值$99574.54, 买入力$401574.80
2025-07-23 11:14:54 | DEBUG    | src.bot.trading_bot:_update_market_data:184 | 市场数据更新完成
2025-07-23 11:14:57 | INFO     | src.trading.executor:update_account_info:125 | 账户更新: 总值$99574.54, 买入力$401574.80
2025-07-23 11:14:57 | DEBUG    | src.bot.trading_bot:_update_market_data:184 | 市场数据更新完成
2025-07-23 11:15:01 | INFO     | src.trading.executor:update_account_info:125 | 账户更新: 总值$99574.54, 买入力$401574.80
2025-07-23 11:15:01 | DEBUG    | src.bot.trading_bot:_update_market_data:184 | 市场数据更新完成
2025-07-23 11:15:04 | INFO     | src.trading.executor:update_account_info:125 | 账户更新: 总值$99574.54, 买入力$401574.80
2025-07-23 11:15:04 | DEBUG    | src.bot.trading_bot:_update_market_data:184 | 市场数据更新完成
2025-07-23 11:15:08 | INFO     | src.trading.executor:update_account_info:125 | 账户更新: 总值$99574.54, 买入力$401574.80
2025-07-23 11:15:08 | DEBUG    | src.bot.trading_bot:_update_market_data:184 | 市场数据更新完成
2025-07-23 11:15:11 | INFO     | src.trading.executor:update_account_info:125 | 账户更新: 总值$99574.54, 买入力$401574.80
2025-07-23 11:15:11 | DEBUG    | src.bot.trading_bot:_update_market_data:184 | 市场数据更新完成
2025-07-23 11:15:15 | INFO     | src.trading.executor:update_account_info:125 | 账户更新: 总值$99574.54, 买入力$401574.80
2025-07-23 11:15:15 | DEBUG    | src.bot.trading_bot:_update_market_data:184 | 市场数据更新完成
2025-07-23 11:15:18 | INFO     | src.trading.executor:update_account_info:125 | 账户更新: 总值$99574.54, 买入力$401574.80
2025-07-23 11:15:18 | DEBUG    | src.bot.trading_bot:_update_market_data:184 | 市场数据更新完成
2025-07-23 11:15:22 | INFO     | src.trading.executor:update_account_info:125 | 账户更新: 总值$99574.54, 买入力$401574.80
2025-07-23 11:15:22 | DEBUG    | src.bot.trading_bot:_update_market_data:184 | 市场数据更新完成
2025-07-23 11:15:25 | INFO     | src.trading.executor:update_account_info:125 | 账户更新: 总值$99574.54, 买入力$401574.80
2025-07-23 11:15:25 | DEBUG    | src.bot.trading_bot:_update_market_data:184 | 市场数据更新完成
2025-07-23 11:15:29 | INFO     | src.trading.executor:update_account_info:125 | 账户更新: 总值$99574.54, 买入力$401574.80
2025-07-23 11:15:29 | DEBUG    | src.bot.trading_bot:_update_market_data:184 | 市场数据更新完成
2025-07-23 11:15:32 | INFO     | src.trading.executor:update_account_info:125 | 账户更新: 总值$99574.54, 买入力$401574.80
2025-07-23 11:15:32 | DEBUG    | src.bot.trading_bot:_update_market_data:184 | 市场数据更新完成
2025-07-23 11:15:36 | INFO     | src.trading.executor:update_account_info:125 | 账户更新: 总值$99574.54, 买入力$401574.80
2025-07-23 11:15:36 | DEBUG    | src.bot.trading_bot:_update_market_data:184 | 市场数据更新完成
2025-07-23 11:15:39 | INFO     | src.trading.executor:update_account_info:125 | 账户更新: 总值$99574.54, 买入力$401574.80
2025-07-23 11:15:39 | DEBUG    | src.bot.trading_bot:_update_market_data:184 | 市场数据更新完成
2025-07-23 11:15:41 | DEBUG    | src.bot.trading_bot:_update_positions_normal:259 | 📊 常规头寸更新完成
2025-07-23 11:15:43 | INFO     | src.trading.executor:update_account_info:125 | 账户更新: 总值$99574.54, 买入力$401574.80
2025-07-23 11:15:43 | DEBUG    | src.bot.trading_bot:_update_market_data:184 | 市场数据更新完成
2025-07-23 11:15:46 | INFO     | src.trading.executor:update_account_info:125 | 账户更新: 总值$99574.54, 买入力$401574.80
2025-07-23 11:15:46 | DEBUG    | src.bot.trading_bot:_update_market_data:184 | 市场数据更新完成
2025-07-23 11:15:50 | INFO     | src.trading.executor:update_account_info:125 | 账户更新: 总值$99574.54, 买入力$401574.80
2025-07-23 11:15:50 | DEBUG    | src.bot.trading_bot:_update_market_data:184 | 市场数据更新完成
2025-07-23 11:15:53 | INFO     | src.trading.executor:update_account_info:125 | 账户更新: 总值$99574.54, 买入力$401574.80
2025-07-23 11:15:54 | DEBUG    | src.bot.trading_bot:_update_market_data:184 | 市场数据更新完成
2025-07-23 11:15:57 | INFO     | src.trading.executor:update_account_info:125 | 账户更新: 总值$99574.54, 买入力$401574.80
2025-07-23 11:15:57 | DEBUG    | src.bot.trading_bot:_update_market_data:184 | 市场数据更新完成
2025-07-23 11:16:00 | INFO     | src.trading.executor:update_account_info:125 | 账户更新: 总值$99574.54, 买入力$401574.80
2025-07-23 11:16:00 | DEBUG    | src.bot.trading_bot:_update_market_data:184 | 市场数据更新完成
2025-07-23 11:16:04 | INFO     | src.trading.executor:update_account_info:125 | 账户更新: 总值$99574.54, 买入力$401574.80
2025-07-23 11:16:04 | DEBUG    | src.bot.trading_bot:_update_market_data:184 | 市场数据更新完成
2025-07-23 11:16:07 | INFO     | src.trading.executor:update_account_info:125 | 账户更新: 总值$99574.54, 买入力$401574.80
2025-07-23 11:16:07 | DEBUG    | src.bot.trading_bot:_update_market_data:184 | 市场数据更新完成
2025-07-23 11:16:11 | INFO     | src.trading.executor:update_account_info:125 | 账户更新: 总值$99574.54, 买入力$401574.80
2025-07-23 11:16:11 | DEBUG    | src.bot.trading_bot:_update_market_data:184 | 市场数据更新完成
2025-07-23 11:16:14 | INFO     | src.trading.executor:update_account_info:125 | 账户更新: 总值$99574.54, 买入力$401574.80
2025-07-23 11:16:14 | DEBUG    | src.bot.trading_bot:_update_market_data:184 | 市场数据更新完成
2025-07-23 11:16:18 | INFO     | src.trading.executor:update_account_info:125 | 账户更新: 总值$99574.54, 买入力$401574.80
2025-07-23 11:16:18 | DEBUG    | src.bot.trading_bot:_update_market_data:184 | 市场数据更新完成
2025-07-23 11:16:21 | INFO     | src.trading.executor:update_account_info:125 | 账户更新: 总值$99574.54, 买入力$401574.80
2025-07-23 11:16:21 | DEBUG    | src.bot.trading_bot:_update_market_data:184 | 市场数据更新完成
2025-07-23 11:16:25 | INFO     | src.trading.executor:update_account_info:125 | 账户更新: 总值$99574.54, 买入力$401574.80
2025-07-23 11:16:25 | DEBUG    | src.bot.trading_bot:_update_market_data:184 | 市场数据更新完成
2025-07-23 11:16:28 | INFO     | src.trading.executor:update_account_info:125 | 账户更新: 总值$99574.54, 买入力$401574.80
2025-07-23 11:16:29 | DEBUG    | src.bot.trading_bot:_update_market_data:184 | 市场数据更新完成
2025-07-23 11:16:32 | INFO     | src.trading.executor:update_account_info:125 | 账户更新: 总值$99574.54, 买入力$401574.80
2025-07-23 11:16:32 | DEBUG    | src.bot.trading_bot:_update_market_data:184 | 市场数据更新完成
2025-07-23 11:16:35 | INFO     | src.trading.executor:update_account_info:125 | 账户更新: 总值$99574.54, 买入力$401574.80
2025-07-23 11:16:36 | DEBUG    | src.bot.trading_bot:_update_market_data:184 | 市场数据更新完成
2025-07-23 11:16:39 | INFO     | src.trading.executor:update_account_info:125 | 账户更新: 总值$99574.54, 买入力$401574.80
2025-07-23 11:16:39 | DEBUG    | src.bot.trading_bot:_update_market_data:184 | 市场数据更新完成
2025-07-23 11:16:42 | DEBUG    | src.bot.trading_bot:_update_positions_normal:259 | 📊 常规头寸更新完成
2025-07-23 11:16:42 | INFO     | src.trading.executor:update_account_info:125 | 账户更新: 总值$99574.54, 买入力$401574.80
2025-07-23 11:16:42 | DEBUG    | src.bot.trading_bot:_update_market_data:184 | 市场数据更新完成
2025-07-23 11:16:46 | INFO     | src.trading.executor:update_account_info:125 | 账户更新: 总值$99574.54, 买入力$401574.80
2025-07-23 11:16:46 | DEBUG    | src.bot.trading_bot:_update_market_data:184 | 市场数据更新完成
2025-07-23 11:16:49 | INFO     | src.trading.executor:update_account_info:125 | 账户更新: 总值$99574.54, 买入力$401574.80
2025-07-23 11:16:49 | DEBUG    | src.bot.trading_bot:_update_market_data:184 | 市场数据更新完成
2025-07-23 11:16:53 | INFO     | src.trading.executor:update_account_info:125 | 账户更新: 总值$99574.54, 买入力$401574.80
2025-07-23 11:16:53 | DEBUG    | src.bot.trading_bot:_update_market_data:184 | 市场数据更新完成
2025-07-23 11:16:56 | INFO     | src.trading.executor:update_account_info:125 | 账户更新: 总值$99574.54, 买入力$401574.80
2025-07-23 11:16:57 | DEBUG    | src.bot.trading_bot:_update_market_data:184 | 市场数据更新完成
2025-07-23 11:17:00 | INFO     | src.trading.executor:update_account_info:125 | 账户更新: 总值$99574.54, 买入力$401574.80
2025-07-23 11:17:00 | DEBUG    | src.bot.trading_bot:_update_market_data:184 | 市场数据更新完成
2025-07-23 11:17:03 | INFO     | src.trading.executor:update_account_info:125 | 账户更新: 总值$99574.54, 买入力$401574.80
2025-07-23 11:17:04 | DEBUG    | src.bot.trading_bot:_update_market_data:184 | 市场数据更新完成
2025-07-23 11:17:07 | INFO     | src.trading.executor:update_account_info:125 | 账户更新: 总值$99574.54, 买入力$401574.80
2025-07-23 11:17:07 | DEBUG    | src.bot.trading_bot:_update_market_data:184 | 市场数据更新完成
2025-07-23 11:17:10 | INFO     | src.trading.executor:update_account_info:125 | 账户更新: 总值$99574.54, 买入力$401574.80
2025-07-23 11:17:10 | DEBUG    | src.bot.trading_bot:_update_market_data:184 | 市场数据更新完成
2025-07-23 11:17:14 | INFO     | src.trading.executor:update_account_info:125 | 账户更新: 总值$99574.54, 买入力$401574.80
2025-07-23 11:17:14 | DEBUG    | src.bot.trading_bot:_update_market_data:184 | 市场数据更新完成
2025-07-23 11:17:17 | INFO     | src.trading.executor:update_account_info:125 | 账户更新: 总值$99574.54, 买入力$401574.80
2025-07-23 11:17:17 | DEBUG    | src.bot.trading_bot:_update_market_data:184 | 市场数据更新完成
2025-07-23 11:17:21 | INFO     | src.trading.executor:update_account_info:125 | 账户更新: 总值$99574.54, 买入力$401574.80
2025-07-23 11:17:21 | DEBUG    | src.bot.trading_bot:_update_market_data:184 | 市场数据更新完成
2025-07-23 11:17:24 | INFO     | src.trading.executor:update_account_info:125 | 账户更新: 总值$99574.54, 买入力$401574.80
2025-07-23 11:17:25 | DEBUG    | src.bot.trading_bot:_update_market_data:184 | 市场数据更新完成
2025-07-23 11:17:28 | INFO     | src.trading.executor:update_account_info:125 | 账户更新: 总值$99574.54, 买入力$401574.80
2025-07-23 11:17:28 | DEBUG    | src.bot.trading_bot:_update_market_data:184 | 市场数据更新完成
2025-07-23 11:17:31 | INFO     | src.trading.executor:update_account_info:125 | 账户更新: 总值$99574.54, 买入力$401574.80
2025-07-23 11:17:32 | DEBUG    | src.bot.trading_bot:_update_market_data:184 | 市场数据更新完成
2025-07-23 11:17:35 | INFO     | src.trading.executor:update_account_info:125 | 账户更新: 总值$99574.54, 买入力$401574.80
2025-07-23 11:17:35 | DEBUG    | src.bot.trading_bot:_update_market_data:184 | 市场数据更新完成
2025-07-23 11:17:38 | INFO     | src.trading.executor:update_account_info:125 | 账户更新: 总值$99574.54, 买入力$401574.80
2025-07-23 11:17:39 | DEBUG    | src.bot.trading_bot:_update_market_data:184 | 市场数据更新完成
2025-07-23 11:17:42 | INFO     | src.trading.executor:update_account_info:125 | 账户更新: 总值$99574.54, 买入力$401574.80
2025-07-23 11:17:42 | DEBUG    | src.bot.trading_bot:_update_market_data:184 | 市场数据更新完成
2025-07-23 11:17:42 | DEBUG    | src.bot.trading_bot:_update_positions_normal:259 | 📊 常规头寸更新完成
2025-07-23 11:17:45 | INFO     | src.trading.executor:update_account_info:125 | 账户更新: 总值$99574.54, 买入力$401574.80
2025-07-23 11:17:45 | DEBUG    | src.bot.trading_bot:_update_market_data:184 | 市场数据更新完成
2025-07-23 11:17:49 | INFO     | src.trading.executor:update_account_info:125 | 账户更新: 总值$99574.54, 买入力$401574.80
2025-07-23 11:17:49 | DEBUG    | src.bot.trading_bot:_update_market_data:184 | 市场数据更新完成
2025-07-23 11:17:52 | INFO     | src.trading.executor:update_account_info:125 | 账户更新: 总值$99574.54, 买入力$401574.80
2025-07-23 11:17:52 | DEBUG    | src.bot.trading_bot:_update_market_data:184 | 市场数据更新完成
2025-07-23 11:17:56 | INFO     | src.trading.executor:update_account_info:125 | 账户更新: 总值$99574.54, 买入力$401574.80
2025-07-23 11:17:56 | DEBUG    | src.bot.trading_bot:_update_market_data:184 | 市场数据更新完成
2025-07-23 11:17:59 | INFO     | src.trading.executor:update_account_info:125 | 账户更新: 总值$99574.54, 买入力$401574.80
2025-07-23 11:18:00 | DEBUG    | src.bot.trading_bot:_update_market_data:184 | 市场数据更新完成
2025-07-23 11:18:03 | INFO     | src.trading.executor:update_account_info:125 | 账户更新: 总值$99574.54, 买入力$401574.80
2025-07-23 11:18:03 | DEBUG    | src.bot.trading_bot:_update_market_data:184 | 市场数据更新完成
2025-07-23 11:18:06 | INFO     | src.trading.executor:update_account_info:125 | 账户更新: 总值$99574.54, 买入力$401574.80
2025-07-23 11:18:07 | DEBUG    | src.bot.trading_bot:_update_market_data:184 | 市场数据更新完成
2025-07-23 11:18:10 | INFO     | src.trading.executor:update_account_info:125 | 账户更新: 总值$99574.54, 买入力$401574.80
2025-07-23 11:18:10 | DEBUG    | src.bot.trading_bot:_update_market_data:184 | 市场数据更新完成
2025-07-23 11:18:13 | INFO     | src.trading.executor:update_account_info:125 | 账户更新: 总值$99574.54, 买入力$401574.80
2025-07-23 11:18:14 | DEBUG    | src.bot.trading_bot:_update_market_data:184 | 市场数据更新完成
2025-07-23 11:18:17 | INFO     | src.trading.executor:update_account_info:125 | 账户更新: 总值$99574.54, 买入力$401574.80
2025-07-23 11:18:17 | DEBUG    | src.bot.trading_bot:_update_market_data:184 | 市场数据更新完成
2025-07-23 11:18:20 | INFO     | src.trading.executor:update_account_info:125 | 账户更新: 总值$99574.54, 买入力$401574.80
2025-07-23 11:18:20 | DEBUG    | src.bot.trading_bot:_update_market_data:184 | 市场数据更新完成
2025-07-23 11:18:24 | INFO     | src.trading.executor:update_account_info:125 | 账户更新: 总值$99574.54, 买入力$401574.80
2025-07-23 11:18:24 | DEBUG    | src.bot.trading_bot:_update_market_data:184 | 市场数据更新完成
2025-07-23 11:18:27 | INFO     | src.trading.executor:update_account_info:125 | 账户更新: 总值$99574.54, 买入力$401574.80
2025-07-23 11:18:28 | DEBUG    | src.bot.trading_bot:_update_market_data:184 | 市场数据更新完成
2025-07-23 11:18:31 | INFO     | src.trading.executor:update_account_info:125 | 账户更新: 总值$99574.54, 买入力$401574.80
2025-07-23 11:18:31 | DEBUG    | src.bot.trading_bot:_update_market_data:184 | 市场数据更新完成
2025-07-23 11:18:34 | INFO     | src.trading.executor:update_account_info:125 | 账户更新: 总值$99574.54, 买入力$401574.80
2025-07-23 11:18:35 | DEBUG    | src.bot.trading_bot:_update_market_data:184 | 市场数据更新完成
2025-07-23 11:18:38 | INFO     | src.trading.executor:update_account_info:125 | 账户更新: 总值$99574.54, 买入力$401574.80
2025-07-23 11:18:38 | DEBUG    | src.bot.trading_bot:_update_market_data:184 | 市场数据更新完成
2025-07-23 11:18:41 | INFO     | src.trading.executor:update_account_info:125 | 账户更新: 总值$99574.54, 买入力$401574.80
2025-07-23 11:18:41 | DEBUG    | src.bot.trading_bot:_update_market_data:184 | 市场数据更新完成
2025-07-23 11:18:43 | DEBUG    | src.bot.trading_bot:_update_positions_normal:259 | 📊 常规头寸更新完成
2025-07-23 11:18:45 | INFO     | src.trading.executor:update_account_info:125 | 账户更新: 总值$99574.54, 买入力$401574.80
2025-07-23 11:18:45 | DEBUG    | src.bot.trading_bot:_update_market_data:184 | 市场数据更新完成
2025-07-23 11:18:48 | INFO     | src.trading.executor:update_account_info:125 | 账户更新: 总值$99574.54, 买入力$401574.80
2025-07-23 11:18:49 | DEBUG    | src.bot.trading_bot:_update_market_data:184 | 市场数据更新完成
2025-07-23 11:18:52 | INFO     | src.trading.executor:update_account_info:125 | 账户更新: 总值$99574.54, 买入力$401574.80
2025-07-23 11:18:52 | DEBUG    | src.bot.trading_bot:_update_market_data:184 | 市场数据更新完成
2025-07-23 11:18:55 | INFO     | src.trading.executor:update_account_info:125 | 账户更新: 总值$99574.54, 买入力$401574.80
2025-07-23 11:18:55 | DEBUG    | src.bot.trading_bot:_update_market_data:184 | 市场数据更新完成
2025-07-23 11:18:59 | INFO     | src.trading.executor:update_account_info:125 | 账户更新: 总值$99574.54, 买入力$401574.80
2025-07-23 11:18:59 | DEBUG    | src.bot.trading_bot:_update_market_data:184 | 市场数据更新完成
2025-07-23 11:19:02 | INFO     | src.trading.executor:update_account_info:125 | 账户更新: 总值$99574.54, 买入力$401574.80
2025-07-23 11:19:03 | DEBUG    | src.bot.trading_bot:_update_market_data:184 | 市场数据更新完成
2025-07-23 11:19:06 | INFO     | src.trading.executor:update_account_info:125 | 账户更新: 总值$99574.54, 买入力$401574.80
2025-07-23 11:19:06 | DEBUG    | src.bot.trading_bot:_update_market_data:184 | 市场数据更新完成
2025-07-23 11:19:09 | INFO     | src.trading.executor:update_account_info:125 | 账户更新: 总值$99574.54, 买入力$401574.80
2025-07-23 11:19:10 | DEBUG    | src.bot.trading_bot:_update_market_data:184 | 市场数据更新完成
2025-07-23 11:19:13 | INFO     | src.trading.executor:update_account_info:125 | 账户更新: 总值$99574.54, 买入力$401574.80
2025-07-23 11:19:13 | DEBUG    | src.bot.trading_bot:_update_market_data:184 | 市场数据更新完成
2025-07-23 11:19:16 | INFO     | src.trading.executor:update_account_info:125 | 账户更新: 总值$99574.54, 买入力$401574.80
2025-07-23 11:19:16 | DEBUG    | src.bot.trading_bot:_update_market_data:184 | 市场数据更新完成
2025-07-23 11:19:20 | INFO     | src.trading.executor:update_account_info:125 | 账户更新: 总值$99574.54, 买入力$401574.80
2025-07-23 11:19:20 | DEBUG    | src.bot.trading_bot:_update_market_data:184 | 市场数据更新完成
2025-07-23 11:19:23 | INFO     | src.trading.executor:update_account_info:125 | 账户更新: 总值$99574.54, 买入力$401574.80
2025-07-23 11:19:23 | DEBUG    | src.bot.trading_bot:_update_market_data:184 | 市场数据更新完成
2025-07-23 11:19:27 | INFO     | src.trading.executor:update_account_info:125 | 账户更新: 总值$99574.54, 买入力$401574.80
2025-07-23 11:19:27 | DEBUG    | src.bot.trading_bot:_update_market_data:184 | 市场数据更新完成
2025-07-23 11:19:30 | INFO     | src.trading.executor:update_account_info:125 | 账户更新: 总值$99574.54, 买入力$401574.80
2025-07-23 11:19:31 | DEBUG    | src.bot.trading_bot:_update_market_data:184 | 市场数据更新完成
2025-07-23 11:19:34 | INFO     | src.trading.executor:update_account_info:125 | 账户更新: 总值$99574.54, 买入力$401574.80
2025-07-23 11:19:34 | DEBUG    | src.bot.trading_bot:_update_market_data:184 | 市场数据更新完成
2025-07-23 11:19:37 | INFO     | src.trading.executor:update_account_info:125 | 账户更新: 总值$99574.54, 买入力$401574.80
2025-07-23 11:19:37 | DEBUG    | src.bot.trading_bot:_update_market_data:184 | 市场数据更新完成
2025-07-23 11:19:41 | INFO     | src.trading.executor:update_account_info:125 | 账户更新: 总值$99574.54, 买入力$401574.80
2025-07-23 11:19:41 | DEBUG    | src.bot.trading_bot:_update_market_data:184 | 市场数据更新完成
2025-07-23 11:19:43 | DEBUG    | src.bot.trading_bot:_update_positions_normal:259 | 📊 常规头寸更新完成
2025-07-23 11:19:44 | INFO     | src.trading.executor:update_account_info:125 | 账户更新: 总值$99574.54, 买入力$401574.80
2025-07-23 11:19:44 | DEBUG    | src.bot.trading_bot:_update_market_data:184 | 市场数据更新完成
2025-07-23 11:19:48 | INFO     | src.trading.executor:update_account_info:125 | 账户更新: 总值$99574.54, 买入力$401574.80
2025-07-23 11:19:48 | DEBUG    | src.bot.trading_bot:_update_market_data:184 | 市场数据更新完成
2025-07-23 11:19:51 | INFO     | src.trading.executor:update_account_info:125 | 账户更新: 总值$99574.54, 买入力$401574.80
2025-07-23 11:19:51 | DEBUG    | src.bot.trading_bot:_update_market_data:184 | 市场数据更新完成
2025-07-23 11:19:55 | INFO     | src.trading.executor:update_account_info:125 | 账户更新: 总值$99574.54, 买入力$401574.80
2025-07-23 11:19:55 | DEBUG    | src.bot.trading_bot:_update_market_data:184 | 市场数据更新完成
2025-07-23 11:19:58 | INFO     | src.trading.executor:update_account_info:125 | 账户更新: 总值$99574.54, 买入力$401574.80
2025-07-23 11:19:58 | DEBUG    | src.bot.trading_bot:_update_market_data:184 | 市场数据更新完成
2025-07-23 11:20:02 | INFO     | src.trading.executor:update_account_info:125 | 账户更新: 总值$99574.54, 买入力$401574.80
2025-07-23 11:20:02 | DEBUG    | src.bot.trading_bot:_update_market_data:184 | 市场数据更新完成
2025-07-23 11:20:05 | INFO     | src.trading.executor:update_account_info:125 | 账户更新: 总值$99574.54, 买入力$401574.80
2025-07-23 11:20:05 | DEBUG    | src.bot.trading_bot:_update_market_data:184 | 市场数据更新完成
2025-07-23 11:20:09 | INFO     | src.trading.executor:update_account_info:125 | 账户更新: 总值$99574.54, 买入力$401574.80
2025-07-23 11:20:09 | DEBUG    | src.bot.trading_bot:_update_market_data:184 | 市场数据更新完成
2025-07-23 11:20:12 | INFO     | src.trading.executor:update_account_info:125 | 账户更新: 总值$99574.54, 买入力$401574.80
2025-07-23 11:20:12 | DEBUG    | src.bot.trading_bot:_update_market_data:184 | 市场数据更新完成
2025-07-23 11:20:16 | INFO     | src.trading.executor:update_account_info:125 | 账户更新: 总值$99574.54, 买入力$401574.80
2025-07-23 11:20:16 | DEBUG    | src.bot.trading_bot:_update_market_data:184 | 市场数据更新完成
2025-07-23 11:20:19 | INFO     | src.trading.executor:update_account_info:125 | 账户更新: 总值$99574.54, 买入力$401574.80
2025-07-23 11:20:19 | DEBUG    | src.bot.trading_bot:_update_market_data:184 | 市场数据更新完成
2025-07-23 11:20:23 | INFO     | src.trading.executor:update_account_info:125 | 账户更新: 总值$99574.54, 买入力$401574.80
2025-07-23 11:20:23 | DEBUG    | src.bot.trading_bot:_update_market_data:184 | 市场数据更新完成
2025-07-23 11:20:26 | INFO     | src.trading.executor:update_account_info:125 | 账户更新: 总值$99574.54, 买入力$401574.80
2025-07-23 11:20:26 | DEBUG    | src.bot.trading_bot:_update_market_data:184 | 市场数据更新完成
2025-07-23 11:20:30 | INFO     | src.trading.executor:update_account_info:125 | 账户更新: 总值$99574.54, 买入力$401574.80
2025-07-23 11:20:30 | DEBUG    | src.bot.trading_bot:_update_market_data:184 | 市场数据更新完成
2025-07-23 11:20:33 | INFO     | src.trading.executor:update_account_info:125 | 账户更新: 总值$99574.54, 买入力$401574.80
2025-07-23 11:20:33 | DEBUG    | src.bot.trading_bot:_update_market_data:184 | 市场数据更新完成
2025-07-23 11:20:37 | INFO     | src.trading.executor:update_account_info:125 | 账户更新: 总值$99574.54, 买入力$401574.80
2025-07-23 11:20:37 | DEBUG    | src.bot.trading_bot:_update_market_data:184 | 市场数据更新完成
2025-07-23 11:20:40 | INFO     | src.trading.executor:update_account_info:125 | 账户更新: 总值$99574.54, 买入力$401574.80
2025-07-23 11:20:40 | DEBUG    | src.bot.trading_bot:_update_market_data:184 | 市场数据更新完成
2025-07-23 11:20:43 | DEBUG    | src.bot.trading_bot:_update_positions_normal:259 | 📊 常规头寸更新完成
2025-07-23 11:20:44 | INFO     | src.trading.executor:update_account_info:125 | 账户更新: 总值$99574.54, 买入力$401574.80
2025-07-23 11:20:44 | DEBUG    | src.bot.trading_bot:_update_market_data:184 | 市场数据更新完成
2025-07-23 11:20:47 | INFO     | src.trading.executor:update_account_info:125 | 账户更新: 总值$99574.54, 买入力$401574.80
2025-07-23 11:20:47 | DEBUG    | src.bot.trading_bot:_update_market_data:184 | 市场数据更新完成
2025-07-23 11:20:51 | INFO     | src.trading.executor:update_account_info:125 | 账户更新: 总值$99574.54, 买入力$401574.80
2025-07-23 11:20:51 | DEBUG    | src.bot.trading_bot:_update_market_data:184 | 市场数据更新完成
2025-07-23 11:20:54 | INFO     | src.trading.executor:update_account_info:125 | 账户更新: 总值$99574.54, 买入力$401574.80
2025-07-23 11:20:54 | DEBUG    | src.bot.trading_bot:_update_market_data:184 | 市场数据更新完成
2025-07-23 11:20:58 | INFO     | src.trading.executor:update_account_info:125 | 账户更新: 总值$99574.54, 买入力$401574.80
2025-07-23 11:20:58 | DEBUG    | src.bot.trading_bot:_update_market_data:184 | 市场数据更新完成
2025-07-23 11:21:01 | INFO     | src.trading.executor:update_account_info:125 | 账户更新: 总值$99574.54, 买入力$401574.80
2025-07-23 11:21:01 | DEBUG    | src.bot.trading_bot:_update_market_data:184 | 市场数据更新完成
2025-07-23 11:21:05 | INFO     | src.trading.executor:update_account_info:125 | 账户更新: 总值$99574.54, 买入力$401574.80
2025-07-23 11:21:05 | DEBUG    | src.bot.trading_bot:_update_market_data:184 | 市场数据更新完成
2025-07-23 11:21:08 | INFO     | src.trading.executor:update_account_info:125 | 账户更新: 总值$99574.54, 买入力$401574.80
2025-07-23 11:21:08 | DEBUG    | src.bot.trading_bot:_update_market_data:184 | 市场数据更新完成
2025-07-23 11:21:12 | INFO     | src.trading.executor:update_account_info:125 | 账户更新: 总值$99574.54, 买入力$401574.80
2025-07-23 11:21:12 | DEBUG    | src.bot.trading_bot:_update_market_data:184 | 市场数据更新完成
2025-07-23 11:21:15 | INFO     | src.trading.executor:update_account_info:125 | 账户更新: 总值$99574.54, 买入力$401574.80
2025-07-23 11:21:15 | DEBUG    | src.bot.trading_bot:_update_market_data:184 | 市场数据更新完成
2025-07-23 11:21:19 | INFO     | src.trading.executor:update_account_info:125 | 账户更新: 总值$99574.54, 买入力$401574.80
2025-07-23 11:21:19 | DEBUG    | src.bot.trading_bot:_update_market_data:184 | 市场数据更新完成
2025-07-23 11:21:22 | INFO     | src.trading.executor:update_account_info:125 | 账户更新: 总值$99574.54, 买入力$401574.80
2025-07-23 11:21:22 | DEBUG    | src.bot.trading_bot:_update_market_data:184 | 市场数据更新完成
2025-07-23 11:21:26 | INFO     | src.trading.executor:update_account_info:125 | 账户更新: 总值$99574.54, 买入力$401574.80
2025-07-23 11:21:26 | DEBUG    | src.bot.trading_bot:_update_market_data:184 | 市场数据更新完成
2025-07-23 11:21:29 | INFO     | src.trading.executor:update_account_info:125 | 账户更新: 总值$99574.54, 买入力$401574.80
2025-07-23 11:21:29 | DEBUG    | src.bot.trading_bot:_update_market_data:184 | 市场数据更新完成
2025-07-23 11:21:32 | INFO     | src.trading.executor:update_account_info:125 | 账户更新: 总值$99574.54, 买入力$401574.80
2025-07-23 11:21:33 | DEBUG    | src.bot.trading_bot:_update_market_data:184 | 市场数据更新完成
2025-07-23 11:21:36 | INFO     | src.trading.executor:update_account_info:125 | 账户更新: 总值$99574.54, 买入力$401574.80
2025-07-23 11:21:36 | DEBUG    | src.bot.trading_bot:_update_market_data:184 | 市场数据更新完成
2025-07-23 11:21:40 | INFO     | src.trading.executor:update_account_info:125 | 账户更新: 总值$99574.54, 买入力$401574.80
2025-07-23 11:21:40 | DEBUG    | src.bot.trading_bot:_update_market_data:184 | 市场数据更新完成
2025-07-23 11:21:43 | INFO     | src.trading.executor:update_account_info:125 | 账户更新: 总值$99574.54, 买入力$401574.80
2025-07-23 11:21:43 | DEBUG    | src.bot.trading_bot:_update_market_data:184 | 市场数据更新完成
2025-07-23 11:21:44 | DEBUG    | src.bot.trading_bot:_update_positions_normal:259 | 📊 常规头寸更新完成
2025-07-23 11:21:47 | INFO     | src.trading.executor:update_account_info:125 | 账户更新: 总值$99574.54, 买入力$401574.80
2025-07-23 11:21:47 | DEBUG    | src.bot.trading_bot:_update_market_data:184 | 市场数据更新完成
2025-07-23 11:21:50 | INFO     | src.trading.executor:update_account_info:125 | 账户更新: 总值$99574.54, 买入力$401574.80
2025-07-23 11:21:50 | DEBUG    | src.bot.trading_bot:_update_market_data:184 | 市场数据更新完成
2025-07-23 11:21:53 | INFO     | src.trading.executor:update_account_info:125 | 账户更新: 总值$99574.54, 买入力$401574.80
2025-07-23 11:21:54 | DEBUG    | src.bot.trading_bot:_update_market_data:184 | 市场数据更新完成
2025-07-23 11:21:57 | INFO     | src.trading.executor:update_account_info:125 | 账户更新: 总值$99574.54, 买入力$401574.80
2025-07-23 11:21:57 | DEBUG    | src.bot.trading_bot:_update_market_data:184 | 市场数据更新完成
2025-07-23 11:22:00 | INFO     | src.trading.executor:update_account_info:125 | 账户更新: 总值$99574.54, 买入力$401574.80
2025-07-23 11:22:01 | DEBUG    | src.bot.trading_bot:_update_market_data:184 | 市场数据更新完成
2025-07-23 11:22:04 | INFO     | src.trading.executor:update_account_info:125 | 账户更新: 总值$99574.54, 买入力$401574.80
2025-07-23 11:22:04 | DEBUG    | src.bot.trading_bot:_update_market_data:184 | 市场数据更新完成
2025-07-23 11:22:08 | INFO     | src.trading.executor:update_account_info:125 | 账户更新: 总值$99574.54, 买入力$401574.80
2025-07-23 11:22:08 | DEBUG    | src.bot.trading_bot:_update_market_data:184 | 市场数据更新完成
2025-07-23 11:22:11 | INFO     | src.trading.executor:update_account_info:125 | 账户更新: 总值$99574.54, 买入力$401574.80
2025-07-23 11:22:12 | DEBUG    | src.bot.trading_bot:_update_market_data:184 | 市场数据更新完成
2025-07-23 11:22:15 | INFO     | src.trading.executor:update_account_info:125 | 账户更新: 总值$99574.54, 买入力$401574.80
2025-07-23 11:22:15 | DEBUG    | src.bot.trading_bot:_update_market_data:184 | 市场数据更新完成
2025-07-23 11:22:18 | INFO     | src.trading.executor:update_account_info:125 | 账户更新: 总值$99574.54, 买入力$401574.80
2025-07-23 11:22:19 | DEBUG    | src.bot.trading_bot:_update_market_data:184 | 市场数据更新完成
2025-07-23 11:22:22 | INFO     | src.trading.executor:update_account_info:125 | 账户更新: 总值$99574.54, 买入力$401574.80
2025-07-23 11:22:22 | DEBUG    | src.bot.trading_bot:_update_market_data:184 | 市场数据更新完成
2025-07-23 11:22:25 | INFO     | src.trading.executor:update_account_info:125 | 账户更新: 总值$99574.54, 买入力$401574.80
2025-07-23 11:22:26 | DEBUG    | src.bot.trading_bot:_update_market_data:184 | 市场数据更新完成
2025-07-23 11:22:29 | INFO     | src.trading.executor:update_account_info:125 | 账户更新: 总值$99574.54, 买入力$401574.80
2025-07-23 11:22:29 | DEBUG    | src.bot.trading_bot:_update_market_data:184 | 市场数据更新完成
2025-07-23 11:22:32 | INFO     | src.trading.executor:update_account_info:125 | 账户更新: 总值$99574.54, 买入力$401574.80
2025-07-23 11:22:33 | DEBUG    | src.bot.trading_bot:_update_market_data:184 | 市场数据更新完成
2025-07-23 11:22:36 | INFO     | src.trading.executor:update_account_info:125 | 账户更新: 总值$99574.54, 买入力$401574.80
2025-07-23 11:22:36 | DEBUG    | src.bot.trading_bot:_update_market_data:184 | 市场数据更新完成
2025-07-23 11:22:39 | INFO     | src.trading.executor:update_account_info:125 | 账户更新: 总值$99574.54, 买入力$401574.80
2025-07-23 11:22:40 | DEBUG    | src.bot.trading_bot:_update_market_data:184 | 市场数据更新完成
2025-07-23 11:22:43 | INFO     | src.trading.executor:update_account_info:125 | 账户更新: 总值$99574.54, 买入力$401574.80
2025-07-23 11:22:43 | DEBUG    | src.bot.trading_bot:_update_market_data:184 | 市场数据更新完成
2025-07-23 11:22:44 | DEBUG    | src.bot.trading_bot:_update_positions_normal:259 | 📊 常规头寸更新完成
2025-07-23 11:22:46 | INFO     | src.trading.executor:update_account_info:125 | 账户更新: 总值$99574.54, 买入力$401574.80
2025-07-23 11:22:47 | DEBUG    | src.bot.trading_bot:_update_market_data:184 | 市场数据更新完成
2025-07-23 11:22:50 | INFO     | src.trading.executor:update_account_info:125 | 账户更新: 总值$99574.54, 买入力$401574.80
2025-07-23 11:22:50 | DEBUG    | src.bot.trading_bot:_update_market_data:184 | 市场数据更新完成
2025-07-23 11:22:53 | INFO     | src.trading.executor:update_account_info:125 | 账户更新: 总值$99574.54, 买入力$401574.80
2025-07-23 11:22:54 | DEBUG    | src.bot.trading_bot:_update_market_data:184 | 市场数据更新完成
2025-07-23 11:22:57 | INFO     | src.trading.executor:update_account_info:125 | 账户更新: 总值$99574.54, 买入力$401574.80
2025-07-23 11:22:57 | DEBUG    | src.bot.trading_bot:_update_market_data:184 | 市场数据更新完成
2025-07-23 11:23:00 | INFO     | src.trading.executor:update_account_info:125 | 账户更新: 总值$99574.54, 买入力$401574.80
2025-07-23 11:23:01 | DEBUG    | src.bot.trading_bot:_update_market_data:184 | 市场数据更新完成
2025-07-23 11:23:04 | INFO     | src.trading.executor:update_account_info:125 | 账户更新: 总值$99574.54, 买入力$401574.80
2025-07-23 11:23:04 | DEBUG    | src.bot.trading_bot:_update_market_data:184 | 市场数据更新完成
2025-07-23 11:23:07 | INFO     | src.trading.executor:update_account_info:125 | 账户更新: 总值$99574.54, 买入力$401574.80
2025-07-23 11:23:08 | DEBUG    | src.bot.trading_bot:_update_market_data:184 | 市场数据更新完成
2025-07-23 11:23:11 | INFO     | src.trading.executor:update_account_info:125 | 账户更新: 总值$99574.54, 买入力$401574.80
2025-07-23 11:23:11 | DEBUG    | src.bot.trading_bot:_update_market_data:184 | 市场数据更新完成
2025-07-23 11:23:14 | INFO     | src.trading.executor:update_account_info:125 | 账户更新: 总值$99574.54, 买入力$401574.80
2025-07-23 11:23:15 | DEBUG    | src.bot.trading_bot:_update_market_data:184 | 市场数据更新完成
2025-07-23 11:23:18 | INFO     | src.trading.executor:update_account_info:125 | 账户更新: 总值$99574.54, 买入力$401574.80
2025-07-23 11:23:18 | DEBUG    | src.bot.trading_bot:_update_market_data:184 | 市场数据更新完成
2025-07-23 11:23:21 | INFO     | src.trading.executor:update_account_info:125 | 账户更新: 总值$99574.54, 买入力$401574.80
2025-07-23 11:23:22 | DEBUG    | src.bot.trading_bot:_update_market_data:184 | 市场数据更新完成
2025-07-23 11:23:25 | INFO     | src.trading.executor:update_account_info:125 | 账户更新: 总值$99574.54, 买入力$401574.80
2025-07-23 11:23:25 | DEBUG    | src.bot.trading_bot:_update_market_data:184 | 市场数据更新完成
2025-07-23 11:23:28 | INFO     | src.trading.executor:update_account_info:125 | 账户更新: 总值$99574.54, 买入力$401574.80
2025-07-23 11:23:29 | DEBUG    | src.bot.trading_bot:_update_market_data:184 | 市场数据更新完成
2025-07-23 11:23:32 | INFO     | src.trading.executor:update_account_info:125 | 账户更新: 总值$99574.54, 买入力$401574.80
2025-07-23 11:23:32 | DEBUG    | src.bot.trading_bot:_update_market_data:184 | 市场数据更新完成
2025-07-23 11:23:35 | INFO     | src.trading.executor:update_account_info:125 | 账户更新: 总值$99574.54, 买入力$401574.80
2025-07-23 11:23:36 | DEBUG    | src.bot.trading_bot:_update_market_data:184 | 市场数据更新完成
2025-07-23 11:23:39 | INFO     | src.trading.executor:update_account_info:125 | 账户更新: 总值$99574.54, 买入力$401574.80
2025-07-23 11:23:39 | DEBUG    | src.bot.trading_bot:_update_market_data:184 | 市场数据更新完成
2025-07-23 11:23:43 | INFO     | src.trading.executor:update_account_info:125 | 账户更新: 总值$99574.54, 买入力$401574.80
2025-07-23 11:23:43 | DEBUG    | src.bot.trading_bot:_update_market_data:184 | 市场数据更新完成
2025-07-23 11:23:44 | DEBUG    | src.bot.trading_bot:_update_positions_normal:259 | 📊 常规头寸更新完成
2025-07-23 11:23:46 | INFO     | src.trading.executor:update_account_info:125 | 账户更新: 总值$99574.54, 买入力$401574.80
2025-07-23 11:23:46 | DEBUG    | src.bot.trading_bot:_update_market_data:184 | 市场数据更新完成
2025-07-23 11:23:49 | INFO     | src.trading.executor:update_account_info:125 | 账户更新: 总值$99574.54, 买入力$401574.80
2025-07-23 11:23:50 | DEBUG    | src.bot.trading_bot:_update_market_data:184 | 市场数据更新完成
2025-07-23 11:23:53 | INFO     | src.trading.executor:update_account_info:125 | 账户更新: 总值$99574.54, 买入力$401574.80
2025-07-23 11:23:53 | DEBUG    | src.bot.trading_bot:_update_market_data:184 | 市场数据更新完成
2025-07-23 11:23:56 | INFO     | src.trading.executor:update_account_info:125 | 账户更新: 总值$99574.54, 买入力$401574.80
2025-07-23 11:23:57 | DEBUG    | src.bot.trading_bot:_update_market_data:184 | 市场数据更新完成
2025-07-23 11:24:00 | INFO     | src.trading.executor:update_account_info:125 | 账户更新: 总值$99574.54, 买入力$401574.80
2025-07-23 11:24:00 | DEBUG    | src.bot.trading_bot:_update_market_data:184 | 市场数据更新完成
2025-07-23 11:24:03 | INFO     | src.trading.executor:update_account_info:125 | 账户更新: 总值$99574.54, 买入力$401574.80
2025-07-23 11:24:04 | DEBUG    | src.bot.trading_bot:_update_market_data:184 | 市场数据更新完成
2025-07-23 11:24:07 | INFO     | src.trading.executor:update_account_info:125 | 账户更新: 总值$99574.54, 买入力$401574.80
2025-07-23 11:24:07 | DEBUG    | src.bot.trading_bot:_update_market_data:184 | 市场数据更新完成
2025-07-23 11:24:10 | INFO     | src.trading.executor:update_account_info:125 | 账户更新: 总值$99574.54, 买入力$401574.80
2025-07-23 11:24:11 | DEBUG    | src.bot.trading_bot:_update_market_data:184 | 市场数据更新完成
2025-07-23 11:24:14 | INFO     | src.trading.executor:update_account_info:125 | 账户更新: 总值$99574.54, 买入力$401574.80
2025-07-23 11:24:14 | DEBUG    | src.bot.trading_bot:_update_market_data:184 | 市场数据更新完成
2025-07-23 11:24:17 | INFO     | src.trading.executor:update_account_info:125 | 账户更新: 总值$99574.54, 买入力$401574.80
2025-07-23 11:24:18 | DEBUG    | src.bot.trading_bot:_update_market_data:184 | 市场数据更新完成
2025-07-23 11:24:21 | INFO     | src.trading.executor:update_account_info:125 | 账户更新: 总值$99574.54, 买入力$401574.80
2025-07-23 11:24:21 | DEBUG    | src.bot.trading_bot:_update_market_data:184 | 市场数据更新完成
2025-07-23 11:24:24 | INFO     | src.trading.executor:update_account_info:125 | 账户更新: 总值$99574.54, 买入力$401574.80
2025-07-23 11:24:25 | DEBUG    | src.bot.trading_bot:_update_market_data:184 | 市场数据更新完成
2025-07-23 11:24:28 | INFO     | src.trading.executor:update_account_info:125 | 账户更新: 总值$99574.54, 买入力$401574.80
2025-07-23 11:24:28 | DEBUG    | src.bot.trading_bot:_update_market_data:184 | 市场数据更新完成
2025-07-23 11:24:31 | INFO     | src.trading.executor:update_account_info:125 | 账户更新: 总值$99574.54, 买入力$401574.80
2025-07-23 11:24:32 | DEBUG    | src.bot.trading_bot:_update_market_data:184 | 市场数据更新完成
2025-07-23 11:24:35 | INFO     | src.trading.executor:update_account_info:125 | 账户更新: 总值$99574.54, 买入力$401574.80
2025-07-23 11:24:35 | DEBUG    | src.bot.trading_bot:_update_market_data:184 | 市场数据更新完成
2025-07-23 11:24:38 | INFO     | src.trading.executor:update_account_info:125 | 账户更新: 总值$99574.54, 买入力$401574.80
2025-07-23 11:24:39 | DEBUG    | src.bot.trading_bot:_update_market_data:184 | 市场数据更新完成
2025-07-23 11:24:42 | INFO     | src.trading.executor:update_account_info:125 | 账户更新: 总值$99574.54, 买入力$401574.80
2025-07-23 11:24:42 | DEBUG    | src.bot.trading_bot:_update_market_data:184 | 市场数据更新完成
2025-07-23 11:24:45 | DEBUG    | src.bot.trading_bot:_update_positions_normal:259 | 📊 常规头寸更新完成
2025-07-23 11:24:45 | INFO     | src.trading.executor:update_account_info:125 | 账户更新: 总值$99574.54, 买入力$401574.80
2025-07-23 11:24:46 | DEBUG    | src.bot.trading_bot:_update_market_data:184 | 市场数据更新完成
2025-07-23 11:24:49 | INFO     | src.trading.executor:update_account_info:125 | 账户更新: 总值$99574.54, 买入力$401574.80
2025-07-23 11:24:49 | DEBUG    | src.bot.trading_bot:_update_market_data:184 | 市场数据更新完成
2025-07-23 11:24:52 | INFO     | src.trading.executor:update_account_info:125 | 账户更新: 总值$99574.54, 买入力$401574.80
2025-07-23 11:24:53 | DEBUG    | src.bot.trading_bot:_update_market_data:184 | 市场数据更新完成
2025-07-23 11:24:56 | INFO     | src.trading.executor:update_account_info:125 | 账户更新: 总值$99574.54, 买入力$401574.80
2025-07-23 11:24:56 | DEBUG    | src.bot.trading_bot:_update_market_data:184 | 市场数据更新完成
2025-07-23 11:24:59 | INFO     | src.trading.executor:update_account_info:125 | 账户更新: 总值$99574.54, 买入力$401574.80
2025-07-23 11:25:00 | DEBUG    | src.bot.trading_bot:_update_market_data:184 | 市场数据更新完成
2025-07-23 11:25:03 | INFO     | src.trading.executor:update_account_info:125 | 账户更新: 总值$99574.54, 买入力$401574.80
2025-07-23 11:25:03 | DEBUG    | src.bot.trading_bot:_update_market_data:184 | 市场数据更新完成
2025-07-23 11:25:06 | INFO     | src.trading.executor:update_account_info:125 | 账户更新: 总值$99574.54, 买入力$401574.80
2025-07-23 11:25:07 | DEBUG    | src.bot.trading_bot:_update_market_data:184 | 市场数据更新完成
2025-07-23 11:25:10 | INFO     | src.trading.executor:update_account_info:125 | 账户更新: 总值$99574.54, 买入力$401574.80
2025-07-23 11:25:10 | DEBUG    | src.bot.trading_bot:_update_market_data:184 | 市场数据更新完成
2025-07-23 11:25:13 | INFO     | src.trading.executor:update_account_info:125 | 账户更新: 总值$99574.54, 买入力$401574.80
2025-07-23 11:25:14 | DEBUG    | src.bot.trading_bot:_update_market_data:184 | 市场数据更新完成
2025-07-23 11:25:17 | INFO     | src.trading.executor:update_account_info:125 | 账户更新: 总值$99574.54, 买入力$401574.80
2025-07-23 11:25:17 | DEBUG    | src.bot.trading_bot:_update_market_data:184 | 市场数据更新完成
2025-07-23 11:25:20 | INFO     | src.trading.executor:update_account_info:125 | 账户更新: 总值$99574.54, 买入力$401574.80
2025-07-23 11:25:21 | DEBUG    | src.bot.trading_bot:_update_market_data:184 | 市场数据更新完成
2025-07-23 11:25:24 | INFO     | src.trading.executor:update_account_info:125 | 账户更新: 总值$99574.54, 买入力$401574.80
2025-07-23 11:25:24 | DEBUG    | src.bot.trading_bot:_update_market_data:184 | 市场数据更新完成
2025-07-23 11:25:27 | INFO     | src.trading.executor:update_account_info:125 | 账户更新: 总值$99574.54, 买入力$401574.80
2025-07-23 11:25:28 | DEBUG    | src.bot.trading_bot:_update_market_data:184 | 市场数据更新完成
2025-07-23 11:25:31 | INFO     | src.trading.executor:update_account_info:125 | 账户更新: 总值$99574.54, 买入力$401574.80
2025-07-23 11:25:31 | DEBUG    | src.bot.trading_bot:_update_market_data:184 | 市场数据更新完成
2025-07-23 11:25:34 | INFO     | src.trading.executor:update_account_info:125 | 账户更新: 总值$99574.54, 买入力$401574.80
2025-07-23 11:25:35 | DEBUG    | src.bot.trading_bot:_update_market_data:184 | 市场数据更新完成
2025-07-23 11:25:38 | INFO     | src.trading.executor:update_account_info:125 | 账户更新: 总值$99574.54, 买入力$401574.80
2025-07-23 11:25:38 | DEBUG    | src.bot.trading_bot:_update_market_data:184 | 市场数据更新完成
2025-07-23 11:25:41 | INFO     | src.trading.executor:update_account_info:125 | 账户更新: 总值$99574.54, 买入力$401574.80
2025-07-23 11:25:41 | DEBUG    | src.bot.trading_bot:_update_market_data:184 | 市场数据更新完成
2025-07-23 11:25:45 | INFO     | src.trading.executor:update_account_info:125 | 账户更新: 总值$99574.54, 买入力$401574.80
2025-07-23 11:25:45 | DEBUG    | src.bot.trading_bot:_update_market_data:184 | 市场数据更新完成
2025-07-23 11:25:46 | DEBUG    | src.bot.trading_bot:_update_positions_normal:259 | 📊 常规头寸更新完成
2025-07-23 11:25:48 | INFO     | src.trading.executor:update_account_info:125 | 账户更新: 总值$99574.54, 买入力$401574.80
2025-07-23 11:25:49 | DEBUG    | src.bot.trading_bot:_update_market_data:184 | 市场数据更新完成
2025-07-23 11:25:52 | INFO     | src.trading.executor:update_account_info:125 | 账户更新: 总值$99574.54, 买入力$401574.80
2025-07-23 11:25:52 | DEBUG    | src.bot.trading_bot:_update_market_data:184 | 市场数据更新完成
2025-07-23 11:25:55 | INFO     | src.trading.executor:update_account_info:125 | 账户更新: 总值$99574.54, 买入力$401574.80
2025-07-23 11:25:56 | DEBUG    | src.bot.trading_bot:_update_market_data:184 | 市场数据更新完成
2025-07-23 11:25:59 | INFO     | src.trading.executor:update_account_info:125 | 账户更新: 总值$99574.54, 买入力$401574.80
2025-07-23 11:25:59 | DEBUG    | src.bot.trading_bot:_update_market_data:184 | 市场数据更新完成
2025-07-23 11:26:02 | INFO     | src.trading.executor:update_account_info:125 | 账户更新: 总值$99574.54, 买入力$401574.80
2025-07-23 11:26:02 | DEBUG    | src.bot.trading_bot:_update_market_data:184 | 市场数据更新完成
2025-07-23 11:26:06 | INFO     | src.trading.executor:update_account_info:125 | 账户更新: 总值$99574.54, 买入力$401574.80
2025-07-23 11:26:06 | DEBUG    | src.bot.trading_bot:_update_market_data:184 | 市场数据更新完成
2025-07-23 11:26:09 | INFO     | src.trading.executor:update_account_info:125 | 账户更新: 总值$99574.54, 买入力$401574.80
2025-07-23 11:26:09 | DEBUG    | src.bot.trading_bot:_update_market_data:184 | 市场数据更新完成
2025-07-23 11:26:13 | INFO     | src.trading.executor:update_account_info:125 | 账户更新: 总值$99574.54, 买入力$401574.80
2025-07-23 11:26:13 | DEBUG    | src.bot.trading_bot:_update_market_data:184 | 市场数据更新完成
2025-07-23 11:26:16 | INFO     | src.trading.executor:update_account_info:125 | 账户更新: 总值$99574.54, 买入力$401574.80
2025-07-23 11:26:16 | DEBUG    | src.bot.trading_bot:_update_market_data:184 | 市场数据更新完成
2025-07-23 11:26:20 | INFO     | src.trading.executor:update_account_info:125 | 账户更新: 总值$99574.54, 买入力$401574.80
2025-07-23 11:26:20 | DEBUG    | src.bot.trading_bot:_update_market_data:184 | 市场数据更新完成
2025-07-23 11:26:23 | INFO     | src.trading.executor:update_account_info:125 | 账户更新: 总值$99574.54, 买入力$401574.80
2025-07-23 11:26:24 | DEBUG    | src.bot.trading_bot:_update_market_data:184 | 市场数据更新完成
2025-07-23 11:26:27 | INFO     | src.trading.executor:update_account_info:125 | 账户更新: 总值$99574.54, 买入力$401574.80
2025-07-23 11:26:27 | DEBUG    | src.bot.trading_bot:_update_market_data:184 | 市场数据更新完成
2025-07-23 11:26:30 | INFO     | src.trading.executor:update_account_info:125 | 账户更新: 总值$99574.54, 买入力$401574.80
2025-07-23 11:26:30 | DEBUG    | src.bot.trading_bot:_update_market_data:184 | 市场数据更新完成
2025-07-23 11:26:34 | INFO     | src.trading.executor:update_account_info:125 | 账户更新: 总值$99574.54, 买入力$401574.80
2025-07-23 11:26:34 | DEBUG    | src.bot.trading_bot:_update_market_data:184 | 市场数据更新完成
2025-07-23 11:26:37 | INFO     | src.trading.executor:update_account_info:125 | 账户更新: 总值$99574.54, 买入力$401574.80
2025-07-23 11:26:37 | DEBUG    | src.bot.trading_bot:_update_market_data:184 | 市场数据更新完成
2025-07-23 11:26:41 | INFO     | src.trading.executor:update_account_info:125 | 账户更新: 总值$99574.54, 买入力$401574.80
2025-07-23 11:26:41 | DEBUG    | src.bot.trading_bot:_update_market_data:184 | 市场数据更新完成
2025-07-23 11:26:44 | INFO     | src.trading.executor:update_account_info:125 | 账户更新: 总值$99574.54, 买入力$401574.80
2025-07-23 11:26:44 | DEBUG    | src.bot.trading_bot:_update_market_data:184 | 市场数据更新完成
2025-07-23 11:26:46 | DEBUG    | src.bot.trading_bot:_update_positions_normal:259 | 📊 常规头寸更新完成
2025-07-23 11:26:48 | INFO     | src.trading.executor:update_account_info:125 | 账户更新: 总值$99574.54, 买入力$401574.80
2025-07-23 11:26:48 | DEBUG    | src.bot.trading_bot:_update_market_data:184 | 市场数据更新完成
2025-07-23 11:26:51 | INFO     | src.trading.executor:update_account_info:125 | 账户更新: 总值$99574.54, 买入力$401574.80
2025-07-23 11:26:52 | DEBUG    | src.bot.trading_bot:_update_market_data:184 | 市场数据更新完成
2025-07-23 11:26:55 | INFO     | src.trading.executor:update_account_info:125 | 账户更新: 总值$99574.54, 买入力$401574.80
2025-07-23 11:26:55 | DEBUG    | src.bot.trading_bot:_update_market_data:184 | 市场数据更新完成
2025-07-23 11:26:58 | INFO     | src.trading.executor:update_account_info:125 | 账户更新: 总值$99574.54, 买入力$401574.80
2025-07-23 11:26:59 | DEBUG    | src.bot.trading_bot:_update_market_data:184 | 市场数据更新完成
2025-07-23 11:27:02 | INFO     | src.trading.executor:update_account_info:125 | 账户更新: 总值$99574.54, 买入力$401574.80
2025-07-23 11:27:02 | DEBUG    | src.bot.trading_bot:_update_market_data:184 | 市场数据更新完成
2025-07-23 11:27:05 | INFO     | src.trading.executor:update_account_info:125 | 账户更新: 总值$99574.54, 买入力$401574.80
2025-07-23 11:27:05 | DEBUG    | src.bot.trading_bot:_update_market_data:184 | 市场数据更新完成
2025-07-23 11:27:09 | INFO     | src.trading.executor:update_account_info:125 | 账户更新: 总值$99574.54, 买入力$401574.80
2025-07-23 11:27:09 | DEBUG    | src.bot.trading_bot:_update_market_data:184 | 市场数据更新完成
2025-07-23 11:27:12 | INFO     | src.trading.executor:update_account_info:125 | 账户更新: 总值$99574.54, 买入力$401574.80
2025-07-23 11:27:12 | DEBUG    | src.bot.trading_bot:_update_market_data:184 | 市场数据更新完成
2025-07-23 11:27:16 | INFO     | src.trading.executor:update_account_info:125 | 账户更新: 总值$99574.54, 买入力$401574.80
2025-07-23 11:27:16 | DEBUG    | src.bot.trading_bot:_update_market_data:184 | 市场数据更新完成
2025-07-23 11:27:19 | INFO     | src.trading.executor:update_account_info:125 | 账户更新: 总值$99574.54, 买入力$401574.80
2025-07-23 11:27:19 | DEBUG    | src.bot.trading_bot:_update_market_data:184 | 市场数据更新完成
2025-07-23 11:27:23 | INFO     | src.trading.executor:update_account_info:125 | 账户更新: 总值$99574.54, 买入力$401574.80
2025-07-23 11:27:23 | DEBUG    | src.bot.trading_bot:_update_market_data:184 | 市场数据更新完成
2025-07-23 11:27:26 | INFO     | src.trading.executor:update_account_info:125 | 账户更新: 总值$99574.54, 买入力$401574.80
2025-07-23 11:27:27 | DEBUG    | src.bot.trading_bot:_update_market_data:184 | 市场数据更新完成
2025-07-23 11:27:30 | INFO     | src.trading.executor:update_account_info:125 | 账户更新: 总值$99574.54, 买入力$401574.80
2025-07-23 11:27:30 | DEBUG    | src.bot.trading_bot:_update_market_data:184 | 市场数据更新完成
2025-07-23 11:27:33 | INFO     | src.trading.executor:update_account_info:125 | 账户更新: 总值$99574.54, 买入力$401574.80
2025-07-23 11:27:34 | DEBUG    | src.bot.trading_bot:_update_market_data:184 | 市场数据更新完成
2025-07-23 11:27:37 | INFO     | src.trading.executor:update_account_info:125 | 账户更新: 总值$99574.54, 买入力$401574.80
2025-07-23 11:27:37 | DEBUG    | src.bot.trading_bot:_update_market_data:184 | 市场数据更新完成
2025-07-23 11:27:40 | INFO     | src.trading.executor:update_account_info:125 | 账户更新: 总值$99574.54, 买入力$401574.80
2025-07-23 11:27:40 | DEBUG    | src.bot.trading_bot:_update_market_data:184 | 市场数据更新完成
2025-07-23 11:27:44 | INFO     | src.trading.executor:update_account_info:125 | 账户更新: 总值$99574.54, 买入力$401574.80
2025-07-23 11:27:44 | DEBUG    | src.bot.trading_bot:_update_market_data:184 | 市场数据更新完成
2025-07-23 11:27:46 | DEBUG    | src.bot.trading_bot:_update_positions_normal:259 | 📊 常规头寸更新完成
2025-07-23 11:27:47 | INFO     | src.trading.executor:update_account_info:125 | 账户更新: 总值$99574.54, 买入力$401574.80
2025-07-23 11:27:47 | DEBUG    | src.bot.trading_bot:_update_market_data:184 | 市场数据更新完成
2025-07-23 11:27:51 | INFO     | src.trading.executor:update_account_info:125 | 账户更新: 总值$99574.54, 买入力$401574.80
2025-07-23 11:27:51 | DEBUG    | src.bot.trading_bot:_update_market_data:184 | 市场数据更新完成
2025-07-23 11:27:54 | INFO     | src.trading.executor:update_account_info:125 | 账户更新: 总值$99574.54, 买入力$401574.80
2025-07-23 11:27:55 | DEBUG    | src.bot.trading_bot:_update_market_data:184 | 市场数据更新完成
2025-07-23 11:27:58 | INFO     | src.trading.executor:update_account_info:125 | 账户更新: 总值$99574.54, 买入力$401574.80
2025-07-23 11:27:58 | DEBUG    | src.bot.trading_bot:_update_market_data:184 | 市场数据更新完成
2025-07-23 11:28:01 | INFO     | src.trading.executor:update_account_info:125 | 账户更新: 总值$99574.54, 买入力$401574.80
2025-07-23 11:28:02 | DEBUG    | src.bot.trading_bot:_update_market_data:184 | 市场数据更新完成
2025-07-23 11:28:05 | INFO     | src.trading.executor:update_account_info:125 | 账户更新: 总值$99574.54, 买入力$401574.80
2025-07-23 11:28:05 | DEBUG    | src.bot.trading_bot:_update_market_data:184 | 市场数据更新完成
2025-07-23 11:28:08 | INFO     | src.trading.executor:update_account_info:125 | 账户更新: 总值$99574.54, 买入力$401574.80
2025-07-23 11:28:09 | DEBUG    | src.bot.trading_bot:_update_market_data:184 | 市场数据更新完成
2025-07-23 11:28:12 | INFO     | src.trading.executor:update_account_info:125 | 账户更新: 总值$99574.54, 买入力$401574.80
2025-07-23 11:28:12 | DEBUG    | src.bot.trading_bot:_update_market_data:184 | 市场数据更新完成
2025-07-23 11:28:15 | INFO     | src.trading.executor:update_account_info:125 | 账户更新: 总值$99574.54, 买入力$401574.80
2025-07-23 11:28:16 | DEBUG    | src.bot.trading_bot:_update_market_data:184 | 市场数据更新完成
2025-07-23 11:28:19 | INFO     | src.trading.executor:update_account_info:125 | 账户更新: 总值$99574.54, 买入力$401574.80
2025-07-23 11:28:19 | DEBUG    | src.bot.trading_bot:_update_market_data:184 | 市场数据更新完成
2025-07-23 11:28:22 | INFO     | src.utils.notifications:send_message:63 | [GENERAL] 📊 每小时报告
时间: 11:28
当前头寸: 0
当日交易: 1
当日盈亏: $405.00
账户总值: $99,574.54
2025-07-23 11:28:22 | INFO     | src.trading.executor:update_account_info:125 | 账户更新: 总值$99574.54, 买入力$401574.80
2025-07-23 11:28:23 | DEBUG    | src.bot.trading_bot:_update_market_data:184 | 市场数据更新完成
2025-07-23 11:28:26 | INFO     | src.trading.executor:update_account_info:125 | 账户更新: 总值$99574.54, 买入力$401574.80
2025-07-23 11:28:26 | DEBUG    | src.bot.trading_bot:_update_market_data:184 | 市场数据更新完成
2025-07-23 11:28:30 | INFO     | src.trading.executor:update_account_info:125 | 账户更新: 总值$99574.54, 买入力$401574.80
2025-07-23 11:28:30 | DEBUG    | src.bot.trading_bot:_update_market_data:184 | 市场数据更新完成
2025-07-23 11:28:33 | INFO     | src.trading.executor:update_account_info:125 | 账户更新: 总值$99574.54, 买入力$401574.80
2025-07-23 11:28:33 | DEBUG    | src.bot.trading_bot:_update_market_data:184 | 市场数据更新完成
2025-07-23 11:28:37 | INFO     | src.trading.executor:update_account_info:125 | 账户更新: 总值$99574.54, 买入力$401574.80
2025-07-23 11:28:37 | DEBUG    | src.bot.trading_bot:_update_market_data:184 | 市场数据更新完成
2025-07-23 11:28:40 | INFO     | src.trading.executor:update_account_info:125 | 账户更新: 总值$99574.54, 买入力$401574.80
2025-07-23 11:28:40 | DEBUG    | src.bot.trading_bot:_update_market_data:184 | 市场数据更新完成
2025-07-23 11:28:44 | INFO     | src.trading.executor:update_account_info:125 | 账户更新: 总值$99574.54, 买入力$401574.80
2025-07-23 11:28:44 | DEBUG    | src.bot.trading_bot:_update_market_data:184 | 市场数据更新完成
2025-07-23 11:28:46 | DEBUG    | src.bot.trading_bot:_update_positions_normal:259 | 📊 常规头寸更新完成
2025-07-23 11:28:47 | INFO     | src.trading.executor:update_account_info:125 | 账户更新: 总值$99574.54, 买入力$401574.80
2025-07-23 11:28:47 | DEBUG    | src.bot.trading_bot:_update_market_data:184 | 市场数据更新完成
2025-07-23 11:28:51 | INFO     | src.trading.executor:update_account_info:125 | 账户更新: 总值$99574.54, 买入力$401574.80
2025-07-23 11:28:51 | DEBUG    | src.bot.trading_bot:_update_market_data:184 | 市场数据更新完成
2025-07-23 11:28:54 | INFO     | src.trading.executor:update_account_info:125 | 账户更新: 总值$99574.54, 买入力$401574.80
2025-07-23 11:28:54 | DEBUG    | src.bot.trading_bot:_update_market_data:184 | 市场数据更新完成
2025-07-23 11:28:58 | INFO     | src.trading.executor:update_account_info:125 | 账户更新: 总值$99574.54, 买入力$401574.80
2025-07-23 11:28:58 | DEBUG    | src.bot.trading_bot:_update_market_data:184 | 市场数据更新完成
2025-07-23 11:29:01 | INFO     | src.trading.executor:update_account_info:125 | 账户更新: 总值$99574.54, 买入力$401574.80
2025-07-23 11:29:01 | DEBUG    | src.bot.trading_bot:_update_market_data:184 | 市场数据更新完成
2025-07-23 11:29:05 | INFO     | src.trading.executor:update_account_info:125 | 账户更新: 总值$99574.54, 买入力$401574.80
2025-07-23 11:29:05 | DEBUG    | src.bot.trading_bot:_update_market_data:184 | 市场数据更新完成
2025-07-23 11:29:08 | INFO     | src.trading.executor:update_account_info:125 | 账户更新: 总值$99574.54, 买入力$401574.80
2025-07-23 11:29:08 | DEBUG    | src.bot.trading_bot:_update_market_data:184 | 市场数据更新完成
2025-07-23 11:29:12 | INFO     | src.trading.executor:update_account_info:125 | 账户更新: 总值$99574.54, 买入力$401574.80
2025-07-23 11:29:12 | DEBUG    | src.bot.trading_bot:_update_market_data:184 | 市场数据更新完成
2025-07-23 11:29:15 | INFO     | src.trading.executor:update_account_info:125 | 账户更新: 总值$99574.54, 买入力$401574.80
2025-07-23 11:29:15 | DEBUG    | src.bot.trading_bot:_update_market_data:184 | 市场数据更新完成
2025-07-23 11:29:19 | INFO     | src.trading.executor:update_account_info:125 | 账户更新: 总值$99574.54, 买入力$401574.80
2025-07-23 11:29:19 | DEBUG    | src.bot.trading_bot:_update_market_data:184 | 市场数据更新完成
2025-07-23 11:29:22 | INFO     | src.trading.executor:update_account_info:125 | 账户更新: 总值$99574.54, 买入力$401574.80
2025-07-23 11:29:22 | DEBUG    | src.bot.trading_bot:_update_market_data:184 | 市场数据更新完成
2025-07-23 11:29:26 | INFO     | src.trading.executor:update_account_info:125 | 账户更新: 总值$99574.54, 买入力$401574.80
2025-07-23 11:29:26 | DEBUG    | src.bot.trading_bot:_update_market_data:184 | 市场数据更新完成
2025-07-23 11:29:29 | INFO     | src.trading.executor:update_account_info:125 | 账户更新: 总值$99574.54, 买入力$401574.80
2025-07-23 11:29:30 | DEBUG    | src.bot.trading_bot:_update_market_data:184 | 市场数据更新完成
2025-07-23 11:29:33 | INFO     | src.trading.executor:update_account_info:125 | 账户更新: 总值$99574.54, 买入力$401574.80
2025-07-23 11:29:33 | DEBUG    | src.bot.trading_bot:_update_market_data:184 | 市场数据更新完成
2025-07-23 11:29:36 | INFO     | src.trading.executor:update_account_info:125 | 账户更新: 总值$99574.54, 买入力$401574.80
2025-07-23 11:29:37 | DEBUG    | src.bot.trading_bot:_update_market_data:184 | 市场数据更新完成
2025-07-23 11:29:40 | INFO     | src.trading.executor:update_account_info:125 | 账户更新: 总值$99574.54, 买入力$401574.80
2025-07-23 11:29:40 | DEBUG    | src.bot.trading_bot:_update_market_data:184 | 市场数据更新完成
2025-07-23 11:29:43 | INFO     | src.trading.executor:update_account_info:125 | 账户更新: 总值$99574.54, 买入力$401574.80
2025-07-23 11:29:44 | DEBUG    | src.bot.trading_bot:_update_market_data:184 | 市场数据更新完成
2025-07-23 11:29:47 | DEBUG    | src.bot.trading_bot:_update_positions_normal:259 | 📊 常规头寸更新完成
2025-07-23 11:29:47 | INFO     | src.trading.executor:update_account_info:125 | 账户更新: 总值$99574.54, 买入力$401574.80
2025-07-23 11:29:47 | DEBUG    | src.bot.trading_bot:_update_market_data:184 | 市场数据更新完成
2025-07-23 11:29:50 | INFO     | src.trading.executor:update_account_info:125 | 账户更新: 总值$99574.54, 买入力$401574.80
2025-07-23 11:29:50 | DEBUG    | src.bot.trading_bot:_update_market_data:184 | 市场数据更新完成
2025-07-23 11:29:54 | INFO     | src.trading.executor:update_account_info:125 | 账户更新: 总值$99574.54, 买入力$401574.80
2025-07-23 11:29:54 | DEBUG    | src.bot.trading_bot:_update_market_data:184 | 市场数据更新完成
2025-07-23 11:29:57 | INFO     | src.trading.executor:update_account_info:125 | 账户更新: 总值$99574.54, 买入力$401574.80
2025-07-23 11:29:57 | DEBUG    | src.bot.trading_bot:_update_market_data:184 | 市场数据更新完成
2025-07-23 11:30:01 | INFO     | src.trading.executor:update_account_info:125 | 账户更新: 总值$99574.54, 买入力$401574.80
2025-07-23 11:30:01 | DEBUG    | src.bot.trading_bot:_update_market_data:184 | 市场数据更新完成
2025-07-23 11:30:04 | INFO     | src.trading.executor:update_account_info:125 | 账户更新: 总值$99574.54, 买入力$401574.80
2025-07-23 11:30:05 | DEBUG    | src.bot.trading_bot:_update_market_data:184 | 市场数据更新完成
2025-07-23 11:30:08 | INFO     | src.trading.executor:update_account_info:125 | 账户更新: 总值$99574.54, 买入力$401574.80
2025-07-23 11:30:08 | DEBUG    | src.bot.trading_bot:_update_market_data:184 | 市场数据更新完成
2025-07-23 11:30:11 | INFO     | src.trading.executor:update_account_info:125 | 账户更新: 总值$99574.54, 买入力$401574.80
2025-07-23 11:30:12 | DEBUG    | src.bot.trading_bot:_update_market_data:184 | 市场数据更新完成
2025-07-23 11:30:15 | INFO     | src.trading.executor:update_account_info:125 | 账户更新: 总值$99574.54, 买入力$401574.80
2025-07-23 11:30:15 | DEBUG    | src.bot.trading_bot:_update_market_data:184 | 市场数据更新完成
2025-07-23 11:30:18 | INFO     | src.trading.executor:update_account_info:125 | 账户更新: 总值$99574.54, 买入力$401574.80
2025-07-23 11:30:18 | DEBUG    | src.bot.trading_bot:_update_market_data:184 | 市场数据更新完成
2025-07-23 11:30:22 | INFO     | src.trading.executor:update_account_info:125 | 账户更新: 总值$99574.54, 买入力$401574.80
2025-07-23 11:30:22 | DEBUG    | src.bot.trading_bot:_update_market_data:184 | 市场数据更新完成
2025-07-23 11:30:25 | INFO     | src.trading.executor:update_account_info:125 | 账户更新: 总值$99574.54, 买入力$401574.80
2025-07-23 11:30:25 | DEBUG    | src.bot.trading_bot:_update_market_data:184 | 市场数据更新完成
2025-07-23 11:30:29 | INFO     | src.trading.executor:update_account_info:125 | 账户更新: 总值$99574.54, 买入力$401574.80
2025-07-23 11:30:29 | DEBUG    | src.bot.trading_bot:_update_market_data:184 | 市场数据更新完成
2025-07-23 11:30:33 | INFO     | src.trading.executor:update_account_info:125 | 账户更新: 总值$99574.54, 买入力$401574.80
2025-07-23 11:30:33 | DEBUG    | src.bot.trading_bot:_update_market_data:184 | 市场数据更新完成
2025-07-23 11:30:36 | INFO     | src.trading.executor:update_account_info:125 | 账户更新: 总值$99574.54, 买入力$401574.80
2025-07-23 11:30:37 | DEBUG    | src.bot.trading_bot:_update_market_data:184 | 市场数据更新完成
2025-07-23 11:30:40 | INFO     | src.trading.executor:update_account_info:125 | 账户更新: 总值$99574.54, 买入力$401574.80
2025-07-23 11:30:40 | DEBUG    | src.bot.trading_bot:_update_market_data:184 | 市场数据更新完成
2025-07-23 11:30:43 | INFO     | src.trading.executor:update_account_info:125 | 账户更新: 总值$99574.54, 买入力$401574.80
2025-07-23 11:30:44 | DEBUG    | src.bot.trading_bot:_update_market_data:184 | 市场数据更新完成
2025-07-23 11:30:47 | DEBUG    | src.bot.trading_bot:_update_positions_normal:259 | 📊 常规头寸更新完成
2025-07-23 11:30:47 | INFO     | src.trading.executor:update_account_info:125 | 账户更新: 总值$99574.54, 买入力$401574.80
2025-07-23 11:30:47 | DEBUG    | src.bot.trading_bot:_update_market_data:184 | 市场数据更新完成
2025-07-23 11:30:50 | INFO     | src.trading.executor:update_account_info:125 | 账户更新: 总值$99574.54, 买入力$401574.80
2025-07-23 11:30:51 | DEBUG    | src.bot.trading_bot:_update_market_data:184 | 市场数据更新完成
2025-07-23 11:30:54 | INFO     | src.trading.executor:update_account_info:125 | 账户更新: 总值$99574.54, 买入力$401574.80
2025-07-23 11:30:55 | DEBUG    | src.bot.trading_bot:_update_market_data:184 | 市场数据更新完成
2025-07-23 11:30:58 | INFO     | src.trading.executor:update_account_info:125 | 账户更新: 总值$99574.54, 买入力$401574.80
2025-07-23 11:30:58 | DEBUG    | src.bot.trading_bot:_update_market_data:184 | 市场数据更新完成
2025-07-23 11:31:01 | INFO     | src.trading.executor:update_account_info:125 | 账户更新: 总值$99574.54, 买入力$401574.80
2025-07-23 11:31:02 | DEBUG    | src.bot.trading_bot:_update_market_data:184 | 市场数据更新完成
2025-07-23 11:31:05 | INFO     | src.trading.executor:update_account_info:125 | 账户更新: 总值$99574.54, 买入力$401574.80
2025-07-23 11:31:05 | DEBUG    | src.bot.trading_bot:_update_market_data:184 | 市场数据更新完成
2025-07-23 11:31:08 | INFO     | src.trading.executor:update_account_info:125 | 账户更新: 总值$99574.54, 买入力$401574.80
2025-07-23 11:31:09 | DEBUG    | src.bot.trading_bot:_update_market_data:184 | 市场数据更新完成
2025-07-23 11:31:12 | INFO     | src.trading.executor:update_account_info:125 | 账户更新: 总值$99574.54, 买入力$401574.80
2025-07-23 11:31:12 | DEBUG    | src.bot.trading_bot:_update_market_data:184 | 市场数据更新完成
2025-07-23 11:31:16 | INFO     | src.trading.executor:update_account_info:125 | 账户更新: 总值$99574.54, 买入力$401574.80
2025-07-23 11:31:16 | DEBUG    | src.bot.trading_bot:_update_market_data:184 | 市场数据更新完成
2025-07-23 11:31:19 | INFO     | src.trading.executor:update_account_info:125 | 账户更新: 总值$99574.54, 买入力$401574.80
2025-07-23 11:31:20 | DEBUG    | src.bot.trading_bot:_update_market_data:184 | 市场数据更新完成
2025-07-23 11:31:23 | INFO     | src.trading.executor:update_account_info:125 | 账户更新: 总值$99574.54, 买入力$401574.80
2025-07-23 11:31:23 | DEBUG    | src.bot.trading_bot:_update_market_data:184 | 市场数据更新完成
2025-07-23 11:31:26 | INFO     | src.trading.executor:update_account_info:125 | 账户更新: 总值$99574.54, 买入力$401574.80
2025-07-23 11:31:27 | DEBUG    | src.bot.trading_bot:_update_market_data:184 | 市场数据更新完成
2025-07-23 11:31:30 | INFO     | src.trading.executor:update_account_info:125 | 账户更新: 总值$99574.54, 买入力$401574.80
2025-07-23 11:31:30 | DEBUG    | src.bot.trading_bot:_update_market_data:184 | 市场数据更新完成
2025-07-23 11:31:33 | INFO     | src.trading.executor:update_account_info:125 | 账户更新: 总值$99574.54, 买入力$401574.80
2025-07-23 11:31:34 | DEBUG    | src.bot.trading_bot:_update_market_data:184 | 市场数据更新完成
2025-07-23 11:31:37 | INFO     | src.trading.executor:update_account_info:125 | 账户更新: 总值$99574.54, 买入力$401574.80
2025-07-23 11:31:37 | DEBUG    | src.bot.trading_bot:_update_market_data:184 | 市场数据更新完成
2025-07-23 11:31:41 | INFO     | src.trading.executor:update_account_info:125 | 账户更新: 总值$99574.54, 买入力$401574.80
2025-07-23 11:31:41 | DEBUG    | src.bot.trading_bot:_update_market_data:184 | 市场数据更新完成
2025-07-23 11:31:44 | INFO     | src.trading.executor:update_account_info:125 | 账户更新: 总值$99574.54, 买入力$401574.80
2025-07-23 11:31:44 | DEBUG    | src.bot.trading_bot:_update_market_data:184 | 市场数据更新完成
2025-07-23 11:31:47 | DEBUG    | src.bot.trading_bot:_update_positions_normal:259 | 📊 常规头寸更新完成
2025-07-23 11:31:48 | INFO     | src.trading.executor:update_account_info:125 | 账户更新: 总值$99574.54, 买入力$401574.80
2025-07-23 11:31:48 | DEBUG    | src.bot.trading_bot:_update_market_data:184 | 市场数据更新完成
2025-07-23 11:31:51 | INFO     | src.trading.executor:update_account_info:125 | 账户更新: 总值$99574.54, 买入力$401574.80
2025-07-23 11:31:51 | DEBUG    | src.bot.trading_bot:_update_market_data:184 | 市场数据更新完成
2025-07-23 11:31:54 | INFO     | src.trading.executor:update_account_info:125 | 账户更新: 总值$99574.54, 买入力$401574.80
2025-07-23 11:31:55 | DEBUG    | src.bot.trading_bot:_update_market_data:184 | 市场数据更新完成
2025-07-23 11:31:58 | INFO     | src.trading.executor:update_account_info:125 | 账户更新: 总值$99574.54, 买入力$401574.80
2025-07-23 11:31:58 | DEBUG    | src.bot.trading_bot:_update_market_data:184 | 市场数据更新完成
2025-07-23 11:32:01 | INFO     | src.trading.executor:update_account_info:125 | 账户更新: 总值$99574.54, 买入力$401574.80
2025-07-23 11:32:02 | DEBUG    | src.bot.trading_bot:_update_market_data:184 | 市场数据更新完成
2025-07-23 11:32:05 | INFO     | src.trading.executor:update_account_info:125 | 账户更新: 总值$99574.54, 买入力$401574.80
2025-07-23 11:32:05 | DEBUG    | src.bot.trading_bot:_update_market_data:184 | 市场数据更新完成
2025-07-23 11:32:09 | INFO     | src.trading.executor:update_account_info:125 | 账户更新: 总值$99574.54, 买入力$401574.80
2025-07-23 11:32:09 | DEBUG    | src.bot.trading_bot:_update_market_data:184 | 市场数据更新完成
2025-07-23 11:32:12 | INFO     | src.trading.executor:update_account_info:125 | 账户更新: 总值$99574.54, 买入力$401574.80
2025-07-23 11:32:12 | DEBUG    | src.bot.trading_bot:_update_market_data:184 | 市场数据更新完成
2025-07-23 11:32:16 | INFO     | src.trading.executor:update_account_info:125 | 账户更新: 总值$99574.54, 买入力$401574.80
2025-07-23 11:32:16 | DEBUG    | src.bot.trading_bot:_update_market_data:184 | 市场数据更新完成
2025-07-23 11:32:19 | INFO     | src.trading.executor:update_account_info:125 | 账户更新: 总值$99574.54, 买入力$401574.80
2025-07-23 11:32:19 | DEBUG    | src.bot.trading_bot:_update_market_data:184 | 市场数据更新完成
2025-07-23 11:32:22 | INFO     | src.trading.executor:update_account_info:125 | 账户更新: 总值$99574.54, 买入力$401574.80
2025-07-23 11:32:23 | DEBUG    | src.bot.trading_bot:_update_market_data:184 | 市场数据更新完成
2025-07-23 11:32:26 | INFO     | src.trading.executor:update_account_info:125 | 账户更新: 总值$99574.54, 买入力$401574.80
2025-07-23 11:32:26 | DEBUG    | src.bot.trading_bot:_update_market_data:184 | 市场数据更新完成
2025-07-23 11:32:29 | INFO     | src.trading.executor:update_account_info:125 | 账户更新: 总值$99574.54, 买入力$401574.80
2025-07-23 11:32:30 | DEBUG    | src.bot.trading_bot:_update_market_data:184 | 市场数据更新完成
2025-07-23 11:32:33 | INFO     | src.trading.executor:update_account_info:125 | 账户更新: 总值$99574.54, 买入力$401574.80
2025-07-23 11:32:33 | DEBUG    | src.bot.trading_bot:_update_market_data:184 | 市场数据更新完成
2025-07-23 11:32:36 | INFO     | src.trading.executor:update_account_info:125 | 账户更新: 总值$99574.54, 买入力$401574.80
2025-07-23 11:32:37 | DEBUG    | src.bot.trading_bot:_update_market_data:184 | 市场数据更新完成
2025-07-23 11:32:40 | INFO     | src.trading.executor:update_account_info:125 | 账户更新: 总值$99574.54, 买入力$401574.80
2025-07-23 11:32:40 | DEBUG    | src.bot.trading_bot:_update_market_data:184 | 市场数据更新完成
2025-07-23 11:32:44 | INFO     | src.trading.executor:update_account_info:125 | 账户更新: 总值$99574.54, 买入力$401574.80
2025-07-23 11:32:44 | DEBUG    | src.bot.trading_bot:_update_market_data:184 | 市场数据更新完成
2025-07-23 11:32:47 | INFO     | src.trading.executor:update_account_info:125 | 账户更新: 总值$99574.54, 买入力$401574.80
2025-07-23 11:32:47 | DEBUG    | src.bot.trading_bot:_update_market_data:184 | 市场数据更新完成
2025-07-23 11:32:48 | DEBUG    | src.bot.trading_bot:_update_positions_normal:259 | 📊 常规头寸更新完成
2025-07-23 11:32:50 | INFO     | src.trading.executor:update_account_info:125 | 账户更新: 总值$99574.54, 买入力$401574.80
2025-07-23 11:32:51 | DEBUG    | src.bot.trading_bot:_update_market_data:184 | 市场数据更新完成
2025-07-23 11:32:54 | INFO     | src.trading.executor:update_account_info:125 | 账户更新: 总值$99574.54, 买入力$401574.80
2025-07-23 11:32:54 | DEBUG    | src.bot.trading_bot:_update_market_data:184 | 市场数据更新完成
2025-07-23 11:32:57 | INFO     | src.trading.executor:update_account_info:125 | 账户更新: 总值$99574.54, 买入力$401574.80
2025-07-23 11:32:58 | DEBUG    | src.bot.trading_bot:_update_market_data:184 | 市场数据更新完成
2025-07-23 11:33:01 | INFO     | src.trading.executor:update_account_info:125 | 账户更新: 总值$99574.54, 买入力$401574.80
2025-07-23 11:33:01 | DEBUG    | src.bot.trading_bot:_update_market_data:184 | 市场数据更新完成
2025-07-23 11:33:04 | INFO     | src.trading.executor:update_account_info:125 | 账户更新: 总值$99574.54, 买入力$401574.80
2025-07-23 11:33:05 | DEBUG    | src.bot.trading_bot:_update_market_data:184 | 市场数据更新完成
2025-07-23 11:33:08 | INFO     | src.trading.executor:update_account_info:125 | 账户更新: 总值$99574.54, 买入力$401574.80
2025-07-23 11:33:08 | DEBUG    | src.bot.trading_bot:_update_market_data:184 | 市场数据更新完成
2025-07-23 11:33:12 | INFO     | src.trading.executor:update_account_info:125 | 账户更新: 总值$99574.54, 买入力$401574.80
2025-07-23 11:33:12 | DEBUG    | src.bot.trading_bot:_update_market_data:184 | 市场数据更新完成
2025-07-23 11:33:15 | INFO     | src.trading.executor:update_account_info:125 | 账户更新: 总值$99574.54, 买入力$401574.80
2025-07-23 11:33:16 | DEBUG    | src.bot.trading_bot:_update_market_data:184 | 市场数据更新完成
2025-07-23 11:33:19 | INFO     | src.trading.executor:update_account_info:125 | 账户更新: 总值$99574.54, 买入力$401574.80
2025-07-23 11:33:19 | DEBUG    | src.bot.trading_bot:_update_market_data:184 | 市场数据更新完成
2025-07-23 11:33:22 | INFO     | src.trading.executor:update_account_info:125 | 账户更新: 总值$99574.54, 买入力$401574.80
2025-07-23 11:33:23 | DEBUG    | src.bot.trading_bot:_update_market_data:184 | 市场数据更新完成
2025-07-23 11:33:26 | INFO     | src.trading.executor:update_account_info:125 | 账户更新: 总值$99574.54, 买入力$401574.80
2025-07-23 11:33:26 | DEBUG    | src.bot.trading_bot:_update_market_data:184 | 市场数据更新完成
2025-07-23 11:33:29 | INFO     | src.trading.executor:update_account_info:125 | 账户更新: 总值$99574.54, 买入力$401574.80
2025-07-23 11:33:30 | DEBUG    | src.bot.trading_bot:_update_market_data:184 | 市场数据更新完成
2025-07-23 11:33:33 | INFO     | src.trading.executor:update_account_info:125 | 账户更新: 总值$99574.54, 买入力$401574.80
2025-07-23 11:33:33 | DEBUG    | src.bot.trading_bot:_update_market_data:184 | 市场数据更新完成
2025-07-23 11:33:36 | INFO     | src.trading.executor:update_account_info:125 | 账户更新: 总值$99574.54, 买入力$401574.80
2025-07-23 11:33:37 | DEBUG    | src.bot.trading_bot:_update_market_data:184 | 市场数据更新完成
2025-07-23 11:33:40 | INFO     | src.trading.executor:update_account_info:125 | 账户更新: 总值$99574.54, 买入力$401574.80
2025-07-23 11:33:40 | DEBUG    | src.bot.trading_bot:_update_market_data:184 | 市场数据更新完成
2025-07-23 11:33:43 | INFO     | src.trading.executor:update_account_info:125 | 账户更新: 总值$99574.54, 买入力$401574.80
2025-07-23 11:33:44 | DEBUG    | src.bot.trading_bot:_update_market_data:184 | 市场数据更新完成
2025-07-23 11:33:47 | INFO     | src.trading.executor:update_account_info:125 | 账户更新: 总值$99574.54, 买入力$401574.80
2025-07-23 11:33:47 | DEBUG    | src.bot.trading_bot:_update_market_data:184 | 市场数据更新完成
2025-07-23 11:33:48 | DEBUG    | src.bot.trading_bot:_update_positions_normal:259 | 📊 常规头寸更新完成
2025-07-23 11:33:50 | INFO     | src.trading.executor:update_account_info:125 | 账户更新: 总值$99574.54, 买入力$401574.80
2025-07-23 11:33:51 | DEBUG    | src.bot.trading_bot:_update_market_data:184 | 市场数据更新完成
2025-07-23 11:33:54 | INFO     | src.trading.executor:update_account_info:125 | 账户更新: 总值$99574.54, 买入力$401574.80
2025-07-23 11:33:54 | DEBUG    | src.bot.trading_bot:_update_market_data:184 | 市场数据更新完成
2025-07-23 11:33:57 | INFO     | src.trading.executor:update_account_info:125 | 账户更新: 总值$99574.54, 买入力$401574.80
2025-07-23 11:33:58 | DEBUG    | src.bot.trading_bot:_update_market_data:184 | 市场数据更新完成
2025-07-23 11:34:01 | INFO     | src.trading.executor:update_account_info:125 | 账户更新: 总值$99574.54, 买入力$401574.80
2025-07-23 11:34:01 | DEBUG    | src.bot.trading_bot:_update_market_data:184 | 市场数据更新完成
2025-07-23 11:34:04 | INFO     | src.trading.executor:update_account_info:125 | 账户更新: 总值$99574.54, 买入力$401574.80
2025-07-23 11:34:05 | DEBUG    | src.bot.trading_bot:_update_market_data:184 | 市场数据更新完成
2025-07-23 11:34:08 | INFO     | src.trading.executor:update_account_info:125 | 账户更新: 总值$99574.54, 买入力$401574.80
2025-07-23 11:34:08 | DEBUG    | src.bot.trading_bot:_update_market_data:184 | 市场数据更新完成
2025-07-23 11:34:11 | INFO     | src.trading.executor:update_account_info:125 | 账户更新: 总值$99574.54, 买入力$401574.80
2025-07-23 11:34:12 | DEBUG    | src.bot.trading_bot:_update_market_data:184 | 市场数据更新完成
2025-07-23 11:34:15 | INFO     | src.trading.executor:update_account_info:125 | 账户更新: 总值$99574.54, 买入力$401574.80
2025-07-23 11:34:15 | DEBUG    | src.bot.trading_bot:_update_market_data:184 | 市场数据更新完成
2025-07-23 11:34:18 | INFO     | src.trading.executor:update_account_info:125 | 账户更新: 总值$99574.54, 买入力$401574.80
2025-07-23 11:34:19 | DEBUG    | src.bot.trading_bot:_update_market_data:184 | 市场数据更新完成
2025-07-23 11:34:22 | INFO     | src.trading.executor:update_account_info:125 | 账户更新: 总值$99574.54, 买入力$401574.80
2025-07-23 11:34:22 | DEBUG    | src.bot.trading_bot:_update_market_data:184 | 市场数据更新完成
2025-07-23 11:34:25 | INFO     | src.trading.executor:update_account_info:125 | 账户更新: 总值$99574.54, 买入力$401574.80
2025-07-23 11:34:26 | DEBUG    | src.bot.trading_bot:_update_market_data:184 | 市场数据更新完成
2025-07-23 11:34:29 | INFO     | src.trading.executor:update_account_info:125 | 账户更新: 总值$99574.54, 买入力$401574.80
2025-07-23 11:34:29 | DEBUG    | src.bot.trading_bot:_update_market_data:184 | 市场数据更新完成
2025-07-23 11:34:32 | INFO     | src.trading.executor:update_account_info:125 | 账户更新: 总值$99574.54, 买入力$401574.80
2025-07-23 11:34:33 | DEBUG    | src.bot.trading_bot:_update_market_data:184 | 市场数据更新完成
2025-07-23 11:34:36 | INFO     | src.trading.executor:update_account_info:125 | 账户更新: 总值$99574.54, 买入力$401574.80
2025-07-23 11:34:36 | DEBUG    | src.bot.trading_bot:_update_market_data:184 | 市场数据更新完成
2025-07-23 11:34:39 | INFO     | src.trading.executor:update_account_info:125 | 账户更新: 总值$99574.54, 买入力$401574.80
2025-07-23 11:34:40 | DEBUG    | src.bot.trading_bot:_update_market_data:184 | 市场数据更新完成
2025-07-23 11:34:43 | INFO     | src.trading.executor:update_account_info:125 | 账户更新: 总值$99574.54, 买入力$401574.80
2025-07-23 11:34:43 | DEBUG    | src.bot.trading_bot:_update_market_data:184 | 市场数据更新完成
2025-07-23 11:34:46 | INFO     | src.trading.executor:update_account_info:125 | 账户更新: 总值$99574.54, 买入力$401574.80
2025-07-23 11:34:47 | DEBUG    | src.bot.trading_bot:_update_market_data:184 | 市场数据更新完成
2025-07-23 11:34:48 | DEBUG    | src.bot.trading_bot:_update_positions_normal:259 | 📊 常规头寸更新完成
2025-07-23 11:34:50 | INFO     | src.trading.executor:update_account_info:125 | 账户更新: 总值$99574.54, 买入力$401574.80
2025-07-23 11:34:50 | DEBUG    | src.bot.trading_bot:_update_market_data:184 | 市场数据更新完成
2025-07-23 11:34:53 | INFO     | src.trading.executor:update_account_info:125 | 账户更新: 总值$99574.54, 买入力$401574.80
2025-07-23 11:34:54 | DEBUG    | src.bot.trading_bot:_update_market_data:184 | 市场数据更新完成
2025-07-23 11:34:57 | INFO     | src.trading.executor:update_account_info:125 | 账户更新: 总值$99574.54, 买入力$401574.80
2025-07-23 11:34:57 | DEBUG    | src.bot.trading_bot:_update_market_data:184 | 市场数据更新完成
2025-07-23 11:35:00 | INFO     | src.trading.executor:update_account_info:125 | 账户更新: 总值$99574.54, 买入力$401574.80
2025-07-23 11:35:01 | DEBUG    | src.bot.trading_bot:_update_market_data:184 | 市场数据更新完成
2025-07-23 11:35:04 | INFO     | src.trading.executor:update_account_info:125 | 账户更新: 总值$99574.54, 买入力$401574.80
2025-07-23 11:35:04 | DEBUG    | src.bot.trading_bot:_update_market_data:184 | 市场数据更新完成
2025-07-23 11:35:07 | INFO     | src.trading.executor:update_account_info:125 | 账户更新: 总值$99574.54, 买入力$401574.80
2025-07-23 11:35:07 | DEBUG    | src.bot.trading_bot:_update_market_data:184 | 市场数据更新完成
2025-07-23 11:35:11 | INFO     | src.trading.executor:update_account_info:125 | 账户更新: 总值$99574.54, 买入力$401574.80
2025-07-23 11:35:11 | DEBUG    | src.bot.trading_bot:_update_market_data:184 | 市场数据更新完成
2025-07-23 11:35:14 | INFO     | src.trading.executor:update_account_info:125 | 账户更新: 总值$99574.54, 买入力$401574.80
2025-07-23 11:35:15 | DEBUG    | src.bot.trading_bot:_update_market_data:184 | 市场数据更新完成
2025-07-23 11:35:18 | INFO     | src.trading.executor:update_account_info:125 | 账户更新: 总值$99574.54, 买入力$401574.80
2025-07-23 11:35:18 | DEBUG    | src.bot.trading_bot:_update_market_data:184 | 市场数据更新完成
2025-07-23 11:35:21 | INFO     | src.trading.executor:update_account_info:125 | 账户更新: 总值$99574.54, 买入力$401574.80
2025-07-23 11:35:22 | DEBUG    | src.bot.trading_bot:_update_market_data:184 | 市场数据更新完成
2025-07-23 11:35:25 | INFO     | src.trading.executor:update_account_info:125 | 账户更新: 总值$99574.54, 买入力$401574.80
2025-07-23 11:35:25 | DEBUG    | src.bot.trading_bot:_update_market_data:184 | 市场数据更新完成
2025-07-23 11:35:28 | INFO     | src.trading.executor:update_account_info:125 | 账户更新: 总值$99574.54, 买入力$401574.80
2025-07-23 11:35:29 | DEBUG    | src.bot.trading_bot:_update_market_data:184 | 市场数据更新完成
2025-07-23 11:35:32 | INFO     | src.trading.executor:update_account_info:125 | 账户更新: 总值$99574.54, 买入力$401574.80
2025-07-23 11:35:33 | DEBUG    | src.bot.trading_bot:_update_market_data:184 | 市场数据更新完成
2025-07-23 11:35:36 | INFO     | src.trading.executor:update_account_info:125 | 账户更新: 总值$99574.54, 买入力$401574.80
2025-07-23 11:35:36 | DEBUG    | src.bot.trading_bot:_update_market_data:184 | 市场数据更新完成
2025-07-23 11:35:39 | INFO     | src.trading.executor:update_account_info:125 | 账户更新: 总值$99574.54, 买入力$401574.80
2025-07-23 11:35:40 | DEBUG    | src.bot.trading_bot:_update_market_data:184 | 市场数据更新完成
2025-07-23 11:35:43 | INFO     | src.trading.executor:update_account_info:125 | 账户更新: 总值$99574.54, 买入力$401574.80
2025-07-23 11:35:43 | DEBUG    | src.bot.trading_bot:_update_market_data:184 | 市场数据更新完成
2025-07-23 11:35:46 | INFO     | src.trading.executor:update_account_info:125 | 账户更新: 总值$99574.54, 买入力$401574.80
2025-07-23 11:35:47 | DEBUG    | src.bot.trading_bot:_update_market_data:184 | 市场数据更新完成
2025-07-23 11:35:48 | DEBUG    | src.bot.trading_bot:_update_positions_normal:259 | 📊 常规头寸更新完成
2025-07-23 11:35:50 | INFO     | src.trading.executor:update_account_info:125 | 账户更新: 总值$99574.54, 买入力$401574.80
2025-07-23 11:35:50 | DEBUG    | src.bot.trading_bot:_update_market_data:184 | 市场数据更新完成
2025-07-23 11:35:53 | INFO     | src.trading.executor:update_account_info:125 | 账户更新: 总值$99574.54, 买入力$401574.80
2025-07-23 11:35:54 | DEBUG    | src.bot.trading_bot:_update_market_data:184 | 市场数据更新完成
2025-07-23 11:35:57 | INFO     | src.trading.executor:update_account_info:125 | 账户更新: 总值$99574.54, 买入力$401574.80
2025-07-23 11:35:57 | DEBUG    | src.bot.trading_bot:_update_market_data:184 | 市场数据更新完成
2025-07-23 11:36:00 | INFO     | src.trading.executor:update_account_info:125 | 账户更新: 总值$99574.54, 买入力$401574.80
2025-07-23 11:36:01 | DEBUG    | src.bot.trading_bot:_update_market_data:184 | 市场数据更新完成
2025-07-23 11:36:04 | INFO     | src.trading.executor:update_account_info:125 | 账户更新: 总值$99574.54, 买入力$401574.80
2025-07-23 11:36:04 | DEBUG    | src.bot.trading_bot:_update_market_data:184 | 市场数据更新完成
2025-07-23 11:36:07 | INFO     | src.trading.executor:update_account_info:125 | 账户更新: 总值$99574.54, 买入力$401574.80
2025-07-23 11:36:08 | DEBUG    | src.bot.trading_bot:_update_market_data:184 | 市场数据更新完成
2025-07-23 11:36:11 | INFO     | src.trading.executor:update_account_info:125 | 账户更新: 总值$99574.54, 买入力$401574.80
2025-07-23 11:36:11 | DEBUG    | src.bot.trading_bot:_update_market_data:184 | 市场数据更新完成
2025-07-23 11:36:14 | INFO     | src.trading.executor:update_account_info:125 | 账户更新: 总值$99574.54, 买入力$401574.80
2025-07-23 11:36:15 | DEBUG    | src.bot.trading_bot:_update_market_data:184 | 市场数据更新完成
2025-07-23 11:36:18 | INFO     | src.trading.executor:update_account_info:125 | 账户更新: 总值$99574.54, 买入力$401574.80
2025-07-23 11:36:18 | DEBUG    | src.bot.trading_bot:_update_market_data:184 | 市场数据更新完成
2025-07-23 11:36:22 | INFO     | src.trading.executor:update_account_info:125 | 账户更新: 总值$99574.54, 买入力$401574.80
2025-07-23 11:36:22 | DEBUG    | src.bot.trading_bot:_update_market_data:184 | 市场数据更新完成
2025-07-23 11:36:25 | INFO     | src.trading.executor:update_account_info:125 | 账户更新: 总值$99574.54, 买入力$401574.80
2025-07-23 11:36:25 | DEBUG    | src.bot.trading_bot:_update_market_data:184 | 市场数据更新完成
2025-07-23 11:36:28 | INFO     | src.trading.executor:update_account_info:125 | 账户更新: 总值$99574.54, 买入力$401574.80
2025-07-23 11:36:29 | DEBUG    | src.bot.trading_bot:_update_market_data:184 | 市场数据更新完成
2025-07-23 11:36:32 | INFO     | src.trading.executor:update_account_info:125 | 账户更新: 总值$99574.54, 买入力$401574.80
2025-07-23 11:36:32 | DEBUG    | src.bot.trading_bot:_update_market_data:184 | 市场数据更新完成
2025-07-23 11:36:35 | INFO     | src.trading.executor:update_account_info:125 | 账户更新: 总值$99574.54, 买入力$401574.80
2025-07-23 11:36:36 | DEBUG    | src.bot.trading_bot:_update_market_data:184 | 市场数据更新完成
2025-07-23 11:36:39 | INFO     | src.trading.executor:update_account_info:125 | 账户更新: 总值$99574.54, 买入力$401574.80
2025-07-23 11:36:39 | DEBUG    | src.bot.trading_bot:_update_market_data:184 | 市场数据更新完成
2025-07-23 11:36:42 | INFO     | src.trading.executor:update_account_info:125 | 账户更新: 总值$99574.54, 买入力$401574.80
2025-07-23 11:36:43 | DEBUG    | src.bot.trading_bot:_update_market_data:184 | 市场数据更新完成
2025-07-23 11:36:46 | INFO     | src.trading.executor:update_account_info:125 | 账户更新: 总值$99574.54, 买入力$401574.80
2025-07-23 11:36:46 | DEBUG    | src.bot.trading_bot:_update_market_data:184 | 市场数据更新完成
2025-07-23 11:36:49 | DEBUG    | src.bot.trading_bot:_update_positions_normal:259 | 📊 常规头寸更新完成
2025-07-23 11:36:50 | INFO     | src.trading.executor:update_account_info:125 | 账户更新: 总值$99574.54, 买入力$401574.80
2025-07-23 11:36:50 | DEBUG    | src.bot.trading_bot:_update_market_data:184 | 市场数据更新完成
2025-07-23 11:36:53 | INFO     | src.trading.executor:update_account_info:125 | 账户更新: 总值$99574.54, 买入力$401574.80
2025-07-23 11:36:54 | DEBUG    | src.bot.trading_bot:_update_market_data:184 | 市场数据更新完成
2025-07-23 11:36:57 | INFO     | src.trading.executor:update_account_info:125 | 账户更新: 总值$99574.54, 买入力$401574.80
2025-07-23 11:36:57 | DEBUG    | src.bot.trading_bot:_update_market_data:184 | 市场数据更新完成
2025-07-23 11:37:00 | INFO     | src.trading.executor:update_account_info:125 | 账户更新: 总值$99574.54, 买入力$401574.80
2025-07-23 11:37:00 | DEBUG    | src.bot.trading_bot:_update_market_data:184 | 市场数据更新完成
2025-07-23 11:37:04 | INFO     | src.trading.executor:update_account_info:125 | 账户更新: 总值$99574.54, 买入力$401574.80
2025-07-23 11:37:04 | DEBUG    | src.bot.trading_bot:_update_market_data:184 | 市场数据更新完成
2025-07-23 11:37:07 | INFO     | src.trading.executor:update_account_info:125 | 账户更新: 总值$99574.54, 买入力$401574.80
2025-07-23 11:37:07 | DEBUG    | src.bot.trading_bot:_update_market_data:184 | 市场数据更新完成
2025-07-23 11:37:11 | INFO     | src.trading.executor:update_account_info:125 | 账户更新: 总值$99574.54, 买入力$401574.80
2025-07-23 11:37:11 | DEBUG    | src.bot.trading_bot:_update_market_data:184 | 市场数据更新完成
2025-07-23 11:37:14 | INFO     | src.trading.executor:update_account_info:125 | 账户更新: 总值$99574.54, 买入力$401574.80
2025-07-23 11:37:14 | DEBUG    | src.bot.trading_bot:_update_market_data:184 | 市场数据更新完成
2025-07-23 11:37:18 | INFO     | src.trading.executor:update_account_info:125 | 账户更新: 总值$99574.54, 买入力$401574.80
2025-07-23 11:37:18 | DEBUG    | src.bot.trading_bot:_update_market_data:184 | 市场数据更新完成
2025-07-23 11:37:21 | INFO     | src.trading.executor:update_account_info:125 | 账户更新: 总值$99574.54, 买入力$401574.80
2025-07-23 11:37:21 | DEBUG    | src.bot.trading_bot:_update_market_data:184 | 市场数据更新完成
2025-07-23 11:37:25 | INFO     | src.trading.executor:update_account_info:125 | 账户更新: 总值$99574.54, 买入力$401574.80
2025-07-23 11:37:25 | DEBUG    | src.bot.trading_bot:_update_market_data:184 | 市场数据更新完成
2025-07-23 11:37:28 | INFO     | src.trading.executor:update_account_info:125 | 账户更新: 总值$99574.54, 买入力$401574.80
2025-07-23 11:37:29 | DEBUG    | src.bot.trading_bot:_update_market_data:184 | 市场数据更新完成
2025-07-23 11:37:32 | INFO     | src.trading.executor:update_account_info:125 | 账户更新: 总值$99574.54, 买入力$401574.80
2025-07-23 11:37:32 | DEBUG    | src.bot.trading_bot:_update_market_data:184 | 市场数据更新完成
2025-07-23 11:37:35 | INFO     | src.trading.executor:update_account_info:125 | 账户更新: 总值$99574.54, 买入力$401574.80
2025-07-23 11:37:36 | DEBUG    | src.bot.trading_bot:_update_market_data:184 | 市场数据更新完成
2025-07-23 11:37:39 | INFO     | src.trading.executor:update_account_info:125 | 账户更新: 总值$99574.54, 买入力$401574.80
2025-07-23 11:37:39 | DEBUG    | src.bot.trading_bot:_update_market_data:184 | 市场数据更新完成
2025-07-23 11:37:42 | INFO     | src.trading.executor:update_account_info:125 | 账户更新: 总值$99574.54, 买入力$401574.80
2025-07-23 11:37:43 | DEBUG    | src.bot.trading_bot:_update_market_data:184 | 市场数据更新完成
2025-07-23 11:37:46 | INFO     | src.trading.executor:update_account_info:125 | 账户更新: 总值$99574.54, 买入力$401574.80
2025-07-23 11:37:46 | DEBUG    | src.bot.trading_bot:_update_market_data:184 | 市场数据更新完成
2025-07-23 11:37:49 | DEBUG    | src.bot.trading_bot:_update_positions_normal:259 | 📊 常规头寸更新完成
2025-07-23 11:37:49 | INFO     | src.trading.executor:update_account_info:125 | 账户更新: 总值$99574.54, 买入力$401574.80
2025-07-23 11:37:49 | DEBUG    | src.bot.trading_bot:_update_market_data:184 | 市场数据更新完成
2025-07-23 11:37:53 | INFO     | src.trading.executor:update_account_info:125 | 账户更新: 总值$99574.54, 买入力$401574.80
2025-07-23 11:37:53 | DEBUG    | src.bot.trading_bot:_update_market_data:184 | 市场数据更新完成
2025-07-23 11:37:56 | INFO     | src.trading.executor:update_account_info:125 | 账户更新: 总值$99574.54, 买入力$401574.80
2025-07-23 11:37:57 | DEBUG    | src.bot.trading_bot:_update_market_data:184 | 市场数据更新完成
2025-07-23 11:38:00 | INFO     | src.trading.executor:update_account_info:125 | 账户更新: 总值$99574.54, 买入力$401574.80
2025-07-23 11:38:00 | DEBUG    | src.bot.trading_bot:_update_market_data:184 | 市场数据更新完成
2025-07-23 11:38:03 | INFO     | src.trading.executor:update_account_info:125 | 账户更新: 总值$99574.54, 买入力$401574.80
2025-07-23 11:38:04 | DEBUG    | src.bot.trading_bot:_update_market_data:184 | 市场数据更新完成
2025-07-23 11:38:07 | INFO     | src.trading.executor:update_account_info:125 | 账户更新: 总值$99574.54, 买入力$401574.80
2025-07-23 11:38:07 | DEBUG    | src.bot.trading_bot:_update_market_data:184 | 市场数据更新完成
2025-07-23 11:38:10 | INFO     | src.trading.executor:update_account_info:125 | 账户更新: 总值$99574.54, 买入力$401574.80
2025-07-23 11:38:11 | DEBUG    | src.bot.trading_bot:_update_market_data:184 | 市场数据更新完成
2025-07-23 11:38:14 | INFO     | src.trading.executor:update_account_info:125 | 账户更新: 总值$99574.54, 买入力$401574.80
2025-07-23 11:38:14 | DEBUG    | src.bot.trading_bot:_update_market_data:184 | 市场数据更新完成
2025-07-23 11:38:17 | INFO     | src.trading.executor:update_account_info:125 | 账户更新: 总值$99574.54, 买入力$401574.80
2025-07-23 11:38:17 | DEBUG    | src.bot.trading_bot:_update_market_data:184 | 市场数据更新完成
2025-07-23 11:38:21 | INFO     | src.trading.executor:update_account_info:125 | 账户更新: 总值$99574.54, 买入力$401574.80
2025-07-23 11:38:21 | DEBUG    | src.bot.trading_bot:_update_market_data:184 | 市场数据更新完成
2025-07-23 11:38:24 | INFO     | src.trading.executor:update_account_info:125 | 账户更新: 总值$99574.54, 买入力$401574.80
2025-07-23 11:38:24 | DEBUG    | src.bot.trading_bot:_update_market_data:184 | 市场数据更新完成
2025-07-23 11:38:28 | INFO     | src.trading.executor:update_account_info:125 | 账户更新: 总值$99574.54, 买入力$401574.80
2025-07-23 11:38:28 | DEBUG    | src.bot.trading_bot:_update_market_data:184 | 市场数据更新完成
2025-07-23 11:38:31 | INFO     | src.trading.executor:update_account_info:125 | 账户更新: 总值$99574.54, 买入力$401574.80
2025-07-23 11:38:32 | DEBUG    | src.bot.trading_bot:_update_market_data:184 | 市场数据更新完成
2025-07-23 11:38:35 | INFO     | src.trading.executor:update_account_info:125 | 账户更新: 总值$99574.54, 买入力$401574.80
2025-07-23 11:38:35 | DEBUG    | src.bot.trading_bot:_update_market_data:184 | 市场数据更新完成
2025-07-23 11:38:38 | INFO     | src.trading.executor:update_account_info:125 | 账户更新: 总值$99574.54, 买入力$401574.80
2025-07-23 11:38:39 | DEBUG    | src.bot.trading_bot:_update_market_data:184 | 市场数据更新完成
2025-07-23 11:38:42 | INFO     | src.trading.executor:update_account_info:125 | 账户更新: 总值$99574.54, 买入力$401574.80
2025-07-23 11:38:43 | DEBUG    | src.bot.trading_bot:_update_market_data:184 | 市场数据更新完成
2025-07-23 11:38:46 | INFO     | src.trading.executor:update_account_info:125 | 账户更新: 总值$99574.54, 买入力$401574.80
2025-07-23 11:38:46 | DEBUG    | src.bot.trading_bot:_update_market_data:184 | 市场数据更新完成
2025-07-23 11:38:49 | DEBUG    | src.bot.trading_bot:_update_positions_normal:259 | 📊 常规头寸更新完成
2025-07-23 11:38:49 | INFO     | src.trading.executor:update_account_info:125 | 账户更新: 总值$99574.54, 买入力$401574.80
2025-07-23 11:38:50 | DEBUG    | src.bot.trading_bot:_update_market_data:184 | 市场数据更新完成
2025-07-23 11:38:53 | INFO     | src.trading.executor:update_account_info:125 | 账户更新: 总值$99574.54, 买入力$401574.80
2025-07-23 11:38:53 | DEBUG    | src.bot.trading_bot:_update_market_data:184 | 市场数据更新完成
2025-07-23 11:38:56 | INFO     | src.trading.executor:update_account_info:125 | 账户更新: 总值$99574.54, 买入力$401574.80
2025-07-23 11:38:57 | DEBUG    | src.bot.trading_bot:_update_market_data:184 | 市场数据更新完成
2025-07-23 11:39:00 | INFO     | src.trading.executor:update_account_info:125 | 账户更新: 总值$99574.54, 买入力$401574.80
2025-07-23 11:39:00 | DEBUG    | src.bot.trading_bot:_update_market_data:184 | 市场数据更新完成
2025-07-23 11:39:03 | INFO     | src.trading.executor:update_account_info:125 | 账户更新: 总值$99574.54, 买入力$401574.80
2025-07-23 11:39:04 | DEBUG    | src.bot.trading_bot:_update_market_data:184 | 市场数据更新完成
2025-07-23 11:39:07 | INFO     | src.trading.executor:update_account_info:125 | 账户更新: 总值$99574.54, 买入力$401574.80
2025-07-23 11:39:07 | DEBUG    | src.bot.trading_bot:_update_market_data:184 | 市场数据更新完成
2025-07-23 11:39:10 | INFO     | src.trading.executor:update_account_info:125 | 账户更新: 总值$99574.54, 买入力$401574.80
2025-07-23 11:39:11 | DEBUG    | src.bot.trading_bot:_update_market_data:184 | 市场数据更新完成
2025-07-23 11:39:14 | INFO     | src.trading.executor:update_account_info:125 | 账户更新: 总值$99574.54, 买入力$401574.80
2025-07-23 11:39:14 | DEBUG    | src.bot.trading_bot:_update_market_data:184 | 市场数据更新完成
2025-07-23 11:39:17 | INFO     | src.trading.executor:update_account_info:125 | 账户更新: 总值$99574.54, 买入力$401574.80
2025-07-23 11:39:18 | DEBUG    | src.bot.trading_bot:_update_market_data:184 | 市场数据更新完成
2025-07-23 11:39:21 | INFO     | src.trading.executor:update_account_info:125 | 账户更新: 总值$99574.54, 买入力$401574.80
2025-07-23 11:39:21 | DEBUG    | src.bot.trading_bot:_update_market_data:184 | 市场数据更新完成
2025-07-23 11:39:24 | INFO     | src.trading.executor:update_account_info:125 | 账户更新: 总值$99574.54, 买入力$401574.80
2025-07-23 11:39:25 | DEBUG    | src.bot.trading_bot:_update_market_data:184 | 市场数据更新完成
2025-07-23 11:39:28 | INFO     | src.trading.executor:update_account_info:125 | 账户更新: 总值$99574.54, 买入力$401574.80
2025-07-23 11:39:28 | DEBUG    | src.bot.trading_bot:_update_market_data:184 | 市场数据更新完成
2025-07-23 11:39:31 | INFO     | src.trading.executor:update_account_info:125 | 账户更新: 总值$99574.54, 买入力$401574.80
2025-07-23 11:39:32 | DEBUG    | src.bot.trading_bot:_update_market_data:184 | 市场数据更新完成
2025-07-23 11:39:35 | INFO     | src.trading.executor:update_account_info:125 | 账户更新: 总值$99574.54, 买入力$401574.80
2025-07-23 11:39:35 | DEBUG    | src.bot.trading_bot:_update_market_data:184 | 市场数据更新完成
2025-07-23 11:39:38 | INFO     | src.trading.executor:update_account_info:125 | 账户更新: 总值$99574.54, 买入力$401574.80
2025-07-23 11:39:39 | DEBUG    | src.bot.trading_bot:_update_market_data:184 | 市场数据更新完成
2025-07-23 11:39:42 | INFO     | src.trading.executor:update_account_info:125 | 账户更新: 总值$99574.54, 买入力$401574.80
2025-07-23 11:39:42 | DEBUG    | src.bot.trading_bot:_update_market_data:184 | 市场数据更新完成
2025-07-23 11:39:45 | INFO     | src.trading.executor:update_account_info:125 | 账户更新: 总值$99574.54, 买入力$401574.80
2025-07-23 11:39:46 | DEBUG    | src.bot.trading_bot:_update_market_data:184 | 市场数据更新完成
2025-07-23 11:39:49 | INFO     | src.trading.executor:update_account_info:125 | 账户更新: 总值$99574.54, 买入力$401574.80
2025-07-23 11:39:49 | DEBUG    | src.bot.trading_bot:_update_market_data:184 | 市场数据更新完成
2025-07-23 11:39:50 | DEBUG    | src.bot.trading_bot:_update_positions_normal:259 | 📊 常规头寸更新完成
2025-07-23 11:39:52 | INFO     | src.trading.executor:update_account_info:125 | 账户更新: 总值$99574.54, 买入力$401574.80
2025-07-23 11:39:53 | DEBUG    | src.bot.trading_bot:_update_market_data:184 | 市场数据更新完成
2025-07-23 11:39:56 | INFO     | src.trading.executor:update_account_info:125 | 账户更新: 总值$99574.54, 买入力$401574.80
2025-07-23 11:39:56 | DEBUG    | src.bot.trading_bot:_update_market_data:184 | 市场数据更新完成
2025-07-23 11:39:59 | INFO     | src.trading.executor:update_account_info:125 | 账户更新: 总值$99574.54, 买入力$401574.80
2025-07-23 11:40:00 | DEBUG    | src.bot.trading_bot:_update_market_data:184 | 市场数据更新完成
2025-07-23 11:40:03 | INFO     | src.trading.executor:update_account_info:125 | 账户更新: 总值$99574.54, 买入力$401574.80
2025-07-23 11:40:03 | DEBUG    | src.bot.trading_bot:_update_market_data:184 | 市场数据更新完成
2025-07-23 11:40:06 | INFO     | src.trading.executor:update_account_info:125 | 账户更新: 总值$99574.54, 买入力$401574.80
2025-07-23 11:40:07 | DEBUG    | src.bot.trading_bot:_update_market_data:184 | 市场数据更新完成
2025-07-23 11:40:10 | INFO     | src.trading.executor:update_account_info:125 | 账户更新: 总值$99574.54, 买入力$401574.80
2025-07-23 11:40:10 | DEBUG    | src.bot.trading_bot:_update_market_data:184 | 市场数据更新完成
2025-07-23 11:40:13 | INFO     | src.trading.executor:update_account_info:125 | 账户更新: 总值$99574.54, 买入力$401574.80
2025-07-23 11:40:14 | DEBUG    | src.bot.trading_bot:_update_market_data:184 | 市场数据更新完成
2025-07-23 11:40:17 | INFO     | src.trading.executor:update_account_info:125 | 账户更新: 总值$99574.54, 买入力$401574.80
2025-07-23 11:40:17 | DEBUG    | src.bot.trading_bot:_update_market_data:184 | 市场数据更新完成
2025-07-23 11:40:20 | INFO     | src.trading.executor:update_account_info:125 | 账户更新: 总值$99574.54, 买入力$401574.80
2025-07-23 11:40:21 | DEBUG    | src.bot.trading_bot:_update_market_data:184 | 市场数据更新完成
2025-07-23 11:40:24 | INFO     | src.trading.executor:update_account_info:125 | 账户更新: 总值$99574.54, 买入力$401574.80
2025-07-23 11:40:24 | DEBUG    | src.bot.trading_bot:_update_market_data:184 | 市场数据更新完成
2025-07-23 11:40:27 | INFO     | src.trading.executor:update_account_info:125 | 账户更新: 总值$99574.54, 买入力$401574.80
2025-07-23 11:40:28 | DEBUG    | src.bot.trading_bot:_update_market_data:184 | 市场数据更新完成
2025-07-23 11:40:31 | INFO     | src.trading.executor:update_account_info:125 | 账户更新: 总值$99574.54, 买入力$401574.80
2025-07-23 11:40:31 | DEBUG    | src.bot.trading_bot:_update_market_data:184 | 市场数据更新完成
2025-07-23 11:40:34 | INFO     | src.trading.executor:update_account_info:125 | 账户更新: 总值$99574.54, 买入力$401574.80
2025-07-23 11:40:35 | DEBUG    | src.bot.trading_bot:_update_market_data:184 | 市场数据更新完成
2025-07-23 11:40:38 | INFO     | src.trading.executor:update_account_info:125 | 账户更新: 总值$99574.54, 买入力$401574.80
2025-07-23 11:40:38 | DEBUG    | src.bot.trading_bot:_update_market_data:184 | 市场数据更新完成
2025-07-23 11:40:41 | INFO     | src.trading.executor:update_account_info:125 | 账户更新: 总值$99574.54, 买入力$401574.80
2025-07-23 11:40:42 | DEBUG    | src.bot.trading_bot:_update_market_data:184 | 市场数据更新完成
2025-07-23 11:40:45 | INFO     | src.trading.executor:update_account_info:125 | 账户更新: 总值$99574.54, 买入力$401574.80
2025-07-23 11:40:45 | DEBUG    | src.bot.trading_bot:_update_market_data:184 | 市场数据更新完成
2025-07-23 11:40:48 | INFO     | src.trading.executor:update_account_info:125 | 账户更新: 总值$99574.54, 买入力$401574.80
2025-07-23 11:40:49 | DEBUG    | src.bot.trading_bot:_update_market_data:184 | 市场数据更新完成
2025-07-23 11:40:50 | DEBUG    | src.bot.trading_bot:_update_positions_normal:259 | 📊 常规头寸更新完成
2025-07-23 11:40:52 | INFO     | src.trading.executor:update_account_info:125 | 账户更新: 总值$99574.54, 买入力$401574.80
2025-07-23 11:40:52 | DEBUG    | src.bot.trading_bot:_update_market_data:184 | 市场数据更新完成
2025-07-23 11:40:55 | INFO     | src.trading.executor:update_account_info:125 | 账户更新: 总值$99574.54, 买入力$401574.80
2025-07-23 11:40:56 | DEBUG    | src.bot.trading_bot:_update_market_data:184 | 市场数据更新完成
2025-07-23 11:40:59 | INFO     | src.trading.executor:update_account_info:125 | 账户更新: 总值$99574.54, 买入力$401574.80
2025-07-23 11:40:59 | DEBUG    | src.bot.trading_bot:_update_market_data:184 | 市场数据更新完成
2025-07-23 11:41:02 | INFO     | src.trading.executor:update_account_info:125 | 账户更新: 总值$99574.54, 买入力$401574.80
2025-07-23 11:41:03 | DEBUG    | src.bot.trading_bot:_update_market_data:184 | 市场数据更新完成
2025-07-23 11:41:06 | INFO     | src.trading.executor:update_account_info:125 | 账户更新: 总值$99574.54, 买入力$401574.80
2025-07-23 11:41:06 | DEBUG    | src.bot.trading_bot:_update_market_data:184 | 市场数据更新完成
2025-07-23 11:41:09 | INFO     | src.trading.executor:update_account_info:125 | 账户更新: 总值$99574.54, 买入力$401574.80
2025-07-23 11:41:10 | DEBUG    | src.bot.trading_bot:_update_market_data:184 | 市场数据更新完成
2025-07-23 11:41:13 | INFO     | src.trading.executor:update_account_info:125 | 账户更新: 总值$99574.54, 买入力$401574.80
2025-07-23 11:41:13 | DEBUG    | src.bot.trading_bot:_update_market_data:184 | 市场数据更新完成
2025-07-23 11:41:16 | INFO     | src.trading.executor:update_account_info:125 | 账户更新: 总值$99574.54, 买入力$401574.80
2025-07-23 11:41:17 | DEBUG    | src.bot.trading_bot:_update_market_data:184 | 市场数据更新完成
2025-07-23 11:41:20 | INFO     | src.trading.executor:update_account_info:125 | 账户更新: 总值$99574.54, 买入力$401574.80
2025-07-23 11:41:20 | DEBUG    | src.bot.trading_bot:_update_market_data:184 | 市场数据更新完成
2025-07-23 11:41:23 | INFO     | src.trading.executor:update_account_info:125 | 账户更新: 总值$99574.54, 买入力$401574.80
2025-07-23 11:41:24 | DEBUG    | src.bot.trading_bot:_update_market_data:184 | 市场数据更新完成
2025-07-23 11:41:27 | INFO     | src.trading.executor:update_account_info:125 | 账户更新: 总值$99574.54, 买入力$401574.80
2025-07-23 11:41:27 | DEBUG    | src.bot.trading_bot:_update_market_data:184 | 市场数据更新完成
2025-07-23 11:41:30 | INFO     | src.trading.executor:update_account_info:125 | 账户更新: 总值$99574.54, 买入力$401574.80
2025-07-23 11:41:31 | DEBUG    | src.bot.trading_bot:_update_market_data:184 | 市场数据更新完成
2025-07-23 11:41:34 | INFO     | src.trading.executor:update_account_info:125 | 账户更新: 总值$99574.54, 买入力$401574.80
2025-07-23 11:41:34 | DEBUG    | src.bot.trading_bot:_update_market_data:184 | 市场数据更新完成
2025-07-23 11:41:38 | INFO     | src.trading.executor:update_account_info:125 | 账户更新: 总值$99574.54, 买入力$401574.80
2025-07-23 11:41:38 | DEBUG    | src.bot.trading_bot:_update_market_data:184 | 市场数据更新完成
2025-07-23 11:41:41 | INFO     | src.trading.executor:update_account_info:125 | 账户更新: 总值$99574.54, 买入力$401574.80
2025-07-23 11:41:41 | DEBUG    | src.bot.trading_bot:_update_market_data:184 | 市场数据更新完成
2025-07-23 11:41:45 | INFO     | src.trading.executor:update_account_info:125 | 账户更新: 总值$99574.54, 买入力$401574.80
2025-07-23 11:41:45 | DEBUG    | src.bot.trading_bot:_update_market_data:184 | 市场数据更新完成
2025-07-23 11:41:48 | INFO     | src.trading.executor:update_account_info:125 | 账户更新: 总值$99574.54, 买入力$401574.80
2025-07-23 11:41:48 | DEBUG    | src.bot.trading_bot:_update_market_data:184 | 市场数据更新完成
2025-07-23 11:41:50 | DEBUG    | src.bot.trading_bot:_update_positions_normal:259 | 📊 常规头寸更新完成
2025-07-23 11:41:52 | INFO     | src.trading.executor:update_account_info:125 | 账户更新: 总值$99574.54, 买入力$401574.80
2025-07-23 11:41:52 | DEBUG    | src.bot.trading_bot:_update_market_data:184 | 市场数据更新完成
2025-07-23 11:41:55 | INFO     | src.trading.executor:update_account_info:125 | 账户更新: 总值$99574.54, 买入力$401574.80
2025-07-23 11:41:55 | DEBUG    | src.bot.trading_bot:_update_market_data:184 | 市场数据更新完成
2025-07-23 11:41:59 | INFO     | src.trading.executor:update_account_info:125 | 账户更新: 总值$99574.54, 买入力$401574.80
2025-07-23 11:41:59 | DEBUG    | src.bot.trading_bot:_update_market_data:184 | 市场数据更新完成
2025-07-23 11:42:02 | INFO     | src.trading.executor:update_account_info:125 | 账户更新: 总值$99574.54, 买入力$401574.80
2025-07-23 11:42:02 | DEBUG    | src.bot.trading_bot:_update_market_data:184 | 市场数据更新完成
2025-07-23 11:42:05 | INFO     | src.trading.executor:update_account_info:125 | 账户更新: 总值$99574.54, 买入力$401574.80
2025-07-23 11:42:06 | DEBUG    | src.bot.trading_bot:_update_market_data:184 | 市场数据更新完成
2025-07-23 11:42:09 | INFO     | src.trading.executor:update_account_info:125 | 账户更新: 总值$99574.54, 买入力$401574.80
2025-07-23 11:42:09 | DEBUG    | src.bot.trading_bot:_update_market_data:184 | 市场数据更新完成
2025-07-23 11:42:13 | INFO     | src.trading.executor:update_account_info:125 | 账户更新: 总值$99574.54, 买入力$401574.80
2025-07-23 11:42:13 | DEBUG    | src.bot.trading_bot:_update_market_data:184 | 市场数据更新完成
2025-07-23 11:42:16 | INFO     | src.trading.executor:update_account_info:125 | 账户更新: 总值$99574.54, 买入力$401574.80
2025-07-23 11:42:16 | DEBUG    | src.bot.trading_bot:_update_market_data:184 | 市场数据更新完成
2025-07-23 11:42:20 | INFO     | src.trading.executor:update_account_info:125 | 账户更新: 总值$99574.54, 买入力$401574.80
2025-07-23 11:42:20 | DEBUG    | src.bot.trading_bot:_update_market_data:184 | 市场数据更新完成
2025-07-23 11:42:23 | INFO     | src.trading.executor:update_account_info:125 | 账户更新: 总值$99574.54, 买入力$401574.80
2025-07-23 11:42:23 | DEBUG    | src.bot.trading_bot:_update_market_data:184 | 市场数据更新完成
2025-07-23 11:42:27 | INFO     | src.trading.executor:update_account_info:125 | 账户更新: 总值$99574.54, 买入力$401574.80
2025-07-23 11:42:27 | DEBUG    | src.bot.trading_bot:_update_market_data:184 | 市场数据更新完成
2025-07-23 11:42:30 | INFO     | src.trading.executor:update_account_info:125 | 账户更新: 总值$99574.54, 买入力$401574.80
2025-07-23 11:42:30 | DEBUG    | src.bot.trading_bot:_update_market_data:184 | 市场数据更新完成
2025-07-23 11:42:34 | INFO     | src.trading.executor:update_account_info:125 | 账户更新: 总值$99574.54, 买入力$401574.80
2025-07-23 11:42:34 | DEBUG    | src.bot.trading_bot:_update_market_data:184 | 市场数据更新完成
2025-07-23 11:42:37 | INFO     | src.trading.executor:update_account_info:125 | 账户更新: 总值$99574.54, 买入力$401574.80
2025-07-23 11:42:37 | DEBUG    | src.bot.trading_bot:_update_market_data:184 | 市场数据更新完成
2025-07-23 11:42:41 | INFO     | src.trading.executor:update_account_info:125 | 账户更新: 总值$99574.54, 买入力$401574.80
2025-07-23 11:42:41 | DEBUG    | src.bot.trading_bot:_update_market_data:184 | 市场数据更新完成
2025-07-23 11:42:44 | INFO     | src.trading.executor:update_account_info:125 | 账户更新: 总值$99574.54, 买入力$401574.80
2025-07-23 11:42:44 | DEBUG    | src.bot.trading_bot:_update_market_data:184 | 市场数据更新完成
2025-07-23 11:42:48 | INFO     | src.trading.executor:update_account_info:125 | 账户更新: 总值$99574.54, 买入力$401574.80
2025-07-23 11:42:48 | DEBUG    | src.bot.trading_bot:_update_market_data:184 | 市场数据更新完成
2025-07-23 11:42:50 | DEBUG    | src.bot.trading_bot:_update_positions_normal:259 | 📊 常规头寸更新完成
2025-07-23 11:42:51 | INFO     | src.trading.executor:update_account_info:125 | 账户更新: 总值$99574.54, 买入力$401574.80
2025-07-23 11:42:51 | DEBUG    | src.bot.trading_bot:_update_market_data:184 | 市场数据更新完成
2025-07-23 11:42:55 | INFO     | src.trading.executor:update_account_info:125 | 账户更新: 总值$99574.54, 买入力$401574.80
2025-07-23 11:42:55 | DEBUG    | src.bot.trading_bot:_update_market_data:184 | 市场数据更新完成
2025-07-23 11:42:58 | INFO     | src.trading.executor:update_account_info:125 | 账户更新: 总值$99574.54, 买入力$401574.80
2025-07-23 11:42:58 | DEBUG    | src.bot.trading_bot:_update_market_data:184 | 市场数据更新完成
2025-07-23 11:43:02 | INFO     | src.trading.executor:update_account_info:125 | 账户更新: 总值$99574.54, 买入力$401574.80
2025-07-23 11:43:02 | DEBUG    | src.bot.trading_bot:_update_market_data:184 | 市场数据更新完成
2025-07-23 11:43:05 | INFO     | src.trading.executor:update_account_info:125 | 账户更新: 总值$99574.54, 买入力$401574.80
2025-07-23 11:43:05 | DEBUG    | src.bot.trading_bot:_update_market_data:184 | 市场数据更新完成
2025-07-23 11:43:09 | INFO     | src.trading.executor:update_account_info:125 | 账户更新: 总值$99574.54, 买入力$401574.80
2025-07-23 11:43:09 | DEBUG    | src.bot.trading_bot:_update_market_data:184 | 市场数据更新完成
2025-07-23 11:43:12 | INFO     | src.trading.executor:update_account_info:125 | 账户更新: 总值$99574.54, 买入力$401574.80
2025-07-23 11:43:12 | DEBUG    | src.bot.trading_bot:_update_market_data:184 | 市场数据更新完成
2025-07-23 11:43:16 | INFO     | src.trading.executor:update_account_info:125 | 账户更新: 总值$99574.54, 买入力$401574.80
2025-07-23 11:43:16 | DEBUG    | src.bot.trading_bot:_update_market_data:184 | 市场数据更新完成
2025-07-23 11:43:19 | INFO     | src.trading.executor:update_account_info:125 | 账户更新: 总值$99574.54, 买入力$401574.80
2025-07-23 11:43:19 | DEBUG    | src.bot.trading_bot:_update_market_data:184 | 市场数据更新完成
2025-07-23 11:43:23 | INFO     | src.trading.executor:update_account_info:125 | 账户更新: 总值$99574.54, 买入力$401574.80
2025-07-23 11:43:23 | DEBUG    | src.bot.trading_bot:_update_market_data:184 | 市场数据更新完成
2025-07-23 11:43:26 | INFO     | src.trading.executor:update_account_info:125 | 账户更新: 总值$99574.54, 买入力$401574.80
2025-07-23 11:43:26 | DEBUG    | src.bot.trading_bot:_update_market_data:184 | 市场数据更新完成
2025-07-23 11:43:30 | INFO     | src.trading.executor:update_account_info:125 | 账户更新: 总值$99574.54, 买入力$401574.80
2025-07-23 11:43:30 | DEBUG    | src.bot.trading_bot:_update_market_data:184 | 市场数据更新完成
2025-07-23 11:43:33 | INFO     | src.trading.executor:update_account_info:125 | 账户更新: 总值$99574.54, 买入力$401574.80
2025-07-23 11:43:33 | DEBUG    | src.bot.trading_bot:_update_market_data:184 | 市场数据更新完成
2025-07-23 11:43:36 | INFO     | src.trading.executor:update_account_info:125 | 账户更新: 总值$99574.54, 买入力$401574.80
2025-07-23 11:43:37 | DEBUG    | src.bot.trading_bot:_update_market_data:184 | 市场数据更新完成
2025-07-23 11:43:40 | INFO     | src.trading.executor:update_account_info:125 | 账户更新: 总值$99574.54, 买入力$401574.80
2025-07-23 11:43:40 | DEBUG    | src.bot.trading_bot:_update_market_data:184 | 市场数据更新完成
2025-07-23 11:43:44 | INFO     | src.trading.executor:update_account_info:125 | 账户更新: 总值$99574.54, 买入力$401574.80
2025-07-23 11:43:44 | DEBUG    | src.bot.trading_bot:_update_market_data:184 | 市场数据更新完成
2025-07-23 11:43:47 | INFO     | src.trading.executor:update_account_info:125 | 账户更新: 总值$99574.54, 买入力$401574.80
2025-07-23 11:43:48 | DEBUG    | src.bot.trading_bot:_update_market_data:184 | 市场数据更新完成
2025-07-23 11:43:50 | DEBUG    | src.bot.trading_bot:_update_positions_normal:259 | 📊 常规头寸更新完成
2025-07-23 11:43:51 | INFO     | src.trading.executor:update_account_info:125 | 账户更新: 总值$99574.54, 买入力$401574.80
2025-07-23 11:43:51 | DEBUG    | src.bot.trading_bot:_update_market_data:184 | 市场数据更新完成
2025-07-23 11:43:54 | INFO     | src.trading.executor:update_account_info:125 | 账户更新: 总值$99574.54, 买入力$401574.80
2025-07-23 11:43:55 | DEBUG    | src.bot.trading_bot:_update_market_data:184 | 市场数据更新完成
2025-07-23 11:43:58 | INFO     | src.trading.executor:update_account_info:125 | 账户更新: 总值$99574.54, 买入力$401574.80
2025-07-23 11:43:58 | DEBUG    | src.bot.trading_bot:_update_market_data:184 | 市场数据更新完成
2025-07-23 11:44:01 | INFO     | src.trading.executor:update_account_info:125 | 账户更新: 总值$99574.54, 买入力$401574.80
2025-07-23 11:44:02 | DEBUG    | src.bot.trading_bot:_update_market_data:184 | 市场数据更新完成
2025-07-23 11:44:05 | INFO     | src.trading.executor:update_account_info:125 | 账户更新: 总值$99574.54, 买入力$401574.80
2025-07-23 11:44:05 | DEBUG    | src.bot.trading_bot:_update_market_data:184 | 市场数据更新完成
2025-07-23 11:44:09 | INFO     | src.trading.executor:update_account_info:125 | 账户更新: 总值$99574.54, 买入力$401574.80
2025-07-23 11:44:09 | DEBUG    | src.bot.trading_bot:_update_market_data:184 | 市场数据更新完成
2025-07-23 11:44:12 | INFO     | src.trading.executor:update_account_info:125 | 账户更新: 总值$99574.54, 买入力$401574.80
2025-07-23 11:44:12 | DEBUG    | src.bot.trading_bot:_update_market_data:184 | 市场数据更新完成
2025-07-23 11:44:16 | INFO     | src.trading.executor:update_account_info:125 | 账户更新: 总值$99574.54, 买入力$401574.80
2025-07-23 11:44:16 | DEBUG    | src.bot.trading_bot:_update_market_data:184 | 市场数据更新完成
2025-07-23 11:44:19 | INFO     | src.trading.executor:update_account_info:125 | 账户更新: 总值$99574.54, 买入力$401574.80
2025-07-23 11:44:19 | DEBUG    | src.bot.trading_bot:_update_market_data:184 | 市场数据更新完成
2025-07-23 11:44:23 | INFO     | src.trading.executor:update_account_info:125 | 账户更新: 总值$99574.54, 买入力$401574.80
2025-07-23 11:44:23 | DEBUG    | src.bot.trading_bot:_update_market_data:184 | 市场数据更新完成
2025-07-23 11:44:26 | INFO     | src.trading.executor:update_account_info:125 | 账户更新: 总值$99574.54, 买入力$401574.80
2025-07-23 11:44:26 | DEBUG    | src.bot.trading_bot:_update_market_data:184 | 市场数据更新完成
2025-07-23 11:44:30 | INFO     | src.trading.executor:update_account_info:125 | 账户更新: 总值$99574.54, 买入力$401574.80
2025-07-23 11:44:30 | DEBUG    | src.bot.trading_bot:_update_market_data:184 | 市场数据更新完成
2025-07-23 11:44:33 | INFO     | src.trading.executor:update_account_info:125 | 账户更新: 总值$99574.54, 买入力$401574.80
2025-07-23 11:44:33 | DEBUG    | src.bot.trading_bot:_update_market_data:184 | 市场数据更新完成
2025-07-23 11:44:37 | INFO     | src.trading.executor:update_account_info:125 | 账户更新: 总值$99574.54, 买入力$401574.80
2025-07-23 11:44:37 | DEBUG    | src.bot.trading_bot:_update_market_data:184 | 市场数据更新完成
2025-07-23 11:44:40 | INFO     | src.trading.executor:update_account_info:125 | 账户更新: 总值$99574.54, 买入力$401574.80
2025-07-23 11:44:40 | DEBUG    | src.bot.trading_bot:_update_market_data:184 | 市场数据更新完成
2025-07-23 11:44:44 | INFO     | src.trading.executor:update_account_info:125 | 账户更新: 总值$99574.54, 买入力$401574.80
2025-07-23 11:44:44 | DEBUG    | src.bot.trading_bot:_update_market_data:184 | 市场数据更新完成
2025-07-23 11:44:47 | INFO     | src.trading.executor:update_account_info:125 | 账户更新: 总值$99574.54, 买入力$401574.80
2025-07-23 11:44:47 | DEBUG    | src.bot.trading_bot:_update_market_data:184 | 市场数据更新完成
2025-07-23 11:44:51 | DEBUG    | src.bot.trading_bot:_update_positions_normal:259 | 📊 常规头寸更新完成
2025-07-23 11:44:51 | INFO     | src.trading.executor:update_account_info:125 | 账户更新: 总值$99574.54, 买入力$401574.80
2025-07-23 11:44:52 | DEBUG    | src.bot.trading_bot:_update_market_data:184 | 市场数据更新完成
2025-07-23 11:44:55 | INFO     | src.trading.executor:update_account_info:125 | 账户更新: 总值$99574.54, 买入力$401574.80
2025-07-23 11:44:56 | DEBUG    | src.bot.trading_bot:_update_market_data:184 | 市场数据更新完成
2025-07-23 11:44:59 | INFO     | src.trading.executor:update_account_info:125 | 账户更新: 总值$99574.54, 买入力$401574.80
2025-07-23 11:44:59 | DEBUG    | src.bot.trading_bot:_update_market_data:184 | 市场数据更新完成
2025-07-23 11:45:02 | INFO     | src.trading.executor:update_account_info:125 | 账户更新: 总值$99574.54, 买入力$401574.80
2025-07-23 11:45:03 | DEBUG    | src.bot.trading_bot:_update_market_data:184 | 市场数据更新完成
2025-07-23 11:45:06 | INFO     | src.trading.executor:update_account_info:125 | 账户更新: 总值$99574.54, 买入力$401574.80
2025-07-23 11:45:06 | DEBUG    | src.bot.trading_bot:_update_market_data:184 | 市场数据更新完成
2025-07-23 11:45:09 | INFO     | src.trading.executor:update_account_info:125 | 账户更新: 总值$99574.54, 买入力$401574.80
2025-07-23 11:45:10 | DEBUG    | src.bot.trading_bot:_update_market_data:184 | 市场数据更新完成
2025-07-23 11:45:13 | INFO     | src.trading.executor:update_account_info:125 | 账户更新: 总值$99574.54, 买入力$401574.80
2025-07-23 11:45:13 | DEBUG    | src.bot.trading_bot:_update_market_data:184 | 市场数据更新完成
2025-07-23 11:45:17 | INFO     | src.trading.executor:update_account_info:125 | 账户更新: 总值$99574.54, 买入力$401574.80
2025-07-23 11:45:17 | DEBUG    | src.bot.trading_bot:_update_market_data:184 | 市场数据更新完成
2025-07-23 11:45:20 | INFO     | src.trading.executor:update_account_info:125 | 账户更新: 总值$99574.54, 买入力$401574.80
2025-07-23 11:45:21 | DEBUG    | src.bot.trading_bot:_update_market_data:184 | 市场数据更新完成
2025-07-23 11:45:24 | INFO     | src.trading.executor:update_account_info:125 | 账户更新: 总值$99574.54, 买入力$401574.80
2025-07-23 11:45:24 | DEBUG    | src.bot.trading_bot:_update_market_data:184 | 市场数据更新完成
2025-07-23 11:45:27 | INFO     | src.trading.executor:update_account_info:125 | 账户更新: 总值$99574.54, 买入力$401574.80
2025-07-23 11:45:28 | DEBUG    | src.bot.trading_bot:_update_market_data:184 | 市场数据更新完成
2025-07-23 11:45:31 | INFO     | src.trading.executor:update_account_info:125 | 账户更新: 总值$99574.54, 买入力$401574.80
2025-07-23 11:45:31 | DEBUG    | src.bot.trading_bot:_update_market_data:184 | 市场数据更新完成
2025-07-23 11:45:34 | INFO     | src.trading.executor:update_account_info:125 | 账户更新: 总值$99574.54, 买入力$401574.80
2025-07-23 11:45:35 | DEBUG    | src.bot.trading_bot:_update_market_data:184 | 市场数据更新完成
2025-07-23 11:45:38 | INFO     | src.trading.executor:update_account_info:125 | 账户更新: 总值$99574.54, 买入力$401574.80
2025-07-23 11:45:38 | DEBUG    | src.bot.trading_bot:_update_market_data:184 | 市场数据更新完成
2025-07-23 11:45:42 | INFO     | src.trading.executor:update_account_info:125 | 账户更新: 总值$99574.54, 买入力$401574.80
2025-07-23 11:45:42 | DEBUG    | src.bot.trading_bot:_update_market_data:184 | 市场数据更新完成
2025-07-23 11:45:45 | INFO     | src.trading.executor:update_account_info:125 | 账户更新: 总值$99574.54, 买入力$401574.80
2025-07-23 11:45:46 | DEBUG    | src.bot.trading_bot:_update_market_data:184 | 市场数据更新完成
2025-07-23 11:45:49 | INFO     | src.trading.executor:update_account_info:125 | 账户更新: 总值$99574.54, 买入力$401574.80
2025-07-23 11:45:49 | DEBUG    | src.bot.trading_bot:_update_market_data:184 | 市场数据更新完成
2025-07-23 11:45:51 | DEBUG    | src.bot.trading_bot:_update_positions_normal:259 | 📊 常规头寸更新完成
2025-07-23 11:45:53 | INFO     | src.trading.executor:update_account_info:125 | 账户更新: 总值$99574.54, 买入力$401574.80
2025-07-23 11:45:53 | DEBUG    | src.bot.trading_bot:_update_market_data:184 | 市场数据更新完成
2025-07-23 11:45:56 | INFO     | src.trading.executor:update_account_info:125 | 账户更新: 总值$99574.54, 买入力$401574.80
2025-07-23 11:45:57 | DEBUG    | src.bot.trading_bot:_update_market_data:184 | 市场数据更新完成
2025-07-23 11:46:00 | INFO     | src.trading.executor:update_account_info:125 | 账户更新: 总值$99574.54, 买入力$401574.80
2025-07-23 11:46:00 | DEBUG    | src.bot.trading_bot:_update_market_data:184 | 市场数据更新完成
2025-07-23 11:46:04 | INFO     | src.trading.executor:update_account_info:125 | 账户更新: 总值$99574.54, 买入力$401574.80
2025-07-23 11:46:04 | DEBUG    | src.bot.trading_bot:_update_market_data:184 | 市场数据更新完成
2025-07-23 11:46:07 | INFO     | src.trading.executor:update_account_info:125 | 账户更新: 总值$99574.54, 买入力$401574.80
2025-07-23 11:46:07 | DEBUG    | src.bot.trading_bot:_update_market_data:184 | 市场数据更新完成
2025-07-23 11:46:11 | INFO     | src.trading.executor:update_account_info:125 | 账户更新: 总值$99574.54, 买入力$401574.80
2025-07-23 11:46:11 | DEBUG    | src.bot.trading_bot:_update_market_data:184 | 市场数据更新完成
2025-07-23 11:46:14 | INFO     | src.trading.executor:update_account_info:125 | 账户更新: 总值$99574.54, 买入力$401574.80
2025-07-23 11:46:14 | DEBUG    | src.bot.trading_bot:_update_market_data:184 | 市场数据更新完成
2025-07-23 11:46:18 | INFO     | src.trading.executor:update_account_info:125 | 账户更新: 总值$99574.54, 买入力$401574.80
2025-07-23 11:46:18 | DEBUG    | src.bot.trading_bot:_update_market_data:184 | 市场数据更新完成
2025-07-23 11:46:21 | INFO     | src.trading.executor:update_account_info:125 | 账户更新: 总值$99574.54, 买入力$401574.80
2025-07-23 11:46:21 | DEBUG    | src.bot.trading_bot:_update_market_data:184 | 市场数据更新完成
2025-07-23 11:46:25 | INFO     | src.trading.executor:update_account_info:125 | 账户更新: 总值$99574.54, 买入力$401574.80
2025-07-23 11:46:25 | DEBUG    | src.bot.trading_bot:_update_market_data:184 | 市场数据更新完成
2025-07-23 11:46:28 | INFO     | src.trading.executor:update_account_info:125 | 账户更新: 总值$99574.54, 买入力$401574.80
2025-07-23 11:46:29 | DEBUG    | src.bot.trading_bot:_update_market_data:184 | 市场数据更新完成
2025-07-23 11:46:32 | INFO     | src.trading.executor:update_account_info:125 | 账户更新: 总值$99574.54, 买入力$401574.80
2025-07-23 11:46:32 | DEBUG    | src.bot.trading_bot:_update_market_data:184 | 市场数据更新完成
2025-07-23 11:46:35 | INFO     | src.trading.executor:update_account_info:125 | 账户更新: 总值$99574.54, 买入力$401574.80
2025-07-23 11:46:36 | DEBUG    | src.bot.trading_bot:_update_market_data:184 | 市场数据更新完成
2025-07-23 11:46:39 | INFO     | src.trading.executor:update_account_info:125 | 账户更新: 总值$99574.54, 买入力$401574.80
2025-07-23 11:46:39 | DEBUG    | src.bot.trading_bot:_update_market_data:184 | 市场数据更新完成
2025-07-23 11:46:42 | INFO     | src.trading.executor:update_account_info:125 | 账户更新: 总值$99574.54, 买入力$401574.80
2025-07-23 11:46:43 | DEBUG    | src.bot.trading_bot:_update_market_data:184 | 市场数据更新完成
2025-07-23 11:46:46 | INFO     | src.trading.executor:update_account_info:125 | 账户更新: 总值$99574.54, 买入力$401574.80
2025-07-23 11:46:46 | DEBUG    | src.bot.trading_bot:_update_market_data:184 | 市场数据更新完成
2025-07-23 11:46:49 | INFO     | src.trading.executor:update_account_info:125 | 账户更新: 总值$99574.54, 买入力$401574.80
2025-07-23 11:46:49 | DEBUG    | src.bot.trading_bot:_update_market_data:184 | 市场数据更新完成
2025-07-23 11:46:52 | DEBUG    | src.bot.trading_bot:_update_positions_normal:259 | 📊 常规头寸更新完成
2025-07-23 11:46:53 | INFO     | src.trading.executor:update_account_info:125 | 账户更新: 总值$99574.54, 买入力$401574.80
2025-07-23 11:46:53 | DEBUG    | src.bot.trading_bot:_update_market_data:184 | 市场数据更新完成
2025-07-23 11:46:56 | INFO     | src.trading.executor:update_account_info:125 | 账户更新: 总值$99574.54, 买入力$401574.80
2025-07-23 11:46:57 | DEBUG    | src.bot.trading_bot:_update_market_data:184 | 市场数据更新完成
2025-07-23 11:47:00 | INFO     | src.trading.executor:update_account_info:125 | 账户更新: 总值$99574.54, 买入力$401574.80
2025-07-23 11:47:00 | DEBUG    | src.bot.trading_bot:_update_market_data:184 | 市场数据更新完成
2025-07-23 11:47:03 | INFO     | src.trading.executor:update_account_info:125 | 账户更新: 总值$99574.54, 买入力$401574.80
2025-07-23 11:47:04 | DEBUG    | src.bot.trading_bot:_update_market_data:184 | 市场数据更新完成
2025-07-23 11:47:07 | INFO     | src.trading.executor:update_account_info:125 | 账户更新: 总值$99574.54, 买入力$401574.80
2025-07-23 11:47:07 | DEBUG    | src.bot.trading_bot:_update_market_data:184 | 市场数据更新完成
2025-07-23 11:47:10 | INFO     | src.trading.executor:update_account_info:125 | 账户更新: 总值$99574.54, 买入力$401574.80
2025-07-23 11:47:11 | DEBUG    | src.bot.trading_bot:_update_market_data:184 | 市场数据更新完成
2025-07-23 11:47:14 | INFO     | src.trading.executor:update_account_info:125 | 账户更新: 总值$99574.54, 买入力$401574.80
2025-07-23 11:47:14 | DEBUG    | src.bot.trading_bot:_update_market_data:184 | 市场数据更新完成
2025-07-23 11:47:17 | INFO     | src.trading.executor:update_account_info:125 | 账户更新: 总值$99574.54, 买入力$401574.80
2025-07-23 11:47:17 | DEBUG    | src.bot.trading_bot:_update_market_data:184 | 市场数据更新完成
2025-07-23 11:47:21 | INFO     | src.trading.executor:update_account_info:125 | 账户更新: 总值$99574.54, 买入力$401574.80
2025-07-23 11:47:21 | DEBUG    | src.bot.trading_bot:_update_market_data:184 | 市场数据更新完成
2025-07-23 11:47:24 | INFO     | src.trading.executor:update_account_info:125 | 账户更新: 总值$99574.54, 买入力$401574.80
2025-07-23 11:47:24 | DEBUG    | src.bot.trading_bot:_update_market_data:184 | 市场数据更新完成
2025-07-23 11:47:28 | INFO     | src.trading.executor:update_account_info:125 | 账户更新: 总值$99574.54, 买入力$401574.80
2025-07-23 11:47:28 | DEBUG    | src.bot.trading_bot:_update_market_data:184 | 市场数据更新完成
2025-07-23 11:47:31 | INFO     | src.trading.executor:update_account_info:125 | 账户更新: 总值$99574.54, 买入力$401574.80
2025-07-23 11:47:32 | DEBUG    | src.bot.trading_bot:_update_market_data:184 | 市场数据更新完成
2025-07-23 11:47:35 | INFO     | src.trading.executor:update_account_info:125 | 账户更新: 总值$99574.54, 买入力$401574.80
2025-07-23 11:47:35 | DEBUG    | src.bot.trading_bot:_update_market_data:184 | 市场数据更新完成
2025-07-23 11:47:38 | INFO     | src.trading.executor:update_account_info:125 | 账户更新: 总值$99574.54, 买入力$401574.80
2025-07-23 11:47:39 | DEBUG    | src.bot.trading_bot:_update_market_data:184 | 市场数据更新完成
2025-07-23 11:47:42 | INFO     | src.trading.executor:update_account_info:125 | 账户更新: 总值$99574.54, 买入力$401574.80
2025-07-23 11:47:42 | DEBUG    | src.bot.trading_bot:_update_market_data:184 | 市场数据更新完成
2025-07-23 11:47:45 | INFO     | src.trading.executor:update_account_info:125 | 账户更新: 总值$99574.54, 买入力$401574.80
2025-07-23 11:47:46 | DEBUG    | src.bot.trading_bot:_update_market_data:184 | 市场数据更新完成
2025-07-23 11:47:49 | INFO     | src.trading.executor:update_account_info:125 | 账户更新: 总值$99574.54, 买入力$401574.80
2025-07-23 11:47:49 | DEBUG    | src.bot.trading_bot:_update_market_data:184 | 市场数据更新完成
2025-07-23 11:47:52 | DEBUG    | src.bot.trading_bot:_update_positions_normal:259 | 📊 常规头寸更新完成
2025-07-23 11:47:52 | INFO     | src.trading.executor:update_account_info:125 | 账户更新: 总值$99574.54, 买入力$401574.80
2025-07-23 11:47:52 | DEBUG    | src.bot.trading_bot:_update_market_data:184 | 市场数据更新完成
2025-07-23 11:47:56 | INFO     | src.trading.executor:update_account_info:125 | 账户更新: 总值$99574.54, 买入力$401574.80
2025-07-23 11:47:56 | DEBUG    | src.bot.trading_bot:_update_market_data:184 | 市场数据更新完成
2025-07-23 11:47:59 | INFO     | src.trading.executor:update_account_info:125 | 账户更新: 总值$99574.54, 买入力$401574.80
2025-07-23 11:48:00 | DEBUG    | src.bot.trading_bot:_update_market_data:184 | 市场数据更新完成
2025-07-23 11:48:03 | INFO     | src.trading.executor:update_account_info:125 | 账户更新: 总值$99574.54, 买入力$401574.80
2025-07-23 11:48:03 | DEBUG    | src.bot.trading_bot:_update_market_data:184 | 市场数据更新完成
2025-07-23 11:48:06 | INFO     | src.trading.executor:update_account_info:125 | 账户更新: 总值$99574.54, 买入力$401574.80
2025-07-23 11:48:07 | DEBUG    | src.bot.trading_bot:_update_market_data:184 | 市场数据更新完成
2025-07-23 11:48:10 | INFO     | src.trading.executor:update_account_info:125 | 账户更新: 总值$99574.54, 买入力$401574.80
2025-07-23 11:48:10 | DEBUG    | src.bot.trading_bot:_update_market_data:184 | 市场数据更新完成
2025-07-23 11:48:13 | INFO     | src.trading.executor:update_account_info:125 | 账户更新: 总值$99574.54, 买入力$401574.80
2025-07-23 11:48:14 | DEBUG    | src.bot.trading_bot:_update_market_data:184 | 市场数据更新完成
2025-07-23 11:48:17 | INFO     | src.trading.executor:update_account_info:125 | 账户更新: 总值$99574.54, 买入力$401574.80
2025-07-23 11:48:17 | DEBUG    | src.bot.trading_bot:_update_market_data:184 | 市场数据更新完成
2025-07-23 11:48:20 | INFO     | src.trading.executor:update_account_info:125 | 账户更新: 总值$99574.54, 买入力$401574.80
2025-07-23 11:48:21 | DEBUG    | src.bot.trading_bot:_update_market_data:184 | 市场数据更新完成
2025-07-23 11:48:24 | INFO     | src.trading.executor:update_account_info:125 | 账户更新: 总值$99574.54, 买入力$401574.80
2025-07-23 11:48:24 | DEBUG    | src.bot.trading_bot:_update_market_data:184 | 市场数据更新完成
2025-07-23 11:48:27 | INFO     | src.trading.executor:update_account_info:125 | 账户更新: 总值$99574.54, 买入力$401574.80
2025-07-23 11:48:27 | DEBUG    | src.bot.trading_bot:_update_market_data:184 | 市场数据更新完成
2025-07-23 11:48:31 | INFO     | src.trading.executor:update_account_info:125 | 账户更新: 总值$99574.54, 买入力$401574.80
2025-07-23 11:48:31 | DEBUG    | src.bot.trading_bot:_update_market_data:184 | 市场数据更新完成
2025-07-23 11:48:34 | INFO     | src.trading.executor:update_account_info:125 | 账户更新: 总值$99574.54, 买入力$401574.80
2025-07-23 11:48:35 | DEBUG    | src.bot.trading_bot:_update_market_data:184 | 市场数据更新完成
2025-07-23 11:48:38 | INFO     | src.trading.executor:update_account_info:125 | 账户更新: 总值$99574.54, 买入力$401574.80
2025-07-23 11:48:38 | DEBUG    | src.bot.trading_bot:_update_market_data:184 | 市场数据更新完成
2025-07-23 11:48:41 | INFO     | src.trading.executor:update_account_info:125 | 账户更新: 总值$99574.54, 买入力$401574.80
2025-07-23 11:48:42 | DEBUG    | src.bot.trading_bot:_update_market_data:184 | 市场数据更新完成
2025-07-23 11:48:45 | INFO     | src.trading.executor:update_account_info:125 | 账户更新: 总值$99574.54, 买入力$401574.80
2025-07-23 11:48:45 | DEBUG    | src.bot.trading_bot:_update_market_data:184 | 市场数据更新完成
2025-07-23 11:48:48 | INFO     | src.trading.executor:update_account_info:125 | 账户更新: 总值$99574.54, 买入力$401574.80
2025-07-23 11:48:49 | DEBUG    | src.bot.trading_bot:_update_market_data:184 | 市场数据更新完成
2025-07-23 11:48:52 | DEBUG    | src.bot.trading_bot:_update_positions_normal:259 | 📊 常规头寸更新完成
2025-07-23 11:48:52 | INFO     | src.trading.executor:update_account_info:125 | 账户更新: 总值$99574.54, 买入力$401574.80
2025-07-23 11:48:52 | DEBUG    | src.bot.trading_bot:_update_market_data:184 | 市场数据更新完成
2025-07-23 11:48:55 | INFO     | src.trading.executor:update_account_info:125 | 账户更新: 总值$99574.54, 买入力$401574.80
2025-07-23 11:48:56 | DEBUG    | src.bot.trading_bot:_update_market_data:184 | 市场数据更新完成
2025-07-23 11:48:59 | INFO     | src.trading.executor:update_account_info:125 | 账户更新: 总值$99574.54, 买入力$401574.80
2025-07-23 11:48:59 | DEBUG    | src.bot.trading_bot:_update_market_data:184 | 市场数据更新完成
2025-07-23 11:49:02 | INFO     | src.trading.executor:update_account_info:125 | 账户更新: 总值$99574.54, 买入力$401574.80
2025-07-23 11:49:03 | DEBUG    | src.bot.trading_bot:_update_market_data:184 | 市场数据更新完成
2025-07-23 11:49:06 | INFO     | src.trading.executor:update_account_info:125 | 账户更新: 总值$99574.54, 买入力$401574.80
2025-07-23 11:49:06 | DEBUG    | src.bot.trading_bot:_update_market_data:184 | 市场数据更新完成
2025-07-23 11:49:09 | INFO     | src.trading.executor:update_account_info:125 | 账户更新: 总值$99574.54, 买入力$401574.80
2025-07-23 11:49:10 | DEBUG    | src.bot.trading_bot:_update_market_data:184 | 市场数据更新完成
2025-07-23 11:49:13 | INFO     | src.trading.executor:update_account_info:125 | 账户更新: 总值$99574.54, 买入力$401574.80
2025-07-23 11:49:13 | DEBUG    | src.bot.trading_bot:_update_market_data:184 | 市场数据更新完成
2025-07-23 11:49:16 | INFO     | src.trading.executor:update_account_info:125 | 账户更新: 总值$99574.54, 买入力$401574.80
2025-07-23 11:49:17 | DEBUG    | src.bot.trading_bot:_update_market_data:184 | 市场数据更新完成
2025-07-23 11:49:20 | INFO     | src.trading.executor:update_account_info:125 | 账户更新: 总值$99574.54, 买入力$401574.80
2025-07-23 11:49:20 | DEBUG    | src.bot.trading_bot:_update_market_data:184 | 市场数据更新完成
2025-07-23 11:49:23 | INFO     | src.trading.executor:update_account_info:125 | 账户更新: 总值$99574.54, 买入力$401574.80
2025-07-23 11:49:24 | DEBUG    | src.bot.trading_bot:_update_market_data:184 | 市场数据更新完成
2025-07-23 11:49:27 | INFO     | src.trading.executor:update_account_info:125 | 账户更新: 总值$99574.54, 买入力$401574.80
2025-07-23 11:49:27 | DEBUG    | src.bot.trading_bot:_update_market_data:184 | 市场数据更新完成
2025-07-23 11:49:30 | INFO     | src.trading.executor:update_account_info:125 | 账户更新: 总值$99574.54, 买入力$401574.80
2025-07-23 11:49:31 | DEBUG    | src.bot.trading_bot:_update_market_data:184 | 市场数据更新完成
2025-07-23 11:49:34 | INFO     | src.trading.executor:update_account_info:125 | 账户更新: 总值$99574.54, 买入力$401574.80
2025-07-23 11:49:34 | DEBUG    | src.bot.trading_bot:_update_market_data:184 | 市场数据更新完成
2025-07-23 11:49:37 | INFO     | src.trading.executor:update_account_info:125 | 账户更新: 总值$99574.54, 买入力$401574.80
2025-07-23 11:49:38 | DEBUG    | src.bot.trading_bot:_update_market_data:184 | 市场数据更新完成
2025-07-23 11:49:41 | INFO     | src.trading.executor:update_account_info:125 | 账户更新: 总值$99574.54, 买入力$401574.80
2025-07-23 11:49:41 | DEBUG    | src.bot.trading_bot:_update_market_data:184 | 市场数据更新完成
2025-07-23 11:49:44 | INFO     | src.trading.executor:update_account_info:125 | 账户更新: 总值$99574.54, 买入力$401574.80
2025-07-23 11:49:45 | DEBUG    | src.bot.trading_bot:_update_market_data:184 | 市场数据更新完成
2025-07-23 11:49:48 | INFO     | src.trading.executor:update_account_info:125 | 账户更新: 总值$99574.54, 买入力$401574.80
2025-07-23 11:49:49 | DEBUG    | src.bot.trading_bot:_update_market_data:184 | 市场数据更新完成
2025-07-23 11:49:52 | INFO     | src.trading.executor:update_account_info:125 | 账户更新: 总值$99574.54, 买入力$401574.80
2025-07-23 11:49:52 | DEBUG    | src.bot.trading_bot:_update_market_data:184 | 市场数据更新完成
2025-07-23 11:49:53 | DEBUG    | src.bot.trading_bot:_update_positions_normal:259 | 📊 常规头寸更新完成
2025-07-23 11:49:55 | INFO     | src.trading.executor:update_account_info:125 | 账户更新: 总值$99574.54, 买入力$401574.80
2025-07-23 11:49:56 | DEBUG    | src.bot.trading_bot:_update_market_data:184 | 市场数据更新完成
2025-07-23 11:49:59 | INFO     | src.trading.executor:update_account_info:125 | 账户更新: 总值$99574.54, 买入力$401574.80
2025-07-23 11:49:59 | DEBUG    | src.bot.trading_bot:_update_market_data:184 | 市场数据更新完成
2025-07-23 11:50:02 | INFO     | src.trading.executor:update_account_info:125 | 账户更新: 总值$99574.54, 买入力$401574.80
2025-07-23 11:50:02 | DEBUG    | src.bot.trading_bot:_update_market_data:184 | 市场数据更新完成
2025-07-23 11:50:06 | INFO     | src.trading.executor:update_account_info:125 | 账户更新: 总值$99574.54, 买入力$401574.80
2025-07-23 11:50:06 | DEBUG    | src.bot.trading_bot:_update_market_data:184 | 市场数据更新完成
2025-07-23 11:50:09 | INFO     | src.trading.executor:update_account_info:125 | 账户更新: 总值$99574.54, 买入力$401574.80
2025-07-23 11:50:10 | DEBUG    | src.bot.trading_bot:_update_market_data:184 | 市场数据更新完成
2025-07-23 11:50:13 | INFO     | src.trading.executor:update_account_info:125 | 账户更新: 总值$99574.54, 买入力$401574.80
2025-07-23 11:50:13 | DEBUG    | src.bot.trading_bot:_update_market_data:184 | 市场数据更新完成
2025-07-23 11:50:16 | INFO     | src.trading.executor:update_account_info:125 | 账户更新: 总值$99574.54, 买入力$401574.80
2025-07-23 11:50:17 | DEBUG    | src.bot.trading_bot:_update_market_data:184 | 市场数据更新完成
2025-07-23 11:50:20 | INFO     | src.trading.executor:update_account_info:125 | 账户更新: 总值$99574.54, 买入力$401574.80
2025-07-23 11:50:20 | DEBUG    | src.bot.trading_bot:_update_market_data:184 | 市场数据更新完成
2025-07-23 11:50:23 | INFO     | src.trading.executor:update_account_info:125 | 账户更新: 总值$99574.54, 买入力$401574.80
2025-07-23 11:50:24 | DEBUG    | src.bot.trading_bot:_update_market_data:184 | 市场数据更新完成
2025-07-23 11:50:27 | INFO     | src.trading.executor:update_account_info:125 | 账户更新: 总值$99574.54, 买入力$401574.80
2025-07-23 11:50:27 | DEBUG    | src.bot.trading_bot:_update_market_data:184 | 市场数据更新完成
2025-07-23 11:50:30 | INFO     | src.trading.executor:update_account_info:125 | 账户更新: 总值$99574.54, 买入力$401574.80
2025-07-23 11:50:30 | DEBUG    | src.bot.trading_bot:_update_market_data:184 | 市场数据更新完成
2025-07-23 11:50:34 | INFO     | src.trading.executor:update_account_info:125 | 账户更新: 总值$99574.54, 买入力$401574.80
2025-07-23 11:50:34 | DEBUG    | src.bot.trading_bot:_update_market_data:184 | 市场数据更新完成
2025-07-23 11:50:37 | INFO     | src.trading.executor:update_account_info:125 | 账户更新: 总值$99574.54, 买入力$401574.80
2025-07-23 11:50:38 | DEBUG    | src.bot.trading_bot:_update_market_data:184 | 市场数据更新完成
2025-07-23 11:50:41 | INFO     | src.trading.executor:update_account_info:125 | 账户更新: 总值$99574.54, 买入力$401574.80
2025-07-23 11:50:41 | DEBUG    | src.bot.trading_bot:_update_market_data:184 | 市场数据更新完成
2025-07-23 11:50:44 | INFO     | src.trading.executor:update_account_info:125 | 账户更新: 总值$99574.54, 买入力$401574.80
2025-07-23 11:50:45 | DEBUG    | src.bot.trading_bot:_update_market_data:184 | 市场数据更新完成
2025-07-23 11:50:48 | INFO     | src.trading.executor:update_account_info:125 | 账户更新: 总值$99574.54, 买入力$401574.80
2025-07-23 11:50:48 | DEBUG    | src.bot.trading_bot:_update_market_data:184 | 市场数据更新完成
2025-07-23 11:50:52 | INFO     | src.trading.executor:update_account_info:125 | 账户更新: 总值$99574.54, 买入力$401574.80
2025-07-23 11:50:52 | DEBUG    | src.bot.trading_bot:_update_market_data:184 | 市场数据更新完成
2025-07-23 11:50:53 | DEBUG    | src.bot.trading_bot:_update_positions_normal:259 | 📊 常规头寸更新完成
2025-07-23 11:50:55 | INFO     | src.trading.executor:update_account_info:125 | 账户更新: 总值$99574.54, 买入力$401574.80
2025-07-23 11:50:55 | DEBUG    | src.bot.trading_bot:_update_market_data:184 | 市场数据更新完成
2025-07-23 11:50:59 | INFO     | src.trading.executor:update_account_info:125 | 账户更新: 总值$99574.54, 买入力$401574.80
2025-07-23 11:50:59 | DEBUG    | src.bot.trading_bot:_update_market_data:184 | 市场数据更新完成
2025-07-23 11:51:02 | INFO     | src.trading.executor:update_account_info:125 | 账户更新: 总值$99574.54, 买入力$401574.80
2025-07-23 11:51:02 | DEBUG    | src.bot.trading_bot:_update_market_data:184 | 市场数据更新完成
2025-07-23 11:51:06 | INFO     | src.trading.executor:update_account_info:125 | 账户更新: 总值$99574.54, 买入力$401574.80
2025-07-23 11:51:06 | DEBUG    | src.bot.trading_bot:_update_market_data:184 | 市场数据更新完成
2025-07-23 11:51:09 | INFO     | src.trading.executor:update_account_info:125 | 账户更新: 总值$99574.54, 买入力$401574.80
2025-07-23 11:51:10 | DEBUG    | src.bot.trading_bot:_update_market_data:184 | 市场数据更新完成
2025-07-23 11:51:13 | INFO     | src.trading.executor:update_account_info:125 | 账户更新: 总值$99574.54, 买入力$401574.80
2025-07-23 11:51:13 | DEBUG    | src.bot.trading_bot:_update_market_data:184 | 市场数据更新完成
2025-07-23 11:51:16 | INFO     | src.trading.executor:update_account_info:125 | 账户更新: 总值$99574.54, 买入力$401574.80
2025-07-23 11:51:16 | DEBUG    | src.bot.trading_bot:_update_market_data:184 | 市场数据更新完成
2025-07-23 11:51:20 | INFO     | src.trading.executor:update_account_info:125 | 账户更新: 总值$99574.54, 买入力$401574.80
2025-07-23 11:51:20 | DEBUG    | src.bot.trading_bot:_update_market_data:184 | 市场数据更新完成
2025-07-23 11:51:23 | INFO     | src.trading.executor:update_account_info:125 | 账户更新: 总值$99574.54, 买入力$401574.80
2025-07-23 11:51:23 | DEBUG    | src.bot.trading_bot:_update_market_data:184 | 市场数据更新完成
2025-07-23 11:51:27 | INFO     | src.trading.executor:update_account_info:125 | 账户更新: 总值$99574.54, 买入力$401574.80
2025-07-23 11:51:27 | DEBUG    | src.bot.trading_bot:_update_market_data:184 | 市场数据更新完成
2025-07-23 11:51:30 | INFO     | src.trading.executor:update_account_info:125 | 账户更新: 总值$99574.54, 买入力$401574.80
2025-07-23 11:51:30 | DEBUG    | src.bot.trading_bot:_update_market_data:184 | 市场数据更新完成
2025-07-23 11:51:34 | INFO     | src.trading.executor:update_account_info:125 | 账户更新: 总值$99574.54, 买入力$401574.80
2025-07-23 11:51:34 | DEBUG    | src.bot.trading_bot:_update_market_data:184 | 市场数据更新完成
2025-07-23 11:51:37 | INFO     | src.trading.executor:update_account_info:125 | 账户更新: 总值$99574.54, 买入力$401574.80
2025-07-23 11:51:37 | DEBUG    | src.bot.trading_bot:_update_market_data:184 | 市场数据更新完成
2025-07-23 11:51:41 | INFO     | src.trading.executor:update_account_info:125 | 账户更新: 总值$99574.54, 买入力$401574.80
2025-07-23 11:51:41 | DEBUG    | src.bot.trading_bot:_update_market_data:184 | 市场数据更新完成
2025-07-23 11:51:44 | INFO     | src.trading.executor:update_account_info:125 | 账户更新: 总值$99574.54, 买入力$401574.80
2025-07-23 11:51:44 | DEBUG    | src.bot.trading_bot:_update_market_data:184 | 市场数据更新完成
2025-07-23 11:51:48 | INFO     | src.trading.executor:update_account_info:125 | 账户更新: 总值$99574.54, 买入力$401574.80
2025-07-23 11:51:48 | DEBUG    | src.bot.trading_bot:_update_market_data:184 | 市场数据更新完成
2025-07-23 11:51:51 | INFO     | src.trading.executor:update_account_info:125 | 账户更新: 总值$99574.54, 买入力$401574.80
2025-07-23 11:51:51 | DEBUG    | src.bot.trading_bot:_update_market_data:184 | 市场数据更新完成
2025-07-23 11:51:53 | DEBUG    | src.bot.trading_bot:_update_positions_normal:259 | 📊 常规头寸更新完成
2025-07-23 11:51:55 | INFO     | src.trading.executor:update_account_info:125 | 账户更新: 总值$99574.54, 买入力$401574.80
2025-07-23 11:51:55 | DEBUG    | src.bot.trading_bot:_update_market_data:184 | 市场数据更新完成
2025-07-23 11:51:58 | INFO     | src.trading.executor:update_account_info:125 | 账户更新: 总值$99574.54, 买入力$401574.80
2025-07-23 11:51:58 | DEBUG    | src.bot.trading_bot:_update_market_data:184 | 市场数据更新完成
2025-07-23 11:52:02 | INFO     | src.trading.executor:update_account_info:125 | 账户更新: 总值$99574.54, 买入力$401574.80
2025-07-23 11:52:02 | DEBUG    | src.bot.trading_bot:_update_market_data:184 | 市场数据更新完成
2025-07-23 11:52:05 | INFO     | src.trading.executor:update_account_info:125 | 账户更新: 总值$99574.54, 买入力$401574.80
2025-07-23 11:52:05 | DEBUG    | src.bot.trading_bot:_update_market_data:184 | 市场数据更新完成
2025-07-23 11:52:08 | INFO     | src.trading.executor:update_account_info:125 | 账户更新: 总值$99574.54, 买入力$401574.80
2025-07-23 11:52:09 | DEBUG    | src.bot.trading_bot:_update_market_data:184 | 市场数据更新完成
2025-07-23 11:52:12 | INFO     | src.trading.executor:update_account_info:125 | 账户更新: 总值$99574.54, 买入力$401574.80
2025-07-23 11:52:12 | DEBUG    | src.bot.trading_bot:_update_market_data:184 | 市场数据更新完成
2025-07-23 11:52:16 | INFO     | src.trading.executor:update_account_info:125 | 账户更新: 总值$99574.54, 买入力$401574.80
2025-07-23 11:52:16 | DEBUG    | src.bot.trading_bot:_update_market_data:184 | 市场数据更新完成
2025-07-23 11:52:19 | INFO     | src.trading.executor:update_account_info:125 | 账户更新: 总值$99574.54, 买入力$401574.80
2025-07-23 11:52:19 | DEBUG    | src.bot.trading_bot:_update_market_data:184 | 市场数据更新完成
2025-07-23 11:52:23 | INFO     | src.trading.executor:update_account_info:125 | 账户更新: 总值$99574.54, 买入力$401574.80
2025-07-23 11:52:23 | DEBUG    | src.bot.trading_bot:_update_market_data:184 | 市场数据更新完成
2025-07-23 11:52:26 | INFO     | src.trading.executor:update_account_info:125 | 账户更新: 总值$99574.54, 买入力$401574.80
2025-07-23 11:52:26 | DEBUG    | src.bot.trading_bot:_update_market_data:184 | 市场数据更新完成
2025-07-23 11:52:29 | INFO     | src.trading.executor:update_account_info:125 | 账户更新: 总值$99574.54, 买入力$401574.80
2025-07-23 11:52:30 | DEBUG    | src.bot.trading_bot:_update_market_data:184 | 市场数据更新完成
2025-07-23 11:52:33 | INFO     | src.trading.executor:update_account_info:125 | 账户更新: 总值$99574.54, 买入力$401574.80
2025-07-23 11:52:33 | DEBUG    | src.bot.trading_bot:_update_market_data:184 | 市场数据更新完成
2025-07-23 11:52:36 | INFO     | src.trading.executor:update_account_info:125 | 账户更新: 总值$99574.54, 买入力$401574.80
2025-07-23 11:52:37 | DEBUG    | src.bot.trading_bot:_update_market_data:184 | 市场数据更新完成
2025-07-23 11:52:40 | INFO     | src.trading.executor:update_account_info:125 | 账户更新: 总值$99574.54, 买入力$401574.80
2025-07-23 11:52:40 | DEBUG    | src.bot.trading_bot:_update_market_data:184 | 市场数据更新完成
2025-07-23 11:52:44 | INFO     | src.trading.executor:update_account_info:125 | 账户更新: 总值$99574.54, 买入力$401574.80
2025-07-23 11:52:44 | DEBUG    | src.bot.trading_bot:_update_market_data:184 | 市场数据更新完成
2025-07-23 11:52:47 | INFO     | src.trading.executor:update_account_info:125 | 账户更新: 总值$99574.54, 买入力$401574.80
2025-07-23 11:52:47 | DEBUG    | src.bot.trading_bot:_update_market_data:184 | 市场数据更新完成
2025-07-23 11:52:50 | INFO     | src.trading.executor:update_account_info:125 | 账户更新: 总值$99574.54, 买入力$401574.80
2025-07-23 11:52:51 | DEBUG    | src.bot.trading_bot:_update_market_data:184 | 市场数据更新完成
2025-07-23 11:52:54 | DEBUG    | src.bot.trading_bot:_update_positions_normal:259 | 📊 常规头寸更新完成
2025-07-23 11:52:54 | INFO     | src.trading.executor:update_account_info:125 | 账户更新: 总值$99574.54, 买入力$401574.80
2025-07-23 11:52:54 | DEBUG    | src.bot.trading_bot:_update_market_data:184 | 市场数据更新完成
2025-07-23 11:52:57 | INFO     | src.trading.executor:update_account_info:125 | 账户更新: 总值$99574.54, 买入力$401574.80
2025-07-23 11:52:58 | DEBUG    | src.bot.trading_bot:_update_market_data:184 | 市场数据更新完成
2025-07-23 11:53:01 | INFO     | src.trading.executor:update_account_info:125 | 账户更新: 总值$99574.54, 买入力$401574.80
2025-07-23 11:53:01 | DEBUG    | src.bot.trading_bot:_update_market_data:184 | 市场数据更新完成
2025-07-23 11:53:04 | INFO     | src.trading.executor:update_account_info:125 | 账户更新: 总值$99574.54, 买入力$401574.80
2025-07-23 11:53:05 | DEBUG    | src.bot.trading_bot:_update_market_data:184 | 市场数据更新完成
2025-07-23 11:53:08 | INFO     | src.trading.executor:update_account_info:125 | 账户更新: 总值$99574.54, 买入力$401574.80
2025-07-23 11:53:08 | DEBUG    | src.bot.trading_bot:_update_market_data:184 | 市场数据更新完成
2025-07-23 11:53:11 | INFO     | src.trading.executor:update_account_info:125 | 账户更新: 总值$99574.54, 买入力$401574.80
2025-07-23 11:53:12 | DEBUG    | src.bot.trading_bot:_update_market_data:184 | 市场数据更新完成
2025-07-23 11:53:15 | INFO     | src.trading.executor:update_account_info:125 | 账户更新: 总值$99574.54, 买入力$401574.80
2025-07-23 11:53:15 | DEBUG    | src.bot.trading_bot:_update_market_data:184 | 市场数据更新完成
2025-07-23 11:53:19 | INFO     | src.trading.executor:update_account_info:125 | 账户更新: 总值$99574.54, 买入力$401574.80
2025-07-23 11:53:19 | DEBUG    | src.bot.trading_bot:_update_market_data:184 | 市场数据更新完成
2025-07-23 11:53:22 | INFO     | src.trading.executor:update_account_info:125 | 账户更新: 总值$99574.54, 买入力$401574.80
2025-07-23 11:53:22 | DEBUG    | src.bot.trading_bot:_update_market_data:184 | 市场数据更新完成
2025-07-23 11:53:26 | INFO     | src.trading.executor:update_account_info:125 | 账户更新: 总值$99574.54, 买入力$401574.80
2025-07-23 11:53:26 | DEBUG    | src.bot.trading_bot:_update_market_data:184 | 市场数据更新完成
2025-07-23 11:53:29 | INFO     | src.trading.executor:update_account_info:125 | 账户更新: 总值$99574.54, 买入力$401574.80
2025-07-23 11:53:29 | DEBUG    | src.bot.trading_bot:_update_market_data:184 | 市场数据更新完成
2025-07-23 11:53:33 | INFO     | src.trading.executor:update_account_info:125 | 账户更新: 总值$99574.54, 买入力$401574.80
2025-07-23 11:53:33 | DEBUG    | src.bot.trading_bot:_update_market_data:184 | 市场数据更新完成
2025-07-23 11:53:36 | INFO     | src.trading.executor:update_account_info:125 | 账户更新: 总值$99574.54, 买入力$401574.80
2025-07-23 11:53:36 | DEBUG    | src.bot.trading_bot:_update_market_data:184 | 市场数据更新完成
2025-07-23 11:53:39 | INFO     | src.trading.executor:update_account_info:125 | 账户更新: 总值$99574.54, 买入力$401574.80
2025-07-23 11:53:40 | DEBUG    | src.bot.trading_bot:_update_market_data:184 | 市场数据更新完成
2025-07-23 11:53:43 | INFO     | src.trading.executor:update_account_info:125 | 账户更新: 总值$99574.54, 买入力$401574.80
2025-07-23 11:53:43 | DEBUG    | src.bot.trading_bot:_update_market_data:184 | 市场数据更新完成
2025-07-23 11:53:47 | INFO     | src.trading.executor:update_account_info:125 | 账户更新: 总值$99574.54, 买入力$401574.80
2025-07-23 11:53:47 | DEBUG    | src.bot.trading_bot:_update_market_data:184 | 市场数据更新完成
2025-07-23 11:53:50 | INFO     | src.trading.executor:update_account_info:125 | 账户更新: 总值$99574.54, 买入力$401574.80
2025-07-23 11:53:50 | DEBUG    | src.bot.trading_bot:_update_market_data:184 | 市场数据更新完成
2025-07-23 11:53:54 | INFO     | src.trading.executor:update_account_info:125 | 账户更新: 总值$99574.54, 买入力$401574.80
2025-07-23 11:53:54 | DEBUG    | src.bot.trading_bot:_update_market_data:184 | 市场数据更新完成
2025-07-23 11:53:54 | DEBUG    | src.bot.trading_bot:_update_positions_normal:259 | 📊 常规头寸更新完成
2025-07-23 11:53:57 | INFO     | src.trading.executor:update_account_info:125 | 账户更新: 总值$99574.54, 买入力$401574.80
2025-07-23 11:53:57 | DEBUG    | src.bot.trading_bot:_update_market_data:184 | 市场数据更新完成
2025-07-23 11:54:01 | INFO     | src.trading.executor:update_account_info:125 | 账户更新: 总值$99574.54, 买入力$401574.80
2025-07-23 11:54:01 | DEBUG    | src.bot.trading_bot:_update_market_data:184 | 市场数据更新完成
2025-07-23 11:54:04 | INFO     | src.trading.executor:update_account_info:125 | 账户更新: 总值$99574.54, 买入力$401574.80
2025-07-23 11:54:04 | DEBUG    | src.bot.trading_bot:_update_market_data:184 | 市场数据更新完成
2025-07-23 11:54:08 | INFO     | src.trading.executor:update_account_info:125 | 账户更新: 总值$99574.54, 买入力$401574.80
2025-07-23 11:54:08 | DEBUG    | src.bot.trading_bot:_update_market_data:184 | 市场数据更新完成
2025-07-23 11:54:11 | INFO     | src.trading.executor:update_account_info:125 | 账户更新: 总值$99574.54, 买入力$401574.80
2025-07-23 11:54:11 | DEBUG    | src.bot.trading_bot:_update_market_data:184 | 市场数据更新完成
2025-07-23 11:54:14 | INFO     | src.trading.executor:update_account_info:125 | 账户更新: 总值$99574.54, 买入力$401574.80
2025-07-23 11:54:15 | DEBUG    | src.bot.trading_bot:_update_market_data:184 | 市场数据更新完成
2025-07-23 11:54:18 | INFO     | src.trading.executor:update_account_info:125 | 账户更新: 总值$99574.54, 买入力$401574.80
2025-07-23 11:54:18 | DEBUG    | src.bot.trading_bot:_update_market_data:184 | 市场数据更新完成
2025-07-23 11:54:22 | INFO     | src.trading.executor:update_account_info:125 | 账户更新: 总值$99574.54, 买入力$401574.80
2025-07-23 11:54:22 | DEBUG    | src.bot.trading_bot:_update_market_data:184 | 市场数据更新完成
2025-07-23 11:54:25 | INFO     | src.trading.executor:update_account_info:125 | 账户更新: 总值$99574.54, 买入力$401574.80
2025-07-23 11:54:25 | DEBUG    | src.bot.trading_bot:_update_market_data:184 | 市场数据更新完成
2025-07-23 11:54:29 | INFO     | src.trading.executor:update_account_info:125 | 账户更新: 总值$99574.54, 买入力$401574.80
2025-07-23 11:54:29 | DEBUG    | src.bot.trading_bot:_update_market_data:184 | 市场数据更新完成
2025-07-23 11:54:32 | INFO     | src.trading.executor:update_account_info:125 | 账户更新: 总值$99574.54, 买入力$401574.80
2025-07-23 11:54:32 | DEBUG    | src.bot.trading_bot:_update_market_data:184 | 市场数据更新完成
2025-07-23 11:54:36 | INFO     | src.trading.executor:update_account_info:125 | 账户更新: 总值$99574.54, 买入力$401574.80
2025-07-23 11:54:36 | DEBUG    | src.bot.trading_bot:_update_market_data:184 | 市场数据更新完成
2025-07-23 11:54:39 | INFO     | src.trading.executor:update_account_info:125 | 账户更新: 总值$99574.54, 买入力$401574.80
2025-07-23 11:54:39 | DEBUG    | src.bot.trading_bot:_update_market_data:184 | 市场数据更新完成
2025-07-23 11:54:42 | INFO     | src.trading.executor:update_account_info:125 | 账户更新: 总值$99574.54, 买入力$401574.80
2025-07-23 11:54:43 | DEBUG    | src.bot.trading_bot:_update_market_data:184 | 市场数据更新完成
2025-07-23 11:54:46 | INFO     | src.trading.executor:update_account_info:125 | 账户更新: 总值$99574.54, 买入力$401574.80
2025-07-23 11:54:46 | DEBUG    | src.bot.trading_bot:_update_market_data:184 | 市场数据更新完成
2025-07-23 11:54:50 | INFO     | src.trading.executor:update_account_info:125 | 账户更新: 总值$99574.54, 买入力$401574.80
2025-07-23 11:54:50 | DEBUG    | src.bot.trading_bot:_update_market_data:184 | 市场数据更新完成
2025-07-23 11:54:53 | INFO     | src.trading.executor:update_account_info:125 | 账户更新: 总值$99574.54, 买入力$401574.80
2025-07-23 11:54:53 | DEBUG    | src.bot.trading_bot:_update_market_data:184 | 市场数据更新完成
2025-07-23 11:54:54 | DEBUG    | src.bot.trading_bot:_update_positions_normal:259 | 📊 常规头寸更新完成
2025-07-23 11:54:57 | INFO     | src.trading.executor:update_account_info:125 | 账户更新: 总值$99574.54, 买入力$401574.80
2025-07-23 11:54:57 | DEBUG    | src.bot.trading_bot:_update_market_data:184 | 市场数据更新完成
2025-07-23 11:55:00 | INFO     | src.trading.executor:update_account_info:125 | 账户更新: 总值$99574.54, 买入力$401574.80
2025-07-23 11:55:00 | DEBUG    | src.bot.trading_bot:_update_market_data:184 | 市场数据更新完成
2025-07-23 11:55:04 | INFO     | src.trading.executor:update_account_info:125 | 账户更新: 总值$99574.54, 买入力$401574.80
2025-07-23 11:55:04 | DEBUG    | src.bot.trading_bot:_update_market_data:184 | 市场数据更新完成
2025-07-23 11:55:07 | INFO     | src.trading.executor:update_account_info:125 | 账户更新: 总值$99574.54, 买入力$401574.80
2025-07-23 11:55:07 | DEBUG    | src.bot.trading_bot:_update_market_data:184 | 市场数据更新完成
2025-07-23 11:55:10 | INFO     | src.trading.executor:update_account_info:125 | 账户更新: 总值$99574.54, 买入力$401574.80
2025-07-23 11:55:11 | DEBUG    | src.bot.trading_bot:_update_market_data:184 | 市场数据更新完成
2025-07-23 11:55:14 | INFO     | src.trading.executor:update_account_info:125 | 账户更新: 总值$99574.54, 买入力$401574.80
2025-07-23 11:55:14 | DEBUG    | src.bot.trading_bot:_update_market_data:184 | 市场数据更新完成
2025-07-23 11:55:17 | INFO     | src.trading.executor:update_account_info:125 | 账户更新: 总值$99574.54, 买入力$401574.80
2025-07-23 11:55:18 | DEBUG    | src.bot.trading_bot:_update_market_data:184 | 市场数据更新完成
2025-07-23 11:55:21 | INFO     | src.trading.executor:update_account_info:125 | 账户更新: 总值$99574.54, 买入力$401574.80
2025-07-23 11:55:21 | DEBUG    | src.bot.trading_bot:_update_market_data:184 | 市场数据更新完成
2025-07-23 11:55:25 | INFO     | src.trading.executor:update_account_info:125 | 账户更新: 总值$99574.54, 买入力$401574.80
2025-07-23 11:55:25 | DEBUG    | src.bot.trading_bot:_update_market_data:184 | 市场数据更新完成
2025-07-23 11:55:28 | INFO     | src.trading.executor:update_account_info:125 | 账户更新: 总值$99574.54, 买入力$401574.80
2025-07-23 11:55:28 | DEBUG    | src.bot.trading_bot:_update_market_data:184 | 市场数据更新完成
2025-07-23 11:55:32 | INFO     | src.trading.executor:update_account_info:125 | 账户更新: 总值$99574.54, 买入力$401574.80
2025-07-23 11:55:32 | DEBUG    | src.bot.trading_bot:_update_market_data:184 | 市场数据更新完成
2025-07-23 11:55:35 | INFO     | src.trading.executor:update_account_info:125 | 账户更新: 总值$99574.54, 买入力$401574.80
2025-07-23 11:55:35 | DEBUG    | src.bot.trading_bot:_update_market_data:184 | 市场数据更新完成
2025-07-23 11:55:38 | INFO     | src.trading.executor:update_account_info:125 | 账户更新: 总值$99574.54, 买入力$401574.80
2025-07-23 11:55:39 | DEBUG    | src.bot.trading_bot:_update_market_data:184 | 市场数据更新完成
2025-07-23 11:55:42 | INFO     | src.trading.executor:update_account_info:125 | 账户更新: 总值$99574.54, 买入力$401574.80
2025-07-23 11:55:42 | DEBUG    | src.bot.trading_bot:_update_market_data:184 | 市场数据更新完成
2025-07-23 11:55:45 | INFO     | src.trading.executor:update_account_info:125 | 账户更新: 总值$99574.54, 买入力$401574.80
2025-07-23 11:55:46 | DEBUG    | src.bot.trading_bot:_update_market_data:184 | 市场数据更新完成
2025-07-23 11:55:49 | INFO     | src.trading.executor:update_account_info:125 | 账户更新: 总值$99574.54, 买入力$401574.80
2025-07-23 11:55:49 | DEBUG    | src.bot.trading_bot:_update_market_data:184 | 市场数据更新完成
2025-07-23 11:55:53 | INFO     | src.trading.executor:update_account_info:125 | 账户更新: 总值$99574.54, 买入力$401574.80
2025-07-23 11:55:53 | DEBUG    | src.bot.trading_bot:_update_market_data:184 | 市场数据更新完成
2025-07-23 11:55:54 | DEBUG    | src.bot.trading_bot:_update_positions_normal:259 | 📊 常规头寸更新完成
2025-07-23 11:55:56 | INFO     | src.trading.executor:update_account_info:125 | 账户更新: 总值$99574.54, 买入力$401574.80
2025-07-23 11:55:56 | DEBUG    | src.bot.trading_bot:_update_market_data:184 | 市场数据更新完成
2025-07-23 11:56:00 | INFO     | src.trading.executor:update_account_info:125 | 账户更新: 总值$99574.54, 买入力$401574.80
2025-07-23 11:56:00 | DEBUG    | src.bot.trading_bot:_update_market_data:184 | 市场数据更新完成
2025-07-23 11:56:03 | INFO     | src.trading.executor:update_account_info:125 | 账户更新: 总值$99574.54, 买入力$401574.80
2025-07-23 11:56:04 | DEBUG    | src.bot.trading_bot:_update_market_data:184 | 市场数据更新完成
2025-07-23 11:56:07 | INFO     | src.trading.executor:update_account_info:125 | 账户更新: 总值$99574.54, 买入力$401574.80
2025-07-23 11:56:07 | DEBUG    | src.bot.trading_bot:_update_market_data:184 | 市场数据更新完成
2025-07-23 11:56:10 | INFO     | src.trading.executor:update_account_info:125 | 账户更新: 总值$99574.54, 买入力$401574.80
2025-07-23 11:56:11 | DEBUG    | src.bot.trading_bot:_update_market_data:184 | 市场数据更新完成
2025-07-23 11:56:14 | INFO     | src.trading.executor:update_account_info:125 | 账户更新: 总值$99574.54, 买入力$401574.80
2025-07-23 11:56:14 | DEBUG    | src.bot.trading_bot:_update_market_data:184 | 市场数据更新完成
2025-07-23 11:56:17 | INFO     | src.trading.executor:update_account_info:125 | 账户更新: 总值$99574.54, 买入力$401574.80
2025-07-23 11:56:18 | DEBUG    | src.bot.trading_bot:_update_market_data:184 | 市场数据更新完成
2025-07-23 11:56:21 | INFO     | src.trading.executor:update_account_info:125 | 账户更新: 总值$99574.54, 买入力$401574.80
2025-07-23 11:56:21 | DEBUG    | src.bot.trading_bot:_update_market_data:184 | 市场数据更新完成
2025-07-23 11:56:25 | INFO     | src.trading.executor:update_account_info:125 | 账户更新: 总值$99574.54, 买入力$401574.80
2025-07-23 11:56:25 | DEBUG    | src.bot.trading_bot:_update_market_data:184 | 市场数据更新完成
2025-07-23 11:56:28 | INFO     | src.trading.executor:update_account_info:125 | 账户更新: 总值$99574.54, 买入力$401574.80
2025-07-23 11:56:28 | DEBUG    | src.bot.trading_bot:_update_market_data:184 | 市场数据更新完成
2025-07-23 11:56:32 | INFO     | src.trading.executor:update_account_info:125 | 账户更新: 总值$99574.54, 买入力$401574.80
2025-07-23 11:56:32 | DEBUG    | src.bot.trading_bot:_update_market_data:184 | 市场数据更新完成
2025-07-23 11:56:35 | INFO     | src.trading.executor:update_account_info:125 | 账户更新: 总值$99574.54, 买入力$401574.80
2025-07-23 11:56:35 | DEBUG    | src.bot.trading_bot:_update_market_data:184 | 市场数据更新完成
2025-07-23 11:56:39 | INFO     | src.trading.executor:update_account_info:125 | 账户更新: 总值$99574.54, 买入力$401574.80
2025-07-23 11:56:39 | DEBUG    | src.bot.trading_bot:_update_market_data:184 | 市场数据更新完成
2025-07-23 11:56:42 | INFO     | src.trading.executor:update_account_info:125 | 账户更新: 总值$99574.54, 买入力$401574.80
2025-07-23 11:56:42 | DEBUG    | src.bot.trading_bot:_update_market_data:184 | 市场数据更新完成
2025-07-23 11:56:45 | INFO     | src.trading.executor:update_account_info:125 | 账户更新: 总值$99574.54, 买入力$401574.80
2025-07-23 11:56:46 | DEBUG    | src.bot.trading_bot:_update_market_data:184 | 市场数据更新完成
2025-07-23 11:56:49 | INFO     | src.trading.executor:update_account_info:125 | 账户更新: 总值$99574.54, 买入力$401574.80
2025-07-23 11:56:49 | DEBUG    | src.bot.trading_bot:_update_market_data:184 | 市场数据更新完成
2025-07-23 11:56:52 | INFO     | src.trading.executor:update_account_info:125 | 账户更新: 总值$99574.54, 买入力$401574.80
2025-07-23 11:56:53 | DEBUG    | src.bot.trading_bot:_update_market_data:184 | 市场数据更新完成
2025-07-23 11:56:54 | DEBUG    | src.bot.trading_bot:_update_positions_normal:259 | 📊 常规头寸更新完成
2025-07-23 11:56:56 | INFO     | src.trading.executor:update_account_info:125 | 账户更新: 总值$99574.54, 买入力$401574.80
2025-07-23 11:56:56 | DEBUG    | src.bot.trading_bot:_update_market_data:184 | 市场数据更新完成
2025-07-23 11:57:00 | INFO     | src.trading.executor:update_account_info:125 | 账户更新: 总值$99574.54, 买入力$401574.80
2025-07-23 11:57:00 | DEBUG    | src.bot.trading_bot:_update_market_data:184 | 市场数据更新完成
2025-07-23 11:57:03 | INFO     | src.trading.executor:update_account_info:125 | 账户更新: 总值$99574.54, 买入力$401574.80
2025-07-23 11:57:03 | DEBUG    | src.bot.trading_bot:_update_market_data:184 | 市场数据更新完成
2025-07-23 11:57:07 | INFO     | src.trading.executor:update_account_info:125 | 账户更新: 总值$99574.54, 买入力$401574.80
2025-07-23 11:57:07 | DEBUG    | src.bot.trading_bot:_update_market_data:184 | 市场数据更新完成
2025-07-23 11:57:10 | INFO     | src.trading.executor:update_account_info:125 | 账户更新: 总值$99574.54, 买入力$401574.80
2025-07-23 11:57:10 | DEBUG    | src.bot.trading_bot:_update_market_data:184 | 市场数据更新完成
2025-07-23 11:57:13 | INFO     | src.trading.executor:update_account_info:125 | 账户更新: 总值$99574.54, 买入力$401574.80
2025-07-23 11:57:14 | DEBUG    | src.bot.trading_bot:_update_market_data:184 | 市场数据更新完成
2025-07-23 11:57:17 | INFO     | src.trading.executor:update_account_info:125 | 账户更新: 总值$99574.54, 买入力$401574.80
2025-07-23 11:57:17 | DEBUG    | src.bot.trading_bot:_update_market_data:184 | 市场数据更新完成
2025-07-23 11:57:20 | INFO     | src.trading.executor:update_account_info:125 | 账户更新: 总值$99574.54, 买入力$401574.80
2025-07-23 11:57:21 | DEBUG    | src.bot.trading_bot:_update_market_data:184 | 市场数据更新完成
2025-07-23 11:57:24 | INFO     | src.trading.executor:update_account_info:125 | 账户更新: 总值$99574.54, 买入力$401574.80
2025-07-23 11:57:24 | DEBUG    | src.bot.trading_bot:_update_market_data:184 | 市场数据更新完成
2025-07-23 11:57:28 | INFO     | src.trading.executor:update_account_info:125 | 账户更新: 总值$99574.54, 买入力$401574.80
2025-07-23 11:57:28 | DEBUG    | src.bot.trading_bot:_update_market_data:184 | 市场数据更新完成
2025-07-23 11:57:31 | INFO     | src.trading.executor:update_account_info:125 | 账户更新: 总值$99574.54, 买入力$401574.80
2025-07-23 11:57:31 | DEBUG    | src.bot.trading_bot:_update_market_data:184 | 市场数据更新完成
2025-07-23 11:57:35 | INFO     | src.trading.executor:update_account_info:125 | 账户更新: 总值$99574.54, 买入力$401574.80
2025-07-23 11:57:35 | DEBUG    | src.bot.trading_bot:_update_market_data:184 | 市场数据更新完成
2025-07-23 11:57:38 | INFO     | src.trading.executor:update_account_info:125 | 账户更新: 总值$99574.54, 买入力$401574.80
2025-07-23 11:57:38 | DEBUG    | src.bot.trading_bot:_update_market_data:184 | 市场数据更新完成
2025-07-23 11:57:42 | INFO     | src.trading.executor:update_account_info:125 | 账户更新: 总值$99574.54, 买入力$401574.80
2025-07-23 11:57:42 | DEBUG    | src.bot.trading_bot:_update_market_data:184 | 市场数据更新完成
2025-07-23 11:57:45 | INFO     | src.trading.executor:update_account_info:125 | 账户更新: 总值$99574.54, 买入力$401574.80
2025-07-23 11:57:45 | DEBUG    | src.bot.trading_bot:_update_market_data:184 | 市场数据更新完成
2025-07-23 11:57:48 | INFO     | src.trading.executor:update_account_info:125 | 账户更新: 总值$99574.54, 买入力$401574.80
2025-07-23 11:57:49 | DEBUG    | src.bot.trading_bot:_update_market_data:184 | 市场数据更新完成
2025-07-23 11:57:52 | INFO     | src.trading.executor:update_account_info:125 | 账户更新: 总值$99574.54, 买入力$401574.80
2025-07-23 11:57:52 | DEBUG    | src.bot.trading_bot:_update_market_data:184 | 市场数据更新完成
2025-07-23 11:57:55 | DEBUG    | src.bot.trading_bot:_update_positions_normal:259 | 📊 常规头寸更新完成
2025-07-23 11:57:55 | INFO     | src.trading.executor:update_account_info:125 | 账户更新: 总值$99574.54, 买入力$401574.80
2025-07-23 11:57:56 | DEBUG    | src.bot.trading_bot:_update_market_data:184 | 市场数据更新完成
2025-07-23 11:57:59 | INFO     | src.trading.executor:update_account_info:125 | 账户更新: 总值$99574.54, 买入力$401574.80
2025-07-23 11:57:59 | DEBUG    | src.bot.trading_bot:_update_market_data:184 | 市场数据更新完成
2025-07-23 11:58:03 | INFO     | src.trading.executor:update_account_info:125 | 账户更新: 总值$99574.54, 买入力$401574.80
2025-07-23 11:58:03 | DEBUG    | src.bot.trading_bot:_update_market_data:184 | 市场数据更新完成
2025-07-23 11:58:06 | INFO     | src.trading.executor:update_account_info:125 | 账户更新: 总值$99574.54, 买入力$401574.80
2025-07-23 11:58:06 | DEBUG    | src.bot.trading_bot:_update_market_data:184 | 市场数据更新完成
2025-07-23 11:58:10 | INFO     | src.trading.executor:update_account_info:125 | 账户更新: 总值$99574.54, 买入力$401574.80
2025-07-23 11:58:10 | DEBUG    | src.bot.trading_bot:_update_market_data:184 | 市场数据更新完成
2025-07-23 11:58:13 | INFO     | src.trading.executor:update_account_info:125 | 账户更新: 总值$99574.54, 买入力$401574.80
2025-07-23 11:58:13 | DEBUG    | src.bot.trading_bot:_update_market_data:184 | 市场数据更新完成
2025-07-23 11:58:17 | INFO     | src.trading.executor:update_account_info:125 | 账户更新: 总值$99574.54, 买入力$401574.80
2025-07-23 11:58:17 | DEBUG    | src.bot.trading_bot:_update_market_data:184 | 市场数据更新完成
2025-07-23 11:58:20 | INFO     | src.trading.executor:update_account_info:125 | 账户更新: 总值$99574.54, 买入力$401574.80
2025-07-23 11:58:20 | DEBUG    | src.bot.trading_bot:_update_market_data:184 | 市场数据更新完成
2025-07-23 11:58:23 | INFO     | src.trading.executor:update_account_info:125 | 账户更新: 总值$99574.54, 买入力$401574.80
2025-07-23 11:58:24 | DEBUG    | src.bot.trading_bot:_update_market_data:184 | 市场数据更新完成
2025-07-23 11:58:27 | INFO     | src.trading.executor:update_account_info:125 | 账户更新: 总值$99574.54, 买入力$401574.80
2025-07-23 11:58:27 | DEBUG    | src.bot.trading_bot:_update_market_data:184 | 市场数据更新完成
2025-07-23 11:58:31 | INFO     | src.trading.executor:update_account_info:125 | 账户更新: 总值$99574.54, 买入力$401574.80
2025-07-23 11:58:31 | DEBUG    | src.bot.trading_bot:_update_market_data:184 | 市场数据更新完成
2025-07-23 11:58:34 | INFO     | src.trading.executor:update_account_info:125 | 账户更新: 总值$99574.54, 买入力$401574.80
2025-07-23 11:58:34 | DEBUG    | src.bot.trading_bot:_update_market_data:184 | 市场数据更新完成
2025-07-23 11:58:38 | INFO     | src.trading.executor:update_account_info:125 | 账户更新: 总值$99574.54, 买入力$401574.80
2025-07-23 11:58:38 | DEBUG    | src.bot.trading_bot:_update_market_data:184 | 市场数据更新完成
2025-07-23 11:58:41 | INFO     | src.trading.executor:update_account_info:125 | 账户更新: 总值$99574.54, 买入力$401574.80
2025-07-23 11:58:41 | DEBUG    | src.bot.trading_bot:_update_market_data:184 | 市场数据更新完成
2025-07-23 11:58:44 | INFO     | src.trading.executor:update_account_info:125 | 账户更新: 总值$99574.54, 买入力$401574.80
2025-07-23 11:58:45 | DEBUG    | src.bot.trading_bot:_update_market_data:184 | 市场数据更新完成
2025-07-23 11:58:48 | INFO     | src.trading.executor:update_account_info:125 | 账户更新: 总值$99574.54, 买入力$401574.80
2025-07-23 11:58:48 | DEBUG    | src.bot.trading_bot:_update_market_data:184 | 市场数据更新完成
2025-07-23 11:58:52 | INFO     | src.trading.executor:update_account_info:125 | 账户更新: 总值$99574.54, 买入力$401574.80
2025-07-23 11:58:52 | DEBUG    | src.bot.trading_bot:_update_market_data:184 | 市场数据更新完成
2025-07-23 11:58:55 | INFO     | src.trading.executor:update_account_info:125 | 账户更新: 总值$99574.54, 买入力$401574.80
2025-07-23 11:58:55 | DEBUG    | src.bot.trading_bot:_update_market_data:184 | 市场数据更新完成
2025-07-23 11:58:55 | DEBUG    | src.bot.trading_bot:_update_positions_normal:259 | 📊 常规头寸更新完成
2025-07-23 11:58:59 | INFO     | src.trading.executor:update_account_info:125 | 账户更新: 总值$99574.54, 买入力$401574.80
2025-07-23 11:58:59 | DEBUG    | src.bot.trading_bot:_update_market_data:184 | 市场数据更新完成
2025-07-23 11:59:02 | INFO     | src.trading.executor:update_account_info:125 | 账户更新: 总值$99574.54, 买入力$401574.80
2025-07-23 11:59:02 | DEBUG    | src.bot.trading_bot:_update_market_data:184 | 市场数据更新完成
2025-07-23 11:59:06 | INFO     | src.trading.executor:update_account_info:125 | 账户更新: 总值$99574.54, 买入力$401574.80
2025-07-23 11:59:06 | DEBUG    | src.bot.trading_bot:_update_market_data:184 | 市场数据更新完成
2025-07-23 11:59:09 | INFO     | src.trading.executor:update_account_info:125 | 账户更新: 总值$99574.54, 买入力$401574.80
2025-07-23 11:59:09 | DEBUG    | src.bot.trading_bot:_update_market_data:184 | 市场数据更新完成
2025-07-23 11:59:13 | INFO     | src.trading.executor:update_account_info:125 | 账户更新: 总值$99574.54, 买入力$401574.80
2025-07-23 11:59:13 | DEBUG    | src.bot.trading_bot:_update_market_data:184 | 市场数据更新完成
2025-07-23 11:59:16 | INFO     | src.trading.executor:update_account_info:125 | 账户更新: 总值$99574.54, 买入力$401574.80
2025-07-23 11:59:16 | DEBUG    | src.bot.trading_bot:_update_market_data:184 | 市场数据更新完成
2025-07-23 11:59:20 | INFO     | src.trading.executor:update_account_info:125 | 账户更新: 总值$99574.54, 买入力$401574.80
2025-07-23 11:59:20 | DEBUG    | src.bot.trading_bot:_update_market_data:184 | 市场数据更新完成
2025-07-23 11:59:23 | INFO     | src.trading.executor:update_account_info:125 | 账户更新: 总值$99574.54, 买入力$401574.80
2025-07-23 11:59:23 | DEBUG    | src.bot.trading_bot:_update_market_data:184 | 市场数据更新完成
2025-07-23 11:59:27 | INFO     | src.trading.executor:update_account_info:125 | 账户更新: 总值$99574.54, 买入力$401574.80
2025-07-23 11:59:27 | DEBUG    | src.bot.trading_bot:_update_market_data:184 | 市场数据更新完成
2025-07-23 11:59:30 | INFO     | src.trading.executor:update_account_info:125 | 账户更新: 总值$99574.54, 买入力$401574.80
2025-07-23 11:59:30 | DEBUG    | src.bot.trading_bot:_update_market_data:184 | 市场数据更新完成
2025-07-23 11:59:34 | INFO     | src.trading.executor:update_account_info:125 | 账户更新: 总值$99574.54, 买入力$401574.80
2025-07-23 11:59:34 | DEBUG    | src.bot.trading_bot:_update_market_data:184 | 市场数据更新完成
2025-07-23 11:59:37 | INFO     | src.trading.executor:update_account_info:125 | 账户更新: 总值$99574.54, 买入力$401574.80
2025-07-23 11:59:37 | DEBUG    | src.bot.trading_bot:_update_market_data:184 | 市场数据更新完成
2025-07-23 11:59:41 | INFO     | src.trading.executor:update_account_info:125 | 账户更新: 总值$99574.54, 买入力$401574.80
2025-07-23 11:59:41 | DEBUG    | src.bot.trading_bot:_update_market_data:184 | 市场数据更新完成
2025-07-23 11:59:44 | INFO     | src.trading.executor:update_account_info:125 | 账户更新: 总值$99574.54, 买入力$401574.80
2025-07-23 11:59:44 | DEBUG    | src.bot.trading_bot:_update_market_data:184 | 市场数据更新完成
2025-07-23 11:59:48 | INFO     | src.trading.executor:update_account_info:125 | 账户更新: 总值$99574.54, 买入力$401574.80
2025-07-23 11:59:48 | DEBUG    | src.bot.trading_bot:_update_market_data:184 | 市场数据更新完成
2025-07-23 11:59:51 | INFO     | src.trading.executor:update_account_info:125 | 账户更新: 总值$99574.54, 买入力$401574.80
2025-07-23 11:59:51 | DEBUG    | src.bot.trading_bot:_update_market_data:184 | 市场数据更新完成
2025-07-23 11:59:55 | INFO     | src.trading.executor:update_account_info:125 | 账户更新: 总值$99574.54, 买入力$401574.80
2025-07-23 11:59:55 | DEBUG    | src.bot.trading_bot:_update_market_data:184 | 市场数据更新完成
2025-07-23 11:59:55 | DEBUG    | src.bot.trading_bot:_update_positions_normal:259 | 📊 常规头寸更新完成
2025-07-23 11:59:58 | INFO     | src.trading.executor:update_account_info:125 | 账户更新: 总值$99574.54, 买入力$401574.80
2025-07-23 11:59:58 | DEBUG    | src.bot.trading_bot:_update_market_data:184 | 市场数据更新完成
2025-07-23 12:00:02 | INFO     | src.trading.executor:update_account_info:125 | 账户更新: 总值$99574.54, 买入力$401574.80
2025-07-23 12:00:02 | DEBUG    | src.bot.trading_bot:_update_market_data:184 | 市场数据更新完成
2025-07-23 12:00:05 | INFO     | src.trading.executor:update_account_info:125 | 账户更新: 总值$99574.54, 买入力$401574.80
2025-07-23 12:00:05 | DEBUG    | src.bot.trading_bot:_update_market_data:184 | 市场数据更新完成
2025-07-23 12:00:09 | INFO     | src.trading.executor:update_account_info:125 | 账户更新: 总值$99574.54, 买入力$401574.80
2025-07-23 12:00:09 | DEBUG    | src.bot.trading_bot:_update_market_data:184 | 市场数据更新完成
2025-07-23 12:00:12 | INFO     | src.trading.executor:update_account_info:125 | 账户更新: 总值$99574.54, 买入力$401574.80
2025-07-23 12:00:12 | DEBUG    | src.bot.trading_bot:_update_market_data:184 | 市场数据更新完成
2025-07-23 12:00:16 | INFO     | src.trading.executor:update_account_info:125 | 账户更新: 总值$99574.54, 买入力$401574.80
2025-07-23 12:00:16 | DEBUG    | src.bot.trading_bot:_update_market_data:184 | 市场数据更新完成
2025-07-23 12:00:19 | INFO     | src.trading.executor:update_account_info:125 | 账户更新: 总值$99574.54, 买入力$401574.80
2025-07-23 12:00:19 | DEBUG    | src.bot.trading_bot:_update_market_data:184 | 市场数据更新完成
2025-07-23 12:00:23 | INFO     | src.trading.executor:update_account_info:125 | 账户更新: 总值$99574.54, 买入力$401574.80
2025-07-23 12:00:23 | DEBUG    | src.bot.trading_bot:_update_market_data:184 | 市场数据更新完成
2025-07-23 12:00:26 | INFO     | src.trading.executor:update_account_info:125 | 账户更新: 总值$99574.54, 买入力$401574.80
2025-07-23 12:00:26 | DEBUG    | src.bot.trading_bot:_update_market_data:184 | 市场数据更新完成
2025-07-23 12:00:29 | INFO     | src.trading.executor:update_account_info:125 | 账户更新: 总值$99574.54, 买入力$401574.80
2025-07-23 12:00:30 | DEBUG    | src.bot.trading_bot:_update_market_data:184 | 市场数据更新完成
2025-07-23 12:00:33 | INFO     | src.trading.executor:update_account_info:125 | 账户更新: 总值$99574.54, 买入力$401574.80
2025-07-23 12:00:33 | DEBUG    | src.bot.trading_bot:_update_market_data:184 | 市场数据更新完成
2025-07-23 12:00:37 | INFO     | src.trading.executor:update_account_info:125 | 账户更新: 总值$99574.54, 买入力$401574.80
2025-07-23 12:00:37 | DEBUG    | src.bot.trading_bot:_update_market_data:184 | 市场数据更新完成
2025-07-23 12:00:40 | INFO     | src.trading.executor:update_account_info:125 | 账户更新: 总值$99574.54, 买入力$401574.80
2025-07-23 12:00:40 | DEBUG    | src.bot.trading_bot:_update_market_data:184 | 市场数据更新完成
2025-07-23 12:00:44 | INFO     | src.trading.executor:update_account_info:125 | 账户更新: 总值$99574.54, 买入力$401574.80
2025-07-23 12:00:44 | DEBUG    | src.bot.trading_bot:_update_market_data:184 | 市场数据更新完成
2025-07-23 12:00:47 | INFO     | src.trading.executor:update_account_info:125 | 账户更新: 总值$99574.54, 买入力$401574.80
2025-07-23 12:00:47 | DEBUG    | src.bot.trading_bot:_update_market_data:184 | 市场数据更新完成
2025-07-23 12:00:50 | INFO     | src.trading.executor:update_account_info:125 | 账户更新: 总值$99574.54, 买入力$401574.80
2025-07-23 12:00:51 | DEBUG    | src.bot.trading_bot:_update_market_data:184 | 市场数据更新完成
2025-07-23 12:00:54 | INFO     | src.trading.executor:update_account_info:125 | 账户更新: 总值$99574.54, 买入力$401574.80
2025-07-23 12:00:54 | DEBUG    | src.bot.trading_bot:_update_market_data:184 | 市场数据更新完成
2025-07-23 12:00:56 | DEBUG    | src.bot.trading_bot:_update_positions_normal:259 | 📊 常规头寸更新完成
2025-07-23 12:00:57 | INFO     | src.trading.executor:update_account_info:125 | 账户更新: 总值$99574.54, 买入力$401574.80
2025-07-23 12:00:58 | DEBUG    | src.bot.trading_bot:_update_market_data:184 | 市场数据更新完成
2025-07-23 12:01:01 | INFO     | src.trading.executor:update_account_info:125 | 账户更新: 总值$99574.54, 买入力$401574.80
2025-07-23 12:01:01 | DEBUG    | src.bot.trading_bot:_update_market_data:184 | 市场数据更新完成
2025-07-23 12:01:04 | INFO     | src.trading.executor:update_account_info:125 | 账户更新: 总值$99574.54, 买入力$401574.80
2025-07-23 12:01:05 | DEBUG    | src.bot.trading_bot:_update_market_data:184 | 市场数据更新完成
2025-07-23 12:01:08 | INFO     | src.trading.executor:update_account_info:125 | 账户更新: 总值$99574.54, 买入力$401574.80
2025-07-23 12:01:08 | DEBUG    | src.bot.trading_bot:_update_market_data:184 | 市场数据更新完成
2025-07-23 12:01:11 | INFO     | src.trading.executor:update_account_info:125 | 账户更新: 总值$99574.54, 买入力$401574.80
2025-07-23 12:01:12 | DEBUG    | src.bot.trading_bot:_update_market_data:184 | 市场数据更新完成
2025-07-23 12:01:15 | INFO     | src.trading.executor:update_account_info:125 | 账户更新: 总值$99574.54, 买入力$401574.80
2025-07-23 12:01:15 | DEBUG    | src.bot.trading_bot:_update_market_data:184 | 市场数据更新完成
2025-07-23 12:01:18 | INFO     | src.trading.executor:update_account_info:125 | 账户更新: 总值$99574.54, 买入力$401574.80
2025-07-23 12:01:19 | DEBUG    | src.bot.trading_bot:_update_market_data:184 | 市场数据更新完成
2025-07-23 12:01:22 | INFO     | src.trading.executor:update_account_info:125 | 账户更新: 总值$99574.54, 买入力$401574.80
2025-07-23 12:01:22 | DEBUG    | src.bot.trading_bot:_update_market_data:184 | 市场数据更新完成
2025-07-23 12:01:25 | INFO     | src.trading.executor:update_account_info:125 | 账户更新: 总值$99574.54, 买入力$401574.80
2025-07-23 12:01:26 | DEBUG    | src.bot.trading_bot:_update_market_data:184 | 市场数据更新完成
2025-07-23 12:01:29 | INFO     | src.trading.executor:update_account_info:125 | 账户更新: 总值$99574.54, 买入力$401574.80
2025-07-23 12:01:29 | DEBUG    | src.bot.trading_bot:_update_market_data:184 | 市场数据更新完成
2025-07-23 12:01:32 | INFO     | src.trading.executor:update_account_info:125 | 账户更新: 总值$99574.54, 买入力$401574.80
2025-07-23 12:01:33 | DEBUG    | src.bot.trading_bot:_update_market_data:184 | 市场数据更新完成
2025-07-23 12:01:36 | INFO     | src.trading.executor:update_account_info:125 | 账户更新: 总值$99574.54, 买入力$401574.80
2025-07-23 12:01:36 | DEBUG    | src.bot.trading_bot:_update_market_data:184 | 市场数据更新完成
2025-07-23 12:01:40 | INFO     | src.trading.executor:update_account_info:125 | 账户更新: 总值$99574.54, 买入力$401574.80
2025-07-23 12:01:40 | DEBUG    | src.bot.trading_bot:_update_market_data:184 | 市场数据更新完成
2025-07-23 12:01:43 | INFO     | src.trading.executor:update_account_info:125 | 账户更新: 总值$99574.54, 买入力$401574.80
2025-07-23 12:01:43 | DEBUG    | src.bot.trading_bot:_update_market_data:184 | 市场数据更新完成
2025-07-23 12:01:46 | INFO     | src.trading.executor:update_account_info:125 | 账户更新: 总值$99574.54, 买入力$401574.80
2025-07-23 12:01:47 | DEBUG    | src.bot.trading_bot:_update_market_data:184 | 市场数据更新完成
2025-07-23 12:01:50 | INFO     | src.trading.executor:update_account_info:125 | 账户更新: 总值$99574.54, 买入力$401574.80
2025-07-23 12:01:50 | DEBUG    | src.bot.trading_bot:_update_market_data:184 | 市场数据更新完成
2025-07-23 12:01:53 | INFO     | src.trading.executor:update_account_info:125 | 账户更新: 总值$99574.54, 买入力$401574.80
2025-07-23 12:01:54 | DEBUG    | src.bot.trading_bot:_update_market_data:184 | 市场数据更新完成
2025-07-23 12:01:56 | DEBUG    | src.bot.trading_bot:_update_positions_normal:259 | 📊 常规头寸更新完成
2025-07-23 12:01:57 | INFO     | src.trading.executor:update_account_info:125 | 账户更新: 总值$99574.54, 买入力$401574.80
2025-07-23 12:01:57 | DEBUG    | src.bot.trading_bot:_update_market_data:184 | 市场数据更新完成
2025-07-23 12:02:00 | INFO     | src.trading.executor:update_account_info:125 | 账户更新: 总值$99574.54, 买入力$401574.80
2025-07-23 12:02:01 | DEBUG    | src.bot.trading_bot:_update_market_data:184 | 市场数据更新完成
2025-07-23 12:02:04 | INFO     | src.trading.executor:update_account_info:125 | 账户更新: 总值$99574.54, 买入力$401574.80
2025-07-23 12:02:04 | DEBUG    | src.bot.trading_bot:_update_market_data:184 | 市场数据更新完成
2025-07-23 12:02:07 | INFO     | src.trading.executor:update_account_info:125 | 账户更新: 总值$99574.54, 买入力$401574.80
2025-07-23 12:02:08 | DEBUG    | src.bot.trading_bot:_update_market_data:184 | 市场数据更新完成
2025-07-23 12:02:11 | INFO     | src.trading.executor:update_account_info:125 | 账户更新: 总值$99574.54, 买入力$401574.80
2025-07-23 12:02:11 | DEBUG    | src.bot.trading_bot:_update_market_data:184 | 市场数据更新完成
2025-07-23 12:02:14 | INFO     | src.trading.executor:update_account_info:125 | 账户更新: 总值$99574.54, 买入力$401574.80
2025-07-23 12:02:15 | DEBUG    | src.bot.trading_bot:_update_market_data:184 | 市场数据更新完成
2025-07-23 12:02:18 | INFO     | src.trading.executor:update_account_info:125 | 账户更新: 总值$99574.54, 买入力$401574.80
2025-07-23 12:02:18 | DEBUG    | src.bot.trading_bot:_update_market_data:184 | 市场数据更新完成
2025-07-23 12:02:21 | INFO     | src.trading.executor:update_account_info:125 | 账户更新: 总值$99574.54, 买入力$401574.80
2025-07-23 12:02:22 | DEBUG    | src.bot.trading_bot:_update_market_data:184 | 市场数据更新完成
2025-07-23 12:02:25 | INFO     | src.trading.executor:update_account_info:125 | 账户更新: 总值$99574.54, 买入力$401574.80
2025-07-23 12:02:25 | DEBUG    | src.bot.trading_bot:_update_market_data:184 | 市场数据更新完成
2025-07-23 12:02:28 | INFO     | src.trading.executor:update_account_info:125 | 账户更新: 总值$99574.54, 买入力$401574.80
2025-07-23 12:02:29 | DEBUG    | src.bot.trading_bot:_update_market_data:184 | 市场数据更新完成
2025-07-23 12:02:32 | INFO     | src.trading.executor:update_account_info:125 | 账户更新: 总值$99574.54, 买入力$401574.80
2025-07-23 12:02:32 | DEBUG    | src.bot.trading_bot:_update_market_data:184 | 市场数据更新完成
2025-07-23 12:02:35 | INFO     | src.trading.executor:update_account_info:125 | 账户更新: 总值$99574.54, 买入力$401574.80
2025-07-23 12:02:36 | DEBUG    | src.bot.trading_bot:_update_market_data:184 | 市场数据更新完成
2025-07-23 12:02:39 | INFO     | src.trading.executor:update_account_info:125 | 账户更新: 总值$99574.54, 买入力$401574.80
2025-07-23 12:02:39 | DEBUG    | src.bot.trading_bot:_update_market_data:184 | 市场数据更新完成
2025-07-23 12:02:43 | INFO     | src.trading.executor:update_account_info:125 | 账户更新: 总值$99574.54, 买入力$401574.80
2025-07-23 12:02:43 | DEBUG    | src.bot.trading_bot:_update_market_data:184 | 市场数据更新完成
2025-07-23 12:02:46 | INFO     | src.trading.executor:update_account_info:125 | 账户更新: 总值$99574.54, 买入力$401574.80
2025-07-23 12:02:46 | DEBUG    | src.bot.trading_bot:_update_market_data:184 | 市场数据更新完成
2025-07-23 12:02:50 | INFO     | src.trading.executor:update_account_info:125 | 账户更新: 总值$99574.54, 买入力$401574.80
2025-07-23 12:02:50 | DEBUG    | src.bot.trading_bot:_update_market_data:184 | 市场数据更新完成
2025-07-23 12:02:53 | INFO     | src.trading.executor:update_account_info:125 | 账户更新: 总值$99574.54, 买入力$401574.80
2025-07-23 12:02:53 | DEBUG    | src.bot.trading_bot:_update_market_data:184 | 市场数据更新完成
2025-07-23 12:02:56 | DEBUG    | src.bot.trading_bot:_update_positions_normal:259 | 📊 常规头寸更新完成
2025-07-23 12:02:57 | INFO     | src.trading.executor:update_account_info:125 | 账户更新: 总值$99574.54, 买入力$401574.80
2025-07-23 12:02:57 | DEBUG    | src.bot.trading_bot:_update_market_data:184 | 市场数据更新完成
2025-07-23 12:03:00 | INFO     | src.trading.executor:update_account_info:125 | 账户更新: 总值$99574.54, 买入力$401574.80
2025-07-23 12:03:00 | DEBUG    | src.bot.trading_bot:_update_market_data:184 | 市场数据更新完成
2025-07-23 12:03:03 | INFO     | src.trading.executor:update_account_info:125 | 账户更新: 总值$99574.54, 买入力$401574.80
2025-07-23 12:03:04 | DEBUG    | src.bot.trading_bot:_update_market_data:184 | 市场数据更新完成
2025-07-23 12:03:07 | INFO     | src.trading.executor:update_account_info:125 | 账户更新: 总值$99574.54, 买入力$401574.80
2025-07-23 12:03:07 | DEBUG    | src.bot.trading_bot:_update_market_data:184 | 市场数据更新完成
2025-07-23 12:03:10 | INFO     | src.trading.executor:update_account_info:125 | 账户更新: 总值$99574.54, 买入力$401574.80
2025-07-23 12:03:11 | DEBUG    | src.bot.trading_bot:_update_market_data:184 | 市场数据更新完成
2025-07-23 12:03:14 | INFO     | src.trading.executor:update_account_info:125 | 账户更新: 总值$99574.54, 买入力$401574.80
2025-07-23 12:03:14 | DEBUG    | src.bot.trading_bot:_update_market_data:184 | 市场数据更新完成
2025-07-23 12:03:18 | INFO     | src.trading.executor:update_account_info:125 | 账户更新: 总值$99574.54, 买入力$401574.80
2025-07-23 12:03:18 | DEBUG    | src.bot.trading_bot:_update_market_data:184 | 市场数据更新完成
2025-07-23 12:03:21 | INFO     | src.trading.executor:update_account_info:125 | 账户更新: 总值$99574.54, 买入力$401574.80
2025-07-23 12:03:21 | DEBUG    | src.bot.trading_bot:_update_market_data:184 | 市场数据更新完成
2025-07-23 12:03:25 | INFO     | src.trading.executor:update_account_info:125 | 账户更新: 总值$99574.54, 买入力$401574.80
2025-07-23 12:03:25 | DEBUG    | src.bot.trading_bot:_update_market_data:184 | 市场数据更新完成
2025-07-23 12:03:28 | INFO     | src.trading.executor:update_account_info:125 | 账户更新: 总值$99574.54, 买入力$401574.80
2025-07-23 12:03:28 | DEBUG    | src.bot.trading_bot:_update_market_data:184 | 市场数据更新完成
2025-07-23 12:03:31 | INFO     | src.trading.executor:update_account_info:125 | 账户更新: 总值$99574.54, 买入力$401574.80
2025-07-23 12:03:32 | DEBUG    | src.bot.trading_bot:_update_market_data:184 | 市场数据更新完成
2025-07-23 12:03:35 | INFO     | src.trading.executor:update_account_info:125 | 账户更新: 总值$99574.54, 买入力$401574.80
2025-07-23 12:03:35 | DEBUG    | src.bot.trading_bot:_update_market_data:184 | 市场数据更新完成
2025-07-23 12:03:38 | INFO     | src.trading.executor:update_account_info:125 | 账户更新: 总值$99574.54, 买入力$401574.80
2025-07-23 12:03:39 | DEBUG    | src.bot.trading_bot:_update_market_data:184 | 市场数据更新完成
2025-07-23 12:03:42 | INFO     | src.trading.executor:update_account_info:125 | 账户更新: 总值$99574.54, 买入力$401574.80
2025-07-23 12:03:42 | DEBUG    | src.bot.trading_bot:_update_market_data:184 | 市场数据更新完成
2025-07-23 12:03:46 | INFO     | src.trading.executor:update_account_info:125 | 账户更新: 总值$99574.54, 买入力$401574.80
2025-07-23 12:03:46 | DEBUG    | src.bot.trading_bot:_update_market_data:184 | 市场数据更新完成
2025-07-23 12:03:49 | INFO     | src.trading.executor:update_account_info:125 | 账户更新: 总值$99574.54, 买入力$401574.80
2025-07-23 12:03:49 | DEBUG    | src.bot.trading_bot:_update_market_data:184 | 市场数据更新完成
2025-07-23 12:03:53 | INFO     | src.trading.executor:update_account_info:125 | 账户更新: 总值$99574.54, 买入力$401574.80
2025-07-23 12:03:53 | DEBUG    | src.bot.trading_bot:_update_market_data:184 | 市场数据更新完成
2025-07-23 12:03:56 | INFO     | src.trading.executor:update_account_info:125 | 账户更新: 总值$99574.54, 买入力$401574.80
2025-07-23 12:03:56 | DEBUG    | src.bot.trading_bot:_update_market_data:184 | 市场数据更新完成
2025-07-23 12:03:57 | DEBUG    | src.bot.trading_bot:_update_positions_normal:259 | 📊 常规头寸更新完成
2025-07-23 12:04:00 | INFO     | src.trading.executor:update_account_info:125 | 账户更新: 总值$99574.54, 买入力$401574.80
2025-07-23 12:04:00 | DEBUG    | src.bot.trading_bot:_update_market_data:184 | 市场数据更新完成
2025-07-23 12:04:03 | INFO     | src.trading.executor:update_account_info:125 | 账户更新: 总值$99574.54, 买入力$401574.80
2025-07-23 12:04:03 | DEBUG    | src.bot.trading_bot:_update_market_data:184 | 市场数据更新完成
2025-07-23 12:04:07 | INFO     | src.trading.executor:update_account_info:125 | 账户更新: 总值$99574.54, 买入力$401574.80
2025-07-23 12:04:07 | DEBUG    | src.bot.trading_bot:_update_market_data:184 | 市场数据更新完成
2025-07-23 12:04:10 | INFO     | src.trading.executor:update_account_info:125 | 账户更新: 总值$99574.54, 买入力$401574.80
2025-07-23 12:04:10 | DEBUG    | src.bot.trading_bot:_update_market_data:184 | 市场数据更新完成
2025-07-23 12:04:14 | INFO     | src.trading.executor:update_account_info:125 | 账户更新: 总值$99574.54, 买入力$401574.80
2025-07-23 12:04:14 | DEBUG    | src.bot.trading_bot:_update_market_data:184 | 市场数据更新完成
2025-07-23 12:04:17 | INFO     | src.trading.executor:update_account_info:125 | 账户更新: 总值$99574.54, 买入力$401574.80
2025-07-23 12:04:17 | DEBUG    | src.bot.trading_bot:_update_market_data:184 | 市场数据更新完成
2025-07-23 12:04:21 | INFO     | src.trading.executor:update_account_info:125 | 账户更新: 总值$99574.54, 买入力$401574.80
2025-07-23 12:04:21 | DEBUG    | src.bot.trading_bot:_update_market_data:184 | 市场数据更新完成
2025-07-23 12:04:24 | INFO     | src.trading.executor:update_account_info:125 | 账户更新: 总值$99574.54, 买入力$401574.80
2025-07-23 12:04:24 | DEBUG    | src.bot.trading_bot:_update_market_data:184 | 市场数据更新完成
2025-07-23 12:04:28 | INFO     | src.trading.executor:update_account_info:125 | 账户更新: 总值$99574.54, 买入力$401574.80
2025-07-23 12:04:28 | DEBUG    | src.bot.trading_bot:_update_market_data:184 | 市场数据更新完成
2025-07-23 12:04:31 | INFO     | src.trading.executor:update_account_info:125 | 账户更新: 总值$99574.54, 买入力$401574.80
2025-07-23 12:04:31 | DEBUG    | src.bot.trading_bot:_update_market_data:184 | 市场数据更新完成
2025-07-23 12:04:35 | INFO     | src.trading.executor:update_account_info:125 | 账户更新: 总值$99574.54, 买入力$401574.80
2025-07-23 12:04:35 | DEBUG    | src.bot.trading_bot:_update_market_data:184 | 市场数据更新完成
2025-07-23 12:04:38 | INFO     | src.trading.executor:update_account_info:125 | 账户更新: 总值$99574.54, 买入力$401574.80
2025-07-23 12:04:38 | DEBUG    | src.bot.trading_bot:_update_market_data:184 | 市场数据更新完成
2025-07-23 12:04:42 | INFO     | src.trading.executor:update_account_info:125 | 账户更新: 总值$99574.54, 买入力$401574.80
2025-07-23 12:04:42 | DEBUG    | src.bot.trading_bot:_update_market_data:184 | 市场数据更新完成
2025-07-23 12:04:45 | INFO     | src.trading.executor:update_account_info:125 | 账户更新: 总值$99574.54, 买入力$401574.80
2025-07-23 12:04:45 | DEBUG    | src.bot.trading_bot:_update_market_data:184 | 市场数据更新完成
2025-07-23 12:04:49 | INFO     | src.trading.executor:update_account_info:125 | 账户更新: 总值$99574.54, 买入力$401574.80
2025-07-23 12:04:49 | DEBUG    | src.bot.trading_bot:_update_market_data:184 | 市场数据更新完成
2025-07-23 12:04:52 | INFO     | src.trading.executor:update_account_info:125 | 账户更新: 总值$99574.54, 买入力$401574.80
2025-07-23 12:04:52 | DEBUG    | src.bot.trading_bot:_update_market_data:184 | 市场数据更新完成
2025-07-23 12:04:56 | INFO     | src.trading.executor:update_account_info:125 | 账户更新: 总值$99574.54, 买入力$401574.80
2025-07-23 12:04:56 | DEBUG    | src.bot.trading_bot:_update_market_data:184 | 市场数据更新完成
2025-07-23 12:04:57 | DEBUG    | src.bot.trading_bot:_update_positions_normal:259 | 📊 常规头寸更新完成
2025-07-23 12:04:59 | INFO     | src.trading.executor:update_account_info:125 | 账户更新: 总值$99574.54, 买入力$401574.80
2025-07-23 12:04:59 | DEBUG    | src.bot.trading_bot:_update_market_data:184 | 市场数据更新完成
2025-07-23 12:05:03 | INFO     | src.trading.executor:update_account_info:125 | 账户更新: 总值$99574.54, 买入力$401574.80
2025-07-23 12:05:03 | DEBUG    | src.bot.trading_bot:_update_market_data:184 | 市场数据更新完成
2025-07-23 12:05:06 | INFO     | src.trading.executor:update_account_info:125 | 账户更新: 总值$99574.54, 买入力$401574.80
2025-07-23 12:05:07 | DEBUG    | src.bot.trading_bot:_update_market_data:184 | 市场数据更新完成
2025-07-23 12:05:10 | INFO     | src.trading.executor:update_account_info:125 | 账户更新: 总值$99574.54, 买入力$401574.80
2025-07-23 12:05:10 | DEBUG    | src.bot.trading_bot:_update_market_data:184 | 市场数据更新完成
2025-07-23 12:05:13 | INFO     | src.trading.executor:update_account_info:125 | 账户更新: 总值$99574.54, 买入力$401574.80
2025-07-23 12:05:14 | DEBUG    | src.bot.trading_bot:_update_market_data:184 | 市场数据更新完成
2025-07-23 12:05:17 | INFO     | src.trading.executor:update_account_info:125 | 账户更新: 总值$99574.54, 买入力$401574.80
2025-07-23 12:05:17 | DEBUG    | src.bot.trading_bot:_update_market_data:184 | 市场数据更新完成
2025-07-23 12:05:21 | INFO     | src.trading.executor:update_account_info:125 | 账户更新: 总值$99574.54, 买入力$401574.80
2025-07-23 12:05:21 | DEBUG    | src.bot.trading_bot:_update_market_data:184 | 市场数据更新完成
2025-07-23 12:05:24 | INFO     | src.trading.executor:update_account_info:125 | 账户更新: 总值$99574.54, 买入力$401574.80
2025-07-23 12:05:24 | DEBUG    | src.bot.trading_bot:_update_market_data:184 | 市场数据更新完成
2025-07-23 12:05:27 | INFO     | src.trading.executor:update_account_info:125 | 账户更新: 总值$99574.54, 买入力$401574.80
2025-07-23 12:05:28 | DEBUG    | src.bot.trading_bot:_update_market_data:184 | 市场数据更新完成
2025-07-23 12:05:31 | INFO     | src.trading.executor:update_account_info:125 | 账户更新: 总值$99574.54, 买入力$401574.80
2025-07-23 12:05:31 | DEBUG    | src.bot.trading_bot:_update_market_data:184 | 市场数据更新完成
2025-07-23 12:05:34 | INFO     | src.trading.executor:update_account_info:125 | 账户更新: 总值$99574.54, 买入力$401574.80
2025-07-23 12:05:35 | DEBUG    | src.bot.trading_bot:_update_market_data:184 | 市场数据更新完成
2025-07-23 12:05:38 | INFO     | src.trading.executor:update_account_info:125 | 账户更新: 总值$99574.54, 买入力$401574.80
2025-07-23 12:05:38 | DEBUG    | src.bot.trading_bot:_update_market_data:184 | 市场数据更新完成
2025-07-23 12:05:41 | INFO     | src.trading.executor:update_account_info:125 | 账户更新: 总值$99574.54, 买入力$401574.80
2025-07-23 12:05:42 | DEBUG    | src.bot.trading_bot:_update_market_data:184 | 市场数据更新完成
2025-07-23 12:05:45 | INFO     | src.trading.executor:update_account_info:125 | 账户更新: 总值$99574.54, 买入力$401574.80
2025-07-23 12:05:46 | DEBUG    | src.bot.trading_bot:_update_market_data:184 | 市场数据更新完成
2025-07-23 12:05:49 | INFO     | src.trading.executor:update_account_info:125 | 账户更新: 总值$99574.54, 买入力$401574.80
2025-07-23 12:05:50 | DEBUG    | src.bot.trading_bot:_update_market_data:184 | 市场数据更新完成
2025-07-23 12:05:53 | INFO     | src.trading.executor:update_account_info:125 | 账户更新: 总值$99574.54, 买入力$401574.80
2025-07-23 12:05:54 | DEBUG    | src.bot.trading_bot:_update_market_data:184 | 市场数据更新完成
2025-07-23 12:05:57 | INFO     | src.trading.executor:update_account_info:125 | 账户更新: 总值$99574.54, 买入力$401574.80
2025-07-23 12:05:57 | DEBUG    | src.bot.trading_bot:_update_market_data:184 | 市场数据更新完成
2025-07-23 12:05:58 | DEBUG    | src.bot.trading_bot:_update_positions_normal:259 | 📊 常规头寸更新完成
2025-07-23 12:06:00 | INFO     | src.trading.executor:update_account_info:125 | 账户更新: 总值$99574.54, 买入力$401574.80
2025-07-23 12:06:01 | DEBUG    | src.bot.trading_bot:_update_market_data:184 | 市场数据更新完成
2025-07-23 12:06:04 | INFO     | src.trading.executor:update_account_info:125 | 账户更新: 总值$99574.54, 买入力$401574.80
2025-07-23 12:06:04 | DEBUG    | src.bot.trading_bot:_update_market_data:184 | 市场数据更新完成
2025-07-23 12:06:07 | INFO     | src.trading.executor:update_account_info:125 | 账户更新: 总值$99574.54, 买入力$401574.80
2025-07-23 12:06:08 | DEBUG    | src.bot.trading_bot:_update_market_data:184 | 市场数据更新完成
2025-07-23 12:06:11 | INFO     | src.trading.executor:update_account_info:125 | 账户更新: 总值$99574.54, 买入力$401574.80
2025-07-23 12:06:11 | DEBUG    | src.bot.trading_bot:_update_market_data:184 | 市场数据更新完成
2025-07-23 12:06:14 | INFO     | src.trading.executor:update_account_info:125 | 账户更新: 总值$99574.54, 买入力$401574.80
2025-07-23 12:06:15 | DEBUG    | src.bot.trading_bot:_update_market_data:184 | 市场数据更新完成
2025-07-23 12:06:18 | INFO     | src.trading.executor:update_account_info:125 | 账户更新: 总值$99574.54, 买入力$401574.80
2025-07-23 12:06:18 | DEBUG    | src.bot.trading_bot:_update_market_data:184 | 市场数据更新完成
2025-07-23 12:06:21 | INFO     | src.trading.executor:update_account_info:125 | 账户更新: 总值$99574.54, 买入力$401574.80
2025-07-23 12:06:22 | DEBUG    | src.bot.trading_bot:_update_market_data:184 | 市场数据更新完成
2025-07-23 12:06:25 | INFO     | src.trading.executor:update_account_info:125 | 账户更新: 总值$99574.54, 买入力$401574.80
2025-07-23 12:06:25 | DEBUG    | src.bot.trading_bot:_update_market_data:184 | 市场数据更新完成
2025-07-23 12:06:29 | INFO     | src.trading.executor:update_account_info:125 | 账户更新: 总值$99574.54, 买入力$401574.80
2025-07-23 12:06:29 | DEBUG    | src.bot.trading_bot:_update_market_data:184 | 市场数据更新完成
2025-07-23 12:06:32 | INFO     | src.trading.executor:update_account_info:125 | 账户更新: 总值$99574.54, 买入力$401574.80
2025-07-23 12:06:32 | DEBUG    | src.bot.trading_bot:_update_market_data:184 | 市场数据更新完成
2025-07-23 12:06:36 | INFO     | src.trading.executor:update_account_info:125 | 账户更新: 总值$99574.54, 买入力$401574.80
2025-07-23 12:06:36 | DEBUG    | src.bot.trading_bot:_update_market_data:184 | 市场数据更新完成
2025-07-23 12:06:39 | INFO     | src.trading.executor:update_account_info:125 | 账户更新: 总值$99574.54, 买入力$401574.80
2025-07-23 12:06:39 | DEBUG    | src.bot.trading_bot:_update_market_data:184 | 市场数据更新完成
2025-07-23 12:06:43 | INFO     | src.trading.executor:update_account_info:125 | 账户更新: 总值$99574.54, 买入力$401574.80
2025-07-23 12:06:43 | DEBUG    | src.bot.trading_bot:_update_market_data:184 | 市场数据更新完成
2025-07-23 12:06:46 | INFO     | src.trading.executor:update_account_info:125 | 账户更新: 总值$99574.54, 买入力$401574.80
2025-07-23 12:06:47 | DEBUG    | src.bot.trading_bot:_update_market_data:184 | 市场数据更新完成
2025-07-23 12:06:50 | INFO     | src.trading.executor:update_account_info:125 | 账户更新: 总值$99574.54, 买入力$401574.80
2025-07-23 12:06:50 | DEBUG    | src.bot.trading_bot:_update_market_data:184 | 市场数据更新完成
2025-07-23 12:06:54 | INFO     | src.trading.executor:update_account_info:125 | 账户更新: 总值$99574.54, 买入力$401574.80
2025-07-23 12:06:54 | DEBUG    | src.bot.trading_bot:_update_market_data:184 | 市场数据更新完成
2025-07-23 12:06:57 | INFO     | src.trading.executor:update_account_info:125 | 账户更新: 总值$99574.54, 买入力$401574.80
2025-07-23 12:06:58 | DEBUG    | src.bot.trading_bot:_update_market_data:184 | 市场数据更新完成
2025-07-23 12:06:58 | DEBUG    | src.bot.trading_bot:_update_positions_normal:259 | 📊 常规头寸更新完成
2025-07-23 12:07:01 | INFO     | src.trading.executor:update_account_info:125 | 账户更新: 总值$99574.54, 买入力$401574.80
2025-07-23 12:07:01 | DEBUG    | src.bot.trading_bot:_update_market_data:184 | 市场数据更新完成
2025-07-23 12:07:04 | INFO     | src.trading.executor:update_account_info:125 | 账户更新: 总值$99574.54, 买入力$401574.80
2025-07-23 12:07:05 | DEBUG    | src.bot.trading_bot:_update_market_data:184 | 市场数据更新完成
2025-07-23 12:07:08 | INFO     | src.trading.executor:update_account_info:125 | 账户更新: 总值$99574.54, 买入力$401574.80
2025-07-23 12:07:09 | DEBUG    | src.bot.trading_bot:_update_market_data:184 | 市场数据更新完成
2025-07-23 12:07:12 | INFO     | src.trading.executor:update_account_info:125 | 账户更新: 总值$99574.54, 买入力$401574.80
2025-07-23 12:07:12 | DEBUG    | src.bot.trading_bot:_update_market_data:184 | 市场数据更新完成
2025-07-23 12:07:15 | INFO     | src.trading.executor:update_account_info:125 | 账户更新: 总值$99574.54, 买入力$401574.80
2025-07-23 12:07:16 | DEBUG    | src.bot.trading_bot:_update_market_data:184 | 市场数据更新完成
2025-07-23 12:07:19 | INFO     | src.trading.executor:update_account_info:125 | 账户更新: 总值$99574.54, 买入力$401574.80
2025-07-23 12:07:19 | DEBUG    | src.bot.trading_bot:_update_market_data:184 | 市场数据更新完成
2025-07-23 12:07:22 | INFO     | src.trading.executor:update_account_info:125 | 账户更新: 总值$99574.54, 买入力$401574.80
2025-07-23 12:07:22 | DEBUG    | src.bot.trading_bot:_update_market_data:184 | 市场数据更新完成
2025-07-23 12:07:26 | INFO     | src.trading.executor:update_account_info:125 | 账户更新: 总值$99574.54, 买入力$401574.80
2025-07-23 12:07:26 | DEBUG    | src.bot.trading_bot:_update_market_data:184 | 市场数据更新完成
2025-07-23 12:07:29 | INFO     | src.trading.executor:update_account_info:125 | 账户更新: 总值$99574.54, 买入力$401574.80
2025-07-23 12:07:30 | DEBUG    | src.bot.trading_bot:_update_market_data:184 | 市场数据更新完成
2025-07-23 12:07:33 | INFO     | src.trading.executor:update_account_info:125 | 账户更新: 总值$99574.54, 买入力$401574.80
2025-07-23 12:07:33 | DEBUG    | src.bot.trading_bot:_update_market_data:184 | 市场数据更新完成
2025-07-23 12:07:36 | INFO     | src.trading.executor:update_account_info:125 | 账户更新: 总值$99574.54, 买入力$401574.80
2025-07-23 12:07:37 | DEBUG    | src.bot.trading_bot:_update_market_data:184 | 市场数据更新完成
2025-07-23 12:07:40 | INFO     | src.trading.executor:update_account_info:125 | 账户更新: 总值$99574.54, 买入力$401574.80
2025-07-23 12:07:40 | DEBUG    | src.bot.trading_bot:_update_market_data:184 | 市场数据更新完成
2025-07-23 12:07:43 | INFO     | src.trading.executor:update_account_info:125 | 账户更新: 总值$99574.54, 买入力$401574.80
2025-07-23 12:07:44 | DEBUG    | src.bot.trading_bot:_update_market_data:184 | 市场数据更新完成
2025-07-23 12:07:47 | INFO     | src.trading.executor:update_account_info:125 | 账户更新: 总值$99574.54, 买入力$401574.80
2025-07-23 12:07:47 | DEBUG    | src.bot.trading_bot:_update_market_data:184 | 市场数据更新完成
2025-07-23 12:07:50 | INFO     | src.trading.executor:update_account_info:125 | 账户更新: 总值$99574.54, 买入力$401574.80
2025-07-23 12:07:51 | DEBUG    | src.bot.trading_bot:_update_market_data:184 | 市场数据更新完成
2025-07-23 12:07:54 | INFO     | src.trading.executor:update_account_info:125 | 账户更新: 总值$99574.54, 买入力$401574.80
2025-07-23 12:07:54 | DEBUG    | src.bot.trading_bot:_update_market_data:184 | 市场数据更新完成
2025-07-23 12:07:57 | INFO     | src.trading.executor:update_account_info:125 | 账户更新: 总值$99574.54, 买入力$401574.80
2025-07-23 12:07:57 | DEBUG    | src.bot.trading_bot:_update_market_data:184 | 市场数据更新完成
2025-07-23 12:07:58 | DEBUG    | src.bot.trading_bot:_update_positions_normal:259 | 📊 常规头寸更新完成
2025-07-23 12:08:01 | INFO     | src.trading.executor:update_account_info:125 | 账户更新: 总值$99574.54, 买入力$401574.80
2025-07-23 12:08:01 | DEBUG    | src.bot.trading_bot:_update_market_data:184 | 市场数据更新完成
2025-07-23 12:08:04 | INFO     | src.trading.executor:update_account_info:125 | 账户更新: 总值$99574.54, 买入力$401574.80
2025-07-23 12:08:05 | DEBUG    | src.bot.trading_bot:_update_market_data:184 | 市场数据更新完成
2025-07-23 12:08:08 | INFO     | src.trading.executor:update_account_info:125 | 账户更新: 总值$99574.54, 买入力$401574.80
2025-07-23 12:08:08 | DEBUG    | src.bot.trading_bot:_update_market_data:184 | 市场数据更新完成
2025-07-23 12:08:11 | INFO     | src.trading.executor:update_account_info:125 | 账户更新: 总值$99574.54, 买入力$401574.80
2025-07-23 12:08:12 | DEBUG    | src.bot.trading_bot:_update_market_data:184 | 市场数据更新完成
2025-07-23 12:08:15 | INFO     | src.trading.executor:update_account_info:125 | 账户更新: 总值$99574.54, 买入力$401574.80
2025-07-23 12:08:15 | DEBUG    | src.bot.trading_bot:_update_market_data:184 | 市场数据更新完成
2025-07-23 12:08:18 | INFO     | src.trading.executor:update_account_info:125 | 账户更新: 总值$99574.54, 买入力$401574.80
2025-07-23 12:08:19 | DEBUG    | src.bot.trading_bot:_update_market_data:184 | 市场数据更新完成
2025-07-23 12:08:22 | INFO     | src.trading.executor:update_account_info:125 | 账户更新: 总值$99574.54, 买入力$401574.80
2025-07-23 12:08:22 | DEBUG    | src.bot.trading_bot:_update_market_data:184 | 市场数据更新完成
2025-07-23 12:08:25 | INFO     | src.trading.executor:update_account_info:125 | 账户更新: 总值$99574.54, 买入力$401574.80
2025-07-23 12:08:26 | DEBUG    | src.bot.trading_bot:_update_market_data:184 | 市场数据更新完成
2025-07-23 12:08:29 | INFO     | src.trading.executor:update_account_info:125 | 账户更新: 总值$99574.54, 买入力$401574.80
2025-07-23 12:08:29 | DEBUG    | src.bot.trading_bot:_update_market_data:184 | 市场数据更新完成
2025-07-23 12:08:32 | INFO     | src.trading.executor:update_account_info:125 | 账户更新: 总值$99574.54, 买入力$401574.80
2025-07-23 12:08:33 | DEBUG    | src.bot.trading_bot:_update_market_data:184 | 市场数据更新完成
2025-07-23 12:08:36 | INFO     | src.trading.executor:update_account_info:125 | 账户更新: 总值$99574.54, 买入力$401574.80
2025-07-23 12:08:36 | DEBUG    | src.bot.trading_bot:_update_market_data:184 | 市场数据更新完成
2025-07-23 12:08:39 | INFO     | src.trading.executor:update_account_info:125 | 账户更新: 总值$99574.54, 买入力$401574.80
2025-07-23 12:08:40 | DEBUG    | src.bot.trading_bot:_update_market_data:184 | 市场数据更新完成
2025-07-23 12:08:43 | INFO     | src.trading.executor:update_account_info:125 | 账户更新: 总值$99574.54, 买入力$401574.80
2025-07-23 12:08:43 | DEBUG    | src.bot.trading_bot:_update_market_data:184 | 市场数据更新完成
2025-07-23 12:08:46 | INFO     | src.trading.executor:update_account_info:125 | 账户更新: 总值$99574.54, 买入力$401574.80
2025-07-23 12:08:47 | DEBUG    | src.bot.trading_bot:_update_market_data:184 | 市场数据更新完成
2025-07-23 12:08:50 | INFO     | src.trading.executor:update_account_info:125 | 账户更新: 总值$99574.54, 买入力$401574.80
2025-07-23 12:08:50 | DEBUG    | src.bot.trading_bot:_update_market_data:184 | 市场数据更新完成
2025-07-23 12:08:53 | INFO     | src.trading.executor:update_account_info:125 | 账户更新: 总值$99574.54, 买入力$401574.80
2025-07-23 12:08:54 | DEBUG    | src.bot.trading_bot:_update_market_data:184 | 市场数据更新完成
2025-07-23 12:08:57 | INFO     | src.trading.executor:update_account_info:125 | 账户更新: 总值$99574.54, 买入力$401574.80
2025-07-23 12:08:57 | DEBUG    | src.bot.trading_bot:_update_market_data:184 | 市场数据更新完成
2025-07-23 12:08:59 | DEBUG    | src.bot.trading_bot:_update_positions_normal:259 | 📊 常规头寸更新完成
2025-07-23 12:09:00 | INFO     | src.trading.executor:update_account_info:125 | 账户更新: 总值$99574.54, 买入力$401574.80
2025-07-23 12:09:00 | DEBUG    | src.bot.trading_bot:_update_market_data:184 | 市场数据更新完成
2025-07-23 12:09:04 | INFO     | src.trading.executor:update_account_info:125 | 账户更新: 总值$99574.54, 买入力$401574.80
2025-07-23 12:09:04 | DEBUG    | src.bot.trading_bot:_update_market_data:184 | 市场数据更新完成
2025-07-23 12:09:07 | INFO     | src.trading.executor:update_account_info:125 | 账户更新: 总值$99574.54, 买入力$401574.80
2025-07-23 12:09:08 | DEBUG    | src.bot.trading_bot:_update_market_data:184 | 市场数据更新完成
2025-07-23 12:09:11 | INFO     | src.trading.executor:update_account_info:125 | 账户更新: 总值$99574.54, 买入力$401574.80
2025-07-23 12:09:11 | DEBUG    | src.bot.trading_bot:_update_market_data:184 | 市场数据更新完成
2025-07-23 12:09:14 | INFO     | src.trading.executor:update_account_info:125 | 账户更新: 总值$99574.54, 买入力$401574.80
2025-07-23 12:09:15 | DEBUG    | src.bot.trading_bot:_update_market_data:184 | 市场数据更新完成
2025-07-23 12:09:18 | INFO     | src.trading.executor:update_account_info:125 | 账户更新: 总值$99574.54, 买入力$401574.80
2025-07-23 12:09:18 | DEBUG    | src.bot.trading_bot:_update_market_data:184 | 市场数据更新完成
2025-07-23 12:09:21 | INFO     | src.trading.executor:update_account_info:125 | 账户更新: 总值$99574.54, 买入力$401574.80
2025-07-23 12:09:21 | DEBUG    | src.bot.trading_bot:_update_market_data:184 | 市场数据更新完成
2025-07-23 12:09:25 | INFO     | src.trading.executor:update_account_info:125 | 账户更新: 总值$99574.54, 买入力$401574.80
2025-07-23 12:09:25 | DEBUG    | src.bot.trading_bot:_update_market_data:184 | 市场数据更新完成
2025-07-23 12:09:28 | INFO     | src.trading.executor:update_account_info:125 | 账户更新: 总值$99574.54, 买入力$401574.80
2025-07-23 12:09:29 | DEBUG    | src.bot.trading_bot:_update_market_data:184 | 市场数据更新完成
2025-07-23 12:09:32 | INFO     | src.trading.executor:update_account_info:125 | 账户更新: 总值$99574.54, 买入力$401574.80
2025-07-23 12:09:32 | DEBUG    | src.bot.trading_bot:_update_market_data:184 | 市场数据更新完成
2025-07-23 12:09:36 | INFO     | src.trading.executor:update_account_info:125 | 账户更新: 总值$99574.54, 买入力$401574.80
2025-07-23 12:09:36 | DEBUG    | src.bot.trading_bot:_update_market_data:184 | 市场数据更新完成
2025-07-23 12:09:39 | INFO     | src.trading.executor:update_account_info:125 | 账户更新: 总值$99574.54, 买入力$401574.80
2025-07-23 12:09:39 | DEBUG    | src.bot.trading_bot:_update_market_data:184 | 市场数据更新完成
2025-07-23 12:09:43 | INFO     | src.trading.executor:update_account_info:125 | 账户更新: 总值$99574.54, 买入力$401574.80
2025-07-23 12:09:43 | DEBUG    | src.bot.trading_bot:_update_market_data:184 | 市场数据更新完成
2025-07-23 12:09:46 | INFO     | src.trading.executor:update_account_info:125 | 账户更新: 总值$99574.54, 买入力$401574.80
2025-07-23 12:09:46 | DEBUG    | src.bot.trading_bot:_update_market_data:184 | 市场数据更新完成
2025-07-23 12:09:50 | INFO     | src.trading.executor:update_account_info:125 | 账户更新: 总值$99574.54, 买入力$401574.80
2025-07-23 12:09:50 | DEBUG    | src.bot.trading_bot:_update_market_data:184 | 市场数据更新完成
2025-07-23 12:09:53 | INFO     | src.trading.executor:update_account_info:125 | 账户更新: 总值$99574.54, 买入力$401574.80
2025-07-23 12:09:53 | DEBUG    | src.bot.trading_bot:_update_market_data:184 | 市场数据更新完成
2025-07-23 12:09:57 | INFO     | src.trading.executor:update_account_info:125 | 账户更新: 总值$99574.54, 买入力$401574.80
2025-07-23 12:09:57 | DEBUG    | src.bot.trading_bot:_update_market_data:184 | 市场数据更新完成
2025-07-23 12:09:59 | DEBUG    | src.bot.trading_bot:_update_positions_normal:259 | 📊 常规头寸更新完成
2025-07-23 12:10:00 | INFO     | src.trading.executor:update_account_info:125 | 账户更新: 总值$99574.54, 买入力$401574.80
2025-07-23 12:10:00 | DEBUG    | src.bot.trading_bot:_update_market_data:184 | 市场数据更新完成
2025-07-23 12:10:04 | INFO     | src.trading.executor:update_account_info:125 | 账户更新: 总值$99574.54, 买入力$401574.80
2025-07-23 12:10:04 | DEBUG    | src.bot.trading_bot:_update_market_data:184 | 市场数据更新完成
2025-07-23 12:10:07 | INFO     | src.trading.executor:update_account_info:125 | 账户更新: 总值$99574.54, 买入力$401574.80
2025-07-23 12:10:08 | DEBUG    | src.bot.trading_bot:_update_market_data:184 | 市场数据更新完成
2025-07-23 12:10:11 | INFO     | src.trading.executor:update_account_info:125 | 账户更新: 总值$99574.54, 买入力$401574.80
2025-07-23 12:10:11 | DEBUG    | src.bot.trading_bot:_update_market_data:184 | 市场数据更新完成
2025-07-23 12:10:14 | INFO     | src.trading.executor:update_account_info:125 | 账户更新: 总值$99574.54, 买入力$401574.80
2025-07-23 12:10:15 | DEBUG    | src.bot.trading_bot:_update_market_data:184 | 市场数据更新完成
2025-07-23 12:10:18 | INFO     | src.trading.executor:update_account_info:125 | 账户更新: 总值$99574.54, 买入力$401574.80
2025-07-23 12:10:18 | DEBUG    | src.bot.trading_bot:_update_market_data:184 | 市场数据更新完成
2025-07-23 12:10:21 | INFO     | src.trading.executor:update_account_info:125 | 账户更新: 总值$99574.54, 买入力$401574.80
2025-07-23 12:10:21 | DEBUG    | src.bot.trading_bot:_update_market_data:184 | 市场数据更新完成
2025-07-23 12:10:25 | INFO     | src.trading.executor:update_account_info:125 | 账户更新: 总值$99574.54, 买入力$401574.80
2025-07-23 12:10:25 | DEBUG    | src.bot.trading_bot:_update_market_data:184 | 市场数据更新完成
2025-07-23 12:10:28 | INFO     | src.trading.executor:update_account_info:125 | 账户更新: 总值$99574.54, 买入力$401574.80
2025-07-23 12:10:29 | DEBUG    | src.bot.trading_bot:_update_market_data:184 | 市场数据更新完成
2025-07-23 12:10:32 | INFO     | src.trading.executor:update_account_info:125 | 账户更新: 总值$99574.54, 买入力$401574.80
2025-07-23 12:10:32 | DEBUG    | src.bot.trading_bot:_update_market_data:184 | 市场数据更新完成
2025-07-23 12:10:36 | INFO     | src.trading.executor:update_account_info:125 | 账户更新: 总值$99574.54, 买入力$401574.80
2025-07-23 12:10:36 | DEBUG    | src.bot.trading_bot:_update_market_data:184 | 市场数据更新完成
2025-07-23 12:10:39 | INFO     | src.trading.executor:update_account_info:125 | 账户更新: 总值$99574.54, 买入力$401574.80
2025-07-23 12:10:39 | DEBUG    | src.bot.trading_bot:_update_market_data:184 | 市场数据更新完成
2025-07-23 12:10:43 | INFO     | src.trading.executor:update_account_info:125 | 账户更新: 总值$99574.54, 买入力$401574.80
2025-07-23 12:10:43 | DEBUG    | src.bot.trading_bot:_update_market_data:184 | 市场数据更新完成
2025-07-23 12:10:46 | INFO     | src.trading.executor:update_account_info:125 | 账户更新: 总值$99574.54, 买入力$401574.80
2025-07-23 12:10:46 | DEBUG    | src.bot.trading_bot:_update_market_data:184 | 市场数据更新完成
2025-07-23 12:10:50 | INFO     | src.trading.executor:update_account_info:125 | 账户更新: 总值$99574.54, 买入力$401574.80
2025-07-23 12:10:50 | DEBUG    | src.bot.trading_bot:_update_market_data:184 | 市场数据更新完成
2025-07-23 12:10:53 | INFO     | src.trading.executor:update_account_info:125 | 账户更新: 总值$99574.54, 买入力$401574.80
2025-07-23 12:10:53 | DEBUG    | src.bot.trading_bot:_update_market_data:184 | 市场数据更新完成
2025-07-23 12:10:57 | INFO     | src.trading.executor:update_account_info:125 | 账户更新: 总值$99574.54, 买入力$401574.80
2025-07-23 12:10:57 | DEBUG    | src.bot.trading_bot:_update_market_data:184 | 市场数据更新完成
2025-07-23 12:10:59 | DEBUG    | src.bot.trading_bot:_update_positions_normal:259 | 📊 常规头寸更新完成
2025-07-23 12:11:00 | INFO     | src.trading.executor:update_account_info:125 | 账户更新: 总值$99574.54, 买入力$401574.80
2025-07-23 12:11:00 | DEBUG    | src.bot.trading_bot:_update_market_data:184 | 市场数据更新完成
2025-07-23 12:11:04 | INFO     | src.trading.executor:update_account_info:125 | 账户更新: 总值$99574.54, 买入力$401574.80
2025-07-23 12:11:04 | DEBUG    | src.bot.trading_bot:_update_market_data:184 | 市场数据更新完成
2025-07-23 12:11:07 | INFO     | src.trading.executor:update_account_info:125 | 账户更新: 总值$99574.54, 买入力$401574.80
2025-07-23 12:11:07 | DEBUG    | src.bot.trading_bot:_update_market_data:184 | 市场数据更新完成
2025-07-23 12:11:11 | INFO     | src.trading.executor:update_account_info:125 | 账户更新: 总值$99574.54, 买入力$401574.80
2025-07-23 12:11:11 | DEBUG    | src.bot.trading_bot:_update_market_data:184 | 市场数据更新完成
2025-07-23 12:11:14 | INFO     | src.trading.executor:update_account_info:125 | 账户更新: 总值$99574.54, 买入力$401574.80
2025-07-23 12:11:14 | DEBUG    | src.bot.trading_bot:_update_market_data:184 | 市场数据更新完成
2025-07-23 12:11:18 | INFO     | src.trading.executor:update_account_info:125 | 账户更新: 总值$99574.54, 买入力$401574.80
2025-07-23 12:11:18 | DEBUG    | src.bot.trading_bot:_update_market_data:184 | 市场数据更新完成
2025-07-23 12:11:21 | INFO     | src.trading.executor:update_account_info:125 | 账户更新: 总值$99574.54, 买入力$401574.80
2025-07-23 12:11:21 | DEBUG    | src.bot.trading_bot:_update_market_data:184 | 市场数据更新完成
2025-07-23 12:11:25 | INFO     | src.trading.executor:update_account_info:125 | 账户更新: 总值$99574.54, 买入力$401574.80
2025-07-23 12:11:25 | DEBUG    | src.bot.trading_bot:_update_market_data:184 | 市场数据更新完成
2025-07-23 12:11:28 | INFO     | src.trading.executor:update_account_info:125 | 账户更新: 总值$99574.54, 买入力$401574.80
2025-07-23 12:11:28 | DEBUG    | src.bot.trading_bot:_update_market_data:184 | 市场数据更新完成
2025-07-23 12:11:32 | INFO     | src.trading.executor:update_account_info:125 | 账户更新: 总值$99574.54, 买入力$401574.80
2025-07-23 12:11:32 | DEBUG    | src.bot.trading_bot:_update_market_data:184 | 市场数据更新完成
2025-07-23 12:11:35 | INFO     | src.trading.executor:update_account_info:125 | 账户更新: 总值$99574.54, 买入力$401574.80
2025-07-23 12:11:35 | DEBUG    | src.bot.trading_bot:_update_market_data:184 | 市场数据更新完成
2025-07-23 12:11:39 | INFO     | src.trading.executor:update_account_info:125 | 账户更新: 总值$99574.54, 买入力$401574.80
2025-07-23 12:11:39 | DEBUG    | src.bot.trading_bot:_update_market_data:184 | 市场数据更新完成
2025-07-23 12:11:42 | INFO     | src.trading.executor:update_account_info:125 | 账户更新: 总值$99574.54, 买入力$401574.80
2025-07-23 12:11:43 | DEBUG    | src.bot.trading_bot:_update_market_data:184 | 市场数据更新完成
2025-07-23 12:11:46 | INFO     | src.trading.executor:update_account_info:125 | 账户更新: 总值$99574.54, 买入力$401574.80
2025-07-23 12:11:46 | DEBUG    | src.bot.trading_bot:_update_market_data:184 | 市场数据更新完成
2025-07-23 12:11:49 | INFO     | src.trading.executor:update_account_info:125 | 账户更新: 总值$99574.54, 买入力$401574.80
2025-07-23 12:11:50 | DEBUG    | src.bot.trading_bot:_update_market_data:184 | 市场数据更新完成
2025-07-23 12:11:53 | INFO     | src.trading.executor:update_account_info:125 | 账户更新: 总值$99574.54, 买入力$401574.80
2025-07-23 12:11:53 | DEBUG    | src.bot.trading_bot:_update_market_data:184 | 市场数据更新完成
2025-07-23 12:11:56 | INFO     | src.trading.executor:update_account_info:125 | 账户更新: 总值$99574.54, 买入力$401574.80
2025-07-23 12:11:56 | DEBUG    | src.bot.trading_bot:_update_market_data:184 | 市场数据更新完成
2025-07-23 12:12:00 | DEBUG    | src.bot.trading_bot:_update_positions_normal:259 | 📊 常规头寸更新完成
2025-07-23 12:12:00 | INFO     | src.trading.executor:update_account_info:125 | 账户更新: 总值$99574.54, 买入力$401574.80
2025-07-23 12:12:00 | DEBUG    | src.bot.trading_bot:_update_market_data:184 | 市场数据更新完成
2025-07-23 12:12:03 | INFO     | src.trading.executor:update_account_info:125 | 账户更新: 总值$99574.54, 买入力$401574.80
2025-07-23 12:12:03 | DEBUG    | src.bot.trading_bot:_update_market_data:184 | 市场数据更新完成
2025-07-23 12:12:07 | INFO     | src.trading.executor:update_account_info:125 | 账户更新: 总值$99574.54, 买入力$401574.80
2025-07-23 12:12:07 | DEBUG    | src.bot.trading_bot:_update_market_data:184 | 市场数据更新完成
2025-07-23 12:12:10 | INFO     | src.trading.executor:update_account_info:125 | 账户更新: 总值$99574.54, 买入力$401574.80
2025-07-23 12:12:10 | DEBUG    | src.bot.trading_bot:_update_market_data:184 | 市场数据更新完成
2025-07-23 12:12:14 | INFO     | src.trading.executor:update_account_info:125 | 账户更新: 总值$99574.54, 买入力$401574.80
2025-07-23 12:12:14 | DEBUG    | src.bot.trading_bot:_update_market_data:184 | 市场数据更新完成
2025-07-23 12:12:17 | INFO     | src.trading.executor:update_account_info:125 | 账户更新: 总值$99574.54, 买入力$401574.80
2025-07-23 12:12:18 | DEBUG    | src.bot.trading_bot:_update_market_data:184 | 市场数据更新完成
2025-07-23 12:12:21 | INFO     | src.trading.executor:update_account_info:125 | 账户更新: 总值$99574.54, 买入力$401574.80
2025-07-23 12:12:21 | DEBUG    | src.bot.trading_bot:_update_market_data:184 | 市场数据更新完成
2025-07-23 12:12:24 | INFO     | src.trading.executor:update_account_info:125 | 账户更新: 总值$99574.54, 买入力$401574.80
2025-07-23 12:12:24 | DEBUG    | src.bot.trading_bot:_update_market_data:184 | 市场数据更新完成
2025-07-23 12:12:28 | INFO     | src.trading.executor:update_account_info:125 | 账户更新: 总值$99574.54, 买入力$401574.80
2025-07-23 12:12:28 | DEBUG    | src.bot.trading_bot:_update_market_data:184 | 市场数据更新完成
2025-07-23 12:12:31 | INFO     | src.trading.executor:update_account_info:125 | 账户更新: 总值$99574.54, 买入力$401574.80
2025-07-23 12:12:31 | DEBUG    | src.bot.trading_bot:_update_market_data:184 | 市场数据更新完成
2025-07-23 12:12:35 | INFO     | src.trading.executor:update_account_info:125 | 账户更新: 总值$99574.54, 买入力$401574.80
2025-07-23 12:12:35 | DEBUG    | src.bot.trading_bot:_update_market_data:184 | 市场数据更新完成
2025-07-23 12:12:38 | INFO     | src.trading.executor:update_account_info:125 | 账户更新: 总值$99574.54, 买入力$401574.80
2025-07-23 12:12:38 | DEBUG    | src.bot.trading_bot:_update_market_data:184 | 市场数据更新完成
2025-07-23 12:12:42 | INFO     | src.trading.executor:update_account_info:125 | 账户更新: 总值$99574.54, 买入力$401574.80
2025-07-23 12:12:42 | DEBUG    | src.bot.trading_bot:_update_market_data:184 | 市场数据更新完成
2025-07-23 12:12:45 | INFO     | src.trading.executor:update_account_info:125 | 账户更新: 总值$99574.54, 买入力$401574.80
2025-07-23 12:12:46 | DEBUG    | src.bot.trading_bot:_update_market_data:184 | 市场数据更新完成
2025-07-23 12:12:49 | INFO     | src.trading.executor:update_account_info:125 | 账户更新: 总值$99574.54, 买入力$401574.80
2025-07-23 12:12:49 | DEBUG    | src.bot.trading_bot:_update_market_data:184 | 市场数据更新完成
2025-07-23 12:12:52 | INFO     | src.trading.executor:update_account_info:125 | 账户更新: 总值$99574.54, 买入力$401574.80
2025-07-23 12:12:52 | DEBUG    | src.bot.trading_bot:_update_market_data:184 | 市场数据更新完成
2025-07-23 12:12:56 | INFO     | src.trading.executor:update_account_info:125 | 账户更新: 总值$99574.54, 买入力$401574.80
2025-07-23 12:12:56 | DEBUG    | src.bot.trading_bot:_update_market_data:184 | 市场数据更新完成
2025-07-23 12:12:59 | INFO     | src.trading.executor:update_account_info:125 | 账户更新: 总值$99574.54, 买入力$401574.80
2025-07-23 12:12:59 | DEBUG    | src.bot.trading_bot:_update_market_data:184 | 市场数据更新完成
2025-07-23 12:13:00 | DEBUG    | src.bot.trading_bot:_update_positions_normal:259 | 📊 常规头寸更新完成
2025-07-23 12:13:03 | INFO     | src.trading.executor:update_account_info:125 | 账户更新: 总值$99574.54, 买入力$401574.80
2025-07-23 12:13:03 | DEBUG    | src.bot.trading_bot:_update_market_data:184 | 市场数据更新完成
2025-07-23 12:13:06 | INFO     | src.trading.executor:update_account_info:125 | 账户更新: 总值$99574.54, 买入力$401574.80
2025-07-23 12:13:06 | DEBUG    | src.bot.trading_bot:_update_market_data:184 | 市场数据更新完成
2025-07-23 12:13:10 | INFO     | src.trading.executor:update_account_info:125 | 账户更新: 总值$99574.54, 买入力$401574.80
2025-07-23 12:13:10 | DEBUG    | src.bot.trading_bot:_update_market_data:184 | 市场数据更新完成
2025-07-23 12:13:13 | INFO     | src.trading.executor:update_account_info:125 | 账户更新: 总值$99574.54, 买入力$401574.80
2025-07-23 12:13:13 | DEBUG    | src.bot.trading_bot:_update_market_data:184 | 市场数据更新完成
2025-07-23 12:13:17 | INFO     | src.trading.executor:update_account_info:125 | 账户更新: 总值$99574.54, 买入力$401574.80
2025-07-23 12:13:17 | DEBUG    | src.bot.trading_bot:_update_market_data:184 | 市场数据更新完成
2025-07-23 12:13:20 | INFO     | src.trading.executor:update_account_info:125 | 账户更新: 总值$99574.54, 买入力$401574.80
2025-07-23 12:13:20 | DEBUG    | src.bot.trading_bot:_update_market_data:184 | 市场数据更新完成
2025-07-23 12:13:24 | INFO     | src.trading.executor:update_account_info:125 | 账户更新: 总值$99574.54, 买入力$401574.80
2025-07-23 12:13:24 | DEBUG    | src.bot.trading_bot:_update_market_data:184 | 市场数据更新完成
2025-07-23 12:13:27 | INFO     | src.trading.executor:update_account_info:125 | 账户更新: 总值$99574.54, 买入力$401574.80
2025-07-23 12:13:27 | DEBUG    | src.bot.trading_bot:_update_market_data:184 | 市场数据更新完成
2025-07-23 12:13:31 | INFO     | src.trading.executor:update_account_info:125 | 账户更新: 总值$99574.54, 买入力$401574.80
2025-07-23 12:13:31 | DEBUG    | src.bot.trading_bot:_update_market_data:184 | 市场数据更新完成
2025-07-23 12:13:34 | INFO     | src.trading.executor:update_account_info:125 | 账户更新: 总值$99574.54, 买入力$401574.80
2025-07-23 12:13:34 | DEBUG    | src.bot.trading_bot:_update_market_data:184 | 市场数据更新完成
2025-07-23 12:13:38 | INFO     | src.trading.executor:update_account_info:125 | 账户更新: 总值$99574.54, 买入力$401574.80
2025-07-23 12:13:38 | DEBUG    | src.bot.trading_bot:_update_market_data:184 | 市场数据更新完成
2025-07-23 12:13:41 | INFO     | src.trading.executor:update_account_info:125 | 账户更新: 总值$99574.54, 买入力$401574.80
2025-07-23 12:13:41 | DEBUG    | src.bot.trading_bot:_update_market_data:184 | 市场数据更新完成
2025-07-23 12:13:44 | INFO     | src.trading.executor:update_account_info:125 | 账户更新: 总值$99574.54, 买入力$401574.80
2025-07-23 12:13:45 | DEBUG    | src.bot.trading_bot:_update_market_data:184 | 市场数据更新完成
2025-07-23 12:13:48 | INFO     | src.trading.executor:update_account_info:125 | 账户更新: 总值$99574.54, 买入力$401574.80
2025-07-23 12:13:48 | DEBUG    | src.bot.trading_bot:_update_market_data:184 | 市场数据更新完成
2025-07-23 12:13:52 | INFO     | src.trading.executor:update_account_info:125 | 账户更新: 总值$99574.54, 买入力$401574.80
2025-07-23 12:13:52 | DEBUG    | src.bot.trading_bot:_update_market_data:184 | 市场数据更新完成
2025-07-23 12:13:55 | INFO     | src.trading.executor:update_account_info:125 | 账户更新: 总值$99574.54, 买入力$401574.80
2025-07-23 12:13:55 | DEBUG    | src.bot.trading_bot:_update_market_data:184 | 市场数据更新完成
2025-07-23 12:13:59 | INFO     | src.trading.executor:update_account_info:125 | 账户更新: 总值$99574.54, 买入力$401574.80
2025-07-23 12:13:59 | DEBUG    | src.bot.trading_bot:_update_market_data:184 | 市场数据更新完成
2025-07-23 12:14:00 | DEBUG    | src.bot.trading_bot:_update_positions_normal:259 | 📊 常规头寸更新完成
2025-07-23 12:14:02 | INFO     | src.trading.executor:update_account_info:125 | 账户更新: 总值$99574.54, 买入力$401574.80
2025-07-23 12:14:02 | DEBUG    | src.bot.trading_bot:_update_market_data:184 | 市场数据更新完成
2025-07-23 12:14:06 | INFO     | src.trading.executor:update_account_info:125 | 账户更新: 总值$99574.54, 买入力$401574.80
2025-07-23 12:14:06 | DEBUG    | src.bot.trading_bot:_update_market_data:184 | 市场数据更新完成
2025-07-23 12:14:09 | INFO     | src.trading.executor:update_account_info:125 | 账户更新: 总值$99574.54, 买入力$401574.80
2025-07-23 12:14:09 | DEBUG    | src.bot.trading_bot:_update_market_data:184 | 市场数据更新完成
2025-07-23 12:14:12 | INFO     | src.trading.executor:update_account_info:125 | 账户更新: 总值$99574.54, 买入力$401574.80
2025-07-23 12:14:13 | DEBUG    | src.bot.trading_bot:_update_market_data:184 | 市场数据更新完成
2025-07-23 12:14:16 | INFO     | src.trading.executor:update_account_info:125 | 账户更新: 总值$99574.54, 买入力$401574.80
2025-07-23 12:14:16 | DEBUG    | src.bot.trading_bot:_update_market_data:184 | 市场数据更新完成
2025-07-23 12:14:20 | INFO     | src.trading.executor:update_account_info:125 | 账户更新: 总值$99574.54, 买入力$401574.80
2025-07-23 12:14:20 | DEBUG    | src.bot.trading_bot:_update_market_data:184 | 市场数据更新完成
2025-07-23 12:14:23 | INFO     | src.trading.executor:update_account_info:125 | 账户更新: 总值$99574.54, 买入力$401574.80
2025-07-23 12:14:23 | DEBUG    | src.bot.trading_bot:_update_market_data:184 | 市场数据更新完成
2025-07-23 12:14:27 | INFO     | src.trading.executor:update_account_info:125 | 账户更新: 总值$99574.54, 买入力$401574.80
2025-07-23 12:14:27 | DEBUG    | src.bot.trading_bot:_update_market_data:184 | 市场数据更新完成
2025-07-23 12:14:30 | INFO     | src.trading.executor:update_account_info:125 | 账户更新: 总值$99574.54, 买入力$401574.80
2025-07-23 12:14:30 | DEBUG    | src.bot.trading_bot:_update_market_data:184 | 市场数据更新完成
2025-07-23 12:14:34 | INFO     | src.trading.executor:update_account_info:125 | 账户更新: 总值$99574.54, 买入力$401574.80
2025-07-23 12:14:34 | DEBUG    | src.bot.trading_bot:_update_market_data:184 | 市场数据更新完成
2025-07-23 12:14:37 | INFO     | src.trading.executor:update_account_info:125 | 账户更新: 总值$99574.54, 买入力$401574.80
2025-07-23 12:14:37 | DEBUG    | src.bot.trading_bot:_update_market_data:184 | 市场数据更新完成
2025-07-23 12:14:40 | INFO     | src.trading.executor:update_account_info:125 | 账户更新: 总值$99574.54, 买入力$401574.80
2025-07-23 12:14:41 | DEBUG    | src.bot.trading_bot:_update_market_data:184 | 市场数据更新完成
2025-07-23 12:14:44 | INFO     | src.trading.executor:update_account_info:125 | 账户更新: 总值$99574.54, 买入力$401574.80
2025-07-23 12:14:44 | DEBUG    | src.bot.trading_bot:_update_market_data:184 | 市场数据更新完成
2025-07-23 12:14:47 | INFO     | src.trading.executor:update_account_info:125 | 账户更新: 总值$99574.54, 买入力$401574.80
2025-07-23 12:14:48 | DEBUG    | src.bot.trading_bot:_update_market_data:184 | 市场数据更新完成
2025-07-23 12:14:51 | INFO     | src.trading.executor:update_account_info:125 | 账户更新: 总值$99574.54, 买入力$401574.80
2025-07-23 12:14:51 | DEBUG    | src.bot.trading_bot:_update_market_data:184 | 市场数据更新完成
2025-07-23 12:14:55 | INFO     | src.trading.executor:update_account_info:125 | 账户更新: 总值$99574.54, 买入力$401574.80
2025-07-23 12:14:55 | DEBUG    | src.bot.trading_bot:_update_market_data:184 | 市场数据更新完成
2025-07-23 12:14:58 | INFO     | src.trading.executor:update_account_info:125 | 账户更新: 总值$99574.54, 买入力$401574.80
2025-07-23 12:14:58 | DEBUG    | src.bot.trading_bot:_update_market_data:184 | 市场数据更新完成
2025-07-23 12:15:00 | DEBUG    | src.bot.trading_bot:_update_positions_normal:259 | 📊 常规头寸更新完成
2025-07-23 12:15:02 | INFO     | src.trading.executor:update_account_info:125 | 账户更新: 总值$99574.54, 买入力$401574.80
2025-07-23 12:15:02 | DEBUG    | src.bot.trading_bot:_update_market_data:184 | 市场数据更新完成
2025-07-23 12:15:05 | INFO     | src.trading.executor:update_account_info:125 | 账户更新: 总值$99574.54, 买入力$401574.80
2025-07-23 12:15:05 | DEBUG    | src.bot.trading_bot:_update_market_data:184 | 市场数据更新完成
2025-07-23 12:15:09 | INFO     | src.trading.executor:update_account_info:125 | 账户更新: 总值$99574.54, 买入力$401574.80
2025-07-23 12:15:09 | DEBUG    | src.bot.trading_bot:_update_market_data:184 | 市场数据更新完成
2025-07-23 12:15:12 | INFO     | src.trading.executor:update_account_info:125 | 账户更新: 总值$99574.54, 买入力$401574.80
2025-07-23 12:15:12 | DEBUG    | src.bot.trading_bot:_update_market_data:184 | 市场数据更新完成
2025-07-23 12:15:16 | INFO     | src.trading.executor:update_account_info:125 | 账户更新: 总值$99574.54, 买入力$401574.80
2025-07-23 12:15:16 | DEBUG    | src.bot.trading_bot:_update_market_data:184 | 市场数据更新完成
2025-07-23 12:15:19 | INFO     | src.trading.executor:update_account_info:125 | 账户更新: 总值$99574.54, 买入力$401574.80
2025-07-23 12:15:19 | DEBUG    | src.bot.trading_bot:_update_market_data:184 | 市场数据更新完成
2025-07-23 12:15:23 | INFO     | src.trading.executor:update_account_info:125 | 账户更新: 总值$99574.54, 买入力$401574.80
2025-07-23 12:15:23 | DEBUG    | src.bot.trading_bot:_update_market_data:184 | 市场数据更新完成
2025-07-23 12:15:26 | INFO     | src.trading.executor:update_account_info:125 | 账户更新: 总值$99574.54, 买入力$401574.80
2025-07-23 12:15:26 | DEBUG    | src.bot.trading_bot:_update_market_data:184 | 市场数据更新完成
2025-07-23 12:15:30 | INFO     | src.trading.executor:update_account_info:125 | 账户更新: 总值$99574.54, 买入力$401574.80
2025-07-23 12:15:30 | DEBUG    | src.bot.trading_bot:_update_market_data:184 | 市场数据更新完成
2025-07-23 12:15:33 | INFO     | src.trading.executor:update_account_info:125 | 账户更新: 总值$99574.54, 买入力$401574.80
2025-07-23 12:15:33 | DEBUG    | src.bot.trading_bot:_update_market_data:184 | 市场数据更新完成
2025-07-23 12:15:37 | INFO     | src.trading.executor:update_account_info:125 | 账户更新: 总值$99574.54, 买入力$401574.80
2025-07-23 12:15:37 | DEBUG    | src.bot.trading_bot:_update_market_data:184 | 市场数据更新完成
2025-07-23 12:15:40 | INFO     | src.trading.executor:update_account_info:125 | 账户更新: 总值$99574.54, 买入力$401574.80
2025-07-23 12:15:40 | DEBUG    | src.bot.trading_bot:_update_market_data:184 | 市场数据更新完成
2025-07-23 12:15:43 | INFO     | src.trading.executor:update_account_info:125 | 账户更新: 总值$99574.54, 买入力$401574.80
2025-07-23 12:15:44 | DEBUG    | src.bot.trading_bot:_update_market_data:184 | 市场数据更新完成
2025-07-23 12:15:47 | INFO     | src.trading.executor:update_account_info:125 | 账户更新: 总值$99574.54, 买入力$401574.80
2025-07-23 12:15:47 | DEBUG    | src.bot.trading_bot:_update_market_data:184 | 市场数据更新完成
2025-07-23 12:15:50 | INFO     | src.trading.executor:update_account_info:125 | 账户更新: 总值$99574.54, 买入力$401574.80
2025-07-23 12:15:51 | DEBUG    | src.bot.trading_bot:_update_market_data:184 | 市场数据更新完成
2025-07-23 12:15:54 | INFO     | src.trading.executor:update_account_info:125 | 账户更新: 总值$99574.54, 买入力$401574.80
2025-07-23 12:15:54 | DEBUG    | src.bot.trading_bot:_update_market_data:184 | 市场数据更新完成
2025-07-23 12:15:58 | INFO     | src.trading.executor:update_account_info:125 | 账户更新: 总值$99574.54, 买入力$401574.80
2025-07-23 12:15:58 | DEBUG    | src.bot.trading_bot:_update_market_data:184 | 市场数据更新完成
2025-07-23 12:16:01 | DEBUG    | src.bot.trading_bot:_update_positions_normal:259 | 📊 常规头寸更新完成
2025-07-23 12:16:01 | INFO     | src.trading.executor:update_account_info:125 | 账户更新: 总值$99574.54, 买入力$401574.80
2025-07-23 12:16:01 | DEBUG    | src.bot.trading_bot:_update_market_data:184 | 市场数据更新完成
2025-07-23 12:16:04 | INFO     | src.trading.executor:update_account_info:125 | 账户更新: 总值$99574.54, 买入力$401574.80
2025-07-23 12:16:05 | DEBUG    | src.bot.trading_bot:_update_market_data:184 | 市场数据更新完成
2025-07-23 12:16:08 | INFO     | src.trading.executor:update_account_info:125 | 账户更新: 总值$99574.54, 买入力$401574.80
2025-07-23 12:16:09 | DEBUG    | src.bot.trading_bot:_update_market_data:184 | 市场数据更新完成
2025-07-23 12:16:12 | INFO     | src.trading.executor:update_account_info:125 | 账户更新: 总值$99574.54, 买入力$401574.80
2025-07-23 12:16:12 | DEBUG    | src.bot.trading_bot:_update_market_data:184 | 市场数据更新完成
2025-07-23 12:16:15 | INFO     | src.trading.executor:update_account_info:125 | 账户更新: 总值$99574.54, 买入力$401574.80
2025-07-23 12:16:16 | DEBUG    | src.bot.trading_bot:_update_market_data:184 | 市场数据更新完成
2025-07-23 12:16:19 | INFO     | src.trading.executor:update_account_info:125 | 账户更新: 总值$99574.54, 买入力$401574.80
2025-07-23 12:16:19 | DEBUG    | src.bot.trading_bot:_update_market_data:184 | 市场数据更新完成
2025-07-23 12:16:22 | INFO     | src.trading.executor:update_account_info:125 | 账户更新: 总值$99574.54, 买入力$401574.80
2025-07-23 12:16:23 | DEBUG    | src.bot.trading_bot:_update_market_data:184 | 市场数据更新完成
2025-07-23 12:16:26 | INFO     | src.trading.executor:update_account_info:125 | 账户更新: 总值$99574.54, 买入力$401574.80
2025-07-23 12:16:26 | DEBUG    | src.bot.trading_bot:_update_market_data:184 | 市场数据更新完成
2025-07-23 12:16:30 | INFO     | src.trading.executor:update_account_info:125 | 账户更新: 总值$99574.54, 买入力$401574.80
2025-07-23 12:16:30 | DEBUG    | src.bot.trading_bot:_update_market_data:184 | 市场数据更新完成
2025-07-23 12:16:33 | INFO     | src.trading.executor:update_account_info:125 | 账户更新: 总值$99574.54, 买入力$401574.80
2025-07-23 12:16:33 | DEBUG    | src.bot.trading_bot:_update_market_data:184 | 市场数据更新完成
2025-07-23 12:16:37 | INFO     | src.trading.executor:update_account_info:125 | 账户更新: 总值$99574.54, 买入力$401574.80
2025-07-23 12:16:37 | DEBUG    | src.bot.trading_bot:_update_market_data:184 | 市场数据更新完成
2025-07-23 12:16:40 | INFO     | src.trading.executor:update_account_info:125 | 账户更新: 总值$99574.54, 买入力$401574.80
2025-07-23 12:16:40 | DEBUG    | src.bot.trading_bot:_update_market_data:184 | 市场数据更新完成
2025-07-23 12:16:43 | INFO     | src.trading.executor:update_account_info:125 | 账户更新: 总值$99574.54, 买入力$401574.80
2025-07-23 12:16:44 | DEBUG    | src.bot.trading_bot:_update_market_data:184 | 市场数据更新完成
2025-07-23 12:16:47 | INFO     | src.trading.executor:update_account_info:125 | 账户更新: 总值$99574.54, 买入力$401574.80
2025-07-23 12:16:47 | DEBUG    | src.bot.trading_bot:_update_market_data:184 | 市场数据更新完成
2025-07-23 12:16:50 | INFO     | src.trading.executor:update_account_info:125 | 账户更新: 总值$99574.54, 买入力$401574.80
2025-07-23 12:16:51 | DEBUG    | src.bot.trading_bot:_update_market_data:184 | 市场数据更新完成
2025-07-23 12:16:54 | INFO     | src.trading.executor:update_account_info:125 | 账户更新: 总值$99574.54, 买入力$401574.80
2025-07-23 12:16:54 | DEBUG    | src.bot.trading_bot:_update_market_data:184 | 市场数据更新完成
2025-07-23 12:16:58 | INFO     | src.trading.executor:update_account_info:125 | 账户更新: 总值$99574.54, 买入力$401574.80
2025-07-23 12:16:58 | DEBUG    | src.bot.trading_bot:_update_market_data:184 | 市场数据更新完成
2025-07-23 12:17:01 | INFO     | src.trading.executor:update_account_info:125 | 账户更新: 总值$99574.54, 买入力$401574.80
2025-07-23 12:17:01 | DEBUG    | src.bot.trading_bot:_update_market_data:184 | 市场数据更新完成
2025-07-23 12:17:01 | DEBUG    | src.bot.trading_bot:_update_positions_normal:259 | 📊 常规头寸更新完成
2025-07-23 12:17:05 | INFO     | src.trading.executor:update_account_info:125 | 账户更新: 总值$99574.54, 买入力$401574.80
2025-07-23 12:17:05 | DEBUG    | src.bot.trading_bot:_update_market_data:184 | 市场数据更新完成
2025-07-23 12:17:08 | INFO     | src.trading.executor:update_account_info:125 | 账户更新: 总值$99574.54, 买入力$401574.80
2025-07-23 12:17:08 | DEBUG    | src.bot.trading_bot:_update_market_data:184 | 市场数据更新完成
2025-07-23 12:17:12 | INFO     | src.trading.executor:update_account_info:125 | 账户更新: 总值$99574.54, 买入力$401574.80
2025-07-23 12:17:12 | DEBUG    | src.bot.trading_bot:_update_market_data:184 | 市场数据更新完成
2025-07-23 12:17:15 | INFO     | src.trading.executor:update_account_info:125 | 账户更新: 总值$99574.54, 买入力$401574.80
2025-07-23 12:17:15 | DEBUG    | src.bot.trading_bot:_update_market_data:184 | 市场数据更新完成
2025-07-23 12:17:18 | INFO     | src.trading.executor:update_account_info:125 | 账户更新: 总值$99574.54, 买入力$401574.80
2025-07-23 12:17:19 | DEBUG    | src.bot.trading_bot:_update_market_data:184 | 市场数据更新完成
2025-07-23 12:17:22 | INFO     | src.trading.executor:update_account_info:125 | 账户更新: 总值$99574.54, 买入力$401574.80
2025-07-23 12:17:22 | DEBUG    | src.bot.trading_bot:_update_market_data:184 | 市场数据更新完成
2025-07-23 12:17:25 | INFO     | src.trading.executor:update_account_info:125 | 账户更新: 总值$99574.54, 买入力$401574.80
2025-07-23 12:17:26 | DEBUG    | src.bot.trading_bot:_update_market_data:184 | 市场数据更新完成
2025-07-23 12:17:29 | INFO     | src.trading.executor:update_account_info:125 | 账户更新: 总值$99574.54, 买入力$401574.80
2025-07-23 12:17:29 | DEBUG    | src.bot.trading_bot:_update_market_data:184 | 市场数据更新完成
2025-07-23 12:17:33 | INFO     | src.trading.executor:update_account_info:125 | 账户更新: 总值$99574.54, 买入力$401574.80
2025-07-23 12:17:33 | DEBUG    | src.bot.trading_bot:_update_market_data:184 | 市场数据更新完成
2025-07-23 12:17:36 | INFO     | src.trading.executor:update_account_info:125 | 账户更新: 总值$99574.54, 买入力$401574.80
2025-07-23 12:17:36 | DEBUG    | src.bot.trading_bot:_update_market_data:184 | 市场数据更新完成
2025-07-23 12:17:39 | INFO     | src.trading.executor:update_account_info:125 | 账户更新: 总值$99574.54, 买入力$401574.80
2025-07-23 12:17:40 | DEBUG    | src.bot.trading_bot:_update_market_data:184 | 市场数据更新完成
2025-07-23 12:17:43 | INFO     | src.trading.executor:update_account_info:125 | 账户更新: 总值$99574.54, 买入力$401574.80
2025-07-23 12:17:48 | DEBUG    | src.bot.trading_bot:_update_market_data:184 | 市场数据更新完成
2025-07-23 12:17:52 | INFO     | src.trading.executor:update_account_info:125 | 账户更新: 总值$99574.54, 买入力$401574.80
2025-07-23 12:17:52 | DEBUG    | src.bot.trading_bot:_update_market_data:184 | 市场数据更新完成
2025-07-23 12:17:55 | INFO     | src.trading.executor:update_account_info:125 | 账户更新: 总值$99574.54, 买入力$401574.80
2025-07-23 12:17:55 | DEBUG    | src.bot.trading_bot:_update_market_data:184 | 市场数据更新完成
2025-07-23 12:17:59 | INFO     | src.trading.executor:update_account_info:125 | 账户更新: 总值$99574.54, 买入力$401574.80
2025-07-23 12:17:59 | DEBUG    | src.bot.trading_bot:_update_market_data:184 | 市场数据更新完成
2025-07-23 12:18:02 | DEBUG    | src.bot.trading_bot:_update_positions_normal:259 | 📊 常规头寸更新完成
2025-07-23 12:18:02 | INFO     | src.trading.executor:update_account_info:125 | 账户更新: 总值$99574.54, 买入力$401574.80
2025-07-23 12:18:02 | DEBUG    | src.bot.trading_bot:_update_market_data:184 | 市场数据更新完成
2025-07-23 12:18:06 | INFO     | src.trading.executor:update_account_info:125 | 账户更新: 总值$99574.54, 买入力$401574.80
2025-07-23 12:18:06 | DEBUG    | src.bot.trading_bot:_update_market_data:184 | 市场数据更新完成
2025-07-23 12:18:09 | INFO     | src.trading.executor:update_account_info:125 | 账户更新: 总值$99574.54, 买入力$401574.80
2025-07-23 12:18:09 | DEBUG    | src.bot.trading_bot:_update_market_data:184 | 市场数据更新完成
2025-07-23 12:18:13 | INFO     | src.trading.executor:update_account_info:125 | 账户更新: 总值$99574.54, 买入力$401574.80
2025-07-23 12:18:13 | DEBUG    | src.bot.trading_bot:_update_market_data:184 | 市场数据更新完成
2025-07-23 12:18:16 | INFO     | src.trading.executor:update_account_info:125 | 账户更新: 总值$99574.54, 买入力$401574.80
2025-07-23 12:18:16 | DEBUG    | src.bot.trading_bot:_update_market_data:184 | 市场数据更新完成
2025-07-23 12:18:20 | INFO     | src.trading.executor:update_account_info:125 | 账户更新: 总值$99574.54, 买入力$401574.80
2025-07-23 12:18:20 | DEBUG    | src.bot.trading_bot:_update_market_data:184 | 市场数据更新完成
2025-07-23 12:18:23 | INFO     | src.trading.executor:update_account_info:125 | 账户更新: 总值$99574.54, 买入力$401574.80
2025-07-23 12:18:23 | DEBUG    | src.bot.trading_bot:_update_market_data:184 | 市场数据更新完成
2025-07-23 12:18:26 | INFO     | src.trading.executor:update_account_info:125 | 账户更新: 总值$99574.54, 买入力$401574.80
2025-07-23 12:18:27 | DEBUG    | src.bot.trading_bot:_update_market_data:184 | 市场数据更新完成
2025-07-23 12:18:30 | INFO     | src.trading.executor:update_account_info:125 | 账户更新: 总值$99574.54, 买入力$401574.80
2025-07-23 12:18:30 | DEBUG    | src.bot.trading_bot:_update_market_data:184 | 市场数据更新完成
2025-07-23 12:18:34 | INFO     | src.trading.executor:update_account_info:125 | 账户更新: 总值$99574.54, 买入力$401574.80
2025-07-23 12:18:34 | DEBUG    | src.bot.trading_bot:_update_market_data:184 | 市场数据更新完成
2025-07-23 12:18:37 | INFO     | src.trading.executor:update_account_info:125 | 账户更新: 总值$99574.54, 买入力$401574.80
2025-07-23 12:18:37 | DEBUG    | src.bot.trading_bot:_update_market_data:184 | 市场数据更新完成
2025-07-23 12:18:41 | INFO     | src.trading.executor:update_account_info:125 | 账户更新: 总值$99574.54, 买入力$401574.80
2025-07-23 12:18:41 | DEBUG    | src.bot.trading_bot:_update_market_data:184 | 市场数据更新完成
2025-07-23 12:18:44 | INFO     | src.trading.executor:update_account_info:125 | 账户更新: 总值$99574.54, 买入力$401574.80
2025-07-23 12:18:44 | DEBUG    | src.bot.trading_bot:_update_market_data:184 | 市场数据更新完成
2025-07-23 12:18:47 | INFO     | src.trading.executor:update_account_info:125 | 账户更新: 总值$99574.54, 买入力$401574.80
2025-07-23 12:18:48 | DEBUG    | src.bot.trading_bot:_update_market_data:184 | 市场数据更新完成
2025-07-23 12:18:51 | INFO     | src.trading.executor:update_account_info:125 | 账户更新: 总值$99574.54, 买入力$401574.80
2025-07-23 12:18:51 | DEBUG    | src.bot.trading_bot:_update_market_data:184 | 市场数据更新完成
2025-07-23 12:18:54 | INFO     | src.trading.executor:update_account_info:125 | 账户更新: 总值$99574.54, 买入力$401574.80
2025-07-23 12:18:55 | DEBUG    | src.bot.trading_bot:_update_market_data:184 | 市场数据更新完成
2025-07-23 12:18:58 | INFO     | src.trading.executor:update_account_info:125 | 账户更新: 总值$99574.54, 买入力$401574.80
2025-07-23 12:18:58 | DEBUG    | src.bot.trading_bot:_update_market_data:184 | 市场数据更新完成
2025-07-23 12:19:01 | INFO     | src.trading.executor:update_account_info:125 | 账户更新: 总值$99574.54, 买入力$401574.80
2025-07-23 12:19:02 | DEBUG    | src.bot.trading_bot:_update_market_data:184 | 市场数据更新完成
2025-07-23 12:19:02 | DEBUG    | src.bot.trading_bot:_update_positions_normal:259 | 📊 常规头寸更新完成
2025-07-23 12:19:05 | INFO     | src.trading.executor:update_account_info:125 | 账户更新: 总值$99574.54, 买入力$401574.80
2025-07-23 12:19:05 | DEBUG    | src.bot.trading_bot:_update_market_data:184 | 市场数据更新完成
2025-07-23 12:19:08 | INFO     | src.trading.executor:update_account_info:125 | 账户更新: 总值$99574.54, 买入力$401574.80
2025-07-23 12:19:09 | DEBUG    | src.bot.trading_bot:_update_market_data:184 | 市场数据更新完成
2025-07-23 12:19:12 | INFO     | src.trading.executor:update_account_info:125 | 账户更新: 总值$99574.54, 买入力$401574.80
2025-07-23 12:19:12 | DEBUG    | src.bot.trading_bot:_update_market_data:184 | 市场数据更新完成
2025-07-23 12:19:15 | INFO     | src.trading.executor:update_account_info:125 | 账户更新: 总值$99574.54, 买入力$401574.80
2025-07-23 12:19:16 | DEBUG    | src.bot.trading_bot:_update_market_data:184 | 市场数据更新完成
2025-07-23 12:19:19 | INFO     | src.trading.executor:update_account_info:125 | 账户更新: 总值$99574.54, 买入力$401574.80
2025-07-23 12:19:19 | DEBUG    | src.bot.trading_bot:_update_market_data:184 | 市场数据更新完成
2025-07-23 12:19:22 | INFO     | src.trading.executor:update_account_info:125 | 账户更新: 总值$99574.54, 买入力$401574.80
2025-07-23 12:19:23 | DEBUG    | src.bot.trading_bot:_update_market_data:184 | 市场数据更新完成
2025-07-23 12:19:26 | INFO     | src.trading.executor:update_account_info:125 | 账户更新: 总值$99574.54, 买入力$401574.80
2025-07-23 12:19:26 | DEBUG    | src.bot.trading_bot:_update_market_data:184 | 市场数据更新完成
2025-07-23 12:19:29 | INFO     | src.trading.executor:update_account_info:125 | 账户更新: 总值$99574.54, 买入力$401574.80
2025-07-23 12:19:30 | DEBUG    | src.bot.trading_bot:_update_market_data:184 | 市场数据更新完成
2025-07-23 12:19:33 | INFO     | src.trading.executor:update_account_info:125 | 账户更新: 总值$99574.54, 买入力$401574.80
2025-07-23 12:19:33 | DEBUG    | src.bot.trading_bot:_update_market_data:184 | 市场数据更新完成
2025-07-23 12:19:36 | INFO     | src.trading.executor:update_account_info:125 | 账户更新: 总值$99574.54, 买入力$401574.80
2025-07-23 12:19:37 | DEBUG    | src.bot.trading_bot:_update_market_data:184 | 市场数据更新完成
2025-07-23 12:19:40 | INFO     | src.trading.executor:update_account_info:125 | 账户更新: 总值$99574.54, 买入力$401574.80
2025-07-23 12:19:40 | DEBUG    | src.bot.trading_bot:_update_market_data:184 | 市场数据更新完成
2025-07-23 12:19:43 | INFO     | src.trading.executor:update_account_info:125 | 账户更新: 总值$99574.54, 买入力$401574.80
2025-07-23 12:19:44 | DEBUG    | src.bot.trading_bot:_update_market_data:184 | 市场数据更新完成
2025-07-23 12:19:47 | INFO     | src.trading.executor:update_account_info:125 | 账户更新: 总值$99574.54, 买入力$401574.80
2025-07-23 12:19:47 | DEBUG    | src.bot.trading_bot:_update_market_data:184 | 市场数据更新完成
2025-07-23 12:19:50 | INFO     | src.trading.executor:update_account_info:125 | 账户更新: 总值$99574.54, 买入力$401574.80
2025-07-23 12:19:51 | DEBUG    | src.bot.trading_bot:_update_market_data:184 | 市场数据更新完成
2025-07-23 12:19:54 | INFO     | src.trading.executor:update_account_info:125 | 账户更新: 总值$99574.54, 买入力$401574.80
2025-07-23 12:19:54 | DEBUG    | src.bot.trading_bot:_update_market_data:184 | 市场数据更新完成
2025-07-23 12:19:57 | INFO     | src.trading.executor:update_account_info:125 | 账户更新: 总值$99574.54, 买入力$401574.80
2025-07-23 12:19:58 | DEBUG    | src.bot.trading_bot:_update_market_data:184 | 市场数据更新完成
2025-07-23 12:20:01 | INFO     | src.trading.executor:update_account_info:125 | 账户更新: 总值$99574.54, 买入力$401574.80
2025-07-23 12:20:01 | DEBUG    | src.bot.trading_bot:_update_market_data:184 | 市场数据更新完成
2025-07-23 12:20:03 | DEBUG    | src.bot.trading_bot:_update_positions_normal:259 | 📊 常规头寸更新完成
2025-07-23 12:20:04 | INFO     | src.trading.executor:update_account_info:125 | 账户更新: 总值$99574.54, 买入力$401574.80
2025-07-23 12:20:05 | DEBUG    | src.bot.trading_bot:_update_market_data:184 | 市场数据更新完成
2025-07-23 12:20:08 | INFO     | src.trading.executor:update_account_info:125 | 账户更新: 总值$99574.54, 买入力$401574.80
2025-07-23 12:20:08 | DEBUG    | src.bot.trading_bot:_update_market_data:184 | 市场数据更新完成
2025-07-23 12:20:12 | INFO     | src.trading.executor:update_account_info:125 | 账户更新: 总值$99574.54, 买入力$401574.80
2025-07-23 12:20:12 | DEBUG    | src.bot.trading_bot:_update_market_data:184 | 市场数据更新完成
2025-07-23 12:20:15 | INFO     | src.trading.executor:update_account_info:125 | 账户更新: 总值$99574.54, 买入力$401574.80
2025-07-23 12:20:15 | DEBUG    | src.bot.trading_bot:_update_market_data:184 | 市场数据更新完成
2025-07-23 12:20:19 | INFO     | src.trading.executor:update_account_info:125 | 账户更新: 总值$99574.54, 买入力$401574.80
2025-07-23 12:20:19 | DEBUG    | src.bot.trading_bot:_update_market_data:184 | 市场数据更新完成
2025-07-23 12:20:22 | INFO     | src.trading.executor:update_account_info:125 | 账户更新: 总值$99574.54, 买入力$401574.80
2025-07-23 12:20:22 | DEBUG    | src.bot.trading_bot:_update_market_data:184 | 市场数据更新完成
2025-07-23 12:20:25 | INFO     | src.trading.executor:update_account_info:125 | 账户更新: 总值$99574.54, 买入力$401574.80
2025-07-23 12:20:26 | DEBUG    | src.bot.trading_bot:_update_market_data:184 | 市场数据更新完成
2025-07-23 12:20:29 | INFO     | src.trading.executor:update_account_info:125 | 账户更新: 总值$99574.54, 买入力$401574.80
2025-07-23 12:20:29 | DEBUG    | src.bot.trading_bot:_update_market_data:184 | 市场数据更新完成
2025-07-23 12:20:32 | INFO     | src.trading.executor:update_account_info:125 | 账户更新: 总值$99574.54, 买入力$401574.80
2025-07-23 12:20:33 | DEBUG    | src.bot.trading_bot:_update_market_data:184 | 市场数据更新完成
2025-07-23 12:20:36 | INFO     | src.trading.executor:update_account_info:125 | 账户更新: 总值$99574.54, 买入力$401574.80
2025-07-23 12:20:36 | DEBUG    | src.bot.trading_bot:_update_market_data:184 | 市场数据更新完成
2025-07-23 12:20:40 | INFO     | src.trading.executor:update_account_info:125 | 账户更新: 总值$99574.54, 买入力$401574.80
2025-07-23 12:20:40 | DEBUG    | src.bot.trading_bot:_update_market_data:184 | 市场数据更新完成
2025-07-23 12:20:43 | INFO     | src.trading.executor:update_account_info:125 | 账户更新: 总值$99574.54, 买入力$401574.80
2025-07-23 12:20:43 | DEBUG    | src.bot.trading_bot:_update_market_data:184 | 市场数据更新完成
2025-07-23 12:20:47 | INFO     | src.trading.executor:update_account_info:125 | 账户更新: 总值$99574.54, 买入力$401574.80
2025-07-23 12:20:47 | DEBUG    | src.bot.trading_bot:_update_market_data:184 | 市场数据更新完成
2025-07-23 12:20:50 | INFO     | src.trading.executor:update_account_info:125 | 账户更新: 总值$99574.54, 买入力$401574.80
2025-07-23 12:20:50 | DEBUG    | src.bot.trading_bot:_update_market_data:184 | 市场数据更新完成
2025-07-23 12:20:54 | INFO     | src.trading.executor:update_account_info:125 | 账户更新: 总值$99574.54, 买入力$401574.80
2025-07-23 12:20:54 | DEBUG    | src.bot.trading_bot:_update_market_data:184 | 市场数据更新完成
2025-07-23 12:20:57 | INFO     | src.trading.executor:update_account_info:125 | 账户更新: 总值$99574.54, 买入力$401574.80
2025-07-23 12:20:57 | DEBUG    | src.bot.trading_bot:_update_market_data:184 | 市场数据更新完成
2025-07-23 12:21:01 | INFO     | src.trading.executor:update_account_info:125 | 账户更新: 总值$99574.54, 买入力$401574.80
2025-07-23 12:21:01 | DEBUG    | src.bot.trading_bot:_update_market_data:184 | 市场数据更新完成
2025-07-23 12:21:03 | DEBUG    | src.bot.trading_bot:_update_positions_normal:259 | 📊 常规头寸更新完成
2025-07-23 12:21:04 | INFO     | src.trading.executor:update_account_info:125 | 账户更新: 总值$99574.54, 买入力$401574.80
2025-07-23 12:21:04 | DEBUG    | src.bot.trading_bot:_update_market_data:184 | 市场数据更新完成
2025-07-23 12:21:07 | INFO     | src.trading.executor:update_account_info:125 | 账户更新: 总值$99574.54, 买入力$401574.80
2025-07-23 12:21:08 | DEBUG    | src.bot.trading_bot:_update_market_data:184 | 市场数据更新完成
2025-07-23 12:21:11 | INFO     | src.trading.executor:update_account_info:125 | 账户更新: 总值$99574.54, 买入力$401574.80
2025-07-23 12:21:11 | DEBUG    | src.bot.trading_bot:_update_market_data:184 | 市场数据更新完成
2025-07-23 12:21:15 | INFO     | src.trading.executor:update_account_info:125 | 账户更新: 总值$99574.54, 买入力$401574.80
2025-07-23 12:21:15 | DEBUG    | src.bot.trading_bot:_update_market_data:184 | 市场数据更新完成
2025-07-23 12:21:18 | INFO     | src.trading.executor:update_account_info:125 | 账户更新: 总值$99574.54, 买入力$401574.80
2025-07-23 12:21:18 | DEBUG    | src.bot.trading_bot:_update_market_data:184 | 市场数据更新完成
2025-07-23 12:21:22 | INFO     | src.trading.executor:update_account_info:125 | 账户更新: 总值$99574.54, 买入力$401574.80
2025-07-23 12:21:22 | DEBUG    | src.bot.trading_bot:_update_market_data:184 | 市场数据更新完成
2025-07-23 12:21:25 | INFO     | src.trading.executor:update_account_info:125 | 账户更新: 总值$99574.54, 买入力$401574.80
2025-07-23 12:21:25 | DEBUG    | src.bot.trading_bot:_update_market_data:184 | 市场数据更新完成
2025-07-23 12:21:29 | INFO     | src.trading.executor:update_account_info:125 | 账户更新: 总值$99574.54, 买入力$401574.80
2025-07-23 12:21:29 | DEBUG    | src.bot.trading_bot:_update_market_data:184 | 市场数据更新完成
2025-07-23 12:21:32 | INFO     | src.trading.executor:update_account_info:125 | 账户更新: 总值$99574.54, 买入力$401574.80
2025-07-23 12:21:32 | DEBUG    | src.bot.trading_bot:_update_market_data:184 | 市场数据更新完成
2025-07-23 12:21:35 | INFO     | src.trading.executor:update_account_info:125 | 账户更新: 总值$99574.54, 买入力$401574.80
2025-07-23 12:21:36 | DEBUG    | src.bot.trading_bot:_update_market_data:184 | 市场数据更新完成
2025-07-23 12:21:39 | INFO     | src.trading.executor:update_account_info:125 | 账户更新: 总值$99574.54, 买入力$401574.80
2025-07-23 12:21:39 | DEBUG    | src.bot.trading_bot:_update_market_data:184 | 市场数据更新完成
2025-07-23 12:21:43 | INFO     | src.trading.executor:update_account_info:125 | 账户更新: 总值$99574.54, 买入力$401574.80
2025-07-23 12:21:43 | DEBUG    | src.bot.trading_bot:_update_market_data:184 | 市场数据更新完成
2025-07-23 12:21:46 | INFO     | src.trading.executor:update_account_info:125 | 账户更新: 总值$99574.54, 买入力$401574.80
2025-07-23 12:21:46 | DEBUG    | src.bot.trading_bot:_update_market_data:184 | 市场数据更新完成
2025-07-23 12:21:50 | INFO     | src.trading.executor:update_account_info:125 | 账户更新: 总值$99574.54, 买入力$401574.80
2025-07-23 12:21:50 | DEBUG    | src.bot.trading_bot:_update_market_data:184 | 市场数据更新完成
2025-07-23 12:21:53 | INFO     | src.trading.executor:update_account_info:125 | 账户更新: 总值$99574.54, 买入力$401574.80
2025-07-23 12:21:53 | DEBUG    | src.bot.trading_bot:_update_market_data:184 | 市场数据更新完成
2025-07-23 12:21:57 | INFO     | src.trading.executor:update_account_info:125 | 账户更新: 总值$99574.54, 买入力$401574.80
2025-07-23 12:21:57 | DEBUG    | src.bot.trading_bot:_update_market_data:184 | 市场数据更新完成
2025-07-23 12:22:00 | INFO     | src.trading.executor:update_account_info:125 | 账户更新: 总值$99574.54, 买入力$401574.80
2025-07-23 12:22:00 | DEBUG    | src.bot.trading_bot:_update_market_data:184 | 市场数据更新完成
2025-07-23 12:22:03 | DEBUG    | src.bot.trading_bot:_update_positions_normal:259 | 📊 常规头寸更新完成
2025-07-23 12:22:03 | INFO     | src.trading.executor:update_account_info:125 | 账户更新: 总值$99574.54, 买入力$401574.80
2025-07-23 12:22:04 | DEBUG    | src.bot.trading_bot:_update_market_data:184 | 市场数据更新完成
2025-07-23 12:22:07 | INFO     | src.trading.executor:update_account_info:125 | 账户更新: 总值$99574.54, 买入力$401574.80
2025-07-23 12:22:07 | DEBUG    | src.bot.trading_bot:_update_market_data:184 | 市场数据更新完成
2025-07-23 12:22:10 | INFO     | src.trading.executor:update_account_info:125 | 账户更新: 总值$99574.54, 买入力$401574.80
2025-07-23 12:22:11 | DEBUG    | src.bot.trading_bot:_update_market_data:184 | 市场数据更新完成
2025-07-23 12:22:14 | INFO     | src.trading.executor:update_account_info:125 | 账户更新: 总值$99574.54, 买入力$401574.80
2025-07-23 12:22:14 | DEBUG    | src.bot.trading_bot:_update_market_data:184 | 市场数据更新完成
2025-07-23 12:22:18 | INFO     | src.trading.executor:update_account_info:125 | 账户更新: 总值$99574.54, 买入力$401574.80
2025-07-23 12:22:18 | DEBUG    | src.bot.trading_bot:_update_market_data:184 | 市场数据更新完成
2025-07-23 12:22:21 | INFO     | src.trading.executor:update_account_info:125 | 账户更新: 总值$99574.54, 买入力$401574.80
2025-07-23 12:22:21 | DEBUG    | src.bot.trading_bot:_update_market_data:184 | 市场数据更新完成
2025-07-23 12:22:25 | INFO     | src.trading.executor:update_account_info:125 | 账户更新: 总值$99574.54, 买入力$401574.80
2025-07-23 12:22:25 | DEBUG    | src.bot.trading_bot:_update_market_data:184 | 市场数据更新完成
2025-07-23 12:22:28 | INFO     | src.trading.executor:update_account_info:125 | 账户更新: 总值$99574.54, 买入力$401574.80
2025-07-23 12:22:28 | DEBUG    | src.bot.trading_bot:_update_market_data:184 | 市场数据更新完成
2025-07-23 12:22:32 | INFO     | src.trading.executor:update_account_info:125 | 账户更新: 总值$99574.54, 买入力$401574.80
2025-07-23 12:22:32 | DEBUG    | src.bot.trading_bot:_update_market_data:184 | 市场数据更新完成
2025-07-23 12:22:35 | INFO     | src.trading.executor:update_account_info:125 | 账户更新: 总值$99574.54, 买入力$401574.80
2025-07-23 12:22:35 | DEBUG    | src.bot.trading_bot:_update_market_data:184 | 市场数据更新完成
2025-07-23 12:22:38 | INFO     | src.trading.executor:update_account_info:125 | 账户更新: 总值$99574.54, 买入力$401574.80
2025-07-23 12:22:39 | DEBUG    | src.bot.trading_bot:_update_market_data:184 | 市场数据更新完成
2025-07-23 12:22:42 | INFO     | src.trading.executor:update_account_info:125 | 账户更新: 总值$99574.54, 买入力$401574.80
2025-07-23 12:22:42 | DEBUG    | src.bot.trading_bot:_update_market_data:184 | 市场数据更新完成
2025-07-23 12:22:46 | INFO     | src.trading.executor:update_account_info:125 | 账户更新: 总值$99574.54, 买入力$401574.80
2025-07-23 12:22:46 | DEBUG    | src.bot.trading_bot:_update_market_data:184 | 市场数据更新完成
2025-07-23 12:22:49 | INFO     | src.trading.executor:update_account_info:125 | 账户更新: 总值$99574.54, 买入力$401574.80
2025-07-23 12:22:49 | DEBUG    | src.bot.trading_bot:_update_market_data:184 | 市场数据更新完成
2025-07-23 12:22:53 | INFO     | src.trading.executor:update_account_info:125 | 账户更新: 总值$99574.54, 买入力$401574.80
2025-07-23 12:22:53 | DEBUG    | src.bot.trading_bot:_update_market_data:184 | 市场数据更新完成
2025-07-23 12:22:56 | INFO     | src.trading.executor:update_account_info:125 | 账户更新: 总值$99574.54, 买入力$401574.80
2025-07-23 12:22:56 | DEBUG    | src.bot.trading_bot:_update_market_data:184 | 市场数据更新完成
2025-07-23 12:22:59 | INFO     | src.trading.executor:update_account_info:125 | 账户更新: 总值$99574.54, 买入力$401574.80
2025-07-23 12:23:00 | DEBUG    | src.bot.trading_bot:_update_market_data:184 | 市场数据更新完成
2025-07-23 12:23:03 | INFO     | src.trading.executor:update_account_info:125 | 账户更新: 总值$99574.54, 买入力$401574.80
2025-07-23 12:23:03 | DEBUG    | src.bot.trading_bot:_update_market_data:184 | 市场数据更新完成
2025-07-23 12:23:04 | DEBUG    | src.bot.trading_bot:_update_positions_normal:259 | 📊 常规头寸更新完成
2025-07-23 12:23:06 | INFO     | src.trading.executor:update_account_info:125 | 账户更新: 总值$99574.54, 买入力$401574.80
2025-07-23 12:23:07 | DEBUG    | src.bot.trading_bot:_update_market_data:184 | 市场数据更新完成
2025-07-23 12:23:10 | INFO     | src.trading.executor:update_account_info:125 | 账户更新: 总值$99574.54, 买入力$401574.80
2025-07-23 12:23:10 | DEBUG    | src.bot.trading_bot:_update_market_data:184 | 市场数据更新完成
2025-07-23 12:23:13 | INFO     | src.trading.executor:update_account_info:125 | 账户更新: 总值$99574.54, 买入力$401574.80
2025-07-23 12:23:14 | DEBUG    | src.bot.trading_bot:_update_market_data:184 | 市场数据更新完成
2025-07-23 12:23:17 | INFO     | src.trading.executor:update_account_info:125 | 账户更新: 总值$99574.54, 买入力$401574.80
2025-07-23 12:23:17 | DEBUG    | src.bot.trading_bot:_update_market_data:184 | 市场数据更新完成
2025-07-23 12:23:21 | INFO     | src.trading.executor:update_account_info:125 | 账户更新: 总值$99574.54, 买入力$401574.80
2025-07-23 12:23:21 | DEBUG    | src.bot.trading_bot:_update_market_data:184 | 市场数据更新完成
2025-07-23 12:23:24 | INFO     | src.trading.executor:update_account_info:125 | 账户更新: 总值$99574.54, 买入力$401574.80
2025-07-23 12:23:24 | DEBUG    | src.bot.trading_bot:_update_market_data:184 | 市场数据更新完成
2025-07-23 12:23:27 | INFO     | src.trading.executor:update_account_info:125 | 账户更新: 总值$99574.54, 买入力$401574.80
2025-07-23 12:23:28 | DEBUG    | src.bot.trading_bot:_update_market_data:184 | 市场数据更新完成
2025-07-23 12:23:31 | INFO     | src.trading.executor:update_account_info:125 | 账户更新: 总值$99574.54, 买入力$401574.80
2025-07-23 12:23:31 | DEBUG    | src.bot.trading_bot:_update_market_data:184 | 市场数据更新完成
2025-07-23 12:23:34 | INFO     | src.trading.executor:update_account_info:125 | 账户更新: 总值$99574.54, 买入力$401574.80
2025-07-23 12:23:35 | DEBUG    | src.bot.trading_bot:_update_market_data:184 | 市场数据更新完成
2025-07-23 12:23:38 | INFO     | src.trading.executor:update_account_info:125 | 账户更新: 总值$99574.54, 买入力$401574.80
2025-07-23 12:23:38 | DEBUG    | src.bot.trading_bot:_update_market_data:184 | 市场数据更新完成
2025-07-23 12:23:41 | INFO     | src.trading.executor:update_account_info:125 | 账户更新: 总值$99574.54, 买入力$401574.80
2025-07-23 12:23:42 | DEBUG    | src.bot.trading_bot:_update_market_data:184 | 市场数据更新完成
2025-07-23 12:23:45 | INFO     | src.trading.executor:update_account_info:125 | 账户更新: 总值$99574.54, 买入力$401574.80
2025-07-23 12:23:45 | DEBUG    | src.bot.trading_bot:_update_market_data:184 | 市场数据更新完成
2025-07-23 12:23:49 | INFO     | src.trading.executor:update_account_info:125 | 账户更新: 总值$99574.54, 买入力$401574.80
2025-07-23 12:23:49 | DEBUG    | src.bot.trading_bot:_update_market_data:184 | 市场数据更新完成
2025-07-23 12:23:52 | INFO     | src.trading.executor:update_account_info:125 | 账户更新: 总值$99574.54, 买入力$401574.80
2025-07-23 12:23:52 | DEBUG    | src.bot.trading_bot:_update_market_data:184 | 市场数据更新完成
2025-07-23 12:23:55 | INFO     | src.trading.executor:update_account_info:125 | 账户更新: 总值$99574.54, 买入力$401574.80
2025-07-23 12:23:56 | DEBUG    | src.bot.trading_bot:_update_market_data:184 | 市场数据更新完成
2025-07-23 12:23:59 | INFO     | src.trading.executor:update_account_info:125 | 账户更新: 总值$99574.54, 买入力$401574.80
2025-07-23 12:23:59 | DEBUG    | src.bot.trading_bot:_update_market_data:184 | 市场数据更新完成
2025-07-23 12:24:02 | INFO     | src.trading.executor:update_account_info:125 | 账户更新: 总值$99574.54, 买入力$401574.80
2025-07-23 12:24:03 | DEBUG    | src.bot.trading_bot:_update_market_data:184 | 市场数据更新完成
2025-07-23 12:24:04 | DEBUG    | src.bot.trading_bot:_update_positions_normal:259 | 📊 常规头寸更新完成
2025-07-23 12:24:06 | INFO     | src.trading.executor:update_account_info:125 | 账户更新: 总值$99574.54, 买入力$401574.80
2025-07-23 12:24:06 | DEBUG    | src.bot.trading_bot:_update_market_data:184 | 市场数据更新完成
2025-07-23 12:24:09 | INFO     | src.trading.executor:update_account_info:125 | 账户更新: 总值$99574.54, 买入力$401574.80
2025-07-23 12:24:10 | DEBUG    | src.bot.trading_bot:_update_market_data:184 | 市场数据更新完成
2025-07-23 12:24:13 | INFO     | src.trading.executor:update_account_info:125 | 账户更新: 总值$99574.54, 买入力$401574.80
2025-07-23 12:24:13 | DEBUG    | src.bot.trading_bot:_update_market_data:184 | 市场数据更新完成
2025-07-23 12:24:16 | INFO     | src.trading.executor:update_account_info:125 | 账户更新: 总值$99574.54, 买入力$401574.80
2025-07-23 12:24:17 | DEBUG    | src.bot.trading_bot:_update_market_data:184 | 市场数据更新完成
2025-07-23 12:24:20 | INFO     | src.trading.executor:update_account_info:125 | 账户更新: 总值$99574.54, 买入力$401574.80
2025-07-23 12:24:20 | DEBUG    | src.bot.trading_bot:_update_market_data:184 | 市场数据更新完成
2025-07-23 12:24:23 | INFO     | src.trading.executor:update_account_info:125 | 账户更新: 总值$99574.54, 买入力$401574.80
2025-07-23 12:24:24 | DEBUG    | src.bot.trading_bot:_update_market_data:184 | 市场数据更新完成
2025-07-23 12:24:27 | INFO     | src.trading.executor:update_account_info:125 | 账户更新: 总值$99574.54, 买入力$401574.80
2025-07-23 12:24:27 | DEBUG    | src.bot.trading_bot:_update_market_data:184 | 市场数据更新完成
2025-07-23 12:24:30 | INFO     | src.trading.executor:update_account_info:125 | 账户更新: 总值$99574.54, 买入力$401574.80
2025-07-23 12:24:31 | DEBUG    | src.bot.trading_bot:_update_market_data:184 | 市场数据更新完成
2025-07-23 12:24:34 | INFO     | src.trading.executor:update_account_info:125 | 账户更新: 总值$99574.54, 买入力$401574.80
2025-07-23 12:24:34 | DEBUG    | src.bot.trading_bot:_update_market_data:184 | 市场数据更新完成
2025-07-23 12:24:37 | INFO     | src.trading.executor:update_account_info:125 | 账户更新: 总值$99574.54, 买入力$401574.80
2025-07-23 12:24:38 | DEBUG    | src.bot.trading_bot:_update_market_data:184 | 市场数据更新完成
2025-07-23 12:24:41 | INFO     | src.trading.executor:update_account_info:125 | 账户更新: 总值$99574.54, 买入力$401574.80
2025-07-23 12:24:41 | DEBUG    | src.bot.trading_bot:_update_market_data:184 | 市场数据更新完成
2025-07-23 12:24:44 | INFO     | src.trading.executor:update_account_info:125 | 账户更新: 总值$99574.54, 买入力$401574.80
2025-07-23 12:24:45 | DEBUG    | src.bot.trading_bot:_update_market_data:184 | 市场数据更新完成
2025-07-23 12:24:48 | INFO     | src.trading.executor:update_account_info:125 | 账户更新: 总值$99574.54, 买入力$401574.80
2025-07-23 12:24:48 | DEBUG    | src.bot.trading_bot:_update_market_data:184 | 市场数据更新完成
2025-07-23 12:24:52 | INFO     | src.trading.executor:update_account_info:125 | 账户更新: 总值$99574.54, 买入力$401574.80
2025-07-23 12:24:52 | DEBUG    | src.bot.trading_bot:_update_market_data:184 | 市场数据更新完成
2025-07-23 12:24:55 | INFO     | src.trading.executor:update_account_info:125 | 账户更新: 总值$99574.54, 买入力$401574.80
2025-07-23 12:24:55 | DEBUG    | src.bot.trading_bot:_update_market_data:184 | 市场数据更新完成
2025-07-23 12:24:59 | INFO     | src.trading.executor:update_account_info:125 | 账户更新: 总值$99574.54, 买入力$401574.80
2025-07-23 12:24:59 | DEBUG    | src.bot.trading_bot:_update_market_data:184 | 市场数据更新完成
2025-07-23 12:25:02 | INFO     | src.trading.executor:update_account_info:125 | 账户更新: 总值$99574.54, 买入力$401574.80
2025-07-23 12:25:02 | DEBUG    | src.bot.trading_bot:_update_market_data:184 | 市场数据更新完成
2025-07-23 12:25:04 | DEBUG    | src.bot.trading_bot:_update_positions_normal:259 | 📊 常规头寸更新完成
2025-07-23 12:25:06 | INFO     | src.trading.executor:update_account_info:125 | 账户更新: 总值$99574.54, 买入力$401574.80
2025-07-23 12:25:06 | DEBUG    | src.bot.trading_bot:_update_market_data:184 | 市场数据更新完成
2025-07-23 12:25:09 | INFO     | src.trading.executor:update_account_info:125 | 账户更新: 总值$99574.54, 买入力$401574.80
2025-07-23 12:25:09 | DEBUG    | src.bot.trading_bot:_update_market_data:184 | 市场数据更新完成
2025-07-23 12:25:13 | INFO     | src.trading.executor:update_account_info:125 | 账户更新: 总值$99574.54, 买入力$401574.80
2025-07-23 12:25:13 | DEBUG    | src.bot.trading_bot:_update_market_data:184 | 市场数据更新完成
2025-07-23 12:25:16 | INFO     | src.trading.executor:update_account_info:125 | 账户更新: 总值$99574.54, 买入力$401574.80
2025-07-23 12:25:16 | DEBUG    | src.bot.trading_bot:_update_market_data:184 | 市场数据更新完成
2025-07-23 12:25:19 | INFO     | src.trading.executor:update_account_info:125 | 账户更新: 总值$99574.54, 买入力$401574.80
2025-07-23 12:25:20 | DEBUG    | src.bot.trading_bot:_update_market_data:184 | 市场数据更新完成
2025-07-23 12:25:23 | INFO     | src.trading.executor:update_account_info:125 | 账户更新: 总值$99574.54, 买入力$401574.80
2025-07-23 12:25:23 | DEBUG    | src.bot.trading_bot:_update_market_data:184 | 市场数据更新完成
2025-07-23 12:25:27 | INFO     | src.trading.executor:update_account_info:125 | 账户更新: 总值$99574.54, 买入力$401574.80
2025-07-23 12:25:27 | DEBUG    | src.bot.trading_bot:_update_market_data:184 | 市场数据更新完成
2025-07-23 12:25:30 | INFO     | src.trading.executor:update_account_info:125 | 账户更新: 总值$99574.54, 买入力$401574.80
2025-07-23 12:25:30 | DEBUG    | src.bot.trading_bot:_update_market_data:184 | 市场数据更新完成
2025-07-23 12:25:34 | INFO     | src.trading.executor:update_account_info:125 | 账户更新: 总值$99574.54, 买入力$401574.80
2025-07-23 12:25:34 | DEBUG    | src.bot.trading_bot:_update_market_data:184 | 市场数据更新完成
2025-07-23 12:25:37 | INFO     | src.trading.executor:update_account_info:125 | 账户更新: 总值$99574.54, 买入力$401574.80
2025-07-23 12:25:37 | DEBUG    | src.bot.trading_bot:_update_market_data:184 | 市场数据更新完成
2025-07-23 12:25:41 | INFO     | src.trading.executor:update_account_info:125 | 账户更新: 总值$99574.54, 买入力$401574.80
2025-07-23 12:25:41 | DEBUG    | src.bot.trading_bot:_update_market_data:184 | 市场数据更新完成
2025-07-23 12:25:44 | INFO     | src.trading.executor:update_account_info:125 | 账户更新: 总值$99574.54, 买入力$401574.80
2025-07-23 12:25:44 | DEBUG    | src.bot.trading_bot:_update_market_data:184 | 市场数据更新完成
2025-07-23 12:25:48 | INFO     | src.trading.executor:update_account_info:125 | 账户更新: 总值$99574.54, 买入力$401574.80
2025-07-23 12:25:48 | DEBUG    | src.bot.trading_bot:_update_market_data:184 | 市场数据更新完成
2025-07-23 12:25:51 | INFO     | src.trading.executor:update_account_info:125 | 账户更新: 总值$99574.54, 买入力$401574.80
2025-07-23 12:25:51 | DEBUG    | src.bot.trading_bot:_update_market_data:184 | 市场数据更新完成
2025-07-23 12:25:55 | INFO     | src.trading.executor:update_account_info:125 | 账户更新: 总值$99574.54, 买入力$401574.80
2025-07-23 12:25:55 | DEBUG    | src.bot.trading_bot:_update_market_data:184 | 市场数据更新完成
2025-07-23 12:25:58 | INFO     | src.trading.executor:update_account_info:125 | 账户更新: 总值$99574.54, 买入力$401574.80
2025-07-23 12:25:58 | DEBUG    | src.bot.trading_bot:_update_market_data:184 | 市场数据更新完成
2025-07-23 12:26:02 | INFO     | src.trading.executor:update_account_info:125 | 账户更新: 总值$99574.54, 买入力$401574.80
2025-07-23 12:26:02 | DEBUG    | src.bot.trading_bot:_update_market_data:184 | 市场数据更新完成
2025-07-23 12:26:04 | DEBUG    | src.bot.trading_bot:_update_positions_normal:259 | 📊 常规头寸更新完成
2025-07-23 12:26:05 | INFO     | src.trading.executor:update_account_info:125 | 账户更新: 总值$99574.54, 买入力$401574.80
2025-07-23 12:26:05 | DEBUG    | src.bot.trading_bot:_update_market_data:184 | 市场数据更新完成
2025-07-23 12:26:09 | INFO     | src.trading.executor:update_account_info:125 | 账户更新: 总值$99574.54, 买入力$401574.80
2025-07-23 12:26:09 | DEBUG    | src.bot.trading_bot:_update_market_data:184 | 市场数据更新完成
2025-07-23 12:26:12 | INFO     | src.trading.executor:update_account_info:125 | 账户更新: 总值$99574.54, 买入力$401574.80
2025-07-23 12:26:12 | DEBUG    | src.bot.trading_bot:_update_market_data:184 | 市场数据更新完成
2025-07-23 12:26:15 | INFO     | src.trading.executor:update_account_info:125 | 账户更新: 总值$99574.54, 买入力$401574.80
2025-07-23 12:26:16 | DEBUG    | src.bot.trading_bot:_update_market_data:184 | 市场数据更新完成
2025-07-23 12:26:19 | INFO     | src.trading.executor:update_account_info:125 | 账户更新: 总值$99574.54, 买入力$401574.80
2025-07-23 12:26:19 | DEBUG    | src.bot.trading_bot:_update_market_data:184 | 市场数据更新完成
2025-07-23 12:26:22 | INFO     | src.trading.executor:update_account_info:125 | 账户更新: 总值$99574.54, 买入力$401574.80
2025-07-23 12:26:23 | DEBUG    | src.bot.trading_bot:_update_market_data:184 | 市场数据更新完成
2025-07-23 12:26:26 | INFO     | src.trading.executor:update_account_info:125 | 账户更新: 总值$99574.54, 买入力$401574.80
2025-07-23 12:26:26 | DEBUG    | src.bot.trading_bot:_update_market_data:184 | 市场数据更新完成
2025-07-23 12:26:30 | INFO     | src.trading.executor:update_account_info:125 | 账户更新: 总值$99574.54, 买入力$401574.80
2025-07-23 12:26:30 | DEBUG    | src.bot.trading_bot:_update_market_data:184 | 市场数据更新完成
2025-07-23 12:26:33 | INFO     | src.trading.executor:update_account_info:125 | 账户更新: 总值$99574.54, 买入力$401574.80
2025-07-23 12:26:33 | DEBUG    | src.bot.trading_bot:_update_market_data:184 | 市场数据更新完成
2025-07-23 12:26:37 | INFO     | src.trading.executor:update_account_info:125 | 账户更新: 总值$99574.54, 买入力$401574.80
2025-07-23 12:26:37 | DEBUG    | src.bot.trading_bot:_update_market_data:184 | 市场数据更新完成
2025-07-23 12:26:40 | INFO     | src.trading.executor:update_account_info:125 | 账户更新: 总值$99574.54, 买入力$401574.80
2025-07-23 12:26:40 | DEBUG    | src.bot.trading_bot:_update_market_data:184 | 市场数据更新完成
2025-07-23 12:26:44 | INFO     | src.trading.executor:update_account_info:125 | 账户更新: 总值$99574.54, 买入力$401574.80
2025-07-23 12:26:44 | DEBUG    | src.bot.trading_bot:_update_market_data:184 | 市场数据更新完成
2025-07-23 12:26:47 | INFO     | src.trading.executor:update_account_info:125 | 账户更新: 总值$99574.54, 买入力$401574.80
2025-07-23 12:26:47 | DEBUG    | src.bot.trading_bot:_update_market_data:184 | 市场数据更新完成
2025-07-23 12:26:51 | INFO     | src.trading.executor:update_account_info:125 | 账户更新: 总值$99574.54, 买入力$401574.80
2025-07-23 12:26:51 | DEBUG    | src.bot.trading_bot:_update_market_data:184 | 市场数据更新完成
2025-07-23 12:26:54 | INFO     | src.trading.executor:update_account_info:125 | 账户更新: 总值$99574.54, 买入力$401574.80
2025-07-23 12:26:54 | DEBUG    | src.bot.trading_bot:_update_market_data:184 | 市场数据更新完成
2025-07-23 12:26:58 | INFO     | src.trading.executor:update_account_info:125 | 账户更新: 总值$99574.54, 买入力$401574.80
2025-07-23 12:26:58 | DEBUG    | src.bot.trading_bot:_update_market_data:184 | 市场数据更新完成
2025-07-23 12:27:01 | INFO     | src.trading.executor:update_account_info:125 | 账户更新: 总值$99574.54, 买入力$401574.80
2025-07-23 12:27:02 | DEBUG    | src.bot.trading_bot:_update_market_data:184 | 市场数据更新完成
2025-07-23 12:27:05 | DEBUG    | src.bot.trading_bot:_update_positions_normal:259 | 📊 常规头寸更新完成
2025-07-23 12:27:05 | INFO     | src.trading.executor:update_account_info:125 | 账户更新: 总值$99574.54, 买入力$401574.80
2025-07-23 12:27:05 | DEBUG    | src.bot.trading_bot:_update_market_data:184 | 市场数据更新完成
2025-07-23 12:27:08 | INFO     | src.trading.executor:update_account_info:125 | 账户更新: 总值$99574.54, 买入力$401574.80
2025-07-23 12:27:09 | DEBUG    | src.bot.trading_bot:_update_market_data:184 | 市场数据更新完成
2025-07-23 12:27:12 | INFO     | src.trading.executor:update_account_info:125 | 账户更新: 总值$99574.54, 买入力$401574.80
2025-07-23 12:27:12 | DEBUG    | src.bot.trading_bot:_update_market_data:184 | 市场数据更新完成
2025-07-23 12:27:15 | INFO     | src.trading.executor:update_account_info:125 | 账户更新: 总值$99574.54, 买入力$401574.80
2025-07-23 12:27:15 | DEBUG    | src.bot.trading_bot:_update_market_data:184 | 市场数据更新完成
2025-07-23 12:27:19 | INFO     | src.trading.executor:update_account_info:125 | 账户更新: 总值$99574.54, 买入力$401574.80
2025-07-23 12:27:19 | DEBUG    | src.bot.trading_bot:_update_market_data:184 | 市场数据更新完成
2025-07-23 12:27:22 | INFO     | src.trading.executor:update_account_info:125 | 账户更新: 总值$99574.54, 买入力$401574.80
2025-07-23 12:27:22 | DEBUG    | src.bot.trading_bot:_update_market_data:184 | 市场数据更新完成
2025-07-23 12:27:26 | INFO     | src.trading.executor:update_account_info:125 | 账户更新: 总值$99574.54, 买入力$401574.80
2025-07-23 12:27:26 | DEBUG    | src.bot.trading_bot:_update_market_data:184 | 市场数据更新完成
2025-07-23 12:27:29 | INFO     | src.trading.executor:update_account_info:125 | 账户更新: 总值$99574.54, 买入力$401574.80
2025-07-23 12:27:30 | DEBUG    | src.bot.trading_bot:_update_market_data:184 | 市场数据更新完成
2025-07-23 12:27:33 | INFO     | src.trading.executor:update_account_info:125 | 账户更新: 总值$99574.54, 买入力$401574.80
2025-07-23 12:27:33 | DEBUG    | src.bot.trading_bot:_update_market_data:184 | 市场数据更新完成
2025-07-23 12:27:36 | INFO     | src.trading.executor:update_account_info:125 | 账户更新: 总值$99574.54, 买入力$401574.80
2025-07-23 12:27:37 | DEBUG    | src.bot.trading_bot:_update_market_data:184 | 市场数据更新完成
2025-07-23 12:27:40 | INFO     | src.trading.executor:update_account_info:125 | 账户更新: 总值$99574.54, 买入力$401574.80
2025-07-23 12:27:40 | DEBUG    | src.bot.trading_bot:_update_market_data:184 | 市场数据更新完成
2025-07-23 12:27:43 | INFO     | src.trading.executor:update_account_info:125 | 账户更新: 总值$99574.54, 买入力$401574.80
2025-07-23 12:27:44 | DEBUG    | src.bot.trading_bot:_update_market_data:184 | 市场数据更新完成
2025-07-23 12:27:47 | INFO     | src.trading.executor:update_account_info:125 | 账户更新: 总值$99574.54, 买入力$401574.80
2025-07-23 12:27:47 | DEBUG    | src.bot.trading_bot:_update_market_data:184 | 市场数据更新完成
2025-07-23 12:27:50 | INFO     | src.trading.executor:update_account_info:125 | 账户更新: 总值$99574.54, 买入力$401574.80
2025-07-23 12:27:50 | DEBUG    | src.bot.trading_bot:_update_market_data:184 | 市场数据更新完成
2025-07-23 12:27:54 | INFO     | src.trading.executor:update_account_info:125 | 账户更新: 总值$99574.54, 买入力$401574.80
2025-07-23 12:27:54 | DEBUG    | src.bot.trading_bot:_update_market_data:184 | 市场数据更新完成
2025-07-23 12:27:57 | INFO     | src.trading.executor:update_account_info:125 | 账户更新: 总值$99574.54, 买入力$401574.80
2025-07-23 12:27:57 | DEBUG    | src.bot.trading_bot:_update_market_data:184 | 市场数据更新完成
2025-07-23 12:28:01 | INFO     | src.trading.executor:update_account_info:125 | 账户更新: 总值$99574.54, 买入力$401574.80
2025-07-23 12:28:01 | DEBUG    | src.bot.trading_bot:_update_market_data:184 | 市场数据更新完成
2025-07-23 12:28:04 | INFO     | src.trading.executor:update_account_info:125 | 账户更新: 总值$99574.54, 买入力$401574.80
2025-07-23 12:28:05 | DEBUG    | src.bot.trading_bot:_update_market_data:184 | 市场数据更新完成
2025-07-23 12:28:05 | DEBUG    | src.bot.trading_bot:_update_positions_normal:259 | 📊 常规头寸更新完成
2025-07-23 12:28:08 | INFO     | src.trading.executor:update_account_info:125 | 账户更新: 总值$99574.54, 买入力$401574.80
2025-07-23 12:28:08 | DEBUG    | src.bot.trading_bot:_update_market_data:184 | 市场数据更新完成
2025-07-23 12:28:11 | INFO     | src.trading.executor:update_account_info:125 | 账户更新: 总值$99574.54, 买入力$401574.80
2025-07-23 12:28:12 | DEBUG    | src.bot.trading_bot:_update_market_data:184 | 市场数据更新完成
2025-07-23 12:28:15 | INFO     | src.trading.executor:update_account_info:125 | 账户更新: 总值$99574.54, 买入力$401574.80
2025-07-23 12:28:15 | DEBUG    | src.bot.trading_bot:_update_market_data:184 | 市场数据更新完成
2025-07-23 12:28:18 | INFO     | src.trading.executor:update_account_info:125 | 账户更新: 总值$99574.54, 买入力$401574.80
2025-07-23 12:28:19 | DEBUG    | src.bot.trading_bot:_update_market_data:184 | 市场数据更新完成
2025-07-23 12:28:22 | INFO     | src.trading.executor:update_account_info:125 | 账户更新: 总值$99574.54, 买入力$401574.80
2025-07-23 12:28:23 | DEBUG    | src.bot.trading_bot:_update_market_data:184 | 市场数据更新完成
2025-07-23 12:28:23 | INFO     | src.utils.notifications:send_message:63 | [GENERAL] 📊 每小时报告
时间: 12:28
当前头寸: 0
当日交易: 1
当日盈亏: $405.00
账户总值: $99,574.54
2025-07-23 12:28:26 | INFO     | src.trading.executor:update_account_info:125 | 账户更新: 总值$99574.54, 买入力$401574.80
2025-07-23 12:28:26 | DEBUG    | src.bot.trading_bot:_update_market_data:184 | 市场数据更新完成
2025-07-23 12:28:30 | INFO     | src.trading.executor:update_account_info:125 | 账户更新: 总值$99574.54, 买入力$401574.80
2025-07-23 12:28:30 | DEBUG    | src.bot.trading_bot:_update_market_data:184 | 市场数据更新完成
2025-07-23 12:28:33 | INFO     | src.trading.executor:update_account_info:125 | 账户更新: 总值$99574.54, 买入力$401574.80
2025-07-23 12:28:34 | DEBUG    | src.bot.trading_bot:_update_market_data:184 | 市场数据更新完成
2025-07-23 12:28:37 | INFO     | src.trading.executor:update_account_info:125 | 账户更新: 总值$99574.54, 买入力$401574.80
2025-07-23 12:28:37 | DEBUG    | src.bot.trading_bot:_update_market_data:184 | 市场数据更新完成
2025-07-23 12:28:41 | INFO     | src.trading.executor:update_account_info:125 | 账户更新: 总值$99574.54, 买入力$401574.80
2025-07-23 12:28:41 | DEBUG    | src.bot.trading_bot:_update_market_data:184 | 市场数据更新完成
2025-07-23 12:28:44 | INFO     | src.trading.executor:update_account_info:125 | 账户更新: 总值$99574.54, 买入力$401574.80
2025-07-23 12:28:44 | DEBUG    | src.bot.trading_bot:_update_market_data:184 | 市场数据更新完成
2025-07-23 12:28:47 | INFO     | src.trading.executor:update_account_info:125 | 账户更新: 总值$99574.54, 买入力$401574.80
2025-07-23 12:28:48 | DEBUG    | src.bot.trading_bot:_update_market_data:184 | 市场数据更新完成
2025-07-23 12:28:51 | INFO     | src.trading.executor:update_account_info:125 | 账户更新: 总值$99574.54, 买入力$401574.80
2025-07-23 12:28:51 | DEBUG    | src.bot.trading_bot:_update_market_data:184 | 市场数据更新完成
2025-07-23 12:28:54 | INFO     | src.trading.executor:update_account_info:125 | 账户更新: 总值$99574.54, 买入力$401574.80
2025-07-23 12:28:55 | DEBUG    | src.bot.trading_bot:_update_market_data:184 | 市场数据更新完成
2025-07-23 12:28:58 | INFO     | src.trading.executor:update_account_info:125 | 账户更新: 总值$99574.54, 买入力$401574.80
2025-07-23 12:28:58 | DEBUG    | src.bot.trading_bot:_update_market_data:184 | 市场数据更新完成
2025-07-23 12:29:01 | INFO     | src.trading.executor:update_account_info:125 | 账户更新: 总值$99574.54, 买入力$401574.80
2025-07-23 12:29:02 | DEBUG    | src.bot.trading_bot:_update_market_data:184 | 市场数据更新完成
2025-07-23 12:29:05 | INFO     | src.trading.executor:update_account_info:125 | 账户更新: 总值$99574.54, 买入力$401574.80
2025-07-23 12:29:06 | DEBUG    | src.bot.trading_bot:_update_market_data:184 | 市场数据更新完成
2025-07-23 12:29:06 | DEBUG    | src.bot.trading_bot:_update_positions_normal:259 | 📊 常规头寸更新完成
2025-07-23 12:29:09 | INFO     | src.trading.executor:update_account_info:125 | 账户更新: 总值$99574.54, 买入力$401574.80
2025-07-23 12:29:09 | DEBUG    | src.bot.trading_bot:_update_market_data:184 | 市场数据更新完成
2025-07-23 12:29:12 | INFO     | src.trading.executor:update_account_info:125 | 账户更新: 总值$99574.54, 买入力$401574.80
2025-07-23 12:29:13 | DEBUG    | src.bot.trading_bot:_update_market_data:184 | 市场数据更新完成
2025-07-23 12:29:16 | INFO     | src.trading.executor:update_account_info:125 | 账户更新: 总值$99574.54, 买入力$401574.80
2025-07-23 12:29:16 | DEBUG    | src.bot.trading_bot:_update_market_data:184 | 市场数据更新完成
2025-07-23 12:29:19 | INFO     | src.trading.executor:update_account_info:125 | 账户更新: 总值$99574.54, 买入力$401574.80
2025-07-23 12:29:20 | DEBUG    | src.bot.trading_bot:_update_market_data:184 | 市场数据更新完成
2025-07-23 12:29:23 | INFO     | src.trading.executor:update_account_info:125 | 账户更新: 总值$99574.54, 买入力$401574.80
2025-07-23 12:29:23 | DEBUG    | src.bot.trading_bot:_update_market_data:184 | 市场数据更新完成
2025-07-23 12:29:26 | INFO     | src.trading.executor:update_account_info:125 | 账户更新: 总值$99574.54, 买入力$401574.80
2025-07-23 12:29:27 | DEBUG    | src.bot.trading_bot:_update_market_data:184 | 市场数据更新完成
2025-07-23 12:29:30 | INFO     | src.trading.executor:update_account_info:125 | 账户更新: 总值$99574.54, 买入力$401574.80
2025-07-23 12:29:30 | DEBUG    | src.bot.trading_bot:_update_market_data:184 | 市场数据更新完成
2025-07-23 12:29:33 | INFO     | src.trading.executor:update_account_info:125 | 账户更新: 总值$99574.54, 买入力$401574.80
2025-07-23 12:29:34 | DEBUG    | src.bot.trading_bot:_update_market_data:184 | 市场数据更新完成
2025-07-23 12:29:37 | INFO     | src.trading.executor:update_account_info:125 | 账户更新: 总值$99574.54, 买入力$401574.80
2025-07-23 12:29:37 | DEBUG    | src.bot.trading_bot:_update_market_data:184 | 市场数据更新完成
2025-07-23 12:29:40 | INFO     | src.trading.executor:update_account_info:125 | 账户更新: 总值$99574.54, 买入力$401574.80
2025-07-23 12:29:41 | DEBUG    | src.bot.trading_bot:_update_market_data:184 | 市场数据更新完成
2025-07-23 12:29:44 | INFO     | src.trading.executor:update_account_info:125 | 账户更新: 总值$99574.54, 买入力$401574.80
2025-07-23 12:29:44 | DEBUG    | src.bot.trading_bot:_update_market_data:184 | 市场数据更新完成
2025-07-23 12:29:47 | INFO     | src.trading.executor:update_account_info:125 | 账户更新: 总值$99574.54, 买入力$401574.80
2025-07-23 12:29:48 | DEBUG    | src.bot.trading_bot:_update_market_data:184 | 市场数据更新完成
2025-07-23 12:29:51 | INFO     | src.trading.executor:update_account_info:125 | 账户更新: 总值$99574.54, 买入力$401574.80
2025-07-23 12:29:51 | DEBUG    | src.bot.trading_bot:_update_market_data:184 | 市场数据更新完成
2025-07-23 12:29:54 | INFO     | src.trading.executor:update_account_info:125 | 账户更新: 总值$99574.54, 买入力$401574.80
2025-07-23 12:29:55 | DEBUG    | src.bot.trading_bot:_update_market_data:184 | 市场数据更新完成
2025-07-23 12:29:58 | INFO     | src.trading.executor:update_account_info:125 | 账户更新: 总值$99574.54, 买入力$401574.80
2025-07-23 12:29:58 | DEBUG    | src.bot.trading_bot:_update_market_data:184 | 市场数据更新完成
2025-07-23 12:30:01 | INFO     | src.trading.executor:update_account_info:125 | 账户更新: 总值$99574.54, 买入力$401574.80
2025-07-23 12:30:02 | DEBUG    | src.bot.trading_bot:_update_market_data:184 | 市场数据更新完成
2025-07-23 12:30:05 | INFO     | src.trading.executor:update_account_info:125 | 账户更新: 总值$99574.54, 买入力$401574.80
2025-07-23 12:30:05 | DEBUG    | src.bot.trading_bot:_update_market_data:184 | 市场数据更新完成
2025-07-23 12:30:06 | DEBUG    | src.bot.trading_bot:_update_positions_normal:259 | 📊 常规头寸更新完成
2025-07-23 12:30:09 | INFO     | src.trading.executor:update_account_info:125 | 账户更新: 总值$99574.54, 买入力$401574.80
2025-07-23 12:30:09 | DEBUG    | src.bot.trading_bot:_update_market_data:184 | 市场数据更新完成
2025-07-23 12:30:12 | INFO     | src.trading.executor:update_account_info:125 | 账户更新: 总值$99574.54, 买入力$401574.80
2025-07-23 12:30:12 | DEBUG    | src.bot.trading_bot:_update_market_data:184 | 市场数据更新完成
2025-07-23 12:30:16 | INFO     | src.trading.executor:update_account_info:125 | 账户更新: 总值$99574.54, 买入力$401574.80
2025-07-23 12:30:16 | DEBUG    | src.bot.trading_bot:_update_market_data:184 | 市场数据更新完成
2025-07-23 12:30:19 | INFO     | src.trading.executor:update_account_info:125 | 账户更新: 总值$99574.54, 买入力$401574.80
2025-07-23 12:30:19 | DEBUG    | src.bot.trading_bot:_update_market_data:184 | 市场数据更新完成
2025-07-23 12:30:23 | INFO     | src.trading.executor:update_account_info:125 | 账户更新: 总值$99574.54, 买入力$401574.80
2025-07-23 12:30:23 | DEBUG    | src.bot.trading_bot:_update_market_data:184 | 市场数据更新完成
2025-07-23 12:30:26 | INFO     | src.trading.executor:update_account_info:125 | 账户更新: 总值$99574.54, 买入力$401574.80
2025-07-23 12:30:26 | DEBUG    | src.bot.trading_bot:_update_market_data:184 | 市场数据更新完成
2025-07-23 12:30:29 | INFO     | src.trading.executor:update_account_info:125 | 账户更新: 总值$99574.54, 买入力$401574.80
2025-07-23 12:30:30 | DEBUG    | src.bot.trading_bot:_update_market_data:184 | 市场数据更新完成
2025-07-23 12:30:33 | INFO     | src.trading.executor:update_account_info:125 | 账户更新: 总值$99574.54, 买入力$401574.80
2025-07-23 12:30:33 | DEBUG    | src.bot.trading_bot:_update_market_data:184 | 市场数据更新完成
2025-07-23 12:30:36 | INFO     | src.trading.executor:update_account_info:125 | 账户更新: 总值$99574.54, 买入力$401574.80
2025-07-23 12:30:37 | DEBUG    | src.bot.trading_bot:_update_market_data:184 | 市场数据更新完成
2025-07-23 12:30:40 | INFO     | src.trading.executor:update_account_info:125 | 账户更新: 总值$99574.54, 买入力$401574.80
2025-07-23 12:30:40 | DEBUG    | src.bot.trading_bot:_update_market_data:184 | 市场数据更新完成
2025-07-23 12:30:44 | INFO     | src.trading.executor:update_account_info:125 | 账户更新: 总值$99574.54, 买入力$401574.80
2025-07-23 12:30:44 | DEBUG    | src.bot.trading_bot:_update_market_data:184 | 市场数据更新完成
2025-07-23 12:30:47 | INFO     | src.trading.executor:update_account_info:125 | 账户更新: 总值$99574.54, 买入力$401574.80
2025-07-23 12:30:47 | DEBUG    | src.bot.trading_bot:_update_market_data:184 | 市场数据更新完成
2025-07-23 12:30:51 | INFO     | src.trading.executor:update_account_info:125 | 账户更新: 总值$99574.54, 买入力$401574.80
2025-07-23 12:30:51 | DEBUG    | src.bot.trading_bot:_update_market_data:184 | 市场数据更新完成
2025-07-23 12:30:54 | INFO     | src.trading.executor:update_account_info:125 | 账户更新: 总值$99574.54, 买入力$401574.80
2025-07-23 12:30:54 | DEBUG    | src.bot.trading_bot:_update_market_data:184 | 市场数据更新完成
2025-07-23 12:30:57 | INFO     | src.trading.executor:update_account_info:125 | 账户更新: 总值$99574.54, 买入力$401574.80
2025-07-23 12:30:58 | DEBUG    | src.bot.trading_bot:_update_market_data:184 | 市场数据更新完成
2025-07-23 12:31:01 | INFO     | src.trading.executor:update_account_info:125 | 账户更新: 总值$99574.54, 买入力$401574.80
2025-07-23 12:31:01 | DEBUG    | src.bot.trading_bot:_update_market_data:184 | 市场数据更新完成
2025-07-23 12:31:04 | INFO     | src.trading.executor:update_account_info:125 | 账户更新: 总值$99574.54, 买入力$401574.80
2025-07-23 12:31:05 | DEBUG    | src.bot.trading_bot:_update_market_data:184 | 市场数据更新完成
2025-07-23 12:31:06 | DEBUG    | src.bot.trading_bot:_update_positions_normal:259 | 📊 常规头寸更新完成
2025-07-23 12:31:08 | INFO     | src.trading.executor:update_account_info:125 | 账户更新: 总值$99574.54, 买入力$401574.80
2025-07-23 12:31:08 | DEBUG    | src.bot.trading_bot:_update_market_data:184 | 市场数据更新完成
2025-07-23 12:31:12 | INFO     | src.trading.executor:update_account_info:125 | 账户更新: 总值$99574.54, 买入力$401574.80
2025-07-23 12:31:12 | DEBUG    | src.bot.trading_bot:_update_market_data:184 | 市场数据更新完成
2025-07-23 12:31:15 | INFO     | src.trading.executor:update_account_info:125 | 账户更新: 总值$99574.54, 买入力$401574.80
2025-07-23 12:31:16 | DEBUG    | src.bot.trading_bot:_update_market_data:184 | 市场数据更新完成
2025-07-23 12:31:19 | INFO     | src.trading.executor:update_account_info:125 | 账户更新: 总值$99574.54, 买入力$401574.80
2025-07-23 12:31:19 | DEBUG    | src.bot.trading_bot:_update_market_data:184 | 市场数据更新完成
2025-07-23 12:31:22 | INFO     | src.trading.executor:update_account_info:125 | 账户更新: 总值$99574.54, 买入力$401574.80
2025-07-23 12:31:23 | DEBUG    | src.bot.trading_bot:_update_market_data:184 | 市场数据更新完成
2025-07-23 12:31:26 | INFO     | src.trading.executor:update_account_info:125 | 账户更新: 总值$99574.54, 买入力$401574.80
2025-07-23 12:31:26 | DEBUG    | src.bot.trading_bot:_update_market_data:184 | 市场数据更新完成
2025-07-23 12:31:29 | INFO     | src.trading.executor:update_account_info:125 | 账户更新: 总值$99574.54, 买入力$401574.80
2025-07-23 12:31:29 | DEBUG    | src.bot.trading_bot:_update_market_data:184 | 市场数据更新完成
2025-07-23 12:31:33 | INFO     | src.trading.executor:update_account_info:125 | 账户更新: 总值$99574.54, 买入力$401574.80
2025-07-23 12:31:33 | DEBUG    | src.bot.trading_bot:_update_market_data:184 | 市场数据更新完成
2025-07-23 12:31:36 | INFO     | src.trading.executor:update_account_info:125 | 账户更新: 总值$99574.54, 买入力$401574.80
2025-07-23 12:31:37 | DEBUG    | src.bot.trading_bot:_update_market_data:184 | 市场数据更新完成
2025-07-23 12:31:40 | INFO     | src.trading.executor:update_account_info:125 | 账户更新: 总值$99574.54, 买入力$401574.80
2025-07-23 12:31:40 | DEBUG    | src.bot.trading_bot:_update_market_data:184 | 市场数据更新完成
2025-07-23 12:31:43 | INFO     | src.trading.executor:update_account_info:125 | 账户更新: 总值$99574.54, 买入力$401574.80
2025-07-23 12:31:44 | DEBUG    | src.bot.trading_bot:_update_market_data:184 | 市场数据更新完成
2025-07-23 12:31:47 | INFO     | src.trading.executor:update_account_info:125 | 账户更新: 总值$99574.54, 买入力$401574.80
2025-07-23 12:31:47 | DEBUG    | src.bot.trading_bot:_update_market_data:184 | 市场数据更新完成
2025-07-23 12:31:50 | INFO     | src.trading.executor:update_account_info:125 | 账户更新: 总值$99574.54, 买入力$401574.80
2025-07-23 12:31:51 | DEBUG    | src.bot.trading_bot:_update_market_data:184 | 市场数据更新完成
2025-07-23 12:31:54 | INFO     | src.trading.executor:update_account_info:125 | 账户更新: 总值$99574.54, 买入力$401574.80
2025-07-23 12:31:54 | DEBUG    | src.bot.trading_bot:_update_market_data:184 | 市场数据更新完成
2025-07-23 12:31:57 | INFO     | src.trading.executor:update_account_info:125 | 账户更新: 总值$99574.54, 买入力$401574.80
2025-07-23 12:31:58 | DEBUG    | src.bot.trading_bot:_update_market_data:184 | 市场数据更新完成
2025-07-23 12:32:01 | INFO     | src.trading.executor:update_account_info:125 | 账户更新: 总值$99574.54, 买入力$401574.80
2025-07-23 12:32:01 | DEBUG    | src.bot.trading_bot:_update_market_data:184 | 市场数据更新完成
2025-07-23 12:32:04 | INFO     | src.trading.executor:update_account_info:125 | 账户更新: 总值$99574.54, 买入力$401574.80
2025-07-23 12:32:05 | DEBUG    | src.bot.trading_bot:_update_market_data:184 | 市场数据更新完成
2025-07-23 12:32:07 | DEBUG    | src.bot.trading_bot:_update_positions_normal:259 | 📊 常规头寸更新完成
2025-07-23 12:32:08 | INFO     | src.trading.executor:update_account_info:125 | 账户更新: 总值$99574.54, 买入力$401574.80
2025-07-23 12:32:08 | DEBUG    | src.bot.trading_bot:_update_market_data:184 | 市场数据更新完成
2025-07-23 12:32:11 | INFO     | src.trading.executor:update_account_info:125 | 账户更新: 总值$99574.54, 买入力$401574.80
2025-07-23 12:32:12 | DEBUG    | src.bot.trading_bot:_update_market_data:184 | 市场数据更新完成
2025-07-23 12:32:15 | INFO     | src.trading.executor:update_account_info:125 | 账户更新: 总值$99574.54, 买入力$401574.80
2025-07-23 12:32:15 | DEBUG    | src.bot.trading_bot:_update_market_data:184 | 市场数据更新完成
2025-07-23 12:32:19 | INFO     | src.trading.executor:update_account_info:125 | 账户更新: 总值$99574.54, 买入力$401574.80
2025-07-23 12:32:19 | DEBUG    | src.bot.trading_bot:_update_market_data:184 | 市场数据更新完成
2025-07-23 12:32:22 | INFO     | src.trading.executor:update_account_info:125 | 账户更新: 总值$99574.54, 买入力$401574.80
2025-07-23 12:32:22 | DEBUG    | src.bot.trading_bot:_update_market_data:184 | 市场数据更新完成
2025-07-23 12:32:25 | INFO     | src.trading.executor:update_account_info:125 | 账户更新: 总值$99574.54, 买入力$401574.80
2025-07-23 12:32:26 | DEBUG    | src.bot.trading_bot:_update_market_data:184 | 市场数据更新完成
2025-07-23 12:32:29 | INFO     | src.trading.executor:update_account_info:125 | 账户更新: 总值$99574.54, 买入力$401574.80
2025-07-23 12:32:29 | DEBUG    | src.bot.trading_bot:_update_market_data:184 | 市场数据更新完成
2025-07-23 12:32:32 | INFO     | src.trading.executor:update_account_info:125 | 账户更新: 总值$99574.54, 买入力$401574.80
2025-07-23 12:32:33 | DEBUG    | src.bot.trading_bot:_update_market_data:184 | 市场数据更新完成
2025-07-23 12:32:36 | INFO     | src.trading.executor:update_account_info:125 | 账户更新: 总值$99574.54, 买入力$401574.80
2025-07-23 12:32:36 | DEBUG    | src.bot.trading_bot:_update_market_data:184 | 市场数据更新完成
2025-07-23 12:32:39 | INFO     | src.trading.executor:update_account_info:125 | 账户更新: 总值$99574.54, 买入力$401574.80
2025-07-23 12:32:40 | DEBUG    | src.bot.trading_bot:_update_market_data:184 | 市场数据更新完成
2025-07-23 12:32:43 | INFO     | src.trading.executor:update_account_info:125 | 账户更新: 总值$99574.54, 买入力$401574.80
2025-07-23 12:32:43 | DEBUG    | src.bot.trading_bot:_update_market_data:184 | 市场数据更新完成
2025-07-23 12:32:47 | INFO     | src.trading.executor:update_account_info:125 | 账户更新: 总值$99574.54, 买入力$401574.80
2025-07-23 12:32:47 | DEBUG    | src.bot.trading_bot:_update_market_data:184 | 市场数据更新完成
2025-07-23 12:32:50 | INFO     | src.trading.executor:update_account_info:125 | 账户更新: 总值$99574.54, 买入力$401574.80
2025-07-23 12:32:50 | DEBUG    | src.bot.trading_bot:_update_market_data:184 | 市场数据更新完成
2025-07-23 12:32:53 | INFO     | src.trading.executor:update_account_info:125 | 账户更新: 总值$99574.54, 买入力$401574.80
2025-07-23 12:32:54 | DEBUG    | src.bot.trading_bot:_update_market_data:184 | 市场数据更新完成
2025-07-23 12:32:57 | INFO     | src.trading.executor:update_account_info:125 | 账户更新: 总值$99574.54, 买入力$401574.80
2025-07-23 12:32:57 | DEBUG    | src.bot.trading_bot:_update_market_data:184 | 市场数据更新完成
2025-07-23 12:33:00 | INFO     | src.trading.executor:update_account_info:125 | 账户更新: 总值$99574.54, 买入力$401574.80
2025-07-23 12:33:01 | DEBUG    | src.bot.trading_bot:_update_market_data:184 | 市场数据更新完成
2025-07-23 12:33:04 | INFO     | src.trading.executor:update_account_info:125 | 账户更新: 总值$99574.54, 买入力$401574.80
2025-07-23 12:33:04 | DEBUG    | src.bot.trading_bot:_update_market_data:184 | 市场数据更新完成
2025-07-23 12:33:07 | DEBUG    | src.bot.trading_bot:_update_positions_normal:259 | 📊 常规头寸更新完成
2025-07-23 12:33:07 | INFO     | src.trading.executor:update_account_info:125 | 账户更新: 总值$99574.54, 买入力$401574.80
2025-07-23 12:33:08 | DEBUG    | src.bot.trading_bot:_update_market_data:184 | 市场数据更新完成
2025-07-23 12:33:11 | INFO     | src.trading.executor:update_account_info:125 | 账户更新: 总值$99574.54, 买入力$401574.80
2025-07-23 12:33:11 | DEBUG    | src.bot.trading_bot:_update_market_data:184 | 市场数据更新完成
2025-07-23 12:33:14 | INFO     | src.trading.executor:update_account_info:125 | 账户更新: 总值$99574.54, 买入力$401574.80
2025-07-23 12:33:15 | DEBUG    | src.bot.trading_bot:_update_market_data:184 | 市场数据更新完成
2025-07-23 12:33:18 | INFO     | src.trading.executor:update_account_info:125 | 账户更新: 总值$99574.54, 买入力$401574.80
2025-07-23 12:33:18 | DEBUG    | src.bot.trading_bot:_update_market_data:184 | 市场数据更新完成
2025-07-23 12:33:21 | INFO     | src.trading.executor:update_account_info:125 | 账户更新: 总值$99574.54, 买入力$401574.80
2025-07-23 12:33:22 | DEBUG    | src.bot.trading_bot:_update_market_data:184 | 市场数据更新完成
2025-07-23 12:33:25 | INFO     | src.trading.executor:update_account_info:125 | 账户更新: 总值$99574.54, 买入力$401574.80
2025-07-23 12:33:25 | DEBUG    | src.bot.trading_bot:_update_market_data:184 | 市场数据更新完成
2025-07-23 12:33:28 | INFO     | src.trading.executor:update_account_info:125 | 账户更新: 总值$99574.54, 买入力$401574.80
2025-07-23 12:33:29 | DEBUG    | src.bot.trading_bot:_update_market_data:184 | 市场数据更新完成
2025-07-23 12:33:32 | INFO     | src.trading.executor:update_account_info:125 | 账户更新: 总值$99574.54, 买入力$401574.80
2025-07-23 12:33:32 | DEBUG    | src.bot.trading_bot:_update_market_data:184 | 市场数据更新完成
2025-07-23 12:33:35 | INFO     | src.trading.executor:update_account_info:125 | 账户更新: 总值$99574.54, 买入力$401574.80
2025-07-23 12:33:36 | DEBUG    | src.bot.trading_bot:_update_market_data:184 | 市场数据更新完成
2025-07-23 12:33:39 | INFO     | src.trading.executor:update_account_info:125 | 账户更新: 总值$99574.54, 买入力$401574.80
2025-07-23 12:33:39 | DEBUG    | src.bot.trading_bot:_update_market_data:184 | 市场数据更新完成
2025-07-23 12:33:42 | INFO     | src.trading.executor:update_account_info:125 | 账户更新: 总值$99574.54, 买入力$401574.80
2025-07-23 12:33:43 | DEBUG    | src.bot.trading_bot:_update_market_data:184 | 市场数据更新完成
2025-07-23 12:33:46 | INFO     | src.trading.executor:update_account_info:125 | 账户更新: 总值$99574.54, 买入力$401574.80
2025-07-23 12:33:46 | DEBUG    | src.bot.trading_bot:_update_market_data:184 | 市场数据更新完成
2025-07-23 12:33:49 | INFO     | src.trading.executor:update_account_info:125 | 账户更新: 总值$99574.54, 买入力$401574.80
2025-07-23 12:33:50 | DEBUG    | src.bot.trading_bot:_update_market_data:184 | 市场数据更新完成
2025-07-23 12:33:53 | INFO     | src.trading.executor:update_account_info:125 | 账户更新: 总值$99574.54, 买入力$401574.80
2025-07-23 12:33:53 | DEBUG    | src.bot.trading_bot:_update_market_data:184 | 市场数据更新完成
2025-07-23 12:33:56 | INFO     | src.trading.executor:update_account_info:125 | 账户更新: 总值$99574.54, 买入力$401574.80
2025-07-23 12:33:57 | DEBUG    | src.bot.trading_bot:_update_market_data:184 | 市场数据更新完成
2025-07-23 12:34:00 | INFO     | src.trading.executor:update_account_info:125 | 账户更新: 总值$99574.54, 买入力$401574.80
2025-07-23 12:34:00 | DEBUG    | src.bot.trading_bot:_update_market_data:184 | 市场数据更新完成
2025-07-23 12:34:03 | INFO     | src.trading.executor:update_account_info:125 | 账户更新: 总值$99574.54, 买入力$401574.80
2025-07-23 12:34:04 | DEBUG    | src.bot.trading_bot:_update_market_data:184 | 市场数据更新完成
2025-07-23 12:34:07 | INFO     | src.trading.executor:update_account_info:125 | 账户更新: 总值$99574.54, 买入力$401574.80
2025-07-23 12:34:07 | DEBUG    | src.bot.trading_bot:_update_market_data:184 | 市场数据更新完成
2025-07-23 12:34:08 | DEBUG    | src.bot.trading_bot:_update_positions_normal:259 | 📊 常规头寸更新完成
2025-07-23 12:34:10 | INFO     | src.trading.executor:update_account_info:125 | 账户更新: 总值$99574.54, 买入力$401574.80
2025-07-23 12:34:11 | DEBUG    | src.bot.trading_bot:_update_market_data:184 | 市场数据更新完成
2025-07-23 12:34:14 | INFO     | src.trading.executor:update_account_info:125 | 账户更新: 总值$99574.54, 买入力$401574.80
2025-07-23 12:34:14 | DEBUG    | src.bot.trading_bot:_update_market_data:184 | 市场数据更新完成
2025-07-23 12:34:17 | INFO     | src.trading.executor:update_account_info:125 | 账户更新: 总值$99574.54, 买入力$401574.80
2025-07-23 12:34:18 | DEBUG    | src.bot.trading_bot:_update_market_data:184 | 市场数据更新完成
2025-07-23 12:34:21 | INFO     | src.trading.executor:update_account_info:125 | 账户更新: 总值$99574.54, 买入力$401574.80
2025-07-23 12:34:21 | DEBUG    | src.bot.trading_bot:_update_market_data:184 | 市场数据更新完成
2025-07-23 12:34:24 | INFO     | src.trading.executor:update_account_info:125 | 账户更新: 总值$99574.54, 买入力$401574.80
2025-07-23 12:34:25 | DEBUG    | src.bot.trading_bot:_update_market_data:184 | 市场数据更新完成
2025-07-23 12:34:28 | INFO     | src.trading.executor:update_account_info:125 | 账户更新: 总值$99574.54, 买入力$401574.80
2025-07-23 12:34:28 | DEBUG    | src.bot.trading_bot:_update_market_data:184 | 市场数据更新完成
2025-07-23 12:34:31 | INFO     | src.trading.executor:update_account_info:125 | 账户更新: 总值$99574.54, 买入力$401574.80
2025-07-23 12:34:32 | DEBUG    | src.bot.trading_bot:_update_market_data:184 | 市场数据更新完成
2025-07-23 12:34:35 | INFO     | src.trading.executor:update_account_info:125 | 账户更新: 总值$99574.54, 买入力$401574.80
2025-07-23 12:34:35 | DEBUG    | src.bot.trading_bot:_update_market_data:184 | 市场数据更新完成
2025-07-23 12:34:38 | INFO     | src.trading.executor:update_account_info:125 | 账户更新: 总值$99574.54, 买入力$401574.80
2025-07-23 12:34:38 | DEBUG    | src.bot.trading_bot:_update_market_data:184 | 市场数据更新完成
2025-07-23 12:34:42 | INFO     | src.trading.executor:update_account_info:125 | 账户更新: 总值$99574.54, 买入力$401574.80
2025-07-23 12:34:42 | DEBUG    | src.bot.trading_bot:_update_market_data:184 | 市场数据更新完成
2025-07-23 12:34:45 | INFO     | src.trading.executor:update_account_info:125 | 账户更新: 总值$99574.54, 买入力$401574.80
2025-07-23 12:34:45 | DEBUG    | src.bot.trading_bot:_update_market_data:184 | 市场数据更新完成
2025-07-23 12:34:49 | INFO     | src.trading.executor:update_account_info:125 | 账户更新: 总值$99574.54, 买入力$401574.80
2025-07-23 12:34:49 | DEBUG    | src.bot.trading_bot:_update_market_data:184 | 市场数据更新完成
2025-07-23 12:34:52 | INFO     | src.trading.executor:update_account_info:125 | 账户更新: 总值$99574.54, 买入力$401574.80
2025-07-23 12:34:53 | DEBUG    | src.bot.trading_bot:_update_market_data:184 | 市场数据更新完成
2025-07-23 12:34:56 | INFO     | src.trading.executor:update_account_info:125 | 账户更新: 总值$99574.54, 买入力$401574.80
2025-07-23 12:34:56 | DEBUG    | src.bot.trading_bot:_update_market_data:184 | 市场数据更新完成
2025-07-23 12:34:59 | INFO     | src.trading.executor:update_account_info:125 | 账户更新: 总值$99574.54, 买入力$401574.80
2025-07-23 12:34:59 | DEBUG    | src.bot.trading_bot:_update_market_data:184 | 市场数据更新完成
2025-07-23 12:35:03 | INFO     | src.trading.executor:update_account_info:125 | 账户更新: 总值$99574.54, 买入力$401574.80
2025-07-23 12:35:03 | DEBUG    | src.bot.trading_bot:_update_market_data:184 | 市场数据更新完成
2025-07-23 12:35:06 | INFO     | src.trading.executor:update_account_info:125 | 账户更新: 总值$99574.54, 买入力$401574.80
2025-07-23 12:35:06 | DEBUG    | src.bot.trading_bot:_update_market_data:184 | 市场数据更新完成
2025-07-23 12:35:08 | DEBUG    | src.bot.trading_bot:_update_positions_normal:259 | 📊 常规头寸更新完成
2025-07-23 12:35:10 | INFO     | src.trading.executor:update_account_info:125 | 账户更新: 总值$99574.54, 买入力$401574.80
2025-07-23 12:35:10 | DEBUG    | src.bot.trading_bot:_update_market_data:184 | 市场数据更新完成
2025-07-23 12:35:13 | INFO     | src.trading.executor:update_account_info:125 | 账户更新: 总值$99574.54, 买入力$401574.80
2025-07-23 12:35:13 | DEBUG    | src.bot.trading_bot:_update_market_data:184 | 市场数据更新完成
2025-07-23 12:35:17 | INFO     | src.trading.executor:update_account_info:125 | 账户更新: 总值$99574.54, 买入力$401574.80
2025-07-23 12:35:17 | DEBUG    | src.bot.trading_bot:_update_market_data:184 | 市场数据更新完成
2025-07-23 12:35:20 | INFO     | src.trading.executor:update_account_info:125 | 账户更新: 总值$99574.54, 买入力$401574.80
2025-07-23 12:35:20 | DEBUG    | src.bot.trading_bot:_update_market_data:184 | 市场数据更新完成
2025-07-23 12:35:24 | INFO     | src.trading.executor:update_account_info:125 | 账户更新: 总值$99574.54, 买入力$401574.80
2025-07-23 12:35:24 | DEBUG    | src.bot.trading_bot:_update_market_data:184 | 市场数据更新完成
2025-07-23 12:35:27 | INFO     | src.trading.executor:update_account_info:125 | 账户更新: 总值$99574.54, 买入力$401574.80
2025-07-23 12:35:27 | DEBUG    | src.bot.trading_bot:_update_market_data:184 | 市场数据更新完成
2025-07-23 12:35:31 | INFO     | src.trading.executor:update_account_info:125 | 账户更新: 总值$99574.54, 买入力$401574.80
2025-07-23 12:35:31 | DEBUG    | src.bot.trading_bot:_update_market_data:184 | 市场数据更新完成
2025-07-23 12:35:34 | INFO     | src.trading.executor:update_account_info:125 | 账户更新: 总值$99574.54, 买入力$401574.80
2025-07-23 12:35:34 | DEBUG    | src.bot.trading_bot:_update_market_data:184 | 市场数据更新完成
2025-07-23 12:35:38 | INFO     | src.trading.executor:update_account_info:125 | 账户更新: 总值$99574.54, 买入力$401574.80
2025-07-23 12:35:38 | DEBUG    | src.bot.trading_bot:_update_market_data:184 | 市场数据更新完成
2025-07-23 12:35:41 | INFO     | src.trading.executor:update_account_info:125 | 账户更新: 总值$99574.54, 买入力$401574.80
2025-07-23 12:35:41 | DEBUG    | src.bot.trading_bot:_update_market_data:184 | 市场数据更新完成
2025-07-23 12:35:44 | INFO     | src.trading.executor:update_account_info:125 | 账户更新: 总值$99574.54, 买入力$401574.80
2025-07-23 12:35:45 | DEBUG    | src.bot.trading_bot:_update_market_data:184 | 市场数据更新完成
2025-07-23 12:35:48 | INFO     | src.trading.executor:update_account_info:125 | 账户更新: 总值$99574.54, 买入力$401574.80
2025-07-23 12:35:48 | DEBUG    | src.bot.trading_bot:_update_market_data:184 | 市场数据更新完成
2025-07-23 12:35:51 | INFO     | src.trading.executor:update_account_info:125 | 账户更新: 总值$99574.54, 买入力$401574.80
2025-07-23 12:35:52 | DEBUG    | src.bot.trading_bot:_update_market_data:184 | 市场数据更新完成
2025-07-23 12:35:55 | INFO     | src.trading.executor:update_account_info:125 | 账户更新: 总值$99574.54, 买入力$401574.80
2025-07-23 12:35:55 | DEBUG    | src.bot.trading_bot:_update_market_data:184 | 市场数据更新完成
2025-07-23 12:35:59 | INFO     | src.trading.executor:update_account_info:125 | 账户更新: 总值$99574.54, 买入力$401574.80
2025-07-23 12:35:59 | DEBUG    | src.bot.trading_bot:_update_market_data:184 | 市场数据更新完成
2025-07-23 12:36:02 | INFO     | src.trading.executor:update_account_info:125 | 账户更新: 总值$99574.54, 买入力$401574.80
2025-07-23 12:36:02 | DEBUG    | src.bot.trading_bot:_update_market_data:184 | 市场数据更新完成
2025-07-23 12:36:06 | INFO     | src.trading.executor:update_account_info:125 | 账户更新: 总值$99574.54, 买入力$401574.80
2025-07-23 12:36:06 | DEBUG    | src.bot.trading_bot:_update_market_data:184 | 市场数据更新完成
2025-07-23 12:36:08 | DEBUG    | src.bot.trading_bot:_update_positions_normal:259 | 📊 常规头寸更新完成
2025-07-23 12:36:09 | INFO     | src.trading.executor:update_account_info:125 | 账户更新: 总值$99574.54, 买入力$401574.80
2025-07-23 12:36:09 | DEBUG    | src.bot.trading_bot:_update_market_data:184 | 市场数据更新完成
2025-07-23 12:36:12 | INFO     | src.trading.executor:update_account_info:125 | 账户更新: 总值$99574.54, 买入力$401574.80
2025-07-23 12:36:13 | DEBUG    | src.bot.trading_bot:_update_market_data:184 | 市场数据更新完成
2025-07-23 12:36:16 | INFO     | src.trading.executor:update_account_info:125 | 账户更新: 总值$99574.54, 买入力$401574.80
2025-07-23 12:36:16 | DEBUG    | src.bot.trading_bot:_update_market_data:184 | 市场数据更新完成
2025-07-23 12:36:19 | INFO     | src.trading.executor:update_account_info:125 | 账户更新: 总值$99574.54, 买入力$401574.80
2025-07-23 12:36:20 | DEBUG    | src.bot.trading_bot:_update_market_data:184 | 市场数据更新完成
2025-07-23 12:36:23 | INFO     | src.trading.executor:update_account_info:125 | 账户更新: 总值$99574.54, 买入力$401574.80
2025-07-23 12:36:23 | DEBUG    | src.bot.trading_bot:_update_market_data:184 | 市场数据更新完成
2025-07-23 12:36:27 | INFO     | src.trading.executor:update_account_info:125 | 账户更新: 总值$99574.54, 买入力$401574.80
2025-07-23 12:36:27 | DEBUG    | src.bot.trading_bot:_update_market_data:184 | 市场数据更新完成
2025-07-23 12:36:30 | INFO     | src.trading.executor:update_account_info:125 | 账户更新: 总值$99574.54, 买入力$401574.80
2025-07-23 12:36:30 | DEBUG    | src.bot.trading_bot:_update_market_data:184 | 市场数据更新完成
2025-07-23 12:36:33 | INFO     | src.trading.executor:update_account_info:125 | 账户更新: 总值$99574.54, 买入力$401574.80
2025-07-23 12:36:34 | DEBUG    | src.bot.trading_bot:_update_market_data:184 | 市场数据更新完成
2025-07-23 12:36:37 | INFO     | src.trading.executor:update_account_info:125 | 账户更新: 总值$99574.54, 买入力$401574.80
2025-07-23 12:36:37 | DEBUG    | src.bot.trading_bot:_update_market_data:184 | 市场数据更新完成
2025-07-23 12:36:40 | INFO     | src.trading.executor:update_account_info:125 | 账户更新: 总值$99574.54, 买入力$401574.80
2025-07-23 12:36:41 | DEBUG    | src.bot.trading_bot:_update_market_data:184 | 市场数据更新完成
2025-07-23 12:36:44 | INFO     | src.trading.executor:update_account_info:125 | 账户更新: 总值$99574.54, 买入力$401574.80
2025-07-23 12:36:44 | DEBUG    | src.bot.trading_bot:_update_market_data:184 | 市场数据更新完成
2025-07-23 12:36:47 | INFO     | src.trading.executor:update_account_info:125 | 账户更新: 总值$99574.54, 买入力$401574.80
2025-07-23 12:36:48 | DEBUG    | src.bot.trading_bot:_update_market_data:184 | 市场数据更新完成
2025-07-23 12:36:51 | INFO     | src.trading.executor:update_account_info:125 | 账户更新: 总值$99574.54, 买入力$401574.80
2025-07-23 12:36:51 | DEBUG    | src.bot.trading_bot:_update_market_data:184 | 市场数据更新完成
2025-07-23 12:36:54 | INFO     | src.trading.executor:update_account_info:125 | 账户更新: 总值$99574.54, 买入力$401574.80
2025-07-23 12:36:55 | DEBUG    | src.bot.trading_bot:_update_market_data:184 | 市场数据更新完成
2025-07-23 12:36:58 | INFO     | src.trading.executor:update_account_info:125 | 账户更新: 总值$99574.54, 买入力$401574.80
2025-07-23 12:36:58 | DEBUG    | src.bot.trading_bot:_update_market_data:184 | 市场数据更新完成
2025-07-23 12:37:02 | INFO     | src.trading.executor:update_account_info:125 | 账户更新: 总值$99574.54, 买入力$401574.80
2025-07-23 12:37:02 | DEBUG    | src.bot.trading_bot:_update_market_data:184 | 市场数据更新完成
2025-07-23 12:37:05 | INFO     | src.trading.executor:update_account_info:125 | 账户更新: 总值$99574.54, 买入力$401574.80
2025-07-23 12:37:05 | DEBUG    | src.bot.trading_bot:_update_market_data:184 | 市场数据更新完成
2025-07-23 12:37:08 | INFO     | src.trading.executor:update_account_info:125 | 账户更新: 总值$99574.54, 买入力$401574.80
2025-07-23 12:37:09 | DEBUG    | src.bot.trading_bot:_update_market_data:184 | 市场数据更新完成
2025-07-23 12:37:09 | DEBUG    | src.bot.trading_bot:_update_positions_normal:259 | 📊 常规头寸更新完成
2025-07-23 12:37:12 | INFO     | src.trading.executor:update_account_info:125 | 账户更新: 总值$99574.54, 买入力$401574.80
2025-07-23 12:37:12 | DEBUG    | src.bot.trading_bot:_update_market_data:184 | 市场数据更新完成
2025-07-23 12:37:15 | INFO     | src.trading.executor:update_account_info:125 | 账户更新: 总值$99574.54, 买入力$401574.80
2025-07-23 12:37:16 | DEBUG    | src.bot.trading_bot:_update_market_data:184 | 市场数据更新完成
2025-07-23 12:37:19 | INFO     | src.trading.executor:update_account_info:125 | 账户更新: 总值$99574.54, 买入力$401574.80
2025-07-23 12:37:19 | DEBUG    | src.bot.trading_bot:_update_market_data:184 | 市场数据更新完成
2025-07-23 12:37:22 | INFO     | src.trading.executor:update_account_info:125 | 账户更新: 总值$99574.54, 买入力$401574.80
2025-07-23 12:37:23 | DEBUG    | src.bot.trading_bot:_update_market_data:184 | 市场数据更新完成
2025-07-23 12:37:26 | INFO     | src.trading.executor:update_account_info:125 | 账户更新: 总值$99574.54, 买入力$401574.80
2025-07-23 12:37:26 | DEBUG    | src.bot.trading_bot:_update_market_data:184 | 市场数据更新完成
2025-07-23 12:37:30 | INFO     | src.trading.executor:update_account_info:125 | 账户更新: 总值$99574.54, 买入力$401574.80
2025-07-23 12:37:30 | DEBUG    | src.bot.trading_bot:_update_market_data:184 | 市场数据更新完成
2025-07-23 12:37:33 | INFO     | src.trading.executor:update_account_info:125 | 账户更新: 总值$99574.54, 买入力$401574.80
2025-07-23 12:37:33 | DEBUG    | src.bot.trading_bot:_update_market_data:184 | 市场数据更新完成
2025-07-23 12:37:36 | INFO     | src.trading.executor:update_account_info:125 | 账户更新: 总值$99574.54, 买入力$401574.80
2025-07-23 12:37:37 | DEBUG    | src.bot.trading_bot:_update_market_data:184 | 市场数据更新完成
2025-07-23 12:37:40 | INFO     | src.trading.executor:update_account_info:125 | 账户更新: 总值$99574.54, 买入力$401574.80
2025-07-23 12:37:40 | DEBUG    | src.bot.trading_bot:_update_market_data:184 | 市场数据更新完成
2025-07-23 12:37:43 | INFO     | src.trading.executor:update_account_info:125 | 账户更新: 总值$99574.54, 买入力$401574.80
2025-07-23 12:37:44 | DEBUG    | src.bot.trading_bot:_update_market_data:184 | 市场数据更新完成
2025-07-23 12:37:47 | INFO     | src.trading.executor:update_account_info:125 | 账户更新: 总值$99574.54, 买入力$401574.80
2025-07-23 12:37:47 | DEBUG    | src.bot.trading_bot:_update_market_data:184 | 市场数据更新完成
2025-07-23 12:37:50 | INFO     | src.trading.executor:update_account_info:125 | 账户更新: 总值$99574.54, 买入力$401574.80
2025-07-23 12:37:51 | DEBUG    | src.bot.trading_bot:_update_market_data:184 | 市场数据更新完成
2025-07-23 12:37:54 | INFO     | src.trading.executor:update_account_info:125 | 账户更新: 总值$99574.54, 买入力$401574.80
2025-07-23 12:37:54 | DEBUG    | src.bot.trading_bot:_update_market_data:184 | 市场数据更新完成
2025-07-23 12:37:57 | INFO     | src.trading.executor:update_account_info:125 | 账户更新: 总值$99574.54, 买入力$401574.80
2025-07-23 12:37:58 | DEBUG    | src.bot.trading_bot:_update_market_data:184 | 市场数据更新完成
2025-07-23 12:38:01 | INFO     | src.trading.executor:update_account_info:125 | 账户更新: 总值$99574.54, 买入力$401574.80
2025-07-23 12:38:01 | DEBUG    | src.bot.trading_bot:_update_market_data:184 | 市场数据更新完成
2025-07-23 12:38:04 | INFO     | src.trading.executor:update_account_info:125 | 账户更新: 总值$99574.54, 买入力$401574.80
2025-07-23 12:38:05 | DEBUG    | src.bot.trading_bot:_update_market_data:184 | 市场数据更新完成
2025-07-23 12:38:08 | INFO     | src.trading.executor:update_account_info:125 | 账户更新: 总值$99574.54, 买入力$401574.80
2025-07-23 12:38:08 | DEBUG    | src.bot.trading_bot:_update_market_data:184 | 市场数据更新完成
2025-07-23 12:38:09 | DEBUG    | src.bot.trading_bot:_update_positions_normal:259 | 📊 常规头寸更新完成
2025-07-23 12:38:11 | INFO     | src.trading.executor:update_account_info:125 | 账户更新: 总值$99574.54, 买入力$401574.80
2025-07-23 12:38:12 | DEBUG    | src.bot.trading_bot:_update_market_data:184 | 市场数据更新完成
2025-07-23 12:38:15 | INFO     | src.trading.executor:update_account_info:125 | 账户更新: 总值$99574.54, 买入力$401574.80
2025-07-23 12:38:15 | DEBUG    | src.bot.trading_bot:_update_market_data:184 | 市场数据更新完成
2025-07-23 12:38:18 | INFO     | src.trading.executor:update_account_info:125 | 账户更新: 总值$99574.54, 买入力$401574.80
2025-07-23 12:38:19 | DEBUG    | src.bot.trading_bot:_update_market_data:184 | 市场数据更新完成
2025-07-23 12:38:22 | INFO     | src.trading.executor:update_account_info:125 | 账户更新: 总值$99574.54, 买入力$401574.80
2025-07-23 12:38:22 | DEBUG    | src.bot.trading_bot:_update_market_data:184 | 市场数据更新完成
2025-07-23 12:38:25 | INFO     | src.trading.executor:update_account_info:125 | 账户更新: 总值$99574.54, 买入力$401574.80
2025-07-23 12:38:26 | DEBUG    | src.bot.trading_bot:_update_market_data:184 | 市场数据更新完成
2025-07-23 12:38:29 | INFO     | src.trading.executor:update_account_info:125 | 账户更新: 总值$99574.54, 买入力$401574.80
2025-07-23 12:38:29 | DEBUG    | src.bot.trading_bot:_update_market_data:184 | 市场数据更新完成
2025-07-23 12:38:33 | INFO     | src.trading.executor:update_account_info:125 | 账户更新: 总值$99574.54, 买入力$401574.80
2025-07-23 12:38:33 | DEBUG    | src.bot.trading_bot:_update_market_data:184 | 市场数据更新完成
2025-07-23 12:38:36 | INFO     | src.trading.executor:update_account_info:125 | 账户更新: 总值$99574.54, 买入力$401574.80
2025-07-23 12:38:36 | DEBUG    | src.bot.trading_bot:_update_market_data:184 | 市场数据更新完成
2025-07-23 12:38:40 | INFO     | src.trading.executor:update_account_info:125 | 账户更新: 总值$99574.54, 买入力$401574.80
2025-07-23 12:38:40 | DEBUG    | src.bot.trading_bot:_update_market_data:184 | 市场数据更新完成
2025-07-23 12:38:43 | INFO     | src.trading.executor:update_account_info:125 | 账户更新: 总值$99574.54, 买入力$401574.80
2025-07-23 12:38:43 | DEBUG    | src.bot.trading_bot:_update_market_data:184 | 市场数据更新完成
2025-07-23 12:38:46 | INFO     | src.trading.executor:update_account_info:125 | 账户更新: 总值$99574.54, 买入力$401574.80
2025-07-23 12:38:47 | DEBUG    | src.bot.trading_bot:_update_market_data:184 | 市场数据更新完成
2025-07-23 12:38:50 | INFO     | src.trading.executor:update_account_info:125 | 账户更新: 总值$99574.54, 买入力$401574.80
2025-07-23 12:38:50 | DEBUG    | src.bot.trading_bot:_update_market_data:184 | 市场数据更新完成
2025-07-23 12:38:53 | INFO     | src.trading.executor:update_account_info:125 | 账户更新: 总值$99574.54, 买入力$401574.80
2025-07-23 12:38:54 | DEBUG    | src.bot.trading_bot:_update_market_data:184 | 市场数据更新完成
2025-07-23 12:38:57 | INFO     | src.trading.executor:update_account_info:125 | 账户更新: 总值$99574.54, 买入力$401574.80
2025-07-23 12:38:57 | DEBUG    | src.bot.trading_bot:_update_market_data:184 | 市场数据更新完成
2025-07-23 12:39:00 | INFO     | src.trading.executor:update_account_info:125 | 账户更新: 总值$99574.54, 买入力$401574.80
2025-07-23 12:39:01 | DEBUG    | src.bot.trading_bot:_update_market_data:184 | 市场数据更新完成
2025-07-23 12:39:04 | INFO     | src.trading.executor:update_account_info:125 | 账户更新: 总值$99574.54, 买入力$401574.80
2025-07-23 12:39:04 | DEBUG    | src.bot.trading_bot:_update_market_data:184 | 市场数据更新完成
2025-07-23 12:39:08 | INFO     | src.trading.executor:update_account_info:125 | 账户更新: 总值$99574.54, 买入力$401574.80
2025-07-23 12:39:08 | DEBUG    | src.bot.trading_bot:_update_market_data:184 | 市场数据更新完成
2025-07-23 12:39:09 | DEBUG    | src.bot.trading_bot:_update_positions_normal:259 | 📊 常规头寸更新完成
2025-07-23 12:39:11 | INFO     | src.trading.executor:update_account_info:125 | 账户更新: 总值$99574.54, 买入力$401574.80
2025-07-23 12:39:11 | DEBUG    | src.bot.trading_bot:_update_market_data:184 | 市场数据更新完成
2025-07-23 12:39:15 | INFO     | src.trading.executor:update_account_info:125 | 账户更新: 总值$99574.54, 买入力$401574.80
2025-07-23 12:39:15 | DEBUG    | src.bot.trading_bot:_update_market_data:184 | 市场数据更新完成
2025-07-23 12:39:18 | INFO     | src.trading.executor:update_account_info:125 | 账户更新: 总值$99574.54, 买入力$401574.80
2025-07-23 12:39:18 | DEBUG    | src.bot.trading_bot:_update_market_data:184 | 市场数据更新完成
2025-07-23 12:39:21 | INFO     | src.trading.executor:update_account_info:125 | 账户更新: 总值$99574.54, 买入力$401574.80
2025-07-23 12:39:22 | DEBUG    | src.bot.trading_bot:_update_market_data:184 | 市场数据更新完成
2025-07-23 12:39:25 | INFO     | src.trading.executor:update_account_info:125 | 账户更新: 总值$99574.54, 买入力$401574.80
2025-07-23 12:39:25 | DEBUG    | src.bot.trading_bot:_update_market_data:184 | 市场数据更新完成
2025-07-23 12:39:28 | INFO     | src.trading.executor:update_account_info:125 | 账户更新: 总值$99574.54, 买入力$401574.80
2025-07-23 12:39:29 | DEBUG    | src.bot.trading_bot:_update_market_data:184 | 市场数据更新完成
2025-07-23 12:39:32 | INFO     | src.trading.executor:update_account_info:125 | 账户更新: 总值$99574.54, 买入力$401574.80
2025-07-23 12:39:32 | DEBUG    | src.bot.trading_bot:_update_market_data:184 | 市场数据更新完成
2025-07-23 12:39:36 | INFO     | src.trading.executor:update_account_info:125 | 账户更新: 总值$99574.54, 买入力$401574.80
2025-07-23 12:39:36 | DEBUG    | src.bot.trading_bot:_update_market_data:184 | 市场数据更新完成
2025-07-23 12:39:39 | INFO     | src.trading.executor:update_account_info:125 | 账户更新: 总值$99574.54, 买入力$401574.80
2025-07-23 12:39:39 | DEBUG    | src.bot.trading_bot:_update_market_data:184 | 市场数据更新完成
2025-07-23 12:39:42 | INFO     | src.trading.executor:update_account_info:125 | 账户更新: 总值$99574.54, 买入力$401574.80
2025-07-23 12:39:43 | DEBUG    | src.bot.trading_bot:_update_market_data:184 | 市场数据更新完成
2025-07-23 12:39:46 | INFO     | src.trading.executor:update_account_info:125 | 账户更新: 总值$99574.54, 买入力$401574.80
2025-07-23 12:39:47 | DEBUG    | src.bot.trading_bot:_update_market_data:184 | 市场数据更新完成
2025-07-23 12:39:50 | INFO     | src.trading.executor:update_account_info:125 | 账户更新: 总值$99574.54, 买入力$401574.80
2025-07-23 12:39:51 | DEBUG    | src.bot.trading_bot:_update_market_data:184 | 市场数据更新完成
2025-07-23 12:39:54 | INFO     | src.trading.executor:update_account_info:125 | 账户更新: 总值$99574.54, 买入力$401574.80
2025-07-23 12:39:55 | DEBUG    | src.bot.trading_bot:_update_market_data:184 | 市场数据更新完成
2025-07-23 12:39:58 | INFO     | src.trading.executor:update_account_info:125 | 账户更新: 总值$99574.54, 买入力$401574.80
2025-07-23 12:39:58 | DEBUG    | src.bot.trading_bot:_update_market_data:184 | 市场数据更新完成
2025-07-23 12:40:01 | INFO     | src.trading.executor:update_account_info:125 | 账户更新: 总值$99574.54, 买入力$401574.80
2025-07-23 12:40:02 | DEBUG    | src.bot.trading_bot:_update_market_data:184 | 市场数据更新完成
2025-07-23 12:40:05 | INFO     | src.trading.executor:update_account_info:125 | 账户更新: 总值$99574.54, 买入力$401574.80
2025-07-23 12:40:05 | DEBUG    | src.bot.trading_bot:_update_market_data:184 | 市场数据更新完成
2025-07-23 12:40:09 | INFO     | src.trading.executor:update_account_info:125 | 账户更新: 总值$99574.54, 买入力$401574.80
2025-07-23 12:40:09 | DEBUG    | src.bot.trading_bot:_update_market_data:184 | 市场数据更新完成
2025-07-23 12:40:10 | DEBUG    | src.bot.trading_bot:_update_positions_normal:259 | 📊 常规头寸更新完成
2025-07-23 12:40:12 | INFO     | src.trading.executor:update_account_info:125 | 账户更新: 总值$99574.54, 买入力$401574.80
2025-07-23 12:40:12 | DEBUG    | src.bot.trading_bot:_update_market_data:184 | 市场数据更新完成
2025-07-23 12:40:16 | INFO     | src.trading.executor:update_account_info:125 | 账户更新: 总值$99574.54, 买入力$401574.80
2025-07-23 12:40:16 | DEBUG    | src.bot.trading_bot:_update_market_data:184 | 市场数据更新完成
2025-07-23 12:40:19 | INFO     | src.trading.executor:update_account_info:125 | 账户更新: 总值$99574.54, 买入力$401574.80
2025-07-23 12:40:19 | DEBUG    | src.bot.trading_bot:_update_market_data:184 | 市场数据更新完成
2025-07-23 12:40:23 | INFO     | src.trading.executor:update_account_info:125 | 账户更新: 总值$99574.54, 买入力$401574.80
2025-07-23 12:40:23 | DEBUG    | src.bot.trading_bot:_update_market_data:184 | 市场数据更新完成
2025-07-23 12:40:26 | INFO     | src.trading.executor:update_account_info:125 | 账户更新: 总值$99574.54, 买入力$401574.80
2025-07-23 12:40:26 | DEBUG    | src.bot.trading_bot:_update_market_data:184 | 市场数据更新完成
2025-07-23 12:40:30 | INFO     | src.trading.executor:update_account_info:125 | 账户更新: 总值$99574.54, 买入力$401574.80
2025-07-23 12:40:30 | DEBUG    | src.bot.trading_bot:_update_market_data:184 | 市场数据更新完成
2025-07-23 12:40:33 | INFO     | src.trading.executor:update_account_info:125 | 账户更新: 总值$99574.54, 买入力$401574.80
2025-07-23 12:40:33 | DEBUG    | src.bot.trading_bot:_update_market_data:184 | 市场数据更新完成
2025-07-23 12:40:37 | INFO     | src.trading.executor:update_account_info:125 | 账户更新: 总值$99574.54, 买入力$401574.80
2025-07-23 12:40:37 | DEBUG    | src.bot.trading_bot:_update_market_data:184 | 市场数据更新完成
2025-07-23 12:40:40 | INFO     | src.trading.executor:update_account_info:125 | 账户更新: 总值$99574.54, 买入力$401574.80
2025-07-23 12:40:41 | DEBUG    | src.bot.trading_bot:_update_market_data:184 | 市场数据更新完成
2025-07-23 12:40:44 | INFO     | src.trading.executor:update_account_info:125 | 账户更新: 总值$99574.54, 买入力$401574.80
2025-07-23 12:40:44 | DEBUG    | src.bot.trading_bot:_update_market_data:184 | 市场数据更新完成
2025-07-23 12:40:47 | INFO     | src.trading.executor:update_account_info:125 | 账户更新: 总值$99574.54, 买入力$401574.80
2025-07-23 12:40:48 | DEBUG    | src.bot.trading_bot:_update_market_data:184 | 市场数据更新完成
2025-07-23 12:40:52 | INFO     | src.trading.executor:update_account_info:125 | 账户更新: 总值$99574.54, 买入力$401574.80
2025-07-23 12:40:52 | DEBUG    | src.bot.trading_bot:_update_market_data:184 | 市场数据更新完成
2025-07-23 12:40:55 | INFO     | src.trading.executor:update_account_info:125 | 账户更新: 总值$99574.54, 买入力$401574.80
2025-07-23 12:40:55 | DEBUG    | src.bot.trading_bot:_update_market_data:184 | 市场数据更新完成
2025-07-23 12:40:59 | INFO     | src.trading.executor:update_account_info:125 | 账户更新: 总值$99574.54, 买入力$401574.80
2025-07-23 12:40:59 | DEBUG    | src.bot.trading_bot:_update_market_data:184 | 市场数据更新完成
2025-07-23 12:41:02 | INFO     | src.trading.executor:update_account_info:125 | 账户更新: 总值$99574.54, 买入力$401574.80
2025-07-23 12:41:02 | DEBUG    | src.bot.trading_bot:_update_market_data:184 | 市场数据更新完成
2025-07-23 12:41:06 | INFO     | src.trading.executor:update_account_info:125 | 账户更新: 总值$99574.54, 买入力$401574.80
2025-07-23 12:41:06 | DEBUG    | src.bot.trading_bot:_update_market_data:184 | 市场数据更新完成
2025-07-23 12:41:09 | INFO     | src.trading.executor:update_account_info:125 | 账户更新: 总值$99574.54, 买入力$401574.80
2025-07-23 12:41:09 | DEBUG    | src.bot.trading_bot:_update_market_data:184 | 市场数据更新完成
2025-07-23 12:41:10 | DEBUG    | src.bot.trading_bot:_update_positions_normal:259 | 📊 常规头寸更新完成
2025-07-23 12:41:13 | INFO     | src.trading.executor:update_account_info:125 | 账户更新: 总值$99574.54, 买入力$401574.80
2025-07-23 12:41:13 | DEBUG    | src.bot.trading_bot:_update_market_data:184 | 市场数据更新完成
2025-07-23 12:41:16 | INFO     | src.trading.executor:update_account_info:125 | 账户更新: 总值$99574.54, 买入力$401574.80
2025-07-23 12:41:16 | DEBUG    | src.bot.trading_bot:_update_market_data:184 | 市场数据更新完成
2025-07-23 12:41:20 | INFO     | src.trading.executor:update_account_info:125 | 账户更新: 总值$99574.54, 买入力$401574.80
2025-07-23 12:41:20 | DEBUG    | src.bot.trading_bot:_update_market_data:184 | 市场数据更新完成
2025-07-23 12:41:23 | INFO     | src.trading.executor:update_account_info:125 | 账户更新: 总值$99574.54, 买入力$401574.80
2025-07-23 12:41:23 | DEBUG    | src.bot.trading_bot:_update_market_data:184 | 市场数据更新完成
2025-07-23 12:41:27 | INFO     | src.trading.executor:update_account_info:125 | 账户更新: 总值$99574.54, 买入力$401574.80
2025-07-23 12:41:27 | DEBUG    | src.bot.trading_bot:_update_market_data:184 | 市场数据更新完成
2025-07-23 12:41:30 | INFO     | src.trading.executor:update_account_info:125 | 账户更新: 总值$99574.54, 买入力$401574.80
2025-07-23 12:41:30 | DEBUG    | src.bot.trading_bot:_update_market_data:184 | 市场数据更新完成
2025-07-23 12:41:34 | INFO     | src.trading.executor:update_account_info:125 | 账户更新: 总值$99574.54, 买入力$401574.80
2025-07-23 12:41:34 | DEBUG    | src.bot.trading_bot:_update_market_data:184 | 市场数据更新完成
2025-07-23 12:41:37 | INFO     | src.trading.executor:update_account_info:125 | 账户更新: 总值$99574.54, 买入力$401574.80
2025-07-23 12:41:37 | DEBUG    | src.bot.trading_bot:_update_market_data:184 | 市场数据更新完成
2025-07-23 12:41:41 | INFO     | src.trading.executor:update_account_info:125 | 账户更新: 总值$99574.54, 买入力$401574.80
2025-07-23 12:41:41 | DEBUG    | src.bot.trading_bot:_update_market_data:184 | 市场数据更新完成
2025-07-23 12:41:44 | INFO     | src.trading.executor:update_account_info:125 | 账户更新: 总值$99574.54, 买入力$401574.80
2025-07-23 12:41:44 | DEBUG    | src.bot.trading_bot:_update_market_data:184 | 市场数据更新完成
2025-07-23 12:41:48 | INFO     | src.trading.executor:update_account_info:125 | 账户更新: 总值$99574.54, 买入力$401574.80
2025-07-23 12:41:48 | DEBUG    | src.bot.trading_bot:_update_market_data:184 | 市场数据更新完成
2025-07-23 12:41:51 | INFO     | src.trading.executor:update_account_info:125 | 账户更新: 总值$99574.54, 买入力$401574.80
2025-07-23 12:41:51 | DEBUG    | src.bot.trading_bot:_update_market_data:184 | 市场数据更新完成
2025-07-23 12:41:55 | INFO     | src.trading.executor:update_account_info:125 | 账户更新: 总值$99574.54, 买入力$401574.80
2025-07-23 12:41:55 | DEBUG    | src.bot.trading_bot:_update_market_data:184 | 市场数据更新完成
2025-07-23 12:41:58 | INFO     | src.trading.executor:update_account_info:125 | 账户更新: 总值$99574.54, 买入力$401574.80
2025-07-23 12:41:58 | DEBUG    | src.bot.trading_bot:_update_market_data:184 | 市场数据更新完成
2025-07-23 12:42:02 | INFO     | src.trading.executor:update_account_info:125 | 账户更新: 总值$99574.54, 买入力$401574.80
2025-07-23 12:42:02 | DEBUG    | src.bot.trading_bot:_update_market_data:184 | 市场数据更新完成
2025-07-23 12:42:05 | INFO     | src.trading.executor:update_account_info:125 | 账户更新: 总值$99574.54, 买入力$401574.80
2025-07-23 12:42:05 | DEBUG    | src.bot.trading_bot:_update_market_data:184 | 市场数据更新完成
2025-07-23 12:42:09 | INFO     | src.trading.executor:update_account_info:125 | 账户更新: 总值$99574.54, 买入力$401574.80
2025-07-23 12:42:09 | DEBUG    | src.bot.trading_bot:_update_market_data:184 | 市场数据更新完成
2025-07-23 12:42:10 | DEBUG    | src.bot.trading_bot:_update_positions_normal:259 | 📊 常规头寸更新完成
2025-07-23 12:42:12 | INFO     | src.trading.executor:update_account_info:125 | 账户更新: 总值$99574.54, 买入力$401574.80
2025-07-23 12:42:12 | DEBUG    | src.bot.trading_bot:_update_market_data:184 | 市场数据更新完成
2025-07-23 12:42:16 | INFO     | src.trading.executor:update_account_info:125 | 账户更新: 总值$99574.54, 买入力$401574.80
2025-07-23 12:42:16 | DEBUG    | src.bot.trading_bot:_update_market_data:184 | 市场数据更新完成
2025-07-23 12:42:19 | INFO     | src.trading.executor:update_account_info:125 | 账户更新: 总值$99574.54, 买入力$401574.80
2025-07-23 12:42:19 | DEBUG    | src.bot.trading_bot:_update_market_data:184 | 市场数据更新完成
2025-07-23 12:42:23 | INFO     | src.trading.executor:update_account_info:125 | 账户更新: 总值$99574.54, 买入力$401574.80
2025-07-23 12:42:23 | DEBUG    | src.bot.trading_bot:_update_market_data:184 | 市场数据更新完成
2025-07-23 12:42:26 | INFO     | src.trading.executor:update_account_info:125 | 账户更新: 总值$99574.54, 买入力$401574.80
2025-07-23 12:42:26 | DEBUG    | src.bot.trading_bot:_update_market_data:184 | 市场数据更新完成
2025-07-23 12:42:30 | INFO     | src.trading.executor:update_account_info:125 | 账户更新: 总值$99574.54, 买入力$401574.80
2025-07-23 12:42:30 | DEBUG    | src.bot.trading_bot:_update_market_data:184 | 市场数据更新完成
2025-07-23 12:42:33 | INFO     | src.trading.executor:update_account_info:125 | 账户更新: 总值$99574.54, 买入力$401574.80
2025-07-23 12:42:33 | DEBUG    | src.bot.trading_bot:_update_market_data:184 | 市场数据更新完成
2025-07-23 12:42:37 | INFO     | src.trading.executor:update_account_info:125 | 账户更新: 总值$99574.54, 买入力$401574.80
2025-07-23 12:42:37 | DEBUG    | src.bot.trading_bot:_update_market_data:184 | 市场数据更新完成
2025-07-23 12:42:40 | INFO     | src.trading.executor:update_account_info:125 | 账户更新: 总值$99574.54, 买入力$401574.80
2025-07-23 12:42:40 | DEBUG    | src.bot.trading_bot:_update_market_data:184 | 市场数据更新完成
2025-07-23 12:42:44 | INFO     | src.trading.executor:update_account_info:125 | 账户更新: 总值$99574.54, 买入力$401574.80
2025-07-23 12:42:44 | DEBUG    | src.bot.trading_bot:_update_market_data:184 | 市场数据更新完成
2025-07-23 12:42:47 | INFO     | src.trading.executor:update_account_info:125 | 账户更新: 总值$99574.54, 买入力$401574.80
2025-07-23 12:42:47 | DEBUG    | src.bot.trading_bot:_update_market_data:184 | 市场数据更新完成
2025-07-23 12:42:51 | INFO     | src.trading.executor:update_account_info:125 | 账户更新: 总值$99574.54, 买入力$401574.80
2025-07-23 12:42:51 | DEBUG    | src.bot.trading_bot:_update_market_data:184 | 市场数据更新完成
2025-07-23 12:42:54 | INFO     | src.trading.executor:update_account_info:125 | 账户更新: 总值$99574.54, 买入力$401574.80
2025-07-23 12:42:54 | DEBUG    | src.bot.trading_bot:_update_market_data:184 | 市场数据更新完成
2025-07-23 12:42:58 | INFO     | src.trading.executor:update_account_info:125 | 账户更新: 总值$99574.54, 买入力$401574.80
2025-07-23 12:42:58 | DEBUG    | src.bot.trading_bot:_update_market_data:184 | 市场数据更新完成
2025-07-23 12:43:01 | INFO     | src.trading.executor:update_account_info:125 | 账户更新: 总值$99574.54, 买入力$401574.80
2025-07-23 12:43:01 | DEBUG    | src.bot.trading_bot:_update_market_data:184 | 市场数据更新完成
2025-07-23 12:43:05 | INFO     | src.trading.executor:update_account_info:125 | 账户更新: 总值$99574.54, 买入力$401574.80
2025-07-23 12:43:05 | DEBUG    | src.bot.trading_bot:_update_market_data:184 | 市场数据更新完成
2025-07-23 12:43:08 | INFO     | src.trading.executor:update_account_info:125 | 账户更新: 总值$99574.54, 买入力$401574.80
2025-07-23 12:43:09 | DEBUG    | src.bot.trading_bot:_update_market_data:184 | 市场数据更新完成
2025-07-23 12:43:11 | DEBUG    | src.bot.trading_bot:_update_positions_normal:259 | 📊 常规头寸更新完成
2025-07-23 12:43:12 | INFO     | src.trading.executor:update_account_info:125 | 账户更新: 总值$99574.54, 买入力$401574.80
2025-07-23 12:43:12 | DEBUG    | src.bot.trading_bot:_update_market_data:184 | 市场数据更新完成
2025-07-23 12:43:15 | INFO     | src.trading.executor:update_account_info:125 | 账户更新: 总值$99574.54, 买入力$401574.80
2025-07-23 12:43:15 | DEBUG    | src.bot.trading_bot:_update_market_data:184 | 市场数据更新完成
2025-07-23 12:43:19 | INFO     | src.trading.executor:update_account_info:125 | 账户更新: 总值$99574.54, 买入力$401574.80
2025-07-23 12:43:19 | DEBUG    | src.bot.trading_bot:_update_market_data:184 | 市场数据更新完成
2025-07-23 12:43:22 | INFO     | src.trading.executor:update_account_info:125 | 账户更新: 总值$99574.54, 买入力$401574.80
2025-07-23 12:43:23 | DEBUG    | src.bot.trading_bot:_update_market_data:184 | 市场数据更新完成
2025-07-23 12:43:26 | INFO     | src.trading.executor:update_account_info:125 | 账户更新: 总值$99574.54, 买入力$401574.80
2025-07-23 12:43:26 | DEBUG    | src.bot.trading_bot:_update_market_data:184 | 市场数据更新完成
2025-07-23 12:43:29 | INFO     | src.trading.executor:update_account_info:125 | 账户更新: 总值$99574.54, 买入力$401574.80
2025-07-23 12:43:30 | DEBUG    | src.bot.trading_bot:_update_market_data:184 | 市场数据更新完成
2025-07-23 12:43:33 | INFO     | src.trading.executor:update_account_info:125 | 账户更新: 总值$99574.54, 买入力$401574.80
2025-07-23 12:43:33 | DEBUG    | src.bot.trading_bot:_update_market_data:184 | 市场数据更新完成
2025-07-23 12:43:36 | INFO     | src.trading.executor:update_account_info:125 | 账户更新: 总值$99574.54, 买入力$401574.80
2025-07-23 12:43:37 | DEBUG    | src.bot.trading_bot:_update_market_data:184 | 市场数据更新完成
2025-07-23 12:43:40 | INFO     | src.trading.executor:update_account_info:125 | 账户更新: 总值$99574.54, 买入力$401574.80
2025-07-23 12:43:40 | DEBUG    | src.bot.trading_bot:_update_market_data:184 | 市场数据更新完成
2025-07-23 12:43:43 | INFO     | src.trading.executor:update_account_info:125 | 账户更新: 总值$99574.54, 买入力$401574.80
2025-07-23 12:43:43 | DEBUG    | src.bot.trading_bot:_update_market_data:184 | 市场数据更新完成
2025-07-23 12:43:47 | INFO     | src.trading.executor:update_account_info:125 | 账户更新: 总值$99574.54, 买入力$401574.80
2025-07-23 12:43:47 | DEBUG    | src.bot.trading_bot:_update_market_data:184 | 市场数据更新完成
2025-07-23 12:43:50 | INFO     | src.trading.executor:update_account_info:125 | 账户更新: 总值$99574.54, 买入力$401574.80
2025-07-23 12:43:51 | DEBUG    | src.bot.trading_bot:_update_market_data:184 | 市场数据更新完成
2025-07-23 12:43:54 | INFO     | src.trading.executor:update_account_info:125 | 账户更新: 总值$99574.54, 买入力$401574.80
2025-07-23 12:43:54 | DEBUG    | src.bot.trading_bot:_update_market_data:184 | 市场数据更新完成
2025-07-23 12:43:57 | INFO     | src.trading.executor:update_account_info:125 | 账户更新: 总值$99574.54, 买入力$401574.80
2025-07-23 12:43:58 | DEBUG    | src.bot.trading_bot:_update_market_data:184 | 市场数据更新完成
2025-07-23 12:44:01 | INFO     | src.trading.executor:update_account_info:125 | 账户更新: 总值$99574.54, 买入力$401574.80
2025-07-23 12:44:01 | DEBUG    | src.bot.trading_bot:_update_market_data:184 | 市场数据更新完成
2025-07-23 12:44:04 | INFO     | src.trading.executor:update_account_info:125 | 账户更新: 总值$99574.54, 买入力$401574.80
2025-07-23 12:44:05 | DEBUG    | src.bot.trading_bot:_update_market_data:184 | 市场数据更新完成
2025-07-23 12:44:08 | INFO     | src.trading.executor:update_account_info:125 | 账户更新: 总值$99574.54, 买入力$401574.80
2025-07-23 12:44:08 | DEBUG    | src.bot.trading_bot:_update_market_data:184 | 市场数据更新完成
2025-07-23 12:44:11 | DEBUG    | src.bot.trading_bot:_update_positions_normal:259 | 📊 常规头寸更新完成
2025-07-23 12:44:11 | INFO     | src.trading.executor:update_account_info:125 | 账户更新: 总值$99574.54, 买入力$401574.80
2025-07-23 12:44:12 | DEBUG    | src.bot.trading_bot:_update_market_data:184 | 市场数据更新完成
2025-07-23 12:44:15 | INFO     | src.trading.executor:update_account_info:125 | 账户更新: 总值$99574.54, 买入力$401574.80
2025-07-23 12:44:15 | DEBUG    | src.bot.trading_bot:_update_market_data:184 | 市场数据更新完成
2025-07-23 12:44:18 | INFO     | src.trading.executor:update_account_info:125 | 账户更新: 总值$99574.54, 买入力$401574.80
2025-07-23 12:44:19 | DEBUG    | src.bot.trading_bot:_update_market_data:184 | 市场数据更新完成
2025-07-23 12:44:22 | INFO     | src.trading.executor:update_account_info:125 | 账户更新: 总值$99574.54, 买入力$401574.80
2025-07-23 12:44:22 | DEBUG    | src.bot.trading_bot:_update_market_data:184 | 市场数据更新完成
2025-07-23 12:44:25 | INFO     | src.trading.executor:update_account_info:125 | 账户更新: 总值$99574.54, 买入力$401574.80
2025-07-23 12:44:26 | DEBUG    | src.bot.trading_bot:_update_market_data:184 | 市场数据更新完成
2025-07-23 12:44:29 | INFO     | src.trading.executor:update_account_info:125 | 账户更新: 总值$99574.54, 买入力$401574.80
2025-07-23 12:44:29 | DEBUG    | src.bot.trading_bot:_update_market_data:184 | 市场数据更新完成
2025-07-23 12:44:32 | INFO     | src.trading.executor:update_account_info:125 | 账户更新: 总值$99574.54, 买入力$401574.80
2025-07-23 12:44:33 | DEBUG    | src.bot.trading_bot:_update_market_data:184 | 市场数据更新完成
2025-07-23 12:44:36 | INFO     | src.trading.executor:update_account_info:125 | 账户更新: 总值$99574.54, 买入力$401574.80
2025-07-23 12:44:36 | DEBUG    | src.bot.trading_bot:_update_market_data:184 | 市场数据更新完成
2025-07-23 12:44:39 | INFO     | src.trading.executor:update_account_info:125 | 账户更新: 总值$99574.54, 买入力$401574.80
2025-07-23 12:44:40 | DEBUG    | src.bot.trading_bot:_update_market_data:184 | 市场数据更新完成
2025-07-23 12:44:43 | INFO     | src.trading.executor:update_account_info:125 | 账户更新: 总值$99574.54, 买入力$401574.80
2025-07-23 12:44:43 | DEBUG    | src.bot.trading_bot:_update_market_data:184 | 市场数据更新完成
2025-07-23 12:44:46 | INFO     | src.trading.executor:update_account_info:125 | 账户更新: 总值$99574.54, 买入力$401574.80
2025-07-23 12:44:47 | DEBUG    | src.bot.trading_bot:_update_market_data:184 | 市场数据更新完成
2025-07-23 12:44:50 | INFO     | src.trading.executor:update_account_info:125 | 账户更新: 总值$99574.54, 买入力$401574.80
2025-07-23 12:44:50 | DEBUG    | src.bot.trading_bot:_update_market_data:184 | 市场数据更新完成
2025-07-23 12:44:53 | INFO     | src.trading.executor:update_account_info:125 | 账户更新: 总值$99574.54, 买入力$401574.80
2025-07-23 12:44:54 | DEBUG    | src.bot.trading_bot:_update_market_data:184 | 市场数据更新完成
2025-07-23 12:44:57 | INFO     | src.trading.executor:update_account_info:125 | 账户更新: 总值$99574.54, 买入力$401574.80
2025-07-23 12:44:57 | DEBUG    | src.bot.trading_bot:_update_market_data:184 | 市场数据更新完成
2025-07-23 12:45:00 | INFO     | src.trading.executor:update_account_info:125 | 账户更新: 总值$99574.54, 买入力$401574.80
2025-07-23 12:45:01 | DEBUG    | src.bot.trading_bot:_update_market_data:184 | 市场数据更新完成
2025-07-23 12:45:04 | INFO     | src.trading.executor:update_account_info:125 | 账户更新: 总值$99574.54, 买入力$401574.80
2025-07-23 12:45:04 | DEBUG    | src.bot.trading_bot:_update_market_data:184 | 市场数据更新完成
2025-07-23 12:45:07 | INFO     | src.trading.executor:update_account_info:125 | 账户更新: 总值$99574.54, 买入力$401574.80
2025-07-23 12:45:08 | DEBUG    | src.bot.trading_bot:_update_market_data:184 | 市场数据更新完成
2025-07-23 12:45:11 | INFO     | src.trading.executor:update_account_info:125 | 账户更新: 总值$99574.54, 买入力$401574.80
2025-07-23 12:45:11 | DEBUG    | src.bot.trading_bot:_update_market_data:184 | 市场数据更新完成
2025-07-23 12:45:11 | DEBUG    | src.bot.trading_bot:_update_positions_normal:259 | 📊 常规头寸更新完成
2025-07-23 12:45:14 | INFO     | src.trading.executor:update_account_info:125 | 账户更新: 总值$99574.54, 买入力$401574.80
2025-07-23 12:45:15 | DEBUG    | src.bot.trading_bot:_update_market_data:184 | 市场数据更新完成
2025-07-23 12:45:18 | INFO     | src.trading.executor:update_account_info:125 | 账户更新: 总值$99574.54, 买入力$401574.80
2025-07-23 12:45:18 | DEBUG    | src.bot.trading_bot:_update_market_data:184 | 市场数据更新完成
2025-07-23 12:45:21 | INFO     | src.trading.executor:update_account_info:125 | 账户更新: 总值$99574.54, 买入力$401574.80
2025-07-23 12:45:22 | DEBUG    | src.bot.trading_bot:_update_market_data:184 | 市场数据更新完成
2025-07-23 12:45:25 | INFO     | src.trading.executor:update_account_info:125 | 账户更新: 总值$99574.54, 买入力$401574.80
2025-07-23 12:45:25 | DEBUG    | src.bot.trading_bot:_update_market_data:184 | 市场数据更新完成
2025-07-23 12:45:29 | INFO     | src.trading.executor:update_account_info:125 | 账户更新: 总值$99574.54, 买入力$401574.80
2025-07-23 12:45:29 | DEBUG    | src.bot.trading_bot:_update_market_data:184 | 市场数据更新完成
2025-07-23 12:45:32 | INFO     | src.trading.executor:update_account_info:125 | 账户更新: 总值$99574.54, 买入力$401574.80
2025-07-23 12:45:33 | DEBUG    | src.bot.trading_bot:_update_market_data:184 | 市场数据更新完成
2025-07-23 12:45:36 | INFO     | src.trading.executor:update_account_info:125 | 账户更新: 总值$99574.54, 买入力$401574.80
2025-07-23 12:45:36 | DEBUG    | src.bot.trading_bot:_update_market_data:184 | 市场数据更新完成
2025-07-23 12:45:39 | INFO     | src.trading.executor:update_account_info:125 | 账户更新: 总值$99574.54, 买入力$401574.80
2025-07-23 12:45:40 | DEBUG    | src.bot.trading_bot:_update_market_data:184 | 市场数据更新完成
2025-07-23 12:45:43 | INFO     | src.trading.executor:update_account_info:125 | 账户更新: 总值$99574.54, 买入力$401574.80
2025-07-23 12:45:43 | DEBUG    | src.bot.trading_bot:_update_market_data:184 | 市场数据更新完成
2025-07-23 12:45:46 | INFO     | src.trading.executor:update_account_info:125 | 账户更新: 总值$99574.54, 买入力$401574.80
2025-07-23 12:45:46 | DEBUG    | src.bot.trading_bot:_update_market_data:184 | 市场数据更新完成
2025-07-23 12:45:50 | INFO     | src.trading.executor:update_account_info:125 | 账户更新: 总值$99574.54, 买入力$401574.80
2025-07-23 12:45:50 | DEBUG    | src.bot.trading_bot:_update_market_data:184 | 市场数据更新完成
2025-07-23 12:45:53 | INFO     | src.trading.executor:update_account_info:125 | 账户更新: 总值$99574.54, 买入力$401574.80
2025-07-23 12:45:53 | DEBUG    | src.bot.trading_bot:_update_market_data:184 | 市场数据更新完成
2025-07-23 12:45:57 | INFO     | src.trading.executor:update_account_info:125 | 账户更新: 总值$99574.54, 买入力$401574.80
2025-07-23 12:45:57 | DEBUG    | src.bot.trading_bot:_update_market_data:184 | 市场数据更新完成
2025-07-23 12:46:00 | INFO     | src.trading.executor:update_account_info:125 | 账户更新: 总值$99574.54, 买入力$401574.80
2025-07-23 12:46:01 | DEBUG    | src.bot.trading_bot:_update_market_data:184 | 市场数据更新完成
2025-07-23 12:46:04 | INFO     | src.trading.executor:update_account_info:125 | 账户更新: 总值$99574.54, 买入力$401574.80
2025-07-23 12:46:04 | DEBUG    | src.bot.trading_bot:_update_market_data:184 | 市场数据更新完成
2025-07-23 12:46:07 | INFO     | src.trading.executor:update_account_info:125 | 账户更新: 总值$99574.54, 买入力$401574.80
2025-07-23 12:46:08 | DEBUG    | src.bot.trading_bot:_update_market_data:184 | 市场数据更新完成
2025-07-23 12:46:11 | INFO     | src.trading.executor:update_account_info:125 | 账户更新: 总值$99574.54, 买入力$401574.80
2025-07-23 12:46:11 | DEBUG    | src.bot.trading_bot:_update_market_data:184 | 市场数据更新完成
2025-07-23 12:46:12 | DEBUG    | src.bot.trading_bot:_update_positions_normal:259 | 📊 常规头寸更新完成
2025-07-23 12:46:14 | INFO     | src.trading.executor:update_account_info:125 | 账户更新: 总值$99574.54, 买入力$401574.80
2025-07-23 12:46:14 | DEBUG    | src.bot.trading_bot:_update_market_data:184 | 市场数据更新完成
2025-07-23 12:46:18 | INFO     | src.trading.executor:update_account_info:125 | 账户更新: 总值$99574.54, 买入力$401574.80
2025-07-23 12:46:18 | DEBUG    | src.bot.trading_bot:_update_market_data:184 | 市场数据更新完成
2025-07-23 12:46:21 | INFO     | src.trading.executor:update_account_info:125 | 账户更新: 总值$99574.54, 买入力$401574.80
2025-07-23 12:46:21 | DEBUG    | src.bot.trading_bot:_update_market_data:184 | 市场数据更新完成
2025-07-23 12:46:25 | INFO     | src.trading.executor:update_account_info:125 | 账户更新: 总值$99574.54, 买入力$401574.80
2025-07-23 12:46:25 | DEBUG    | src.bot.trading_bot:_update_market_data:184 | 市场数据更新完成
2025-07-23 12:46:28 | INFO     | src.trading.executor:update_account_info:125 | 账户更新: 总值$99574.54, 买入力$401574.80
2025-07-23 12:46:29 | DEBUG    | src.bot.trading_bot:_update_market_data:184 | 市场数据更新完成
2025-07-23 12:46:32 | INFO     | src.trading.executor:update_account_info:125 | 账户更新: 总值$99574.54, 买入力$401574.80
2025-07-23 12:46:32 | DEBUG    | src.bot.trading_bot:_update_market_data:184 | 市场数据更新完成
2025-07-23 12:46:35 | INFO     | src.trading.executor:update_account_info:125 | 账户更新: 总值$99574.54, 买入力$401574.80
2025-07-23 12:46:36 | DEBUG    | src.bot.trading_bot:_update_market_data:184 | 市场数据更新完成
2025-07-23 12:46:39 | INFO     | src.trading.executor:update_account_info:125 | 账户更新: 总值$99574.54, 买入力$401574.80
2025-07-23 12:46:39 | DEBUG    | src.bot.trading_bot:_update_market_data:184 | 市场数据更新完成
2025-07-23 12:46:42 | INFO     | src.trading.executor:update_account_info:125 | 账户更新: 总值$99574.54, 买入力$401574.80
2025-07-23 12:46:43 | DEBUG    | src.bot.trading_bot:_update_market_data:184 | 市场数据更新完成
2025-07-23 12:46:46 | INFO     | src.trading.executor:update_account_info:125 | 账户更新: 总值$99574.54, 买入力$401574.80
2025-07-23 12:46:46 | DEBUG    | src.bot.trading_bot:_update_market_data:184 | 市场数据更新完成
2025-07-23 12:46:49 | INFO     | src.trading.executor:update_account_info:125 | 账户更新: 总值$99574.54, 买入力$401574.80
2025-07-23 12:46:49 | DEBUG    | src.bot.trading_bot:_update_market_data:184 | 市场数据更新完成
2025-07-23 12:46:53 | INFO     | src.trading.executor:update_account_info:125 | 账户更新: 总值$99574.54, 买入力$401574.80
2025-07-23 12:46:53 | DEBUG    | src.bot.trading_bot:_update_market_data:184 | 市场数据更新完成
2025-07-23 12:46:56 | INFO     | src.trading.executor:update_account_info:125 | 账户更新: 总值$99574.54, 买入力$401574.80
2025-07-23 12:46:56 | DEBUG    | src.bot.trading_bot:_update_market_data:184 | 市场数据更新完成
2025-07-23 12:47:00 | INFO     | src.trading.executor:update_account_info:125 | 账户更新: 总值$99574.54, 买入力$401574.80
2025-07-23 12:47:00 | DEBUG    | src.bot.trading_bot:_update_market_data:184 | 市场数据更新完成
2025-07-23 12:47:03 | INFO     | src.trading.executor:update_account_info:125 | 账户更新: 总值$99574.54, 买入力$401574.80
2025-07-23 12:47:04 | DEBUG    | src.bot.trading_bot:_update_market_data:184 | 市场数据更新完成
2025-07-23 12:47:07 | INFO     | src.trading.executor:update_account_info:125 | 账户更新: 总值$99574.54, 买入力$401574.80
2025-07-23 12:47:07 | DEBUG    | src.bot.trading_bot:_update_market_data:184 | 市场数据更新完成
2025-07-23 12:47:10 | INFO     | src.trading.executor:update_account_info:125 | 账户更新: 总值$99574.54, 买入力$401574.80
2025-07-23 12:47:11 | DEBUG    | src.bot.trading_bot:_update_market_data:184 | 市场数据更新完成
2025-07-23 12:47:12 | DEBUG    | src.bot.trading_bot:_update_positions_normal:259 | 📊 常规头寸更新完成
2025-07-23 12:47:14 | INFO     | src.trading.executor:update_account_info:125 | 账户更新: 总值$99574.54, 买入力$401574.80
2025-07-23 12:47:14 | DEBUG    | src.bot.trading_bot:_update_market_data:184 | 市场数据更新完成
2025-07-23 12:47:17 | INFO     | src.trading.executor:update_account_info:125 | 账户更新: 总值$99574.54, 买入力$401574.80
2025-07-23 12:47:17 | DEBUG    | src.bot.trading_bot:_update_market_data:184 | 市场数据更新完成
2025-07-23 12:47:21 | INFO     | src.trading.executor:update_account_info:125 | 账户更新: 总值$99574.54, 买入力$401574.80
2025-07-23 12:47:21 | DEBUG    | src.bot.trading_bot:_update_market_data:184 | 市场数据更新完成
2025-07-23 12:47:24 | INFO     | src.trading.executor:update_account_info:125 | 账户更新: 总值$99574.54, 买入力$401574.80
2025-07-23 12:47:24 | DEBUG    | src.bot.trading_bot:_update_market_data:184 | 市场数据更新完成
2025-07-23 12:47:28 | INFO     | src.trading.executor:update_account_info:125 | 账户更新: 总值$99574.54, 买入力$401574.80
2025-07-23 12:47:28 | DEBUG    | src.bot.trading_bot:_update_market_data:184 | 市场数据更新完成
2025-07-23 12:47:31 | INFO     | src.trading.executor:update_account_info:125 | 账户更新: 总值$99574.54, 买入力$401574.80
2025-07-23 12:47:32 | DEBUG    | src.bot.trading_bot:_update_market_data:184 | 市场数据更新完成
2025-07-23 12:47:35 | INFO     | src.trading.executor:update_account_info:125 | 账户更新: 总值$99574.54, 买入力$401574.80
2025-07-23 12:47:35 | DEBUG    | src.bot.trading_bot:_update_market_data:184 | 市场数据更新完成
2025-07-23 12:47:38 | INFO     | src.trading.executor:update_account_info:125 | 账户更新: 总值$99574.54, 买入力$401574.80
2025-07-23 12:47:39 | DEBUG    | src.bot.trading_bot:_update_market_data:184 | 市场数据更新完成
2025-07-23 12:47:42 | INFO     | src.trading.executor:update_account_info:125 | 账户更新: 总值$99574.54, 买入力$401574.80
2025-07-23 12:47:42 | DEBUG    | src.bot.trading_bot:_update_market_data:184 | 市场数据更新完成
2025-07-23 12:47:45 | INFO     | src.trading.executor:update_account_info:125 | 账户更新: 总值$99574.54, 买入力$401574.80
2025-07-23 12:47:45 | DEBUG    | src.bot.trading_bot:_update_market_data:184 | 市场数据更新完成
2025-07-23 12:47:49 | INFO     | src.trading.executor:update_account_info:125 | 账户更新: 总值$99574.54, 买入力$401574.80
2025-07-23 12:47:49 | DEBUG    | src.bot.trading_bot:_update_market_data:184 | 市场数据更新完成
2025-07-23 12:47:52 | INFO     | src.trading.executor:update_account_info:125 | 账户更新: 总值$99574.54, 买入力$401574.80
2025-07-23 12:47:52 | DEBUG    | src.bot.trading_bot:_update_market_data:184 | 市场数据更新完成
2025-07-23 12:47:56 | INFO     | src.trading.executor:update_account_info:125 | 账户更新: 总值$99574.54, 买入力$401574.80
2025-07-23 12:47:56 | DEBUG    | src.bot.trading_bot:_update_market_data:184 | 市场数据更新完成
2025-07-23 12:47:59 | INFO     | src.trading.executor:update_account_info:125 | 账户更新: 总值$99574.54, 买入力$401574.80
2025-07-23 12:47:59 | DEBUG    | src.bot.trading_bot:_update_market_data:184 | 市场数据更新完成
2025-07-23 12:48:03 | INFO     | src.trading.executor:update_account_info:125 | 账户更新: 总值$99574.54, 买入力$401574.80
2025-07-23 12:48:03 | DEBUG    | src.bot.trading_bot:_update_market_data:184 | 市场数据更新完成
2025-07-23 12:48:06 | INFO     | src.trading.executor:update_account_info:125 | 账户更新: 总值$99574.54, 买入力$401574.80
2025-07-23 12:48:07 | DEBUG    | src.bot.trading_bot:_update_market_data:184 | 市场数据更新完成
2025-07-23 12:48:10 | INFO     | src.trading.executor:update_account_info:125 | 账户更新: 总值$99574.54, 买入力$401574.80
2025-07-23 12:48:10 | DEBUG    | src.bot.trading_bot:_update_market_data:184 | 市场数据更新完成
2025-07-23 12:48:12 | DEBUG    | src.bot.trading_bot:_update_positions_normal:259 | 📊 常规头寸更新完成
2025-07-23 12:48:13 | INFO     | src.trading.executor:update_account_info:125 | 账户更新: 总值$99574.54, 买入力$401574.80
2025-07-23 12:48:13 | DEBUG    | src.bot.trading_bot:_update_market_data:184 | 市场数据更新完成
2025-07-23 12:48:17 | INFO     | src.trading.executor:update_account_info:125 | 账户更新: 总值$99574.54, 买入力$401574.80
2025-07-23 12:48:17 | DEBUG    | src.bot.trading_bot:_update_market_data:184 | 市场数据更新完成
2025-07-23 12:48:20 | INFO     | src.trading.executor:update_account_info:125 | 账户更新: 总值$99574.54, 买入力$401574.80
2025-07-23 12:48:20 | DEBUG    | src.bot.trading_bot:_update_market_data:184 | 市场数据更新完成
2025-07-23 12:48:24 | INFO     | src.trading.executor:update_account_info:125 | 账户更新: 总值$99574.54, 买入力$401574.80
2025-07-23 12:48:24 | DEBUG    | src.bot.trading_bot:_update_market_data:184 | 市场数据更新完成
2025-07-23 12:48:27 | INFO     | src.trading.executor:update_account_info:125 | 账户更新: 总值$99574.54, 买入力$401574.80
2025-07-23 12:48:27 | DEBUG    | src.bot.trading_bot:_update_market_data:184 | 市场数据更新完成
2025-07-23 12:48:31 | INFO     | src.trading.executor:update_account_info:125 | 账户更新: 总值$99574.54, 买入力$401574.80
2025-07-23 12:48:31 | DEBUG    | src.bot.trading_bot:_update_market_data:184 | 市场数据更新完成
2025-07-23 12:48:34 | INFO     | src.trading.executor:update_account_info:125 | 账户更新: 总值$99574.54, 买入力$401574.80
2025-07-23 12:48:35 | DEBUG    | src.bot.trading_bot:_update_market_data:184 | 市场数据更新完成
2025-07-23 12:48:38 | INFO     | src.trading.executor:update_account_info:125 | 账户更新: 总值$99574.54, 买入力$401574.80
2025-07-23 12:48:38 | DEBUG    | src.bot.trading_bot:_update_market_data:184 | 市场数据更新完成
2025-07-23 12:48:41 | INFO     | src.trading.executor:update_account_info:125 | 账户更新: 总值$99574.54, 买入力$401574.80
2025-07-23 12:48:42 | DEBUG    | src.bot.trading_bot:_update_market_data:184 | 市场数据更新完成
2025-07-23 12:48:45 | INFO     | src.trading.executor:update_account_info:125 | 账户更新: 总值$99574.54, 买入力$401574.80
2025-07-23 12:48:45 | DEBUG    | src.bot.trading_bot:_update_market_data:184 | 市场数据更新完成
2025-07-23 12:48:48 | INFO     | src.trading.executor:update_account_info:125 | 账户更新: 总值$99574.54, 买入力$401574.80
2025-07-23 12:48:48 | DEBUG    | src.bot.trading_bot:_update_market_data:184 | 市场数据更新完成
2025-07-23 12:48:52 | INFO     | src.trading.executor:update_account_info:125 | 账户更新: 总值$99574.54, 买入力$401574.80
2025-07-23 12:48:52 | DEBUG    | src.bot.trading_bot:_update_market_data:184 | 市场数据更新完成
2025-07-23 12:48:55 | INFO     | src.trading.executor:update_account_info:125 | 账户更新: 总值$99574.54, 买入力$401574.80
2025-07-23 12:48:55 | DEBUG    | src.bot.trading_bot:_update_market_data:184 | 市场数据更新完成
2025-07-23 12:48:59 | INFO     | src.trading.executor:update_account_info:125 | 账户更新: 总值$99574.54, 买入力$401574.80
2025-07-23 12:48:59 | DEBUG    | src.bot.trading_bot:_update_market_data:184 | 市场数据更新完成
2025-07-23 12:49:02 | INFO     | src.trading.executor:update_account_info:125 | 账户更新: 总值$99574.54, 买入力$401574.80
2025-07-23 12:49:02 | DEBUG    | src.bot.trading_bot:_update_market_data:184 | 市场数据更新完成
2025-07-23 12:49:06 | INFO     | src.trading.executor:update_account_info:125 | 账户更新: 总值$99574.54, 买入力$401574.80
2025-07-23 12:49:06 | DEBUG    | src.bot.trading_bot:_update_market_data:184 | 市场数据更新完成
2025-07-23 12:49:09 | INFO     | src.trading.executor:update_account_info:125 | 账户更新: 总值$99574.54, 买入力$401574.80
2025-07-23 12:49:09 | DEBUG    | src.bot.trading_bot:_update_market_data:184 | 市场数据更新完成
2025-07-23 12:49:12 | DEBUG    | src.bot.trading_bot:_update_positions_normal:259 | 📊 常规头寸更新完成
2025-07-23 12:49:13 | INFO     | src.trading.executor:update_account_info:125 | 账户更新: 总值$99574.54, 买入力$401574.80
2025-07-23 12:49:13 | DEBUG    | src.bot.trading_bot:_update_market_data:184 | 市场数据更新完成
2025-07-23 12:49:16 | INFO     | src.trading.executor:update_account_info:125 | 账户更新: 总值$99574.54, 买入力$401574.80
2025-07-23 12:49:16 | DEBUG    | src.bot.trading_bot:_update_market_data:184 | 市场数据更新完成
2025-07-23 12:49:20 | INFO     | src.trading.executor:update_account_info:125 | 账户更新: 总值$99574.54, 买入力$401574.80
2025-07-23 12:49:20 | DEBUG    | src.bot.trading_bot:_update_market_data:184 | 市场数据更新完成
2025-07-23 12:49:23 | INFO     | src.trading.executor:update_account_info:125 | 账户更新: 总值$99574.54, 买入力$401574.80
2025-07-23 12:49:23 | DEBUG    | src.bot.trading_bot:_update_market_data:184 | 市场数据更新完成
2025-07-23 12:49:27 | INFO     | src.trading.executor:update_account_info:125 | 账户更新: 总值$99574.54, 买入力$401574.80
2025-07-23 12:49:27 | DEBUG    | src.bot.trading_bot:_update_market_data:184 | 市场数据更新完成
2025-07-23 12:49:30 | INFO     | src.trading.executor:update_account_info:125 | 账户更新: 总值$99574.54, 买入力$401574.80
2025-07-23 12:49:30 | DEBUG    | src.bot.trading_bot:_update_market_data:184 | 市场数据更新完成
2025-07-23 12:49:34 | INFO     | src.trading.executor:update_account_info:125 | 账户更新: 总值$99574.54, 买入力$401574.80
2025-07-23 12:49:34 | DEBUG    | src.bot.trading_bot:_update_market_data:184 | 市场数据更新完成
2025-07-23 12:49:37 | INFO     | src.trading.executor:update_account_info:125 | 账户更新: 总值$99574.54, 买入力$401574.80
2025-07-23 12:49:37 | DEBUG    | src.bot.trading_bot:_update_market_data:184 | 市场数据更新完成
2025-07-23 12:49:41 | INFO     | src.trading.executor:update_account_info:125 | 账户更新: 总值$99574.54, 买入力$401574.80
2025-07-23 12:49:41 | DEBUG    | src.bot.trading_bot:_update_market_data:184 | 市场数据更新完成
2025-07-23 12:49:44 | INFO     | src.trading.executor:update_account_info:125 | 账户更新: 总值$99574.54, 买入力$401574.80
2025-07-23 12:49:44 | DEBUG    | src.bot.trading_bot:_update_market_data:184 | 市场数据更新完成
2025-07-23 12:49:48 | INFO     | src.trading.executor:update_account_info:125 | 账户更新: 总值$99574.54, 买入力$401574.80
2025-07-23 12:49:48 | DEBUG    | src.bot.trading_bot:_update_market_data:184 | 市场数据更新完成
2025-07-23 12:49:51 | INFO     | src.trading.executor:update_account_info:125 | 账户更新: 总值$99574.54, 买入力$401574.80
2025-07-23 12:49:51 | DEBUG    | src.bot.trading_bot:_update_market_data:184 | 市场数据更新完成
2025-07-23 12:49:55 | INFO     | src.trading.executor:update_account_info:125 | 账户更新: 总值$99574.54, 买入力$401574.80
2025-07-23 12:49:55 | DEBUG    | src.bot.trading_bot:_update_market_data:184 | 市场数据更新完成
2025-07-23 12:49:58 | INFO     | src.trading.executor:update_account_info:125 | 账户更新: 总值$99574.54, 买入力$401574.80
2025-07-23 12:49:58 | DEBUG    | src.bot.trading_bot:_update_market_data:184 | 市场数据更新完成
2025-07-23 16:30:00 | INFO     | src.utils.notifications:send_message:63 | [GENERAL] 📈 日终报告 - 2025-07-23
运行时间: 6:01:37.728696
生成信号: 48
执行交易: 1
当日盈亏: $405.00
账户总值: $99,574.54
风险利用率: 0.0%
剩余头寸: 0
2025-07-23 16:30:00 | INFO     | src.bot.trading_bot:_daily_report:381 | 日终报告已生成
