2025-06-12 09:37:12 | INFO     | src.trading.executor:update_account_info:125 | 账户更新: 总值$99669.70, 买入力$389122.52
2025-06-12 09:37:12 | DEBUG    | src.bot.trading_bot:_update_market_data:177 | 市场数据更新完成
2025-06-12 09:37:15 | INFO     | src.data.market_data:_get_option_snapshot:565 | 期权SPY250612P00604000报价: Bid=$1.44, Ask=$1.46, Mid=$1.45, Delta=0.000
2025-06-12 09:37:15 | DEBUG    | src.bot.trading_bot:_update_positions_frequently:229 | ⚡ 高频头寸更新完成 (1个持仓)
2025-06-12 09:37:16 | INFO     | src.trading.executor:update_account_info:125 | 账户更新: 总值$99637.70, 买入力$389122.52
2025-06-12 09:37:16 | DEBUG    | src.bot.trading_bot:_update_market_data:177 | 市场数据更新完成
2025-06-12 09:37:19 | INFO     | src.data.market_data:_get_option_snapshot:565 | 期权SPY250612P00604000报价: Bid=$1.50, Ask=$1.52, Mid=$1.51, Delta=0.000
2025-06-12 09:37:19 | DEBUG    | src.bot.trading_bot:_update_positions_frequently:229 | ⚡ 高频头寸更新完成 (1个持仓)
2025-06-12 09:37:20 | INFO     | src.trading.executor:update_account_info:125 | 账户更新: 总值$99717.70, 买入力$389122.52
2025-06-12 09:37:20 | DEBUG    | src.bot.trading_bot:_update_market_data:177 | 市场数据更新完成
2025-06-12 09:37:22 | INFO     | src.data.market_data:_get_option_snapshot:565 | 期权SPY250612P00604000报价: Bid=$1.50, Ask=$1.54, Mid=$1.52, Delta=0.000
2025-06-12 09:37:22 | DEBUG    | src.bot.trading_bot:_update_positions_frequently:229 | ⚡ 高频头寸更新完成 (1个持仓)
2025-06-12 09:37:23 | INFO     | src.trading.executor:update_account_info:125 | 账户更新: 总值$99685.70, 买入力$389122.52
2025-06-12 09:37:23 | DEBUG    | src.bot.trading_bot:_update_market_data:177 | 市场数据更新完成
2025-06-12 09:37:26 | INFO     | src.data.market_data:_get_option_snapshot:565 | 期权SPY250612P00604000报价: Bid=$1.55, Ask=$1.56, Mid=$1.56, Delta=0.000
2025-06-12 09:37:26 | DEBUG    | src.bot.trading_bot:_update_positions_frequently:229 | ⚡ 高频头寸更新完成 (1个持仓)
2025-06-12 09:37:27 | INFO     | src.trading.executor:update_account_info:125 | 账户更新: 总值$99749.70, 买入力$389122.52
2025-06-12 09:37:27 | DEBUG    | src.bot.trading_bot:_update_market_data:177 | 市场数据更新完成
2025-06-12 09:37:30 | INFO     | src.data.market_data:_get_option_snapshot:565 | 期权SPY250612P00604000报价: Bid=$1.55, Ask=$1.59, Mid=$1.57, Delta=0.000
2025-06-12 09:37:30 | DEBUG    | src.bot.trading_bot:_update_positions_frequently:229 | ⚡ 高频头寸更新完成 (1个持仓)
2025-06-12 09:37:31 | INFO     | src.trading.executor:update_account_info:125 | 账户更新: 总值$99733.70, 买入力$389122.52
2025-06-12 09:37:31 | DEBUG    | src.bot.trading_bot:_update_market_data:177 | 市场数据更新完成
2025-06-12 09:37:34 | INFO     | src.data.market_data:_get_option_snapshot:565 | 期权SPY250612P00604000报价: Bid=$1.53, Ask=$1.56, Mid=$1.54, Delta=0.000
2025-06-12 09:37:34 | DEBUG    | src.bot.trading_bot:_update_positions_frequently:229 | ⚡ 高频头寸更新完成 (1个持仓)
2025-06-12 09:37:35 | INFO     | src.trading.executor:update_account_info:125 | 账户更新: 总值$99765.70, 买入力$389122.52
2025-06-12 09:37:35 | DEBUG    | src.bot.trading_bot:_update_market_data:177 | 市场数据更新完成
2025-06-12 09:37:37 | INFO     | src.data.market_data:_get_option_snapshot:565 | 期权SPY250612P00604000报价: Bid=$1.50, Ask=$1.53, Mid=$1.52, Delta=0.000
2025-06-12 09:37:37 | DEBUG    | src.bot.trading_bot:_update_positions_frequently:229 | ⚡ 高频头寸更新完成 (1个持仓)
2025-06-12 09:37:38 | INFO     | src.trading.executor:update_account_info:125 | 账户更新: 总值$99701.70, 买入力$389122.52
2025-06-12 09:37:38 | DEBUG    | src.bot.trading_bot:_update_market_data:177 | 市场数据更新完成
2025-06-12 09:37:41 | INFO     | src.data.market_data:_get_option_snapshot:565 | 期权SPY250612P00604000报价: Bid=$1.48, Ask=$1.55, Mid=$1.52, Delta=0.000
2025-06-12 09:37:41 | DEBUG    | src.bot.trading_bot:_update_positions_frequently:229 | ⚡ 高频头寸更新完成 (1个持仓)
2025-06-12 09:37:42 | INFO     | src.trading.executor:update_account_info:125 | 账户更新: 总值$99717.70, 买入力$389122.52
2025-06-12 09:37:42 | DEBUG    | src.bot.trading_bot:_update_market_data:177 | 市场数据更新完成
2025-06-12 09:37:44 | INFO     | src.data.market_data:_get_option_snapshot:565 | 期权SPY250612P00604000报价: Bid=$1.51, Ask=$1.53, Mid=$1.52, Delta=0.000
2025-06-12 09:37:44 | DEBUG    | src.bot.trading_bot:_update_positions_frequently:229 | ⚡ 高频头寸更新完成 (1个持仓)
2025-06-12 09:37:45 | INFO     | src.trading.executor:update_account_info:125 | 账户更新: 总值$99733.70, 买入力$389122.52
2025-06-12 09:37:45 | DEBUG    | src.bot.trading_bot:_update_market_data:177 | 市场数据更新完成
2025-06-12 09:37:48 | INFO     | src.data.market_data:_get_option_snapshot:565 | 期权SPY250612P00604000报价: Bid=$1.52, Ask=$1.55, Mid=$1.54, Delta=0.000
2025-06-12 09:37:48 | DEBUG    | src.bot.trading_bot:_update_positions_frequently:229 | ⚡ 高频头寸更新完成 (1个持仓)
2025-06-12 09:37:49 | INFO     | src.trading.executor:update_account_info:125 | 账户更新: 总值$99749.70, 买入力$389122.52
2025-06-12 09:37:49 | DEBUG    | src.bot.trading_bot:_update_market_data:177 | 市场数据更新完成
2025-06-12 09:37:52 | INFO     | src.data.market_data:_get_option_snapshot:565 | 期权SPY250612P00604000报价: Bid=$1.55, Ask=$1.58, Mid=$1.56, Delta=0.000
2025-06-12 09:37:52 | DEBUG    | src.bot.trading_bot:_update_positions_frequently:229 | ⚡ 高频头寸更新完成 (1个持仓)
2025-06-12 09:37:52 | INFO     | src.trading.executor:update_account_info:125 | 账户更新: 总值$99765.70, 买入力$389122.52
2025-06-12 09:37:52 | DEBUG    | src.bot.trading_bot:_update_market_data:177 | 市场数据更新完成
2025-06-12 09:37:55 | INFO     | src.data.market_data:_get_option_snapshot:565 | 期权SPY250612P00604000报价: Bid=$1.58, Ask=$1.61, Mid=$1.60, Delta=0.000
2025-06-12 09:37:55 | DEBUG    | src.bot.trading_bot:_update_positions_frequently:229 | ⚡ 高频头寸更新完成 (1个持仓)
2025-06-12 09:37:56 | INFO     | src.trading.executor:update_account_info:125 | 账户更新: 总值$99845.70, 买入力$389122.52
2025-06-12 09:37:56 | DEBUG    | src.bot.trading_bot:_update_market_data:177 | 市场数据更新完成
2025-06-12 09:37:59 | INFO     | src.data.market_data:_get_option_snapshot:565 | 期权SPY250612P00604000报价: Bid=$1.52, Ask=$1.54, Mid=$1.53, Delta=0.000
2025-06-12 09:37:59 | DEBUG    | src.bot.trading_bot:_update_positions_frequently:229 | ⚡ 高频头寸更新完成 (1个持仓)
2025-06-12 09:37:59 | INFO     | src.trading.executor:update_account_info:125 | 账户更新: 总值$99829.70, 买入力$389122.52
2025-06-12 09:37:59 | DEBUG    | src.bot.trading_bot:_update_market_data:177 | 市场数据更新完成
2025-06-12 09:38:02 | INFO     | src.data.market_data:_get_option_snapshot:565 | 期权SPY250612P00604000报价: Bid=$1.59, Ask=$1.63, Mid=$1.61, Delta=0.000
2025-06-12 09:38:02 | DEBUG    | src.bot.trading_bot:_update_positions_frequently:229 | ⚡ 高频头寸更新完成 (1个持仓)
2025-06-12 09:38:03 | INFO     | src.trading.executor:update_account_info:125 | 账户更新: 总值$99829.70, 买入力$389122.52
2025-06-12 09:38:03 | DEBUG    | src.bot.trading_bot:_update_market_data:177 | 市场数据更新完成
2025-06-12 09:38:06 | INFO     | src.data.market_data:_get_option_snapshot:565 | 期权SPY250612P00604000报价: Bid=$1.58, Ask=$1.66, Mid=$1.62, Delta=0.000
2025-06-12 09:38:06 | DEBUG    | src.bot.trading_bot:_update_positions_frequently:229 | ⚡ 高频头寸更新完成 (1个持仓)
2025-06-12 09:38:06 | INFO     | src.trading.executor:update_account_info:125 | 账户更新: 总值$99893.70, 买入力$389122.52
2025-06-12 09:38:06 | DEBUG    | src.bot.trading_bot:_update_market_data:177 | 市场数据更新完成
2025-06-12 09:38:11 | INFO     | src.data.market_data:_get_option_snapshot:565 | 期权SPY250612P00604000报价: Bid=$1.58, Ask=$1.61, Mid=$1.60, Delta=0.000
2025-06-12 09:38:11 | DEBUG    | src.bot.trading_bot:_update_positions_frequently:229 | ⚡ 高频头寸更新完成 (1个持仓)
2025-06-12 09:38:12 | INFO     | src.trading.executor:update_account_info:125 | 账户更新: 总值$99781.70, 买入力$389122.52
2025-06-12 09:38:12 | DEBUG    | src.bot.trading_bot:_update_market_data:177 | 市场数据更新完成
2025-06-12 09:38:15 | INFO     | src.data.market_data:_get_option_snapshot:565 | 期权SPY250612P00604000报价: Bid=$1.50, Ask=$1.58, Mid=$1.54, Delta=0.000
2025-06-12 09:38:15 | DEBUG    | src.bot.trading_bot:_update_positions_frequently:229 | ⚡ 高频头寸更新完成 (1个持仓)
2025-06-12 09:38:15 | INFO     | src.trading.executor:update_account_info:125 | 账户更新: 总值$99781.70, 买入力$389122.52
2025-06-12 09:38:15 | DEBUG    | src.bot.trading_bot:_update_market_data:177 | 市场数据更新完成
2025-06-12 09:38:18 | INFO     | src.data.market_data:_get_option_snapshot:565 | 期权SPY250612P00604000报价: Bid=$1.54, Ask=$1.60, Mid=$1.57, Delta=0.000
2025-06-12 09:38:18 | DEBUG    | src.bot.trading_bot:_update_positions_frequently:229 | ⚡ 高频头寸更新完成 (1个持仓)
2025-06-12 09:38:19 | INFO     | src.trading.executor:update_account_info:125 | 账户更新: 总值$99797.70, 买入力$389122.52
2025-06-12 09:38:19 | DEBUG    | src.bot.trading_bot:_update_market_data:177 | 市场数据更新完成
2025-06-12 09:38:22 | INFO     | src.data.market_data:_get_option_snapshot:565 | 期权SPY250612P00604000报价: Bid=$1.54, Ask=$1.57, Mid=$1.56, Delta=0.000
2025-06-12 09:38:22 | DEBUG    | src.bot.trading_bot:_update_positions_frequently:229 | ⚡ 高频头寸更新完成 (1个持仓)
2025-06-12 09:38:22 | INFO     | src.trading.executor:update_account_info:125 | 账户更新: 总值$99813.70, 买入力$389122.52
2025-06-12 09:38:22 | DEBUG    | src.bot.trading_bot:_update_market_data:177 | 市场数据更新完成
2025-06-12 09:38:25 | INFO     | src.data.market_data:_get_option_snapshot:565 | 期权SPY250612P00604000报价: Bid=$1.54, Ask=$1.62, Mid=$1.58, Delta=0.000
2025-06-12 09:38:25 | DEBUG    | src.bot.trading_bot:_update_positions_frequently:229 | ⚡ 高频头寸更新完成 (1个持仓)
2025-06-12 09:38:26 | INFO     | src.trading.executor:update_account_info:125 | 账户更新: 总值$99813.70, 买入力$389122.52
2025-06-12 09:38:26 | DEBUG    | src.bot.trading_bot:_update_market_data:177 | 市场数据更新完成
2025-06-12 09:38:28 | INFO     | src.data.market_data:_get_option_snapshot:565 | 期权SPY250612P00604000报价: Bid=$1.54, Ask=$1.57, Mid=$1.56, Delta=0.000
2025-06-12 09:38:28 | DEBUG    | src.bot.trading_bot:_update_positions_frequently:229 | ⚡ 高频头寸更新完成 (1个持仓)
2025-06-12 09:38:29 | INFO     | src.trading.executor:update_account_info:125 | 账户更新: 总值$99749.70, 买入力$389122.52
2025-06-12 09:38:29 | DEBUG    | src.bot.trading_bot:_update_market_data:177 | 市场数据更新完成
2025-06-12 09:38:32 | INFO     | src.data.market_data:_get_option_snapshot:565 | 期权SPY250612P00604000报价: Bid=$1.52, Ask=$1.55, Mid=$1.54, Delta=0.000
2025-06-12 09:38:32 | DEBUG    | src.bot.trading_bot:_update_positions_frequently:229 | ⚡ 高频头寸更新完成 (1个持仓)
2025-06-12 09:38:33 | INFO     | src.trading.executor:update_account_info:125 | 账户更新: 总值$99717.70, 买入力$389122.52
2025-06-12 09:38:33 | DEBUG    | src.bot.trading_bot:_update_market_data:177 | 市场数据更新完成
2025-06-12 09:38:36 | INFO     | src.data.market_data:_get_option_snapshot:565 | 期权SPY250612P00604000报价: Bid=$1.48, Ask=$1.50, Mid=$1.49, Delta=0.000
2025-06-12 09:38:36 | DEBUG    | src.bot.trading_bot:_update_positions_frequently:229 | ⚡ 高频头寸更新完成 (1个持仓)
2025-06-12 09:38:36 | INFO     | src.trading.executor:update_account_info:125 | 账户更新: 总值$99717.70, 买入力$389122.52
2025-06-12 09:38:36 | DEBUG    | src.bot.trading_bot:_update_market_data:177 | 市场数据更新完成
2025-06-12 09:38:39 | INFO     | src.data.market_data:_get_option_snapshot:565 | 期权SPY250612P00604000报价: Bid=$1.52, Ask=$1.54, Mid=$1.53, Delta=0.000
2025-06-12 09:38:39 | DEBUG    | src.bot.trading_bot:_update_positions_frequently:229 | ⚡ 高频头寸更新完成 (1个持仓)
2025-06-12 09:38:40 | INFO     | src.trading.executor:update_account_info:125 | 账户更新: 总值$99669.70, 买入力$389122.52
2025-06-12 09:38:40 | DEBUG    | src.bot.trading_bot:_update_market_data:177 | 市场数据更新完成
2025-06-12 09:38:43 | INFO     | src.data.market_data:_get_option_snapshot:565 | 期权SPY250612P00604000报价: Bid=$1.48, Ask=$1.52, Mid=$1.50, Delta=0.000
2025-06-12 09:38:43 | DEBUG    | src.bot.trading_bot:_update_positions_frequently:229 | ⚡ 高频头寸更新完成 (1个持仓)
2025-06-12 09:38:43 | INFO     | src.trading.executor:update_account_info:125 | 账户更新: 总值$99653.70, 买入力$389122.52
2025-06-12 09:38:43 | DEBUG    | src.bot.trading_bot:_update_market_data:177 | 市场数据更新完成
2025-06-12 09:38:46 | INFO     | src.data.market_data:_get_option_snapshot:565 | 期权SPY250612P00604000报价: Bid=$1.45, Ask=$1.52, Mid=$1.48, Delta=0.000
2025-06-12 09:38:46 | DEBUG    | src.bot.trading_bot:_update_positions_frequently:229 | ⚡ 高频头寸更新完成 (1个持仓)
2025-06-12 09:38:47 | INFO     | src.trading.executor:update_account_info:125 | 账户更新: 总值$99685.70, 买入力$389122.52
2025-06-12 09:38:47 | DEBUG    | src.bot.trading_bot:_update_market_data:177 | 市场数据更新完成
2025-06-12 09:38:50 | INFO     | src.data.market_data:_get_option_snapshot:565 | 期权SPY250612P00604000报价: Bid=$1.51, Ask=$1.53, Mid=$1.52, Delta=0.000
2025-06-12 09:38:50 | DEBUG    | src.bot.trading_bot:_update_positions_frequently:229 | ⚡ 高频头寸更新完成 (1个持仓)
2025-06-12 09:38:51 | INFO     | src.trading.executor:update_account_info:125 | 账户更新: 总值$99701.70, 买入力$389122.52
2025-06-12 09:38:51 | DEBUG    | src.bot.trading_bot:_update_market_data:177 | 市场数据更新完成
2025-06-12 09:38:54 | INFO     | src.data.market_data:_get_option_snapshot:565 | 期权SPY250612P00604000报价: Bid=$1.47, Ask=$1.50, Mid=$1.48, Delta=0.000
2025-06-12 09:38:54 | DEBUG    | src.bot.trading_bot:_update_positions_frequently:229 | ⚡ 高频头寸更新完成 (1个持仓)
2025-06-12 09:38:54 | INFO     | src.trading.executor:update_account_info:125 | 账户更新: 总值$99701.70, 买入力$389122.52
2025-06-12 09:38:54 | DEBUG    | src.bot.trading_bot:_update_market_data:177 | 市场数据更新完成
2025-06-12 09:38:57 | INFO     | src.data.market_data:_get_option_snapshot:565 | 期权SPY250612P00604000报价: Bid=$1.49, Ask=$1.56, Mid=$1.52, Delta=0.000
2025-06-12 09:38:57 | DEBUG    | src.bot.trading_bot:_update_positions_frequently:229 | ⚡ 高频头寸更新完成 (1个持仓)
2025-06-12 09:38:58 | INFO     | src.trading.executor:update_account_info:125 | 账户更新: 总值$99733.70, 买入力$389122.52
2025-06-12 09:38:58 | DEBUG    | src.bot.trading_bot:_update_market_data:177 | 市场数据更新完成
2025-06-12 09:39:00 | INFO     | src.data.market_data:_get_option_snapshot:565 | 期权SPY250612P00604000报价: Bid=$1.49, Ask=$1.52, Mid=$1.50, Delta=0.000
2025-06-12 09:39:00 | DEBUG    | src.bot.trading_bot:_update_positions_frequently:229 | ⚡ 高频头寸更新完成 (1个持仓)
2025-06-12 09:39:01 | INFO     | src.trading.executor:update_account_info:125 | 账户更新: 总值$99733.70, 买入力$389122.52
2025-06-12 09:39:01 | DEBUG    | src.bot.trading_bot:_update_market_data:177 | 市场数据更新完成
2025-06-12 09:39:04 | INFO     | src.data.market_data:_get_option_snapshot:565 | 期权SPY250612P00604000报价: Bid=$1.54, Ask=$1.56, Mid=$1.55, Delta=0.000
2025-06-12 09:39:04 | DEBUG    | src.bot.trading_bot:_update_positions_frequently:229 | ⚡ 高频头寸更新完成 (1个持仓)
2025-06-12 09:39:05 | INFO     | src.trading.executor:update_account_info:125 | 账户更新: 总值$99749.70, 买入力$389122.52
2025-06-12 09:39:05 | DEBUG    | src.bot.trading_bot:_update_market_data:177 | 市场数据更新完成
2025-06-12 09:39:08 | INFO     | src.data.market_data:_get_option_snapshot:565 | 期权SPY250612P00604000报价: Bid=$1.50, Ask=$1.53, Mid=$1.52, Delta=0.000
2025-06-12 09:39:08 | DEBUG    | src.bot.trading_bot:_update_positions_frequently:229 | ⚡ 高频头寸更新完成 (1个持仓)
2025-06-12 09:39:08 | INFO     | src.trading.executor:update_account_info:125 | 账户更新: 总值$99685.70, 买入力$389122.52
2025-06-12 09:39:08 | DEBUG    | src.bot.trading_bot:_update_market_data:177 | 市场数据更新完成
2025-06-12 09:39:11 | INFO     | src.data.market_data:_get_option_snapshot:565 | 期权SPY250612P00604000报价: Bid=$1.48, Ask=$1.50, Mid=$1.49, Delta=0.000
2025-06-12 09:39:11 | DEBUG    | src.bot.trading_bot:_update_positions_frequently:229 | ⚡ 高频头寸更新完成 (1个持仓)
2025-06-12 09:39:12 | INFO     | src.trading.executor:update_account_info:125 | 账户更新: 总值$99685.70, 买入力$389122.52
2025-06-12 09:39:12 | DEBUG    | src.bot.trading_bot:_update_market_data:177 | 市场数据更新完成
2025-06-12 09:39:15 | INFO     | src.data.market_data:_get_option_snapshot:565 | 期权SPY250612P00604000报价: Bid=$1.47, Ask=$1.50, Mid=$1.48, Delta=0.000
2025-06-12 09:39:15 | DEBUG    | src.bot.trading_bot:_update_positions_frequently:229 | ⚡ 高频头寸更新完成 (1个持仓)
2025-06-12 09:39:15 | INFO     | src.trading.executor:update_account_info:125 | 账户更新: 总值$99685.70, 买入力$389122.52
2025-06-12 09:39:15 | DEBUG    | src.bot.trading_bot:_update_market_data:177 | 市场数据更新完成
2025-06-12 09:39:18 | INFO     | src.data.market_data:_get_option_snapshot:565 | 期权SPY250612P00604000报价: Bid=$1.46, Ask=$1.52, Mid=$1.49, Delta=0.000
2025-06-12 09:39:18 | DEBUG    | src.bot.trading_bot:_update_positions_frequently:229 | ⚡ 高频头寸更新完成 (1个持仓)
2025-06-12 09:39:19 | INFO     | src.trading.executor:update_account_info:125 | 账户更新: 总值$99685.70, 买入力$389122.52
2025-06-12 09:39:19 | DEBUG    | src.bot.trading_bot:_update_market_data:177 | 市场数据更新完成
2025-06-12 09:39:22 | INFO     | src.data.market_data:_get_option_snapshot:565 | 期权SPY250612P00604000报价: Bid=$1.43, Ask=$1.49, Mid=$1.46, Delta=0.000
2025-06-12 09:39:22 | DEBUG    | src.bot.trading_bot:_update_positions_frequently:229 | ⚡ 高频头寸更新完成 (1个持仓)
2025-06-12 09:39:22 | INFO     | src.trading.executor:update_account_info:125 | 账户更新: 总值$99653.70, 买入力$389122.52
2025-06-12 09:39:22 | DEBUG    | src.bot.trading_bot:_update_market_data:177 | 市场数据更新完成
2025-06-12 09:39:25 | INFO     | src.data.market_data:_get_option_snapshot:565 | 期权SPY250612P00604000报价: Bid=$1.49, Ask=$1.51, Mid=$1.50, Delta=0.000
2025-06-12 09:39:25 | DEBUG    | src.bot.trading_bot:_update_positions_frequently:229 | ⚡ 高频头寸更新完成 (1个持仓)
2025-06-12 09:39:26 | INFO     | src.trading.executor:update_account_info:125 | 账户更新: 总值$99685.70, 买入力$389122.52
2025-06-12 09:39:26 | DEBUG    | src.bot.trading_bot:_update_market_data:177 | 市场数据更新完成
2025-06-12 09:39:29 | INFO     | src.data.market_data:_get_option_snapshot:565 | 期权SPY250612P00604000报价: Bid=$1.45, Ask=$1.52, Mid=$1.48, Delta=0.000
2025-06-12 09:39:29 | DEBUG    | src.bot.trading_bot:_update_positions_frequently:229 | ⚡ 高频头寸更新完成 (1个持仓)
2025-06-12 09:39:30 | INFO     | src.trading.executor:update_account_info:125 | 账户更新: 总值$99653.70, 买入力$389122.52
2025-06-12 09:39:30 | DEBUG    | src.bot.trading_bot:_update_market_data:177 | 市场数据更新完成
2025-06-12 09:39:33 | INFO     | src.data.market_data:_get_option_snapshot:565 | 期权SPY250612P00604000报价: Bid=$1.45, Ask=$1.50, Mid=$1.48, Delta=0.000
2025-06-12 09:39:33 | DEBUG    | src.bot.trading_bot:_update_positions_frequently:229 | ⚡ 高频头寸更新完成 (1个持仓)
2025-06-12 09:39:33 | INFO     | src.trading.executor:update_account_info:125 | 账户更新: 总值$99637.70, 买入力$389122.52
2025-06-12 09:39:33 | DEBUG    | src.bot.trading_bot:_update_market_data:177 | 市场数据更新完成
2025-06-12 09:39:36 | INFO     | src.data.market_data:_get_option_snapshot:565 | 期权SPY250612P00604000报价: Bid=$1.42, Ask=$1.49, Mid=$1.46, Delta=0.000
2025-06-12 09:39:36 | DEBUG    | src.bot.trading_bot:_update_positions_frequently:229 | ⚡ 高频头寸更新完成 (1个持仓)
2025-06-12 09:39:37 | INFO     | src.trading.executor:update_account_info:125 | 账户更新: 总值$99653.70, 买入力$389122.52
2025-06-12 09:39:37 | DEBUG    | src.bot.trading_bot:_update_market_data:177 | 市场数据更新完成
2025-06-12 09:39:40 | INFO     | src.data.market_data:_get_option_snapshot:565 | 期权SPY250612P00604000报价: Bid=$1.42, Ask=$1.44, Mid=$1.43, Delta=0.000
2025-06-12 09:39:40 | DEBUG    | src.bot.trading_bot:_update_positions_frequently:229 | ⚡ 高频头寸更新完成 (1个持仓)
2025-06-12 09:39:41 | INFO     | src.trading.executor:update_account_info:125 | 账户更新: 总值$99637.70, 买入力$389122.52
2025-06-12 09:39:41 | DEBUG    | src.bot.trading_bot:_update_market_data:177 | 市场数据更新完成
2025-06-12 09:39:44 | INFO     | src.data.market_data:_get_option_snapshot:565 | 期权SPY250612P00604000报价: Bid=$1.42, Ask=$1.47, Mid=$1.44, Delta=0.000
2025-06-12 09:39:44 | DEBUG    | src.bot.trading_bot:_update_positions_frequently:229 | ⚡ 高频头寸更新完成 (1个持仓)
2025-06-12 09:39:44 | INFO     | src.trading.executor:update_account_info:125 | 账户更新: 总值$99589.70, 买入力$389122.52
2025-06-12 09:39:44 | DEBUG    | src.bot.trading_bot:_update_market_data:177 | 市场数据更新完成
2025-06-12 09:39:47 | INFO     | src.data.market_data:_get_option_snapshot:565 | 期权SPY250612P00604000报价: Bid=$1.35, Ask=$1.42, Mid=$1.39, Delta=0.000
2025-06-12 09:39:47 | WARNING  | src.trading.executor:_check_exit_conditions:447 | ⚠️ 止损条件触发 - SPY250612P00604000: 当前价$1.39 止损价$1.39
2025-06-12 09:39:47 | INFO     | src.trading.executor:_check_exit_conditions:464 | 🚀 立即执行市价平仓: 🔻 止损触发: $1.39 <= $1.39
2025-06-12 09:39:47 | INFO     | src.data.market_data:_get_option_snapshot:565 | 期权SPY250612P00604000报价: Bid=$1.35, Ask=$1.42, Mid=$1.39, Delta=0.000
2025-06-12 09:39:47 | WARNING  | src.trading.executor:_execute_market_exit:524 | 🔻 止损平仓成功: SPY250612P00604000 市价订单e12ea3ec-3014-4f79-9c71-160e83522c2c 数量5张 预期盈亏$-77.50
2025-06-12 09:39:47 | INFO     | src.utils.notifications:__init__:39 | 通知管理器初始化完成（简化模式）
2025-06-12 09:39:47 | INFO     | src.utils.notifications:send_message:63 | [GENERAL] TRADING
2025-06-12 09:39:47 | ERROR    | src.trading.executor:update_positions:432 | 更新头寸失败: dictionary changed size during iteration
2025-06-12 09:39:47 | DEBUG    | src.bot.trading_bot:_update_positions_frequently:229 | ⚡ 高频头寸更新完成 (0个持仓)
2025-06-12 09:39:48 | INFO     | src.trading.executor:update_account_info:125 | 账户更新: 总值$99509.60, 买入力$391982.42
2025-06-12 09:39:48 | DEBUG    | src.bot.trading_bot:_update_market_data:177 | 市场数据更新完成
2025-06-12 09:39:51 | INFO     | src.trading.executor:update_account_info:125 | 账户更新: 总值$99553.60, 买入力$391982.42
2025-06-12 09:39:51 | DEBUG    | src.bot.trading_bot:_update_market_data:177 | 市场数据更新完成
2025-06-12 09:39:54 | INFO     | src.trading.executor:update_account_info:125 | 账户更新: 总值$99531.60, 买入力$391982.42
2025-06-12 09:39:54 | DEBUG    | src.bot.trading_bot:_update_market_data:177 | 市场数据更新完成
2025-06-12 09:39:58 | INFO     | src.trading.executor:update_account_info:125 | 账户更新: 总值$99421.60, 买入力$391982.42
2025-06-12 09:39:58 | DEBUG    | src.bot.trading_bot:_update_market_data:177 | 市场数据更新完成
2025-06-12 09:40:02 | INFO     | src.trading.executor:update_account_info:125 | 账户更新: 总值$99454.60, 买入力$391982.42
2025-06-12 09:40:02 | DEBUG    | src.bot.trading_bot:_update_market_data:177 | 市场数据更新完成
2025-06-12 09:40:05 | INFO     | src.trading.executor:update_account_info:125 | 账户更新: 总值$99476.60, 买入力$391982.42
2025-06-12 09:40:05 | DEBUG    | src.bot.trading_bot:_update_market_data:177 | 市场数据更新完成
2025-06-12 09:40:08 | INFO     | src.trading.executor:update_account_info:125 | 账户更新: 总值$99520.60, 买入力$391982.42
2025-06-12 09:40:08 | DEBUG    | src.bot.trading_bot:_update_market_data:177 | 市场数据更新完成
2025-06-12 09:40:12 | INFO     | src.trading.executor:update_account_info:125 | 账户更新: 总值$99498.60, 买入力$391982.42
2025-06-12 09:40:12 | DEBUG    | src.bot.trading_bot:_update_market_data:177 | 市场数据更新完成
2025-06-12 09:40:15 | INFO     | src.trading.executor:update_account_info:125 | 账户更新: 总值$99509.60, 买入力$391982.42
2025-06-12 09:40:15 | DEBUG    | src.bot.trading_bot:_update_market_data:177 | 市场数据更新完成
2025-06-12 09:40:18 | INFO     | src.trading.executor:update_account_info:125 | 账户更新: 总值$99487.60, 买入力$391982.42
2025-06-12 09:40:18 | DEBUG    | src.bot.trading_bot:_update_market_data:177 | 市场数据更新完成
2025-06-12 09:40:21 | INFO     | src.trading.executor:update_account_info:125 | 账户更新: 总值$99509.60, 买入力$391982.42
2025-06-12 09:40:21 | DEBUG    | src.bot.trading_bot:_update_market_data:177 | 市场数据更新完成
2025-06-12 09:40:24 | INFO     | src.trading.executor:update_account_info:125 | 账户更新: 总值$99531.60, 买入力$391982.42
2025-06-12 09:40:24 | DEBUG    | src.bot.trading_bot:_update_market_data:177 | 市场数据更新完成
2025-06-12 09:40:28 | INFO     | src.trading.executor:update_account_info:125 | 账户更新: 总值$99553.60, 买入力$391982.42
2025-06-12 09:40:28 | DEBUG    | src.bot.trading_bot:_update_market_data:177 | 市场数据更新完成
2025-06-12 09:40:31 | INFO     | src.trading.executor:update_account_info:125 | 账户更新: 总值$99509.60, 买入力$391982.42
2025-06-12 09:40:31 | DEBUG    | src.bot.trading_bot:_update_market_data:177 | 市场数据更新完成
2025-06-12 09:40:34 | INFO     | src.trading.executor:update_account_info:125 | 账户更新: 总值$99553.60, 买入力$391982.42
2025-06-12 09:40:34 | DEBUG    | src.bot.trading_bot:_update_market_data:177 | 市场数据更新完成
2025-06-12 09:40:37 | INFO     | src.trading.executor:update_account_info:125 | 账户更新: 总值$99531.60, 买入力$391982.42
2025-06-12 09:40:37 | DEBUG    | src.bot.trading_bot:_update_market_data:177 | 市场数据更新完成
2025-06-12 09:40:40 | INFO     | src.trading.executor:update_account_info:125 | 账户更新: 总值$99531.60, 买入力$391982.42
2025-06-12 09:40:40 | DEBUG    | src.bot.trading_bot:_update_market_data:177 | 市场数据更新完成
2025-06-12 09:40:41 | DEBUG    | src.bot.trading_bot:_update_positions_normal:249 | 📊 常规头寸更新完成
2025-06-12 09:40:44 | INFO     | src.trading.executor:update_account_info:125 | 账户更新: 总值$99542.60, 买入力$391982.42
2025-06-12 09:40:44 | DEBUG    | src.bot.trading_bot:_update_market_data:177 | 市场数据更新完成
2025-06-12 09:40:47 | INFO     | src.trading.executor:update_account_info:125 | 账户更新: 总值$99531.60, 买入力$391982.42
2025-06-12 09:40:47 | DEBUG    | src.bot.trading_bot:_update_market_data:177 | 市场数据更新完成
2025-06-12 09:40:51 | INFO     | src.trading.executor:update_account_info:125 | 账户更新: 总值$99520.60, 买入力$391982.42
2025-06-12 09:40:51 | DEBUG    | src.bot.trading_bot:_update_market_data:177 | 市场数据更新完成
2025-06-12 09:40:54 | INFO     | src.trading.executor:update_account_info:125 | 账户更新: 总值$99465.60, 买入力$391982.42
2025-06-12 09:40:54 | DEBUG    | src.bot.trading_bot:_update_market_data:177 | 市场数据更新完成
2025-06-12 09:40:57 | INFO     | src.trading.executor:update_account_info:125 | 账户更新: 总值$99476.60, 买入力$391982.42
2025-06-12 09:40:57 | DEBUG    | src.bot.trading_bot:_update_market_data:177 | 市场数据更新完成
2025-06-12 09:41:00 | INFO     | src.trading.executor:update_account_info:125 | 账户更新: 总值$99465.60, 买入力$391982.42
2025-06-12 09:41:00 | DEBUG    | src.bot.trading_bot:_update_market_data:177 | 市场数据更新完成
2025-06-12 09:41:03 | INFO     | src.trading.executor:update_account_info:125 | 账户更新: 总值$99476.60, 买入力$391982.42
2025-06-12 09:41:03 | DEBUG    | src.bot.trading_bot:_update_market_data:177 | 市场数据更新完成
2025-06-12 09:41:07 | INFO     | src.trading.executor:update_account_info:125 | 账户更新: 总值$99498.60, 买入力$391982.42
2025-06-12 09:41:07 | DEBUG    | src.bot.trading_bot:_update_market_data:177 | 市场数据更新完成
2025-06-12 09:41:10 | INFO     | src.trading.executor:update_account_info:125 | 账户更新: 总值$99498.60, 买入力$391982.42
2025-06-12 09:41:10 | DEBUG    | src.bot.trading_bot:_update_market_data:177 | 市场数据更新完成
2025-06-12 09:41:13 | INFO     | src.trading.executor:update_account_info:125 | 账户更新: 总值$99454.60, 买入力$391982.42
2025-06-12 09:41:13 | DEBUG    | src.bot.trading_bot:_update_market_data:177 | 市场数据更新完成
2025-06-12 09:41:16 | INFO     | src.trading.executor:update_account_info:125 | 账户更新: 总值$99476.60, 买入力$391982.42
2025-06-12 09:41:16 | DEBUG    | src.bot.trading_bot:_update_market_data:177 | 市场数据更新完成
2025-06-12 09:41:20 | INFO     | src.trading.executor:update_account_info:125 | 账户更新: 总值$99476.60, 买入力$391982.42
2025-06-12 09:41:20 | DEBUG    | src.bot.trading_bot:_update_market_data:177 | 市场数据更新完成
2025-06-12 09:41:23 | INFO     | src.trading.executor:update_account_info:125 | 账户更新: 总值$99476.60, 买入力$391982.42
2025-06-12 09:41:23 | DEBUG    | src.bot.trading_bot:_update_market_data:177 | 市场数据更新完成
2025-06-12 09:41:27 | INFO     | src.trading.executor:update_account_info:125 | 账户更新: 总值$99443.60, 买入力$391982.42
2025-06-12 09:41:27 | DEBUG    | src.bot.trading_bot:_update_market_data:177 | 市场数据更新完成
2025-06-12 09:41:30 | INFO     | src.trading.executor:update_account_info:125 | 账户更新: 总值$99465.60, 买入力$391982.42
2025-06-12 09:41:30 | DEBUG    | src.bot.trading_bot:_update_market_data:177 | 市场数据更新完成
2025-06-12 09:41:33 | INFO     | src.trading.executor:update_account_info:125 | 账户更新: 总值$99476.60, 买入力$391982.42
2025-06-12 09:41:33 | DEBUG    | src.bot.trading_bot:_update_market_data:177 | 市场数据更新完成
2025-06-12 09:41:36 | INFO     | src.trading.executor:update_account_info:125 | 账户更新: 总值$99498.60, 买入力$391982.42
2025-06-12 09:41:36 | DEBUG    | src.bot.trading_bot:_update_market_data:177 | 市场数据更新完成
2025-06-12 09:41:39 | INFO     | src.trading.executor:update_account_info:125 | 账户更新: 总值$99509.60, 买入力$391982.42
2025-06-12 09:41:39 | DEBUG    | src.bot.trading_bot:_update_market_data:177 | 市场数据更新完成
2025-06-12 09:41:41 | DEBUG    | src.bot.trading_bot:_update_positions_normal:249 | 📊 常规头寸更新完成
2025-06-12 09:41:43 | INFO     | src.trading.executor:update_account_info:125 | 账户更新: 总值$99509.60, 买入力$391982.42
2025-06-12 09:41:43 | DEBUG    | src.bot.trading_bot:_update_market_data:177 | 市场数据更新完成
2025-06-12 09:41:46 | INFO     | src.trading.executor:update_account_info:125 | 账户更新: 总值$99509.60, 买入力$391982.42
2025-06-12 09:41:46 | DEBUG    | src.bot.trading_bot:_update_market_data:177 | 市场数据更新完成
2025-06-12 09:41:49 | INFO     | src.trading.executor:update_account_info:125 | 账户更新: 总值$99498.60, 买入力$391982.42
2025-06-12 09:41:49 | DEBUG    | src.bot.trading_bot:_update_market_data:177 | 市场数据更新完成
2025-06-12 09:41:52 | INFO     | src.trading.executor:update_account_info:125 | 账户更新: 总值$99498.60, 买入力$391982.42
2025-06-12 09:41:52 | DEBUG    | src.bot.trading_bot:_update_market_data:177 | 市场数据更新完成
2025-06-12 09:41:56 | INFO     | src.trading.executor:update_account_info:125 | 账户更新: 总值$99487.60, 买入力$391982.42
2025-06-12 09:41:56 | DEBUG    | src.bot.trading_bot:_update_market_data:177 | 市场数据更新完成
2025-06-12 09:41:59 | INFO     | src.trading.executor:update_account_info:125 | 账户更新: 总值$99487.60, 买入力$391982.42
2025-06-12 09:41:59 | DEBUG    | src.bot.trading_bot:_update_market_data:177 | 市场数据更新完成
2025-06-12 09:42:02 | INFO     | src.trading.executor:update_account_info:125 | 账户更新: 总值$99498.60, 买入力$391982.42
2025-06-12 09:42:02 | DEBUG    | src.bot.trading_bot:_update_market_data:177 | 市场数据更新完成
2025-06-12 09:42:06 | INFO     | src.trading.executor:update_account_info:125 | 账户更新: 总值$99498.60, 买入力$391982.42
2025-06-12 09:42:06 | DEBUG    | src.bot.trading_bot:_update_market_data:177 | 市场数据更新完成
2025-06-12 09:42:09 | INFO     | src.trading.executor:update_account_info:125 | 账户更新: 总值$99509.60, 买入力$391982.42
2025-06-12 09:42:09 | DEBUG    | src.bot.trading_bot:_update_market_data:177 | 市场数据更新完成
2025-06-12 09:42:12 | INFO     | src.trading.executor:update_account_info:125 | 账户更新: 总值$99498.60, 买入力$391982.42
2025-06-12 09:42:12 | DEBUG    | src.bot.trading_bot:_update_market_data:177 | 市场数据更新完成
2025-06-12 09:42:15 | INFO     | src.trading.executor:update_account_info:125 | 账户更新: 总值$99476.60, 买入力$391982.42
2025-06-12 09:42:15 | DEBUG    | src.bot.trading_bot:_update_market_data:177 | 市场数据更新完成
2025-06-12 09:42:18 | INFO     | src.trading.executor:update_account_info:125 | 账户更新: 总值$99465.60, 买入力$391982.42
2025-06-12 09:42:18 | DEBUG    | src.bot.trading_bot:_update_market_data:177 | 市场数据更新完成
2025-06-12 09:42:22 | INFO     | src.trading.executor:update_account_info:125 | 账户更新: 总值$99454.60, 买入力$391982.42
2025-06-12 09:42:22 | DEBUG    | src.bot.trading_bot:_update_market_data:177 | 市场数据更新完成
2025-06-12 09:42:25 | INFO     | src.trading.executor:update_account_info:125 | 账户更新: 总值$99487.60, 买入力$391982.42
2025-06-12 09:42:25 | DEBUG    | src.bot.trading_bot:_update_market_data:177 | 市场数据更新完成
2025-06-12 09:42:28 | INFO     | src.trading.executor:update_account_info:125 | 账户更新: 总值$99487.60, 买入力$391982.42
2025-06-12 09:42:28 | DEBUG    | src.bot.trading_bot:_update_market_data:177 | 市场数据更新完成
2025-06-12 09:42:31 | INFO     | src.trading.executor:update_account_info:125 | 账户更新: 总值$99487.60, 买入力$391982.42
2025-06-12 09:42:31 | DEBUG    | src.bot.trading_bot:_update_market_data:177 | 市场数据更新完成
2025-06-12 09:42:35 | INFO     | src.trading.executor:update_account_info:125 | 账户更新: 总值$99487.60, 买入力$391982.42
2025-06-12 09:42:35 | DEBUG    | src.bot.trading_bot:_update_market_data:177 | 市场数据更新完成
2025-06-12 09:42:38 | INFO     | src.trading.executor:update_account_info:125 | 账户更新: 总值$99509.60, 买入力$391982.42
2025-06-12 09:42:38 | DEBUG    | src.bot.trading_bot:_update_market_data:177 | 市场数据更新完成
2025-06-12 09:42:41 | INFO     | src.trading.executor:update_account_info:125 | 账户更新: 总值$99476.60, 买入力$391982.42
2025-06-12 09:42:41 | DEBUG    | src.bot.trading_bot:_update_market_data:177 | 市场数据更新完成
2025-06-12 09:42:42 | DEBUG    | src.bot.trading_bot:_update_positions_normal:249 | 📊 常规头寸更新完成
2025-06-12 09:42:44 | INFO     | src.trading.executor:update_account_info:125 | 账户更新: 总值$99487.60, 买入力$391982.42
2025-06-12 09:42:44 | DEBUG    | src.bot.trading_bot:_update_market_data:177 | 市场数据更新完成
2025-06-12 09:42:48 | INFO     | src.trading.executor:update_account_info:125 | 账户更新: 总值$99487.60, 买入力$391982.42
2025-06-12 09:42:48 | DEBUG    | src.bot.trading_bot:_update_market_data:177 | 市场数据更新完成
2025-06-12 09:42:51 | INFO     | src.trading.executor:update_account_info:125 | 账户更新: 总值$99509.60, 买入力$391982.42
2025-06-12 09:42:51 | DEBUG    | src.bot.trading_bot:_update_market_data:177 | 市场数据更新完成
2025-06-12 09:42:54 | INFO     | src.trading.executor:update_account_info:125 | 账户更新: 总值$99498.60, 买入力$391982.42
2025-06-12 09:42:54 | DEBUG    | src.bot.trading_bot:_update_market_data:177 | 市场数据更新完成
2025-06-12 09:42:57 | INFO     | src.trading.executor:update_account_info:125 | 账户更新: 总值$99509.60, 买入力$391982.42
2025-06-12 09:42:57 | DEBUG    | src.bot.trading_bot:_update_market_data:177 | 市场数据更新完成
2025-06-12 09:43:01 | INFO     | src.trading.executor:update_account_info:125 | 账户更新: 总值$99520.60, 买入力$391982.42
2025-06-12 09:43:01 | DEBUG    | src.bot.trading_bot:_update_market_data:177 | 市场数据更新完成
2025-06-12 09:43:04 | INFO     | src.trading.executor:update_account_info:125 | 账户更新: 总值$99542.60, 买入力$391982.42
2025-06-12 09:43:04 | DEBUG    | src.bot.trading_bot:_update_market_data:177 | 市场数据更新完成
2025-06-12 09:43:07 | INFO     | src.trading.executor:update_account_info:125 | 账户更新: 总值$99608.60, 买入力$391982.42
2025-06-12 09:43:07 | DEBUG    | src.bot.trading_bot:_update_market_data:177 | 市场数据更新完成
2025-06-12 09:43:10 | INFO     | src.trading.executor:update_account_info:125 | 账户更新: 总值$99619.60, 买入力$391982.42
2025-06-12 09:43:10 | DEBUG    | src.bot.trading_bot:_update_market_data:177 | 市场数据更新完成
2025-06-12 09:43:13 | INFO     | src.trading.executor:update_account_info:125 | 账户更新: 总值$99608.60, 买入力$391982.42
2025-06-12 09:43:13 | DEBUG    | src.bot.trading_bot:_update_market_data:177 | 市场数据更新完成
2025-06-12 09:43:17 | INFO     | src.trading.executor:update_account_info:125 | 账户更新: 总值$99619.60, 买入力$391982.42
2025-06-12 09:43:17 | DEBUG    | src.bot.trading_bot:_update_market_data:177 | 市场数据更新完成
2025-06-12 09:43:20 | INFO     | src.trading.executor:update_account_info:125 | 账户更新: 总值$99641.60, 买入力$391982.42
2025-06-12 09:43:20 | DEBUG    | src.bot.trading_bot:_update_market_data:177 | 市场数据更新完成
2025-06-12 09:43:24 | INFO     | src.trading.executor:update_account_info:125 | 账户更新: 总值$99608.60, 买入力$391982.42
2025-06-12 09:43:24 | DEBUG    | src.bot.trading_bot:_update_market_data:177 | 市场数据更新完成
2025-06-12 09:43:27 | INFO     | src.trading.executor:update_account_info:125 | 账户更新: 总值$99542.60, 买入力$391982.42
2025-06-12 09:43:27 | DEBUG    | src.bot.trading_bot:_update_market_data:177 | 市场数据更新完成
2025-06-12 09:43:30 | INFO     | src.trading.executor:update_account_info:125 | 账户更新: 总值$99553.60, 买入力$391982.42
2025-06-12 09:43:30 | DEBUG    | src.bot.trading_bot:_update_market_data:177 | 市场数据更新完成
2025-06-12 09:43:34 | INFO     | src.trading.executor:update_account_info:125 | 账户更新: 总值$99564.60, 买入力$391982.42
2025-06-12 09:43:34 | DEBUG    | src.bot.trading_bot:_update_market_data:177 | 市场数据更新完成
2025-06-12 09:43:37 | INFO     | src.trading.executor:update_account_info:125 | 账户更新: 总值$99564.60, 买入力$391982.42
2025-06-12 09:43:37 | DEBUG    | src.bot.trading_bot:_update_market_data:177 | 市场数据更新完成
2025-06-12 09:43:40 | INFO     | src.trading.executor:update_account_info:125 | 账户更新: 总值$99564.60, 买入力$391982.42
2025-06-12 09:43:40 | DEBUG    | src.bot.trading_bot:_update_market_data:177 | 市场数据更新完成
2025-06-12 09:43:42 | DEBUG    | src.bot.trading_bot:_update_positions_normal:249 | 📊 常规头寸更新完成
2025-06-12 09:43:43 | INFO     | src.trading.executor:update_account_info:125 | 账户更新: 总值$99597.60, 买入力$391982.42
2025-06-12 09:43:43 | DEBUG    | src.bot.trading_bot:_update_market_data:177 | 市场数据更新完成
2025-06-12 09:43:46 | INFO     | src.trading.executor:update_account_info:125 | 账户更新: 总值$99608.60, 买入力$391982.42
2025-06-12 09:43:46 | DEBUG    | src.bot.trading_bot:_update_market_data:177 | 市场数据更新完成
2025-06-12 09:43:50 | INFO     | src.trading.executor:update_account_info:125 | 账户更新: 总值$99608.60, 买入力$391982.42
2025-06-12 09:43:50 | DEBUG    | src.bot.trading_bot:_update_market_data:177 | 市场数据更新完成
2025-06-12 09:43:53 | INFO     | src.trading.executor:update_account_info:125 | 账户更新: 总值$99608.60, 买入力$391982.42
2025-06-12 09:43:53 | DEBUG    | src.bot.trading_bot:_update_market_data:177 | 市场数据更新完成
2025-06-12 09:43:56 | INFO     | src.trading.executor:update_account_info:125 | 账户更新: 总值$99586.60, 买入力$391982.42
2025-06-12 09:43:56 | DEBUG    | src.bot.trading_bot:_update_market_data:177 | 市场数据更新完成
2025-06-12 09:44:00 | INFO     | src.trading.executor:update_account_info:125 | 账户更新: 总值$99586.60, 买入力$391982.42
2025-06-12 09:44:00 | DEBUG    | src.bot.trading_bot:_update_market_data:177 | 市场数据更新完成
2025-06-12 09:44:03 | INFO     | src.trading.executor:update_account_info:125 | 账户更新: 总值$99586.60, 买入力$391982.42
2025-06-12 09:44:03 | DEBUG    | src.bot.trading_bot:_update_market_data:177 | 市场数据更新完成
2025-06-12 09:44:06 | INFO     | src.trading.executor:update_account_info:125 | 账户更新: 总值$99597.60, 买入力$391982.42
2025-06-12 09:44:06 | DEBUG    | src.bot.trading_bot:_update_market_data:177 | 市场数据更新完成
2025-06-12 09:44:09 | INFO     | src.trading.executor:update_account_info:125 | 账户更新: 总值$99564.60, 买入力$391982.42
2025-06-12 09:44:09 | DEBUG    | src.bot.trading_bot:_update_market_data:177 | 市场数据更新完成
2025-06-12 09:44:13 | INFO     | src.trading.executor:update_account_info:125 | 账户更新: 总值$99575.60, 买入力$391982.42
2025-06-12 09:44:13 | DEBUG    | src.bot.trading_bot:_update_market_data:177 | 市场数据更新完成
2025-06-12 09:44:16 | INFO     | src.trading.executor:update_account_info:125 | 账户更新: 总值$99564.60, 买入力$391982.42
2025-06-12 09:44:16 | DEBUG    | src.bot.trading_bot:_update_market_data:177 | 市场数据更新完成
2025-06-12 09:44:19 | INFO     | src.trading.executor:update_account_info:125 | 账户更新: 总值$99553.60, 买入力$391982.42
2025-06-12 09:44:19 | DEBUG    | src.bot.trading_bot:_update_market_data:177 | 市场数据更新完成
2025-06-12 09:44:22 | INFO     | src.trading.executor:update_account_info:125 | 账户更新: 总值$99564.60, 买入力$391982.42
2025-06-12 09:44:22 | DEBUG    | src.bot.trading_bot:_update_market_data:177 | 市场数据更新完成
2025-06-12 09:44:25 | INFO     | src.trading.executor:update_account_info:125 | 账户更新: 总值$99520.60, 买入力$391982.42
2025-06-12 09:44:25 | DEBUG    | src.bot.trading_bot:_update_market_data:177 | 市场数据更新完成
2025-06-12 09:44:29 | INFO     | src.trading.executor:update_account_info:125 | 账户更新: 总值$99509.60, 买入力$391982.42
2025-06-12 09:44:29 | DEBUG    | src.bot.trading_bot:_update_market_data:177 | 市场数据更新完成
2025-06-12 09:44:32 | INFO     | src.trading.executor:update_account_info:125 | 账户更新: 总值$99531.60, 买入力$391982.42
2025-06-12 09:44:32 | DEBUG    | src.bot.trading_bot:_update_market_data:177 | 市场数据更新完成
2025-06-12 09:44:35 | INFO     | src.trading.executor:update_account_info:125 | 账户更新: 总值$99520.60, 买入力$391982.42
2025-06-12 09:44:35 | DEBUG    | src.bot.trading_bot:_update_market_data:177 | 市场数据更新完成
2025-06-12 09:44:38 | INFO     | src.trading.executor:update_account_info:125 | 账户更新: 总值$99509.60, 买入力$391982.42
2025-06-12 09:44:38 | DEBUG    | src.bot.trading_bot:_update_market_data:177 | 市场数据更新完成
2025-06-12 09:44:42 | INFO     | src.trading.executor:update_account_info:125 | 账户更新: 总值$99553.60, 买入力$391982.42
2025-06-12 09:44:42 | DEBUG    | src.bot.trading_bot:_update_market_data:177 | 市场数据更新完成
2025-06-12 09:44:42 | DEBUG    | src.bot.trading_bot:_update_positions_normal:249 | 📊 常规头寸更新完成
2025-06-12 09:44:45 | INFO     | src.trading.executor:update_account_info:125 | 账户更新: 总值$99520.60, 买入力$391982.42
2025-06-12 09:44:45 | DEBUG    | src.bot.trading_bot:_update_market_data:177 | 市场数据更新完成
2025-06-12 09:44:48 | INFO     | src.trading.executor:update_account_info:125 | 账户更新: 总值$99520.60, 买入力$391982.42
2025-06-12 09:44:48 | DEBUG    | src.bot.trading_bot:_update_market_data:177 | 市场数据更新完成
2025-06-12 09:44:51 | INFO     | src.trading.executor:update_account_info:125 | 账户更新: 总值$99542.60, 买入力$391982.42
2025-06-12 09:44:51 | DEBUG    | src.bot.trading_bot:_update_market_data:177 | 市场数据更新完成
2025-06-12 09:44:54 | INFO     | src.trading.executor:update_account_info:125 | 账户更新: 总值$99542.60, 买入力$391982.42
2025-06-12 09:44:54 | DEBUG    | src.bot.trading_bot:_update_market_data:177 | 市场数据更新完成
2025-06-12 09:44:58 | INFO     | src.trading.executor:update_account_info:125 | 账户更新: 总值$99531.60, 买入力$391982.42
2025-06-12 09:44:58 | DEBUG    | src.bot.trading_bot:_update_market_data:177 | 市场数据更新完成
2025-06-12 09:45:01 | INFO     | src.trading.executor:update_account_info:125 | 账户更新: 总值$99509.60, 买入力$391982.42
2025-06-12 09:45:01 | DEBUG    | src.bot.trading_bot:_update_market_data:177 | 市场数据更新完成
2025-06-12 09:45:04 | INFO     | src.trading.executor:update_account_info:125 | 账户更新: 总值$99476.60, 买入力$391982.42
2025-06-12 09:45:04 | DEBUG    | src.bot.trading_bot:_update_market_data:177 | 市场数据更新完成
2025-06-12 09:45:07 | INFO     | src.trading.executor:update_account_info:125 | 账户更新: 总值$99487.60, 买入力$391982.42
2025-06-12 09:45:07 | DEBUG    | src.bot.trading_bot:_update_market_data:177 | 市场数据更新完成
2025-06-12 09:45:11 | INFO     | src.trading.executor:update_account_info:125 | 账户更新: 总值$99476.60, 买入力$391982.42
2025-06-12 09:45:11 | DEBUG    | src.bot.trading_bot:_update_market_data:177 | 市场数据更新完成
2025-06-12 09:45:14 | INFO     | src.trading.executor:update_account_info:125 | 账户更新: 总值$99476.60, 买入力$391982.42
2025-06-12 09:45:14 | DEBUG    | src.bot.trading_bot:_update_market_data:177 | 市场数据更新完成
2025-06-12 09:45:17 | INFO     | src.trading.executor:update_account_info:125 | 账户更新: 总值$99465.60, 买入力$391982.42
2025-06-12 09:45:17 | DEBUG    | src.bot.trading_bot:_update_market_data:177 | 市场数据更新完成
2025-06-12 09:45:20 | INFO     | src.trading.executor:update_account_info:125 | 账户更新: 总值$99443.60, 买入力$391982.42
2025-06-12 09:45:20 | DEBUG    | src.bot.trading_bot:_update_market_data:177 | 市场数据更新完成
2025-06-12 09:45:24 | INFO     | src.trading.executor:update_account_info:125 | 账户更新: 总值$99454.60, 买入力$391982.42
2025-06-12 09:45:24 | DEBUG    | src.bot.trading_bot:_update_market_data:177 | 市场数据更新完成
2025-06-12 09:45:27 | INFO     | src.trading.executor:update_account_info:125 | 账户更新: 总值$99454.60, 买入力$391982.42
2025-06-12 09:45:27 | DEBUG    | src.bot.trading_bot:_update_market_data:177 | 市场数据更新完成
2025-06-12 09:45:30 | INFO     | src.trading.executor:update_account_info:125 | 账户更新: 总值$99476.60, 买入力$391982.42
2025-06-12 09:45:30 | DEBUG    | src.bot.trading_bot:_update_market_data:177 | 市场数据更新完成
2025-06-12 09:45:33 | INFO     | src.trading.executor:update_account_info:125 | 账户更新: 总值$99476.60, 买入力$391982.42
2025-06-12 09:45:33 | DEBUG    | src.bot.trading_bot:_update_market_data:177 | 市场数据更新完成
2025-06-12 09:45:37 | INFO     | src.trading.executor:update_account_info:125 | 账户更新: 总值$99487.60, 买入力$391982.42
2025-06-12 09:45:37 | DEBUG    | src.bot.trading_bot:_update_market_data:177 | 市场数据更新完成
2025-06-12 09:45:40 | INFO     | src.trading.executor:update_account_info:125 | 账户更新: 总值$99476.60, 买入力$391982.42
2025-06-12 09:45:40 | DEBUG    | src.bot.trading_bot:_update_market_data:177 | 市场数据更新完成
2025-06-12 09:45:43 | DEBUG    | src.bot.trading_bot:_update_positions_normal:249 | 📊 常规头寸更新完成
2025-06-12 09:45:43 | INFO     | src.trading.executor:update_account_info:125 | 账户更新: 总值$99476.60, 买入力$391982.42
2025-06-12 09:45:43 | DEBUG    | src.bot.trading_bot:_update_market_data:177 | 市场数据更新完成
2025-06-12 09:45:46 | INFO     | src.trading.executor:update_account_info:125 | 账户更新: 总值$99487.60, 买入力$391982.42
2025-06-12 09:45:46 | DEBUG    | src.bot.trading_bot:_update_market_data:177 | 市场数据更新完成
2025-06-12 09:45:50 | INFO     | src.trading.executor:update_account_info:125 | 账户更新: 总值$99487.60, 买入力$391982.42
2025-06-12 09:45:50 | DEBUG    | src.bot.trading_bot:_update_market_data:177 | 市场数据更新完成
2025-06-12 09:45:53 | INFO     | src.trading.executor:update_account_info:125 | 账户更新: 总值$99487.60, 买入力$391982.42
2025-06-12 09:45:53 | DEBUG    | src.bot.trading_bot:_update_market_data:177 | 市场数据更新完成
2025-06-12 09:45:56 | INFO     | src.trading.executor:update_account_info:125 | 账户更新: 总值$99498.60, 买入力$391982.42
2025-06-12 09:45:56 | DEBUG    | src.bot.trading_bot:_update_market_data:177 | 市场数据更新完成
2025-06-12 09:45:59 | INFO     | src.trading.executor:update_account_info:125 | 账户更新: 总值$99553.60, 买入力$391982.42
2025-06-12 09:45:59 | DEBUG    | src.bot.trading_bot:_update_market_data:177 | 市场数据更新完成
2025-06-12 09:46:03 | INFO     | src.trading.executor:update_account_info:125 | 账户更新: 总值$99531.60, 买入力$391982.42
2025-06-12 09:46:03 | DEBUG    | src.bot.trading_bot:_update_market_data:177 | 市场数据更新完成
2025-06-12 09:46:06 | INFO     | src.trading.executor:update_account_info:125 | 账户更新: 总值$99531.60, 买入力$391982.42
2025-06-12 09:46:06 | DEBUG    | src.bot.trading_bot:_update_market_data:177 | 市场数据更新完成
2025-06-12 09:46:09 | INFO     | src.trading.executor:update_account_info:125 | 账户更新: 总值$99531.60, 买入力$391982.42
2025-06-12 09:46:09 | DEBUG    | src.bot.trading_bot:_update_market_data:177 | 市场数据更新完成
2025-06-12 09:46:12 | INFO     | src.trading.executor:update_account_info:125 | 账户更新: 总值$99564.60, 买入力$391982.42
2025-06-12 09:46:12 | DEBUG    | src.bot.trading_bot:_update_market_data:177 | 市场数据更新完成
2025-06-12 09:46:16 | INFO     | src.trading.executor:update_account_info:125 | 账户更新: 总值$99608.60, 买入力$391982.42
2025-06-12 09:46:16 | DEBUG    | src.bot.trading_bot:_update_market_data:177 | 市场数据更新完成
2025-06-12 09:46:19 | INFO     | src.trading.executor:update_account_info:125 | 账户更新: 总值$99575.60, 买入力$391982.42
2025-06-12 09:46:19 | DEBUG    | src.bot.trading_bot:_update_market_data:177 | 市场数据更新完成
2025-06-12 09:46:22 | INFO     | src.trading.executor:update_account_info:125 | 账户更新: 总值$99575.60, 买入力$391982.42
2025-06-12 09:46:22 | DEBUG    | src.bot.trading_bot:_update_market_data:177 | 市场数据更新完成
2025-06-12 09:46:25 | INFO     | src.trading.executor:update_account_info:125 | 账户更新: 总值$99575.60, 买入力$391982.42
2025-06-12 09:46:25 | DEBUG    | src.bot.trading_bot:_update_market_data:177 | 市场数据更新完成
2025-06-12 09:46:28 | INFO     | src.trading.executor:update_account_info:125 | 账户更新: 总值$99586.60, 买入力$391982.42
2025-06-12 09:46:28 | DEBUG    | src.bot.trading_bot:_update_market_data:177 | 市场数据更新完成
2025-06-12 09:46:32 | INFO     | src.trading.executor:update_account_info:125 | 账户更新: 总值$99575.60, 买入力$391982.42
2025-06-12 09:46:32 | DEBUG    | src.bot.trading_bot:_update_market_data:177 | 市场数据更新完成
2025-06-12 09:46:35 | INFO     | src.trading.executor:update_account_info:125 | 账户更新: 总值$99586.60, 买入力$391982.42
2025-06-12 09:46:35 | DEBUG    | src.bot.trading_bot:_update_market_data:177 | 市场数据更新完成
2025-06-12 09:46:38 | INFO     | src.trading.executor:update_account_info:125 | 账户更新: 总值$99553.60, 买入力$391982.42
2025-06-12 09:46:38 | DEBUG    | src.bot.trading_bot:_update_market_data:177 | 市场数据更新完成
2025-06-12 09:46:42 | INFO     | src.trading.executor:update_account_info:125 | 账户更新: 总值$99553.60, 买入力$391982.42
2025-06-12 09:46:42 | DEBUG    | src.bot.trading_bot:_update_market_data:177 | 市场数据更新完成
2025-06-12 09:46:43 | DEBUG    | src.bot.trading_bot:_update_positions_normal:249 | 📊 常规头寸更新完成
2025-06-12 09:46:45 | INFO     | src.trading.executor:update_account_info:125 | 账户更新: 总值$99553.60, 买入力$391982.42
2025-06-12 09:46:45 | DEBUG    | src.bot.trading_bot:_update_market_data:177 | 市场数据更新完成
2025-06-12 09:46:48 | INFO     | src.trading.executor:update_account_info:125 | 账户更新: 总值$99542.60, 买入力$391982.42
2025-06-12 09:46:48 | DEBUG    | src.bot.trading_bot:_update_market_data:177 | 市场数据更新完成
2025-06-12 09:46:51 | INFO     | src.trading.executor:update_account_info:125 | 账户更新: 总值$99542.60, 买入力$391982.42
2025-06-12 09:46:51 | DEBUG    | src.bot.trading_bot:_update_market_data:177 | 市场数据更新完成
2025-06-12 09:46:55 | INFO     | src.trading.executor:update_account_info:125 | 账户更新: 总值$99564.60, 买入力$391982.42
2025-06-12 09:46:55 | DEBUG    | src.bot.trading_bot:_update_market_data:177 | 市场数据更新完成
2025-06-12 09:46:58 | INFO     | src.trading.executor:update_account_info:125 | 账户更新: 总值$99586.60, 买入力$391982.42
2025-06-12 09:46:58 | DEBUG    | src.bot.trading_bot:_update_market_data:177 | 市场数据更新完成
2025-06-12 09:47:01 | INFO     | src.trading.executor:update_account_info:125 | 账户更新: 总值$99619.60, 买入力$391982.42
2025-06-12 09:47:01 | DEBUG    | src.bot.trading_bot:_update_market_data:177 | 市场数据更新完成
2025-06-12 09:47:04 | INFO     | src.trading.executor:update_account_info:125 | 账户更新: 总值$99619.60, 买入力$391982.42
2025-06-12 09:47:04 | DEBUG    | src.bot.trading_bot:_update_market_data:177 | 市场数据更新完成
2025-06-12 09:47:07 | INFO     | src.trading.executor:update_account_info:125 | 账户更新: 总值$99674.60, 买入力$391982.42
2025-06-12 09:47:07 | DEBUG    | src.bot.trading_bot:_update_market_data:177 | 市场数据更新完成
2025-06-12 09:47:11 | INFO     | src.trading.executor:update_account_info:125 | 账户更新: 总值$99696.60, 买入力$391982.42
2025-06-12 09:47:11 | DEBUG    | src.bot.trading_bot:_update_market_data:177 | 市场数据更新完成
2025-06-12 09:47:14 | INFO     | src.trading.executor:update_account_info:125 | 账户更新: 总值$99729.60, 买入力$391982.42
2025-06-12 09:47:14 | DEBUG    | src.bot.trading_bot:_update_market_data:177 | 市场数据更新完成
2025-06-12 09:47:18 | INFO     | src.trading.executor:update_account_info:125 | 账户更新: 总值$99685.60, 买入力$391982.42
2025-06-12 09:47:18 | DEBUG    | src.bot.trading_bot:_update_market_data:177 | 市场数据更新完成
2025-06-12 09:47:21 | INFO     | src.trading.executor:update_account_info:125 | 账户更新: 总值$99707.60, 买入力$391982.42
2025-06-12 09:47:21 | DEBUG    | src.bot.trading_bot:_update_market_data:177 | 市场数据更新完成
2025-06-12 09:47:24 | INFO     | src.trading.executor:update_account_info:125 | 账户更新: 总值$99707.60, 买入力$391982.42
2025-06-12 09:47:24 | DEBUG    | src.bot.trading_bot:_update_market_data:177 | 市场数据更新完成
2025-06-12 09:47:27 | INFO     | src.trading.executor:update_account_info:125 | 账户更新: 总值$99685.60, 买入力$391982.42
2025-06-12 09:47:27 | DEBUG    | src.bot.trading_bot:_update_market_data:177 | 市场数据更新完成
2025-06-12 09:47:30 | INFO     | src.trading.executor:update_account_info:125 | 账户更新: 总值$99707.60, 买入力$391982.42
2025-06-12 09:47:30 | DEBUG    | src.bot.trading_bot:_update_market_data:177 | 市场数据更新完成
2025-06-12 09:47:34 | INFO     | src.trading.executor:update_account_info:125 | 账户更新: 总值$99718.60, 买入力$391982.42
2025-06-12 09:47:34 | DEBUG    | src.bot.trading_bot:_update_market_data:177 | 市场数据更新完成
2025-06-12 09:47:37 | INFO     | src.trading.executor:update_account_info:125 | 账户更新: 总值$99696.60, 买入力$391982.42
2025-06-12 09:47:37 | DEBUG    | src.bot.trading_bot:_update_market_data:177 | 市场数据更新完成
2025-06-12 09:47:40 | INFO     | src.trading.executor:update_account_info:125 | 账户更新: 总值$99696.60, 买入力$391982.42
2025-06-12 09:47:40 | DEBUG    | src.bot.trading_bot:_update_market_data:177 | 市场数据更新完成
2025-06-12 09:47:43 | DEBUG    | src.bot.trading_bot:_update_positions_normal:249 | 📊 常规头寸更新完成
2025-06-12 09:47:43 | INFO     | src.trading.executor:update_account_info:125 | 账户更新: 总值$99652.60, 买入力$391982.42
2025-06-12 09:47:43 | DEBUG    | src.bot.trading_bot:_update_market_data:177 | 市场数据更新完成
2025-06-12 09:47:47 | INFO     | src.trading.executor:update_account_info:125 | 账户更新: 总值$99663.60, 买入力$391982.42
2025-06-12 09:47:47 | DEBUG    | src.bot.trading_bot:_update_market_data:177 | 市场数据更新完成
2025-06-12 09:47:50 | INFO     | src.trading.executor:update_account_info:125 | 账户更新: 总值$99685.60, 买入力$391982.42
2025-06-12 09:47:50 | DEBUG    | src.bot.trading_bot:_update_market_data:177 | 市场数据更新完成
2025-06-12 09:47:53 | INFO     | src.trading.executor:update_account_info:125 | 账户更新: 总值$99685.60, 买入力$391982.42
2025-06-12 09:47:53 | DEBUG    | src.bot.trading_bot:_update_market_data:177 | 市场数据更新完成
2025-06-12 09:47:56 | INFO     | src.trading.executor:update_account_info:125 | 账户更新: 总值$99707.60, 买入力$391982.42
2025-06-12 09:47:56 | DEBUG    | src.bot.trading_bot:_update_market_data:177 | 市场数据更新完成
2025-06-12 09:47:59 | INFO     | src.trading.executor:update_account_info:125 | 账户更新: 总值$99707.60, 买入力$391982.42
2025-06-12 09:47:59 | DEBUG    | src.bot.trading_bot:_update_market_data:177 | 市场数据更新完成
2025-06-12 09:48:03 | INFO     | src.trading.executor:update_account_info:125 | 账户更新: 总值$99751.60, 买入力$391982.42
2025-06-12 09:48:03 | DEBUG    | src.bot.trading_bot:_update_market_data:177 | 市场数据更新完成
2025-06-12 09:48:06 | INFO     | src.trading.executor:update_account_info:125 | 账户更新: 总值$99751.60, 买入力$391982.42
2025-06-12 09:48:06 | DEBUG    | src.bot.trading_bot:_update_market_data:177 | 市场数据更新完成
2025-06-12 09:48:09 | INFO     | src.trading.executor:update_account_info:125 | 账户更新: 总值$99751.60, 买入力$391982.42
2025-06-12 09:48:09 | DEBUG    | src.bot.trading_bot:_update_market_data:177 | 市场数据更新完成
2025-06-12 09:48:12 | INFO     | src.trading.executor:update_account_info:125 | 账户更新: 总值$99707.60, 买入力$391982.42
2025-06-12 09:48:12 | DEBUG    | src.bot.trading_bot:_update_market_data:177 | 市场数据更新完成
2025-06-12 09:48:15 | INFO     | src.trading.executor:update_account_info:125 | 账户更新: 总值$99685.60, 买入力$391982.42
2025-06-12 09:48:15 | DEBUG    | src.bot.trading_bot:_update_market_data:177 | 市场数据更新完成
2025-06-12 09:48:19 | INFO     | src.trading.executor:update_account_info:125 | 账户更新: 总值$99696.60, 买入力$391982.42
2025-06-12 09:48:19 | DEBUG    | src.bot.trading_bot:_update_market_data:177 | 市场数据更新完成
2025-06-12 09:48:22 | INFO     | src.trading.executor:update_account_info:125 | 账户更新: 总值$99696.60, 买入力$391982.42
2025-06-12 09:48:22 | DEBUG    | src.bot.trading_bot:_update_market_data:177 | 市场数据更新完成
2025-06-12 09:48:25 | INFO     | src.trading.executor:update_account_info:125 | 账户更新: 总值$99674.60, 买入力$391982.42
2025-06-12 09:48:25 | DEBUG    | src.bot.trading_bot:_update_market_data:177 | 市场数据更新完成
2025-06-12 09:48:29 | INFO     | src.trading.executor:update_account_info:125 | 账户更新: 总值$99663.60, 买入力$391982.42
2025-06-12 09:48:29 | DEBUG    | src.bot.trading_bot:_update_market_data:177 | 市场数据更新完成
2025-06-12 09:48:32 | INFO     | src.trading.executor:update_account_info:125 | 账户更新: 总值$99674.60, 买入力$391982.42
2025-06-12 09:48:32 | DEBUG    | src.bot.trading_bot:_update_market_data:177 | 市场数据更新完成
2025-06-12 09:48:35 | INFO     | src.trading.executor:update_account_info:125 | 账户更新: 总值$99685.60, 买入力$391982.42
2025-06-12 09:48:35 | DEBUG    | src.bot.trading_bot:_update_market_data:177 | 市场数据更新完成
2025-06-12 09:48:38 | INFO     | src.trading.executor:update_account_info:125 | 账户更新: 总值$99663.60, 买入力$391982.42
2025-06-12 09:48:38 | DEBUG    | src.bot.trading_bot:_update_market_data:177 | 市场数据更新完成
2025-06-12 09:48:41 | INFO     | src.trading.executor:update_account_info:125 | 账户更新: 总值$99674.60, 买入力$391982.42
2025-06-12 09:48:41 | DEBUG    | src.bot.trading_bot:_update_market_data:177 | 市场数据更新完成
2025-06-12 09:48:43 | DEBUG    | src.bot.trading_bot:_update_positions_normal:249 | 📊 常规头寸更新完成
2025-06-12 09:48:44 | INFO     | src.trading.executor:update_account_info:125 | 账户更新: 总值$99597.60, 买入力$391982.42
2025-06-12 09:48:44 | DEBUG    | src.bot.trading_bot:_update_market_data:177 | 市场数据更新完成
2025-06-12 09:48:48 | INFO     | src.trading.executor:update_account_info:125 | 账户更新: 总值$99619.60, 买入力$391982.42
2025-06-12 09:48:48 | DEBUG    | src.bot.trading_bot:_update_market_data:177 | 市场数据更新完成
2025-06-12 09:48:51 | INFO     | src.trading.executor:update_account_info:125 | 账户更新: 总值$99608.60, 买入力$391982.42
2025-06-12 09:48:51 | DEBUG    | src.bot.trading_bot:_update_market_data:177 | 市场数据更新完成
2025-06-12 09:48:54 | INFO     | src.trading.executor:update_account_info:125 | 账户更新: 总值$99630.60, 买入力$391982.42
2025-06-12 09:48:54 | DEBUG    | src.bot.trading_bot:_update_market_data:177 | 市场数据更新完成
2025-06-12 09:48:58 | INFO     | src.trading.executor:update_account_info:125 | 账户更新: 总值$99619.60, 买入力$391982.42
2025-06-12 09:48:58 | DEBUG    | src.bot.trading_bot:_update_market_data:177 | 市场数据更新完成
2025-06-12 09:49:01 | INFO     | src.trading.executor:update_account_info:125 | 账户更新: 总值$99641.60, 买入力$391982.42
2025-06-12 09:49:01 | DEBUG    | src.bot.trading_bot:_update_market_data:177 | 市场数据更新完成
2025-06-12 09:49:04 | INFO     | src.trading.executor:update_account_info:125 | 账户更新: 总值$99641.60, 买入力$391982.42
2025-06-12 09:49:04 | DEBUG    | src.bot.trading_bot:_update_market_data:177 | 市场数据更新完成
2025-06-12 09:49:07 | INFO     | src.trading.executor:update_account_info:125 | 账户更新: 总值$99663.60, 买入力$391982.42
2025-06-12 09:49:07 | DEBUG    | src.bot.trading_bot:_update_market_data:177 | 市场数据更新完成
2025-06-12 09:49:10 | INFO     | src.trading.executor:update_account_info:125 | 账户更新: 总值$99674.60, 买入力$391982.42
2025-06-12 09:49:10 | DEBUG    | src.bot.trading_bot:_update_market_data:177 | 市场数据更新完成
2025-06-12 09:49:14 | INFO     | src.trading.executor:update_account_info:125 | 账户更新: 总值$99663.60, 买入力$391982.42
2025-06-12 09:49:14 | DEBUG    | src.bot.trading_bot:_update_market_data:177 | 市场数据更新完成
2025-06-12 09:49:17 | INFO     | src.trading.executor:update_account_info:125 | 账户更新: 总值$99718.60, 买入力$391982.42
2025-06-12 09:49:17 | DEBUG    | src.bot.trading_bot:_update_market_data:177 | 市场数据更新完成
2025-06-12 09:49:20 | INFO     | src.trading.executor:update_account_info:125 | 账户更新: 总值$99740.60, 买入力$391982.42
2025-06-12 09:49:20 | DEBUG    | src.bot.trading_bot:_update_market_data:177 | 市场数据更新完成
2025-06-12 09:49:23 | INFO     | src.trading.executor:update_account_info:125 | 账户更新: 总值$99718.60, 买入力$391982.42
2025-06-12 09:49:23 | DEBUG    | src.bot.trading_bot:_update_market_data:177 | 市场数据更新完成
2025-06-12 09:49:27 | INFO     | src.trading.executor:update_account_info:125 | 账户更新: 总值$99718.60, 买入力$391982.42
2025-06-12 09:49:27 | DEBUG    | src.bot.trading_bot:_update_market_data:177 | 市场数据更新完成
2025-06-12 09:49:30 | INFO     | src.trading.executor:update_account_info:125 | 账户更新: 总值$99740.60, 买入力$391982.42
2025-06-12 09:49:30 | DEBUG    | src.bot.trading_bot:_update_market_data:177 | 市场数据更新完成
2025-06-12 09:49:33 | INFO     | src.trading.executor:update_account_info:125 | 账户更新: 总值$99729.60, 买入力$391982.42
2025-06-12 09:49:33 | DEBUG    | src.bot.trading_bot:_update_market_data:177 | 市场数据更新完成
2025-06-12 09:49:36 | INFO     | src.trading.executor:update_account_info:125 | 账户更新: 总值$99729.60, 买入力$391982.42
2025-06-12 09:49:36 | DEBUG    | src.bot.trading_bot:_update_market_data:177 | 市场数据更新完成
2025-06-12 09:49:39 | INFO     | src.trading.executor:update_account_info:125 | 账户更新: 总值$99729.60, 买入力$391982.42
2025-06-12 09:49:39 | DEBUG    | src.bot.trading_bot:_update_market_data:177 | 市场数据更新完成
2025-06-12 09:49:43 | INFO     | src.trading.executor:update_account_info:125 | 账户更新: 总值$99740.60, 买入力$391982.42
2025-06-12 09:49:43 | DEBUG    | src.bot.trading_bot:_update_market_data:177 | 市场数据更新完成
2025-06-12 09:49:44 | DEBUG    | src.bot.trading_bot:_update_positions_normal:249 | 📊 常规头寸更新完成
2025-06-12 09:49:46 | INFO     | src.trading.executor:update_account_info:125 | 账户更新: 总值$99729.60, 买入力$391982.42
2025-06-12 09:49:46 | DEBUG    | src.bot.trading_bot:_update_market_data:177 | 市场数据更新完成
2025-06-12 09:49:49 | INFO     | src.trading.executor:update_account_info:125 | 账户更新: 总值$99740.60, 买入力$391982.42
2025-06-12 09:49:49 | DEBUG    | src.bot.trading_bot:_update_market_data:177 | 市场数据更新完成
2025-06-12 09:49:52 | INFO     | src.trading.executor:update_account_info:125 | 账户更新: 总值$99740.60, 买入力$391982.42
2025-06-12 09:49:52 | DEBUG    | src.bot.trading_bot:_update_market_data:177 | 市场数据更新完成
2025-06-12 09:49:56 | INFO     | src.trading.executor:update_account_info:125 | 账户更新: 总值$99740.60, 买入力$391982.42
2025-06-12 09:49:56 | DEBUG    | src.bot.trading_bot:_update_market_data:177 | 市场数据更新完成
2025-06-12 09:49:59 | INFO     | src.trading.executor:update_account_info:125 | 账户更新: 总值$99762.60, 买入力$391982.42
2025-06-12 09:49:59 | DEBUG    | src.bot.trading_bot:_update_market_data:177 | 市场数据更新完成
2025-06-12 09:50:02 | INFO     | src.trading.executor:update_account_info:125 | 账户更新: 总值$99806.60, 买入力$391982.42
2025-06-12 09:50:02 | DEBUG    | src.bot.trading_bot:_update_market_data:177 | 市场数据更新完成
2025-06-12 09:50:05 | INFO     | src.trading.executor:update_account_info:125 | 账户更新: 总值$99828.60, 买入力$391982.42
2025-06-12 09:50:05 | DEBUG    | src.bot.trading_bot:_update_market_data:177 | 市场数据更新完成
2025-06-12 09:50:09 | INFO     | src.trading.executor:update_account_info:125 | 账户更新: 总值$99872.60, 买入力$391982.42
2025-06-12 09:50:09 | DEBUG    | src.bot.trading_bot:_update_market_data:177 | 市场数据更新完成
2025-06-12 09:50:12 | INFO     | src.trading.executor:update_account_info:125 | 账户更新: 总值$99839.60, 买入力$391982.42
2025-06-12 09:50:12 | DEBUG    | src.bot.trading_bot:_update_market_data:177 | 市场数据更新完成
2025-06-12 09:50:15 | INFO     | src.trading.executor:update_account_info:125 | 账户更新: 总值$99861.60, 买入力$391982.42
2025-06-12 09:50:15 | DEBUG    | src.bot.trading_bot:_update_market_data:177 | 市场数据更新完成
2025-06-12 09:50:18 | INFO     | src.trading.executor:update_account_info:125 | 账户更新: 总值$99872.60, 买入力$391982.42
2025-06-12 09:50:18 | DEBUG    | src.bot.trading_bot:_update_market_data:177 | 市场数据更新完成
2025-06-12 09:50:22 | INFO     | src.trading.executor:update_account_info:125 | 账户更新: 总值$99916.60, 买入力$391982.42
2025-06-12 09:50:22 | DEBUG    | src.bot.trading_bot:_update_market_data:177 | 市场数据更新完成
2025-06-12 09:50:25 | INFO     | src.trading.executor:update_account_info:125 | 账户更新: 总值$99927.60, 买入力$391982.42
2025-06-12 09:50:25 | DEBUG    | src.bot.trading_bot:_update_market_data:177 | 市场数据更新完成
2025-06-12 09:50:28 | INFO     | src.trading.executor:update_account_info:125 | 账户更新: 总值$99817.60, 买入力$391982.42
2025-06-12 09:50:28 | DEBUG    | src.bot.trading_bot:_update_market_data:177 | 市场数据更新完成
2025-06-12 09:50:32 | INFO     | src.trading.executor:update_account_info:125 | 账户更新: 总值$99773.60, 买入力$391982.42
2025-06-12 09:50:32 | DEBUG    | src.bot.trading_bot:_update_market_data:177 | 市场数据更新完成
2025-06-12 09:50:35 | INFO     | src.trading.executor:update_account_info:125 | 账户更新: 总值$99795.60, 买入力$391982.42
2025-06-12 09:50:35 | DEBUG    | src.bot.trading_bot:_update_market_data:177 | 市场数据更新完成
2025-06-12 09:50:38 | INFO     | src.trading.executor:update_account_info:125 | 账户更新: 总值$99817.60, 买入力$391982.42
2025-06-12 09:50:38 | DEBUG    | src.bot.trading_bot:_update_market_data:177 | 市场数据更新完成
2025-06-12 09:50:41 | INFO     | src.trading.executor:update_account_info:125 | 账户更新: 总值$99806.60, 买入力$391982.42
2025-06-12 09:50:41 | DEBUG    | src.bot.trading_bot:_update_market_data:177 | 市场数据更新完成
2025-06-12 09:50:44 | DEBUG    | src.bot.trading_bot:_update_positions_normal:249 | 📊 常规头寸更新完成
2025-06-12 09:50:44 | INFO     | src.trading.executor:update_account_info:125 | 账户更新: 总值$99806.60, 买入力$391982.42
2025-06-12 09:50:44 | DEBUG    | src.bot.trading_bot:_update_market_data:177 | 市场数据更新完成
2025-06-12 09:50:48 | INFO     | src.trading.executor:update_account_info:125 | 账户更新: 总值$99762.60, 买入力$391982.42
2025-06-12 09:50:48 | DEBUG    | src.bot.trading_bot:_update_market_data:177 | 市场数据更新完成
2025-06-12 09:50:51 | INFO     | src.trading.executor:update_account_info:125 | 账户更新: 总值$99740.60, 买入力$391982.42
2025-06-12 09:50:51 | DEBUG    | src.bot.trading_bot:_update_market_data:177 | 市场数据更新完成
2025-06-12 09:50:54 | INFO     | src.trading.executor:update_account_info:125 | 账户更新: 总值$99751.60, 买入力$391982.42
2025-06-12 09:50:54 | DEBUG    | src.bot.trading_bot:_update_market_data:177 | 市场数据更新完成
2025-06-12 09:50:57 | INFO     | src.trading.executor:update_account_info:125 | 账户更新: 总值$99762.60, 买入力$391982.42
2025-06-12 09:50:57 | DEBUG    | src.bot.trading_bot:_update_market_data:177 | 市场数据更新完成
2025-06-12 09:51:01 | INFO     | src.trading.executor:update_account_info:125 | 账户更新: 总值$99762.60, 买入力$391982.42
2025-06-12 09:51:01 | DEBUG    | src.bot.trading_bot:_update_market_data:177 | 市场数据更新完成
2025-06-12 09:51:04 | INFO     | src.trading.executor:update_account_info:125 | 账户更新: 总值$99784.60, 买入力$391982.42
2025-06-12 09:51:04 | DEBUG    | src.bot.trading_bot:_update_market_data:177 | 市场数据更新完成
2025-06-12 09:51:07 | INFO     | src.trading.executor:update_account_info:125 | 账户更新: 总值$99773.60, 买入力$391982.42
2025-06-12 09:51:07 | DEBUG    | src.bot.trading_bot:_update_market_data:177 | 市场数据更新完成
2025-06-12 09:51:10 | INFO     | src.trading.executor:update_account_info:125 | 账户更新: 总值$99784.60, 买入力$391982.42
2025-06-12 09:51:10 | DEBUG    | src.bot.trading_bot:_update_market_data:177 | 市场数据更新完成
2025-06-12 09:51:14 | INFO     | src.trading.executor:update_account_info:125 | 账户更新: 总值$99784.60, 买入力$391982.42
2025-06-12 09:51:14 | DEBUG    | src.bot.trading_bot:_update_market_data:177 | 市场数据更新完成
2025-06-12 09:51:17 | INFO     | src.trading.executor:update_account_info:125 | 账户更新: 总值$99916.60, 买入力$391982.42
2025-06-12 09:51:17 | DEBUG    | src.bot.trading_bot:_update_market_data:177 | 市场数据更新完成
2025-06-12 09:51:20 | INFO     | src.trading.executor:update_account_info:125 | 账户更新: 总值$99949.60, 买入力$391982.42
2025-06-12 09:51:20 | DEBUG    | src.bot.trading_bot:_update_market_data:177 | 市场数据更新完成
2025-06-12 09:51:24 | INFO     | src.trading.executor:update_account_info:125 | 账户更新: 总值$99949.60, 买入力$391982.42
2025-06-12 09:51:24 | DEBUG    | src.bot.trading_bot:_update_market_data:177 | 市场数据更新完成
2025-06-12 09:51:27 | INFO     | src.trading.executor:update_account_info:125 | 账户更新: 总值$99949.60, 买入力$391982.42
2025-06-12 09:51:27 | DEBUG    | src.bot.trading_bot:_update_market_data:177 | 市场数据更新完成
2025-06-12 09:51:30 | INFO     | src.trading.executor:update_account_info:125 | 账户更新: 总值$99949.60, 买入力$391982.42
2025-06-12 09:51:30 | DEBUG    | src.bot.trading_bot:_update_market_data:177 | 市场数据更新完成
2025-06-12 09:51:33 | INFO     | src.trading.executor:update_account_info:125 | 账户更新: 总值$99927.60, 买入力$391982.42
2025-06-12 09:51:33 | DEBUG    | src.bot.trading_bot:_update_market_data:177 | 市场数据更新完成
2025-06-12 09:51:37 | INFO     | src.trading.executor:update_account_info:125 | 账户更新: 总值$99894.60, 买入力$391982.42
2025-06-12 09:51:37 | DEBUG    | src.bot.trading_bot:_update_market_data:177 | 市场数据更新完成
2025-06-12 09:51:40 | INFO     | src.trading.executor:update_account_info:125 | 账户更新: 总值$99894.60, 买入力$391982.42
2025-06-12 09:51:40 | DEBUG    | src.bot.trading_bot:_update_market_data:177 | 市场数据更新完成
2025-06-12 09:51:43 | INFO     | src.trading.executor:update_account_info:125 | 账户更新: 总值$99861.60, 买入力$391982.42
2025-06-12 09:51:43 | DEBUG    | src.bot.trading_bot:_update_market_data:177 | 市场数据更新完成
2025-06-12 09:51:44 | DEBUG    | src.bot.trading_bot:_update_positions_normal:249 | 📊 常规头寸更新完成
2025-06-12 09:51:46 | INFO     | src.trading.executor:update_account_info:125 | 账户更新: 总值$99861.60, 买入力$391982.42
2025-06-12 09:51:46 | DEBUG    | src.bot.trading_bot:_update_market_data:177 | 市场数据更新完成
2025-06-12 09:51:49 | INFO     | src.trading.executor:update_account_info:125 | 账户更新: 总值$99850.60, 买入力$391982.42
2025-06-12 09:51:49 | DEBUG    | src.bot.trading_bot:_update_market_data:177 | 市场数据更新完成
2025-06-12 09:51:53 | INFO     | src.trading.executor:update_account_info:125 | 账户更新: 总值$99872.60, 买入力$391982.42
2025-06-12 09:51:53 | DEBUG    | src.bot.trading_bot:_update_market_data:177 | 市场数据更新完成
2025-06-12 09:51:56 | INFO     | src.trading.executor:update_account_info:125 | 账户更新: 总值$99872.60, 买入力$391982.42
2025-06-12 09:51:56 | DEBUG    | src.bot.trading_bot:_update_market_data:177 | 市场数据更新完成
2025-06-12 09:51:59 | INFO     | src.trading.executor:update_account_info:125 | 账户更新: 总值$99872.60, 买入力$391982.42
2025-06-12 09:51:59 | DEBUG    | src.bot.trading_bot:_update_market_data:177 | 市场数据更新完成
2025-06-12 09:52:02 | INFO     | src.trading.executor:update_account_info:125 | 账户更新: 总值$99883.60, 买入力$391982.42
2025-06-12 09:52:02 | DEBUG    | src.bot.trading_bot:_update_market_data:177 | 市场数据更新完成
2025-06-12 09:52:06 | INFO     | src.trading.executor:update_account_info:125 | 账户更新: 总值$99905.60, 买入力$391982.42
2025-06-12 09:52:06 | DEBUG    | src.bot.trading_bot:_update_market_data:177 | 市场数据更新完成
2025-06-12 09:52:09 | INFO     | src.trading.executor:update_account_info:125 | 账户更新: 总值$99949.60, 买入力$391982.42
2025-06-12 09:52:09 | DEBUG    | src.bot.trading_bot:_update_market_data:177 | 市场数据更新完成
2025-06-12 09:52:12 | INFO     | src.trading.executor:update_account_info:125 | 账户更新: 总值$99949.60, 买入力$391982.42
2025-06-12 09:52:12 | DEBUG    | src.bot.trading_bot:_update_market_data:177 | 市场数据更新完成
2025-06-12 09:52:15 | INFO     | src.trading.executor:update_account_info:125 | 账户更新: 总值$99949.60, 买入力$391982.42
2025-06-12 09:52:15 | DEBUG    | src.bot.trading_bot:_update_market_data:177 | 市场数据更新完成
2025-06-12 09:52:19 | INFO     | src.trading.executor:update_account_info:125 | 账户更新: 总值$99916.60, 买入力$391982.42
2025-06-12 09:52:19 | DEBUG    | src.bot.trading_bot:_update_market_data:177 | 市场数据更新完成
2025-06-12 09:52:22 | INFO     | src.trading.executor:update_account_info:125 | 账户更新: 总值$99905.60, 买入力$391982.42
2025-06-12 09:52:22 | DEBUG    | src.bot.trading_bot:_update_market_data:177 | 市场数据更新完成
2025-06-12 09:52:25 | INFO     | src.trading.executor:update_account_info:125 | 账户更新: 总值$99894.60, 买入力$391982.42
2025-06-12 09:52:25 | DEBUG    | src.bot.trading_bot:_update_market_data:177 | 市场数据更新完成
2025-06-12 09:52:28 | INFO     | src.trading.executor:update_account_info:125 | 账户更新: 总值$99883.60, 买入力$391982.42
2025-06-12 09:52:28 | DEBUG    | src.bot.trading_bot:_update_market_data:177 | 市场数据更新完成
2025-06-12 09:52:32 | INFO     | src.trading.executor:update_account_info:125 | 账户更新: 总值$99905.60, 买入力$391982.42
2025-06-12 09:52:32 | DEBUG    | src.bot.trading_bot:_update_market_data:177 | 市场数据更新完成
2025-06-12 09:52:35 | INFO     | src.trading.executor:update_account_info:125 | 账户更新: 总值$99905.60, 买入力$391982.42
2025-06-12 09:52:35 | DEBUG    | src.bot.trading_bot:_update_market_data:177 | 市场数据更新完成
2025-06-12 09:52:38 | INFO     | src.trading.executor:update_account_info:125 | 账户更新: 总值$99916.60, 买入力$391982.42
2025-06-12 09:52:38 | DEBUG    | src.bot.trading_bot:_update_market_data:177 | 市场数据更新完成
2025-06-12 09:52:41 | INFO     | src.trading.executor:update_account_info:125 | 账户更新: 总值$99916.60, 买入力$391982.42
2025-06-12 09:52:41 | DEBUG    | src.bot.trading_bot:_update_market_data:177 | 市场数据更新完成
2025-06-12 09:52:44 | DEBUG    | src.bot.trading_bot:_update_positions_normal:249 | 📊 常规头寸更新完成
2025-06-12 09:52:45 | INFO     | src.trading.executor:update_account_info:125 | 账户更新: 总值$99894.60, 买入力$391982.42
2025-06-12 09:52:45 | DEBUG    | src.bot.trading_bot:_update_market_data:177 | 市场数据更新完成
2025-06-12 09:52:48 | INFO     | src.trading.executor:update_account_info:125 | 账户更新: 总值$99883.60, 买入力$391982.42
2025-06-12 09:52:48 | DEBUG    | src.bot.trading_bot:_update_market_data:177 | 市场数据更新完成
2025-06-12 09:52:51 | INFO     | src.trading.executor:update_account_info:125 | 账户更新: 总值$99883.60, 买入力$391982.42
2025-06-12 09:52:51 | DEBUG    | src.bot.trading_bot:_update_market_data:177 | 市场数据更新完成
2025-06-12 09:52:54 | INFO     | src.trading.executor:update_account_info:125 | 账户更新: 总值$99861.60, 买入力$391982.42
2025-06-12 09:52:54 | DEBUG    | src.bot.trading_bot:_update_market_data:177 | 市场数据更新完成
2025-06-12 09:52:58 | INFO     | src.trading.executor:update_account_info:125 | 账户更新: 总值$99850.60, 买入力$391982.42
2025-06-12 09:52:58 | DEBUG    | src.bot.trading_bot:_update_market_data:177 | 市场数据更新完成
2025-06-12 09:53:01 | INFO     | src.trading.executor:update_account_info:125 | 账户更新: 总值$99828.60, 买入力$391982.42
2025-06-12 09:53:01 | DEBUG    | src.bot.trading_bot:_update_market_data:177 | 市场数据更新完成
2025-06-12 09:53:04 | INFO     | src.trading.executor:update_account_info:125 | 账户更新: 总值$99817.60, 买入力$391982.42
2025-06-12 09:53:04 | DEBUG    | src.bot.trading_bot:_update_market_data:177 | 市场数据更新完成
2025-06-12 09:53:07 | INFO     | src.trading.executor:update_account_info:125 | 账户更新: 总值$99828.60, 买入力$391982.42
2025-06-12 09:53:07 | DEBUG    | src.bot.trading_bot:_update_market_data:177 | 市场数据更新完成
2025-06-12 09:53:08 | INFO     | src.strategy.signals:generate_signals:468 | 生成信号: SHORT - VWAP空头突破: 偏离-0.14%, MACD转负
2025-06-12 09:53:08 | INFO     | src.bot.trading_bot:_check_signals:195 | 检测到信号: SHORT 置信度: 0.85 原因: VWAP空头突破: 偏离-0.14%, MACD转负
2025-06-12 09:53:08 | INFO     | src.utils.notifications:send_message:63 | [GENERAL] 📡 交易信号
类型: SHORT
强度: MEDIUM
置信度: 0.85
价格: $598.89
原因: VWAP空头突破: 偏离-0.14%, MACD转负
2025-06-12 09:53:08 | WARNING  | src.trading.executor:_check_trading_limits:301 | 已达到每日最大交易次数限制: 5
2025-06-12 09:53:08 | WARNING  | src.bot.trading_bot:_check_signals:209 | 信号执行失败: SHORT
2025-06-12 09:53:11 | INFO     | src.trading.executor:update_account_info:125 | 账户更新: 总值$99806.60, 买入力$391982.42
2025-06-12 09:53:11 | DEBUG    | src.bot.trading_bot:_update_market_data:177 | 市场数据更新完成
2025-06-12 09:53:11 | INFO     | src.strategy.signals:generate_signals:468 | 生成信号: SHORT - VWAP空头突破: 偏离-0.14%, MACD转负
2025-06-12 09:53:11 | INFO     | src.bot.trading_bot:_check_signals:195 | 检测到信号: SHORT 置信度: 0.85 原因: VWAP空头突破: 偏离-0.14%, MACD转负
2025-06-12 09:53:11 | INFO     | src.utils.notifications:send_message:63 | [GENERAL] 📡 交易信号
类型: SHORT
强度: MEDIUM
置信度: 0.85
价格: $598.89
原因: VWAP空头突破: 偏离-0.14%, MACD转负
2025-06-12 09:53:11 | WARNING  | src.trading.executor:_check_trading_limits:301 | 已达到每日最大交易次数限制: 5
2025-06-12 09:53:11 | WARNING  | src.bot.trading_bot:_check_signals:209 | 信号执行失败: SHORT
2025-06-12 09:53:14 | INFO     | src.trading.executor:update_account_info:125 | 账户更新: 总值$99839.60, 买入力$391982.42
2025-06-12 09:53:14 | DEBUG    | src.bot.trading_bot:_update_market_data:177 | 市场数据更新完成
2025-06-12 09:53:14 | INFO     | src.strategy.signals:generate_signals:468 | 生成信号: SHORT - VWAP空头突破: 偏离-0.14%, MACD转负
2025-06-12 09:53:14 | INFO     | src.bot.trading_bot:_check_signals:195 | 检测到信号: SHORT 置信度: 0.85 原因: VWAP空头突破: 偏离-0.14%, MACD转负
2025-06-12 09:53:14 | INFO     | src.utils.notifications:send_message:63 | [GENERAL] 📡 交易信号
类型: SHORT
强度: MEDIUM
置信度: 0.85
价格: $598.89
原因: VWAP空头突破: 偏离-0.14%, MACD转负
2025-06-12 09:53:14 | WARNING  | src.trading.executor:_check_trading_limits:301 | 已达到每日最大交易次数限制: 5
2025-06-12 09:53:14 | WARNING  | src.bot.trading_bot:_check_signals:209 | 信号执行失败: SHORT
2025-06-12 09:53:17 | INFO     | src.trading.executor:update_account_info:125 | 账户更新: 总值$99795.60, 买入力$391982.42
2025-06-12 09:53:17 | DEBUG    | src.bot.trading_bot:_update_market_data:177 | 市场数据更新完成
2025-06-12 09:53:17 | INFO     | src.strategy.signals:generate_signals:468 | 生成信号: SHORT - VWAP空头突破: 偏离-0.14%, MACD转负
2025-06-12 09:53:17 | INFO     | src.bot.trading_bot:_check_signals:195 | 检测到信号: SHORT 置信度: 0.85 原因: VWAP空头突破: 偏离-0.14%, MACD转负
2025-06-12 09:53:17 | INFO     | src.utils.notifications:send_message:63 | [GENERAL] 📡 交易信号
类型: SHORT
强度: MEDIUM
置信度: 0.85
价格: $598.89
原因: VWAP空头突破: 偏离-0.14%, MACD转负
2025-06-12 09:53:17 | WARNING  | src.trading.executor:_check_trading_limits:301 | 已达到每日最大交易次数限制: 5
2025-06-12 09:53:17 | WARNING  | src.bot.trading_bot:_check_signals:209 | 信号执行失败: SHORT
2025-06-12 09:53:20 | INFO     | src.trading.executor:update_account_info:125 | 账户更新: 总值$99795.60, 买入力$391982.42
2025-06-12 09:53:20 | DEBUG    | src.bot.trading_bot:_update_market_data:177 | 市场数据更新完成
2025-06-12 09:53:20 | INFO     | src.strategy.signals:generate_signals:468 | 生成信号: SHORT - VWAP空头突破: 偏离-0.14%, MACD转负
2025-06-12 09:53:20 | INFO     | src.bot.trading_bot:_check_signals:195 | 检测到信号: SHORT 置信度: 0.85 原因: VWAP空头突破: 偏离-0.14%, MACD转负
2025-06-12 09:53:20 | INFO     | src.utils.notifications:send_message:63 | [GENERAL] 📡 交易信号
类型: SHORT
强度: MEDIUM
置信度: 0.85
价格: $598.89
原因: VWAP空头突破: 偏离-0.14%, MACD转负
2025-06-12 09:53:20 | WARNING  | src.trading.executor:_check_trading_limits:301 | 已达到每日最大交易次数限制: 5
2025-06-12 09:53:20 | WARNING  | src.bot.trading_bot:_check_signals:209 | 信号执行失败: SHORT
2025-06-12 09:53:24 | INFO     | src.trading.executor:update_account_info:125 | 账户更新: 总值$99784.60, 买入力$391982.42
2025-06-12 09:53:24 | DEBUG    | src.bot.trading_bot:_update_market_data:177 | 市场数据更新完成
2025-06-12 09:53:24 | INFO     | src.strategy.signals:generate_signals:468 | 生成信号: SHORT - VWAP空头突破: 偏离-0.14%, MACD转负
2025-06-12 09:53:24 | INFO     | src.bot.trading_bot:_check_signals:195 | 检测到信号: SHORT 置信度: 0.85 原因: VWAP空头突破: 偏离-0.14%, MACD转负
2025-06-12 09:53:24 | INFO     | src.utils.notifications:send_message:63 | [GENERAL] 📡 交易信号
类型: SHORT
强度: MEDIUM
置信度: 0.85
价格: $598.89
原因: VWAP空头突破: 偏离-0.14%, MACD转负
2025-06-12 09:53:24 | WARNING  | src.trading.executor:_check_trading_limits:301 | 已达到每日最大交易次数限制: 5
2025-06-12 09:53:24 | WARNING  | src.bot.trading_bot:_check_signals:209 | 信号执行失败: SHORT
2025-06-12 09:53:27 | INFO     | src.trading.executor:update_account_info:125 | 账户更新: 总值$99784.60, 买入力$391982.42
2025-06-12 09:53:27 | DEBUG    | src.bot.trading_bot:_update_market_data:177 | 市场数据更新完成
2025-06-12 09:53:27 | INFO     | src.strategy.signals:generate_signals:468 | 生成信号: SHORT - VWAP空头突破: 偏离-0.14%, MACD转负
2025-06-12 09:53:27 | INFO     | src.bot.trading_bot:_check_signals:195 | 检测到信号: SHORT 置信度: 0.85 原因: VWAP空头突破: 偏离-0.14%, MACD转负
2025-06-12 09:53:27 | INFO     | src.utils.notifications:send_message:63 | [GENERAL] 📡 交易信号
类型: SHORT
强度: MEDIUM
置信度: 0.85
价格: $598.89
原因: VWAP空头突破: 偏离-0.14%, MACD转负
2025-06-12 09:53:27 | WARNING  | src.trading.executor:_check_trading_limits:301 | 已达到每日最大交易次数限制: 5
2025-06-12 09:53:27 | WARNING  | src.bot.trading_bot:_check_signals:209 | 信号执行失败: SHORT
2025-06-12 09:53:30 | INFO     | src.trading.executor:update_account_info:125 | 账户更新: 总值$99795.60, 买入力$391982.42
2025-06-12 09:53:30 | DEBUG    | src.bot.trading_bot:_update_market_data:177 | 市场数据更新完成
2025-06-12 09:53:30 | INFO     | src.strategy.signals:generate_signals:468 | 生成信号: SHORT - VWAP空头突破: 偏离-0.14%, MACD转负
2025-06-12 09:53:30 | INFO     | src.bot.trading_bot:_check_signals:195 | 检测到信号: SHORT 置信度: 0.85 原因: VWAP空头突破: 偏离-0.14%, MACD转负
2025-06-12 09:53:30 | INFO     | src.utils.notifications:send_message:63 | [GENERAL] 📡 交易信号
类型: SHORT
强度: MEDIUM
置信度: 0.85
价格: $598.89
原因: VWAP空头突破: 偏离-0.14%, MACD转负
2025-06-12 09:53:30 | WARNING  | src.trading.executor:_check_trading_limits:301 | 已达到每日最大交易次数限制: 5
2025-06-12 09:53:30 | WARNING  | src.bot.trading_bot:_check_signals:209 | 信号执行失败: SHORT
2025-06-12 09:53:33 | INFO     | src.trading.executor:update_account_info:125 | 账户更新: 总值$99817.60, 买入力$391982.42
2025-06-12 09:53:33 | DEBUG    | src.bot.trading_bot:_update_market_data:177 | 市场数据更新完成
2025-06-12 09:53:33 | INFO     | src.strategy.signals:generate_signals:468 | 生成信号: SHORT - VWAP空头突破: 偏离-0.14%, MACD转负
2025-06-12 09:53:33 | INFO     | src.bot.trading_bot:_check_signals:195 | 检测到信号: SHORT 置信度: 0.85 原因: VWAP空头突破: 偏离-0.14%, MACD转负
2025-06-12 09:53:33 | INFO     | src.utils.notifications:send_message:63 | [GENERAL] 📡 交易信号
类型: SHORT
强度: MEDIUM
置信度: 0.85
价格: $598.89
原因: VWAP空头突破: 偏离-0.14%, MACD转负
2025-06-12 09:53:33 | WARNING  | src.trading.executor:_check_trading_limits:301 | 已达到每日最大交易次数限制: 5
2025-06-12 09:53:33 | WARNING  | src.bot.trading_bot:_check_signals:209 | 信号执行失败: SHORT
2025-06-12 09:53:36 | INFO     | src.trading.executor:update_account_info:125 | 账户更新: 总值$99806.60, 买入力$391982.42
2025-06-12 09:53:36 | DEBUG    | src.bot.trading_bot:_update_market_data:177 | 市场数据更新完成
2025-06-12 09:53:36 | INFO     | src.strategy.signals:generate_signals:468 | 生成信号: SHORT - VWAP空头突破: 偏离-0.14%, MACD转负
2025-06-12 09:53:36 | INFO     | src.bot.trading_bot:_check_signals:195 | 检测到信号: SHORT 置信度: 0.85 原因: VWAP空头突破: 偏离-0.14%, MACD转负
2025-06-12 09:53:36 | INFO     | src.utils.notifications:send_message:63 | [GENERAL] 📡 交易信号
类型: SHORT
强度: MEDIUM
置信度: 0.85
价格: $598.89
原因: VWAP空头突破: 偏离-0.14%, MACD转负
2025-06-12 09:53:36 | WARNING  | src.trading.executor:_check_trading_limits:301 | 已达到每日最大交易次数限制: 5
2025-06-12 09:53:36 | WARNING  | src.bot.trading_bot:_check_signals:209 | 信号执行失败: SHORT
2025-06-12 09:53:40 | INFO     | src.trading.executor:update_account_info:125 | 账户更新: 总值$99817.60, 买入力$391982.42
2025-06-12 09:53:40 | DEBUG    | src.bot.trading_bot:_update_market_data:177 | 市场数据更新完成
2025-06-12 09:53:40 | INFO     | src.strategy.signals:generate_signals:468 | 生成信号: SHORT - VWAP空头突破: 偏离-0.14%, MACD转负
2025-06-12 09:53:40 | INFO     | src.bot.trading_bot:_check_signals:195 | 检测到信号: SHORT 置信度: 0.85 原因: VWAP空头突破: 偏离-0.14%, MACD转负
2025-06-12 09:53:40 | INFO     | src.utils.notifications:send_message:63 | [GENERAL] 📡 交易信号
类型: SHORT
强度: MEDIUM
置信度: 0.85
价格: $598.89
原因: VWAP空头突破: 偏离-0.14%, MACD转负
2025-06-12 09:53:40 | WARNING  | src.trading.executor:_check_trading_limits:301 | 已达到每日最大交易次数限制: 5
2025-06-12 09:53:40 | WARNING  | src.bot.trading_bot:_check_signals:209 | 信号执行失败: SHORT
2025-06-12 09:53:43 | INFO     | src.trading.executor:update_account_info:125 | 账户更新: 总值$99839.60, 买入力$391982.42
2025-06-12 09:53:43 | DEBUG    | src.bot.trading_bot:_update_market_data:177 | 市场数据更新完成
2025-06-12 09:53:43 | INFO     | src.strategy.signals:generate_signals:468 | 生成信号: SHORT - VWAP空头突破: 偏离-0.14%, MACD转负
2025-06-12 09:53:43 | INFO     | src.bot.trading_bot:_check_signals:195 | 检测到信号: SHORT 置信度: 0.85 原因: VWAP空头突破: 偏离-0.14%, MACD转负
2025-06-12 09:53:43 | INFO     | src.utils.notifications:send_message:63 | [GENERAL] 📡 交易信号
类型: SHORT
强度: MEDIUM
置信度: 0.85
价格: $598.89
原因: VWAP空头突破: 偏离-0.14%, MACD转负
2025-06-12 09:53:43 | WARNING  | src.trading.executor:_check_trading_limits:301 | 已达到每日最大交易次数限制: 5
2025-06-12 09:53:43 | WARNING  | src.bot.trading_bot:_check_signals:209 | 信号执行失败: SHORT
2025-06-12 09:53:45 | DEBUG    | src.bot.trading_bot:_update_positions_normal:249 | 📊 常规头寸更新完成
2025-06-12 09:53:47 | INFO     | src.trading.executor:update_account_info:125 | 账户更新: 总值$99828.60, 买入力$391982.42
2025-06-12 09:53:47 | DEBUG    | src.bot.trading_bot:_update_market_data:177 | 市场数据更新完成
2025-06-12 09:53:47 | INFO     | src.strategy.signals:generate_signals:468 | 生成信号: SHORT - VWAP空头突破: 偏离-0.14%, MACD转负
2025-06-12 09:53:47 | INFO     | src.bot.trading_bot:_check_signals:195 | 检测到信号: SHORT 置信度: 0.85 原因: VWAP空头突破: 偏离-0.14%, MACD转负
2025-06-12 09:53:47 | INFO     | src.utils.notifications:send_message:63 | [GENERAL] 📡 交易信号
类型: SHORT
强度: MEDIUM
置信度: 0.85
价格: $598.89
原因: VWAP空头突破: 偏离-0.14%, MACD转负
2025-06-12 09:53:47 | WARNING  | src.trading.executor:_check_trading_limits:301 | 已达到每日最大交易次数限制: 5
2025-06-12 09:53:47 | WARNING  | src.bot.trading_bot:_check_signals:209 | 信号执行失败: SHORT
2025-06-12 09:53:50 | INFO     | src.trading.executor:update_account_info:125 | 账户更新: 总值$99839.60, 买入力$391982.42
2025-06-12 09:53:50 | DEBUG    | src.bot.trading_bot:_update_market_data:177 | 市场数据更新完成
2025-06-12 09:53:50 | INFO     | src.strategy.signals:generate_signals:468 | 生成信号: SHORT - VWAP空头突破: 偏离-0.14%, MACD转负
2025-06-12 09:53:50 | INFO     | src.bot.trading_bot:_check_signals:195 | 检测到信号: SHORT 置信度: 0.85 原因: VWAP空头突破: 偏离-0.14%, MACD转负
2025-06-12 09:53:50 | INFO     | src.utils.notifications:send_message:63 | [GENERAL] 📡 交易信号
类型: SHORT
强度: MEDIUM
置信度: 0.85
价格: $598.89
原因: VWAP空头突破: 偏离-0.14%, MACD转负
2025-06-12 09:53:50 | WARNING  | src.trading.executor:_check_trading_limits:301 | 已达到每日最大交易次数限制: 5
2025-06-12 09:53:50 | WARNING  | src.bot.trading_bot:_check_signals:209 | 信号执行失败: SHORT
2025-06-12 09:53:53 | INFO     | src.trading.executor:update_account_info:125 | 账户更新: 总值$99839.60, 买入力$391982.42
2025-06-12 09:53:53 | DEBUG    | src.bot.trading_bot:_update_market_data:177 | 市场数据更新完成
2025-06-12 09:53:53 | INFO     | src.strategy.signals:generate_signals:468 | 生成信号: SHORT - VWAP空头突破: 偏离-0.14%, MACD转负
2025-06-12 09:53:53 | INFO     | src.bot.trading_bot:_check_signals:195 | 检测到信号: SHORT 置信度: 0.85 原因: VWAP空头突破: 偏离-0.14%, MACD转负
2025-06-12 09:53:53 | INFO     | src.utils.notifications:send_message:63 | [GENERAL] 📡 交易信号
类型: SHORT
强度: MEDIUM
置信度: 0.85
价格: $598.89
原因: VWAP空头突破: 偏离-0.14%, MACD转负
2025-06-12 09:53:53 | WARNING  | src.trading.executor:_check_trading_limits:301 | 已达到每日最大交易次数限制: 5
2025-06-12 09:53:53 | WARNING  | src.bot.trading_bot:_check_signals:209 | 信号执行失败: SHORT
2025-06-12 09:53:56 | INFO     | src.trading.executor:update_account_info:125 | 账户更新: 总值$99839.60, 买入力$391982.42
2025-06-12 09:53:56 | DEBUG    | src.bot.trading_bot:_update_market_data:177 | 市场数据更新完成
2025-06-12 09:53:56 | INFO     | src.strategy.signals:generate_signals:468 | 生成信号: SHORT - VWAP空头突破: 偏离-0.14%, MACD转负
2025-06-12 09:53:56 | INFO     | src.bot.trading_bot:_check_signals:195 | 检测到信号: SHORT 置信度: 0.85 原因: VWAP空头突破: 偏离-0.14%, MACD转负
2025-06-12 09:53:56 | INFO     | src.utils.notifications:send_message:63 | [GENERAL] 📡 交易信号
类型: SHORT
强度: MEDIUM
置信度: 0.85
价格: $598.89
原因: VWAP空头突破: 偏离-0.14%, MACD转负
2025-06-12 09:53:56 | WARNING  | src.trading.executor:_check_trading_limits:301 | 已达到每日最大交易次数限制: 5
2025-06-12 09:53:56 | WARNING  | src.bot.trading_bot:_check_signals:209 | 信号执行失败: SHORT
2025-06-12 09:53:59 | INFO     | src.trading.executor:update_account_info:125 | 账户更新: 总值$99828.60, 买入力$391982.42
2025-06-12 09:53:59 | DEBUG    | src.bot.trading_bot:_update_market_data:177 | 市场数据更新完成
2025-06-12 09:53:59 | INFO     | src.strategy.signals:generate_signals:468 | 生成信号: SHORT - VWAP空头突破: 偏离-0.14%, MACD转负
2025-06-12 09:53:59 | INFO     | src.bot.trading_bot:_check_signals:195 | 检测到信号: SHORT 置信度: 0.85 原因: VWAP空头突破: 偏离-0.14%, MACD转负
2025-06-12 09:53:59 | INFO     | src.utils.notifications:send_message:63 | [GENERAL] 📡 交易信号
类型: SHORT
强度: MEDIUM
置信度: 0.85
价格: $598.89
原因: VWAP空头突破: 偏离-0.14%, MACD转负
2025-06-12 09:53:59 | WARNING  | src.trading.executor:_check_trading_limits:301 | 已达到每日最大交易次数限制: 5
2025-06-12 09:53:59 | WARNING  | src.bot.trading_bot:_check_signals:209 | 信号执行失败: SHORT
2025-06-12 09:54:03 | INFO     | src.trading.executor:update_account_info:125 | 账户更新: 总值$99828.60, 买入力$391982.42
2025-06-12 09:54:03 | DEBUG    | src.bot.trading_bot:_update_market_data:177 | 市场数据更新完成
2025-06-12 09:54:03 | INFO     | src.strategy.signals:generate_signals:468 | 生成信号: SHORT - VWAP空头突破: 偏离-0.14%, MACD转负
2025-06-12 09:54:03 | INFO     | src.bot.trading_bot:_check_signals:195 | 检测到信号: SHORT 置信度: 0.85 原因: VWAP空头突破: 偏离-0.14%, MACD转负
2025-06-12 09:54:03 | INFO     | src.utils.notifications:send_message:63 | [GENERAL] 📡 交易信号
类型: SHORT
强度: MEDIUM
置信度: 0.85
价格: $598.89
原因: VWAP空头突破: 偏离-0.14%, MACD转负
2025-06-12 09:54:03 | WARNING  | src.trading.executor:_check_trading_limits:301 | 已达到每日最大交易次数限制: 5
2025-06-12 09:54:03 | WARNING  | src.bot.trading_bot:_check_signals:209 | 信号执行失败: SHORT
2025-06-12 09:54:06 | INFO     | src.trading.executor:update_account_info:125 | 账户更新: 总值$99839.60, 买入力$391982.42
2025-06-12 09:54:06 | DEBUG    | src.bot.trading_bot:_update_market_data:177 | 市场数据更新完成
2025-06-12 09:54:06 | INFO     | src.strategy.signals:generate_signals:468 | 生成信号: SHORT - VWAP空头突破: 偏离-0.14%, MACD转负
2025-06-12 09:54:06 | INFO     | src.bot.trading_bot:_check_signals:195 | 检测到信号: SHORT 置信度: 0.85 原因: VWAP空头突破: 偏离-0.14%, MACD转负
2025-06-12 09:54:06 | INFO     | src.utils.notifications:send_message:63 | [GENERAL] 📡 交易信号
类型: SHORT
强度: MEDIUM
置信度: 0.85
价格: $598.89
原因: VWAP空头突破: 偏离-0.14%, MACD转负
2025-06-12 09:54:06 | WARNING  | src.trading.executor:_check_trading_limits:301 | 已达到每日最大交易次数限制: 5
2025-06-12 09:54:06 | WARNING  | src.bot.trading_bot:_check_signals:209 | 信号执行失败: SHORT
2025-06-12 09:54:09 | INFO     | src.trading.executor:update_account_info:125 | 账户更新: 总值$99861.60, 买入力$391982.42
2025-06-12 09:54:09 | DEBUG    | src.bot.trading_bot:_update_market_data:177 | 市场数据更新完成
2025-06-12 09:54:09 | INFO     | src.strategy.signals:generate_signals:468 | 生成信号: SHORT - VWAP空头突破: 偏离-0.14%, MACD转负
2025-06-12 09:54:09 | INFO     | src.bot.trading_bot:_check_signals:195 | 检测到信号: SHORT 置信度: 0.85 原因: VWAP空头突破: 偏离-0.14%, MACD转负
2025-06-12 09:54:09 | INFO     | src.utils.notifications:send_message:63 | [GENERAL] 📡 交易信号
类型: SHORT
强度: MEDIUM
置信度: 0.85
价格: $598.89
原因: VWAP空头突破: 偏离-0.14%, MACD转负
2025-06-12 09:54:09 | WARNING  | src.trading.executor:_check_trading_limits:301 | 已达到每日最大交易次数限制: 5
2025-06-12 09:54:09 | WARNING  | src.bot.trading_bot:_check_signals:209 | 信号执行失败: SHORT
2025-06-12 09:54:12 | INFO     | src.trading.executor:update_account_info:125 | 账户更新: 总值$99861.60, 买入力$391982.42
2025-06-12 09:54:12 | DEBUG    | src.bot.trading_bot:_update_market_data:177 | 市场数据更新完成
2025-06-12 09:54:16 | INFO     | src.trading.executor:update_account_info:125 | 账户更新: 总值$99839.60, 买入力$391982.42
2025-06-12 09:54:16 | DEBUG    | src.bot.trading_bot:_update_market_data:177 | 市场数据更新完成
2025-06-12 09:54:19 | INFO     | src.trading.executor:update_account_info:125 | 账户更新: 总值$99905.60, 买入力$391982.42
2025-06-12 09:54:19 | DEBUG    | src.bot.trading_bot:_update_market_data:177 | 市场数据更新完成
2025-06-12 09:54:22 | INFO     | src.trading.executor:update_account_info:125 | 账户更新: 总值$99861.60, 买入力$391982.42
2025-06-12 09:54:22 | DEBUG    | src.bot.trading_bot:_update_market_data:177 | 市场数据更新完成
2025-06-12 09:54:25 | INFO     | src.trading.executor:update_account_info:125 | 账户更新: 总值$99872.60, 买入力$391982.42
2025-06-12 09:54:25 | DEBUG    | src.bot.trading_bot:_update_market_data:177 | 市场数据更新完成
2025-06-12 09:54:29 | INFO     | src.trading.executor:update_account_info:125 | 账户更新: 总值$99883.60, 买入力$391982.42
2025-06-12 09:54:29 | DEBUG    | src.bot.trading_bot:_update_market_data:177 | 市场数据更新完成
2025-06-12 09:54:32 | INFO     | src.trading.executor:update_account_info:125 | 账户更新: 总值$99883.60, 买入力$391982.42
2025-06-12 09:54:32 | DEBUG    | src.bot.trading_bot:_update_market_data:177 | 市场数据更新完成
2025-06-12 09:54:35 | INFO     | src.trading.executor:update_account_info:125 | 账户更新: 总值$99872.60, 买入力$391982.42
2025-06-12 09:54:35 | DEBUG    | src.bot.trading_bot:_update_market_data:177 | 市场数据更新完成
2025-06-12 09:54:38 | INFO     | src.trading.executor:update_account_info:125 | 账户更新: 总值$99894.60, 买入力$391982.42
2025-06-12 09:54:38 | DEBUG    | src.bot.trading_bot:_update_market_data:177 | 市场数据更新完成
2025-06-12 09:54:41 | INFO     | src.trading.executor:update_account_info:125 | 账户更新: 总值$99982.60, 买入力$391982.42
2025-06-12 09:54:41 | DEBUG    | src.bot.trading_bot:_update_market_data:177 | 市场数据更新完成
2025-06-12 09:54:45 | INFO     | src.trading.executor:update_account_info:125 | 账户更新: 总值$99960.60, 买入力$391982.42
2025-06-12 09:54:45 | DEBUG    | src.bot.trading_bot:_update_market_data:177 | 市场数据更新完成
2025-06-12 09:54:45 | DEBUG    | src.bot.trading_bot:_update_positions_normal:249 | 📊 常规头寸更新完成
2025-06-12 09:54:48 | INFO     | src.trading.executor:update_account_info:125 | 账户更新: 总值$100015.60, 买入力$391982.42
2025-06-12 09:54:48 | DEBUG    | src.bot.trading_bot:_update_market_data:177 | 市场数据更新完成
2025-06-12 09:54:51 | INFO     | src.trading.executor:update_account_info:125 | 账户更新: 总值$100026.60, 买入力$391982.42
2025-06-12 09:54:51 | DEBUG    | src.bot.trading_bot:_update_market_data:177 | 市场数据更新完成
2025-06-12 09:54:54 | INFO     | src.trading.executor:update_account_info:125 | 账户更新: 总值$99982.60, 买入力$391982.42
2025-06-12 09:54:54 | DEBUG    | src.bot.trading_bot:_update_market_data:177 | 市场数据更新完成
2025-06-12 09:54:58 | INFO     | src.trading.executor:update_account_info:125 | 账户更新: 总值$100004.60, 买入力$391982.42
2025-06-12 09:54:58 | DEBUG    | src.bot.trading_bot:_update_market_data:177 | 市场数据更新完成
2025-06-12 09:55:01 | INFO     | src.trading.executor:update_account_info:125 | 账户更新: 总值$100015.60, 买入力$391982.42
2025-06-12 09:55:01 | DEBUG    | src.bot.trading_bot:_update_market_data:177 | 市场数据更新完成
2025-06-12 09:55:04 | INFO     | src.trading.executor:update_account_info:125 | 账户更新: 总值$100026.60, 买入力$391982.42
2025-06-12 09:55:04 | DEBUG    | src.bot.trading_bot:_update_market_data:177 | 市场数据更新完成
2025-06-12 09:55:08 | INFO     | src.trading.executor:update_account_info:125 | 账户更新: 总值$100070.60, 买入力$391982.42
2025-06-12 09:55:08 | DEBUG    | src.bot.trading_bot:_update_market_data:177 | 市场数据更新完成
2025-06-12 09:55:11 | INFO     | src.trading.executor:update_account_info:125 | 账户更新: 总值$100026.60, 买入力$391982.42
2025-06-12 09:55:11 | DEBUG    | src.bot.trading_bot:_update_market_data:177 | 市场数据更新完成
2025-06-12 09:55:14 | INFO     | src.trading.executor:update_account_info:125 | 账户更新: 总值$99960.60, 买入力$391982.42
2025-06-12 09:55:14 | DEBUG    | src.bot.trading_bot:_update_market_data:177 | 市场数据更新完成
2025-06-12 09:55:17 | INFO     | src.trading.executor:update_account_info:125 | 账户更新: 总值$99960.60, 买入力$391982.42
2025-06-12 09:55:17 | DEBUG    | src.bot.trading_bot:_update_market_data:177 | 市场数据更新完成
2025-06-12 09:55:21 | INFO     | src.trading.executor:update_account_info:125 | 账户更新: 总值$99960.60, 买入力$391982.42
2025-06-12 09:55:21 | DEBUG    | src.bot.trading_bot:_update_market_data:177 | 市场数据更新完成
2025-06-12 09:55:24 | INFO     | src.trading.executor:update_account_info:125 | 账户更新: 总值$99982.60, 买入力$391982.42
2025-06-12 09:55:24 | DEBUG    | src.bot.trading_bot:_update_market_data:177 | 市场数据更新完成
2025-06-12 09:55:27 | INFO     | src.trading.executor:update_account_info:125 | 账户更新: 总值$99949.60, 买入力$391982.42
2025-06-12 09:55:27 | DEBUG    | src.bot.trading_bot:_update_market_data:177 | 市场数据更新完成
2025-06-12 09:55:30 | INFO     | src.trading.executor:update_account_info:125 | 账户更新: 总值$99982.60, 买入力$391982.42
2025-06-12 09:55:30 | DEBUG    | src.bot.trading_bot:_update_market_data:177 | 市场数据更新完成
2025-06-12 09:55:33 | INFO     | src.trading.executor:update_account_info:125 | 账户更新: 总值$99971.60, 买入力$391982.42
2025-06-12 09:55:33 | DEBUG    | src.bot.trading_bot:_update_market_data:177 | 市场数据更新完成
2025-06-12 09:55:37 | INFO     | src.trading.executor:update_account_info:125 | 账户更新: 总值$99982.60, 买入力$391982.42
2025-06-12 09:55:37 | DEBUG    | src.bot.trading_bot:_update_market_data:177 | 市场数据更新完成
2025-06-12 09:55:40 | INFO     | src.trading.executor:update_account_info:125 | 账户更新: 总值$99993.60, 买入力$391982.42
2025-06-12 09:55:40 | DEBUG    | src.bot.trading_bot:_update_market_data:177 | 市场数据更新完成
2025-06-12 09:55:43 | INFO     | src.trading.executor:update_account_info:125 | 账户更新: 总值$99971.60, 买入力$391982.42
2025-06-12 09:55:43 | DEBUG    | src.bot.trading_bot:_update_market_data:177 | 市场数据更新完成
2025-06-12 09:55:46 | DEBUG    | src.bot.trading_bot:_update_positions_normal:249 | 📊 常规头寸更新完成
2025-06-12 09:55:46 | INFO     | src.trading.executor:update_account_info:125 | 账户更新: 总值$99960.60, 买入力$391982.42
2025-06-12 09:55:46 | DEBUG    | src.bot.trading_bot:_update_market_data:177 | 市场数据更新完成
2025-06-12 09:55:50 | INFO     | src.trading.executor:update_account_info:125 | 账户更新: 总值$99949.60, 买入力$391982.42
2025-06-12 09:55:50 | DEBUG    | src.bot.trading_bot:_update_market_data:177 | 市场数据更新完成
2025-06-12 09:55:53 | INFO     | src.trading.executor:update_account_info:125 | 账户更新: 总值$99927.60, 买入力$391982.42
2025-06-12 09:55:53 | DEBUG    | src.bot.trading_bot:_update_market_data:177 | 市场数据更新完成
2025-06-12 09:55:56 | INFO     | src.trading.executor:update_account_info:125 | 账户更新: 总值$99927.60, 买入力$391982.42
2025-06-12 09:55:56 | DEBUG    | src.bot.trading_bot:_update_market_data:177 | 市场数据更新完成
2025-06-12 09:55:59 | INFO     | src.trading.executor:update_account_info:125 | 账户更新: 总值$99905.60, 买入力$391982.42
2025-06-12 09:55:59 | DEBUG    | src.bot.trading_bot:_update_market_data:177 | 市场数据更新完成
2025-06-12 09:56:03 | INFO     | src.trading.executor:update_account_info:125 | 账户更新: 总值$99894.60, 买入力$391982.42
2025-06-12 09:56:03 | DEBUG    | src.bot.trading_bot:_update_market_data:177 | 市场数据更新完成
2025-06-12 09:56:06 | INFO     | src.trading.executor:update_account_info:125 | 账户更新: 总值$99927.60, 买入力$391982.42
2025-06-12 09:56:06 | DEBUG    | src.bot.trading_bot:_update_market_data:177 | 市场数据更新完成
2025-06-12 09:56:09 | INFO     | src.trading.executor:update_account_info:125 | 账户更新: 总值$99916.60, 买入力$391982.42
2025-06-12 09:56:09 | DEBUG    | src.bot.trading_bot:_update_market_data:177 | 市场数据更新完成
2025-06-12 09:56:12 | INFO     | src.trading.executor:update_account_info:125 | 账户更新: 总值$99916.60, 买入力$391982.42
2025-06-12 09:56:12 | DEBUG    | src.bot.trading_bot:_update_market_data:177 | 市场数据更新完成
2025-06-12 09:56:15 | INFO     | src.trading.executor:update_account_info:125 | 账户更新: 总值$99927.60, 买入力$391982.42
2025-06-12 09:56:15 | DEBUG    | src.bot.trading_bot:_update_market_data:177 | 市场数据更新完成
2025-06-12 09:56:19 | INFO     | src.trading.executor:update_account_info:125 | 账户更新: 总值$99938.60, 买入力$391982.42
2025-06-12 09:56:19 | DEBUG    | src.bot.trading_bot:_update_market_data:177 | 市场数据更新完成
2025-06-12 09:56:22 | INFO     | src.trading.executor:update_account_info:125 | 账户更新: 总值$99982.60, 买入力$391982.42
2025-06-12 09:56:22 | DEBUG    | src.bot.trading_bot:_update_market_data:177 | 市场数据更新完成
2025-06-12 09:56:25 | INFO     | src.trading.executor:update_account_info:125 | 账户更新: 总值$99960.60, 买入力$391982.42
2025-06-12 09:56:25 | DEBUG    | src.bot.trading_bot:_update_market_data:177 | 市场数据更新完成
2025-06-12 09:56:28 | INFO     | src.trading.executor:update_account_info:125 | 账户更新: 总值$99949.60, 买入力$391982.42
2025-06-12 09:56:28 | DEBUG    | src.bot.trading_bot:_update_market_data:177 | 市场数据更新完成
2025-06-12 09:56:32 | INFO     | src.trading.executor:update_account_info:125 | 账户更新: 总值$99993.60, 买入力$391982.42
2025-06-12 09:56:32 | DEBUG    | src.bot.trading_bot:_update_market_data:177 | 市场数据更新完成
2025-06-12 09:56:35 | INFO     | src.trading.executor:update_account_info:125 | 账户更新: 总值$99982.60, 买入力$391982.42
2025-06-12 09:56:35 | DEBUG    | src.bot.trading_bot:_update_market_data:177 | 市场数据更新完成
2025-06-12 09:56:38 | INFO     | src.trading.executor:update_account_info:125 | 账户更新: 总值$99971.60, 买入力$391982.42
2025-06-12 09:56:38 | DEBUG    | src.bot.trading_bot:_update_market_data:177 | 市场数据更新完成
2025-06-12 09:56:42 | INFO     | src.trading.executor:update_account_info:125 | 账户更新: 总值$99949.60, 买入力$391982.42
2025-06-12 09:56:42 | DEBUG    | src.bot.trading_bot:_update_market_data:177 | 市场数据更新完成
2025-06-12 09:56:45 | INFO     | src.trading.executor:update_account_info:125 | 账户更新: 总值$99960.60, 买入力$391982.42
2025-06-12 09:56:45 | DEBUG    | src.bot.trading_bot:_update_market_data:177 | 市场数据更新完成
2025-06-12 09:56:46 | DEBUG    | src.bot.trading_bot:_update_positions_normal:249 | 📊 常规头寸更新完成
2025-06-12 09:56:48 | INFO     | src.trading.executor:update_account_info:125 | 账户更新: 总值$99960.60, 买入力$391982.42
2025-06-12 09:56:48 | DEBUG    | src.bot.trading_bot:_update_market_data:177 | 市场数据更新完成
2025-06-12 09:56:51 | INFO     | src.trading.executor:update_account_info:125 | 账户更新: 总值$99960.60, 买入力$391982.42
2025-06-12 09:56:51 | DEBUG    | src.bot.trading_bot:_update_market_data:177 | 市场数据更新完成
2025-06-12 09:56:55 | INFO     | src.trading.executor:update_account_info:125 | 账户更新: 总值$99960.60, 买入力$391982.42
2025-06-12 09:56:55 | DEBUG    | src.bot.trading_bot:_update_market_data:177 | 市场数据更新完成
2025-06-12 09:56:58 | INFO     | src.trading.executor:update_account_info:125 | 账户更新: 总值$99960.60, 买入力$391982.42
2025-06-12 09:56:58 | DEBUG    | src.bot.trading_bot:_update_market_data:177 | 市场数据更新完成
2025-06-12 09:57:01 | INFO     | src.trading.executor:update_account_info:125 | 账户更新: 总值$99982.60, 买入力$391982.42
2025-06-12 09:57:01 | DEBUG    | src.bot.trading_bot:_update_market_data:177 | 市场数据更新完成
2025-06-12 09:57:05 | INFO     | src.trading.executor:update_account_info:125 | 账户更新: 总值$100015.60, 买入力$391982.42
2025-06-12 09:57:05 | DEBUG    | src.bot.trading_bot:_update_market_data:177 | 市场数据更新完成
2025-06-12 09:57:08 | INFO     | src.trading.executor:update_account_info:125 | 账户更新: 总值$100004.60, 买入力$391982.42
2025-06-12 09:57:08 | DEBUG    | src.bot.trading_bot:_update_market_data:177 | 市场数据更新完成
2025-06-12 09:57:11 | INFO     | src.trading.executor:update_account_info:125 | 账户更新: 总值$99960.60, 买入力$391982.42
2025-06-12 09:57:11 | DEBUG    | src.bot.trading_bot:_update_market_data:177 | 市场数据更新完成
2025-06-12 09:57:14 | INFO     | src.trading.executor:update_account_info:125 | 账户更新: 总值$99938.60, 买入力$391982.42
2025-06-12 09:57:14 | DEBUG    | src.bot.trading_bot:_update_market_data:177 | 市场数据更新完成
2025-06-12 09:57:17 | INFO     | src.trading.executor:update_account_info:125 | 账户更新: 总值$99916.60, 买入力$391982.42
2025-06-12 09:57:17 | DEBUG    | src.bot.trading_bot:_update_market_data:177 | 市场数据更新完成
2025-06-12 09:57:21 | INFO     | src.trading.executor:update_account_info:125 | 账户更新: 总值$99938.60, 买入力$391982.42
2025-06-12 09:57:21 | DEBUG    | src.bot.trading_bot:_update_market_data:177 | 市场数据更新完成
2025-06-12 09:57:24 | INFO     | src.trading.executor:update_account_info:125 | 账户更新: 总值$99949.60, 买入力$391982.42
2025-06-12 09:57:24 | DEBUG    | src.bot.trading_bot:_update_market_data:177 | 市场数据更新完成
2025-06-12 09:57:27 | INFO     | src.trading.executor:update_account_info:125 | 账户更新: 总值$99982.60, 买入力$391982.42
2025-06-12 09:57:27 | DEBUG    | src.bot.trading_bot:_update_market_data:177 | 市场数据更新完成
2025-06-12 09:57:30 | INFO     | src.trading.executor:update_account_info:125 | 账户更新: 总值$99982.60, 买入力$391982.42
2025-06-12 09:57:30 | DEBUG    | src.bot.trading_bot:_update_market_data:177 | 市场数据更新完成
2025-06-12 09:57:34 | INFO     | src.trading.executor:update_account_info:125 | 账户更新: 总值$99993.60, 买入力$391982.42
2025-06-12 09:57:34 | DEBUG    | src.bot.trading_bot:_update_market_data:177 | 市场数据更新完成
2025-06-12 09:57:37 | INFO     | src.trading.executor:update_account_info:125 | 账户更新: 总值$99982.60, 买入力$391982.42
2025-06-12 09:57:37 | DEBUG    | src.bot.trading_bot:_update_market_data:177 | 市场数据更新完成
2025-06-12 09:57:40 | INFO     | src.trading.executor:update_account_info:125 | 账户更新: 总值$100004.60, 买入力$391982.42
2025-06-12 09:57:40 | DEBUG    | src.bot.trading_bot:_update_market_data:177 | 市场数据更新完成
2025-06-12 09:57:43 | INFO     | src.trading.executor:update_account_info:125 | 账户更新: 总值$100004.60, 买入力$391982.42
2025-06-12 09:57:43 | DEBUG    | src.bot.trading_bot:_update_market_data:177 | 市场数据更新完成
2025-06-12 09:57:46 | DEBUG    | src.bot.trading_bot:_update_positions_normal:249 | 📊 常规头寸更新完成
2025-06-12 09:57:47 | INFO     | src.trading.executor:update_account_info:125 | 账户更新: 总值$99982.60, 买入力$391982.42
2025-06-12 09:57:47 | DEBUG    | src.bot.trading_bot:_update_market_data:177 | 市场数据更新完成
2025-06-12 09:57:50 | INFO     | src.trading.executor:update_account_info:125 | 账户更新: 总值$99949.60, 买入力$391982.42
2025-06-12 09:57:50 | DEBUG    | src.bot.trading_bot:_update_market_data:177 | 市场数据更新完成
2025-06-12 09:57:53 | INFO     | src.trading.executor:update_account_info:125 | 账户更新: 总值$99938.60, 买入力$391982.42
2025-06-12 09:57:53 | DEBUG    | src.bot.trading_bot:_update_market_data:177 | 市场数据更新完成
2025-06-12 09:57:56 | INFO     | src.trading.executor:update_account_info:125 | 账户更新: 总值$99927.60, 买入力$391982.42
2025-06-12 09:57:56 | DEBUG    | src.bot.trading_bot:_update_market_data:177 | 市场数据更新完成
2025-06-12 09:57:59 | INFO     | src.trading.executor:update_account_info:125 | 账户更新: 总值$99938.60, 买入力$391982.42
2025-06-12 09:57:59 | DEBUG    | src.bot.trading_bot:_update_market_data:177 | 市场数据更新完成
2025-06-12 09:58:03 | INFO     | src.trading.executor:update_account_info:125 | 账户更新: 总值$99960.60, 买入力$391982.42
2025-06-12 09:58:03 | DEBUG    | src.bot.trading_bot:_update_market_data:177 | 市场数据更新完成
2025-06-12 09:58:06 | INFO     | src.trading.executor:update_account_info:125 | 账户更新: 总值$99982.60, 买入力$391982.42
2025-06-12 09:58:06 | DEBUG    | src.bot.trading_bot:_update_market_data:177 | 市场数据更新完成
2025-06-12 09:58:09 | INFO     | src.trading.executor:update_account_info:125 | 账户更新: 总值$100037.60, 买入力$391982.42
2025-06-12 09:58:09 | DEBUG    | src.bot.trading_bot:_update_market_data:177 | 市场数据更新完成
2025-06-12 09:58:13 | INFO     | src.trading.executor:update_account_info:125 | 账户更新: 总值$100037.60, 买入力$391982.42
2025-06-12 09:58:13 | DEBUG    | src.bot.trading_bot:_update_market_data:177 | 市场数据更新完成
2025-06-12 09:58:16 | INFO     | src.trading.executor:update_account_info:125 | 账户更新: 总值$100037.60, 买入力$391982.42
2025-06-12 09:58:16 | DEBUG    | src.bot.trading_bot:_update_market_data:177 | 市场数据更新完成
2025-06-12 09:58:19 | INFO     | src.trading.executor:update_account_info:125 | 账户更新: 总值$100048.60, 买入力$391982.42
2025-06-12 09:58:19 | DEBUG    | src.bot.trading_bot:_update_market_data:177 | 市场数据更新完成
2025-06-12 09:58:22 | INFO     | src.trading.executor:update_account_info:125 | 账户更新: 总值$100070.60, 买入力$391982.42
2025-06-12 09:58:22 | DEBUG    | src.bot.trading_bot:_update_market_data:177 | 市场数据更新完成
2025-06-12 09:58:25 | INFO     | src.trading.executor:update_account_info:125 | 账户更新: 总值$100037.60, 买入力$391982.42
2025-06-12 09:58:25 | DEBUG    | src.bot.trading_bot:_update_market_data:177 | 市场数据更新完成
2025-06-12 09:58:29 | INFO     | src.trading.executor:update_account_info:125 | 账户更新: 总值$100015.60, 买入力$391982.42
2025-06-12 09:58:29 | DEBUG    | src.bot.trading_bot:_update_market_data:177 | 市场数据更新完成
2025-06-12 09:58:32 | INFO     | src.trading.executor:update_account_info:125 | 账户更新: 总值$100026.60, 买入力$391982.42
2025-06-12 09:58:32 | DEBUG    | src.bot.trading_bot:_update_market_data:177 | 市场数据更新完成
2025-06-12 09:58:35 | INFO     | src.trading.executor:update_account_info:125 | 账户更新: 总值$99993.60, 买入力$391982.42
2025-06-12 09:58:35 | DEBUG    | src.bot.trading_bot:_update_market_data:177 | 市场数据更新完成
2025-06-12 09:58:38 | INFO     | src.trading.executor:update_account_info:125 | 账户更新: 总值$99982.60, 买入力$391982.42
2025-06-12 09:58:38 | DEBUG    | src.bot.trading_bot:_update_market_data:177 | 市场数据更新完成
2025-06-12 09:58:42 | INFO     | src.trading.executor:update_account_info:125 | 账户更新: 总值$99982.60, 买入力$391982.42
2025-06-12 09:58:42 | DEBUG    | src.bot.trading_bot:_update_market_data:177 | 市场数据更新完成
2025-06-12 09:58:45 | INFO     | src.trading.executor:update_account_info:125 | 账户更新: 总值$99927.60, 买入力$391982.42
2025-06-12 09:58:45 | DEBUG    | src.bot.trading_bot:_update_market_data:177 | 市场数据更新完成
2025-06-12 09:58:46 | DEBUG    | src.bot.trading_bot:_update_positions_normal:249 | 📊 常规头寸更新完成
2025-06-12 09:58:48 | INFO     | src.trading.executor:update_account_info:125 | 账户更新: 总值$99916.60, 买入力$391982.42
2025-06-12 09:58:48 | DEBUG    | src.bot.trading_bot:_update_market_data:177 | 市场数据更新完成
2025-06-12 09:58:51 | INFO     | src.trading.executor:update_account_info:125 | 账户更新: 总值$99949.60, 买入力$391982.42
2025-06-12 09:58:51 | DEBUG    | src.bot.trading_bot:_update_market_data:177 | 市场数据更新完成
2025-06-12 09:58:55 | INFO     | src.trading.executor:update_account_info:125 | 账户更新: 总值$99949.60, 买入力$391982.42
2025-06-12 09:58:55 | DEBUG    | src.bot.trading_bot:_update_market_data:177 | 市场数据更新完成
2025-06-12 09:58:58 | INFO     | src.trading.executor:update_account_info:125 | 账户更新: 总值$99971.60, 买入力$391982.42
2025-06-12 09:58:58 | DEBUG    | src.bot.trading_bot:_update_market_data:177 | 市场数据更新完成
2025-06-12 09:59:01 | INFO     | src.trading.executor:update_account_info:125 | 账户更新: 总值$99982.60, 买入力$391982.42
2025-06-12 09:59:01 | DEBUG    | src.bot.trading_bot:_update_market_data:177 | 市场数据更新完成
2025-06-12 09:59:05 | INFO     | src.trading.executor:update_account_info:125 | 账户更新: 总值$99993.60, 买入力$391982.42
2025-06-12 09:59:05 | DEBUG    | src.bot.trading_bot:_update_market_data:177 | 市场数据更新完成
2025-06-12 09:59:08 | INFO     | src.trading.executor:update_account_info:125 | 账户更新: 总值$99982.60, 买入力$391982.42
2025-06-12 09:59:08 | DEBUG    | src.bot.trading_bot:_update_market_data:177 | 市场数据更新完成
2025-06-12 09:59:11 | INFO     | src.trading.executor:update_account_info:125 | 账户更新: 总值$99993.60, 买入力$391982.42
2025-06-12 09:59:11 | DEBUG    | src.bot.trading_bot:_update_market_data:177 | 市场数据更新完成
2025-06-12 09:59:15 | INFO     | src.trading.executor:update_account_info:125 | 账户更新: 总值$100026.60, 买入力$391982.42
2025-06-12 09:59:15 | DEBUG    | src.bot.trading_bot:_update_market_data:177 | 市场数据更新完成
2025-06-12 09:59:18 | INFO     | src.trading.executor:update_account_info:125 | 账户更新: 总值$100004.60, 买入力$391982.42
2025-06-12 09:59:18 | DEBUG    | src.bot.trading_bot:_update_market_data:177 | 市场数据更新完成
2025-06-12 09:59:21 | INFO     | src.trading.executor:update_account_info:125 | 账户更新: 总值$100004.60, 买入力$391982.42
2025-06-12 09:59:21 | DEBUG    | src.bot.trading_bot:_update_market_data:177 | 市场数据更新完成
2025-06-12 09:59:24 | INFO     | src.trading.executor:update_account_info:125 | 账户更新: 总值$100004.60, 买入力$391982.42
2025-06-12 09:59:24 | DEBUG    | src.bot.trading_bot:_update_market_data:177 | 市场数据更新完成
2025-06-12 09:59:28 | INFO     | src.trading.executor:update_account_info:125 | 账户更新: 总值$100004.60, 买入力$391982.42
2025-06-12 09:59:28 | DEBUG    | src.bot.trading_bot:_update_market_data:177 | 市场数据更新完成
2025-06-12 09:59:31 | INFO     | src.trading.executor:update_account_info:125 | 账户更新: 总值$99993.60, 买入力$391982.42
2025-06-12 09:59:31 | DEBUG    | src.bot.trading_bot:_update_market_data:177 | 市场数据更新完成
2025-06-12 09:59:34 | INFO     | src.trading.executor:update_account_info:125 | 账户更新: 总值$99993.60, 买入力$391982.42
2025-06-12 09:59:34 | DEBUG    | src.bot.trading_bot:_update_market_data:177 | 市场数据更新完成
2025-06-12 09:59:37 | INFO     | src.trading.executor:update_account_info:125 | 账户更新: 总值$100026.60, 买入力$391982.42
2025-06-12 09:59:37 | DEBUG    | src.bot.trading_bot:_update_market_data:177 | 市场数据更新完成
2025-06-12 09:59:41 | INFO     | src.trading.executor:update_account_info:125 | 账户更新: 总值$100147.60, 买入力$391982.42
2025-06-12 09:59:41 | DEBUG    | src.bot.trading_bot:_update_market_data:177 | 市场数据更新完成
2025-06-12 09:59:44 | INFO     | src.trading.executor:update_account_info:125 | 账户更新: 总值$100103.60, 买入力$391982.42
2025-06-12 09:59:44 | DEBUG    | src.bot.trading_bot:_update_market_data:177 | 市场数据更新完成
2025-06-12 09:59:47 | DEBUG    | src.bot.trading_bot:_update_positions_normal:249 | 📊 常规头寸更新完成
2025-06-12 09:59:47 | INFO     | src.trading.executor:update_account_info:125 | 账户更新: 总值$100081.60, 买入力$391982.42
2025-06-12 09:59:47 | DEBUG    | src.bot.trading_bot:_update_market_data:177 | 市场数据更新完成
2025-06-12 09:59:50 | INFO     | src.trading.executor:update_account_info:125 | 账户更新: 总值$100092.60, 买入力$391982.42
2025-06-12 09:59:50 | DEBUG    | src.bot.trading_bot:_update_market_data:177 | 市场数据更新完成
2025-06-12 09:59:53 | INFO     | src.trading.executor:update_account_info:125 | 账户更新: 总值$100081.60, 买入力$391982.42
2025-06-12 09:59:53 | DEBUG    | src.bot.trading_bot:_update_market_data:177 | 市场数据更新完成
2025-06-12 09:59:57 | INFO     | src.trading.executor:update_account_info:125 | 账户更新: 总值$100070.60, 买入力$391982.42
2025-06-12 09:59:57 | DEBUG    | src.bot.trading_bot:_update_market_data:177 | 市场数据更新完成
2025-06-12 10:00:00 | INFO     | src.trading.executor:update_account_info:125 | 账户更新: 总值$100081.60, 买入力$391982.42
2025-06-12 10:00:00 | DEBUG    | src.bot.trading_bot:_update_market_data:177 | 市场数据更新完成
2025-06-12 10:00:03 | INFO     | src.trading.executor:update_account_info:125 | 账户更新: 总值$100092.60, 买入力$391982.42
2025-06-12 10:00:03 | DEBUG    | src.bot.trading_bot:_update_market_data:177 | 市场数据更新完成
2025-06-12 10:00:06 | INFO     | src.trading.executor:update_account_info:125 | 账户更新: 总值$100103.60, 买入力$391982.42
2025-06-12 10:00:06 | DEBUG    | src.bot.trading_bot:_update_market_data:177 | 市场数据更新完成
2025-06-12 10:00:10 | INFO     | src.trading.executor:update_account_info:125 | 账户更新: 总值$100103.60, 买入力$391982.42
2025-06-12 10:00:10 | DEBUG    | src.bot.trading_bot:_update_market_data:177 | 市场数据更新完成
2025-06-12 10:00:10 | INFO     | src.strategy.signals:generate_signals:468 | 生成信号: SHORT - VWAP空头突破: 偏离-0.16%, MACD转负
2025-06-12 10:00:10 | INFO     | src.bot.trading_bot:_check_signals:195 | 检测到信号: SHORT 置信度: 0.85 原因: VWAP空头突破: 偏离-0.16%, MACD转负
2025-06-12 10:00:10 | INFO     | src.utils.notifications:send_message:63 | [GENERAL] 📡 交易信号
类型: SHORT
强度: MEDIUM
置信度: 0.85
价格: $598.75
原因: VWAP空头突破: 偏离-0.16%, MACD转负
2025-06-12 10:00:10 | WARNING  | src.trading.executor:_check_trading_limits:301 | 已达到每日最大交易次数限制: 5
2025-06-12 10:00:10 | WARNING  | src.bot.trading_bot:_check_signals:209 | 信号执行失败: SHORT
2025-06-12 10:00:13 | INFO     | src.trading.executor:update_account_info:125 | 账户更新: 总值$100103.60, 买入力$391982.42
2025-06-12 10:00:13 | DEBUG    | src.bot.trading_bot:_update_market_data:177 | 市场数据更新完成
2025-06-12 10:00:13 | INFO     | src.strategy.signals:generate_signals:468 | 生成信号: SHORT - VWAP空头突破: 偏离-0.16%, MACD转负
2025-06-12 10:00:13 | INFO     | src.bot.trading_bot:_check_signals:195 | 检测到信号: SHORT 置信度: 0.85 原因: VWAP空头突破: 偏离-0.16%, MACD转负
2025-06-12 10:00:13 | INFO     | src.utils.notifications:send_message:63 | [GENERAL] 📡 交易信号
类型: SHORT
强度: MEDIUM
置信度: 0.85
价格: $598.75
原因: VWAP空头突破: 偏离-0.16%, MACD转负
2025-06-12 10:00:13 | WARNING  | src.trading.executor:_check_trading_limits:301 | 已达到每日最大交易次数限制: 5
2025-06-12 10:00:13 | WARNING  | src.bot.trading_bot:_check_signals:209 | 信号执行失败: SHORT
2025-06-12 10:00:16 | INFO     | src.trading.executor:update_account_info:125 | 账户更新: 总值$100114.60, 买入力$391982.42
2025-06-12 10:00:16 | DEBUG    | src.bot.trading_bot:_update_market_data:177 | 市场数据更新完成
2025-06-12 10:00:16 | INFO     | src.strategy.signals:generate_signals:468 | 生成信号: SHORT - VWAP空头突破: 偏离-0.16%, MACD转负
2025-06-12 10:00:16 | INFO     | src.bot.trading_bot:_check_signals:195 | 检测到信号: SHORT 置信度: 0.85 原因: VWAP空头突破: 偏离-0.16%, MACD转负
2025-06-12 10:00:16 | INFO     | src.utils.notifications:send_message:63 | [GENERAL] 📡 交易信号
类型: SHORT
强度: MEDIUM
置信度: 0.85
价格: $598.75
原因: VWAP空头突破: 偏离-0.16%, MACD转负
2025-06-12 10:00:16 | WARNING  | src.trading.executor:_check_trading_limits:301 | 已达到每日最大交易次数限制: 5
2025-06-12 10:00:16 | WARNING  | src.bot.trading_bot:_check_signals:209 | 信号执行失败: SHORT
2025-06-12 10:00:20 | INFO     | src.trading.executor:update_account_info:125 | 账户更新: 总值$100092.60, 买入力$391982.42
2025-06-12 10:00:20 | DEBUG    | src.bot.trading_bot:_update_market_data:177 | 市场数据更新完成
2025-06-12 10:00:20 | INFO     | src.strategy.signals:generate_signals:468 | 生成信号: SHORT - VWAP空头突破: 偏离-0.16%, MACD转负
2025-06-12 10:00:20 | INFO     | src.bot.trading_bot:_check_signals:195 | 检测到信号: SHORT 置信度: 0.85 原因: VWAP空头突破: 偏离-0.16%, MACD转负
2025-06-12 10:00:20 | INFO     | src.utils.notifications:send_message:63 | [GENERAL] 📡 交易信号
类型: SHORT
强度: MEDIUM
置信度: 0.85
价格: $598.75
原因: VWAP空头突破: 偏离-0.16%, MACD转负
2025-06-12 10:00:20 | WARNING  | src.trading.executor:_check_trading_limits:301 | 已达到每日最大交易次数限制: 5
2025-06-12 10:00:20 | WARNING  | src.bot.trading_bot:_check_signals:209 | 信号执行失败: SHORT
2025-06-12 10:00:23 | INFO     | src.trading.executor:update_account_info:125 | 账户更新: 总值$100114.60, 买入力$391982.42
2025-06-12 10:00:23 | DEBUG    | src.bot.trading_bot:_update_market_data:177 | 市场数据更新完成
2025-06-12 10:00:23 | INFO     | src.strategy.signals:generate_signals:468 | 生成信号: SHORT - VWAP空头突破: 偏离-0.16%, MACD转负
2025-06-12 10:00:23 | INFO     | src.bot.trading_bot:_check_signals:195 | 检测到信号: SHORT 置信度: 0.85 原因: VWAP空头突破: 偏离-0.16%, MACD转负
2025-06-12 10:00:23 | INFO     | src.utils.notifications:send_message:63 | [GENERAL] 📡 交易信号
类型: SHORT
强度: MEDIUM
置信度: 0.85
价格: $598.75
原因: VWAP空头突破: 偏离-0.16%, MACD转负
2025-06-12 10:00:23 | WARNING  | src.trading.executor:_check_trading_limits:301 | 已达到每日最大交易次数限制: 5
2025-06-12 10:00:23 | WARNING  | src.bot.trading_bot:_check_signals:209 | 信号执行失败: SHORT
2025-06-12 10:00:26 | INFO     | src.trading.executor:update_account_info:125 | 账户更新: 总值$100070.60, 买入力$391982.42
2025-06-12 10:00:26 | DEBUG    | src.bot.trading_bot:_update_market_data:177 | 市场数据更新完成
2025-06-12 10:00:26 | INFO     | src.strategy.signals:generate_signals:468 | 生成信号: SHORT - VWAP空头突破: 偏离-0.16%, MACD转负
2025-06-12 10:00:26 | INFO     | src.bot.trading_bot:_check_signals:195 | 检测到信号: SHORT 置信度: 0.85 原因: VWAP空头突破: 偏离-0.16%, MACD转负
2025-06-12 10:00:26 | INFO     | src.utils.notifications:send_message:63 | [GENERAL] 📡 交易信号
类型: SHORT
强度: MEDIUM
置信度: 0.85
价格: $598.75
原因: VWAP空头突破: 偏离-0.16%, MACD转负
2025-06-12 10:00:26 | WARNING  | src.trading.executor:_check_trading_limits:301 | 已达到每日最大交易次数限制: 5
2025-06-12 10:00:26 | WARNING  | src.bot.trading_bot:_check_signals:209 | 信号执行失败: SHORT
2025-06-12 10:00:29 | INFO     | src.trading.executor:update_account_info:125 | 账户更新: 总值$100081.60, 买入力$391982.42
2025-06-12 10:00:29 | DEBUG    | src.bot.trading_bot:_update_market_data:177 | 市场数据更新完成
2025-06-12 10:00:29 | INFO     | src.strategy.signals:generate_signals:468 | 生成信号: SHORT - VWAP空头突破: 偏离-0.16%, MACD转负
2025-06-12 10:00:29 | INFO     | src.bot.trading_bot:_check_signals:195 | 检测到信号: SHORT 置信度: 0.85 原因: VWAP空头突破: 偏离-0.16%, MACD转负
2025-06-12 10:00:29 | INFO     | src.utils.notifications:send_message:63 | [GENERAL] 📡 交易信号
类型: SHORT
强度: MEDIUM
置信度: 0.85
价格: $598.75
原因: VWAP空头突破: 偏离-0.16%, MACD转负
2025-06-12 10:00:29 | WARNING  | src.trading.executor:_check_trading_limits:301 | 已达到每日最大交易次数限制: 5
2025-06-12 10:00:29 | WARNING  | src.bot.trading_bot:_check_signals:209 | 信号执行失败: SHORT
2025-06-12 10:00:32 | INFO     | src.trading.executor:update_account_info:125 | 账户更新: 总值$100070.60, 买入力$391982.42
2025-06-12 10:00:32 | DEBUG    | src.bot.trading_bot:_update_market_data:177 | 市场数据更新完成
2025-06-12 10:00:32 | INFO     | src.strategy.signals:generate_signals:468 | 生成信号: SHORT - VWAP空头突破: 偏离-0.16%, MACD转负
2025-06-12 10:00:32 | INFO     | src.bot.trading_bot:_check_signals:195 | 检测到信号: SHORT 置信度: 0.85 原因: VWAP空头突破: 偏离-0.16%, MACD转负
2025-06-12 10:00:32 | INFO     | src.utils.notifications:send_message:63 | [GENERAL] 📡 交易信号
类型: SHORT
强度: MEDIUM
置信度: 0.85
价格: $598.75
原因: VWAP空头突破: 偏离-0.16%, MACD转负
2025-06-12 10:00:32 | WARNING  | src.trading.executor:_check_trading_limits:301 | 已达到每日最大交易次数限制: 5
2025-06-12 10:00:32 | WARNING  | src.bot.trading_bot:_check_signals:209 | 信号执行失败: SHORT
2025-06-12 10:00:36 | INFO     | src.trading.executor:update_account_info:125 | 账户更新: 总值$100070.60, 买入力$391982.42
2025-06-12 10:00:36 | DEBUG    | src.bot.trading_bot:_update_market_data:177 | 市场数据更新完成
2025-06-12 10:00:36 | INFO     | src.strategy.signals:generate_signals:468 | 生成信号: SHORT - VWAP空头突破: 偏离-0.16%, MACD转负
2025-06-12 10:00:36 | INFO     | src.bot.trading_bot:_check_signals:195 | 检测到信号: SHORT 置信度: 0.85 原因: VWAP空头突破: 偏离-0.16%, MACD转负
2025-06-12 10:00:36 | INFO     | src.utils.notifications:send_message:63 | [GENERAL] 📡 交易信号
类型: SHORT
强度: MEDIUM
置信度: 0.85
价格: $598.75
原因: VWAP空头突破: 偏离-0.16%, MACD转负
2025-06-12 10:00:36 | WARNING  | src.trading.executor:_check_trading_limits:301 | 已达到每日最大交易次数限制: 5
2025-06-12 10:00:36 | WARNING  | src.bot.trading_bot:_check_signals:209 | 信号执行失败: SHORT
2025-06-12 10:00:39 | INFO     | src.trading.executor:update_account_info:125 | 账户更新: 总值$100048.60, 买入力$391982.42
2025-06-12 10:00:39 | DEBUG    | src.bot.trading_bot:_update_market_data:177 | 市场数据更新完成
2025-06-12 10:00:39 | INFO     | src.strategy.signals:generate_signals:468 | 生成信号: SHORT - VWAP空头突破: 偏离-0.16%, MACD转负
2025-06-12 10:00:39 | INFO     | src.bot.trading_bot:_check_signals:195 | 检测到信号: SHORT 置信度: 0.85 原因: VWAP空头突破: 偏离-0.16%, MACD转负
2025-06-12 10:00:39 | INFO     | src.utils.notifications:send_message:63 | [GENERAL] 📡 交易信号
类型: SHORT
强度: MEDIUM
置信度: 0.85
价格: $598.75
原因: VWAP空头突破: 偏离-0.16%, MACD转负
2025-06-12 10:00:39 | WARNING  | src.trading.executor:_check_trading_limits:301 | 已达到每日最大交易次数限制: 5
2025-06-12 10:00:39 | WARNING  | src.bot.trading_bot:_check_signals:209 | 信号执行失败: SHORT
2025-06-12 10:00:42 | INFO     | src.trading.executor:update_account_info:125 | 账户更新: 总值$100070.60, 买入力$391982.42
2025-06-12 10:00:42 | DEBUG    | src.bot.trading_bot:_update_market_data:177 | 市场数据更新完成
2025-06-12 10:00:42 | INFO     | src.strategy.signals:generate_signals:468 | 生成信号: SHORT - VWAP空头突破: 偏离-0.16%, MACD转负
2025-06-12 10:00:42 | INFO     | src.bot.trading_bot:_check_signals:195 | 检测到信号: SHORT 置信度: 0.85 原因: VWAP空头突破: 偏离-0.16%, MACD转负
2025-06-12 10:00:42 | INFO     | src.utils.notifications:send_message:63 | [GENERAL] 📡 交易信号
类型: SHORT
强度: MEDIUM
置信度: 0.85
价格: $598.75
原因: VWAP空头突破: 偏离-0.16%, MACD转负
2025-06-12 10:00:42 | WARNING  | src.trading.executor:_check_trading_limits:301 | 已达到每日最大交易次数限制: 5
2025-06-12 10:00:42 | WARNING  | src.bot.trading_bot:_check_signals:209 | 信号执行失败: SHORT
2025-06-12 10:00:46 | INFO     | src.trading.executor:update_account_info:125 | 账户更新: 总值$100015.60, 买入力$391982.42
2025-06-12 10:00:46 | DEBUG    | src.bot.trading_bot:_update_market_data:177 | 市场数据更新完成
2025-06-12 10:00:46 | INFO     | src.strategy.signals:generate_signals:468 | 生成信号: SHORT - VWAP空头突破: 偏离-0.16%, MACD转负
2025-06-12 10:00:46 | INFO     | src.bot.trading_bot:_check_signals:195 | 检测到信号: SHORT 置信度: 0.85 原因: VWAP空头突破: 偏离-0.16%, MACD转负
2025-06-12 10:00:46 | INFO     | src.utils.notifications:send_message:63 | [GENERAL] 📡 交易信号
类型: SHORT
强度: MEDIUM
置信度: 0.85
价格: $598.75
原因: VWAP空头突破: 偏离-0.16%, MACD转负
2025-06-12 10:00:46 | WARNING  | src.trading.executor:_check_trading_limits:301 | 已达到每日最大交易次数限制: 5
2025-06-12 10:00:46 | WARNING  | src.bot.trading_bot:_check_signals:209 | 信号执行失败: SHORT
2025-06-12 10:00:47 | DEBUG    | src.bot.trading_bot:_update_positions_normal:249 | 📊 常规头寸更新完成
2025-06-12 10:00:49 | INFO     | src.trading.executor:update_account_info:125 | 账户更新: 总值$100015.60, 买入力$391982.42
2025-06-12 10:00:49 | DEBUG    | src.bot.trading_bot:_update_market_data:177 | 市场数据更新完成
2025-06-12 10:00:49 | INFO     | src.strategy.signals:generate_signals:468 | 生成信号: SHORT - VWAP空头突破: 偏离-0.16%, MACD转负
2025-06-12 10:00:49 | INFO     | src.bot.trading_bot:_check_signals:195 | 检测到信号: SHORT 置信度: 0.85 原因: VWAP空头突破: 偏离-0.16%, MACD转负
2025-06-12 10:00:49 | INFO     | src.utils.notifications:send_message:63 | [GENERAL] 📡 交易信号
类型: SHORT
强度: MEDIUM
置信度: 0.85
价格: $598.75
原因: VWAP空头突破: 偏离-0.16%, MACD转负
2025-06-12 10:00:49 | WARNING  | src.trading.executor:_check_trading_limits:301 | 已达到每日最大交易次数限制: 5
2025-06-12 10:00:49 | WARNING  | src.bot.trading_bot:_check_signals:209 | 信号执行失败: SHORT
2025-06-12 10:00:52 | INFO     | src.trading.executor:update_account_info:125 | 账户更新: 总值$100015.60, 买入力$391982.42
2025-06-12 10:00:52 | DEBUG    | src.bot.trading_bot:_update_market_data:177 | 市场数据更新完成
2025-06-12 10:00:52 | INFO     | src.strategy.signals:generate_signals:468 | 生成信号: SHORT - VWAP空头突破: 偏离-0.16%, MACD转负
2025-06-12 10:00:52 | INFO     | src.bot.trading_bot:_check_signals:195 | 检测到信号: SHORT 置信度: 0.85 原因: VWAP空头突破: 偏离-0.16%, MACD转负
2025-06-12 10:00:52 | INFO     | src.utils.notifications:send_message:63 | [GENERAL] 📡 交易信号
类型: SHORT
强度: MEDIUM
置信度: 0.85
价格: $598.75
原因: VWAP空头突破: 偏离-0.16%, MACD转负
2025-06-12 10:00:52 | WARNING  | src.trading.executor:_check_trading_limits:301 | 已达到每日最大交易次数限制: 5
2025-06-12 10:00:52 | WARNING  | src.bot.trading_bot:_check_signals:209 | 信号执行失败: SHORT
2025-06-12 10:00:55 | INFO     | src.trading.executor:update_account_info:125 | 账户更新: 总值$100015.60, 买入力$391982.42
2025-06-12 10:00:55 | DEBUG    | src.bot.trading_bot:_update_market_data:177 | 市场数据更新完成
2025-06-12 10:00:55 | INFO     | src.strategy.signals:generate_signals:468 | 生成信号: SHORT - VWAP空头突破: 偏离-0.16%, MACD转负
2025-06-12 10:00:55 | INFO     | src.bot.trading_bot:_check_signals:195 | 检测到信号: SHORT 置信度: 0.85 原因: VWAP空头突破: 偏离-0.16%, MACD转负
2025-06-12 10:00:55 | INFO     | src.utils.notifications:send_message:63 | [GENERAL] 📡 交易信号
类型: SHORT
强度: MEDIUM
置信度: 0.85
价格: $598.75
原因: VWAP空头突破: 偏离-0.16%, MACD转负
2025-06-12 10:00:55 | WARNING  | src.trading.executor:_check_trading_limits:301 | 已达到每日最大交易次数限制: 5
2025-06-12 10:00:55 | WARNING  | src.bot.trading_bot:_check_signals:209 | 信号执行失败: SHORT
2025-06-12 10:00:58 | INFO     | src.trading.executor:update_account_info:125 | 账户更新: 总值$100004.60, 买入力$391982.42
2025-06-12 10:00:58 | DEBUG    | src.bot.trading_bot:_update_market_data:177 | 市场数据更新完成
2025-06-12 10:00:58 | INFO     | src.strategy.signals:generate_signals:468 | 生成信号: SHORT - VWAP空头突破: 偏离-0.16%, MACD转负
2025-06-12 10:00:58 | INFO     | src.bot.trading_bot:_check_signals:195 | 检测到信号: SHORT 置信度: 0.85 原因: VWAP空头突破: 偏离-0.16%, MACD转负
2025-06-12 10:00:58 | INFO     | src.utils.notifications:send_message:63 | [GENERAL] 📡 交易信号
类型: SHORT
强度: MEDIUM
置信度: 0.85
价格: $598.75
原因: VWAP空头突破: 偏离-0.16%, MACD转负
2025-06-12 10:00:58 | WARNING  | src.trading.executor:_check_trading_limits:301 | 已达到每日最大交易次数限制: 5
2025-06-12 10:00:58 | WARNING  | src.bot.trading_bot:_check_signals:209 | 信号执行失败: SHORT
2025-06-12 10:01:02 | INFO     | src.trading.executor:update_account_info:125 | 账户更新: 总值$100026.60, 买入力$391982.42
2025-06-12 10:01:02 | DEBUG    | src.bot.trading_bot:_update_market_data:177 | 市场数据更新完成
2025-06-12 10:01:02 | INFO     | src.strategy.signals:generate_signals:468 | 生成信号: SHORT - VWAP空头突破: 偏离-0.16%, MACD转负
2025-06-12 10:01:02 | INFO     | src.bot.trading_bot:_check_signals:195 | 检测到信号: SHORT 置信度: 0.85 原因: VWAP空头突破: 偏离-0.16%, MACD转负
2025-06-12 10:01:02 | INFO     | src.utils.notifications:send_message:63 | [GENERAL] 📡 交易信号
类型: SHORT
强度: MEDIUM
置信度: 0.85
价格: $598.75
原因: VWAP空头突破: 偏离-0.16%, MACD转负
2025-06-12 10:01:02 | WARNING  | src.trading.executor:_check_trading_limits:301 | 已达到每日最大交易次数限制: 5
2025-06-12 10:01:02 | WARNING  | src.bot.trading_bot:_check_signals:209 | 信号执行失败: SHORT
2025-06-12 10:01:05 | INFO     | src.trading.executor:update_account_info:125 | 账户更新: 总值$99938.60, 买入力$391982.42
2025-06-12 10:01:05 | DEBUG    | src.bot.trading_bot:_update_market_data:177 | 市场数据更新完成
2025-06-12 10:01:05 | INFO     | src.strategy.signals:generate_signals:468 | 生成信号: SHORT - VWAP空头突破: 偏离-0.16%, MACD转负
2025-06-12 10:01:05 | INFO     | src.bot.trading_bot:_check_signals:195 | 检测到信号: SHORT 置信度: 0.85 原因: VWAP空头突破: 偏离-0.16%, MACD转负
2025-06-12 10:01:05 | INFO     | src.utils.notifications:send_message:63 | [GENERAL] 📡 交易信号
类型: SHORT
强度: MEDIUM
置信度: 0.85
价格: $598.75
原因: VWAP空头突破: 偏离-0.16%, MACD转负
2025-06-12 10:01:05 | WARNING  | src.trading.executor:_check_trading_limits:301 | 已达到每日最大交易次数限制: 5
2025-06-12 10:01:05 | WARNING  | src.bot.trading_bot:_check_signals:209 | 信号执行失败: SHORT
2025-06-12 10:01:08 | INFO     | src.trading.executor:update_account_info:125 | 账户更新: 总值$99960.60, 买入力$391982.42
2025-06-12 10:01:08 | DEBUG    | src.bot.trading_bot:_update_market_data:177 | 市场数据更新完成
2025-06-12 10:01:08 | INFO     | src.strategy.signals:generate_signals:468 | 生成信号: SHORT - VWAP空头突破: 偏离-0.16%, MACD转负
2025-06-12 10:01:08 | INFO     | src.bot.trading_bot:_check_signals:195 | 检测到信号: SHORT 置信度: 0.85 原因: VWAP空头突破: 偏离-0.16%, MACD转负
2025-06-12 10:01:08 | INFO     | src.utils.notifications:send_message:63 | [GENERAL] 📡 交易信号
类型: SHORT
强度: MEDIUM
置信度: 0.85
价格: $598.75
原因: VWAP空头突破: 偏离-0.16%, MACD转负
2025-06-12 10:01:08 | WARNING  | src.trading.executor:_check_trading_limits:301 | 已达到每日最大交易次数限制: 5
2025-06-12 10:01:08 | WARNING  | src.bot.trading_bot:_check_signals:209 | 信号执行失败: SHORT
2025-06-12 10:01:11 | INFO     | src.trading.executor:update_account_info:125 | 账户更新: 总值$99982.60, 买入力$391982.42
2025-06-12 10:01:11 | DEBUG    | src.bot.trading_bot:_update_market_data:177 | 市场数据更新完成
2025-06-12 10:01:11 | INFO     | src.strategy.signals:generate_signals:468 | 生成信号: SHORT - VWAP空头突破: 偏离-0.16%, MACD转负
2025-06-12 10:01:11 | INFO     | src.bot.trading_bot:_check_signals:195 | 检测到信号: SHORT 置信度: 0.85 原因: VWAP空头突破: 偏离-0.16%, MACD转负
2025-06-12 10:01:11 | INFO     | src.utils.notifications:send_message:63 | [GENERAL] 📡 交易信号
类型: SHORT
强度: MEDIUM
置信度: 0.85
价格: $598.75
原因: VWAP空头突破: 偏离-0.16%, MACD转负
2025-06-12 10:01:11 | WARNING  | src.trading.executor:_check_trading_limits:301 | 已达到每日最大交易次数限制: 5
2025-06-12 10:01:11 | WARNING  | src.bot.trading_bot:_check_signals:209 | 信号执行失败: SHORT
2025-06-12 10:01:15 | INFO     | src.trading.executor:update_account_info:125 | 账户更新: 总值$99993.60, 买入力$391982.42
2025-06-12 10:01:15 | DEBUG    | src.bot.trading_bot:_update_market_data:177 | 市场数据更新完成
2025-06-12 10:01:18 | INFO     | src.trading.executor:update_account_info:125 | 账户更新: 总值$99982.60, 买入力$391982.42
2025-06-12 10:01:18 | DEBUG    | src.bot.trading_bot:_update_market_data:177 | 市场数据更新完成
2025-06-12 10:01:21 | INFO     | src.trading.executor:update_account_info:125 | 账户更新: 总值$99993.60, 买入力$391982.42
2025-06-12 10:01:21 | DEBUG    | src.bot.trading_bot:_update_market_data:177 | 市场数据更新完成
2025-06-12 10:01:24 | INFO     | src.trading.executor:update_account_info:125 | 账户更新: 总值$100037.60, 买入力$391982.42
2025-06-12 10:01:24 | DEBUG    | src.bot.trading_bot:_update_market_data:177 | 市场数据更新完成
2025-06-12 10:01:28 | INFO     | src.trading.executor:update_account_info:125 | 账户更新: 总值$100004.60, 买入力$391982.42
2025-06-12 10:01:28 | DEBUG    | src.bot.trading_bot:_update_market_data:177 | 市场数据更新完成
2025-06-12 10:01:31 | INFO     | src.trading.executor:update_account_info:125 | 账户更新: 总值$99960.60, 买入力$391982.42
2025-06-12 10:01:31 | DEBUG    | src.bot.trading_bot:_update_market_data:177 | 市场数据更新完成
2025-06-12 10:01:34 | INFO     | src.trading.executor:update_account_info:125 | 账户更新: 总值$99938.60, 买入力$391982.42
2025-06-12 10:01:34 | DEBUG    | src.bot.trading_bot:_update_market_data:177 | 市场数据更新完成
2025-06-12 10:01:37 | INFO     | src.trading.executor:update_account_info:125 | 账户更新: 总值$99982.60, 买入力$391982.42
2025-06-12 10:01:37 | DEBUG    | src.bot.trading_bot:_update_market_data:177 | 市场数据更新完成
2025-06-12 10:01:40 | INFO     | src.trading.executor:update_account_info:125 | 账户更新: 总值$99960.60, 买入力$391982.42
2025-06-12 10:01:40 | DEBUG    | src.bot.trading_bot:_update_market_data:177 | 市场数据更新完成
2025-06-12 10:01:44 | INFO     | src.trading.executor:update_account_info:125 | 账户更新: 总值$99938.60, 买入力$391982.42
2025-06-12 10:01:44 | DEBUG    | src.bot.trading_bot:_update_market_data:177 | 市场数据更新完成
2025-06-12 10:01:47 | INFO     | src.trading.executor:update_account_info:125 | 账户更新: 总值$99872.60, 买入力$391982.42
2025-06-12 10:01:47 | DEBUG    | src.bot.trading_bot:_update_market_data:177 | 市场数据更新完成
2025-06-12 10:01:48 | DEBUG    | src.bot.trading_bot:_update_positions_normal:249 | 📊 常规头寸更新完成
2025-06-12 10:01:50 | INFO     | src.trading.executor:update_account_info:125 | 账户更新: 总值$99905.60, 买入力$391982.42
2025-06-12 10:01:50 | DEBUG    | src.bot.trading_bot:_update_market_data:177 | 市场数据更新完成
2025-06-12 10:01:54 | INFO     | src.trading.executor:update_account_info:125 | 账户更新: 总值$99883.60, 买入力$391982.42
2025-06-12 10:01:54 | DEBUG    | src.bot.trading_bot:_update_market_data:177 | 市场数据更新完成
2025-06-12 10:01:57 | INFO     | src.trading.executor:update_account_info:125 | 账户更新: 总值$99883.60, 买入力$391982.42
2025-06-12 10:01:57 | DEBUG    | src.bot.trading_bot:_update_market_data:177 | 市场数据更新完成
2025-06-12 10:02:00 | INFO     | src.trading.executor:update_account_info:125 | 账户更新: 总值$99872.60, 买入力$391982.42
2025-06-12 10:02:00 | DEBUG    | src.bot.trading_bot:_update_market_data:177 | 市场数据更新完成
2025-06-12 10:02:03 | INFO     | src.trading.executor:update_account_info:125 | 账户更新: 总值$99861.60, 买入力$391982.42
2025-06-12 10:02:03 | DEBUG    | src.bot.trading_bot:_update_market_data:177 | 市场数据更新完成
2025-06-12 10:02:07 | INFO     | src.trading.executor:update_account_info:125 | 账户更新: 总值$99586.60, 买入力$391982.42
2025-06-12 10:02:07 | DEBUG    | src.bot.trading_bot:_update_market_data:177 | 市场数据更新完成
2025-06-12 10:02:10 | INFO     | src.trading.executor:update_account_info:125 | 账户更新: 总值$99564.60, 买入力$391982.42
2025-06-12 10:02:10 | DEBUG    | src.bot.trading_bot:_update_market_data:177 | 市场数据更新完成
2025-06-12 10:02:13 | INFO     | src.trading.executor:update_account_info:125 | 账户更新: 总值$99597.60, 买入力$391982.42
2025-06-12 10:02:13 | DEBUG    | src.bot.trading_bot:_update_market_data:177 | 市场数据更新完成
2025-06-12 10:02:16 | INFO     | src.trading.executor:update_account_info:125 | 账户更新: 总值$99553.60, 买入力$391982.42
2025-06-12 10:02:16 | DEBUG    | src.bot.trading_bot:_update_market_data:177 | 市场数据更新完成
2025-06-12 10:02:19 | INFO     | src.trading.executor:update_account_info:125 | 账户更新: 总值$99630.60, 买入力$391982.42
2025-06-12 10:02:19 | DEBUG    | src.bot.trading_bot:_update_market_data:177 | 市场数据更新完成
2025-06-12 10:02:23 | INFO     | src.trading.executor:update_account_info:125 | 账户更新: 总值$99663.60, 买入力$391982.42
2025-06-12 10:02:23 | DEBUG    | src.bot.trading_bot:_update_market_data:177 | 市场数据更新完成
2025-06-12 10:02:26 | INFO     | src.trading.executor:update_account_info:125 | 账户更新: 总值$99630.60, 买入力$391982.42
2025-06-12 10:02:26 | DEBUG    | src.bot.trading_bot:_update_market_data:177 | 市场数据更新完成
2025-06-12 10:02:29 | INFO     | src.trading.executor:update_account_info:125 | 账户更新: 总值$99619.60, 买入力$391982.42
2025-06-12 10:02:29 | DEBUG    | src.bot.trading_bot:_update_market_data:177 | 市场数据更新完成
2025-06-12 10:02:33 | INFO     | src.trading.executor:update_account_info:125 | 账户更新: 总值$99597.60, 买入力$391982.42
2025-06-12 10:02:33 | DEBUG    | src.bot.trading_bot:_update_market_data:177 | 市场数据更新完成
2025-06-12 10:02:36 | INFO     | src.trading.executor:update_account_info:125 | 账户更新: 总值$99586.60, 买入力$391982.42
2025-06-12 10:02:36 | DEBUG    | src.bot.trading_bot:_update_market_data:177 | 市场数据更新完成
2025-06-12 10:02:39 | INFO     | src.trading.executor:update_account_info:125 | 账户更新: 总值$99751.60, 买入力$391982.42
2025-06-12 10:02:39 | DEBUG    | src.bot.trading_bot:_update_market_data:177 | 市场数据更新完成
2025-06-12 10:02:42 | INFO     | src.trading.executor:update_account_info:125 | 账户更新: 总值$99729.60, 买入力$391982.42
2025-06-12 10:02:42 | DEBUG    | src.bot.trading_bot:_update_market_data:177 | 市场数据更新完成
2025-06-12 10:02:45 | INFO     | src.trading.executor:update_account_info:125 | 账户更新: 总值$99718.60, 买入力$391982.42
2025-06-12 10:02:45 | DEBUG    | src.bot.trading_bot:_update_market_data:177 | 市场数据更新完成
2025-06-12 10:02:48 | DEBUG    | src.bot.trading_bot:_update_positions_normal:249 | 📊 常规头寸更新完成
2025-06-12 10:02:49 | INFO     | src.trading.executor:update_account_info:125 | 账户更新: 总值$99718.60, 买入力$391982.42
2025-06-12 10:02:49 | DEBUG    | src.bot.trading_bot:_update_market_data:177 | 市场数据更新完成
2025-06-12 10:02:52 | INFO     | src.trading.executor:update_account_info:125 | 账户更新: 总值$99707.60, 买入力$391982.42
2025-06-12 10:02:52 | DEBUG    | src.bot.trading_bot:_update_market_data:177 | 市场数据更新完成
2025-06-12 10:02:55 | INFO     | src.trading.executor:update_account_info:125 | 账户更新: 总值$99707.60, 买入力$391982.42
2025-06-12 10:02:55 | DEBUG    | src.bot.trading_bot:_update_market_data:177 | 市场数据更新完成
2025-06-12 10:02:59 | INFO     | src.trading.executor:update_account_info:125 | 账户更新: 总值$99707.60, 买入力$391982.42
2025-06-12 10:02:59 | DEBUG    | src.bot.trading_bot:_update_market_data:177 | 市场数据更新完成
2025-06-12 10:03:02 | INFO     | src.trading.executor:update_account_info:125 | 账户更新: 总值$99718.60, 买入力$391982.42
2025-06-12 10:03:02 | DEBUG    | src.bot.trading_bot:_update_market_data:177 | 市场数据更新完成
2025-06-12 10:03:05 | INFO     | src.trading.executor:update_account_info:125 | 账户更新: 总值$99696.60, 买入力$391982.42
2025-06-12 10:03:05 | DEBUG    | src.bot.trading_bot:_update_market_data:177 | 市场数据更新完成
2025-06-12 10:03:08 | INFO     | src.trading.executor:update_account_info:125 | 账户更新: 总值$99718.60, 买入力$391982.42
2025-06-12 10:03:08 | DEBUG    | src.bot.trading_bot:_update_market_data:177 | 市场数据更新完成
2025-06-12 10:03:12 | INFO     | src.trading.executor:update_account_info:125 | 账户更新: 总值$99652.60, 买入力$391982.42
2025-06-12 10:03:12 | DEBUG    | src.bot.trading_bot:_update_market_data:177 | 市场数据更新完成
2025-06-12 10:03:15 | INFO     | src.trading.executor:update_account_info:125 | 账户更新: 总值$99575.60, 买入力$391982.42
2025-06-12 10:03:15 | DEBUG    | src.bot.trading_bot:_update_market_data:177 | 市场数据更新完成
2025-06-12 10:03:18 | INFO     | src.trading.executor:update_account_info:125 | 账户更新: 总值$99652.60, 买入力$391982.42
2025-06-12 10:03:18 | DEBUG    | src.bot.trading_bot:_update_market_data:177 | 市场数据更新完成
2025-06-12 10:03:21 | INFO     | src.trading.executor:update_account_info:125 | 账户更新: 总值$99663.60, 买入力$391982.42
2025-06-12 10:03:21 | DEBUG    | src.bot.trading_bot:_update_market_data:177 | 市场数据更新完成
2025-06-12 10:03:24 | INFO     | src.trading.executor:update_account_info:125 | 账户更新: 总值$99608.60, 买入力$391982.42
2025-06-12 10:03:24 | DEBUG    | src.bot.trading_bot:_update_market_data:177 | 市场数据更新完成
2025-06-12 10:03:28 | INFO     | src.trading.executor:update_account_info:125 | 账户更新: 总值$99619.60, 买入力$391982.42
2025-06-12 10:03:28 | DEBUG    | src.bot.trading_bot:_update_market_data:177 | 市场数据更新完成
2025-06-12 10:03:31 | INFO     | src.trading.executor:update_account_info:125 | 账户更新: 总值$99663.60, 买入力$391982.42
2025-06-12 10:03:31 | DEBUG    | src.bot.trading_bot:_update_market_data:177 | 市场数据更新完成
2025-06-12 10:03:34 | INFO     | src.trading.executor:update_account_info:125 | 账户更新: 总值$99652.60, 买入力$391982.42
2025-06-12 10:03:34 | DEBUG    | src.bot.trading_bot:_update_market_data:177 | 市场数据更新完成
2025-06-12 10:03:37 | INFO     | src.trading.executor:update_account_info:125 | 账户更新: 总值$99674.60, 买入力$391982.42
2025-06-12 10:03:37 | DEBUG    | src.bot.trading_bot:_update_market_data:177 | 市场数据更新完成
2025-06-12 10:03:41 | INFO     | src.trading.executor:update_account_info:125 | 账户更新: 总值$99707.60, 买入力$391982.42
2025-06-12 10:03:41 | DEBUG    | src.bot.trading_bot:_update_market_data:177 | 市场数据更新完成
2025-06-12 10:03:44 | INFO     | src.trading.executor:update_account_info:125 | 账户更新: 总值$99696.60, 买入力$391982.42
2025-06-12 10:03:44 | DEBUG    | src.bot.trading_bot:_update_market_data:177 | 市场数据更新完成
2025-06-12 10:03:47 | INFO     | src.trading.executor:update_account_info:125 | 账户更新: 总值$99674.60, 买入力$391982.42
2025-06-12 10:03:47 | DEBUG    | src.bot.trading_bot:_update_market_data:177 | 市场数据更新完成
2025-06-12 10:03:49 | DEBUG    | src.bot.trading_bot:_update_positions_normal:249 | 📊 常规头寸更新完成
2025-06-12 10:03:50 | INFO     | src.utils.notifications:send_message:63 | [GENERAL] 📊 每小时报告
时间: 10:03
当前头寸: 0
当日交易: 5
当日盈亏: $24.00
账户总值: $99,674.60
2025-06-12 10:03:50 | INFO     | src.trading.executor:update_account_info:125 | 账户更新: 总值$99696.60, 买入力$391982.42
2025-06-12 10:03:50 | DEBUG    | src.bot.trading_bot:_update_market_data:177 | 市场数据更新完成
2025-06-12 10:03:53 | INFO     | src.trading.executor:update_account_info:125 | 账户更新: 总值$99729.60, 买入力$391982.42
2025-06-12 10:03:53 | DEBUG    | src.bot.trading_bot:_update_market_data:177 | 市场数据更新完成
2025-06-12 10:03:57 | INFO     | src.trading.executor:update_account_info:125 | 账户更新: 总值$99729.60, 买入力$391982.42
2025-06-12 10:03:57 | DEBUG    | src.bot.trading_bot:_update_market_data:177 | 市场数据更新完成
2025-06-12 10:04:00 | INFO     | src.trading.executor:update_account_info:125 | 账户更新: 总值$99707.60, 买入力$391982.42
2025-06-12 10:04:00 | DEBUG    | src.bot.trading_bot:_update_market_data:177 | 市场数据更新完成
2025-06-12 10:04:03 | INFO     | src.trading.executor:update_account_info:125 | 账户更新: 总值$99674.60, 买入力$391982.42
2025-06-12 10:04:03 | DEBUG    | src.bot.trading_bot:_update_market_data:177 | 市场数据更新完成
2025-06-12 10:04:07 | INFO     | src.trading.executor:update_account_info:125 | 账户更新: 总值$99674.60, 买入力$391982.42
2025-06-12 10:04:07 | DEBUG    | src.bot.trading_bot:_update_market_data:177 | 市场数据更新完成
2025-06-12 10:04:10 | INFO     | src.trading.executor:update_account_info:125 | 账户更新: 总值$99663.60, 买入力$391982.42
2025-06-12 10:04:10 | DEBUG    | src.bot.trading_bot:_update_market_data:177 | 市场数据更新完成
2025-06-12 10:04:13 | INFO     | src.trading.executor:update_account_info:125 | 账户更新: 总值$99685.60, 买入力$391982.42
2025-06-12 10:04:13 | DEBUG    | src.bot.trading_bot:_update_market_data:177 | 市场数据更新完成
2025-06-12 10:04:16 | INFO     | src.trading.executor:update_account_info:125 | 账户更新: 总值$99696.60, 买入力$391982.42
2025-06-12 10:04:16 | DEBUG    | src.bot.trading_bot:_update_market_data:177 | 市场数据更新完成
2025-06-12 10:04:20 | INFO     | src.trading.executor:update_account_info:125 | 账户更新: 总值$99806.60, 买入力$391982.42
2025-06-12 10:04:20 | DEBUG    | src.bot.trading_bot:_update_market_data:177 | 市场数据更新完成
2025-06-12 10:04:23 | INFO     | src.trading.executor:update_account_info:125 | 账户更新: 总值$99795.60, 买入力$391982.42
2025-06-12 10:04:23 | DEBUG    | src.bot.trading_bot:_update_market_data:177 | 市场数据更新完成
2025-06-12 10:04:26 | INFO     | src.trading.executor:update_account_info:125 | 账户更新: 总值$99850.60, 买入力$391982.42
2025-06-12 10:04:26 | DEBUG    | src.bot.trading_bot:_update_market_data:177 | 市场数据更新完成
2025-06-12 10:04:29 | INFO     | src.trading.executor:update_account_info:125 | 账户更新: 总值$99861.60, 买入力$391982.42
2025-06-12 10:04:29 | DEBUG    | src.bot.trading_bot:_update_market_data:177 | 市场数据更新完成
2025-06-12 10:04:33 | INFO     | src.trading.executor:update_account_info:125 | 账户更新: 总值$99795.60, 买入力$391982.42
2025-06-12 10:04:33 | DEBUG    | src.bot.trading_bot:_update_market_data:177 | 市场数据更新完成
2025-06-12 10:04:36 | INFO     | src.trading.executor:update_account_info:125 | 账户更新: 总值$99817.60, 买入力$391982.42
2025-06-12 10:04:36 | DEBUG    | src.bot.trading_bot:_update_market_data:177 | 市场数据更新完成
2025-06-12 10:04:39 | INFO     | src.trading.executor:update_account_info:125 | 账户更新: 总值$99795.60, 买入力$391982.42
2025-06-12 10:04:39 | DEBUG    | src.bot.trading_bot:_update_market_data:177 | 市场数据更新完成
2025-06-12 10:04:42 | INFO     | src.trading.executor:update_account_info:125 | 账户更新: 总值$99806.60, 买入力$391982.42
2025-06-12 10:04:42 | DEBUG    | src.bot.trading_bot:_update_market_data:177 | 市场数据更新完成
2025-06-12 10:04:46 | INFO     | src.trading.executor:update_account_info:125 | 账户更新: 总值$99751.60, 买入力$391982.42
2025-06-12 10:04:46 | DEBUG    | src.bot.trading_bot:_update_market_data:177 | 市场数据更新完成
2025-06-12 10:04:49 | INFO     | src.trading.executor:update_account_info:125 | 账户更新: 总值$99762.60, 买入力$391982.42
2025-06-12 10:04:49 | DEBUG    | src.bot.trading_bot:_update_market_data:177 | 市场数据更新完成
2025-06-12 10:04:49 | DEBUG    | src.bot.trading_bot:_update_positions_normal:249 | 📊 常规头寸更新完成
2025-06-12 10:04:52 | INFO     | src.trading.executor:update_account_info:125 | 账户更新: 总值$99762.60, 买入力$391982.42
2025-06-12 10:04:52 | DEBUG    | src.bot.trading_bot:_update_market_data:177 | 市场数据更新完成
2025-06-12 10:04:55 | INFO     | src.trading.executor:update_account_info:125 | 账户更新: 总值$99762.60, 买入力$391982.42
2025-06-12 10:04:55 | DEBUG    | src.bot.trading_bot:_update_market_data:177 | 市场数据更新完成
2025-06-12 10:04:59 | INFO     | src.trading.executor:update_account_info:125 | 账户更新: 总值$99762.60, 买入力$391982.42
2025-06-12 10:04:59 | DEBUG    | src.bot.trading_bot:_update_market_data:177 | 市场数据更新完成
2025-06-12 10:05:02 | INFO     | src.trading.executor:update_account_info:125 | 账户更新: 总值$99773.60, 买入力$391982.42
2025-06-12 10:05:02 | DEBUG    | src.bot.trading_bot:_update_market_data:177 | 市场数据更新完成
2025-06-12 10:05:05 | INFO     | src.trading.executor:update_account_info:125 | 账户更新: 总值$99751.60, 买入力$391982.42
2025-06-12 10:05:05 | DEBUG    | src.bot.trading_bot:_update_market_data:177 | 市场数据更新完成
2025-06-12 10:05:08 | INFO     | src.trading.executor:update_account_info:125 | 账户更新: 总值$99707.60, 买入力$391982.42
2025-06-12 10:05:08 | DEBUG    | src.bot.trading_bot:_update_market_data:177 | 市场数据更新完成
2025-06-12 10:05:12 | INFO     | src.trading.executor:update_account_info:125 | 账户更新: 总值$99696.60, 买入力$391982.42
2025-06-12 10:05:12 | DEBUG    | src.bot.trading_bot:_update_market_data:177 | 市场数据更新完成
2025-06-12 10:05:15 | INFO     | src.trading.executor:update_account_info:125 | 账户更新: 总值$99707.60, 买入力$391982.42
2025-06-12 10:05:15 | DEBUG    | src.bot.trading_bot:_update_market_data:177 | 市场数据更新完成
2025-06-12 10:05:18 | INFO     | src.trading.executor:update_account_info:125 | 账户更新: 总值$99729.60, 买入力$391982.42
2025-06-12 10:05:18 | DEBUG    | src.bot.trading_bot:_update_market_data:177 | 市场数据更新完成
2025-06-12 10:05:21 | INFO     | src.trading.executor:update_account_info:125 | 账户更新: 总值$99707.60, 买入力$391982.42
2025-06-12 10:05:21 | DEBUG    | src.bot.trading_bot:_update_market_data:177 | 市场数据更新完成
2025-06-12 10:05:25 | INFO     | src.trading.executor:update_account_info:125 | 账户更新: 总值$99696.60, 买入力$391982.42
2025-06-12 10:05:25 | DEBUG    | src.bot.trading_bot:_update_market_data:177 | 市场数据更新完成
2025-06-12 10:05:28 | INFO     | src.trading.executor:update_account_info:125 | 账户更新: 总值$99718.60, 买入力$391982.42
2025-06-12 10:05:28 | DEBUG    | src.bot.trading_bot:_update_market_data:177 | 市场数据更新完成
2025-06-12 10:05:31 | INFO     | src.trading.executor:update_account_info:125 | 账户更新: 总值$99729.60, 买入力$391982.42
2025-06-12 10:05:31 | DEBUG    | src.bot.trading_bot:_update_market_data:177 | 市场数据更新完成
2025-06-12 10:05:34 | INFO     | src.trading.executor:update_account_info:125 | 账户更新: 总值$99839.60, 买入力$391982.42
2025-06-12 10:05:34 | DEBUG    | src.bot.trading_bot:_update_market_data:177 | 市场数据更新完成
2025-06-12 10:05:38 | INFO     | src.trading.executor:update_account_info:125 | 账户更新: 总值$99817.60, 买入力$391982.42
2025-06-12 10:05:38 | DEBUG    | src.bot.trading_bot:_update_market_data:177 | 市场数据更新完成
2025-06-12 10:05:41 | INFO     | src.trading.executor:update_account_info:125 | 账户更新: 总值$99839.60, 买入力$391982.42
2025-06-12 10:05:41 | DEBUG    | src.bot.trading_bot:_update_market_data:177 | 市场数据更新完成
2025-06-12 10:05:44 | INFO     | src.trading.executor:update_account_info:125 | 账户更新: 总值$99817.60, 买入力$391982.42
2025-06-12 10:05:44 | DEBUG    | src.bot.trading_bot:_update_market_data:177 | 市场数据更新完成
2025-06-12 10:05:47 | INFO     | src.trading.executor:update_account_info:125 | 账户更新: 总值$99828.60, 买入力$391982.42
2025-06-12 10:05:47 | DEBUG    | src.bot.trading_bot:_update_market_data:177 | 市场数据更新完成
2025-06-12 10:05:49 | DEBUG    | src.bot.trading_bot:_update_positions_normal:249 | 📊 常规头寸更新完成
2025-06-12 10:05:51 | INFO     | src.trading.executor:update_account_info:125 | 账户更新: 总值$99784.60, 买入力$391982.42
2025-06-12 10:05:51 | DEBUG    | src.bot.trading_bot:_update_market_data:177 | 市场数据更新完成
2025-06-12 10:05:54 | INFO     | src.trading.executor:update_account_info:125 | 账户更新: 总值$99762.60, 买入力$391982.42
2025-06-12 10:05:54 | DEBUG    | src.bot.trading_bot:_update_market_data:177 | 市场数据更新完成
2025-06-12 10:05:57 | INFO     | src.trading.executor:update_account_info:125 | 账户更新: 总值$99762.60, 买入力$391982.42
2025-06-12 10:05:57 | DEBUG    | src.bot.trading_bot:_update_market_data:177 | 市场数据更新完成
2025-06-12 10:06:00 | INFO     | src.trading.executor:update_account_info:125 | 账户更新: 总值$99806.60, 买入力$391982.42
2025-06-12 10:06:00 | DEBUG    | src.bot.trading_bot:_update_market_data:177 | 市场数据更新完成
2025-06-12 10:06:04 | INFO     | src.trading.executor:update_account_info:125 | 账户更新: 总值$99740.60, 买入力$391982.42
2025-06-12 10:06:04 | DEBUG    | src.bot.trading_bot:_update_market_data:177 | 市场数据更新完成
2025-06-12 10:06:07 | INFO     | src.trading.executor:update_account_info:125 | 账户更新: 总值$99751.60, 买入力$391982.42
2025-06-12 10:06:07 | DEBUG    | src.bot.trading_bot:_update_market_data:177 | 市场数据更新完成
2025-06-12 10:06:10 | INFO     | src.trading.executor:update_account_info:125 | 账户更新: 总值$99718.60, 买入力$391982.42
2025-06-12 10:06:10 | DEBUG    | src.bot.trading_bot:_update_market_data:177 | 市场数据更新完成
2025-06-12 10:06:13 | INFO     | src.trading.executor:update_account_info:125 | 账户更新: 总值$99751.60, 买入力$391982.42
2025-06-12 10:06:13 | DEBUG    | src.bot.trading_bot:_update_market_data:177 | 市场数据更新完成
2025-06-12 10:06:17 | INFO     | src.trading.executor:update_account_info:125 | 账户更新: 总值$99718.60, 买入力$391982.42
2025-06-12 10:06:17 | DEBUG    | src.bot.trading_bot:_update_market_data:177 | 市场数据更新完成
2025-06-12 10:06:20 | INFO     | src.trading.executor:update_account_info:125 | 账户更新: 总值$99729.60, 买入力$391982.42
2025-06-12 10:06:20 | DEBUG    | src.bot.trading_bot:_update_market_data:177 | 市场数据更新完成
2025-06-12 10:06:23 | INFO     | src.trading.executor:update_account_info:125 | 账户更新: 总值$99839.60, 买入力$391982.42
2025-06-12 10:06:23 | DEBUG    | src.bot.trading_bot:_update_market_data:177 | 市场数据更新完成
2025-06-12 10:06:26 | INFO     | src.trading.executor:update_account_info:125 | 账户更新: 总值$99751.60, 买入力$391982.42
2025-06-12 10:06:26 | DEBUG    | src.bot.trading_bot:_update_market_data:177 | 市场数据更新完成
2025-06-12 10:06:30 | INFO     | src.trading.executor:update_account_info:125 | 账户更新: 总值$99773.60, 买入力$391982.42
2025-06-12 10:06:30 | DEBUG    | src.bot.trading_bot:_update_market_data:177 | 市场数据更新完成
2025-06-12 10:06:33 | INFO     | src.trading.executor:update_account_info:125 | 账户更新: 总值$99762.60, 买入力$391982.42
2025-06-12 10:06:33 | DEBUG    | src.bot.trading_bot:_update_market_data:177 | 市场数据更新完成
2025-06-12 10:06:36 | INFO     | src.trading.executor:update_account_info:125 | 账户更新: 总值$99751.60, 买入力$391982.42
2025-06-12 10:06:36 | DEBUG    | src.bot.trading_bot:_update_market_data:177 | 市场数据更新完成
2025-06-12 10:06:39 | INFO     | src.trading.executor:update_account_info:125 | 账户更新: 总值$99740.60, 买入力$391982.42
2025-06-12 10:06:39 | DEBUG    | src.bot.trading_bot:_update_market_data:177 | 市场数据更新完成
2025-06-12 10:06:43 | INFO     | src.trading.executor:update_account_info:125 | 账户更新: 总值$99729.60, 买入力$391982.42
2025-06-12 10:06:43 | DEBUG    | src.bot.trading_bot:_update_market_data:177 | 市场数据更新完成
2025-06-12 10:06:46 | INFO     | src.trading.executor:update_account_info:125 | 账户更新: 总值$99718.60, 买入力$391982.42
2025-06-12 10:06:46 | DEBUG    | src.bot.trading_bot:_update_market_data:177 | 市场数据更新完成
2025-06-12 10:06:49 | DEBUG    | src.bot.trading_bot:_update_positions_normal:249 | 📊 常规头寸更新完成
2025-06-12 10:06:49 | INFO     | src.trading.executor:update_account_info:125 | 账户更新: 总值$99718.60, 买入力$391982.42
2025-06-12 10:06:49 | DEBUG    | src.bot.trading_bot:_update_market_data:177 | 市场数据更新完成
2025-06-12 10:06:53 | INFO     | src.trading.executor:update_account_info:125 | 账户更新: 总值$99751.60, 买入力$391982.42
2025-06-12 10:06:53 | DEBUG    | src.bot.trading_bot:_update_market_data:177 | 市场数据更新完成
2025-06-12 10:06:56 | INFO     | src.trading.executor:update_account_info:125 | 账户更新: 总值$99762.60, 买入力$391982.42
2025-06-12 10:06:56 | DEBUG    | src.bot.trading_bot:_update_market_data:177 | 市场数据更新完成
2025-06-12 10:06:59 | INFO     | src.trading.executor:update_account_info:125 | 账户更新: 总值$99718.60, 买入力$391982.42
2025-06-12 10:06:59 | DEBUG    | src.bot.trading_bot:_update_market_data:177 | 市场数据更新完成
2025-06-12 10:07:02 | INFO     | src.trading.executor:update_account_info:125 | 账户更新: 总值$99674.60, 买入力$391982.42
2025-06-12 10:07:02 | DEBUG    | src.bot.trading_bot:_update_market_data:177 | 市场数据更新完成
2025-06-12 10:07:06 | INFO     | src.trading.executor:update_account_info:125 | 账户更新: 总值$99652.60, 买入力$391982.42
2025-06-12 10:07:06 | DEBUG    | src.bot.trading_bot:_update_market_data:177 | 市场数据更新完成
2025-06-12 10:07:09 | INFO     | src.trading.executor:update_account_info:125 | 账户更新: 总值$99619.60, 买入力$391982.42
2025-06-12 10:07:09 | DEBUG    | src.bot.trading_bot:_update_market_data:177 | 市场数据更新完成
2025-06-12 10:07:12 | INFO     | src.trading.executor:update_account_info:125 | 账户更新: 总值$99630.60, 买入力$391982.42
2025-06-12 10:07:12 | DEBUG    | src.bot.trading_bot:_update_market_data:177 | 市场数据更新完成
2025-06-12 10:07:15 | INFO     | src.trading.executor:update_account_info:125 | 账户更新: 总值$99641.60, 买入力$391982.42
2025-06-12 10:07:15 | DEBUG    | src.bot.trading_bot:_update_market_data:177 | 市场数据更新完成
2025-06-12 10:07:19 | INFO     | src.trading.executor:update_account_info:125 | 账户更新: 总值$99663.60, 买入力$391982.42
2025-06-12 10:07:19 | DEBUG    | src.bot.trading_bot:_update_market_data:177 | 市场数据更新完成
2025-06-12 10:07:22 | INFO     | src.trading.executor:update_account_info:125 | 账户更新: 总值$99641.60, 买入力$391982.42
2025-06-12 10:07:22 | DEBUG    | src.bot.trading_bot:_update_market_data:177 | 市场数据更新完成
2025-06-12 10:07:25 | INFO     | src.trading.executor:update_account_info:125 | 账户更新: 总值$99619.60, 买入力$391982.42
2025-06-12 10:07:25 | DEBUG    | src.bot.trading_bot:_update_market_data:177 | 市场数据更新完成
2025-06-12 10:07:28 | INFO     | src.trading.executor:update_account_info:125 | 账户更新: 总值$99608.60, 买入力$391982.42
2025-06-12 10:07:28 | DEBUG    | src.bot.trading_bot:_update_market_data:177 | 市场数据更新完成
2025-06-12 10:07:32 | INFO     | src.trading.executor:update_account_info:125 | 账户更新: 总值$99619.60, 买入力$391982.42
2025-06-12 10:07:32 | DEBUG    | src.bot.trading_bot:_update_market_data:177 | 市场数据更新完成
2025-06-12 10:07:35 | INFO     | src.trading.executor:update_account_info:125 | 账户更新: 总值$99630.60, 买入力$391982.42
2025-06-12 10:07:35 | DEBUG    | src.bot.trading_bot:_update_market_data:177 | 市场数据更新完成
2025-06-12 10:07:38 | INFO     | src.trading.executor:update_account_info:125 | 账户更新: 总值$99630.60, 买入力$391982.42
2025-06-12 10:07:38 | DEBUG    | src.bot.trading_bot:_update_market_data:177 | 市场数据更新完成
2025-06-12 10:07:41 | INFO     | src.trading.executor:update_account_info:125 | 账户更新: 总值$99674.60, 买入力$391982.42
2025-06-12 10:07:41 | DEBUG    | src.bot.trading_bot:_update_market_data:177 | 市场数据更新完成
2025-06-12 10:07:45 | INFO     | src.trading.executor:update_account_info:125 | 账户更新: 总值$99696.60, 买入力$391982.42
2025-06-12 10:07:45 | DEBUG    | src.bot.trading_bot:_update_market_data:177 | 市场数据更新完成
2025-06-12 10:07:48 | INFO     | src.trading.executor:update_account_info:125 | 账户更新: 总值$99663.60, 买入力$391982.42
2025-06-12 10:07:48 | DEBUG    | src.bot.trading_bot:_update_market_data:177 | 市场数据更新完成
2025-06-12 10:07:50 | DEBUG    | src.bot.trading_bot:_update_positions_normal:249 | 📊 常规头寸更新完成
2025-06-12 10:07:51 | INFO     | src.trading.executor:update_account_info:125 | 账户更新: 总值$99652.60, 买入力$391982.42
2025-06-12 10:07:51 | DEBUG    | src.bot.trading_bot:_update_market_data:177 | 市场数据更新完成
2025-06-12 10:07:55 | INFO     | src.trading.executor:update_account_info:125 | 账户更新: 总值$99619.60, 买入力$391982.42
2025-06-12 10:07:55 | DEBUG    | src.bot.trading_bot:_update_market_data:177 | 市场数据更新完成
2025-06-12 10:07:58 | INFO     | src.trading.executor:update_account_info:125 | 账户更新: 总值$99608.60, 买入力$391982.42
2025-06-12 10:07:58 | DEBUG    | src.bot.trading_bot:_update_market_data:177 | 市场数据更新完成
2025-06-12 10:08:01 | INFO     | src.trading.executor:update_account_info:125 | 账户更新: 总值$99608.60, 买入力$391982.42
2025-06-12 10:08:01 | DEBUG    | src.bot.trading_bot:_update_market_data:177 | 市场数据更新完成
2025-06-12 10:08:04 | INFO     | src.trading.executor:update_account_info:125 | 账户更新: 总值$99564.60, 买入力$391982.42
2025-06-12 10:08:04 | DEBUG    | src.bot.trading_bot:_update_market_data:177 | 市场数据更新完成
2025-06-12 10:08:07 | INFO     | src.trading.executor:update_account_info:125 | 账户更新: 总值$99520.60, 买入力$391982.42
2025-06-12 10:08:07 | DEBUG    | src.bot.trading_bot:_update_market_data:177 | 市场数据更新完成
2025-06-12 10:08:11 | INFO     | src.trading.executor:update_account_info:125 | 账户更新: 总值$99520.60, 买入力$391982.42
2025-06-12 10:08:11 | DEBUG    | src.bot.trading_bot:_update_market_data:177 | 市场数据更新完成
2025-06-12 10:08:14 | INFO     | src.trading.executor:update_account_info:125 | 账户更新: 总值$99509.60, 买入力$391982.42
2025-06-12 10:08:14 | DEBUG    | src.bot.trading_bot:_update_market_data:177 | 市场数据更新完成
2025-06-12 10:08:17 | INFO     | src.trading.executor:update_account_info:125 | 账户更新: 总值$99498.60, 买入力$391982.42
2025-06-12 10:08:17 | DEBUG    | src.bot.trading_bot:_update_market_data:177 | 市场数据更新完成
2025-06-12 10:08:20 | INFO     | src.trading.executor:update_account_info:125 | 账户更新: 总值$99509.60, 买入力$391982.42
2025-06-12 10:08:20 | DEBUG    | src.bot.trading_bot:_update_market_data:177 | 市场数据更新完成
2025-06-12 10:08:24 | INFO     | src.trading.executor:update_account_info:125 | 账户更新: 总值$99498.60, 买入力$391982.42
2025-06-12 10:08:24 | DEBUG    | src.bot.trading_bot:_update_market_data:177 | 市场数据更新完成
2025-06-12 10:08:27 | INFO     | src.trading.executor:update_account_info:125 | 账户更新: 总值$99465.60, 买入力$391982.42
2025-06-12 10:08:27 | DEBUG    | src.bot.trading_bot:_update_market_data:177 | 市场数据更新完成
2025-06-12 10:08:30 | INFO     | src.trading.executor:update_account_info:125 | 账户更新: 总值$99454.60, 买入力$391982.42
2025-06-12 10:08:30 | DEBUG    | src.bot.trading_bot:_update_market_data:177 | 市场数据更新完成
2025-06-12 10:08:33 | INFO     | src.trading.executor:update_account_info:125 | 账户更新: 总值$99498.60, 买入力$391982.42
2025-06-12 10:08:33 | DEBUG    | src.bot.trading_bot:_update_market_data:177 | 市场数据更新完成
2025-06-12 10:08:37 | INFO     | src.trading.executor:update_account_info:125 | 账户更新: 总值$99487.60, 买入力$391982.42
2025-06-12 10:08:37 | DEBUG    | src.bot.trading_bot:_update_market_data:177 | 市场数据更新完成
2025-06-12 10:08:40 | INFO     | src.trading.executor:update_account_info:125 | 账户更新: 总值$99531.60, 买入力$391982.42
2025-06-12 10:08:40 | DEBUG    | src.bot.trading_bot:_update_market_data:177 | 市场数据更新完成
2025-06-12 10:08:43 | INFO     | src.trading.executor:update_account_info:125 | 账户更新: 总值$99553.60, 买入力$391982.42
2025-06-12 10:08:43 | DEBUG    | src.bot.trading_bot:_update_market_data:177 | 市场数据更新完成
2025-06-12 10:08:46 | INFO     | src.trading.executor:update_account_info:125 | 账户更新: 总值$99564.60, 买入力$391982.42
2025-06-12 10:08:46 | DEBUG    | src.bot.trading_bot:_update_market_data:177 | 市场数据更新完成
2025-06-12 10:08:49 | INFO     | src.trading.executor:update_account_info:125 | 账户更新: 总值$99531.60, 买入力$391982.42
2025-06-12 10:08:49 | DEBUG    | src.bot.trading_bot:_update_market_data:177 | 市场数据更新完成
2025-06-12 10:08:50 | DEBUG    | src.bot.trading_bot:_update_positions_normal:249 | 📊 常规头寸更新完成
2025-06-12 10:08:53 | INFO     | src.trading.executor:update_account_info:125 | 账户更新: 总值$99509.60, 买入力$391982.42
2025-06-12 10:08:53 | DEBUG    | src.bot.trading_bot:_update_market_data:177 | 市场数据更新完成
2025-06-12 10:08:56 | INFO     | src.trading.executor:update_account_info:125 | 账户更新: 总值$99509.60, 买入力$391982.42
2025-06-12 10:08:56 | DEBUG    | src.bot.trading_bot:_update_market_data:177 | 市场数据更新完成
2025-06-12 10:08:59 | INFO     | src.trading.executor:update_account_info:125 | 账户更新: 总值$99531.60, 买入力$391982.42
2025-06-12 10:08:59 | DEBUG    | src.bot.trading_bot:_update_market_data:177 | 市场数据更新完成
2025-06-12 10:09:02 | INFO     | src.trading.executor:update_account_info:125 | 账户更新: 总值$99531.60, 买入力$391982.42
2025-06-12 10:09:02 | DEBUG    | src.bot.trading_bot:_update_market_data:177 | 市场数据更新完成
2025-06-12 10:09:06 | INFO     | src.trading.executor:update_account_info:125 | 账户更新: 总值$99520.60, 买入力$391982.42
2025-06-12 10:09:06 | DEBUG    | src.bot.trading_bot:_update_market_data:177 | 市场数据更新完成
2025-06-12 10:09:09 | INFO     | src.trading.executor:update_account_info:125 | 账户更新: 总值$99520.60, 买入力$391982.42
2025-06-12 10:09:09 | DEBUG    | src.bot.trading_bot:_update_market_data:177 | 市场数据更新完成
2025-06-12 10:09:12 | INFO     | src.trading.executor:update_account_info:125 | 账户更新: 总值$99542.60, 买入力$391982.42
2025-06-12 10:09:12 | DEBUG    | src.bot.trading_bot:_update_market_data:177 | 市场数据更新完成
2025-06-12 10:09:15 | INFO     | src.trading.executor:update_account_info:125 | 账户更新: 总值$99564.60, 买入力$391982.42
2025-06-12 10:09:15 | DEBUG    | src.bot.trading_bot:_update_market_data:177 | 市场数据更新完成
2025-06-12 10:09:19 | INFO     | src.trading.executor:update_account_info:125 | 账户更新: 总值$99520.60, 买入力$391982.42
2025-06-12 10:09:19 | DEBUG    | src.bot.trading_bot:_update_market_data:177 | 市场数据更新完成
2025-06-12 10:09:22 | INFO     | src.trading.executor:update_account_info:125 | 账户更新: 总值$99531.60, 买入力$391982.42
2025-06-12 10:09:22 | DEBUG    | src.bot.trading_bot:_update_market_data:177 | 市场数据更新完成
2025-06-12 10:09:22 | INFO     | src.strategy.signals:generate_signals:468 | 生成信号: SHORT - VWAP空头突破: 偏离-0.16%, MACD转负
2025-06-12 10:09:22 | INFO     | src.bot.trading_bot:_check_signals:195 | 检测到信号: SHORT 置信度: 0.85 原因: VWAP空头突破: 偏离-0.16%, MACD转负
2025-06-12 10:09:22 | INFO     | src.utils.notifications:send_message:63 | [GENERAL] 📡 交易信号
类型: SHORT
强度: MEDIUM
置信度: 0.85
价格: $598.69
原因: VWAP空头突破: 偏离-0.16%, MACD转负
2025-06-12 10:09:22 | WARNING  | src.trading.executor:_check_trading_limits:301 | 已达到每日最大交易次数限制: 5
2025-06-12 10:09:22 | WARNING  | src.bot.trading_bot:_check_signals:209 | 信号执行失败: SHORT
2025-06-12 10:09:25 | INFO     | src.trading.executor:update_account_info:125 | 账户更新: 总值$99542.60, 买入力$391982.42
2025-06-12 10:09:25 | DEBUG    | src.bot.trading_bot:_update_market_data:177 | 市场数据更新完成
2025-06-12 10:09:25 | INFO     | src.strategy.signals:generate_signals:468 | 生成信号: SHORT - VWAP空头突破: 偏离-0.16%, MACD转负
2025-06-12 10:09:25 | INFO     | src.bot.trading_bot:_check_signals:195 | 检测到信号: SHORT 置信度: 0.85 原因: VWAP空头突破: 偏离-0.16%, MACD转负
2025-06-12 10:09:25 | INFO     | src.utils.notifications:send_message:63 | [GENERAL] 📡 交易信号
类型: SHORT
强度: MEDIUM
置信度: 0.85
价格: $598.69
原因: VWAP空头突破: 偏离-0.16%, MACD转负
2025-06-12 10:09:25 | WARNING  | src.trading.executor:_check_trading_limits:301 | 已达到每日最大交易次数限制: 5
2025-06-12 10:09:25 | WARNING  | src.bot.trading_bot:_check_signals:209 | 信号执行失败: SHORT
2025-06-12 10:09:28 | INFO     | src.trading.executor:update_account_info:125 | 账户更新: 总值$99553.60, 买入力$391982.42
2025-06-12 10:09:29 | DEBUG    | src.bot.trading_bot:_update_market_data:177 | 市场数据更新完成
2025-06-12 10:09:29 | INFO     | src.strategy.signals:generate_signals:468 | 生成信号: SHORT - VWAP空头突破: 偏离-0.16%, MACD转负
2025-06-12 10:09:29 | INFO     | src.bot.trading_bot:_check_signals:195 | 检测到信号: SHORT 置信度: 0.85 原因: VWAP空头突破: 偏离-0.16%, MACD转负
2025-06-12 10:09:29 | INFO     | src.utils.notifications:send_message:63 | [GENERAL] 📡 交易信号
类型: SHORT
强度: MEDIUM
置信度: 0.85
价格: $598.69
原因: VWAP空头突破: 偏离-0.16%, MACD转负
2025-06-12 10:09:29 | WARNING  | src.trading.executor:_check_trading_limits:301 | 已达到每日最大交易次数限制: 5
2025-06-12 10:09:29 | WARNING  | src.bot.trading_bot:_check_signals:209 | 信号执行失败: SHORT
2025-06-12 10:09:32 | INFO     | src.trading.executor:update_account_info:125 | 账户更新: 总值$99564.60, 买入力$391982.42
2025-06-12 10:09:32 | DEBUG    | src.bot.trading_bot:_update_market_data:177 | 市场数据更新完成
2025-06-12 10:09:32 | INFO     | src.strategy.signals:generate_signals:468 | 生成信号: SHORT - VWAP空头突破: 偏离-0.16%, MACD转负
2025-06-12 10:09:32 | INFO     | src.bot.trading_bot:_check_signals:195 | 检测到信号: SHORT 置信度: 0.85 原因: VWAP空头突破: 偏离-0.16%, MACD转负
2025-06-12 10:09:32 | INFO     | src.utils.notifications:send_message:63 | [GENERAL] 📡 交易信号
类型: SHORT
强度: MEDIUM
置信度: 0.85
价格: $598.69
原因: VWAP空头突破: 偏离-0.16%, MACD转负
2025-06-12 10:09:32 | WARNING  | src.trading.executor:_check_trading_limits:301 | 已达到每日最大交易次数限制: 5
2025-06-12 10:09:32 | WARNING  | src.bot.trading_bot:_check_signals:209 | 信号执行失败: SHORT
2025-06-12 10:09:35 | INFO     | src.trading.executor:update_account_info:125 | 账户更新: 总值$99564.60, 买入力$391982.42
2025-06-12 10:09:35 | DEBUG    | src.bot.trading_bot:_update_market_data:177 | 市场数据更新完成
2025-06-12 10:09:35 | INFO     | src.strategy.signals:generate_signals:468 | 生成信号: SHORT - VWAP空头突破: 偏离-0.16%, MACD转负
2025-06-12 10:09:35 | INFO     | src.bot.trading_bot:_check_signals:195 | 检测到信号: SHORT 置信度: 0.85 原因: VWAP空头突破: 偏离-0.16%, MACD转负
2025-06-12 10:09:35 | INFO     | src.utils.notifications:send_message:63 | [GENERAL] 📡 交易信号
类型: SHORT
强度: MEDIUM
置信度: 0.85
价格: $598.69
原因: VWAP空头突破: 偏离-0.16%, MACD转负
2025-06-12 10:09:35 | WARNING  | src.trading.executor:_check_trading_limits:301 | 已达到每日最大交易次数限制: 5
2025-06-12 10:09:35 | WARNING  | src.bot.trading_bot:_check_signals:209 | 信号执行失败: SHORT
2025-06-12 10:09:38 | INFO     | src.trading.executor:update_account_info:125 | 账户更新: 总值$99553.60, 买入力$391982.42
2025-06-12 10:09:38 | DEBUG    | src.bot.trading_bot:_update_market_data:177 | 市场数据更新完成
2025-06-12 10:09:38 | INFO     | src.strategy.signals:generate_signals:468 | 生成信号: SHORT - VWAP空头突破: 偏离-0.16%, MACD转负
2025-06-12 10:09:38 | INFO     | src.bot.trading_bot:_check_signals:195 | 检测到信号: SHORT 置信度: 0.85 原因: VWAP空头突破: 偏离-0.16%, MACD转负
2025-06-12 10:09:38 | INFO     | src.utils.notifications:send_message:63 | [GENERAL] 📡 交易信号
类型: SHORT
强度: MEDIUM
置信度: 0.85
价格: $598.69
原因: VWAP空头突破: 偏离-0.16%, MACD转负
2025-06-12 10:09:38 | WARNING  | src.trading.executor:_check_trading_limits:301 | 已达到每日最大交易次数限制: 5
2025-06-12 10:09:38 | WARNING  | src.bot.trading_bot:_check_signals:209 | 信号执行失败: SHORT
2025-06-12 10:09:41 | INFO     | src.trading.executor:update_account_info:125 | 账户更新: 总值$99553.60, 买入力$391982.42
2025-06-12 10:09:41 | DEBUG    | src.bot.trading_bot:_update_market_data:177 | 市场数据更新完成
2025-06-12 10:09:41 | INFO     | src.strategy.signals:generate_signals:468 | 生成信号: SHORT - VWAP空头突破: 偏离-0.16%, MACD转负
2025-06-12 10:09:41 | INFO     | src.bot.trading_bot:_check_signals:195 | 检测到信号: SHORT 置信度: 0.85 原因: VWAP空头突破: 偏离-0.16%, MACD转负
2025-06-12 10:09:41 | INFO     | src.utils.notifications:send_message:63 | [GENERAL] 📡 交易信号
类型: SHORT
强度: MEDIUM
置信度: 0.85
价格: $598.69
原因: VWAP空头突破: 偏离-0.16%, MACD转负
2025-06-12 10:09:41 | WARNING  | src.trading.executor:_check_trading_limits:301 | 已达到每日最大交易次数限制: 5
2025-06-12 10:09:41 | WARNING  | src.bot.trading_bot:_check_signals:209 | 信号执行失败: SHORT
2025-06-12 10:09:45 | INFO     | src.trading.executor:update_account_info:125 | 账户更新: 总值$99531.60, 买入力$391982.42
2025-06-12 10:09:45 | DEBUG    | src.bot.trading_bot:_update_market_data:177 | 市场数据更新完成
2025-06-12 10:09:45 | INFO     | src.strategy.signals:generate_signals:468 | 生成信号: SHORT - VWAP空头突破: 偏离-0.16%, MACD转负
2025-06-12 10:09:45 | INFO     | src.bot.trading_bot:_check_signals:195 | 检测到信号: SHORT 置信度: 0.85 原因: VWAP空头突破: 偏离-0.16%, MACD转负
2025-06-12 10:09:45 | INFO     | src.utils.notifications:send_message:63 | [GENERAL] 📡 交易信号
类型: SHORT
强度: MEDIUM
置信度: 0.85
价格: $598.69
原因: VWAP空头突破: 偏离-0.16%, MACD转负
2025-06-12 10:09:45 | WARNING  | src.trading.executor:_check_trading_limits:301 | 已达到每日最大交易次数限制: 5
2025-06-12 10:09:45 | WARNING  | src.bot.trading_bot:_check_signals:209 | 信号执行失败: SHORT
2025-06-12 10:09:48 | INFO     | src.trading.executor:update_account_info:125 | 账户更新: 总值$99509.60, 买入力$391982.42
2025-06-12 10:09:48 | DEBUG    | src.bot.trading_bot:_update_market_data:177 | 市场数据更新完成
2025-06-12 10:09:48 | INFO     | src.strategy.signals:generate_signals:468 | 生成信号: SHORT - VWAP空头突破: 偏离-0.16%, MACD转负
2025-06-12 10:09:48 | INFO     | src.bot.trading_bot:_check_signals:195 | 检测到信号: SHORT 置信度: 0.85 原因: VWAP空头突破: 偏离-0.16%, MACD转负
2025-06-12 10:09:48 | INFO     | src.utils.notifications:send_message:63 | [GENERAL] 📡 交易信号
类型: SHORT
强度: MEDIUM
置信度: 0.85
价格: $598.69
原因: VWAP空头突破: 偏离-0.16%, MACD转负
2025-06-12 10:09:48 | WARNING  | src.trading.executor:_check_trading_limits:301 | 已达到每日最大交易次数限制: 5
2025-06-12 10:09:48 | WARNING  | src.bot.trading_bot:_check_signals:209 | 信号执行失败: SHORT
2025-06-12 10:09:50 | DEBUG    | src.bot.trading_bot:_update_positions_normal:249 | 📊 常规头寸更新完成
2025-06-12 10:09:51 | INFO     | src.trading.executor:update_account_info:125 | 账户更新: 总值$99487.60, 买入力$391982.42
2025-06-12 10:09:51 | DEBUG    | src.bot.trading_bot:_update_market_data:177 | 市场数据更新完成
2025-06-12 10:09:51 | INFO     | src.strategy.signals:generate_signals:468 | 生成信号: SHORT - VWAP空头突破: 偏离-0.16%, MACD转负
2025-06-12 10:09:51 | INFO     | src.bot.trading_bot:_check_signals:195 | 检测到信号: SHORT 置信度: 0.85 原因: VWAP空头突破: 偏离-0.16%, MACD转负
2025-06-12 10:09:51 | INFO     | src.utils.notifications:send_message:63 | [GENERAL] 📡 交易信号
类型: SHORT
强度: MEDIUM
置信度: 0.85
价格: $598.69
原因: VWAP空头突破: 偏离-0.16%, MACD转负
2025-06-12 10:09:51 | WARNING  | src.trading.executor:_check_trading_limits:301 | 已达到每日最大交易次数限制: 5
2025-06-12 10:09:51 | WARNING  | src.bot.trading_bot:_check_signals:209 | 信号执行失败: SHORT
2025-06-12 10:09:54 | INFO     | src.trading.executor:update_account_info:125 | 账户更新: 总值$99487.60, 买入力$391982.42
2025-06-12 10:09:54 | DEBUG    | src.bot.trading_bot:_update_market_data:177 | 市场数据更新完成
2025-06-12 10:09:54 | INFO     | src.strategy.signals:generate_signals:468 | 生成信号: SHORT - VWAP空头突破: 偏离-0.16%, MACD转负
2025-06-12 10:09:54 | INFO     | src.bot.trading_bot:_check_signals:195 | 检测到信号: SHORT 置信度: 0.85 原因: VWAP空头突破: 偏离-0.16%, MACD转负
2025-06-12 10:09:54 | INFO     | src.utils.notifications:send_message:63 | [GENERAL] 📡 交易信号
类型: SHORT
强度: MEDIUM
置信度: 0.85
价格: $598.69
原因: VWAP空头突破: 偏离-0.16%, MACD转负
2025-06-12 10:09:54 | WARNING  | src.trading.executor:_check_trading_limits:301 | 已达到每日最大交易次数限制: 5
2025-06-12 10:09:54 | WARNING  | src.bot.trading_bot:_check_signals:209 | 信号执行失败: SHORT
2025-06-12 10:09:58 | INFO     | src.trading.executor:update_account_info:125 | 账户更新: 总值$99498.60, 买入力$391982.42
2025-06-12 10:09:58 | DEBUG    | src.bot.trading_bot:_update_market_data:177 | 市场数据更新完成
2025-06-12 10:09:58 | INFO     | src.strategy.signals:generate_signals:468 | 生成信号: SHORT - VWAP空头突破: 偏离-0.16%, MACD转负
2025-06-12 10:09:58 | INFO     | src.bot.trading_bot:_check_signals:195 | 检测到信号: SHORT 置信度: 0.85 原因: VWAP空头突破: 偏离-0.16%, MACD转负
2025-06-12 10:09:58 | INFO     | src.utils.notifications:send_message:63 | [GENERAL] 📡 交易信号
类型: SHORT
强度: MEDIUM
置信度: 0.85
价格: $598.69
原因: VWAP空头突破: 偏离-0.16%, MACD转负
2025-06-12 10:09:58 | WARNING  | src.trading.executor:_check_trading_limits:301 | 已达到每日最大交易次数限制: 5
2025-06-12 10:09:58 | WARNING  | src.bot.trading_bot:_check_signals:209 | 信号执行失败: SHORT
2025-06-12 10:10:01 | INFO     | src.trading.executor:update_account_info:125 | 账户更新: 总值$99498.60, 买入力$391982.42
2025-06-12 10:10:01 | DEBUG    | src.bot.trading_bot:_update_market_data:177 | 市场数据更新完成
2025-06-12 10:10:01 | INFO     | src.strategy.signals:generate_signals:468 | 生成信号: SHORT - VWAP空头突破: 偏离-0.16%, MACD转负
2025-06-12 10:10:01 | INFO     | src.bot.trading_bot:_check_signals:195 | 检测到信号: SHORT 置信度: 0.85 原因: VWAP空头突破: 偏离-0.16%, MACD转负
2025-06-12 10:10:01 | INFO     | src.utils.notifications:send_message:63 | [GENERAL] 📡 交易信号
类型: SHORT
强度: MEDIUM
置信度: 0.85
价格: $598.69
原因: VWAP空头突破: 偏离-0.16%, MACD转负
2025-06-12 10:10:01 | WARNING  | src.trading.executor:_check_trading_limits:301 | 已达到每日最大交易次数限制: 5
2025-06-12 10:10:01 | WARNING  | src.bot.trading_bot:_check_signals:209 | 信号执行失败: SHORT
2025-06-12 10:10:04 | INFO     | src.trading.executor:update_account_info:125 | 账户更新: 总值$99509.60, 买入力$391982.42
2025-06-12 10:10:04 | DEBUG    | src.bot.trading_bot:_update_market_data:177 | 市场数据更新完成
2025-06-12 10:10:04 | INFO     | src.strategy.signals:generate_signals:468 | 生成信号: SHORT - VWAP空头突破: 偏离-0.16%, MACD转负
2025-06-12 10:10:04 | INFO     | src.bot.trading_bot:_check_signals:195 | 检测到信号: SHORT 置信度: 0.85 原因: VWAP空头突破: 偏离-0.16%, MACD转负
2025-06-12 10:10:04 | INFO     | src.utils.notifications:send_message:63 | [GENERAL] 📡 交易信号
类型: SHORT
强度: MEDIUM
置信度: 0.85
价格: $598.69
原因: VWAP空头突破: 偏离-0.16%, MACD转负
2025-06-12 10:10:04 | WARNING  | src.trading.executor:_check_trading_limits:301 | 已达到每日最大交易次数限制: 5
2025-06-12 10:10:04 | WARNING  | src.bot.trading_bot:_check_signals:209 | 信号执行失败: SHORT
2025-06-12 10:10:07 | INFO     | src.trading.executor:update_account_info:125 | 账户更新: 总值$99509.60, 买入力$391982.42
2025-06-12 10:10:07 | DEBUG    | src.bot.trading_bot:_update_market_data:177 | 市场数据更新完成
2025-06-12 10:10:07 | INFO     | src.strategy.signals:generate_signals:468 | 生成信号: SHORT - VWAP空头突破: 偏离-0.16%, MACD转负
2025-06-12 10:10:07 | INFO     | src.bot.trading_bot:_check_signals:195 | 检测到信号: SHORT 置信度: 0.85 原因: VWAP空头突破: 偏离-0.16%, MACD转负
2025-06-12 10:10:07 | INFO     | src.utils.notifications:send_message:63 | [GENERAL] 📡 交易信号
类型: SHORT
强度: MEDIUM
置信度: 0.85
价格: $598.69
原因: VWAP空头突破: 偏离-0.16%, MACD转负
2025-06-12 10:10:07 | WARNING  | src.trading.executor:_check_trading_limits:301 | 已达到每日最大交易次数限制: 5
2025-06-12 10:10:07 | WARNING  | src.bot.trading_bot:_check_signals:209 | 信号执行失败: SHORT
2025-06-12 10:10:10 | INFO     | src.trading.executor:update_account_info:125 | 账户更新: 总值$99487.60, 买入力$391982.42
2025-06-12 10:10:10 | DEBUG    | src.bot.trading_bot:_update_market_data:177 | 市场数据更新完成
2025-06-12 10:10:10 | INFO     | src.strategy.signals:generate_signals:468 | 生成信号: SHORT - VWAP空头突破: 偏离-0.16%, MACD转负
2025-06-12 10:10:10 | INFO     | src.bot.trading_bot:_check_signals:195 | 检测到信号: SHORT 置信度: 0.85 原因: VWAP空头突破: 偏离-0.16%, MACD转负
2025-06-12 10:10:10 | INFO     | src.utils.notifications:send_message:63 | [GENERAL] 📡 交易信号
类型: SHORT
强度: MEDIUM
置信度: 0.85
价格: $598.69
原因: VWAP空头突破: 偏离-0.16%, MACD转负
2025-06-12 10:10:10 | WARNING  | src.trading.executor:_check_trading_limits:301 | 已达到每日最大交易次数限制: 5
2025-06-12 10:10:10 | WARNING  | src.bot.trading_bot:_check_signals:209 | 信号执行失败: SHORT
2025-06-12 10:10:14 | INFO     | src.trading.executor:update_account_info:125 | 账户更新: 总值$99487.60, 买入力$391982.42
2025-06-12 10:10:14 | DEBUG    | src.bot.trading_bot:_update_market_data:177 | 市场数据更新完成
2025-06-12 10:10:14 | INFO     | src.strategy.signals:generate_signals:468 | 生成信号: SHORT - VWAP空头突破: 偏离-0.16%, MACD转负
2025-06-12 10:10:14 | INFO     | src.bot.trading_bot:_check_signals:195 | 检测到信号: SHORT 置信度: 0.85 原因: VWAP空头突破: 偏离-0.16%, MACD转负
2025-06-12 10:10:14 | INFO     | src.utils.notifications:send_message:63 | [GENERAL] 📡 交易信号
类型: SHORT
强度: MEDIUM
置信度: 0.85
价格: $598.69
原因: VWAP空头突破: 偏离-0.16%, MACD转负
2025-06-12 10:10:14 | WARNING  | src.trading.executor:_check_trading_limits:301 | 已达到每日最大交易次数限制: 5
2025-06-12 10:10:14 | WARNING  | src.bot.trading_bot:_check_signals:209 | 信号执行失败: SHORT
2025-06-12 10:10:17 | INFO     | src.trading.executor:update_account_info:125 | 账户更新: 总值$99465.60, 买入力$391982.42
2025-06-12 10:10:17 | DEBUG    | src.bot.trading_bot:_update_market_data:177 | 市场数据更新完成
2025-06-12 10:10:17 | INFO     | src.strategy.signals:generate_signals:468 | 生成信号: SHORT - VWAP空头突破: 偏离-0.16%, MACD转负
2025-06-12 10:10:17 | INFO     | src.bot.trading_bot:_check_signals:195 | 检测到信号: SHORT 置信度: 0.85 原因: VWAP空头突破: 偏离-0.16%, MACD转负
2025-06-12 10:10:17 | INFO     | src.utils.notifications:send_message:63 | [GENERAL] 📡 交易信号
类型: SHORT
强度: MEDIUM
置信度: 0.85
价格: $598.69
原因: VWAP空头突破: 偏离-0.16%, MACD转负
2025-06-12 10:10:17 | WARNING  | src.trading.executor:_check_trading_limits:301 | 已达到每日最大交易次数限制: 5
2025-06-12 10:10:17 | WARNING  | src.bot.trading_bot:_check_signals:209 | 信号执行失败: SHORT
2025-06-12 10:10:20 | INFO     | src.trading.executor:update_account_info:125 | 账户更新: 总值$99476.60, 买入力$391982.42
2025-06-12 10:10:20 | DEBUG    | src.bot.trading_bot:_update_market_data:177 | 市场数据更新完成
2025-06-12 10:10:20 | INFO     | src.strategy.signals:generate_signals:468 | 生成信号: SHORT - VWAP空头突破: 偏离-0.16%, MACD转负
2025-06-12 10:10:20 | INFO     | src.bot.trading_bot:_check_signals:195 | 检测到信号: SHORT 置信度: 0.85 原因: VWAP空头突破: 偏离-0.16%, MACD转负
2025-06-12 10:10:20 | INFO     | src.utils.notifications:send_message:63 | [GENERAL] 📡 交易信号
类型: SHORT
强度: MEDIUM
置信度: 0.85
价格: $598.69
原因: VWAP空头突破: 偏离-0.16%, MACD转负
2025-06-12 10:10:20 | WARNING  | src.trading.executor:_check_trading_limits:301 | 已达到每日最大交易次数限制: 5
2025-06-12 10:10:20 | WARNING  | src.bot.trading_bot:_check_signals:209 | 信号执行失败: SHORT
2025-06-12 10:10:24 | INFO     | src.trading.executor:update_account_info:125 | 账户更新: 总值$99476.60, 买入力$391982.42
2025-06-12 10:10:24 | DEBUG    | src.bot.trading_bot:_update_market_data:177 | 市场数据更新完成
2025-06-12 10:10:24 | INFO     | src.strategy.signals:generate_signals:468 | 生成信号: SHORT - VWAP空头突破: 偏离-0.16%, MACD转负
2025-06-12 10:10:24 | INFO     | src.bot.trading_bot:_check_signals:195 | 检测到信号: SHORT 置信度: 0.85 原因: VWAP空头突破: 偏离-0.16%, MACD转负
2025-06-12 10:10:24 | INFO     | src.utils.notifications:send_message:63 | [GENERAL] 📡 交易信号
类型: SHORT
强度: MEDIUM
置信度: 0.85
价格: $598.69
原因: VWAP空头突破: 偏离-0.16%, MACD转负
2025-06-12 10:10:24 | WARNING  | src.trading.executor:_check_trading_limits:301 | 已达到每日最大交易次数限制: 5
2025-06-12 10:10:24 | WARNING  | src.bot.trading_bot:_check_signals:209 | 信号执行失败: SHORT
2025-06-12 10:10:27 | INFO     | src.trading.executor:update_account_info:125 | 账户更新: 总值$99498.60, 买入力$391982.42
2025-06-12 10:10:27 | DEBUG    | src.bot.trading_bot:_update_market_data:177 | 市场数据更新完成
2025-06-12 10:10:27 | INFO     | src.strategy.signals:generate_signals:468 | 生成信号: SHORT - VWAP空头突破: 偏离-0.17%, MACD转负
2025-06-12 10:10:27 | INFO     | src.bot.trading_bot:_check_signals:195 | 检测到信号: SHORT 置信度: 0.85 原因: VWAP空头突破: 偏离-0.17%, MACD转负
2025-06-12 10:10:27 | INFO     | src.utils.notifications:send_message:63 | [GENERAL] 📡 交易信号
类型: SHORT
强度: MEDIUM
置信度: 0.85
价格: $598.63
原因: VWAP空头突破: 偏离-0.17%, MACD转负
2025-06-12 10:10:27 | WARNING  | src.trading.executor:_check_trading_limits:301 | 已达到每日最大交易次数限制: 5
2025-06-12 10:10:27 | WARNING  | src.bot.trading_bot:_check_signals:209 | 信号执行失败: SHORT
2025-06-12 10:10:31 | INFO     | src.trading.executor:update_account_info:125 | 账户更新: 总值$99498.60, 买入力$391982.42
2025-06-12 10:10:31 | DEBUG    | src.bot.trading_bot:_update_market_data:177 | 市场数据更新完成
2025-06-12 10:10:31 | INFO     | src.strategy.signals:generate_signals:468 | 生成信号: SHORT - VWAP空头突破: 偏离-0.17%, MACD转负
2025-06-12 10:10:31 | INFO     | src.bot.trading_bot:_check_signals:195 | 检测到信号: SHORT 置信度: 0.85 原因: VWAP空头突破: 偏离-0.17%, MACD转负
2025-06-12 10:10:31 | INFO     | src.utils.notifications:send_message:63 | [GENERAL] 📡 交易信号
类型: SHORT
强度: MEDIUM
置信度: 0.85
价格: $598.63
原因: VWAP空头突破: 偏离-0.17%, MACD转负
2025-06-12 10:10:31 | WARNING  | src.trading.executor:_check_trading_limits:301 | 已达到每日最大交易次数限制: 5
2025-06-12 10:10:31 | WARNING  | src.bot.trading_bot:_check_signals:209 | 信号执行失败: SHORT
2025-06-12 10:10:34 | INFO     | src.trading.executor:update_account_info:125 | 账户更新: 总值$99487.60, 买入力$391982.42
2025-06-12 10:10:34 | DEBUG    | src.bot.trading_bot:_update_market_data:177 | 市场数据更新完成
2025-06-12 10:10:34 | INFO     | src.strategy.signals:generate_signals:468 | 生成信号: SHORT - VWAP空头突破: 偏离-0.17%, MACD转负
2025-06-12 10:10:34 | INFO     | src.bot.trading_bot:_check_signals:195 | 检测到信号: SHORT 置信度: 0.85 原因: VWAP空头突破: 偏离-0.17%, MACD转负
2025-06-12 10:10:34 | INFO     | src.utils.notifications:send_message:63 | [GENERAL] 📡 交易信号
类型: SHORT
强度: MEDIUM
置信度: 0.85
价格: $598.63
原因: VWAP空头突破: 偏离-0.17%, MACD转负
2025-06-12 10:10:34 | WARNING  | src.trading.executor:_check_trading_limits:301 | 已达到每日最大交易次数限制: 5
2025-06-12 10:10:34 | WARNING  | src.bot.trading_bot:_check_signals:209 | 信号执行失败: SHORT
2025-06-12 10:10:37 | INFO     | src.trading.executor:update_account_info:125 | 账户更新: 总值$99498.60, 买入力$391982.42
2025-06-12 10:10:37 | DEBUG    | src.bot.trading_bot:_update_market_data:177 | 市场数据更新完成
2025-06-12 10:10:37 | INFO     | src.strategy.signals:generate_signals:468 | 生成信号: SHORT - VWAP空头突破: 偏离-0.17%, MACD转负
2025-06-12 10:10:37 | INFO     | src.bot.trading_bot:_check_signals:195 | 检测到信号: SHORT 置信度: 0.85 原因: VWAP空头突破: 偏离-0.17%, MACD转负
2025-06-12 10:10:37 | INFO     | src.utils.notifications:send_message:63 | [GENERAL] 📡 交易信号
类型: SHORT
强度: MEDIUM
置信度: 0.85
价格: $598.63
原因: VWAP空头突破: 偏离-0.17%, MACD转负
2025-06-12 10:10:37 | WARNING  | src.trading.executor:_check_trading_limits:301 | 已达到每日最大交易次数限制: 5
2025-06-12 10:10:37 | WARNING  | src.bot.trading_bot:_check_signals:209 | 信号执行失败: SHORT
2025-06-12 10:10:40 | INFO     | src.trading.executor:update_account_info:125 | 账户更新: 总值$99520.60, 买入力$391982.42
2025-06-12 10:10:40 | DEBUG    | src.bot.trading_bot:_update_market_data:177 | 市场数据更新完成
2025-06-12 10:10:40 | INFO     | src.strategy.signals:generate_signals:468 | 生成信号: SHORT - VWAP空头突破: 偏离-0.17%, MACD转负
2025-06-12 10:10:40 | INFO     | src.bot.trading_bot:_check_signals:195 | 检测到信号: SHORT 置信度: 0.85 原因: VWAP空头突破: 偏离-0.17%, MACD转负
2025-06-12 10:10:40 | INFO     | src.utils.notifications:send_message:63 | [GENERAL] 📡 交易信号
类型: SHORT
强度: MEDIUM
置信度: 0.85
价格: $598.63
原因: VWAP空头突破: 偏离-0.17%, MACD转负
2025-06-12 10:10:40 | WARNING  | src.trading.executor:_check_trading_limits:301 | 已达到每日最大交易次数限制: 5
2025-06-12 10:10:40 | WARNING  | src.bot.trading_bot:_check_signals:209 | 信号执行失败: SHORT
2025-06-12 10:10:43 | INFO     | src.trading.executor:update_account_info:125 | 账户更新: 总值$99487.60, 买入力$391982.42
2025-06-12 10:10:43 | DEBUG    | src.bot.trading_bot:_update_market_data:177 | 市场数据更新完成
2025-06-12 10:10:43 | INFO     | src.strategy.signals:generate_signals:468 | 生成信号: SHORT - VWAP空头突破: 偏离-0.17%, MACD转负
2025-06-12 10:10:43 | INFO     | src.bot.trading_bot:_check_signals:195 | 检测到信号: SHORT 置信度: 0.85 原因: VWAP空头突破: 偏离-0.17%, MACD转负
2025-06-12 10:10:43 | INFO     | src.utils.notifications:send_message:63 | [GENERAL] 📡 交易信号
类型: SHORT
强度: MEDIUM
置信度: 0.85
价格: $598.63
原因: VWAP空头突破: 偏离-0.17%, MACD转负
2025-06-12 10:10:43 | WARNING  | src.trading.executor:_check_trading_limits:301 | 已达到每日最大交易次数限制: 5
2025-06-12 10:10:43 | WARNING  | src.bot.trading_bot:_check_signals:209 | 信号执行失败: SHORT
2025-06-12 10:10:47 | INFO     | src.trading.executor:update_account_info:125 | 账户更新: 总值$99465.60, 买入力$391982.42
2025-06-12 10:10:47 | DEBUG    | src.bot.trading_bot:_update_market_data:177 | 市场数据更新完成
2025-06-12 10:10:47 | INFO     | src.strategy.signals:generate_signals:468 | 生成信号: SHORT - VWAP空头突破: 偏离-0.17%, MACD转负
2025-06-12 10:10:47 | INFO     | src.bot.trading_bot:_check_signals:195 | 检测到信号: SHORT 置信度: 0.85 原因: VWAP空头突破: 偏离-0.17%, MACD转负
2025-06-12 10:10:47 | INFO     | src.utils.notifications:send_message:63 | [GENERAL] 📡 交易信号
类型: SHORT
强度: MEDIUM
置信度: 0.85
价格: $598.63
原因: VWAP空头突破: 偏离-0.17%, MACD转负
2025-06-12 10:10:47 | WARNING  | src.trading.executor:_check_trading_limits:301 | 已达到每日最大交易次数限制: 5
2025-06-12 10:10:47 | WARNING  | src.bot.trading_bot:_check_signals:209 | 信号执行失败: SHORT
2025-06-12 10:10:50 | INFO     | src.trading.executor:update_account_info:125 | 账户更新: 总值$99432.60, 买入力$391982.42
2025-06-12 10:10:50 | DEBUG    | src.bot.trading_bot:_update_market_data:177 | 市场数据更新完成
2025-06-12 10:10:50 | INFO     | src.strategy.signals:generate_signals:468 | 生成信号: SHORT - VWAP空头突破: 偏离-0.17%, MACD转负
2025-06-12 10:10:50 | INFO     | src.bot.trading_bot:_check_signals:195 | 检测到信号: SHORT 置信度: 0.85 原因: VWAP空头突破: 偏离-0.17%, MACD转负
2025-06-12 10:10:50 | INFO     | src.utils.notifications:send_message:63 | [GENERAL] 📡 交易信号
类型: SHORT
强度: MEDIUM
置信度: 0.85
价格: $598.63
原因: VWAP空头突破: 偏离-0.17%, MACD转负
2025-06-12 10:10:50 | WARNING  | src.trading.executor:_check_trading_limits:301 | 已达到每日最大交易次数限制: 5
2025-06-12 10:10:50 | WARNING  | src.bot.trading_bot:_check_signals:209 | 信号执行失败: SHORT
2025-06-12 10:10:51 | DEBUG    | src.bot.trading_bot:_update_positions_normal:249 | 📊 常规头寸更新完成
2025-06-12 10:10:53 | INFO     | src.trading.executor:update_account_info:125 | 账户更新: 总值$99322.60, 买入力$391982.42
2025-06-12 10:10:53 | DEBUG    | src.bot.trading_bot:_update_market_data:177 | 市场数据更新完成
2025-06-12 10:10:53 | INFO     | src.strategy.signals:generate_signals:468 | 生成信号: SHORT - VWAP空头突破: 偏离-0.17%, MACD转负
2025-06-12 10:10:53 | INFO     | src.bot.trading_bot:_check_signals:195 | 检测到信号: SHORT 置信度: 0.85 原因: VWAP空头突破: 偏离-0.17%, MACD转负
2025-06-12 10:10:53 | INFO     | src.utils.notifications:send_message:63 | [GENERAL] 📡 交易信号
类型: SHORT
强度: MEDIUM
置信度: 0.85
价格: $598.63
原因: VWAP空头突破: 偏离-0.17%, MACD转负
2025-06-12 10:10:53 | WARNING  | src.trading.executor:_check_trading_limits:301 | 已达到每日最大交易次数限制: 5
2025-06-12 10:10:53 | WARNING  | src.bot.trading_bot:_check_signals:209 | 信号执行失败: SHORT
2025-06-12 10:10:56 | INFO     | src.trading.executor:update_account_info:125 | 账户更新: 总值$99333.60, 买入力$391982.42
2025-06-12 10:10:56 | DEBUG    | src.bot.trading_bot:_update_market_data:177 | 市场数据更新完成
2025-06-12 10:10:56 | INFO     | src.strategy.signals:generate_signals:468 | 生成信号: SHORT - VWAP空头突破: 偏离-0.17%, MACD转负
2025-06-12 10:10:56 | INFO     | src.bot.trading_bot:_check_signals:195 | 检测到信号: SHORT 置信度: 0.85 原因: VWAP空头突破: 偏离-0.17%, MACD转负
2025-06-12 10:10:56 | INFO     | src.utils.notifications:send_message:63 | [GENERAL] 📡 交易信号
类型: SHORT
强度: MEDIUM
置信度: 0.85
价格: $598.63
原因: VWAP空头突破: 偏离-0.17%, MACD转负
2025-06-12 10:10:56 | WARNING  | src.trading.executor:_check_trading_limits:301 | 已达到每日最大交易次数限制: 5
2025-06-12 10:10:56 | WARNING  | src.bot.trading_bot:_check_signals:209 | 信号执行失败: SHORT
2025-06-12 10:10:59 | INFO     | src.trading.executor:update_account_info:125 | 账户更新: 总值$99333.60, 买入力$391982.42
2025-06-12 10:10:59 | DEBUG    | src.bot.trading_bot:_update_market_data:177 | 市场数据更新完成
2025-06-12 10:11:00 | INFO     | src.strategy.signals:generate_signals:468 | 生成信号: SHORT - VWAP空头突破: 偏离-0.17%, MACD转负
2025-06-12 10:11:00 | INFO     | src.bot.trading_bot:_check_signals:195 | 检测到信号: SHORT 置信度: 0.85 原因: VWAP空头突破: 偏离-0.17%, MACD转负
2025-06-12 10:11:00 | INFO     | src.utils.notifications:send_message:63 | [GENERAL] 📡 交易信号
类型: SHORT
强度: MEDIUM
置信度: 0.85
价格: $598.63
原因: VWAP空头突破: 偏离-0.17%, MACD转负
2025-06-12 10:11:00 | WARNING  | src.trading.executor:_check_trading_limits:301 | 已达到每日最大交易次数限制: 5
2025-06-12 10:11:00 | WARNING  | src.bot.trading_bot:_check_signals:209 | 信号执行失败: SHORT
2025-06-12 10:11:03 | INFO     | src.trading.executor:update_account_info:125 | 账户更新: 总值$99344.60, 买入力$391982.42
2025-06-12 10:11:03 | DEBUG    | src.bot.trading_bot:_update_market_data:177 | 市场数据更新完成
2025-06-12 10:11:03 | INFO     | src.strategy.signals:generate_signals:468 | 生成信号: SHORT - VWAP空头突破: 偏离-0.17%, MACD转负
2025-06-12 10:11:03 | INFO     | src.bot.trading_bot:_check_signals:195 | 检测到信号: SHORT 置信度: 0.85 原因: VWAP空头突破: 偏离-0.17%, MACD转负
2025-06-12 10:11:03 | INFO     | src.utils.notifications:send_message:63 | [GENERAL] 📡 交易信号
类型: SHORT
强度: MEDIUM
置信度: 0.85
价格: $598.63
原因: VWAP空头突破: 偏离-0.17%, MACD转负
2025-06-12 10:11:03 | WARNING  | src.trading.executor:_check_trading_limits:301 | 已达到每日最大交易次数限制: 5
2025-06-12 10:11:03 | WARNING  | src.bot.trading_bot:_check_signals:209 | 信号执行失败: SHORT
2025-06-12 10:11:06 | INFO     | src.trading.executor:update_account_info:125 | 账户更新: 总值$99355.60, 买入力$391982.42
2025-06-12 10:11:06 | DEBUG    | src.bot.trading_bot:_update_market_data:177 | 市场数据更新完成
2025-06-12 10:11:06 | INFO     | src.strategy.signals:generate_signals:468 | 生成信号: SHORT - VWAP空头突破: 偏离-0.17%, MACD转负
2025-06-12 10:11:06 | INFO     | src.bot.trading_bot:_check_signals:195 | 检测到信号: SHORT 置信度: 0.85 原因: VWAP空头突破: 偏离-0.17%, MACD转负
2025-06-12 10:11:06 | INFO     | src.utils.notifications:send_message:63 | [GENERAL] 📡 交易信号
类型: SHORT
强度: MEDIUM
置信度: 0.85
价格: $598.63
原因: VWAP空头突破: 偏离-0.17%, MACD转负
2025-06-12 10:11:06 | WARNING  | src.trading.executor:_check_trading_limits:301 | 已达到每日最大交易次数限制: 5
2025-06-12 10:11:06 | WARNING  | src.bot.trading_bot:_check_signals:209 | 信号执行失败: SHORT
2025-06-12 10:11:09 | INFO     | src.trading.executor:update_account_info:125 | 账户更新: 总值$99355.60, 买入力$391982.42
2025-06-12 10:11:09 | DEBUG    | src.bot.trading_bot:_update_market_data:177 | 市场数据更新完成
2025-06-12 10:11:09 | INFO     | src.strategy.signals:generate_signals:468 | 生成信号: SHORT - VWAP空头突破: 偏离-0.17%, MACD转负
2025-06-12 10:11:09 | INFO     | src.bot.trading_bot:_check_signals:195 | 检测到信号: SHORT 置信度: 0.85 原因: VWAP空头突破: 偏离-0.17%, MACD转负
2025-06-12 10:11:09 | INFO     | src.utils.notifications:send_message:63 | [GENERAL] 📡 交易信号
类型: SHORT
强度: MEDIUM
置信度: 0.85
价格: $598.63
原因: VWAP空头突破: 偏离-0.17%, MACD转负
2025-06-12 10:11:09 | WARNING  | src.trading.executor:_check_trading_limits:301 | 已达到每日最大交易次数限制: 5
2025-06-12 10:11:09 | WARNING  | src.bot.trading_bot:_check_signals:209 | 信号执行失败: SHORT
2025-06-12 10:11:13 | INFO     | src.trading.executor:update_account_info:125 | 账户更新: 总值$99355.60, 买入力$391982.42
2025-06-12 10:11:13 | DEBUG    | src.bot.trading_bot:_update_market_data:177 | 市场数据更新完成
2025-06-12 10:11:13 | INFO     | src.strategy.signals:generate_signals:468 | 生成信号: SHORT - VWAP空头突破: 偏离-0.17%, MACD转负
2025-06-12 10:11:13 | INFO     | src.bot.trading_bot:_check_signals:195 | 检测到信号: SHORT 置信度: 0.85 原因: VWAP空头突破: 偏离-0.17%, MACD转负
2025-06-12 10:11:13 | INFO     | src.utils.notifications:send_message:63 | [GENERAL] 📡 交易信号
类型: SHORT
强度: MEDIUM
置信度: 0.85
价格: $598.63
原因: VWAP空头突破: 偏离-0.17%, MACD转负
2025-06-12 10:11:13 | WARNING  | src.trading.executor:_check_trading_limits:301 | 已达到每日最大交易次数限制: 5
2025-06-12 10:11:13 | WARNING  | src.bot.trading_bot:_check_signals:209 | 信号执行失败: SHORT
2025-06-12 10:11:16 | INFO     | src.trading.executor:update_account_info:125 | 账户更新: 总值$99377.60, 买入力$391982.42
2025-06-12 10:11:16 | DEBUG    | src.bot.trading_bot:_update_market_data:177 | 市场数据更新完成
2025-06-12 10:11:16 | INFO     | src.strategy.signals:generate_signals:468 | 生成信号: SHORT - VWAP空头突破: 偏离-0.17%, MACD转负
2025-06-12 10:11:16 | INFO     | src.bot.trading_bot:_check_signals:195 | 检测到信号: SHORT 置信度: 0.85 原因: VWAP空头突破: 偏离-0.17%, MACD转负
2025-06-12 10:11:16 | INFO     | src.utils.notifications:send_message:63 | [GENERAL] 📡 交易信号
类型: SHORT
强度: MEDIUM
置信度: 0.85
价格: $598.63
原因: VWAP空头突破: 偏离-0.17%, MACD转负
2025-06-12 10:11:16 | WARNING  | src.trading.executor:_check_trading_limits:301 | 已达到每日最大交易次数限制: 5
2025-06-12 10:11:16 | WARNING  | src.bot.trading_bot:_check_signals:209 | 信号执行失败: SHORT
2025-06-12 10:11:19 | INFO     | src.trading.executor:update_account_info:125 | 账户更新: 总值$99366.60, 买入力$391982.42
2025-06-12 10:11:19 | DEBUG    | src.bot.trading_bot:_update_market_data:177 | 市场数据更新完成
2025-06-12 10:11:19 | INFO     | src.strategy.signals:generate_signals:468 | 生成信号: SHORT - VWAP空头突破: 偏离-0.17%, MACD转负
2025-06-12 10:11:19 | INFO     | src.bot.trading_bot:_check_signals:195 | 检测到信号: SHORT 置信度: 0.85 原因: VWAP空头突破: 偏离-0.17%, MACD转负
2025-06-12 10:11:19 | INFO     | src.utils.notifications:send_message:63 | [GENERAL] 📡 交易信号
类型: SHORT
强度: MEDIUM
置信度: 0.85
价格: $598.63
原因: VWAP空头突破: 偏离-0.17%, MACD转负
2025-06-12 10:11:19 | WARNING  | src.trading.executor:_check_trading_limits:301 | 已达到每日最大交易次数限制: 5
2025-06-12 10:11:19 | WARNING  | src.bot.trading_bot:_check_signals:209 | 信号执行失败: SHORT
2025-06-12 10:11:22 | INFO     | src.trading.executor:update_account_info:125 | 账户更新: 总值$99399.60, 买入力$391982.42
2025-06-12 10:11:22 | DEBUG    | src.bot.trading_bot:_update_market_data:177 | 市场数据更新完成
2025-06-12 10:11:22 | INFO     | src.strategy.signals:generate_signals:468 | 生成信号: SHORT - VWAP空头突破: 偏离-0.17%, MACD转负
2025-06-12 10:11:22 | INFO     | src.bot.trading_bot:_check_signals:195 | 检测到信号: SHORT 置信度: 0.85 原因: VWAP空头突破: 偏离-0.17%, MACD转负
2025-06-12 10:11:22 | INFO     | src.utils.notifications:send_message:63 | [GENERAL] 📡 交易信号
类型: SHORT
强度: MEDIUM
置信度: 0.85
价格: $598.63
原因: VWAP空头突破: 偏离-0.17%, MACD转负
2025-06-12 10:11:22 | WARNING  | src.trading.executor:_check_trading_limits:301 | 已达到每日最大交易次数限制: 5
2025-06-12 10:11:22 | WARNING  | src.bot.trading_bot:_check_signals:209 | 信号执行失败: SHORT
2025-06-12 10:11:25 | INFO     | src.trading.executor:update_account_info:125 | 账户更新: 总值$99388.60, 买入力$391982.42
2025-06-12 10:11:25 | DEBUG    | src.bot.trading_bot:_update_market_data:177 | 市场数据更新完成
2025-06-12 10:11:25 | INFO     | src.strategy.signals:generate_signals:468 | 生成信号: SHORT - VWAP空头突破: 偏离-0.17%, MACD转负
2025-06-12 10:11:25 | INFO     | src.bot.trading_bot:_check_signals:195 | 检测到信号: SHORT 置信度: 0.85 原因: VWAP空头突破: 偏离-0.17%, MACD转负
2025-06-12 10:11:25 | INFO     | src.utils.notifications:send_message:63 | [GENERAL] 📡 交易信号
类型: SHORT
强度: MEDIUM
置信度: 0.85
价格: $598.63
原因: VWAP空头突破: 偏离-0.17%, MACD转负
2025-06-12 10:11:25 | WARNING  | src.trading.executor:_check_trading_limits:301 | 已达到每日最大交易次数限制: 5
2025-06-12 10:11:25 | WARNING  | src.bot.trading_bot:_check_signals:209 | 信号执行失败: SHORT
2025-06-12 10:11:29 | INFO     | src.trading.executor:update_account_info:125 | 账户更新: 总值$99377.60, 买入力$391982.42
2025-06-12 10:11:29 | DEBUG    | src.bot.trading_bot:_update_market_data:177 | 市场数据更新完成
2025-06-12 10:11:29 | INFO     | src.strategy.signals:generate_signals:468 | 生成信号: SHORT - VWAP空头突破: 偏离-0.17%, MACD转负
2025-06-12 10:11:29 | INFO     | src.bot.trading_bot:_check_signals:195 | 检测到信号: SHORT 置信度: 0.85 原因: VWAP空头突破: 偏离-0.17%, MACD转负
2025-06-12 10:11:29 | INFO     | src.utils.notifications:send_message:63 | [GENERAL] 📡 交易信号
类型: SHORT
强度: MEDIUM
置信度: 0.85
价格: $598.63
原因: VWAP空头突破: 偏离-0.17%, MACD转负
2025-06-12 10:11:29 | WARNING  | src.trading.executor:_check_trading_limits:301 | 已达到每日最大交易次数限制: 5
2025-06-12 10:11:29 | WARNING  | src.bot.trading_bot:_check_signals:209 | 信号执行失败: SHORT
2025-06-12 10:11:32 | INFO     | src.trading.executor:update_account_info:125 | 账户更新: 总值$99454.60, 买入力$391982.42
2025-06-12 10:11:32 | DEBUG    | src.bot.trading_bot:_update_market_data:177 | 市场数据更新完成
2025-06-12 10:11:35 | INFO     | src.trading.executor:update_account_info:125 | 账户更新: 总值$99432.60, 买入力$391982.42
2025-06-12 10:11:35 | DEBUG    | src.bot.trading_bot:_update_market_data:177 | 市场数据更新完成
2025-06-12 10:11:38 | INFO     | src.trading.executor:update_account_info:125 | 账户更新: 总值$99443.60, 买入力$391982.42
2025-06-12 10:11:38 | DEBUG    | src.bot.trading_bot:_update_market_data:177 | 市场数据更新完成
2025-06-12 10:11:42 | INFO     | src.trading.executor:update_account_info:125 | 账户更新: 总值$99454.60, 买入力$391982.42
2025-06-12 10:11:42 | DEBUG    | src.bot.trading_bot:_update_market_data:177 | 市场数据更新完成
2025-06-12 10:11:45 | INFO     | src.trading.executor:update_account_info:125 | 账户更新: 总值$99476.60, 买入力$391982.42
2025-06-12 10:11:45 | DEBUG    | src.bot.trading_bot:_update_market_data:177 | 市场数据更新完成
2025-06-12 10:11:48 | INFO     | src.trading.executor:update_account_info:125 | 账户更新: 总值$99476.60, 买入力$391982.42
2025-06-12 10:11:48 | DEBUG    | src.bot.trading_bot:_update_market_data:177 | 市场数据更新完成
2025-06-12 10:11:51 | DEBUG    | src.bot.trading_bot:_update_positions_normal:249 | 📊 常规头寸更新完成
2025-06-12 10:11:51 | INFO     | src.trading.executor:update_account_info:125 | 账户更新: 总值$99465.60, 买入力$391982.42
2025-06-12 10:11:51 | DEBUG    | src.bot.trading_bot:_update_market_data:177 | 市场数据更新完成
2025-06-12 10:11:54 | INFO     | src.trading.executor:update_account_info:125 | 账户更新: 总值$99465.60, 买入力$391982.42
2025-06-12 10:11:54 | DEBUG    | src.bot.trading_bot:_update_market_data:177 | 市场数据更新完成
2025-06-12 10:11:58 | INFO     | src.trading.executor:update_account_info:125 | 账户更新: 总值$99465.60, 买入力$391982.42
2025-06-12 10:11:58 | DEBUG    | src.bot.trading_bot:_update_market_data:177 | 市场数据更新完成
2025-06-12 10:12:01 | INFO     | src.trading.executor:update_account_info:125 | 账户更新: 总值$99465.60, 买入力$391982.42
2025-06-12 10:12:01 | DEBUG    | src.bot.trading_bot:_update_market_data:177 | 市场数据更新完成
2025-06-12 10:12:04 | INFO     | src.trading.executor:update_account_info:125 | 账户更新: 总值$99465.60, 买入力$391982.42
2025-06-12 10:12:04 | DEBUG    | src.bot.trading_bot:_update_market_data:177 | 市场数据更新完成
2025-06-12 10:12:04 | INFO     | src.strategy.signals:generate_signals:468 | 生成信号: SHORT - VWAP空头突破: 偏离-0.19%, MACD转负
2025-06-12 10:12:04 | INFO     | src.bot.trading_bot:_check_signals:195 | 检测到信号: SHORT 置信度: 0.85 原因: VWAP空头突破: 偏离-0.19%, MACD转负
2025-06-12 10:12:04 | INFO     | src.utils.notifications:send_message:63 | [GENERAL] 📡 交易信号
类型: SHORT
强度: MEDIUM
置信度: 0.85
价格: $598.49
原因: VWAP空头突破: 偏离-0.19%, MACD转负
2025-06-12 10:12:04 | WARNING  | src.trading.executor:_check_trading_limits:301 | 已达到每日最大交易次数限制: 5
2025-06-12 10:12:04 | WARNING  | src.bot.trading_bot:_check_signals:209 | 信号执行失败: SHORT
2025-06-12 10:12:07 | INFO     | src.trading.executor:update_account_info:125 | 账户更新: 总值$99465.60, 买入力$391982.42
2025-06-12 10:12:07 | DEBUG    | src.bot.trading_bot:_update_market_data:177 | 市场数据更新完成
2025-06-12 10:12:07 | INFO     | src.strategy.signals:generate_signals:468 | 生成信号: SHORT - VWAP空头突破: 偏离-0.19%, MACD转负
2025-06-12 10:12:07 | INFO     | src.bot.trading_bot:_check_signals:195 | 检测到信号: SHORT 置信度: 0.85 原因: VWAP空头突破: 偏离-0.19%, MACD转负
2025-06-12 10:12:07 | INFO     | src.utils.notifications:send_message:63 | [GENERAL] 📡 交易信号
类型: SHORT
强度: MEDIUM
置信度: 0.85
价格: $598.49
原因: VWAP空头突破: 偏离-0.19%, MACD转负
2025-06-12 10:12:07 | WARNING  | src.trading.executor:_check_trading_limits:301 | 已达到每日最大交易次数限制: 5
2025-06-12 10:12:07 | WARNING  | src.bot.trading_bot:_check_signals:209 | 信号执行失败: SHORT
2025-06-12 10:12:11 | INFO     | src.trading.executor:update_account_info:125 | 账户更新: 总值$99454.60, 买入力$391982.42
2025-06-12 10:12:11 | DEBUG    | src.bot.trading_bot:_update_market_data:177 | 市场数据更新完成
2025-06-12 10:12:11 | INFO     | src.strategy.signals:generate_signals:468 | 生成信号: SHORT - VWAP空头突破: 偏离-0.19%, MACD转负
2025-06-12 10:12:11 | INFO     | src.bot.trading_bot:_check_signals:195 | 检测到信号: SHORT 置信度: 0.85 原因: VWAP空头突破: 偏离-0.19%, MACD转负
2025-06-12 10:12:11 | INFO     | src.utils.notifications:send_message:63 | [GENERAL] 📡 交易信号
类型: SHORT
强度: MEDIUM
置信度: 0.85
价格: $598.49
原因: VWAP空头突破: 偏离-0.19%, MACD转负
2025-06-12 10:12:11 | WARNING  | src.trading.executor:_check_trading_limits:301 | 已达到每日最大交易次数限制: 5
2025-06-12 10:12:11 | WARNING  | src.bot.trading_bot:_check_signals:209 | 信号执行失败: SHORT
2025-06-12 10:12:14 | INFO     | src.trading.executor:update_account_info:125 | 账户更新: 总值$99465.60, 买入力$391982.42
2025-06-12 10:12:14 | DEBUG    | src.bot.trading_bot:_update_market_data:177 | 市场数据更新完成
2025-06-12 10:12:14 | INFO     | src.strategy.signals:generate_signals:468 | 生成信号: SHORT - VWAP空头突破: 偏离-0.19%, MACD转负
2025-06-12 10:12:14 | INFO     | src.bot.trading_bot:_check_signals:195 | 检测到信号: SHORT 置信度: 0.85 原因: VWAP空头突破: 偏离-0.19%, MACD转负
2025-06-12 10:12:14 | INFO     | src.utils.notifications:send_message:63 | [GENERAL] 📡 交易信号
类型: SHORT
强度: MEDIUM
置信度: 0.85
价格: $598.49
原因: VWAP空头突破: 偏离-0.19%, MACD转负
2025-06-12 10:12:14 | WARNING  | src.trading.executor:_check_trading_limits:301 | 已达到每日最大交易次数限制: 5
2025-06-12 10:12:14 | WARNING  | src.bot.trading_bot:_check_signals:209 | 信号执行失败: SHORT
2025-06-12 10:12:17 | INFO     | src.trading.executor:update_account_info:125 | 账户更新: 总值$99465.60, 买入力$391982.42
2025-06-12 10:12:17 | DEBUG    | src.bot.trading_bot:_update_market_data:177 | 市场数据更新完成
2025-06-12 10:12:17 | INFO     | src.strategy.signals:generate_signals:468 | 生成信号: SHORT - VWAP空头突破: 偏离-0.19%, MACD转负
2025-06-12 10:12:17 | INFO     | src.bot.trading_bot:_check_signals:195 | 检测到信号: SHORT 置信度: 0.85 原因: VWAP空头突破: 偏离-0.19%, MACD转负
2025-06-12 10:12:17 | INFO     | src.utils.notifications:send_message:63 | [GENERAL] 📡 交易信号
类型: SHORT
强度: MEDIUM
置信度: 0.85
价格: $598.49
原因: VWAP空头突破: 偏离-0.19%, MACD转负
2025-06-12 10:12:17 | WARNING  | src.trading.executor:_check_trading_limits:301 | 已达到每日最大交易次数限制: 5
2025-06-12 10:12:17 | WARNING  | src.bot.trading_bot:_check_signals:209 | 信号执行失败: SHORT
2025-06-12 10:12:20 | INFO     | src.trading.executor:update_account_info:125 | 账户更新: 总值$99454.60, 买入力$391982.42
2025-06-12 10:12:20 | DEBUG    | src.bot.trading_bot:_update_market_data:177 | 市场数据更新完成
2025-06-12 10:12:20 | INFO     | src.strategy.signals:generate_signals:468 | 生成信号: SHORT - VWAP空头突破: 偏离-0.19%, MACD转负
2025-06-12 10:12:20 | INFO     | src.bot.trading_bot:_check_signals:195 | 检测到信号: SHORT 置信度: 0.85 原因: VWAP空头突破: 偏离-0.19%, MACD转负
2025-06-12 10:12:20 | INFO     | src.utils.notifications:send_message:63 | [GENERAL] 📡 交易信号
类型: SHORT
强度: MEDIUM
置信度: 0.85
价格: $598.49
原因: VWAP空头突破: 偏离-0.19%, MACD转负
2025-06-12 10:12:20 | WARNING  | src.trading.executor:_check_trading_limits:301 | 已达到每日最大交易次数限制: 5
2025-06-12 10:12:20 | WARNING  | src.bot.trading_bot:_check_signals:209 | 信号执行失败: SHORT
2025-06-12 10:12:23 | INFO     | src.trading.executor:update_account_info:125 | 账户更新: 总值$99454.60, 买入力$391982.42
2025-06-12 10:12:23 | DEBUG    | src.bot.trading_bot:_update_market_data:177 | 市场数据更新完成
2025-06-12 10:12:24 | INFO     | src.strategy.signals:generate_signals:468 | 生成信号: SHORT - VWAP空头突破: 偏离-0.19%, MACD转负
2025-06-12 10:12:24 | INFO     | src.bot.trading_bot:_check_signals:195 | 检测到信号: SHORT 置信度: 0.85 原因: VWAP空头突破: 偏离-0.19%, MACD转负
2025-06-12 10:12:24 | INFO     | src.utils.notifications:send_message:63 | [GENERAL] 📡 交易信号
类型: SHORT
强度: MEDIUM
置信度: 0.85
价格: $598.49
原因: VWAP空头突破: 偏离-0.19%, MACD转负
2025-06-12 10:12:24 | WARNING  | src.trading.executor:_check_trading_limits:301 | 已达到每日最大交易次数限制: 5
2025-06-12 10:12:24 | WARNING  | src.bot.trading_bot:_check_signals:209 | 信号执行失败: SHORT
2025-06-12 10:12:27 | INFO     | src.trading.executor:update_account_info:125 | 账户更新: 总值$99465.60, 买入力$391982.42
2025-06-12 10:12:27 | DEBUG    | src.bot.trading_bot:_update_market_data:177 | 市场数据更新完成
2025-06-12 10:12:27 | INFO     | src.strategy.signals:generate_signals:468 | 生成信号: SHORT - VWAP空头突破: 偏离-0.19%, MACD转负
2025-06-12 10:12:27 | INFO     | src.bot.trading_bot:_check_signals:195 | 检测到信号: SHORT 置信度: 0.85 原因: VWAP空头突破: 偏离-0.19%, MACD转负
2025-06-12 10:12:27 | INFO     | src.utils.notifications:send_message:63 | [GENERAL] 📡 交易信号
类型: SHORT
强度: MEDIUM
置信度: 0.85
价格: $598.49
原因: VWAP空头突破: 偏离-0.19%, MACD转负
2025-06-12 10:12:27 | WARNING  | src.trading.executor:_check_trading_limits:301 | 已达到每日最大交易次数限制: 5
2025-06-12 10:12:27 | WARNING  | src.bot.trading_bot:_check_signals:209 | 信号执行失败: SHORT
2025-06-12 10:12:30 | INFO     | src.trading.executor:update_account_info:125 | 账户更新: 总值$99454.60, 买入力$391982.42
2025-06-12 10:12:30 | DEBUG    | src.bot.trading_bot:_update_market_data:177 | 市场数据更新完成
2025-06-12 10:12:30 | INFO     | src.strategy.signals:generate_signals:468 | 生成信号: SHORT - VWAP空头突破: 偏离-0.19%, MACD转负
2025-06-12 10:12:30 | INFO     | src.bot.trading_bot:_check_signals:195 | 检测到信号: SHORT 置信度: 0.85 原因: VWAP空头突破: 偏离-0.19%, MACD转负
2025-06-12 10:12:30 | INFO     | src.utils.notifications:send_message:63 | [GENERAL] 📡 交易信号
类型: SHORT
强度: MEDIUM
置信度: 0.85
价格: $598.49
原因: VWAP空头突破: 偏离-0.19%, MACD转负
2025-06-12 10:12:30 | WARNING  | src.trading.executor:_check_trading_limits:301 | 已达到每日最大交易次数限制: 5
2025-06-12 10:12:30 | WARNING  | src.bot.trading_bot:_check_signals:209 | 信号执行失败: SHORT
2025-06-12 10:12:33 | INFO     | src.trading.executor:update_account_info:125 | 账户更新: 总值$99465.60, 买入力$391982.42
2025-06-12 10:12:33 | DEBUG    | src.bot.trading_bot:_update_market_data:177 | 市场数据更新完成
2025-06-12 10:12:33 | INFO     | src.strategy.signals:generate_signals:468 | 生成信号: SHORT - VWAP空头突破: 偏离-0.19%, MACD转负
2025-06-12 10:12:33 | INFO     | src.bot.trading_bot:_check_signals:195 | 检测到信号: SHORT 置信度: 0.85 原因: VWAP空头突破: 偏离-0.19%, MACD转负
2025-06-12 10:12:33 | INFO     | src.utils.notifications:send_message:63 | [GENERAL] 📡 交易信号
类型: SHORT
强度: MEDIUM
置信度: 0.85
价格: $598.49
原因: VWAP空头突破: 偏离-0.19%, MACD转负
2025-06-12 10:12:33 | WARNING  | src.trading.executor:_check_trading_limits:301 | 已达到每日最大交易次数限制: 5
2025-06-12 10:12:33 | WARNING  | src.bot.trading_bot:_check_signals:209 | 信号执行失败: SHORT
2025-06-12 10:12:36 | INFO     | src.trading.executor:update_account_info:125 | 账户更新: 总值$99476.60, 买入力$391982.42
2025-06-12 10:12:36 | DEBUG    | src.bot.trading_bot:_update_market_data:177 | 市场数据更新完成
2025-06-12 10:12:37 | INFO     | src.strategy.signals:generate_signals:468 | 生成信号: SHORT - VWAP空头突破: 偏离-0.19%, MACD转负
2025-06-12 10:12:37 | INFO     | src.bot.trading_bot:_check_signals:195 | 检测到信号: SHORT 置信度: 0.85 原因: VWAP空头突破: 偏离-0.19%, MACD转负
2025-06-12 10:12:37 | INFO     | src.utils.notifications:send_message:63 | [GENERAL] 📡 交易信号
类型: SHORT
强度: MEDIUM
置信度: 0.85
价格: $598.49
原因: VWAP空头突破: 偏离-0.19%, MACD转负
2025-06-12 10:12:37 | WARNING  | src.trading.executor:_check_trading_limits:301 | 已达到每日最大交易次数限制: 5
2025-06-12 10:12:37 | WARNING  | src.bot.trading_bot:_check_signals:209 | 信号执行失败: SHORT
2025-06-12 10:12:40 | INFO     | src.trading.executor:update_account_info:125 | 账户更新: 总值$99476.60, 买入力$391982.42
2025-06-12 10:12:40 | DEBUG    | src.bot.trading_bot:_update_market_data:177 | 市场数据更新完成
2025-06-12 10:12:40 | INFO     | src.strategy.signals:generate_signals:468 | 生成信号: SHORT - VWAP空头突破: 偏离-0.19%, MACD转负
2025-06-12 10:12:40 | INFO     | src.bot.trading_bot:_check_signals:195 | 检测到信号: SHORT 置信度: 0.85 原因: VWAP空头突破: 偏离-0.19%, MACD转负
2025-06-12 10:12:40 | INFO     | src.utils.notifications:send_message:63 | [GENERAL] 📡 交易信号
类型: SHORT
强度: MEDIUM
置信度: 0.85
价格: $598.49
原因: VWAP空头突破: 偏离-0.19%, MACD转负
2025-06-12 10:12:40 | WARNING  | src.trading.executor:_check_trading_limits:301 | 已达到每日最大交易次数限制: 5
2025-06-12 10:12:40 | WARNING  | src.bot.trading_bot:_check_signals:209 | 信号执行失败: SHORT
2025-06-12 10:12:43 | INFO     | src.trading.executor:update_account_info:125 | 账户更新: 总值$99531.60, 买入力$391982.42
2025-06-12 10:12:43 | DEBUG    | src.bot.trading_bot:_update_market_data:177 | 市场数据更新完成
2025-06-12 10:12:43 | INFO     | src.strategy.signals:generate_signals:468 | 生成信号: SHORT - VWAP空头突破: 偏离-0.19%, MACD转负
2025-06-12 10:12:43 | INFO     | src.bot.trading_bot:_check_signals:195 | 检测到信号: SHORT 置信度: 0.85 原因: VWAP空头突破: 偏离-0.19%, MACD转负
2025-06-12 10:12:43 | INFO     | src.utils.notifications:send_message:63 | [GENERAL] 📡 交易信号
类型: SHORT
强度: MEDIUM
置信度: 0.85
价格: $598.49
原因: VWAP空头突破: 偏离-0.19%, MACD转负
2025-06-12 10:12:43 | WARNING  | src.trading.executor:_check_trading_limits:301 | 已达到每日最大交易次数限制: 5
2025-06-12 10:12:43 | WARNING  | src.bot.trading_bot:_check_signals:209 | 信号执行失败: SHORT
2025-06-12 10:12:46 | INFO     | src.trading.executor:update_account_info:125 | 账户更新: 总值$99553.60, 买入力$391982.42
2025-06-12 10:12:46 | DEBUG    | src.bot.trading_bot:_update_market_data:177 | 市场数据更新完成
2025-06-12 10:12:46 | INFO     | src.strategy.signals:generate_signals:468 | 生成信号: SHORT - VWAP空头突破: 偏离-0.19%, MACD转负
2025-06-12 10:12:46 | INFO     | src.bot.trading_bot:_check_signals:195 | 检测到信号: SHORT 置信度: 0.85 原因: VWAP空头突破: 偏离-0.19%, MACD转负
2025-06-12 10:12:46 | INFO     | src.utils.notifications:send_message:63 | [GENERAL] 📡 交易信号
类型: SHORT
强度: MEDIUM
置信度: 0.85
价格: $598.49
原因: VWAP空头突破: 偏离-0.19%, MACD转负
2025-06-12 10:12:46 | WARNING  | src.trading.executor:_check_trading_limits:301 | 已达到每日最大交易次数限制: 5
2025-06-12 10:12:46 | WARNING  | src.bot.trading_bot:_check_signals:209 | 信号执行失败: SHORT
2025-06-12 10:12:49 | INFO     | src.trading.executor:update_account_info:125 | 账户更新: 总值$99564.60, 买入力$391982.42
2025-06-12 10:12:49 | DEBUG    | src.bot.trading_bot:_update_market_data:177 | 市场数据更新完成
2025-06-12 10:12:49 | INFO     | src.strategy.signals:generate_signals:468 | 生成信号: SHORT - VWAP空头突破: 偏离-0.19%, MACD转负
2025-06-12 10:12:49 | INFO     | src.bot.trading_bot:_check_signals:195 | 检测到信号: SHORT 置信度: 0.85 原因: VWAP空头突破: 偏离-0.19%, MACD转负
2025-06-12 10:12:49 | INFO     | src.utils.notifications:send_message:63 | [GENERAL] 📡 交易信号
类型: SHORT
强度: MEDIUM
置信度: 0.85
价格: $598.49
原因: VWAP空头突破: 偏离-0.19%, MACD转负
2025-06-12 10:12:49 | WARNING  | src.trading.executor:_check_trading_limits:301 | 已达到每日最大交易次数限制: 5
2025-06-12 10:12:49 | WARNING  | src.bot.trading_bot:_check_signals:209 | 信号执行失败: SHORT
2025-06-12 10:12:51 | DEBUG    | src.bot.trading_bot:_update_positions_normal:249 | 📊 常规头寸更新完成
2025-06-12 10:12:53 | INFO     | src.trading.executor:update_account_info:125 | 账户更新: 总值$99553.60, 买入力$391982.42
2025-06-12 10:12:53 | DEBUG    | src.bot.trading_bot:_update_market_data:177 | 市场数据更新完成
2025-06-12 10:12:53 | INFO     | src.strategy.signals:generate_signals:468 | 生成信号: SHORT - VWAP空头突破: 偏离-0.19%, MACD转负
2025-06-12 10:12:53 | INFO     | src.bot.trading_bot:_check_signals:195 | 检测到信号: SHORT 置信度: 0.85 原因: VWAP空头突破: 偏离-0.19%, MACD转负
2025-06-12 10:12:53 | INFO     | src.utils.notifications:send_message:63 | [GENERAL] 📡 交易信号
类型: SHORT
强度: MEDIUM
置信度: 0.85
价格: $598.49
原因: VWAP空头突破: 偏离-0.19%, MACD转负
2025-06-12 10:12:53 | WARNING  | src.trading.executor:_check_trading_limits:301 | 已达到每日最大交易次数限制: 5
2025-06-12 10:12:53 | WARNING  | src.bot.trading_bot:_check_signals:209 | 信号执行失败: SHORT
2025-06-12 10:12:56 | INFO     | src.trading.executor:update_account_info:125 | 账户更新: 总值$99575.60, 买入力$391982.42
2025-06-12 10:12:56 | DEBUG    | src.bot.trading_bot:_update_market_data:177 | 市场数据更新完成
2025-06-12 10:12:56 | INFO     | src.strategy.signals:generate_signals:468 | 生成信号: SHORT - VWAP空头突破: 偏离-0.19%, MACD转负
2025-06-12 10:12:56 | INFO     | src.bot.trading_bot:_check_signals:195 | 检测到信号: SHORT 置信度: 0.85 原因: VWAP空头突破: 偏离-0.19%, MACD转负
2025-06-12 10:12:56 | INFO     | src.utils.notifications:send_message:63 | [GENERAL] 📡 交易信号
类型: SHORT
强度: MEDIUM
置信度: 0.85
价格: $598.49
原因: VWAP空头突破: 偏离-0.19%, MACD转负
2025-06-12 10:12:56 | WARNING  | src.trading.executor:_check_trading_limits:301 | 已达到每日最大交易次数限制: 5
2025-06-12 10:12:56 | WARNING  | src.bot.trading_bot:_check_signals:209 | 信号执行失败: SHORT
2025-06-12 10:12:59 | INFO     | src.trading.executor:update_account_info:125 | 账户更新: 总值$99542.60, 买入力$391982.42
2025-06-12 10:12:59 | DEBUG    | src.bot.trading_bot:_update_market_data:177 | 市场数据更新完成
2025-06-12 10:12:59 | INFO     | src.strategy.signals:generate_signals:468 | 生成信号: SHORT - VWAP空头突破: 偏离-0.19%, MACD转负
2025-06-12 10:12:59 | INFO     | src.bot.trading_bot:_check_signals:195 | 检测到信号: SHORT 置信度: 0.85 原因: VWAP空头突破: 偏离-0.19%, MACD转负
2025-06-12 10:12:59 | INFO     | src.utils.notifications:send_message:63 | [GENERAL] 📡 交易信号
类型: SHORT
强度: MEDIUM
置信度: 0.85
价格: $598.49
原因: VWAP空头突破: 偏离-0.19%, MACD转负
2025-06-12 10:12:59 | WARNING  | src.trading.executor:_check_trading_limits:301 | 已达到每日最大交易次数限制: 5
2025-06-12 10:12:59 | WARNING  | src.bot.trading_bot:_check_signals:209 | 信号执行失败: SHORT
2025-06-12 10:13:02 | INFO     | src.trading.executor:update_account_info:125 | 账户更新: 总值$99531.60, 买入力$391982.42
2025-06-12 10:13:02 | DEBUG    | src.bot.trading_bot:_update_market_data:177 | 市场数据更新完成
2025-06-12 10:13:02 | INFO     | src.strategy.signals:generate_signals:468 | 生成信号: SHORT - VWAP空头突破: 偏离-0.19%, MACD转负
2025-06-12 10:13:02 | INFO     | src.bot.trading_bot:_check_signals:195 | 检测到信号: SHORT 置信度: 0.85 原因: VWAP空头突破: 偏离-0.19%, MACD转负
2025-06-12 10:13:02 | INFO     | src.utils.notifications:send_message:63 | [GENERAL] 📡 交易信号
类型: SHORT
强度: MEDIUM
置信度: 0.85
价格: $598.49
原因: VWAP空头突破: 偏离-0.19%, MACD转负
2025-06-12 10:13:02 | WARNING  | src.trading.executor:_check_trading_limits:301 | 已达到每日最大交易次数限制: 5
2025-06-12 10:13:02 | WARNING  | src.bot.trading_bot:_check_signals:209 | 信号执行失败: SHORT
2025-06-12 10:13:06 | INFO     | src.trading.executor:update_account_info:125 | 账户更新: 总值$99509.60, 买入力$391982.42
2025-06-12 10:13:06 | DEBUG    | src.bot.trading_bot:_update_market_data:177 | 市场数据更新完成
2025-06-12 10:13:06 | INFO     | src.strategy.signals:generate_signals:468 | 生成信号: SHORT - VWAP空头突破: 偏离-0.19%, MACD转负
2025-06-12 10:13:06 | INFO     | src.bot.trading_bot:_check_signals:195 | 检测到信号: SHORT 置信度: 0.85 原因: VWAP空头突破: 偏离-0.19%, MACD转负
2025-06-12 10:13:06 | INFO     | src.utils.notifications:send_message:63 | [GENERAL] 📡 交易信号
类型: SHORT
强度: MEDIUM
置信度: 0.85
价格: $598.49
原因: VWAP空头突破: 偏离-0.19%, MACD转负
2025-06-12 10:13:06 | WARNING  | src.trading.executor:_check_trading_limits:301 | 已达到每日最大交易次数限制: 5
2025-06-12 10:13:06 | WARNING  | src.bot.trading_bot:_check_signals:209 | 信号执行失败: SHORT
2025-06-12 10:13:09 | INFO     | src.trading.executor:update_account_info:125 | 账户更新: 总值$99509.60, 买入力$391982.42
2025-06-12 10:13:09 | DEBUG    | src.bot.trading_bot:_update_market_data:177 | 市场数据更新完成
2025-06-12 10:13:09 | INFO     | src.strategy.signals:generate_signals:468 | 生成信号: SHORT - VWAP空头突破: 偏离-0.19%, MACD转负
2025-06-12 10:13:09 | INFO     | src.bot.trading_bot:_check_signals:195 | 检测到信号: SHORT 置信度: 0.85 原因: VWAP空头突破: 偏离-0.19%, MACD转负
2025-06-12 10:13:09 | INFO     | src.utils.notifications:send_message:63 | [GENERAL] 📡 交易信号
类型: SHORT
强度: MEDIUM
置信度: 0.85
价格: $598.51
原因: VWAP空头突破: 偏离-0.19%, MACD转负
2025-06-12 10:13:09 | WARNING  | src.trading.executor:_check_trading_limits:301 | 已达到每日最大交易次数限制: 5
2025-06-12 10:13:09 | WARNING  | src.bot.trading_bot:_check_signals:209 | 信号执行失败: SHORT
2025-06-12 10:13:12 | INFO     | src.trading.executor:update_account_info:125 | 账户更新: 总值$99509.60, 买入力$391982.42
2025-06-12 10:13:12 | DEBUG    | src.bot.trading_bot:_update_market_data:177 | 市场数据更新完成
2025-06-12 10:13:12 | INFO     | src.strategy.signals:generate_signals:468 | 生成信号: SHORT - VWAP空头突破: 偏离-0.19%, MACD转负
2025-06-12 10:13:12 | INFO     | src.bot.trading_bot:_check_signals:195 | 检测到信号: SHORT 置信度: 0.85 原因: VWAP空头突破: 偏离-0.19%, MACD转负
2025-06-12 10:13:12 | INFO     | src.utils.notifications:send_message:63 | [GENERAL] 📡 交易信号
类型: SHORT
强度: MEDIUM
置信度: 0.85
价格: $598.51
原因: VWAP空头突破: 偏离-0.19%, MACD转负
2025-06-12 10:13:12 | WARNING  | src.trading.executor:_check_trading_limits:301 | 已达到每日最大交易次数限制: 5
2025-06-12 10:13:12 | WARNING  | src.bot.trading_bot:_check_signals:209 | 信号执行失败: SHORT
2025-06-12 10:13:15 | INFO     | src.trading.executor:update_account_info:125 | 账户更新: 总值$99498.60, 买入力$391982.42
2025-06-12 10:13:15 | DEBUG    | src.bot.trading_bot:_update_market_data:177 | 市场数据更新完成
2025-06-12 10:13:15 | INFO     | src.strategy.signals:generate_signals:468 | 生成信号: SHORT - VWAP空头突破: 偏离-0.19%, MACD转负
2025-06-12 10:13:15 | INFO     | src.bot.trading_bot:_check_signals:195 | 检测到信号: SHORT 置信度: 0.85 原因: VWAP空头突破: 偏离-0.19%, MACD转负
2025-06-12 10:13:15 | INFO     | src.utils.notifications:send_message:63 | [GENERAL] 📡 交易信号
类型: SHORT
强度: MEDIUM
置信度: 0.85
价格: $598.51
原因: VWAP空头突破: 偏离-0.19%, MACD转负
2025-06-12 10:13:15 | WARNING  | src.trading.executor:_check_trading_limits:301 | 已达到每日最大交易次数限制: 5
2025-06-12 10:13:15 | WARNING  | src.bot.trading_bot:_check_signals:209 | 信号执行失败: SHORT
2025-06-12 10:13:19 | INFO     | src.trading.executor:update_account_info:125 | 账户更新: 总值$99498.60, 买入力$391982.42
2025-06-12 10:13:19 | DEBUG    | src.bot.trading_bot:_update_market_data:177 | 市场数据更新完成
2025-06-12 10:13:19 | INFO     | src.strategy.signals:generate_signals:468 | 生成信号: SHORT - VWAP空头突破: 偏离-0.19%, MACD转负
2025-06-12 10:13:19 | INFO     | src.bot.trading_bot:_check_signals:195 | 检测到信号: SHORT 置信度: 0.85 原因: VWAP空头突破: 偏离-0.19%, MACD转负
2025-06-12 10:13:19 | INFO     | src.utils.notifications:send_message:63 | [GENERAL] 📡 交易信号
类型: SHORT
强度: MEDIUM
置信度: 0.85
价格: $598.51
原因: VWAP空头突破: 偏离-0.19%, MACD转负
2025-06-12 10:13:19 | WARNING  | src.trading.executor:_check_trading_limits:301 | 已达到每日最大交易次数限制: 5
2025-06-12 10:13:19 | WARNING  | src.bot.trading_bot:_check_signals:209 | 信号执行失败: SHORT
2025-06-12 10:13:22 | INFO     | src.trading.executor:update_account_info:125 | 账户更新: 总值$99487.60, 买入力$391982.42
2025-06-12 10:13:22 | DEBUG    | src.bot.trading_bot:_update_market_data:177 | 市场数据更新完成
2025-06-12 10:13:22 | INFO     | src.strategy.signals:generate_signals:468 | 生成信号: SHORT - VWAP空头突破: 偏离-0.19%, MACD转负
2025-06-12 10:13:22 | INFO     | src.bot.trading_bot:_check_signals:195 | 检测到信号: SHORT 置信度: 0.85 原因: VWAP空头突破: 偏离-0.19%, MACD转负
2025-06-12 10:13:22 | INFO     | src.utils.notifications:send_message:63 | [GENERAL] 📡 交易信号
类型: SHORT
强度: MEDIUM
置信度: 0.85
价格: $598.51
原因: VWAP空头突破: 偏离-0.19%, MACD转负
2025-06-12 10:13:22 | WARNING  | src.trading.executor:_check_trading_limits:301 | 已达到每日最大交易次数限制: 5
2025-06-12 10:13:22 | WARNING  | src.bot.trading_bot:_check_signals:209 | 信号执行失败: SHORT
2025-06-12 10:13:25 | INFO     | src.trading.executor:update_account_info:125 | 账户更新: 总值$99509.60, 买入力$391982.42
2025-06-12 10:13:25 | DEBUG    | src.bot.trading_bot:_update_market_data:177 | 市场数据更新完成
2025-06-12 10:13:25 | INFO     | src.strategy.signals:generate_signals:468 | 生成信号: SHORT - VWAP空头突破: 偏离-0.19%, MACD转负
2025-06-12 10:13:25 | INFO     | src.bot.trading_bot:_check_signals:195 | 检测到信号: SHORT 置信度: 0.85 原因: VWAP空头突破: 偏离-0.19%, MACD转负
2025-06-12 10:13:25 | INFO     | src.utils.notifications:send_message:63 | [GENERAL] 📡 交易信号
类型: SHORT
强度: MEDIUM
置信度: 0.85
价格: $598.51
原因: VWAP空头突破: 偏离-0.19%, MACD转负
2025-06-12 10:13:25 | WARNING  | src.trading.executor:_check_trading_limits:301 | 已达到每日最大交易次数限制: 5
2025-06-12 10:13:25 | WARNING  | src.bot.trading_bot:_check_signals:209 | 信号执行失败: SHORT
2025-06-12 10:13:28 | INFO     | src.trading.executor:update_account_info:125 | 账户更新: 总值$99509.60, 买入力$391982.42
2025-06-12 10:13:28 | DEBUG    | src.bot.trading_bot:_update_market_data:177 | 市场数据更新完成
2025-06-12 10:13:28 | INFO     | src.strategy.signals:generate_signals:468 | 生成信号: SHORT - VWAP空头突破: 偏离-0.19%, MACD转负
2025-06-12 10:13:28 | INFO     | src.bot.trading_bot:_check_signals:195 | 检测到信号: SHORT 置信度: 0.85 原因: VWAP空头突破: 偏离-0.19%, MACD转负
2025-06-12 10:13:28 | INFO     | src.utils.notifications:send_message:63 | [GENERAL] 📡 交易信号
类型: SHORT
强度: MEDIUM
置信度: 0.85
价格: $598.51
原因: VWAP空头突破: 偏离-0.19%, MACD转负
2025-06-12 10:13:28 | WARNING  | src.trading.executor:_check_trading_limits:301 | 已达到每日最大交易次数限制: 5
2025-06-12 10:13:28 | WARNING  | src.bot.trading_bot:_check_signals:209 | 信号执行失败: SHORT
2025-06-12 10:13:32 | INFO     | src.trading.executor:update_account_info:125 | 账户更新: 总值$99520.60, 买入力$391982.42
2025-06-12 10:13:32 | DEBUG    | src.bot.trading_bot:_update_market_data:177 | 市场数据更新完成
2025-06-12 10:13:32 | INFO     | src.strategy.signals:generate_signals:468 | 生成信号: SHORT - VWAP空头突破: 偏离-0.19%, MACD转负
2025-06-12 10:13:32 | INFO     | src.bot.trading_bot:_check_signals:195 | 检测到信号: SHORT 置信度: 0.85 原因: VWAP空头突破: 偏离-0.19%, MACD转负
2025-06-12 10:13:32 | INFO     | src.utils.notifications:send_message:63 | [GENERAL] 📡 交易信号
类型: SHORT
强度: MEDIUM
置信度: 0.85
价格: $598.51
原因: VWAP空头突破: 偏离-0.19%, MACD转负
2025-06-12 10:13:32 | WARNING  | src.trading.executor:_check_trading_limits:301 | 已达到每日最大交易次数限制: 5
2025-06-12 10:13:32 | WARNING  | src.bot.trading_bot:_check_signals:209 | 信号执行失败: SHORT
2025-06-12 10:13:35 | INFO     | src.trading.executor:update_account_info:125 | 账户更新: 总值$99498.60, 买入力$391982.42
2025-06-12 10:13:35 | DEBUG    | src.bot.trading_bot:_update_market_data:177 | 市场数据更新完成
2025-06-12 10:13:35 | INFO     | src.strategy.signals:generate_signals:468 | 生成信号: SHORT - VWAP空头突破: 偏离-0.19%, MACD转负
2025-06-12 10:13:35 | INFO     | src.bot.trading_bot:_check_signals:195 | 检测到信号: SHORT 置信度: 0.85 原因: VWAP空头突破: 偏离-0.19%, MACD转负
2025-06-12 10:13:35 | INFO     | src.utils.notifications:send_message:63 | [GENERAL] 📡 交易信号
类型: SHORT
强度: MEDIUM
置信度: 0.85
价格: $598.51
原因: VWAP空头突破: 偏离-0.19%, MACD转负
2025-06-12 10:13:35 | WARNING  | src.trading.executor:_check_trading_limits:301 | 已达到每日最大交易次数限制: 5
2025-06-12 10:13:35 | WARNING  | src.bot.trading_bot:_check_signals:209 | 信号执行失败: SHORT
2025-06-12 10:13:38 | INFO     | src.trading.executor:update_account_info:125 | 账户更新: 总值$99487.60, 买入力$391982.42
2025-06-12 10:13:38 | DEBUG    | src.bot.trading_bot:_update_market_data:177 | 市场数据更新完成
2025-06-12 10:13:38 | INFO     | src.strategy.signals:generate_signals:468 | 生成信号: SHORT - VWAP空头突破: 偏离-0.19%, MACD转负
2025-06-12 10:13:38 | INFO     | src.bot.trading_bot:_check_signals:195 | 检测到信号: SHORT 置信度: 0.85 原因: VWAP空头突破: 偏离-0.19%, MACD转负
2025-06-12 10:13:38 | INFO     | src.utils.notifications:send_message:63 | [GENERAL] 📡 交易信号
类型: SHORT
强度: MEDIUM
置信度: 0.85
价格: $598.51
原因: VWAP空头突破: 偏离-0.19%, MACD转负
2025-06-12 10:13:38 | WARNING  | src.trading.executor:_check_trading_limits:301 | 已达到每日最大交易次数限制: 5
2025-06-12 10:13:38 | WARNING  | src.bot.trading_bot:_check_signals:209 | 信号执行失败: SHORT
2025-06-12 10:13:41 | INFO     | src.trading.executor:update_account_info:125 | 账户更新: 总值$99498.60, 买入力$391982.42
2025-06-12 10:13:41 | DEBUG    | src.bot.trading_bot:_update_market_data:177 | 市场数据更新完成
2025-06-12 10:13:42 | INFO     | src.strategy.signals:generate_signals:468 | 生成信号: SHORT - VWAP空头突破: 偏离-0.19%, MACD转负
2025-06-12 10:13:42 | INFO     | src.bot.trading_bot:_check_signals:195 | 检测到信号: SHORT 置信度: 0.85 原因: VWAP空头突破: 偏离-0.19%, MACD转负
2025-06-12 10:13:42 | INFO     | src.utils.notifications:send_message:63 | [GENERAL] 📡 交易信号
类型: SHORT
强度: MEDIUM
置信度: 0.85
价格: $598.51
原因: VWAP空头突破: 偏离-0.19%, MACD转负
2025-06-12 10:13:42 | WARNING  | src.trading.executor:_check_trading_limits:301 | 已达到每日最大交易次数限制: 5
2025-06-12 10:13:42 | WARNING  | src.bot.trading_bot:_check_signals:209 | 信号执行失败: SHORT
2025-06-12 10:13:45 | INFO     | src.trading.executor:update_account_info:125 | 账户更新: 总值$99487.60, 买入力$391982.42
2025-06-12 10:13:45 | DEBUG    | src.bot.trading_bot:_update_market_data:177 | 市场数据更新完成
2025-06-12 10:13:45 | INFO     | src.strategy.signals:generate_signals:468 | 生成信号: SHORT - VWAP空头突破: 偏离-0.19%, MACD转负
2025-06-12 10:13:45 | INFO     | src.bot.trading_bot:_check_signals:195 | 检测到信号: SHORT 置信度: 0.85 原因: VWAP空头突破: 偏离-0.19%, MACD转负
2025-06-12 10:13:45 | INFO     | src.utils.notifications:send_message:63 | [GENERAL] 📡 交易信号
类型: SHORT
强度: MEDIUM
置信度: 0.85
价格: $598.51
原因: VWAP空头突破: 偏离-0.19%, MACD转负
2025-06-12 10:13:45 | WARNING  | src.trading.executor:_check_trading_limits:301 | 已达到每日最大交易次数限制: 5
2025-06-12 10:13:45 | WARNING  | src.bot.trading_bot:_check_signals:209 | 信号执行失败: SHORT
2025-06-12 10:13:48 | INFO     | src.trading.executor:update_account_info:125 | 账户更新: 总值$99520.60, 买入力$391982.42
2025-06-12 10:13:48 | DEBUG    | src.bot.trading_bot:_update_market_data:177 | 市场数据更新完成
2025-06-12 10:13:48 | INFO     | src.strategy.signals:generate_signals:468 | 生成信号: SHORT - VWAP空头突破: 偏离-0.19%, MACD转负
2025-06-12 10:13:48 | INFO     | src.bot.trading_bot:_check_signals:195 | 检测到信号: SHORT 置信度: 0.85 原因: VWAP空头突破: 偏离-0.19%, MACD转负
2025-06-12 10:13:48 | INFO     | src.utils.notifications:send_message:63 | [GENERAL] 📡 交易信号
类型: SHORT
强度: MEDIUM
置信度: 0.85
价格: $598.51
原因: VWAP空头突破: 偏离-0.19%, MACD转负
2025-06-12 10:13:48 | WARNING  | src.trading.executor:_check_trading_limits:301 | 已达到每日最大交易次数限制: 5
2025-06-12 10:13:48 | WARNING  | src.bot.trading_bot:_check_signals:209 | 信号执行失败: SHORT
2025-06-12 10:13:51 | INFO     | src.trading.executor:update_account_info:125 | 账户更新: 总值$99520.60, 买入力$391982.42
2025-06-12 10:13:51 | DEBUG    | src.bot.trading_bot:_update_market_data:177 | 市场数据更新完成
2025-06-12 10:13:51 | INFO     | src.strategy.signals:generate_signals:468 | 生成信号: SHORT - VWAP空头突破: 偏离-0.19%, MACD转负
2025-06-12 10:13:51 | INFO     | src.bot.trading_bot:_check_signals:195 | 检测到信号: SHORT 置信度: 0.85 原因: VWAP空头突破: 偏离-0.19%, MACD转负
2025-06-12 10:13:51 | INFO     | src.utils.notifications:send_message:63 | [GENERAL] 📡 交易信号
类型: SHORT
强度: MEDIUM
置信度: 0.85
价格: $598.51
原因: VWAP空头突破: 偏离-0.19%, MACD转负
2025-06-12 10:13:51 | WARNING  | src.trading.executor:_check_trading_limits:301 | 已达到每日最大交易次数限制: 5
2025-06-12 10:13:51 | WARNING  | src.bot.trading_bot:_check_signals:209 | 信号执行失败: SHORT
2025-06-12 10:13:52 | DEBUG    | src.bot.trading_bot:_update_positions_normal:249 | 📊 常规头寸更新完成
2025-06-12 10:13:54 | INFO     | src.trading.executor:update_account_info:125 | 账户更新: 总值$99509.60, 买入力$391982.42
2025-06-12 10:13:54 | DEBUG    | src.bot.trading_bot:_update_market_data:177 | 市场数据更新完成
2025-06-12 10:13:54 | INFO     | src.strategy.signals:generate_signals:468 | 生成信号: SHORT - VWAP空头突破: 偏离-0.19%, MACD转负
2025-06-12 10:13:54 | INFO     | src.bot.trading_bot:_check_signals:195 | 检测到信号: SHORT 置信度: 0.85 原因: VWAP空头突破: 偏离-0.19%, MACD转负
2025-06-12 10:13:54 | INFO     | src.utils.notifications:send_message:63 | [GENERAL] 📡 交易信号
类型: SHORT
强度: MEDIUM
置信度: 0.85
价格: $598.51
原因: VWAP空头突破: 偏离-0.19%, MACD转负
2025-06-12 10:13:54 | WARNING  | src.trading.executor:_check_trading_limits:301 | 已达到每日最大交易次数限制: 5
2025-06-12 10:13:54 | WARNING  | src.bot.trading_bot:_check_signals:209 | 信号执行失败: SHORT
2025-06-12 10:13:58 | INFO     | src.trading.executor:update_account_info:125 | 账户更新: 总值$99509.60, 买入力$391982.42
2025-06-12 10:13:58 | DEBUG    | src.bot.trading_bot:_update_market_data:177 | 市场数据更新完成
2025-06-12 10:13:58 | INFO     | src.strategy.signals:generate_signals:468 | 生成信号: SHORT - VWAP空头突破: 偏离-0.19%, MACD转负
2025-06-12 10:13:58 | INFO     | src.bot.trading_bot:_check_signals:195 | 检测到信号: SHORT 置信度: 0.85 原因: VWAP空头突破: 偏离-0.19%, MACD转负
2025-06-12 10:13:58 | INFO     | src.utils.notifications:send_message:63 | [GENERAL] 📡 交易信号
类型: SHORT
强度: MEDIUM
置信度: 0.85
价格: $598.51
原因: VWAP空头突破: 偏离-0.19%, MACD转负
2025-06-12 10:13:58 | WARNING  | src.trading.executor:_check_trading_limits:301 | 已达到每日最大交易次数限制: 5
2025-06-12 10:13:58 | WARNING  | src.bot.trading_bot:_check_signals:209 | 信号执行失败: SHORT
2025-06-12 10:14:01 | INFO     | src.trading.executor:update_account_info:125 | 账户更新: 总值$99498.60, 买入力$391982.42
2025-06-12 10:14:01 | DEBUG    | src.bot.trading_bot:_update_market_data:177 | 市场数据更新完成
2025-06-12 10:14:01 | INFO     | src.strategy.signals:generate_signals:468 | 生成信号: SHORT - VWAP空头突破: 偏离-0.19%, MACD转负
2025-06-12 10:14:01 | INFO     | src.bot.trading_bot:_check_signals:195 | 检测到信号: SHORT 置信度: 0.85 原因: VWAP空头突破: 偏离-0.19%, MACD转负
2025-06-12 10:14:01 | INFO     | src.utils.notifications:send_message:63 | [GENERAL] 📡 交易信号
类型: SHORT
强度: MEDIUM
置信度: 0.85
价格: $598.51
原因: VWAP空头突破: 偏离-0.19%, MACD转负
2025-06-12 10:14:01 | WARNING  | src.trading.executor:_check_trading_limits:301 | 已达到每日最大交易次数限制: 5
2025-06-12 10:14:01 | WARNING  | src.bot.trading_bot:_check_signals:209 | 信号执行失败: SHORT
2025-06-12 10:14:05 | INFO     | src.trading.executor:update_account_info:125 | 账户更新: 总值$99520.60, 买入力$391982.42
2025-06-12 10:14:05 | DEBUG    | src.bot.trading_bot:_update_market_data:177 | 市场数据更新完成
2025-06-12 10:14:05 | INFO     | src.strategy.signals:generate_signals:468 | 生成信号: SHORT - VWAP空头突破: 偏离-0.19%, MACD转负
2025-06-12 10:14:05 | INFO     | src.bot.trading_bot:_check_signals:195 | 检测到信号: SHORT 置信度: 0.85 原因: VWAP空头突破: 偏离-0.19%, MACD转负
2025-06-12 10:14:05 | INFO     | src.utils.notifications:send_message:63 | [GENERAL] 📡 交易信号
类型: SHORT
强度: MEDIUM
置信度: 0.85
价格: $598.51
原因: VWAP空头突破: 偏离-0.19%, MACD转负
2025-06-12 10:14:05 | WARNING  | src.trading.executor:_check_trading_limits:301 | 已达到每日最大交易次数限制: 5
2025-06-12 10:14:05 | WARNING  | src.bot.trading_bot:_check_signals:209 | 信号执行失败: SHORT
2025-06-12 10:14:08 | INFO     | src.trading.executor:update_account_info:125 | 账户更新: 总值$99531.60, 买入力$391982.42
2025-06-12 10:14:08 | DEBUG    | src.bot.trading_bot:_update_market_data:177 | 市场数据更新完成
2025-06-12 10:14:08 | INFO     | src.strategy.signals:generate_signals:468 | 生成信号: SHORT - VWAP空头突破: 偏离-0.19%, MACD转负
2025-06-12 10:14:08 | INFO     | src.bot.trading_bot:_check_signals:195 | 检测到信号: SHORT 置信度: 0.85 原因: VWAP空头突破: 偏离-0.19%, MACD转负
2025-06-12 10:14:08 | INFO     | src.utils.notifications:send_message:63 | [GENERAL] 📡 交易信号
类型: SHORT
强度: MEDIUM
置信度: 0.85
价格: $598.51
原因: VWAP空头突破: 偏离-0.19%, MACD转负
2025-06-12 10:14:08 | WARNING  | src.trading.executor:_check_trading_limits:301 | 已达到每日最大交易次数限制: 5
2025-06-12 10:14:08 | WARNING  | src.bot.trading_bot:_check_signals:209 | 信号执行失败: SHORT
2025-06-12 10:14:11 | INFO     | src.trading.executor:update_account_info:125 | 账户更新: 总值$99509.60, 买入力$391982.42
2025-06-12 10:14:11 | DEBUG    | src.bot.trading_bot:_update_market_data:177 | 市场数据更新完成
2025-06-12 10:14:11 | INFO     | src.strategy.signals:generate_signals:468 | 生成信号: SHORT - VWAP空头突破: 偏离-0.19%, MACD转负
2025-06-12 10:14:11 | INFO     | src.bot.trading_bot:_check_signals:195 | 检测到信号: SHORT 置信度: 0.85 原因: VWAP空头突破: 偏离-0.19%, MACD转负
2025-06-12 10:14:11 | INFO     | src.utils.notifications:send_message:63 | [GENERAL] 📡 交易信号
类型: SHORT
强度: MEDIUM
置信度: 0.85
价格: $598.51
原因: VWAP空头突破: 偏离-0.19%, MACD转负
2025-06-12 10:14:11 | WARNING  | src.trading.executor:_check_trading_limits:301 | 已达到每日最大交易次数限制: 5
2025-06-12 10:14:11 | WARNING  | src.bot.trading_bot:_check_signals:209 | 信号执行失败: SHORT
2025-06-12 10:14:14 | INFO     | src.trading.executor:update_account_info:125 | 账户更新: 总值$99498.60, 买入力$391982.42
2025-06-12 10:14:14 | DEBUG    | src.bot.trading_bot:_update_market_data:177 | 市场数据更新完成
2025-06-12 10:14:18 | INFO     | src.trading.executor:update_account_info:125 | 账户更新: 总值$99498.60, 买入力$391982.42
2025-06-12 10:14:18 | DEBUG    | src.bot.trading_bot:_update_market_data:177 | 市场数据更新完成
2025-06-12 10:14:21 | INFO     | src.trading.executor:update_account_info:125 | 账户更新: 总值$99498.60, 买入力$391982.42
2025-06-12 10:14:21 | DEBUG    | src.bot.trading_bot:_update_market_data:177 | 市场数据更新完成
2025-06-12 10:14:24 | INFO     | src.trading.executor:update_account_info:125 | 账户更新: 总值$99498.60, 买入力$391982.42
2025-06-12 10:14:24 | DEBUG    | src.bot.trading_bot:_update_market_data:177 | 市场数据更新完成
2025-06-12 10:14:28 | INFO     | src.trading.executor:update_account_info:125 | 账户更新: 总值$99465.60, 买入力$391982.42
2025-06-12 10:14:28 | DEBUG    | src.bot.trading_bot:_update_market_data:177 | 市场数据更新完成
2025-06-12 10:14:31 | INFO     | src.trading.executor:update_account_info:125 | 账户更新: 总值$99454.60, 买入力$391982.42
2025-06-12 10:14:31 | DEBUG    | src.bot.trading_bot:_update_market_data:177 | 市场数据更新完成
2025-06-12 10:14:34 | INFO     | src.trading.executor:update_account_info:125 | 账户更新: 总值$99443.60, 买入力$391982.42
2025-06-12 10:14:34 | DEBUG    | src.bot.trading_bot:_update_market_data:177 | 市场数据更新完成
2025-06-12 10:14:37 | INFO     | src.trading.executor:update_account_info:125 | 账户更新: 总值$99454.60, 买入力$391982.42
2025-06-12 10:14:37 | DEBUG    | src.bot.trading_bot:_update_market_data:177 | 市场数据更新完成
2025-06-12 10:14:40 | INFO     | src.trading.executor:update_account_info:125 | 账户更新: 总值$99443.60, 买入力$391982.42
2025-06-12 10:14:40 | DEBUG    | src.bot.trading_bot:_update_market_data:177 | 市场数据更新完成
2025-06-12 10:14:44 | INFO     | src.trading.executor:update_account_info:125 | 账户更新: 总值$99432.60, 买入力$391982.42
2025-06-12 10:14:44 | DEBUG    | src.bot.trading_bot:_update_market_data:177 | 市场数据更新完成
2025-06-12 10:14:47 | INFO     | src.trading.executor:update_account_info:125 | 账户更新: 总值$99465.60, 买入力$391982.42
2025-06-12 10:14:47 | DEBUG    | src.bot.trading_bot:_update_market_data:177 | 市场数据更新完成
2025-06-12 10:14:50 | INFO     | src.trading.executor:update_account_info:125 | 账户更新: 总值$99465.60, 买入力$391982.42
2025-06-12 10:14:50 | DEBUG    | src.bot.trading_bot:_update_market_data:177 | 市场数据更新完成
2025-06-12 10:14:52 | DEBUG    | src.bot.trading_bot:_update_positions_normal:249 | 📊 常规头寸更新完成
2025-06-12 10:14:54 | INFO     | src.trading.executor:update_account_info:125 | 账户更新: 总值$99454.60, 买入力$391982.42
2025-06-12 10:14:54 | DEBUG    | src.bot.trading_bot:_update_market_data:177 | 市场数据更新完成
2025-06-12 10:14:57 | INFO     | src.trading.executor:update_account_info:125 | 账户更新: 总值$99443.60, 买入力$391982.42
2025-06-12 10:14:57 | DEBUG    | src.bot.trading_bot:_update_market_data:177 | 市场数据更新完成
2025-06-12 10:15:00 | INFO     | src.trading.executor:update_account_info:125 | 账户更新: 总值$99421.60, 买入力$391982.42
2025-06-12 10:15:00 | DEBUG    | src.bot.trading_bot:_update_market_data:177 | 市场数据更新完成
2025-06-12 10:15:03 | INFO     | src.trading.executor:update_account_info:125 | 账户更新: 总值$99410.60, 买入力$391982.42
2025-06-12 10:15:03 | DEBUG    | src.bot.trading_bot:_update_market_data:177 | 市场数据更新完成
2025-06-12 10:15:07 | INFO     | src.trading.executor:update_account_info:125 | 账户更新: 总值$99421.60, 买入力$391982.42
2025-06-12 10:15:07 | DEBUG    | src.bot.trading_bot:_update_market_data:177 | 市场数据更新完成
2025-06-12 10:15:10 | INFO     | src.trading.executor:update_account_info:125 | 账户更新: 总值$99432.60, 买入力$391982.42
2025-06-12 10:15:10 | DEBUG    | src.bot.trading_bot:_update_market_data:177 | 市场数据更新完成
2025-06-12 10:15:13 | INFO     | src.trading.executor:update_account_info:125 | 账户更新: 总值$99410.60, 买入力$391982.42
2025-06-12 10:15:13 | DEBUG    | src.bot.trading_bot:_update_market_data:177 | 市场数据更新完成
2025-06-12 10:15:16 | INFO     | src.trading.executor:update_account_info:125 | 账户更新: 总值$99443.60, 买入力$391982.42
2025-06-12 10:15:16 | DEBUG    | src.bot.trading_bot:_update_market_data:177 | 市场数据更新完成
2025-06-12 10:15:20 | INFO     | src.trading.executor:update_account_info:125 | 账户更新: 总值$99432.60, 买入力$391982.42
2025-06-12 10:15:20 | DEBUG    | src.bot.trading_bot:_update_market_data:177 | 市场数据更新完成
2025-06-12 10:15:23 | INFO     | src.trading.executor:update_account_info:125 | 账户更新: 总值$99421.60, 买入力$391982.42
2025-06-12 10:15:23 | DEBUG    | src.bot.trading_bot:_update_market_data:177 | 市场数据更新完成
2025-06-12 10:15:26 | INFO     | src.trading.executor:update_account_info:125 | 账户更新: 总值$99410.60, 买入力$391982.42
2025-06-12 10:15:26 | DEBUG    | src.bot.trading_bot:_update_market_data:177 | 市场数据更新完成
2025-06-12 10:15:30 | INFO     | src.trading.executor:update_account_info:125 | 账户更新: 总值$99399.60, 买入力$391982.42
2025-06-12 10:15:30 | DEBUG    | src.bot.trading_bot:_update_market_data:177 | 市场数据更新完成
2025-06-12 10:15:33 | INFO     | src.trading.executor:update_account_info:125 | 账户更新: 总值$99410.60, 买入力$391982.42
2025-06-12 10:15:33 | DEBUG    | src.bot.trading_bot:_update_market_data:177 | 市场数据更新完成
2025-06-12 10:15:36 | INFO     | src.trading.executor:update_account_info:125 | 账户更新: 总值$99410.60, 买入力$391982.42
2025-06-12 10:15:36 | DEBUG    | src.bot.trading_bot:_update_market_data:177 | 市场数据更新完成
2025-06-12 10:15:39 | INFO     | src.trading.executor:update_account_info:125 | 账户更新: 总值$99410.60, 买入力$391982.42
2025-06-12 10:15:39 | DEBUG    | src.bot.trading_bot:_update_market_data:177 | 市场数据更新完成
2025-06-12 10:15:42 | INFO     | src.trading.executor:update_account_info:125 | 账户更新: 总值$99410.60, 买入力$391982.42
2025-06-12 10:15:42 | DEBUG    | src.bot.trading_bot:_update_market_data:177 | 市场数据更新完成
2025-06-12 10:15:46 | INFO     | src.trading.executor:update_account_info:125 | 账户更新: 总值$99399.60, 买入力$391982.42
2025-06-12 10:15:46 | DEBUG    | src.bot.trading_bot:_update_market_data:177 | 市场数据更新完成
2025-06-12 10:15:49 | INFO     | src.trading.executor:update_account_info:125 | 账户更新: 总值$99388.60, 买入力$391982.42
2025-06-12 10:15:49 | DEBUG    | src.bot.trading_bot:_update_market_data:177 | 市场数据更新完成
2025-06-12 10:15:52 | INFO     | src.trading.executor:update_account_info:125 | 账户更新: 总值$99388.60, 买入力$391982.42
2025-06-12 10:15:52 | DEBUG    | src.bot.trading_bot:_update_market_data:177 | 市场数据更新完成
2025-06-12 10:15:53 | DEBUG    | src.bot.trading_bot:_update_positions_normal:249 | 📊 常规头寸更新完成
2025-06-12 10:15:56 | INFO     | src.trading.executor:update_account_info:125 | 账户更新: 总值$99399.60, 买入力$391982.42
2025-06-12 10:15:56 | DEBUG    | src.bot.trading_bot:_update_market_data:177 | 市场数据更新完成
2025-06-12 10:15:59 | INFO     | src.trading.executor:update_account_info:125 | 账户更新: 总值$99421.60, 买入力$391982.42
2025-06-12 10:15:59 | DEBUG    | src.bot.trading_bot:_update_market_data:177 | 市场数据更新完成
2025-06-12 10:16:02 | INFO     | src.trading.executor:update_account_info:125 | 账户更新: 总值$99388.60, 买入力$391982.42
2025-06-12 10:16:02 | DEBUG    | src.bot.trading_bot:_update_market_data:177 | 市场数据更新完成
2025-06-12 10:16:05 | INFO     | src.trading.executor:update_account_info:125 | 账户更新: 总值$99421.60, 买入力$391982.42
2025-06-12 10:16:05 | DEBUG    | src.bot.trading_bot:_update_market_data:177 | 市场数据更新完成
2025-06-12 10:16:08 | INFO     | src.trading.executor:update_account_info:125 | 账户更新: 总值$99443.60, 买入力$391982.42
2025-06-12 10:16:08 | DEBUG    | src.bot.trading_bot:_update_market_data:177 | 市场数据更新完成
2025-06-12 10:16:12 | INFO     | src.trading.executor:update_account_info:125 | 账户更新: 总值$99443.60, 买入力$391982.42
2025-06-12 10:16:12 | DEBUG    | src.bot.trading_bot:_update_market_data:177 | 市场数据更新完成
2025-06-12 10:16:15 | INFO     | src.trading.executor:update_account_info:125 | 账户更新: 总值$99443.60, 买入力$391982.42
2025-06-12 10:16:15 | DEBUG    | src.bot.trading_bot:_update_market_data:177 | 市场数据更新完成
2025-06-12 10:16:18 | INFO     | src.trading.executor:update_account_info:125 | 账户更新: 总值$99454.60, 买入力$391982.42
2025-06-12 10:16:18 | DEBUG    | src.bot.trading_bot:_update_market_data:177 | 市场数据更新完成
2025-06-12 10:16:21 | INFO     | src.trading.executor:update_account_info:125 | 账户更新: 总值$99432.60, 买入力$391982.42
2025-06-12 10:16:21 | DEBUG    | src.bot.trading_bot:_update_market_data:177 | 市场数据更新完成
2025-06-12 10:16:25 | INFO     | src.trading.executor:update_account_info:125 | 账户更新: 总值$99465.60, 买入力$391982.42
2025-06-12 10:16:25 | DEBUG    | src.bot.trading_bot:_update_market_data:177 | 市场数据更新完成
2025-06-12 10:16:28 | INFO     | src.trading.executor:update_account_info:125 | 账户更新: 总值$99465.60, 买入力$391982.42
2025-06-12 10:16:28 | DEBUG    | src.bot.trading_bot:_update_market_data:177 | 市场数据更新完成
2025-06-12 10:16:31 | INFO     | src.trading.executor:update_account_info:125 | 账户更新: 总值$99454.60, 买入力$391982.42
2025-06-12 10:16:31 | DEBUG    | src.bot.trading_bot:_update_market_data:177 | 市场数据更新完成
2025-06-12 10:16:34 | INFO     | src.trading.executor:update_account_info:125 | 账户更新: 总值$99476.60, 买入力$391982.42
2025-06-12 10:16:34 | DEBUG    | src.bot.trading_bot:_update_market_data:177 | 市场数据更新完成
2025-06-12 10:16:38 | INFO     | src.trading.executor:update_account_info:125 | 账户更新: 总值$99498.60, 买入力$391982.42
2025-06-12 10:16:38 | DEBUG    | src.bot.trading_bot:_update_market_data:177 | 市场数据更新完成
2025-06-12 10:16:41 | INFO     | src.trading.executor:update_account_info:125 | 账户更新: 总值$99520.60, 买入力$391982.42
2025-06-12 10:16:41 | DEBUG    | src.bot.trading_bot:_update_market_data:177 | 市场数据更新完成
2025-06-12 10:16:44 | INFO     | src.trading.executor:update_account_info:125 | 账户更新: 总值$99509.60, 买入力$391982.42
2025-06-12 10:16:44 | DEBUG    | src.bot.trading_bot:_update_market_data:177 | 市场数据更新完成
2025-06-12 10:16:47 | INFO     | src.trading.executor:update_account_info:125 | 账户更新: 总值$99520.60, 买入力$391982.42
2025-06-12 10:16:47 | DEBUG    | src.bot.trading_bot:_update_market_data:177 | 市场数据更新完成
2025-06-12 10:16:50 | INFO     | src.trading.executor:update_account_info:125 | 账户更新: 总值$99498.60, 买入力$391982.42
2025-06-12 10:16:50 | DEBUG    | src.bot.trading_bot:_update_market_data:177 | 市场数据更新完成
2025-06-12 10:16:53 | DEBUG    | src.bot.trading_bot:_update_positions_normal:249 | 📊 常规头寸更新完成
2025-06-12 10:16:54 | INFO     | src.trading.executor:update_account_info:125 | 账户更新: 总值$99520.60, 买入力$391982.42
2025-06-12 10:16:54 | DEBUG    | src.bot.trading_bot:_update_market_data:177 | 市场数据更新完成
2025-06-12 10:16:57 | INFO     | src.trading.executor:update_account_info:125 | 账户更新: 总值$99476.60, 买入力$391982.42
2025-06-12 10:16:57 | DEBUG    | src.bot.trading_bot:_update_market_data:177 | 市场数据更新完成
2025-06-12 10:17:00 | INFO     | src.trading.executor:update_account_info:125 | 账户更新: 总值$99443.60, 买入力$391982.42
2025-06-12 10:17:00 | DEBUG    | src.bot.trading_bot:_update_market_data:177 | 市场数据更新完成
2025-06-12 10:17:03 | INFO     | src.trading.executor:update_account_info:125 | 账户更新: 总值$99432.60, 买入力$391982.42
2025-06-12 10:17:03 | DEBUG    | src.bot.trading_bot:_update_market_data:177 | 市场数据更新完成
2025-06-12 10:17:07 | INFO     | src.trading.executor:update_account_info:125 | 账户更新: 总值$99443.60, 买入力$391982.42
2025-06-12 10:17:07 | DEBUG    | src.bot.trading_bot:_update_market_data:177 | 市场数据更新完成
2025-06-12 10:17:10 | INFO     | src.trading.executor:update_account_info:125 | 账户更新: 总值$99410.60, 买入力$391982.42
2025-06-12 10:17:10 | DEBUG    | src.bot.trading_bot:_update_market_data:177 | 市场数据更新完成
2025-06-12 10:17:13 | INFO     | src.trading.executor:update_account_info:125 | 账户更新: 总值$99432.60, 买入力$391982.42
2025-06-12 10:17:13 | DEBUG    | src.bot.trading_bot:_update_market_data:177 | 市场数据更新完成
2025-06-12 10:17:16 | INFO     | src.trading.executor:update_account_info:125 | 账户更新: 总值$99421.60, 买入力$391982.42
2025-06-12 10:17:16 | DEBUG    | src.bot.trading_bot:_update_market_data:177 | 市场数据更新完成
2025-06-12 10:17:20 | INFO     | src.trading.executor:update_account_info:125 | 账户更新: 总值$99388.60, 买入力$391982.42
2025-06-12 10:17:20 | DEBUG    | src.bot.trading_bot:_update_market_data:177 | 市场数据更新完成
2025-06-12 10:17:23 | INFO     | src.trading.executor:update_account_info:125 | 账户更新: 总值$99355.60, 买入力$391982.42
2025-06-12 10:17:23 | DEBUG    | src.bot.trading_bot:_update_market_data:177 | 市场数据更新完成
2025-06-12 10:17:26 | INFO     | src.trading.executor:update_account_info:125 | 账户更新: 总值$99366.60, 买入力$391982.42
2025-06-12 10:17:26 | DEBUG    | src.bot.trading_bot:_update_market_data:177 | 市场数据更新完成
2025-06-12 10:17:29 | INFO     | src.trading.executor:update_account_info:125 | 账户更新: 总值$99377.60, 买入力$391982.42
2025-06-12 10:17:29 | DEBUG    | src.bot.trading_bot:_update_market_data:177 | 市场数据更新完成
2025-06-12 10:17:33 | INFO     | src.trading.executor:update_account_info:125 | 账户更新: 总值$99377.60, 买入力$391982.42
2025-06-12 10:17:33 | DEBUG    | src.bot.trading_bot:_update_market_data:177 | 市场数据更新完成
2025-06-12 10:17:36 | INFO     | src.trading.executor:update_account_info:125 | 账户更新: 总值$99377.60, 买入力$391982.42
2025-06-12 10:17:36 | DEBUG    | src.bot.trading_bot:_update_market_data:177 | 市场数据更新完成
2025-06-12 10:17:39 | INFO     | src.trading.executor:update_account_info:125 | 账户更新: 总值$99388.60, 买入力$391982.42
2025-06-12 10:17:39 | DEBUG    | src.bot.trading_bot:_update_market_data:177 | 市场数据更新完成
2025-06-12 10:17:42 | INFO     | src.trading.executor:update_account_info:125 | 账户更新: 总值$99410.60, 买入力$391982.42
2025-06-12 10:17:42 | DEBUG    | src.bot.trading_bot:_update_market_data:177 | 市场数据更新完成
2025-06-12 10:17:45 | INFO     | src.trading.executor:update_account_info:125 | 账户更新: 总值$99410.60, 买入力$391982.42
2025-06-12 10:17:45 | DEBUG    | src.bot.trading_bot:_update_market_data:177 | 市场数据更新完成
2025-06-12 10:17:49 | INFO     | src.trading.executor:update_account_info:125 | 账户更新: 总值$99399.60, 买入力$391982.42
2025-06-12 10:17:49 | DEBUG    | src.bot.trading_bot:_update_market_data:177 | 市场数据更新完成
2025-06-12 10:17:52 | INFO     | src.trading.executor:update_account_info:125 | 账户更新: 总值$99443.60, 买入力$391982.42
2025-06-12 10:17:52 | DEBUG    | src.bot.trading_bot:_update_market_data:177 | 市场数据更新完成
2025-06-12 10:17:53 | DEBUG    | src.bot.trading_bot:_update_positions_normal:249 | 📊 常规头寸更新完成
2025-06-12 10:17:55 | INFO     | src.trading.executor:update_account_info:125 | 账户更新: 总值$99410.60, 买入力$391982.42
2025-06-12 10:17:55 | DEBUG    | src.bot.trading_bot:_update_market_data:177 | 市场数据更新完成
2025-06-12 10:17:58 | INFO     | src.trading.executor:update_account_info:125 | 账户更新: 总值$99421.60, 买入力$391982.42
2025-06-12 10:17:58 | DEBUG    | src.bot.trading_bot:_update_market_data:177 | 市场数据更新完成
2025-06-12 10:18:01 | INFO     | src.trading.executor:update_account_info:125 | 账户更新: 总值$99432.60, 买入力$391982.42
2025-06-12 10:18:01 | DEBUG    | src.bot.trading_bot:_update_market_data:177 | 市场数据更新完成
2025-06-12 10:18:05 | INFO     | src.trading.executor:update_account_info:125 | 账户更新: 总值$99421.60, 买入力$391982.42
2025-06-12 10:18:05 | DEBUG    | src.bot.trading_bot:_update_market_data:177 | 市场数据更新完成
2025-06-12 10:18:08 | INFO     | src.trading.executor:update_account_info:125 | 账户更新: 总值$99421.60, 买入力$391982.42
2025-06-12 10:18:08 | DEBUG    | src.bot.trading_bot:_update_market_data:177 | 市场数据更新完成
2025-06-12 10:18:11 | INFO     | src.trading.executor:update_account_info:125 | 账户更新: 总值$99421.60, 买入力$391982.42
2025-06-12 10:18:11 | DEBUG    | src.bot.trading_bot:_update_market_data:177 | 市场数据更新完成
2025-06-12 10:18:14 | INFO     | src.trading.executor:update_account_info:125 | 账户更新: 总值$99421.60, 买入力$391982.42
2025-06-12 10:18:14 | DEBUG    | src.bot.trading_bot:_update_market_data:177 | 市场数据更新完成
2025-06-12 10:18:18 | INFO     | src.trading.executor:update_account_info:125 | 账户更新: 总值$99421.60, 买入力$391982.42
2025-06-12 10:18:18 | DEBUG    | src.bot.trading_bot:_update_market_data:177 | 市场数据更新完成
2025-06-12 10:18:21 | INFO     | src.trading.executor:update_account_info:125 | 账户更新: 总值$99443.60, 买入力$391982.42
2025-06-12 10:18:21 | DEBUG    | src.bot.trading_bot:_update_market_data:177 | 市场数据更新完成
2025-06-12 10:18:24 | INFO     | src.trading.executor:update_account_info:125 | 账户更新: 总值$99443.60, 买入力$391982.42
2025-06-12 10:18:24 | DEBUG    | src.bot.trading_bot:_update_market_data:177 | 市场数据更新完成
2025-06-12 10:18:27 | INFO     | src.trading.executor:update_account_info:125 | 账户更新: 总值$99443.60, 买入力$391982.42
2025-06-12 10:18:27 | DEBUG    | src.bot.trading_bot:_update_market_data:177 | 市场数据更新完成
2025-06-12 10:18:31 | INFO     | src.trading.executor:update_account_info:125 | 账户更新: 总值$99443.60, 买入力$391982.42
2025-06-12 10:18:31 | DEBUG    | src.bot.trading_bot:_update_market_data:177 | 市场数据更新完成
2025-06-12 10:18:34 | INFO     | src.trading.executor:update_account_info:125 | 账户更新: 总值$99465.60, 买入力$391982.42
2025-06-12 10:18:34 | DEBUG    | src.bot.trading_bot:_update_market_data:177 | 市场数据更新完成
2025-06-12 10:18:37 | INFO     | src.trading.executor:update_account_info:125 | 账户更新: 总值$99399.60, 买入力$391982.42
2025-06-12 10:18:37 | DEBUG    | src.bot.trading_bot:_update_market_data:177 | 市场数据更新完成
2025-06-12 10:18:40 | INFO     | src.trading.executor:update_account_info:125 | 账户更新: 总值$99399.60, 买入力$391982.42
2025-06-12 10:18:40 | DEBUG    | src.bot.trading_bot:_update_market_data:177 | 市场数据更新完成
2025-06-12 10:18:44 | INFO     | src.trading.executor:update_account_info:125 | 账户更新: 总值$99399.60, 买入力$391982.42
2025-06-12 10:18:44 | DEBUG    | src.bot.trading_bot:_update_market_data:177 | 市场数据更新完成
2025-06-12 10:18:47 | INFO     | src.trading.executor:update_account_info:125 | 账户更新: 总值$99388.60, 买入力$391982.42
2025-06-12 10:18:47 | DEBUG    | src.bot.trading_bot:_update_market_data:177 | 市场数据更新完成
2025-06-12 10:18:50 | INFO     | src.trading.executor:update_account_info:125 | 账户更新: 总值$99388.60, 买入力$391982.42
2025-06-12 10:18:50 | DEBUG    | src.bot.trading_bot:_update_market_data:177 | 市场数据更新完成
2025-06-12 10:18:53 | INFO     | src.trading.executor:update_account_info:125 | 账户更新: 总值$99388.60, 买入力$391982.42
2025-06-12 10:18:53 | DEBUG    | src.bot.trading_bot:_update_market_data:177 | 市场数据更新完成
2025-06-12 10:18:54 | DEBUG    | src.bot.trading_bot:_update_positions_normal:249 | 📊 常规头寸更新完成
2025-06-12 10:18:56 | INFO     | src.trading.executor:update_account_info:125 | 账户更新: 总值$99289.60, 买入力$391982.42
2025-06-12 10:18:56 | DEBUG    | src.bot.trading_bot:_update_market_data:177 | 市场数据更新完成
2025-06-12 10:19:00 | INFO     | src.trading.executor:update_account_info:125 | 账户更新: 总值$99300.60, 买入力$391982.42
2025-06-12 10:19:00 | DEBUG    | src.bot.trading_bot:_update_market_data:177 | 市场数据更新完成
2025-06-12 10:19:03 | INFO     | src.trading.executor:update_account_info:125 | 账户更新: 总值$99289.60, 买入力$391982.42
2025-06-12 10:19:03 | DEBUG    | src.bot.trading_bot:_update_market_data:177 | 市场数据更新完成
2025-06-12 10:19:06 | INFO     | src.trading.executor:update_account_info:125 | 账户更新: 总值$99300.60, 买入力$391982.42
2025-06-12 10:19:06 | DEBUG    | src.bot.trading_bot:_update_market_data:177 | 市场数据更新完成
2025-06-12 10:19:10 | INFO     | src.trading.executor:update_account_info:125 | 账户更新: 总值$99278.60, 买入力$391982.42
2025-06-12 10:19:10 | DEBUG    | src.bot.trading_bot:_update_market_data:177 | 市场数据更新完成
2025-06-12 10:19:13 | INFO     | src.trading.executor:update_account_info:125 | 账户更新: 总值$99289.60, 买入力$391982.42
2025-06-12 10:19:13 | DEBUG    | src.bot.trading_bot:_update_market_data:177 | 市场数据更新完成
2025-06-12 10:19:16 | INFO     | src.trading.executor:update_account_info:125 | 账户更新: 总值$99289.60, 买入力$391982.42
2025-06-12 10:19:16 | DEBUG    | src.bot.trading_bot:_update_market_data:177 | 市场数据更新完成
2025-06-12 10:19:19 | INFO     | src.trading.executor:update_account_info:125 | 账户更新: 总值$99278.60, 买入力$391982.42
2025-06-12 10:19:19 | DEBUG    | src.bot.trading_bot:_update_market_data:177 | 市场数据更新完成
2025-06-12 10:19:22 | INFO     | src.trading.executor:update_account_info:125 | 账户更新: 总值$99311.60, 买入力$391982.42
2025-06-12 10:19:22 | DEBUG    | src.bot.trading_bot:_update_market_data:177 | 市场数据更新完成
2025-06-12 10:19:26 | INFO     | src.trading.executor:update_account_info:125 | 账户更新: 总值$99322.60, 买入力$391982.42
2025-06-12 10:19:26 | DEBUG    | src.bot.trading_bot:_update_market_data:177 | 市场数据更新完成
2025-06-12 10:19:29 | INFO     | src.trading.executor:update_account_info:125 | 账户更新: 总值$99311.60, 买入力$391982.42
2025-06-12 10:19:29 | DEBUG    | src.bot.trading_bot:_update_market_data:177 | 市场数据更新完成
2025-06-12 10:19:32 | INFO     | src.trading.executor:update_account_info:125 | 账户更新: 总值$99300.60, 买入力$391982.42
2025-06-12 10:19:32 | DEBUG    | src.bot.trading_bot:_update_market_data:177 | 市场数据更新完成
2025-06-12 10:19:35 | INFO     | src.trading.executor:update_account_info:125 | 账户更新: 总值$99322.60, 买入力$391982.42
2025-06-12 10:19:35 | DEBUG    | src.bot.trading_bot:_update_market_data:177 | 市场数据更新完成
2025-06-12 10:19:38 | INFO     | src.trading.executor:update_account_info:125 | 账户更新: 总值$99322.60, 买入力$391982.42
2025-06-12 10:19:38 | DEBUG    | src.bot.trading_bot:_update_market_data:177 | 市场数据更新完成
2025-06-12 10:19:42 | INFO     | src.trading.executor:update_account_info:125 | 账户更新: 总值$99322.60, 买入力$391982.42
2025-06-12 10:19:42 | DEBUG    | src.bot.trading_bot:_update_market_data:177 | 市场数据更新完成
2025-06-12 10:19:45 | INFO     | src.trading.executor:update_account_info:125 | 账户更新: 总值$99333.60, 买入力$391982.42
2025-06-12 10:19:45 | DEBUG    | src.bot.trading_bot:_update_market_data:177 | 市场数据更新完成
2025-06-12 10:19:48 | INFO     | src.trading.executor:update_account_info:125 | 账户更新: 总值$99322.60, 买入力$391982.42
2025-06-12 10:19:48 | DEBUG    | src.bot.trading_bot:_update_market_data:177 | 市场数据更新完成
2025-06-12 10:19:51 | INFO     | src.trading.executor:update_account_info:125 | 账户更新: 总值$99333.60, 买入力$391982.42
2025-06-12 10:19:51 | DEBUG    | src.bot.trading_bot:_update_market_data:177 | 市场数据更新完成
2025-06-12 10:19:54 | DEBUG    | src.bot.trading_bot:_update_positions_normal:249 | 📊 常规头寸更新完成
2025-06-12 10:19:55 | INFO     | src.trading.executor:update_account_info:125 | 账户更新: 总值$99344.60, 买入力$391982.42
2025-06-12 10:19:55 | DEBUG    | src.bot.trading_bot:_update_market_data:177 | 市场数据更新完成
2025-06-12 10:19:58 | INFO     | src.trading.executor:update_account_info:125 | 账户更新: 总值$99322.60, 买入力$391982.42
2025-06-12 10:19:58 | DEBUG    | src.bot.trading_bot:_update_market_data:177 | 市场数据更新完成
2025-06-12 10:20:01 | INFO     | src.trading.executor:update_account_info:125 | 账户更新: 总值$99311.60, 买入力$391982.42
2025-06-12 10:20:01 | DEBUG    | src.bot.trading_bot:_update_market_data:177 | 市场数据更新完成
2025-06-12 10:20:04 | INFO     | src.trading.executor:update_account_info:125 | 账户更新: 总值$99333.60, 买入力$391982.42
2025-06-12 10:20:04 | DEBUG    | src.bot.trading_bot:_update_market_data:177 | 市场数据更新完成
2025-06-12 10:20:08 | INFO     | src.trading.executor:update_account_info:125 | 账户更新: 总值$99333.60, 买入力$391982.42
2025-06-12 10:20:08 | DEBUG    | src.bot.trading_bot:_update_market_data:177 | 市场数据更新完成
2025-06-12 10:20:11 | INFO     | src.trading.executor:update_account_info:125 | 账户更新: 总值$99311.60, 买入力$391982.42
2025-06-12 10:20:11 | DEBUG    | src.bot.trading_bot:_update_market_data:177 | 市场数据更新完成
2025-06-12 10:20:14 | INFO     | src.trading.executor:update_account_info:125 | 账户更新: 总值$99333.60, 买入力$391982.42
2025-06-12 10:20:14 | DEBUG    | src.bot.trading_bot:_update_market_data:177 | 市场数据更新完成
2025-06-12 10:20:17 | INFO     | src.trading.executor:update_account_info:125 | 账户更新: 总值$99333.60, 买入力$391982.42
2025-06-12 10:20:17 | DEBUG    | src.bot.trading_bot:_update_market_data:177 | 市场数据更新完成
2025-06-12 10:20:21 | INFO     | src.trading.executor:update_account_info:125 | 账户更新: 总值$99311.60, 买入力$391982.42
2025-06-12 10:20:21 | DEBUG    | src.bot.trading_bot:_update_market_data:177 | 市场数据更新完成
2025-06-12 10:20:24 | INFO     | src.trading.executor:update_account_info:125 | 账户更新: 总值$99300.60, 买入力$391982.42
2025-06-12 10:20:24 | DEBUG    | src.bot.trading_bot:_update_market_data:177 | 市场数据更新完成
2025-06-12 10:20:27 | INFO     | src.trading.executor:update_account_info:125 | 账户更新: 总值$99300.60, 买入力$391982.42
2025-06-12 10:20:27 | DEBUG    | src.bot.trading_bot:_update_market_data:177 | 市场数据更新完成
2025-06-12 10:20:30 | INFO     | src.trading.executor:update_account_info:125 | 账户更新: 总值$99300.60, 买入力$391982.42
2025-06-12 10:20:30 | DEBUG    | src.bot.trading_bot:_update_market_data:177 | 市场数据更新完成
2025-06-12 10:20:33 | INFO     | src.trading.executor:update_account_info:125 | 账户更新: 总值$99300.60, 买入力$391982.42
2025-06-12 10:20:33 | DEBUG    | src.bot.trading_bot:_update_market_data:177 | 市场数据更新完成
2025-06-12 10:20:37 | INFO     | src.trading.executor:update_account_info:125 | 账户更新: 总值$99322.60, 买入力$391982.42
2025-06-12 10:20:37 | DEBUG    | src.bot.trading_bot:_update_market_data:177 | 市场数据更新完成
2025-06-12 10:20:40 | INFO     | src.trading.executor:update_account_info:125 | 账户更新: 总值$99366.60, 买入力$391982.42
2025-06-12 10:20:40 | DEBUG    | src.bot.trading_bot:_update_market_data:177 | 市场数据更新完成
2025-06-12 10:20:43 | INFO     | src.trading.executor:update_account_info:125 | 账户更新: 总值$99388.60, 买入力$391982.42
2025-06-12 10:20:43 | DEBUG    | src.bot.trading_bot:_update_market_data:177 | 市场数据更新完成
2025-06-12 10:20:46 | INFO     | src.trading.executor:update_account_info:125 | 账户更新: 总值$99388.60, 买入力$391982.42
2025-06-12 10:20:46 | DEBUG    | src.bot.trading_bot:_update_market_data:177 | 市场数据更新完成
2025-06-12 10:20:50 | INFO     | src.trading.executor:update_account_info:125 | 账户更新: 总值$99355.60, 买入力$391982.42
2025-06-12 10:20:50 | DEBUG    | src.bot.trading_bot:_update_market_data:177 | 市场数据更新完成
2025-06-12 10:20:53 | INFO     | src.trading.executor:update_account_info:125 | 账户更新: 总值$99355.60, 买入力$391982.42
2025-06-12 10:20:53 | DEBUG    | src.bot.trading_bot:_update_market_data:177 | 市场数据更新完成
2025-06-12 10:20:54 | DEBUG    | src.bot.trading_bot:_update_positions_normal:249 | 📊 常规头寸更新完成
2025-06-12 10:20:56 | INFO     | src.trading.executor:update_account_info:125 | 账户更新: 总值$99366.60, 买入力$391982.42
2025-06-12 10:20:56 | DEBUG    | src.bot.trading_bot:_update_market_data:177 | 市场数据更新完成
2025-06-12 10:20:59 | INFO     | src.trading.executor:update_account_info:125 | 账户更新: 总值$99344.60, 买入力$391982.42
2025-06-12 10:20:59 | DEBUG    | src.bot.trading_bot:_update_market_data:177 | 市场数据更新完成
2025-06-12 10:21:03 | INFO     | src.trading.executor:update_account_info:125 | 账户更新: 总值$99344.60, 买入力$391982.42
2025-06-12 10:21:03 | DEBUG    | src.bot.trading_bot:_update_market_data:177 | 市场数据更新完成
2025-06-12 10:21:06 | INFO     | src.trading.executor:update_account_info:125 | 账户更新: 总值$99355.60, 买入力$391982.42
2025-06-12 10:21:06 | DEBUG    | src.bot.trading_bot:_update_market_data:177 | 市场数据更新完成
2025-06-12 10:21:09 | INFO     | src.trading.executor:update_account_info:125 | 账户更新: 总值$99333.60, 买入力$391982.42
2025-06-12 10:21:09 | DEBUG    | src.bot.trading_bot:_update_market_data:177 | 市场数据更新完成
2025-06-12 10:21:12 | INFO     | src.trading.executor:update_account_info:125 | 账户更新: 总值$99311.60, 买入力$391982.42
2025-06-12 10:21:12 | DEBUG    | src.bot.trading_bot:_update_market_data:177 | 市场数据更新完成
2025-06-12 10:21:15 | INFO     | src.trading.executor:update_account_info:125 | 账户更新: 总值$99344.60, 买入力$391982.42
2025-06-12 10:21:15 | DEBUG    | src.bot.trading_bot:_update_market_data:177 | 市场数据更新完成
2025-06-12 10:21:19 | INFO     | src.trading.executor:update_account_info:125 | 账户更新: 总值$99355.60, 买入力$391982.42
2025-06-12 10:21:19 | DEBUG    | src.bot.trading_bot:_update_market_data:177 | 市场数据更新完成
2025-06-12 10:21:22 | INFO     | src.trading.executor:update_account_info:125 | 账户更新: 总值$99344.60, 买入力$391982.42
2025-06-12 10:21:22 | DEBUG    | src.bot.trading_bot:_update_market_data:177 | 市场数据更新完成
2025-06-12 10:21:25 | INFO     | src.trading.executor:update_account_info:125 | 账户更新: 总值$99344.60, 买入力$391982.42
2025-06-12 10:21:25 | DEBUG    | src.bot.trading_bot:_update_market_data:177 | 市场数据更新完成
2025-06-12 10:21:28 | INFO     | src.trading.executor:update_account_info:125 | 账户更新: 总值$99344.60, 买入力$391982.42
2025-06-12 10:21:28 | DEBUG    | src.bot.trading_bot:_update_market_data:177 | 市场数据更新完成
2025-06-12 10:21:32 | INFO     | src.trading.executor:update_account_info:125 | 账户更新: 总值$99333.60, 买入力$391982.42
2025-06-12 10:21:32 | DEBUG    | src.bot.trading_bot:_update_market_data:177 | 市场数据更新完成
2025-06-12 10:21:35 | INFO     | src.trading.executor:update_account_info:125 | 账户更新: 总值$99344.60, 买入力$391982.42
2025-06-12 10:21:35 | DEBUG    | src.bot.trading_bot:_update_market_data:177 | 市场数据更新完成
2025-06-12 10:21:38 | INFO     | src.trading.executor:update_account_info:125 | 账户更新: 总值$99344.60, 买入力$391982.42
2025-06-12 10:21:38 | DEBUG    | src.bot.trading_bot:_update_market_data:177 | 市场数据更新完成
2025-06-12 10:21:41 | INFO     | src.trading.executor:update_account_info:125 | 账户更新: 总值$99377.60, 买入力$391982.42
2025-06-12 10:21:41 | DEBUG    | src.bot.trading_bot:_update_market_data:177 | 市场数据更新完成
2025-06-12 10:21:44 | INFO     | src.trading.executor:update_account_info:125 | 账户更新: 总值$99377.60, 买入力$391982.42
2025-06-12 10:21:44 | DEBUG    | src.bot.trading_bot:_update_market_data:177 | 市场数据更新完成
2025-06-12 10:21:48 | INFO     | src.trading.executor:update_account_info:125 | 账户更新: 总值$99388.60, 买入力$391982.42
2025-06-12 10:21:48 | DEBUG    | src.bot.trading_bot:_update_market_data:177 | 市场数据更新完成
2025-06-12 10:21:51 | INFO     | src.trading.executor:update_account_info:125 | 账户更新: 总值$99377.60, 买入力$391982.42
2025-06-12 10:21:51 | DEBUG    | src.bot.trading_bot:_update_market_data:177 | 市场数据更新完成
2025-06-12 10:21:54 | INFO     | src.trading.executor:update_account_info:125 | 账户更新: 总值$99355.60, 买入力$391982.42
2025-06-12 10:21:54 | DEBUG    | src.bot.trading_bot:_update_market_data:177 | 市场数据更新完成
2025-06-12 10:21:55 | DEBUG    | src.bot.trading_bot:_update_positions_normal:249 | 📊 常规头寸更新完成
2025-06-12 10:21:58 | INFO     | src.trading.executor:update_account_info:125 | 账户更新: 总值$99344.60, 买入力$391982.42
2025-06-12 10:21:58 | DEBUG    | src.bot.trading_bot:_update_market_data:177 | 市场数据更新完成
2025-06-12 10:22:01 | INFO     | src.trading.executor:update_account_info:125 | 账户更新: 总值$99366.60, 买入力$391982.42
2025-06-12 10:22:01 | DEBUG    | src.bot.trading_bot:_update_market_data:177 | 市场数据更新完成
2025-06-12 10:22:04 | INFO     | src.trading.executor:update_account_info:125 | 账户更新: 总值$99333.60, 买入力$391982.42
2025-06-12 10:22:04 | DEBUG    | src.bot.trading_bot:_update_market_data:177 | 市场数据更新完成
2025-06-12 10:22:07 | INFO     | src.trading.executor:update_account_info:125 | 账户更新: 总值$99344.60, 买入力$391982.42
2025-06-12 10:22:07 | DEBUG    | src.bot.trading_bot:_update_market_data:177 | 市场数据更新完成
2025-06-12 10:22:10 | INFO     | src.trading.executor:update_account_info:125 | 账户更新: 总值$99311.60, 买入力$391982.42
2025-06-12 10:22:10 | DEBUG    | src.bot.trading_bot:_update_market_data:177 | 市场数据更新完成
2025-06-12 10:22:14 | INFO     | src.trading.executor:update_account_info:125 | 账户更新: 总值$99300.60, 买入力$391982.42
2025-06-12 10:22:14 | DEBUG    | src.bot.trading_bot:_update_market_data:177 | 市场数据更新完成
2025-06-12 10:22:17 | INFO     | src.trading.executor:update_account_info:125 | 账户更新: 总值$99311.60, 买入力$391982.42
2025-06-12 10:22:17 | DEBUG    | src.bot.trading_bot:_update_market_data:177 | 市场数据更新完成
2025-06-12 10:22:20 | INFO     | src.trading.executor:update_account_info:125 | 账户更新: 总值$99322.60, 买入力$391982.42
2025-06-12 10:22:20 | DEBUG    | src.bot.trading_bot:_update_market_data:177 | 市场数据更新完成
2025-06-12 10:22:23 | INFO     | src.trading.executor:update_account_info:125 | 账户更新: 总值$99322.60, 买入力$391982.42
2025-06-12 10:22:23 | DEBUG    | src.bot.trading_bot:_update_market_data:177 | 市场数据更新完成
2025-06-12 10:22:27 | INFO     | src.trading.executor:update_account_info:125 | 账户更新: 总值$99322.60, 买入力$391982.42
2025-06-12 10:22:27 | DEBUG    | src.bot.trading_bot:_update_market_data:177 | 市场数据更新完成
2025-06-12 10:22:30 | INFO     | src.trading.executor:update_account_info:125 | 账户更新: 总值$99311.60, 买入力$391982.42
2025-06-12 10:22:30 | DEBUG    | src.bot.trading_bot:_update_market_data:177 | 市场数据更新完成
2025-06-12 10:22:33 | INFO     | src.trading.executor:update_account_info:125 | 账户更新: 总值$99300.60, 买入力$391982.42
2025-06-12 10:22:33 | DEBUG    | src.bot.trading_bot:_update_market_data:177 | 市场数据更新完成
2025-06-12 10:22:36 | INFO     | src.trading.executor:update_account_info:125 | 账户更新: 总值$99322.60, 买入力$391982.42
2025-06-12 10:22:36 | DEBUG    | src.bot.trading_bot:_update_market_data:177 | 市场数据更新完成
2025-06-12 10:22:40 | INFO     | src.trading.executor:update_account_info:125 | 账户更新: 总值$99300.60, 买入力$391982.42
2025-06-12 10:22:40 | DEBUG    | src.bot.trading_bot:_update_market_data:177 | 市场数据更新完成
2025-06-12 10:22:43 | INFO     | src.trading.executor:update_account_info:125 | 账户更新: 总值$99300.60, 买入力$391982.42
2025-06-12 10:22:43 | DEBUG    | src.bot.trading_bot:_update_market_data:177 | 市场数据更新完成
2025-06-12 10:22:46 | INFO     | src.trading.executor:update_account_info:125 | 账户更新: 总值$99289.60, 买入力$391982.42
2025-06-12 10:22:46 | DEBUG    | src.bot.trading_bot:_update_market_data:177 | 市场数据更新完成
2025-06-12 10:22:49 | INFO     | src.trading.executor:update_account_info:125 | 账户更新: 总值$99300.60, 买入力$391982.42
2025-06-12 10:22:49 | DEBUG    | src.bot.trading_bot:_update_market_data:177 | 市场数据更新完成
2025-06-12 10:22:52 | INFO     | src.trading.executor:update_account_info:125 | 账户更新: 总值$99311.60, 买入力$391982.42
2025-06-12 10:22:52 | DEBUG    | src.bot.trading_bot:_update_market_data:177 | 市场数据更新完成
2025-06-12 10:22:55 | DEBUG    | src.bot.trading_bot:_update_positions_normal:249 | 📊 常规头寸更新完成
2025-06-12 10:22:56 | INFO     | src.trading.executor:update_account_info:125 | 账户更新: 总值$99366.60, 买入力$391982.42
2025-06-12 10:22:56 | DEBUG    | src.bot.trading_bot:_update_market_data:177 | 市场数据更新完成
2025-06-12 10:22:59 | INFO     | src.trading.executor:update_account_info:125 | 账户更新: 总值$99388.60, 买入力$391982.42
2025-06-12 10:22:59 | DEBUG    | src.bot.trading_bot:_update_market_data:177 | 市场数据更新完成
2025-06-12 10:23:03 | INFO     | src.trading.executor:update_account_info:125 | 账户更新: 总值$99421.60, 买入力$391982.42
2025-06-12 10:23:03 | DEBUG    | src.bot.trading_bot:_update_market_data:177 | 市场数据更新完成
2025-06-12 10:23:06 | INFO     | src.trading.executor:update_account_info:125 | 账户更新: 总值$99399.60, 买入力$391982.42
2025-06-12 10:23:06 | DEBUG    | src.bot.trading_bot:_update_market_data:177 | 市场数据更新完成
2025-06-12 10:23:09 | INFO     | src.trading.executor:update_account_info:125 | 账户更新: 总值$99388.60, 买入力$391982.42
2025-06-12 10:23:09 | DEBUG    | src.bot.trading_bot:_update_market_data:177 | 市场数据更新完成
2025-06-12 10:23:12 | INFO     | src.trading.executor:update_account_info:125 | 账户更新: 总值$99388.60, 买入力$391982.42
2025-06-12 10:23:12 | DEBUG    | src.bot.trading_bot:_update_market_data:177 | 市场数据更新完成
2025-06-12 10:23:15 | INFO     | src.trading.executor:update_account_info:125 | 账户更新: 总值$99388.60, 买入力$391982.42
2025-06-12 10:23:16 | DEBUG    | src.bot.trading_bot:_update_market_data:177 | 市场数据更新完成
2025-06-12 10:23:19 | INFO     | src.trading.executor:update_account_info:125 | 账户更新: 总值$99388.60, 买入力$391982.42
2025-06-12 10:23:19 | DEBUG    | src.bot.trading_bot:_update_market_data:177 | 市场数据更新完成
2025-06-12 10:23:22 | INFO     | src.trading.executor:update_account_info:125 | 账户更新: 总值$99377.60, 买入力$391982.42
2025-06-12 10:23:22 | DEBUG    | src.bot.trading_bot:_update_market_data:177 | 市场数据更新完成
2025-06-12 10:23:25 | INFO     | src.trading.executor:update_account_info:125 | 账户更新: 总值$99410.60, 买入力$391982.42
2025-06-12 10:23:25 | DEBUG    | src.bot.trading_bot:_update_market_data:177 | 市场数据更新完成
2025-06-12 10:23:25 | INFO     | src.strategy.signals:generate_signals:468 | 生成信号: SHORT - VWAP空头突破: 偏离-0.17%, MACD转负
2025-06-12 10:23:25 | INFO     | src.bot.trading_bot:_check_signals:195 | 检测到信号: SHORT 置信度: 0.85 原因: VWAP空头突破: 偏离-0.17%, MACD转负
2025-06-12 10:23:25 | INFO     | src.utils.notifications:send_message:63 | [GENERAL] 📡 交易信号
类型: SHORT
强度: MEDIUM
置信度: 0.85
价格: $598.56
原因: VWAP空头突破: 偏离-0.17%, MACD转负
2025-06-12 10:23:25 | WARNING  | src.trading.executor:_check_trading_limits:301 | 已达到每日最大交易次数限制: 5
2025-06-12 10:23:25 | WARNING  | src.bot.trading_bot:_check_signals:209 | 信号执行失败: SHORT
2025-06-12 10:23:29 | INFO     | src.trading.executor:update_account_info:125 | 账户更新: 总值$99410.60, 买入力$391982.42
2025-06-12 10:23:29 | DEBUG    | src.bot.trading_bot:_update_market_data:177 | 市场数据更新完成
2025-06-12 10:23:29 | INFO     | src.strategy.signals:generate_signals:468 | 生成信号: SHORT - VWAP空头突破: 偏离-0.17%, MACD转负
2025-06-12 10:23:29 | INFO     | src.bot.trading_bot:_check_signals:195 | 检测到信号: SHORT 置信度: 0.85 原因: VWAP空头突破: 偏离-0.17%, MACD转负
2025-06-12 10:23:29 | INFO     | src.utils.notifications:send_message:63 | [GENERAL] 📡 交易信号
类型: SHORT
强度: MEDIUM
置信度: 0.85
价格: $598.56
原因: VWAP空头突破: 偏离-0.17%, MACD转负
2025-06-12 10:23:29 | WARNING  | src.trading.executor:_check_trading_limits:301 | 已达到每日最大交易次数限制: 5
2025-06-12 10:23:29 | WARNING  | src.bot.trading_bot:_check_signals:209 | 信号执行失败: SHORT
2025-06-12 10:23:32 | INFO     | src.trading.executor:update_account_info:125 | 账户更新: 总值$99432.60, 买入力$391982.42
2025-06-12 10:23:32 | DEBUG    | src.bot.trading_bot:_update_market_data:177 | 市场数据更新完成
2025-06-12 10:23:32 | INFO     | src.strategy.signals:generate_signals:468 | 生成信号: SHORT - VWAP空头突破: 偏离-0.17%, MACD转负
2025-06-12 10:23:32 | INFO     | src.bot.trading_bot:_check_signals:195 | 检测到信号: SHORT 置信度: 0.85 原因: VWAP空头突破: 偏离-0.17%, MACD转负
2025-06-12 10:23:32 | INFO     | src.utils.notifications:send_message:63 | [GENERAL] 📡 交易信号
类型: SHORT
强度: MEDIUM
置信度: 0.85
价格: $598.56
原因: VWAP空头突破: 偏离-0.17%, MACD转负
2025-06-12 10:23:32 | WARNING  | src.trading.executor:_check_trading_limits:301 | 已达到每日最大交易次数限制: 5
2025-06-12 10:23:32 | WARNING  | src.bot.trading_bot:_check_signals:209 | 信号执行失败: SHORT
2025-06-12 10:23:35 | INFO     | src.trading.executor:update_account_info:125 | 账户更新: 总值$99410.60, 买入力$391982.42
2025-06-12 10:23:35 | DEBUG    | src.bot.trading_bot:_update_market_data:177 | 市场数据更新完成
2025-06-12 10:23:35 | INFO     | src.strategy.signals:generate_signals:468 | 生成信号: SHORT - VWAP空头突破: 偏离-0.17%, MACD转负
2025-06-12 10:23:35 | INFO     | src.bot.trading_bot:_check_signals:195 | 检测到信号: SHORT 置信度: 0.85 原因: VWAP空头突破: 偏离-0.17%, MACD转负
2025-06-12 10:23:35 | INFO     | src.utils.notifications:send_message:63 | [GENERAL] 📡 交易信号
类型: SHORT
强度: MEDIUM
置信度: 0.85
价格: $598.56
原因: VWAP空头突破: 偏离-0.17%, MACD转负
2025-06-12 10:23:35 | WARNING  | src.trading.executor:_check_trading_limits:301 | 已达到每日最大交易次数限制: 5
2025-06-12 10:23:35 | WARNING  | src.bot.trading_bot:_check_signals:209 | 信号执行失败: SHORT
2025-06-12 10:23:38 | INFO     | src.trading.executor:update_account_info:125 | 账户更新: 总值$99432.60, 买入力$391982.42
2025-06-12 10:23:38 | DEBUG    | src.bot.trading_bot:_update_market_data:177 | 市场数据更新完成
2025-06-12 10:23:38 | INFO     | src.strategy.signals:generate_signals:468 | 生成信号: SHORT - VWAP空头突破: 偏离-0.17%, MACD转负
2025-06-12 10:23:38 | INFO     | src.bot.trading_bot:_check_signals:195 | 检测到信号: SHORT 置信度: 0.85 原因: VWAP空头突破: 偏离-0.17%, MACD转负
2025-06-12 10:23:38 | INFO     | src.utils.notifications:send_message:63 | [GENERAL] 📡 交易信号
类型: SHORT
强度: MEDIUM
置信度: 0.85
价格: $598.56
原因: VWAP空头突破: 偏离-0.17%, MACD转负
2025-06-12 10:23:38 | WARNING  | src.trading.executor:_check_trading_limits:301 | 已达到每日最大交易次数限制: 5
2025-06-12 10:23:38 | WARNING  | src.bot.trading_bot:_check_signals:209 | 信号执行失败: SHORT
2025-06-12 10:23:42 | INFO     | src.trading.executor:update_account_info:125 | 账户更新: 总值$99432.60, 买入力$391982.42
2025-06-12 10:23:42 | DEBUG    | src.bot.trading_bot:_update_market_data:177 | 市场数据更新完成
2025-06-12 10:23:42 | INFO     | src.strategy.signals:generate_signals:468 | 生成信号: SHORT - VWAP空头突破: 偏离-0.17%, MACD转负
2025-06-12 10:23:42 | INFO     | src.bot.trading_bot:_check_signals:195 | 检测到信号: SHORT 置信度: 0.85 原因: VWAP空头突破: 偏离-0.17%, MACD转负
2025-06-12 10:23:42 | INFO     | src.utils.notifications:send_message:63 | [GENERAL] 📡 交易信号
类型: SHORT
强度: MEDIUM
置信度: 0.85
价格: $598.56
原因: VWAP空头突破: 偏离-0.17%, MACD转负
2025-06-12 10:23:42 | WARNING  | src.trading.executor:_check_trading_limits:301 | 已达到每日最大交易次数限制: 5
2025-06-12 10:23:42 | WARNING  | src.bot.trading_bot:_check_signals:209 | 信号执行失败: SHORT
2025-06-12 10:23:45 | INFO     | src.trading.executor:update_account_info:125 | 账户更新: 总值$99454.60, 买入力$391982.42
2025-06-12 10:23:45 | DEBUG    | src.bot.trading_bot:_update_market_data:177 | 市场数据更新完成
2025-06-12 10:23:45 | INFO     | src.strategy.signals:generate_signals:468 | 生成信号: SHORT - VWAP空头突破: 偏离-0.17%, MACD转负
2025-06-12 10:23:45 | INFO     | src.bot.trading_bot:_check_signals:195 | 检测到信号: SHORT 置信度: 0.85 原因: VWAP空头突破: 偏离-0.17%, MACD转负
2025-06-12 10:23:45 | INFO     | src.utils.notifications:send_message:63 | [GENERAL] 📡 交易信号
类型: SHORT
强度: MEDIUM
置信度: 0.85
价格: $598.56
原因: VWAP空头突破: 偏离-0.17%, MACD转负
2025-06-12 10:23:45 | WARNING  | src.trading.executor:_check_trading_limits:301 | 已达到每日最大交易次数限制: 5
2025-06-12 10:23:45 | WARNING  | src.bot.trading_bot:_check_signals:209 | 信号执行失败: SHORT
2025-06-12 10:23:48 | INFO     | src.trading.executor:update_account_info:125 | 账户更新: 总值$99465.60, 买入力$391982.42
2025-06-12 10:23:48 | DEBUG    | src.bot.trading_bot:_update_market_data:177 | 市场数据更新完成
2025-06-12 10:23:48 | INFO     | src.strategy.signals:generate_signals:468 | 生成信号: SHORT - VWAP空头突破: 偏离-0.17%, MACD转负
2025-06-12 10:23:48 | INFO     | src.bot.trading_bot:_check_signals:195 | 检测到信号: SHORT 置信度: 0.85 原因: VWAP空头突破: 偏离-0.17%, MACD转负
2025-06-12 10:23:48 | INFO     | src.utils.notifications:send_message:63 | [GENERAL] 📡 交易信号
类型: SHORT
强度: MEDIUM
置信度: 0.85
价格: $598.56
原因: VWAP空头突破: 偏离-0.17%, MACD转负
2025-06-12 10:23:48 | WARNING  | src.trading.executor:_check_trading_limits:301 | 已达到每日最大交易次数限制: 5
2025-06-12 10:23:48 | WARNING  | src.bot.trading_bot:_check_signals:209 | 信号执行失败: SHORT
2025-06-12 10:23:51 | INFO     | src.trading.executor:update_account_info:125 | 账户更新: 总值$99432.60, 买入力$391982.42
2025-06-12 10:23:51 | DEBUG    | src.bot.trading_bot:_update_market_data:177 | 市场数据更新完成
2025-06-12 10:23:51 | INFO     | src.strategy.signals:generate_signals:468 | 生成信号: SHORT - VWAP空头突破: 偏离-0.17%, MACD转负
2025-06-12 10:23:51 | INFO     | src.bot.trading_bot:_check_signals:195 | 检测到信号: SHORT 置信度: 0.85 原因: VWAP空头突破: 偏离-0.17%, MACD转负
2025-06-12 10:23:51 | INFO     | src.utils.notifications:send_message:63 | [GENERAL] 📡 交易信号
类型: SHORT
强度: MEDIUM
置信度: 0.85
价格: $598.56
原因: VWAP空头突破: 偏离-0.17%, MACD转负
2025-06-12 10:23:51 | WARNING  | src.trading.executor:_check_trading_limits:301 | 已达到每日最大交易次数限制: 5
2025-06-12 10:23:51 | WARNING  | src.bot.trading_bot:_check_signals:209 | 信号执行失败: SHORT
2025-06-12 10:23:54 | INFO     | src.trading.executor:update_account_info:125 | 账户更新: 总值$99432.60, 买入力$391982.42
2025-06-12 10:23:54 | DEBUG    | src.bot.trading_bot:_update_market_data:177 | 市场数据更新完成
2025-06-12 10:23:54 | INFO     | src.strategy.signals:generate_signals:468 | 生成信号: SHORT - VWAP空头突破: 偏离-0.17%, MACD转负
2025-06-12 10:23:54 | INFO     | src.bot.trading_bot:_check_signals:195 | 检测到信号: SHORT 置信度: 0.85 原因: VWAP空头突破: 偏离-0.17%, MACD转负
2025-06-12 10:23:54 | INFO     | src.utils.notifications:send_message:63 | [GENERAL] 📡 交易信号
类型: SHORT
强度: MEDIUM
置信度: 0.85
价格: $598.56
原因: VWAP空头突破: 偏离-0.17%, MACD转负
2025-06-12 10:23:54 | WARNING  | src.trading.executor:_check_trading_limits:301 | 已达到每日最大交易次数限制: 5
2025-06-12 10:23:54 | WARNING  | src.bot.trading_bot:_check_signals:209 | 信号执行失败: SHORT
2025-06-12 10:23:55 | DEBUG    | src.bot.trading_bot:_update_positions_normal:249 | 📊 常规头寸更新完成
2025-06-12 10:23:58 | INFO     | src.trading.executor:update_account_info:125 | 账户更新: 总值$99443.60, 买入力$391982.42
2025-06-12 10:23:58 | DEBUG    | src.bot.trading_bot:_update_market_data:177 | 市场数据更新完成
2025-06-12 10:23:58 | INFO     | src.strategy.signals:generate_signals:468 | 生成信号: SHORT - VWAP空头突破: 偏离-0.17%, MACD转负
2025-06-12 10:23:58 | INFO     | src.bot.trading_bot:_check_signals:195 | 检测到信号: SHORT 置信度: 0.85 原因: VWAP空头突破: 偏离-0.17%, MACD转负
2025-06-12 10:23:58 | INFO     | src.utils.notifications:send_message:63 | [GENERAL] 📡 交易信号
类型: SHORT
强度: MEDIUM
置信度: 0.85
价格: $598.56
原因: VWAP空头突破: 偏离-0.17%, MACD转负
2025-06-12 10:23:58 | WARNING  | src.trading.executor:_check_trading_limits:301 | 已达到每日最大交易次数限制: 5
2025-06-12 10:23:58 | WARNING  | src.bot.trading_bot:_check_signals:209 | 信号执行失败: SHORT
2025-06-12 10:24:01 | INFO     | src.trading.executor:update_account_info:125 | 账户更新: 总值$99465.60, 买入力$391982.42
2025-06-12 10:24:01 | DEBUG    | src.bot.trading_bot:_update_market_data:177 | 市场数据更新完成
2025-06-12 10:24:01 | INFO     | src.strategy.signals:generate_signals:468 | 生成信号: SHORT - VWAP空头突破: 偏离-0.17%, MACD转负
2025-06-12 10:24:01 | INFO     | src.bot.trading_bot:_check_signals:195 | 检测到信号: SHORT 置信度: 0.85 原因: VWAP空头突破: 偏离-0.17%, MACD转负
2025-06-12 10:24:01 | INFO     | src.utils.notifications:send_message:63 | [GENERAL] 📡 交易信号
类型: SHORT
强度: MEDIUM
置信度: 0.85
价格: $598.56
原因: VWAP空头突破: 偏离-0.17%, MACD转负
2025-06-12 10:24:01 | WARNING  | src.trading.executor:_check_trading_limits:301 | 已达到每日最大交易次数限制: 5
2025-06-12 10:24:01 | WARNING  | src.bot.trading_bot:_check_signals:209 | 信号执行失败: SHORT
2025-06-12 10:24:04 | INFO     | src.trading.executor:update_account_info:125 | 账户更新: 总值$99476.60, 买入力$391982.42
2025-06-12 10:24:04 | DEBUG    | src.bot.trading_bot:_update_market_data:177 | 市场数据更新完成
2025-06-12 10:24:04 | INFO     | src.strategy.signals:generate_signals:468 | 生成信号: SHORT - VWAP空头突破: 偏离-0.17%, MACD转负
2025-06-12 10:24:04 | INFO     | src.bot.trading_bot:_check_signals:195 | 检测到信号: SHORT 置信度: 0.85 原因: VWAP空头突破: 偏离-0.17%, MACD转负
2025-06-12 10:24:04 | INFO     | src.utils.notifications:send_message:63 | [GENERAL] 📡 交易信号
类型: SHORT
强度: MEDIUM
置信度: 0.85
价格: $598.56
原因: VWAP空头突破: 偏离-0.17%, MACD转负
2025-06-12 10:24:04 | WARNING  | src.trading.executor:_check_trading_limits:301 | 已达到每日最大交易次数限制: 5
2025-06-12 10:24:04 | WARNING  | src.bot.trading_bot:_check_signals:209 | 信号执行失败: SHORT
2025-06-12 10:24:07 | INFO     | src.trading.executor:update_account_info:125 | 账户更新: 总值$99487.60, 买入力$391982.42
2025-06-12 10:24:07 | DEBUG    | src.bot.trading_bot:_update_market_data:177 | 市场数据更新完成
2025-06-12 10:24:07 | INFO     | src.strategy.signals:generate_signals:468 | 生成信号: SHORT - VWAP空头突破: 偏离-0.17%, MACD转负
2025-06-12 10:24:07 | INFO     | src.bot.trading_bot:_check_signals:195 | 检测到信号: SHORT 置信度: 0.85 原因: VWAP空头突破: 偏离-0.17%, MACD转负
2025-06-12 10:24:07 | INFO     | src.utils.notifications:send_message:63 | [GENERAL] 📡 交易信号
类型: SHORT
强度: MEDIUM
置信度: 0.85
价格: $598.56
原因: VWAP空头突破: 偏离-0.17%, MACD转负
2025-06-12 10:24:07 | WARNING  | src.trading.executor:_check_trading_limits:301 | 已达到每日最大交易次数限制: 5
2025-06-12 10:24:07 | WARNING  | src.bot.trading_bot:_check_signals:209 | 信号执行失败: SHORT
2025-06-12 10:24:11 | INFO     | src.trading.executor:update_account_info:125 | 账户更新: 总值$99432.60, 买入力$391982.42
2025-06-12 10:24:11 | DEBUG    | src.bot.trading_bot:_update_market_data:177 | 市场数据更新完成
2025-06-12 10:24:11 | INFO     | src.strategy.signals:generate_signals:468 | 生成信号: SHORT - VWAP空头突破: 偏离-0.17%, MACD转负
2025-06-12 10:24:11 | INFO     | src.bot.trading_bot:_check_signals:195 | 检测到信号: SHORT 置信度: 0.85 原因: VWAP空头突破: 偏离-0.17%, MACD转负
2025-06-12 10:24:11 | INFO     | src.utils.notifications:send_message:63 | [GENERAL] 📡 交易信号
类型: SHORT
强度: MEDIUM
置信度: 0.85
价格: $598.56
原因: VWAP空头突破: 偏离-0.17%, MACD转负
2025-06-12 10:24:11 | WARNING  | src.trading.executor:_check_trading_limits:301 | 已达到每日最大交易次数限制: 5
2025-06-12 10:24:11 | WARNING  | src.bot.trading_bot:_check_signals:209 | 信号执行失败: SHORT
2025-06-12 10:24:14 | INFO     | src.trading.executor:update_account_info:125 | 账户更新: 总值$99454.60, 买入力$391982.42
2025-06-12 10:24:14 | DEBUG    | src.bot.trading_bot:_update_market_data:177 | 市场数据更新完成
2025-06-12 10:24:14 | INFO     | src.strategy.signals:generate_signals:468 | 生成信号: SHORT - VWAP空头突破: 偏离-0.17%, MACD转负
2025-06-12 10:24:14 | INFO     | src.bot.trading_bot:_check_signals:195 | 检测到信号: SHORT 置信度: 0.85 原因: VWAP空头突破: 偏离-0.17%, MACD转负
2025-06-12 10:24:14 | INFO     | src.utils.notifications:send_message:63 | [GENERAL] 📡 交易信号
类型: SHORT
强度: MEDIUM
置信度: 0.85
价格: $598.56
原因: VWAP空头突破: 偏离-0.17%, MACD转负
2025-06-12 10:24:14 | WARNING  | src.trading.executor:_check_trading_limits:301 | 已达到每日最大交易次数限制: 5
2025-06-12 10:24:14 | WARNING  | src.bot.trading_bot:_check_signals:209 | 信号执行失败: SHORT
2025-06-12 10:24:17 | INFO     | src.trading.executor:update_account_info:125 | 账户更新: 总值$99421.60, 买入力$391982.42
2025-06-12 10:24:17 | DEBUG    | src.bot.trading_bot:_update_market_data:177 | 市场数据更新完成
2025-06-12 10:24:17 | INFO     | src.strategy.signals:generate_signals:468 | 生成信号: SHORT - VWAP空头突破: 偏离-0.17%, MACD转负
2025-06-12 10:24:17 | INFO     | src.bot.trading_bot:_check_signals:195 | 检测到信号: SHORT 置信度: 0.85 原因: VWAP空头突破: 偏离-0.17%, MACD转负
2025-06-12 10:24:17 | INFO     | src.utils.notifications:send_message:63 | [GENERAL] 📡 交易信号
类型: SHORT
强度: MEDIUM
置信度: 0.85
价格: $598.56
原因: VWAP空头突破: 偏离-0.17%, MACD转负
2025-06-12 10:24:17 | WARNING  | src.trading.executor:_check_trading_limits:301 | 已达到每日最大交易次数限制: 5
2025-06-12 10:24:17 | WARNING  | src.bot.trading_bot:_check_signals:209 | 信号执行失败: SHORT
2025-06-12 10:24:20 | INFO     | src.trading.executor:update_account_info:125 | 账户更新: 总值$99410.60, 买入力$391982.42
2025-06-12 10:24:20 | DEBUG    | src.bot.trading_bot:_update_market_data:177 | 市场数据更新完成
2025-06-12 10:24:20 | INFO     | src.strategy.signals:generate_signals:468 | 生成信号: SHORT - VWAP空头突破: 偏离-0.17%, MACD转负
2025-06-12 10:24:20 | INFO     | src.bot.trading_bot:_check_signals:195 | 检测到信号: SHORT 置信度: 0.85 原因: VWAP空头突破: 偏离-0.17%, MACD转负
2025-06-12 10:24:20 | INFO     | src.utils.notifications:send_message:63 | [GENERAL] 📡 交易信号
类型: SHORT
强度: MEDIUM
置信度: 0.85
价格: $598.56
原因: VWAP空头突破: 偏离-0.17%, MACD转负
2025-06-12 10:24:20 | WARNING  | src.trading.executor:_check_trading_limits:301 | 已达到每日最大交易次数限制: 5
2025-06-12 10:24:20 | WARNING  | src.bot.trading_bot:_check_signals:209 | 信号执行失败: SHORT
2025-06-12 10:24:23 | INFO     | src.trading.executor:update_account_info:125 | 账户更新: 总值$99443.60, 买入力$391982.42
2025-06-12 10:24:23 | DEBUG    | src.bot.trading_bot:_update_market_data:177 | 市场数据更新完成
2025-06-12 10:24:23 | INFO     | src.strategy.signals:generate_signals:468 | 生成信号: SHORT - VWAP空头突破: 偏离-0.17%, MACD转负
2025-06-12 10:24:23 | INFO     | src.bot.trading_bot:_check_signals:195 | 检测到信号: SHORT 置信度: 0.85 原因: VWAP空头突破: 偏离-0.17%, MACD转负
2025-06-12 10:24:23 | INFO     | src.utils.notifications:send_message:63 | [GENERAL] 📡 交易信号
类型: SHORT
强度: MEDIUM
置信度: 0.85
价格: $598.56
原因: VWAP空头突破: 偏离-0.17%, MACD转负
2025-06-12 10:24:23 | WARNING  | src.trading.executor:_check_trading_limits:301 | 已达到每日最大交易次数限制: 5
2025-06-12 10:24:23 | WARNING  | src.bot.trading_bot:_check_signals:209 | 信号执行失败: SHORT
2025-06-12 10:24:27 | INFO     | src.trading.executor:update_account_info:125 | 账户更新: 总值$99443.60, 买入力$391982.42
2025-06-12 10:24:27 | DEBUG    | src.bot.trading_bot:_update_market_data:177 | 市场数据更新完成
2025-06-12 10:24:27 | INFO     | src.strategy.signals:generate_signals:468 | 生成信号: SHORT - VWAP空头突破: 偏离-0.17%, MACD转负
2025-06-12 10:24:27 | INFO     | src.bot.trading_bot:_check_signals:195 | 检测到信号: SHORT 置信度: 0.85 原因: VWAP空头突破: 偏离-0.17%, MACD转负
2025-06-12 10:24:27 | INFO     | src.utils.notifications:send_message:63 | [GENERAL] 📡 交易信号
类型: SHORT
强度: MEDIUM
置信度: 0.85
价格: $598.56
原因: VWAP空头突破: 偏离-0.17%, MACD转负
2025-06-12 10:24:27 | WARNING  | src.trading.executor:_check_trading_limits:301 | 已达到每日最大交易次数限制: 5
2025-06-12 10:24:27 | WARNING  | src.bot.trading_bot:_check_signals:209 | 信号执行失败: SHORT
2025-06-12 10:24:30 | INFO     | src.trading.executor:update_account_info:125 | 账户更新: 总值$99443.60, 买入力$391982.42
2025-06-12 10:24:30 | DEBUG    | src.bot.trading_bot:_update_market_data:177 | 市场数据更新完成
2025-06-12 10:24:30 | INFO     | src.strategy.signals:generate_signals:468 | 生成信号: SHORT - VWAP空头突破: 偏离-0.22%, MACD转负
2025-06-12 10:24:30 | INFO     | src.bot.trading_bot:_check_signals:195 | 检测到信号: SHORT 置信度: 0.85 原因: VWAP空头突破: 偏离-0.22%, MACD转负
2025-06-12 10:24:30 | INFO     | src.utils.notifications:send_message:63 | [GENERAL] 📡 交易信号
类型: SHORT
强度: MEDIUM
置信度: 0.85
价格: $598.24
原因: VWAP空头突破: 偏离-0.22%, MACD转负
2025-06-12 10:24:30 | WARNING  | src.trading.executor:_check_trading_limits:301 | 已达到每日最大交易次数限制: 5
2025-06-12 10:24:30 | WARNING  | src.bot.trading_bot:_check_signals:209 | 信号执行失败: SHORT
2025-06-12 10:24:33 | INFO     | src.trading.executor:update_account_info:125 | 账户更新: 总值$99410.60, 买入力$391982.42
2025-06-12 10:24:33 | DEBUG    | src.bot.trading_bot:_update_market_data:177 | 市场数据更新完成
2025-06-12 10:24:33 | INFO     | src.strategy.signals:generate_signals:468 | 生成信号: SHORT - VWAP空头突破: 偏离-0.22%, MACD转负
2025-06-12 10:24:33 | INFO     | src.bot.trading_bot:_check_signals:195 | 检测到信号: SHORT 置信度: 0.85 原因: VWAP空头突破: 偏离-0.22%, MACD转负
2025-06-12 10:24:33 | INFO     | src.utils.notifications:send_message:63 | [GENERAL] 📡 交易信号
类型: SHORT
强度: MEDIUM
置信度: 0.85
价格: $598.24
原因: VWAP空头突破: 偏离-0.22%, MACD转负
2025-06-12 10:24:33 | WARNING  | src.trading.executor:_check_trading_limits:301 | 已达到每日最大交易次数限制: 5
2025-06-12 10:24:33 | WARNING  | src.bot.trading_bot:_check_signals:209 | 信号执行失败: SHORT
2025-06-12 10:24:37 | INFO     | src.trading.executor:update_account_info:125 | 账户更新: 总值$99443.60, 买入力$391982.42
2025-06-12 10:24:37 | DEBUG    | src.bot.trading_bot:_update_market_data:177 | 市场数据更新完成
2025-06-12 10:24:37 | INFO     | src.strategy.signals:generate_signals:468 | 生成信号: SHORT - VWAP空头突破: 偏离-0.22%, MACD转负
2025-06-12 10:24:37 | INFO     | src.bot.trading_bot:_check_signals:195 | 检测到信号: SHORT 置信度: 0.85 原因: VWAP空头突破: 偏离-0.22%, MACD转负
2025-06-12 10:24:37 | INFO     | src.utils.notifications:send_message:63 | [GENERAL] 📡 交易信号
类型: SHORT
强度: MEDIUM
置信度: 0.85
价格: $598.24
原因: VWAP空头突破: 偏离-0.22%, MACD转负
2025-06-12 10:24:37 | WARNING  | src.trading.executor:_check_trading_limits:301 | 已达到每日最大交易次数限制: 5
2025-06-12 10:24:37 | WARNING  | src.bot.trading_bot:_check_signals:209 | 信号执行失败: SHORT
2025-06-12 10:24:40 | INFO     | src.trading.executor:update_account_info:125 | 账户更新: 总值$99465.60, 买入力$391982.42
2025-06-12 10:24:40 | DEBUG    | src.bot.trading_bot:_update_market_data:177 | 市场数据更新完成
2025-06-12 10:24:40 | INFO     | src.strategy.signals:generate_signals:468 | 生成信号: SHORT - VWAP空头突破: 偏离-0.22%, MACD转负
2025-06-12 10:24:40 | INFO     | src.bot.trading_bot:_check_signals:195 | 检测到信号: SHORT 置信度: 0.85 原因: VWAP空头突破: 偏离-0.22%, MACD转负
2025-06-12 10:24:40 | INFO     | src.utils.notifications:send_message:63 | [GENERAL] 📡 交易信号
类型: SHORT
强度: MEDIUM
置信度: 0.85
价格: $598.24
原因: VWAP空头突破: 偏离-0.22%, MACD转负
2025-06-12 10:24:40 | WARNING  | src.trading.executor:_check_trading_limits:301 | 已达到每日最大交易次数限制: 5
2025-06-12 10:24:40 | WARNING  | src.bot.trading_bot:_check_signals:209 | 信号执行失败: SHORT
2025-06-12 10:24:43 | INFO     | src.trading.executor:update_account_info:125 | 账户更新: 总值$99476.60, 买入力$391982.42
2025-06-12 10:24:43 | DEBUG    | src.bot.trading_bot:_update_market_data:177 | 市场数据更新完成
2025-06-12 10:24:43 | INFO     | src.strategy.signals:generate_signals:468 | 生成信号: SHORT - VWAP空头突破: 偏离-0.22%, MACD转负
2025-06-12 10:24:43 | INFO     | src.bot.trading_bot:_check_signals:195 | 检测到信号: SHORT 置信度: 0.85 原因: VWAP空头突破: 偏离-0.22%, MACD转负
2025-06-12 10:24:43 | INFO     | src.utils.notifications:send_message:63 | [GENERAL] 📡 交易信号
类型: SHORT
强度: MEDIUM
置信度: 0.85
价格: $598.24
原因: VWAP空头突破: 偏离-0.22%, MACD转负
2025-06-12 10:24:43 | WARNING  | src.trading.executor:_check_trading_limits:301 | 已达到每日最大交易次数限制: 5
2025-06-12 10:24:43 | WARNING  | src.bot.trading_bot:_check_signals:209 | 信号执行失败: SHORT
2025-06-12 10:24:46 | INFO     | src.trading.executor:update_account_info:125 | 账户更新: 总值$99487.60, 买入力$391982.42
2025-06-12 10:24:46 | DEBUG    | src.bot.trading_bot:_update_market_data:177 | 市场数据更新完成
2025-06-12 10:24:46 | INFO     | src.strategy.signals:generate_signals:468 | 生成信号: SHORT - VWAP空头突破: 偏离-0.22%, MACD转负
2025-06-12 10:24:46 | INFO     | src.bot.trading_bot:_check_signals:195 | 检测到信号: SHORT 置信度: 0.85 原因: VWAP空头突破: 偏离-0.22%, MACD转负
2025-06-12 10:24:46 | INFO     | src.utils.notifications:send_message:63 | [GENERAL] 📡 交易信号
类型: SHORT
强度: MEDIUM
置信度: 0.85
价格: $598.24
原因: VWAP空头突破: 偏离-0.22%, MACD转负
2025-06-12 10:24:46 | WARNING  | src.trading.executor:_check_trading_limits:301 | 已达到每日最大交易次数限制: 5
2025-06-12 10:24:46 | WARNING  | src.bot.trading_bot:_check_signals:209 | 信号执行失败: SHORT
2025-06-12 10:24:50 | INFO     | src.trading.executor:update_account_info:125 | 账户更新: 总值$99476.60, 买入力$391982.42
2025-06-12 10:24:50 | DEBUG    | src.bot.trading_bot:_update_market_data:177 | 市场数据更新完成
2025-06-12 10:24:50 | INFO     | src.strategy.signals:generate_signals:468 | 生成信号: SHORT - VWAP空头突破: 偏离-0.22%, MACD转负
2025-06-12 10:24:50 | INFO     | src.bot.trading_bot:_check_signals:195 | 检测到信号: SHORT 置信度: 0.85 原因: VWAP空头突破: 偏离-0.22%, MACD转负
2025-06-12 10:24:50 | INFO     | src.utils.notifications:send_message:63 | [GENERAL] 📡 交易信号
类型: SHORT
强度: MEDIUM
置信度: 0.85
价格: $598.24
原因: VWAP空头突破: 偏离-0.22%, MACD转负
2025-06-12 10:24:50 | WARNING  | src.trading.executor:_check_trading_limits:301 | 已达到每日最大交易次数限制: 5
2025-06-12 10:24:50 | WARNING  | src.bot.trading_bot:_check_signals:209 | 信号执行失败: SHORT
2025-06-12 10:24:53 | INFO     | src.trading.executor:update_account_info:125 | 账户更新: 总值$99498.60, 买入力$391982.42
2025-06-12 10:24:53 | DEBUG    | src.bot.trading_bot:_update_market_data:177 | 市场数据更新完成
2025-06-12 10:24:53 | INFO     | src.strategy.signals:generate_signals:468 | 生成信号: SHORT - VWAP空头突破: 偏离-0.22%, MACD转负
2025-06-12 10:24:53 | INFO     | src.bot.trading_bot:_check_signals:195 | 检测到信号: SHORT 置信度: 0.85 原因: VWAP空头突破: 偏离-0.22%, MACD转负
2025-06-12 10:24:53 | INFO     | src.utils.notifications:send_message:63 | [GENERAL] 📡 交易信号
类型: SHORT
强度: MEDIUM
置信度: 0.85
价格: $598.24
原因: VWAP空头突破: 偏离-0.22%, MACD转负
2025-06-12 10:24:53 | WARNING  | src.trading.executor:_check_trading_limits:301 | 已达到每日最大交易次数限制: 5
2025-06-12 10:24:53 | WARNING  | src.bot.trading_bot:_check_signals:209 | 信号执行失败: SHORT
2025-06-12 10:24:55 | DEBUG    | src.bot.trading_bot:_update_positions_normal:249 | 📊 常规头寸更新完成
2025-06-12 10:24:56 | INFO     | src.trading.executor:update_account_info:125 | 账户更新: 总值$99498.60, 买入力$391982.42
2025-06-12 10:24:56 | DEBUG    | src.bot.trading_bot:_update_market_data:177 | 市场数据更新完成
2025-06-12 10:24:56 | INFO     | src.strategy.signals:generate_signals:468 | 生成信号: SHORT - VWAP空头突破: 偏离-0.22%, MACD转负
2025-06-12 10:24:56 | INFO     | src.bot.trading_bot:_check_signals:195 | 检测到信号: SHORT 置信度: 0.85 原因: VWAP空头突破: 偏离-0.22%, MACD转负
2025-06-12 10:24:56 | INFO     | src.utils.notifications:send_message:63 | [GENERAL] 📡 交易信号
类型: SHORT
强度: MEDIUM
置信度: 0.85
价格: $598.24
原因: VWAP空头突破: 偏离-0.22%, MACD转负
2025-06-12 10:24:56 | WARNING  | src.trading.executor:_check_trading_limits:301 | 已达到每日最大交易次数限制: 5
2025-06-12 10:24:56 | WARNING  | src.bot.trading_bot:_check_signals:209 | 信号执行失败: SHORT
2025-06-12 10:24:59 | INFO     | src.trading.executor:update_account_info:125 | 账户更新: 总值$99498.60, 买入力$391982.42
2025-06-12 10:24:59 | DEBUG    | src.bot.trading_bot:_update_market_data:177 | 市场数据更新完成
2025-06-12 10:24:59 | INFO     | src.strategy.signals:generate_signals:468 | 生成信号: SHORT - VWAP空头突破: 偏离-0.22%, MACD转负
2025-06-12 10:24:59 | INFO     | src.bot.trading_bot:_check_signals:195 | 检测到信号: SHORT 置信度: 0.85 原因: VWAP空头突破: 偏离-0.22%, MACD转负
2025-06-12 10:24:59 | INFO     | src.utils.notifications:send_message:63 | [GENERAL] 📡 交易信号
类型: SHORT
强度: MEDIUM
置信度: 0.85
价格: $598.24
原因: VWAP空头突破: 偏离-0.22%, MACD转负
2025-06-12 10:24:59 | WARNING  | src.trading.executor:_check_trading_limits:301 | 已达到每日最大交易次数限制: 5
2025-06-12 10:24:59 | WARNING  | src.bot.trading_bot:_check_signals:209 | 信号执行失败: SHORT
2025-06-12 10:25:03 | INFO     | src.trading.executor:update_account_info:125 | 账户更新: 总值$99388.60, 买入力$391982.42
2025-06-12 10:25:03 | DEBUG    | src.bot.trading_bot:_update_market_data:177 | 市场数据更新完成
2025-06-12 10:25:03 | INFO     | src.strategy.signals:generate_signals:468 | 生成信号: SHORT - VWAP空头突破: 偏离-0.23%, MACD转负
2025-06-12 10:25:03 | INFO     | src.bot.trading_bot:_check_signals:195 | 检测到信号: SHORT 置信度: 0.85 原因: VWAP空头突破: 偏离-0.23%, MACD转负
2025-06-12 10:25:03 | INFO     | src.utils.notifications:send_message:63 | [GENERAL] 📡 交易信号
类型: SHORT
强度: MEDIUM
置信度: 0.85
价格: $598.15
原因: VWAP空头突破: 偏离-0.23%, MACD转负
2025-06-12 10:25:03 | WARNING  | src.trading.executor:_check_trading_limits:301 | 已达到每日最大交易次数限制: 5
2025-06-12 10:25:03 | WARNING  | src.bot.trading_bot:_check_signals:209 | 信号执行失败: SHORT
2025-06-12 10:25:06 | INFO     | src.trading.executor:update_account_info:125 | 账户更新: 总值$99432.60, 买入力$391982.42
2025-06-12 10:25:06 | DEBUG    | src.bot.trading_bot:_update_market_data:177 | 市场数据更新完成
2025-06-12 10:25:06 | INFO     | src.strategy.signals:generate_signals:468 | 生成信号: SHORT - VWAP空头突破: 偏离-0.23%, MACD转负
2025-06-12 10:25:06 | INFO     | src.bot.trading_bot:_check_signals:195 | 检测到信号: SHORT 置信度: 0.85 原因: VWAP空头突破: 偏离-0.23%, MACD转负
2025-06-12 10:25:06 | INFO     | src.utils.notifications:send_message:63 | [GENERAL] 📡 交易信号
类型: SHORT
强度: MEDIUM
置信度: 0.85
价格: $598.15
原因: VWAP空头突破: 偏离-0.23%, MACD转负
2025-06-12 10:25:06 | WARNING  | src.trading.executor:_check_trading_limits:301 | 已达到每日最大交易次数限制: 5
2025-06-12 10:25:06 | WARNING  | src.bot.trading_bot:_check_signals:209 | 信号执行失败: SHORT
2025-06-12 10:25:09 | INFO     | src.trading.executor:update_account_info:125 | 账户更新: 总值$99410.60, 买入力$391982.42
2025-06-12 10:25:09 | DEBUG    | src.bot.trading_bot:_update_market_data:177 | 市场数据更新完成
2025-06-12 10:25:09 | INFO     | src.strategy.signals:generate_signals:468 | 生成信号: SHORT - VWAP空头突破: 偏离-0.23%, MACD转负
2025-06-12 10:25:09 | INFO     | src.bot.trading_bot:_check_signals:195 | 检测到信号: SHORT 置信度: 0.85 原因: VWAP空头突破: 偏离-0.23%, MACD转负
2025-06-12 10:25:09 | INFO     | src.utils.notifications:send_message:63 | [GENERAL] 📡 交易信号
类型: SHORT
强度: MEDIUM
置信度: 0.85
价格: $598.15
原因: VWAP空头突破: 偏离-0.23%, MACD转负
2025-06-12 10:25:09 | WARNING  | src.trading.executor:_check_trading_limits:301 | 已达到每日最大交易次数限制: 5
2025-06-12 10:25:09 | WARNING  | src.bot.trading_bot:_check_signals:209 | 信号执行失败: SHORT
2025-06-12 10:25:13 | INFO     | src.trading.executor:update_account_info:125 | 账户更新: 总值$99410.60, 买入力$391982.42
2025-06-12 10:25:13 | DEBUG    | src.bot.trading_bot:_update_market_data:177 | 市场数据更新完成
2025-06-12 10:25:13 | INFO     | src.strategy.signals:generate_signals:468 | 生成信号: SHORT - VWAP空头突破: 偏离-0.23%, MACD转负
2025-06-12 10:25:13 | INFO     | src.bot.trading_bot:_check_signals:195 | 检测到信号: SHORT 置信度: 0.85 原因: VWAP空头突破: 偏离-0.23%, MACD转负
2025-06-12 10:25:13 | INFO     | src.utils.notifications:send_message:63 | [GENERAL] 📡 交易信号
类型: SHORT
强度: MEDIUM
置信度: 0.85
价格: $598.15
原因: VWAP空头突破: 偏离-0.23%, MACD转负
2025-06-12 10:25:13 | WARNING  | src.trading.executor:_check_trading_limits:301 | 已达到每日最大交易次数限制: 5
2025-06-12 10:25:13 | WARNING  | src.bot.trading_bot:_check_signals:209 | 信号执行失败: SHORT
2025-06-12 10:25:16 | INFO     | src.trading.executor:update_account_info:125 | 账户更新: 总值$99421.60, 买入力$391982.42
2025-06-12 10:25:16 | DEBUG    | src.bot.trading_bot:_update_market_data:177 | 市场数据更新完成
2025-06-12 10:25:16 | INFO     | src.strategy.signals:generate_signals:468 | 生成信号: SHORT - VWAP空头突破: 偏离-0.23%, MACD转负
2025-06-12 10:25:16 | INFO     | src.bot.trading_bot:_check_signals:195 | 检测到信号: SHORT 置信度: 0.85 原因: VWAP空头突破: 偏离-0.23%, MACD转负
2025-06-12 10:25:16 | INFO     | src.utils.notifications:send_message:63 | [GENERAL] 📡 交易信号
类型: SHORT
强度: MEDIUM
置信度: 0.85
价格: $598.15
原因: VWAP空头突破: 偏离-0.23%, MACD转负
2025-06-12 10:25:16 | WARNING  | src.trading.executor:_check_trading_limits:301 | 已达到每日最大交易次数限制: 5
2025-06-12 10:25:16 | WARNING  | src.bot.trading_bot:_check_signals:209 | 信号执行失败: SHORT
2025-06-12 10:25:19 | INFO     | src.trading.executor:update_account_info:125 | 账户更新: 总值$99421.60, 买入力$391982.42
2025-06-12 10:25:19 | DEBUG    | src.bot.trading_bot:_update_market_data:177 | 市场数据更新完成
2025-06-12 10:25:19 | INFO     | src.strategy.signals:generate_signals:468 | 生成信号: SHORT - VWAP空头突破: 偏离-0.23%, MACD转负
2025-06-12 10:25:19 | INFO     | src.bot.trading_bot:_check_signals:195 | 检测到信号: SHORT 置信度: 0.85 原因: VWAP空头突破: 偏离-0.23%, MACD转负
2025-06-12 10:25:19 | INFO     | src.utils.notifications:send_message:63 | [GENERAL] 📡 交易信号
类型: SHORT
强度: MEDIUM
置信度: 0.85
价格: $598.15
原因: VWAP空头突破: 偏离-0.23%, MACD转负
2025-06-12 10:25:19 | WARNING  | src.trading.executor:_check_trading_limits:301 | 已达到每日最大交易次数限制: 5
2025-06-12 10:25:19 | WARNING  | src.bot.trading_bot:_check_signals:209 | 信号执行失败: SHORT
2025-06-12 10:25:23 | INFO     | src.trading.executor:update_account_info:125 | 账户更新: 总值$99410.60, 买入力$391982.42
2025-06-12 10:25:23 | DEBUG    | src.bot.trading_bot:_update_market_data:177 | 市场数据更新完成
2025-06-12 10:25:23 | INFO     | src.strategy.signals:generate_signals:468 | 生成信号: SHORT - VWAP空头突破: 偏离-0.23%, MACD转负
2025-06-12 10:25:23 | INFO     | src.bot.trading_bot:_check_signals:195 | 检测到信号: SHORT 置信度: 0.85 原因: VWAP空头突破: 偏离-0.23%, MACD转负
2025-06-12 10:25:23 | INFO     | src.utils.notifications:send_message:63 | [GENERAL] 📡 交易信号
类型: SHORT
强度: MEDIUM
置信度: 0.85
价格: $598.15
原因: VWAP空头突破: 偏离-0.23%, MACD转负
2025-06-12 10:25:23 | WARNING  | src.trading.executor:_check_trading_limits:301 | 已达到每日最大交易次数限制: 5
2025-06-12 10:25:23 | WARNING  | src.bot.trading_bot:_check_signals:209 | 信号执行失败: SHORT
2025-06-12 10:25:26 | INFO     | src.trading.executor:update_account_info:125 | 账户更新: 总值$99410.60, 买入力$391982.42
2025-06-12 10:25:26 | DEBUG    | src.bot.trading_bot:_update_market_data:177 | 市场数据更新完成
2025-06-12 10:25:26 | INFO     | src.strategy.signals:generate_signals:468 | 生成信号: SHORT - VWAP空头突破: 偏离-0.23%, MACD转负
2025-06-12 10:25:26 | INFO     | src.bot.trading_bot:_check_signals:195 | 检测到信号: SHORT 置信度: 0.85 原因: VWAP空头突破: 偏离-0.23%, MACD转负
2025-06-12 10:25:26 | INFO     | src.utils.notifications:send_message:63 | [GENERAL] 📡 交易信号
类型: SHORT
强度: MEDIUM
置信度: 0.85
价格: $598.15
原因: VWAP空头突破: 偏离-0.23%, MACD转负
2025-06-12 10:25:26 | WARNING  | src.trading.executor:_check_trading_limits:301 | 已达到每日最大交易次数限制: 5
2025-06-12 10:25:26 | WARNING  | src.bot.trading_bot:_check_signals:209 | 信号执行失败: SHORT
2025-06-12 10:25:29 | INFO     | src.trading.executor:update_account_info:125 | 账户更新: 总值$99388.60, 买入力$391982.42
2025-06-12 10:25:29 | DEBUG    | src.bot.trading_bot:_update_market_data:177 | 市场数据更新完成
2025-06-12 10:25:29 | INFO     | src.strategy.signals:generate_signals:468 | 生成信号: SHORT - VWAP空头突破: 偏离-0.23%, MACD转负
2025-06-12 10:25:29 | INFO     | src.bot.trading_bot:_check_signals:195 | 检测到信号: SHORT 置信度: 0.85 原因: VWAP空头突破: 偏离-0.23%, MACD转负
2025-06-12 10:25:29 | INFO     | src.utils.notifications:send_message:63 | [GENERAL] 📡 交易信号
类型: SHORT
强度: MEDIUM
置信度: 0.85
价格: $598.15
原因: VWAP空头突破: 偏离-0.23%, MACD转负
2025-06-12 10:25:29 | WARNING  | src.trading.executor:_check_trading_limits:301 | 已达到每日最大交易次数限制: 5
2025-06-12 10:25:29 | WARNING  | src.bot.trading_bot:_check_signals:209 | 信号执行失败: SHORT
2025-06-12 10:25:32 | INFO     | src.trading.executor:update_account_info:125 | 账户更新: 总值$99432.60, 买入力$391982.42
2025-06-12 10:25:32 | DEBUG    | src.bot.trading_bot:_update_market_data:177 | 市场数据更新完成
2025-06-12 10:25:32 | INFO     | src.strategy.signals:generate_signals:468 | 生成信号: SHORT - VWAP空头突破: 偏离-0.23%, MACD转负
2025-06-12 10:25:32 | INFO     | src.bot.trading_bot:_check_signals:195 | 检测到信号: SHORT 置信度: 0.85 原因: VWAP空头突破: 偏离-0.23%, MACD转负
2025-06-12 10:25:32 | INFO     | src.utils.notifications:send_message:63 | [GENERAL] 📡 交易信号
类型: SHORT
强度: MEDIUM
置信度: 0.85
价格: $598.15
原因: VWAP空头突破: 偏离-0.23%, MACD转负
2025-06-12 10:25:32 | WARNING  | src.trading.executor:_check_trading_limits:301 | 已达到每日最大交易次数限制: 5
2025-06-12 10:25:32 | WARNING  | src.bot.trading_bot:_check_signals:209 | 信号执行失败: SHORT
2025-06-12 10:25:36 | INFO     | src.trading.executor:update_account_info:125 | 账户更新: 总值$99443.60, 买入力$391982.42
2025-06-12 10:25:36 | DEBUG    | src.bot.trading_bot:_update_market_data:177 | 市场数据更新完成
2025-06-12 10:25:36 | INFO     | src.strategy.signals:generate_signals:468 | 生成信号: SHORT - VWAP空头突破: 偏离-0.23%, MACD转负
2025-06-12 10:25:36 | INFO     | src.bot.trading_bot:_check_signals:195 | 检测到信号: SHORT 置信度: 0.85 原因: VWAP空头突破: 偏离-0.23%, MACD转负
2025-06-12 10:25:36 | INFO     | src.utils.notifications:send_message:63 | [GENERAL] 📡 交易信号
类型: SHORT
强度: MEDIUM
置信度: 0.85
价格: $598.15
原因: VWAP空头突破: 偏离-0.23%, MACD转负
2025-06-12 10:25:36 | WARNING  | src.trading.executor:_check_trading_limits:301 | 已达到每日最大交易次数限制: 5
2025-06-12 10:25:36 | WARNING  | src.bot.trading_bot:_check_signals:209 | 信号执行失败: SHORT
2025-06-12 10:25:39 | INFO     | src.trading.executor:update_account_info:125 | 账户更新: 总值$99465.60, 买入力$391982.42
2025-06-12 10:25:39 | DEBUG    | src.bot.trading_bot:_update_market_data:177 | 市场数据更新完成
2025-06-12 10:25:39 | INFO     | src.strategy.signals:generate_signals:468 | 生成信号: SHORT - VWAP空头突破: 偏离-0.23%, MACD转负
2025-06-12 10:25:39 | INFO     | src.bot.trading_bot:_check_signals:195 | 检测到信号: SHORT 置信度: 0.85 原因: VWAP空头突破: 偏离-0.23%, MACD转负
2025-06-12 10:25:39 | INFO     | src.utils.notifications:send_message:63 | [GENERAL] 📡 交易信号
类型: SHORT
强度: MEDIUM
置信度: 0.85
价格: $598.15
原因: VWAP空头突破: 偏离-0.23%, MACD转负
2025-06-12 10:25:39 | WARNING  | src.trading.executor:_check_trading_limits:301 | 已达到每日最大交易次数限制: 5
2025-06-12 10:25:39 | WARNING  | src.bot.trading_bot:_check_signals:209 | 信号执行失败: SHORT
2025-06-12 10:25:42 | INFO     | src.trading.executor:update_account_info:125 | 账户更新: 总值$99454.60, 买入力$391982.42
2025-06-12 10:25:42 | DEBUG    | src.bot.trading_bot:_update_market_data:177 | 市场数据更新完成
2025-06-12 10:25:42 | INFO     | src.strategy.signals:generate_signals:468 | 生成信号: SHORT - VWAP空头突破: 偏离-0.23%, MACD转负
2025-06-12 10:25:42 | INFO     | src.bot.trading_bot:_check_signals:195 | 检测到信号: SHORT 置信度: 0.85 原因: VWAP空头突破: 偏离-0.23%, MACD转负
2025-06-12 10:25:42 | INFO     | src.utils.notifications:send_message:63 | [GENERAL] 📡 交易信号
类型: SHORT
强度: MEDIUM
置信度: 0.85
价格: $598.15
原因: VWAP空头突破: 偏离-0.23%, MACD转负
2025-06-12 10:25:42 | WARNING  | src.trading.executor:_check_trading_limits:301 | 已达到每日最大交易次数限制: 5
2025-06-12 10:25:42 | WARNING  | src.bot.trading_bot:_check_signals:209 | 信号执行失败: SHORT
2025-06-12 10:25:45 | INFO     | src.trading.executor:update_account_info:125 | 账户更新: 总值$99421.60, 买入力$391982.42
2025-06-12 10:25:45 | DEBUG    | src.bot.trading_bot:_update_market_data:177 | 市场数据更新完成
2025-06-12 10:25:45 | INFO     | src.strategy.signals:generate_signals:468 | 生成信号: SHORT - VWAP空头突破: 偏离-0.23%, MACD转负
2025-06-12 10:25:45 | INFO     | src.bot.trading_bot:_check_signals:195 | 检测到信号: SHORT 置信度: 0.85 原因: VWAP空头突破: 偏离-0.23%, MACD转负
2025-06-12 10:25:45 | INFO     | src.utils.notifications:send_message:63 | [GENERAL] 📡 交易信号
类型: SHORT
强度: MEDIUM
置信度: 0.85
价格: $598.15
原因: VWAP空头突破: 偏离-0.23%, MACD转负
2025-06-12 10:25:45 | WARNING  | src.trading.executor:_check_trading_limits:301 | 已达到每日最大交易次数限制: 5
2025-06-12 10:25:45 | WARNING  | src.bot.trading_bot:_check_signals:209 | 信号执行失败: SHORT
2025-06-12 10:25:49 | INFO     | src.trading.executor:update_account_info:125 | 账户更新: 总值$99410.60, 买入力$391982.42
2025-06-12 10:25:49 | DEBUG    | src.bot.trading_bot:_update_market_data:177 | 市场数据更新完成
2025-06-12 10:25:49 | INFO     | src.strategy.signals:generate_signals:468 | 生成信号: SHORT - VWAP空头突破: 偏离-0.23%, MACD转负
2025-06-12 10:25:49 | INFO     | src.bot.trading_bot:_check_signals:195 | 检测到信号: SHORT 置信度: 0.85 原因: VWAP空头突破: 偏离-0.23%, MACD转负
2025-06-12 10:25:49 | INFO     | src.utils.notifications:send_message:63 | [GENERAL] 📡 交易信号
类型: SHORT
强度: MEDIUM
置信度: 0.85
价格: $598.15
原因: VWAP空头突破: 偏离-0.23%, MACD转负
2025-06-12 10:25:49 | WARNING  | src.trading.executor:_check_trading_limits:301 | 已达到每日最大交易次数限制: 5
2025-06-12 10:25:49 | WARNING  | src.bot.trading_bot:_check_signals:209 | 信号执行失败: SHORT
2025-06-12 10:25:52 | INFO     | src.trading.executor:update_account_info:125 | 账户更新: 总值$99410.60, 买入力$391982.42
2025-06-12 10:25:52 | DEBUG    | src.bot.trading_bot:_update_market_data:177 | 市场数据更新完成
2025-06-12 10:25:52 | INFO     | src.strategy.signals:generate_signals:468 | 生成信号: SHORT - VWAP空头突破: 偏离-0.23%, MACD转负
2025-06-12 10:25:52 | INFO     | src.bot.trading_bot:_check_signals:195 | 检测到信号: SHORT 置信度: 0.85 原因: VWAP空头突破: 偏离-0.23%, MACD转负
2025-06-12 10:25:52 | INFO     | src.utils.notifications:send_message:63 | [GENERAL] 📡 交易信号
类型: SHORT
强度: MEDIUM
置信度: 0.85
价格: $598.15
原因: VWAP空头突破: 偏离-0.23%, MACD转负
2025-06-12 10:25:52 | WARNING  | src.trading.executor:_check_trading_limits:301 | 已达到每日最大交易次数限制: 5
2025-06-12 10:25:52 | WARNING  | src.bot.trading_bot:_check_signals:209 | 信号执行失败: SHORT
2025-06-12 10:25:55 | INFO     | src.trading.executor:update_account_info:125 | 账户更新: 总值$99421.60, 买入力$391982.42
2025-06-12 10:25:55 | DEBUG    | src.bot.trading_bot:_update_market_data:177 | 市场数据更新完成
2025-06-12 10:25:55 | INFO     | src.strategy.signals:generate_signals:468 | 生成信号: SHORT - VWAP空头突破: 偏离-0.23%, MACD转负
2025-06-12 10:25:55 | INFO     | src.bot.trading_bot:_check_signals:195 | 检测到信号: SHORT 置信度: 0.85 原因: VWAP空头突破: 偏离-0.23%, MACD转负
2025-06-12 10:25:55 | INFO     | src.utils.notifications:send_message:63 | [GENERAL] 📡 交易信号
类型: SHORT
强度: MEDIUM
置信度: 0.85
价格: $598.15
原因: VWAP空头突破: 偏离-0.23%, MACD转负
2025-06-12 10:25:55 | WARNING  | src.trading.executor:_check_trading_limits:301 | 已达到每日最大交易次数限制: 5
2025-06-12 10:25:55 | WARNING  | src.bot.trading_bot:_check_signals:209 | 信号执行失败: SHORT
2025-06-12 10:25:56 | DEBUG    | src.bot.trading_bot:_update_positions_normal:249 | 📊 常规头寸更新完成
2025-06-12 10:25:58 | INFO     | src.trading.executor:update_account_info:125 | 账户更新: 总值$99410.60, 买入力$391982.42
2025-06-12 10:25:58 | DEBUG    | src.bot.trading_bot:_update_market_data:177 | 市场数据更新完成
2025-06-12 10:25:58 | INFO     | src.strategy.signals:generate_signals:468 | 生成信号: SHORT - VWAP空头突破: 偏离-0.23%, MACD转负
2025-06-12 10:25:58 | INFO     | src.bot.trading_bot:_check_signals:195 | 检测到信号: SHORT 置信度: 0.85 原因: VWAP空头突破: 偏离-0.23%, MACD转负
2025-06-12 10:25:58 | INFO     | src.utils.notifications:send_message:63 | [GENERAL] 📡 交易信号
类型: SHORT
强度: MEDIUM
置信度: 0.85
价格: $598.15
原因: VWAP空头突破: 偏离-0.23%, MACD转负
2025-06-12 10:25:58 | WARNING  | src.trading.executor:_check_trading_limits:301 | 已达到每日最大交易次数限制: 5
2025-06-12 10:25:58 | WARNING  | src.bot.trading_bot:_check_signals:209 | 信号执行失败: SHORT
2025-06-12 10:26:02 | INFO     | src.trading.executor:update_account_info:125 | 账户更新: 总值$99443.60, 买入力$391982.42
2025-06-12 10:26:02 | DEBUG    | src.bot.trading_bot:_update_market_data:177 | 市场数据更新完成
2025-06-12 10:26:02 | INFO     | src.strategy.signals:generate_signals:468 | 生成信号: SHORT - VWAP空头突破: 偏离-0.23%, MACD转负
2025-06-12 10:26:02 | INFO     | src.bot.trading_bot:_check_signals:195 | 检测到信号: SHORT 置信度: 0.85 原因: VWAP空头突破: 偏离-0.23%, MACD转负
2025-06-12 10:26:02 | INFO     | src.utils.notifications:send_message:63 | [GENERAL] 📡 交易信号
类型: SHORT
强度: MEDIUM
置信度: 0.85
价格: $598.15
原因: VWAP空头突破: 偏离-0.23%, MACD转负
2025-06-12 10:26:02 | WARNING  | src.trading.executor:_check_trading_limits:301 | 已达到每日最大交易次数限制: 5
2025-06-12 10:26:02 | WARNING  | src.bot.trading_bot:_check_signals:209 | 信号执行失败: SHORT
2025-06-12 10:26:05 | INFO     | src.trading.executor:update_account_info:125 | 账户更新: 总值$99432.60, 买入力$391982.42
2025-06-12 10:26:05 | DEBUG    | src.bot.trading_bot:_update_market_data:177 | 市场数据更新完成
2025-06-12 10:26:05 | INFO     | src.strategy.signals:generate_signals:468 | 生成信号: SHORT - VWAP空头突破: 偏离-0.23%, MACD转负
2025-06-12 10:26:05 | INFO     | src.bot.trading_bot:_check_signals:195 | 检测到信号: SHORT 置信度: 0.85 原因: VWAP空头突破: 偏离-0.23%, MACD转负
2025-06-12 10:26:05 | INFO     | src.utils.notifications:send_message:63 | [GENERAL] 📡 交易信号
类型: SHORT
强度: MEDIUM
置信度: 0.85
价格: $598.15
原因: VWAP空头突破: 偏离-0.23%, MACD转负
2025-06-12 10:26:05 | WARNING  | src.trading.executor:_check_trading_limits:301 | 已达到每日最大交易次数限制: 5
2025-06-12 10:26:05 | WARNING  | src.bot.trading_bot:_check_signals:209 | 信号执行失败: SHORT
2025-06-12 10:26:08 | INFO     | src.trading.executor:update_account_info:125 | 账户更新: 总值$99432.60, 买入力$391982.42
2025-06-12 10:26:08 | DEBUG    | src.bot.trading_bot:_update_market_data:177 | 市场数据更新完成
2025-06-12 10:26:11 | INFO     | src.trading.executor:update_account_info:125 | 账户更新: 总值$99454.60, 买入力$391982.42
2025-06-12 10:26:11 | DEBUG    | src.bot.trading_bot:_update_market_data:177 | 市场数据更新完成
2025-06-12 10:26:15 | INFO     | src.trading.executor:update_account_info:125 | 账户更新: 总值$99432.60, 买入力$391982.42
2025-06-12 10:26:15 | DEBUG    | src.bot.trading_bot:_update_market_data:177 | 市场数据更新完成
2025-06-12 10:26:18 | INFO     | src.trading.executor:update_account_info:125 | 账户更新: 总值$99454.60, 买入力$391982.42
2025-06-12 10:26:18 | DEBUG    | src.bot.trading_bot:_update_market_data:177 | 市场数据更新完成
2025-06-12 10:26:21 | INFO     | src.trading.executor:update_account_info:125 | 账户更新: 总值$99443.60, 买入力$391982.42
2025-06-12 10:26:21 | DEBUG    | src.bot.trading_bot:_update_market_data:177 | 市场数据更新完成
2025-06-12 10:26:24 | INFO     | src.trading.executor:update_account_info:125 | 账户更新: 总值$99399.60, 买入力$391982.42
2025-06-12 10:26:24 | DEBUG    | src.bot.trading_bot:_update_market_data:177 | 市场数据更新完成
2025-06-12 10:26:28 | INFO     | src.trading.executor:update_account_info:125 | 账户更新: 总值$99388.60, 买入力$391982.42
2025-06-12 10:26:28 | DEBUG    | src.bot.trading_bot:_update_market_data:177 | 市场数据更新完成
2025-06-12 10:26:31 | INFO     | src.trading.executor:update_account_info:125 | 账户更新: 总值$99410.60, 买入力$391982.42
2025-06-12 10:26:31 | DEBUG    | src.bot.trading_bot:_update_market_data:177 | 市场数据更新完成
2025-06-12 10:26:34 | INFO     | src.trading.executor:update_account_info:125 | 账户更新: 总值$99410.60, 买入力$391982.42
2025-06-12 10:26:34 | DEBUG    | src.bot.trading_bot:_update_market_data:177 | 市场数据更新完成
2025-06-12 10:26:37 | INFO     | src.trading.executor:update_account_info:125 | 账户更新: 总值$99410.60, 买入力$391982.42
2025-06-12 10:26:37 | DEBUG    | src.bot.trading_bot:_update_market_data:177 | 市场数据更新完成
2025-06-12 10:26:40 | INFO     | src.trading.executor:update_account_info:125 | 账户更新: 总值$99454.60, 买入力$391982.42
2025-06-12 10:26:40 | DEBUG    | src.bot.trading_bot:_update_market_data:177 | 市场数据更新完成
2025-06-12 10:26:44 | INFO     | src.trading.executor:update_account_info:125 | 账户更新: 总值$99454.60, 买入力$391982.42
2025-06-12 10:26:44 | DEBUG    | src.bot.trading_bot:_update_market_data:177 | 市场数据更新完成
2025-06-12 10:26:47 | INFO     | src.trading.executor:update_account_info:125 | 账户更新: 总值$99443.60, 买入力$391982.42
2025-06-12 10:26:47 | DEBUG    | src.bot.trading_bot:_update_market_data:177 | 市场数据更新完成
2025-06-12 10:26:50 | INFO     | src.trading.executor:update_account_info:125 | 账户更新: 总值$99454.60, 买入力$391982.42
2025-06-12 10:26:50 | DEBUG    | src.bot.trading_bot:_update_market_data:177 | 市场数据更新完成
2025-06-12 10:26:53 | INFO     | src.trading.executor:update_account_info:125 | 账户更新: 总值$99476.60, 买入力$391982.42
2025-06-12 10:26:53 | DEBUG    | src.bot.trading_bot:_update_market_data:177 | 市场数据更新完成
2025-06-12 10:26:56 | DEBUG    | src.bot.trading_bot:_update_positions_normal:249 | 📊 常规头寸更新完成
2025-06-12 10:26:57 | INFO     | src.trading.executor:update_account_info:125 | 账户更新: 总值$99487.60, 买入力$391982.42
2025-06-12 10:26:57 | DEBUG    | src.bot.trading_bot:_update_market_data:177 | 市场数据更新完成
2025-06-12 10:27:00 | INFO     | src.trading.executor:update_account_info:125 | 账户更新: 总值$99487.60, 买入力$391982.42
2025-06-12 10:27:00 | DEBUG    | src.bot.trading_bot:_update_market_data:177 | 市场数据更新完成
2025-06-12 10:27:03 | INFO     | src.trading.executor:update_account_info:125 | 账户更新: 总值$99487.60, 买入力$391982.42
2025-06-12 10:27:03 | DEBUG    | src.bot.trading_bot:_update_market_data:177 | 市场数据更新完成
2025-06-12 10:27:07 | INFO     | src.trading.executor:update_account_info:125 | 账户更新: 总值$99476.60, 买入力$391982.42
2025-06-12 10:27:07 | DEBUG    | src.bot.trading_bot:_update_market_data:177 | 市场数据更新完成
2025-06-12 10:27:10 | INFO     | src.trading.executor:update_account_info:125 | 账户更新: 总值$99487.60, 买入力$391982.42
2025-06-12 10:27:10 | DEBUG    | src.bot.trading_bot:_update_market_data:177 | 市场数据更新完成
2025-06-12 10:27:13 | INFO     | src.trading.executor:update_account_info:125 | 账户更新: 总值$99443.60, 买入力$391982.42
2025-06-12 10:27:13 | DEBUG    | src.bot.trading_bot:_update_market_data:177 | 市场数据更新完成
2025-06-12 10:27:16 | INFO     | src.trading.executor:update_account_info:125 | 账户更新: 总值$99432.60, 买入力$391982.42
2025-06-12 10:27:16 | DEBUG    | src.bot.trading_bot:_update_market_data:177 | 市场数据更新完成
2025-06-12 10:27:20 | INFO     | src.trading.executor:update_account_info:125 | 账户更新: 总值$99443.60, 买入力$391982.42
2025-06-12 10:27:20 | DEBUG    | src.bot.trading_bot:_update_market_data:177 | 市场数据更新完成
2025-06-12 10:27:23 | INFO     | src.trading.executor:update_account_info:125 | 账户更新: 总值$99454.60, 买入力$391982.42
2025-06-12 10:27:23 | DEBUG    | src.bot.trading_bot:_update_market_data:177 | 市场数据更新完成
2025-06-12 10:27:26 | INFO     | src.trading.executor:update_account_info:125 | 账户更新: 总值$99432.60, 买入力$391982.42
2025-06-12 10:27:26 | DEBUG    | src.bot.trading_bot:_update_market_data:177 | 市场数据更新完成
2025-06-12 10:27:29 | INFO     | src.trading.executor:update_account_info:125 | 账户更新: 总值$99421.60, 买入力$391982.42
2025-06-12 10:27:29 | DEBUG    | src.bot.trading_bot:_update_market_data:177 | 市场数据更新完成
2025-06-12 10:27:32 | INFO     | src.trading.executor:update_account_info:125 | 账户更新: 总值$99432.60, 买入力$391982.42
2025-06-12 10:27:32 | DEBUG    | src.bot.trading_bot:_update_market_data:177 | 市场数据更新完成
2025-06-12 10:27:36 | INFO     | src.trading.executor:update_account_info:125 | 账户更新: 总值$99465.60, 买入力$391982.42
2025-06-12 10:27:36 | DEBUG    | src.bot.trading_bot:_update_market_data:177 | 市场数据更新完成
2025-06-12 10:27:39 | INFO     | src.trading.executor:update_account_info:125 | 账户更新: 总值$99476.60, 买入力$391982.42
2025-06-12 10:27:39 | DEBUG    | src.bot.trading_bot:_update_market_data:177 | 市场数据更新完成
2025-06-12 10:27:42 | INFO     | src.trading.executor:update_account_info:125 | 账户更新: 总值$99454.60, 买入力$391982.42
2025-06-12 10:27:42 | DEBUG    | src.bot.trading_bot:_update_market_data:177 | 市场数据更新完成
2025-06-12 10:27:45 | INFO     | src.trading.executor:update_account_info:125 | 账户更新: 总值$99454.60, 买入力$391982.42
2025-06-12 10:27:45 | DEBUG    | src.bot.trading_bot:_update_market_data:177 | 市场数据更新完成
2025-06-12 10:27:49 | INFO     | src.trading.executor:update_account_info:125 | 账户更新: 总值$99443.60, 买入力$391982.42
2025-06-12 10:27:49 | DEBUG    | src.bot.trading_bot:_update_market_data:177 | 市场数据更新完成
2025-06-12 10:27:52 | INFO     | src.trading.executor:update_account_info:125 | 账户更新: 总值$99465.60, 买入力$391982.42
2025-06-12 10:27:52 | DEBUG    | src.bot.trading_bot:_update_market_data:177 | 市场数据更新完成
2025-06-12 10:27:55 | INFO     | src.trading.executor:update_account_info:125 | 账户更新: 总值$99465.60, 买入力$391982.42
2025-06-12 10:27:55 | DEBUG    | src.bot.trading_bot:_update_market_data:177 | 市场数据更新完成
2025-06-12 10:27:56 | DEBUG    | src.bot.trading_bot:_update_positions_normal:249 | 📊 常规头寸更新完成
2025-06-12 10:27:58 | INFO     | src.trading.executor:update_account_info:125 | 账户更新: 总值$99443.60, 买入力$391982.42
2025-06-12 10:27:58 | DEBUG    | src.bot.trading_bot:_update_market_data:177 | 市场数据更新完成
2025-06-12 10:28:01 | INFO     | src.trading.executor:update_account_info:125 | 账户更新: 总值$99454.60, 买入力$391982.42
2025-06-12 10:28:01 | DEBUG    | src.bot.trading_bot:_update_market_data:177 | 市场数据更新完成
2025-06-12 10:28:05 | INFO     | src.trading.executor:update_account_info:125 | 账户更新: 总值$99465.60, 买入力$391982.42
2025-06-12 10:28:05 | DEBUG    | src.bot.trading_bot:_update_market_data:177 | 市场数据更新完成
2025-06-12 10:28:08 | INFO     | src.trading.executor:update_account_info:125 | 账户更新: 总值$99465.60, 买入力$391982.42
2025-06-12 10:28:08 | DEBUG    | src.bot.trading_bot:_update_market_data:177 | 市场数据更新完成
2025-06-12 10:28:11 | INFO     | src.trading.executor:update_account_info:125 | 账户更新: 总值$99487.60, 买入力$391982.42
2025-06-12 10:28:11 | DEBUG    | src.bot.trading_bot:_update_market_data:177 | 市场数据更新完成
2025-06-12 10:28:14 | INFO     | src.trading.executor:update_account_info:125 | 账户更新: 总值$99509.60, 买入力$391982.42
2025-06-12 10:28:14 | DEBUG    | src.bot.trading_bot:_update_market_data:177 | 市场数据更新完成
2025-06-12 10:28:17 | INFO     | src.trading.executor:update_account_info:125 | 账户更新: 总值$99509.60, 买入力$391982.42
2025-06-12 10:28:17 | DEBUG    | src.bot.trading_bot:_update_market_data:177 | 市场数据更新完成
2025-06-12 10:28:21 | INFO     | src.trading.executor:update_account_info:125 | 账户更新: 总值$99509.60, 买入力$391982.42
2025-06-12 10:28:21 | DEBUG    | src.bot.trading_bot:_update_market_data:177 | 市场数据更新完成
2025-06-12 10:28:24 | INFO     | src.trading.executor:update_account_info:125 | 账户更新: 总值$99641.60, 买入力$391982.42
2025-06-12 10:28:24 | DEBUG    | src.bot.trading_bot:_update_market_data:177 | 市场数据更新完成
2025-06-12 10:28:28 | INFO     | src.trading.executor:update_account_info:125 | 账户更新: 总值$99674.60, 买入力$391982.42
2025-06-12 10:28:28 | DEBUG    | src.bot.trading_bot:_update_market_data:177 | 市场数据更新完成
2025-06-12 10:28:31 | INFO     | src.trading.executor:update_account_info:125 | 账户更新: 总值$99696.60, 买入力$391982.42
2025-06-12 10:28:31 | DEBUG    | src.bot.trading_bot:_update_market_data:177 | 市场数据更新完成
2025-06-12 10:28:34 | INFO     | src.trading.executor:update_account_info:125 | 账户更新: 总值$99696.60, 买入力$391982.42
2025-06-12 10:28:34 | DEBUG    | src.bot.trading_bot:_update_market_data:177 | 市场数据更新完成
2025-06-12 10:28:37 | INFO     | src.trading.executor:update_account_info:125 | 账户更新: 总值$99608.60, 买入力$391982.42
2025-06-12 10:28:37 | DEBUG    | src.bot.trading_bot:_update_market_data:177 | 市场数据更新完成
2025-06-12 10:28:41 | INFO     | src.trading.executor:update_account_info:125 | 账户更新: 总值$99641.60, 买入力$391982.42
2025-06-12 10:28:41 | DEBUG    | src.bot.trading_bot:_update_market_data:177 | 市场数据更新完成
2025-06-12 10:28:44 | INFO     | src.trading.executor:update_account_info:125 | 账户更新: 总值$99619.60, 买入力$391982.42
2025-06-12 10:28:44 | DEBUG    | src.bot.trading_bot:_update_market_data:177 | 市场数据更新完成
2025-06-12 10:28:47 | INFO     | src.trading.executor:update_account_info:125 | 账户更新: 总值$99630.60, 买入力$391982.42
2025-06-12 10:28:47 | DEBUG    | src.bot.trading_bot:_update_market_data:177 | 市场数据更新完成
2025-06-12 10:28:51 | INFO     | src.trading.executor:update_account_info:125 | 账户更新: 总值$99630.60, 买入力$391982.42
2025-06-12 10:28:51 | DEBUG    | src.bot.trading_bot:_update_market_data:177 | 市场数据更新完成
2025-06-12 10:28:54 | INFO     | src.trading.executor:update_account_info:125 | 账户更新: 总值$99652.60, 买入力$391982.42
2025-06-12 10:28:54 | DEBUG    | src.bot.trading_bot:_update_market_data:177 | 市场数据更新完成
2025-06-12 10:28:56 | DEBUG    | src.bot.trading_bot:_update_positions_normal:249 | 📊 常规头寸更新完成
2025-06-12 10:28:57 | INFO     | src.trading.executor:update_account_info:125 | 账户更新: 总值$99630.60, 买入力$391982.42
2025-06-12 10:28:57 | DEBUG    | src.bot.trading_bot:_update_market_data:177 | 市场数据更新完成
2025-06-12 10:29:01 | INFO     | src.trading.executor:update_account_info:125 | 账户更新: 总值$99652.60, 买入力$391982.42
2025-06-12 10:29:01 | DEBUG    | src.bot.trading_bot:_update_market_data:177 | 市场数据更新完成
2025-06-12 10:29:04 | INFO     | src.trading.executor:update_account_info:125 | 账户更新: 总值$99652.60, 买入力$391982.42
2025-06-12 10:29:04 | DEBUG    | src.bot.trading_bot:_update_market_data:177 | 市场数据更新完成
2025-06-12 10:29:07 | INFO     | src.trading.executor:update_account_info:125 | 账户更新: 总值$99608.60, 买入力$391982.42
2025-06-12 10:29:07 | DEBUG    | src.bot.trading_bot:_update_market_data:177 | 市场数据更新完成
2025-06-12 10:29:10 | INFO     | src.trading.executor:update_account_info:125 | 账户更新: 总值$99586.60, 买入力$391982.42
2025-06-12 10:29:10 | DEBUG    | src.bot.trading_bot:_update_market_data:177 | 市场数据更新完成
2025-06-12 10:29:14 | INFO     | src.trading.executor:update_account_info:125 | 账户更新: 总值$99575.60, 买入力$391982.42
2025-06-12 10:29:14 | DEBUG    | src.bot.trading_bot:_update_market_data:177 | 市场数据更新完成
2025-06-12 10:29:17 | INFO     | src.trading.executor:update_account_info:125 | 账户更新: 总值$99564.60, 买入力$391982.42
2025-06-12 10:29:17 | DEBUG    | src.bot.trading_bot:_update_market_data:177 | 市场数据更新完成
2025-06-12 10:29:20 | INFO     | src.trading.executor:update_account_info:125 | 账户更新: 总值$99542.60, 买入力$391982.42
2025-06-12 10:29:20 | DEBUG    | src.bot.trading_bot:_update_market_data:177 | 市场数据更新完成
2025-06-12 10:29:23 | INFO     | src.trading.executor:update_account_info:125 | 账户更新: 总值$99564.60, 买入力$391982.42
2025-06-12 10:29:23 | DEBUG    | src.bot.trading_bot:_update_market_data:177 | 市场数据更新完成
2025-06-12 10:29:27 | INFO     | src.trading.executor:update_account_info:125 | 账户更新: 总值$99542.60, 买入力$391982.42
2025-06-12 10:29:27 | DEBUG    | src.bot.trading_bot:_update_market_data:177 | 市场数据更新完成
2025-06-12 10:29:30 | INFO     | src.trading.executor:update_account_info:125 | 账户更新: 总值$99531.60, 买入力$391982.42
2025-06-12 10:29:30 | DEBUG    | src.bot.trading_bot:_update_market_data:177 | 市场数据更新完成
2025-06-12 10:29:33 | INFO     | src.trading.executor:update_account_info:125 | 账户更新: 总值$99520.60, 买入力$391982.42
2025-06-12 10:29:33 | DEBUG    | src.bot.trading_bot:_update_market_data:177 | 市场数据更新完成
2025-06-12 10:29:36 | INFO     | src.trading.executor:update_account_info:125 | 账户更新: 总值$99531.60, 买入力$391982.42
2025-06-12 10:29:36 | DEBUG    | src.bot.trading_bot:_update_market_data:177 | 市场数据更新完成
2025-06-12 10:29:40 | INFO     | src.trading.executor:update_account_info:125 | 账户更新: 总值$99542.60, 买入力$391982.42
2025-06-12 10:29:40 | DEBUG    | src.bot.trading_bot:_update_market_data:177 | 市场数据更新完成
2025-06-12 10:29:43 | INFO     | src.trading.executor:update_account_info:125 | 账户更新: 总值$99531.60, 买入力$391982.42
2025-06-12 10:29:43 | DEBUG    | src.bot.trading_bot:_update_market_data:177 | 市场数据更新完成
2025-06-12 10:29:46 | INFO     | src.trading.executor:update_account_info:125 | 账户更新: 总值$99498.60, 买入力$391982.42
2025-06-12 10:29:46 | DEBUG    | src.bot.trading_bot:_update_market_data:177 | 市场数据更新完成
2025-06-12 10:29:49 | INFO     | src.trading.executor:update_account_info:125 | 账户更新: 总值$99509.60, 买入力$391982.42
2025-06-12 10:29:49 | DEBUG    | src.bot.trading_bot:_update_market_data:177 | 市场数据更新完成
2025-06-12 10:29:52 | INFO     | src.trading.executor:update_account_info:125 | 账户更新: 总值$99487.60, 买入力$391982.42
2025-06-12 10:29:52 | DEBUG    | src.bot.trading_bot:_update_market_data:177 | 市场数据更新完成
2025-06-12 10:29:56 | INFO     | src.trading.executor:update_account_info:125 | 账户更新: 总值$99476.60, 买入力$391982.42
2025-06-12 10:29:56 | DEBUG    | src.bot.trading_bot:_update_market_data:177 | 市场数据更新完成
2025-06-12 10:29:56 | DEBUG    | src.bot.trading_bot:_update_positions_normal:249 | 📊 常规头寸更新完成
2025-06-12 10:29:59 | INFO     | src.trading.executor:update_account_info:125 | 账户更新: 总值$99509.60, 买入力$391982.42
2025-06-12 10:29:59 | DEBUG    | src.bot.trading_bot:_update_market_data:177 | 市场数据更新完成
2025-06-12 10:30:02 | INFO     | src.trading.executor:update_account_info:125 | 账户更新: 总值$99476.60, 买入力$391982.42
2025-06-12 10:30:02 | DEBUG    | src.bot.trading_bot:_update_market_data:177 | 市场数据更新完成
2025-06-12 10:30:05 | INFO     | src.trading.executor:update_account_info:125 | 账户更新: 总值$99487.60, 买入力$391982.42
2025-06-12 10:30:05 | DEBUG    | src.bot.trading_bot:_update_market_data:177 | 市场数据更新完成
2025-06-12 10:30:09 | INFO     | src.trading.executor:update_account_info:125 | 账户更新: 总值$99487.60, 买入力$391982.42
2025-06-12 10:30:09 | DEBUG    | src.bot.trading_bot:_update_market_data:177 | 市场数据更新完成
2025-06-12 10:30:12 | INFO     | src.trading.executor:update_account_info:125 | 账户更新: 总值$99476.60, 买入力$391982.42
2025-06-12 10:30:12 | DEBUG    | src.bot.trading_bot:_update_market_data:177 | 市场数据更新完成
2025-06-12 10:30:15 | INFO     | src.trading.executor:update_account_info:125 | 账户更新: 总值$99454.60, 买入力$391982.42
2025-06-12 10:30:15 | DEBUG    | src.bot.trading_bot:_update_market_data:177 | 市场数据更新完成
2025-06-12 10:30:18 | INFO     | src.trading.executor:update_account_info:125 | 账户更新: 总值$99432.60, 买入力$391982.42
2025-06-12 10:30:18 | DEBUG    | src.bot.trading_bot:_update_market_data:177 | 市场数据更新完成
2025-06-12 10:30:21 | INFO     | src.trading.executor:update_account_info:125 | 账户更新: 总值$99443.60, 买入力$391982.42
2025-06-12 10:30:21 | DEBUG    | src.bot.trading_bot:_update_market_data:177 | 市场数据更新完成
2025-06-12 10:30:25 | INFO     | src.trading.executor:update_account_info:125 | 账户更新: 总值$99443.60, 买入力$391982.42
2025-06-12 10:30:25 | DEBUG    | src.bot.trading_bot:_update_market_data:177 | 市场数据更新完成
2025-06-12 10:30:28 | INFO     | src.trading.executor:update_account_info:125 | 账户更新: 总值$99399.60, 买入力$391982.42
2025-06-12 10:30:28 | DEBUG    | src.bot.trading_bot:_update_market_data:177 | 市场数据更新完成
2025-06-12 10:30:31 | INFO     | src.trading.executor:update_account_info:125 | 账户更新: 总值$99377.60, 买入力$391982.42
2025-06-12 10:30:31 | DEBUG    | src.bot.trading_bot:_update_market_data:177 | 市场数据更新完成
2025-06-12 10:30:35 | INFO     | src.trading.executor:update_account_info:125 | 账户更新: 总值$99366.60, 买入力$391982.42
2025-06-12 10:30:35 | DEBUG    | src.bot.trading_bot:_update_market_data:177 | 市场数据更新完成
2025-06-12 10:30:38 | INFO     | src.trading.executor:update_account_info:125 | 账户更新: 总值$99377.60, 买入力$391982.42
2025-06-12 10:30:38 | DEBUG    | src.bot.trading_bot:_update_market_data:177 | 市场数据更新完成
2025-06-12 10:30:41 | INFO     | src.trading.executor:update_account_info:125 | 账户更新: 总值$99355.60, 买入力$391982.42
2025-06-12 10:30:41 | DEBUG    | src.bot.trading_bot:_update_market_data:177 | 市场数据更新完成
2025-06-12 10:30:44 | INFO     | src.trading.executor:update_account_info:125 | 账户更新: 总值$99333.60, 买入力$391982.42
2025-06-12 10:30:44 | DEBUG    | src.bot.trading_bot:_update_market_data:177 | 市场数据更新完成
2025-06-12 10:30:47 | INFO     | src.trading.executor:update_account_info:125 | 账户更新: 总值$99344.60, 买入力$391982.42
2025-06-12 10:30:47 | DEBUG    | src.bot.trading_bot:_update_market_data:177 | 市场数据更新完成
2025-06-12 10:30:51 | INFO     | src.trading.executor:update_account_info:125 | 账户更新: 总值$99300.60, 买入力$391982.42
2025-06-12 10:30:51 | DEBUG    | src.bot.trading_bot:_update_market_data:177 | 市场数据更新完成
2025-06-12 10:30:54 | INFO     | src.trading.executor:update_account_info:125 | 账户更新: 总值$99311.60, 买入力$391982.42
2025-06-12 10:30:54 | DEBUG    | src.bot.trading_bot:_update_market_data:177 | 市场数据更新完成
2025-06-12 10:30:56 | DEBUG    | src.bot.trading_bot:_update_positions_normal:249 | 📊 常规头寸更新完成
2025-06-12 10:30:57 | INFO     | src.trading.executor:update_account_info:125 | 账户更新: 总值$99300.60, 买入力$391982.42
2025-06-12 10:30:57 | DEBUG    | src.bot.trading_bot:_update_market_data:177 | 市场数据更新完成
2025-06-12 10:31:00 | INFO     | src.trading.executor:update_account_info:125 | 账户更新: 总值$99278.60, 买入力$391982.42
2025-06-12 10:31:00 | DEBUG    | src.bot.trading_bot:_update_market_data:177 | 市场数据更新完成
2025-06-12 10:31:04 | INFO     | src.trading.executor:update_account_info:125 | 账户更新: 总值$99300.60, 买入力$391982.42
2025-06-12 10:31:04 | DEBUG    | src.bot.trading_bot:_update_market_data:177 | 市场数据更新完成
2025-06-12 10:31:07 | INFO     | src.trading.executor:update_account_info:125 | 账户更新: 总值$99267.60, 买入力$391982.42
2025-06-12 10:31:07 | DEBUG    | src.bot.trading_bot:_update_market_data:177 | 市场数据更新完成
2025-06-12 10:31:10 | INFO     | src.trading.executor:update_account_info:125 | 账户更新: 总值$99278.60, 买入力$391982.42
2025-06-12 10:31:10 | DEBUG    | src.bot.trading_bot:_update_market_data:177 | 市场数据更新完成
2025-06-12 10:31:13 | INFO     | src.trading.executor:update_account_info:125 | 账户更新: 总值$99278.60, 买入力$391982.42
2025-06-12 10:31:13 | DEBUG    | src.bot.trading_bot:_update_market_data:177 | 市场数据更新完成
2025-06-12 10:31:17 | INFO     | src.trading.executor:update_account_info:125 | 账户更新: 总值$99256.60, 买入力$391982.42
2025-06-12 10:31:17 | DEBUG    | src.bot.trading_bot:_update_market_data:177 | 市场数据更新完成
2025-06-12 10:31:20 | INFO     | src.trading.executor:update_account_info:125 | 账户更新: 总值$99289.60, 买入力$391982.42
2025-06-12 10:31:20 | DEBUG    | src.bot.trading_bot:_update_market_data:177 | 市场数据更新完成
2025-06-12 10:31:23 | INFO     | src.trading.executor:update_account_info:125 | 账户更新: 总值$99322.60, 买入力$391982.42
2025-06-12 10:31:23 | DEBUG    | src.bot.trading_bot:_update_market_data:177 | 市场数据更新完成
2025-06-12 10:31:26 | INFO     | src.trading.executor:update_account_info:125 | 账户更新: 总值$99311.60, 买入力$391982.42
2025-06-12 10:31:26 | DEBUG    | src.bot.trading_bot:_update_market_data:177 | 市场数据更新完成
2025-06-12 10:31:30 | INFO     | src.trading.executor:update_account_info:125 | 账户更新: 总值$99322.60, 买入力$391982.42
2025-06-12 10:31:30 | DEBUG    | src.bot.trading_bot:_update_market_data:177 | 市场数据更新完成
2025-06-12 10:31:33 | INFO     | src.trading.executor:update_account_info:125 | 账户更新: 总值$99322.60, 买入力$391982.42
2025-06-12 10:31:33 | DEBUG    | src.bot.trading_bot:_update_market_data:177 | 市场数据更新完成
2025-06-12 10:31:36 | INFO     | src.trading.executor:update_account_info:125 | 账户更新: 总值$99322.60, 买入力$391982.42
2025-06-12 10:31:36 | DEBUG    | src.bot.trading_bot:_update_market_data:177 | 市场数据更新完成
2025-06-12 10:31:39 | INFO     | src.trading.executor:update_account_info:125 | 账户更新: 总值$99311.60, 买入力$391982.42
2025-06-12 10:31:39 | DEBUG    | src.bot.trading_bot:_update_market_data:177 | 市场数据更新完成
2025-06-12 10:31:43 | INFO     | src.trading.executor:update_account_info:125 | 账户更新: 总值$99322.60, 买入力$391982.42
2025-06-12 10:31:43 | DEBUG    | src.bot.trading_bot:_update_market_data:177 | 市场数据更新完成
2025-06-12 10:31:46 | INFO     | src.trading.executor:update_account_info:125 | 账户更新: 总值$99311.60, 买入力$391982.42
2025-06-12 10:31:46 | DEBUG    | src.bot.trading_bot:_update_market_data:177 | 市场数据更新完成
2025-06-12 10:31:49 | INFO     | src.trading.executor:update_account_info:125 | 账户更新: 总值$99311.60, 买入力$391982.42
2025-06-12 10:31:49 | DEBUG    | src.bot.trading_bot:_update_market_data:177 | 市场数据更新完成
2025-06-12 10:31:52 | INFO     | src.trading.executor:update_account_info:125 | 账户更新: 总值$99278.60, 买入力$391982.42
2025-06-12 10:31:52 | DEBUG    | src.bot.trading_bot:_update_market_data:177 | 市场数据更新完成
2025-06-12 10:31:55 | INFO     | src.trading.executor:update_account_info:125 | 账户更新: 总值$99212.60, 买入力$391982.42
2025-06-12 10:31:55 | DEBUG    | src.bot.trading_bot:_update_market_data:177 | 市场数据更新完成
2025-06-12 10:31:56 | DEBUG    | src.bot.trading_bot:_update_positions_normal:249 | 📊 常规头寸更新完成
2025-06-12 10:31:59 | INFO     | src.trading.executor:update_account_info:125 | 账户更新: 总值$99201.60, 买入力$391982.42
2025-06-12 10:31:59 | DEBUG    | src.bot.trading_bot:_update_market_data:177 | 市场数据更新完成
2025-06-12 10:32:02 | INFO     | src.trading.executor:update_account_info:125 | 账户更新: 总值$99245.60, 买入力$391982.42
2025-06-12 10:32:02 | DEBUG    | src.bot.trading_bot:_update_market_data:177 | 市场数据更新完成
2025-06-12 10:32:05 | INFO     | src.trading.executor:update_account_info:125 | 账户更新: 总值$99223.60, 买入力$391982.42
2025-06-12 10:32:05 | DEBUG    | src.bot.trading_bot:_update_market_data:177 | 市场数据更新完成
2025-06-12 10:32:08 | INFO     | src.trading.executor:update_account_info:125 | 账户更新: 总值$99168.60, 买入力$391982.42
2025-06-12 10:32:08 | DEBUG    | src.bot.trading_bot:_update_market_data:177 | 市场数据更新完成
2025-06-12 10:32:12 | INFO     | src.trading.executor:update_account_info:125 | 账户更新: 总值$99212.60, 买入力$391982.42
2025-06-12 10:32:12 | DEBUG    | src.bot.trading_bot:_update_market_data:177 | 市场数据更新完成
2025-06-12 10:32:15 | INFO     | src.trading.executor:update_account_info:125 | 账户更新: 总值$99223.60, 买入力$391982.42
2025-06-12 10:32:15 | DEBUG    | src.bot.trading_bot:_update_market_data:177 | 市场数据更新完成
2025-06-12 10:32:18 | INFO     | src.trading.executor:update_account_info:125 | 账户更新: 总值$99234.60, 买入力$391982.42
2025-06-12 10:32:18 | DEBUG    | src.bot.trading_bot:_update_market_data:177 | 市场数据更新完成
2025-06-12 10:32:21 | INFO     | src.trading.executor:update_account_info:125 | 账户更新: 总值$99190.60, 买入力$391982.42
2025-06-12 10:32:21 | DEBUG    | src.bot.trading_bot:_update_market_data:177 | 市场数据更新完成
2025-06-12 10:32:24 | INFO     | src.trading.executor:update_account_info:125 | 账户更新: 总值$99190.60, 买入力$391982.42
2025-06-12 10:32:24 | DEBUG    | src.bot.trading_bot:_update_market_data:177 | 市场数据更新完成
2025-06-12 10:32:28 | INFO     | src.trading.executor:update_account_info:125 | 账户更新: 总值$99168.60, 买入力$391982.42
2025-06-12 10:32:28 | DEBUG    | src.bot.trading_bot:_update_market_data:177 | 市场数据更新完成
2025-06-12 10:32:31 | INFO     | src.trading.executor:update_account_info:125 | 账户更新: 总值$99135.60, 买入力$391982.42
2025-06-12 10:32:31 | DEBUG    | src.bot.trading_bot:_update_market_data:177 | 市场数据更新完成
2025-06-12 10:32:34 | INFO     | src.trading.executor:update_account_info:125 | 账户更新: 总值$99124.60, 买入力$391982.42
2025-06-12 10:32:34 | DEBUG    | src.bot.trading_bot:_update_market_data:177 | 市场数据更新完成
2025-06-12 10:32:37 | INFO     | src.trading.executor:update_account_info:125 | 账户更新: 总值$99124.60, 买入力$391982.42
2025-06-12 10:32:37 | DEBUG    | src.bot.trading_bot:_update_market_data:177 | 市场数据更新完成
2025-06-12 10:32:41 | INFO     | src.trading.executor:update_account_info:125 | 账户更新: 总值$99113.60, 买入力$391982.42
2025-06-12 10:32:41 | DEBUG    | src.bot.trading_bot:_update_market_data:177 | 市场数据更新完成
2025-06-12 10:32:44 | INFO     | src.trading.executor:update_account_info:125 | 账户更新: 总值$99113.60, 买入力$391982.42
2025-06-12 10:32:44 | DEBUG    | src.bot.trading_bot:_update_market_data:177 | 市场数据更新完成
2025-06-12 10:32:47 | INFO     | src.trading.executor:update_account_info:125 | 账户更新: 总值$99124.60, 买入力$391982.42
2025-06-12 10:32:47 | DEBUG    | src.bot.trading_bot:_update_market_data:177 | 市场数据更新完成
2025-06-12 10:32:50 | INFO     | src.trading.executor:update_account_info:125 | 账户更新: 总值$99157.60, 买入力$391982.42
2025-06-12 10:32:50 | DEBUG    | src.bot.trading_bot:_update_market_data:177 | 市场数据更新完成
2025-06-12 10:32:53 | INFO     | src.trading.executor:update_account_info:125 | 账户更新: 总值$99179.60, 买入力$391982.42
2025-06-12 10:32:53 | DEBUG    | src.bot.trading_bot:_update_market_data:177 | 市场数据更新完成
2025-06-12 10:32:57 | DEBUG    | src.bot.trading_bot:_update_positions_normal:249 | 📊 常规头寸更新完成
2025-06-12 10:32:57 | INFO     | src.trading.executor:update_account_info:125 | 账户更新: 总值$99190.60, 买入力$391982.42
2025-06-12 10:32:57 | DEBUG    | src.bot.trading_bot:_update_market_data:177 | 市场数据更新完成
2025-06-12 10:33:00 | INFO     | src.trading.executor:update_account_info:125 | 账户更新: 总值$99190.60, 买入力$391982.42
2025-06-12 10:33:00 | DEBUG    | src.bot.trading_bot:_update_market_data:177 | 市场数据更新完成
2025-06-12 10:33:03 | INFO     | src.trading.executor:update_account_info:125 | 账户更新: 总值$99179.60, 买入力$391982.42
2025-06-12 10:33:03 | DEBUG    | src.bot.trading_bot:_update_market_data:177 | 市场数据更新完成
2025-06-12 10:33:06 | INFO     | src.trading.executor:update_account_info:125 | 账户更新: 总值$99201.60, 买入力$391982.42
2025-06-12 10:33:06 | DEBUG    | src.bot.trading_bot:_update_market_data:177 | 市场数据更新完成
2025-06-12 10:33:10 | INFO     | src.trading.executor:update_account_info:125 | 账户更新: 总值$99212.60, 买入力$391982.42
2025-06-12 10:33:10 | DEBUG    | src.bot.trading_bot:_update_market_data:177 | 市场数据更新完成
2025-06-12 10:33:13 | INFO     | src.trading.executor:update_account_info:125 | 账户更新: 总值$99223.60, 买入力$391982.42
2025-06-12 10:33:13 | DEBUG    | src.bot.trading_bot:_update_market_data:177 | 市场数据更新完成
2025-06-12 10:33:16 | INFO     | src.trading.executor:update_account_info:125 | 账户更新: 总值$99212.60, 买入力$391982.42
2025-06-12 10:33:16 | DEBUG    | src.bot.trading_bot:_update_market_data:177 | 市场数据更新完成
2025-06-12 10:33:19 | INFO     | src.trading.executor:update_account_info:125 | 账户更新: 总值$99212.60, 买入力$391982.42
2025-06-12 10:33:19 | DEBUG    | src.bot.trading_bot:_update_market_data:177 | 市场数据更新完成
2025-06-12 10:33:22 | INFO     | src.trading.executor:update_account_info:125 | 账户更新: 总值$99212.60, 买入力$391982.42
2025-06-12 10:33:22 | DEBUG    | src.bot.trading_bot:_update_market_data:177 | 市场数据更新完成
2025-06-12 10:33:26 | INFO     | src.trading.executor:update_account_info:125 | 账户更新: 总值$99179.60, 买入力$391982.42
2025-06-12 10:33:26 | DEBUG    | src.bot.trading_bot:_update_market_data:177 | 市场数据更新完成
2025-06-12 10:33:29 | INFO     | src.trading.executor:update_account_info:125 | 账户更新: 总值$99157.60, 买入力$391982.42
2025-06-12 10:33:29 | DEBUG    | src.bot.trading_bot:_update_market_data:177 | 市场数据更新完成
2025-06-12 10:33:32 | INFO     | src.trading.executor:update_account_info:125 | 账户更新: 总值$99168.60, 买入力$391982.42
2025-06-12 10:33:32 | DEBUG    | src.bot.trading_bot:_update_market_data:177 | 市场数据更新完成
2025-06-12 10:33:35 | INFO     | src.trading.executor:update_account_info:125 | 账户更新: 总值$99168.60, 买入力$391982.42
2025-06-12 10:33:35 | DEBUG    | src.bot.trading_bot:_update_market_data:177 | 市场数据更新完成
2025-06-12 10:33:38 | INFO     | src.trading.executor:update_account_info:125 | 账户更新: 总值$99190.60, 买入力$391982.42
2025-06-12 10:33:38 | DEBUG    | src.bot.trading_bot:_update_market_data:177 | 市场数据更新完成
2025-06-12 10:33:42 | INFO     | src.trading.executor:update_account_info:125 | 账户更新: 总值$99179.60, 买入力$391982.42
2025-06-12 10:33:42 | DEBUG    | src.bot.trading_bot:_update_market_data:177 | 市场数据更新完成
2025-06-12 10:33:45 | INFO     | src.trading.executor:update_account_info:125 | 账户更新: 总值$99190.60, 买入力$391982.42
2025-06-12 10:33:45 | DEBUG    | src.bot.trading_bot:_update_market_data:177 | 市场数据更新完成
2025-06-12 10:33:48 | INFO     | src.trading.executor:update_account_info:125 | 账户更新: 总值$99179.60, 买入力$391982.42
2025-06-12 10:33:48 | DEBUG    | src.bot.trading_bot:_update_market_data:177 | 市场数据更新完成
2025-06-12 10:33:51 | INFO     | src.trading.executor:update_account_info:125 | 账户更新: 总值$99168.60, 买入力$391982.42
2025-06-12 10:33:51 | DEBUG    | src.bot.trading_bot:_update_market_data:177 | 市场数据更新完成
2025-06-12 10:33:55 | INFO     | src.trading.executor:update_account_info:125 | 账户更新: 总值$99157.60, 买入力$391982.42
2025-06-12 10:33:55 | DEBUG    | src.bot.trading_bot:_update_market_data:177 | 市场数据更新完成
2025-06-12 10:33:57 | DEBUG    | src.bot.trading_bot:_update_positions_normal:249 | 📊 常规头寸更新完成
2025-06-12 10:33:58 | INFO     | src.trading.executor:update_account_info:125 | 账户更新: 总值$99157.60, 买入力$391982.42
2025-06-12 10:33:58 | DEBUG    | src.bot.trading_bot:_update_market_data:177 | 市场数据更新完成
2025-06-12 10:34:01 | INFO     | src.trading.executor:update_account_info:125 | 账户更新: 总值$99146.60, 买入力$391982.42
2025-06-12 10:34:01 | DEBUG    | src.bot.trading_bot:_update_market_data:177 | 市场数据更新完成
2025-06-12 10:34:04 | INFO     | src.trading.executor:update_account_info:125 | 账户更新: 总值$99146.60, 买入力$391982.42
2025-06-12 10:34:04 | DEBUG    | src.bot.trading_bot:_update_market_data:177 | 市场数据更新完成
2025-06-12 10:34:07 | INFO     | src.trading.executor:update_account_info:125 | 账户更新: 总值$99157.60, 买入力$391982.42
2025-06-12 10:34:07 | DEBUG    | src.bot.trading_bot:_update_market_data:177 | 市场数据更新完成
2025-06-12 10:34:11 | INFO     | src.trading.executor:update_account_info:125 | 账户更新: 总值$99135.60, 买入力$391982.42
2025-06-12 10:34:11 | DEBUG    | src.bot.trading_bot:_update_market_data:177 | 市场数据更新完成
2025-06-12 10:34:14 | INFO     | src.trading.executor:update_account_info:125 | 账户更新: 总值$99124.60, 买入力$391982.42
2025-06-12 10:34:14 | DEBUG    | src.bot.trading_bot:_update_market_data:177 | 市场数据更新完成
2025-06-12 10:34:17 | INFO     | src.trading.executor:update_account_info:125 | 账户更新: 总值$99113.60, 买入力$391982.42
2025-06-12 10:34:17 | DEBUG    | src.bot.trading_bot:_update_market_data:177 | 市场数据更新完成
2025-06-12 10:34:20 | INFO     | src.trading.executor:update_account_info:125 | 账户更新: 总值$99102.60, 买入力$391982.42
2025-06-12 10:34:20 | DEBUG    | src.bot.trading_bot:_update_market_data:177 | 市场数据更新完成
2025-06-12 10:34:24 | INFO     | src.trading.executor:update_account_info:125 | 账户更新: 总值$99091.60, 买入力$391982.42
2025-06-12 10:34:24 | DEBUG    | src.bot.trading_bot:_update_market_data:177 | 市场数据更新完成
2025-06-12 10:34:27 | INFO     | src.trading.executor:update_account_info:125 | 账户更新: 总值$99102.60, 买入力$391982.42
2025-06-12 10:34:27 | DEBUG    | src.bot.trading_bot:_update_market_data:177 | 市场数据更新完成
2025-06-12 10:34:30 | INFO     | src.trading.executor:update_account_info:125 | 账户更新: 总值$99113.60, 买入力$391982.42
2025-06-12 10:34:30 | DEBUG    | src.bot.trading_bot:_update_market_data:177 | 市场数据更新完成
2025-06-12 10:34:33 | INFO     | src.trading.executor:update_account_info:125 | 账户更新: 总值$99113.60, 买入力$391982.42
2025-06-12 10:34:33 | DEBUG    | src.bot.trading_bot:_update_market_data:177 | 市场数据更新完成
2025-06-12 10:34:37 | INFO     | src.trading.executor:update_account_info:125 | 账户更新: 总值$99124.60, 买入力$391982.42
2025-06-12 10:34:37 | DEBUG    | src.bot.trading_bot:_update_market_data:177 | 市场数据更新完成
2025-06-12 10:34:40 | INFO     | src.trading.executor:update_account_info:125 | 账户更新: 总值$99102.60, 买入力$391982.42
2025-06-12 10:34:40 | DEBUG    | src.bot.trading_bot:_update_market_data:177 | 市场数据更新完成
2025-06-12 10:34:43 | INFO     | src.trading.executor:update_account_info:125 | 账户更新: 总值$99080.60, 买入力$391982.42
2025-06-12 10:34:43 | DEBUG    | src.bot.trading_bot:_update_market_data:177 | 市场数据更新完成
2025-06-12 10:34:46 | INFO     | src.trading.executor:update_account_info:125 | 账户更新: 总值$99102.60, 买入力$391982.42
2025-06-12 10:34:46 | DEBUG    | src.bot.trading_bot:_update_market_data:177 | 市场数据更新完成
2025-06-12 10:34:50 | INFO     | src.trading.executor:update_account_info:125 | 账户更新: 总值$99102.60, 买入力$391982.42
2025-06-12 10:34:50 | DEBUG    | src.bot.trading_bot:_update_market_data:177 | 市场数据更新完成
2025-06-12 10:34:53 | INFO     | src.trading.executor:update_account_info:125 | 账户更新: 总值$99102.60, 买入力$391982.42
2025-06-12 10:34:53 | DEBUG    | src.bot.trading_bot:_update_market_data:177 | 市场数据更新完成
2025-06-12 10:34:56 | INFO     | src.trading.executor:update_account_info:125 | 账户更新: 总值$99113.60, 买入力$391982.42
2025-06-12 10:34:56 | DEBUG    | src.bot.trading_bot:_update_market_data:177 | 市场数据更新完成
2025-06-12 10:34:57 | DEBUG    | src.bot.trading_bot:_update_positions_normal:249 | 📊 常规头寸更新完成
2025-06-12 10:34:59 | INFO     | src.trading.executor:update_account_info:125 | 账户更新: 总值$99113.60, 买入力$391982.42
2025-06-12 10:34:59 | DEBUG    | src.bot.trading_bot:_update_market_data:177 | 市场数据更新完成
2025-06-12 10:35:03 | INFO     | src.trading.executor:update_account_info:125 | 账户更新: 总值$99102.60, 买入力$391982.42
2025-06-12 10:35:03 | DEBUG    | src.bot.trading_bot:_update_market_data:177 | 市场数据更新完成
2025-06-12 10:35:06 | INFO     | src.trading.executor:update_account_info:125 | 账户更新: 总值$99091.60, 买入力$391982.42
2025-06-12 10:35:06 | DEBUG    | src.bot.trading_bot:_update_market_data:177 | 市场数据更新完成
2025-06-12 10:35:09 | INFO     | src.trading.executor:update_account_info:125 | 账户更新: 总值$99069.60, 买入力$391982.42
2025-06-12 10:35:09 | DEBUG    | src.bot.trading_bot:_update_market_data:177 | 市场数据更新完成
2025-06-12 10:35:12 | INFO     | src.trading.executor:update_account_info:125 | 账户更新: 总值$99069.60, 买入力$391982.42
2025-06-12 10:35:12 | DEBUG    | src.bot.trading_bot:_update_market_data:177 | 市场数据更新完成
2025-06-12 10:35:16 | INFO     | src.trading.executor:update_account_info:125 | 账户更新: 总值$99080.60, 买入力$391982.42
2025-06-12 10:35:16 | DEBUG    | src.bot.trading_bot:_update_market_data:177 | 市场数据更新完成
2025-06-12 10:35:19 | INFO     | src.trading.executor:update_account_info:125 | 账户更新: 总值$99102.60, 买入力$391982.42
2025-06-12 10:35:19 | DEBUG    | src.bot.trading_bot:_update_market_data:177 | 市场数据更新完成
2025-06-12 10:35:22 | INFO     | src.trading.executor:update_account_info:125 | 账户更新: 总值$99069.60, 买入力$391982.42
2025-06-12 10:35:22 | DEBUG    | src.bot.trading_bot:_update_market_data:177 | 市场数据更新完成
2025-06-12 10:35:25 | INFO     | src.trading.executor:update_account_info:125 | 账户更新: 总值$99091.60, 买入力$391982.42
2025-06-12 10:35:25 | DEBUG    | src.bot.trading_bot:_update_market_data:177 | 市场数据更新完成
2025-06-12 10:35:29 | INFO     | src.trading.executor:update_account_info:125 | 账户更新: 总值$99091.60, 买入力$391982.42
2025-06-12 10:35:29 | DEBUG    | src.bot.trading_bot:_update_market_data:177 | 市场数据更新完成
2025-06-12 10:35:32 | INFO     | src.trading.executor:update_account_info:125 | 账户更新: 总值$99091.60, 买入力$391982.42
2025-06-12 10:35:32 | DEBUG    | src.bot.trading_bot:_update_market_data:177 | 市场数据更新完成
2025-06-12 10:35:35 | INFO     | src.trading.executor:update_account_info:125 | 账户更新: 总值$99091.60, 买入力$391982.42
2025-06-12 10:35:35 | DEBUG    | src.bot.trading_bot:_update_market_data:177 | 市场数据更新完成
2025-06-12 10:35:38 | INFO     | src.trading.executor:update_account_info:125 | 账户更新: 总值$99135.60, 买入力$391982.42
2025-06-12 10:35:38 | DEBUG    | src.bot.trading_bot:_update_market_data:177 | 市场数据更新完成
2025-06-12 10:35:41 | INFO     | src.trading.executor:update_account_info:125 | 账户更新: 总值$99113.60, 买入力$391982.42
2025-06-12 10:35:41 | DEBUG    | src.bot.trading_bot:_update_market_data:177 | 市场数据更新完成
2025-06-12 10:35:45 | INFO     | src.trading.executor:update_account_info:125 | 账户更新: 总值$99124.60, 买入力$391982.42
2025-06-12 10:35:45 | DEBUG    | src.bot.trading_bot:_update_market_data:177 | 市场数据更新完成
2025-06-12 10:35:48 | INFO     | src.trading.executor:update_account_info:125 | 账户更新: 总值$99135.60, 买入力$391982.42
2025-06-12 10:35:48 | DEBUG    | src.bot.trading_bot:_update_market_data:177 | 市场数据更新完成
2025-06-12 10:35:51 | INFO     | src.trading.executor:update_account_info:125 | 账户更新: 总值$99146.60, 买入力$391982.42
2025-06-12 10:35:51 | DEBUG    | src.bot.trading_bot:_update_market_data:177 | 市场数据更新完成
2025-06-12 10:35:55 | INFO     | src.trading.executor:update_account_info:125 | 账户更新: 总值$99157.60, 买入力$391982.42
2025-06-12 10:35:55 | DEBUG    | src.bot.trading_bot:_update_market_data:177 | 市场数据更新完成
2025-06-12 10:35:58 | DEBUG    | src.bot.trading_bot:_update_positions_normal:249 | 📊 常规头寸更新完成
2025-06-12 10:35:58 | INFO     | src.trading.executor:update_account_info:125 | 账户更新: 总值$99179.60, 买入力$391982.42
2025-06-12 10:35:58 | DEBUG    | src.bot.trading_bot:_update_market_data:177 | 市场数据更新完成
2025-06-12 10:36:01 | INFO     | src.trading.executor:update_account_info:125 | 账户更新: 总值$99201.60, 买入力$391982.42
2025-06-12 10:36:01 | DEBUG    | src.bot.trading_bot:_update_market_data:177 | 市场数据更新完成
2025-06-12 10:36:04 | INFO     | src.trading.executor:update_account_info:125 | 账户更新: 总值$99223.60, 买入力$391982.42
2025-06-12 10:36:04 | DEBUG    | src.bot.trading_bot:_update_market_data:177 | 市场数据更新完成
2025-06-12 10:36:08 | INFO     | src.trading.executor:update_account_info:125 | 账户更新: 总值$99212.60, 买入力$391982.42
2025-06-12 10:36:08 | DEBUG    | src.bot.trading_bot:_update_market_data:177 | 市场数据更新完成
2025-06-12 10:36:11 | INFO     | src.trading.executor:update_account_info:125 | 账户更新: 总值$99212.60, 买入力$391982.42
2025-06-12 10:36:11 | DEBUG    | src.bot.trading_bot:_update_market_data:177 | 市场数据更新完成
2025-06-12 10:36:14 | INFO     | src.trading.executor:update_account_info:125 | 账户更新: 总值$99223.60, 买入力$391982.42
2025-06-12 10:36:14 | DEBUG    | src.bot.trading_bot:_update_market_data:177 | 市场数据更新完成
2025-06-12 10:36:17 | INFO     | src.trading.executor:update_account_info:125 | 账户更新: 总值$99256.60, 买入力$391982.42
2025-06-12 10:36:17 | DEBUG    | src.bot.trading_bot:_update_market_data:177 | 市场数据更新完成
2025-06-12 10:36:20 | INFO     | src.trading.executor:update_account_info:125 | 账户更新: 总值$99256.60, 买入力$391982.42
2025-06-12 10:36:20 | DEBUG    | src.bot.trading_bot:_update_market_data:177 | 市场数据更新完成
2025-06-12 10:36:24 | INFO     | src.trading.executor:update_account_info:125 | 账户更新: 总值$99234.60, 买入力$391982.42
2025-06-12 10:36:24 | DEBUG    | src.bot.trading_bot:_update_market_data:177 | 市场数据更新完成
2025-06-12 10:36:27 | INFO     | src.trading.executor:update_account_info:125 | 账户更新: 总值$99179.60, 买入力$391982.42
2025-06-12 10:36:27 | DEBUG    | src.bot.trading_bot:_update_market_data:177 | 市场数据更新完成
2025-06-12 10:36:30 | INFO     | src.trading.executor:update_account_info:125 | 账户更新: 总值$99168.60, 买入力$391982.42
2025-06-12 10:36:30 | DEBUG    | src.bot.trading_bot:_update_market_data:177 | 市场数据更新完成
2025-06-12 10:36:33 | INFO     | src.trading.executor:update_account_info:125 | 账户更新: 总值$99190.60, 买入力$391982.42
2025-06-12 10:36:33 | DEBUG    | src.bot.trading_bot:_update_market_data:177 | 市场数据更新完成
2025-06-12 10:36:37 | INFO     | src.trading.executor:update_account_info:125 | 账户更新: 总值$99168.60, 买入力$391982.42
2025-06-12 10:36:37 | DEBUG    | src.bot.trading_bot:_update_market_data:177 | 市场数据更新完成
2025-06-12 10:36:40 | INFO     | src.trading.executor:update_account_info:125 | 账户更新: 总值$99157.60, 买入力$391982.42
2025-06-12 10:36:40 | DEBUG    | src.bot.trading_bot:_update_market_data:177 | 市场数据更新完成
2025-06-12 10:36:43 | INFO     | src.trading.executor:update_account_info:125 | 账户更新: 总值$99146.60, 买入力$391982.42
2025-06-12 10:36:43 | DEBUG    | src.bot.trading_bot:_update_market_data:177 | 市场数据更新完成
2025-06-12 10:36:46 | INFO     | src.trading.executor:update_account_info:125 | 账户更新: 总值$99168.60, 买入力$391982.42
2025-06-12 10:36:46 | DEBUG    | src.bot.trading_bot:_update_market_data:177 | 市场数据更新完成
2025-06-12 10:36:49 | INFO     | src.trading.executor:update_account_info:125 | 账户更新: 总值$99168.60, 买入力$391982.42
2025-06-12 10:36:49 | DEBUG    | src.bot.trading_bot:_update_market_data:177 | 市场数据更新完成
2025-06-12 10:36:53 | INFO     | src.trading.executor:update_account_info:125 | 账户更新: 总值$99190.60, 买入力$391982.42
2025-06-12 10:36:53 | DEBUG    | src.bot.trading_bot:_update_market_data:177 | 市场数据更新完成
2025-06-12 10:36:56 | INFO     | src.trading.executor:update_account_info:125 | 账户更新: 总值$99179.60, 买入力$391982.42
2025-06-12 10:36:56 | DEBUG    | src.bot.trading_bot:_update_market_data:177 | 市场数据更新完成
2025-06-12 10:36:58 | DEBUG    | src.bot.trading_bot:_update_positions_normal:249 | 📊 常规头寸更新完成
2025-06-12 10:36:59 | INFO     | src.trading.executor:update_account_info:125 | 账户更新: 总值$99190.60, 买入力$391982.42
2025-06-12 10:36:59 | DEBUG    | src.bot.trading_bot:_update_market_data:177 | 市场数据更新完成
2025-06-12 10:37:02 | INFO     | src.trading.executor:update_account_info:125 | 账户更新: 总值$99212.60, 买入力$391982.42
2025-06-12 10:37:02 | DEBUG    | src.bot.trading_bot:_update_market_data:177 | 市场数据更新完成
2025-06-12 10:37:06 | INFO     | src.trading.executor:update_account_info:125 | 账户更新: 总值$99223.60, 买入力$391982.42
2025-06-12 10:37:06 | DEBUG    | src.bot.trading_bot:_update_market_data:177 | 市场数据更新完成
2025-06-12 10:37:09 | INFO     | src.trading.executor:update_account_info:125 | 账户更新: 总值$99223.60, 买入力$391982.42
2025-06-12 10:37:09 | DEBUG    | src.bot.trading_bot:_update_market_data:177 | 市场数据更新完成
2025-06-12 10:37:12 | INFO     | src.trading.executor:update_account_info:125 | 账户更新: 总值$99190.60, 买入力$391982.42
2025-06-12 10:37:12 | DEBUG    | src.bot.trading_bot:_update_market_data:177 | 市场数据更新完成
2025-06-12 10:37:15 | INFO     | src.trading.executor:update_account_info:125 | 账户更新: 总值$99179.60, 买入力$391982.42
2025-06-12 10:37:15 | DEBUG    | src.bot.trading_bot:_update_market_data:177 | 市场数据更新完成
2025-06-12 10:37:19 | INFO     | src.trading.executor:update_account_info:125 | 账户更新: 总值$99179.60, 买入力$391982.42
2025-06-12 10:37:19 | DEBUG    | src.bot.trading_bot:_update_market_data:177 | 市场数据更新完成
2025-06-12 10:37:22 | INFO     | src.trading.executor:update_account_info:125 | 账户更新: 总值$99179.60, 买入力$391982.42
2025-06-12 10:37:22 | DEBUG    | src.bot.trading_bot:_update_market_data:177 | 市场数据更新完成
2025-06-12 10:37:25 | INFO     | src.trading.executor:update_account_info:125 | 账户更新: 总值$99190.60, 买入力$391982.42
2025-06-12 10:37:25 | DEBUG    | src.bot.trading_bot:_update_market_data:177 | 市场数据更新完成
2025-06-12 10:37:28 | INFO     | src.trading.executor:update_account_info:125 | 账户更新: 总值$99190.60, 买入力$391982.42
2025-06-12 10:37:28 | DEBUG    | src.bot.trading_bot:_update_market_data:177 | 市场数据更新完成
2025-06-12 10:37:32 | INFO     | src.trading.executor:update_account_info:125 | 账户更新: 总值$99190.60, 买入力$391982.42
2025-06-12 10:37:32 | DEBUG    | src.bot.trading_bot:_update_market_data:177 | 市场数据更新完成
2025-06-12 10:37:35 | INFO     | src.trading.executor:update_account_info:125 | 账户更新: 总值$99190.60, 买入力$391982.42
2025-06-12 10:37:35 | DEBUG    | src.bot.trading_bot:_update_market_data:177 | 市场数据更新完成
2025-06-12 10:37:38 | INFO     | src.trading.executor:update_account_info:125 | 账户更新: 总值$99190.60, 买入力$391982.42
2025-06-12 10:37:38 | DEBUG    | src.bot.trading_bot:_update_market_data:177 | 市场数据更新完成
2025-06-12 10:37:41 | INFO     | src.trading.executor:update_account_info:125 | 账户更新: 总值$99190.60, 买入力$391982.42
2025-06-12 10:37:41 | DEBUG    | src.bot.trading_bot:_update_market_data:177 | 市场数据更新完成
2025-06-12 10:37:44 | INFO     | src.trading.executor:update_account_info:125 | 账户更新: 总值$99157.60, 买入力$391982.42
2025-06-12 10:37:44 | DEBUG    | src.bot.trading_bot:_update_market_data:177 | 市场数据更新完成
2025-06-12 10:37:48 | INFO     | src.trading.executor:update_account_info:125 | 账户更新: 总值$99157.60, 买入力$391982.42
2025-06-12 10:37:48 | DEBUG    | src.bot.trading_bot:_update_market_data:177 | 市场数据更新完成
2025-06-12 10:37:51 | INFO     | src.trading.executor:update_account_info:125 | 账户更新: 总值$99113.60, 买入力$391982.42
2025-06-12 10:37:51 | DEBUG    | src.bot.trading_bot:_update_market_data:177 | 市场数据更新完成
2025-06-12 10:37:54 | INFO     | src.trading.executor:update_account_info:125 | 账户更新: 总值$99102.60, 买入力$391982.42
2025-06-12 10:37:54 | DEBUG    | src.bot.trading_bot:_update_market_data:177 | 市场数据更新完成
2025-06-12 10:37:57 | INFO     | src.trading.executor:update_account_info:125 | 账户更新: 总值$99091.60, 买入力$391982.42
2025-06-12 10:37:57 | DEBUG    | src.bot.trading_bot:_update_market_data:177 | 市场数据更新完成
2025-06-12 10:37:58 | DEBUG    | src.bot.trading_bot:_update_positions_normal:249 | 📊 常规头寸更新完成
2025-06-12 10:38:00 | INFO     | src.trading.executor:update_account_info:125 | 账户更新: 总值$99113.60, 买入力$391982.42
2025-06-12 10:38:00 | DEBUG    | src.bot.trading_bot:_update_market_data:177 | 市场数据更新完成
2025-06-12 10:38:04 | INFO     | src.trading.executor:update_account_info:125 | 账户更新: 总值$99124.60, 买入力$391982.42
2025-06-12 10:38:04 | DEBUG    | src.bot.trading_bot:_update_market_data:177 | 市场数据更新完成
2025-06-12 10:38:07 | INFO     | src.trading.executor:update_account_info:125 | 账户更新: 总值$99135.60, 买入力$391982.42
2025-06-12 10:38:07 | DEBUG    | src.bot.trading_bot:_update_market_data:177 | 市场数据更新完成
2025-06-12 10:38:10 | INFO     | src.trading.executor:update_account_info:125 | 账户更新: 总值$99157.60, 买入力$391982.42
2025-06-12 10:38:10 | DEBUG    | src.bot.trading_bot:_update_market_data:177 | 市场数据更新完成
2025-06-12 10:38:13 | INFO     | src.trading.executor:update_account_info:125 | 账户更新: 总值$99146.60, 买入力$391982.42
2025-06-12 10:38:13 | DEBUG    | src.bot.trading_bot:_update_market_data:177 | 市场数据更新完成
2025-06-12 10:38:17 | INFO     | src.trading.executor:update_account_info:125 | 账户更新: 总值$99146.60, 买入力$391982.42
2025-06-12 10:38:17 | DEBUG    | src.bot.trading_bot:_update_market_data:177 | 市场数据更新完成
2025-06-12 10:38:20 | INFO     | src.trading.executor:update_account_info:125 | 账户更新: 总值$99146.60, 买入力$391982.42
2025-06-12 10:38:20 | DEBUG    | src.bot.trading_bot:_update_market_data:177 | 市场数据更新完成
2025-06-12 10:38:23 | INFO     | src.trading.executor:update_account_info:125 | 账户更新: 总值$99157.60, 买入力$391982.42
2025-06-12 10:38:23 | DEBUG    | src.bot.trading_bot:_update_market_data:177 | 市场数据更新完成
2025-06-12 10:38:26 | INFO     | src.trading.executor:update_account_info:125 | 账户更新: 总值$99146.60, 买入力$391982.42
2025-06-12 10:38:26 | DEBUG    | src.bot.trading_bot:_update_market_data:177 | 市场数据更新完成
2025-06-12 10:38:30 | INFO     | src.trading.executor:update_account_info:125 | 账户更新: 总值$99157.60, 买入力$391982.42
2025-06-12 10:38:30 | DEBUG    | src.bot.trading_bot:_update_market_data:177 | 市场数据更新完成
2025-06-12 10:38:33 | INFO     | src.trading.executor:update_account_info:125 | 账户更新: 总值$99146.60, 买入力$391982.42
2025-06-12 10:38:33 | DEBUG    | src.bot.trading_bot:_update_market_data:177 | 市场数据更新完成
2025-06-12 10:38:36 | INFO     | src.trading.executor:update_account_info:125 | 账户更新: 总值$99168.60, 买入力$391982.42
2025-06-12 10:38:36 | DEBUG    | src.bot.trading_bot:_update_market_data:177 | 市场数据更新完成
2025-06-12 10:38:39 | INFO     | src.trading.executor:update_account_info:125 | 账户更新: 总值$99146.60, 买入力$391982.42
2025-06-12 10:38:39 | DEBUG    | src.bot.trading_bot:_update_market_data:177 | 市场数据更新完成
2025-06-12 10:38:43 | INFO     | src.trading.executor:update_account_info:125 | 账户更新: 总值$99135.60, 买入力$391982.42
2025-06-12 10:38:43 | DEBUG    | src.bot.trading_bot:_update_market_data:177 | 市场数据更新完成
2025-06-12 10:38:46 | INFO     | src.trading.executor:update_account_info:125 | 账户更新: 总值$99135.60, 买入力$391982.42
2025-06-12 10:38:46 | DEBUG    | src.bot.trading_bot:_update_market_data:177 | 市场数据更新完成
2025-06-12 10:38:49 | INFO     | src.trading.executor:update_account_info:125 | 账户更新: 总值$99124.60, 买入力$391982.42
2025-06-12 10:38:49 | DEBUG    | src.bot.trading_bot:_update_market_data:177 | 市场数据更新完成
2025-06-12 10:38:52 | INFO     | src.trading.executor:update_account_info:125 | 账户更新: 总值$99124.60, 买入力$391982.42
2025-06-12 10:38:52 | DEBUG    | src.bot.trading_bot:_update_market_data:177 | 市场数据更新完成
2025-06-12 10:38:55 | INFO     | src.trading.executor:update_account_info:125 | 账户更新: 总值$99135.60, 买入力$391982.42
2025-06-12 10:38:55 | DEBUG    | src.bot.trading_bot:_update_market_data:177 | 市场数据更新完成
2025-06-12 10:38:59 | DEBUG    | src.bot.trading_bot:_update_positions_normal:249 | 📊 常规头寸更新完成
2025-06-12 10:38:59 | INFO     | src.trading.executor:update_account_info:125 | 账户更新: 总值$99146.60, 买入力$391982.42
2025-06-12 10:38:59 | DEBUG    | src.bot.trading_bot:_update_market_data:177 | 市场数据更新完成
2025-06-12 10:39:02 | INFO     | src.trading.executor:update_account_info:125 | 账户更新: 总值$99146.60, 买入力$391982.42
2025-06-12 10:39:02 | DEBUG    | src.bot.trading_bot:_update_market_data:177 | 市场数据更新完成
2025-06-12 10:39:05 | INFO     | src.trading.executor:update_account_info:125 | 账户更新: 总值$99157.60, 买入力$391982.42
2025-06-12 10:39:05 | DEBUG    | src.bot.trading_bot:_update_market_data:177 | 市场数据更新完成
2025-06-12 10:39:08 | INFO     | src.trading.executor:update_account_info:125 | 账户更新: 总值$99135.60, 买入力$391982.42
2025-06-12 10:39:08 | DEBUG    | src.bot.trading_bot:_update_market_data:177 | 市场数据更新完成
2025-06-12 10:39:12 | INFO     | src.trading.executor:update_account_info:125 | 账户更新: 总值$99146.60, 买入力$391982.42
2025-06-12 10:39:12 | DEBUG    | src.bot.trading_bot:_update_market_data:177 | 市场数据更新完成
2025-06-12 10:39:15 | INFO     | src.trading.executor:update_account_info:125 | 账户更新: 总值$99113.60, 买入力$391982.42
2025-06-12 10:39:15 | DEBUG    | src.bot.trading_bot:_update_market_data:177 | 市场数据更新完成
2025-06-12 10:39:18 | INFO     | src.trading.executor:update_account_info:125 | 账户更新: 总值$99113.60, 买入力$391982.42
2025-06-12 10:39:18 | DEBUG    | src.bot.trading_bot:_update_market_data:177 | 市场数据更新完成
2025-06-12 10:39:21 | INFO     | src.trading.executor:update_account_info:125 | 账户更新: 总值$99146.60, 买入力$391982.42
2025-06-12 10:39:21 | DEBUG    | src.bot.trading_bot:_update_market_data:177 | 市场数据更新完成
2025-06-12 10:39:24 | INFO     | src.trading.executor:update_account_info:125 | 账户更新: 总值$99146.60, 买入力$391982.42
2025-06-12 10:39:24 | DEBUG    | src.bot.trading_bot:_update_market_data:177 | 市场数据更新完成
2025-06-12 10:39:28 | INFO     | src.trading.executor:update_account_info:125 | 账户更新: 总值$99157.60, 买入力$391982.42
2025-06-12 10:39:28 | DEBUG    | src.bot.trading_bot:_update_market_data:177 | 市场数据更新完成
2025-06-12 10:39:31 | INFO     | src.trading.executor:update_account_info:125 | 账户更新: 总值$99135.60, 买入力$391982.42
2025-06-12 10:39:31 | DEBUG    | src.bot.trading_bot:_update_market_data:177 | 市场数据更新完成
2025-06-12 10:39:34 | INFO     | src.trading.executor:update_account_info:125 | 账户更新: 总值$99146.60, 买入力$391982.42
2025-06-12 10:39:34 | DEBUG    | src.bot.trading_bot:_update_market_data:177 | 市场数据更新完成
2025-06-12 10:39:37 | INFO     | src.trading.executor:update_account_info:125 | 账户更新: 总值$99168.60, 买入力$391982.42
2025-06-12 10:39:37 | DEBUG    | src.bot.trading_bot:_update_market_data:177 | 市场数据更新完成
2025-06-12 10:39:41 | INFO     | src.trading.executor:update_account_info:125 | 账户更新: 总值$99168.60, 买入力$391982.42
2025-06-12 10:39:41 | DEBUG    | src.bot.trading_bot:_update_market_data:177 | 市场数据更新完成
2025-06-12 10:39:44 | INFO     | src.trading.executor:update_account_info:125 | 账户更新: 总值$99168.60, 买入力$391982.42
2025-06-12 10:39:44 | DEBUG    | src.bot.trading_bot:_update_market_data:177 | 市场数据更新完成
2025-06-12 10:39:47 | INFO     | src.trading.executor:update_account_info:125 | 账户更新: 总值$99168.60, 买入力$391982.42
2025-06-12 10:39:47 | DEBUG    | src.bot.trading_bot:_update_market_data:177 | 市场数据更新完成
2025-06-12 10:39:50 | INFO     | src.trading.executor:update_account_info:125 | 账户更新: 总值$99168.60, 买入力$391982.42
2025-06-12 10:39:50 | DEBUG    | src.bot.trading_bot:_update_market_data:177 | 市场数据更新完成
2025-06-12 10:39:54 | INFO     | src.trading.executor:update_account_info:125 | 账户更新: 总值$99168.60, 买入力$391982.42
2025-06-12 10:39:54 | DEBUG    | src.bot.trading_bot:_update_market_data:177 | 市场数据更新完成
2025-06-12 10:39:57 | INFO     | src.trading.executor:update_account_info:125 | 账户更新: 总值$99179.60, 买入力$391982.42
2025-06-12 10:39:57 | DEBUG    | src.bot.trading_bot:_update_market_data:177 | 市场数据更新完成
2025-06-12 10:39:59 | DEBUG    | src.bot.trading_bot:_update_positions_normal:249 | 📊 常规头寸更新完成
2025-06-12 10:40:00 | INFO     | src.trading.executor:update_account_info:125 | 账户更新: 总值$99179.60, 买入力$391982.42
2025-06-12 10:40:00 | DEBUG    | src.bot.trading_bot:_update_market_data:177 | 市场数据更新完成
2025-06-12 10:40:03 | INFO     | src.trading.executor:update_account_info:125 | 账户更新: 总值$99190.60, 买入力$391982.42
2025-06-12 10:40:03 | DEBUG    | src.bot.trading_bot:_update_market_data:177 | 市场数据更新完成
2025-06-12 10:40:06 | INFO     | src.trading.executor:update_account_info:125 | 账户更新: 总值$99190.60, 买入力$391982.42
2025-06-12 10:40:06 | DEBUG    | src.bot.trading_bot:_update_market_data:177 | 市场数据更新完成
2025-06-12 10:40:10 | INFO     | src.trading.executor:update_account_info:125 | 账户更新: 总值$99212.60, 买入力$391982.42
2025-06-12 10:40:10 | DEBUG    | src.bot.trading_bot:_update_market_data:177 | 市场数据更新完成
2025-06-12 10:40:13 | INFO     | src.trading.executor:update_account_info:125 | 账户更新: 总值$99201.60, 买入力$391982.42
2025-06-12 10:40:13 | DEBUG    | src.bot.trading_bot:_update_market_data:177 | 市场数据更新完成
2025-06-12 10:40:16 | INFO     | src.trading.executor:update_account_info:125 | 账户更新: 总值$99223.60, 买入力$391982.42
2025-06-12 10:40:16 | DEBUG    | src.bot.trading_bot:_update_market_data:177 | 市场数据更新完成
2025-06-12 10:40:19 | INFO     | src.trading.executor:update_account_info:125 | 账户更新: 总值$99168.60, 买入力$391982.42
2025-06-12 10:40:19 | DEBUG    | src.bot.trading_bot:_update_market_data:177 | 市场数据更新完成
2025-06-12 10:40:23 | INFO     | src.trading.executor:update_account_info:125 | 账户更新: 总值$99190.60, 买入力$391982.42
2025-06-12 10:40:23 | DEBUG    | src.bot.trading_bot:_update_market_data:177 | 市场数据更新完成
2025-06-12 10:40:26 | INFO     | src.trading.executor:update_account_info:125 | 账户更新: 总值$99190.60, 买入力$391982.42
2025-06-12 10:40:26 | DEBUG    | src.bot.trading_bot:_update_market_data:177 | 市场数据更新完成
2025-06-12 10:40:29 | INFO     | src.trading.executor:update_account_info:125 | 账户更新: 总值$99201.60, 买入力$391982.42
2025-06-12 10:40:29 | DEBUG    | src.bot.trading_bot:_update_market_data:177 | 市场数据更新完成
2025-06-12 10:40:32 | INFO     | src.trading.executor:update_account_info:125 | 账户更新: 总值$99201.60, 买入力$391982.42
2025-06-12 10:40:32 | DEBUG    | src.bot.trading_bot:_update_market_data:177 | 市场数据更新完成
2025-06-12 10:40:36 | INFO     | src.trading.executor:update_account_info:125 | 账户更新: 总值$99190.60, 买入力$391982.42
2025-06-12 10:40:36 | DEBUG    | src.bot.trading_bot:_update_market_data:177 | 市场数据更新完成
2025-06-12 10:40:39 | INFO     | src.trading.executor:update_account_info:125 | 账户更新: 总值$99190.60, 买入力$391982.42
2025-06-12 10:40:39 | DEBUG    | src.bot.trading_bot:_update_market_data:177 | 市场数据更新完成
2025-06-12 10:40:42 | INFO     | src.trading.executor:update_account_info:125 | 账户更新: 总值$99168.60, 买入力$391982.42
2025-06-12 10:40:42 | DEBUG    | src.bot.trading_bot:_update_market_data:177 | 市场数据更新完成
2025-06-12 10:40:46 | INFO     | src.trading.executor:update_account_info:125 | 账户更新: 总值$99146.60, 买入力$391982.42
2025-06-12 10:40:46 | DEBUG    | src.bot.trading_bot:_update_market_data:177 | 市场数据更新完成
2025-06-12 10:40:49 | INFO     | src.trading.executor:update_account_info:125 | 账户更新: 总值$99157.60, 买入力$391982.42
2025-06-12 10:40:49 | DEBUG    | src.bot.trading_bot:_update_market_data:177 | 市场数据更新完成
2025-06-12 10:40:52 | INFO     | src.trading.executor:update_account_info:125 | 账户更新: 总值$99157.60, 买入力$391982.42
2025-06-12 10:40:52 | DEBUG    | src.bot.trading_bot:_update_market_data:177 | 市场数据更新完成
2025-06-12 10:40:55 | INFO     | src.trading.executor:update_account_info:125 | 账户更新: 总值$99157.60, 买入力$391982.42
2025-06-12 10:40:55 | DEBUG    | src.bot.trading_bot:_update_market_data:177 | 市场数据更新完成
2025-06-12 10:40:58 | INFO     | src.trading.executor:update_account_info:125 | 账户更新: 总值$99146.60, 买入力$391982.42
2025-06-12 10:40:58 | DEBUG    | src.bot.trading_bot:_update_market_data:177 | 市场数据更新完成
2025-06-12 10:40:59 | DEBUG    | src.bot.trading_bot:_update_positions_normal:249 | 📊 常规头寸更新完成
2025-06-12 10:41:02 | INFO     | src.trading.executor:update_account_info:125 | 账户更新: 总值$99157.60, 买入力$391982.42
2025-06-12 10:41:02 | DEBUG    | src.bot.trading_bot:_update_market_data:177 | 市场数据更新完成
2025-06-12 10:41:05 | INFO     | src.trading.executor:update_account_info:125 | 账户更新: 总值$99157.60, 买入力$391982.42
2025-06-12 10:41:05 | DEBUG    | src.bot.trading_bot:_update_market_data:177 | 市场数据更新完成
2025-06-12 10:41:08 | INFO     | src.trading.executor:update_account_info:125 | 账户更新: 总值$99157.60, 买入力$391982.42
2025-06-12 10:41:08 | DEBUG    | src.bot.trading_bot:_update_market_data:177 | 市场数据更新完成
2025-06-12 10:41:11 | INFO     | src.trading.executor:update_account_info:125 | 账户更新: 总值$99157.60, 买入力$391982.42
2025-06-12 10:41:11 | DEBUG    | src.bot.trading_bot:_update_market_data:177 | 市场数据更新完成
2025-06-12 10:41:14 | INFO     | src.trading.executor:update_account_info:125 | 账户更新: 总值$99168.60, 买入力$391982.42
2025-06-12 10:41:14 | DEBUG    | src.bot.trading_bot:_update_market_data:177 | 市场数据更新完成
2025-06-12 10:41:18 | INFO     | src.trading.executor:update_account_info:125 | 账户更新: 总值$99168.60, 买入力$391982.42
2025-06-12 10:41:18 | DEBUG    | src.bot.trading_bot:_update_market_data:177 | 市场数据更新完成
2025-06-12 10:41:21 | INFO     | src.trading.executor:update_account_info:125 | 账户更新: 总值$99157.60, 买入力$391982.42
2025-06-12 10:41:21 | DEBUG    | src.bot.trading_bot:_update_market_data:177 | 市场数据更新完成
2025-06-12 10:41:24 | INFO     | src.trading.executor:update_account_info:125 | 账户更新: 总值$99168.60, 买入力$391982.42
2025-06-12 10:41:24 | DEBUG    | src.bot.trading_bot:_update_market_data:177 | 市场数据更新完成
2025-06-12 10:41:27 | INFO     | src.trading.executor:update_account_info:125 | 账户更新: 总值$99179.60, 买入力$391982.42
2025-06-12 10:41:27 | DEBUG    | src.bot.trading_bot:_update_market_data:177 | 市场数据更新完成
2025-06-12 10:41:31 | INFO     | src.trading.executor:update_account_info:125 | 账户更新: 总值$99168.60, 买入力$391982.42
2025-06-12 10:41:31 | DEBUG    | src.bot.trading_bot:_update_market_data:177 | 市场数据更新完成
2025-06-12 10:41:34 | INFO     | src.trading.executor:update_account_info:125 | 账户更新: 总值$99190.60, 买入力$391982.42
2025-06-12 10:41:34 | DEBUG    | src.bot.trading_bot:_update_market_data:177 | 市场数据更新完成
2025-06-12 10:41:37 | INFO     | src.trading.executor:update_account_info:125 | 账户更新: 总值$99190.60, 买入力$391982.42
2025-06-12 10:41:37 | DEBUG    | src.bot.trading_bot:_update_market_data:177 | 市场数据更新完成
2025-06-12 10:41:40 | INFO     | src.trading.executor:update_account_info:125 | 账户更新: 总值$99179.60, 买入力$391982.42
2025-06-12 10:41:40 | DEBUG    | src.bot.trading_bot:_update_market_data:177 | 市场数据更新完成
2025-06-12 10:41:43 | INFO     | src.trading.executor:update_account_info:125 | 账户更新: 总值$99190.60, 买入力$391982.42
2025-06-12 10:41:43 | DEBUG    | src.bot.trading_bot:_update_market_data:177 | 市场数据更新完成
2025-06-12 10:41:47 | INFO     | src.trading.executor:update_account_info:125 | 账户更新: 总值$99168.60, 买入力$391982.42
2025-06-12 10:41:47 | DEBUG    | src.bot.trading_bot:_update_market_data:177 | 市场数据更新完成
2025-06-12 10:41:50 | INFO     | src.trading.executor:update_account_info:125 | 账户更新: 总值$99168.60, 买入力$391982.42
2025-06-12 10:41:50 | DEBUG    | src.bot.trading_bot:_update_market_data:177 | 市场数据更新完成
2025-06-12 10:41:53 | INFO     | src.trading.executor:update_account_info:125 | 账户更新: 总值$99124.60, 买入力$391982.42
2025-06-12 10:41:53 | DEBUG    | src.bot.trading_bot:_update_market_data:177 | 市场数据更新完成
2025-06-12 10:41:56 | INFO     | src.trading.executor:update_account_info:125 | 账户更新: 总值$99124.60, 买入力$391982.42
2025-06-12 10:41:56 | DEBUG    | src.bot.trading_bot:_update_market_data:177 | 市场数据更新完成
2025-06-12 10:42:00 | DEBUG    | src.bot.trading_bot:_update_positions_normal:249 | 📊 常规头寸更新完成
2025-06-12 10:42:00 | INFO     | src.trading.executor:update_account_info:125 | 账户更新: 总值$99135.60, 买入力$391982.42
2025-06-12 10:42:00 | DEBUG    | src.bot.trading_bot:_update_market_data:177 | 市场数据更新完成
2025-06-12 10:42:03 | INFO     | src.trading.executor:update_account_info:125 | 账户更新: 总值$99135.60, 买入力$391982.42
2025-06-12 10:42:03 | DEBUG    | src.bot.trading_bot:_update_market_data:177 | 市场数据更新完成
2025-06-12 10:42:06 | INFO     | src.trading.executor:update_account_info:125 | 账户更新: 总值$99135.60, 买入力$391982.42
2025-06-12 10:42:06 | DEBUG    | src.bot.trading_bot:_update_market_data:177 | 市场数据更新完成
2025-06-12 10:42:09 | INFO     | src.trading.executor:update_account_info:125 | 账户更新: 总值$99146.60, 买入力$391982.42
2025-06-12 10:42:09 | DEBUG    | src.bot.trading_bot:_update_market_data:177 | 市场数据更新完成
2025-06-12 10:42:13 | INFO     | src.trading.executor:update_account_info:125 | 账户更新: 总值$99146.60, 买入力$391982.42
2025-06-12 10:42:13 | DEBUG    | src.bot.trading_bot:_update_market_data:177 | 市场数据更新完成
2025-06-12 10:42:16 | INFO     | src.trading.executor:update_account_info:125 | 账户更新: 总值$99135.60, 买入力$391982.42
2025-06-12 10:42:16 | DEBUG    | src.bot.trading_bot:_update_market_data:177 | 市场数据更新完成
2025-06-12 10:42:19 | INFO     | src.trading.executor:update_account_info:125 | 账户更新: 总值$99124.60, 买入力$391982.42
2025-06-12 10:42:19 | DEBUG    | src.bot.trading_bot:_update_market_data:177 | 市场数据更新完成
2025-06-12 10:42:22 | INFO     | src.trading.executor:update_account_info:125 | 账户更新: 总值$99124.60, 买入力$391982.42
2025-06-12 10:42:22 | DEBUG    | src.bot.trading_bot:_update_market_data:177 | 市场数据更新完成
2025-06-12 10:42:26 | INFO     | src.trading.executor:update_account_info:125 | 账户更新: 总值$99146.60, 买入力$391982.42
2025-06-12 10:42:26 | DEBUG    | src.bot.trading_bot:_update_market_data:177 | 市场数据更新完成
2025-06-12 10:42:29 | INFO     | src.trading.executor:update_account_info:125 | 账户更新: 总值$99146.60, 买入力$391982.42
2025-06-12 10:42:29 | DEBUG    | src.bot.trading_bot:_update_market_data:177 | 市场数据更新完成
2025-06-12 10:42:32 | INFO     | src.trading.executor:update_account_info:125 | 账户更新: 总值$99168.60, 买入力$391982.42
2025-06-12 10:42:32 | DEBUG    | src.bot.trading_bot:_update_market_data:177 | 市场数据更新完成
2025-06-12 10:42:35 | INFO     | src.trading.executor:update_account_info:125 | 账户更新: 总值$99168.60, 买入力$391982.42
2025-06-12 10:42:35 | DEBUG    | src.bot.trading_bot:_update_market_data:177 | 市场数据更新完成
2025-06-12 10:42:38 | INFO     | src.trading.executor:update_account_info:125 | 账户更新: 总值$99223.60, 买入力$391982.42
2025-06-12 10:42:38 | DEBUG    | src.bot.trading_bot:_update_market_data:177 | 市场数据更新完成
2025-06-12 10:42:42 | INFO     | src.trading.executor:update_account_info:125 | 账户更新: 总值$99245.60, 买入力$391982.42
2025-06-12 10:42:42 | DEBUG    | src.bot.trading_bot:_update_market_data:177 | 市场数据更新完成
2025-06-12 10:42:45 | INFO     | src.trading.executor:update_account_info:125 | 账户更新: 总值$99245.60, 买入力$391982.42
2025-06-12 10:42:45 | DEBUG    | src.bot.trading_bot:_update_market_data:177 | 市场数据更新完成
2025-06-12 10:42:48 | INFO     | src.trading.executor:update_account_info:125 | 账户更新: 总值$99234.60, 买入力$391982.42
2025-06-12 10:42:48 | DEBUG    | src.bot.trading_bot:_update_market_data:177 | 市场数据更新完成
2025-06-12 10:42:51 | INFO     | src.trading.executor:update_account_info:125 | 账户更新: 总值$99212.60, 买入力$391982.42
2025-06-12 10:42:51 | DEBUG    | src.bot.trading_bot:_update_market_data:177 | 市场数据更新完成
2025-06-12 10:42:55 | INFO     | src.trading.executor:update_account_info:125 | 账户更新: 总值$99223.60, 买入力$391982.42
2025-06-12 10:42:55 | DEBUG    | src.bot.trading_bot:_update_market_data:177 | 市场数据更新完成
2025-06-12 10:42:58 | INFO     | src.trading.executor:update_account_info:125 | 账户更新: 总值$99223.60, 买入力$391982.42
2025-06-12 10:42:58 | DEBUG    | src.bot.trading_bot:_update_market_data:177 | 市场数据更新完成
2025-06-12 10:43:00 | DEBUG    | src.bot.trading_bot:_update_positions_normal:249 | 📊 常规头寸更新完成
2025-06-12 10:43:01 | INFO     | src.trading.executor:update_account_info:125 | 账户更新: 总值$99223.60, 买入力$391982.42
2025-06-12 10:43:01 | DEBUG    | src.bot.trading_bot:_update_market_data:177 | 市场数据更新完成
2025-06-12 10:43:04 | INFO     | src.trading.executor:update_account_info:125 | 账户更新: 总值$99223.60, 买入力$391982.42
2025-06-12 10:43:04 | DEBUG    | src.bot.trading_bot:_update_market_data:177 | 市场数据更新完成
2025-06-12 10:43:07 | INFO     | src.trading.executor:update_account_info:125 | 账户更新: 总值$99223.60, 买入力$391982.42
2025-06-12 10:43:07 | DEBUG    | src.bot.trading_bot:_update_market_data:177 | 市场数据更新完成
2025-06-12 10:43:11 | INFO     | src.trading.executor:update_account_info:125 | 账户更新: 总值$99223.60, 买入力$391982.42
2025-06-12 10:43:11 | DEBUG    | src.bot.trading_bot:_update_market_data:177 | 市场数据更新完成
2025-06-12 10:43:14 | INFO     | src.trading.executor:update_account_info:125 | 账户更新: 总值$99223.60, 买入力$391982.42
2025-06-12 10:43:14 | DEBUG    | src.bot.trading_bot:_update_market_data:177 | 市场数据更新完成
2025-06-12 10:43:17 | INFO     | src.trading.executor:update_account_info:125 | 账户更新: 总值$99190.60, 买入力$391982.42
2025-06-12 10:43:17 | DEBUG    | src.bot.trading_bot:_update_market_data:177 | 市场数据更新完成
2025-06-12 10:43:20 | INFO     | src.trading.executor:update_account_info:125 | 账户更新: 总值$99201.60, 买入力$391982.42
2025-06-12 10:43:20 | DEBUG    | src.bot.trading_bot:_update_market_data:177 | 市场数据更新完成
2025-06-12 10:43:24 | INFO     | src.trading.executor:update_account_info:125 | 账户更新: 总值$99190.60, 买入力$391982.42
2025-06-12 10:43:24 | DEBUG    | src.bot.trading_bot:_update_market_data:177 | 市场数据更新完成
2025-06-12 10:43:27 | INFO     | src.trading.executor:update_account_info:125 | 账户更新: 总值$99179.60, 买入力$391982.42
2025-06-12 10:43:27 | DEBUG    | src.bot.trading_bot:_update_market_data:177 | 市场数据更新完成
2025-06-12 10:43:30 | INFO     | src.trading.executor:update_account_info:125 | 账户更新: 总值$99190.60, 买入力$391982.42
2025-06-12 10:43:30 | DEBUG    | src.bot.trading_bot:_update_market_data:177 | 市场数据更新完成
2025-06-12 10:43:33 | INFO     | src.trading.executor:update_account_info:125 | 账户更新: 总值$99190.60, 买入力$391982.42
2025-06-12 10:43:33 | DEBUG    | src.bot.trading_bot:_update_market_data:177 | 市场数据更新完成
2025-06-12 10:43:37 | INFO     | src.trading.executor:update_account_info:125 | 账户更新: 总值$99190.60, 买入力$391982.42
2025-06-12 10:43:37 | DEBUG    | src.bot.trading_bot:_update_market_data:177 | 市场数据更新完成
2025-06-12 10:43:40 | INFO     | src.trading.executor:update_account_info:125 | 账户更新: 总值$99157.60, 买入力$391982.42
2025-06-12 10:43:40 | DEBUG    | src.bot.trading_bot:_update_market_data:177 | 市场数据更新完成
2025-06-12 10:43:43 | INFO     | src.trading.executor:update_account_info:125 | 账户更新: 总值$99157.60, 买入力$391982.42
2025-06-12 10:43:43 | DEBUG    | src.bot.trading_bot:_update_market_data:177 | 市场数据更新完成
2025-06-12 10:43:46 | INFO     | src.trading.executor:update_account_info:125 | 账户更新: 总值$99124.60, 买入力$391982.42
2025-06-12 10:43:46 | DEBUG    | src.bot.trading_bot:_update_market_data:177 | 市场数据更新完成
2025-06-12 10:43:49 | INFO     | src.trading.executor:update_account_info:125 | 账户更新: 总值$99124.60, 买入力$391982.42
2025-06-12 10:43:49 | DEBUG    | src.bot.trading_bot:_update_market_data:177 | 市场数据更新完成
2025-06-12 10:43:53 | INFO     | src.trading.executor:update_account_info:125 | 账户更新: 总值$99157.60, 买入力$391982.42
2025-06-12 10:43:53 | DEBUG    | src.bot.trading_bot:_update_market_data:177 | 市场数据更新完成
2025-06-12 10:43:56 | INFO     | src.trading.executor:update_account_info:125 | 账户更新: 总值$99157.60, 买入力$391982.42
2025-06-12 10:43:56 | DEBUG    | src.bot.trading_bot:_update_market_data:177 | 市场数据更新完成
2025-06-12 10:43:59 | INFO     | src.trading.executor:update_account_info:125 | 账户更新: 总值$99146.60, 买入力$391982.42
2025-06-12 10:43:59 | DEBUG    | src.bot.trading_bot:_update_market_data:177 | 市场数据更新完成
2025-06-12 10:44:00 | DEBUG    | src.bot.trading_bot:_update_positions_normal:249 | 📊 常规头寸更新完成
2025-06-12 10:44:02 | INFO     | src.trading.executor:update_account_info:125 | 账户更新: 总值$99179.60, 买入力$391982.42
2025-06-12 10:44:02 | DEBUG    | src.bot.trading_bot:_update_market_data:177 | 市场数据更新完成
2025-06-12 10:44:06 | INFO     | src.trading.executor:update_account_info:125 | 账户更新: 总值$99179.60, 买入力$391982.42
2025-06-12 10:44:06 | DEBUG    | src.bot.trading_bot:_update_market_data:177 | 市场数据更新完成
2025-06-12 10:44:09 | INFO     | src.trading.executor:update_account_info:125 | 账户更新: 总值$99168.60, 买入力$391982.42
2025-06-12 10:44:09 | DEBUG    | src.bot.trading_bot:_update_market_data:177 | 市场数据更新完成
2025-06-12 10:44:12 | INFO     | src.trading.executor:update_account_info:125 | 账户更新: 总值$99168.60, 买入力$391982.42
2025-06-12 10:44:12 | DEBUG    | src.bot.trading_bot:_update_market_data:177 | 市场数据更新完成
2025-06-12 10:44:15 | INFO     | src.trading.executor:update_account_info:125 | 账户更新: 总值$99179.60, 买入力$391982.42
2025-06-12 10:44:15 | DEBUG    | src.bot.trading_bot:_update_market_data:177 | 市场数据更新完成
2025-06-12 10:44:18 | INFO     | src.trading.executor:update_account_info:125 | 账户更新: 总值$99168.60, 买入力$391982.42
2025-06-12 10:44:18 | DEBUG    | src.bot.trading_bot:_update_market_data:177 | 市场数据更新完成
2025-06-12 10:44:22 | INFO     | src.trading.executor:update_account_info:125 | 账户更新: 总值$99168.60, 买入力$391982.42
2025-06-12 10:44:22 | DEBUG    | src.bot.trading_bot:_update_market_data:177 | 市场数据更新完成
2025-06-12 10:44:25 | INFO     | src.trading.executor:update_account_info:125 | 账户更新: 总值$99157.60, 买入力$391982.42
2025-06-12 10:44:25 | DEBUG    | src.bot.trading_bot:_update_market_data:177 | 市场数据更新完成
2025-06-12 10:44:28 | INFO     | src.trading.executor:update_account_info:125 | 账户更新: 总值$99157.60, 买入力$391982.42
2025-06-12 10:44:28 | DEBUG    | src.bot.trading_bot:_update_market_data:177 | 市场数据更新完成
2025-06-12 10:44:31 | INFO     | src.trading.executor:update_account_info:125 | 账户更新: 总值$99157.60, 买入力$391982.42
2025-06-12 10:44:31 | DEBUG    | src.bot.trading_bot:_update_market_data:177 | 市场数据更新完成
2025-06-12 10:44:35 | INFO     | src.trading.executor:update_account_info:125 | 账户更新: 总值$99157.60, 买入力$391982.42
2025-06-12 10:44:35 | DEBUG    | src.bot.trading_bot:_update_market_data:177 | 市场数据更新完成
2025-06-12 10:44:38 | INFO     | src.trading.executor:update_account_info:125 | 账户更新: 总值$99168.60, 买入力$391982.42
2025-06-12 10:44:38 | DEBUG    | src.bot.trading_bot:_update_market_data:177 | 市场数据更新完成
2025-06-12 10:44:41 | INFO     | src.trading.executor:update_account_info:125 | 账户更新: 总值$99179.60, 买入力$391982.42
2025-06-12 10:44:41 | DEBUG    | src.bot.trading_bot:_update_market_data:177 | 市场数据更新完成
2025-06-12 10:44:44 | INFO     | src.trading.executor:update_account_info:125 | 账户更新: 总值$99168.60, 买入力$391982.42
2025-06-12 10:44:44 | DEBUG    | src.bot.trading_bot:_update_market_data:177 | 市场数据更新完成
2025-06-12 10:44:47 | INFO     | src.trading.executor:update_account_info:125 | 账户更新: 总值$99168.60, 买入力$391982.42
2025-06-12 10:44:47 | DEBUG    | src.bot.trading_bot:_update_market_data:177 | 市场数据更新完成
2025-06-12 10:44:51 | INFO     | src.trading.executor:update_account_info:125 | 账户更新: 总值$99179.60, 买入力$391982.42
2025-06-12 10:44:51 | DEBUG    | src.bot.trading_bot:_update_market_data:177 | 市场数据更新完成
2025-06-12 10:44:54 | INFO     | src.trading.executor:update_account_info:125 | 账户更新: 总值$99179.60, 买入力$391982.42
2025-06-12 10:44:54 | DEBUG    | src.bot.trading_bot:_update_market_data:177 | 市场数据更新完成
2025-06-12 10:44:57 | INFO     | src.trading.executor:update_account_info:125 | 账户更新: 总值$99168.60, 买入力$391982.42
2025-06-12 10:44:57 | DEBUG    | src.bot.trading_bot:_update_market_data:177 | 市场数据更新完成
2025-06-12 10:45:00 | INFO     | src.trading.executor:update_account_info:125 | 账户更新: 总值$99135.60, 买入力$391982.42
2025-06-12 10:45:00 | DEBUG    | src.bot.trading_bot:_update_market_data:177 | 市场数据更新完成
2025-06-12 10:45:01 | DEBUG    | src.bot.trading_bot:_update_positions_normal:249 | 📊 常规头寸更新完成
2025-06-12 10:45:04 | INFO     | src.trading.executor:update_account_info:125 | 账户更新: 总值$99135.60, 买入力$391982.42
2025-06-12 10:45:04 | DEBUG    | src.bot.trading_bot:_update_market_data:177 | 市场数据更新完成
2025-06-12 10:45:07 | INFO     | src.trading.executor:update_account_info:125 | 账户更新: 总值$99157.60, 买入力$391982.42
2025-06-12 10:45:07 | DEBUG    | src.bot.trading_bot:_update_market_data:177 | 市场数据更新完成
2025-06-12 10:45:10 | INFO     | src.trading.executor:update_account_info:125 | 账户更新: 总值$99135.60, 买入力$391982.42
2025-06-12 10:45:10 | DEBUG    | src.bot.trading_bot:_update_market_data:177 | 市场数据更新完成
2025-06-12 10:45:13 | INFO     | src.trading.executor:update_account_info:125 | 账户更新: 总值$99124.60, 买入力$391982.42
2025-06-12 10:45:13 | DEBUG    | src.bot.trading_bot:_update_market_data:177 | 市场数据更新完成
2025-06-12 10:45:16 | INFO     | src.trading.executor:update_account_info:125 | 账户更新: 总值$99124.60, 买入力$391982.42
2025-06-12 10:45:16 | DEBUG    | src.bot.trading_bot:_update_market_data:177 | 市场数据更新完成
2025-06-12 10:45:20 | INFO     | src.trading.executor:update_account_info:125 | 账户更新: 总值$99124.60, 买入力$391982.42
2025-06-12 10:45:20 | DEBUG    | src.bot.trading_bot:_update_market_data:177 | 市场数据更新完成
2025-06-12 10:45:23 | INFO     | src.trading.executor:update_account_info:125 | 账户更新: 总值$99113.60, 买入力$391982.42
2025-06-12 10:45:23 | DEBUG    | src.bot.trading_bot:_update_market_data:177 | 市场数据更新完成
2025-06-12 10:45:26 | INFO     | src.trading.executor:update_account_info:125 | 账户更新: 总值$99135.60, 买入力$391982.42
2025-06-12 10:45:26 | DEBUG    | src.bot.trading_bot:_update_market_data:177 | 市场数据更新完成
2025-06-12 10:45:29 | INFO     | src.trading.executor:update_account_info:125 | 账户更新: 总值$99135.60, 买入力$391982.42
2025-06-12 10:45:29 | DEBUG    | src.bot.trading_bot:_update_market_data:177 | 市场数据更新完成
2025-06-12 10:45:32 | INFO     | src.trading.executor:update_account_info:125 | 账户更新: 总值$99146.60, 买入力$391982.42
2025-06-12 10:45:32 | DEBUG    | src.bot.trading_bot:_update_market_data:177 | 市场数据更新完成
2025-06-12 10:45:36 | INFO     | src.trading.executor:update_account_info:125 | 账户更新: 总值$99190.60, 买入力$391982.42
2025-06-12 10:45:36 | DEBUG    | src.bot.trading_bot:_update_market_data:177 | 市场数据更新完成
2025-06-12 10:45:39 | INFO     | src.trading.executor:update_account_info:125 | 账户更新: 总值$99223.60, 买入力$391982.42
2025-06-12 10:45:39 | DEBUG    | src.bot.trading_bot:_update_market_data:177 | 市场数据更新完成
2025-06-12 10:45:42 | INFO     | src.trading.executor:update_account_info:125 | 账户更新: 总值$99256.60, 买入力$391982.42
2025-06-12 10:45:42 | DEBUG    | src.bot.trading_bot:_update_market_data:177 | 市场数据更新完成
2025-06-12 10:45:46 | INFO     | src.trading.executor:update_account_info:125 | 账户更新: 总值$99245.60, 买入力$391982.42
2025-06-12 10:45:46 | DEBUG    | src.bot.trading_bot:_update_market_data:177 | 市场数据更新完成
2025-06-12 10:45:49 | INFO     | src.trading.executor:update_account_info:125 | 账户更新: 总值$99212.60, 买入力$391982.42
2025-06-12 10:45:49 | DEBUG    | src.bot.trading_bot:_update_market_data:177 | 市场数据更新完成
2025-06-12 10:45:52 | INFO     | src.trading.executor:update_account_info:125 | 账户更新: 总值$99234.60, 买入力$391982.42
2025-06-12 10:45:52 | DEBUG    | src.bot.trading_bot:_update_market_data:177 | 市场数据更新完成
2025-06-12 10:45:55 | INFO     | src.trading.executor:update_account_info:125 | 账户更新: 总值$99234.60, 买入力$391982.42
2025-06-12 10:45:55 | DEBUG    | src.bot.trading_bot:_update_market_data:177 | 市场数据更新完成
2025-06-12 10:45:58 | INFO     | src.trading.executor:update_account_info:125 | 账户更新: 总值$99223.60, 买入力$391982.42
2025-06-12 10:45:58 | DEBUG    | src.bot.trading_bot:_update_market_data:177 | 市场数据更新完成
2025-06-12 10:46:01 | DEBUG    | src.bot.trading_bot:_update_positions_normal:249 | 📊 常规头寸更新完成
2025-06-12 10:46:02 | INFO     | src.trading.executor:update_account_info:125 | 账户更新: 总值$99234.60, 买入力$391982.42
2025-06-12 10:46:02 | DEBUG    | src.bot.trading_bot:_update_market_data:177 | 市场数据更新完成
2025-06-12 10:46:05 | INFO     | src.trading.executor:update_account_info:125 | 账户更新: 总值$99223.60, 买入力$391982.42
2025-06-12 10:46:05 | DEBUG    | src.bot.trading_bot:_update_market_data:177 | 市场数据更新完成
2025-06-12 10:46:08 | INFO     | src.trading.executor:update_account_info:125 | 账户更新: 总值$99234.60, 买入力$391982.42
2025-06-12 10:46:08 | DEBUG    | src.bot.trading_bot:_update_market_data:177 | 市场数据更新完成
2025-06-12 10:46:12 | INFO     | src.trading.executor:update_account_info:125 | 账户更新: 总值$99267.60, 买入力$391982.42
2025-06-12 10:46:12 | DEBUG    | src.bot.trading_bot:_update_market_data:177 | 市场数据更新完成
2025-06-12 10:46:15 | INFO     | src.trading.executor:update_account_info:125 | 账户更新: 总值$99278.60, 买入力$391982.42
2025-06-12 10:46:15 | DEBUG    | src.bot.trading_bot:_update_market_data:177 | 市场数据更新完成
2025-06-12 10:46:18 | INFO     | src.trading.executor:update_account_info:125 | 账户更新: 总值$99267.60, 买入力$391982.42
2025-06-12 10:46:18 | DEBUG    | src.bot.trading_bot:_update_market_data:177 | 市场数据更新完成
2025-06-12 10:46:21 | INFO     | src.trading.executor:update_account_info:125 | 账户更新: 总值$99300.60, 买入力$391982.42
2025-06-12 10:46:21 | DEBUG    | src.bot.trading_bot:_update_market_data:177 | 市场数据更新完成
2025-06-12 10:46:24 | INFO     | src.trading.executor:update_account_info:125 | 账户更新: 总值$99289.60, 买入力$391982.42
2025-06-12 10:46:24 | DEBUG    | src.bot.trading_bot:_update_market_data:177 | 市场数据更新完成
2025-06-12 10:46:28 | INFO     | src.trading.executor:update_account_info:125 | 账户更新: 总值$99223.60, 买入力$391982.42
2025-06-12 10:46:28 | DEBUG    | src.bot.trading_bot:_update_market_data:177 | 市场数据更新完成
2025-06-12 10:46:31 | INFO     | src.trading.executor:update_account_info:125 | 账户更新: 总值$99234.60, 买入力$391982.42
2025-06-12 10:46:31 | DEBUG    | src.bot.trading_bot:_update_market_data:177 | 市场数据更新完成
2025-06-12 10:46:34 | INFO     | src.trading.executor:update_account_info:125 | 账户更新: 总值$99223.60, 买入力$391982.42
2025-06-12 10:46:34 | DEBUG    | src.bot.trading_bot:_update_market_data:177 | 市场数据更新完成
2025-06-12 10:46:37 | INFO     | src.trading.executor:update_account_info:125 | 账户更新: 总值$99223.60, 买入力$391982.42
2025-06-12 10:46:37 | DEBUG    | src.bot.trading_bot:_update_market_data:177 | 市场数据更新完成
2025-06-12 10:46:41 | INFO     | src.trading.executor:update_account_info:125 | 账户更新: 总值$99245.60, 买入力$391982.42
2025-06-12 10:46:41 | DEBUG    | src.bot.trading_bot:_update_market_data:177 | 市场数据更新完成
2025-06-12 10:46:44 | INFO     | src.trading.executor:update_account_info:125 | 账户更新: 总值$99223.60, 买入力$391982.42
2025-06-12 10:46:44 | DEBUG    | src.bot.trading_bot:_update_market_data:177 | 市场数据更新完成
2025-06-12 10:46:47 | INFO     | src.trading.executor:update_account_info:125 | 账户更新: 总值$99201.60, 买入力$391982.42
2025-06-12 10:46:47 | DEBUG    | src.bot.trading_bot:_update_market_data:177 | 市场数据更新完成
2025-06-12 10:46:50 | INFO     | src.trading.executor:update_account_info:125 | 账户更新: 总值$99190.60, 买入力$391982.42
2025-06-12 10:46:50 | DEBUG    | src.bot.trading_bot:_update_market_data:177 | 市场数据更新完成
2025-06-12 10:46:53 | INFO     | src.trading.executor:update_account_info:125 | 账户更新: 总值$99168.60, 买入力$391982.42
2025-06-12 10:46:53 | DEBUG    | src.bot.trading_bot:_update_market_data:177 | 市场数据更新完成
2025-06-12 10:46:57 | INFO     | src.trading.executor:update_account_info:125 | 账户更新: 总值$99168.60, 买入力$391982.42
2025-06-12 10:46:57 | DEBUG    | src.bot.trading_bot:_update_market_data:177 | 市场数据更新完成
2025-06-12 10:47:00 | INFO     | src.trading.executor:update_account_info:125 | 账户更新: 总值$99179.60, 买入力$391982.42
2025-06-12 10:47:00 | DEBUG    | src.bot.trading_bot:_update_market_data:177 | 市场数据更新完成
2025-06-12 10:47:01 | DEBUG    | src.bot.trading_bot:_update_positions_normal:249 | 📊 常规头寸更新完成
2025-06-12 10:47:03 | INFO     | src.trading.executor:update_account_info:125 | 账户更新: 总值$99179.60, 买入力$391982.42
2025-06-12 10:47:03 | DEBUG    | src.bot.trading_bot:_update_market_data:177 | 市场数据更新完成
2025-06-12 10:47:06 | INFO     | src.trading.executor:update_account_info:125 | 账户更新: 总值$99168.60, 买入力$391982.42
2025-06-12 10:47:06 | DEBUG    | src.bot.trading_bot:_update_market_data:177 | 市场数据更新完成
2025-06-12 10:47:09 | INFO     | src.trading.executor:update_account_info:125 | 账户更新: 总值$99190.60, 买入力$391982.42
2025-06-12 10:47:09 | DEBUG    | src.bot.trading_bot:_update_market_data:177 | 市场数据更新完成
2025-06-12 10:47:13 | INFO     | src.trading.executor:update_account_info:125 | 账户更新: 总值$99179.60, 买入力$391982.42
2025-06-12 10:47:13 | DEBUG    | src.bot.trading_bot:_update_market_data:177 | 市场数据更新完成
2025-06-12 10:47:16 | INFO     | src.trading.executor:update_account_info:125 | 账户更新: 总值$99190.60, 买入力$391982.42
2025-06-12 10:47:16 | DEBUG    | src.bot.trading_bot:_update_market_data:177 | 市场数据更新完成
2025-06-12 10:47:19 | INFO     | src.trading.executor:update_account_info:125 | 账户更新: 总值$99190.60, 买入力$391982.42
2025-06-12 10:47:19 | DEBUG    | src.bot.trading_bot:_update_market_data:177 | 市场数据更新完成
2025-06-12 10:47:23 | INFO     | src.trading.executor:update_account_info:125 | 账户更新: 总值$99190.60, 买入力$391982.42
2025-06-12 10:47:23 | DEBUG    | src.bot.trading_bot:_update_market_data:177 | 市场数据更新完成
2025-06-12 10:47:26 | INFO     | src.trading.executor:update_account_info:125 | 账户更新: 总值$99190.60, 买入力$391982.42
2025-06-12 10:47:26 | DEBUG    | src.bot.trading_bot:_update_market_data:177 | 市场数据更新完成
2025-06-12 10:47:29 | INFO     | src.trading.executor:update_account_info:125 | 账户更新: 总值$99190.60, 买入力$391982.42
2025-06-12 10:47:29 | DEBUG    | src.bot.trading_bot:_update_market_data:177 | 市场数据更新完成
2025-06-12 10:47:32 | INFO     | src.trading.executor:update_account_info:125 | 账户更新: 总值$99190.60, 买入力$391982.42
2025-06-12 10:47:32 | DEBUG    | src.bot.trading_bot:_update_market_data:177 | 市场数据更新完成
2025-06-12 10:47:35 | INFO     | src.trading.executor:update_account_info:125 | 账户更新: 总值$99190.60, 买入力$391982.42
2025-06-12 10:47:35 | DEBUG    | src.bot.trading_bot:_update_market_data:177 | 市场数据更新完成
2025-06-12 10:47:39 | INFO     | src.trading.executor:update_account_info:125 | 账户更新: 总值$99190.60, 买入力$391982.42
2025-06-12 10:47:39 | DEBUG    | src.bot.trading_bot:_update_market_data:177 | 市场数据更新完成
2025-06-12 10:47:42 | INFO     | src.trading.executor:update_account_info:125 | 账户更新: 总值$99190.60, 买入力$391982.42
2025-06-12 10:47:42 | DEBUG    | src.bot.trading_bot:_update_market_data:177 | 市场数据更新完成
2025-06-12 10:47:45 | INFO     | src.trading.executor:update_account_info:125 | 账户更新: 总值$99146.60, 买入力$391982.42
2025-06-12 10:47:45 | DEBUG    | src.bot.trading_bot:_update_market_data:177 | 市场数据更新完成
2025-06-12 10:47:48 | INFO     | src.trading.executor:update_account_info:125 | 账户更新: 总值$99135.60, 买入力$391982.42
2025-06-12 10:47:48 | DEBUG    | src.bot.trading_bot:_update_market_data:177 | 市场数据更新完成
2025-06-12 10:47:52 | INFO     | src.trading.executor:update_account_info:125 | 账户更新: 总值$99135.60, 买入力$391982.42
2025-06-12 10:47:52 | DEBUG    | src.bot.trading_bot:_update_market_data:177 | 市场数据更新完成
2025-06-12 10:47:55 | INFO     | src.trading.executor:update_account_info:125 | 账户更新: 总值$99124.60, 买入力$391982.42
2025-06-12 10:47:55 | DEBUG    | src.bot.trading_bot:_update_market_data:177 | 市场数据更新完成
2025-06-12 10:47:58 | INFO     | src.trading.executor:update_account_info:125 | 账户更新: 总值$99168.60, 买入力$391982.42
2025-06-12 10:47:58 | DEBUG    | src.bot.trading_bot:_update_market_data:177 | 市场数据更新完成
2025-06-12 10:48:01 | INFO     | src.trading.executor:update_account_info:125 | 账户更新: 总值$99190.60, 买入力$391982.42
2025-06-12 10:48:01 | DEBUG    | src.bot.trading_bot:_update_market_data:177 | 市场数据更新完成
2025-06-12 10:48:02 | DEBUG    | src.bot.trading_bot:_update_positions_normal:249 | 📊 常规头寸更新完成
2025-06-12 10:48:04 | INFO     | src.trading.executor:update_account_info:125 | 账户更新: 总值$99190.60, 买入力$391982.42
2025-06-12 10:48:04 | DEBUG    | src.bot.trading_bot:_update_market_data:177 | 市场数据更新完成
2025-06-12 10:48:08 | INFO     | src.trading.executor:update_account_info:125 | 账户更新: 总值$99256.60, 买入力$391982.42
2025-06-12 10:48:08 | DEBUG    | src.bot.trading_bot:_update_market_data:177 | 市场数据更新完成
2025-06-12 10:48:11 | INFO     | src.trading.executor:update_account_info:125 | 账户更新: 总值$99256.60, 买入力$391982.42
2025-06-12 10:48:11 | DEBUG    | src.bot.trading_bot:_update_market_data:177 | 市场数据更新完成
2025-06-12 10:48:14 | INFO     | src.trading.executor:update_account_info:125 | 账户更新: 总值$99267.60, 买入力$391982.42
2025-06-12 10:48:14 | DEBUG    | src.bot.trading_bot:_update_market_data:177 | 市场数据更新完成
2025-06-12 10:48:17 | INFO     | src.trading.executor:update_account_info:125 | 账户更新: 总值$99311.60, 买入力$391982.42
2025-06-12 10:48:17 | DEBUG    | src.bot.trading_bot:_update_market_data:177 | 市场数据更新完成
2025-06-12 10:48:21 | INFO     | src.trading.executor:update_account_info:125 | 账户更新: 总值$99311.60, 买入力$391982.42
2025-06-12 10:48:21 | DEBUG    | src.bot.trading_bot:_update_market_data:177 | 市场数据更新完成
2025-06-12 10:48:24 | INFO     | src.trading.executor:update_account_info:125 | 账户更新: 总值$99311.60, 买入力$391982.42
2025-06-12 10:48:24 | DEBUG    | src.bot.trading_bot:_update_market_data:177 | 市场数据更新完成
2025-06-12 10:48:28 | INFO     | src.trading.executor:update_account_info:125 | 账户更新: 总值$99311.60, 买入力$391982.42
2025-06-12 10:48:28 | DEBUG    | src.bot.trading_bot:_update_market_data:177 | 市场数据更新完成
2025-06-12 10:48:31 | INFO     | src.trading.executor:update_account_info:125 | 账户更新: 总值$99278.60, 买入力$391982.42
2025-06-12 10:48:31 | DEBUG    | src.bot.trading_bot:_update_market_data:177 | 市场数据更新完成
2025-06-12 10:48:34 | INFO     | src.trading.executor:update_account_info:125 | 账户更新: 总值$99278.60, 买入力$391982.42
2025-06-12 10:48:34 | DEBUG    | src.bot.trading_bot:_update_market_data:177 | 市场数据更新完成
2025-06-12 10:48:37 | INFO     | src.trading.executor:update_account_info:125 | 账户更新: 总值$99278.60, 买入力$391982.42
2025-06-12 10:48:37 | DEBUG    | src.bot.trading_bot:_update_market_data:177 | 市场数据更新完成
2025-06-12 10:48:41 | INFO     | src.trading.executor:update_account_info:125 | 账户更新: 总值$99311.60, 买入力$391982.42
2025-06-12 10:48:41 | DEBUG    | src.bot.trading_bot:_update_market_data:177 | 市场数据更新完成
2025-06-12 10:48:44 | INFO     | src.trading.executor:update_account_info:125 | 账户更新: 总值$99278.60, 买入力$391982.42
2025-06-12 10:48:44 | DEBUG    | src.bot.trading_bot:_update_market_data:177 | 市场数据更新完成
2025-06-12 10:48:47 | INFO     | src.trading.executor:update_account_info:125 | 账户更新: 总值$99300.60, 买入力$391982.42
2025-06-12 10:48:47 | DEBUG    | src.bot.trading_bot:_update_market_data:177 | 市场数据更新完成
2025-06-12 10:48:50 | INFO     | src.trading.executor:update_account_info:125 | 账户更新: 总值$99311.60, 买入力$391982.42
2025-06-12 10:48:50 | DEBUG    | src.bot.trading_bot:_update_market_data:177 | 市场数据更新完成
2025-06-12 10:48:54 | INFO     | src.trading.executor:update_account_info:125 | 账户更新: 总值$99300.60, 买入力$391982.42
2025-06-12 10:48:54 | DEBUG    | src.bot.trading_bot:_update_market_data:177 | 市场数据更新完成
2025-06-12 10:48:57 | INFO     | src.trading.executor:update_account_info:125 | 账户更新: 总值$99289.60, 买入力$391982.42
2025-06-12 10:48:57 | DEBUG    | src.bot.trading_bot:_update_market_data:177 | 市场数据更新完成
2025-06-12 10:49:00 | INFO     | src.trading.executor:update_account_info:125 | 账户更新: 总值$99300.60, 买入力$391982.42
2025-06-12 10:49:00 | DEBUG    | src.bot.trading_bot:_update_market_data:177 | 市场数据更新完成
2025-06-12 10:49:02 | DEBUG    | src.bot.trading_bot:_update_positions_normal:249 | 📊 常规头寸更新完成
2025-06-12 10:49:03 | INFO     | src.trading.executor:update_account_info:125 | 账户更新: 总值$99300.60, 买入力$391982.42
2025-06-12 10:49:03 | DEBUG    | src.bot.trading_bot:_update_market_data:177 | 市场数据更新完成
2025-06-12 10:49:06 | INFO     | src.trading.executor:update_account_info:125 | 账户更新: 总值$99278.60, 买入力$391982.42
2025-06-12 10:49:06 | DEBUG    | src.bot.trading_bot:_update_market_data:177 | 市场数据更新完成
2025-06-12 10:49:10 | INFO     | src.trading.executor:update_account_info:125 | 账户更新: 总值$99300.60, 买入力$391982.42
2025-06-12 10:49:10 | DEBUG    | src.bot.trading_bot:_update_market_data:177 | 市场数据更新完成
2025-06-12 10:49:13 | INFO     | src.trading.executor:update_account_info:125 | 账户更新: 总值$99311.60, 买入力$391982.42
2025-06-12 10:49:13 | DEBUG    | src.bot.trading_bot:_update_market_data:177 | 市场数据更新完成
2025-06-12 10:49:16 | INFO     | src.trading.executor:update_account_info:125 | 账户更新: 总值$99300.60, 买入力$391982.42
2025-06-12 10:49:16 | DEBUG    | src.bot.trading_bot:_update_market_data:177 | 市场数据更新完成
2025-06-12 10:49:19 | INFO     | src.trading.executor:update_account_info:125 | 账户更新: 总值$99322.60, 买入力$391982.42
2025-06-12 10:49:19 | DEBUG    | src.bot.trading_bot:_update_market_data:177 | 市场数据更新完成
2025-06-12 10:49:23 | INFO     | src.trading.executor:update_account_info:125 | 账户更新: 总值$99300.60, 买入力$391982.42
2025-06-12 10:49:23 | DEBUG    | src.bot.trading_bot:_update_market_data:177 | 市场数据更新完成
2025-06-12 10:49:26 | INFO     | src.trading.executor:update_account_info:125 | 账户更新: 总值$99300.60, 买入力$391982.42
2025-06-12 10:49:26 | DEBUG    | src.bot.trading_bot:_update_market_data:177 | 市场数据更新完成
2025-06-12 10:49:29 | INFO     | src.trading.executor:update_account_info:125 | 账户更新: 总值$99278.60, 买入力$391982.42
2025-06-12 10:49:29 | DEBUG    | src.bot.trading_bot:_update_market_data:177 | 市场数据更新完成
2025-06-12 10:49:33 | INFO     | src.trading.executor:update_account_info:125 | 账户更新: 总值$99289.60, 买入力$391982.42
2025-06-12 10:49:33 | DEBUG    | src.bot.trading_bot:_update_market_data:177 | 市场数据更新完成
2025-06-12 10:49:36 | INFO     | src.trading.executor:update_account_info:125 | 账户更新: 总值$99300.60, 买入力$391982.42
2025-06-12 10:49:36 | DEBUG    | src.bot.trading_bot:_update_market_data:177 | 市场数据更新完成
2025-06-12 10:49:39 | INFO     | src.trading.executor:update_account_info:125 | 账户更新: 总值$99300.60, 买入力$391982.42
2025-06-12 10:49:39 | DEBUG    | src.bot.trading_bot:_update_market_data:177 | 市场数据更新完成
2025-06-12 10:49:42 | INFO     | src.trading.executor:update_account_info:125 | 账户更新: 总值$99311.60, 买入力$391982.42
2025-06-12 10:49:42 | DEBUG    | src.bot.trading_bot:_update_market_data:177 | 市场数据更新完成
2025-06-12 10:49:46 | INFO     | src.trading.executor:update_account_info:125 | 账户更新: 总值$99311.60, 买入力$391982.42
2025-06-12 10:49:46 | DEBUG    | src.bot.trading_bot:_update_market_data:177 | 市场数据更新完成
2025-06-12 10:49:49 | INFO     | src.trading.executor:update_account_info:125 | 账户更新: 总值$99311.60, 买入力$391982.42
2025-06-12 10:49:49 | DEBUG    | src.bot.trading_bot:_update_market_data:177 | 市场数据更新完成
2025-06-12 10:49:52 | INFO     | src.trading.executor:update_account_info:125 | 账户更新: 总值$99300.60, 买入力$391982.42
2025-06-12 10:49:52 | DEBUG    | src.bot.trading_bot:_update_market_data:177 | 市场数据更新完成
2025-06-12 10:49:55 | INFO     | src.trading.executor:update_account_info:125 | 账户更新: 总值$99278.60, 买入力$391982.42
2025-06-12 10:49:55 | DEBUG    | src.bot.trading_bot:_update_market_data:177 | 市场数据更新完成
2025-06-12 10:49:59 | INFO     | src.trading.executor:update_account_info:125 | 账户更新: 总值$99311.60, 买入力$391982.42
2025-06-12 10:49:59 | DEBUG    | src.bot.trading_bot:_update_market_data:177 | 市场数据更新完成
2025-06-12 10:50:02 | INFO     | src.trading.executor:update_account_info:125 | 账户更新: 总值$99311.60, 买入力$391982.42
2025-06-12 10:50:02 | DEBUG    | src.bot.trading_bot:_update_market_data:177 | 市场数据更新完成
2025-06-12 10:50:02 | DEBUG    | src.bot.trading_bot:_update_positions_normal:249 | 📊 常规头寸更新完成
2025-06-12 10:50:05 | INFO     | src.trading.executor:update_account_info:125 | 账户更新: 总值$99300.60, 买入力$391982.42
2025-06-12 10:50:05 | DEBUG    | src.bot.trading_bot:_update_market_data:177 | 市场数据更新完成
2025-06-12 10:50:08 | INFO     | src.trading.executor:update_account_info:125 | 账户更新: 总值$99278.60, 买入力$391982.42
2025-06-12 10:50:08 | DEBUG    | src.bot.trading_bot:_update_market_data:177 | 市场数据更新完成
2025-06-12 10:50:11 | INFO     | src.trading.executor:update_account_info:125 | 账户更新: 总值$99267.60, 买入力$391982.42
2025-06-12 10:50:11 | DEBUG    | src.bot.trading_bot:_update_market_data:177 | 市场数据更新完成
2025-06-12 10:50:15 | INFO     | src.trading.executor:update_account_info:125 | 账户更新: 总值$99256.60, 买入力$391982.42
2025-06-12 10:50:15 | DEBUG    | src.bot.trading_bot:_update_market_data:177 | 市场数据更新完成
2025-06-12 10:50:18 | INFO     | src.trading.executor:update_account_info:125 | 账户更新: 总值$99267.60, 买入力$391982.42
2025-06-12 10:50:18 | DEBUG    | src.bot.trading_bot:_update_market_data:177 | 市场数据更新完成
2025-06-12 10:50:21 | INFO     | src.trading.executor:update_account_info:125 | 账户更新: 总值$99223.60, 买入力$391982.42
2025-06-12 10:50:21 | DEBUG    | src.bot.trading_bot:_update_market_data:177 | 市场数据更新完成
2025-06-12 10:50:24 | INFO     | src.trading.executor:update_account_info:125 | 账户更新: 总值$99223.60, 买入力$391982.42
2025-06-12 10:50:24 | DEBUG    | src.bot.trading_bot:_update_market_data:177 | 市场数据更新完成
2025-06-12 10:50:28 | INFO     | src.trading.executor:update_account_info:125 | 账户更新: 总值$99190.60, 买入力$391982.42
2025-06-12 10:50:28 | DEBUG    | src.bot.trading_bot:_update_market_data:177 | 市场数据更新完成
2025-06-12 10:50:31 | INFO     | src.trading.executor:update_account_info:125 | 账户更新: 总值$99168.60, 买入力$391982.42
2025-06-12 10:50:31 | DEBUG    | src.bot.trading_bot:_update_market_data:177 | 市场数据更新完成
2025-06-12 10:50:34 | INFO     | src.trading.executor:update_account_info:125 | 账户更新: 总值$99190.60, 买入力$391982.42
2025-06-12 10:50:34 | DEBUG    | src.bot.trading_bot:_update_market_data:177 | 市场数据更新完成
2025-06-12 10:50:37 | INFO     | src.trading.executor:update_account_info:125 | 账户更新: 总值$99190.60, 买入力$391982.42
2025-06-12 10:50:37 | DEBUG    | src.bot.trading_bot:_update_market_data:177 | 市场数据更新完成
2025-06-12 10:50:40 | INFO     | src.trading.executor:update_account_info:125 | 账户更新: 总值$99168.60, 买入力$391982.42
2025-06-12 10:50:40 | DEBUG    | src.bot.trading_bot:_update_market_data:177 | 市场数据更新完成
2025-06-12 10:50:44 | INFO     | src.trading.executor:update_account_info:125 | 账户更新: 总值$99190.60, 买入力$391982.42
2025-06-12 10:50:44 | DEBUG    | src.bot.trading_bot:_update_market_data:177 | 市场数据更新完成
2025-06-12 10:50:47 | INFO     | src.trading.executor:update_account_info:125 | 账户更新: 总值$99234.60, 买入力$391982.42
2025-06-12 10:50:47 | DEBUG    | src.bot.trading_bot:_update_market_data:177 | 市场数据更新完成
2025-06-12 10:50:50 | INFO     | src.trading.executor:update_account_info:125 | 账户更新: 总值$99234.60, 买入力$391982.42
2025-06-12 10:50:50 | DEBUG    | src.bot.trading_bot:_update_market_data:177 | 市场数据更新完成
2025-06-12 10:50:53 | INFO     | src.trading.executor:update_account_info:125 | 账户更新: 总值$99223.60, 买入力$391982.42
2025-06-12 10:50:53 | DEBUG    | src.bot.trading_bot:_update_market_data:177 | 市场数据更新完成
2025-06-12 10:50:56 | INFO     | src.trading.executor:update_account_info:125 | 账户更新: 总值$99234.60, 买入力$391982.42
2025-06-12 10:50:56 | DEBUG    | src.bot.trading_bot:_update_market_data:177 | 市场数据更新完成
2025-06-12 10:51:00 | INFO     | src.trading.executor:update_account_info:125 | 账户更新: 总值$99212.60, 买入力$391982.42
2025-06-12 10:51:00 | DEBUG    | src.bot.trading_bot:_update_market_data:177 | 市场数据更新完成
2025-06-12 10:51:02 | DEBUG    | src.bot.trading_bot:_update_positions_normal:249 | 📊 常规头寸更新完成
2025-06-12 10:51:03 | INFO     | src.trading.executor:update_account_info:125 | 账户更新: 总值$99201.60, 买入力$391982.42
2025-06-12 10:51:03 | DEBUG    | src.bot.trading_bot:_update_market_data:177 | 市场数据更新完成
2025-06-12 10:51:06 | INFO     | src.trading.executor:update_account_info:125 | 账户更新: 总值$99201.60, 买入力$391982.42
2025-06-12 10:51:06 | DEBUG    | src.bot.trading_bot:_update_market_data:177 | 市场数据更新完成
2025-06-12 10:51:09 | INFO     | src.trading.executor:update_account_info:125 | 账户更新: 总值$99190.60, 买入力$391982.42
2025-06-12 10:51:09 | DEBUG    | src.bot.trading_bot:_update_market_data:177 | 市场数据更新完成
2025-06-12 10:51:13 | INFO     | src.trading.executor:update_account_info:125 | 账户更新: 总值$99212.60, 买入力$391982.42
2025-06-12 10:51:13 | DEBUG    | src.bot.trading_bot:_update_market_data:177 | 市场数据更新完成
2025-06-12 10:51:16 | INFO     | src.trading.executor:update_account_info:125 | 账户更新: 总值$99201.60, 买入力$391982.42
2025-06-12 10:51:16 | DEBUG    | src.bot.trading_bot:_update_market_data:177 | 市场数据更新完成
2025-06-12 10:51:19 | INFO     | src.trading.executor:update_account_info:125 | 账户更新: 总值$99201.60, 买入力$391982.42
2025-06-12 10:51:19 | DEBUG    | src.bot.trading_bot:_update_market_data:177 | 市场数据更新完成
2025-06-12 10:51:22 | INFO     | src.trading.executor:update_account_info:125 | 账户更新: 总值$99212.60, 买入力$391982.42
2025-06-12 10:51:22 | DEBUG    | src.bot.trading_bot:_update_market_data:177 | 市场数据更新完成
2025-06-12 10:51:25 | INFO     | src.trading.executor:update_account_info:125 | 账户更新: 总值$99212.60, 买入力$391982.42
2025-06-12 10:51:25 | DEBUG    | src.bot.trading_bot:_update_market_data:177 | 市场数据更新完成
2025-06-12 10:51:29 | INFO     | src.trading.executor:update_account_info:125 | 账户更新: 总值$99234.60, 买入力$391982.42
2025-06-12 10:51:29 | DEBUG    | src.bot.trading_bot:_update_market_data:177 | 市场数据更新完成
2025-06-12 10:51:32 | INFO     | src.trading.executor:update_account_info:125 | 账户更新: 总值$99223.60, 买入力$391982.42
2025-06-12 10:51:32 | DEBUG    | src.bot.trading_bot:_update_market_data:177 | 市场数据更新完成
2025-06-12 10:51:35 | INFO     | src.trading.executor:update_account_info:125 | 账户更新: 总值$99212.60, 买入力$391982.42
2025-06-12 10:51:35 | DEBUG    | src.bot.trading_bot:_update_market_data:177 | 市场数据更新完成
2025-06-12 10:51:38 | INFO     | src.trading.executor:update_account_info:125 | 账户更新: 总值$99212.60, 买入力$391982.42
2025-06-12 10:51:38 | DEBUG    | src.bot.trading_bot:_update_market_data:177 | 市场数据更新完成
2025-06-12 10:51:42 | INFO     | src.trading.executor:update_account_info:125 | 账户更新: 总值$99190.60, 买入力$391982.42
2025-06-12 10:51:42 | DEBUG    | src.bot.trading_bot:_update_market_data:177 | 市场数据更新完成
2025-06-12 10:51:45 | INFO     | src.trading.executor:update_account_info:125 | 账户更新: 总值$99168.60, 买入力$391982.42
2025-06-12 10:51:45 | DEBUG    | src.bot.trading_bot:_update_market_data:177 | 市场数据更新完成
2025-06-12 10:51:48 | INFO     | src.trading.executor:update_account_info:125 | 账户更新: 总值$99157.60, 买入力$391982.42
2025-06-12 10:51:48 | DEBUG    | src.bot.trading_bot:_update_market_data:177 | 市场数据更新完成
2025-06-12 10:51:51 | INFO     | src.trading.executor:update_account_info:125 | 账户更新: 总值$99146.60, 买入力$391982.42
2025-06-12 10:51:51 | DEBUG    | src.bot.trading_bot:_update_market_data:177 | 市场数据更新完成
2025-06-12 10:51:55 | INFO     | src.trading.executor:update_account_info:125 | 账户更新: 总值$99146.60, 买入力$391982.42
2025-06-12 10:51:55 | DEBUG    | src.bot.trading_bot:_update_market_data:177 | 市场数据更新完成
2025-06-12 10:51:58 | INFO     | src.trading.executor:update_account_info:125 | 账户更新: 总值$99179.60, 买入力$391982.42
2025-06-12 10:51:58 | DEBUG    | src.bot.trading_bot:_update_market_data:177 | 市场数据更新完成
2025-06-12 10:52:01 | INFO     | src.trading.executor:update_account_info:125 | 账户更新: 总值$99179.60, 买入力$391982.42
2025-06-12 10:52:01 | DEBUG    | src.bot.trading_bot:_update_market_data:177 | 市场数据更新完成
2025-06-12 10:52:03 | DEBUG    | src.bot.trading_bot:_update_positions_normal:249 | 📊 常规头寸更新完成
2025-06-12 10:52:04 | INFO     | src.trading.executor:update_account_info:125 | 账户更新: 总值$99168.60, 买入力$391982.42
2025-06-12 10:52:04 | DEBUG    | src.bot.trading_bot:_update_market_data:177 | 市场数据更新完成
2025-06-12 10:52:08 | INFO     | src.trading.executor:update_account_info:125 | 账户更新: 总值$99190.60, 买入力$391982.42
2025-06-12 10:52:08 | DEBUG    | src.bot.trading_bot:_update_market_data:177 | 市场数据更新完成
2025-06-12 10:52:11 | INFO     | src.trading.executor:update_account_info:125 | 账户更新: 总值$99190.60, 买入力$391982.42
2025-06-12 10:52:11 | DEBUG    | src.bot.trading_bot:_update_market_data:177 | 市场数据更新完成
2025-06-12 10:52:14 | INFO     | src.trading.executor:update_account_info:125 | 账户更新: 总值$99168.60, 买入力$391982.42
2025-06-12 10:52:14 | DEBUG    | src.bot.trading_bot:_update_market_data:177 | 市场数据更新完成
2025-06-12 10:52:17 | INFO     | src.trading.executor:update_account_info:125 | 账户更新: 总值$99190.60, 买入力$391982.42
2025-06-12 10:52:17 | DEBUG    | src.bot.trading_bot:_update_market_data:177 | 市场数据更新完成
2025-06-12 10:52:20 | INFO     | src.trading.executor:update_account_info:125 | 账户更新: 总值$99190.60, 买入力$391982.42
2025-06-12 10:52:20 | DEBUG    | src.bot.trading_bot:_update_market_data:177 | 市场数据更新完成
2025-06-12 10:52:24 | INFO     | src.trading.executor:update_account_info:125 | 账户更新: 总值$99190.60, 买入力$391982.42
2025-06-12 10:52:24 | DEBUG    | src.bot.trading_bot:_update_market_data:177 | 市场数据更新完成
2025-06-12 10:52:27 | INFO     | src.trading.executor:update_account_info:125 | 账户更新: 总值$99201.60, 买入力$391982.42
2025-06-12 10:52:27 | DEBUG    | src.bot.trading_bot:_update_market_data:177 | 市场数据更新完成
2025-06-12 10:52:30 | INFO     | src.trading.executor:update_account_info:125 | 账户更新: 总值$99179.60, 买入力$391982.42
2025-06-12 10:52:30 | DEBUG    | src.bot.trading_bot:_update_market_data:177 | 市场数据更新完成
2025-06-12 10:52:33 | INFO     | src.trading.executor:update_account_info:125 | 账户更新: 总值$99201.60, 买入力$391982.42
2025-06-12 10:52:33 | DEBUG    | src.bot.trading_bot:_update_market_data:177 | 市场数据更新完成
2025-06-12 10:52:37 | INFO     | src.trading.executor:update_account_info:125 | 账户更新: 总值$99212.60, 买入力$391982.42
2025-06-12 10:52:37 | DEBUG    | src.bot.trading_bot:_update_market_data:177 | 市场数据更新完成
2025-06-12 10:52:40 | INFO     | src.trading.executor:update_account_info:125 | 账户更新: 总值$99212.60, 买入力$391982.42
2025-06-12 10:52:40 | DEBUG    | src.bot.trading_bot:_update_market_data:177 | 市场数据更新完成
2025-06-12 10:52:43 | INFO     | src.trading.executor:update_account_info:125 | 账户更新: 总值$99179.60, 买入力$391982.42
2025-06-12 10:52:43 | DEBUG    | src.bot.trading_bot:_update_market_data:177 | 市场数据更新完成
2025-06-12 10:52:46 | INFO     | src.trading.executor:update_account_info:125 | 账户更新: 总值$99179.60, 买入力$391982.42
2025-06-12 10:52:46 | DEBUG    | src.bot.trading_bot:_update_market_data:177 | 市场数据更新完成
2025-06-12 10:52:49 | INFO     | src.trading.executor:update_account_info:125 | 账户更新: 总值$99168.60, 买入力$391982.42
2025-06-12 10:52:49 | DEBUG    | src.bot.trading_bot:_update_market_data:177 | 市场数据更新完成
2025-06-12 10:52:53 | INFO     | src.trading.executor:update_account_info:125 | 账户更新: 总值$99179.60, 买入力$391982.42
2025-06-12 10:52:53 | DEBUG    | src.bot.trading_bot:_update_market_data:177 | 市场数据更新完成
2025-06-12 10:52:56 | INFO     | src.trading.executor:update_account_info:125 | 账户更新: 总值$99190.60, 买入力$391982.42
2025-06-12 10:52:56 | DEBUG    | src.bot.trading_bot:_update_market_data:177 | 市场数据更新完成
2025-06-12 10:52:59 | INFO     | src.trading.executor:update_account_info:125 | 账户更新: 总值$99168.60, 买入力$391982.42
2025-06-12 10:52:59 | DEBUG    | src.bot.trading_bot:_update_market_data:177 | 市场数据更新完成
2025-06-12 10:53:02 | INFO     | src.trading.executor:update_account_info:125 | 账户更新: 总值$99168.60, 买入力$391982.42
2025-06-12 10:53:02 | DEBUG    | src.bot.trading_bot:_update_market_data:177 | 市场数据更新完成
2025-06-12 10:53:03 | DEBUG    | src.bot.trading_bot:_update_positions_normal:249 | 📊 常规头寸更新完成
2025-06-12 10:53:05 | INFO     | src.trading.executor:update_account_info:125 | 账户更新: 总值$99190.60, 买入力$391982.42
2025-06-12 10:53:05 | DEBUG    | src.bot.trading_bot:_update_market_data:177 | 市场数据更新完成
2025-06-12 10:53:09 | INFO     | src.trading.executor:update_account_info:125 | 账户更新: 总值$99201.60, 买入力$391982.42
2025-06-12 10:53:09 | DEBUG    | src.bot.trading_bot:_update_market_data:177 | 市场数据更新完成
2025-06-12 10:53:12 | INFO     | src.trading.executor:update_account_info:125 | 账户更新: 总值$99201.60, 买入力$391982.42
2025-06-12 10:53:12 | DEBUG    | src.bot.trading_bot:_update_market_data:177 | 市场数据更新完成
2025-06-12 10:53:15 | INFO     | src.trading.executor:update_account_info:125 | 账户更新: 总值$99190.60, 买入力$391982.42
2025-06-12 10:53:15 | DEBUG    | src.bot.trading_bot:_update_market_data:177 | 市场数据更新完成
2025-06-12 10:53:18 | INFO     | src.trading.executor:update_account_info:125 | 账户更新: 总值$99190.60, 买入力$391982.42
2025-06-12 10:53:18 | DEBUG    | src.bot.trading_bot:_update_market_data:177 | 市场数据更新完成
2025-06-12 10:53:22 | INFO     | src.trading.executor:update_account_info:125 | 账户更新: 总值$99190.60, 买入力$391982.42
2025-06-12 10:53:22 | DEBUG    | src.bot.trading_bot:_update_market_data:177 | 市场数据更新完成
2025-06-12 10:53:25 | INFO     | src.trading.executor:update_account_info:125 | 账户更新: 总值$99201.60, 买入力$391982.42
2025-06-12 10:53:25 | DEBUG    | src.bot.trading_bot:_update_market_data:177 | 市场数据更新完成
2025-06-12 10:53:28 | INFO     | src.trading.executor:update_account_info:125 | 账户更新: 总值$99201.60, 买入力$391982.42
2025-06-12 10:53:28 | DEBUG    | src.bot.trading_bot:_update_market_data:177 | 市场数据更新完成
2025-06-12 10:53:31 | INFO     | src.trading.executor:update_account_info:125 | 账户更新: 总值$99201.60, 买入力$391982.42
2025-06-12 10:53:31 | DEBUG    | src.bot.trading_bot:_update_market_data:177 | 市场数据更新完成
2025-06-12 10:53:34 | INFO     | src.trading.executor:update_account_info:125 | 账户更新: 总值$99212.60, 买入力$391982.42
2025-06-12 10:53:34 | DEBUG    | src.bot.trading_bot:_update_market_data:177 | 市场数据更新完成
2025-06-12 10:53:37 | INFO     | src.trading.executor:update_account_info:125 | 账户更新: 总值$99201.60, 买入力$391982.42
2025-06-12 10:53:37 | DEBUG    | src.bot.trading_bot:_update_market_data:177 | 市场数据更新完成
2025-06-12 10:53:41 | INFO     | src.trading.executor:update_account_info:125 | 账户更新: 总值$99212.60, 买入力$391982.42
2025-06-12 10:53:41 | DEBUG    | src.bot.trading_bot:_update_market_data:177 | 市场数据更新完成
2025-06-12 10:53:44 | INFO     | src.trading.executor:update_account_info:125 | 账户更新: 总值$99212.60, 买入力$391982.42
2025-06-12 10:53:44 | DEBUG    | src.bot.trading_bot:_update_market_data:177 | 市场数据更新完成
2025-06-12 10:53:47 | INFO     | src.trading.executor:update_account_info:125 | 账户更新: 总值$99201.60, 买入力$391982.42
2025-06-12 10:53:47 | DEBUG    | src.bot.trading_bot:_update_market_data:177 | 市场数据更新完成
2025-06-12 10:53:50 | INFO     | src.trading.executor:update_account_info:125 | 账户更新: 总值$99190.60, 买入力$391982.42
2025-06-12 10:53:50 | DEBUG    | src.bot.trading_bot:_update_market_data:177 | 市场数据更新完成
2025-06-12 10:53:54 | INFO     | src.trading.executor:update_account_info:125 | 账户更新: 总值$99190.60, 买入力$391982.42
2025-06-12 10:53:54 | DEBUG    | src.bot.trading_bot:_update_market_data:177 | 市场数据更新完成
2025-06-12 10:53:57 | INFO     | src.trading.executor:update_account_info:125 | 账户更新: 总值$99190.60, 买入力$391982.42
2025-06-12 10:53:57 | DEBUG    | src.bot.trading_bot:_update_market_data:177 | 市场数据更新完成
2025-06-12 10:54:00 | INFO     | src.trading.executor:update_account_info:125 | 账户更新: 总值$99201.60, 买入力$391982.42
2025-06-12 10:54:00 | DEBUG    | src.bot.trading_bot:_update_market_data:177 | 市场数据更新完成
2025-06-12 10:54:03 | DEBUG    | src.bot.trading_bot:_update_positions_normal:249 | 📊 常规头寸更新完成
2025-06-12 10:54:03 | INFO     | src.trading.executor:update_account_info:125 | 账户更新: 总值$99190.60, 买入力$391982.42
2025-06-12 10:54:03 | DEBUG    | src.bot.trading_bot:_update_market_data:177 | 市场数据更新完成
2025-06-12 10:54:06 | INFO     | src.trading.executor:update_account_info:125 | 账户更新: 总值$99190.60, 买入力$391982.42
2025-06-12 10:54:06 | DEBUG    | src.bot.trading_bot:_update_market_data:177 | 市场数据更新完成
2025-06-12 10:54:09 | INFO     | src.trading.executor:update_account_info:125 | 账户更新: 总值$99190.60, 买入力$391982.42
2025-06-12 10:54:09 | DEBUG    | src.bot.trading_bot:_update_market_data:177 | 市场数据更新完成
2025-06-12 10:54:13 | INFO     | src.trading.executor:update_account_info:125 | 账户更新: 总值$99212.60, 买入力$391982.42
2025-06-12 10:54:13 | DEBUG    | src.bot.trading_bot:_update_market_data:177 | 市场数据更新完成
2025-06-12 10:54:16 | INFO     | src.trading.executor:update_account_info:125 | 账户更新: 总值$99201.60, 买入力$391982.42
2025-06-12 10:54:16 | DEBUG    | src.bot.trading_bot:_update_market_data:177 | 市场数据更新完成
2025-06-12 10:54:19 | INFO     | src.trading.executor:update_account_info:125 | 账户更新: 总值$99201.60, 买入力$391982.42
2025-06-12 10:54:19 | DEBUG    | src.bot.trading_bot:_update_market_data:177 | 市场数据更新完成
2025-06-12 10:54:22 | INFO     | src.trading.executor:update_account_info:125 | 账户更新: 总值$99234.60, 买入力$391982.42
2025-06-12 10:54:22 | DEBUG    | src.bot.trading_bot:_update_market_data:177 | 市场数据更新完成
2025-06-12 10:54:26 | INFO     | src.trading.executor:update_account_info:125 | 账户更新: 总值$99223.60, 买入力$391982.42
2025-06-12 10:54:26 | DEBUG    | src.bot.trading_bot:_update_market_data:177 | 市场数据更新完成
2025-06-12 10:54:29 | INFO     | src.trading.executor:update_account_info:125 | 账户更新: 总值$99212.60, 买入力$391982.42
2025-06-12 10:54:29 | DEBUG    | src.bot.trading_bot:_update_market_data:177 | 市场数据更新完成
2025-06-12 10:54:32 | INFO     | src.trading.executor:update_account_info:125 | 账户更新: 总值$99223.60, 买入力$391982.42
2025-06-12 10:54:32 | DEBUG    | src.bot.trading_bot:_update_market_data:177 | 市场数据更新完成
2025-06-12 10:54:35 | INFO     | src.trading.executor:update_account_info:125 | 账户更新: 总值$99212.60, 买入力$391982.42
2025-06-12 10:54:35 | DEBUG    | src.bot.trading_bot:_update_market_data:177 | 市场数据更新完成
2025-06-12 10:54:38 | INFO     | src.trading.executor:update_account_info:125 | 账户更新: 总值$99212.60, 买入力$391982.42
2025-06-12 10:54:38 | DEBUG    | src.bot.trading_bot:_update_market_data:177 | 市场数据更新完成
2025-06-12 10:54:42 | INFO     | src.trading.executor:update_account_info:125 | 账户更新: 总值$99201.60, 买入力$391982.42
2025-06-12 10:54:42 | DEBUG    | src.bot.trading_bot:_update_market_data:177 | 市场数据更新完成
2025-06-12 10:54:45 | INFO     | src.trading.executor:update_account_info:125 | 账户更新: 总值$99201.60, 买入力$391982.42
2025-06-12 10:54:45 | DEBUG    | src.bot.trading_bot:_update_market_data:177 | 市场数据更新完成
2025-06-12 10:54:48 | INFO     | src.trading.executor:update_account_info:125 | 账户更新: 总值$99190.60, 买入力$391982.42
2025-06-12 10:54:48 | DEBUG    | src.bot.trading_bot:_update_market_data:177 | 市场数据更新完成
2025-06-12 10:54:51 | INFO     | src.trading.executor:update_account_info:125 | 账户更新: 总值$99168.60, 买入力$391982.42
2025-06-12 10:54:51 | DEBUG    | src.bot.trading_bot:_update_market_data:177 | 市场数据更新完成
2025-06-12 10:54:55 | INFO     | src.trading.executor:update_account_info:125 | 账户更新: 总值$99168.60, 买入力$391982.42
2025-06-12 10:54:55 | DEBUG    | src.bot.trading_bot:_update_market_data:177 | 市场数据更新完成
2025-06-12 10:54:58 | INFO     | src.trading.executor:update_account_info:125 | 账户更新: 总值$99179.60, 买入力$391982.42
2025-06-12 10:54:58 | DEBUG    | src.bot.trading_bot:_update_market_data:177 | 市场数据更新完成
2025-06-12 10:55:01 | INFO     | src.trading.executor:update_account_info:125 | 账户更新: 总值$99179.60, 买入力$391982.42
2025-06-12 10:55:01 | DEBUG    | src.bot.trading_bot:_update_market_data:177 | 市场数据更新完成
2025-06-12 10:55:04 | DEBUG    | src.bot.trading_bot:_update_positions_normal:249 | 📊 常规头寸更新完成
2025-06-12 10:55:04 | INFO     | src.trading.executor:update_account_info:125 | 账户更新: 总值$99179.60, 买入力$391982.42
2025-06-12 10:55:04 | DEBUG    | src.bot.trading_bot:_update_market_data:177 | 市场数据更新完成
2025-06-12 10:55:07 | INFO     | src.trading.executor:update_account_info:125 | 账户更新: 总值$99179.60, 买入力$391982.42
2025-06-12 10:55:07 | DEBUG    | src.bot.trading_bot:_update_market_data:177 | 市场数据更新完成
2025-06-12 10:55:10 | INFO     | src.trading.executor:update_account_info:125 | 账户更新: 总值$99223.60, 买入力$391982.42
2025-06-12 10:55:10 | DEBUG    | src.bot.trading_bot:_update_market_data:177 | 市场数据更新完成
2025-06-12 10:55:14 | INFO     | src.trading.executor:update_account_info:125 | 账户更新: 总值$99223.60, 买入力$391982.42
2025-06-12 10:55:14 | DEBUG    | src.bot.trading_bot:_update_market_data:177 | 市场数据更新完成
2025-06-12 10:55:17 | INFO     | src.trading.executor:update_account_info:125 | 账户更新: 总值$99223.60, 买入力$391982.42
2025-06-12 10:55:17 | DEBUG    | src.bot.trading_bot:_update_market_data:177 | 市场数据更新完成
2025-06-12 10:55:20 | INFO     | src.trading.executor:update_account_info:125 | 账户更新: 总值$99212.60, 买入力$391982.42
2025-06-12 10:55:20 | DEBUG    | src.bot.trading_bot:_update_market_data:177 | 市场数据更新完成
2025-06-12 10:55:23 | INFO     | src.trading.executor:update_account_info:125 | 账户更新: 总值$99234.60, 买入力$391982.42
2025-06-12 10:55:23 | DEBUG    | src.bot.trading_bot:_update_market_data:177 | 市场数据更新完成
2025-06-12 10:55:27 | INFO     | src.trading.executor:update_account_info:125 | 账户更新: 总值$99256.60, 买入力$391982.42
2025-06-12 10:55:27 | DEBUG    | src.bot.trading_bot:_update_market_data:177 | 市场数据更新完成
2025-06-12 10:55:30 | INFO     | src.trading.executor:update_account_info:125 | 账户更新: 总值$99256.60, 买入力$391982.42
2025-06-12 10:55:30 | DEBUG    | src.bot.trading_bot:_update_market_data:177 | 市场数据更新完成
2025-06-12 10:55:33 | INFO     | src.trading.executor:update_account_info:125 | 账户更新: 总值$99256.60, 买入力$391982.42
2025-06-12 10:55:33 | DEBUG    | src.bot.trading_bot:_update_market_data:177 | 市场数据更新完成
2025-06-12 10:55:36 | INFO     | src.trading.executor:update_account_info:125 | 账户更新: 总值$99245.60, 买入力$391982.42
2025-06-12 10:55:36 | DEBUG    | src.bot.trading_bot:_update_market_data:177 | 市场数据更新完成
2025-06-12 10:55:39 | INFO     | src.trading.executor:update_account_info:125 | 账户更新: 总值$99256.60, 买入力$391982.42
2025-06-12 10:55:39 | DEBUG    | src.bot.trading_bot:_update_market_data:177 | 市场数据更新完成
2025-06-12 10:55:43 | INFO     | src.trading.executor:update_account_info:125 | 账户更新: 总值$99256.60, 买入力$391982.42
2025-06-12 10:55:43 | DEBUG    | src.bot.trading_bot:_update_market_data:177 | 市场数据更新完成
2025-06-12 10:55:46 | INFO     | src.trading.executor:update_account_info:125 | 账户更新: 总值$99234.60, 买入力$391982.42
2025-06-12 10:55:46 | DEBUG    | src.bot.trading_bot:_update_market_data:177 | 市场数据更新完成
2025-06-12 10:55:49 | INFO     | src.trading.executor:update_account_info:125 | 账户更新: 总值$99234.60, 买入力$391982.42
2025-06-12 10:55:49 | DEBUG    | src.bot.trading_bot:_update_market_data:177 | 市场数据更新完成
2025-06-12 10:55:52 | INFO     | src.trading.executor:update_account_info:125 | 账户更新: 总值$99223.60, 买入力$391982.42
2025-06-12 10:55:52 | DEBUG    | src.bot.trading_bot:_update_market_data:177 | 市场数据更新完成
2025-06-12 10:55:55 | INFO     | src.trading.executor:update_account_info:125 | 账户更新: 总值$99223.60, 买入力$391982.42
2025-06-12 10:55:55 | DEBUG    | src.bot.trading_bot:_update_market_data:177 | 市场数据更新完成
2025-06-12 10:55:59 | INFO     | src.trading.executor:update_account_info:125 | 账户更新: 总值$99223.60, 买入力$391982.42
2025-06-12 10:55:59 | DEBUG    | src.bot.trading_bot:_update_market_data:177 | 市场数据更新完成
2025-06-12 10:56:02 | INFO     | src.trading.executor:update_account_info:125 | 账户更新: 总值$99245.60, 买入力$391982.42
2025-06-12 10:56:02 | DEBUG    | src.bot.trading_bot:_update_market_data:177 | 市场数据更新完成
2025-06-12 10:56:04 | DEBUG    | src.bot.trading_bot:_update_positions_normal:249 | 📊 常规头寸更新完成
2025-06-12 10:56:05 | INFO     | src.trading.executor:update_account_info:125 | 账户更新: 总值$99234.60, 买入力$391982.42
2025-06-12 10:56:05 | DEBUG    | src.bot.trading_bot:_update_market_data:177 | 市场数据更新完成
2025-06-12 10:56:08 | INFO     | src.trading.executor:update_account_info:125 | 账户更新: 总值$99245.60, 买入力$391982.42
2025-06-12 10:56:08 | DEBUG    | src.bot.trading_bot:_update_market_data:177 | 市场数据更新完成
2025-06-12 10:56:11 | INFO     | src.trading.executor:update_account_info:125 | 账户更新: 总值$99245.60, 买入力$391982.42
2025-06-12 10:56:11 | DEBUG    | src.bot.trading_bot:_update_market_data:177 | 市场数据更新完成
2025-06-12 10:56:15 | INFO     | src.trading.executor:update_account_info:125 | 账户更新: 总值$99300.60, 买入力$391982.42
2025-06-12 10:56:15 | DEBUG    | src.bot.trading_bot:_update_market_data:177 | 市场数据更新完成
2025-06-12 10:56:18 | INFO     | src.trading.executor:update_account_info:125 | 账户更新: 总值$99289.60, 买入力$391982.42
2025-06-12 10:56:18 | DEBUG    | src.bot.trading_bot:_update_market_data:177 | 市场数据更新完成
2025-06-12 10:56:21 | INFO     | src.trading.executor:update_account_info:125 | 账户更新: 总值$99278.60, 买入力$391982.42
2025-06-12 10:56:21 | DEBUG    | src.bot.trading_bot:_update_market_data:177 | 市场数据更新完成
2025-06-12 10:56:24 | INFO     | src.trading.executor:update_account_info:125 | 账户更新: 总值$99278.60, 买入力$391982.42
2025-06-12 10:56:24 | DEBUG    | src.bot.trading_bot:_update_market_data:177 | 市场数据更新完成
2025-06-12 10:56:28 | INFO     | src.trading.executor:update_account_info:125 | 账户更新: 总值$99289.60, 买入力$391982.42
2025-06-12 10:56:28 | DEBUG    | src.bot.trading_bot:_update_market_data:177 | 市场数据更新完成
2025-06-12 10:56:31 | INFO     | src.trading.executor:update_account_info:125 | 账户更新: 总值$99311.60, 买入力$391982.42
2025-06-12 10:56:31 | DEBUG    | src.bot.trading_bot:_update_market_data:177 | 市场数据更新完成
2025-06-12 10:56:34 | INFO     | src.trading.executor:update_account_info:125 | 账户更新: 总值$99322.60, 买入力$391982.42
2025-06-12 10:56:34 | DEBUG    | src.bot.trading_bot:_update_market_data:177 | 市场数据更新完成
2025-06-12 10:56:37 | INFO     | src.trading.executor:update_account_info:125 | 账户更新: 总值$99333.60, 买入力$391982.42
2025-06-12 10:56:37 | DEBUG    | src.bot.trading_bot:_update_market_data:177 | 市场数据更新完成
2025-06-12 10:56:40 | INFO     | src.trading.executor:update_account_info:125 | 账户更新: 总值$99344.60, 买入力$391982.42
2025-06-12 10:56:40 | DEBUG    | src.bot.trading_bot:_update_market_data:177 | 市场数据更新完成
2025-06-12 10:56:43 | INFO     | src.trading.executor:update_account_info:125 | 账户更新: 总值$99333.60, 买入力$391982.42
2025-06-12 10:56:43 | DEBUG    | src.bot.trading_bot:_update_market_data:177 | 市场数据更新完成
2025-06-12 10:56:47 | INFO     | src.trading.executor:update_account_info:125 | 账户更新: 总值$99355.60, 买入力$391982.42
2025-06-12 10:56:47 | DEBUG    | src.bot.trading_bot:_update_market_data:177 | 市场数据更新完成
2025-06-12 10:56:50 | INFO     | src.trading.executor:update_account_info:125 | 账户更新: 总值$99377.60, 买入力$391982.42
2025-06-12 10:56:50 | DEBUG    | src.bot.trading_bot:_update_market_data:177 | 市场数据更新完成
2025-06-12 10:56:53 | INFO     | src.trading.executor:update_account_info:125 | 账户更新: 总值$99377.60, 买入力$391982.42
2025-06-12 10:56:53 | DEBUG    | src.bot.trading_bot:_update_market_data:177 | 市场数据更新完成
2025-06-12 10:56:56 | INFO     | src.trading.executor:update_account_info:125 | 账户更新: 总值$99344.60, 买入力$391982.42
2025-06-12 10:56:56 | DEBUG    | src.bot.trading_bot:_update_market_data:177 | 市场数据更新完成
2025-06-12 10:57:00 | INFO     | src.trading.executor:update_account_info:125 | 账户更新: 总值$99322.60, 买入力$391982.42
2025-06-12 10:57:00 | DEBUG    | src.bot.trading_bot:_update_market_data:177 | 市场数据更新完成
2025-06-12 10:57:03 | INFO     | src.trading.executor:update_account_info:125 | 账户更新: 总值$99355.60, 买入力$391982.42
2025-06-12 10:57:03 | DEBUG    | src.bot.trading_bot:_update_market_data:177 | 市场数据更新完成
2025-06-12 10:57:04 | DEBUG    | src.bot.trading_bot:_update_positions_normal:249 | 📊 常规头寸更新完成
2025-06-12 10:57:06 | INFO     | src.trading.executor:update_account_info:125 | 账户更新: 总值$99366.60, 买入力$391982.42
2025-06-12 10:57:06 | DEBUG    | src.bot.trading_bot:_update_market_data:177 | 市场数据更新完成
2025-06-12 10:57:09 | INFO     | src.trading.executor:update_account_info:125 | 账户更新: 总值$99388.60, 买入力$391982.42
2025-06-12 10:57:09 | DEBUG    | src.bot.trading_bot:_update_market_data:177 | 市场数据更新完成
2025-06-12 10:57:12 | INFO     | src.trading.executor:update_account_info:125 | 账户更新: 总值$99366.60, 买入力$391982.42
2025-06-12 10:57:12 | DEBUG    | src.bot.trading_bot:_update_market_data:177 | 市场数据更新完成
2025-06-12 10:57:15 | INFO     | src.trading.executor:update_account_info:125 | 账户更新: 总值$99399.60, 买入力$391982.42
2025-06-12 10:57:15 | DEBUG    | src.bot.trading_bot:_update_market_data:177 | 市场数据更新完成
2025-06-12 10:57:19 | INFO     | src.trading.executor:update_account_info:125 | 账户更新: 总值$99421.60, 买入力$391982.42
2025-06-12 10:57:19 | DEBUG    | src.bot.trading_bot:_update_market_data:177 | 市场数据更新完成
2025-06-12 10:57:22 | INFO     | src.trading.executor:update_account_info:125 | 账户更新: 总值$99399.60, 买入力$391982.42
2025-06-12 10:57:22 | DEBUG    | src.bot.trading_bot:_update_market_data:177 | 市场数据更新完成
2025-06-12 10:57:25 | INFO     | src.trading.executor:update_account_info:125 | 账户更新: 总值$99399.60, 买入力$391982.42
2025-06-12 10:57:25 | DEBUG    | src.bot.trading_bot:_update_market_data:177 | 市场数据更新完成
2025-06-12 10:57:28 | INFO     | src.trading.executor:update_account_info:125 | 账户更新: 总值$99410.60, 买入力$391982.42
2025-06-12 10:57:28 | DEBUG    | src.bot.trading_bot:_update_market_data:177 | 市场数据更新完成
2025-06-12 10:57:32 | INFO     | src.trading.executor:update_account_info:125 | 账户更新: 总值$99421.60, 买入力$391982.42
2025-06-12 10:57:32 | DEBUG    | src.bot.trading_bot:_update_market_data:177 | 市场数据更新完成
2025-06-12 10:57:35 | INFO     | src.trading.executor:update_account_info:125 | 账户更新: 总值$99399.60, 买入力$391982.42
2025-06-12 10:57:35 | DEBUG    | src.bot.trading_bot:_update_market_data:177 | 市场数据更新完成
2025-06-12 10:57:38 | INFO     | src.trading.executor:update_account_info:125 | 账户更新: 总值$99432.60, 买入力$391982.42
2025-06-12 10:57:38 | DEBUG    | src.bot.trading_bot:_update_market_data:177 | 市场数据更新完成
2025-06-12 10:57:41 | INFO     | src.trading.executor:update_account_info:125 | 账户更新: 总值$99443.60, 买入力$391982.42
2025-06-12 10:57:41 | DEBUG    | src.bot.trading_bot:_update_market_data:177 | 市场数据更新完成
2025-06-12 10:57:44 | INFO     | src.trading.executor:update_account_info:125 | 账户更新: 总值$99454.60, 买入力$391982.42
2025-06-12 10:57:44 | DEBUG    | src.bot.trading_bot:_update_market_data:177 | 市场数据更新完成
2025-06-12 10:57:48 | INFO     | src.trading.executor:update_account_info:125 | 账户更新: 总值$99432.60, 买入力$391982.42
2025-06-12 10:57:48 | DEBUG    | src.bot.trading_bot:_update_market_data:177 | 市场数据更新完成
2025-06-12 10:57:51 | INFO     | src.trading.executor:update_account_info:125 | 账户更新: 总值$99432.60, 买入力$391982.42
2025-06-12 10:57:51 | DEBUG    | src.bot.trading_bot:_update_market_data:177 | 市场数据更新完成
2025-06-12 10:57:54 | INFO     | src.trading.executor:update_account_info:125 | 账户更新: 总值$99432.60, 买入力$391982.42
2025-06-12 10:57:54 | DEBUG    | src.bot.trading_bot:_update_market_data:177 | 市场数据更新完成
2025-06-12 10:57:57 | INFO     | src.trading.executor:update_account_info:125 | 账户更新: 总值$99443.60, 买入力$391982.42
2025-06-12 10:57:57 | DEBUG    | src.bot.trading_bot:_update_market_data:177 | 市场数据更新完成
2025-06-12 10:58:00 | INFO     | src.trading.executor:update_account_info:125 | 账户更新: 总值$99410.60, 买入力$391982.42
2025-06-12 10:58:00 | DEBUG    | src.bot.trading_bot:_update_market_data:177 | 市场数据更新完成
2025-06-12 10:58:04 | INFO     | src.trading.executor:update_account_info:125 | 账户更新: 总值$99421.60, 买入力$391982.42
2025-06-12 10:58:04 | DEBUG    | src.bot.trading_bot:_update_market_data:177 | 市场数据更新完成
2025-06-12 10:58:05 | DEBUG    | src.bot.trading_bot:_update_positions_normal:249 | 📊 常规头寸更新完成
2025-06-12 10:58:07 | INFO     | src.trading.executor:update_account_info:125 | 账户更新: 总值$99377.60, 买入力$391982.42
2025-06-12 10:58:07 | DEBUG    | src.bot.trading_bot:_update_market_data:177 | 市场数据更新完成
2025-06-12 10:58:10 | INFO     | src.trading.executor:update_account_info:125 | 账户更新: 总值$99333.60, 买入力$391982.42
2025-06-12 10:58:10 | DEBUG    | src.bot.trading_bot:_update_market_data:177 | 市场数据更新完成
2025-06-12 10:58:13 | INFO     | src.trading.executor:update_account_info:125 | 账户更新: 总值$99300.60, 买入力$391982.42
2025-06-12 10:58:13 | DEBUG    | src.bot.trading_bot:_update_market_data:177 | 市场数据更新完成
2025-06-12 10:58:16 | INFO     | src.trading.executor:update_account_info:125 | 账户更新: 总值$99322.60, 买入力$391982.42
2025-06-12 10:58:16 | DEBUG    | src.bot.trading_bot:_update_market_data:177 | 市场数据更新完成
2025-06-12 10:58:20 | INFO     | src.trading.executor:update_account_info:125 | 账户更新: 总值$99333.60, 买入力$391982.42
2025-06-12 10:58:20 | DEBUG    | src.bot.trading_bot:_update_market_data:177 | 市场数据更新完成
2025-06-12 10:58:23 | INFO     | src.trading.executor:update_account_info:125 | 账户更新: 总值$99344.60, 买入力$391982.42
2025-06-12 10:58:23 | DEBUG    | src.bot.trading_bot:_update_market_data:177 | 市场数据更新完成
2025-06-12 10:58:26 | INFO     | src.trading.executor:update_account_info:125 | 账户更新: 总值$99344.60, 买入力$391982.42
2025-06-12 10:58:26 | DEBUG    | src.bot.trading_bot:_update_market_data:177 | 市场数据更新完成
2025-06-12 10:58:30 | INFO     | src.trading.executor:update_account_info:125 | 账户更新: 总值$99355.60, 买入力$391982.42
2025-06-12 10:58:30 | DEBUG    | src.bot.trading_bot:_update_market_data:177 | 市场数据更新完成
2025-06-12 10:58:33 | INFO     | src.trading.executor:update_account_info:125 | 账户更新: 总值$99322.60, 买入力$391982.42
2025-06-12 10:58:33 | DEBUG    | src.bot.trading_bot:_update_market_data:177 | 市场数据更新完成
2025-06-12 10:58:36 | INFO     | src.trading.executor:update_account_info:125 | 账户更新: 总值$99355.60, 买入力$391982.42
2025-06-12 10:58:36 | DEBUG    | src.bot.trading_bot:_update_market_data:177 | 市场数据更新完成
2025-06-12 10:58:39 | INFO     | src.trading.executor:update_account_info:125 | 账户更新: 总值$99289.60, 买入力$391982.42
2025-06-12 10:58:39 | DEBUG    | src.bot.trading_bot:_update_market_data:177 | 市场数据更新完成
2025-06-12 10:58:42 | INFO     | src.trading.executor:update_account_info:125 | 账户更新: 总值$99289.60, 买入力$391982.42
2025-06-12 10:58:42 | DEBUG    | src.bot.trading_bot:_update_market_data:177 | 市场数据更新完成
2025-06-12 10:58:46 | INFO     | src.trading.executor:update_account_info:125 | 账户更新: 总值$99289.60, 买入力$391982.42
2025-06-12 10:58:46 | DEBUG    | src.bot.trading_bot:_update_market_data:177 | 市场数据更新完成
2025-06-12 10:58:49 | INFO     | src.trading.executor:update_account_info:125 | 账户更新: 总值$99300.60, 买入力$391982.42
2025-06-12 10:58:49 | DEBUG    | src.bot.trading_bot:_update_market_data:177 | 市场数据更新完成
2025-06-12 10:58:52 | INFO     | src.trading.executor:update_account_info:125 | 账户更新: 总值$99300.60, 买入力$391982.42
2025-06-12 10:58:52 | DEBUG    | src.bot.trading_bot:_update_market_data:177 | 市场数据更新完成
2025-06-12 10:58:55 | INFO     | src.trading.executor:update_account_info:125 | 账户更新: 总值$99289.60, 买入力$391982.42
2025-06-12 10:58:55 | DEBUG    | src.bot.trading_bot:_update_market_data:177 | 市场数据更新完成
2025-06-12 10:58:59 | INFO     | src.trading.executor:update_account_info:125 | 账户更新: 总值$99289.60, 买入力$391982.42
2025-06-12 10:58:59 | DEBUG    | src.bot.trading_bot:_update_market_data:177 | 市场数据更新完成
2025-06-12 10:59:02 | INFO     | src.trading.executor:update_account_info:125 | 账户更新: 总值$99311.60, 买入力$391982.42
2025-06-12 10:59:02 | DEBUG    | src.bot.trading_bot:_update_market_data:177 | 市场数据更新完成
2025-06-12 10:59:05 | DEBUG    | src.bot.trading_bot:_update_positions_normal:249 | 📊 常规头寸更新完成
2025-06-12 10:59:05 | INFO     | src.trading.executor:update_account_info:125 | 账户更新: 总值$99366.60, 买入力$391982.42
2025-06-12 10:59:05 | DEBUG    | src.bot.trading_bot:_update_market_data:177 | 市场数据更新完成
2025-06-12 10:59:08 | INFO     | src.trading.executor:update_account_info:125 | 账户更新: 总值$99344.60, 买入力$391982.42
2025-06-12 10:59:08 | DEBUG    | src.bot.trading_bot:_update_market_data:177 | 市场数据更新完成
2025-06-12 10:59:12 | INFO     | src.trading.executor:update_account_info:125 | 账户更新: 总值$99344.60, 买入力$391982.42
2025-06-12 10:59:12 | DEBUG    | src.bot.trading_bot:_update_market_data:177 | 市场数据更新完成
2025-06-12 10:59:15 | INFO     | src.trading.executor:update_account_info:125 | 账户更新: 总值$99333.60, 买入力$391982.42
2025-06-12 10:59:15 | DEBUG    | src.bot.trading_bot:_update_market_data:177 | 市场数据更新完成
2025-06-12 10:59:18 | INFO     | src.trading.executor:update_account_info:125 | 账户更新: 总值$99333.60, 买入力$391982.42
2025-06-12 10:59:18 | DEBUG    | src.bot.trading_bot:_update_market_data:177 | 市场数据更新完成
2025-06-12 10:59:21 | INFO     | src.trading.executor:update_account_info:125 | 账户更新: 总值$99333.60, 买入力$391982.42
2025-06-12 10:59:21 | DEBUG    | src.bot.trading_bot:_update_market_data:177 | 市场数据更新完成
2025-06-12 10:59:24 | INFO     | src.trading.executor:update_account_info:125 | 账户更新: 总值$99344.60, 买入力$391982.42
2025-06-12 10:59:24 | DEBUG    | src.bot.trading_bot:_update_market_data:177 | 市场数据更新完成
2025-06-12 10:59:28 | INFO     | src.trading.executor:update_account_info:125 | 账户更新: 总值$99344.60, 买入力$391982.42
2025-06-12 10:59:28 | DEBUG    | src.bot.trading_bot:_update_market_data:177 | 市场数据更新完成
2025-06-12 10:59:31 | INFO     | src.trading.executor:update_account_info:125 | 账户更新: 总值$99333.60, 买入力$391982.42
2025-06-12 10:59:31 | DEBUG    | src.bot.trading_bot:_update_market_data:177 | 市场数据更新完成
2025-06-12 10:59:34 | INFO     | src.trading.executor:update_account_info:125 | 账户更新: 总值$99344.60, 买入力$391982.42
2025-06-12 10:59:34 | DEBUG    | src.bot.trading_bot:_update_market_data:177 | 市场数据更新完成
2025-06-12 10:59:37 | INFO     | src.trading.executor:update_account_info:125 | 账户更新: 总值$99366.60, 买入力$391982.42
2025-06-12 10:59:37 | DEBUG    | src.bot.trading_bot:_update_market_data:177 | 市场数据更新完成
2025-06-12 10:59:41 | INFO     | src.trading.executor:update_account_info:125 | 账户更新: 总值$99344.60, 买入力$391982.42
2025-06-12 10:59:41 | DEBUG    | src.bot.trading_bot:_update_market_data:177 | 市场数据更新完成
2025-06-12 10:59:44 | INFO     | src.trading.executor:update_account_info:125 | 账户更新: 总值$99344.60, 买入力$391982.42
2025-06-12 10:59:44 | DEBUG    | src.bot.trading_bot:_update_market_data:177 | 市场数据更新完成
2025-06-12 10:59:47 | INFO     | src.trading.executor:update_account_info:125 | 账户更新: 总值$99333.60, 买入力$391982.42
2025-06-12 10:59:47 | DEBUG    | src.bot.trading_bot:_update_market_data:177 | 市场数据更新完成
2025-06-12 10:59:50 | INFO     | src.trading.executor:update_account_info:125 | 账户更新: 总值$99333.60, 买入力$391982.42
2025-06-12 10:59:50 | DEBUG    | src.bot.trading_bot:_update_market_data:177 | 市场数据更新完成
2025-06-12 10:59:53 | INFO     | src.trading.executor:update_account_info:125 | 账户更新: 总值$99355.60, 买入力$391982.42
2025-06-12 10:59:53 | DEBUG    | src.bot.trading_bot:_update_market_data:177 | 市场数据更新完成
2025-06-12 10:59:57 | INFO     | src.trading.executor:update_account_info:125 | 账户更新: 总值$99377.60, 买入力$391982.42
2025-06-12 10:59:57 | DEBUG    | src.bot.trading_bot:_update_market_data:177 | 市场数据更新完成
2025-06-12 11:00:00 | INFO     | src.trading.executor:update_account_info:125 | 账户更新: 总值$99344.60, 买入力$391982.42
2025-06-12 11:00:00 | DEBUG    | src.bot.trading_bot:_update_market_data:177 | 市场数据更新完成
2025-06-12 11:00:03 | INFO     | src.trading.executor:update_account_info:125 | 账户更新: 总值$99388.60, 买入力$391982.42
2025-06-12 11:00:03 | DEBUG    | src.bot.trading_bot:_update_market_data:177 | 市场数据更新完成
2025-06-12 11:00:05 | DEBUG    | src.bot.trading_bot:_update_positions_normal:249 | 📊 常规头寸更新完成
2025-06-12 11:00:07 | INFO     | src.trading.executor:update_account_info:125 | 账户更新: 总值$99322.60, 买入力$391982.42
2025-06-12 11:00:07 | DEBUG    | src.bot.trading_bot:_update_market_data:177 | 市场数据更新完成
2025-06-12 11:00:10 | INFO     | src.trading.executor:update_account_info:125 | 账户更新: 总值$99322.60, 买入力$391982.42
2025-06-12 11:00:10 | DEBUG    | src.bot.trading_bot:_update_market_data:177 | 市场数据更新完成
2025-06-12 11:00:13 | INFO     | src.trading.executor:update_account_info:125 | 账户更新: 总值$99289.60, 买入力$391982.42
2025-06-12 11:00:13 | DEBUG    | src.bot.trading_bot:_update_market_data:177 | 市场数据更新完成
2025-06-12 11:00:16 | INFO     | src.trading.executor:update_account_info:125 | 账户更新: 总值$99300.60, 买入力$391982.42
2025-06-12 11:00:16 | DEBUG    | src.bot.trading_bot:_update_market_data:177 | 市场数据更新完成
2025-06-12 11:00:19 | INFO     | src.trading.executor:update_account_info:125 | 账户更新: 总值$99300.60, 买入力$391982.42
2025-06-12 11:00:19 | DEBUG    | src.bot.trading_bot:_update_market_data:177 | 市场数据更新完成
2025-06-12 11:00:23 | INFO     | src.trading.executor:update_account_info:125 | 账户更新: 总值$99300.60, 买入力$391982.42
2025-06-12 11:00:23 | DEBUG    | src.bot.trading_bot:_update_market_data:177 | 市场数据更新完成
2025-06-12 11:00:26 | INFO     | src.trading.executor:update_account_info:125 | 账户更新: 总值$99333.60, 买入力$391982.42
2025-06-12 11:00:26 | DEBUG    | src.bot.trading_bot:_update_market_data:177 | 市场数据更新完成
2025-06-12 11:00:29 | INFO     | src.trading.executor:update_account_info:125 | 账户更新: 总值$99344.60, 买入力$391982.42
2025-06-12 11:00:29 | DEBUG    | src.bot.trading_bot:_update_market_data:177 | 市场数据更新完成
2025-06-12 11:00:32 | INFO     | src.trading.executor:update_account_info:125 | 账户更新: 总值$99278.60, 买入力$391982.42
2025-06-12 11:00:32 | DEBUG    | src.bot.trading_bot:_update_market_data:177 | 市场数据更新完成
2025-06-12 11:00:35 | INFO     | src.trading.executor:update_account_info:125 | 账户更新: 总值$99278.60, 买入力$391982.42
2025-06-12 11:00:35 | DEBUG    | src.bot.trading_bot:_update_market_data:177 | 市场数据更新完成
2025-06-12 11:00:39 | INFO     | src.trading.executor:update_account_info:125 | 账户更新: 总值$99256.60, 买入力$391982.42
2025-06-12 11:00:39 | DEBUG    | src.bot.trading_bot:_update_market_data:177 | 市场数据更新完成
2025-06-12 11:00:42 | INFO     | src.trading.executor:update_account_info:125 | 账户更新: 总值$99278.60, 买入力$391982.42
2025-06-12 11:00:42 | DEBUG    | src.bot.trading_bot:_update_market_data:177 | 市场数据更新完成
2025-06-12 11:00:45 | INFO     | src.trading.executor:update_account_info:125 | 账户更新: 总值$99278.60, 买入力$391982.42
2025-06-12 11:00:45 | DEBUG    | src.bot.trading_bot:_update_market_data:177 | 市场数据更新完成
2025-06-12 11:00:48 | INFO     | src.trading.executor:update_account_info:125 | 账户更新: 总值$99278.60, 买入力$391982.42
2025-06-12 11:00:48 | DEBUG    | src.bot.trading_bot:_update_market_data:177 | 市场数据更新完成
2025-06-12 11:00:52 | INFO     | src.trading.executor:update_account_info:125 | 账户更新: 总值$99289.60, 买入力$391982.42
2025-06-12 11:00:52 | DEBUG    | src.bot.trading_bot:_update_market_data:177 | 市场数据更新完成
2025-06-12 11:00:55 | INFO     | src.trading.executor:update_account_info:125 | 账户更新: 总值$99300.60, 买入力$391982.42
2025-06-12 11:00:55 | DEBUG    | src.bot.trading_bot:_update_market_data:177 | 市场数据更新完成
2025-06-12 11:00:58 | INFO     | src.trading.executor:update_account_info:125 | 账户更新: 总值$99267.60, 买入力$391982.42
2025-06-12 11:00:58 | DEBUG    | src.bot.trading_bot:_update_market_data:177 | 市场数据更新完成
2025-06-12 11:01:01 | INFO     | src.trading.executor:update_account_info:125 | 账户更新: 总值$99267.60, 买入力$391982.42
2025-06-12 11:01:01 | DEBUG    | src.bot.trading_bot:_update_market_data:177 | 市场数据更新完成
2025-06-12 11:01:05 | INFO     | src.trading.executor:update_account_info:125 | 账户更新: 总值$99300.60, 买入力$391982.42
2025-06-12 11:01:05 | DEBUG    | src.bot.trading_bot:_update_market_data:177 | 市场数据更新完成
2025-06-12 11:01:06 | DEBUG    | src.bot.trading_bot:_update_positions_normal:249 | 📊 常规头寸更新完成
2025-06-12 11:01:08 | INFO     | src.trading.executor:update_account_info:125 | 账户更新: 总值$99300.60, 买入力$391982.42
2025-06-12 11:01:08 | DEBUG    | src.bot.trading_bot:_update_market_data:177 | 市场数据更新完成
2025-06-12 11:01:11 | INFO     | src.trading.executor:update_account_info:125 | 账户更新: 总值$99300.60, 买入力$391982.42
2025-06-12 11:01:11 | DEBUG    | src.bot.trading_bot:_update_market_data:177 | 市场数据更新完成
2025-06-12 11:01:14 | INFO     | src.trading.executor:update_account_info:125 | 账户更新: 总值$99278.60, 买入力$391982.42
2025-06-12 11:01:14 | DEBUG    | src.bot.trading_bot:_update_market_data:177 | 市场数据更新完成
2025-06-12 11:01:18 | INFO     | src.trading.executor:update_account_info:125 | 账户更新: 总值$99289.60, 买入力$391982.42
2025-06-12 11:01:18 | DEBUG    | src.bot.trading_bot:_update_market_data:177 | 市场数据更新完成
2025-06-12 11:01:21 | INFO     | src.trading.executor:update_account_info:125 | 账户更新: 总值$99289.60, 买入力$391982.42
2025-06-12 11:01:21 | DEBUG    | src.bot.trading_bot:_update_market_data:177 | 市场数据更新完成
2025-06-12 11:01:24 | INFO     | src.trading.executor:update_account_info:125 | 账户更新: 总值$99278.60, 买入力$391982.42
2025-06-12 11:01:24 | DEBUG    | src.bot.trading_bot:_update_market_data:177 | 市场数据更新完成
2025-06-12 11:01:27 | INFO     | src.trading.executor:update_account_info:125 | 账户更新: 总值$99223.60, 买入力$391982.42
2025-06-12 11:01:27 | DEBUG    | src.bot.trading_bot:_update_market_data:177 | 市场数据更新完成
2025-06-12 11:01:30 | INFO     | src.trading.executor:update_account_info:125 | 账户更新: 总值$99234.60, 买入力$391982.42
2025-06-12 11:01:30 | DEBUG    | src.bot.trading_bot:_update_market_data:177 | 市场数据更新完成
2025-06-12 11:01:34 | INFO     | src.trading.executor:update_account_info:125 | 账户更新: 总值$99223.60, 买入力$391982.42
2025-06-12 11:01:34 | DEBUG    | src.bot.trading_bot:_update_market_data:177 | 市场数据更新完成
2025-06-12 11:01:37 | INFO     | src.trading.executor:update_account_info:125 | 账户更新: 总值$99223.60, 买入力$391982.42
2025-06-12 11:01:37 | DEBUG    | src.bot.trading_bot:_update_market_data:177 | 市场数据更新完成
2025-06-12 11:01:40 | INFO     | src.trading.executor:update_account_info:125 | 账户更新: 总值$99245.60, 买入力$391982.42
2025-06-12 11:01:40 | DEBUG    | src.bot.trading_bot:_update_market_data:177 | 市场数据更新完成
2025-06-12 11:01:44 | INFO     | src.trading.executor:update_account_info:125 | 账户更新: 总值$99245.60, 买入力$391982.42
2025-06-12 11:01:44 | DEBUG    | src.bot.trading_bot:_update_market_data:177 | 市场数据更新完成
2025-06-12 11:01:47 | INFO     | src.trading.executor:update_account_info:125 | 账户更新: 总值$99256.60, 买入力$391982.42
2025-06-12 11:01:47 | DEBUG    | src.bot.trading_bot:_update_market_data:177 | 市场数据更新完成
2025-06-12 11:01:50 | INFO     | src.trading.executor:update_account_info:125 | 账户更新: 总值$99245.60, 买入力$391982.42
2025-06-12 11:01:50 | DEBUG    | src.bot.trading_bot:_update_market_data:177 | 市场数据更新完成
2025-06-12 11:01:53 | INFO     | src.trading.executor:update_account_info:125 | 账户更新: 总值$99245.60, 买入力$391982.42
2025-06-12 11:01:53 | DEBUG    | src.bot.trading_bot:_update_market_data:177 | 市场数据更新完成
2025-06-12 11:01:56 | INFO     | src.trading.executor:update_account_info:125 | 账户更新: 总值$99267.60, 买入力$391982.42
2025-06-12 11:01:56 | DEBUG    | src.bot.trading_bot:_update_market_data:177 | 市场数据更新完成
2025-06-12 11:02:00 | INFO     | src.trading.executor:update_account_info:125 | 账户更新: 总值$99245.60, 买入力$391982.42
2025-06-12 11:02:00 | DEBUG    | src.bot.trading_bot:_update_market_data:177 | 市场数据更新完成
2025-06-12 11:02:03 | INFO     | src.trading.executor:update_account_info:125 | 账户更新: 总值$99234.60, 买入力$391982.42
2025-06-12 11:02:03 | DEBUG    | src.bot.trading_bot:_update_market_data:177 | 市场数据更新完成
2025-06-12 11:02:06 | DEBUG    | src.bot.trading_bot:_update_positions_normal:249 | 📊 常规头寸更新完成
2025-06-12 11:02:06 | INFO     | src.trading.executor:update_account_info:125 | 账户更新: 总值$99245.60, 买入力$391982.42
2025-06-12 11:02:06 | DEBUG    | src.bot.trading_bot:_update_market_data:177 | 市场数据更新完成
2025-06-12 11:02:09 | INFO     | src.trading.executor:update_account_info:125 | 账户更新: 总值$99245.60, 买入力$391982.42
2025-06-12 11:02:09 | DEBUG    | src.bot.trading_bot:_update_market_data:177 | 市场数据更新完成
2025-06-12 11:02:12 | INFO     | src.trading.executor:update_account_info:125 | 账户更新: 总值$99256.60, 买入力$391982.42
2025-06-12 11:02:12 | DEBUG    | src.bot.trading_bot:_update_market_data:177 | 市场数据更新完成
2025-06-12 11:02:16 | INFO     | src.trading.executor:update_account_info:125 | 账户更新: 总值$99245.60, 买入力$391982.42
2025-06-12 11:02:16 | DEBUG    | src.bot.trading_bot:_update_market_data:177 | 市场数据更新完成
2025-06-12 11:02:19 | INFO     | src.trading.executor:update_account_info:125 | 账户更新: 总值$99256.60, 买入力$391982.42
2025-06-12 11:02:19 | DEBUG    | src.bot.trading_bot:_update_market_data:177 | 市场数据更新完成
2025-06-12 11:02:22 | INFO     | src.trading.executor:update_account_info:125 | 账户更新: 总值$99256.60, 买入力$391982.42
2025-06-12 11:02:22 | DEBUG    | src.bot.trading_bot:_update_market_data:177 | 市场数据更新完成
2025-06-12 11:02:25 | INFO     | src.trading.executor:update_account_info:125 | 账户更新: 总值$99256.60, 买入力$391982.42
2025-06-12 11:02:25 | DEBUG    | src.bot.trading_bot:_update_market_data:177 | 市场数据更新完成
2025-06-12 11:02:29 | INFO     | src.trading.executor:update_account_info:125 | 账户更新: 总值$99256.60, 买入力$391982.42
2025-06-12 11:02:29 | DEBUG    | src.bot.trading_bot:_update_market_data:177 | 市场数据更新完成
2025-06-12 11:02:32 | INFO     | src.trading.executor:update_account_info:125 | 账户更新: 总值$99256.60, 买入力$391982.42
2025-06-12 11:02:32 | DEBUG    | src.bot.trading_bot:_update_market_data:177 | 市场数据更新完成
2025-06-12 11:02:35 | INFO     | src.trading.executor:update_account_info:125 | 账户更新: 总值$99289.60, 买入力$391982.42
2025-06-12 11:02:35 | DEBUG    | src.bot.trading_bot:_update_market_data:177 | 市场数据更新完成
2025-06-12 11:02:38 | INFO     | src.trading.executor:update_account_info:125 | 账户更新: 总值$99289.60, 买入力$391982.42
2025-06-12 11:02:38 | DEBUG    | src.bot.trading_bot:_update_market_data:177 | 市场数据更新完成
2025-06-12 11:02:41 | INFO     | src.trading.executor:update_account_info:125 | 账户更新: 总值$99201.60, 买入力$391982.42
2025-06-12 11:02:41 | DEBUG    | src.bot.trading_bot:_update_market_data:177 | 市场数据更新完成
2025-06-12 11:02:45 | INFO     | src.trading.executor:update_account_info:125 | 账户更新: 总值$99223.60, 买入力$391982.42
2025-06-12 11:02:45 | DEBUG    | src.bot.trading_bot:_update_market_data:177 | 市场数据更新完成
2025-06-12 11:02:48 | INFO     | src.trading.executor:update_account_info:125 | 账户更新: 总值$99223.60, 买入力$391982.42
2025-06-12 11:02:48 | DEBUG    | src.bot.trading_bot:_update_market_data:177 | 市场数据更新完成
2025-06-12 11:02:51 | INFO     | src.trading.executor:update_account_info:125 | 账户更新: 总值$99234.60, 买入力$391982.42
2025-06-12 11:02:51 | DEBUG    | src.bot.trading_bot:_update_market_data:177 | 市场数据更新完成
2025-06-12 11:02:54 | INFO     | src.trading.executor:update_account_info:125 | 账户更新: 总值$99201.60, 买入力$391982.42
2025-06-12 11:02:54 | DEBUG    | src.bot.trading_bot:_update_market_data:177 | 市场数据更新完成
2025-06-12 11:02:58 | INFO     | src.trading.executor:update_account_info:125 | 账户更新: 总值$99234.60, 买入力$391982.42
2025-06-12 11:02:58 | DEBUG    | src.bot.trading_bot:_update_market_data:177 | 市场数据更新完成
2025-06-12 11:03:01 | INFO     | src.trading.executor:update_account_info:125 | 账户更新: 总值$99245.60, 买入力$391982.42
2025-06-12 11:03:01 | DEBUG    | src.bot.trading_bot:_update_market_data:177 | 市场数据更新完成
2025-06-12 11:03:04 | INFO     | src.trading.executor:update_account_info:125 | 账户更新: 总值$99256.60, 买入力$391982.42
2025-06-12 11:03:04 | DEBUG    | src.bot.trading_bot:_update_market_data:177 | 市场数据更新完成
2025-06-12 11:03:06 | DEBUG    | src.bot.trading_bot:_update_positions_normal:249 | 📊 常规头寸更新完成
2025-06-12 11:03:07 | INFO     | src.trading.executor:update_account_info:125 | 账户更新: 总值$99256.60, 买入力$391982.42
2025-06-12 11:03:07 | DEBUG    | src.bot.trading_bot:_update_market_data:177 | 市场数据更新完成
2025-06-12 11:03:11 | INFO     | src.trading.executor:update_account_info:125 | 账户更新: 总值$99267.60, 买入力$391982.42
2025-06-12 11:03:11 | DEBUG    | src.bot.trading_bot:_update_market_data:177 | 市场数据更新完成
2025-06-12 11:03:14 | INFO     | src.trading.executor:update_account_info:125 | 账户更新: 总值$99289.60, 买入力$391982.42
2025-06-12 11:03:14 | DEBUG    | src.bot.trading_bot:_update_market_data:177 | 市场数据更新完成
2025-06-12 11:03:17 | INFO     | src.trading.executor:update_account_info:125 | 账户更新: 总值$99267.60, 买入力$391982.42
2025-06-12 11:03:17 | DEBUG    | src.bot.trading_bot:_update_market_data:177 | 市场数据更新完成
2025-06-12 11:03:20 | INFO     | src.trading.executor:update_account_info:125 | 账户更新: 总值$99278.60, 买入力$391982.42
2025-06-12 11:03:20 | DEBUG    | src.bot.trading_bot:_update_market_data:177 | 市场数据更新完成
2025-06-12 11:03:24 | INFO     | src.trading.executor:update_account_info:125 | 账户更新: 总值$99289.60, 买入力$391982.42
2025-06-12 11:03:24 | DEBUG    | src.bot.trading_bot:_update_market_data:177 | 市场数据更新完成
2025-06-12 11:03:27 | INFO     | src.trading.executor:update_account_info:125 | 账户更新: 总值$99322.60, 买入力$391982.42
2025-06-12 11:03:27 | DEBUG    | src.bot.trading_bot:_update_market_data:177 | 市场数据更新完成
2025-06-12 11:03:30 | INFO     | src.trading.executor:update_account_info:125 | 账户更新: 总值$99333.60, 买入力$391982.42
2025-06-12 11:03:30 | DEBUG    | src.bot.trading_bot:_update_market_data:177 | 市场数据更新完成
2025-06-12 11:03:33 | INFO     | src.trading.executor:update_account_info:125 | 账户更新: 总值$99366.60, 买入力$391982.42
2025-06-12 11:03:33 | DEBUG    | src.bot.trading_bot:_update_market_data:177 | 市场数据更新完成
2025-06-12 11:03:36 | INFO     | src.trading.executor:update_account_info:125 | 账户更新: 总值$99399.60, 买入力$391982.42
2025-06-12 11:03:36 | DEBUG    | src.bot.trading_bot:_update_market_data:177 | 市场数据更新完成
2025-06-12 11:03:40 | INFO     | src.trading.executor:update_account_info:125 | 账户更新: 总值$99366.60, 买入力$391982.42
2025-06-12 11:03:40 | DEBUG    | src.bot.trading_bot:_update_market_data:177 | 市场数据更新完成
2025-06-12 11:03:43 | INFO     | src.trading.executor:update_account_info:125 | 账户更新: 总值$99377.60, 买入力$391982.42
2025-06-12 11:03:43 | DEBUG    | src.bot.trading_bot:_update_market_data:177 | 市场数据更新完成
2025-06-12 11:03:46 | INFO     | src.trading.executor:update_account_info:125 | 账户更新: 总值$99399.60, 买入力$391982.42
2025-06-12 11:03:46 | DEBUG    | src.bot.trading_bot:_update_market_data:177 | 市场数据更新完成
2025-06-12 11:03:49 | INFO     | src.trading.executor:update_account_info:125 | 账户更新: 总值$99421.60, 买入力$391982.42
2025-06-12 11:03:49 | DEBUG    | src.bot.trading_bot:_update_market_data:177 | 市场数据更新完成
2025-06-12 11:03:50 | INFO     | src.utils.notifications:send_message:63 | [GENERAL] 📊 每小时报告
时间: 11:03
当前头寸: 0
当日交易: 5
当日盈亏: $24.00
账户总值: $99,421.60
2025-06-12 11:03:53 | INFO     | src.trading.executor:update_account_info:125 | 账户更新: 总值$99377.60, 买入力$391982.42
2025-06-12 11:03:53 | DEBUG    | src.bot.trading_bot:_update_market_data:177 | 市场数据更新完成
2025-06-12 11:03:56 | INFO     | src.trading.executor:update_account_info:125 | 账户更新: 总值$99399.60, 买入力$391982.42
2025-06-12 11:03:56 | DEBUG    | src.bot.trading_bot:_update_market_data:177 | 市场数据更新完成
2025-06-12 11:03:59 | INFO     | src.trading.executor:update_account_info:125 | 账户更新: 总值$99377.60, 买入力$391982.42
2025-06-12 11:03:59 | DEBUG    | src.bot.trading_bot:_update_market_data:177 | 市场数据更新完成
2025-06-12 11:04:02 | INFO     | src.trading.executor:update_account_info:125 | 账户更新: 总值$99366.60, 买入力$391982.42
2025-06-12 11:04:02 | DEBUG    | src.bot.trading_bot:_update_market_data:177 | 市场数据更新完成
2025-06-12 11:04:06 | INFO     | src.trading.executor:update_account_info:125 | 账户更新: 总值$99322.60, 买入力$391982.42
2025-06-12 11:04:06 | DEBUG    | src.bot.trading_bot:_update_market_data:177 | 市场数据更新完成
2025-06-12 11:04:07 | DEBUG    | src.bot.trading_bot:_update_positions_normal:249 | 📊 常规头寸更新完成
2025-06-12 11:04:09 | INFO     | src.trading.executor:update_account_info:125 | 账户更新: 总值$99333.60, 买入力$391982.42
2025-06-12 11:04:09 | DEBUG    | src.bot.trading_bot:_update_market_data:177 | 市场数据更新完成
2025-06-12 11:04:12 | INFO     | src.trading.executor:update_account_info:125 | 账户更新: 总值$99300.60, 买入力$391982.42
2025-06-12 11:04:12 | DEBUG    | src.bot.trading_bot:_update_market_data:177 | 市场数据更新完成
2025-06-12 11:04:15 | INFO     | src.trading.executor:update_account_info:125 | 账户更新: 总值$99289.60, 买入力$391982.42
2025-06-12 11:04:15 | DEBUG    | src.bot.trading_bot:_update_market_data:177 | 市场数据更新完成
2025-06-12 11:04:19 | INFO     | src.trading.executor:update_account_info:125 | 账户更新: 总值$99267.60, 买入力$391982.42
2025-06-12 11:04:19 | DEBUG    | src.bot.trading_bot:_update_market_data:177 | 市场数据更新完成
2025-06-12 11:04:22 | INFO     | src.trading.executor:update_account_info:125 | 账户更新: 总值$99245.60, 买入力$391982.42
2025-06-12 11:04:22 | DEBUG    | src.bot.trading_bot:_update_market_data:177 | 市场数据更新完成
2025-06-12 11:04:25 | INFO     | src.trading.executor:update_account_info:125 | 账户更新: 总值$99234.60, 买入力$391982.42
2025-06-12 11:04:25 | DEBUG    | src.bot.trading_bot:_update_market_data:177 | 市场数据更新完成
2025-06-12 11:04:28 | INFO     | src.trading.executor:update_account_info:125 | 账户更新: 总值$99234.60, 买入力$391982.42
2025-06-12 11:04:28 | DEBUG    | src.bot.trading_bot:_update_market_data:177 | 市场数据更新完成
2025-06-12 11:04:32 | INFO     | src.trading.executor:update_account_info:125 | 账户更新: 总值$99234.60, 买入力$391982.42
2025-06-12 11:04:32 | DEBUG    | src.bot.trading_bot:_update_market_data:177 | 市场数据更新完成
2025-06-12 11:04:35 | INFO     | src.trading.executor:update_account_info:125 | 账户更新: 总值$99245.60, 买入力$391982.42
2025-06-12 11:04:35 | DEBUG    | src.bot.trading_bot:_update_market_data:177 | 市场数据更新完成
2025-06-12 11:04:38 | INFO     | src.trading.executor:update_account_info:125 | 账户更新: 总值$99256.60, 买入力$391982.42
2025-06-12 11:04:38 | DEBUG    | src.bot.trading_bot:_update_market_data:177 | 市场数据更新完成
2025-06-12 11:04:41 | INFO     | src.trading.executor:update_account_info:125 | 账户更新: 总值$99256.60, 买入力$391982.42
2025-06-12 11:04:41 | DEBUG    | src.bot.trading_bot:_update_market_data:177 | 市场数据更新完成
2025-06-12 11:04:44 | INFO     | src.trading.executor:update_account_info:125 | 账户更新: 总值$99256.60, 买入力$391982.42
2025-06-12 11:04:45 | DEBUG    | src.bot.trading_bot:_update_market_data:177 | 市场数据更新完成
2025-06-12 11:04:48 | INFO     | src.trading.executor:update_account_info:125 | 账户更新: 总值$99267.60, 买入力$391982.42
2025-06-12 11:04:48 | DEBUG    | src.bot.trading_bot:_update_market_data:177 | 市场数据更新完成
2025-06-12 11:04:51 | INFO     | src.trading.executor:update_account_info:125 | 账户更新: 总值$99267.60, 买入力$391982.42
2025-06-12 11:04:51 | DEBUG    | src.bot.trading_bot:_update_market_data:177 | 市场数据更新完成
2025-06-12 11:04:54 | INFO     | src.trading.executor:update_account_info:125 | 账户更新: 总值$99245.60, 买入力$391982.42
2025-06-12 11:04:54 | DEBUG    | src.bot.trading_bot:_update_market_data:177 | 市场数据更新完成
2025-06-12 11:04:58 | INFO     | src.trading.executor:update_account_info:125 | 账户更新: 总值$99245.60, 买入力$391982.42
2025-06-12 11:04:58 | DEBUG    | src.bot.trading_bot:_update_market_data:177 | 市场数据更新完成
2025-06-12 11:05:01 | INFO     | src.trading.executor:update_account_info:125 | 账户更新: 总值$99267.60, 买入力$391982.42
2025-06-12 11:05:01 | DEBUG    | src.bot.trading_bot:_update_market_data:177 | 市场数据更新完成
2025-06-12 11:05:04 | INFO     | src.trading.executor:update_account_info:125 | 账户更新: 总值$99245.60, 买入力$391982.42
2025-06-12 11:05:04 | DEBUG    | src.bot.trading_bot:_update_market_data:177 | 市场数据更新完成
2025-06-12 11:05:07 | DEBUG    | src.bot.trading_bot:_update_positions_normal:249 | 📊 常规头寸更新完成
2025-06-12 11:05:07 | INFO     | src.trading.executor:update_account_info:125 | 账户更新: 总值$99245.60, 买入力$391982.42
2025-06-12 11:05:07 | DEBUG    | src.bot.trading_bot:_update_market_data:177 | 市场数据更新完成
2025-06-12 11:05:11 | INFO     | src.trading.executor:update_account_info:125 | 账户更新: 总值$99267.60, 买入力$391982.42
2025-06-12 11:05:11 | DEBUG    | src.bot.trading_bot:_update_market_data:177 | 市场数据更新完成
2025-06-12 11:05:14 | INFO     | src.trading.executor:update_account_info:125 | 账户更新: 总值$99267.60, 买入力$391982.42
2025-06-12 11:05:14 | DEBUG    | src.bot.trading_bot:_update_market_data:177 | 市场数据更新完成
2025-06-12 11:05:17 | INFO     | src.trading.executor:update_account_info:125 | 账户更新: 总值$99256.60, 买入力$391982.42
2025-06-12 11:05:17 | DEBUG    | src.bot.trading_bot:_update_market_data:177 | 市场数据更新完成
2025-06-12 11:05:20 | INFO     | src.trading.executor:update_account_info:125 | 账户更新: 总值$99212.60, 买入力$391982.42
2025-06-12 11:05:20 | DEBUG    | src.bot.trading_bot:_update_market_data:177 | 市场数据更新完成
2025-06-12 11:05:23 | INFO     | src.trading.executor:update_account_info:125 | 账户更新: 总值$99201.60, 买入力$391982.42
2025-06-12 11:05:23 | DEBUG    | src.bot.trading_bot:_update_market_data:177 | 市场数据更新完成
2025-06-12 11:05:26 | INFO     | src.trading.executor:update_account_info:125 | 账户更新: 总值$99201.60, 买入力$391982.42
2025-06-12 11:05:26 | DEBUG    | src.bot.trading_bot:_update_market_data:177 | 市场数据更新完成
2025-06-12 11:05:30 | INFO     | src.trading.executor:update_account_info:125 | 账户更新: 总值$99201.60, 买入力$391982.42
2025-06-12 11:05:30 | DEBUG    | src.bot.trading_bot:_update_market_data:177 | 市场数据更新完成
2025-06-12 11:05:33 | INFO     | src.trading.executor:update_account_info:125 | 账户更新: 总值$99201.60, 买入力$391982.42
2025-06-12 11:05:33 | DEBUG    | src.bot.trading_bot:_update_market_data:177 | 市场数据更新完成
2025-06-12 11:05:36 | INFO     | src.trading.executor:update_account_info:125 | 账户更新: 总值$99201.60, 买入力$391982.42
2025-06-12 11:05:36 | DEBUG    | src.bot.trading_bot:_update_market_data:177 | 市场数据更新完成
2025-06-12 11:05:39 | INFO     | src.trading.executor:update_account_info:125 | 账户更新: 总值$99190.60, 买入力$391982.42
2025-06-12 11:05:39 | DEBUG    | src.bot.trading_bot:_update_market_data:177 | 市场数据更新完成
2025-06-12 11:05:43 | INFO     | src.trading.executor:update_account_info:125 | 账户更新: 总值$99201.60, 买入力$391982.42
2025-06-12 11:05:43 | DEBUG    | src.bot.trading_bot:_update_market_data:177 | 市场数据更新完成
2025-06-12 11:05:46 | INFO     | src.trading.executor:update_account_info:125 | 账户更新: 总值$99201.60, 买入力$391982.42
2025-06-12 11:05:46 | DEBUG    | src.bot.trading_bot:_update_market_data:177 | 市场数据更新完成
2025-06-12 11:05:49 | INFO     | src.trading.executor:update_account_info:125 | 账户更新: 总值$99190.60, 买入力$391982.42
2025-06-12 11:05:49 | DEBUG    | src.bot.trading_bot:_update_market_data:177 | 市场数据更新完成
2025-06-12 11:05:52 | INFO     | src.trading.executor:update_account_info:125 | 账户更新: 总值$99201.60, 买入力$391982.42
2025-06-12 11:05:52 | DEBUG    | src.bot.trading_bot:_update_market_data:177 | 市场数据更新完成
2025-06-12 11:05:55 | INFO     | src.trading.executor:update_account_info:125 | 账户更新: 总值$99190.60, 买入力$391982.42
2025-06-12 11:05:55 | DEBUG    | src.bot.trading_bot:_update_market_data:177 | 市场数据更新完成
2025-06-12 11:05:59 | INFO     | src.trading.executor:update_account_info:125 | 账户更新: 总值$99179.60, 买入力$391982.42
2025-06-12 11:05:59 | DEBUG    | src.bot.trading_bot:_update_market_data:177 | 市场数据更新完成
2025-06-12 11:06:02 | INFO     | src.trading.executor:update_account_info:125 | 账户更新: 总值$99179.60, 买入力$391982.42
2025-06-12 11:06:02 | DEBUG    | src.bot.trading_bot:_update_market_data:177 | 市场数据更新完成
2025-06-12 11:06:05 | INFO     | src.trading.executor:update_account_info:125 | 账户更新: 总值$99179.60, 买入力$391982.42
2025-06-12 11:06:05 | DEBUG    | src.bot.trading_bot:_update_market_data:177 | 市场数据更新完成
2025-06-12 11:06:07 | DEBUG    | src.bot.trading_bot:_update_positions_normal:249 | 📊 常规头寸更新完成
2025-06-12 11:06:08 | INFO     | src.trading.executor:update_account_info:125 | 账户更新: 总值$99190.60, 买入力$391982.42
2025-06-12 11:06:08 | DEBUG    | src.bot.trading_bot:_update_market_data:177 | 市场数据更新完成
2025-06-12 11:06:12 | INFO     | src.trading.executor:update_account_info:125 | 账户更新: 总值$99201.60, 买入力$391982.42
2025-06-12 11:06:12 | DEBUG    | src.bot.trading_bot:_update_market_data:177 | 市场数据更新完成
2025-06-12 11:06:15 | INFO     | src.trading.executor:update_account_info:125 | 账户更新: 总值$99168.60, 买入力$391982.42
2025-06-12 11:06:15 | DEBUG    | src.bot.trading_bot:_update_market_data:177 | 市场数据更新完成
2025-06-12 11:06:18 | INFO     | src.trading.executor:update_account_info:125 | 账户更新: 总值$99179.60, 买入力$391982.42
2025-06-12 11:06:18 | DEBUG    | src.bot.trading_bot:_update_market_data:177 | 市场数据更新完成
2025-06-12 11:06:21 | INFO     | src.trading.executor:update_account_info:125 | 账户更新: 总值$99146.60, 买入力$391982.42
2025-06-12 11:06:21 | DEBUG    | src.bot.trading_bot:_update_market_data:177 | 市场数据更新完成
2025-06-12 11:06:24 | INFO     | src.trading.executor:update_account_info:125 | 账户更新: 总值$99102.60, 买入力$391982.42
2025-06-12 11:06:24 | DEBUG    | src.bot.trading_bot:_update_market_data:177 | 市场数据更新完成
2025-06-12 11:06:28 | INFO     | src.trading.executor:update_account_info:125 | 账户更新: 总值$99102.60, 买入力$391982.42
2025-06-12 11:06:28 | DEBUG    | src.bot.trading_bot:_update_market_data:177 | 市场数据更新完成
2025-06-12 11:06:31 | INFO     | src.trading.executor:update_account_info:125 | 账户更新: 总值$99113.60, 买入力$391982.42
2025-06-12 11:06:31 | DEBUG    | src.bot.trading_bot:_update_market_data:177 | 市场数据更新完成
2025-06-12 11:06:34 | INFO     | src.trading.executor:update_account_info:125 | 账户更新: 总值$99102.60, 买入力$391982.42
2025-06-12 11:06:34 | DEBUG    | src.bot.trading_bot:_update_market_data:177 | 市场数据更新完成
2025-06-12 11:06:37 | INFO     | src.trading.executor:update_account_info:125 | 账户更新: 总值$99113.60, 买入力$391982.42
2025-06-12 11:06:37 | DEBUG    | src.bot.trading_bot:_update_market_data:177 | 市场数据更新完成
2025-06-12 11:06:41 | INFO     | src.trading.executor:update_account_info:125 | 账户更新: 总值$99113.60, 买入力$391982.42
2025-06-12 11:06:41 | DEBUG    | src.bot.trading_bot:_update_market_data:177 | 市场数据更新完成
2025-06-12 11:06:44 | INFO     | src.trading.executor:update_account_info:125 | 账户更新: 总值$99135.60, 买入力$391982.42
2025-06-12 11:06:44 | DEBUG    | src.bot.trading_bot:_update_market_data:177 | 市场数据更新完成
2025-06-12 11:06:47 | INFO     | src.trading.executor:update_account_info:125 | 账户更新: 总值$99124.60, 买入力$391982.42
2025-06-12 11:06:47 | DEBUG    | src.bot.trading_bot:_update_market_data:177 | 市场数据更新完成
2025-06-12 11:06:50 | INFO     | src.trading.executor:update_account_info:125 | 账户更新: 总值$99124.60, 买入力$391982.42
2025-06-12 11:06:50 | DEBUG    | src.bot.trading_bot:_update_market_data:177 | 市场数据更新完成
2025-06-12 11:06:53 | INFO     | src.trading.executor:update_account_info:125 | 账户更新: 总值$99157.60, 买入力$391982.42
2025-06-12 11:06:53 | DEBUG    | src.bot.trading_bot:_update_market_data:177 | 市场数据更新完成
2025-06-12 11:06:57 | INFO     | src.trading.executor:update_account_info:125 | 账户更新: 总值$99135.60, 买入力$391982.42
2025-06-12 11:06:57 | DEBUG    | src.bot.trading_bot:_update_market_data:177 | 市场数据更新完成
2025-06-12 11:07:00 | INFO     | src.trading.executor:update_account_info:125 | 账户更新: 总值$99146.60, 买入力$391982.42
2025-06-12 11:07:00 | DEBUG    | src.bot.trading_bot:_update_market_data:177 | 市场数据更新完成
2025-06-12 11:07:03 | INFO     | src.trading.executor:update_account_info:125 | 账户更新: 总值$99135.60, 买入力$391982.42
2025-06-12 11:07:03 | DEBUG    | src.bot.trading_bot:_update_market_data:177 | 市场数据更新完成
2025-06-12 11:07:07 | INFO     | src.trading.executor:update_account_info:125 | 账户更新: 总值$99124.60, 买入力$391982.42
2025-06-12 11:07:07 | DEBUG    | src.bot.trading_bot:_update_market_data:177 | 市场数据更新完成
2025-06-12 11:07:07 | DEBUG    | src.bot.trading_bot:_update_positions_normal:249 | 📊 常规头寸更新完成
2025-06-12 11:07:10 | INFO     | src.trading.executor:update_account_info:125 | 账户更新: 总值$99124.60, 买入力$391982.42
2025-06-12 11:07:10 | DEBUG    | src.bot.trading_bot:_update_market_data:177 | 市场数据更新完成
2025-06-12 11:07:13 | INFO     | src.trading.executor:update_account_info:125 | 账户更新: 总值$99135.60, 买入力$391982.42
2025-06-12 11:07:13 | DEBUG    | src.bot.trading_bot:_update_market_data:177 | 市场数据更新完成
2025-06-12 11:07:16 | INFO     | src.trading.executor:update_account_info:125 | 账户更新: 总值$99124.60, 买入力$391982.42
2025-06-12 11:07:16 | DEBUG    | src.bot.trading_bot:_update_market_data:177 | 市场数据更新完成
2025-06-12 11:07:19 | INFO     | src.trading.executor:update_account_info:125 | 账户更新: 总值$99146.60, 买入力$391982.42
2025-06-12 11:07:19 | DEBUG    | src.bot.trading_bot:_update_market_data:177 | 市场数据更新完成
2025-06-12 11:07:23 | INFO     | src.trading.executor:update_account_info:125 | 账户更新: 总值$99157.60, 买入力$391982.42
2025-06-12 11:07:23 | DEBUG    | src.bot.trading_bot:_update_market_data:177 | 市场数据更新完成
2025-06-12 11:07:26 | INFO     | src.trading.executor:update_account_info:125 | 账户更新: 总值$99157.60, 买入力$391982.42
2025-06-12 11:07:26 | DEBUG    | src.bot.trading_bot:_update_market_data:177 | 市场数据更新完成
2025-06-12 11:07:29 | INFO     | src.trading.executor:update_account_info:125 | 账户更新: 总值$99168.60, 买入力$391982.42
2025-06-12 11:07:29 | DEBUG    | src.bot.trading_bot:_update_market_data:177 | 市场数据更新完成
2025-06-12 11:07:32 | INFO     | src.trading.executor:update_account_info:125 | 账户更新: 总值$99179.60, 买入力$391982.42
2025-06-12 11:07:32 | DEBUG    | src.bot.trading_bot:_update_market_data:177 | 市场数据更新完成
2025-06-12 11:07:35 | INFO     | src.trading.executor:update_account_info:125 | 账户更新: 总值$99157.60, 买入力$391982.42
2025-06-12 11:07:35 | DEBUG    | src.bot.trading_bot:_update_market_data:177 | 市场数据更新完成
2025-06-12 11:07:39 | INFO     | src.trading.executor:update_account_info:125 | 账户更新: 总值$99146.60, 买入力$391982.42
2025-06-12 11:07:39 | DEBUG    | src.bot.trading_bot:_update_market_data:177 | 市场数据更新完成
2025-06-12 11:07:42 | INFO     | src.trading.executor:update_account_info:125 | 账户更新: 总值$99146.60, 买入力$391982.42
2025-06-12 11:07:42 | DEBUG    | src.bot.trading_bot:_update_market_data:177 | 市场数据更新完成
2025-06-12 11:07:45 | INFO     | src.trading.executor:update_account_info:125 | 账户更新: 总值$99157.60, 买入力$391982.42
2025-06-12 11:07:45 | DEBUG    | src.bot.trading_bot:_update_market_data:177 | 市场数据更新完成
2025-06-12 11:07:48 | INFO     | src.trading.executor:update_account_info:125 | 账户更新: 总值$99157.60, 买入力$391982.42
2025-06-12 11:07:48 | DEBUG    | src.bot.trading_bot:_update_market_data:177 | 市场数据更新完成
2025-06-12 11:07:52 | INFO     | src.trading.executor:update_account_info:125 | 账户更新: 总值$99179.60, 买入力$391982.42
2025-06-12 11:07:52 | DEBUG    | src.bot.trading_bot:_update_market_data:177 | 市场数据更新完成
2025-06-12 11:07:55 | INFO     | src.trading.executor:update_account_info:125 | 账户更新: 总值$99190.60, 买入力$391982.42
2025-06-12 11:07:55 | DEBUG    | src.bot.trading_bot:_update_market_data:177 | 市场数据更新完成
2025-06-12 11:07:58 | INFO     | src.trading.executor:update_account_info:125 | 账户更新: 总值$99201.60, 买入力$391982.42
2025-06-12 11:07:58 | DEBUG    | src.bot.trading_bot:_update_market_data:177 | 市场数据更新完成
2025-06-12 11:08:01 | INFO     | src.trading.executor:update_account_info:125 | 账户更新: 总值$99190.60, 买入力$391982.42
2025-06-12 11:08:01 | DEBUG    | src.bot.trading_bot:_update_market_data:177 | 市场数据更新完成
2025-06-12 11:08:04 | INFO     | src.trading.executor:update_account_info:125 | 账户更新: 总值$99201.60, 买入力$391982.42
2025-06-12 11:08:04 | DEBUG    | src.bot.trading_bot:_update_market_data:177 | 市场数据更新完成
2025-06-12 11:08:07 | DEBUG    | src.bot.trading_bot:_update_positions_normal:249 | 📊 常规头寸更新完成
2025-06-12 11:08:08 | INFO     | src.trading.executor:update_account_info:125 | 账户更新: 总值$99201.60, 买入力$391982.42
2025-06-12 11:08:08 | DEBUG    | src.bot.trading_bot:_update_market_data:177 | 市场数据更新完成
2025-06-12 11:08:11 | INFO     | src.trading.executor:update_account_info:125 | 账户更新: 总值$99190.60, 买入力$391982.42
2025-06-12 11:08:11 | DEBUG    | src.bot.trading_bot:_update_market_data:177 | 市场数据更新完成
2025-06-12 11:08:14 | INFO     | src.trading.executor:update_account_info:125 | 账户更新: 总值$99168.60, 买入力$391982.42
2025-06-12 11:08:14 | DEBUG    | src.bot.trading_bot:_update_market_data:177 | 市场数据更新完成
2025-06-12 11:08:17 | INFO     | src.trading.executor:update_account_info:125 | 账户更新: 总值$99179.60, 买入力$391982.42
2025-06-12 11:08:17 | DEBUG    | src.bot.trading_bot:_update_market_data:177 | 市场数据更新完成
2025-06-12 11:08:21 | INFO     | src.trading.executor:update_account_info:125 | 账户更新: 总值$99168.60, 买入力$391982.42
2025-06-12 11:08:21 | DEBUG    | src.bot.trading_bot:_update_market_data:177 | 市场数据更新完成
2025-06-12 11:08:24 | INFO     | src.trading.executor:update_account_info:125 | 账户更新: 总值$99168.60, 买入力$391982.42
2025-06-12 11:08:24 | DEBUG    | src.bot.trading_bot:_update_market_data:177 | 市场数据更新完成
2025-06-12 11:08:27 | INFO     | src.trading.executor:update_account_info:125 | 账户更新: 总值$99168.60, 买入力$391982.42
2025-06-12 11:08:27 | DEBUG    | src.bot.trading_bot:_update_market_data:177 | 市场数据更新完成
2025-06-12 11:08:30 | INFO     | src.trading.executor:update_account_info:125 | 账户更新: 总值$99190.60, 买入力$391982.42
2025-06-12 11:08:30 | DEBUG    | src.bot.trading_bot:_update_market_data:177 | 市场数据更新完成
2025-06-12 11:08:33 | INFO     | src.trading.executor:update_account_info:125 | 账户更新: 总值$99190.60, 买入力$391982.42
2025-06-12 11:08:33 | DEBUG    | src.bot.trading_bot:_update_market_data:177 | 市场数据更新完成
2025-06-12 11:08:37 | INFO     | src.trading.executor:update_account_info:125 | 账户更新: 总值$99179.60, 买入力$391982.42
2025-06-12 11:08:37 | DEBUG    | src.bot.trading_bot:_update_market_data:177 | 市场数据更新完成
2025-06-12 11:08:40 | INFO     | src.trading.executor:update_account_info:125 | 账户更新: 总值$99179.60, 买入力$391982.42
2025-06-12 11:08:40 | DEBUG    | src.bot.trading_bot:_update_market_data:177 | 市场数据更新完成
2025-06-12 11:08:43 | INFO     | src.trading.executor:update_account_info:125 | 账户更新: 总值$99168.60, 买入力$391982.42
2025-06-12 11:08:43 | DEBUG    | src.bot.trading_bot:_update_market_data:177 | 市场数据更新完成
2025-06-12 11:08:47 | INFO     | src.trading.executor:update_account_info:125 | 账户更新: 总值$99168.60, 买入力$391982.42
2025-06-12 11:08:47 | DEBUG    | src.bot.trading_bot:_update_market_data:177 | 市场数据更新完成
2025-06-12 11:08:50 | INFO     | src.trading.executor:update_account_info:125 | 账户更新: 总值$99146.60, 买入力$391982.42
2025-06-12 11:08:50 | DEBUG    | src.bot.trading_bot:_update_market_data:177 | 市场数据更新完成
2025-06-12 11:08:53 | INFO     | src.trading.executor:update_account_info:125 | 账户更新: 总值$99146.60, 买入力$391982.42
2025-06-12 11:08:53 | DEBUG    | src.bot.trading_bot:_update_market_data:177 | 市场数据更新完成
2025-06-12 11:08:56 | INFO     | src.trading.executor:update_account_info:125 | 账户更新: 总值$99113.60, 买入力$391982.42
2025-06-12 11:08:56 | DEBUG    | src.bot.trading_bot:_update_market_data:177 | 市场数据更新完成
2025-06-12 11:08:59 | INFO     | src.trading.executor:update_account_info:125 | 账户更新: 总值$99124.60, 买入力$391982.42
2025-06-12 11:08:59 | DEBUG    | src.bot.trading_bot:_update_market_data:177 | 市场数据更新完成
2025-06-12 11:09:03 | INFO     | src.trading.executor:update_account_info:125 | 账户更新: 总值$99124.60, 买入力$391982.42
2025-06-12 11:09:03 | DEBUG    | src.bot.trading_bot:_update_market_data:177 | 市场数据更新完成
2025-06-12 11:09:06 | INFO     | src.trading.executor:update_account_info:125 | 账户更新: 总值$99124.60, 买入力$391982.42
2025-06-12 11:09:06 | DEBUG    | src.bot.trading_bot:_update_market_data:177 | 市场数据更新完成
2025-06-12 11:09:07 | DEBUG    | src.bot.trading_bot:_update_positions_normal:249 | 📊 常规头寸更新完成
2025-06-12 11:09:09 | INFO     | src.trading.executor:update_account_info:125 | 账户更新: 总值$99113.60, 买入力$391982.42
2025-06-12 11:09:09 | DEBUG    | src.bot.trading_bot:_update_market_data:177 | 市场数据更新完成
2025-06-12 11:09:12 | INFO     | src.trading.executor:update_account_info:125 | 账户更新: 总值$99102.60, 买入力$391982.42
2025-06-12 11:09:12 | DEBUG    | src.bot.trading_bot:_update_market_data:177 | 市场数据更新完成
2025-06-12 11:09:16 | INFO     | src.trading.executor:update_account_info:125 | 账户更新: 总值$99102.60, 买入力$391982.42
2025-06-12 11:09:16 | DEBUG    | src.bot.trading_bot:_update_market_data:177 | 市场数据更新完成
2025-06-12 11:09:19 | INFO     | src.trading.executor:update_account_info:125 | 账户更新: 总值$99113.60, 买入力$391982.42
2025-06-12 11:09:19 | DEBUG    | src.bot.trading_bot:_update_market_data:177 | 市场数据更新完成
2025-06-12 11:09:22 | INFO     | src.trading.executor:update_account_info:125 | 账户更新: 总值$99102.60, 买入力$391982.42
2025-06-12 11:09:22 | DEBUG    | src.bot.trading_bot:_update_market_data:177 | 市场数据更新完成
2025-06-12 11:09:25 | INFO     | src.trading.executor:update_account_info:125 | 账户更新: 总值$99102.60, 买入力$391982.42
2025-06-12 11:09:25 | DEBUG    | src.bot.trading_bot:_update_market_data:177 | 市场数据更新完成
2025-06-12 11:09:29 | INFO     | src.trading.executor:update_account_info:125 | 账户更新: 总值$99124.60, 买入力$391982.42
2025-06-12 11:09:29 | DEBUG    | src.bot.trading_bot:_update_market_data:177 | 市场数据更新完成
2025-06-12 11:09:32 | INFO     | src.trading.executor:update_account_info:125 | 账户更新: 总值$99124.60, 买入力$391982.42
2025-06-12 11:09:32 | DEBUG    | src.bot.trading_bot:_update_market_data:177 | 市场数据更新完成
2025-06-12 11:09:35 | INFO     | src.trading.executor:update_account_info:125 | 账户更新: 总值$99124.60, 买入力$391982.42
2025-06-12 11:09:35 | DEBUG    | src.bot.trading_bot:_update_market_data:177 | 市场数据更新完成
2025-06-12 11:09:38 | INFO     | src.trading.executor:update_account_info:125 | 账户更新: 总值$99124.60, 买入力$391982.42
2025-06-12 11:09:38 | DEBUG    | src.bot.trading_bot:_update_market_data:177 | 市场数据更新完成
2025-06-12 11:09:41 | INFO     | src.trading.executor:update_account_info:125 | 账户更新: 总值$99113.60, 买入力$391982.42
2025-06-12 11:09:41 | DEBUG    | src.bot.trading_bot:_update_market_data:177 | 市场数据更新完成
2025-06-12 11:09:45 | INFO     | src.trading.executor:update_account_info:125 | 账户更新: 总值$99124.60, 买入力$391982.42
2025-06-12 11:09:45 | DEBUG    | src.bot.trading_bot:_update_market_data:177 | 市场数据更新完成
2025-06-12 11:09:48 | INFO     | src.trading.executor:update_account_info:125 | 账户更新: 总值$99124.60, 买入力$391982.42
2025-06-12 11:09:48 | DEBUG    | src.bot.trading_bot:_update_market_data:177 | 市场数据更新完成
2025-06-12 11:09:51 | INFO     | src.trading.executor:update_account_info:125 | 账户更新: 总值$99124.60, 买入力$391982.42
2025-06-12 11:09:51 | DEBUG    | src.bot.trading_bot:_update_market_data:177 | 市场数据更新完成
2025-06-12 11:09:54 | INFO     | src.trading.executor:update_account_info:125 | 账户更新: 总值$99124.60, 买入力$391982.42
2025-06-12 11:09:54 | DEBUG    | src.bot.trading_bot:_update_market_data:177 | 市场数据更新完成
2025-06-12 11:09:58 | INFO     | src.trading.executor:update_account_info:125 | 账户更新: 总值$99135.60, 买入力$391982.42
2025-06-12 11:09:58 | DEBUG    | src.bot.trading_bot:_update_market_data:177 | 市场数据更新完成
2025-06-12 11:10:01 | INFO     | src.trading.executor:update_account_info:125 | 账户更新: 总值$99124.60, 买入力$391982.42
2025-06-12 11:10:01 | DEBUG    | src.bot.trading_bot:_update_market_data:177 | 市场数据更新完成
2025-06-12 11:10:04 | INFO     | src.trading.executor:update_account_info:125 | 账户更新: 总值$99135.60, 买入力$391982.42
2025-06-12 11:10:04 | DEBUG    | src.bot.trading_bot:_update_market_data:177 | 市场数据更新完成
2025-06-12 11:10:07 | INFO     | src.trading.executor:update_account_info:125 | 账户更新: 总值$99124.60, 买入力$391982.42
2025-06-12 11:10:07 | DEBUG    | src.bot.trading_bot:_update_market_data:177 | 市场数据更新完成
2025-06-12 11:10:08 | DEBUG    | src.bot.trading_bot:_update_positions_normal:249 | 📊 常规头寸更新完成
2025-06-12 11:10:10 | INFO     | src.trading.executor:update_account_info:125 | 账户更新: 总值$99113.60, 买入力$391982.42
2025-06-12 11:10:10 | DEBUG    | src.bot.trading_bot:_update_market_data:177 | 市场数据更新完成
2025-06-12 11:10:14 | INFO     | src.trading.executor:update_account_info:125 | 账户更新: 总值$99124.60, 买入力$391982.42
2025-06-12 11:10:14 | DEBUG    | src.bot.trading_bot:_update_market_data:177 | 市场数据更新完成
2025-06-12 11:10:17 | INFO     | src.trading.executor:update_account_info:125 | 账户更新: 总值$99135.60, 买入力$391982.42
2025-06-12 11:10:17 | DEBUG    | src.bot.trading_bot:_update_market_data:177 | 市场数据更新完成
2025-06-12 11:10:20 | INFO     | src.trading.executor:update_account_info:125 | 账户更新: 总值$99146.60, 买入力$391982.42
2025-06-12 11:10:20 | DEBUG    | src.bot.trading_bot:_update_market_data:177 | 市场数据更新完成
2025-06-12 11:10:23 | INFO     | src.trading.executor:update_account_info:125 | 账户更新: 总值$99146.60, 买入力$391982.42
2025-06-12 11:10:23 | DEBUG    | src.bot.trading_bot:_update_market_data:177 | 市场数据更新完成
2025-06-12 11:10:27 | INFO     | src.trading.executor:update_account_info:125 | 账户更新: 总值$99146.60, 买入力$391982.42
2025-06-12 11:10:27 | DEBUG    | src.bot.trading_bot:_update_market_data:177 | 市场数据更新完成
2025-06-12 11:10:30 | INFO     | src.trading.executor:update_account_info:125 | 账户更新: 总值$99146.60, 买入力$391982.42
2025-06-12 11:10:30 | DEBUG    | src.bot.trading_bot:_update_market_data:177 | 市场数据更新完成
2025-06-12 11:10:33 | INFO     | src.trading.executor:update_account_info:125 | 账户更新: 总值$99146.60, 买入力$391982.42
2025-06-12 11:10:33 | DEBUG    | src.bot.trading_bot:_update_market_data:177 | 市场数据更新完成
2025-06-12 11:10:36 | INFO     | src.trading.executor:update_account_info:125 | 账户更新: 总值$99124.60, 买入力$391982.42
2025-06-12 11:10:36 | DEBUG    | src.bot.trading_bot:_update_market_data:177 | 市场数据更新完成
2025-06-12 11:10:39 | INFO     | src.trading.executor:update_account_info:125 | 账户更新: 总值$99146.60, 买入力$391982.42
2025-06-12 11:10:39 | DEBUG    | src.bot.trading_bot:_update_market_data:177 | 市场数据更新完成
2025-06-12 11:10:43 | INFO     | src.trading.executor:update_account_info:125 | 账户更新: 总值$99146.60, 买入力$391982.42
2025-06-12 11:10:43 | DEBUG    | src.bot.trading_bot:_update_market_data:177 | 市场数据更新完成
2025-06-12 11:10:46 | INFO     | src.trading.executor:update_account_info:125 | 账户更新: 总值$99157.60, 买入力$391982.42
2025-06-12 11:10:46 | DEBUG    | src.bot.trading_bot:_update_market_data:177 | 市场数据更新完成
2025-06-12 11:10:49 | INFO     | src.trading.executor:update_account_info:125 | 账户更新: 总值$99124.60, 买入力$391982.42
2025-06-12 11:10:49 | DEBUG    | src.bot.trading_bot:_update_market_data:177 | 市场数据更新完成
2025-06-12 11:10:52 | INFO     | src.trading.executor:update_account_info:125 | 账户更新: 总值$99135.60, 买入力$391982.42
2025-06-12 11:10:52 | DEBUG    | src.bot.trading_bot:_update_market_data:177 | 市场数据更新完成
2025-06-12 11:10:56 | INFO     | src.trading.executor:update_account_info:125 | 账户更新: 总值$99113.60, 买入力$391982.42
2025-06-12 11:10:56 | DEBUG    | src.bot.trading_bot:_update_market_data:177 | 市场数据更新完成
2025-06-12 11:10:59 | INFO     | src.trading.executor:update_account_info:125 | 账户更新: 总值$99124.60, 买入力$391982.42
2025-06-12 11:10:59 | DEBUG    | src.bot.trading_bot:_update_market_data:177 | 市场数据更新完成
2025-06-12 11:11:02 | INFO     | src.trading.executor:update_account_info:125 | 账户更新: 总值$99135.60, 买入力$391982.42
2025-06-12 11:11:02 | DEBUG    | src.bot.trading_bot:_update_market_data:177 | 市场数据更新完成
2025-06-12 11:11:05 | INFO     | src.trading.executor:update_account_info:125 | 账户更新: 总值$99146.60, 买入力$391982.42
2025-06-12 11:11:05 | DEBUG    | src.bot.trading_bot:_update_market_data:177 | 市场数据更新完成
2025-06-12 11:11:08 | DEBUG    | src.bot.trading_bot:_update_positions_normal:249 | 📊 常规头寸更新完成
2025-06-12 11:11:08 | INFO     | src.trading.executor:update_account_info:125 | 账户更新: 总值$99135.60, 买入力$391982.42
2025-06-12 11:11:08 | DEBUG    | src.bot.trading_bot:_update_market_data:177 | 市场数据更新完成
2025-06-12 11:11:12 | INFO     | src.trading.executor:update_account_info:125 | 账户更新: 总值$99157.60, 买入力$391982.42
2025-06-12 11:11:12 | DEBUG    | src.bot.trading_bot:_update_market_data:177 | 市场数据更新完成
2025-06-12 11:11:15 | INFO     | src.trading.executor:update_account_info:125 | 账户更新: 总值$99157.60, 买入力$391982.42
2025-06-12 11:11:15 | DEBUG    | src.bot.trading_bot:_update_market_data:177 | 市场数据更新完成
2025-06-12 11:11:18 | INFO     | src.trading.executor:update_account_info:125 | 账户更新: 总值$99157.60, 买入力$391982.42
2025-06-12 11:11:18 | DEBUG    | src.bot.trading_bot:_update_market_data:177 | 市场数据更新完成
2025-06-12 11:11:21 | INFO     | src.trading.executor:update_account_info:125 | 账户更新: 总值$99168.60, 买入力$391982.42
2025-06-12 11:11:21 | DEBUG    | src.bot.trading_bot:_update_market_data:177 | 市场数据更新完成
2025-06-12 11:11:25 | INFO     | src.trading.executor:update_account_info:125 | 账户更新: 总值$99157.60, 买入力$391982.42
2025-06-12 11:11:25 | DEBUG    | src.bot.trading_bot:_update_market_data:177 | 市场数据更新完成
2025-06-12 11:11:28 | INFO     | src.trading.executor:update_account_info:125 | 账户更新: 总值$99146.60, 买入力$391982.42
2025-06-12 11:11:28 | DEBUG    | src.bot.trading_bot:_update_market_data:177 | 市场数据更新完成
2025-06-12 11:11:31 | INFO     | src.trading.executor:update_account_info:125 | 账户更新: 总值$99135.60, 买入力$391982.42
2025-06-12 11:11:31 | DEBUG    | src.bot.trading_bot:_update_market_data:177 | 市场数据更新完成
2025-06-12 11:11:34 | INFO     | src.trading.executor:update_account_info:125 | 账户更新: 总值$99113.60, 买入力$391982.42
2025-06-12 11:11:34 | DEBUG    | src.bot.trading_bot:_update_market_data:177 | 市场数据更新完成
2025-06-12 11:11:38 | INFO     | src.trading.executor:update_account_info:125 | 账户更新: 总值$99113.60, 买入力$391982.42
2025-06-12 11:11:38 | DEBUG    | src.bot.trading_bot:_update_market_data:177 | 市场数据更新完成
2025-06-12 11:11:41 | INFO     | src.trading.executor:update_account_info:125 | 账户更新: 总值$99113.60, 买入力$391982.42
2025-06-12 11:11:41 | DEBUG    | src.bot.trading_bot:_update_market_data:177 | 市场数据更新完成
2025-06-12 11:11:44 | INFO     | src.trading.executor:update_account_info:125 | 账户更新: 总值$99135.60, 买入力$391982.42
2025-06-12 11:11:44 | DEBUG    | src.bot.trading_bot:_update_market_data:177 | 市场数据更新完成
2025-06-12 11:11:47 | INFO     | src.trading.executor:update_account_info:125 | 账户更新: 总值$99124.60, 买入力$391982.42
2025-06-12 11:11:47 | DEBUG    | src.bot.trading_bot:_update_market_data:177 | 市场数据更新完成
2025-06-12 11:11:50 | INFO     | src.trading.executor:update_account_info:125 | 账户更新: 总值$99135.60, 买入力$391982.42
2025-06-12 11:11:50 | DEBUG    | src.bot.trading_bot:_update_market_data:177 | 市场数据更新完成
2025-06-12 11:11:54 | INFO     | src.trading.executor:update_account_info:125 | 账户更新: 总值$99124.60, 买入力$391982.42
2025-06-12 11:11:54 | DEBUG    | src.bot.trading_bot:_update_market_data:177 | 市场数据更新完成
2025-06-12 11:11:57 | INFO     | src.trading.executor:update_account_info:125 | 账户更新: 总值$99135.60, 买入力$391982.42
2025-06-12 11:11:57 | DEBUG    | src.bot.trading_bot:_update_market_data:177 | 市场数据更新完成
2025-06-12 11:12:00 | INFO     | src.trading.executor:update_account_info:125 | 账户更新: 总值$99124.60, 买入力$391982.42
2025-06-12 11:12:00 | DEBUG    | src.bot.trading_bot:_update_market_data:177 | 市场数据更新完成
2025-06-12 11:12:03 | INFO     | src.trading.executor:update_account_info:125 | 账户更新: 总值$99146.60, 买入力$391982.42
2025-06-12 11:12:03 | DEBUG    | src.bot.trading_bot:_update_market_data:177 | 市场数据更新完成
2025-06-12 11:12:07 | INFO     | src.trading.executor:update_account_info:125 | 账户更新: 总值$99146.60, 买入力$391982.42
2025-06-12 11:12:07 | DEBUG    | src.bot.trading_bot:_update_market_data:177 | 市场数据更新完成
2025-06-12 11:12:08 | DEBUG    | src.bot.trading_bot:_update_positions_normal:249 | 📊 常规头寸更新完成
2025-06-12 11:12:10 | INFO     | src.trading.executor:update_account_info:125 | 账户更新: 总值$99146.60, 买入力$391982.42
2025-06-12 11:12:10 | DEBUG    | src.bot.trading_bot:_update_market_data:177 | 市场数据更新完成
2025-06-12 11:12:13 | INFO     | src.trading.executor:update_account_info:125 | 账户更新: 总值$99113.60, 买入力$391982.42
2025-06-12 11:12:13 | DEBUG    | src.bot.trading_bot:_update_market_data:177 | 市场数据更新完成
2025-06-12 11:12:17 | INFO     | src.trading.executor:update_account_info:125 | 账户更新: 总值$99080.60, 买入力$391982.42
2025-06-12 11:12:17 | DEBUG    | src.bot.trading_bot:_update_market_data:177 | 市场数据更新完成
2025-06-12 11:12:20 | INFO     | src.trading.executor:update_account_info:125 | 账户更新: 总值$99091.60, 买入力$391982.42
2025-06-12 11:12:20 | DEBUG    | src.bot.trading_bot:_update_market_data:177 | 市场数据更新完成
2025-06-12 11:12:23 | INFO     | src.trading.executor:update_account_info:125 | 账户更新: 总值$99091.60, 买入力$391982.42
2025-06-12 11:12:23 | DEBUG    | src.bot.trading_bot:_update_market_data:177 | 市场数据更新完成
2025-06-12 11:12:26 | INFO     | src.trading.executor:update_account_info:125 | 账户更新: 总值$99080.60, 买入力$391982.42
2025-06-12 11:12:26 | DEBUG    | src.bot.trading_bot:_update_market_data:177 | 市场数据更新完成
2025-06-12 11:12:30 | INFO     | src.trading.executor:update_account_info:125 | 账户更新: 总值$99080.60, 买入力$391982.42
2025-06-12 11:12:30 | DEBUG    | src.bot.trading_bot:_update_market_data:177 | 市场数据更新完成
2025-06-12 11:12:33 | INFO     | src.trading.executor:update_account_info:125 | 账户更新: 总值$99102.60, 买入力$391982.42
2025-06-12 11:12:33 | DEBUG    | src.bot.trading_bot:_update_market_data:177 | 市场数据更新完成
2025-06-12 11:12:36 | INFO     | src.trading.executor:update_account_info:125 | 账户更新: 总值$99091.60, 买入力$391982.42
2025-06-12 11:12:36 | DEBUG    | src.bot.trading_bot:_update_market_data:177 | 市场数据更新完成
2025-06-12 11:12:39 | INFO     | src.trading.executor:update_account_info:125 | 账户更新: 总值$99091.60, 买入力$391982.42
2025-06-12 11:12:39 | DEBUG    | src.bot.trading_bot:_update_market_data:177 | 市场数据更新完成
2025-06-12 11:12:42 | INFO     | src.trading.executor:update_account_info:125 | 账户更新: 总值$99091.60, 买入力$391982.42
2025-06-12 11:12:42 | DEBUG    | src.bot.trading_bot:_update_market_data:177 | 市场数据更新完成
2025-06-12 11:12:46 | INFO     | src.trading.executor:update_account_info:125 | 账户更新: 总值$99102.60, 买入力$391982.42
2025-06-12 11:12:46 | DEBUG    | src.bot.trading_bot:_update_market_data:177 | 市场数据更新完成
2025-06-12 11:12:49 | INFO     | src.trading.executor:update_account_info:125 | 账户更新: 总值$99113.60, 买入力$391982.42
2025-06-12 11:12:49 | DEBUG    | src.bot.trading_bot:_update_market_data:177 | 市场数据更新完成
2025-06-12 11:12:52 | INFO     | src.trading.executor:update_account_info:125 | 账户更新: 总值$99124.60, 买入力$391982.42
2025-06-12 11:12:52 | DEBUG    | src.bot.trading_bot:_update_market_data:177 | 市场数据更新完成
2025-06-12 11:12:55 | INFO     | src.trading.executor:update_account_info:125 | 账户更新: 总值$99124.60, 买入力$391982.42
2025-06-12 11:12:55 | DEBUG    | src.bot.trading_bot:_update_market_data:177 | 市场数据更新完成
2025-06-12 11:12:58 | INFO     | src.trading.executor:update_account_info:125 | 账户更新: 总值$99124.60, 买入力$391982.42
2025-06-12 11:12:58 | DEBUG    | src.bot.trading_bot:_update_market_data:177 | 市场数据更新完成
2025-06-12 11:13:02 | INFO     | src.trading.executor:update_account_info:125 | 账户更新: 总值$99124.60, 买入力$391982.42
2025-06-12 11:13:02 | DEBUG    | src.bot.trading_bot:_update_market_data:177 | 市场数据更新完成
2025-06-12 11:13:05 | INFO     | src.trading.executor:update_account_info:125 | 账户更新: 总值$99124.60, 买入力$391982.42
2025-06-12 11:13:05 | DEBUG    | src.bot.trading_bot:_update_market_data:177 | 市场数据更新完成
2025-06-12 11:13:08 | INFO     | src.trading.executor:update_account_info:125 | 账户更新: 总值$99135.60, 买入力$391982.42
2025-06-12 11:13:08 | DEBUG    | src.bot.trading_bot:_update_market_data:177 | 市场数据更新完成
2025-06-12 11:13:09 | DEBUG    | src.bot.trading_bot:_update_positions_normal:249 | 📊 常规头寸更新完成
2025-06-12 11:13:12 | INFO     | src.trading.executor:update_account_info:125 | 账户更新: 总值$99124.60, 买入力$391982.42
2025-06-12 11:13:12 | DEBUG    | src.bot.trading_bot:_update_market_data:177 | 市场数据更新完成
2025-06-12 11:13:15 | INFO     | src.trading.executor:update_account_info:125 | 账户更新: 总值$99124.60, 买入力$391982.42
2025-06-12 11:13:15 | DEBUG    | src.bot.trading_bot:_update_market_data:177 | 市场数据更新完成
2025-06-12 11:13:18 | INFO     | src.trading.executor:update_account_info:125 | 账户更新: 总值$99146.60, 买入力$391982.42
2025-06-12 11:13:18 | DEBUG    | src.bot.trading_bot:_update_market_data:177 | 市场数据更新完成
2025-06-12 11:13:21 | INFO     | src.trading.executor:update_account_info:125 | 账户更新: 总值$99157.60, 买入力$391982.42
2025-06-12 11:13:21 | DEBUG    | src.bot.trading_bot:_update_market_data:177 | 市场数据更新完成
2025-06-12 11:13:25 | INFO     | src.trading.executor:update_account_info:125 | 账户更新: 总值$99168.60, 买入力$391982.42
2025-06-12 11:13:25 | DEBUG    | src.bot.trading_bot:_update_market_data:177 | 市场数据更新完成
2025-06-12 11:13:28 | INFO     | src.trading.executor:update_account_info:125 | 账户更新: 总值$99135.60, 买入力$391982.42
2025-06-12 11:13:28 | DEBUG    | src.bot.trading_bot:_update_market_data:177 | 市场数据更新完成
2025-06-12 11:13:31 | INFO     | src.trading.executor:update_account_info:125 | 账户更新: 总值$99146.60, 买入力$391982.42
2025-06-12 11:13:31 | DEBUG    | src.bot.trading_bot:_update_market_data:177 | 市场数据更新完成
2025-06-12 11:13:34 | INFO     | src.trading.executor:update_account_info:125 | 账户更新: 总值$99168.60, 买入力$391982.42
2025-06-12 11:13:34 | DEBUG    | src.bot.trading_bot:_update_market_data:177 | 市场数据更新完成
2025-06-12 11:13:38 | INFO     | src.trading.executor:update_account_info:125 | 账户更新: 总值$99157.60, 买入力$391982.42
2025-06-12 11:13:38 | DEBUG    | src.bot.trading_bot:_update_market_data:177 | 市场数据更新完成
2025-06-12 11:13:41 | INFO     | src.trading.executor:update_account_info:125 | 账户更新: 总值$99179.60, 买入力$391982.42
2025-06-12 11:13:41 | DEBUG    | src.bot.trading_bot:_update_market_data:177 | 市场数据更新完成
2025-06-12 11:13:44 | INFO     | src.trading.executor:update_account_info:125 | 账户更新: 总值$99190.60, 买入力$391982.42
2025-06-12 11:13:44 | DEBUG    | src.bot.trading_bot:_update_market_data:177 | 市场数据更新完成
2025-06-12 11:13:48 | INFO     | src.trading.executor:update_account_info:125 | 账户更新: 总值$99223.60, 买入力$391982.42
2025-06-12 11:13:48 | DEBUG    | src.bot.trading_bot:_update_market_data:177 | 市场数据更新完成
2025-06-12 11:13:51 | INFO     | src.trading.executor:update_account_info:125 | 账户更新: 总值$99234.60, 买入力$391982.42
2025-06-12 11:13:51 | DEBUG    | src.bot.trading_bot:_update_market_data:177 | 市场数据更新完成
2025-06-12 11:13:54 | INFO     | src.trading.executor:update_account_info:125 | 账户更新: 总值$99212.60, 买入力$391982.42
2025-06-12 11:13:54 | DEBUG    | src.bot.trading_bot:_update_market_data:177 | 市场数据更新完成
2025-06-12 11:13:57 | INFO     | src.trading.executor:update_account_info:125 | 账户更新: 总值$99201.60, 买入力$391982.42
2025-06-12 11:13:57 | DEBUG    | src.bot.trading_bot:_update_market_data:177 | 市场数据更新完成
2025-06-12 11:14:01 | INFO     | src.trading.executor:update_account_info:125 | 账户更新: 总值$99212.60, 买入力$391982.42
2025-06-12 11:14:01 | DEBUG    | src.bot.trading_bot:_update_market_data:177 | 市场数据更新完成
2025-06-12 11:14:04 | INFO     | src.trading.executor:update_account_info:125 | 账户更新: 总值$99234.60, 买入力$391982.42
2025-06-12 11:14:04 | DEBUG    | src.bot.trading_bot:_update_market_data:177 | 市场数据更新完成
2025-06-12 11:14:07 | INFO     | src.trading.executor:update_account_info:125 | 账户更新: 总值$99223.60, 买入力$391982.42
2025-06-12 11:14:07 | DEBUG    | src.bot.trading_bot:_update_market_data:177 | 市场数据更新完成
2025-06-12 11:14:09 | DEBUG    | src.bot.trading_bot:_update_positions_normal:249 | 📊 常规头寸更新完成
2025-06-12 11:14:10 | INFO     | src.trading.executor:update_account_info:125 | 账户更新: 总值$99234.60, 买入力$391982.42
2025-06-12 11:14:10 | DEBUG    | src.bot.trading_bot:_update_market_data:177 | 市场数据更新完成
2025-06-12 11:14:14 | INFO     | src.trading.executor:update_account_info:125 | 账户更新: 总值$99201.60, 买入力$391982.42
2025-06-12 11:14:14 | DEBUG    | src.bot.trading_bot:_update_market_data:177 | 市场数据更新完成
2025-06-12 11:14:17 | INFO     | src.trading.executor:update_account_info:125 | 账户更新: 总值$99212.60, 买入力$391982.42
2025-06-12 11:14:17 | DEBUG    | src.bot.trading_bot:_update_market_data:177 | 市场数据更新完成
2025-06-12 11:14:20 | INFO     | src.trading.executor:update_account_info:125 | 账户更新: 总值$99223.60, 买入力$391982.42
2025-06-12 11:14:20 | DEBUG    | src.bot.trading_bot:_update_market_data:177 | 市场数据更新完成
2025-06-12 11:14:23 | INFO     | src.trading.executor:update_account_info:125 | 账户更新: 总值$99245.60, 买入力$391982.42
2025-06-12 11:14:23 | DEBUG    | src.bot.trading_bot:_update_market_data:177 | 市场数据更新完成
2025-06-12 11:14:27 | INFO     | src.trading.executor:update_account_info:125 | 账户更新: 总值$99234.60, 买入力$391982.42
2025-06-12 11:14:27 | DEBUG    | src.bot.trading_bot:_update_market_data:177 | 市场数据更新完成
2025-06-12 11:14:30 | INFO     | src.trading.executor:update_account_info:125 | 账户更新: 总值$99234.60, 买入力$391982.42
2025-06-12 11:14:30 | DEBUG    | src.bot.trading_bot:_update_market_data:177 | 市场数据更新完成
2025-06-12 11:14:33 | INFO     | src.trading.executor:update_account_info:125 | 账户更新: 总值$99245.60, 买入力$391982.42
2025-06-12 11:14:33 | DEBUG    | src.bot.trading_bot:_update_market_data:177 | 市场数据更新完成
2025-06-12 11:14:36 | INFO     | src.trading.executor:update_account_info:125 | 账户更新: 总值$99234.60, 买入力$391982.42
2025-06-12 11:14:36 | DEBUG    | src.bot.trading_bot:_update_market_data:177 | 市场数据更新完成
2025-06-12 11:14:40 | INFO     | src.trading.executor:update_account_info:125 | 账户更新: 总值$99256.60, 买入力$391982.42
2025-06-12 11:14:40 | DEBUG    | src.bot.trading_bot:_update_market_data:177 | 市场数据更新完成
2025-06-12 11:14:43 | INFO     | src.trading.executor:update_account_info:125 | 账户更新: 总值$99223.60, 买入力$391982.42
2025-06-12 11:14:43 | DEBUG    | src.bot.trading_bot:_update_market_data:177 | 市场数据更新完成
2025-06-12 11:14:46 | INFO     | src.trading.executor:update_account_info:125 | 账户更新: 总值$99267.60, 买入力$391982.42
2025-06-12 11:14:46 | DEBUG    | src.bot.trading_bot:_update_market_data:177 | 市场数据更新完成
2025-06-12 11:14:50 | INFO     | src.trading.executor:update_account_info:125 | 账户更新: 总值$99267.60, 买入力$391982.42
2025-06-12 11:14:50 | DEBUG    | src.bot.trading_bot:_update_market_data:177 | 市场数据更新完成
2025-06-12 11:14:53 | INFO     | src.trading.executor:update_account_info:125 | 账户更新: 总值$99278.60, 买入力$391982.42
2025-06-12 11:14:53 | DEBUG    | src.bot.trading_bot:_update_market_data:177 | 市场数据更新完成
2025-06-12 11:14:56 | INFO     | src.trading.executor:update_account_info:125 | 账户更新: 总值$99300.60, 买入力$391982.42
2025-06-12 11:14:56 | DEBUG    | src.bot.trading_bot:_update_market_data:177 | 市场数据更新完成
2025-06-12 11:14:59 | INFO     | src.trading.executor:update_account_info:125 | 账户更新: 总值$99289.60, 买入力$391982.42
2025-06-12 11:14:59 | DEBUG    | src.bot.trading_bot:_update_market_data:177 | 市场数据更新完成
2025-06-12 11:15:02 | INFO     | src.trading.executor:update_account_info:125 | 账户更新: 总值$99289.60, 买入力$391982.42
2025-06-12 11:15:02 | DEBUG    | src.bot.trading_bot:_update_market_data:177 | 市场数据更新完成
2025-06-12 11:15:06 | INFO     | src.trading.executor:update_account_info:125 | 账户更新: 总值$99256.60, 买入力$391982.42
2025-06-12 11:15:06 | DEBUG    | src.bot.trading_bot:_update_market_data:177 | 市场数据更新完成
2025-06-12 11:15:09 | INFO     | src.trading.executor:update_account_info:125 | 账户更新: 总值$99245.60, 买入力$391982.42
2025-06-12 11:15:09 | DEBUG    | src.bot.trading_bot:_update_market_data:177 | 市场数据更新完成
2025-06-12 11:15:10 | DEBUG    | src.bot.trading_bot:_update_positions_normal:249 | 📊 常规头寸更新完成
2025-06-12 11:15:12 | INFO     | src.trading.executor:update_account_info:125 | 账户更新: 总值$99234.60, 买入力$391982.42
2025-06-12 11:15:12 | DEBUG    | src.bot.trading_bot:_update_market_data:177 | 市场数据更新完成
2025-06-12 11:15:15 | INFO     | src.trading.executor:update_account_info:125 | 账户更新: 总值$99179.60, 买入力$391982.42
2025-06-12 11:15:15 | DEBUG    | src.bot.trading_bot:_update_market_data:177 | 市场数据更新完成
2025-06-12 11:15:19 | INFO     | src.trading.executor:update_account_info:125 | 账户更新: 总值$99179.60, 买入力$391982.42
2025-06-12 11:15:19 | DEBUG    | src.bot.trading_bot:_update_market_data:177 | 市场数据更新完成
2025-06-12 11:15:22 | INFO     | src.trading.executor:update_account_info:125 | 账户更新: 总值$99190.60, 买入力$391982.42
2025-06-12 11:15:22 | DEBUG    | src.bot.trading_bot:_update_market_data:177 | 市场数据更新完成
2025-06-12 11:15:25 | INFO     | src.trading.executor:update_account_info:125 | 账户更新: 总值$99201.60, 买入力$391982.42
2025-06-12 11:15:25 | DEBUG    | src.bot.trading_bot:_update_market_data:177 | 市场数据更新完成
2025-06-12 11:15:28 | INFO     | src.trading.executor:update_account_info:125 | 账户更新: 总值$99179.60, 买入力$391982.42
2025-06-12 11:15:28 | DEBUG    | src.bot.trading_bot:_update_market_data:177 | 市场数据更新完成
2025-06-12 11:15:32 | INFO     | src.trading.executor:update_account_info:125 | 账户更新: 总值$99179.60, 买入力$391982.42
2025-06-12 11:15:32 | DEBUG    | src.bot.trading_bot:_update_market_data:177 | 市场数据更新完成
2025-06-12 11:15:35 | INFO     | src.trading.executor:update_account_info:125 | 账户更新: 总值$99168.60, 买入力$391982.42
2025-06-12 11:15:35 | DEBUG    | src.bot.trading_bot:_update_market_data:177 | 市场数据更新完成
2025-06-12 11:15:38 | INFO     | src.trading.executor:update_account_info:125 | 账户更新: 总值$99179.60, 买入力$391982.42
2025-06-12 11:15:38 | DEBUG    | src.bot.trading_bot:_update_market_data:177 | 市场数据更新完成
2025-06-12 11:15:41 | INFO     | src.trading.executor:update_account_info:125 | 账户更新: 总值$99168.60, 买入力$391982.42
2025-06-12 11:15:41 | DEBUG    | src.bot.trading_bot:_update_market_data:177 | 市场数据更新完成
2025-06-12 11:15:45 | INFO     | src.trading.executor:update_account_info:125 | 账户更新: 总值$99179.60, 买入力$391982.42
2025-06-12 11:15:45 | DEBUG    | src.bot.trading_bot:_update_market_data:177 | 市场数据更新完成
2025-06-12 11:15:48 | INFO     | src.trading.executor:update_account_info:125 | 账户更新: 总值$99179.60, 买入力$391982.42
2025-06-12 11:15:48 | DEBUG    | src.bot.trading_bot:_update_market_data:177 | 市场数据更新完成
2025-06-12 11:15:51 | INFO     | src.trading.executor:update_account_info:125 | 账户更新: 总值$99179.60, 买入力$391982.42
2025-06-12 11:15:51 | DEBUG    | src.bot.trading_bot:_update_market_data:177 | 市场数据更新完成
2025-06-12 11:15:54 | INFO     | src.trading.executor:update_account_info:125 | 账户更新: 总值$99201.60, 买入力$391982.42
2025-06-12 11:15:54 | DEBUG    | src.bot.trading_bot:_update_market_data:177 | 市场数据更新完成
2025-06-12 11:15:57 | INFO     | src.trading.executor:update_account_info:125 | 账户更新: 总值$99179.60, 买入力$391982.42
2025-06-12 11:15:57 | DEBUG    | src.bot.trading_bot:_update_market_data:177 | 市场数据更新完成
2025-06-12 11:16:01 | INFO     | src.trading.executor:update_account_info:125 | 账户更新: 总值$99179.60, 买入力$391982.42
2025-06-12 11:16:01 | DEBUG    | src.bot.trading_bot:_update_market_data:177 | 市场数据更新完成
2025-06-12 11:16:04 | INFO     | src.trading.executor:update_account_info:125 | 账户更新: 总值$99179.60, 买入力$391982.42
2025-06-12 11:16:04 | DEBUG    | src.bot.trading_bot:_update_market_data:177 | 市场数据更新完成
2025-06-12 11:16:07 | INFO     | src.trading.executor:update_account_info:125 | 账户更新: 总值$99190.60, 买入力$391982.42
2025-06-12 11:16:07 | DEBUG    | src.bot.trading_bot:_update_market_data:177 | 市场数据更新完成
2025-06-12 11:16:10 | DEBUG    | src.bot.trading_bot:_update_positions_normal:249 | 📊 常规头寸更新完成
2025-06-12 11:16:10 | INFO     | src.trading.executor:update_account_info:125 | 账户更新: 总值$99179.60, 买入力$391982.42
2025-06-12 11:16:10 | DEBUG    | src.bot.trading_bot:_update_market_data:177 | 市场数据更新完成
2025-06-12 11:16:14 | INFO     | src.trading.executor:update_account_info:125 | 账户更新: 总值$99168.60, 买入力$391982.42
2025-06-12 11:16:14 | DEBUG    | src.bot.trading_bot:_update_market_data:177 | 市场数据更新完成
2025-06-12 11:16:17 | INFO     | src.trading.executor:update_account_info:125 | 账户更新: 总值$99124.60, 买入力$391982.42
2025-06-12 11:16:17 | DEBUG    | src.bot.trading_bot:_update_market_data:177 | 市场数据更新完成
2025-06-12 11:16:20 | INFO     | src.trading.executor:update_account_info:125 | 账户更新: 总值$99135.60, 买入力$391982.42
2025-06-12 11:16:20 | DEBUG    | src.bot.trading_bot:_update_market_data:177 | 市场数据更新完成
2025-06-12 11:16:23 | INFO     | src.trading.executor:update_account_info:125 | 账户更新: 总值$99146.60, 买入力$391982.42
2025-06-12 11:16:23 | DEBUG    | src.bot.trading_bot:_update_market_data:177 | 市场数据更新完成
2025-06-12 11:16:27 | INFO     | src.trading.executor:update_account_info:125 | 账户更新: 总值$99146.60, 买入力$391982.42
2025-06-12 11:16:27 | DEBUG    | src.bot.trading_bot:_update_market_data:177 | 市场数据更新完成
2025-06-12 11:16:30 | INFO     | src.trading.executor:update_account_info:125 | 账户更新: 总值$99157.60, 买入力$391982.42
2025-06-12 11:16:30 | DEBUG    | src.bot.trading_bot:_update_market_data:177 | 市场数据更新完成
2025-06-12 11:16:33 | INFO     | src.trading.executor:update_account_info:125 | 账户更新: 总值$99168.60, 买入力$391982.42
2025-06-12 11:16:33 | DEBUG    | src.bot.trading_bot:_update_market_data:177 | 市场数据更新完成
2025-06-12 11:16:36 | INFO     | src.trading.executor:update_account_info:125 | 账户更新: 总值$99212.60, 买入力$391982.42
2025-06-12 11:16:36 | DEBUG    | src.bot.trading_bot:_update_market_data:177 | 市场数据更新完成
2025-06-12 11:16:40 | INFO     | src.trading.executor:update_account_info:125 | 账户更新: 总值$99190.60, 买入力$391982.42
2025-06-12 11:16:40 | DEBUG    | src.bot.trading_bot:_update_market_data:177 | 市场数据更新完成
2025-06-12 11:16:43 | INFO     | src.trading.executor:update_account_info:125 | 账户更新: 总值$99190.60, 买入力$391982.42
2025-06-12 11:16:43 | DEBUG    | src.bot.trading_bot:_update_market_data:177 | 市场数据更新完成
2025-06-12 11:16:46 | INFO     | src.trading.executor:update_account_info:125 | 账户更新: 总值$99201.60, 买入力$391982.42
2025-06-12 11:16:46 | DEBUG    | src.bot.trading_bot:_update_market_data:177 | 市场数据更新完成
2025-06-12 11:16:50 | INFO     | src.trading.executor:update_account_info:125 | 账户更新: 总值$99212.60, 买入力$391982.42
2025-06-12 11:16:50 | DEBUG    | src.bot.trading_bot:_update_market_data:177 | 市场数据更新完成
2025-06-12 11:16:53 | INFO     | src.trading.executor:update_account_info:125 | 账户更新: 总值$99223.60, 买入力$391982.42
2025-06-12 11:16:53 | DEBUG    | src.bot.trading_bot:_update_market_data:177 | 市场数据更新完成
2025-06-12 11:16:56 | INFO     | src.trading.executor:update_account_info:125 | 账户更新: 总值$99245.60, 买入力$391982.42
2025-06-12 11:16:56 | DEBUG    | src.bot.trading_bot:_update_market_data:177 | 市场数据更新完成
2025-06-12 11:16:59 | INFO     | src.trading.executor:update_account_info:125 | 账户更新: 总值$99245.60, 买入力$391982.42
2025-06-12 11:16:59 | DEBUG    | src.bot.trading_bot:_update_market_data:177 | 市场数据更新完成
2025-06-12 11:17:02 | INFO     | src.trading.executor:update_account_info:125 | 账户更新: 总值$99223.60, 买入力$391982.42
2025-06-12 11:17:02 | DEBUG    | src.bot.trading_bot:_update_market_data:177 | 市场数据更新完成
2025-06-12 11:17:06 | INFO     | src.trading.executor:update_account_info:125 | 账户更新: 总值$99223.60, 买入力$391982.42
2025-06-12 11:17:06 | DEBUG    | src.bot.trading_bot:_update_market_data:177 | 市场数据更新完成
2025-06-12 11:17:09 | INFO     | src.trading.executor:update_account_info:125 | 账户更新: 总值$99223.60, 买入力$391982.42
2025-06-12 11:17:09 | DEBUG    | src.bot.trading_bot:_update_market_data:177 | 市场数据更新完成
2025-06-12 11:17:10 | DEBUG    | src.bot.trading_bot:_update_positions_normal:249 | 📊 常规头寸更新完成
2025-06-12 11:17:12 | INFO     | src.trading.executor:update_account_info:125 | 账户更新: 总值$99278.60, 买入力$391982.42
2025-06-12 11:17:12 | DEBUG    | src.bot.trading_bot:_update_market_data:177 | 市场数据更新完成
2025-06-12 11:17:15 | INFO     | src.trading.executor:update_account_info:125 | 账户更新: 总值$99289.60, 买入力$391982.42
2025-06-12 11:17:15 | DEBUG    | src.bot.trading_bot:_update_market_data:177 | 市场数据更新完成
2025-06-12 11:17:18 | INFO     | src.trading.executor:update_account_info:125 | 账户更新: 总值$99256.60, 买入力$391982.42
2025-06-12 11:17:18 | DEBUG    | src.bot.trading_bot:_update_market_data:177 | 市场数据更新完成
2025-06-12 11:17:22 | INFO     | src.trading.executor:update_account_info:125 | 账户更新: 总值$99256.60, 买入力$391982.42
2025-06-12 11:17:22 | DEBUG    | src.bot.trading_bot:_update_market_data:177 | 市场数据更新完成
2025-06-12 11:17:25 | INFO     | src.trading.executor:update_account_info:125 | 账户更新: 总值$99278.60, 买入力$391982.42
2025-06-12 11:17:25 | DEBUG    | src.bot.trading_bot:_update_market_data:177 | 市场数据更新完成
2025-06-12 11:17:28 | INFO     | src.trading.executor:update_account_info:125 | 账户更新: 总值$99267.60, 买入力$391982.42
2025-06-12 11:17:28 | DEBUG    | src.bot.trading_bot:_update_market_data:177 | 市场数据更新完成
2025-06-12 11:17:32 | INFO     | src.trading.executor:update_account_info:125 | 账户更新: 总值$99311.60, 买入力$391982.42
2025-06-12 11:17:32 | DEBUG    | src.bot.trading_bot:_update_market_data:177 | 市场数据更新完成
2025-06-12 11:17:35 | INFO     | src.trading.executor:update_account_info:125 | 账户更新: 总值$99289.60, 买入力$391982.42
2025-06-12 11:17:35 | DEBUG    | src.bot.trading_bot:_update_market_data:177 | 市场数据更新完成
2025-06-12 11:17:38 | INFO     | src.trading.executor:update_account_info:125 | 账户更新: 总值$99289.60, 买入力$391982.42
2025-06-12 11:17:38 | DEBUG    | src.bot.trading_bot:_update_market_data:177 | 市场数据更新完成
2025-06-12 11:17:41 | INFO     | src.trading.executor:update_account_info:125 | 账户更新: 总值$99289.60, 买入力$391982.42
2025-06-12 11:17:41 | DEBUG    | src.bot.trading_bot:_update_market_data:177 | 市场数据更新完成
2025-06-12 11:17:45 | INFO     | src.trading.executor:update_account_info:125 | 账户更新: 总值$99289.60, 买入力$391982.42
2025-06-12 11:17:45 | DEBUG    | src.bot.trading_bot:_update_market_data:177 | 市场数据更新完成
2025-06-12 11:17:48 | INFO     | src.trading.executor:update_account_info:125 | 账户更新: 总值$99267.60, 买入力$391982.42
2025-06-12 11:17:48 | DEBUG    | src.bot.trading_bot:_update_market_data:177 | 市场数据更新完成
2025-06-12 11:17:51 | INFO     | src.trading.executor:update_account_info:125 | 账户更新: 总值$99245.60, 买入力$391982.42
2025-06-12 11:17:51 | DEBUG    | src.bot.trading_bot:_update_market_data:177 | 市场数据更新完成
2025-06-12 11:17:54 | INFO     | src.trading.executor:update_account_info:125 | 账户更新: 总值$99278.60, 买入力$391982.42
2025-06-12 11:17:54 | DEBUG    | src.bot.trading_bot:_update_market_data:177 | 市场数据更新完成
2025-06-12 11:17:58 | INFO     | src.trading.executor:update_account_info:125 | 账户更新: 总值$99234.60, 买入力$391982.42
2025-06-12 11:17:58 | DEBUG    | src.bot.trading_bot:_update_market_data:177 | 市场数据更新完成
2025-06-12 11:18:01 | INFO     | src.trading.executor:update_account_info:125 | 账户更新: 总值$99267.60, 买入力$391982.42
2025-06-12 11:18:01 | DEBUG    | src.bot.trading_bot:_update_market_data:177 | 市场数据更新完成
2025-06-12 11:18:04 | INFO     | src.trading.executor:update_account_info:125 | 账户更新: 总值$99289.60, 买入力$391982.42
2025-06-12 11:18:04 | DEBUG    | src.bot.trading_bot:_update_market_data:177 | 市场数据更新完成
2025-06-12 11:18:07 | INFO     | src.trading.executor:update_account_info:125 | 账户更新: 总值$99267.60, 买入力$391982.42
2025-06-12 11:18:07 | DEBUG    | src.bot.trading_bot:_update_market_data:177 | 市场数据更新完成
2025-06-12 11:18:11 | INFO     | src.trading.executor:update_account_info:125 | 账户更新: 总值$99245.60, 买入力$391982.42
2025-06-12 11:18:11 | DEBUG    | src.bot.trading_bot:_update_market_data:177 | 市场数据更新完成
2025-06-12 11:18:11 | DEBUG    | src.bot.trading_bot:_update_positions_normal:249 | 📊 常规头寸更新完成
2025-06-12 11:18:14 | INFO     | src.trading.executor:update_account_info:125 | 账户更新: 总值$99179.60, 买入力$391982.42
2025-06-12 11:18:14 | DEBUG    | src.bot.trading_bot:_update_market_data:177 | 市场数据更新完成
2025-06-12 11:18:17 | INFO     | src.trading.executor:update_account_info:125 | 账户更新: 总值$99201.60, 买入力$391982.42
2025-06-12 11:18:17 | DEBUG    | src.bot.trading_bot:_update_market_data:177 | 市场数据更新完成
2025-06-12 11:18:20 | INFO     | src.trading.executor:update_account_info:125 | 账户更新: 总值$99212.60, 买入力$391982.42
2025-06-12 11:18:20 | DEBUG    | src.bot.trading_bot:_update_market_data:177 | 市场数据更新完成
2025-06-12 11:18:23 | INFO     | src.trading.executor:update_account_info:125 | 账户更新: 总值$99201.60, 买入力$391982.42
2025-06-12 11:18:23 | DEBUG    | src.bot.trading_bot:_update_market_data:177 | 市场数据更新完成
2025-06-12 11:18:27 | INFO     | src.trading.executor:update_account_info:125 | 账户更新: 总值$99223.60, 买入力$391982.42
2025-06-12 11:18:27 | DEBUG    | src.bot.trading_bot:_update_market_data:177 | 市场数据更新完成
2025-06-12 11:18:30 | INFO     | src.trading.executor:update_account_info:125 | 账户更新: 总值$99212.60, 买入力$391982.42
2025-06-12 11:18:30 | DEBUG    | src.bot.trading_bot:_update_market_data:177 | 市场数据更新完成
2025-06-12 11:18:33 | INFO     | src.trading.executor:update_account_info:125 | 账户更新: 总值$99201.60, 买入力$391982.42
2025-06-12 11:18:33 | DEBUG    | src.bot.trading_bot:_update_market_data:177 | 市场数据更新完成
2025-06-12 11:18:36 | INFO     | src.trading.executor:update_account_info:125 | 账户更新: 总值$99179.60, 买入力$391982.42
2025-06-12 11:18:36 | DEBUG    | src.bot.trading_bot:_update_market_data:177 | 市场数据更新完成
2025-06-12 11:18:40 | INFO     | src.trading.executor:update_account_info:125 | 账户更新: 总值$99201.60, 买入力$391982.42
2025-06-12 11:18:40 | DEBUG    | src.bot.trading_bot:_update_market_data:177 | 市场数据更新完成
2025-06-12 11:18:43 | INFO     | src.trading.executor:update_account_info:125 | 账户更新: 总值$99212.60, 买入力$391982.42
2025-06-12 11:18:43 | DEBUG    | src.bot.trading_bot:_update_market_data:177 | 市场数据更新完成
2025-06-12 11:18:46 | INFO     | src.trading.executor:update_account_info:125 | 账户更新: 总值$99223.60, 买入力$391982.42
2025-06-12 11:18:46 | DEBUG    | src.bot.trading_bot:_update_market_data:177 | 市场数据更新完成
2025-06-12 11:18:49 | INFO     | src.trading.executor:update_account_info:125 | 账户更新: 总值$99245.60, 买入力$391982.42
2025-06-12 11:18:49 | DEBUG    | src.bot.trading_bot:_update_market_data:177 | 市场数据更新完成
2025-06-12 11:18:52 | INFO     | src.trading.executor:update_account_info:125 | 账户更新: 总值$99245.60, 买入力$391982.42
2025-06-12 11:18:52 | DEBUG    | src.bot.trading_bot:_update_market_data:177 | 市场数据更新完成
2025-06-12 11:18:56 | INFO     | src.trading.executor:update_account_info:125 | 账户更新: 总值$99278.60, 买入力$391982.42
2025-06-12 11:18:56 | DEBUG    | src.bot.trading_bot:_update_market_data:177 | 市场数据更新完成
2025-06-12 11:18:59 | INFO     | src.trading.executor:update_account_info:125 | 账户更新: 总值$99256.60, 买入力$391982.42
2025-06-12 11:18:59 | DEBUG    | src.bot.trading_bot:_update_market_data:177 | 市场数据更新完成
2025-06-12 11:19:02 | INFO     | src.trading.executor:update_account_info:125 | 账户更新: 总值$99278.60, 买入力$391982.42
2025-06-12 11:19:02 | DEBUG    | src.bot.trading_bot:_update_market_data:177 | 市场数据更新完成
2025-06-12 11:19:05 | INFO     | src.trading.executor:update_account_info:125 | 账户更新: 总值$99289.60, 买入力$391982.42
2025-06-12 11:19:05 | DEBUG    | src.bot.trading_bot:_update_market_data:177 | 市场数据更新完成
2025-06-12 11:19:09 | INFO     | src.trading.executor:update_account_info:125 | 账户更新: 总值$99289.60, 买入力$391982.42
2025-06-12 11:19:09 | DEBUG    | src.bot.trading_bot:_update_market_data:177 | 市场数据更新完成
2025-06-12 11:19:11 | DEBUG    | src.bot.trading_bot:_update_positions_normal:249 | 📊 常规头寸更新完成
2025-06-12 11:19:12 | INFO     | src.trading.executor:update_account_info:125 | 账户更新: 总值$99300.60, 买入力$391982.42
2025-06-12 11:19:12 | DEBUG    | src.bot.trading_bot:_update_market_data:177 | 市场数据更新完成
2025-06-12 11:19:15 | INFO     | src.trading.executor:update_account_info:125 | 账户更新: 总值$99289.60, 买入力$391982.42
2025-06-12 11:19:15 | DEBUG    | src.bot.trading_bot:_update_market_data:177 | 市场数据更新完成
2025-06-12 11:19:18 | INFO     | src.trading.executor:update_account_info:125 | 账户更新: 总值$99311.60, 买入力$391982.42
2025-06-12 11:19:18 | DEBUG    | src.bot.trading_bot:_update_market_data:177 | 市场数据更新完成
2025-06-12 11:19:21 | INFO     | src.trading.executor:update_account_info:125 | 账户更新: 总值$99278.60, 买入力$391982.42
2025-06-12 11:19:21 | DEBUG    | src.bot.trading_bot:_update_market_data:177 | 市场数据更新完成
2025-06-12 11:19:25 | INFO     | src.trading.executor:update_account_info:125 | 账户更新: 总值$99267.60, 买入力$391982.42
2025-06-12 11:19:25 | DEBUG    | src.bot.trading_bot:_update_market_data:177 | 市场数据更新完成
2025-06-12 11:19:28 | INFO     | src.trading.executor:update_account_info:125 | 账户更新: 总值$99278.60, 买入力$391982.42
2025-06-12 11:19:28 | DEBUG    | src.bot.trading_bot:_update_market_data:177 | 市场数据更新完成
2025-06-12 11:19:31 | INFO     | src.trading.executor:update_account_info:125 | 账户更新: 总值$99245.60, 买入力$391982.42
2025-06-12 11:19:31 | DEBUG    | src.bot.trading_bot:_update_market_data:177 | 市场数据更新完成
2025-06-12 11:19:34 | INFO     | src.trading.executor:update_account_info:125 | 账户更新: 总值$99234.60, 买入力$391982.42
2025-06-12 11:19:34 | DEBUG    | src.bot.trading_bot:_update_market_data:177 | 市场数据更新完成
2025-06-12 11:19:38 | INFO     | src.trading.executor:update_account_info:125 | 账户更新: 总值$99234.60, 买入力$391982.42
2025-06-12 11:19:38 | DEBUG    | src.bot.trading_bot:_update_market_data:177 | 市场数据更新完成
2025-06-12 11:19:41 | INFO     | src.trading.executor:update_account_info:125 | 账户更新: 总值$99223.60, 买入力$391982.42
2025-06-12 11:19:41 | DEBUG    | src.bot.trading_bot:_update_market_data:177 | 市场数据更新完成
2025-06-12 11:19:44 | INFO     | src.trading.executor:update_account_info:125 | 账户更新: 总值$99212.60, 买入力$391982.42
2025-06-12 11:19:44 | DEBUG    | src.bot.trading_bot:_update_market_data:177 | 市场数据更新完成
2025-06-12 11:19:47 | INFO     | src.trading.executor:update_account_info:125 | 账户更新: 总值$99212.60, 买入力$391982.42
2025-06-12 11:19:47 | DEBUG    | src.bot.trading_bot:_update_market_data:177 | 市场数据更新完成
2025-06-12 11:19:51 | INFO     | src.trading.executor:update_account_info:125 | 账户更新: 总值$99212.60, 买入力$391982.42
2025-06-12 11:19:51 | DEBUG    | src.bot.trading_bot:_update_market_data:177 | 市场数据更新完成
2025-06-12 11:19:54 | INFO     | src.trading.executor:update_account_info:125 | 账户更新: 总值$99212.60, 买入力$391982.42
2025-06-12 11:19:54 | DEBUG    | src.bot.trading_bot:_update_market_data:177 | 市场数据更新完成
2025-06-12 11:19:57 | INFO     | src.trading.executor:update_account_info:125 | 账户更新: 总值$99201.60, 买入力$391982.42
2025-06-12 11:19:57 | DEBUG    | src.bot.trading_bot:_update_market_data:177 | 市场数据更新完成
2025-06-12 11:20:00 | INFO     | src.trading.executor:update_account_info:125 | 账户更新: 总值$99212.60, 买入力$391982.42
2025-06-12 11:20:00 | DEBUG    | src.bot.trading_bot:_update_market_data:177 | 市场数据更新完成
2025-06-12 11:20:04 | INFO     | src.trading.executor:update_account_info:125 | 账户更新: 总值$99201.60, 买入力$391982.42
2025-06-12 11:20:04 | DEBUG    | src.bot.trading_bot:_update_market_data:177 | 市场数据更新完成
2025-06-12 11:20:07 | INFO     | src.trading.executor:update_account_info:125 | 账户更新: 总值$99179.60, 买入力$391982.42
2025-06-12 11:20:07 | DEBUG    | src.bot.trading_bot:_update_market_data:177 | 市场数据更新完成
2025-06-12 11:20:10 | INFO     | src.trading.executor:update_account_info:125 | 账户更新: 总值$99201.60, 买入力$391982.42
2025-06-12 11:20:10 | DEBUG    | src.bot.trading_bot:_update_market_data:177 | 市场数据更新完成
2025-06-12 11:20:11 | DEBUG    | src.bot.trading_bot:_update_positions_normal:249 | 📊 常规头寸更新完成
2025-06-12 11:20:13 | INFO     | src.trading.executor:update_account_info:125 | 账户更新: 总值$99190.60, 买入力$391982.42
2025-06-12 11:20:13 | DEBUG    | src.bot.trading_bot:_update_market_data:177 | 市场数据更新完成
2025-06-12 11:20:16 | INFO     | src.trading.executor:update_account_info:125 | 账户更新: 总值$99124.60, 买入力$391982.42
2025-06-12 11:20:16 | DEBUG    | src.bot.trading_bot:_update_market_data:177 | 市场数据更新完成
2025-06-12 11:20:20 | INFO     | src.trading.executor:update_account_info:125 | 账户更新: 总值$99168.60, 买入力$391982.42
2025-06-12 11:20:20 | DEBUG    | src.bot.trading_bot:_update_market_data:177 | 市场数据更新完成
2025-06-12 11:20:23 | INFO     | src.trading.executor:update_account_info:125 | 账户更新: 总值$99157.60, 买入力$391982.42
2025-06-12 11:20:23 | DEBUG    | src.bot.trading_bot:_update_market_data:177 | 市场数据更新完成
2025-06-12 11:20:26 | INFO     | src.trading.executor:update_account_info:125 | 账户更新: 总值$99135.60, 买入力$391982.42
2025-06-12 11:20:26 | DEBUG    | src.bot.trading_bot:_update_market_data:177 | 市场数据更新完成
2025-06-12 11:20:29 | INFO     | src.trading.executor:update_account_info:125 | 账户更新: 总值$99157.60, 买入力$391982.42
2025-06-12 11:20:29 | DEBUG    | src.bot.trading_bot:_update_market_data:177 | 市场数据更新完成
2025-06-12 11:20:32 | INFO     | src.trading.executor:update_account_info:125 | 账户更新: 总值$99135.60, 买入力$391982.42
2025-06-12 11:20:32 | DEBUG    | src.bot.trading_bot:_update_market_data:177 | 市场数据更新完成
2025-06-12 11:20:36 | INFO     | src.trading.executor:update_account_info:125 | 账户更新: 总值$99135.60, 买入力$391982.42
2025-06-12 11:20:36 | DEBUG    | src.bot.trading_bot:_update_market_data:177 | 市场数据更新完成
2025-06-12 11:20:39 | INFO     | src.trading.executor:update_account_info:125 | 账户更新: 总值$99157.60, 买入力$391982.42
2025-06-12 11:20:39 | DEBUG    | src.bot.trading_bot:_update_market_data:177 | 市场数据更新完成
2025-06-12 11:20:42 | INFO     | src.trading.executor:update_account_info:125 | 账户更新: 总值$99157.60, 买入力$391982.42
2025-06-12 11:20:42 | DEBUG    | src.bot.trading_bot:_update_market_data:177 | 市场数据更新完成
2025-06-12 11:20:45 | INFO     | src.trading.executor:update_account_info:125 | 账户更新: 总值$99168.60, 买入力$391982.42
2025-06-12 11:20:45 | DEBUG    | src.bot.trading_bot:_update_market_data:177 | 市场数据更新完成
2025-06-12 11:20:49 | INFO     | src.trading.executor:update_account_info:125 | 账户更新: 总值$99179.60, 买入力$391982.42
2025-06-12 11:20:49 | DEBUG    | src.bot.trading_bot:_update_market_data:177 | 市场数据更新完成
2025-06-12 11:20:52 | INFO     | src.trading.executor:update_account_info:125 | 账户更新: 总值$99179.60, 买入力$391982.42
2025-06-12 11:20:52 | DEBUG    | src.bot.trading_bot:_update_market_data:177 | 市场数据更新完成
2025-06-12 11:20:55 | INFO     | src.trading.executor:update_account_info:125 | 账户更新: 总值$99179.60, 买入力$391982.42
2025-06-12 11:20:55 | DEBUG    | src.bot.trading_bot:_update_market_data:177 | 市场数据更新完成
2025-06-12 11:20:58 | INFO     | src.trading.executor:update_account_info:125 | 账户更新: 总值$99179.60, 买入力$391982.42
2025-06-12 11:20:58 | DEBUG    | src.bot.trading_bot:_update_market_data:177 | 市场数据更新完成
2025-06-12 11:21:01 | INFO     | src.trading.executor:update_account_info:125 | 账户更新: 总值$99157.60, 买入力$391982.42
2025-06-12 11:21:01 | DEBUG    | src.bot.trading_bot:_update_market_data:177 | 市场数据更新完成
2025-06-12 11:21:05 | INFO     | src.trading.executor:update_account_info:125 | 账户更新: 总值$99157.60, 买入力$391982.42
2025-06-12 11:21:05 | DEBUG    | src.bot.trading_bot:_update_market_data:177 | 市场数据更新完成
2025-06-12 11:21:08 | INFO     | src.trading.executor:update_account_info:125 | 账户更新: 总值$99157.60, 买入力$391982.42
2025-06-12 11:21:08 | DEBUG    | src.bot.trading_bot:_update_market_data:177 | 市场数据更新完成
2025-06-12 11:21:11 | INFO     | src.trading.executor:update_account_info:125 | 账户更新: 总值$99157.60, 买入力$391982.42
2025-06-12 11:21:11 | DEBUG    | src.bot.trading_bot:_update_market_data:177 | 市场数据更新完成
2025-06-12 11:21:12 | DEBUG    | src.bot.trading_bot:_update_positions_normal:249 | 📊 常规头寸更新完成
2025-06-12 11:21:14 | INFO     | src.trading.executor:update_account_info:125 | 账户更新: 总值$99157.60, 买入力$391982.42
2025-06-12 11:21:14 | DEBUG    | src.bot.trading_bot:_update_market_data:177 | 市场数据更新完成
2025-06-12 11:21:18 | INFO     | src.trading.executor:update_account_info:125 | 账户更新: 总值$99157.60, 买入力$391982.42
2025-06-12 11:21:18 | DEBUG    | src.bot.trading_bot:_update_market_data:177 | 市场数据更新完成
2025-06-12 11:21:21 | INFO     | src.trading.executor:update_account_info:125 | 账户更新: 总值$99179.60, 买入力$391982.42
2025-06-12 11:21:21 | DEBUG    | src.bot.trading_bot:_update_market_data:177 | 市场数据更新完成
2025-06-12 11:21:24 | INFO     | src.trading.executor:update_account_info:125 | 账户更新: 总值$99168.60, 买入力$391982.42
2025-06-12 11:21:24 | DEBUG    | src.bot.trading_bot:_update_market_data:177 | 市场数据更新完成
2025-06-12 11:21:27 | INFO     | src.trading.executor:update_account_info:125 | 账户更新: 总值$99190.60, 买入力$391982.42
2025-06-12 11:21:27 | DEBUG    | src.bot.trading_bot:_update_market_data:177 | 市场数据更新完成
2025-06-12 11:21:31 | INFO     | src.trading.executor:update_account_info:125 | 账户更新: 总值$99168.60, 买入力$391982.42
2025-06-12 11:21:31 | DEBUG    | src.bot.trading_bot:_update_market_data:177 | 市场数据更新完成
2025-06-12 11:21:34 | INFO     | src.trading.executor:update_account_info:125 | 账户更新: 总值$99179.60, 买入力$391982.42
2025-06-12 11:21:34 | DEBUG    | src.bot.trading_bot:_update_market_data:177 | 市场数据更新完成
2025-06-12 11:21:37 | INFO     | src.trading.executor:update_account_info:125 | 账户更新: 总值$99190.60, 买入力$391982.42
2025-06-12 11:21:37 | DEBUG    | src.bot.trading_bot:_update_market_data:177 | 市场数据更新完成
2025-06-12 11:21:40 | INFO     | src.trading.executor:update_account_info:125 | 账户更新: 总值$99179.60, 买入力$391982.42
2025-06-12 11:21:40 | DEBUG    | src.bot.trading_bot:_update_market_data:177 | 市场数据更新完成
2025-06-12 11:21:44 | INFO     | src.trading.executor:update_account_info:125 | 账户更新: 总值$99157.60, 买入力$391982.42
2025-06-12 11:21:44 | DEBUG    | src.bot.trading_bot:_update_market_data:177 | 市场数据更新完成
2025-06-12 11:21:47 | INFO     | src.trading.executor:update_account_info:125 | 账户更新: 总值$99157.60, 买入力$391982.42
2025-06-12 11:21:47 | DEBUG    | src.bot.trading_bot:_update_market_data:177 | 市场数据更新完成
2025-06-12 11:21:50 | INFO     | src.trading.executor:update_account_info:125 | 账户更新: 总值$99179.60, 买入力$391982.42
2025-06-12 11:21:50 | DEBUG    | src.bot.trading_bot:_update_market_data:177 | 市场数据更新完成
2025-06-12 11:21:53 | INFO     | src.trading.executor:update_account_info:125 | 账户更新: 总值$99179.60, 买入力$391982.42
2025-06-12 11:21:53 | DEBUG    | src.bot.trading_bot:_update_market_data:177 | 市场数据更新完成
2025-06-12 11:21:56 | INFO     | src.trading.executor:update_account_info:125 | 账户更新: 总值$99179.60, 买入力$391982.42
2025-06-12 11:21:56 | DEBUG    | src.bot.trading_bot:_update_market_data:177 | 市场数据更新完成
2025-06-12 11:22:00 | INFO     | src.trading.executor:update_account_info:125 | 账户更新: 总值$99179.60, 买入力$391982.42
2025-06-12 11:22:00 | DEBUG    | src.bot.trading_bot:_update_market_data:177 | 市场数据更新完成
2025-06-12 11:22:03 | INFO     | src.trading.executor:update_account_info:125 | 账户更新: 总值$99212.60, 买入力$391982.42
2025-06-12 11:22:03 | DEBUG    | src.bot.trading_bot:_update_market_data:177 | 市场数据更新完成
2025-06-12 11:22:07 | INFO     | src.trading.executor:update_account_info:125 | 账户更新: 总值$99212.60, 买入力$391982.42
2025-06-12 11:22:07 | DEBUG    | src.bot.trading_bot:_update_market_data:177 | 市场数据更新完成
2025-06-12 11:22:10 | INFO     | src.trading.executor:update_account_info:125 | 账户更新: 总值$99234.60, 买入力$391982.42
2025-06-12 11:22:10 | DEBUG    | src.bot.trading_bot:_update_market_data:177 | 市场数据更新完成
2025-06-12 11:22:12 | DEBUG    | src.bot.trading_bot:_update_positions_normal:249 | 📊 常规头寸更新完成
2025-06-12 11:22:13 | INFO     | src.trading.executor:update_account_info:125 | 账户更新: 总值$99234.60, 买入力$391982.42
2025-06-12 11:22:13 | DEBUG    | src.bot.trading_bot:_update_market_data:177 | 市场数据更新完成
2025-06-12 11:22:16 | INFO     | src.trading.executor:update_account_info:125 | 账户更新: 总值$99234.60, 买入力$391982.42
2025-06-12 11:22:16 | DEBUG    | src.bot.trading_bot:_update_market_data:177 | 市场数据更新完成
2025-06-12 11:22:20 | INFO     | src.trading.executor:update_account_info:125 | 账户更新: 总值$99245.60, 买入力$391982.42
2025-06-12 11:22:20 | DEBUG    | src.bot.trading_bot:_update_market_data:177 | 市场数据更新完成
2025-06-12 11:22:23 | INFO     | src.trading.executor:update_account_info:125 | 账户更新: 总值$99256.60, 买入力$391982.42
2025-06-12 11:22:23 | DEBUG    | src.bot.trading_bot:_update_market_data:177 | 市场数据更新完成
2025-06-12 11:22:26 | INFO     | src.trading.executor:update_account_info:125 | 账户更新: 总值$99267.60, 买入力$391982.42
2025-06-12 11:22:26 | DEBUG    | src.bot.trading_bot:_update_market_data:177 | 市场数据更新完成
2025-06-12 11:22:29 | INFO     | src.trading.executor:update_account_info:125 | 账户更新: 总值$99300.60, 买入力$391982.42
2025-06-12 11:22:29 | DEBUG    | src.bot.trading_bot:_update_market_data:177 | 市场数据更新完成
2025-06-12 11:22:32 | INFO     | src.trading.executor:update_account_info:125 | 账户更新: 总值$99300.60, 买入力$391982.42
2025-06-12 11:22:32 | DEBUG    | src.bot.trading_bot:_update_market_data:177 | 市场数据更新完成
2025-06-12 11:22:36 | INFO     | src.trading.executor:update_account_info:125 | 账户更新: 总值$99278.60, 买入力$391982.42
2025-06-12 11:22:36 | DEBUG    | src.bot.trading_bot:_update_market_data:177 | 市场数据更新完成
2025-06-12 11:22:39 | INFO     | src.trading.executor:update_account_info:125 | 账户更新: 总值$99289.60, 买入力$391982.42
2025-06-12 11:22:39 | DEBUG    | src.bot.trading_bot:_update_market_data:177 | 市场数据更新完成
2025-06-12 11:22:42 | INFO     | src.trading.executor:update_account_info:125 | 账户更新: 总值$99300.60, 买入力$391982.42
2025-06-12 11:22:42 | DEBUG    | src.bot.trading_bot:_update_market_data:177 | 市场数据更新完成
2025-06-12 11:22:45 | INFO     | src.trading.executor:update_account_info:125 | 账户更新: 总值$99311.60, 买入力$391982.42
2025-06-12 11:22:45 | DEBUG    | src.bot.trading_bot:_update_market_data:177 | 市场数据更新完成
2025-06-12 11:22:49 | INFO     | src.trading.executor:update_account_info:125 | 账户更新: 总值$99311.60, 买入力$391982.42
2025-06-12 11:22:49 | DEBUG    | src.bot.trading_bot:_update_market_data:177 | 市场数据更新完成
2025-06-12 11:22:52 | INFO     | src.trading.executor:update_account_info:125 | 账户更新: 总值$99333.60, 买入力$391982.42
2025-06-12 11:22:52 | DEBUG    | src.bot.trading_bot:_update_market_data:177 | 市场数据更新完成
2025-06-12 11:22:55 | INFO     | src.trading.executor:update_account_info:125 | 账户更新: 总值$99311.60, 买入力$391982.42
2025-06-12 11:22:55 | DEBUG    | src.bot.trading_bot:_update_market_data:177 | 市场数据更新完成
2025-06-12 11:22:59 | INFO     | src.trading.executor:update_account_info:125 | 账户更新: 总值$99322.60, 买入力$391982.42
2025-06-12 11:22:59 | DEBUG    | src.bot.trading_bot:_update_market_data:177 | 市场数据更新完成
2025-06-12 11:23:02 | INFO     | src.trading.executor:update_account_info:125 | 账户更新: 总值$99333.60, 买入力$391982.42
2025-06-12 11:23:02 | DEBUG    | src.bot.trading_bot:_update_market_data:177 | 市场数据更新完成
2025-06-12 11:23:05 | INFO     | src.trading.executor:update_account_info:125 | 账户更新: 总值$99333.60, 买入力$391982.42
2025-06-12 11:23:05 | DEBUG    | src.bot.trading_bot:_update_market_data:177 | 市场数据更新完成
2025-06-12 11:23:08 | INFO     | src.trading.executor:update_account_info:125 | 账户更新: 总值$99289.60, 买入力$391982.42
2025-06-12 11:23:08 | DEBUG    | src.bot.trading_bot:_update_market_data:177 | 市场数据更新完成
2025-06-12 11:23:11 | INFO     | src.trading.executor:update_account_info:125 | 账户更新: 总值$99300.60, 买入力$391982.42
2025-06-12 11:23:11 | DEBUG    | src.bot.trading_bot:_update_market_data:177 | 市场数据更新完成
2025-06-12 11:23:12 | DEBUG    | src.bot.trading_bot:_update_positions_normal:249 | 📊 常规头寸更新完成
2025-06-12 11:23:15 | INFO     | src.trading.executor:update_account_info:125 | 账户更新: 总值$99300.60, 买入力$391982.42
2025-06-12 11:23:15 | DEBUG    | src.bot.trading_bot:_update_market_data:177 | 市场数据更新完成
2025-06-12 11:23:18 | INFO     | src.trading.executor:update_account_info:125 | 账户更新: 总值$99311.60, 买入力$391982.42
2025-06-12 11:23:18 | DEBUG    | src.bot.trading_bot:_update_market_data:177 | 市场数据更新完成
2025-06-12 11:23:21 | INFO     | src.trading.executor:update_account_info:125 | 账户更新: 总值$99344.60, 买入力$391982.42
2025-06-12 11:23:21 | DEBUG    | src.bot.trading_bot:_update_market_data:177 | 市场数据更新完成
2025-06-12 11:23:25 | INFO     | src.trading.executor:update_account_info:125 | 账户更新: 总值$99333.60, 买入力$391982.42
2025-06-12 11:23:25 | DEBUG    | src.bot.trading_bot:_update_market_data:177 | 市场数据更新完成
2025-06-12 11:23:28 | INFO     | src.trading.executor:update_account_info:125 | 账户更新: 总值$99344.60, 买入力$391982.42
2025-06-12 11:23:28 | DEBUG    | src.bot.trading_bot:_update_market_data:177 | 市场数据更新完成
2025-06-12 11:23:31 | INFO     | src.trading.executor:update_account_info:125 | 账户更新: 总值$99421.60, 买入力$391982.42
2025-06-12 11:23:31 | DEBUG    | src.bot.trading_bot:_update_market_data:177 | 市场数据更新完成
2025-06-12 11:23:34 | INFO     | src.trading.executor:update_account_info:125 | 账户更新: 总值$99443.60, 买入力$391982.42
2025-06-12 11:23:34 | DEBUG    | src.bot.trading_bot:_update_market_data:177 | 市场数据更新完成
2025-06-12 11:23:37 | INFO     | src.trading.executor:update_account_info:125 | 账户更新: 总值$99465.60, 买入力$391982.42
2025-06-12 11:23:37 | DEBUG    | src.bot.trading_bot:_update_market_data:177 | 市场数据更新完成
2025-06-12 11:23:41 | INFO     | src.trading.executor:update_account_info:125 | 账户更新: 总值$99476.60, 买入力$391982.42
2025-06-12 11:23:41 | DEBUG    | src.bot.trading_bot:_update_market_data:177 | 市场数据更新完成
2025-06-12 11:23:44 | INFO     | src.trading.executor:update_account_info:125 | 账户更新: 总值$99432.60, 买入力$391982.42
2025-06-12 11:23:44 | DEBUG    | src.bot.trading_bot:_update_market_data:177 | 市场数据更新完成
2025-06-12 11:23:47 | INFO     | src.trading.executor:update_account_info:125 | 账户更新: 总值$99454.60, 买入力$391982.42
2025-06-12 11:23:47 | DEBUG    | src.bot.trading_bot:_update_market_data:177 | 市场数据更新完成
2025-06-12 11:23:51 | INFO     | src.trading.executor:update_account_info:125 | 账户更新: 总值$99465.60, 买入力$391982.42
2025-06-12 11:23:51 | DEBUG    | src.bot.trading_bot:_update_market_data:177 | 市场数据更新完成
2025-06-12 11:23:54 | INFO     | src.trading.executor:update_account_info:125 | 账户更新: 总值$99443.60, 买入力$391982.42
2025-06-12 11:23:54 | DEBUG    | src.bot.trading_bot:_update_market_data:177 | 市场数据更新完成
2025-06-12 11:23:57 | INFO     | src.trading.executor:update_account_info:125 | 账户更新: 总值$99443.60, 买入力$391982.42
2025-06-12 11:23:57 | DEBUG    | src.bot.trading_bot:_update_market_data:177 | 市场数据更新完成
2025-06-12 11:24:00 | INFO     | src.trading.executor:update_account_info:125 | 账户更新: 总值$99454.60, 买入力$391982.42
2025-06-12 11:24:00 | DEBUG    | src.bot.trading_bot:_update_market_data:177 | 市场数据更新完成
2025-06-12 11:24:03 | INFO     | src.trading.executor:update_account_info:125 | 账户更新: 总值$99410.60, 买入力$391982.42
2025-06-12 11:24:03 | DEBUG    | src.bot.trading_bot:_update_market_data:177 | 市场数据更新完成
2025-06-12 11:24:07 | INFO     | src.trading.executor:update_account_info:125 | 账户更新: 总值$99388.60, 买入力$391982.42
2025-06-12 11:24:07 | DEBUG    | src.bot.trading_bot:_update_market_data:177 | 市场数据更新完成
2025-06-12 11:24:10 | INFO     | src.trading.executor:update_account_info:125 | 账户更新: 总值$99388.60, 买入力$391982.42
2025-06-12 11:24:10 | DEBUG    | src.bot.trading_bot:_update_market_data:177 | 市场数据更新完成
2025-06-12 11:24:13 | DEBUG    | src.bot.trading_bot:_update_positions_normal:249 | 📊 常规头寸更新完成
2025-06-12 11:24:13 | INFO     | src.trading.executor:update_account_info:125 | 账户更新: 总值$99410.60, 买入力$391982.42
2025-06-12 11:24:13 | DEBUG    | src.bot.trading_bot:_update_market_data:177 | 市场数据更新完成
2025-06-12 11:24:16 | INFO     | src.trading.executor:update_account_info:125 | 账户更新: 总值$99410.60, 买入力$391982.42
2025-06-12 11:24:16 | DEBUG    | src.bot.trading_bot:_update_market_data:177 | 市场数据更新完成
2025-06-12 11:24:19 | INFO     | src.trading.executor:update_account_info:125 | 账户更新: 总值$99410.60, 买入力$391982.42
2025-06-12 11:24:19 | DEBUG    | src.bot.trading_bot:_update_market_data:177 | 市场数据更新完成
2025-06-12 11:24:23 | INFO     | src.trading.executor:update_account_info:125 | 账户更新: 总值$99399.60, 买入力$391982.42
2025-06-12 11:24:23 | DEBUG    | src.bot.trading_bot:_update_market_data:177 | 市场数据更新完成
2025-06-12 11:24:26 | INFO     | src.trading.executor:update_account_info:125 | 账户更新: 总值$99388.60, 买入力$391982.42
2025-06-12 11:24:26 | DEBUG    | src.bot.trading_bot:_update_market_data:177 | 市场数据更新完成
2025-06-12 11:24:29 | INFO     | src.trading.executor:update_account_info:125 | 账户更新: 总值$99410.60, 买入力$391982.42
2025-06-12 11:24:29 | DEBUG    | src.bot.trading_bot:_update_market_data:177 | 市场数据更新完成
2025-06-12 11:24:32 | INFO     | src.trading.executor:update_account_info:125 | 账户更新: 总值$99421.60, 买入力$391982.42
2025-06-12 11:24:32 | DEBUG    | src.bot.trading_bot:_update_market_data:177 | 市场数据更新完成
2025-06-12 11:24:36 | INFO     | src.trading.executor:update_account_info:125 | 账户更新: 总值$99465.60, 买入力$391982.42
2025-06-12 11:24:36 | DEBUG    | src.bot.trading_bot:_update_market_data:177 | 市场数据更新完成
2025-06-12 11:24:39 | INFO     | src.trading.executor:update_account_info:125 | 账户更新: 总值$99509.60, 买入力$391982.42
2025-06-12 11:24:39 | DEBUG    | src.bot.trading_bot:_update_market_data:177 | 市场数据更新完成
2025-06-12 11:24:42 | INFO     | src.trading.executor:update_account_info:125 | 账户更新: 总值$99476.60, 买入力$391982.42
2025-06-12 11:24:42 | DEBUG    | src.bot.trading_bot:_update_market_data:177 | 市场数据更新完成
2025-06-12 11:24:45 | INFO     | src.trading.executor:update_account_info:125 | 账户更新: 总值$99465.60, 买入力$391982.42
2025-06-12 11:24:45 | DEBUG    | src.bot.trading_bot:_update_market_data:177 | 市场数据更新完成
2025-06-12 11:24:49 | INFO     | src.trading.executor:update_account_info:125 | 账户更新: 总值$99443.60, 买入力$391982.42
2025-06-12 11:24:49 | DEBUG    | src.bot.trading_bot:_update_market_data:177 | 市场数据更新完成
2025-06-12 11:24:52 | INFO     | src.trading.executor:update_account_info:125 | 账户更新: 总值$99465.60, 买入力$391982.42
2025-06-12 11:24:52 | DEBUG    | src.bot.trading_bot:_update_market_data:177 | 市场数据更新完成
2025-06-12 11:24:55 | INFO     | src.trading.executor:update_account_info:125 | 账户更新: 总值$99421.60, 买入力$391982.42
2025-06-12 11:24:55 | DEBUG    | src.bot.trading_bot:_update_market_data:177 | 市场数据更新完成
2025-06-12 11:24:58 | INFO     | src.trading.executor:update_account_info:125 | 账户更新: 总值$99443.60, 买入力$391982.42
2025-06-12 11:24:58 | DEBUG    | src.bot.trading_bot:_update_market_data:177 | 市场数据更新完成
2025-06-12 11:25:02 | INFO     | src.trading.executor:update_account_info:125 | 账户更新: 总值$99421.60, 买入力$391982.42
2025-06-12 11:25:02 | DEBUG    | src.bot.trading_bot:_update_market_data:177 | 市场数据更新完成
2025-06-12 11:25:05 | INFO     | src.trading.executor:update_account_info:125 | 账户更新: 总值$99399.60, 买入力$391982.42
2025-06-12 11:25:05 | DEBUG    | src.bot.trading_bot:_update_market_data:177 | 市场数据更新完成
2025-06-12 11:25:08 | INFO     | src.trading.executor:update_account_info:125 | 账户更新: 总值$99399.60, 买入力$391982.42
2025-06-12 11:25:08 | DEBUG    | src.bot.trading_bot:_update_market_data:177 | 市场数据更新完成
2025-06-12 11:25:11 | INFO     | src.trading.executor:update_account_info:125 | 账户更新: 总值$99322.60, 买入力$391982.42
2025-06-12 11:25:11 | DEBUG    | src.bot.trading_bot:_update_market_data:177 | 市场数据更新完成
2025-06-12 11:25:13 | DEBUG    | src.bot.trading_bot:_update_positions_normal:249 | 📊 常规头寸更新完成
2025-06-12 11:25:14 | INFO     | src.trading.executor:update_account_info:125 | 账户更新: 总值$99355.60, 买入力$391982.42
2025-06-12 11:25:14 | DEBUG    | src.bot.trading_bot:_update_market_data:177 | 市场数据更新完成
2025-06-12 11:25:18 | INFO     | src.trading.executor:update_account_info:125 | 账户更新: 总值$99377.60, 买入力$391982.42
2025-06-12 11:25:18 | DEBUG    | src.bot.trading_bot:_update_market_data:177 | 市场数据更新完成
2025-06-12 11:25:21 | INFO     | src.trading.executor:update_account_info:125 | 账户更新: 总值$99366.60, 买入力$391982.42
2025-06-12 11:25:21 | DEBUG    | src.bot.trading_bot:_update_market_data:177 | 市场数据更新完成
2025-06-12 11:25:24 | INFO     | src.trading.executor:update_account_info:125 | 账户更新: 总值$99377.60, 买入力$391982.42
2025-06-12 11:25:24 | DEBUG    | src.bot.trading_bot:_update_market_data:177 | 市场数据更新完成
2025-06-12 11:25:27 | INFO     | src.trading.executor:update_account_info:125 | 账户更新: 总值$99399.60, 买入力$391982.42
2025-06-12 11:25:27 | DEBUG    | src.bot.trading_bot:_update_market_data:177 | 市场数据更新完成
2025-06-12 11:25:31 | INFO     | src.trading.executor:update_account_info:125 | 账户更新: 总值$99432.60, 买入力$391982.42
2025-06-12 11:25:31 | DEBUG    | src.bot.trading_bot:_update_market_data:177 | 市场数据更新完成
2025-06-12 11:25:34 | INFO     | src.trading.executor:update_account_info:125 | 账户更新: 总值$99410.60, 买入力$391982.42
2025-06-12 11:25:34 | DEBUG    | src.bot.trading_bot:_update_market_data:177 | 市场数据更新完成
2025-06-12 11:25:37 | INFO     | src.trading.executor:update_account_info:125 | 账户更新: 总值$99410.60, 买入力$391982.42
2025-06-12 11:25:37 | DEBUG    | src.bot.trading_bot:_update_market_data:177 | 市场数据更新完成
2025-06-12 11:25:40 | INFO     | src.trading.executor:update_account_info:125 | 账户更新: 总值$99421.60, 买入力$391982.42
2025-06-12 11:25:40 | DEBUG    | src.bot.trading_bot:_update_market_data:177 | 市场数据更新完成
2025-06-12 11:25:43 | INFO     | src.trading.executor:update_account_info:125 | 账户更新: 总值$99421.60, 买入力$391982.42
2025-06-12 11:25:43 | DEBUG    | src.bot.trading_bot:_update_market_data:177 | 市场数据更新完成
2025-06-12 11:25:47 | INFO     | src.trading.executor:update_account_info:125 | 账户更新: 总值$99421.60, 买入力$391982.42
2025-06-12 11:25:47 | DEBUG    | src.bot.trading_bot:_update_market_data:177 | 市场数据更新完成
2025-06-12 11:25:50 | INFO     | src.trading.executor:update_account_info:125 | 账户更新: 总值$99399.60, 买入力$391982.42
2025-06-12 11:25:50 | DEBUG    | src.bot.trading_bot:_update_market_data:177 | 市场数据更新完成
2025-06-12 11:25:53 | INFO     | src.trading.executor:update_account_info:125 | 账户更新: 总值$99399.60, 买入力$391982.42
2025-06-12 11:25:53 | DEBUG    | src.bot.trading_bot:_update_market_data:177 | 市场数据更新完成
2025-06-12 11:25:56 | INFO     | src.trading.executor:update_account_info:125 | 账户更新: 总值$99410.60, 买入力$391982.42
2025-06-12 11:25:56 | DEBUG    | src.bot.trading_bot:_update_market_data:177 | 市场数据更新完成
2025-06-12 11:26:00 | INFO     | src.trading.executor:update_account_info:125 | 账户更新: 总值$99388.60, 买入力$391982.42
2025-06-12 11:26:00 | DEBUG    | src.bot.trading_bot:_update_market_data:177 | 市场数据更新完成
2025-06-12 11:26:03 | INFO     | src.trading.executor:update_account_info:125 | 账户更新: 总值$99410.60, 买入力$391982.42
2025-06-12 11:26:03 | DEBUG    | src.bot.trading_bot:_update_market_data:177 | 市场数据更新完成
2025-06-12 11:26:06 | INFO     | src.trading.executor:update_account_info:125 | 账户更新: 总值$99410.60, 买入力$391982.42
2025-06-12 11:26:06 | DEBUG    | src.bot.trading_bot:_update_market_data:177 | 市场数据更新完成
2025-06-12 11:26:09 | INFO     | src.trading.executor:update_account_info:125 | 账户更新: 总值$99454.60, 买入力$391982.42
2025-06-12 11:26:09 | DEBUG    | src.bot.trading_bot:_update_market_data:177 | 市场数据更新完成
2025-06-12 11:26:12 | INFO     | src.trading.executor:update_account_info:125 | 账户更新: 总值$99465.60, 买入力$391982.42
2025-06-12 11:26:12 | DEBUG    | src.bot.trading_bot:_update_market_data:177 | 市场数据更新完成
2025-06-12 11:26:13 | DEBUG    | src.bot.trading_bot:_update_positions_normal:249 | 📊 常规头寸更新完成
2025-06-12 11:26:16 | INFO     | src.trading.executor:update_account_info:125 | 账户更新: 总值$99476.60, 买入力$391982.42
2025-06-12 11:26:16 | DEBUG    | src.bot.trading_bot:_update_market_data:177 | 市场数据更新完成
2025-06-12 11:26:19 | INFO     | src.trading.executor:update_account_info:125 | 账户更新: 总值$99487.60, 买入力$391982.42
2025-06-12 11:26:19 | DEBUG    | src.bot.trading_bot:_update_market_data:177 | 市场数据更新完成
2025-06-12 11:26:22 | INFO     | src.trading.executor:update_account_info:125 | 账户更新: 总值$99454.60, 买入力$391982.42
2025-06-12 11:26:22 | DEBUG    | src.bot.trading_bot:_update_market_data:177 | 市场数据更新完成
2025-06-12 11:26:25 | INFO     | src.trading.executor:update_account_info:125 | 账户更新: 总值$99454.60, 买入力$391982.42
2025-06-12 11:26:25 | DEBUG    | src.bot.trading_bot:_update_market_data:177 | 市场数据更新完成
2025-06-12 11:26:29 | INFO     | src.trading.executor:update_account_info:125 | 账户更新: 总值$99454.60, 买入力$391982.42
2025-06-12 11:26:29 | DEBUG    | src.bot.trading_bot:_update_market_data:177 | 市场数据更新完成
2025-06-12 11:26:32 | INFO     | src.trading.executor:update_account_info:125 | 账户更新: 总值$99432.60, 买入力$391982.42
2025-06-12 11:26:32 | DEBUG    | src.bot.trading_bot:_update_market_data:177 | 市场数据更新完成
2025-06-12 11:26:35 | INFO     | src.trading.executor:update_account_info:125 | 账户更新: 总值$99344.60, 买入力$391982.42
2025-06-12 11:26:35 | DEBUG    | src.bot.trading_bot:_update_market_data:177 | 市场数据更新完成
2025-06-12 11:26:38 | INFO     | src.trading.executor:update_account_info:125 | 账户更新: 总值$99344.60, 买入力$391982.42
2025-06-12 11:26:38 | DEBUG    | src.bot.trading_bot:_update_market_data:177 | 市场数据更新完成
2025-06-12 11:26:42 | INFO     | src.trading.executor:update_account_info:125 | 账户更新: 总值$99344.60, 买入力$391982.42
2025-06-12 11:26:42 | DEBUG    | src.bot.trading_bot:_update_market_data:177 | 市场数据更新完成
2025-06-12 11:26:45 | INFO     | src.trading.executor:update_account_info:125 | 账户更新: 总值$99355.60, 买入力$391982.42
2025-06-12 11:26:45 | DEBUG    | src.bot.trading_bot:_update_market_data:177 | 市场数据更新完成
2025-06-12 11:26:48 | INFO     | src.trading.executor:update_account_info:125 | 账户更新: 总值$99344.60, 买入力$391982.42
2025-06-12 11:26:48 | DEBUG    | src.bot.trading_bot:_update_market_data:177 | 市场数据更新完成
2025-06-12 11:26:51 | INFO     | src.trading.executor:update_account_info:125 | 账户更新: 总值$99344.60, 买入力$391982.42
2025-06-12 11:26:51 | DEBUG    | src.bot.trading_bot:_update_market_data:177 | 市场数据更新完成
2025-06-12 11:26:54 | INFO     | src.trading.executor:update_account_info:125 | 账户更新: 总值$99355.60, 买入力$391982.42
2025-06-12 11:26:54 | DEBUG    | src.bot.trading_bot:_update_market_data:177 | 市场数据更新完成
2025-06-12 11:26:58 | INFO     | src.trading.executor:update_account_info:125 | 账户更新: 总值$99355.60, 买入力$391982.42
2025-06-12 11:26:58 | DEBUG    | src.bot.trading_bot:_update_market_data:177 | 市场数据更新完成
2025-06-12 11:27:01 | INFO     | src.trading.executor:update_account_info:125 | 账户更新: 总值$99355.60, 买入力$391982.42
2025-06-12 11:27:01 | DEBUG    | src.bot.trading_bot:_update_market_data:177 | 市场数据更新完成
2025-06-12 11:27:04 | INFO     | src.trading.executor:update_account_info:125 | 账户更新: 总值$99377.60, 买入力$391982.42
2025-06-12 11:27:04 | DEBUG    | src.bot.trading_bot:_update_market_data:177 | 市场数据更新完成
2025-06-12 11:27:07 | INFO     | src.trading.executor:update_account_info:125 | 账户更新: 总值$99366.60, 买入力$391982.42
2025-06-12 11:27:07 | DEBUG    | src.bot.trading_bot:_update_market_data:177 | 市场数据更新完成
2025-06-12 11:27:11 | INFO     | src.trading.executor:update_account_info:125 | 账户更新: 总值$99377.60, 买入力$391982.42
2025-06-12 11:27:11 | DEBUG    | src.bot.trading_bot:_update_market_data:177 | 市场数据更新完成
2025-06-12 11:27:14 | DEBUG    | src.bot.trading_bot:_update_positions_normal:249 | 📊 常规头寸更新完成
2025-06-12 11:27:14 | INFO     | src.trading.executor:update_account_info:125 | 账户更新: 总值$99388.60, 买入力$391982.42
2025-06-12 11:27:14 | DEBUG    | src.bot.trading_bot:_update_market_data:177 | 市场数据更新完成
2025-06-12 11:27:17 | INFO     | src.trading.executor:update_account_info:125 | 账户更新: 总值$99399.60, 买入力$391982.42
2025-06-12 11:27:17 | DEBUG    | src.bot.trading_bot:_update_market_data:177 | 市场数据更新完成
2025-06-12 11:27:20 | INFO     | src.trading.executor:update_account_info:125 | 账户更新: 总值$99421.60, 买入力$391982.42
2025-06-12 11:27:20 | DEBUG    | src.bot.trading_bot:_update_market_data:177 | 市场数据更新完成
2025-06-12 11:27:23 | INFO     | src.trading.executor:update_account_info:125 | 账户更新: 总值$99443.60, 买入力$391982.42
2025-06-12 11:27:23 | DEBUG    | src.bot.trading_bot:_update_market_data:177 | 市场数据更新完成
2025-06-12 11:27:27 | INFO     | src.trading.executor:update_account_info:125 | 账户更新: 总值$99454.60, 买入力$391982.42
2025-06-12 11:27:27 | DEBUG    | src.bot.trading_bot:_update_market_data:177 | 市场数据更新完成
2025-06-12 11:27:30 | INFO     | src.trading.executor:update_account_info:125 | 账户更新: 总值$99443.60, 买入力$391982.42
2025-06-12 11:27:30 | DEBUG    | src.bot.trading_bot:_update_market_data:177 | 市场数据更新完成
2025-06-12 11:27:33 | INFO     | src.trading.executor:update_account_info:125 | 账户更新: 总值$99421.60, 买入力$391982.42
2025-06-12 11:27:33 | DEBUG    | src.bot.trading_bot:_update_market_data:177 | 市场数据更新完成
2025-06-12 11:27:36 | INFO     | src.trading.executor:update_account_info:125 | 账户更新: 总值$99443.60, 买入力$391982.42
2025-06-12 11:27:36 | DEBUG    | src.bot.trading_bot:_update_market_data:177 | 市场数据更新完成
2025-06-12 11:27:40 | INFO     | src.trading.executor:update_account_info:125 | 账户更新: 总值$99454.60, 买入力$391982.42
2025-06-12 11:27:40 | DEBUG    | src.bot.trading_bot:_update_market_data:177 | 市场数据更新完成
2025-06-12 11:27:43 | INFO     | src.trading.executor:update_account_info:125 | 账户更新: 总值$99509.60, 买入力$391982.42
2025-06-12 11:27:43 | DEBUG    | src.bot.trading_bot:_update_market_data:177 | 市场数据更新完成
2025-06-12 11:27:46 | INFO     | src.trading.executor:update_account_info:125 | 账户更新: 总值$99652.60, 买入力$391982.42
2025-06-12 11:27:46 | DEBUG    | src.bot.trading_bot:_update_market_data:177 | 市场数据更新完成
2025-06-12 11:27:49 | INFO     | src.trading.executor:update_account_info:125 | 账户更新: 总值$99850.60, 买入力$391982.42
2025-06-12 11:27:49 | DEBUG    | src.bot.trading_bot:_update_market_data:177 | 市场数据更新完成
2025-06-12 11:27:53 | INFO     | src.trading.executor:update_account_info:125 | 账户更新: 总值$99718.60, 买入力$391982.42
2025-06-12 11:27:53 | DEBUG    | src.bot.trading_bot:_update_market_data:177 | 市场数据更新完成
2025-06-12 11:27:56 | INFO     | src.trading.executor:update_account_info:125 | 账户更新: 总值$99674.60, 买入力$391982.42
2025-06-12 11:27:56 | DEBUG    | src.bot.trading_bot:_update_market_data:177 | 市场数据更新完成
2025-06-12 11:27:59 | INFO     | src.trading.executor:update_account_info:125 | 账户更新: 总值$99685.60, 买入力$391982.42
2025-06-12 11:27:59 | DEBUG    | src.bot.trading_bot:_update_market_data:177 | 市场数据更新完成
2025-06-12 11:28:02 | INFO     | src.trading.executor:update_account_info:125 | 账户更新: 总值$99630.60, 买入力$391982.42
2025-06-12 11:28:02 | DEBUG    | src.bot.trading_bot:_update_market_data:177 | 市场数据更新完成
2025-06-12 11:28:05 | INFO     | src.trading.executor:update_account_info:125 | 账户更新: 总值$99564.60, 买入力$391982.42
2025-06-12 11:28:05 | DEBUG    | src.bot.trading_bot:_update_market_data:177 | 市场数据更新完成
2025-06-12 11:28:09 | INFO     | src.trading.executor:update_account_info:125 | 账户更新: 总值$99564.60, 买入力$391982.42
2025-06-12 11:28:09 | DEBUG    | src.bot.trading_bot:_update_market_data:177 | 市场数据更新完成
2025-06-12 11:28:12 | INFO     | src.trading.executor:update_account_info:125 | 账户更新: 总值$99553.60, 买入力$391982.42
2025-06-12 11:28:12 | DEBUG    | src.bot.trading_bot:_update_market_data:177 | 市场数据更新完成
2025-06-12 11:28:14 | DEBUG    | src.bot.trading_bot:_update_positions_normal:249 | 📊 常规头寸更新完成
2025-06-12 11:28:15 | INFO     | src.trading.executor:update_account_info:125 | 账户更新: 总值$99520.60, 买入力$391982.42
2025-06-12 11:28:15 | DEBUG    | src.bot.trading_bot:_update_market_data:177 | 市场数据更新完成
2025-06-12 11:28:19 | INFO     | src.trading.executor:update_account_info:125 | 账户更新: 总值$99476.60, 买入力$391982.42
2025-06-12 11:28:19 | DEBUG    | src.bot.trading_bot:_update_market_data:177 | 市场数据更新完成
2025-06-12 11:28:22 | INFO     | src.trading.executor:update_account_info:125 | 账户更新: 总值$99487.60, 买入力$391982.42
2025-06-12 11:28:22 | DEBUG    | src.bot.trading_bot:_update_market_data:177 | 市场数据更新完成
2025-06-12 11:28:25 | INFO     | src.trading.executor:update_account_info:125 | 账户更新: 总值$99498.60, 买入力$391982.42
2025-06-12 11:28:25 | DEBUG    | src.bot.trading_bot:_update_market_data:177 | 市场数据更新完成
2025-06-12 11:28:28 | INFO     | src.trading.executor:update_account_info:125 | 账户更新: 总值$99465.60, 买入力$391982.42
2025-06-12 11:28:28 | DEBUG    | src.bot.trading_bot:_update_market_data:177 | 市场数据更新完成
2025-06-12 11:28:31 | INFO     | src.trading.executor:update_account_info:125 | 账户更新: 总值$99476.60, 买入力$391982.42
2025-06-12 11:28:31 | DEBUG    | src.bot.trading_bot:_update_market_data:177 | 市场数据更新完成
2025-06-12 11:28:35 | INFO     | src.trading.executor:update_account_info:125 | 账户更新: 总值$99476.60, 买入力$391982.42
2025-06-12 11:28:35 | DEBUG    | src.bot.trading_bot:_update_market_data:177 | 市场数据更新完成
2025-06-12 11:28:38 | INFO     | src.trading.executor:update_account_info:125 | 账户更新: 总值$99476.60, 买入力$391982.42
2025-06-12 11:28:38 | DEBUG    | src.bot.trading_bot:_update_market_data:177 | 市场数据更新完成
2025-06-12 11:28:41 | INFO     | src.trading.executor:update_account_info:125 | 账户更新: 总值$99476.60, 买入力$391982.42
2025-06-12 11:28:41 | DEBUG    | src.bot.trading_bot:_update_market_data:177 | 市场数据更新完成
2025-06-12 11:28:44 | INFO     | src.trading.executor:update_account_info:125 | 账户更新: 总值$99465.60, 买入力$391982.42
2025-06-12 11:28:44 | DEBUG    | src.bot.trading_bot:_update_market_data:177 | 市场数据更新完成
2025-06-12 11:28:48 | INFO     | src.trading.executor:update_account_info:125 | 账户更新: 总值$99465.60, 买入力$391982.42
2025-06-12 11:28:48 | DEBUG    | src.bot.trading_bot:_update_market_data:177 | 市场数据更新完成
2025-06-12 11:28:51 | INFO     | src.trading.executor:update_account_info:125 | 账户更新: 总值$99487.60, 买入力$391982.42
2025-06-12 11:28:51 | DEBUG    | src.bot.trading_bot:_update_market_data:177 | 市场数据更新完成
2025-06-12 11:28:54 | INFO     | src.trading.executor:update_account_info:125 | 账户更新: 总值$99487.60, 买入力$391982.42
2025-06-12 11:28:54 | DEBUG    | src.bot.trading_bot:_update_market_data:177 | 市场数据更新完成
2025-06-12 11:28:57 | INFO     | src.trading.executor:update_account_info:125 | 账户更新: 总值$99531.60, 买入力$391982.42
2025-06-12 11:28:57 | DEBUG    | src.bot.trading_bot:_update_market_data:177 | 市场数据更新完成
2025-06-12 11:29:01 | INFO     | src.trading.executor:update_account_info:125 | 账户更新: 总值$99553.60, 买入力$391982.42
2025-06-12 11:29:01 | DEBUG    | src.bot.trading_bot:_update_market_data:177 | 市场数据更新完成
2025-06-12 11:29:04 | INFO     | src.trading.executor:update_account_info:125 | 账户更新: 总值$99553.60, 买入力$391982.42
2025-06-12 11:29:04 | DEBUG    | src.bot.trading_bot:_update_market_data:177 | 市场数据更新完成
2025-06-12 11:29:07 | INFO     | src.trading.executor:update_account_info:125 | 账户更新: 总值$99564.60, 买入力$391982.42
2025-06-12 11:29:07 | DEBUG    | src.bot.trading_bot:_update_market_data:177 | 市场数据更新完成
2025-06-12 11:29:10 | INFO     | src.trading.executor:update_account_info:125 | 账户更新: 总值$99564.60, 买入力$391982.42
2025-06-12 11:29:10 | DEBUG    | src.bot.trading_bot:_update_market_data:177 | 市场数据更新完成
2025-06-12 11:29:14 | INFO     | src.trading.executor:update_account_info:125 | 账户更新: 总值$99509.60, 买入力$391982.42
2025-06-12 11:29:14 | DEBUG    | src.bot.trading_bot:_update_market_data:177 | 市场数据更新完成
2025-06-12 11:29:15 | DEBUG    | src.bot.trading_bot:_update_positions_normal:249 | 📊 常规头寸更新完成
2025-06-12 11:29:17 | INFO     | src.trading.executor:update_account_info:125 | 账户更新: 总值$99509.60, 买入力$391982.42
2025-06-12 11:29:17 | DEBUG    | src.bot.trading_bot:_update_market_data:177 | 市场数据更新完成
2025-06-12 11:29:20 | INFO     | src.trading.executor:update_account_info:125 | 账户更新: 总值$99520.60, 买入力$391982.42
2025-06-12 11:29:20 | DEBUG    | src.bot.trading_bot:_update_market_data:177 | 市场数据更新完成
2025-06-12 11:29:23 | INFO     | src.trading.executor:update_account_info:125 | 账户更新: 总值$99542.60, 买入力$391982.42
2025-06-12 11:29:23 | DEBUG    | src.bot.trading_bot:_update_market_data:177 | 市场数据更新完成
2025-06-12 11:29:27 | INFO     | src.trading.executor:update_account_info:125 | 账户更新: 总值$99498.60, 买入力$391982.42
2025-06-12 11:29:27 | DEBUG    | src.bot.trading_bot:_update_market_data:177 | 市场数据更新完成
2025-06-12 11:29:30 | INFO     | src.trading.executor:update_account_info:125 | 账户更新: 总值$99498.60, 买入力$391982.42
2025-06-12 11:29:30 | DEBUG    | src.bot.trading_bot:_update_market_data:177 | 市场数据更新完成
2025-06-12 11:29:33 | INFO     | src.trading.executor:update_account_info:125 | 账户更新: 总值$99476.60, 买入力$391982.42
2025-06-12 11:29:33 | DEBUG    | src.bot.trading_bot:_update_market_data:177 | 市场数据更新完成
2025-06-12 11:29:36 | INFO     | src.trading.executor:update_account_info:125 | 账户更新: 总值$99476.60, 买入力$391982.42
2025-06-12 11:29:36 | DEBUG    | src.bot.trading_bot:_update_market_data:177 | 市场数据更新完成
2025-06-12 11:29:40 | INFO     | src.trading.executor:update_account_info:125 | 账户更新: 总值$99487.60, 买入力$391982.42
2025-06-12 11:29:40 | DEBUG    | src.bot.trading_bot:_update_market_data:177 | 市场数据更新完成
2025-06-12 11:29:43 | INFO     | src.trading.executor:update_account_info:125 | 账户更新: 总值$99520.60, 买入力$391982.42
2025-06-12 11:29:43 | DEBUG    | src.bot.trading_bot:_update_market_data:177 | 市场数据更新完成
2025-06-12 11:29:46 | INFO     | src.trading.executor:update_account_info:125 | 账户更新: 总值$99520.60, 买入力$391982.42
2025-06-12 11:29:46 | DEBUG    | src.bot.trading_bot:_update_market_data:177 | 市场数据更新完成
2025-06-12 11:29:50 | INFO     | src.trading.executor:update_account_info:125 | 账户更新: 总值$99553.60, 买入力$391982.42
2025-06-12 11:29:50 | DEBUG    | src.bot.trading_bot:_update_market_data:177 | 市场数据更新完成
2025-06-12 11:29:53 | INFO     | src.trading.executor:update_account_info:125 | 账户更新: 总值$99553.60, 买入力$391982.42
2025-06-12 11:29:53 | DEBUG    | src.bot.trading_bot:_update_market_data:177 | 市场数据更新完成
2025-06-12 11:29:56 | INFO     | src.trading.executor:update_account_info:125 | 账户更新: 总值$99553.60, 买入力$391982.42
2025-06-12 11:29:56 | DEBUG    | src.bot.trading_bot:_update_market_data:177 | 市场数据更新完成
2025-06-12 11:29:59 | INFO     | src.trading.executor:update_account_info:125 | 账户更新: 总值$99542.60, 买入力$391982.42
2025-06-12 11:29:59 | DEBUG    | src.bot.trading_bot:_update_market_data:177 | 市场数据更新完成
2025-06-12 11:30:02 | INFO     | src.trading.executor:update_account_info:125 | 账户更新: 总值$99575.60, 买入力$391982.42
2025-06-12 11:30:02 | DEBUG    | src.bot.trading_bot:_update_market_data:177 | 市场数据更新完成
2025-06-12 11:30:06 | INFO     | src.trading.executor:update_account_info:125 | 账户更新: 总值$99542.60, 买入力$391982.42
2025-06-12 11:30:06 | DEBUG    | src.bot.trading_bot:_update_market_data:177 | 市场数据更新完成
2025-06-12 11:30:09 | INFO     | src.trading.executor:update_account_info:125 | 账户更新: 总值$99575.60, 买入力$391982.42
2025-06-12 11:30:09 | DEBUG    | src.bot.trading_bot:_update_market_data:177 | 市场数据更新完成
2025-06-12 11:30:12 | INFO     | src.trading.executor:update_account_info:125 | 账户更新: 总值$99564.60, 买入力$391982.42
2025-06-12 11:30:12 | DEBUG    | src.bot.trading_bot:_update_market_data:177 | 市场数据更新完成
2025-06-12 11:30:15 | DEBUG    | src.bot.trading_bot:_update_positions_normal:249 | 📊 常规头寸更新完成
2025-06-12 11:30:15 | INFO     | src.trading.executor:update_account_info:125 | 账户更新: 总值$99542.60, 买入力$391982.42
2025-06-12 11:30:15 | DEBUG    | src.bot.trading_bot:_update_market_data:177 | 市场数据更新完成
2025-06-12 11:30:19 | INFO     | src.trading.executor:update_account_info:125 | 账户更新: 总值$99520.60, 买入力$391982.42
2025-06-12 11:30:19 | DEBUG    | src.bot.trading_bot:_update_market_data:177 | 市场数据更新完成
2025-06-12 11:30:22 | INFO     | src.trading.executor:update_account_info:125 | 账户更新: 总值$99498.60, 买入力$391982.42
2025-06-12 11:30:22 | DEBUG    | src.bot.trading_bot:_update_market_data:177 | 市场数据更新完成
2025-06-12 11:30:25 | INFO     | src.trading.executor:update_account_info:125 | 账户更新: 总值$99586.60, 买入力$391982.42
2025-06-12 11:30:25 | DEBUG    | src.bot.trading_bot:_update_market_data:177 | 市场数据更新完成
2025-06-12 11:30:28 | INFO     | src.trading.executor:update_account_info:125 | 账户更新: 总值$99520.60, 买入力$391982.42
2025-06-12 11:30:28 | DEBUG    | src.bot.trading_bot:_update_market_data:177 | 市场数据更新完成
2025-06-12 11:30:32 | INFO     | src.trading.executor:update_account_info:125 | 账户更新: 总值$99542.60, 买入力$391982.42
2025-06-12 11:30:32 | DEBUG    | src.bot.trading_bot:_update_market_data:177 | 市场数据更新完成
2025-06-12 11:30:35 | INFO     | src.trading.executor:update_account_info:125 | 账户更新: 总值$99553.60, 买入力$391982.42
2025-06-12 11:30:35 | DEBUG    | src.bot.trading_bot:_update_market_data:177 | 市场数据更新完成
2025-06-12 11:30:38 | INFO     | src.trading.executor:update_account_info:125 | 账户更新: 总值$99487.60, 买入力$391982.42
2025-06-12 11:30:38 | DEBUG    | src.bot.trading_bot:_update_market_data:177 | 市场数据更新完成
2025-06-12 11:30:41 | INFO     | src.trading.executor:update_account_info:125 | 账户更新: 总值$99520.60, 买入力$391982.42
2025-06-12 11:30:41 | DEBUG    | src.bot.trading_bot:_update_market_data:177 | 市场数据更新完成
2025-06-12 11:30:44 | INFO     | src.trading.executor:update_account_info:125 | 账户更新: 总值$99553.60, 买入力$391982.42
2025-06-12 11:30:44 | DEBUG    | src.bot.trading_bot:_update_market_data:177 | 市场数据更新完成
2025-06-12 11:30:47 | INFO     | src.trading.executor:update_account_info:125 | 账户更新: 总值$99564.60, 买入力$391982.42
2025-06-12 11:30:47 | DEBUG    | src.bot.trading_bot:_update_market_data:177 | 市场数据更新完成
2025-06-12 11:30:51 | INFO     | src.trading.executor:update_account_info:125 | 账户更新: 总值$99531.60, 买入力$391982.42
2025-06-12 11:30:51 | DEBUG    | src.bot.trading_bot:_update_market_data:177 | 市场数据更新完成
2025-06-12 11:30:54 | INFO     | src.trading.executor:update_account_info:125 | 账户更新: 总值$99586.60, 买入力$391982.42
2025-06-12 11:30:54 | DEBUG    | src.bot.trading_bot:_update_market_data:177 | 市场数据更新完成
2025-06-12 11:30:57 | INFO     | src.trading.executor:update_account_info:125 | 账户更新: 总值$99641.60, 买入力$391982.42
2025-06-12 11:30:57 | DEBUG    | src.bot.trading_bot:_update_market_data:177 | 市场数据更新完成
2025-06-12 11:31:01 | INFO     | src.trading.executor:update_account_info:125 | 账户更新: 总值$99586.60, 买入力$391982.42
2025-06-12 11:31:01 | DEBUG    | src.bot.trading_bot:_update_market_data:177 | 市场数据更新完成
2025-06-12 11:31:04 | INFO     | src.trading.executor:update_account_info:125 | 账户更新: 总值$99564.60, 买入力$391982.42
2025-06-12 11:31:04 | DEBUG    | src.bot.trading_bot:_update_market_data:177 | 市场数据更新完成
2025-06-12 11:31:07 | INFO     | src.trading.executor:update_account_info:125 | 账户更新: 总值$99542.60, 买入力$391982.42
2025-06-12 11:31:07 | DEBUG    | src.bot.trading_bot:_update_market_data:177 | 市场数据更新完成
2025-06-12 11:31:10 | INFO     | src.trading.executor:update_account_info:125 | 账户更新: 总值$99586.60, 买入力$391982.42
2025-06-12 11:31:10 | DEBUG    | src.bot.trading_bot:_update_market_data:177 | 市场数据更新完成
2025-06-12 11:31:13 | INFO     | src.trading.executor:update_account_info:125 | 账户更新: 总值$99619.60, 买入力$391982.42
2025-06-12 11:31:13 | DEBUG    | src.bot.trading_bot:_update_market_data:177 | 市场数据更新完成
2025-06-12 11:31:15 | DEBUG    | src.bot.trading_bot:_update_positions_normal:249 | 📊 常规头寸更新完成
2025-06-12 11:31:17 | INFO     | src.trading.executor:update_account_info:125 | 账户更新: 总值$99630.60, 买入力$391982.42
2025-06-12 11:31:17 | DEBUG    | src.bot.trading_bot:_update_market_data:177 | 市场数据更新完成
2025-06-12 11:31:20 | INFO     | src.trading.executor:update_account_info:125 | 账户更新: 总值$99663.60, 买入力$391982.42
2025-06-12 11:31:20 | DEBUG    | src.bot.trading_bot:_update_market_data:177 | 市场数据更新完成
2025-06-12 11:31:23 | INFO     | src.trading.executor:update_account_info:125 | 账户更新: 总值$99641.60, 买入力$391982.42
2025-06-12 11:31:23 | DEBUG    | src.bot.trading_bot:_update_market_data:177 | 市场数据更新完成
2025-06-12 11:31:27 | INFO     | src.trading.executor:update_account_info:125 | 账户更新: 总值$99597.60, 买入力$391982.42
2025-06-12 11:31:27 | DEBUG    | src.bot.trading_bot:_update_market_data:177 | 市场数据更新完成
2025-06-12 11:31:30 | INFO     | src.trading.executor:update_account_info:125 | 账户更新: 总值$99619.60, 买入力$391982.42
2025-06-12 11:31:30 | DEBUG    | src.bot.trading_bot:_update_market_data:177 | 市场数据更新完成
2025-06-12 11:31:33 | INFO     | src.trading.executor:update_account_info:125 | 账户更新: 总值$99663.60, 买入力$391982.42
2025-06-12 11:31:33 | DEBUG    | src.bot.trading_bot:_update_market_data:177 | 市场数据更新完成
2025-06-12 11:31:36 | INFO     | src.trading.executor:update_account_info:125 | 账户更新: 总值$99641.60, 买入力$391982.42
2025-06-12 11:31:36 | DEBUG    | src.bot.trading_bot:_update_market_data:177 | 市场数据更新完成
2025-06-12 11:31:39 | INFO     | src.trading.executor:update_account_info:125 | 账户更新: 总值$99619.60, 买入力$391982.42
2025-06-12 11:31:39 | DEBUG    | src.bot.trading_bot:_update_market_data:177 | 市场数据更新完成
2025-06-12 11:31:43 | INFO     | src.trading.executor:update_account_info:125 | 账户更新: 总值$99608.60, 买入力$391982.42
2025-06-12 11:31:43 | DEBUG    | src.bot.trading_bot:_update_market_data:177 | 市场数据更新完成
2025-06-12 11:31:46 | INFO     | src.trading.executor:update_account_info:125 | 账户更新: 总值$99630.60, 买入力$391982.42
2025-06-12 11:31:46 | DEBUG    | src.bot.trading_bot:_update_market_data:177 | 市场数据更新完成
2025-06-12 11:31:49 | INFO     | src.trading.executor:update_account_info:125 | 账户更新: 总值$99619.60, 买入力$391982.42
2025-06-12 11:31:49 | DEBUG    | src.bot.trading_bot:_update_market_data:177 | 市场数据更新完成
2025-06-12 11:31:52 | INFO     | src.trading.executor:update_account_info:125 | 账户更新: 总值$99663.60, 买入力$391982.42
2025-06-12 11:31:52 | DEBUG    | src.bot.trading_bot:_update_market_data:177 | 市场数据更新完成
2025-06-12 11:31:56 | INFO     | src.trading.executor:update_account_info:125 | 账户更新: 总值$99674.60, 买入力$391982.42
2025-06-12 11:31:56 | DEBUG    | src.bot.trading_bot:_update_market_data:177 | 市场数据更新完成
2025-06-12 11:31:59 | INFO     | src.trading.executor:update_account_info:125 | 账户更新: 总值$99685.60, 买入力$391982.42
2025-06-12 11:31:59 | DEBUG    | src.bot.trading_bot:_update_market_data:177 | 市场数据更新完成
2025-06-12 11:32:02 | INFO     | src.trading.executor:update_account_info:125 | 账户更新: 总值$99784.60, 买入力$391982.42
2025-06-12 11:32:02 | DEBUG    | src.bot.trading_bot:_update_market_data:177 | 市场数据更新完成
2025-06-12 11:32:05 | INFO     | src.trading.executor:update_account_info:125 | 账户更新: 总值$99762.60, 买入力$391982.42
2025-06-12 11:32:05 | DEBUG    | src.bot.trading_bot:_update_market_data:177 | 市场数据更新完成
2025-06-12 11:32:09 | INFO     | src.trading.executor:update_account_info:125 | 账户更新: 总值$99817.60, 买入力$391982.42
2025-06-12 11:32:09 | DEBUG    | src.bot.trading_bot:_update_market_data:177 | 市场数据更新完成
2025-06-12 11:32:12 | INFO     | src.trading.executor:update_account_info:125 | 账户更新: 总值$99828.60, 买入力$391982.42
2025-06-12 11:32:12 | DEBUG    | src.bot.trading_bot:_update_market_data:177 | 市场数据更新完成
2025-06-12 11:32:15 | INFO     | src.trading.executor:update_account_info:125 | 账户更新: 总值$99773.60, 买入力$391982.42
2025-06-12 11:32:15 | DEBUG    | src.bot.trading_bot:_update_market_data:177 | 市场数据更新完成
2025-06-12 11:32:15 | DEBUG    | src.bot.trading_bot:_update_positions_normal:249 | 📊 常规头寸更新完成
2025-06-12 11:32:18 | INFO     | src.trading.executor:update_account_info:125 | 账户更新: 总值$99762.60, 买入力$391982.42
2025-06-12 11:32:18 | DEBUG    | src.bot.trading_bot:_update_market_data:177 | 市场数据更新完成
2025-06-12 11:32:21 | INFO     | src.trading.executor:update_account_info:125 | 账户更新: 总值$99707.60, 买入力$391982.42
2025-06-12 11:32:21 | DEBUG    | src.bot.trading_bot:_update_market_data:177 | 市场数据更新完成
2025-06-12 11:32:25 | INFO     | src.trading.executor:update_account_info:125 | 账户更新: 总值$99718.60, 买入力$391982.42
2025-06-12 11:32:25 | DEBUG    | src.bot.trading_bot:_update_market_data:177 | 市场数据更新完成
2025-06-12 11:32:28 | INFO     | src.trading.executor:update_account_info:125 | 账户更新: 总值$99740.60, 买入力$391982.42
2025-06-12 11:32:28 | DEBUG    | src.bot.trading_bot:_update_market_data:177 | 市场数据更新完成
2025-06-12 11:32:31 | INFO     | src.trading.executor:update_account_info:125 | 账户更新: 总值$99740.60, 买入力$391982.42
2025-06-12 11:32:31 | DEBUG    | src.bot.trading_bot:_update_market_data:177 | 市场数据更新完成
2025-06-12 11:32:35 | INFO     | src.trading.executor:update_account_info:125 | 账户更新: 总值$99707.60, 买入力$391982.42
2025-06-12 11:32:35 | DEBUG    | src.bot.trading_bot:_update_market_data:177 | 市场数据更新完成
2025-06-12 11:32:38 | INFO     | src.trading.executor:update_account_info:125 | 账户更新: 总值$99718.60, 买入力$391982.42
2025-06-12 11:32:38 | DEBUG    | src.bot.trading_bot:_update_market_data:177 | 市场数据更新完成
2025-06-12 11:32:41 | INFO     | src.trading.executor:update_account_info:125 | 账户更新: 总值$99718.60, 买入力$391982.42
2025-06-12 11:32:41 | DEBUG    | src.bot.trading_bot:_update_market_data:177 | 市场数据更新完成
2025-06-12 11:32:44 | INFO     | src.trading.executor:update_account_info:125 | 账户更新: 总值$99696.60, 买入力$391982.42
2025-06-12 11:32:44 | DEBUG    | src.bot.trading_bot:_update_market_data:177 | 市场数据更新完成
2025-06-12 11:32:47 | INFO     | src.trading.executor:update_account_info:125 | 账户更新: 总值$99674.60, 买入力$391982.42
2025-06-12 11:32:47 | DEBUG    | src.bot.trading_bot:_update_market_data:177 | 市场数据更新完成
2025-06-12 11:32:51 | INFO     | src.trading.executor:update_account_info:125 | 账户更新: 总值$99674.60, 买入力$391982.42
2025-06-12 11:32:51 | DEBUG    | src.bot.trading_bot:_update_market_data:177 | 市场数据更新完成
2025-06-12 11:32:54 | INFO     | src.trading.executor:update_account_info:125 | 账户更新: 总值$99674.60, 买入力$391982.42
2025-06-12 11:32:54 | DEBUG    | src.bot.trading_bot:_update_market_data:177 | 市场数据更新完成
2025-06-12 11:32:57 | INFO     | src.trading.executor:update_account_info:125 | 账户更新: 总值$99674.60, 买入力$391982.42
2025-06-12 11:32:57 | DEBUG    | src.bot.trading_bot:_update_market_data:177 | 市场数据更新完成
2025-06-12 11:33:00 | INFO     | src.trading.executor:update_account_info:125 | 账户更新: 总值$99597.60, 买入力$391982.42
2025-06-12 11:33:00 | DEBUG    | src.bot.trading_bot:_update_market_data:177 | 市场数据更新完成
2025-06-12 11:33:04 | INFO     | src.trading.executor:update_account_info:125 | 账户更新: 总值$99542.60, 买入力$391982.42
2025-06-12 11:33:04 | DEBUG    | src.bot.trading_bot:_update_market_data:177 | 市场数据更新完成
2025-06-12 11:33:07 | INFO     | src.trading.executor:update_account_info:125 | 账户更新: 总值$99553.60, 买入力$391982.42
2025-06-12 11:33:07 | DEBUG    | src.bot.trading_bot:_update_market_data:177 | 市场数据更新完成
2025-06-12 11:33:10 | INFO     | src.trading.executor:update_account_info:125 | 账户更新: 总值$99542.60, 买入力$391982.42
2025-06-12 11:33:10 | DEBUG    | src.bot.trading_bot:_update_market_data:177 | 市场数据更新完成
2025-06-12 11:33:13 | INFO     | src.trading.executor:update_account_info:125 | 账户更新: 总值$99509.60, 买入力$391982.42
2025-06-12 11:33:13 | DEBUG    | src.bot.trading_bot:_update_market_data:177 | 市场数据更新完成
2025-06-12 11:33:16 | DEBUG    | src.bot.trading_bot:_update_positions_normal:249 | 📊 常规头寸更新完成
2025-06-12 11:33:16 | INFO     | src.trading.executor:update_account_info:125 | 账户更新: 总值$99531.60, 买入力$391982.42
2025-06-12 11:33:16 | DEBUG    | src.bot.trading_bot:_update_market_data:177 | 市场数据更新完成
2025-06-12 11:33:20 | INFO     | src.trading.executor:update_account_info:125 | 账户更新: 总值$99531.60, 买入力$391982.42
2025-06-12 11:33:20 | DEBUG    | src.bot.trading_bot:_update_market_data:177 | 市场数据更新完成
2025-06-12 11:33:23 | INFO     | src.trading.executor:update_account_info:125 | 账户更新: 总值$99553.60, 买入力$391982.42
2025-06-12 11:33:23 | DEBUG    | src.bot.trading_bot:_update_market_data:177 | 市场数据更新完成
2025-06-12 11:33:26 | INFO     | src.trading.executor:update_account_info:125 | 账户更新: 总值$99520.60, 买入力$391982.42
2025-06-12 11:33:26 | DEBUG    | src.bot.trading_bot:_update_market_data:177 | 市场数据更新完成
2025-06-12 11:33:29 | INFO     | src.trading.executor:update_account_info:125 | 账户更新: 总值$99520.60, 买入力$391982.42
2025-06-12 11:33:29 | DEBUG    | src.bot.trading_bot:_update_market_data:177 | 市场数据更新完成
2025-06-12 11:33:33 | INFO     | src.trading.executor:update_account_info:125 | 账户更新: 总值$99531.60, 买入力$391982.42
2025-06-12 11:33:33 | DEBUG    | src.bot.trading_bot:_update_market_data:177 | 市场数据更新完成
2025-06-12 11:33:36 | INFO     | src.trading.executor:update_account_info:125 | 账户更新: 总值$99509.60, 买入力$391982.42
2025-06-12 11:33:36 | DEBUG    | src.bot.trading_bot:_update_market_data:177 | 市场数据更新完成
2025-06-12 11:33:39 | INFO     | src.trading.executor:update_account_info:125 | 账户更新: 总值$99498.60, 买入力$391982.42
2025-06-12 11:33:39 | DEBUG    | src.bot.trading_bot:_update_market_data:177 | 市场数据更新完成
2025-06-12 11:33:42 | INFO     | src.trading.executor:update_account_info:125 | 账户更新: 总值$99509.60, 买入力$391982.42
2025-06-12 11:33:42 | DEBUG    | src.bot.trading_bot:_update_market_data:177 | 市场数据更新完成
2025-06-12 11:33:46 | INFO     | src.trading.executor:update_account_info:125 | 账户更新: 总值$99509.60, 买入力$391982.42
2025-06-12 11:33:46 | DEBUG    | src.bot.trading_bot:_update_market_data:177 | 市场数据更新完成
2025-06-12 11:33:49 | INFO     | src.trading.executor:update_account_info:125 | 账户更新: 总值$99509.60, 买入力$391982.42
2025-06-12 11:33:49 | DEBUG    | src.bot.trading_bot:_update_market_data:177 | 市场数据更新完成
2025-06-12 11:33:52 | INFO     | src.trading.executor:update_account_info:125 | 账户更新: 总值$99487.60, 买入力$391982.42
2025-06-12 11:33:52 | DEBUG    | src.bot.trading_bot:_update_market_data:177 | 市场数据更新完成
2025-06-12 11:33:55 | INFO     | src.trading.executor:update_account_info:125 | 账户更新: 总值$99498.60, 买入力$391982.42
2025-06-12 11:33:55 | DEBUG    | src.bot.trading_bot:_update_market_data:177 | 市场数据更新完成
2025-06-12 11:33:58 | INFO     | src.trading.executor:update_account_info:125 | 账户更新: 总值$99487.60, 买入力$391982.42
2025-06-12 11:33:58 | DEBUG    | src.bot.trading_bot:_update_market_data:177 | 市场数据更新完成
2025-06-12 11:34:02 | INFO     | src.trading.executor:update_account_info:125 | 账户更新: 总值$99465.60, 买入力$391982.42
2025-06-12 11:34:02 | DEBUG    | src.bot.trading_bot:_update_market_data:177 | 市场数据更新完成
2025-06-12 11:34:05 | INFO     | src.trading.executor:update_account_info:125 | 账户更新: 总值$99465.60, 买入力$391982.42
2025-06-12 11:34:05 | DEBUG    | src.bot.trading_bot:_update_market_data:177 | 市场数据更新完成
2025-06-12 11:34:08 | INFO     | src.trading.executor:update_account_info:125 | 账户更新: 总值$99454.60, 买入力$391982.42
2025-06-12 11:34:08 | DEBUG    | src.bot.trading_bot:_update_market_data:177 | 市场数据更新完成
2025-06-12 11:34:12 | INFO     | src.trading.executor:update_account_info:125 | 账户更新: 总值$99443.60, 买入力$391982.42
2025-06-12 11:34:12 | DEBUG    | src.bot.trading_bot:_update_market_data:177 | 市场数据更新完成
2025-06-12 11:34:15 | INFO     | src.trading.executor:update_account_info:125 | 账户更新: 总值$99564.60, 买入力$391982.42
2025-06-12 11:34:15 | DEBUG    | src.bot.trading_bot:_update_market_data:177 | 市场数据更新完成
2025-06-12 11:34:16 | DEBUG    | src.bot.trading_bot:_update_positions_normal:249 | 📊 常规头寸更新完成
2025-06-12 11:34:18 | INFO     | src.trading.executor:update_account_info:125 | 账户更新: 总值$99542.60, 买入力$391982.42
2025-06-12 11:34:18 | DEBUG    | src.bot.trading_bot:_update_market_data:177 | 市场数据更新完成
2025-06-12 11:34:21 | INFO     | src.trading.executor:update_account_info:125 | 账户更新: 总值$99575.60, 买入力$391982.42
2025-06-12 11:34:21 | DEBUG    | src.bot.trading_bot:_update_market_data:177 | 市场数据更新完成
2025-06-12 11:34:25 | INFO     | src.trading.executor:update_account_info:125 | 账户更新: 总值$99575.60, 买入力$391982.42
2025-06-12 11:34:25 | DEBUG    | src.bot.trading_bot:_update_market_data:177 | 市场数据更新完成
2025-06-12 11:34:28 | INFO     | src.trading.executor:update_account_info:125 | 账户更新: 总值$99575.60, 买入力$391982.42
2025-06-12 11:34:28 | DEBUG    | src.bot.trading_bot:_update_market_data:177 | 市场数据更新完成
2025-06-12 11:34:31 | INFO     | src.trading.executor:update_account_info:125 | 账户更新: 总值$99520.60, 买入力$391982.42
2025-06-12 11:34:31 | DEBUG    | src.bot.trading_bot:_update_market_data:177 | 市场数据更新完成
2025-06-12 11:34:34 | INFO     | src.trading.executor:update_account_info:125 | 账户更新: 总值$99542.60, 买入力$391982.42
2025-06-12 11:34:34 | DEBUG    | src.bot.trading_bot:_update_market_data:177 | 市场数据更新完成
2025-06-12 11:34:38 | INFO     | src.trading.executor:update_account_info:125 | 账户更新: 总值$99542.60, 买入力$391982.42
2025-06-12 11:34:38 | DEBUG    | src.bot.trading_bot:_update_market_data:177 | 市场数据更新完成
2025-06-12 11:34:41 | INFO     | src.trading.executor:update_account_info:125 | 账户更新: 总值$99520.60, 买入力$391982.42
2025-06-12 11:34:41 | DEBUG    | src.bot.trading_bot:_update_market_data:177 | 市场数据更新完成
2025-06-12 11:34:44 | INFO     | src.trading.executor:update_account_info:125 | 账户更新: 总值$99498.60, 买入力$391982.42
2025-06-12 11:34:44 | DEBUG    | src.bot.trading_bot:_update_market_data:177 | 市场数据更新完成
2025-06-12 11:34:47 | INFO     | src.trading.executor:update_account_info:125 | 账户更新: 总值$99520.60, 买入力$391982.42
2025-06-12 11:34:47 | DEBUG    | src.bot.trading_bot:_update_market_data:177 | 市场数据更新完成
2025-06-12 11:34:51 | INFO     | src.trading.executor:update_account_info:125 | 账户更新: 总值$99498.60, 买入力$391982.42
2025-06-12 11:34:51 | DEBUG    | src.bot.trading_bot:_update_market_data:177 | 市场数据更新完成
2025-06-12 11:34:54 | INFO     | src.trading.executor:update_account_info:125 | 账户更新: 总值$99476.60, 买入力$391982.42
2025-06-12 11:34:54 | DEBUG    | src.bot.trading_bot:_update_market_data:177 | 市场数据更新完成
2025-06-12 11:34:57 | INFO     | src.trading.executor:update_account_info:125 | 账户更新: 总值$99509.60, 买入力$391982.42
2025-06-12 11:34:57 | DEBUG    | src.bot.trading_bot:_update_market_data:177 | 市场数据更新完成
2025-06-12 11:35:00 | INFO     | src.trading.executor:update_account_info:125 | 账户更新: 总值$99487.60, 买入力$391982.42
2025-06-12 11:35:00 | DEBUG    | src.bot.trading_bot:_update_market_data:177 | 市场数据更新完成
2025-06-12 11:35:03 | INFO     | src.trading.executor:update_account_info:125 | 账户更新: 总值$99454.60, 买入力$391982.42
2025-06-12 11:35:03 | DEBUG    | src.bot.trading_bot:_update_market_data:177 | 市场数据更新完成
2025-06-12 11:35:07 | INFO     | src.trading.executor:update_account_info:125 | 账户更新: 总值$99465.60, 买入力$391982.42
2025-06-12 11:35:07 | DEBUG    | src.bot.trading_bot:_update_market_data:177 | 市场数据更新完成
2025-06-12 11:35:10 | INFO     | src.trading.executor:update_account_info:125 | 账户更新: 总值$99432.60, 买入力$391982.42
2025-06-12 11:35:10 | DEBUG    | src.bot.trading_bot:_update_market_data:177 | 市场数据更新完成
2025-06-12 11:35:13 | INFO     | src.trading.executor:update_account_info:125 | 账户更新: 总值$99410.60, 买入力$391982.42
2025-06-12 11:35:13 | DEBUG    | src.bot.trading_bot:_update_market_data:177 | 市场数据更新完成
2025-06-12 11:35:16 | DEBUG    | src.bot.trading_bot:_update_positions_normal:249 | 📊 常规头寸更新完成
2025-06-12 11:35:16 | INFO     | src.trading.executor:update_account_info:125 | 账户更新: 总值$99388.60, 买入力$391982.42
2025-06-12 11:35:16 | DEBUG    | src.bot.trading_bot:_update_market_data:177 | 市场数据更新完成
2025-06-12 11:35:20 | INFO     | src.trading.executor:update_account_info:125 | 账户更新: 总值$99399.60, 买入力$391982.42
2025-06-12 11:35:20 | DEBUG    | src.bot.trading_bot:_update_market_data:177 | 市场数据更新完成
2025-06-12 11:35:23 | INFO     | src.trading.executor:update_account_info:125 | 账户更新: 总值$99366.60, 买入力$391982.42
2025-06-12 11:35:23 | DEBUG    | src.bot.trading_bot:_update_market_data:177 | 市场数据更新完成
2025-06-12 11:35:26 | INFO     | src.trading.executor:update_account_info:125 | 账户更新: 总值$99344.60, 买入力$391982.42
2025-06-12 11:35:26 | DEBUG    | src.bot.trading_bot:_update_market_data:177 | 市场数据更新完成
2025-06-12 11:35:29 | INFO     | src.trading.executor:update_account_info:125 | 账户更新: 总值$99333.60, 买入力$391982.42
2025-06-12 11:35:29 | DEBUG    | src.bot.trading_bot:_update_market_data:177 | 市场数据更新完成
2025-06-12 11:35:33 | INFO     | src.trading.executor:update_account_info:125 | 账户更新: 总值$99388.60, 买入力$391982.42
2025-06-12 11:35:33 | DEBUG    | src.bot.trading_bot:_update_market_data:177 | 市场数据更新完成
2025-06-12 11:35:36 | INFO     | src.trading.executor:update_account_info:125 | 账户更新: 总值$99410.60, 买入力$391982.42
2025-06-12 11:35:36 | DEBUG    | src.bot.trading_bot:_update_market_data:177 | 市场数据更新完成
2025-06-12 11:35:39 | INFO     | src.trading.executor:update_account_info:125 | 账户更新: 总值$99399.60, 买入力$391982.42
2025-06-12 11:35:39 | DEBUG    | src.bot.trading_bot:_update_market_data:177 | 市场数据更新完成
2025-06-12 11:35:42 | INFO     | src.trading.executor:update_account_info:125 | 账户更新: 总值$99388.60, 买入力$391982.42
2025-06-12 11:35:42 | DEBUG    | src.bot.trading_bot:_update_market_data:177 | 市场数据更新完成
2025-06-12 11:35:46 | INFO     | src.trading.executor:update_account_info:125 | 账户更新: 总值$99333.60, 买入力$391982.42
2025-06-12 11:35:46 | DEBUG    | src.bot.trading_bot:_update_market_data:177 | 市场数据更新完成
2025-06-12 11:35:49 | INFO     | src.trading.executor:update_account_info:125 | 账户更新: 总值$99344.60, 买入力$391982.42
2025-06-12 11:35:49 | DEBUG    | src.bot.trading_bot:_update_market_data:177 | 市场数据更新完成
2025-06-12 11:35:52 | INFO     | src.trading.executor:update_account_info:125 | 账户更新: 总值$99311.60, 买入力$391982.42
2025-06-12 11:35:52 | DEBUG    | src.bot.trading_bot:_update_market_data:177 | 市场数据更新完成
2025-06-12 11:35:55 | INFO     | src.trading.executor:update_account_info:125 | 账户更新: 总值$99311.60, 买入力$391982.42
2025-06-12 11:35:55 | DEBUG    | src.bot.trading_bot:_update_market_data:177 | 市场数据更新完成
2025-06-12 11:35:58 | INFO     | src.trading.executor:update_account_info:125 | 账户更新: 总值$99278.60, 买入力$391982.42
2025-06-12 11:35:58 | DEBUG    | src.bot.trading_bot:_update_market_data:177 | 市场数据更新完成
2025-06-12 11:36:02 | INFO     | src.trading.executor:update_account_info:125 | 账户更新: 总值$99289.60, 买入力$391982.42
2025-06-12 11:36:02 | DEBUG    | src.bot.trading_bot:_update_market_data:177 | 市场数据更新完成
2025-06-12 11:36:05 | INFO     | src.trading.executor:update_account_info:125 | 账户更新: 总值$99289.60, 买入力$391982.42
2025-06-12 11:36:05 | DEBUG    | src.bot.trading_bot:_update_market_data:177 | 市场数据更新完成
2025-06-12 11:36:08 | INFO     | src.trading.executor:update_account_info:125 | 账户更新: 总值$99289.60, 买入力$391982.42
2025-06-12 11:36:08 | DEBUG    | src.bot.trading_bot:_update_market_data:177 | 市场数据更新完成
2025-06-12 11:36:12 | INFO     | src.trading.executor:update_account_info:125 | 账户更新: 总值$99267.60, 买入力$391982.42
2025-06-12 11:36:12 | DEBUG    | src.bot.trading_bot:_update_market_data:177 | 市场数据更新完成
2025-06-12 11:36:15 | INFO     | src.trading.executor:update_account_info:125 | 账户更新: 总值$99300.60, 买入力$391982.42
2025-06-12 11:36:15 | DEBUG    | src.bot.trading_bot:_update_market_data:177 | 市场数据更新完成
2025-06-12 11:36:16 | DEBUG    | src.bot.trading_bot:_update_positions_normal:249 | 📊 常规头寸更新完成
2025-06-12 11:36:18 | INFO     | src.trading.executor:update_account_info:125 | 账户更新: 总值$99300.60, 买入力$391982.42
2025-06-12 11:36:18 | DEBUG    | src.bot.trading_bot:_update_market_data:177 | 市场数据更新完成
2025-06-12 11:36:21 | INFO     | src.trading.executor:update_account_info:125 | 账户更新: 总值$99289.60, 买入力$391982.42
2025-06-12 11:36:21 | DEBUG    | src.bot.trading_bot:_update_market_data:177 | 市场数据更新完成
2025-06-12 11:36:24 | INFO     | src.trading.executor:update_account_info:125 | 账户更新: 总值$99278.60, 买入力$391982.42
2025-06-12 11:36:24 | DEBUG    | src.bot.trading_bot:_update_market_data:177 | 市场数据更新完成
2025-06-12 11:36:28 | INFO     | src.trading.executor:update_account_info:125 | 账户更新: 总值$99289.60, 买入力$391982.42
2025-06-12 11:36:28 | DEBUG    | src.bot.trading_bot:_update_market_data:177 | 市场数据更新完成
2025-06-12 11:36:31 | INFO     | src.trading.executor:update_account_info:125 | 账户更新: 总值$99234.60, 买入力$391982.42
2025-06-12 11:36:31 | DEBUG    | src.bot.trading_bot:_update_market_data:177 | 市场数据更新完成
2025-06-12 11:36:34 | INFO     | src.trading.executor:update_account_info:125 | 账户更新: 总值$99267.60, 买入力$391982.42
2025-06-12 11:36:34 | DEBUG    | src.bot.trading_bot:_update_market_data:177 | 市场数据更新完成
2025-06-12 11:36:37 | INFO     | src.trading.executor:update_account_info:125 | 账户更新: 总值$99289.60, 买入力$391982.42
2025-06-12 11:36:37 | DEBUG    | src.bot.trading_bot:_update_market_data:177 | 市场数据更新完成
2025-06-12 11:36:41 | INFO     | src.trading.executor:update_account_info:125 | 账户更新: 总值$99256.60, 买入力$391982.42
2025-06-12 11:36:41 | DEBUG    | src.bot.trading_bot:_update_market_data:177 | 市场数据更新完成
2025-06-12 11:36:44 | INFO     | src.trading.executor:update_account_info:125 | 账户更新: 总值$99267.60, 买入力$391982.42
2025-06-12 11:36:44 | DEBUG    | src.bot.trading_bot:_update_market_data:177 | 市场数据更新完成
2025-06-12 11:36:47 | INFO     | src.trading.executor:update_account_info:125 | 账户更新: 总值$99278.60, 买入力$391982.42
2025-06-12 11:36:47 | DEBUG    | src.bot.trading_bot:_update_market_data:177 | 市场数据更新完成
2025-06-12 11:36:50 | INFO     | src.trading.executor:update_account_info:125 | 账户更新: 总值$99278.60, 买入力$391982.42
2025-06-12 11:36:50 | DEBUG    | src.bot.trading_bot:_update_market_data:177 | 市场数据更新完成
2025-06-12 11:36:54 | INFO     | src.trading.executor:update_account_info:125 | 账户更新: 总值$99278.60, 买入力$391982.42
2025-06-12 11:36:54 | DEBUG    | src.bot.trading_bot:_update_market_data:177 | 市场数据更新完成
2025-06-12 11:36:57 | INFO     | src.trading.executor:update_account_info:125 | 账户更新: 总值$99256.60, 买入力$391982.42
2025-06-12 11:36:57 | DEBUG    | src.bot.trading_bot:_update_market_data:177 | 市场数据更新完成
2025-06-12 11:37:00 | INFO     | src.trading.executor:update_account_info:125 | 账户更新: 总值$99256.60, 买入力$391982.42
2025-06-12 11:37:00 | DEBUG    | src.bot.trading_bot:_update_market_data:177 | 市场数据更新完成
2025-06-12 11:37:03 | INFO     | src.trading.executor:update_account_info:125 | 账户更新: 总值$99223.60, 买入力$391982.42
2025-06-12 11:37:03 | DEBUG    | src.bot.trading_bot:_update_market_data:177 | 市场数据更新完成
2025-06-12 11:37:07 | INFO     | src.trading.executor:update_account_info:125 | 账户更新: 总值$99289.60, 买入力$391982.42
2025-06-12 11:37:07 | DEBUG    | src.bot.trading_bot:_update_market_data:177 | 市场数据更新完成
2025-06-12 11:37:10 | INFO     | src.trading.executor:update_account_info:125 | 账户更新: 总值$99311.60, 买入力$391982.42
2025-06-12 11:37:10 | DEBUG    | src.bot.trading_bot:_update_market_data:177 | 市场数据更新完成
2025-06-12 11:37:13 | INFO     | src.trading.executor:update_account_info:125 | 账户更新: 总值$99289.60, 买入力$391982.42
2025-06-12 11:37:13 | DEBUG    | src.bot.trading_bot:_update_market_data:177 | 市场数据更新完成
2025-06-12 11:37:16 | INFO     | src.trading.executor:update_account_info:125 | 账户更新: 总值$99278.60, 买入力$391982.42
2025-06-12 11:37:16 | DEBUG    | src.bot.trading_bot:_update_market_data:177 | 市场数据更新完成
2025-06-12 11:37:17 | DEBUG    | src.bot.trading_bot:_update_positions_normal:249 | 📊 常规头寸更新完成
2025-06-12 11:37:20 | INFO     | src.trading.executor:update_account_info:125 | 账户更新: 总值$99300.60, 买入力$391982.42
2025-06-12 11:37:20 | DEBUG    | src.bot.trading_bot:_update_market_data:177 | 市场数据更新完成
2025-06-12 11:37:23 | INFO     | src.trading.executor:update_account_info:125 | 账户更新: 总值$99278.60, 买入力$391982.42
2025-06-12 11:37:23 | DEBUG    | src.bot.trading_bot:_update_market_data:177 | 市场数据更新完成
2025-06-12 11:37:26 | INFO     | src.trading.executor:update_account_info:125 | 账户更新: 总值$99300.60, 买入力$391982.42
2025-06-12 11:37:26 | DEBUG    | src.bot.trading_bot:_update_market_data:177 | 市场数据更新完成
2025-06-12 11:37:29 | INFO     | src.trading.executor:update_account_info:125 | 账户更新: 总值$99322.60, 买入力$391982.42
2025-06-12 11:37:29 | DEBUG    | src.bot.trading_bot:_update_market_data:177 | 市场数据更新完成
2025-06-12 11:37:33 | INFO     | src.trading.executor:update_account_info:125 | 账户更新: 总值$99454.60, 买入力$391982.42
2025-06-12 11:37:33 | DEBUG    | src.bot.trading_bot:_update_market_data:177 | 市场数据更新完成
2025-06-12 11:37:36 | INFO     | src.trading.executor:update_account_info:125 | 账户更新: 总值$99443.60, 买入力$391982.42
2025-06-12 11:37:36 | DEBUG    | src.bot.trading_bot:_update_market_data:177 | 市场数据更新完成
2025-06-12 11:37:39 | INFO     | src.trading.executor:update_account_info:125 | 账户更新: 总值$99399.60, 买入力$391982.42
2025-06-12 11:37:39 | DEBUG    | src.bot.trading_bot:_update_market_data:177 | 市场数据更新完成
2025-06-12 11:37:42 | INFO     | src.trading.executor:update_account_info:125 | 账户更新: 总值$99388.60, 买入力$391982.42
2025-06-12 11:37:42 | DEBUG    | src.bot.trading_bot:_update_market_data:177 | 市场数据更新完成
2025-06-12 11:37:45 | INFO     | src.trading.executor:update_account_info:125 | 账户更新: 总值$99410.60, 买入力$391982.42
2025-06-12 11:37:45 | DEBUG    | src.bot.trading_bot:_update_market_data:177 | 市场数据更新完成
2025-06-12 11:37:49 | INFO     | src.trading.executor:update_account_info:125 | 账户更新: 总值$99410.60, 买入力$391982.42
2025-06-12 11:37:49 | DEBUG    | src.bot.trading_bot:_update_market_data:177 | 市场数据更新完成
2025-06-12 11:37:52 | INFO     | src.trading.executor:update_account_info:125 | 账户更新: 总值$99421.60, 买入力$391982.42
2025-06-12 11:37:52 | DEBUG    | src.bot.trading_bot:_update_market_data:177 | 市场数据更新完成
2025-06-12 11:37:55 | INFO     | src.trading.executor:update_account_info:125 | 账户更新: 总值$99432.60, 买入力$391982.42
2025-06-12 11:37:55 | DEBUG    | src.bot.trading_bot:_update_market_data:177 | 市场数据更新完成
2025-06-12 11:37:59 | INFO     | src.trading.executor:update_account_info:125 | 账户更新: 总值$99443.60, 买入力$391982.42
2025-06-12 11:37:59 | DEBUG    | src.bot.trading_bot:_update_market_data:177 | 市场数据更新完成
2025-06-12 11:38:02 | INFO     | src.trading.executor:update_account_info:125 | 账户更新: 总值$99487.60, 买入力$391982.42
2025-06-12 11:38:02 | DEBUG    | src.bot.trading_bot:_update_market_data:177 | 市场数据更新完成
2025-06-12 11:38:05 | INFO     | src.trading.executor:update_account_info:125 | 账户更新: 总值$99498.60, 买入力$391982.42
2025-06-12 11:38:05 | DEBUG    | src.bot.trading_bot:_update_market_data:177 | 市场数据更新完成
2025-06-12 11:38:08 | INFO     | src.trading.executor:update_account_info:125 | 账户更新: 总值$99476.60, 买入力$391982.42
2025-06-12 11:38:08 | DEBUG    | src.bot.trading_bot:_update_market_data:177 | 市场数据更新完成
2025-06-12 11:38:11 | INFO     | src.trading.executor:update_account_info:125 | 账户更新: 总值$99498.60, 买入力$391982.42
2025-06-12 11:38:11 | DEBUG    | src.bot.trading_bot:_update_market_data:177 | 市场数据更新完成
2025-06-12 11:38:15 | INFO     | src.trading.executor:update_account_info:125 | 账户更新: 总值$99498.60, 买入力$391982.42
2025-06-12 11:38:15 | DEBUG    | src.bot.trading_bot:_update_market_data:177 | 市场数据更新完成
2025-06-12 11:38:17 | DEBUG    | src.bot.trading_bot:_update_positions_normal:249 | 📊 常规头寸更新完成
2025-06-12 11:38:18 | INFO     | src.trading.executor:update_account_info:125 | 账户更新: 总值$99498.60, 买入力$391982.42
2025-06-12 11:38:18 | DEBUG    | src.bot.trading_bot:_update_market_data:177 | 市场数据更新完成
2025-06-12 11:38:21 | INFO     | src.trading.executor:update_account_info:125 | 账户更新: 总值$99509.60, 买入力$391982.42
2025-06-12 11:38:21 | DEBUG    | src.bot.trading_bot:_update_market_data:177 | 市场数据更新完成
2025-06-12 11:38:24 | INFO     | src.trading.executor:update_account_info:125 | 账户更新: 总值$99498.60, 买入力$391982.42
2025-06-12 11:38:24 | DEBUG    | src.bot.trading_bot:_update_market_data:177 | 市场数据更新完成
2025-06-12 11:38:28 | INFO     | src.trading.executor:update_account_info:125 | 账户更新: 总值$99476.60, 买入力$391982.42
2025-06-12 11:38:28 | DEBUG    | src.bot.trading_bot:_update_market_data:177 | 市场数据更新完成
2025-06-12 11:38:31 | INFO     | src.trading.executor:update_account_info:125 | 账户更新: 总值$99509.60, 买入力$391982.42
2025-06-12 11:38:31 | DEBUG    | src.bot.trading_bot:_update_market_data:177 | 市场数据更新完成
2025-06-12 11:38:34 | INFO     | src.trading.executor:update_account_info:125 | 账户更新: 总值$99498.60, 买入力$391982.42
2025-06-12 11:38:34 | DEBUG    | src.bot.trading_bot:_update_market_data:177 | 市场数据更新完成
2025-06-12 11:38:37 | INFO     | src.trading.executor:update_account_info:125 | 账户更新: 总值$99498.60, 买入力$391982.42
2025-06-12 11:38:37 | DEBUG    | src.bot.trading_bot:_update_market_data:177 | 市场数据更新完成
2025-06-12 11:38:41 | INFO     | src.trading.executor:update_account_info:125 | 账户更新: 总值$99476.60, 买入力$391982.42
2025-06-12 11:38:41 | DEBUG    | src.bot.trading_bot:_update_market_data:177 | 市场数据更新完成
2025-06-12 11:38:44 | INFO     | src.trading.executor:update_account_info:125 | 账户更新: 总值$99476.60, 买入力$391982.42
2025-06-12 11:38:44 | DEBUG    | src.bot.trading_bot:_update_market_data:177 | 市场数据更新完成
2025-06-12 11:38:47 | INFO     | src.trading.executor:update_account_info:125 | 账户更新: 总值$99454.60, 买入力$391982.42
2025-06-12 11:38:47 | DEBUG    | src.bot.trading_bot:_update_market_data:177 | 市场数据更新完成
2025-06-12 11:38:50 | INFO     | src.trading.executor:update_account_info:125 | 账户更新: 总值$99432.60, 买入力$391982.42
2025-06-12 11:38:50 | DEBUG    | src.bot.trading_bot:_update_market_data:177 | 市场数据更新完成
2025-06-12 11:38:54 | INFO     | src.trading.executor:update_account_info:125 | 账户更新: 总值$99465.60, 买入力$391982.42
2025-06-12 11:38:54 | DEBUG    | src.bot.trading_bot:_update_market_data:177 | 市场数据更新完成
2025-06-12 11:38:57 | INFO     | src.trading.executor:update_account_info:125 | 账户更新: 总值$99432.60, 买入力$391982.42
2025-06-12 11:38:57 | DEBUG    | src.bot.trading_bot:_update_market_data:177 | 市场数据更新完成
2025-06-12 11:39:00 | INFO     | src.trading.executor:update_account_info:125 | 账户更新: 总值$99388.60, 买入力$391982.42
2025-06-12 11:39:00 | DEBUG    | src.bot.trading_bot:_update_market_data:177 | 市场数据更新完成
2025-06-12 11:39:03 | INFO     | src.trading.executor:update_account_info:125 | 账户更新: 总值$99377.60, 买入力$391982.42
2025-06-12 11:39:03 | DEBUG    | src.bot.trading_bot:_update_market_data:177 | 市场数据更新完成
2025-06-12 11:39:07 | INFO     | src.trading.executor:update_account_info:125 | 账户更新: 总值$99388.60, 买入力$391982.42
2025-06-12 11:39:07 | DEBUG    | src.bot.trading_bot:_update_market_data:177 | 市场数据更新完成
2025-06-12 11:39:10 | INFO     | src.trading.executor:update_account_info:125 | 账户更新: 总值$99399.60, 买入力$391982.42
2025-06-12 11:39:10 | DEBUG    | src.bot.trading_bot:_update_market_data:177 | 市场数据更新完成
2025-06-12 11:39:13 | INFO     | src.trading.executor:update_account_info:125 | 账户更新: 总值$99399.60, 买入力$391982.42
2025-06-12 11:39:13 | DEBUG    | src.bot.trading_bot:_update_market_data:177 | 市场数据更新完成
2025-06-12 11:39:16 | INFO     | src.trading.executor:update_account_info:125 | 账户更新: 总值$99399.60, 买入力$391982.42
2025-06-12 11:39:16 | DEBUG    | src.bot.trading_bot:_update_market_data:177 | 市场数据更新完成
2025-06-12 11:39:17 | DEBUG    | src.bot.trading_bot:_update_positions_normal:249 | 📊 常规头寸更新完成
2025-06-12 11:39:20 | INFO     | src.trading.executor:update_account_info:125 | 账户更新: 总值$99410.60, 买入力$391982.42
2025-06-12 11:39:20 | DEBUG    | src.bot.trading_bot:_update_market_data:177 | 市场数据更新完成
2025-06-12 11:39:23 | INFO     | src.trading.executor:update_account_info:125 | 账户更新: 总值$99410.60, 买入力$391982.42
2025-06-12 11:39:23 | DEBUG    | src.bot.trading_bot:_update_market_data:177 | 市场数据更新完成
2025-06-12 11:39:26 | INFO     | src.trading.executor:update_account_info:125 | 账户更新: 总值$99388.60, 买入力$391982.42
2025-06-12 11:39:26 | DEBUG    | src.bot.trading_bot:_update_market_data:177 | 市场数据更新完成
2025-06-12 11:39:29 | INFO     | src.trading.executor:update_account_info:125 | 账户更新: 总值$99388.60, 买入力$391982.42
2025-06-12 11:39:29 | DEBUG    | src.bot.trading_bot:_update_market_data:177 | 市场数据更新完成
2025-06-12 11:39:33 | INFO     | src.trading.executor:update_account_info:125 | 账户更新: 总值$99399.60, 买入力$391982.42
2025-06-12 11:39:33 | DEBUG    | src.bot.trading_bot:_update_market_data:177 | 市场数据更新完成
2025-06-12 11:39:36 | INFO     | src.trading.executor:update_account_info:125 | 账户更新: 总值$99377.60, 买入力$391982.42
2025-06-12 11:39:36 | DEBUG    | src.bot.trading_bot:_update_market_data:177 | 市场数据更新完成
2025-06-12 11:39:39 | INFO     | src.trading.executor:update_account_info:125 | 账户更新: 总值$99399.60, 买入力$391982.42
2025-06-12 11:39:39 | DEBUG    | src.bot.trading_bot:_update_market_data:177 | 市场数据更新完成
2025-06-12 11:39:42 | INFO     | src.trading.executor:update_account_info:125 | 账户更新: 总值$99377.60, 买入力$391982.42
2025-06-12 11:39:42 | DEBUG    | src.bot.trading_bot:_update_market_data:177 | 市场数据更新完成
2025-06-12 11:39:46 | INFO     | src.trading.executor:update_account_info:125 | 账户更新: 总值$99388.60, 买入力$391982.42
2025-06-12 11:39:46 | DEBUG    | src.bot.trading_bot:_update_market_data:177 | 市场数据更新完成
2025-06-12 11:39:49 | INFO     | src.trading.executor:update_account_info:125 | 账户更新: 总值$99366.60, 买入力$391982.42
2025-06-12 11:39:49 | DEBUG    | src.bot.trading_bot:_update_market_data:177 | 市场数据更新完成
2025-06-12 11:39:52 | INFO     | src.trading.executor:update_account_info:125 | 账户更新: 总值$99344.60, 买入力$391982.42
2025-06-12 11:39:52 | DEBUG    | src.bot.trading_bot:_update_market_data:177 | 市场数据更新完成
2025-06-12 11:39:55 | INFO     | src.trading.executor:update_account_info:125 | 账户更新: 总值$99322.60, 买入力$391982.42
2025-06-12 11:39:55 | DEBUG    | src.bot.trading_bot:_update_market_data:177 | 市场数据更新完成
2025-06-12 11:39:59 | INFO     | src.trading.executor:update_account_info:125 | 账户更新: 总值$99300.60, 买入力$391982.42
2025-06-12 11:39:59 | DEBUG    | src.bot.trading_bot:_update_market_data:177 | 市场数据更新完成
2025-06-12 11:40:02 | INFO     | src.trading.executor:update_account_info:125 | 账户更新: 总值$99300.60, 买入力$391982.42
2025-06-12 11:40:02 | DEBUG    | src.bot.trading_bot:_update_market_data:177 | 市场数据更新完成
2025-06-12 11:40:05 | INFO     | src.trading.executor:update_account_info:125 | 账户更新: 总值$99289.60, 买入力$391982.42
2025-06-12 11:40:05 | DEBUG    | src.bot.trading_bot:_update_market_data:177 | 市场数据更新完成
2025-06-12 11:40:08 | INFO     | src.trading.executor:update_account_info:125 | 账户更新: 总值$99322.60, 买入力$391982.42
2025-06-12 11:40:08 | DEBUG    | src.bot.trading_bot:_update_market_data:177 | 市场数据更新完成
2025-06-12 11:40:11 | INFO     | src.trading.executor:update_account_info:125 | 账户更新: 总值$99333.60, 买入力$391982.42
2025-06-12 11:40:11 | DEBUG    | src.bot.trading_bot:_update_market_data:177 | 市场数据更新完成
2025-06-12 11:40:15 | INFO     | src.trading.executor:update_account_info:125 | 账户更新: 总值$99344.60, 买入力$391982.42
2025-06-12 11:40:15 | DEBUG    | src.bot.trading_bot:_update_market_data:177 | 市场数据更新完成
2025-06-12 11:40:18 | DEBUG    | src.bot.trading_bot:_update_positions_normal:249 | 📊 常规头寸更新完成
2025-06-12 11:40:18 | INFO     | src.trading.executor:update_account_info:125 | 账户更新: 总值$99333.60, 买入力$391982.42
2025-06-12 11:40:18 | DEBUG    | src.bot.trading_bot:_update_market_data:177 | 市场数据更新完成
2025-06-12 11:40:21 | INFO     | src.trading.executor:update_account_info:125 | 账户更新: 总值$99289.60, 买入力$391982.42
2025-06-12 11:40:21 | DEBUG    | src.bot.trading_bot:_update_market_data:177 | 市场数据更新完成
2025-06-12 11:40:24 | INFO     | src.trading.executor:update_account_info:125 | 账户更新: 总值$99267.60, 买入力$391982.42
2025-06-12 11:40:24 | DEBUG    | src.bot.trading_bot:_update_market_data:177 | 市场数据更新完成
2025-06-12 11:40:28 | INFO     | src.trading.executor:update_account_info:125 | 账户更新: 总值$99289.60, 买入力$391982.42
2025-06-12 11:40:28 | DEBUG    | src.bot.trading_bot:_update_market_data:177 | 市场数据更新完成
2025-06-12 11:40:31 | INFO     | src.trading.executor:update_account_info:125 | 账户更新: 总值$99267.60, 买入力$391982.42
2025-06-12 11:40:31 | DEBUG    | src.bot.trading_bot:_update_market_data:177 | 市场数据更新完成
2025-06-12 11:40:35 | INFO     | src.trading.executor:update_account_info:125 | 账户更新: 总值$99256.60, 买入力$391982.42
2025-06-12 11:40:35 | DEBUG    | src.bot.trading_bot:_update_market_data:177 | 市场数据更新完成
2025-06-12 11:40:38 | INFO     | src.trading.executor:update_account_info:125 | 账户更新: 总值$99278.60, 买入力$391982.42
2025-06-12 11:40:38 | DEBUG    | src.bot.trading_bot:_update_market_data:177 | 市场数据更新完成
2025-06-12 11:40:41 | INFO     | src.trading.executor:update_account_info:125 | 账户更新: 总值$99278.60, 买入力$391982.42
2025-06-12 11:40:41 | DEBUG    | src.bot.trading_bot:_update_market_data:177 | 市场数据更新完成
2025-06-12 11:40:44 | INFO     | src.trading.executor:update_account_info:125 | 账户更新: 总值$99278.60, 买入力$391982.42
2025-06-12 11:40:44 | DEBUG    | src.bot.trading_bot:_update_market_data:177 | 市场数据更新完成
2025-06-12 11:40:48 | INFO     | src.trading.executor:update_account_info:125 | 账户更新: 总值$99322.60, 买入力$391982.42
2025-06-12 11:40:48 | DEBUG    | src.bot.trading_bot:_update_market_data:177 | 市场数据更新完成
2025-06-12 11:40:51 | INFO     | src.trading.executor:update_account_info:125 | 账户更新: 总值$99322.60, 买入力$391982.42
2025-06-12 11:40:51 | DEBUG    | src.bot.trading_bot:_update_market_data:177 | 市场数据更新完成
2025-06-12 11:40:54 | INFO     | src.trading.executor:update_account_info:125 | 账户更新: 总值$99289.60, 买入力$391982.42
2025-06-12 11:40:54 | DEBUG    | src.bot.trading_bot:_update_market_data:177 | 市场数据更新完成
2025-06-12 11:40:57 | INFO     | src.trading.executor:update_account_info:125 | 账户更新: 总值$99300.60, 买入力$391982.42
2025-06-12 11:40:57 | DEBUG    | src.bot.trading_bot:_update_market_data:177 | 市场数据更新完成
2025-06-12 11:41:01 | INFO     | src.trading.executor:update_account_info:125 | 账户更新: 总值$99300.60, 买入力$391982.42
2025-06-12 11:41:01 | DEBUG    | src.bot.trading_bot:_update_market_data:177 | 市场数据更新完成
2025-06-12 11:41:04 | INFO     | src.trading.executor:update_account_info:125 | 账户更新: 总值$99278.60, 买入力$391982.42
2025-06-12 11:41:04 | DEBUG    | src.bot.trading_bot:_update_market_data:177 | 市场数据更新完成
2025-06-12 11:41:07 | INFO     | src.trading.executor:update_account_info:125 | 账户更新: 总值$99289.60, 买入力$391982.42
2025-06-12 11:41:07 | DEBUG    | src.bot.trading_bot:_update_market_data:177 | 市场数据更新完成
2025-06-12 11:41:10 | INFO     | src.trading.executor:update_account_info:125 | 账户更新: 总值$99300.60, 买入力$391982.42
2025-06-12 11:41:10 | DEBUG    | src.bot.trading_bot:_update_market_data:177 | 市场数据更新完成
2025-06-12 11:41:14 | INFO     | src.trading.executor:update_account_info:125 | 账户更新: 总值$99311.60, 买入力$391982.42
2025-06-12 11:41:14 | DEBUG    | src.bot.trading_bot:_update_market_data:177 | 市场数据更新完成
2025-06-12 11:41:17 | INFO     | src.trading.executor:update_account_info:125 | 账户更新: 总值$99300.60, 买入力$391982.42
2025-06-12 11:41:17 | DEBUG    | src.bot.trading_bot:_update_market_data:177 | 市场数据更新完成
2025-06-12 11:41:18 | DEBUG    | src.bot.trading_bot:_update_positions_normal:249 | 📊 常规头寸更新完成
2025-06-12 11:41:20 | INFO     | src.trading.executor:update_account_info:125 | 账户更新: 总值$99300.60, 买入力$391982.42
2025-06-12 11:41:20 | DEBUG    | src.bot.trading_bot:_update_market_data:177 | 市场数据更新完成
2025-06-12 11:41:23 | INFO     | src.trading.executor:update_account_info:125 | 账户更新: 总值$99322.60, 买入力$391982.42
2025-06-12 11:41:23 | DEBUG    | src.bot.trading_bot:_update_market_data:177 | 市场数据更新完成
2025-06-12 11:41:26 | INFO     | src.trading.executor:update_account_info:125 | 账户更新: 总值$99344.60, 买入力$391982.42
2025-06-12 11:41:26 | DEBUG    | src.bot.trading_bot:_update_market_data:177 | 市场数据更新完成
2025-06-12 11:41:30 | INFO     | src.trading.executor:update_account_info:125 | 账户更新: 总值$99366.60, 买入力$391982.42
2025-06-12 11:41:30 | DEBUG    | src.bot.trading_bot:_update_market_data:177 | 市场数据更新完成
2025-06-12 11:41:33 | INFO     | src.trading.executor:update_account_info:125 | 账户更新: 总值$99366.60, 买入力$391982.42
2025-06-12 11:41:33 | DEBUG    | src.bot.trading_bot:_update_market_data:177 | 市场数据更新完成
2025-06-12 11:41:36 | INFO     | src.trading.executor:update_account_info:125 | 账户更新: 总值$99366.60, 买入力$391982.42
2025-06-12 11:41:36 | DEBUG    | src.bot.trading_bot:_update_market_data:177 | 市场数据更新完成
2025-06-12 11:41:39 | INFO     | src.trading.executor:update_account_info:125 | 账户更新: 总值$99355.60, 买入力$391982.42
2025-06-12 11:41:39 | DEBUG    | src.bot.trading_bot:_update_market_data:177 | 市场数据更新完成
2025-06-12 11:41:43 | INFO     | src.trading.executor:update_account_info:125 | 账户更新: 总值$99377.60, 买入力$391982.42
2025-06-12 11:41:43 | DEBUG    | src.bot.trading_bot:_update_market_data:177 | 市场数据更新完成
2025-06-12 11:41:46 | INFO     | src.trading.executor:update_account_info:125 | 账户更新: 总值$99377.60, 买入力$391982.42
2025-06-12 11:41:46 | DEBUG    | src.bot.trading_bot:_update_market_data:177 | 市场数据更新完成
2025-06-12 11:41:49 | INFO     | src.trading.executor:update_account_info:125 | 账户更新: 总值$99322.60, 买入力$391982.42
2025-06-12 11:41:49 | DEBUG    | src.bot.trading_bot:_update_market_data:177 | 市场数据更新完成
2025-06-12 11:41:52 | INFO     | src.trading.executor:update_account_info:125 | 账户更新: 总值$99300.60, 买入力$391982.42
2025-06-12 11:41:52 | DEBUG    | src.bot.trading_bot:_update_market_data:177 | 市场数据更新完成
2025-06-12 11:41:56 | INFO     | src.trading.executor:update_account_info:125 | 账户更新: 总值$99322.60, 买入力$391982.42
2025-06-12 11:41:56 | DEBUG    | src.bot.trading_bot:_update_market_data:177 | 市场数据更新完成
2025-06-12 11:41:59 | INFO     | src.trading.executor:update_account_info:125 | 账户更新: 总值$99322.60, 买入力$391982.42
2025-06-12 11:41:59 | DEBUG    | src.bot.trading_bot:_update_market_data:177 | 市场数据更新完成
2025-06-12 11:42:02 | INFO     | src.trading.executor:update_account_info:125 | 账户更新: 总值$99333.60, 买入力$391982.42
2025-06-12 11:42:02 | DEBUG    | src.bot.trading_bot:_update_market_data:177 | 市场数据更新完成
2025-06-12 11:42:05 | INFO     | src.trading.executor:update_account_info:125 | 账户更新: 总值$99322.60, 买入力$391982.42
2025-06-12 11:42:05 | DEBUG    | src.bot.trading_bot:_update_market_data:177 | 市场数据更新完成
2025-06-12 11:42:09 | INFO     | src.trading.executor:update_account_info:125 | 账户更新: 总值$99344.60, 买入力$391982.42
2025-06-12 11:42:09 | DEBUG    | src.bot.trading_bot:_update_market_data:177 | 市场数据更新完成
2025-06-12 11:42:12 | INFO     | src.trading.executor:update_account_info:125 | 账户更新: 总值$99388.60, 买入力$391982.42
2025-06-12 11:42:12 | DEBUG    | src.bot.trading_bot:_update_market_data:177 | 市场数据更新完成
2025-06-12 11:42:15 | INFO     | src.trading.executor:update_account_info:125 | 账户更新: 总值$99388.60, 买入力$391982.42
2025-06-12 11:42:15 | DEBUG    | src.bot.trading_bot:_update_market_data:177 | 市场数据更新完成
2025-06-12 11:42:18 | DEBUG    | src.bot.trading_bot:_update_positions_normal:249 | 📊 常规头寸更新完成
2025-06-12 11:42:18 | INFO     | src.trading.executor:update_account_info:125 | 账户更新: 总值$99388.60, 买入力$391982.42
2025-06-12 11:42:18 | DEBUG    | src.bot.trading_bot:_update_market_data:177 | 市场数据更新完成
2025-06-12 11:42:21 | INFO     | src.trading.executor:update_account_info:125 | 账户更新: 总值$99366.60, 买入力$391982.42
2025-06-12 11:42:21 | DEBUG    | src.bot.trading_bot:_update_market_data:177 | 市场数据更新完成
2025-06-12 11:42:25 | INFO     | src.trading.executor:update_account_info:125 | 账户更新: 总值$99355.60, 买入力$391982.42
2025-06-12 11:42:25 | DEBUG    | src.bot.trading_bot:_update_market_data:177 | 市场数据更新完成
2025-06-12 11:42:28 | INFO     | src.trading.executor:update_account_info:125 | 账户更新: 总值$99355.60, 买入力$391982.42
2025-06-12 11:42:28 | DEBUG    | src.bot.trading_bot:_update_market_data:177 | 市场数据更新完成
2025-06-12 11:42:31 | INFO     | src.trading.executor:update_account_info:125 | 账户更新: 总值$99355.60, 买入力$391982.42
2025-06-12 11:42:31 | DEBUG    | src.bot.trading_bot:_update_market_data:177 | 市场数据更新完成
2025-06-12 11:42:34 | INFO     | src.trading.executor:update_account_info:125 | 账户更新: 总值$99344.60, 买入力$391982.42
2025-06-12 11:42:34 | DEBUG    | src.bot.trading_bot:_update_market_data:177 | 市场数据更新完成
2025-06-12 11:42:38 | INFO     | src.trading.executor:update_account_info:125 | 账户更新: 总值$99366.60, 买入力$391982.42
2025-06-12 11:42:38 | DEBUG    | src.bot.trading_bot:_update_market_data:177 | 市场数据更新完成
2025-06-12 11:42:41 | INFO     | src.trading.executor:update_account_info:125 | 账户更新: 总值$99377.60, 买入力$391982.42
2025-06-12 11:42:41 | DEBUG    | src.bot.trading_bot:_update_market_data:177 | 市场数据更新完成
2025-06-12 11:42:44 | INFO     | src.trading.executor:update_account_info:125 | 账户更新: 总值$99366.60, 买入力$391982.42
2025-06-12 11:42:44 | DEBUG    | src.bot.trading_bot:_update_market_data:177 | 市场数据更新完成
2025-06-12 11:42:47 | INFO     | src.trading.executor:update_account_info:125 | 账户更新: 总值$99377.60, 买入力$391982.42
2025-06-12 11:42:47 | DEBUG    | src.bot.trading_bot:_update_market_data:177 | 市场数据更新完成
2025-06-12 11:42:51 | INFO     | src.trading.executor:update_account_info:125 | 账户更新: 总值$99399.60, 买入力$391982.42
2025-06-12 11:42:51 | DEBUG    | src.bot.trading_bot:_update_market_data:177 | 市场数据更新完成
2025-06-12 11:42:54 | INFO     | src.trading.executor:update_account_info:125 | 账户更新: 总值$99399.60, 买入力$391982.42
2025-06-12 11:42:54 | DEBUG    | src.bot.trading_bot:_update_market_data:177 | 市场数据更新完成
2025-06-12 11:42:57 | INFO     | src.trading.executor:update_account_info:125 | 账户更新: 总值$99388.60, 买入力$391982.42
2025-06-12 11:42:57 | DEBUG    | src.bot.trading_bot:_update_market_data:177 | 市场数据更新完成
2025-06-12 11:43:00 | INFO     | src.trading.executor:update_account_info:125 | 账户更新: 总值$99410.60, 买入力$391982.42
2025-06-12 11:43:00 | DEBUG    | src.bot.trading_bot:_update_market_data:177 | 市场数据更新完成
2025-06-12 11:43:03 | INFO     | src.trading.executor:update_account_info:125 | 账户更新: 总值$99421.60, 买入力$391982.42
2025-06-12 11:43:03 | DEBUG    | src.bot.trading_bot:_update_market_data:177 | 市场数据更新完成
2025-06-12 11:43:07 | INFO     | src.trading.executor:update_account_info:125 | 账户更新: 总值$99421.60, 买入力$391982.42
2025-06-12 11:43:07 | DEBUG    | src.bot.trading_bot:_update_market_data:177 | 市场数据更新完成
2025-06-12 11:43:10 | INFO     | src.trading.executor:update_account_info:125 | 账户更新: 总值$99443.60, 买入力$391982.42
2025-06-12 11:43:10 | DEBUG    | src.bot.trading_bot:_update_market_data:177 | 市场数据更新完成
2025-06-12 11:43:13 | INFO     | src.trading.executor:update_account_info:125 | 账户更新: 总值$99443.60, 买入力$391982.42
2025-06-12 11:43:13 | DEBUG    | src.bot.trading_bot:_update_market_data:177 | 市场数据更新完成
2025-06-12 11:43:16 | INFO     | src.trading.executor:update_account_info:125 | 账户更新: 总值$99443.60, 买入力$391982.42
2025-06-12 11:43:16 | DEBUG    | src.bot.trading_bot:_update_market_data:177 | 市场数据更新完成
2025-06-12 11:43:19 | DEBUG    | src.bot.trading_bot:_update_positions_normal:249 | 📊 常规头寸更新完成
2025-06-12 11:43:20 | INFO     | src.trading.executor:update_account_info:125 | 账户更新: 总值$99509.60, 买入力$391982.42
2025-06-12 11:43:20 | DEBUG    | src.bot.trading_bot:_update_market_data:177 | 市场数据更新完成
2025-06-12 11:43:23 | INFO     | src.trading.executor:update_account_info:125 | 账户更新: 总值$99487.60, 买入力$391982.42
2025-06-12 11:43:23 | DEBUG    | src.bot.trading_bot:_update_market_data:177 | 市场数据更新完成
2025-06-12 11:43:26 | INFO     | src.trading.executor:update_account_info:125 | 账户更新: 总值$99498.60, 买入力$391982.42
2025-06-12 11:43:26 | DEBUG    | src.bot.trading_bot:_update_market_data:177 | 市场数据更新完成
2025-06-12 11:43:30 | INFO     | src.trading.executor:update_account_info:125 | 账户更新: 总值$99487.60, 买入力$391982.42
2025-06-12 11:43:30 | DEBUG    | src.bot.trading_bot:_update_market_data:177 | 市场数据更新完成
2025-06-12 11:43:33 | INFO     | src.trading.executor:update_account_info:125 | 账户更新: 总值$99476.60, 买入力$391982.42
2025-06-12 11:43:33 | DEBUG    | src.bot.trading_bot:_update_market_data:177 | 市场数据更新完成
2025-06-12 11:43:36 | INFO     | src.trading.executor:update_account_info:125 | 账户更新: 总值$99476.60, 买入力$391982.42
2025-06-12 11:43:36 | DEBUG    | src.bot.trading_bot:_update_market_data:177 | 市场数据更新完成
2025-06-12 11:43:39 | INFO     | src.trading.executor:update_account_info:125 | 账户更新: 总值$99476.60, 买入力$391982.42
2025-06-12 11:43:39 | DEBUG    | src.bot.trading_bot:_update_market_data:177 | 市场数据更新完成
2025-06-12 11:43:43 | INFO     | src.trading.executor:update_account_info:125 | 账户更新: 总值$99487.60, 买入力$391982.42
2025-06-12 11:43:43 | DEBUG    | src.bot.trading_bot:_update_market_data:177 | 市场数据更新完成
2025-06-12 11:43:46 | INFO     | src.trading.executor:update_account_info:125 | 账户更新: 总值$99487.60, 买入力$391982.42
2025-06-12 11:43:46 | DEBUG    | src.bot.trading_bot:_update_market_data:177 | 市场数据更新完成
2025-06-12 11:43:49 | INFO     | src.trading.executor:update_account_info:125 | 账户更新: 总值$99487.60, 买入力$391982.42
2025-06-12 11:43:49 | DEBUG    | src.bot.trading_bot:_update_market_data:177 | 市场数据更新完成
2025-06-12 11:43:52 | INFO     | src.trading.executor:update_account_info:125 | 账户更新: 总值$99498.60, 买入力$391982.42
2025-06-12 11:43:52 | DEBUG    | src.bot.trading_bot:_update_market_data:177 | 市场数据更新完成
2025-06-12 11:43:56 | INFO     | src.trading.executor:update_account_info:125 | 账户更新: 总值$99498.60, 买入力$391982.42
2025-06-12 11:43:56 | DEBUG    | src.bot.trading_bot:_update_market_data:177 | 市场数据更新完成
2025-06-12 11:43:59 | INFO     | src.trading.executor:update_account_info:125 | 账户更新: 总值$99531.60, 买入力$391982.42
2025-06-12 11:43:59 | DEBUG    | src.bot.trading_bot:_update_market_data:177 | 市场数据更新完成
2025-06-12 11:44:02 | INFO     | src.trading.executor:update_account_info:125 | 账户更新: 总值$99487.60, 买入力$391982.42
2025-06-12 11:44:02 | DEBUG    | src.bot.trading_bot:_update_market_data:177 | 市场数据更新完成
2025-06-12 11:44:05 | INFO     | src.trading.executor:update_account_info:125 | 账户更新: 总值$99487.60, 买入力$391982.42
2025-06-12 11:44:05 | DEBUG    | src.bot.trading_bot:_update_market_data:177 | 市场数据更新完成
2025-06-12 11:44:09 | INFO     | src.trading.executor:update_account_info:125 | 账户更新: 总值$99476.60, 买入力$391982.42
2025-06-12 11:44:09 | DEBUG    | src.bot.trading_bot:_update_market_data:177 | 市场数据更新完成
2025-06-12 11:44:12 | INFO     | src.trading.executor:update_account_info:125 | 账户更新: 总值$99487.60, 买入力$391982.42
2025-06-12 11:44:12 | DEBUG    | src.bot.trading_bot:_update_market_data:177 | 市场数据更新完成
2025-06-12 11:44:15 | INFO     | src.trading.executor:update_account_info:125 | 账户更新: 总值$99498.60, 买入力$391982.42
2025-06-12 11:44:15 | DEBUG    | src.bot.trading_bot:_update_market_data:177 | 市场数据更新完成
2025-06-12 11:44:18 | INFO     | src.trading.executor:update_account_info:125 | 账户更新: 总值$99465.60, 买入力$391982.42
2025-06-12 11:44:18 | DEBUG    | src.bot.trading_bot:_update_market_data:177 | 市场数据更新完成
2025-06-12 11:44:19 | DEBUG    | src.bot.trading_bot:_update_positions_normal:249 | 📊 常规头寸更新完成
2025-06-12 11:44:22 | INFO     | src.trading.executor:update_account_info:125 | 账户更新: 总值$99454.60, 买入力$391982.42
2025-06-12 11:44:22 | DEBUG    | src.bot.trading_bot:_update_market_data:177 | 市场数据更新完成
2025-06-12 11:44:25 | INFO     | src.trading.executor:update_account_info:125 | 账户更新: 总值$99487.60, 买入力$391982.42
2025-06-12 11:44:25 | DEBUG    | src.bot.trading_bot:_update_market_data:177 | 市场数据更新完成
2025-06-12 11:44:28 | INFO     | src.trading.executor:update_account_info:125 | 账户更新: 总值$99498.60, 买入力$391982.42
2025-06-12 11:44:28 | DEBUG    | src.bot.trading_bot:_update_market_data:177 | 市场数据更新完成
2025-06-12 11:44:31 | INFO     | src.trading.executor:update_account_info:125 | 账户更新: 总值$99498.60, 买入力$391982.42
2025-06-12 11:44:31 | DEBUG    | src.bot.trading_bot:_update_market_data:177 | 市场数据更新完成
2025-06-12 11:44:34 | INFO     | src.trading.executor:update_account_info:125 | 账户更新: 总值$99520.60, 买入力$391982.42
2025-06-12 11:44:34 | DEBUG    | src.bot.trading_bot:_update_market_data:177 | 市场数据更新完成
2025-06-12 11:44:38 | INFO     | src.trading.executor:update_account_info:125 | 账户更新: 总值$99542.60, 买入力$391982.42
2025-06-12 11:44:38 | DEBUG    | src.bot.trading_bot:_update_market_data:177 | 市场数据更新完成
2025-06-12 11:44:41 | INFO     | src.trading.executor:update_account_info:125 | 账户更新: 总值$99531.60, 买入力$391982.42
2025-06-12 11:44:41 | DEBUG    | src.bot.trading_bot:_update_market_data:177 | 市场数据更新完成
2025-06-12 11:44:44 | INFO     | src.trading.executor:update_account_info:125 | 账户更新: 总值$99553.60, 买入力$391982.42
2025-06-12 11:44:44 | DEBUG    | src.bot.trading_bot:_update_market_data:177 | 市场数据更新完成
2025-06-12 11:44:47 | INFO     | src.trading.executor:update_account_info:125 | 账户更新: 总值$99564.60, 买入力$391982.42
2025-06-12 11:44:47 | DEBUG    | src.bot.trading_bot:_update_market_data:177 | 市场数据更新完成
2025-06-12 11:44:51 | INFO     | src.trading.executor:update_account_info:125 | 账户更新: 总值$99542.60, 买入力$391982.42
2025-06-12 11:44:51 | DEBUG    | src.bot.trading_bot:_update_market_data:177 | 市场数据更新完成
2025-06-12 11:44:54 | INFO     | src.trading.executor:update_account_info:125 | 账户更新: 总值$99520.60, 买入力$391982.42
2025-06-12 11:44:54 | DEBUG    | src.bot.trading_bot:_update_market_data:177 | 市场数据更新完成
2025-06-12 11:44:57 | INFO     | src.trading.executor:update_account_info:125 | 账户更新: 总值$99520.60, 买入力$391982.42
2025-06-12 11:44:57 | DEBUG    | src.bot.trading_bot:_update_market_data:177 | 市场数据更新完成
2025-06-12 11:45:00 | INFO     | src.trading.executor:update_account_info:125 | 账户更新: 总值$99542.60, 买入力$391982.42
2025-06-12 11:45:00 | DEBUG    | src.bot.trading_bot:_update_market_data:177 | 市场数据更新完成
2025-06-12 11:45:04 | INFO     | src.trading.executor:update_account_info:125 | 账户更新: 总值$99520.60, 买入力$391982.42
2025-06-12 11:45:04 | DEBUG    | src.bot.trading_bot:_update_market_data:177 | 市场数据更新完成
2025-06-12 11:45:07 | INFO     | src.trading.executor:update_account_info:125 | 账户更新: 总值$99531.60, 买入力$391982.42
2025-06-12 11:45:07 | DEBUG    | src.bot.trading_bot:_update_market_data:177 | 市场数据更新完成
2025-06-12 11:45:10 | INFO     | src.trading.executor:update_account_info:125 | 账户更新: 总值$99498.60, 买入力$391982.42
2025-06-12 11:45:10 | DEBUG    | src.bot.trading_bot:_update_market_data:177 | 市场数据更新完成
2025-06-12 11:45:13 | INFO     | src.trading.executor:update_account_info:125 | 账户更新: 总值$99520.60, 买入力$391982.42
2025-06-12 11:45:13 | DEBUG    | src.bot.trading_bot:_update_market_data:177 | 市场数据更新完成
2025-06-12 11:45:16 | INFO     | src.trading.executor:update_account_info:125 | 账户更新: 总值$99476.60, 买入力$391982.42
2025-06-12 11:45:16 | DEBUG    | src.bot.trading_bot:_update_market_data:177 | 市场数据更新完成
2025-06-12 11:45:19 | DEBUG    | src.bot.trading_bot:_update_positions_normal:249 | 📊 常规头寸更新完成
2025-06-12 11:45:20 | INFO     | src.trading.executor:update_account_info:125 | 账户更新: 总值$99476.60, 买入力$391982.42
2025-06-12 11:45:20 | DEBUG    | src.bot.trading_bot:_update_market_data:177 | 市场数据更新完成
2025-06-12 11:45:23 | INFO     | src.trading.executor:update_account_info:125 | 账户更新: 总值$99531.60, 买入力$391982.42
2025-06-12 11:45:23 | DEBUG    | src.bot.trading_bot:_update_market_data:177 | 市场数据更新完成
2025-06-12 11:45:26 | INFO     | src.trading.executor:update_account_info:125 | 账户更新: 总值$99531.60, 买入力$391982.42
2025-06-12 11:45:26 | DEBUG    | src.bot.trading_bot:_update_market_data:177 | 市场数据更新完成
2025-06-12 11:45:30 | INFO     | src.trading.executor:update_account_info:125 | 账户更新: 总值$99531.60, 买入力$391982.42
2025-06-12 11:45:30 | DEBUG    | src.bot.trading_bot:_update_market_data:177 | 市场数据更新完成
2025-06-12 11:45:33 | INFO     | src.trading.executor:update_account_info:125 | 账户更新: 总值$99542.60, 买入力$391982.42
2025-06-12 11:45:33 | DEBUG    | src.bot.trading_bot:_update_market_data:177 | 市场数据更新完成
2025-06-12 11:45:36 | INFO     | src.trading.executor:update_account_info:125 | 账户更新: 总值$99509.60, 买入力$391982.42
2025-06-12 11:45:36 | DEBUG    | src.bot.trading_bot:_update_market_data:177 | 市场数据更新完成
2025-06-12 11:45:39 | INFO     | src.trading.executor:update_account_info:125 | 账户更新: 总值$99498.60, 买入力$391982.42
2025-06-12 11:45:39 | DEBUG    | src.bot.trading_bot:_update_market_data:177 | 市场数据更新完成
2025-06-12 11:45:42 | INFO     | src.trading.executor:update_account_info:125 | 账户更新: 总值$99509.60, 买入力$391982.42
2025-06-12 11:45:42 | DEBUG    | src.bot.trading_bot:_update_market_data:177 | 市场数据更新完成
2025-06-12 11:45:46 | INFO     | src.trading.executor:update_account_info:125 | 账户更新: 总值$99509.60, 买入力$391982.42
2025-06-12 11:45:46 | DEBUG    | src.bot.trading_bot:_update_market_data:177 | 市场数据更新完成
2025-06-12 11:45:49 | INFO     | src.trading.executor:update_account_info:125 | 账户更新: 总值$99509.60, 买入力$391982.42
2025-06-12 11:45:49 | DEBUG    | src.bot.trading_bot:_update_market_data:177 | 市场数据更新完成
2025-06-12 11:45:52 | INFO     | src.trading.executor:update_account_info:125 | 账户更新: 总值$99531.60, 买入力$391982.42
2025-06-12 11:45:52 | DEBUG    | src.bot.trading_bot:_update_market_data:177 | 市场数据更新完成
2025-06-12 11:45:55 | INFO     | src.trading.executor:update_account_info:125 | 账户更新: 总值$99542.60, 买入力$391982.42
2025-06-12 11:45:55 | DEBUG    | src.bot.trading_bot:_update_market_data:177 | 市场数据更新完成
2025-06-12 11:45:59 | INFO     | src.trading.executor:update_account_info:125 | 账户更新: 总值$99553.60, 买入力$391982.42
2025-06-12 11:45:59 | DEBUG    | src.bot.trading_bot:_update_market_data:177 | 市场数据更新完成
2025-06-12 11:46:02 | INFO     | src.trading.executor:update_account_info:125 | 账户更新: 总值$99553.60, 买入力$391982.42
2025-06-12 11:46:02 | DEBUG    | src.bot.trading_bot:_update_market_data:177 | 市场数据更新完成
2025-06-12 11:46:05 | INFO     | src.trading.executor:update_account_info:125 | 账户更新: 总值$99564.60, 买入力$391982.42
2025-06-12 11:46:05 | DEBUG    | src.bot.trading_bot:_update_market_data:177 | 市场数据更新完成
2025-06-12 11:46:08 | INFO     | src.trading.executor:update_account_info:125 | 账户更新: 总值$99564.60, 买入力$391982.42
2025-06-12 11:46:08 | DEBUG    | src.bot.trading_bot:_update_market_data:177 | 市场数据更新完成
2025-06-12 11:46:12 | INFO     | src.trading.executor:update_account_info:125 | 账户更新: 总值$99520.60, 买入力$391982.42
2025-06-12 11:46:12 | DEBUG    | src.bot.trading_bot:_update_market_data:177 | 市场数据更新完成
2025-06-12 11:46:15 | INFO     | src.trading.executor:update_account_info:125 | 账户更新: 总值$99542.60, 买入力$391982.42
2025-06-12 11:46:15 | DEBUG    | src.bot.trading_bot:_update_market_data:177 | 市场数据更新完成
2025-06-12 11:46:18 | INFO     | src.trading.executor:update_account_info:125 | 账户更新: 总值$99509.60, 买入力$391982.42
2025-06-12 11:46:18 | DEBUG    | src.bot.trading_bot:_update_market_data:177 | 市场数据更新完成
2025-06-12 11:46:20 | DEBUG    | src.bot.trading_bot:_update_positions_normal:249 | 📊 常规头寸更新完成
2025-06-12 11:46:21 | INFO     | src.trading.executor:update_account_info:125 | 账户更新: 总值$99564.60, 买入力$391982.42
2025-06-12 11:46:21 | DEBUG    | src.bot.trading_bot:_update_market_data:177 | 市场数据更新完成
2025-06-12 11:46:25 | INFO     | src.trading.executor:update_account_info:125 | 账户更新: 总值$99553.60, 买入力$391982.42
2025-06-12 11:46:25 | DEBUG    | src.bot.trading_bot:_update_market_data:177 | 市场数据更新完成
2025-06-12 11:46:28 | INFO     | src.trading.executor:update_account_info:125 | 账户更新: 总值$99531.60, 买入力$391982.42
2025-06-12 11:46:28 | DEBUG    | src.bot.trading_bot:_update_market_data:177 | 市场数据更新完成
2025-06-12 11:46:31 | INFO     | src.trading.executor:update_account_info:125 | 账户更新: 总值$99531.60, 买入力$391982.42
2025-06-12 11:46:31 | DEBUG    | src.bot.trading_bot:_update_market_data:177 | 市场数据更新完成
2025-06-12 11:46:34 | INFO     | src.trading.executor:update_account_info:125 | 账户更新: 总值$99542.60, 买入力$391982.42
2025-06-12 11:46:34 | DEBUG    | src.bot.trading_bot:_update_market_data:177 | 市场数据更新完成
2025-06-12 11:46:37 | INFO     | src.trading.executor:update_account_info:125 | 账户更新: 总值$99564.60, 买入力$391982.42
2025-06-12 11:46:37 | DEBUG    | src.bot.trading_bot:_update_market_data:177 | 市场数据更新完成
2025-06-12 11:46:41 | INFO     | src.trading.executor:update_account_info:125 | 账户更新: 总值$99564.60, 买入力$391982.42
2025-06-12 11:46:41 | DEBUG    | src.bot.trading_bot:_update_market_data:177 | 市场数据更新完成
2025-06-12 11:46:44 | INFO     | src.trading.executor:update_account_info:125 | 账户更新: 总值$99586.60, 买入力$391982.42
2025-06-12 11:46:44 | DEBUG    | src.bot.trading_bot:_update_market_data:177 | 市场数据更新完成
2025-06-12 11:46:47 | INFO     | src.trading.executor:update_account_info:125 | 账户更新: 总值$99597.60, 买入力$391982.42
2025-06-12 11:46:47 | DEBUG    | src.bot.trading_bot:_update_market_data:177 | 市场数据更新完成
2025-06-12 11:46:50 | INFO     | src.trading.executor:update_account_info:125 | 账户更新: 总值$99608.60, 买入力$391982.42
2025-06-12 11:46:50 | DEBUG    | src.bot.trading_bot:_update_market_data:177 | 市场数据更新完成
2025-06-12 11:46:53 | INFO     | src.trading.executor:update_account_info:125 | 账户更新: 总值$99597.60, 买入力$391982.42
2025-06-12 11:46:53 | DEBUG    | src.bot.trading_bot:_update_market_data:177 | 市场数据更新完成
2025-06-12 11:46:57 | INFO     | src.trading.executor:update_account_info:125 | 账户更新: 总值$99608.60, 买入力$391982.42
2025-06-12 11:46:57 | DEBUG    | src.bot.trading_bot:_update_market_data:177 | 市场数据更新完成
2025-06-12 11:47:00 | INFO     | src.trading.executor:update_account_info:125 | 账户更新: 总值$99641.60, 买入力$391982.42
2025-06-12 11:47:00 | DEBUG    | src.bot.trading_bot:_update_market_data:177 | 市场数据更新完成
2025-06-12 11:47:03 | INFO     | src.trading.executor:update_account_info:125 | 账户更新: 总值$99630.60, 买入力$391982.42
2025-06-12 11:47:03 | DEBUG    | src.bot.trading_bot:_update_market_data:177 | 市场数据更新完成
2025-06-12 11:47:06 | INFO     | src.trading.executor:update_account_info:125 | 账户更新: 总值$99597.60, 买入力$391982.42
2025-06-12 11:47:06 | DEBUG    | src.bot.trading_bot:_update_market_data:177 | 市场数据更新完成
2025-06-12 11:47:10 | INFO     | src.trading.executor:update_account_info:125 | 账户更新: 总值$99564.60, 买入力$391982.42
2025-06-12 11:47:10 | DEBUG    | src.bot.trading_bot:_update_market_data:177 | 市场数据更新完成
2025-06-12 11:47:13 | INFO     | src.trading.executor:update_account_info:125 | 账户更新: 总值$99542.60, 买入力$391982.42
2025-06-12 11:47:13 | DEBUG    | src.bot.trading_bot:_update_market_data:177 | 市场数据更新完成
2025-06-12 11:47:16 | INFO     | src.trading.executor:update_account_info:125 | 账户更新: 总值$99476.60, 买入力$391982.42
2025-06-12 11:47:16 | DEBUG    | src.bot.trading_bot:_update_market_data:177 | 市场数据更新完成
2025-06-12 11:47:19 | INFO     | src.trading.executor:update_account_info:125 | 账户更新: 总值$99498.60, 买入力$391982.42
2025-06-12 11:47:19 | DEBUG    | src.bot.trading_bot:_update_market_data:177 | 市场数据更新完成
2025-06-12 11:47:20 | DEBUG    | src.bot.trading_bot:_update_positions_normal:249 | 📊 常规头寸更新完成
2025-06-12 11:47:22 | INFO     | src.trading.executor:update_account_info:125 | 账户更新: 总值$99509.60, 买入力$391982.42
2025-06-12 11:47:22 | DEBUG    | src.bot.trading_bot:_update_market_data:177 | 市场数据更新完成
2025-06-12 11:47:26 | INFO     | src.trading.executor:update_account_info:125 | 账户更新: 总值$99520.60, 买入力$391982.42
2025-06-12 11:47:26 | DEBUG    | src.bot.trading_bot:_update_market_data:177 | 市场数据更新完成
2025-06-12 11:47:29 | INFO     | src.trading.executor:update_account_info:125 | 账户更新: 总值$99531.60, 买入力$391982.42
2025-06-12 11:47:29 | DEBUG    | src.bot.trading_bot:_update_market_data:177 | 市场数据更新完成
2025-06-12 11:47:32 | INFO     | src.trading.executor:update_account_info:125 | 账户更新: 总值$99520.60, 买入力$391982.42
2025-06-12 11:47:32 | DEBUG    | src.bot.trading_bot:_update_market_data:177 | 市场数据更新完成
2025-06-12 11:47:36 | INFO     | src.trading.executor:update_account_info:125 | 账户更新: 总值$99487.60, 买入力$391982.42
2025-06-12 11:47:36 | DEBUG    | src.bot.trading_bot:_update_market_data:177 | 市场数据更新完成
2025-06-12 11:47:39 | INFO     | src.trading.executor:update_account_info:125 | 账户更新: 总值$99432.60, 买入力$391982.42
2025-06-12 11:47:39 | DEBUG    | src.bot.trading_bot:_update_market_data:177 | 市场数据更新完成
2025-06-12 11:47:42 | INFO     | src.trading.executor:update_account_info:125 | 账户更新: 总值$99432.60, 买入力$391982.42
2025-06-12 11:47:42 | DEBUG    | src.bot.trading_bot:_update_market_data:177 | 市场数据更新完成
2025-06-12 11:47:45 | INFO     | src.trading.executor:update_account_info:125 | 账户更新: 总值$99432.60, 买入力$391982.42
2025-06-12 11:47:45 | DEBUG    | src.bot.trading_bot:_update_market_data:177 | 市场数据更新完成
2025-06-12 11:47:48 | INFO     | src.trading.executor:update_account_info:125 | 账户更新: 总值$99377.60, 买入力$391982.42
2025-06-12 11:47:48 | DEBUG    | src.bot.trading_bot:_update_market_data:177 | 市场数据更新完成
2025-06-12 11:47:52 | INFO     | src.trading.executor:update_account_info:125 | 账户更新: 总值$99410.60, 买入力$391982.42
2025-06-12 11:47:52 | DEBUG    | src.bot.trading_bot:_update_market_data:177 | 市场数据更新完成
2025-06-12 11:47:55 | INFO     | src.trading.executor:update_account_info:125 | 账户更新: 总值$99421.60, 买入力$391982.42
2025-06-12 11:47:55 | DEBUG    | src.bot.trading_bot:_update_market_data:177 | 市场数据更新完成
2025-06-12 11:47:58 | INFO     | src.trading.executor:update_account_info:125 | 账户更新: 总值$99377.60, 买入力$391982.42
2025-06-12 11:47:58 | DEBUG    | src.bot.trading_bot:_update_market_data:177 | 市场数据更新完成
2025-06-12 11:48:02 | INFO     | src.trading.executor:update_account_info:125 | 账户更新: 总值$99311.60, 买入力$391982.42
2025-06-12 11:48:02 | DEBUG    | src.bot.trading_bot:_update_market_data:177 | 市场数据更新完成
2025-06-12 11:48:05 | INFO     | src.trading.executor:update_account_info:125 | 账户更新: 总值$99311.60, 买入力$391982.42
2025-06-12 11:48:05 | DEBUG    | src.bot.trading_bot:_update_market_data:177 | 市场数据更新完成
2025-06-12 11:48:08 | INFO     | src.trading.executor:update_account_info:125 | 账户更新: 总值$99289.60, 买入力$391982.42
2025-06-12 11:48:08 | DEBUG    | src.bot.trading_bot:_update_market_data:177 | 市场数据更新完成
2025-06-12 11:48:11 | INFO     | src.trading.executor:update_account_info:125 | 账户更新: 总值$99300.60, 买入力$391982.42
2025-06-12 11:48:11 | DEBUG    | src.bot.trading_bot:_update_market_data:177 | 市场数据更新完成
2025-06-12 11:48:14 | INFO     | src.trading.executor:update_account_info:125 | 账户更新: 总值$99300.60, 买入力$391982.42
2025-06-12 11:48:14 | DEBUG    | src.bot.trading_bot:_update_market_data:177 | 市场数据更新完成
2025-06-12 11:48:18 | INFO     | src.trading.executor:update_account_info:125 | 账户更新: 总值$99311.60, 买入力$391982.42
2025-06-12 11:48:18 | DEBUG    | src.bot.trading_bot:_update_market_data:177 | 市场数据更新完成
2025-06-12 11:48:20 | DEBUG    | src.bot.trading_bot:_update_positions_normal:249 | 📊 常规头寸更新完成
2025-06-12 11:48:21 | INFO     | src.trading.executor:update_account_info:125 | 账户更新: 总值$99300.60, 买入力$391982.42
2025-06-12 11:48:21 | DEBUG    | src.bot.trading_bot:_update_market_data:177 | 市场数据更新完成
2025-06-12 11:48:24 | INFO     | src.trading.executor:update_account_info:125 | 账户更新: 总值$99267.60, 买入力$391982.42
2025-06-12 11:48:24 | DEBUG    | src.bot.trading_bot:_update_market_data:177 | 市场数据更新完成
2025-06-12 11:48:27 | INFO     | src.trading.executor:update_account_info:125 | 账户更新: 总值$99278.60, 买入力$391982.42
2025-06-12 11:48:27 | DEBUG    | src.bot.trading_bot:_update_market_data:177 | 市场数据更新完成
2025-06-12 11:48:30 | INFO     | src.trading.executor:update_account_info:125 | 账户更新: 总值$99278.60, 买入力$391982.42
2025-06-12 11:48:30 | DEBUG    | src.bot.trading_bot:_update_market_data:177 | 市场数据更新完成
2025-06-12 11:48:34 | INFO     | src.trading.executor:update_account_info:125 | 账户更新: 总值$99278.60, 买入力$391982.42
2025-06-12 11:48:34 | DEBUG    | src.bot.trading_bot:_update_market_data:177 | 市场数据更新完成
2025-06-12 11:48:37 | INFO     | src.trading.executor:update_account_info:125 | 账户更新: 总值$99300.60, 买入力$391982.42
2025-06-12 11:48:37 | DEBUG    | src.bot.trading_bot:_update_market_data:177 | 市场数据更新完成
2025-06-12 11:48:40 | INFO     | src.trading.executor:update_account_info:125 | 账户更新: 总值$99289.60, 买入力$391982.42
2025-06-12 11:48:40 | DEBUG    | src.bot.trading_bot:_update_market_data:177 | 市场数据更新完成
2025-06-12 11:48:44 | INFO     | src.trading.executor:update_account_info:125 | 账户更新: 总值$99278.60, 买入力$391982.42
2025-06-12 11:48:44 | DEBUG    | src.bot.trading_bot:_update_market_data:177 | 市场数据更新完成
2025-06-12 11:48:47 | INFO     | src.trading.executor:update_account_info:125 | 账户更新: 总值$99300.60, 买入力$391982.42
2025-06-12 11:48:47 | DEBUG    | src.bot.trading_bot:_update_market_data:177 | 市场数据更新完成
2025-06-12 11:48:50 | INFO     | src.trading.executor:update_account_info:125 | 账户更新: 总值$99289.60, 买入力$391982.42
2025-06-12 11:48:50 | DEBUG    | src.bot.trading_bot:_update_market_data:177 | 市场数据更新完成
2025-06-12 11:48:53 | INFO     | src.trading.executor:update_account_info:125 | 账户更新: 总值$99289.60, 买入力$391982.42
2025-06-12 11:48:53 | DEBUG    | src.bot.trading_bot:_update_market_data:177 | 市场数据更新完成
2025-06-12 11:48:57 | INFO     | src.trading.executor:update_account_info:125 | 账户更新: 总值$99289.60, 买入力$391982.42
2025-06-12 11:48:57 | DEBUG    | src.bot.trading_bot:_update_market_data:177 | 市场数据更新完成
2025-06-12 11:49:00 | INFO     | src.trading.executor:update_account_info:125 | 账户更新: 总值$99300.60, 买入力$391982.42
2025-06-12 11:49:00 | DEBUG    | src.bot.trading_bot:_update_market_data:177 | 市场数据更新完成
2025-06-12 11:49:03 | INFO     | src.trading.executor:update_account_info:125 | 账户更新: 总值$99289.60, 买入力$391982.42
2025-06-12 11:49:03 | DEBUG    | src.bot.trading_bot:_update_market_data:177 | 市场数据更新完成
2025-06-12 11:49:06 | INFO     | src.trading.executor:update_account_info:125 | 账户更新: 总值$99289.60, 买入力$391982.42
2025-06-12 11:49:06 | DEBUG    | src.bot.trading_bot:_update_market_data:177 | 市场数据更新完成
2025-06-12 11:49:10 | INFO     | src.trading.executor:update_account_info:125 | 账户更新: 总值$99311.60, 买入力$391982.42
2025-06-12 11:49:10 | DEBUG    | src.bot.trading_bot:_update_market_data:177 | 市场数据更新完成
2025-06-12 11:49:13 | INFO     | src.trading.executor:update_account_info:125 | 账户更新: 总值$99322.60, 买入力$391982.42
2025-06-12 11:49:13 | DEBUG    | src.bot.trading_bot:_update_market_data:177 | 市场数据更新完成
2025-06-12 11:49:16 | INFO     | src.trading.executor:update_account_info:125 | 账户更新: 总值$99344.60, 买入力$391982.42
2025-06-12 11:49:16 | DEBUG    | src.bot.trading_bot:_update_market_data:177 | 市场数据更新完成
2025-06-12 11:49:19 | INFO     | src.trading.executor:update_account_info:125 | 账户更新: 总值$99333.60, 买入力$391982.42
2025-06-12 11:49:19 | DEBUG    | src.bot.trading_bot:_update_market_data:177 | 市场数据更新完成
2025-06-12 11:49:20 | DEBUG    | src.bot.trading_bot:_update_positions_normal:249 | 📊 常规头寸更新完成
2025-06-12 11:49:22 | INFO     | src.trading.executor:update_account_info:125 | 账户更新: 总值$99333.60, 买入力$391982.42
2025-06-12 11:49:22 | DEBUG    | src.bot.trading_bot:_update_market_data:177 | 市场数据更新完成
2025-06-12 11:49:26 | INFO     | src.trading.executor:update_account_info:125 | 账户更新: 总值$99333.60, 买入力$391982.42
2025-06-12 11:49:26 | DEBUG    | src.bot.trading_bot:_update_market_data:177 | 市场数据更新完成
2025-06-12 11:49:29 | INFO     | src.trading.executor:update_account_info:125 | 账户更新: 总值$99322.60, 买入力$391982.42
2025-06-12 11:49:29 | DEBUG    | src.bot.trading_bot:_update_market_data:177 | 市场数据更新完成
2025-06-12 11:49:32 | INFO     | src.trading.executor:update_account_info:125 | 账户更新: 总值$99322.60, 买入力$391982.42
2025-06-12 11:49:32 | DEBUG    | src.bot.trading_bot:_update_market_data:177 | 市场数据更新完成
2025-06-12 11:49:36 | INFO     | src.trading.executor:update_account_info:125 | 账户更新: 总值$99289.60, 买入力$391982.42
2025-06-12 11:49:36 | DEBUG    | src.bot.trading_bot:_update_market_data:177 | 市场数据更新完成
2025-06-12 11:49:39 | INFO     | src.trading.executor:update_account_info:125 | 账户更新: 总值$99300.60, 买入力$391982.42
2025-06-12 11:49:39 | DEBUG    | src.bot.trading_bot:_update_market_data:177 | 市场数据更新完成
2025-06-12 11:49:42 | INFO     | src.trading.executor:update_account_info:125 | 账户更新: 总值$99300.60, 买入力$391982.42
2025-06-12 11:49:42 | DEBUG    | src.bot.trading_bot:_update_market_data:177 | 市场数据更新完成
2025-06-12 11:49:45 | INFO     | src.trading.executor:update_account_info:125 | 账户更新: 总值$99289.60, 买入力$391982.42
2025-06-12 11:49:45 | DEBUG    | src.bot.trading_bot:_update_market_data:177 | 市场数据更新完成
2025-06-12 11:49:49 | INFO     | src.trading.executor:update_account_info:125 | 账户更新: 总值$99289.60, 买入力$391982.42
2025-06-12 11:49:49 | DEBUG    | src.bot.trading_bot:_update_market_data:177 | 市场数据更新完成
2025-06-12 11:49:52 | INFO     | src.trading.executor:update_account_info:125 | 账户更新: 总值$99322.60, 买入力$391982.42
2025-06-12 11:49:52 | DEBUG    | src.bot.trading_bot:_update_market_data:177 | 市场数据更新完成
2025-06-12 11:49:55 | INFO     | src.trading.executor:update_account_info:125 | 账户更新: 总值$99311.60, 买入力$391982.42
2025-06-12 11:49:55 | DEBUG    | src.bot.trading_bot:_update_market_data:177 | 市场数据更新完成
2025-06-12 11:49:58 | INFO     | src.trading.executor:update_account_info:125 | 账户更新: 总值$99311.60, 买入力$391982.42
2025-06-12 11:49:58 | DEBUG    | src.bot.trading_bot:_update_market_data:177 | 市场数据更新完成
2025-06-12 11:50:01 | INFO     | src.trading.executor:update_account_info:125 | 账户更新: 总值$99333.60, 买入力$391982.42
2025-06-12 11:50:01 | DEBUG    | src.bot.trading_bot:_update_market_data:177 | 市场数据更新完成
2025-06-12 11:50:05 | INFO     | src.trading.executor:update_account_info:125 | 账户更新: 总值$99399.60, 买入力$391982.42
2025-06-12 11:50:05 | DEBUG    | src.bot.trading_bot:_update_market_data:177 | 市场数据更新完成
2025-06-12 11:50:08 | INFO     | src.trading.executor:update_account_info:125 | 账户更新: 总值$99355.60, 买入力$391982.42
2025-06-12 11:50:08 | DEBUG    | src.bot.trading_bot:_update_market_data:177 | 市场数据更新完成
2025-06-12 11:50:11 | INFO     | src.trading.executor:update_account_info:125 | 账户更新: 总值$99366.60, 买入力$391982.42
2025-06-12 11:50:11 | DEBUG    | src.bot.trading_bot:_update_market_data:177 | 市场数据更新完成
2025-06-12 11:50:15 | INFO     | src.trading.executor:update_account_info:125 | 账户更新: 总值$99377.60, 买入力$391982.42
2025-06-12 11:50:15 | DEBUG    | src.bot.trading_bot:_update_market_data:177 | 市场数据更新完成
2025-06-12 11:50:18 | INFO     | src.trading.executor:update_account_info:125 | 账户更新: 总值$99333.60, 买入力$391982.42
2025-06-12 11:50:18 | DEBUG    | src.bot.trading_bot:_update_market_data:177 | 市场数据更新完成
2025-06-12 11:50:21 | DEBUG    | src.bot.trading_bot:_update_positions_normal:249 | 📊 常规头寸更新完成
2025-06-12 11:50:21 | INFO     | src.trading.executor:update_account_info:125 | 账户更新: 总值$99355.60, 买入力$391982.42
2025-06-12 11:50:21 | DEBUG    | src.bot.trading_bot:_update_market_data:177 | 市场数据更新完成
2025-06-12 11:50:24 | INFO     | src.trading.executor:update_account_info:125 | 账户更新: 总值$99377.60, 买入力$391982.42
2025-06-12 11:50:24 | DEBUG    | src.bot.trading_bot:_update_market_data:177 | 市场数据更新完成
2025-06-12 11:50:27 | INFO     | src.trading.executor:update_account_info:125 | 账户更新: 总值$99377.60, 买入力$391982.42
2025-06-12 11:50:27 | DEBUG    | src.bot.trading_bot:_update_market_data:177 | 市场数据更新完成
2025-06-12 11:50:31 | INFO     | src.trading.executor:update_account_info:125 | 账户更新: 总值$99377.60, 买入力$391982.42
2025-06-12 11:50:31 | DEBUG    | src.bot.trading_bot:_update_market_data:177 | 市场数据更新完成
2025-06-12 11:50:34 | INFO     | src.trading.executor:update_account_info:125 | 账户更新: 总值$99344.60, 买入力$391982.42
2025-06-12 11:50:34 | DEBUG    | src.bot.trading_bot:_update_market_data:177 | 市场数据更新完成
2025-06-12 11:50:37 | INFO     | src.trading.executor:update_account_info:125 | 账户更新: 总值$99333.60, 买入力$391982.42
2025-06-12 11:50:37 | DEBUG    | src.bot.trading_bot:_update_market_data:177 | 市场数据更新完成
2025-06-12 11:50:40 | INFO     | src.trading.executor:update_account_info:125 | 账户更新: 总值$99344.60, 买入力$391982.42
2025-06-12 11:50:40 | DEBUG    | src.bot.trading_bot:_update_market_data:177 | 市场数据更新完成
2025-06-12 11:50:44 | INFO     | src.trading.executor:update_account_info:125 | 账户更新: 总值$99322.60, 买入力$391982.42
2025-06-12 11:50:44 | DEBUG    | src.bot.trading_bot:_update_market_data:177 | 市场数据更新完成
2025-06-12 11:50:47 | INFO     | src.trading.executor:update_account_info:125 | 账户更新: 总值$99344.60, 买入力$391982.42
2025-06-12 11:50:47 | DEBUG    | src.bot.trading_bot:_update_market_data:177 | 市场数据更新完成
2025-06-12 11:50:50 | INFO     | src.trading.executor:update_account_info:125 | 账户更新: 总值$99366.60, 买入力$391982.42
2025-06-12 11:50:50 | DEBUG    | src.bot.trading_bot:_update_market_data:177 | 市场数据更新完成
2025-06-12 11:50:53 | INFO     | src.trading.executor:update_account_info:125 | 账户更新: 总值$99366.60, 买入力$391982.42
2025-06-12 11:50:53 | DEBUG    | src.bot.trading_bot:_update_market_data:177 | 市场数据更新完成
2025-06-12 11:50:57 | INFO     | src.trading.executor:update_account_info:125 | 账户更新: 总值$99377.60, 买入力$391982.42
2025-06-12 11:50:57 | DEBUG    | src.bot.trading_bot:_update_market_data:177 | 市场数据更新完成
2025-06-12 11:51:00 | INFO     | src.trading.executor:update_account_info:125 | 账户更新: 总值$99366.60, 买入力$391982.42
2025-06-12 11:51:00 | DEBUG    | src.bot.trading_bot:_update_market_data:177 | 市场数据更新完成
2025-06-12 11:51:03 | INFO     | src.trading.executor:update_account_info:125 | 账户更新: 总值$99399.60, 买入力$391982.42
2025-06-12 11:51:03 | DEBUG    | src.bot.trading_bot:_update_market_data:177 | 市场数据更新完成
2025-06-12 11:51:06 | INFO     | src.trading.executor:update_account_info:125 | 账户更新: 总值$99355.60, 买入力$391982.42
2025-06-12 11:51:06 | DEBUG    | src.bot.trading_bot:_update_market_data:177 | 市场数据更新完成
2025-06-12 11:51:09 | INFO     | src.trading.executor:update_account_info:125 | 账户更新: 总值$99344.60, 买入力$391982.42
2025-06-12 11:51:09 | DEBUG    | src.bot.trading_bot:_update_market_data:177 | 市场数据更新完成
2025-06-12 11:51:13 | INFO     | src.trading.executor:update_account_info:125 | 账户更新: 总值$99355.60, 买入力$391982.42
2025-06-12 11:51:13 | DEBUG    | src.bot.trading_bot:_update_market_data:177 | 市场数据更新完成
2025-06-12 11:51:16 | INFO     | src.trading.executor:update_account_info:125 | 账户更新: 总值$99377.60, 买入力$391982.42
2025-06-12 11:51:16 | DEBUG    | src.bot.trading_bot:_update_market_data:177 | 市场数据更新完成
2025-06-12 11:51:19 | INFO     | src.trading.executor:update_account_info:125 | 账户更新: 总值$99289.60, 买入力$391982.42
2025-06-12 11:51:19 | DEBUG    | src.bot.trading_bot:_update_market_data:177 | 市场数据更新完成
2025-06-12 11:51:21 | DEBUG    | src.bot.trading_bot:_update_positions_normal:249 | 📊 常规头寸更新完成
2025-06-12 11:51:23 | INFO     | src.trading.executor:update_account_info:125 | 账户更新: 总值$99289.60, 买入力$391982.42
2025-06-12 11:51:23 | DEBUG    | src.bot.trading_bot:_update_market_data:177 | 市场数据更新完成
2025-06-12 11:51:26 | INFO     | src.trading.executor:update_account_info:125 | 账户更新: 总值$99322.60, 买入力$391982.42
2025-06-12 11:51:26 | DEBUG    | src.bot.trading_bot:_update_market_data:177 | 市场数据更新完成
2025-06-12 11:51:29 | INFO     | src.trading.executor:update_account_info:125 | 账户更新: 总值$99322.60, 买入力$391982.42
2025-06-12 11:51:29 | DEBUG    | src.bot.trading_bot:_update_market_data:177 | 市场数据更新完成
2025-06-12 11:51:32 | INFO     | src.trading.executor:update_account_info:125 | 账户更新: 总值$99322.60, 买入力$391982.42
2025-06-12 11:51:32 | DEBUG    | src.bot.trading_bot:_update_market_data:177 | 市场数据更新完成
2025-06-12 11:51:35 | INFO     | src.trading.executor:update_account_info:125 | 账户更新: 总值$99289.60, 买入力$391982.42
2025-06-12 11:51:35 | DEBUG    | src.bot.trading_bot:_update_market_data:177 | 市场数据更新完成
2025-06-12 11:51:39 | INFO     | src.trading.executor:update_account_info:125 | 账户更新: 总值$99234.60, 买入力$391982.42
2025-06-12 11:51:39 | DEBUG    | src.bot.trading_bot:_update_market_data:177 | 市场数据更新完成
2025-06-12 11:51:42 | INFO     | src.trading.executor:update_account_info:125 | 账户更新: 总值$99256.60, 买入力$391982.42
2025-06-12 11:51:42 | DEBUG    | src.bot.trading_bot:_update_market_data:177 | 市场数据更新完成
2025-06-12 11:51:45 | INFO     | src.trading.executor:update_account_info:125 | 账户更新: 总值$99245.60, 买入力$391982.42
2025-06-12 11:51:45 | DEBUG    | src.bot.trading_bot:_update_market_data:177 | 市场数据更新完成
2025-06-12 11:51:48 | INFO     | src.trading.executor:update_account_info:125 | 账户更新: 总值$99212.60, 买入力$391982.42
2025-06-12 11:51:48 | DEBUG    | src.bot.trading_bot:_update_market_data:177 | 市场数据更新完成
2025-06-12 11:51:52 | INFO     | src.trading.executor:update_account_info:125 | 账户更新: 总值$99201.60, 买入力$391982.42
2025-06-12 11:51:52 | DEBUG    | src.bot.trading_bot:_update_market_data:177 | 市场数据更新完成
2025-06-12 11:51:55 | INFO     | src.trading.executor:update_account_info:125 | 账户更新: 总值$99190.60, 买入力$391982.42
2025-06-12 11:51:55 | DEBUG    | src.bot.trading_bot:_update_market_data:177 | 市场数据更新完成
2025-06-12 11:51:58 | INFO     | src.trading.executor:update_account_info:125 | 账户更新: 总值$99179.60, 买入力$391982.42
2025-06-12 11:51:58 | DEBUG    | src.bot.trading_bot:_update_market_data:177 | 市场数据更新完成
2025-06-12 11:52:01 | INFO     | src.trading.executor:update_account_info:125 | 账户更新: 总值$99157.60, 买入力$391982.42
2025-06-12 11:52:01 | DEBUG    | src.bot.trading_bot:_update_market_data:177 | 市场数据更新完成
2025-06-12 11:52:04 | INFO     | src.trading.executor:update_account_info:125 | 账户更新: 总值$99157.60, 买入力$391982.42
2025-06-12 11:52:04 | DEBUG    | src.bot.trading_bot:_update_market_data:177 | 市场数据更新完成
2025-06-12 11:52:08 | INFO     | src.trading.executor:update_account_info:125 | 账户更新: 总值$99135.60, 买入力$391982.42
2025-06-12 11:52:08 | DEBUG    | src.bot.trading_bot:_update_market_data:177 | 市场数据更新完成
2025-06-12 11:52:11 | INFO     | src.trading.executor:update_account_info:125 | 账户更新: 总值$99146.60, 买入力$391982.42
2025-06-12 11:52:11 | DEBUG    | src.bot.trading_bot:_update_market_data:177 | 市场数据更新完成
2025-06-12 11:52:14 | INFO     | src.trading.executor:update_account_info:125 | 账户更新: 总值$99157.60, 买入力$391982.42
2025-06-12 11:52:14 | DEBUG    | src.bot.trading_bot:_update_market_data:177 | 市场数据更新完成
2025-06-12 11:52:17 | INFO     | src.trading.executor:update_account_info:125 | 账户更新: 总值$99168.60, 买入力$391982.42
2025-06-12 11:52:17 | DEBUG    | src.bot.trading_bot:_update_market_data:177 | 市场数据更新完成
2025-06-12 11:52:21 | INFO     | src.trading.executor:update_account_info:125 | 账户更新: 总值$99146.60, 买入力$391982.42
2025-06-12 11:52:21 | DEBUG    | src.bot.trading_bot:_update_market_data:177 | 市场数据更新完成
2025-06-12 11:52:21 | DEBUG    | src.bot.trading_bot:_update_positions_normal:249 | 📊 常规头寸更新完成
2025-06-12 11:52:24 | INFO     | src.trading.executor:update_account_info:125 | 账户更新: 总值$99157.60, 买入力$391982.42
2025-06-12 11:52:24 | DEBUG    | src.bot.trading_bot:_update_market_data:177 | 市场数据更新完成
2025-06-12 11:52:27 | INFO     | src.trading.executor:update_account_info:125 | 账户更新: 总值$99157.60, 买入力$391982.42
2025-06-12 11:52:27 | DEBUG    | src.bot.trading_bot:_update_market_data:177 | 市场数据更新完成
2025-06-12 11:52:30 | INFO     | src.trading.executor:update_account_info:125 | 账户更新: 总值$99168.60, 买入力$391982.42
2025-06-12 11:52:30 | DEBUG    | src.bot.trading_bot:_update_market_data:177 | 市场数据更新完成
2025-06-12 11:52:33 | INFO     | src.trading.executor:update_account_info:125 | 账户更新: 总值$99113.60, 买入力$391982.42
2025-06-12 11:52:33 | DEBUG    | src.bot.trading_bot:_update_market_data:177 | 市场数据更新完成
2025-06-12 11:52:37 | INFO     | src.trading.executor:update_account_info:125 | 账户更新: 总值$99146.60, 买入力$391982.42
2025-06-12 11:52:37 | DEBUG    | src.bot.trading_bot:_update_market_data:177 | 市场数据更新完成
2025-06-12 11:52:40 | INFO     | src.trading.executor:update_account_info:125 | 账户更新: 总值$99146.60, 买入力$391982.42
2025-06-12 11:52:40 | DEBUG    | src.bot.trading_bot:_update_market_data:177 | 市场数据更新完成
2025-06-12 11:52:43 | INFO     | src.trading.executor:update_account_info:125 | 账户更新: 总值$99146.60, 买入力$391982.42
2025-06-12 11:52:43 | DEBUG    | src.bot.trading_bot:_update_market_data:177 | 市场数据更新完成
2025-06-12 11:52:46 | INFO     | src.trading.executor:update_account_info:125 | 账户更新: 总值$99124.60, 买入力$391982.42
2025-06-12 11:52:46 | DEBUG    | src.bot.trading_bot:_update_market_data:177 | 市场数据更新完成
2025-06-12 11:52:50 | INFO     | src.trading.executor:update_account_info:125 | 账户更新: 总值$99135.60, 买入力$391982.42
2025-06-12 11:52:50 | DEBUG    | src.bot.trading_bot:_update_market_data:177 | 市场数据更新完成
2025-06-12 11:52:53 | INFO     | src.trading.executor:update_account_info:125 | 账户更新: 总值$99135.60, 买入力$391982.42
2025-06-12 11:52:53 | DEBUG    | src.bot.trading_bot:_update_market_data:177 | 市场数据更新完成
2025-06-12 11:52:56 | INFO     | src.trading.executor:update_account_info:125 | 账户更新: 总值$99135.60, 买入力$391982.42
2025-06-12 11:52:56 | DEBUG    | src.bot.trading_bot:_update_market_data:177 | 市场数据更新完成
2025-06-12 11:52:59 | INFO     | src.trading.executor:update_account_info:125 | 账户更新: 总值$99146.60, 买入力$391982.42
2025-06-12 11:52:59 | DEBUG    | src.bot.trading_bot:_update_market_data:177 | 市场数据更新完成
2025-06-12 11:53:03 | INFO     | src.trading.executor:update_account_info:125 | 账户更新: 总值$99135.60, 买入力$391982.42
2025-06-12 11:53:03 | DEBUG    | src.bot.trading_bot:_update_market_data:177 | 市场数据更新完成
2025-06-12 11:53:06 | INFO     | src.trading.executor:update_account_info:125 | 账户更新: 总值$99146.60, 买入力$391982.42
2025-06-12 11:53:06 | DEBUG    | src.bot.trading_bot:_update_market_data:177 | 市场数据更新完成
2025-06-12 11:53:09 | INFO     | src.trading.executor:update_account_info:125 | 账户更新: 总值$99157.60, 买入力$391982.42
2025-06-12 11:53:09 | DEBUG    | src.bot.trading_bot:_update_market_data:177 | 市场数据更新完成
2025-06-12 11:53:12 | INFO     | src.trading.executor:update_account_info:125 | 账户更新: 总值$99135.60, 买入力$391982.42
2025-06-12 11:53:12 | DEBUG    | src.bot.trading_bot:_update_market_data:177 | 市场数据更新完成
2025-06-12 11:53:15 | INFO     | src.trading.executor:update_account_info:125 | 账户更新: 总值$99135.60, 买入力$391982.42
2025-06-12 11:53:15 | DEBUG    | src.bot.trading_bot:_update_market_data:177 | 市场数据更新完成
2025-06-12 11:53:19 | INFO     | src.trading.executor:update_account_info:125 | 账户更新: 总值$99157.60, 买入力$391982.42
2025-06-12 11:53:19 | DEBUG    | src.bot.trading_bot:_update_market_data:177 | 市场数据更新完成
2025-06-12 11:53:21 | DEBUG    | src.bot.trading_bot:_update_positions_normal:249 | 📊 常规头寸更新完成
2025-06-12 11:53:22 | INFO     | src.trading.executor:update_account_info:125 | 账户更新: 总值$99157.60, 买入力$391982.42
2025-06-12 11:53:22 | DEBUG    | src.bot.trading_bot:_update_market_data:177 | 市场数据更新完成
2025-06-12 11:53:25 | INFO     | src.trading.executor:update_account_info:125 | 账户更新: 总值$99135.60, 买入力$391982.42
2025-06-12 11:53:25 | DEBUG    | src.bot.trading_bot:_update_market_data:177 | 市场数据更新完成
2025-06-12 11:53:28 | INFO     | src.trading.executor:update_account_info:125 | 账户更新: 总值$99135.60, 买入力$391982.42
2025-06-12 11:53:28 | DEBUG    | src.bot.trading_bot:_update_market_data:177 | 市场数据更新完成
2025-06-12 11:53:32 | INFO     | src.trading.executor:update_account_info:125 | 账户更新: 总值$99135.60, 买入力$391982.42
2025-06-12 11:53:32 | DEBUG    | src.bot.trading_bot:_update_market_data:177 | 市场数据更新完成
2025-06-12 11:53:35 | INFO     | src.trading.executor:update_account_info:125 | 账户更新: 总值$99135.60, 买入力$391982.42
2025-06-12 11:53:35 | DEBUG    | src.bot.trading_bot:_update_market_data:177 | 市场数据更新完成
2025-06-12 11:53:38 | INFO     | src.trading.executor:update_account_info:125 | 账户更新: 总值$99135.60, 买入力$391982.42
2025-06-12 11:53:38 | DEBUG    | src.bot.trading_bot:_update_market_data:177 | 市场数据更新完成
2025-06-12 11:53:41 | INFO     | src.trading.executor:update_account_info:125 | 账户更新: 总值$99146.60, 买入力$391982.42
2025-06-12 11:53:41 | DEBUG    | src.bot.trading_bot:_update_market_data:177 | 市场数据更新完成
2025-06-12 11:53:45 | INFO     | src.trading.executor:update_account_info:125 | 账户更新: 总值$99135.60, 买入力$391982.42
2025-06-12 11:53:45 | DEBUG    | src.bot.trading_bot:_update_market_data:177 | 市场数据更新完成
2025-06-12 11:53:48 | INFO     | src.trading.executor:update_account_info:125 | 账户更新: 总值$99135.60, 买入力$391982.42
2025-06-12 11:53:48 | DEBUG    | src.bot.trading_bot:_update_market_data:177 | 市场数据更新完成
2025-06-12 11:53:51 | INFO     | src.trading.executor:update_account_info:125 | 账户更新: 总值$99146.60, 买入力$391982.42
2025-06-12 11:53:51 | DEBUG    | src.bot.trading_bot:_update_market_data:177 | 市场数据更新完成
2025-06-12 11:53:54 | INFO     | src.trading.executor:update_account_info:125 | 账户更新: 总值$99135.60, 买入力$391982.42
2025-06-12 11:53:54 | DEBUG    | src.bot.trading_bot:_update_market_data:177 | 市场数据更新完成
2025-06-12 11:53:58 | INFO     | src.trading.executor:update_account_info:125 | 账户更新: 总值$99157.60, 买入力$391982.42
2025-06-12 11:53:58 | DEBUG    | src.bot.trading_bot:_update_market_data:177 | 市场数据更新完成
2025-06-12 11:54:01 | INFO     | src.trading.executor:update_account_info:125 | 账户更新: 总值$99135.60, 买入力$391982.42
2025-06-12 11:54:01 | DEBUG    | src.bot.trading_bot:_update_market_data:177 | 市场数据更新完成
2025-06-12 11:54:04 | INFO     | src.trading.executor:update_account_info:125 | 账户更新: 总值$99124.60, 买入力$391982.42
2025-06-12 11:54:04 | DEBUG    | src.bot.trading_bot:_update_market_data:177 | 市场数据更新完成
2025-06-12 11:54:07 | INFO     | src.trading.executor:update_account_info:125 | 账户更新: 总值$99124.60, 买入力$391982.42
2025-06-12 11:54:07 | DEBUG    | src.bot.trading_bot:_update_market_data:177 | 市场数据更新完成
2025-06-12 11:54:10 | INFO     | src.trading.executor:update_account_info:125 | 账户更新: 总值$99146.60, 买入力$391982.42
2025-06-12 11:54:10 | DEBUG    | src.bot.trading_bot:_update_market_data:177 | 市场数据更新完成
2025-06-12 11:54:14 | INFO     | src.trading.executor:update_account_info:125 | 账户更新: 总值$99135.60, 买入力$391982.42
2025-06-12 11:54:14 | DEBUG    | src.bot.trading_bot:_update_market_data:177 | 市场数据更新完成
2025-06-12 11:54:17 | INFO     | src.trading.executor:update_account_info:125 | 账户更新: 总值$99124.60, 买入力$391982.42
2025-06-12 11:54:17 | DEBUG    | src.bot.trading_bot:_update_market_data:177 | 市场数据更新完成
2025-06-12 11:54:20 | INFO     | src.trading.executor:update_account_info:125 | 账户更新: 总值$99113.60, 买入力$391982.42
2025-06-12 11:54:20 | DEBUG    | src.bot.trading_bot:_update_market_data:177 | 市场数据更新完成
2025-06-12 11:54:22 | DEBUG    | src.bot.trading_bot:_update_positions_normal:249 | 📊 常规头寸更新完成
2025-06-12 11:54:23 | INFO     | src.trading.executor:update_account_info:125 | 账户更新: 总值$99135.60, 买入力$391982.42
2025-06-12 11:54:23 | DEBUG    | src.bot.trading_bot:_update_market_data:177 | 市场数据更新完成
2025-06-12 11:54:26 | INFO     | src.trading.executor:update_account_info:125 | 账户更新: 总值$99135.60, 买入力$391982.42
2025-06-12 11:54:26 | DEBUG    | src.bot.trading_bot:_update_market_data:177 | 市场数据更新完成
2025-06-12 11:54:30 | INFO     | src.trading.executor:update_account_info:125 | 账户更新: 总值$99146.60, 买入力$391982.42
2025-06-12 11:54:30 | DEBUG    | src.bot.trading_bot:_update_market_data:177 | 市场数据更新完成
2025-06-12 11:54:33 | INFO     | src.trading.executor:update_account_info:125 | 账户更新: 总值$99146.60, 买入力$391982.42
2025-06-12 11:54:33 | DEBUG    | src.bot.trading_bot:_update_market_data:177 | 市场数据更新完成
2025-06-12 11:54:36 | INFO     | src.trading.executor:update_account_info:125 | 账户更新: 总值$99146.60, 买入力$391982.42
2025-06-12 11:54:36 | DEBUG    | src.bot.trading_bot:_update_market_data:177 | 市场数据更新完成
2025-06-12 11:54:40 | INFO     | src.trading.executor:update_account_info:125 | 账户更新: 总值$99157.60, 买入力$391982.42
2025-06-12 11:54:40 | DEBUG    | src.bot.trading_bot:_update_market_data:177 | 市场数据更新完成
2025-06-12 11:54:43 | INFO     | src.trading.executor:update_account_info:125 | 账户更新: 总值$99168.60, 买入力$391982.42
2025-06-12 11:54:43 | DEBUG    | src.bot.trading_bot:_update_market_data:177 | 市场数据更新完成
2025-06-12 11:54:46 | INFO     | src.trading.executor:update_account_info:125 | 账户更新: 总值$99168.60, 买入力$391982.42
2025-06-12 11:54:46 | DEBUG    | src.bot.trading_bot:_update_market_data:177 | 市场数据更新完成
2025-06-12 11:54:49 | INFO     | src.trading.executor:update_account_info:125 | 账户更新: 总值$99168.60, 买入力$391982.42
2025-06-12 11:54:49 | DEBUG    | src.bot.trading_bot:_update_market_data:177 | 市场数据更新完成
2025-06-12 11:54:52 | INFO     | src.trading.executor:update_account_info:125 | 账户更新: 总值$99190.60, 买入力$391982.42
2025-06-12 11:54:52 | DEBUG    | src.bot.trading_bot:_update_market_data:177 | 市场数据更新完成
2025-06-12 11:54:56 | INFO     | src.trading.executor:update_account_info:125 | 账户更新: 总值$99190.60, 买入力$391982.42
2025-06-12 11:54:56 | DEBUG    | src.bot.trading_bot:_update_market_data:177 | 市场数据更新完成
2025-06-12 11:54:59 | INFO     | src.trading.executor:update_account_info:125 | 账户更新: 总值$99190.60, 买入力$391982.42
2025-06-12 11:54:59 | DEBUG    | src.bot.trading_bot:_update_market_data:177 | 市场数据更新完成
2025-06-12 11:55:02 | INFO     | src.trading.executor:update_account_info:125 | 账户更新: 总值$99168.60, 买入力$391982.42
2025-06-12 11:55:02 | DEBUG    | src.bot.trading_bot:_update_market_data:177 | 市场数据更新完成
2025-06-12 11:55:05 | INFO     | src.trading.executor:update_account_info:125 | 账户更新: 总值$99223.60, 买入力$391982.42
2025-06-12 11:55:05 | DEBUG    | src.bot.trading_bot:_update_market_data:177 | 市场数据更新完成
2025-06-12 11:55:09 | INFO     | src.trading.executor:update_account_info:125 | 账户更新: 总值$99234.60, 买入力$391982.42
2025-06-12 11:55:09 | DEBUG    | src.bot.trading_bot:_update_market_data:177 | 市场数据更新完成
2025-06-12 11:55:12 | INFO     | src.trading.executor:update_account_info:125 | 账户更新: 总值$99256.60, 买入力$391982.42
2025-06-12 11:55:12 | DEBUG    | src.bot.trading_bot:_update_market_data:177 | 市场数据更新完成
2025-06-12 11:55:15 | INFO     | src.trading.executor:update_account_info:125 | 账户更新: 总值$99256.60, 买入力$391982.42
2025-06-12 11:55:15 | DEBUG    | src.bot.trading_bot:_update_market_data:177 | 市场数据更新完成
2025-06-12 11:55:18 | INFO     | src.trading.executor:update_account_info:125 | 账户更新: 总值$99278.60, 买入力$391982.42
2025-06-12 11:55:18 | DEBUG    | src.bot.trading_bot:_update_market_data:177 | 市场数据更新完成
2025-06-12 11:55:21 | INFO     | src.trading.executor:update_account_info:125 | 账户更新: 总值$99278.60, 买入力$391982.42
2025-06-12 11:55:21 | DEBUG    | src.bot.trading_bot:_update_market_data:177 | 市场数据更新完成
2025-06-12 11:55:22 | DEBUG    | src.bot.trading_bot:_update_positions_normal:249 | 📊 常规头寸更新完成
2025-06-12 11:55:25 | INFO     | src.trading.executor:update_account_info:125 | 账户更新: 总值$99322.60, 买入力$391982.42
2025-06-12 11:55:25 | DEBUG    | src.bot.trading_bot:_update_market_data:177 | 市场数据更新完成
2025-06-12 11:55:28 | INFO     | src.trading.executor:update_account_info:125 | 账户更新: 总值$99300.60, 买入力$391982.42
2025-06-12 11:55:28 | DEBUG    | src.bot.trading_bot:_update_market_data:177 | 市场数据更新完成
2025-06-12 11:55:31 | INFO     | src.trading.executor:update_account_info:125 | 账户更新: 总值$99300.60, 买入力$391982.42
2025-06-12 11:55:31 | DEBUG    | src.bot.trading_bot:_update_market_data:177 | 市场数据更新完成
2025-06-12 11:55:34 | INFO     | src.trading.executor:update_account_info:125 | 账户更新: 总值$99289.60, 买入力$391982.42
2025-06-12 11:55:34 | DEBUG    | src.bot.trading_bot:_update_market_data:177 | 市场数据更新完成
2025-06-12 11:55:38 | INFO     | src.trading.executor:update_account_info:125 | 账户更新: 总值$99300.60, 买入力$391982.42
2025-06-12 11:55:38 | DEBUG    | src.bot.trading_bot:_update_market_data:177 | 市场数据更新完成
2025-06-12 11:55:41 | INFO     | src.trading.executor:update_account_info:125 | 账户更新: 总值$99300.60, 买入力$391982.42
2025-06-12 11:55:41 | DEBUG    | src.bot.trading_bot:_update_market_data:177 | 市场数据更新完成
2025-06-12 11:55:44 | INFO     | src.trading.executor:update_account_info:125 | 账户更新: 总值$99311.60, 买入力$391982.42
2025-06-12 11:55:44 | DEBUG    | src.bot.trading_bot:_update_market_data:177 | 市场数据更新完成
2025-06-12 11:55:47 | INFO     | src.trading.executor:update_account_info:125 | 账户更新: 总值$99267.60, 买入力$391982.42
2025-06-12 11:55:47 | DEBUG    | src.bot.trading_bot:_update_market_data:177 | 市场数据更新完成
2025-06-12 11:55:50 | INFO     | src.trading.executor:update_account_info:125 | 账户更新: 总值$99245.60, 买入力$391982.42
2025-06-12 11:55:50 | DEBUG    | src.bot.trading_bot:_update_market_data:177 | 市场数据更新完成
2025-06-12 11:55:54 | INFO     | src.trading.executor:update_account_info:125 | 账户更新: 总值$99278.60, 买入力$391982.42
2025-06-12 11:55:54 | DEBUG    | src.bot.trading_bot:_update_market_data:177 | 市场数据更新完成
2025-06-12 11:55:57 | INFO     | src.trading.executor:update_account_info:125 | 账户更新: 总值$99245.60, 买入力$391982.42
2025-06-12 11:55:57 | DEBUG    | src.bot.trading_bot:_update_market_data:177 | 市场数据更新完成
2025-06-12 11:56:00 | INFO     | src.trading.executor:update_account_info:125 | 账户更新: 总值$99245.60, 买入力$391982.42
2025-06-12 11:56:00 | DEBUG    | src.bot.trading_bot:_update_market_data:177 | 市场数据更新完成
2025-06-12 11:56:03 | INFO     | src.trading.executor:update_account_info:125 | 账户更新: 总值$99289.60, 买入力$391982.42
2025-06-12 11:56:03 | DEBUG    | src.bot.trading_bot:_update_market_data:177 | 市场数据更新完成
2025-06-12 11:56:07 | INFO     | src.trading.executor:update_account_info:125 | 账户更新: 总值$99289.60, 买入力$391982.42
2025-06-12 11:56:07 | DEBUG    | src.bot.trading_bot:_update_market_data:177 | 市场数据更新完成
2025-06-12 11:56:10 | INFO     | src.trading.executor:update_account_info:125 | 账户更新: 总值$99300.60, 买入力$391982.42
2025-06-12 11:56:10 | DEBUG    | src.bot.trading_bot:_update_market_data:177 | 市场数据更新完成
2025-06-12 11:56:13 | INFO     | src.trading.executor:update_account_info:125 | 账户更新: 总值$99300.60, 买入力$391982.42
2025-06-12 11:56:13 | DEBUG    | src.bot.trading_bot:_update_market_data:177 | 市场数据更新完成
2025-06-12 11:56:16 | INFO     | src.trading.executor:update_account_info:125 | 账户更新: 总值$99300.60, 买入力$391982.42
2025-06-12 11:56:16 | DEBUG    | src.bot.trading_bot:_update_market_data:177 | 市场数据更新完成
2025-06-12 11:56:19 | INFO     | src.trading.executor:update_account_info:125 | 账户更新: 总值$99267.60, 买入力$391982.42
2025-06-12 11:56:19 | DEBUG    | src.bot.trading_bot:_update_market_data:177 | 市场数据更新完成
2025-06-12 11:56:22 | DEBUG    | src.bot.trading_bot:_update_positions_normal:249 | 📊 常规头寸更新完成
2025-06-12 11:56:23 | INFO     | src.trading.executor:update_account_info:125 | 账户更新: 总值$99289.60, 买入力$391982.42
2025-06-12 11:56:23 | DEBUG    | src.bot.trading_bot:_update_market_data:177 | 市场数据更新完成
2025-06-12 11:56:26 | INFO     | src.trading.executor:update_account_info:125 | 账户更新: 总值$99300.60, 买入力$391982.42
2025-06-12 11:56:26 | DEBUG    | src.bot.trading_bot:_update_market_data:177 | 市场数据更新完成
2025-06-12 11:56:29 | INFO     | src.trading.executor:update_account_info:125 | 账户更新: 总值$99322.60, 买入力$391982.42
2025-06-12 11:56:29 | DEBUG    | src.bot.trading_bot:_update_market_data:177 | 市场数据更新完成
2025-06-12 11:56:33 | INFO     | src.trading.executor:update_account_info:125 | 账户更新: 总值$99311.60, 买入力$391982.42
2025-06-12 11:56:33 | DEBUG    | src.bot.trading_bot:_update_market_data:177 | 市场数据更新完成
2025-06-12 11:56:36 | INFO     | src.trading.executor:update_account_info:125 | 账户更新: 总值$99377.60, 买入力$391982.42
2025-06-12 11:56:36 | DEBUG    | src.bot.trading_bot:_update_market_data:177 | 市场数据更新完成
2025-06-12 11:56:40 | INFO     | src.trading.executor:update_account_info:125 | 账户更新: 总值$99344.60, 买入力$391982.42
2025-06-12 11:56:40 | DEBUG    | src.bot.trading_bot:_update_market_data:177 | 市场数据更新完成
2025-06-12 11:56:43 | INFO     | src.trading.executor:update_account_info:125 | 账户更新: 总值$99289.60, 买入力$391982.42
2025-06-12 11:56:43 | DEBUG    | src.bot.trading_bot:_update_market_data:177 | 市场数据更新完成
2025-06-12 11:56:46 | INFO     | src.trading.executor:update_account_info:125 | 账户更新: 总值$99267.60, 买入力$391982.42
2025-06-12 11:56:46 | DEBUG    | src.bot.trading_bot:_update_market_data:177 | 市场数据更新完成
2025-06-12 11:56:50 | INFO     | src.trading.executor:update_account_info:125 | 账户更新: 总值$99278.60, 买入力$391982.42
2025-06-12 11:56:50 | DEBUG    | src.bot.trading_bot:_update_market_data:177 | 市场数据更新完成
2025-06-12 11:56:53 | INFO     | src.trading.executor:update_account_info:125 | 账户更新: 总值$99289.60, 买入力$391982.42
2025-06-12 11:56:53 | DEBUG    | src.bot.trading_bot:_update_market_data:177 | 市场数据更新完成
2025-06-12 11:56:56 | INFO     | src.trading.executor:update_account_info:125 | 账户更新: 总值$99300.60, 买入力$391982.42
2025-06-12 11:56:56 | DEBUG    | src.bot.trading_bot:_update_market_data:177 | 市场数据更新完成
2025-06-12 11:57:00 | INFO     | src.trading.executor:update_account_info:125 | 账户更新: 总值$99278.60, 买入力$391982.42
2025-06-12 11:57:00 | DEBUG    | src.bot.trading_bot:_update_market_data:177 | 市场数据更新完成
2025-06-12 11:57:03 | INFO     | src.trading.executor:update_account_info:125 | 账户更新: 总值$99267.60, 买入力$391982.42
2025-06-12 11:57:03 | DEBUG    | src.bot.trading_bot:_update_market_data:177 | 市场数据更新完成
2025-06-12 11:57:06 | INFO     | src.trading.executor:update_account_info:125 | 账户更新: 总值$99245.60, 买入力$391982.42
2025-06-12 11:57:06 | DEBUG    | src.bot.trading_bot:_update_market_data:177 | 市场数据更新完成
2025-06-12 11:57:09 | INFO     | src.trading.executor:update_account_info:125 | 账户更新: 总值$99212.60, 买入力$391982.42
2025-06-12 11:57:09 | DEBUG    | src.bot.trading_bot:_update_market_data:177 | 市场数据更新完成
2025-06-12 11:57:11 | INFO     | src.strategy.signals:generate_signals:468 | 生成信号: SHORT - VWAP空头突破: 偏离-0.15%, MACD转负
2025-06-12 11:57:11 | INFO     | src.bot.trading_bot:_check_signals:195 | 检测到信号: SHORT 置信度: 0.85 原因: VWAP空头突破: 偏离-0.15%, MACD转负
2025-06-12 11:57:11 | INFO     | src.utils.notifications:send_message:63 | [GENERAL] 📡 交易信号
类型: SHORT
强度: MEDIUM
置信度: 0.85
价格: $597.68
原因: VWAP空头突破: 偏离-0.15%, MACD转负
2025-06-12 11:57:11 | WARNING  | src.trading.executor:_check_trading_limits:301 | 已达到每日最大交易次数限制: 5
2025-06-12 11:57:11 | WARNING  | src.bot.trading_bot:_check_signals:209 | 信号执行失败: SHORT
2025-06-12 11:57:12 | INFO     | src.trading.executor:update_account_info:125 | 账户更新: 总值$99223.60, 买入力$391982.42
2025-06-12 11:57:12 | DEBUG    | src.bot.trading_bot:_update_market_data:177 | 市场数据更新完成
2025-06-12 11:57:15 | INFO     | src.strategy.signals:generate_signals:468 | 生成信号: SHORT - VWAP空头突破: 偏离-0.15%, MACD转负
2025-06-12 11:57:15 | INFO     | src.bot.trading_bot:_check_signals:195 | 检测到信号: SHORT 置信度: 0.85 原因: VWAP空头突破: 偏离-0.15%, MACD转负
2025-06-12 11:57:15 | INFO     | src.utils.notifications:send_message:63 | [GENERAL] 📡 交易信号
类型: SHORT
强度: MEDIUM
置信度: 0.85
价格: $597.68
原因: VWAP空头突破: 偏离-0.15%, MACD转负
2025-06-12 11:57:15 | WARNING  | src.trading.executor:_check_trading_limits:301 | 已达到每日最大交易次数限制: 5
2025-06-12 11:57:15 | WARNING  | src.bot.trading_bot:_check_signals:209 | 信号执行失败: SHORT
2025-06-12 11:57:16 | INFO     | src.trading.executor:update_account_info:125 | 账户更新: 总值$99234.60, 买入力$391982.42
2025-06-12 11:57:16 | DEBUG    | src.bot.trading_bot:_update_market_data:177 | 市场数据更新完成
2025-06-12 11:57:18 | INFO     | src.strategy.signals:generate_signals:468 | 生成信号: SHORT - VWAP空头突破: 偏离-0.15%, MACD转负
2025-06-12 11:57:18 | INFO     | src.bot.trading_bot:_check_signals:195 | 检测到信号: SHORT 置信度: 0.85 原因: VWAP空头突破: 偏离-0.15%, MACD转负
2025-06-12 11:57:18 | INFO     | src.utils.notifications:send_message:63 | [GENERAL] 📡 交易信号
类型: SHORT
强度: MEDIUM
置信度: 0.85
价格: $597.68
原因: VWAP空头突破: 偏离-0.15%, MACD转负
2025-06-12 11:57:18 | WARNING  | src.trading.executor:_check_trading_limits:301 | 已达到每日最大交易次数限制: 5
2025-06-12 11:57:18 | WARNING  | src.bot.trading_bot:_check_signals:209 | 信号执行失败: SHORT
2025-06-12 11:57:19 | INFO     | src.trading.executor:update_account_info:125 | 账户更新: 总值$99234.60, 买入力$391982.42
2025-06-12 11:57:19 | DEBUG    | src.bot.trading_bot:_update_market_data:177 | 市场数据更新完成
2025-06-12 11:57:21 | INFO     | src.strategy.signals:generate_signals:468 | 生成信号: SHORT - VWAP空头突破: 偏离-0.15%, MACD转负
2025-06-12 11:57:21 | INFO     | src.bot.trading_bot:_check_signals:195 | 检测到信号: SHORT 置信度: 0.85 原因: VWAP空头突破: 偏离-0.15%, MACD转负
2025-06-12 11:57:21 | INFO     | src.utils.notifications:send_message:63 | [GENERAL] 📡 交易信号
类型: SHORT
强度: MEDIUM
置信度: 0.85
价格: $597.68
原因: VWAP空头突破: 偏离-0.15%, MACD转负
2025-06-12 11:57:21 | WARNING  | src.trading.executor:_check_trading_limits:301 | 已达到每日最大交易次数限制: 5
2025-06-12 11:57:21 | WARNING  | src.bot.trading_bot:_check_signals:209 | 信号执行失败: SHORT
2025-06-12 11:57:22 | INFO     | src.trading.executor:update_account_info:125 | 账户更新: 总值$99234.60, 买入力$391982.42
2025-06-12 11:57:22 | DEBUG    | src.bot.trading_bot:_update_market_data:177 | 市场数据更新完成
2025-06-12 11:57:23 | DEBUG    | src.bot.trading_bot:_update_positions_normal:249 | 📊 常规头寸更新完成
2025-06-12 11:57:24 | INFO     | src.strategy.signals:generate_signals:468 | 生成信号: SHORT - VWAP空头突破: 偏离-0.15%, MACD转负
2025-06-12 11:57:24 | INFO     | src.bot.trading_bot:_check_signals:195 | 检测到信号: SHORT 置信度: 0.85 原因: VWAP空头突破: 偏离-0.15%, MACD转负
2025-06-12 11:57:24 | INFO     | src.utils.notifications:send_message:63 | [GENERAL] 📡 交易信号
类型: SHORT
强度: MEDIUM
置信度: 0.85
价格: $597.68
原因: VWAP空头突破: 偏离-0.15%, MACD转负
2025-06-12 11:57:24 | WARNING  | src.trading.executor:_check_trading_limits:301 | 已达到每日最大交易次数限制: 5
2025-06-12 11:57:24 | WARNING  | src.bot.trading_bot:_check_signals:209 | 信号执行失败: SHORT
2025-06-12 11:57:25 | INFO     | src.trading.executor:update_account_info:125 | 账户更新: 总值$99245.60, 买入力$391982.42
2025-06-12 11:57:25 | DEBUG    | src.bot.trading_bot:_update_market_data:177 | 市场数据更新完成
2025-06-12 11:57:27 | INFO     | src.strategy.signals:generate_signals:468 | 生成信号: SHORT - VWAP空头突破: 偏离-0.15%, MACD转负
2025-06-12 11:57:27 | INFO     | src.bot.trading_bot:_check_signals:195 | 检测到信号: SHORT 置信度: 0.85 原因: VWAP空头突破: 偏离-0.15%, MACD转负
2025-06-12 11:57:27 | INFO     | src.utils.notifications:send_message:63 | [GENERAL] 📡 交易信号
类型: SHORT
强度: MEDIUM
置信度: 0.85
价格: $597.68
原因: VWAP空头突破: 偏离-0.15%, MACD转负
2025-06-12 11:57:27 | WARNING  | src.trading.executor:_check_trading_limits:301 | 已达到每日最大交易次数限制: 5
2025-06-12 11:57:27 | WARNING  | src.bot.trading_bot:_check_signals:209 | 信号执行失败: SHORT
2025-06-12 11:57:28 | INFO     | src.trading.executor:update_account_info:125 | 账户更新: 总值$99245.60, 买入力$391982.42
2025-06-12 11:57:28 | DEBUG    | src.bot.trading_bot:_update_market_data:177 | 市场数据更新完成
2025-06-12 11:57:30 | INFO     | src.strategy.signals:generate_signals:468 | 生成信号: SHORT - VWAP空头突破: 偏离-0.15%, MACD转负
2025-06-12 11:57:30 | INFO     | src.bot.trading_bot:_check_signals:195 | 检测到信号: SHORT 置信度: 0.85 原因: VWAP空头突破: 偏离-0.15%, MACD转负
2025-06-12 11:57:30 | INFO     | src.utils.notifications:send_message:63 | [GENERAL] 📡 交易信号
类型: SHORT
强度: MEDIUM
置信度: 0.85
价格: $597.68
原因: VWAP空头突破: 偏离-0.15%, MACD转负
2025-06-12 11:57:30 | WARNING  | src.trading.executor:_check_trading_limits:301 | 已达到每日最大交易次数限制: 5
2025-06-12 11:57:30 | WARNING  | src.bot.trading_bot:_check_signals:209 | 信号执行失败: SHORT
2025-06-12 11:57:32 | INFO     | src.trading.executor:update_account_info:125 | 账户更新: 总值$99245.60, 买入力$391982.42
2025-06-12 11:57:32 | DEBUG    | src.bot.trading_bot:_update_market_data:177 | 市场数据更新完成
2025-06-12 11:57:34 | INFO     | src.strategy.signals:generate_signals:468 | 生成信号: SHORT - VWAP空头突破: 偏离-0.15%, MACD转负
2025-06-12 11:57:34 | INFO     | src.bot.trading_bot:_check_signals:195 | 检测到信号: SHORT 置信度: 0.85 原因: VWAP空头突破: 偏离-0.15%, MACD转负
2025-06-12 11:57:34 | INFO     | src.utils.notifications:send_message:63 | [GENERAL] 📡 交易信号
类型: SHORT
强度: MEDIUM
置信度: 0.85
价格: $597.68
原因: VWAP空头突破: 偏离-0.15%, MACD转负
2025-06-12 11:57:34 | WARNING  | src.trading.executor:_check_trading_limits:301 | 已达到每日最大交易次数限制: 5
2025-06-12 11:57:34 | WARNING  | src.bot.trading_bot:_check_signals:209 | 信号执行失败: SHORT
2025-06-12 11:57:35 | INFO     | src.trading.executor:update_account_info:125 | 账户更新: 总值$99245.60, 买入力$391982.42
2025-06-12 11:57:35 | DEBUG    | src.bot.trading_bot:_update_market_data:177 | 市场数据更新完成
2025-06-12 11:57:37 | INFO     | src.strategy.signals:generate_signals:468 | 生成信号: SHORT - VWAP空头突破: 偏离-0.15%, MACD转负
2025-06-12 11:57:37 | INFO     | src.bot.trading_bot:_check_signals:195 | 检测到信号: SHORT 置信度: 0.85 原因: VWAP空头突破: 偏离-0.15%, MACD转负
2025-06-12 11:57:37 | INFO     | src.utils.notifications:send_message:63 | [GENERAL] 📡 交易信号
类型: SHORT
强度: MEDIUM
置信度: 0.85
价格: $597.68
原因: VWAP空头突破: 偏离-0.15%, MACD转负
2025-06-12 11:57:37 | WARNING  | src.trading.executor:_check_trading_limits:301 | 已达到每日最大交易次数限制: 5
2025-06-12 11:57:37 | WARNING  | src.bot.trading_bot:_check_signals:209 | 信号执行失败: SHORT
2025-06-12 11:57:38 | INFO     | src.trading.executor:update_account_info:125 | 账户更新: 总值$99201.60, 买入力$391982.42
2025-06-12 11:57:38 | DEBUG    | src.bot.trading_bot:_update_market_data:177 | 市场数据更新完成
2025-06-12 11:57:40 | INFO     | src.strategy.signals:generate_signals:468 | 生成信号: SHORT - VWAP空头突破: 偏离-0.15%, MACD转负
2025-06-12 11:57:40 | INFO     | src.bot.trading_bot:_check_signals:195 | 检测到信号: SHORT 置信度: 0.85 原因: VWAP空头突破: 偏离-0.15%, MACD转负
2025-06-12 11:57:40 | INFO     | src.utils.notifications:send_message:63 | [GENERAL] 📡 交易信号
类型: SHORT
强度: MEDIUM
置信度: 0.85
价格: $597.68
原因: VWAP空头突破: 偏离-0.15%, MACD转负
2025-06-12 11:57:40 | WARNING  | src.trading.executor:_check_trading_limits:301 | 已达到每日最大交易次数限制: 5
2025-06-12 11:57:40 | WARNING  | src.bot.trading_bot:_check_signals:209 | 信号执行失败: SHORT
2025-06-12 11:57:41 | INFO     | src.trading.executor:update_account_info:125 | 账户更新: 总值$99201.60, 买入力$391982.42
2025-06-12 11:57:41 | DEBUG    | src.bot.trading_bot:_update_market_data:177 | 市场数据更新完成
2025-06-12 11:57:44 | INFO     | src.strategy.signals:generate_signals:468 | 生成信号: SHORT - VWAP空头突破: 偏离-0.15%, MACD转负
2025-06-12 11:57:44 | INFO     | src.bot.trading_bot:_check_signals:195 | 检测到信号: SHORT 置信度: 0.85 原因: VWAP空头突破: 偏离-0.15%, MACD转负
2025-06-12 11:57:44 | INFO     | src.utils.notifications:send_message:63 | [GENERAL] 📡 交易信号
类型: SHORT
强度: MEDIUM
置信度: 0.85
价格: $597.68
原因: VWAP空头突破: 偏离-0.15%, MACD转负
2025-06-12 11:57:44 | WARNING  | src.trading.executor:_check_trading_limits:301 | 已达到每日最大交易次数限制: 5
2025-06-12 11:57:44 | WARNING  | src.bot.trading_bot:_check_signals:209 | 信号执行失败: SHORT
2025-06-12 11:57:45 | INFO     | src.trading.executor:update_account_info:125 | 账户更新: 总值$99168.60, 买入力$391982.42
2025-06-12 11:57:45 | DEBUG    | src.bot.trading_bot:_update_market_data:177 | 市场数据更新完成
2025-06-12 11:57:47 | INFO     | src.strategy.signals:generate_signals:468 | 生成信号: SHORT - VWAP空头突破: 偏离-0.15%, MACD转负
2025-06-12 11:57:47 | INFO     | src.bot.trading_bot:_check_signals:195 | 检测到信号: SHORT 置信度: 0.85 原因: VWAP空头突破: 偏离-0.15%, MACD转负
2025-06-12 11:57:47 | INFO     | src.utils.notifications:send_message:63 | [GENERAL] 📡 交易信号
类型: SHORT
强度: MEDIUM
置信度: 0.85
价格: $597.68
原因: VWAP空头突破: 偏离-0.15%, MACD转负
2025-06-12 11:57:47 | WARNING  | src.trading.executor:_check_trading_limits:301 | 已达到每日最大交易次数限制: 5
2025-06-12 11:57:47 | WARNING  | src.bot.trading_bot:_check_signals:209 | 信号执行失败: SHORT
2025-06-12 11:57:48 | INFO     | src.trading.executor:update_account_info:125 | 账户更新: 总值$99135.60, 买入力$391982.42
2025-06-12 11:57:48 | DEBUG    | src.bot.trading_bot:_update_market_data:177 | 市场数据更新完成
2025-06-12 11:57:50 | INFO     | src.strategy.signals:generate_signals:468 | 生成信号: SHORT - VWAP空头突破: 偏离-0.15%, MACD转负
2025-06-12 11:57:50 | INFO     | src.bot.trading_bot:_check_signals:195 | 检测到信号: SHORT 置信度: 0.85 原因: VWAP空头突破: 偏离-0.15%, MACD转负
2025-06-12 11:57:50 | INFO     | src.utils.notifications:send_message:63 | [GENERAL] 📡 交易信号
类型: SHORT
强度: MEDIUM
置信度: 0.85
价格: $597.68
原因: VWAP空头突破: 偏离-0.15%, MACD转负
2025-06-12 11:57:50 | WARNING  | src.trading.executor:_check_trading_limits:301 | 已达到每日最大交易次数限制: 5
2025-06-12 11:57:50 | WARNING  | src.bot.trading_bot:_check_signals:209 | 信号执行失败: SHORT
2025-06-12 11:57:51 | INFO     | src.trading.executor:update_account_info:125 | 账户更新: 总值$99124.60, 买入力$391982.42
2025-06-12 11:57:51 | DEBUG    | src.bot.trading_bot:_update_market_data:177 | 市场数据更新完成
2025-06-12 11:57:53 | INFO     | src.strategy.signals:generate_signals:468 | 生成信号: SHORT - VWAP空头突破: 偏离-0.15%, MACD转负
2025-06-12 11:57:53 | INFO     | src.bot.trading_bot:_check_signals:195 | 检测到信号: SHORT 置信度: 0.85 原因: VWAP空头突破: 偏离-0.15%, MACD转负
2025-06-12 11:57:53 | INFO     | src.utils.notifications:send_message:63 | [GENERAL] 📡 交易信号
类型: SHORT
强度: MEDIUM
置信度: 0.85
价格: $597.68
原因: VWAP空头突破: 偏离-0.15%, MACD转负
2025-06-12 11:57:53 | WARNING  | src.trading.executor:_check_trading_limits:301 | 已达到每日最大交易次数限制: 5
2025-06-12 11:57:53 | WARNING  | src.bot.trading_bot:_check_signals:209 | 信号执行失败: SHORT
2025-06-12 11:57:54 | INFO     | src.trading.executor:update_account_info:125 | 账户更新: 总值$99135.60, 买入力$391982.42
2025-06-12 11:57:54 | DEBUG    | src.bot.trading_bot:_update_market_data:177 | 市场数据更新完成
2025-06-12 11:57:56 | INFO     | src.strategy.signals:generate_signals:468 | 生成信号: SHORT - VWAP空头突破: 偏离-0.15%, MACD转负
2025-06-12 11:57:56 | INFO     | src.bot.trading_bot:_check_signals:195 | 检测到信号: SHORT 置信度: 0.85 原因: VWAP空头突破: 偏离-0.15%, MACD转负
2025-06-12 11:57:56 | INFO     | src.utils.notifications:send_message:63 | [GENERAL] 📡 交易信号
类型: SHORT
强度: MEDIUM
置信度: 0.85
价格: $597.68
原因: VWAP空头突破: 偏离-0.15%, MACD转负
2025-06-12 11:57:56 | WARNING  | src.trading.executor:_check_trading_limits:301 | 已达到每日最大交易次数限制: 5
2025-06-12 11:57:56 | WARNING  | src.bot.trading_bot:_check_signals:209 | 信号执行失败: SHORT
2025-06-12 11:57:58 | INFO     | src.trading.executor:update_account_info:125 | 账户更新: 总值$99135.60, 买入力$391982.42
2025-06-12 11:57:58 | DEBUG    | src.bot.trading_bot:_update_market_data:177 | 市场数据更新完成
2025-06-12 11:58:00 | INFO     | src.strategy.signals:generate_signals:468 | 生成信号: SHORT - VWAP空头突破: 偏离-0.15%, MACD转负
2025-06-12 11:58:00 | INFO     | src.bot.trading_bot:_check_signals:195 | 检测到信号: SHORT 置信度: 0.85 原因: VWAP空头突破: 偏离-0.15%, MACD转负
2025-06-12 11:58:00 | INFO     | src.utils.notifications:send_message:63 | [GENERAL] 📡 交易信号
类型: SHORT
强度: MEDIUM
置信度: 0.85
价格: $597.68
原因: VWAP空头突破: 偏离-0.15%, MACD转负
2025-06-12 11:58:00 | WARNING  | src.trading.executor:_check_trading_limits:301 | 已达到每日最大交易次数限制: 5
2025-06-12 11:58:00 | WARNING  | src.bot.trading_bot:_check_signals:209 | 信号执行失败: SHORT
2025-06-12 11:58:01 | INFO     | src.trading.executor:update_account_info:125 | 账户更新: 总值$99113.60, 买入力$391982.42
2025-06-12 11:58:01 | DEBUG    | src.bot.trading_bot:_update_market_data:177 | 市场数据更新完成
2025-06-12 11:58:03 | INFO     | src.strategy.signals:generate_signals:468 | 生成信号: SHORT - VWAP空头突破: 偏离-0.15%, MACD转负
2025-06-12 11:58:03 | INFO     | src.bot.trading_bot:_check_signals:195 | 检测到信号: SHORT 置信度: 0.85 原因: VWAP空头突破: 偏离-0.15%, MACD转负
2025-06-12 11:58:03 | INFO     | src.utils.notifications:send_message:63 | [GENERAL] 📡 交易信号
类型: SHORT
强度: MEDIUM
置信度: 0.85
价格: $597.68
原因: VWAP空头突破: 偏离-0.15%, MACD转负
2025-06-12 11:58:03 | WARNING  | src.trading.executor:_check_trading_limits:301 | 已达到每日最大交易次数限制: 5
2025-06-12 11:58:03 | WARNING  | src.bot.trading_bot:_check_signals:209 | 信号执行失败: SHORT
2025-06-12 11:58:04 | INFO     | src.trading.executor:update_account_info:125 | 账户更新: 总值$99113.60, 买入力$391982.42
2025-06-12 11:58:04 | DEBUG    | src.bot.trading_bot:_update_market_data:177 | 市场数据更新完成
2025-06-12 11:58:06 | INFO     | src.strategy.signals:generate_signals:468 | 生成信号: SHORT - VWAP空头突破: 偏离-0.15%, MACD转负
2025-06-12 11:58:06 | INFO     | src.bot.trading_bot:_check_signals:195 | 检测到信号: SHORT 置信度: 0.85 原因: VWAP空头突破: 偏离-0.15%, MACD转负
2025-06-12 11:58:06 | INFO     | src.utils.notifications:send_message:63 | [GENERAL] 📡 交易信号
类型: SHORT
强度: MEDIUM
置信度: 0.85
价格: $597.68
原因: VWAP空头突破: 偏离-0.15%, MACD转负
2025-06-12 11:58:06 | WARNING  | src.trading.executor:_check_trading_limits:301 | 已达到每日最大交易次数限制: 5
2025-06-12 11:58:06 | WARNING  | src.bot.trading_bot:_check_signals:209 | 信号执行失败: SHORT
2025-06-12 11:58:07 | INFO     | src.trading.executor:update_account_info:125 | 账户更新: 总值$99102.60, 买入力$391982.42
2025-06-12 11:58:07 | DEBUG    | src.bot.trading_bot:_update_market_data:177 | 市场数据更新完成
2025-06-12 11:58:09 | INFO     | src.strategy.signals:generate_signals:468 | 生成信号: SHORT - VWAP空头突破: 偏离-0.15%, MACD转负
2025-06-12 11:58:09 | INFO     | src.bot.trading_bot:_check_signals:195 | 检测到信号: SHORT 置信度: 0.85 原因: VWAP空头突破: 偏离-0.15%, MACD转负
2025-06-12 11:58:09 | INFO     | src.utils.notifications:send_message:63 | [GENERAL] 📡 交易信号
类型: SHORT
强度: MEDIUM
置信度: 0.85
价格: $597.68
原因: VWAP空头突破: 偏离-0.15%, MACD转负
2025-06-12 11:58:09 | WARNING  | src.trading.executor:_check_trading_limits:301 | 已达到每日最大交易次数限制: 5
2025-06-12 11:58:09 | WARNING  | src.bot.trading_bot:_check_signals:209 | 信号执行失败: SHORT
2025-06-12 11:58:10 | INFO     | src.trading.executor:update_account_info:125 | 账户更新: 总值$99080.60, 买入力$391982.42
2025-06-12 11:58:10 | DEBUG    | src.bot.trading_bot:_update_market_data:177 | 市场数据更新完成
2025-06-12 11:58:13 | INFO     | src.strategy.signals:generate_signals:468 | 生成信号: SHORT - VWAP空头突破: 偏离-0.15%, MACD转负
2025-06-12 11:58:13 | INFO     | src.bot.trading_bot:_check_signals:195 | 检测到信号: SHORT 置信度: 0.85 原因: VWAP空头突破: 偏离-0.15%, MACD转负
2025-06-12 11:58:13 | INFO     | src.utils.notifications:send_message:63 | [GENERAL] 📡 交易信号
类型: SHORT
强度: MEDIUM
置信度: 0.85
价格: $597.68
原因: VWAP空头突破: 偏离-0.15%, MACD转负
2025-06-12 11:58:13 | WARNING  | src.trading.executor:_check_trading_limits:301 | 已达到每日最大交易次数限制: 5
2025-06-12 11:58:13 | WARNING  | src.bot.trading_bot:_check_signals:209 | 信号执行失败: SHORT
2025-06-12 11:58:14 | INFO     | src.trading.executor:update_account_info:125 | 账户更新: 总值$99102.60, 买入力$391982.42
2025-06-12 11:58:14 | DEBUG    | src.bot.trading_bot:_update_market_data:177 | 市场数据更新完成
2025-06-12 11:58:17 | INFO     | src.trading.executor:update_account_info:125 | 账户更新: 总值$99113.60, 买入力$391982.42
2025-06-12 11:58:17 | DEBUG    | src.bot.trading_bot:_update_market_data:177 | 市场数据更新完成
2025-06-12 11:58:21 | INFO     | src.trading.executor:update_account_info:125 | 账户更新: 总值$99113.60, 买入力$391982.42
2025-06-12 11:58:21 | DEBUG    | src.bot.trading_bot:_update_market_data:177 | 市场数据更新完成
2025-06-12 11:58:23 | DEBUG    | src.bot.trading_bot:_update_positions_normal:249 | 📊 常规头寸更新完成
2025-06-12 11:58:24 | INFO     | src.trading.executor:update_account_info:125 | 账户更新: 总值$99135.60, 买入力$391982.42
2025-06-12 11:58:24 | DEBUG    | src.bot.trading_bot:_update_market_data:177 | 市场数据更新完成
2025-06-12 11:58:27 | INFO     | src.trading.executor:update_account_info:125 | 账户更新: 总值$99124.60, 买入力$391982.42
2025-06-12 11:58:27 | DEBUG    | src.bot.trading_bot:_update_market_data:177 | 市场数据更新完成
2025-06-12 11:58:30 | INFO     | src.trading.executor:update_account_info:125 | 账户更新: 总值$99124.60, 买入力$391982.42
2025-06-12 11:58:30 | DEBUG    | src.bot.trading_bot:_update_market_data:177 | 市场数据更新完成
2025-06-12 11:58:33 | INFO     | src.trading.executor:update_account_info:125 | 账户更新: 总值$99146.60, 买入力$391982.42
2025-06-12 11:58:33 | DEBUG    | src.bot.trading_bot:_update_market_data:177 | 市场数据更新完成
2025-06-12 11:58:37 | INFO     | src.trading.executor:update_account_info:125 | 账户更新: 总值$99135.60, 买入力$391982.42
2025-06-12 11:58:37 | DEBUG    | src.bot.trading_bot:_update_market_data:177 | 市场数据更新完成
2025-06-12 11:58:40 | INFO     | src.trading.executor:update_account_info:125 | 账户更新: 总值$99091.60, 买入力$391982.42
2025-06-12 11:58:40 | DEBUG    | src.bot.trading_bot:_update_market_data:177 | 市场数据更新完成
2025-06-12 11:58:43 | INFO     | src.trading.executor:update_account_info:125 | 账户更新: 总值$99113.60, 买入力$391982.42
2025-06-12 11:58:43 | DEBUG    | src.bot.trading_bot:_update_market_data:177 | 市场数据更新完成
2025-06-12 11:58:47 | INFO     | src.trading.executor:update_account_info:125 | 账户更新: 总值$99113.60, 买入力$391982.42
2025-06-12 11:58:47 | DEBUG    | src.bot.trading_bot:_update_market_data:177 | 市场数据更新完成
2025-06-12 11:58:50 | INFO     | src.trading.executor:update_account_info:125 | 账户更新: 总值$99113.60, 买入力$391982.42
2025-06-12 11:58:50 | DEBUG    | src.bot.trading_bot:_update_market_data:177 | 市场数据更新完成
2025-06-12 11:58:53 | INFO     | src.trading.executor:update_account_info:125 | 账户更新: 总值$99102.60, 买入力$391982.42
2025-06-12 11:58:53 | DEBUG    | src.bot.trading_bot:_update_market_data:177 | 市场数据更新完成
2025-06-12 11:58:56 | INFO     | src.trading.executor:update_account_info:125 | 账户更新: 总值$99113.60, 买入力$391982.42
2025-06-12 11:58:56 | DEBUG    | src.bot.trading_bot:_update_market_data:177 | 市场数据更新完成
2025-06-12 11:59:00 | INFO     | src.trading.executor:update_account_info:125 | 账户更新: 总值$99091.60, 买入力$391982.42
2025-06-12 11:59:00 | DEBUG    | src.bot.trading_bot:_update_market_data:177 | 市场数据更新完成
2025-06-12 11:59:03 | INFO     | src.trading.executor:update_account_info:125 | 账户更新: 总值$99091.60, 买入力$391982.42
2025-06-12 11:59:03 | DEBUG    | src.bot.trading_bot:_update_market_data:177 | 市场数据更新完成
2025-06-12 11:59:06 | INFO     | src.trading.executor:update_account_info:125 | 账户更新: 总值$99091.60, 买入力$391982.42
2025-06-12 11:59:06 | DEBUG    | src.bot.trading_bot:_update_market_data:177 | 市场数据更新完成
2025-06-12 11:59:09 | INFO     | src.trading.executor:update_account_info:125 | 账户更新: 总值$99080.60, 买入力$391982.42
2025-06-12 11:59:09 | DEBUG    | src.bot.trading_bot:_update_market_data:177 | 市场数据更新完成
2025-06-12 11:59:13 | INFO     | src.trading.executor:update_account_info:125 | 账户更新: 总值$99080.60, 买入力$391982.42
2025-06-12 11:59:13 | DEBUG    | src.bot.trading_bot:_update_market_data:177 | 市场数据更新完成
2025-06-12 11:59:16 | INFO     | src.trading.executor:update_account_info:125 | 账户更新: 总值$99069.60, 买入力$391982.42
2025-06-12 11:59:16 | DEBUG    | src.bot.trading_bot:_update_market_data:177 | 市场数据更新完成
2025-06-12 11:59:19 | INFO     | src.trading.executor:update_account_info:125 | 账户更新: 总值$99058.60, 买入力$391982.42
2025-06-12 11:59:19 | DEBUG    | src.bot.trading_bot:_update_market_data:177 | 市场数据更新完成
2025-06-12 11:59:23 | INFO     | src.trading.executor:update_account_info:125 | 账户更新: 总值$99047.60, 买入力$391982.42
2025-06-12 11:59:23 | DEBUG    | src.bot.trading_bot:_update_market_data:177 | 市场数据更新完成
2025-06-12 11:59:23 | DEBUG    | src.bot.trading_bot:_update_positions_normal:249 | 📊 常规头寸更新完成
2025-06-12 11:59:26 | INFO     | src.trading.executor:update_account_info:125 | 账户更新: 总值$99036.60, 买入力$391982.42
2025-06-12 11:59:26 | DEBUG    | src.bot.trading_bot:_update_market_data:177 | 市场数据更新完成
2025-06-12 11:59:29 | INFO     | src.trading.executor:update_account_info:125 | 账户更新: 总值$99047.60, 买入力$391982.42
2025-06-12 11:59:29 | DEBUG    | src.bot.trading_bot:_update_market_data:177 | 市场数据更新完成
2025-06-12 11:59:32 | INFO     | src.trading.executor:update_account_info:125 | 账户更新: 总值$99047.60, 买入力$391982.42
2025-06-12 11:59:32 | DEBUG    | src.bot.trading_bot:_update_market_data:177 | 市场数据更新完成
2025-06-12 11:59:35 | INFO     | src.trading.executor:update_account_info:125 | 账户更新: 总值$99047.60, 买入力$391982.42
2025-06-12 11:59:35 | DEBUG    | src.bot.trading_bot:_update_market_data:177 | 市场数据更新完成
2025-06-12 11:59:39 | INFO     | src.trading.executor:update_account_info:125 | 账户更新: 总值$99025.60, 买入力$391982.42
2025-06-12 11:59:39 | DEBUG    | src.bot.trading_bot:_update_market_data:177 | 市场数据更新完成
2025-06-12 11:59:42 | INFO     | src.trading.executor:update_account_info:125 | 账户更新: 总值$99036.60, 买入力$391982.42
2025-06-12 11:59:42 | DEBUG    | src.bot.trading_bot:_update_market_data:177 | 市场数据更新完成
2025-06-12 11:59:45 | INFO     | src.trading.executor:update_account_info:125 | 账户更新: 总值$99025.60, 买入力$391982.42
2025-06-12 11:59:45 | DEBUG    | src.bot.trading_bot:_update_market_data:177 | 市场数据更新完成
2025-06-12 11:59:48 | INFO     | src.trading.executor:update_account_info:125 | 账户更新: 总值$99025.60, 买入力$391982.42
2025-06-12 11:59:48 | DEBUG    | src.bot.trading_bot:_update_market_data:177 | 市场数据更新完成
2025-06-12 11:59:52 | INFO     | src.trading.executor:update_account_info:125 | 账户更新: 总值$99003.60, 买入力$391982.42
2025-06-12 11:59:52 | DEBUG    | src.bot.trading_bot:_update_market_data:177 | 市场数据更新完成
2025-06-12 11:59:55 | INFO     | src.trading.executor:update_account_info:125 | 账户更新: 总值$99014.60, 买入力$391982.42
2025-06-12 11:59:55 | DEBUG    | src.bot.trading_bot:_update_market_data:177 | 市场数据更新完成
2025-06-12 11:59:58 | INFO     | src.trading.executor:update_account_info:125 | 账户更新: 总值$99014.60, 买入力$391982.42
2025-06-12 11:59:58 | DEBUG    | src.bot.trading_bot:_update_market_data:177 | 市场数据更新完成
2025-06-12 12:00:01 | INFO     | src.trading.executor:update_account_info:125 | 账户更新: 总值$99025.60, 买入力$391982.42
2025-06-12 12:00:01 | DEBUG    | src.bot.trading_bot:_update_market_data:177 | 市场数据更新完成
2025-06-12 12:00:05 | INFO     | src.trading.executor:update_account_info:125 | 账户更新: 总值$99047.60, 买入力$391982.42
2025-06-12 12:00:05 | DEBUG    | src.bot.trading_bot:_update_market_data:177 | 市场数据更新完成
2025-06-12 12:00:08 | INFO     | src.trading.executor:update_account_info:125 | 账户更新: 总值$99036.60, 买入力$391982.42
2025-06-12 12:00:08 | DEBUG    | src.bot.trading_bot:_update_market_data:177 | 市场数据更新完成
2025-06-12 12:00:11 | INFO     | src.trading.executor:update_account_info:125 | 账户更新: 总值$99025.60, 买入力$391982.42
2025-06-12 12:00:11 | DEBUG    | src.bot.trading_bot:_update_market_data:177 | 市场数据更新完成
2025-06-12 12:00:14 | INFO     | src.trading.executor:update_account_info:125 | 账户更新: 总值$99014.60, 买入力$391982.42
2025-06-12 12:00:14 | DEBUG    | src.bot.trading_bot:_update_market_data:177 | 市场数据更新完成
2025-06-12 12:00:18 | INFO     | src.trading.executor:update_account_info:125 | 账户更新: 总值$99003.60, 买入力$391982.42
2025-06-12 12:00:18 | DEBUG    | src.bot.trading_bot:_update_market_data:177 | 市场数据更新完成
2025-06-12 12:00:21 | INFO     | src.trading.executor:update_account_info:125 | 账户更新: 总值$98970.60, 买入力$391982.42
2025-06-12 12:00:21 | DEBUG    | src.bot.trading_bot:_update_market_data:177 | 市场数据更新完成
2025-06-12 12:00:23 | DEBUG    | src.bot.trading_bot:_update_positions_normal:249 | 📊 常规头寸更新完成
2025-06-12 12:00:24 | INFO     | src.trading.executor:update_account_info:125 | 账户更新: 总值$99014.60, 买入力$391982.42
2025-06-12 12:00:24 | DEBUG    | src.bot.trading_bot:_update_market_data:177 | 市场数据更新完成
2025-06-12 12:00:27 | INFO     | src.trading.executor:update_account_info:125 | 账户更新: 总值$99014.60, 买入力$391982.42
2025-06-12 12:00:27 | DEBUG    | src.bot.trading_bot:_update_market_data:177 | 市场数据更新完成
2025-06-12 12:00:31 | INFO     | src.trading.executor:update_account_info:125 | 账户更新: 总值$99047.60, 买入力$391982.42
2025-06-12 12:00:31 | DEBUG    | src.bot.trading_bot:_update_market_data:177 | 市场数据更新完成
2025-06-12 12:00:34 | INFO     | src.trading.executor:update_account_info:125 | 账户更新: 总值$99091.60, 买入力$391982.42
2025-06-12 12:00:34 | DEBUG    | src.bot.trading_bot:_update_market_data:177 | 市场数据更新完成
2025-06-12 12:00:37 | INFO     | src.trading.executor:update_account_info:125 | 账户更新: 总值$99091.60, 买入力$391982.42
2025-06-12 12:00:37 | DEBUG    | src.bot.trading_bot:_update_market_data:177 | 市场数据更新完成
2025-06-12 12:00:40 | INFO     | src.trading.executor:update_account_info:125 | 账户更新: 总值$99069.60, 买入力$391982.42
2025-06-12 12:00:40 | DEBUG    | src.bot.trading_bot:_update_market_data:177 | 市场数据更新完成
2025-06-12 12:00:43 | INFO     | src.trading.executor:update_account_info:125 | 账户更新: 总值$99058.60, 买入力$391982.42
2025-06-12 12:00:43 | DEBUG    | src.bot.trading_bot:_update_market_data:177 | 市场数据更新完成
2025-06-12 12:00:47 | INFO     | src.trading.executor:update_account_info:125 | 账户更新: 总值$99036.60, 买入力$391982.42
2025-06-12 12:00:47 | DEBUG    | src.bot.trading_bot:_update_market_data:177 | 市场数据更新完成
2025-06-12 12:00:50 | INFO     | src.trading.executor:update_account_info:125 | 账户更新: 总值$99047.60, 买入力$391982.42
2025-06-12 12:00:50 | DEBUG    | src.bot.trading_bot:_update_market_data:177 | 市场数据更新完成
2025-06-12 12:00:53 | INFO     | src.trading.executor:update_account_info:125 | 账户更新: 总值$99058.60, 买入力$391982.42
2025-06-12 12:00:53 | DEBUG    | src.bot.trading_bot:_update_market_data:177 | 市场数据更新完成
2025-06-12 12:00:56 | INFO     | src.trading.executor:update_account_info:125 | 账户更新: 总值$99047.60, 买入力$391982.42
2025-06-12 12:00:56 | DEBUG    | src.bot.trading_bot:_update_market_data:177 | 市场数据更新完成
2025-06-12 12:01:00 | INFO     | src.trading.executor:update_account_info:125 | 账户更新: 总值$99025.60, 买入力$391982.42
2025-06-12 12:01:00 | DEBUG    | src.bot.trading_bot:_update_market_data:177 | 市场数据更新完成
2025-06-12 12:01:03 | INFO     | src.trading.executor:update_account_info:125 | 账户更新: 总值$99080.60, 买入力$391982.42
2025-06-12 12:01:03 | DEBUG    | src.bot.trading_bot:_update_market_data:177 | 市场数据更新完成
2025-06-12 12:01:06 | INFO     | src.trading.executor:update_account_info:125 | 账户更新: 总值$99080.60, 买入力$391982.42
2025-06-12 12:01:06 | DEBUG    | src.bot.trading_bot:_update_market_data:177 | 市场数据更新完成
2025-06-12 12:01:09 | INFO     | src.trading.executor:update_account_info:125 | 账户更新: 总值$99080.60, 买入力$391982.42
2025-06-12 12:01:09 | DEBUG    | src.bot.trading_bot:_update_market_data:177 | 市场数据更新完成
2025-06-12 12:01:12 | INFO     | src.trading.executor:update_account_info:125 | 账户更新: 总值$99080.60, 买入力$391982.42
2025-06-12 12:01:12 | DEBUG    | src.bot.trading_bot:_update_market_data:177 | 市场数据更新完成
2025-06-12 12:01:16 | INFO     | src.trading.executor:update_account_info:125 | 账户更新: 总值$99080.60, 买入力$391982.42
2025-06-12 12:01:16 | DEBUG    | src.bot.trading_bot:_update_market_data:177 | 市场数据更新完成
2025-06-12 12:01:19 | INFO     | src.trading.executor:update_account_info:125 | 账户更新: 总值$99102.60, 买入力$391982.42
2025-06-12 12:01:19 | DEBUG    | src.bot.trading_bot:_update_market_data:177 | 市场数据更新完成
2025-06-12 12:01:22 | INFO     | src.trading.executor:update_account_info:125 | 账户更新: 总值$99102.60, 买入力$391982.42
2025-06-12 12:01:22 | DEBUG    | src.bot.trading_bot:_update_market_data:177 | 市场数据更新完成
2025-06-12 12:01:23 | DEBUG    | src.bot.trading_bot:_update_positions_normal:249 | 📊 常规头寸更新完成
2025-06-12 12:01:26 | INFO     | src.trading.executor:update_account_info:125 | 账户更新: 总值$99058.60, 买入力$391982.42
2025-06-12 12:01:26 | DEBUG    | src.bot.trading_bot:_update_market_data:177 | 市场数据更新完成
2025-06-12 12:01:29 | INFO     | src.trading.executor:update_account_info:125 | 账户更新: 总值$99069.60, 买入力$391982.42
2025-06-12 12:01:29 | DEBUG    | src.bot.trading_bot:_update_market_data:177 | 市场数据更新完成
2025-06-12 12:01:32 | INFO     | src.trading.executor:update_account_info:125 | 账户更新: 总值$99069.60, 买入力$391982.42
2025-06-12 12:01:32 | DEBUG    | src.bot.trading_bot:_update_market_data:177 | 市场数据更新完成
2025-06-12 12:01:35 | INFO     | src.trading.executor:update_account_info:125 | 账户更新: 总值$99058.60, 买入力$391982.42
2025-06-12 12:01:35 | DEBUG    | src.bot.trading_bot:_update_market_data:177 | 市场数据更新完成
2025-06-12 12:01:39 | INFO     | src.trading.executor:update_account_info:125 | 账户更新: 总值$99047.60, 买入力$391982.42
2025-06-12 12:01:39 | DEBUG    | src.bot.trading_bot:_update_market_data:177 | 市场数据更新完成
2025-06-12 12:01:42 | INFO     | src.trading.executor:update_account_info:125 | 账户更新: 总值$99036.60, 买入力$391982.42
2025-06-12 12:01:42 | DEBUG    | src.bot.trading_bot:_update_market_data:177 | 市场数据更新完成
2025-06-12 12:01:45 | INFO     | src.trading.executor:update_account_info:125 | 账户更新: 总值$99003.60, 买入力$391982.42
2025-06-12 12:01:45 | DEBUG    | src.bot.trading_bot:_update_market_data:177 | 市场数据更新完成
2025-06-12 12:01:48 | INFO     | src.trading.executor:update_account_info:125 | 账户更新: 总值$99014.60, 买入力$391982.42
2025-06-12 12:01:48 | DEBUG    | src.bot.trading_bot:_update_market_data:177 | 市场数据更新完成
2025-06-12 12:01:51 | INFO     | src.trading.executor:update_account_info:125 | 账户更新: 总值$99025.60, 买入力$391982.42
2025-06-12 12:01:51 | DEBUG    | src.bot.trading_bot:_update_market_data:177 | 市场数据更新完成
2025-06-12 12:01:55 | INFO     | src.trading.executor:update_account_info:125 | 账户更新: 总值$99025.60, 买入力$391982.42
2025-06-12 12:01:55 | DEBUG    | src.bot.trading_bot:_update_market_data:177 | 市场数据更新完成
2025-06-12 12:01:58 | INFO     | src.trading.executor:update_account_info:125 | 账户更新: 总值$99047.60, 买入力$391982.42
2025-06-12 12:01:58 | DEBUG    | src.bot.trading_bot:_update_market_data:177 | 市场数据更新完成
2025-06-12 12:02:01 | INFO     | src.trading.executor:update_account_info:125 | 账户更新: 总值$99014.60, 买入力$391982.42
2025-06-12 12:02:01 | DEBUG    | src.bot.trading_bot:_update_market_data:177 | 市场数据更新完成
2025-06-12 12:02:05 | INFO     | src.trading.executor:update_account_info:125 | 账户更新: 总值$99025.60, 买入力$391982.42
2025-06-12 12:02:05 | DEBUG    | src.bot.trading_bot:_update_market_data:177 | 市场数据更新完成
2025-06-12 12:02:08 | INFO     | src.trading.executor:update_account_info:125 | 账户更新: 总值$99025.60, 买入力$391982.42
2025-06-12 12:02:08 | DEBUG    | src.bot.trading_bot:_update_market_data:177 | 市场数据更新完成
2025-06-12 12:02:11 | INFO     | src.trading.executor:update_account_info:125 | 账户更新: 总值$99036.60, 买入力$391982.42
2025-06-12 12:02:11 | DEBUG    | src.bot.trading_bot:_update_market_data:177 | 市场数据更新完成
2025-06-12 12:02:14 | INFO     | src.trading.executor:update_account_info:125 | 账户更新: 总值$99014.60, 买入力$391982.42
2025-06-12 12:02:14 | DEBUG    | src.bot.trading_bot:_update_market_data:177 | 市场数据更新完成
2025-06-12 12:02:18 | INFO     | src.trading.executor:update_account_info:125 | 账户更新: 总值$99025.60, 买入力$391982.42
2025-06-12 12:02:18 | DEBUG    | src.bot.trading_bot:_update_market_data:177 | 市场数据更新完成
2025-06-12 12:02:21 | INFO     | src.trading.executor:update_account_info:125 | 账户更新: 总值$99003.60, 买入力$391982.42
2025-06-12 12:02:21 | DEBUG    | src.bot.trading_bot:_update_market_data:177 | 市场数据更新完成
2025-06-12 12:02:24 | DEBUG    | src.bot.trading_bot:_update_positions_normal:249 | 📊 常规头寸更新完成
2025-06-12 12:02:24 | INFO     | src.trading.executor:update_account_info:125 | 账户更新: 总值$98992.60, 买入力$391982.42
2025-06-12 12:02:24 | DEBUG    | src.bot.trading_bot:_update_market_data:177 | 市场数据更新完成
2025-06-12 12:02:27 | INFO     | src.trading.executor:update_account_info:125 | 账户更新: 总值$98981.60, 买入力$391982.42
2025-06-12 12:02:27 | DEBUG    | src.bot.trading_bot:_update_market_data:177 | 市场数据更新完成
2025-06-12 12:02:30 | INFO     | src.trading.executor:update_account_info:125 | 账户更新: 总值$98992.60, 买入力$391982.42
2025-06-12 12:02:30 | DEBUG    | src.bot.trading_bot:_update_market_data:177 | 市场数据更新完成
2025-06-12 12:02:34 | INFO     | src.trading.executor:update_account_info:125 | 账户更新: 总值$98970.60, 买入力$391982.42
2025-06-12 12:02:34 | DEBUG    | src.bot.trading_bot:_update_market_data:177 | 市场数据更新完成
2025-06-12 12:02:37 | INFO     | src.trading.executor:update_account_info:125 | 账户更新: 总值$98959.60, 买入力$391982.42
2025-06-12 12:02:37 | DEBUG    | src.bot.trading_bot:_update_market_data:177 | 市场数据更新完成
2025-06-12 12:02:40 | INFO     | src.trading.executor:update_account_info:125 | 账户更新: 总值$98992.60, 买入力$391982.42
2025-06-12 12:02:40 | DEBUG    | src.bot.trading_bot:_update_market_data:177 | 市场数据更新完成
2025-06-12 12:02:43 | INFO     | src.trading.executor:update_account_info:125 | 账户更新: 总值$98981.60, 买入力$391982.42
2025-06-12 12:02:43 | DEBUG    | src.bot.trading_bot:_update_market_data:177 | 市场数据更新完成
2025-06-12 12:02:46 | INFO     | src.trading.executor:update_account_info:125 | 账户更新: 总值$99003.60, 买入力$391982.42
2025-06-12 12:02:46 | DEBUG    | src.bot.trading_bot:_update_market_data:177 | 市场数据更新完成
2025-06-12 12:02:50 | INFO     | src.trading.executor:update_account_info:125 | 账户更新: 总值$98981.60, 买入力$391982.42
2025-06-12 12:02:50 | DEBUG    | src.bot.trading_bot:_update_market_data:177 | 市场数据更新完成
2025-06-12 12:02:53 | INFO     | src.trading.executor:update_account_info:125 | 账户更新: 总值$98970.60, 买入力$391982.42
2025-06-12 12:02:53 | DEBUG    | src.bot.trading_bot:_update_market_data:177 | 市场数据更新完成
2025-06-12 12:02:56 | INFO     | src.trading.executor:update_account_info:125 | 账户更新: 总值$98970.60, 买入力$391982.42
2025-06-12 12:02:56 | DEBUG    | src.bot.trading_bot:_update_market_data:177 | 市场数据更新完成
2025-06-12 12:03:00 | INFO     | src.trading.executor:update_account_info:125 | 账户更新: 总值$98992.60, 买入力$391982.42
2025-06-12 12:03:00 | DEBUG    | src.bot.trading_bot:_update_market_data:177 | 市场数据更新完成
2025-06-12 12:03:03 | INFO     | src.trading.executor:update_account_info:125 | 账户更新: 总值$98970.60, 买入力$391982.42
2025-06-12 12:03:03 | DEBUG    | src.bot.trading_bot:_update_market_data:177 | 市场数据更新完成
2025-06-12 12:03:06 | INFO     | src.trading.executor:update_account_info:125 | 账户更新: 总值$99014.60, 买入力$391982.42
2025-06-12 12:03:06 | DEBUG    | src.bot.trading_bot:_update_market_data:177 | 市场数据更新完成
2025-06-12 12:03:09 | INFO     | src.trading.executor:update_account_info:125 | 账户更新: 总值$98992.60, 买入力$391982.42
2025-06-12 12:03:09 | DEBUG    | src.bot.trading_bot:_update_market_data:177 | 市场数据更新完成
2025-06-12 12:03:13 | INFO     | src.trading.executor:update_account_info:125 | 账户更新: 总值$98981.60, 买入力$391982.42
2025-06-12 12:03:13 | DEBUG    | src.bot.trading_bot:_update_market_data:177 | 市场数据更新完成
2025-06-12 12:03:16 | INFO     | src.trading.executor:update_account_info:125 | 账户更新: 总值$98992.60, 买入力$391982.42
2025-06-12 12:03:16 | DEBUG    | src.bot.trading_bot:_update_market_data:177 | 市场数据更新完成
2025-06-12 12:03:19 | INFO     | src.trading.executor:update_account_info:125 | 账户更新: 总值$98959.60, 买入力$391982.42
2025-06-12 12:03:19 | DEBUG    | src.bot.trading_bot:_update_market_data:177 | 市场数据更新完成
2025-06-12 12:03:22 | INFO     | src.trading.executor:update_account_info:125 | 账户更新: 总值$98904.60, 买入力$391982.42
2025-06-12 12:03:22 | DEBUG    | src.bot.trading_bot:_update_market_data:177 | 市场数据更新完成
2025-06-12 12:03:24 | DEBUG    | src.bot.trading_bot:_update_positions_normal:249 | 📊 常规头寸更新完成
2025-06-12 12:03:25 | INFO     | src.trading.executor:update_account_info:125 | 账户更新: 总值$98915.60, 买入力$391982.42
2025-06-12 12:03:25 | DEBUG    | src.bot.trading_bot:_update_market_data:177 | 市场数据更新完成
2025-06-12 12:03:29 | INFO     | src.trading.executor:update_account_info:125 | 账户更新: 总值$98915.60, 买入力$391982.42
2025-06-12 12:03:29 | DEBUG    | src.bot.trading_bot:_update_market_data:177 | 市场数据更新完成
2025-06-12 12:03:32 | INFO     | src.trading.executor:update_account_info:125 | 账户更新: 总值$98926.60, 买入力$391982.42
2025-06-12 12:03:32 | DEBUG    | src.bot.trading_bot:_update_market_data:177 | 市场数据更新完成
2025-06-12 12:03:35 | INFO     | src.trading.executor:update_account_info:125 | 账户更新: 总值$98926.60, 买入力$391982.42
2025-06-12 12:03:35 | DEBUG    | src.bot.trading_bot:_update_market_data:177 | 市场数据更新完成
2025-06-12 12:03:38 | INFO     | src.trading.executor:update_account_info:125 | 账户更新: 总值$98915.60, 买入力$391982.42
2025-06-12 12:03:38 | DEBUG    | src.bot.trading_bot:_update_market_data:177 | 市场数据更新完成
2025-06-12 12:03:42 | INFO     | src.trading.executor:update_account_info:125 | 账户更新: 总值$98904.60, 买入力$391982.42
2025-06-12 12:03:42 | DEBUG    | src.bot.trading_bot:_update_market_data:177 | 市场数据更新完成
2025-06-12 12:03:45 | INFO     | src.trading.executor:update_account_info:125 | 账户更新: 总值$98915.60, 买入力$391982.42
2025-06-12 12:03:45 | DEBUG    | src.bot.trading_bot:_update_market_data:177 | 市场数据更新完成
2025-06-12 12:03:48 | INFO     | src.trading.executor:update_account_info:125 | 账户更新: 总值$98904.60, 买入力$391982.42
2025-06-12 12:03:48 | DEBUG    | src.bot.trading_bot:_update_market_data:177 | 市场数据更新完成
2025-06-12 12:03:51 | INFO     | src.utils.notifications:send_message:63 | [GENERAL] 📊 每小时报告
时间: 12:03
当前头寸: 0
当日交易: 5
当日盈亏: $24.00
账户总值: $98,904.60
2025-06-12 12:03:51 | INFO     | src.trading.executor:update_account_info:125 | 账户更新: 总值$98915.60, 买入力$391982.42
2025-06-12 12:03:51 | DEBUG    | src.bot.trading_bot:_update_market_data:177 | 市场数据更新完成
2025-06-12 12:03:55 | INFO     | src.trading.executor:update_account_info:125 | 账户更新: 总值$98915.60, 买入力$391982.42
2025-06-12 12:03:55 | DEBUG    | src.bot.trading_bot:_update_market_data:177 | 市场数据更新完成
2025-06-12 12:03:58 | INFO     | src.trading.executor:update_account_info:125 | 账户更新: 总值$98904.60, 买入力$391982.42
2025-06-12 12:03:58 | DEBUG    | src.bot.trading_bot:_update_market_data:177 | 市场数据更新完成
2025-06-12 12:04:01 | INFO     | src.trading.executor:update_account_info:125 | 账户更新: 总值$98893.60, 买入力$391982.42
2025-06-12 12:04:01 | DEBUG    | src.bot.trading_bot:_update_market_data:177 | 市场数据更新完成
2025-06-12 12:04:04 | INFO     | src.trading.executor:update_account_info:125 | 账户更新: 总值$98915.60, 买入力$391982.42
2025-06-12 12:04:04 | DEBUG    | src.bot.trading_bot:_update_market_data:177 | 市场数据更新完成
2025-06-12 12:04:07 | INFO     | src.trading.executor:update_account_info:125 | 账户更新: 总值$98915.60, 买入力$391982.42
2025-06-12 12:04:07 | DEBUG    | src.bot.trading_bot:_update_market_data:177 | 市场数据更新完成
2025-06-12 12:04:10 | INFO     | src.trading.executor:update_account_info:125 | 账户更新: 总值$98915.60, 买入力$391982.42
2025-06-12 12:04:10 | DEBUG    | src.bot.trading_bot:_update_market_data:177 | 市场数据更新完成
2025-06-12 12:04:14 | INFO     | src.trading.executor:update_account_info:125 | 账户更新: 总值$98915.60, 买入力$391982.42
2025-06-12 12:04:14 | DEBUG    | src.bot.trading_bot:_update_market_data:177 | 市场数据更新完成
2025-06-12 12:04:17 | INFO     | src.trading.executor:update_account_info:125 | 账户更新: 总值$98915.60, 买入力$391982.42
2025-06-12 12:04:17 | DEBUG    | src.bot.trading_bot:_update_market_data:177 | 市场数据更新完成
2025-06-12 12:04:20 | INFO     | src.trading.executor:update_account_info:125 | 账户更新: 总值$98937.60, 买入力$391982.42
2025-06-12 12:04:20 | DEBUG    | src.bot.trading_bot:_update_market_data:177 | 市场数据更新完成
2025-06-12 12:04:23 | INFO     | src.trading.executor:update_account_info:125 | 账户更新: 总值$98926.60, 买入力$391982.42
2025-06-12 12:04:23 | DEBUG    | src.bot.trading_bot:_update_market_data:177 | 市场数据更新完成
2025-06-12 12:04:24 | DEBUG    | src.bot.trading_bot:_update_positions_normal:249 | 📊 常规头寸更新完成
2025-06-12 12:04:26 | INFO     | src.trading.executor:update_account_info:125 | 账户更新: 总值$98937.60, 买入力$391982.42
2025-06-12 12:04:26 | DEBUG    | src.bot.trading_bot:_update_market_data:177 | 市场数据更新完成
2025-06-12 12:04:30 | INFO     | src.trading.executor:update_account_info:125 | 账户更新: 总值$98948.60, 买入力$391982.42
2025-06-12 12:04:30 | DEBUG    | src.bot.trading_bot:_update_market_data:177 | 市场数据更新完成
2025-06-12 12:04:33 | INFO     | src.trading.executor:update_account_info:125 | 账户更新: 总值$98948.60, 买入力$391982.42
2025-06-12 12:04:33 | DEBUG    | src.bot.trading_bot:_update_market_data:177 | 市场数据更新完成
2025-06-12 12:04:36 | INFO     | src.trading.executor:update_account_info:125 | 账户更新: 总值$98948.60, 买入力$391982.42
2025-06-12 12:04:36 | DEBUG    | src.bot.trading_bot:_update_market_data:177 | 市场数据更新完成
2025-06-12 12:04:39 | INFO     | src.trading.executor:update_account_info:125 | 账户更新: 总值$98959.60, 买入力$391982.42
2025-06-12 12:04:39 | DEBUG    | src.bot.trading_bot:_update_market_data:177 | 市场数据更新完成
2025-06-12 12:04:42 | INFO     | src.trading.executor:update_account_info:125 | 账户更新: 总值$98948.60, 买入力$391982.42
2025-06-12 12:04:42 | DEBUG    | src.bot.trading_bot:_update_market_data:177 | 市场数据更新完成
2025-06-12 12:04:46 | INFO     | src.trading.executor:update_account_info:125 | 账户更新: 总值$98959.60, 买入力$391982.42
2025-06-12 12:04:46 | DEBUG    | src.bot.trading_bot:_update_market_data:177 | 市场数据更新完成
2025-06-12 12:04:49 | INFO     | src.trading.executor:update_account_info:125 | 账户更新: 总值$98959.60, 买入力$391982.42
2025-06-12 12:04:49 | DEBUG    | src.bot.trading_bot:_update_market_data:177 | 市场数据更新完成
2025-06-12 12:04:52 | INFO     | src.trading.executor:update_account_info:125 | 账户更新: 总值$98970.60, 买入力$391982.42
2025-06-12 12:04:52 | DEBUG    | src.bot.trading_bot:_update_market_data:177 | 市场数据更新完成
2025-06-12 12:04:55 | INFO     | src.trading.executor:update_account_info:125 | 账户更新: 总值$98970.60, 买入力$391982.42
2025-06-12 12:04:55 | DEBUG    | src.bot.trading_bot:_update_market_data:177 | 市场数据更新完成
2025-06-12 12:04:58 | INFO     | src.trading.executor:update_account_info:125 | 账户更新: 总值$98970.60, 买入力$391982.42
2025-06-12 12:04:58 | DEBUG    | src.bot.trading_bot:_update_market_data:177 | 市场数据更新完成
2025-06-12 12:05:01 | INFO     | src.trading.executor:update_account_info:125 | 账户更新: 总值$98970.60, 买入力$391982.42
2025-06-12 12:05:01 | DEBUG    | src.bot.trading_bot:_update_market_data:177 | 市场数据更新完成
2025-06-12 12:05:05 | INFO     | src.trading.executor:update_account_info:125 | 账户更新: 总值$98970.60, 买入力$391982.42
2025-06-12 12:05:05 | DEBUG    | src.bot.trading_bot:_update_market_data:177 | 市场数据更新完成
2025-06-12 12:05:08 | INFO     | src.trading.executor:update_account_info:125 | 账户更新: 总值$98970.60, 买入力$391982.42
2025-06-12 12:05:08 | DEBUG    | src.bot.trading_bot:_update_market_data:177 | 市场数据更新完成
2025-06-12 12:05:12 | INFO     | src.trading.executor:update_account_info:125 | 账户更新: 总值$98970.60, 买入力$391982.42
2025-06-12 12:05:12 | DEBUG    | src.bot.trading_bot:_update_market_data:177 | 市场数据更新完成
2025-06-12 12:05:15 | INFO     | src.trading.executor:update_account_info:125 | 账户更新: 总值$98992.60, 买入力$391982.42
2025-06-12 12:05:15 | DEBUG    | src.bot.trading_bot:_update_market_data:177 | 市场数据更新完成
2025-06-12 12:05:19 | INFO     | src.trading.executor:update_account_info:125 | 账户更新: 总值$98981.60, 买入力$391982.42
2025-06-12 12:05:19 | DEBUG    | src.bot.trading_bot:_update_market_data:177 | 市场数据更新完成
2025-06-12 12:05:22 | INFO     | src.trading.executor:update_account_info:125 | 账户更新: 总值$98981.60, 买入力$391982.42
2025-06-12 12:05:22 | DEBUG    | src.bot.trading_bot:_update_market_data:177 | 市场数据更新完成
2025-06-12 12:05:25 | DEBUG    | src.bot.trading_bot:_update_positions_normal:249 | 📊 常规头寸更新完成
2025-06-12 12:05:25 | INFO     | src.trading.executor:update_account_info:125 | 账户更新: 总值$98970.60, 买入力$391982.42
2025-06-12 12:05:25 | DEBUG    | src.bot.trading_bot:_update_market_data:177 | 市场数据更新完成
2025-06-12 12:05:28 | INFO     | src.trading.executor:update_account_info:125 | 账户更新: 总值$98970.60, 买入力$391982.42
2025-06-12 12:05:28 | DEBUG    | src.bot.trading_bot:_update_market_data:177 | 市场数据更新完成
2025-06-12 12:05:32 | INFO     | src.trading.executor:update_account_info:125 | 账户更新: 总值$98970.60, 买入力$391982.42
2025-06-12 12:05:32 | DEBUG    | src.bot.trading_bot:_update_market_data:177 | 市场数据更新完成
2025-06-12 12:05:35 | INFO     | src.trading.executor:update_account_info:125 | 账户更新: 总值$98959.60, 买入力$391982.42
2025-06-12 12:05:35 | DEBUG    | src.bot.trading_bot:_update_market_data:177 | 市场数据更新完成
2025-06-12 12:05:38 | INFO     | src.trading.executor:update_account_info:125 | 账户更新: 总值$98970.60, 买入力$391982.42
2025-06-12 12:05:38 | DEBUG    | src.bot.trading_bot:_update_market_data:177 | 市场数据更新完成
2025-06-12 12:05:41 | INFO     | src.trading.executor:update_account_info:125 | 账户更新: 总值$98926.60, 买入力$391982.42
2025-06-12 12:05:41 | DEBUG    | src.bot.trading_bot:_update_market_data:177 | 市场数据更新完成
2025-06-12 12:05:44 | INFO     | src.trading.executor:update_account_info:125 | 账户更新: 总值$98904.60, 买入力$391982.42
2025-06-12 12:05:44 | DEBUG    | src.bot.trading_bot:_update_market_data:177 | 市场数据更新完成
2025-06-12 12:05:48 | INFO     | src.trading.executor:update_account_info:125 | 账户更新: 总值$98904.60, 买入力$391982.42
2025-06-12 12:05:48 | DEBUG    | src.bot.trading_bot:_update_market_data:177 | 市场数据更新完成
2025-06-12 12:05:51 | INFO     | src.trading.executor:update_account_info:125 | 账户更新: 总值$98893.60, 买入力$391982.42
2025-06-12 12:05:51 | DEBUG    | src.bot.trading_bot:_update_market_data:177 | 市场数据更新完成
2025-06-12 12:05:54 | INFO     | src.trading.executor:update_account_info:125 | 账户更新: 总值$98904.60, 买入力$391982.42
2025-06-12 12:05:54 | DEBUG    | src.bot.trading_bot:_update_market_data:177 | 市场数据更新完成
2025-06-12 12:05:58 | INFO     | src.trading.executor:update_account_info:125 | 账户更新: 总值$98948.60, 买入力$391982.42
2025-06-12 12:05:58 | DEBUG    | src.bot.trading_bot:_update_market_data:177 | 市场数据更新完成
2025-06-12 12:06:01 | INFO     | src.trading.executor:update_account_info:125 | 账户更新: 总值$98948.60, 买入力$391982.42
2025-06-12 12:06:01 | DEBUG    | src.bot.trading_bot:_update_market_data:177 | 市场数据更新完成
2025-06-12 12:06:04 | INFO     | src.trading.executor:update_account_info:125 | 账户更新: 总值$98959.60, 买入力$391982.42
2025-06-12 12:06:04 | DEBUG    | src.bot.trading_bot:_update_market_data:177 | 市场数据更新完成
2025-06-12 12:06:07 | INFO     | src.trading.executor:update_account_info:125 | 账户更新: 总值$98959.60, 买入力$391982.42
2025-06-12 12:06:07 | DEBUG    | src.bot.trading_bot:_update_market_data:177 | 市场数据更新完成
2025-06-12 12:06:10 | INFO     | src.trading.executor:update_account_info:125 | 账户更新: 总值$98948.60, 买入力$391982.42
2025-06-12 12:06:10 | DEBUG    | src.bot.trading_bot:_update_market_data:177 | 市场数据更新完成
2025-06-12 12:06:14 | INFO     | src.trading.executor:update_account_info:125 | 账户更新: 总值$98937.60, 买入力$391982.42
2025-06-12 12:06:14 | DEBUG    | src.bot.trading_bot:_update_market_data:177 | 市场数据更新完成
2025-06-12 12:06:17 | INFO     | src.trading.executor:update_account_info:125 | 账户更新: 总值$98948.60, 买入力$391982.42
2025-06-12 12:06:17 | DEBUG    | src.bot.trading_bot:_update_market_data:177 | 市场数据更新完成
2025-06-12 12:06:20 | INFO     | src.trading.executor:update_account_info:125 | 账户更新: 总值$98970.60, 买入力$391982.42
2025-06-12 12:06:20 | DEBUG    | src.bot.trading_bot:_update_market_data:177 | 市场数据更新完成
2025-06-12 12:06:24 | INFO     | src.trading.executor:update_account_info:125 | 账户更新: 总值$98959.60, 买入力$391982.42
2025-06-12 12:06:24 | DEBUG    | src.bot.trading_bot:_update_market_data:177 | 市场数据更新完成
2025-06-12 12:06:25 | DEBUG    | src.bot.trading_bot:_update_positions_normal:249 | 📊 常规头寸更新完成
2025-06-12 12:06:27 | INFO     | src.trading.executor:update_account_info:125 | 账户更新: 总值$98948.60, 买入力$391982.42
2025-06-12 12:06:27 | DEBUG    | src.bot.trading_bot:_update_market_data:177 | 市场数据更新完成
2025-06-12 12:06:30 | INFO     | src.trading.executor:update_account_info:125 | 账户更新: 总值$98959.60, 买入力$391982.42
2025-06-12 12:06:30 | DEBUG    | src.bot.trading_bot:_update_market_data:177 | 市场数据更新完成
2025-06-12 12:06:33 | INFO     | src.trading.executor:update_account_info:125 | 账户更新: 总值$98981.60, 买入力$391982.42
2025-06-12 12:06:33 | DEBUG    | src.bot.trading_bot:_update_market_data:177 | 市场数据更新完成
2025-06-12 12:06:37 | INFO     | src.trading.executor:update_account_info:125 | 账户更新: 总值$98981.60, 买入力$391982.42
2025-06-12 12:06:37 | DEBUG    | src.bot.trading_bot:_update_market_data:177 | 市场数据更新完成
2025-06-12 12:06:40 | INFO     | src.trading.executor:update_account_info:125 | 账户更新: 总值$98970.60, 买入力$391982.42
2025-06-12 12:06:40 | DEBUG    | src.bot.trading_bot:_update_market_data:177 | 市场数据更新完成
2025-06-12 12:06:43 | INFO     | src.trading.executor:update_account_info:125 | 账户更新: 总值$98970.60, 买入力$391982.42
2025-06-12 12:06:43 | DEBUG    | src.bot.trading_bot:_update_market_data:177 | 市场数据更新完成
2025-06-12 12:06:46 | INFO     | src.trading.executor:update_account_info:125 | 账户更新: 总值$98970.60, 买入力$391982.42
2025-06-12 12:06:46 | DEBUG    | src.bot.trading_bot:_update_market_data:177 | 市场数据更新完成
2025-06-12 12:06:50 | INFO     | src.trading.executor:update_account_info:125 | 账户更新: 总值$98937.60, 买入力$391982.42
2025-06-12 12:06:50 | DEBUG    | src.bot.trading_bot:_update_market_data:177 | 市场数据更新完成
2025-06-12 12:06:53 | INFO     | src.trading.executor:update_account_info:125 | 账户更新: 总值$98926.60, 买入力$391982.42
2025-06-12 12:06:53 | DEBUG    | src.bot.trading_bot:_update_market_data:177 | 市场数据更新完成
2025-06-12 12:06:56 | INFO     | src.trading.executor:update_account_info:125 | 账户更新: 总值$98948.60, 买入力$391982.42
2025-06-12 12:06:56 | DEBUG    | src.bot.trading_bot:_update_market_data:177 | 市场数据更新完成
2025-06-12 12:07:00 | INFO     | src.trading.executor:update_account_info:125 | 账户更新: 总值$98970.60, 买入力$391982.42
2025-06-12 12:07:00 | DEBUG    | src.bot.trading_bot:_update_market_data:177 | 市场数据更新完成
2025-06-12 12:07:03 | INFO     | src.trading.executor:update_account_info:125 | 账户更新: 总值$98948.60, 买入力$391982.42
2025-06-12 12:07:03 | DEBUG    | src.bot.trading_bot:_update_market_data:177 | 市场数据更新完成
2025-06-12 12:07:06 | INFO     | src.trading.executor:update_account_info:125 | 账户更新: 总值$98970.60, 买入力$391982.42
2025-06-12 12:07:06 | DEBUG    | src.bot.trading_bot:_update_market_data:177 | 市场数据更新完成
2025-06-12 12:07:09 | INFO     | src.trading.executor:update_account_info:125 | 账户更新: 总值$98970.60, 买入力$391982.42
2025-06-12 12:07:09 | DEBUG    | src.bot.trading_bot:_update_market_data:177 | 市场数据更新完成
2025-06-12 12:07:12 | INFO     | src.trading.executor:update_account_info:125 | 账户更新: 总值$98948.60, 买入力$391982.42
2025-06-12 12:07:12 | DEBUG    | src.bot.trading_bot:_update_market_data:177 | 市场数据更新完成
2025-06-12 12:07:16 | INFO     | src.trading.executor:update_account_info:125 | 账户更新: 总值$98937.60, 买入力$391982.42
2025-06-12 12:07:16 | DEBUG    | src.bot.trading_bot:_update_market_data:177 | 市场数据更新完成
2025-06-12 12:07:19 | INFO     | src.trading.executor:update_account_info:125 | 账户更新: 总值$98948.60, 买入力$391982.42
2025-06-12 12:07:19 | DEBUG    | src.bot.trading_bot:_update_market_data:177 | 市场数据更新完成
2025-06-12 12:07:22 | INFO     | src.trading.executor:update_account_info:125 | 账户更新: 总值$98948.60, 买入力$391982.42
2025-06-12 12:07:22 | DEBUG    | src.bot.trading_bot:_update_market_data:177 | 市场数据更新完成
2025-06-12 12:07:25 | DEBUG    | src.bot.trading_bot:_update_positions_normal:249 | 📊 常规头寸更新完成
2025-06-12 12:07:25 | INFO     | src.trading.executor:update_account_info:125 | 账户更新: 总值$98937.60, 买入力$391982.42
2025-06-12 12:07:25 | DEBUG    | src.bot.trading_bot:_update_market_data:177 | 市场数据更新完成
2025-06-12 12:07:29 | INFO     | src.trading.executor:update_account_info:125 | 账户更新: 总值$98926.60, 买入力$391982.42
2025-06-12 12:07:29 | DEBUG    | src.bot.trading_bot:_update_market_data:177 | 市场数据更新完成
2025-06-12 12:07:32 | INFO     | src.trading.executor:update_account_info:125 | 账户更新: 总值$98937.60, 买入力$391982.42
2025-06-12 12:07:32 | DEBUG    | src.bot.trading_bot:_update_market_data:177 | 市场数据更新完成
2025-06-12 12:07:35 | INFO     | src.trading.executor:update_account_info:125 | 账户更新: 总值$98937.60, 买入力$391982.42
2025-06-12 12:07:35 | DEBUG    | src.bot.trading_bot:_update_market_data:177 | 市场数据更新完成
2025-06-12 12:07:39 | INFO     | src.trading.executor:update_account_info:125 | 账户更新: 总值$98970.60, 买入力$391982.42
2025-06-12 12:07:39 | DEBUG    | src.bot.trading_bot:_update_market_data:177 | 市场数据更新完成
2025-06-12 12:07:42 | INFO     | src.trading.executor:update_account_info:125 | 账户更新: 总值$98981.60, 买入力$391982.42
2025-06-12 12:07:42 | DEBUG    | src.bot.trading_bot:_update_market_data:177 | 市场数据更新完成
2025-06-12 12:07:45 | INFO     | src.trading.executor:update_account_info:125 | 账户更新: 总值$98970.60, 买入力$391982.42
2025-06-12 12:07:45 | DEBUG    | src.bot.trading_bot:_update_market_data:177 | 市场数据更新完成
2025-06-12 12:07:48 | INFO     | src.trading.executor:update_account_info:125 | 账户更新: 总值$98948.60, 买入力$391982.42
2025-06-12 12:07:48 | DEBUG    | src.bot.trading_bot:_update_market_data:177 | 市场数据更新完成
2025-06-12 12:07:52 | INFO     | src.trading.executor:update_account_info:125 | 账户更新: 总值$98970.60, 买入力$391982.42
2025-06-12 12:07:52 | DEBUG    | src.bot.trading_bot:_update_market_data:177 | 市场数据更新完成
2025-06-12 12:07:55 | INFO     | src.trading.executor:update_account_info:125 | 账户更新: 总值$98970.60, 买入力$391982.42
2025-06-12 12:07:55 | DEBUG    | src.bot.trading_bot:_update_market_data:177 | 市场数据更新完成
2025-06-12 12:07:58 | INFO     | src.trading.executor:update_account_info:125 | 账户更新: 总值$98970.60, 买入力$391982.42
2025-06-12 12:07:58 | DEBUG    | src.bot.trading_bot:_update_market_data:177 | 市场数据更新完成
2025-06-12 12:08:02 | INFO     | src.trading.executor:update_account_info:125 | 账户更新: 总值$98970.60, 买入力$391982.42
2025-06-12 12:08:02 | DEBUG    | src.bot.trading_bot:_update_market_data:177 | 市场数据更新完成
2025-06-12 12:08:05 | INFO     | src.trading.executor:update_account_info:125 | 账户更新: 总值$98959.60, 买入力$391982.42
2025-06-12 12:08:05 | DEBUG    | src.bot.trading_bot:_update_market_data:177 | 市场数据更新完成
2025-06-12 12:08:08 | INFO     | src.trading.executor:update_account_info:125 | 账户更新: 总值$98970.60, 买入力$391982.42
2025-06-12 12:08:08 | DEBUG    | src.bot.trading_bot:_update_market_data:177 | 市场数据更新完成
2025-06-12 12:08:11 | INFO     | src.trading.executor:update_account_info:125 | 账户更新: 总值$98970.60, 买入力$391982.42
2025-06-12 12:08:11 | DEBUG    | src.bot.trading_bot:_update_market_data:177 | 市场数据更新完成
2025-06-12 12:08:15 | INFO     | src.trading.executor:update_account_info:125 | 账户更新: 总值$98981.60, 买入力$391982.42
2025-06-12 12:08:15 | DEBUG    | src.bot.trading_bot:_update_market_data:177 | 市场数据更新完成
2025-06-12 12:08:18 | INFO     | src.trading.executor:update_account_info:125 | 账户更新: 总值$99014.60, 买入力$391982.42
2025-06-12 12:08:18 | DEBUG    | src.bot.trading_bot:_update_market_data:177 | 市场数据更新完成
2025-06-12 12:08:21 | INFO     | src.trading.executor:update_account_info:125 | 账户更新: 总值$99025.60, 买入力$391982.42
2025-06-12 12:08:21 | DEBUG    | src.bot.trading_bot:_update_market_data:177 | 市场数据更新完成
2025-06-12 12:08:24 | INFO     | src.trading.executor:update_account_info:125 | 账户更新: 总值$99003.60, 买入力$391982.42
2025-06-12 12:08:24 | DEBUG    | src.bot.trading_bot:_update_market_data:177 | 市场数据更新完成
2025-06-12 12:08:25 | DEBUG    | src.bot.trading_bot:_update_positions_normal:249 | 📊 常规头寸更新完成
2025-06-12 12:08:27 | INFO     | src.trading.executor:update_account_info:125 | 账户更新: 总值$99025.60, 买入力$391982.42
2025-06-12 12:08:27 | DEBUG    | src.bot.trading_bot:_update_market_data:177 | 市场数据更新完成
2025-06-12 12:08:31 | INFO     | src.trading.executor:update_account_info:125 | 账户更新: 总值$98992.60, 买入力$391982.42
2025-06-12 12:08:31 | DEBUG    | src.bot.trading_bot:_update_market_data:177 | 市场数据更新完成
2025-06-12 12:08:34 | INFO     | src.trading.executor:update_account_info:125 | 账户更新: 总值$98981.60, 买入力$391982.42
2025-06-12 12:08:34 | DEBUG    | src.bot.trading_bot:_update_market_data:177 | 市场数据更新完成
2025-06-12 12:08:37 | INFO     | src.trading.executor:update_account_info:125 | 账户更新: 总值$99014.60, 买入力$391982.42
2025-06-12 12:08:37 | DEBUG    | src.bot.trading_bot:_update_market_data:177 | 市场数据更新完成
2025-06-12 12:08:40 | INFO     | src.trading.executor:update_account_info:125 | 账户更新: 总值$99025.60, 买入力$391982.42
2025-06-12 12:08:40 | DEBUG    | src.bot.trading_bot:_update_market_data:177 | 市场数据更新完成
2025-06-12 12:08:44 | INFO     | src.trading.executor:update_account_info:125 | 账户更新: 总值$98992.60, 买入力$391982.42
2025-06-12 12:08:44 | DEBUG    | src.bot.trading_bot:_update_market_data:177 | 市场数据更新完成
2025-06-12 12:08:47 | INFO     | src.trading.executor:update_account_info:125 | 账户更新: 总值$98992.60, 买入力$391982.42
2025-06-12 12:08:47 | DEBUG    | src.bot.trading_bot:_update_market_data:177 | 市场数据更新完成
2025-06-12 12:08:50 | INFO     | src.trading.executor:update_account_info:125 | 账户更新: 总值$98992.60, 买入力$391982.42
2025-06-12 12:08:50 | DEBUG    | src.bot.trading_bot:_update_market_data:177 | 市场数据更新完成
2025-06-12 12:08:53 | INFO     | src.trading.executor:update_account_info:125 | 账户更新: 总值$98992.60, 买入力$391982.42
2025-06-12 12:08:53 | DEBUG    | src.bot.trading_bot:_update_market_data:177 | 市场数据更新完成
2025-06-12 12:08:57 | INFO     | src.trading.executor:update_account_info:125 | 账户更新: 总值$98992.60, 买入力$391982.42
2025-06-12 12:08:57 | DEBUG    | src.bot.trading_bot:_update_market_data:177 | 市场数据更新完成
2025-06-12 12:09:00 | INFO     | src.trading.executor:update_account_info:125 | 账户更新: 总值$99025.60, 买入力$391982.42
2025-06-12 12:09:00 | DEBUG    | src.bot.trading_bot:_update_market_data:177 | 市场数据更新完成
2025-06-12 12:09:03 | INFO     | src.trading.executor:update_account_info:125 | 账户更新: 总值$99025.60, 买入力$391982.42
2025-06-12 12:09:03 | DEBUG    | src.bot.trading_bot:_update_market_data:177 | 市场数据更新完成
2025-06-12 12:09:07 | INFO     | src.trading.executor:update_account_info:125 | 账户更新: 总值$99014.60, 买入力$391982.42
2025-06-12 12:09:07 | DEBUG    | src.bot.trading_bot:_update_market_data:177 | 市场数据更新完成
2025-06-12 12:09:10 | INFO     | src.trading.executor:update_account_info:125 | 账户更新: 总值$99025.60, 买入力$391982.42
2025-06-12 12:09:10 | DEBUG    | src.bot.trading_bot:_update_market_data:177 | 市场数据更新完成
2025-06-12 12:09:13 | INFO     | src.trading.executor:update_account_info:125 | 账户更新: 总值$99014.60, 买入力$391982.42
2025-06-12 12:09:13 | DEBUG    | src.bot.trading_bot:_update_market_data:177 | 市场数据更新完成
2025-06-12 12:09:16 | INFO     | src.trading.executor:update_account_info:125 | 账户更新: 总值$99014.60, 买入力$391982.42
2025-06-12 12:09:16 | DEBUG    | src.bot.trading_bot:_update_market_data:177 | 市场数据更新完成
2025-06-12 12:09:20 | INFO     | src.trading.executor:update_account_info:125 | 账户更新: 总值$98992.60, 买入力$391982.42
2025-06-12 12:09:20 | DEBUG    | src.bot.trading_bot:_update_market_data:177 | 市场数据更新完成
2025-06-12 12:09:23 | INFO     | src.trading.executor:update_account_info:125 | 账户更新: 总值$98981.60, 买入力$391982.42
2025-06-12 12:09:23 | DEBUG    | src.bot.trading_bot:_update_market_data:177 | 市场数据更新完成
2025-06-12 12:09:25 | DEBUG    | src.bot.trading_bot:_update_positions_normal:249 | 📊 常规头寸更新完成
2025-06-12 12:09:26 | INFO     | src.trading.executor:update_account_info:125 | 账户更新: 总值$98992.60, 买入力$391982.42
2025-06-12 12:09:26 | DEBUG    | src.bot.trading_bot:_update_market_data:177 | 市场数据更新完成
2025-06-12 12:09:29 | INFO     | src.trading.executor:update_account_info:125 | 账户更新: 总值$98959.60, 买入力$391982.42
2025-06-12 12:09:29 | DEBUG    | src.bot.trading_bot:_update_market_data:177 | 市场数据更新完成
2025-06-12 12:09:33 | INFO     | src.trading.executor:update_account_info:125 | 账户更新: 总值$98959.60, 买入力$391982.42
2025-06-12 12:09:33 | DEBUG    | src.bot.trading_bot:_update_market_data:177 | 市场数据更新完成
2025-06-12 12:09:36 | INFO     | src.trading.executor:update_account_info:125 | 账户更新: 总值$98981.60, 买入力$391982.42
2025-06-12 12:09:36 | DEBUG    | src.bot.trading_bot:_update_market_data:177 | 市场数据更新完成
2025-06-12 12:09:39 | INFO     | src.trading.executor:update_account_info:125 | 账户更新: 总值$98959.60, 买入力$391982.42
2025-06-12 12:09:39 | DEBUG    | src.bot.trading_bot:_update_market_data:177 | 市场数据更新完成
2025-06-12 12:09:42 | INFO     | src.trading.executor:update_account_info:125 | 账户更新: 总值$98959.60, 买入力$391982.42
2025-06-12 12:09:42 | DEBUG    | src.bot.trading_bot:_update_market_data:177 | 市场数据更新完成
2025-06-12 12:09:46 | INFO     | src.trading.executor:update_account_info:125 | 账户更新: 总值$98959.60, 买入力$391982.42
2025-06-12 12:09:46 | DEBUG    | src.bot.trading_bot:_update_market_data:177 | 市场数据更新完成
2025-06-12 12:09:49 | INFO     | src.trading.executor:update_account_info:125 | 账户更新: 总值$98959.60, 买入力$391982.42
2025-06-12 12:09:49 | DEBUG    | src.bot.trading_bot:_update_market_data:177 | 市场数据更新完成
2025-06-12 12:09:52 | INFO     | src.trading.executor:update_account_info:125 | 账户更新: 总值$98970.60, 买入力$391982.42
2025-06-12 12:09:52 | DEBUG    | src.bot.trading_bot:_update_market_data:177 | 市场数据更新完成
2025-06-12 12:09:56 | INFO     | src.trading.executor:update_account_info:125 | 账户更新: 总值$98970.60, 买入力$391982.42
2025-06-12 12:09:56 | DEBUG    | src.bot.trading_bot:_update_market_data:177 | 市场数据更新完成
2025-06-12 12:09:59 | INFO     | src.trading.executor:update_account_info:125 | 账户更新: 总值$98937.60, 买入力$391982.42
2025-06-12 12:09:59 | DEBUG    | src.bot.trading_bot:_update_market_data:177 | 市场数据更新完成
2025-06-12 12:10:02 | INFO     | src.trading.executor:update_account_info:125 | 账户更新: 总值$98937.60, 买入力$391982.42
2025-06-12 12:10:02 | DEBUG    | src.bot.trading_bot:_update_market_data:177 | 市场数据更新完成
2025-06-12 12:10:05 | INFO     | src.trading.executor:update_account_info:125 | 账户更新: 总值$98948.60, 买入力$391982.42
2025-06-12 12:10:05 | DEBUG    | src.bot.trading_bot:_update_market_data:177 | 市场数据更新完成
2025-06-12 12:10:08 | INFO     | src.trading.executor:update_account_info:125 | 账户更新: 总值$98937.60, 买入力$391982.42
2025-06-12 12:10:08 | DEBUG    | src.bot.trading_bot:_update_market_data:177 | 市场数据更新完成
2025-06-12 12:10:12 | INFO     | src.trading.executor:update_account_info:125 | 账户更新: 总值$98959.60, 买入力$391982.42
2025-06-12 12:10:12 | DEBUG    | src.bot.trading_bot:_update_market_data:177 | 市场数据更新完成
2025-06-12 12:10:15 | INFO     | src.trading.executor:update_account_info:125 | 账户更新: 总值$98948.60, 买入力$391982.42
2025-06-12 12:10:15 | DEBUG    | src.bot.trading_bot:_update_market_data:177 | 市场数据更新完成
2025-06-12 12:10:18 | INFO     | src.trading.executor:update_account_info:125 | 账户更新: 总值$98948.60, 买入力$391982.42
2025-06-12 12:10:18 | DEBUG    | src.bot.trading_bot:_update_market_data:177 | 市场数据更新完成
2025-06-12 12:10:22 | INFO     | src.trading.executor:update_account_info:125 | 账户更新: 总值$98948.60, 买入力$391982.42
2025-06-12 12:10:22 | DEBUG    | src.bot.trading_bot:_update_market_data:177 | 市场数据更新完成
2025-06-12 12:10:25 | INFO     | src.trading.executor:update_account_info:125 | 账户更新: 总值$98970.60, 买入力$391982.42
2025-06-12 12:10:25 | DEBUG    | src.bot.trading_bot:_update_market_data:177 | 市场数据更新完成
2025-06-12 12:10:25 | DEBUG    | src.bot.trading_bot:_update_positions_normal:249 | 📊 常规头寸更新完成
2025-06-12 12:10:28 | INFO     | src.trading.executor:update_account_info:125 | 账户更新: 总值$98937.60, 买入力$391982.42
2025-06-12 12:10:28 | DEBUG    | src.bot.trading_bot:_update_market_data:177 | 市场数据更新完成
2025-06-12 12:10:31 | INFO     | src.trading.executor:update_account_info:125 | 账户更新: 总值$98970.60, 买入力$391982.42
2025-06-12 12:10:31 | DEBUG    | src.bot.trading_bot:_update_market_data:177 | 市场数据更新完成
2025-06-12 12:10:35 | INFO     | src.trading.executor:update_account_info:125 | 账户更新: 总值$98948.60, 买入力$391982.42
2025-06-12 12:10:35 | DEBUG    | src.bot.trading_bot:_update_market_data:177 | 市场数据更新完成
2025-06-12 12:10:38 | INFO     | src.trading.executor:update_account_info:125 | 账户更新: 总值$98937.60, 买入力$391982.42
2025-06-12 12:10:38 | DEBUG    | src.bot.trading_bot:_update_market_data:177 | 市场数据更新完成
2025-06-12 12:10:41 | INFO     | src.trading.executor:update_account_info:125 | 账户更新: 总值$98970.60, 买入力$391982.42
2025-06-12 12:10:41 | DEBUG    | src.bot.trading_bot:_update_market_data:177 | 市场数据更新完成
2025-06-12 12:10:45 | INFO     | src.trading.executor:update_account_info:125 | 账户更新: 总值$98959.60, 买入力$391982.42
2025-06-12 12:10:45 | DEBUG    | src.bot.trading_bot:_update_market_data:177 | 市场数据更新完成
2025-06-12 12:10:48 | INFO     | src.trading.executor:update_account_info:125 | 账户更新: 总值$98970.60, 买入力$391982.42
2025-06-12 12:10:48 | DEBUG    | src.bot.trading_bot:_update_market_data:177 | 市场数据更新完成
2025-06-12 12:10:51 | INFO     | src.trading.executor:update_account_info:125 | 账户更新: 总值$98948.60, 买入力$391982.42
2025-06-12 12:10:51 | DEBUG    | src.bot.trading_bot:_update_market_data:177 | 市场数据更新完成
2025-06-12 12:10:54 | INFO     | src.trading.executor:update_account_info:125 | 账户更新: 总值$98937.60, 买入力$391982.42
2025-06-12 12:10:54 | DEBUG    | src.bot.trading_bot:_update_market_data:177 | 市场数据更新完成
2025-06-12 12:10:58 | INFO     | src.trading.executor:update_account_info:125 | 账户更新: 总值$98937.60, 买入力$391982.42
2025-06-12 12:10:58 | DEBUG    | src.bot.trading_bot:_update_market_data:177 | 市场数据更新完成
2025-06-12 12:11:01 | INFO     | src.trading.executor:update_account_info:125 | 账户更新: 总值$98926.60, 买入力$391982.42
2025-06-12 12:11:01 | DEBUG    | src.bot.trading_bot:_update_market_data:177 | 市场数据更新完成
2025-06-12 12:11:04 | INFO     | src.trading.executor:update_account_info:125 | 账户更新: 总值$98937.60, 买入力$391982.42
2025-06-12 12:11:04 | DEBUG    | src.bot.trading_bot:_update_market_data:177 | 市场数据更新完成
2025-06-12 12:11:07 | INFO     | src.trading.executor:update_account_info:125 | 账户更新: 总值$98937.60, 买入力$391982.42
2025-06-12 12:11:07 | DEBUG    | src.bot.trading_bot:_update_market_data:177 | 市场数据更新完成
2025-06-12 12:11:11 | INFO     | src.trading.executor:update_account_info:125 | 账户更新: 总值$98959.60, 买入力$391982.42
2025-06-12 12:11:11 | DEBUG    | src.bot.trading_bot:_update_market_data:177 | 市场数据更新完成
2025-06-12 12:11:14 | INFO     | src.trading.executor:update_account_info:125 | 账户更新: 总值$98970.60, 买入力$391982.42
2025-06-12 12:11:14 | DEBUG    | src.bot.trading_bot:_update_market_data:177 | 市场数据更新完成
2025-06-12 12:11:17 | INFO     | src.trading.executor:update_account_info:125 | 账户更新: 总值$98970.60, 买入力$391982.42
2025-06-12 12:11:17 | DEBUG    | src.bot.trading_bot:_update_market_data:177 | 市场数据更新完成
2025-06-12 12:11:20 | INFO     | src.trading.executor:update_account_info:125 | 账户更新: 总值$98959.60, 买入力$391982.42
2025-06-12 12:11:20 | DEBUG    | src.bot.trading_bot:_update_market_data:177 | 市场数据更新完成
2025-06-12 12:11:24 | INFO     | src.trading.executor:update_account_info:125 | 账户更新: 总值$98959.60, 买入力$391982.42
2025-06-12 12:11:24 | DEBUG    | src.bot.trading_bot:_update_market_data:177 | 市场数据更新完成
2025-06-12 12:11:26 | DEBUG    | src.bot.trading_bot:_update_positions_normal:249 | 📊 常规头寸更新完成
2025-06-12 12:11:27 | INFO     | src.trading.executor:update_account_info:125 | 账户更新: 总值$99003.60, 买入力$391982.42
2025-06-12 12:11:27 | DEBUG    | src.bot.trading_bot:_update_market_data:177 | 市场数据更新完成
2025-06-12 12:11:30 | INFO     | src.trading.executor:update_account_info:125 | 账户更新: 总值$99014.60, 买入力$391982.42
2025-06-12 12:11:30 | DEBUG    | src.bot.trading_bot:_update_market_data:177 | 市场数据更新完成
2025-06-12 12:11:34 | INFO     | src.trading.executor:update_account_info:125 | 账户更新: 总值$99036.60, 买入力$391982.42
2025-06-12 12:11:34 | DEBUG    | src.bot.trading_bot:_update_market_data:177 | 市场数据更新完成
2025-06-12 12:11:37 | INFO     | src.trading.executor:update_account_info:125 | 账户更新: 总值$99036.60, 买入力$391982.42
2025-06-12 12:11:37 | DEBUG    | src.bot.trading_bot:_update_market_data:177 | 市场数据更新完成
2025-06-12 12:11:40 | INFO     | src.trading.executor:update_account_info:125 | 账户更新: 总值$99036.60, 买入力$391982.42
2025-06-12 12:11:40 | DEBUG    | src.bot.trading_bot:_update_market_data:177 | 市场数据更新完成
2025-06-12 12:11:43 | INFO     | src.trading.executor:update_account_info:125 | 账户更新: 总值$99036.60, 买入力$391982.42
2025-06-12 12:11:43 | DEBUG    | src.bot.trading_bot:_update_market_data:177 | 市场数据更新完成
2025-06-12 12:11:47 | INFO     | src.trading.executor:update_account_info:125 | 账户更新: 总值$99014.60, 买入力$391982.42
2025-06-12 12:11:47 | DEBUG    | src.bot.trading_bot:_update_market_data:177 | 市场数据更新完成
2025-06-12 12:11:50 | INFO     | src.trading.executor:update_account_info:125 | 账户更新: 总值$98970.60, 买入力$391982.42
2025-06-12 12:11:50 | DEBUG    | src.bot.trading_bot:_update_market_data:177 | 市场数据更新完成
2025-06-12 12:11:53 | INFO     | src.trading.executor:update_account_info:125 | 账户更新: 总值$98970.60, 买入力$391982.42
2025-06-12 12:11:53 | DEBUG    | src.bot.trading_bot:_update_market_data:177 | 市场数据更新完成
2025-06-12 12:11:56 | INFO     | src.trading.executor:update_account_info:125 | 账户更新: 总值$98970.60, 买入力$391982.42
2025-06-12 12:11:56 | DEBUG    | src.bot.trading_bot:_update_market_data:177 | 市场数据更新完成
2025-06-12 12:12:00 | INFO     | src.trading.executor:update_account_info:125 | 账户更新: 总值$98959.60, 买入力$391982.42
2025-06-12 12:12:00 | DEBUG    | src.bot.trading_bot:_update_market_data:177 | 市场数据更新完成
2025-06-12 12:12:03 | INFO     | src.trading.executor:update_account_info:125 | 账户更新: 总值$98948.60, 买入力$391982.42
2025-06-12 12:12:03 | DEBUG    | src.bot.trading_bot:_update_market_data:177 | 市场数据更新完成
2025-06-12 12:12:06 | INFO     | src.trading.executor:update_account_info:125 | 账户更新: 总值$98937.60, 买入力$391982.42
2025-06-12 12:12:06 | DEBUG    | src.bot.trading_bot:_update_market_data:177 | 市场数据更新完成
2025-06-12 12:12:10 | INFO     | src.trading.executor:update_account_info:125 | 账户更新: 总值$98937.60, 买入力$391982.42
2025-06-12 12:12:10 | DEBUG    | src.bot.trading_bot:_update_market_data:177 | 市场数据更新完成
2025-06-12 12:12:13 | INFO     | src.trading.executor:update_account_info:125 | 账户更新: 总值$98937.60, 买入力$391982.42
2025-06-12 12:12:13 | DEBUG    | src.bot.trading_bot:_update_market_data:177 | 市场数据更新完成
2025-06-12 12:12:16 | INFO     | src.trading.executor:update_account_info:125 | 账户更新: 总值$98937.60, 买入力$391982.42
2025-06-12 12:12:16 | DEBUG    | src.bot.trading_bot:_update_market_data:177 | 市场数据更新完成
2025-06-12 12:12:19 | INFO     | src.trading.executor:update_account_info:125 | 账户更新: 总值$98937.60, 买入力$391982.42
2025-06-12 12:12:19 | DEBUG    | src.bot.trading_bot:_update_market_data:177 | 市场数据更新完成
2025-06-12 12:12:23 | INFO     | src.trading.executor:update_account_info:125 | 账户更新: 总值$98959.60, 买入力$391982.42
2025-06-12 12:12:23 | DEBUG    | src.bot.trading_bot:_update_market_data:177 | 市场数据更新完成
2025-06-12 12:12:26 | INFO     | src.trading.executor:update_account_info:125 | 账户更新: 总值$98937.60, 买入力$391982.42
2025-06-12 12:12:26 | DEBUG    | src.bot.trading_bot:_update_market_data:177 | 市场数据更新完成
2025-06-12 12:12:26 | DEBUG    | src.bot.trading_bot:_update_positions_normal:249 | 📊 常规头寸更新完成
2025-06-12 12:12:29 | INFO     | src.trading.executor:update_account_info:125 | 账户更新: 总值$98926.60, 买入力$391982.42
2025-06-12 12:12:29 | DEBUG    | src.bot.trading_bot:_update_market_data:177 | 市场数据更新完成
2025-06-12 12:12:33 | INFO     | src.trading.executor:update_account_info:125 | 账户更新: 总值$98926.60, 买入力$391982.42
2025-06-12 12:12:33 | DEBUG    | src.bot.trading_bot:_update_market_data:177 | 市场数据更新完成
2025-06-12 12:12:36 | INFO     | src.trading.executor:update_account_info:125 | 账户更新: 总值$98937.60, 买入力$391982.42
2025-06-12 12:12:36 | DEBUG    | src.bot.trading_bot:_update_market_data:177 | 市场数据更新完成
2025-06-12 12:12:39 | INFO     | src.trading.executor:update_account_info:125 | 账户更新: 总值$98937.60, 买入力$391982.42
2025-06-12 12:12:39 | DEBUG    | src.bot.trading_bot:_update_market_data:177 | 市场数据更新完成
2025-06-12 12:12:42 | INFO     | src.trading.executor:update_account_info:125 | 账户更新: 总值$98937.60, 买入力$391982.42
2025-06-12 12:12:42 | DEBUG    | src.bot.trading_bot:_update_market_data:177 | 市场数据更新完成
2025-06-12 12:12:46 | INFO     | src.trading.executor:update_account_info:125 | 账户更新: 总值$98937.60, 买入力$391982.42
2025-06-12 12:12:46 | DEBUG    | src.bot.trading_bot:_update_market_data:177 | 市场数据更新完成
2025-06-12 12:12:49 | INFO     | src.trading.executor:update_account_info:125 | 账户更新: 总值$98948.60, 买入力$391982.42
2025-06-12 12:12:49 | DEBUG    | src.bot.trading_bot:_update_market_data:177 | 市场数据更新完成
2025-06-12 12:12:52 | INFO     | src.trading.executor:update_account_info:125 | 账户更新: 总值$98970.60, 买入力$391982.42
2025-06-12 12:12:52 | DEBUG    | src.bot.trading_bot:_update_market_data:177 | 市场数据更新完成
2025-06-12 12:12:56 | INFO     | src.trading.executor:update_account_info:125 | 账户更新: 总值$98959.60, 买入力$391982.42
2025-06-12 12:12:56 | DEBUG    | src.bot.trading_bot:_update_market_data:177 | 市场数据更新完成
2025-06-12 12:12:59 | INFO     | src.trading.executor:update_account_info:125 | 账户更新: 总值$98970.60, 买入力$391982.42
2025-06-12 12:12:59 | DEBUG    | src.bot.trading_bot:_update_market_data:177 | 市场数据更新完成
2025-06-12 12:13:02 | INFO     | src.trading.executor:update_account_info:125 | 账户更新: 总值$98970.60, 买入力$391982.42
2025-06-12 12:13:02 | DEBUG    | src.bot.trading_bot:_update_market_data:177 | 市场数据更新完成
2025-06-12 12:13:05 | INFO     | src.trading.executor:update_account_info:125 | 账户更新: 总值$98970.60, 买入力$391982.42
2025-06-12 12:13:05 | DEBUG    | src.bot.trading_bot:_update_market_data:177 | 市场数据更新完成
2025-06-12 12:13:09 | INFO     | src.trading.executor:update_account_info:125 | 账户更新: 总值$98981.60, 买入力$391982.42
2025-06-12 12:13:09 | DEBUG    | src.bot.trading_bot:_update_market_data:177 | 市场数据更新完成
2025-06-12 12:13:12 | INFO     | src.trading.executor:update_account_info:125 | 账户更新: 总值$98981.60, 买入力$391982.42
2025-06-12 12:13:12 | DEBUG    | src.bot.trading_bot:_update_market_data:177 | 市场数据更新完成
2025-06-12 12:13:15 | INFO     | src.trading.executor:update_account_info:125 | 账户更新: 总值$98992.60, 买入力$391982.42
2025-06-12 12:13:15 | DEBUG    | src.bot.trading_bot:_update_market_data:177 | 市场数据更新完成
2025-06-12 12:13:18 | INFO     | src.trading.executor:update_account_info:125 | 账户更新: 总值$99003.60, 买入力$391982.42
2025-06-12 12:13:18 | DEBUG    | src.bot.trading_bot:_update_market_data:177 | 市场数据更新完成
2025-06-12 12:13:22 | INFO     | src.trading.executor:update_account_info:125 | 账户更新: 总值$99003.60, 买入力$391982.42
2025-06-12 12:13:22 | DEBUG    | src.bot.trading_bot:_update_market_data:177 | 市场数据更新完成
2025-06-12 12:13:25 | INFO     | src.trading.executor:update_account_info:125 | 账户更新: 总值$99003.60, 买入力$391982.42
2025-06-12 12:13:25 | DEBUG    | src.bot.trading_bot:_update_market_data:177 | 市场数据更新完成
2025-06-12 12:13:27 | DEBUG    | src.bot.trading_bot:_update_positions_normal:249 | 📊 常规头寸更新完成
2025-06-12 12:13:28 | INFO     | src.trading.executor:update_account_info:125 | 账户更新: 总值$99003.60, 买入力$391982.42
2025-06-12 12:13:28 | DEBUG    | src.bot.trading_bot:_update_market_data:177 | 市场数据更新完成
2025-06-12 12:13:32 | INFO     | src.trading.executor:update_account_info:125 | 账户更新: 总值$98981.60, 买入力$391982.42
2025-06-12 12:13:32 | DEBUG    | src.bot.trading_bot:_update_market_data:177 | 市场数据更新完成
2025-06-12 12:13:35 | INFO     | src.trading.executor:update_account_info:125 | 账户更新: 总值$98970.60, 买入力$391982.42
2025-06-12 12:13:35 | DEBUG    | src.bot.trading_bot:_update_market_data:177 | 市场数据更新完成
2025-06-12 12:13:38 | INFO     | src.trading.executor:update_account_info:125 | 账户更新: 总值$98970.60, 买入力$391982.42
2025-06-12 12:13:38 | DEBUG    | src.bot.trading_bot:_update_market_data:177 | 市场数据更新完成
2025-06-12 12:13:41 | INFO     | src.trading.executor:update_account_info:125 | 账户更新: 总值$98970.60, 买入力$391982.42
2025-06-12 12:13:41 | DEBUG    | src.bot.trading_bot:_update_market_data:177 | 市场数据更新完成
2025-06-12 12:13:45 | INFO     | src.trading.executor:update_account_info:125 | 账户更新: 总值$98981.60, 买入力$391982.42
2025-06-12 12:13:45 | DEBUG    | src.bot.trading_bot:_update_market_data:177 | 市场数据更新完成
2025-06-12 12:13:48 | INFO     | src.trading.executor:update_account_info:125 | 账户更新: 总值$98970.60, 买入力$391982.42
2025-06-12 12:13:48 | DEBUG    | src.bot.trading_bot:_update_market_data:177 | 市场数据更新完成
2025-06-12 12:13:51 | INFO     | src.trading.executor:update_account_info:125 | 账户更新: 总值$98959.60, 买入力$391982.42
2025-06-12 12:13:51 | DEBUG    | src.bot.trading_bot:_update_market_data:177 | 市场数据更新完成
2025-06-12 12:13:54 | INFO     | src.trading.executor:update_account_info:125 | 账户更新: 总值$98959.60, 买入力$391982.42
2025-06-12 12:13:54 | DEBUG    | src.bot.trading_bot:_update_market_data:177 | 市场数据更新完成
2025-06-12 12:13:57 | INFO     | src.trading.executor:update_account_info:125 | 账户更新: 总值$98981.60, 买入力$391982.42
2025-06-12 12:13:57 | DEBUG    | src.bot.trading_bot:_update_market_data:177 | 市场数据更新完成
2025-06-12 12:14:01 | INFO     | src.trading.executor:update_account_info:125 | 账户更新: 总值$98970.60, 买入力$391982.42
2025-06-12 12:14:01 | DEBUG    | src.bot.trading_bot:_update_market_data:177 | 市场数据更新完成
2025-06-12 12:14:04 | INFO     | src.trading.executor:update_account_info:125 | 账户更新: 总值$98970.60, 买入力$391982.42
2025-06-12 12:14:04 | DEBUG    | src.bot.trading_bot:_update_market_data:177 | 市场数据更新完成
2025-06-12 12:14:07 | INFO     | src.trading.executor:update_account_info:125 | 账户更新: 总值$98981.60, 买入力$391982.42
2025-06-12 12:14:07 | DEBUG    | src.bot.trading_bot:_update_market_data:177 | 市场数据更新完成
2025-06-12 12:14:10 | INFO     | src.trading.executor:update_account_info:125 | 账户更新: 总值$98970.60, 买入力$391982.42
2025-06-12 12:14:10 | DEBUG    | src.bot.trading_bot:_update_market_data:177 | 市场数据更新完成
2025-06-12 12:14:14 | INFO     | src.trading.executor:update_account_info:125 | 账户更新: 总值$98970.60, 买入力$391982.42
2025-06-12 12:14:14 | DEBUG    | src.bot.trading_bot:_update_market_data:177 | 市场数据更新完成
2025-06-12 12:14:17 | INFO     | src.trading.executor:update_account_info:125 | 账户更新: 总值$98981.60, 买入力$391982.42
2025-06-12 12:14:17 | DEBUG    | src.bot.trading_bot:_update_market_data:177 | 市场数据更新完成
2025-06-12 12:14:20 | INFO     | src.trading.executor:update_account_info:125 | 账户更新: 总值$98981.60, 买入力$391982.42
2025-06-12 12:14:20 | DEBUG    | src.bot.trading_bot:_update_market_data:177 | 市场数据更新完成
2025-06-12 12:14:23 | INFO     | src.trading.executor:update_account_info:125 | 账户更新: 总值$98992.60, 买入力$391982.42
2025-06-12 12:14:23 | DEBUG    | src.bot.trading_bot:_update_market_data:177 | 市场数据更新完成
2025-06-12 12:14:27 | INFO     | src.trading.executor:update_account_info:125 | 账户更新: 总值$98992.60, 买入力$391982.42
2025-06-12 12:14:27 | DEBUG    | src.bot.trading_bot:_update_market_data:177 | 市场数据更新完成
2025-06-12 12:14:27 | DEBUG    | src.bot.trading_bot:_update_positions_normal:249 | 📊 常规头寸更新完成
2025-06-12 12:14:30 | INFO     | src.trading.executor:update_account_info:125 | 账户更新: 总值$99003.60, 买入力$391982.42
2025-06-12 12:14:30 | DEBUG    | src.bot.trading_bot:_update_market_data:177 | 市场数据更新完成
2025-06-12 12:14:33 | INFO     | src.trading.executor:update_account_info:125 | 账户更新: 总值$99025.60, 买入力$391982.42
2025-06-12 12:14:33 | DEBUG    | src.bot.trading_bot:_update_market_data:177 | 市场数据更新完成
2025-06-12 12:14:37 | INFO     | src.trading.executor:update_account_info:125 | 账户更新: 总值$99025.60, 买入力$391982.42
2025-06-12 12:14:37 | DEBUG    | src.bot.trading_bot:_update_market_data:177 | 市场数据更新完成
2025-06-12 12:14:40 | INFO     | src.trading.executor:update_account_info:125 | 账户更新: 总值$99014.60, 买入力$391982.42
2025-06-12 12:14:40 | DEBUG    | src.bot.trading_bot:_update_market_data:177 | 市场数据更新完成
2025-06-12 12:14:43 | INFO     | src.trading.executor:update_account_info:125 | 账户更新: 总值$99003.60, 买入力$391982.42
2025-06-12 12:14:43 | DEBUG    | src.bot.trading_bot:_update_market_data:177 | 市场数据更新完成
2025-06-12 12:14:46 | INFO     | src.trading.executor:update_account_info:125 | 账户更新: 总值$99025.60, 买入力$391982.42
2025-06-12 12:14:46 | DEBUG    | src.bot.trading_bot:_update_market_data:177 | 市场数据更新完成
2025-06-12 12:14:50 | INFO     | src.trading.executor:update_account_info:125 | 账户更新: 总值$99036.60, 买入力$391982.42
2025-06-12 12:14:50 | DEBUG    | src.bot.trading_bot:_update_market_data:177 | 市场数据更新完成
2025-06-12 12:14:53 | INFO     | src.trading.executor:update_account_info:125 | 账户更新: 总值$99025.60, 买入力$391982.42
2025-06-12 12:14:53 | DEBUG    | src.bot.trading_bot:_update_market_data:177 | 市场数据更新完成
2025-06-12 12:14:56 | INFO     | src.trading.executor:update_account_info:125 | 账户更新: 总值$99025.60, 买入力$391982.42
2025-06-12 12:14:56 | DEBUG    | src.bot.trading_bot:_update_market_data:177 | 市场数据更新完成
2025-06-12 12:14:59 | INFO     | src.trading.executor:update_account_info:125 | 账户更新: 总值$99025.60, 买入力$391982.42
2025-06-12 12:14:59 | DEBUG    | src.bot.trading_bot:_update_market_data:177 | 市场数据更新完成
2025-06-12 12:15:03 | INFO     | src.trading.executor:update_account_info:125 | 账户更新: 总值$99025.60, 买入力$391982.42
2025-06-12 12:15:03 | DEBUG    | src.bot.trading_bot:_update_market_data:177 | 市场数据更新完成
2025-06-12 12:15:06 | INFO     | src.trading.executor:update_account_info:125 | 账户更新: 总值$99014.60, 买入力$391982.42
2025-06-12 12:15:06 | DEBUG    | src.bot.trading_bot:_update_market_data:177 | 市场数据更新完成
2025-06-12 12:15:09 | INFO     | src.trading.executor:update_account_info:125 | 账户更新: 总值$99003.60, 买入力$391982.42
2025-06-12 12:15:10 | DEBUG    | src.bot.trading_bot:_update_market_data:177 | 市场数据更新完成
2025-06-12 12:15:13 | INFO     | src.trading.executor:update_account_info:125 | 账户更新: 总值$99014.60, 买入力$391982.42
2025-06-12 12:15:13 | DEBUG    | src.bot.trading_bot:_update_market_data:177 | 市场数据更新完成
2025-06-12 12:15:16 | INFO     | src.trading.executor:update_account_info:125 | 账户更新: 总值$99025.60, 买入力$391982.42
2025-06-12 12:15:16 | DEBUG    | src.bot.trading_bot:_update_market_data:177 | 市场数据更新完成
2025-06-12 12:15:19 | INFO     | src.trading.executor:update_account_info:125 | 账户更新: 总值$99025.60, 买入力$391982.42
2025-06-12 12:15:19 | DEBUG    | src.bot.trading_bot:_update_market_data:177 | 市场数据更新完成
2025-06-12 12:15:23 | INFO     | src.trading.executor:update_account_info:125 | 账户更新: 总值$99003.60, 买入力$391982.42
2025-06-12 12:15:23 | DEBUG    | src.bot.trading_bot:_update_market_data:177 | 市场数据更新完成
2025-06-12 12:15:26 | INFO     | src.trading.executor:update_account_info:125 | 账户更新: 总值$98992.60, 买入力$391982.42
2025-06-12 12:15:26 | DEBUG    | src.bot.trading_bot:_update_market_data:177 | 市场数据更新完成
2025-06-12 12:15:27 | DEBUG    | src.bot.trading_bot:_update_positions_normal:249 | 📊 常规头寸更新完成
2025-06-12 12:15:29 | INFO     | src.trading.executor:update_account_info:125 | 账户更新: 总值$98970.60, 买入力$391982.42
2025-06-12 12:15:29 | DEBUG    | src.bot.trading_bot:_update_market_data:177 | 市场数据更新完成
2025-06-12 12:15:32 | INFO     | src.trading.executor:update_account_info:125 | 账户更新: 总值$98981.60, 买入力$391982.42
2025-06-12 12:15:32 | DEBUG    | src.bot.trading_bot:_update_market_data:177 | 市场数据更新完成
2025-06-12 12:15:35 | INFO     | src.trading.executor:update_account_info:125 | 账户更新: 总值$98981.60, 买入力$391982.42
2025-06-12 12:15:35 | DEBUG    | src.bot.trading_bot:_update_market_data:177 | 市场数据更新完成
2025-06-12 12:15:39 | INFO     | src.trading.executor:update_account_info:125 | 账户更新: 总值$98959.60, 买入力$391982.42
2025-06-12 12:15:39 | DEBUG    | src.bot.trading_bot:_update_market_data:177 | 市场数据更新完成
2025-06-12 12:15:42 | INFO     | src.trading.executor:update_account_info:125 | 账户更新: 总值$98959.60, 买入力$391982.42
2025-06-12 12:15:42 | DEBUG    | src.bot.trading_bot:_update_market_data:177 | 市场数据更新完成
2025-06-12 12:15:45 | INFO     | src.trading.executor:update_account_info:125 | 账户更新: 总值$98948.60, 买入力$391982.42
2025-06-12 12:15:45 | DEBUG    | src.bot.trading_bot:_update_market_data:177 | 市场数据更新完成
2025-06-12 12:15:49 | INFO     | src.trading.executor:update_account_info:125 | 账户更新: 总值$98992.60, 买入力$391982.42
2025-06-12 12:15:49 | DEBUG    | src.bot.trading_bot:_update_market_data:177 | 市场数据更新完成
2025-06-12 12:15:52 | INFO     | src.trading.executor:update_account_info:125 | 账户更新: 总值$98981.60, 买入力$391982.42
2025-06-12 12:15:52 | DEBUG    | src.bot.trading_bot:_update_market_data:177 | 市场数据更新完成
2025-06-12 12:15:55 | INFO     | src.trading.executor:update_account_info:125 | 账户更新: 总值$98981.60, 买入力$391982.42
2025-06-12 12:15:55 | DEBUG    | src.bot.trading_bot:_update_market_data:177 | 市场数据更新完成
2025-06-12 12:15:58 | INFO     | src.trading.executor:update_account_info:125 | 账户更新: 总值$98959.60, 买入力$391982.42
2025-06-12 12:15:58 | DEBUG    | src.bot.trading_bot:_update_market_data:177 | 市场数据更新完成
2025-06-12 12:16:02 | INFO     | src.trading.executor:update_account_info:125 | 账户更新: 总值$98959.60, 买入力$391982.42
2025-06-12 12:16:02 | DEBUG    | src.bot.trading_bot:_update_market_data:177 | 市场数据更新完成
2025-06-12 12:16:05 | INFO     | src.trading.executor:update_account_info:125 | 账户更新: 总值$98959.60, 买入力$391982.42
2025-06-12 12:16:05 | DEBUG    | src.bot.trading_bot:_update_market_data:177 | 市场数据更新完成
2025-06-12 12:16:08 | INFO     | src.trading.executor:update_account_info:125 | 账户更新: 总值$98959.60, 买入力$391982.42
2025-06-12 12:16:08 | DEBUG    | src.bot.trading_bot:_update_market_data:177 | 市场数据更新完成
2025-06-12 12:16:12 | INFO     | src.trading.executor:update_account_info:125 | 账户更新: 总值$98981.60, 买入力$391982.42
2025-06-12 12:16:12 | DEBUG    | src.bot.trading_bot:_update_market_data:177 | 市场数据更新完成
2025-06-12 12:16:15 | INFO     | src.trading.executor:update_account_info:125 | 账户更新: 总值$98959.60, 买入力$391982.42
2025-06-12 12:16:15 | DEBUG    | src.bot.trading_bot:_update_market_data:177 | 市场数据更新完成
2025-06-12 12:16:18 | INFO     | src.trading.executor:update_account_info:125 | 账户更新: 总值$98970.60, 买入力$391982.42
2025-06-12 12:16:18 | DEBUG    | src.bot.trading_bot:_update_market_data:177 | 市场数据更新完成
2025-06-12 12:16:21 | INFO     | src.trading.executor:update_account_info:125 | 账户更新: 总值$98948.60, 买入力$391982.42
2025-06-12 12:16:21 | DEBUG    | src.bot.trading_bot:_update_market_data:177 | 市场数据更新完成
2025-06-12 12:16:25 | INFO     | src.trading.executor:update_account_info:125 | 账户更新: 总值$98948.60, 买入力$391982.42
2025-06-12 12:16:25 | DEBUG    | src.bot.trading_bot:_update_market_data:177 | 市场数据更新完成
2025-06-12 12:16:28 | DEBUG    | src.bot.trading_bot:_update_positions_normal:249 | 📊 常规头寸更新完成
2025-06-12 12:16:28 | INFO     | src.trading.executor:update_account_info:125 | 账户更新: 总值$98926.60, 买入力$391982.42
2025-06-12 12:16:28 | DEBUG    | src.bot.trading_bot:_update_market_data:177 | 市场数据更新完成
2025-06-12 12:16:31 | INFO     | src.trading.executor:update_account_info:125 | 账户更新: 总值$98904.60, 买入力$391982.42
2025-06-12 12:16:31 | DEBUG    | src.bot.trading_bot:_update_market_data:177 | 市场数据更新完成
2025-06-12 12:16:34 | INFO     | src.trading.executor:update_account_info:125 | 账户更新: 总值$98904.60, 买入力$391982.42
2025-06-12 12:16:34 | DEBUG    | src.bot.trading_bot:_update_market_data:177 | 市场数据更新完成
2025-06-12 12:16:38 | INFO     | src.trading.executor:update_account_info:125 | 账户更新: 总值$98904.60, 买入力$391982.42
2025-06-12 12:16:38 | DEBUG    | src.bot.trading_bot:_update_market_data:177 | 市场数据更新完成
2025-06-12 12:16:41 | INFO     | src.trading.executor:update_account_info:125 | 账户更新: 总值$98904.60, 买入力$391982.42
2025-06-12 12:16:41 | DEBUG    | src.bot.trading_bot:_update_market_data:177 | 市场数据更新完成
2025-06-12 12:16:44 | INFO     | src.trading.executor:update_account_info:125 | 账户更新: 总值$98915.60, 买入力$391982.42
2025-06-12 12:16:44 | DEBUG    | src.bot.trading_bot:_update_market_data:177 | 市场数据更新完成
2025-06-12 12:16:48 | INFO     | src.trading.executor:update_account_info:125 | 账户更新: 总值$98904.60, 买入力$391982.42
2025-06-12 12:16:48 | DEBUG    | src.bot.trading_bot:_update_market_data:177 | 市场数据更新完成
2025-06-12 12:16:51 | INFO     | src.trading.executor:update_account_info:125 | 账户更新: 总值$98904.60, 买入力$391982.42
2025-06-12 12:16:51 | DEBUG    | src.bot.trading_bot:_update_market_data:177 | 市场数据更新完成
2025-06-12 12:16:54 | INFO     | src.trading.executor:update_account_info:125 | 账户更新: 总值$98904.60, 买入力$391982.42
2025-06-12 12:16:54 | DEBUG    | src.bot.trading_bot:_update_market_data:177 | 市场数据更新完成
2025-06-12 12:16:57 | INFO     | src.trading.executor:update_account_info:125 | 账户更新: 总值$98915.60, 买入力$391982.42
2025-06-12 12:16:57 | DEBUG    | src.bot.trading_bot:_update_market_data:177 | 市场数据更新完成
2025-06-12 12:17:01 | INFO     | src.trading.executor:update_account_info:125 | 账户更新: 总值$98926.60, 买入力$391982.42
2025-06-12 12:17:01 | DEBUG    | src.bot.trading_bot:_update_market_data:177 | 市场数据更新完成
2025-06-12 12:17:04 | INFO     | src.trading.executor:update_account_info:125 | 账户更新: 总值$98937.60, 买入力$391982.42
2025-06-12 12:17:04 | DEBUG    | src.bot.trading_bot:_update_market_data:177 | 市场数据更新完成
2025-06-12 12:17:07 | INFO     | src.trading.executor:update_account_info:125 | 账户更新: 总值$98926.60, 买入力$391982.42
2025-06-12 12:17:07 | DEBUG    | src.bot.trading_bot:_update_market_data:177 | 市场数据更新完成
2025-06-12 12:17:10 | INFO     | src.trading.executor:update_account_info:125 | 账户更新: 总值$98926.60, 买入力$391982.42
2025-06-12 12:17:10 | DEBUG    | src.bot.trading_bot:_update_market_data:177 | 市场数据更新完成
2025-06-12 12:17:14 | INFO     | src.trading.executor:update_account_info:125 | 账户更新: 总值$98926.60, 买入力$391982.42
2025-06-12 12:17:14 | DEBUG    | src.bot.trading_bot:_update_market_data:177 | 市场数据更新完成
2025-06-12 12:17:17 | INFO     | src.trading.executor:update_account_info:125 | 账户更新: 总值$98937.60, 买入力$391982.42
2025-06-12 12:17:17 | DEBUG    | src.bot.trading_bot:_update_market_data:177 | 市场数据更新完成
2025-06-12 12:17:20 | INFO     | src.trading.executor:update_account_info:125 | 账户更新: 总值$98937.60, 买入力$391982.42
2025-06-12 12:17:20 | DEBUG    | src.bot.trading_bot:_update_market_data:177 | 市场数据更新完成
2025-06-12 12:17:23 | INFO     | src.trading.executor:update_account_info:125 | 账户更新: 总值$98926.60, 买入力$391982.42
2025-06-12 12:17:23 | DEBUG    | src.bot.trading_bot:_update_market_data:177 | 市场数据更新完成
2025-06-12 12:17:27 | INFO     | src.trading.executor:update_account_info:125 | 账户更新: 总值$98893.60, 买入力$391982.42
2025-06-12 12:17:27 | DEBUG    | src.bot.trading_bot:_update_market_data:177 | 市场数据更新完成
2025-06-12 12:17:28 | DEBUG    | src.bot.trading_bot:_update_positions_normal:249 | 📊 常规头寸更新完成
2025-06-12 12:17:30 | INFO     | src.trading.executor:update_account_info:125 | 账户更新: 总值$98893.60, 买入力$391982.42
2025-06-12 12:17:30 | DEBUG    | src.bot.trading_bot:_update_market_data:177 | 市场数据更新完成
2025-06-12 12:17:33 | INFO     | src.trading.executor:update_account_info:125 | 账户更新: 总值$98893.60, 买入力$391982.42
2025-06-12 12:17:33 | DEBUG    | src.bot.trading_bot:_update_market_data:177 | 市场数据更新完成
2025-06-12 12:17:36 | INFO     | src.trading.executor:update_account_info:125 | 账户更新: 总值$98871.60, 买入力$391982.42
2025-06-12 12:17:36 | DEBUG    | src.bot.trading_bot:_update_market_data:177 | 市场数据更新完成
2025-06-12 12:17:40 | INFO     | src.trading.executor:update_account_info:125 | 账户更新: 总值$98871.60, 买入力$391982.42
2025-06-12 12:17:40 | DEBUG    | src.bot.trading_bot:_update_market_data:177 | 市场数据更新完成
2025-06-12 12:17:43 | INFO     | src.trading.executor:update_account_info:125 | 账户更新: 总值$98860.60, 买入力$391982.42
2025-06-12 12:17:43 | DEBUG    | src.bot.trading_bot:_update_market_data:177 | 市场数据更新完成
2025-06-12 12:17:46 | INFO     | src.trading.executor:update_account_info:125 | 账户更新: 总值$98849.60, 买入力$391982.42
2025-06-12 12:17:46 | DEBUG    | src.bot.trading_bot:_update_market_data:177 | 市场数据更新完成
2025-06-12 12:17:50 | INFO     | src.trading.executor:update_account_info:125 | 账户更新: 总值$98816.60, 买入力$391982.42
2025-06-12 12:17:50 | DEBUG    | src.bot.trading_bot:_update_market_data:177 | 市场数据更新完成
2025-06-12 12:17:53 | INFO     | src.trading.executor:update_account_info:125 | 账户更新: 总值$98794.60, 买入力$391982.42
2025-06-12 12:17:53 | DEBUG    | src.bot.trading_bot:_update_market_data:177 | 市场数据更新完成
2025-06-12 12:17:56 | INFO     | src.trading.executor:update_account_info:125 | 账户更新: 总值$98794.60, 买入力$391982.42
2025-06-12 12:17:56 | DEBUG    | src.bot.trading_bot:_update_market_data:177 | 市场数据更新完成
2025-06-12 12:17:59 | INFO     | src.trading.executor:update_account_info:125 | 账户更新: 总值$98816.60, 买入力$391982.42
2025-06-12 12:17:59 | DEBUG    | src.bot.trading_bot:_update_market_data:177 | 市场数据更新完成
2025-06-12 12:18:03 | INFO     | src.trading.executor:update_account_info:125 | 账户更新: 总值$98816.60, 买入力$391982.42
2025-06-12 12:18:03 | DEBUG    | src.bot.trading_bot:_update_market_data:177 | 市场数据更新完成
2025-06-12 12:18:06 | INFO     | src.trading.executor:update_account_info:125 | 账户更新: 总值$98816.60, 买入力$391982.42
2025-06-12 12:18:06 | DEBUG    | src.bot.trading_bot:_update_market_data:177 | 市场数据更新完成
2025-06-12 12:18:09 | INFO     | src.trading.executor:update_account_info:125 | 账户更新: 总值$98849.60, 买入力$391982.42
2025-06-12 12:18:09 | DEBUG    | src.bot.trading_bot:_update_market_data:177 | 市场数据更新完成
2025-06-12 12:18:12 | INFO     | src.trading.executor:update_account_info:125 | 账户更新: 总值$98871.60, 买入力$391982.42
2025-06-12 12:18:12 | DEBUG    | src.bot.trading_bot:_update_market_data:177 | 市场数据更新完成
2025-06-12 12:18:15 | INFO     | src.trading.executor:update_account_info:125 | 账户更新: 总值$98893.60, 买入力$391982.42
2025-06-12 12:18:15 | DEBUG    | src.bot.trading_bot:_update_market_data:177 | 市场数据更新完成
2025-06-12 12:18:19 | INFO     | src.trading.executor:update_account_info:125 | 账户更新: 总值$98882.60, 买入力$391982.42
2025-06-12 12:18:19 | DEBUG    | src.bot.trading_bot:_update_market_data:177 | 市场数据更新完成
2025-06-12 12:18:22 | INFO     | src.trading.executor:update_account_info:125 | 账户更新: 总值$98893.60, 买入力$391982.42
2025-06-12 12:18:22 | DEBUG    | src.bot.trading_bot:_update_market_data:177 | 市场数据更新完成
2025-06-12 12:18:25 | INFO     | src.trading.executor:update_account_info:125 | 账户更新: 总值$98904.60, 买入力$391982.42
2025-06-12 12:18:25 | DEBUG    | src.bot.trading_bot:_update_market_data:177 | 市场数据更新完成
2025-06-12 12:18:29 | DEBUG    | src.bot.trading_bot:_update_positions_normal:249 | 📊 常规头寸更新完成
2025-06-12 12:18:29 | INFO     | src.trading.executor:update_account_info:125 | 账户更新: 总值$98882.60, 买入力$391982.42
2025-06-12 12:18:29 | DEBUG    | src.bot.trading_bot:_update_market_data:177 | 市场数据更新完成
2025-06-12 12:18:32 | INFO     | src.trading.executor:update_account_info:125 | 账户更新: 总值$98904.60, 买入力$391982.42
2025-06-12 12:18:32 | DEBUG    | src.bot.trading_bot:_update_market_data:177 | 市场数据更新完成
2025-06-12 12:18:35 | INFO     | src.trading.executor:update_account_info:125 | 账户更新: 总值$98904.60, 买入力$391982.42
2025-06-12 12:18:35 | DEBUG    | src.bot.trading_bot:_update_market_data:177 | 市场数据更新完成
2025-06-12 12:18:38 | INFO     | src.trading.executor:update_account_info:125 | 账户更新: 总值$98882.60, 买入力$391982.42
2025-06-12 12:18:38 | DEBUG    | src.bot.trading_bot:_update_market_data:177 | 市场数据更新完成
2025-06-12 12:18:42 | INFO     | src.trading.executor:update_account_info:125 | 账户更新: 总值$98904.60, 买入力$391982.42
2025-06-12 12:18:42 | DEBUG    | src.bot.trading_bot:_update_market_data:177 | 市场数据更新完成
2025-06-12 12:18:45 | INFO     | src.trading.executor:update_account_info:125 | 账户更新: 总值$98882.60, 买入力$391982.42
2025-06-12 12:18:45 | DEBUG    | src.bot.trading_bot:_update_market_data:177 | 市场数据更新完成
2025-06-12 12:18:48 | INFO     | src.trading.executor:update_account_info:125 | 账户更新: 总值$98882.60, 买入力$391982.42
2025-06-12 12:18:48 | DEBUG    | src.bot.trading_bot:_update_market_data:177 | 市场数据更新完成
2025-06-12 12:18:51 | INFO     | src.trading.executor:update_account_info:125 | 账户更新: 总值$98882.60, 买入力$391982.42
2025-06-12 12:18:51 | DEBUG    | src.bot.trading_bot:_update_market_data:177 | 市场数据更新完成
2025-06-12 12:18:55 | INFO     | src.trading.executor:update_account_info:125 | 账户更新: 总值$98893.60, 买入力$391982.42
2025-06-12 12:18:55 | DEBUG    | src.bot.trading_bot:_update_market_data:177 | 市场数据更新完成
2025-06-12 12:18:58 | INFO     | src.trading.executor:update_account_info:125 | 账户更新: 总值$98904.60, 买入力$391982.42
2025-06-12 12:18:58 | DEBUG    | src.bot.trading_bot:_update_market_data:177 | 市场数据更新完成
2025-06-12 12:19:01 | INFO     | src.trading.executor:update_account_info:125 | 账户更新: 总值$98926.60, 买入力$391982.42
2025-06-12 12:19:01 | DEBUG    | src.bot.trading_bot:_update_market_data:177 | 市场数据更新完成
2025-06-12 12:19:04 | INFO     | src.trading.executor:update_account_info:125 | 账户更新: 总值$98926.60, 买入力$391982.42
2025-06-12 12:19:04 | DEBUG    | src.bot.trading_bot:_update_market_data:177 | 市场数据更新完成
2025-06-12 12:19:08 | INFO     | src.trading.executor:update_account_info:125 | 账户更新: 总值$98893.60, 买入力$391982.42
2025-06-12 12:19:08 | DEBUG    | src.bot.trading_bot:_update_market_data:177 | 市场数据更新完成
2025-06-12 12:19:11 | INFO     | src.trading.executor:update_account_info:125 | 账户更新: 总值$98871.60, 买入力$391982.42
2025-06-12 12:19:11 | DEBUG    | src.bot.trading_bot:_update_market_data:177 | 市场数据更新完成
2025-06-12 12:19:14 | INFO     | src.trading.executor:update_account_info:125 | 账户更新: 总值$98871.60, 买入力$391982.42
2025-06-12 12:19:14 | DEBUG    | src.bot.trading_bot:_update_market_data:177 | 市场数据更新完成
2025-06-12 12:19:17 | INFO     | src.trading.executor:update_account_info:125 | 账户更新: 总值$98860.60, 买入力$391982.42
2025-06-12 12:19:17 | DEBUG    | src.bot.trading_bot:_update_market_data:177 | 市场数据更新完成
2025-06-12 12:19:21 | INFO     | src.trading.executor:update_account_info:125 | 账户更新: 总值$98871.60, 买入力$391982.42
2025-06-12 12:19:21 | DEBUG    | src.bot.trading_bot:_update_market_data:177 | 市场数据更新完成
2025-06-12 12:19:24 | INFO     | src.trading.executor:update_account_info:125 | 账户更新: 总值$98871.60, 买入力$391982.42
2025-06-12 12:19:24 | DEBUG    | src.bot.trading_bot:_update_market_data:177 | 市场数据更新完成
2025-06-12 12:19:27 | INFO     | src.trading.executor:update_account_info:125 | 账户更新: 总值$98871.60, 买入力$391982.42
2025-06-12 12:19:27 | DEBUG    | src.bot.trading_bot:_update_market_data:177 | 市场数据更新完成
2025-06-12 12:19:29 | DEBUG    | src.bot.trading_bot:_update_positions_normal:249 | 📊 常规头寸更新完成
2025-06-12 12:19:31 | INFO     | src.trading.executor:update_account_info:125 | 账户更新: 总值$98860.60, 买入力$391982.42
2025-06-12 12:19:31 | DEBUG    | src.bot.trading_bot:_update_market_data:177 | 市场数据更新完成
2025-06-12 12:19:34 | INFO     | src.trading.executor:update_account_info:125 | 账户更新: 总值$98860.60, 买入力$391982.42
2025-06-12 12:19:34 | DEBUG    | src.bot.trading_bot:_update_market_data:177 | 市场数据更新完成
2025-06-12 12:19:37 | INFO     | src.trading.executor:update_account_info:125 | 账户更新: 总值$98860.60, 买入力$391982.42
2025-06-12 12:19:37 | DEBUG    | src.bot.trading_bot:_update_market_data:177 | 市场数据更新完成
2025-06-12 12:19:40 | INFO     | src.trading.executor:update_account_info:125 | 账户更新: 总值$98827.60, 买入力$391982.42
2025-06-12 12:19:40 | DEBUG    | src.bot.trading_bot:_update_market_data:177 | 市场数据更新完成
2025-06-12 12:19:44 | INFO     | src.trading.executor:update_account_info:125 | 账户更新: 总值$98827.60, 买入力$391982.42
2025-06-12 12:19:44 | DEBUG    | src.bot.trading_bot:_update_market_data:177 | 市场数据更新完成
2025-06-12 12:19:47 | INFO     | src.trading.executor:update_account_info:125 | 账户更新: 总值$98838.60, 买入力$391982.42
2025-06-12 12:19:47 | DEBUG    | src.bot.trading_bot:_update_market_data:177 | 市场数据更新完成
2025-06-12 12:19:50 | INFO     | src.trading.executor:update_account_info:125 | 账户更新: 总值$98827.60, 买入力$391982.42
2025-06-12 12:19:50 | DEBUG    | src.bot.trading_bot:_update_market_data:177 | 市场数据更新完成
2025-06-12 12:19:53 | INFO     | src.trading.executor:update_account_info:125 | 账户更新: 总值$98816.60, 买入力$391982.42
2025-06-12 12:19:53 | DEBUG    | src.bot.trading_bot:_update_market_data:177 | 市场数据更新完成
2025-06-12 12:19:57 | INFO     | src.trading.executor:update_account_info:125 | 账户更新: 总值$98838.60, 买入力$391982.42
2025-06-12 12:19:57 | DEBUG    | src.bot.trading_bot:_update_market_data:177 | 市场数据更新完成
2025-06-12 12:20:00 | INFO     | src.trading.executor:update_account_info:125 | 账户更新: 总值$98838.60, 买入力$391982.42
2025-06-12 12:20:00 | DEBUG    | src.bot.trading_bot:_update_market_data:177 | 市场数据更新完成
2025-06-12 12:20:04 | INFO     | src.trading.executor:update_account_info:125 | 账户更新: 总值$98882.60, 买入力$391982.42
2025-06-12 12:20:04 | DEBUG    | src.bot.trading_bot:_update_market_data:177 | 市场数据更新完成
2025-06-12 12:20:07 | INFO     | src.trading.executor:update_account_info:125 | 账户更新: 总值$98871.60, 买入力$391982.42
2025-06-12 12:20:07 | DEBUG    | src.bot.trading_bot:_update_market_data:177 | 市场数据更新完成
2025-06-12 12:20:10 | INFO     | src.trading.executor:update_account_info:125 | 账户更新: 总值$98882.60, 买入力$391982.42
2025-06-12 12:20:10 | DEBUG    | src.bot.trading_bot:_update_market_data:177 | 市场数据更新完成
2025-06-12 12:20:13 | INFO     | src.trading.executor:update_account_info:125 | 账户更新: 总值$98860.60, 买入力$391982.42
2025-06-12 12:20:13 | DEBUG    | src.bot.trading_bot:_update_market_data:177 | 市场数据更新完成
2025-06-12 12:20:17 | INFO     | src.trading.executor:update_account_info:125 | 账户更新: 总值$98860.60, 买入力$391982.42
2025-06-12 12:20:17 | DEBUG    | src.bot.trading_bot:_update_market_data:177 | 市场数据更新完成
2025-06-12 12:20:20 | INFO     | src.trading.executor:update_account_info:125 | 账户更新: 总值$98860.60, 买入力$391982.42
2025-06-12 12:20:20 | DEBUG    | src.bot.trading_bot:_update_market_data:177 | 市场数据更新完成
2025-06-12 12:20:23 | INFO     | src.trading.executor:update_account_info:125 | 账户更新: 总值$98849.60, 买入力$391982.42
2025-06-12 12:20:23 | DEBUG    | src.bot.trading_bot:_update_market_data:177 | 市场数据更新完成
2025-06-12 12:20:26 | INFO     | src.trading.executor:update_account_info:125 | 账户更新: 总值$98838.60, 买入力$391982.42
2025-06-12 12:20:26 | DEBUG    | src.bot.trading_bot:_update_market_data:177 | 市场数据更新完成
2025-06-12 12:20:30 | DEBUG    | src.bot.trading_bot:_update_positions_normal:249 | 📊 常规头寸更新完成
2025-06-12 12:20:30 | INFO     | src.trading.executor:update_account_info:125 | 账户更新: 总值$98816.60, 买入力$391982.42
2025-06-12 12:20:30 | DEBUG    | src.bot.trading_bot:_update_market_data:177 | 市场数据更新完成
2025-06-12 12:20:33 | INFO     | src.trading.executor:update_account_info:125 | 账户更新: 总值$98794.60, 买入力$391982.42
2025-06-12 12:20:33 | DEBUG    | src.bot.trading_bot:_update_market_data:177 | 市场数据更新完成
2025-06-12 12:20:36 | INFO     | src.trading.executor:update_account_info:125 | 账户更新: 总值$98794.60, 买入力$391982.42
2025-06-12 12:20:36 | DEBUG    | src.bot.trading_bot:_update_market_data:177 | 市场数据更新完成
2025-06-12 12:20:40 | INFO     | src.trading.executor:update_account_info:125 | 账户更新: 总值$98805.60, 买入力$391982.42
2025-06-12 12:20:40 | DEBUG    | src.bot.trading_bot:_update_market_data:177 | 市场数据更新完成
2025-06-12 12:20:43 | INFO     | src.trading.executor:update_account_info:125 | 账户更新: 总值$98772.60, 买入力$391982.42
2025-06-12 12:20:43 | DEBUG    | src.bot.trading_bot:_update_market_data:177 | 市场数据更新完成
2025-06-12 12:20:46 | INFO     | src.trading.executor:update_account_info:125 | 账户更新: 总值$98772.60, 买入力$391982.42
2025-06-12 12:20:46 | DEBUG    | src.bot.trading_bot:_update_market_data:177 | 市场数据更新完成
2025-06-12 12:20:49 | INFO     | src.trading.executor:update_account_info:125 | 账户更新: 总值$98783.60, 买入力$391982.42
2025-06-12 12:20:49 | DEBUG    | src.bot.trading_bot:_update_market_data:177 | 市场数据更新完成
2025-06-12 12:20:52 | INFO     | src.trading.executor:update_account_info:125 | 账户更新: 总值$98805.60, 买入力$391982.42
2025-06-12 12:20:52 | DEBUG    | src.bot.trading_bot:_update_market_data:177 | 市场数据更新完成
2025-06-12 12:20:56 | INFO     | src.trading.executor:update_account_info:125 | 账户更新: 总值$98794.60, 买入力$391982.42
2025-06-12 12:20:56 | DEBUG    | src.bot.trading_bot:_update_market_data:177 | 市场数据更新完成
2025-06-12 12:20:59 | INFO     | src.trading.executor:update_account_info:125 | 账户更新: 总值$98805.60, 买入力$391982.42
2025-06-12 12:20:59 | DEBUG    | src.bot.trading_bot:_update_market_data:177 | 市场数据更新完成
2025-06-12 12:21:02 | INFO     | src.trading.executor:update_account_info:125 | 账户更新: 总值$98805.60, 买入力$391982.42
2025-06-12 12:21:02 | DEBUG    | src.bot.trading_bot:_update_market_data:177 | 市场数据更新完成
2025-06-12 12:21:05 | INFO     | src.trading.executor:update_account_info:125 | 账户更新: 总值$98783.60, 买入力$391982.42
2025-06-12 12:21:06 | DEBUG    | src.bot.trading_bot:_update_market_data:177 | 市场数据更新完成
2025-06-12 12:21:09 | INFO     | src.trading.executor:update_account_info:125 | 账户更新: 总值$98794.60, 买入力$391982.42
2025-06-12 12:21:09 | DEBUG    | src.bot.trading_bot:_update_market_data:177 | 市场数据更新完成
2025-06-12 12:21:12 | INFO     | src.trading.executor:update_account_info:125 | 账户更新: 总值$98783.60, 买入力$391982.42
2025-06-12 12:21:12 | DEBUG    | src.bot.trading_bot:_update_market_data:177 | 市场数据更新完成
2025-06-12 12:21:15 | INFO     | src.trading.executor:update_account_info:125 | 账户更新: 总值$98805.60, 买入力$391982.42
2025-06-12 12:21:15 | DEBUG    | src.bot.trading_bot:_update_market_data:177 | 市场数据更新完成
2025-06-12 12:21:18 | INFO     | src.trading.executor:update_account_info:125 | 账户更新: 总值$98805.60, 买入力$391982.42
2025-06-12 12:21:18 | DEBUG    | src.bot.trading_bot:_update_market_data:177 | 市场数据更新完成
2025-06-12 12:21:22 | INFO     | src.trading.executor:update_account_info:125 | 账户更新: 总值$98805.60, 买入力$391982.42
2025-06-12 12:21:22 | DEBUG    | src.bot.trading_bot:_update_market_data:177 | 市场数据更新完成
2025-06-12 12:21:25 | INFO     | src.trading.executor:update_account_info:125 | 账户更新: 总值$98805.60, 买入力$391982.42
2025-06-12 12:21:25 | DEBUG    | src.bot.trading_bot:_update_market_data:177 | 市场数据更新完成
2025-06-12 12:21:28 | INFO     | src.trading.executor:update_account_info:125 | 账户更新: 总值$98805.60, 买入力$391982.42
2025-06-12 12:21:28 | DEBUG    | src.bot.trading_bot:_update_market_data:177 | 市场数据更新完成
2025-06-12 12:21:30 | DEBUG    | src.bot.trading_bot:_update_positions_normal:249 | 📊 常规头寸更新完成
2025-06-12 12:21:31 | INFO     | src.trading.executor:update_account_info:125 | 账户更新: 总值$98794.60, 买入力$391982.42
2025-06-12 12:21:31 | DEBUG    | src.bot.trading_bot:_update_market_data:177 | 市场数据更新完成
2025-06-12 12:21:35 | INFO     | src.trading.executor:update_account_info:125 | 账户更新: 总值$98794.60, 买入力$391982.42
2025-06-12 12:21:35 | DEBUG    | src.bot.trading_bot:_update_market_data:177 | 市场数据更新完成
2025-06-12 12:21:38 | INFO     | src.trading.executor:update_account_info:125 | 账户更新: 总值$98816.60, 买入力$391982.42
2025-06-12 12:21:38 | DEBUG    | src.bot.trading_bot:_update_market_data:177 | 市场数据更新完成
2025-06-12 12:21:41 | INFO     | src.trading.executor:update_account_info:125 | 账户更新: 总值$98805.60, 买入力$391982.42
2025-06-12 12:21:41 | DEBUG    | src.bot.trading_bot:_update_market_data:177 | 市场数据更新完成
2025-06-12 12:21:44 | INFO     | src.trading.executor:update_account_info:125 | 账户更新: 总值$98794.60, 买入力$391982.42
2025-06-12 12:21:44 | DEBUG    | src.bot.trading_bot:_update_market_data:177 | 市场数据更新完成
2025-06-12 12:21:48 | INFO     | src.trading.executor:update_account_info:125 | 账户更新: 总值$98816.60, 买入力$391982.42
2025-06-12 12:21:48 | DEBUG    | src.bot.trading_bot:_update_market_data:177 | 市场数据更新完成
2025-06-12 12:21:51 | INFO     | src.trading.executor:update_account_info:125 | 账户更新: 总值$98805.60, 买入力$391982.42
2025-06-12 12:21:51 | DEBUG    | src.bot.trading_bot:_update_market_data:177 | 市场数据更新完成
2025-06-12 12:21:54 | INFO     | src.trading.executor:update_account_info:125 | 账户更新: 总值$98805.60, 买入力$391982.42
2025-06-12 12:21:54 | DEBUG    | src.bot.trading_bot:_update_market_data:177 | 市场数据更新完成
2025-06-12 12:21:57 | INFO     | src.trading.executor:update_account_info:125 | 账户更新: 总值$98805.60, 买入力$391982.42
2025-06-12 12:21:57 | DEBUG    | src.bot.trading_bot:_update_market_data:177 | 市场数据更新完成
2025-06-12 12:22:01 | INFO     | src.trading.executor:update_account_info:125 | 账户更新: 总值$98794.60, 买入力$391982.42
2025-06-12 12:22:01 | DEBUG    | src.bot.trading_bot:_update_market_data:177 | 市场数据更新完成
2025-06-12 12:22:04 | INFO     | src.trading.executor:update_account_info:125 | 账户更新: 总值$98816.60, 买入力$391982.42
2025-06-12 12:22:04 | DEBUG    | src.bot.trading_bot:_update_market_data:177 | 市场数据更新完成
2025-06-12 12:22:07 | INFO     | src.trading.executor:update_account_info:125 | 账户更新: 总值$98816.60, 买入力$391982.42
2025-06-12 12:22:07 | DEBUG    | src.bot.trading_bot:_update_market_data:177 | 市场数据更新完成
2025-06-12 12:22:11 | INFO     | src.trading.executor:update_account_info:125 | 账户更新: 总值$98827.60, 买入力$391982.42
2025-06-12 12:22:11 | DEBUG    | src.bot.trading_bot:_update_market_data:177 | 市场数据更新完成
2025-06-12 12:22:14 | INFO     | src.trading.executor:update_account_info:125 | 账户更新: 总值$98827.60, 买入力$391982.42
2025-06-12 12:22:14 | DEBUG    | src.bot.trading_bot:_update_market_data:177 | 市场数据更新完成
2025-06-12 12:22:17 | INFO     | src.trading.executor:update_account_info:125 | 账户更新: 总值$98860.60, 买入力$391982.42
2025-06-12 12:22:17 | DEBUG    | src.bot.trading_bot:_update_market_data:177 | 市场数据更新完成
2025-06-12 12:22:21 | INFO     | src.trading.executor:update_account_info:125 | 账户更新: 总值$98849.60, 买入力$391982.42
2025-06-12 12:22:21 | DEBUG    | src.bot.trading_bot:_update_market_data:177 | 市场数据更新完成
2025-06-12 12:22:24 | INFO     | src.trading.executor:update_account_info:125 | 账户更新: 总值$98849.60, 买入力$391982.42
2025-06-12 12:22:24 | DEBUG    | src.bot.trading_bot:_update_market_data:177 | 市场数据更新完成
2025-06-12 12:22:27 | INFO     | src.trading.executor:update_account_info:125 | 账户更新: 总值$98849.60, 买入力$391982.42
2025-06-12 12:22:27 | DEBUG    | src.bot.trading_bot:_update_market_data:177 | 市场数据更新完成
2025-06-12 12:22:30 | DEBUG    | src.bot.trading_bot:_update_positions_normal:249 | 📊 常规头寸更新完成
2025-06-12 12:22:30 | INFO     | src.trading.executor:update_account_info:125 | 账户更新: 总值$98849.60, 买入力$391982.42
2025-06-12 12:22:30 | DEBUG    | src.bot.trading_bot:_update_market_data:177 | 市场数据更新完成
2025-06-12 12:22:34 | INFO     | src.trading.executor:update_account_info:125 | 账户更新: 总值$98849.60, 买入力$391982.42
2025-06-12 12:22:34 | DEBUG    | src.bot.trading_bot:_update_market_data:177 | 市场数据更新完成
2025-06-12 12:22:37 | INFO     | src.trading.executor:update_account_info:125 | 账户更新: 总值$98860.60, 买入力$391982.42
2025-06-12 12:22:37 | DEBUG    | src.bot.trading_bot:_update_market_data:177 | 市场数据更新完成
2025-06-12 12:22:40 | INFO     | src.trading.executor:update_account_info:125 | 账户更新: 总值$98849.60, 买入力$391982.42
2025-06-12 12:22:40 | DEBUG    | src.bot.trading_bot:_update_market_data:177 | 市场数据更新完成
2025-06-12 12:22:44 | INFO     | src.trading.executor:update_account_info:125 | 账户更新: 总值$98838.60, 买入力$391982.42
2025-06-12 12:22:44 | DEBUG    | src.bot.trading_bot:_update_market_data:177 | 市场数据更新完成
2025-06-12 12:22:47 | INFO     | src.trading.executor:update_account_info:125 | 账户更新: 总值$98882.60, 买入力$391982.42
2025-06-12 12:22:47 | DEBUG    | src.bot.trading_bot:_update_market_data:177 | 市场数据更新完成
2025-06-12 12:22:50 | INFO     | src.trading.executor:update_account_info:125 | 账户更新: 总值$98871.60, 买入力$391982.42
2025-06-12 12:22:50 | DEBUG    | src.bot.trading_bot:_update_market_data:177 | 市场数据更新完成
2025-06-12 12:22:54 | INFO     | src.trading.executor:update_account_info:125 | 账户更新: 总值$98904.60, 买入力$391982.42
2025-06-12 12:22:54 | DEBUG    | src.bot.trading_bot:_update_market_data:177 | 市场数据更新完成
2025-06-12 12:22:57 | INFO     | src.trading.executor:update_account_info:125 | 账户更新: 总值$98970.60, 买入力$391982.42
2025-06-12 12:22:57 | DEBUG    | src.bot.trading_bot:_update_market_data:177 | 市场数据更新完成
2025-06-12 12:23:00 | INFO     | src.trading.executor:update_account_info:125 | 账户更新: 总值$98981.60, 买入力$391982.42
2025-06-12 12:23:00 | DEBUG    | src.bot.trading_bot:_update_market_data:177 | 市场数据更新完成
2025-06-12 12:23:04 | INFO     | src.trading.executor:update_account_info:125 | 账户更新: 总值$98981.60, 买入力$391982.42
2025-06-12 12:23:04 | DEBUG    | src.bot.trading_bot:_update_market_data:177 | 市场数据更新完成
2025-06-12 12:23:07 | INFO     | src.trading.executor:update_account_info:125 | 账户更新: 总值$98948.60, 买入力$391982.42
2025-06-12 12:23:07 | DEBUG    | src.bot.trading_bot:_update_market_data:177 | 市场数据更新完成
2025-06-12 12:23:10 | INFO     | src.trading.executor:update_account_info:125 | 账户更新: 总值$98970.60, 买入力$391982.42
2025-06-12 12:23:10 | DEBUG    | src.bot.trading_bot:_update_market_data:177 | 市场数据更新完成
2025-06-12 12:23:13 | INFO     | src.trading.executor:update_account_info:125 | 账户更新: 总值$98948.60, 买入力$391982.42
2025-06-12 12:23:13 | DEBUG    | src.bot.trading_bot:_update_market_data:177 | 市场数据更新完成
2025-06-12 12:23:17 | INFO     | src.trading.executor:update_account_info:125 | 账户更新: 总值$98926.60, 买入力$391982.42
2025-06-12 12:23:17 | DEBUG    | src.bot.trading_bot:_update_market_data:177 | 市场数据更新完成
2025-06-12 12:23:20 | INFO     | src.trading.executor:update_account_info:125 | 账户更新: 总值$98926.60, 买入力$391982.42
2025-06-12 12:23:20 | DEBUG    | src.bot.trading_bot:_update_market_data:177 | 市场数据更新完成
2025-06-12 12:23:23 | INFO     | src.trading.executor:update_account_info:125 | 账户更新: 总值$98937.60, 买入力$391982.42
2025-06-12 12:23:23 | DEBUG    | src.bot.trading_bot:_update_market_data:177 | 市场数据更新完成
2025-06-12 12:23:27 | INFO     | src.trading.executor:update_account_info:125 | 账户更新: 总值$98937.60, 买入力$391982.42
2025-06-12 12:23:27 | DEBUG    | src.bot.trading_bot:_update_market_data:177 | 市场数据更新完成
2025-06-12 12:23:30 | INFO     | src.trading.executor:update_account_info:125 | 账户更新: 总值$98915.60, 买入力$391982.42
2025-06-12 12:23:30 | DEBUG    | src.bot.trading_bot:_update_market_data:177 | 市场数据更新完成
2025-06-12 12:23:30 | DEBUG    | src.bot.trading_bot:_update_positions_normal:249 | 📊 常规头寸更新完成
2025-06-12 12:23:33 | INFO     | src.trading.executor:update_account_info:125 | 账户更新: 总值$98915.60, 买入力$391982.42
2025-06-12 12:23:33 | DEBUG    | src.bot.trading_bot:_update_market_data:177 | 市场数据更新完成
2025-06-12 12:23:36 | INFO     | src.trading.executor:update_account_info:125 | 账户更新: 总值$98926.60, 买入力$391982.42
2025-06-12 12:23:36 | DEBUG    | src.bot.trading_bot:_update_market_data:177 | 市场数据更新完成
2025-06-12 12:23:40 | INFO     | src.trading.executor:update_account_info:125 | 账户更新: 总值$98937.60, 买入力$391982.42
2025-06-12 12:23:40 | DEBUG    | src.bot.trading_bot:_update_market_data:177 | 市场数据更新完成
2025-06-12 12:23:43 | INFO     | src.trading.executor:update_account_info:125 | 账户更新: 总值$98926.60, 买入力$391982.42
2025-06-12 12:23:43 | DEBUG    | src.bot.trading_bot:_update_market_data:177 | 市场数据更新完成
2025-06-12 12:23:46 | INFO     | src.trading.executor:update_account_info:125 | 账户更新: 总值$98937.60, 买入力$391982.42
2025-06-12 12:23:46 | DEBUG    | src.bot.trading_bot:_update_market_data:177 | 市场数据更新完成
2025-06-12 12:23:50 | INFO     | src.trading.executor:update_account_info:125 | 账户更新: 总值$98959.60, 买入力$391982.42
2025-06-12 12:23:50 | DEBUG    | src.bot.trading_bot:_update_market_data:177 | 市场数据更新完成
2025-06-12 12:23:53 | INFO     | src.trading.executor:update_account_info:125 | 账户更新: 总值$98937.60, 买入力$391982.42
2025-06-12 12:23:53 | DEBUG    | src.bot.trading_bot:_update_market_data:177 | 市场数据更新完成
2025-06-12 12:23:56 | INFO     | src.trading.executor:update_account_info:125 | 账户更新: 总值$98948.60, 买入力$391982.42
2025-06-12 12:23:56 | DEBUG    | src.bot.trading_bot:_update_market_data:177 | 市场数据更新完成
2025-06-12 12:24:00 | INFO     | src.trading.executor:update_account_info:125 | 账户更新: 总值$98959.60, 买入力$391982.42
2025-06-12 12:24:00 | DEBUG    | src.bot.trading_bot:_update_market_data:177 | 市场数据更新完成
2025-06-12 12:24:03 | INFO     | src.trading.executor:update_account_info:125 | 账户更新: 总值$98970.60, 买入力$391982.42
2025-06-12 12:24:03 | DEBUG    | src.bot.trading_bot:_update_market_data:177 | 市场数据更新完成
2025-06-12 12:24:06 | INFO     | src.trading.executor:update_account_info:125 | 账户更新: 总值$98948.60, 买入力$391982.42
2025-06-12 12:24:06 | DEBUG    | src.bot.trading_bot:_update_market_data:177 | 市场数据更新完成
2025-06-12 12:24:09 | INFO     | src.trading.executor:update_account_info:125 | 账户更新: 总值$98959.60, 买入力$391982.42
2025-06-12 12:24:09 | DEBUG    | src.bot.trading_bot:_update_market_data:177 | 市场数据更新完成
2025-06-12 12:24:13 | INFO     | src.trading.executor:update_account_info:125 | 账户更新: 总值$98959.60, 买入力$391982.42
2025-06-12 12:24:13 | DEBUG    | src.bot.trading_bot:_update_market_data:177 | 市场数据更新完成
2025-06-12 12:24:16 | INFO     | src.trading.executor:update_account_info:125 | 账户更新: 总值$98948.60, 买入力$391982.42
2025-06-12 12:24:16 | DEBUG    | src.bot.trading_bot:_update_market_data:177 | 市场数据更新完成
2025-06-12 12:24:19 | INFO     | src.trading.executor:update_account_info:125 | 账户更新: 总值$98926.60, 买入力$391982.42
2025-06-12 12:24:19 | DEBUG    | src.bot.trading_bot:_update_market_data:177 | 市场数据更新完成
2025-06-12 12:24:23 | INFO     | src.trading.executor:update_account_info:125 | 账户更新: 总值$98937.60, 买入力$391982.42
2025-06-12 12:24:23 | DEBUG    | src.bot.trading_bot:_update_market_data:177 | 市场数据更新完成
2025-06-12 12:24:26 | INFO     | src.trading.executor:update_account_info:125 | 账户更新: 总值$98948.60, 买入力$391982.42
2025-06-12 12:24:26 | DEBUG    | src.bot.trading_bot:_update_market_data:177 | 市场数据更新完成
2025-06-12 12:24:29 | INFO     | src.trading.executor:update_account_info:125 | 账户更新: 总值$98948.60, 买入力$391982.42
2025-06-12 12:24:29 | DEBUG    | src.bot.trading_bot:_update_market_data:177 | 市场数据更新完成
2025-06-12 12:24:30 | DEBUG    | src.bot.trading_bot:_update_positions_normal:249 | 📊 常规头寸更新完成
2025-06-12 12:24:32 | INFO     | src.trading.executor:update_account_info:125 | 账户更新: 总值$98959.60, 买入力$391982.42
2025-06-12 12:24:32 | DEBUG    | src.bot.trading_bot:_update_market_data:177 | 市场数据更新完成
2025-06-12 12:24:36 | INFO     | src.trading.executor:update_account_info:125 | 账户更新: 总值$98970.60, 买入力$391982.42
2025-06-12 12:24:36 | DEBUG    | src.bot.trading_bot:_update_market_data:177 | 市场数据更新完成
2025-06-12 12:24:39 | INFO     | src.trading.executor:update_account_info:125 | 账户更新: 总值$98959.60, 买入力$391982.42
2025-06-12 12:24:39 | DEBUG    | src.bot.trading_bot:_update_market_data:177 | 市场数据更新完成
2025-06-12 12:24:42 | INFO     | src.trading.executor:update_account_info:125 | 账户更新: 总值$98948.60, 买入力$391982.42
2025-06-12 12:24:42 | DEBUG    | src.bot.trading_bot:_update_market_data:177 | 市场数据更新完成
2025-06-12 12:24:45 | INFO     | src.trading.executor:update_account_info:125 | 账户更新: 总值$98959.60, 买入力$391982.42
2025-06-12 12:24:45 | DEBUG    | src.bot.trading_bot:_update_market_data:177 | 市场数据更新完成
2025-06-12 12:24:48 | INFO     | src.trading.executor:update_account_info:125 | 账户更新: 总值$98948.60, 买入力$391982.42
2025-06-12 12:24:48 | DEBUG    | src.bot.trading_bot:_update_market_data:177 | 市场数据更新完成
2025-06-12 12:24:52 | INFO     | src.trading.executor:update_account_info:125 | 账户更新: 总值$98959.60, 买入力$391982.42
2025-06-12 12:24:52 | DEBUG    | src.bot.trading_bot:_update_market_data:177 | 市场数据更新完成
2025-06-12 12:24:55 | INFO     | src.trading.executor:update_account_info:125 | 账户更新: 总值$98948.60, 买入力$391982.42
2025-06-12 12:24:55 | DEBUG    | src.bot.trading_bot:_update_market_data:177 | 市场数据更新完成
2025-06-12 12:24:58 | INFO     | src.trading.executor:update_account_info:125 | 账户更新: 总值$98948.60, 买入力$391982.42
2025-06-12 12:24:58 | DEBUG    | src.bot.trading_bot:_update_market_data:177 | 市场数据更新完成
2025-06-12 12:25:02 | INFO     | src.trading.executor:update_account_info:125 | 账户更新: 总值$98970.60, 买入力$391982.42
2025-06-12 12:25:02 | DEBUG    | src.bot.trading_bot:_update_market_data:177 | 市场数据更新完成
2025-06-12 12:25:05 | INFO     | src.trading.executor:update_account_info:125 | 账户更新: 总值$98970.60, 买入力$391982.42
2025-06-12 12:25:05 | DEBUG    | src.bot.trading_bot:_update_market_data:177 | 市场数据更新完成
2025-06-12 12:25:08 | INFO     | src.trading.executor:update_account_info:125 | 账户更新: 总值$98981.60, 买入力$391982.42
2025-06-12 12:25:08 | DEBUG    | src.bot.trading_bot:_update_market_data:177 | 市场数据更新完成
2025-06-12 12:25:11 | INFO     | src.trading.executor:update_account_info:125 | 账户更新: 总值$98992.60, 买入力$391982.42
2025-06-12 12:25:11 | DEBUG    | src.bot.trading_bot:_update_market_data:177 | 市场数据更新完成
2025-06-12 12:25:15 | INFO     | src.trading.executor:update_account_info:125 | 账户更新: 总值$99003.60, 买入力$391982.42
2025-06-12 12:25:15 | DEBUG    | src.bot.trading_bot:_update_market_data:177 | 市场数据更新完成
2025-06-12 12:25:18 | INFO     | src.trading.executor:update_account_info:125 | 账户更新: 总值$98992.60, 买入力$391982.42
2025-06-12 12:25:18 | DEBUG    | src.bot.trading_bot:_update_market_data:177 | 市场数据更新完成
2025-06-12 12:25:21 | INFO     | src.trading.executor:update_account_info:125 | 账户更新: 总值$99025.60, 买入力$391982.42
2025-06-12 12:25:21 | DEBUG    | src.bot.trading_bot:_update_market_data:177 | 市场数据更新完成
2025-06-12 12:25:24 | INFO     | src.trading.executor:update_account_info:125 | 账户更新: 总值$99058.60, 买入力$391982.42
2025-06-12 12:25:24 | DEBUG    | src.bot.trading_bot:_update_market_data:177 | 市场数据更新完成
2025-06-12 12:25:28 | INFO     | src.trading.executor:update_account_info:125 | 账户更新: 总值$99080.60, 买入力$391982.42
2025-06-12 12:25:28 | DEBUG    | src.bot.trading_bot:_update_market_data:177 | 市场数据更新完成
2025-06-12 12:25:30 | DEBUG    | src.bot.trading_bot:_update_positions_normal:249 | 📊 常规头寸更新完成
2025-06-12 12:25:31 | INFO     | src.trading.executor:update_account_info:125 | 账户更新: 总值$99091.60, 买入力$391982.42
2025-06-12 12:25:31 | DEBUG    | src.bot.trading_bot:_update_market_data:177 | 市场数据更新完成
2025-06-12 12:25:34 | INFO     | src.trading.executor:update_account_info:125 | 账户更新: 总值$99091.60, 买入力$391982.42
2025-06-12 12:25:34 | DEBUG    | src.bot.trading_bot:_update_market_data:177 | 市场数据更新完成
2025-06-12 12:25:38 | INFO     | src.trading.executor:update_account_info:125 | 账户更新: 总值$99058.60, 买入力$391982.42
2025-06-12 12:25:38 | DEBUG    | src.bot.trading_bot:_update_market_data:177 | 市场数据更新完成
2025-06-12 12:25:41 | INFO     | src.trading.executor:update_account_info:125 | 账户更新: 总值$99080.60, 买入力$391982.42
2025-06-12 12:25:41 | DEBUG    | src.bot.trading_bot:_update_market_data:177 | 市场数据更新完成
2025-06-12 12:25:44 | INFO     | src.trading.executor:update_account_info:125 | 账户更新: 总值$99102.60, 买入力$391982.42
2025-06-12 12:25:44 | DEBUG    | src.bot.trading_bot:_update_market_data:177 | 市场数据更新完成
2025-06-12 12:25:47 | INFO     | src.trading.executor:update_account_info:125 | 账户更新: 总值$99113.60, 买入力$391982.42
2025-06-12 12:25:47 | DEBUG    | src.bot.trading_bot:_update_market_data:177 | 市场数据更新完成
2025-06-12 12:25:51 | INFO     | src.trading.executor:update_account_info:125 | 账户更新: 总值$99124.60, 买入力$391982.42
2025-06-12 12:25:51 | DEBUG    | src.bot.trading_bot:_update_market_data:177 | 市场数据更新完成
2025-06-12 12:25:54 | INFO     | src.trading.executor:update_account_info:125 | 账户更新: 总值$99135.60, 买入力$391982.42
2025-06-12 12:25:54 | DEBUG    | src.bot.trading_bot:_update_market_data:177 | 市场数据更新完成
2025-06-12 12:25:57 | INFO     | src.trading.executor:update_account_info:125 | 账户更新: 总值$99124.60, 买入力$391982.42
2025-06-12 12:25:57 | DEBUG    | src.bot.trading_bot:_update_market_data:177 | 市场数据更新完成
2025-06-12 12:26:01 | INFO     | src.trading.executor:update_account_info:125 | 账户更新: 总值$99135.60, 买入力$391982.42
2025-06-12 12:26:01 | DEBUG    | src.bot.trading_bot:_update_market_data:177 | 市场数据更新完成
2025-06-12 12:26:04 | INFO     | src.trading.executor:update_account_info:125 | 账户更新: 总值$99135.60, 买入力$391982.42
2025-06-12 12:26:04 | DEBUG    | src.bot.trading_bot:_update_market_data:177 | 市场数据更新完成
2025-06-12 12:26:07 | INFO     | src.trading.executor:update_account_info:125 | 账户更新: 总值$99146.60, 买入力$391982.42
2025-06-12 12:26:07 | DEBUG    | src.bot.trading_bot:_update_market_data:177 | 市场数据更新完成
2025-06-12 12:26:10 | INFO     | src.trading.executor:update_account_info:125 | 账户更新: 总值$99124.60, 买入力$391982.42
2025-06-12 12:26:10 | DEBUG    | src.bot.trading_bot:_update_market_data:177 | 市场数据更新完成
2025-06-12 12:26:14 | INFO     | src.trading.executor:update_account_info:125 | 账户更新: 总值$99058.60, 买入力$391982.42
2025-06-12 12:26:14 | DEBUG    | src.bot.trading_bot:_update_market_data:177 | 市场数据更新完成
2025-06-12 12:26:17 | INFO     | src.trading.executor:update_account_info:125 | 账户更新: 总值$99069.60, 买入力$391982.42
2025-06-12 12:26:17 | DEBUG    | src.bot.trading_bot:_update_market_data:177 | 市场数据更新完成
2025-06-12 12:26:20 | INFO     | src.trading.executor:update_account_info:125 | 账户更新: 总值$99102.60, 买入力$391982.42
2025-06-12 12:26:20 | DEBUG    | src.bot.trading_bot:_update_market_data:177 | 市场数据更新完成
2025-06-12 12:26:23 | INFO     | src.trading.executor:update_account_info:125 | 账户更新: 总值$99069.60, 买入力$391982.42
2025-06-12 12:26:23 | DEBUG    | src.bot.trading_bot:_update_market_data:177 | 市场数据更新完成
2025-06-12 12:26:27 | INFO     | src.trading.executor:update_account_info:125 | 账户更新: 总值$99047.60, 买入力$391982.42
2025-06-12 12:26:27 | DEBUG    | src.bot.trading_bot:_update_market_data:177 | 市场数据更新完成
2025-06-12 12:26:30 | INFO     | src.trading.executor:update_account_info:125 | 账户更新: 总值$99058.60, 买入力$391982.42
2025-06-12 12:26:30 | DEBUG    | src.bot.trading_bot:_update_market_data:177 | 市场数据更新完成
2025-06-12 12:26:31 | DEBUG    | src.bot.trading_bot:_update_positions_normal:249 | 📊 常规头寸更新完成
2025-06-12 12:26:33 | INFO     | src.trading.executor:update_account_info:125 | 账户更新: 总值$99036.60, 买入力$391982.42
2025-06-12 12:26:33 | DEBUG    | src.bot.trading_bot:_update_market_data:177 | 市场数据更新完成
2025-06-12 12:26:37 | INFO     | src.trading.executor:update_account_info:125 | 账户更新: 总值$99014.60, 买入力$391982.42
2025-06-12 12:26:37 | DEBUG    | src.bot.trading_bot:_update_market_data:177 | 市场数据更新完成
2025-06-12 12:26:40 | INFO     | src.trading.executor:update_account_info:125 | 账户更新: 总值$99047.60, 买入力$391982.42
2025-06-12 12:26:40 | DEBUG    | src.bot.trading_bot:_update_market_data:177 | 市场数据更新完成
2025-06-12 12:26:43 | INFO     | src.trading.executor:update_account_info:125 | 账户更新: 总值$99014.60, 买入力$391982.42
2025-06-12 12:26:43 | DEBUG    | src.bot.trading_bot:_update_market_data:177 | 市场数据更新完成
2025-06-12 12:26:46 | INFO     | src.trading.executor:update_account_info:125 | 账户更新: 总值$99014.60, 买入力$391982.42
2025-06-12 12:26:46 | DEBUG    | src.bot.trading_bot:_update_market_data:177 | 市场数据更新完成
2025-06-12 12:26:50 | INFO     | src.trading.executor:update_account_info:125 | 账户更新: 总值$98992.60, 买入力$391982.42
2025-06-12 12:26:50 | DEBUG    | src.bot.trading_bot:_update_market_data:177 | 市场数据更新完成
2025-06-12 12:26:53 | INFO     | src.trading.executor:update_account_info:125 | 账户更新: 总值$99014.60, 买入力$391982.42
2025-06-12 12:26:53 | DEBUG    | src.bot.trading_bot:_update_market_data:177 | 市场数据更新完成
2025-06-12 12:26:56 | INFO     | src.trading.executor:update_account_info:125 | 账户更新: 总值$98992.60, 买入力$391982.42
2025-06-12 12:26:56 | DEBUG    | src.bot.trading_bot:_update_market_data:177 | 市场数据更新完成
2025-06-12 12:26:59 | INFO     | src.trading.executor:update_account_info:125 | 账户更新: 总值$98981.60, 买入力$391982.42
2025-06-12 12:26:59 | DEBUG    | src.bot.trading_bot:_update_market_data:177 | 市场数据更新完成
2025-06-12 12:27:03 | INFO     | src.trading.executor:update_account_info:125 | 账户更新: 总值$98992.60, 买入力$391982.42
2025-06-12 12:27:03 | DEBUG    | src.bot.trading_bot:_update_market_data:177 | 市场数据更新完成
2025-06-12 12:27:06 | INFO     | src.trading.executor:update_account_info:125 | 账户更新: 总值$98992.60, 买入力$391982.42
2025-06-12 12:27:06 | DEBUG    | src.bot.trading_bot:_update_market_data:177 | 市场数据更新完成
2025-06-12 12:27:09 | INFO     | src.trading.executor:update_account_info:125 | 账户更新: 总值$98992.60, 买入力$391982.42
2025-06-12 12:27:09 | DEBUG    | src.bot.trading_bot:_update_market_data:177 | 市场数据更新完成
2025-06-12 12:27:13 | INFO     | src.trading.executor:update_account_info:125 | 账户更新: 总值$98992.60, 买入力$391982.42
2025-06-12 12:27:13 | DEBUG    | src.bot.trading_bot:_update_market_data:177 | 市场数据更新完成
2025-06-12 12:27:16 | INFO     | src.trading.executor:update_account_info:125 | 账户更新: 总值$98981.60, 买入力$391982.42
2025-06-12 12:27:16 | DEBUG    | src.bot.trading_bot:_update_market_data:177 | 市场数据更新完成
2025-06-12 12:27:19 | INFO     | src.trading.executor:update_account_info:125 | 账户更新: 总值$98970.60, 买入力$391982.42
2025-06-12 12:27:19 | DEBUG    | src.bot.trading_bot:_update_market_data:177 | 市场数据更新完成
2025-06-12 12:27:22 | INFO     | src.trading.executor:update_account_info:125 | 账户更新: 总值$98970.60, 买入力$391982.42
2025-06-12 12:27:22 | DEBUG    | src.bot.trading_bot:_update_market_data:177 | 市场数据更新完成
2025-06-12 12:27:26 | INFO     | src.trading.executor:update_account_info:125 | 账户更新: 总值$98992.60, 买入力$391982.42
2025-06-12 12:27:26 | DEBUG    | src.bot.trading_bot:_update_market_data:177 | 市场数据更新完成
2025-06-12 12:27:29 | INFO     | src.trading.executor:update_account_info:125 | 账户更新: 总值$98992.60, 买入力$391982.42
2025-06-12 12:27:29 | DEBUG    | src.bot.trading_bot:_update_market_data:177 | 市场数据更新完成
2025-06-12 12:27:31 | DEBUG    | src.bot.trading_bot:_update_positions_normal:249 | 📊 常规头寸更新完成
2025-06-12 12:27:32 | INFO     | src.trading.executor:update_account_info:125 | 账户更新: 总值$99014.60, 买入力$391982.42
2025-06-12 12:27:32 | DEBUG    | src.bot.trading_bot:_update_market_data:177 | 市场数据更新完成
2025-06-12 12:27:35 | INFO     | src.trading.executor:update_account_info:125 | 账户更新: 总值$99003.60, 买入力$391982.42
2025-06-12 12:27:35 | DEBUG    | src.bot.trading_bot:_update_market_data:177 | 市场数据更新完成
2025-06-12 12:27:39 | INFO     | src.trading.executor:update_account_info:125 | 账户更新: 总值$99003.60, 买入力$391982.42
2025-06-12 12:27:39 | DEBUG    | src.bot.trading_bot:_update_market_data:177 | 市场数据更新完成
2025-06-12 12:27:42 | INFO     | src.trading.executor:update_account_info:125 | 账户更新: 总值$99003.60, 买入力$391982.42
2025-06-12 12:27:42 | DEBUG    | src.bot.trading_bot:_update_market_data:177 | 市场数据更新完成
2025-06-12 12:27:45 | INFO     | src.trading.executor:update_account_info:125 | 账户更新: 总值$99036.60, 买入力$391982.42
2025-06-12 12:27:45 | DEBUG    | src.bot.trading_bot:_update_market_data:177 | 市场数据更新完成
2025-06-12 12:27:48 | INFO     | src.trading.executor:update_account_info:125 | 账户更新: 总值$99036.60, 买入力$391982.42
2025-06-12 12:27:48 | DEBUG    | src.bot.trading_bot:_update_market_data:177 | 市场数据更新完成
2025-06-12 12:27:52 | INFO     | src.trading.executor:update_account_info:125 | 账户更新: 总值$99091.60, 买入力$391982.42
2025-06-12 12:27:52 | DEBUG    | src.bot.trading_bot:_update_market_data:177 | 市场数据更新完成
2025-06-12 12:27:55 | INFO     | src.trading.executor:update_account_info:125 | 账户更新: 总值$99058.60, 买入力$391982.42
2025-06-12 12:27:55 | DEBUG    | src.bot.trading_bot:_update_market_data:177 | 市场数据更新完成
2025-06-12 12:27:58 | INFO     | src.trading.executor:update_account_info:125 | 账户更新: 总值$99069.60, 买入力$391982.42
2025-06-12 12:27:58 | DEBUG    | src.bot.trading_bot:_update_market_data:177 | 市场数据更新完成
2025-06-12 12:28:01 | INFO     | src.trading.executor:update_account_info:125 | 账户更新: 总值$99047.60, 买入力$391982.42
2025-06-12 12:28:01 | DEBUG    | src.bot.trading_bot:_update_market_data:177 | 市场数据更新完成
2025-06-12 12:28:05 | INFO     | src.trading.executor:update_account_info:125 | 账户更新: 总值$99047.60, 买入力$391982.42
2025-06-12 12:28:05 | DEBUG    | src.bot.trading_bot:_update_market_data:177 | 市场数据更新完成
2025-06-12 12:28:08 | INFO     | src.trading.executor:update_account_info:125 | 账户更新: 总值$99058.60, 买入力$391982.42
2025-06-12 12:28:08 | DEBUG    | src.bot.trading_bot:_update_market_data:177 | 市场数据更新完成
2025-06-12 12:28:11 | INFO     | src.trading.executor:update_account_info:125 | 账户更新: 总值$99047.60, 买入力$391982.42
2025-06-12 12:28:11 | DEBUG    | src.bot.trading_bot:_update_market_data:177 | 市场数据更新完成
2025-06-12 12:28:14 | INFO     | src.trading.executor:update_account_info:125 | 账户更新: 总值$99003.60, 买入力$391982.42
2025-06-12 12:28:14 | DEBUG    | src.bot.trading_bot:_update_market_data:177 | 市场数据更新完成
2025-06-12 12:28:18 | INFO     | src.trading.executor:update_account_info:125 | 账户更新: 总值$99014.60, 买入力$391982.42
2025-06-12 12:28:18 | DEBUG    | src.bot.trading_bot:_update_market_data:177 | 市场数据更新完成
2025-06-12 12:28:21 | INFO     | src.trading.executor:update_account_info:125 | 账户更新: 总值$99025.60, 买入力$391982.42
2025-06-12 12:28:21 | DEBUG    | src.bot.trading_bot:_update_market_data:177 | 市场数据更新完成
2025-06-12 12:28:24 | INFO     | src.trading.executor:update_account_info:125 | 账户更新: 总值$99025.60, 买入力$391982.42
2025-06-12 12:28:24 | DEBUG    | src.bot.trading_bot:_update_market_data:177 | 市场数据更新完成
2025-06-12 12:28:27 | INFO     | src.trading.executor:update_account_info:125 | 账户更新: 总值$99025.60, 买入力$391982.42
2025-06-12 12:28:27 | DEBUG    | src.bot.trading_bot:_update_market_data:177 | 市场数据更新完成
2025-06-12 12:28:31 | INFO     | src.trading.executor:update_account_info:125 | 账户更新: 总值$99025.60, 买入力$391982.42
2025-06-12 12:28:31 | DEBUG    | src.bot.trading_bot:_update_market_data:177 | 市场数据更新完成
2025-06-12 12:28:31 | DEBUG    | src.bot.trading_bot:_update_positions_normal:249 | 📊 常规头寸更新完成
2025-06-12 12:28:34 | INFO     | src.trading.executor:update_account_info:125 | 账户更新: 总值$99003.60, 买入力$391982.42
2025-06-12 12:28:34 | DEBUG    | src.bot.trading_bot:_update_market_data:177 | 市场数据更新完成
2025-06-12 12:28:37 | INFO     | src.trading.executor:update_account_info:125 | 账户更新: 总值$99003.60, 买入力$391982.42
2025-06-12 12:28:37 | DEBUG    | src.bot.trading_bot:_update_market_data:177 | 市场数据更新完成
2025-06-12 12:28:40 | INFO     | src.trading.executor:update_account_info:125 | 账户更新: 总值$98992.60, 买入力$391982.42
2025-06-12 12:28:40 | DEBUG    | src.bot.trading_bot:_update_market_data:177 | 市场数据更新完成
2025-06-12 12:28:44 | INFO     | src.trading.executor:update_account_info:125 | 账户更新: 总值$99025.60, 买入力$391982.42
2025-06-12 12:28:44 | DEBUG    | src.bot.trading_bot:_update_market_data:177 | 市场数据更新完成
2025-06-12 12:28:47 | INFO     | src.trading.executor:update_account_info:125 | 账户更新: 总值$99014.60, 买入力$391982.42
2025-06-12 12:28:47 | DEBUG    | src.bot.trading_bot:_update_market_data:177 | 市场数据更新完成
2025-06-12 12:28:50 | INFO     | src.trading.executor:update_account_info:125 | 账户更新: 总值$99014.60, 买入力$391982.42
2025-06-12 12:28:50 | DEBUG    | src.bot.trading_bot:_update_market_data:177 | 市场数据更新完成
2025-06-12 12:28:54 | INFO     | src.trading.executor:update_account_info:125 | 账户更新: 总值$99025.60, 买入力$391982.42
2025-06-12 12:28:54 | DEBUG    | src.bot.trading_bot:_update_market_data:177 | 市场数据更新完成
2025-06-12 12:28:57 | INFO     | src.trading.executor:update_account_info:125 | 账户更新: 总值$99003.60, 买入力$391982.42
2025-06-12 12:28:57 | DEBUG    | src.bot.trading_bot:_update_market_data:177 | 市场数据更新完成
2025-06-12 12:29:00 | INFO     | src.trading.executor:update_account_info:125 | 账户更新: 总值$99014.60, 买入力$391982.42
2025-06-12 12:29:00 | DEBUG    | src.bot.trading_bot:_update_market_data:177 | 市场数据更新完成
2025-06-12 12:29:04 | INFO     | src.trading.executor:update_account_info:125 | 账户更新: 总值$99025.60, 买入力$391982.42
2025-06-12 12:29:04 | DEBUG    | src.bot.trading_bot:_update_market_data:177 | 市场数据更新完成
2025-06-12 12:29:07 | INFO     | src.trading.executor:update_account_info:125 | 账户更新: 总值$99025.60, 买入力$391982.42
2025-06-12 12:29:07 | DEBUG    | src.bot.trading_bot:_update_market_data:177 | 市场数据更新完成
2025-06-12 12:29:10 | INFO     | src.trading.executor:update_account_info:125 | 账户更新: 总值$99014.60, 买入力$391982.42
2025-06-12 12:29:10 | DEBUG    | src.bot.trading_bot:_update_market_data:177 | 市场数据更新完成
2025-06-12 12:29:13 | INFO     | src.trading.executor:update_account_info:125 | 账户更新: 总值$99014.60, 买入力$391982.42
2025-06-12 12:29:13 | DEBUG    | src.bot.trading_bot:_update_market_data:177 | 市场数据更新完成
2025-06-12 12:29:17 | INFO     | src.trading.executor:update_account_info:125 | 账户更新: 总值$98992.60, 买入力$391982.42
2025-06-12 12:29:17 | DEBUG    | src.bot.trading_bot:_update_market_data:177 | 市场数据更新完成
2025-06-12 12:29:20 | INFO     | src.trading.executor:update_account_info:125 | 账户更新: 总值$98970.60, 买入力$391982.42
2025-06-12 12:29:20 | DEBUG    | src.bot.trading_bot:_update_market_data:177 | 市场数据更新完成
2025-06-12 12:29:23 | INFO     | src.trading.executor:update_account_info:125 | 账户更新: 总值$99003.60, 买入力$391982.42
2025-06-12 12:29:23 | DEBUG    | src.bot.trading_bot:_update_market_data:177 | 市场数据更新完成
2025-06-12 12:29:26 | INFO     | src.trading.executor:update_account_info:125 | 账户更新: 总值$99003.60, 买入力$391982.42
2025-06-12 12:29:26 | DEBUG    | src.bot.trading_bot:_update_market_data:177 | 市场数据更新完成
2025-06-12 12:29:30 | INFO     | src.trading.executor:update_account_info:125 | 账户更新: 总值$98948.60, 买入力$391982.42
2025-06-12 12:29:30 | DEBUG    | src.bot.trading_bot:_update_market_data:177 | 市场数据更新完成
2025-06-12 12:29:31 | DEBUG    | src.bot.trading_bot:_update_positions_normal:249 | 📊 常规头寸更新完成
2025-06-12 12:29:33 | INFO     | src.trading.executor:update_account_info:125 | 账户更新: 总值$98959.60, 买入力$391982.42
2025-06-12 12:29:33 | DEBUG    | src.bot.trading_bot:_update_market_data:177 | 市场数据更新完成
2025-06-12 12:29:36 | INFO     | src.trading.executor:update_account_info:125 | 账户更新: 总值$98959.60, 买入力$391982.42
2025-06-12 12:29:36 | DEBUG    | src.bot.trading_bot:_update_market_data:177 | 市场数据更新完成
2025-06-12 12:29:39 | INFO     | src.trading.executor:update_account_info:125 | 账户更新: 总值$98937.60, 买入力$391982.42
2025-06-12 12:29:39 | DEBUG    | src.bot.trading_bot:_update_market_data:177 | 市场数据更新完成
2025-06-12 12:29:43 | INFO     | src.trading.executor:update_account_info:125 | 账户更新: 总值$98926.60, 买入力$391982.42
2025-06-12 12:29:43 | DEBUG    | src.bot.trading_bot:_update_market_data:177 | 市场数据更新完成
2025-06-12 12:29:46 | INFO     | src.trading.executor:update_account_info:125 | 账户更新: 总值$98948.60, 买入力$391982.42
2025-06-12 12:29:46 | DEBUG    | src.bot.trading_bot:_update_market_data:177 | 市场数据更新完成
2025-06-12 12:29:49 | INFO     | src.trading.executor:update_account_info:125 | 账户更新: 总值$98948.60, 买入力$391982.42
2025-06-12 12:29:49 | DEBUG    | src.bot.trading_bot:_update_market_data:177 | 市场数据更新完成
2025-06-12 12:29:53 | INFO     | src.trading.executor:update_account_info:125 | 账户更新: 总值$98937.60, 买入力$391982.42
2025-06-12 12:29:53 | DEBUG    | src.bot.trading_bot:_update_market_data:177 | 市场数据更新完成
2025-06-12 12:29:56 | INFO     | src.trading.executor:update_account_info:125 | 账户更新: 总值$98926.60, 买入力$391982.42
2025-06-12 12:29:56 | DEBUG    | src.bot.trading_bot:_update_market_data:177 | 市场数据更新完成
2025-06-12 12:29:59 | INFO     | src.trading.executor:update_account_info:125 | 账户更新: 总值$98948.60, 买入力$391982.42
2025-06-12 12:29:59 | DEBUG    | src.bot.trading_bot:_update_market_data:177 | 市场数据更新完成
2025-06-12 12:30:02 | INFO     | src.trading.executor:update_account_info:125 | 账户更新: 总值$98992.60, 买入力$391982.42
2025-06-12 12:30:02 | DEBUG    | src.bot.trading_bot:_update_market_data:177 | 市场数据更新完成
2025-06-12 12:30:06 | INFO     | src.trading.executor:update_account_info:125 | 账户更新: 总值$98959.60, 买入力$391982.42
2025-06-12 12:30:06 | DEBUG    | src.bot.trading_bot:_update_market_data:177 | 市场数据更新完成
2025-06-12 12:30:09 | INFO     | src.trading.executor:update_account_info:125 | 账户更新: 总值$99036.60, 买入力$391982.42
2025-06-12 12:30:09 | DEBUG    | src.bot.trading_bot:_update_market_data:177 | 市场数据更新完成
2025-06-12 12:30:12 | INFO     | src.trading.executor:update_account_info:125 | 账户更新: 总值$99025.60, 买入力$391982.42
2025-06-12 12:30:12 | DEBUG    | src.bot.trading_bot:_update_market_data:177 | 市场数据更新完成
2025-06-12 12:30:15 | INFO     | src.trading.executor:update_account_info:125 | 账户更新: 总值$98981.60, 买入力$391982.42
2025-06-12 12:30:15 | DEBUG    | src.bot.trading_bot:_update_market_data:177 | 市场数据更新完成
2025-06-12 12:30:19 | INFO     | src.trading.executor:update_account_info:125 | 账户更新: 总值$98970.60, 买入力$391982.42
2025-06-12 12:30:19 | DEBUG    | src.bot.trading_bot:_update_market_data:177 | 市场数据更新完成
2025-06-12 12:30:22 | INFO     | src.trading.executor:update_account_info:125 | 账户更新: 总值$98959.60, 买入力$391982.42
2025-06-12 12:30:22 | DEBUG    | src.bot.trading_bot:_update_market_data:177 | 市场数据更新完成
2025-06-12 12:30:25 | INFO     | src.trading.executor:update_account_info:125 | 账户更新: 总值$98926.60, 买入力$391982.42
2025-06-12 12:30:25 | DEBUG    | src.bot.trading_bot:_update_market_data:177 | 市场数据更新完成
2025-06-12 12:30:28 | INFO     | src.trading.executor:update_account_info:125 | 账户更新: 总值$98959.60, 买入力$391982.42
2025-06-12 12:30:28 | DEBUG    | src.bot.trading_bot:_update_market_data:177 | 市场数据更新完成
2025-06-12 12:30:32 | DEBUG    | src.bot.trading_bot:_update_positions_normal:249 | 📊 常规头寸更新完成
2025-06-12 12:30:32 | INFO     | src.trading.executor:update_account_info:125 | 账户更新: 总值$98981.60, 买入力$391982.42
2025-06-12 12:30:32 | DEBUG    | src.bot.trading_bot:_update_market_data:177 | 市场数据更新完成
2025-06-12 12:30:35 | INFO     | src.trading.executor:update_account_info:125 | 账户更新: 总值$98981.60, 买入力$391982.42
2025-06-12 12:30:35 | DEBUG    | src.bot.trading_bot:_update_market_data:177 | 市场数据更新完成
2025-06-12 12:30:38 | INFO     | src.trading.executor:update_account_info:125 | 账户更新: 总值$98981.60, 买入力$391982.42
2025-06-12 12:30:38 | DEBUG    | src.bot.trading_bot:_update_market_data:177 | 市场数据更新完成
2025-06-12 12:30:42 | INFO     | src.trading.executor:update_account_info:125 | 账户更新: 总值$98981.60, 买入力$391982.42
2025-06-12 12:30:42 | DEBUG    | src.bot.trading_bot:_update_market_data:177 | 市场数据更新完成
2025-06-12 12:30:45 | INFO     | src.trading.executor:update_account_info:125 | 账户更新: 总值$98981.60, 买入力$391982.42
2025-06-12 12:30:45 | DEBUG    | src.bot.trading_bot:_update_market_data:177 | 市场数据更新完成
2025-06-12 12:30:48 | INFO     | src.trading.executor:update_account_info:125 | 账户更新: 总值$98981.60, 买入力$391982.42
2025-06-12 12:30:48 | DEBUG    | src.bot.trading_bot:_update_market_data:177 | 市场数据更新完成
2025-06-12 12:30:51 | INFO     | src.trading.executor:update_account_info:125 | 账户更新: 总值$99014.60, 买入力$391982.42
2025-06-12 12:30:51 | DEBUG    | src.bot.trading_bot:_update_market_data:177 | 市场数据更新完成
2025-06-12 12:30:55 | INFO     | src.trading.executor:update_account_info:125 | 账户更新: 总值$99047.60, 买入力$391982.42
2025-06-12 12:30:55 | DEBUG    | src.bot.trading_bot:_update_market_data:177 | 市场数据更新完成
2025-06-12 12:30:58 | INFO     | src.trading.executor:update_account_info:125 | 账户更新: 总值$99080.60, 买入力$391982.42
2025-06-12 12:30:58 | DEBUG    | src.bot.trading_bot:_update_market_data:177 | 市场数据更新完成
2025-06-12 12:31:01 | INFO     | src.trading.executor:update_account_info:125 | 账户更新: 总值$99102.60, 买入力$391982.42
2025-06-12 12:31:01 | DEBUG    | src.bot.trading_bot:_update_market_data:177 | 市场数据更新完成
2025-06-12 12:31:05 | INFO     | src.trading.executor:update_account_info:125 | 账户更新: 总值$99091.60, 买入力$391982.42
2025-06-12 12:31:05 | DEBUG    | src.bot.trading_bot:_update_market_data:177 | 市场数据更新完成
2025-06-12 12:31:08 | INFO     | src.trading.executor:update_account_info:125 | 账户更新: 总值$99091.60, 买入力$391982.42
2025-06-12 12:31:08 | DEBUG    | src.bot.trading_bot:_update_market_data:177 | 市场数据更新完成
2025-06-12 12:31:11 | INFO     | src.trading.executor:update_account_info:125 | 账户更新: 总值$99069.38, 买入力$398442.20
2025-06-12 12:31:11 | DEBUG    | src.bot.trading_bot:_update_market_data:177 | 市场数据更新完成
2025-06-12 12:31:14 | INFO     | src.trading.executor:update_account_info:125 | 账户更新: 总值$99069.38, 买入力$398442.20
2025-06-12 12:31:14 | DEBUG    | src.bot.trading_bot:_update_market_data:177 | 市场数据更新完成
2025-06-12 12:31:17 | INFO     | src.trading.executor:update_account_info:125 | 账户更新: 总值$99069.38, 买入力$398442.20
2025-06-12 12:31:17 | DEBUG    | src.bot.trading_bot:_update_market_data:177 | 市场数据更新完成
2025-06-12 12:31:21 | INFO     | src.trading.executor:update_account_info:125 | 账户更新: 总值$99069.38, 买入力$398442.20
2025-06-12 12:31:21 | DEBUG    | src.bot.trading_bot:_update_market_data:177 | 市场数据更新完成
2025-06-12 12:31:24 | INFO     | src.trading.executor:update_account_info:125 | 账户更新: 总值$99069.38, 买入力$398442.20
2025-06-12 12:31:24 | DEBUG    | src.bot.trading_bot:_update_market_data:177 | 市场数据更新完成
2025-06-12 12:31:27 | INFO     | src.trading.executor:update_account_info:125 | 账户更新: 总值$99069.38, 买入力$398442.20
2025-06-12 12:31:27 | DEBUG    | src.bot.trading_bot:_update_market_data:177 | 市场数据更新完成
2025-06-12 12:31:31 | INFO     | src.trading.executor:update_account_info:125 | 账户更新: 总值$99069.38, 买入力$398442.20
2025-06-12 12:31:31 | DEBUG    | src.bot.trading_bot:_update_market_data:177 | 市场数据更新完成
2025-06-12 12:31:32 | DEBUG    | src.bot.trading_bot:_update_positions_normal:249 | 📊 常规头寸更新完成
2025-06-12 12:31:34 | INFO     | src.trading.executor:update_account_info:125 | 账户更新: 总值$99069.38, 买入力$398442.20
2025-06-12 12:31:34 | DEBUG    | src.bot.trading_bot:_update_market_data:177 | 市场数据更新完成
2025-06-12 12:31:37 | INFO     | src.trading.executor:update_account_info:125 | 账户更新: 总值$99069.38, 买入力$398442.20
2025-06-12 12:31:37 | DEBUG    | src.bot.trading_bot:_update_market_data:177 | 市场数据更新完成
2025-06-12 12:31:40 | INFO     | src.trading.executor:update_account_info:125 | 账户更新: 总值$99069.38, 买入力$398442.20
2025-06-12 12:31:40 | DEBUG    | src.bot.trading_bot:_update_market_data:177 | 市场数据更新完成
2025-06-12 12:31:44 | INFO     | src.trading.executor:update_account_info:125 | 账户更新: 总值$99069.38, 买入力$398442.20
2025-06-12 12:31:44 | DEBUG    | src.bot.trading_bot:_update_market_data:177 | 市场数据更新完成
2025-06-12 12:31:47 | INFO     | src.trading.executor:update_account_info:125 | 账户更新: 总值$99069.38, 买入力$398442.20
2025-06-12 12:31:47 | DEBUG    | src.bot.trading_bot:_update_market_data:177 | 市场数据更新完成
2025-06-12 12:31:50 | INFO     | src.trading.executor:update_account_info:125 | 账户更新: 总值$99069.38, 买入力$398442.20
2025-06-12 12:31:50 | DEBUG    | src.bot.trading_bot:_update_market_data:177 | 市场数据更新完成
2025-06-12 12:31:53 | INFO     | src.trading.executor:update_account_info:125 | 账户更新: 总值$99069.38, 买入力$398442.20
2025-06-12 12:31:53 | DEBUG    | src.bot.trading_bot:_update_market_data:177 | 市场数据更新完成
2025-06-12 12:31:56 | INFO     | src.trading.executor:update_account_info:125 | 账户更新: 总值$99069.38, 买入力$398442.20
2025-06-12 12:31:56 | DEBUG    | src.bot.trading_bot:_update_market_data:177 | 市场数据更新完成
2025-06-12 12:32:00 | INFO     | src.trading.executor:update_account_info:125 | 账户更新: 总值$99069.38, 买入力$398442.20
2025-06-12 12:32:00 | DEBUG    | src.bot.trading_bot:_update_market_data:177 | 市场数据更新完成
2025-06-12 12:32:03 | INFO     | src.trading.executor:update_account_info:125 | 账户更新: 总值$99069.38, 买入力$398442.20
2025-06-12 12:32:03 | DEBUG    | src.bot.trading_bot:_update_market_data:177 | 市场数据更新完成
2025-06-12 12:32:06 | INFO     | src.trading.executor:update_account_info:125 | 账户更新: 总值$99069.38, 买入力$398442.20
2025-06-12 12:32:06 | DEBUG    | src.bot.trading_bot:_update_market_data:177 | 市场数据更新完成
2025-06-12 12:32:10 | INFO     | src.trading.executor:update_account_info:125 | 账户更新: 总值$99069.38, 买入力$398442.20
2025-06-12 12:32:10 | DEBUG    | src.bot.trading_bot:_update_market_data:177 | 市场数据更新完成
2025-06-12 12:32:13 | INFO     | src.trading.executor:update_account_info:125 | 账户更新: 总值$99069.38, 买入力$398442.20
2025-06-12 12:32:13 | DEBUG    | src.bot.trading_bot:_update_market_data:177 | 市场数据更新完成
2025-06-12 12:32:16 | INFO     | src.trading.executor:update_account_info:125 | 账户更新: 总值$99069.38, 买入力$398442.20
2025-06-12 12:32:16 | DEBUG    | src.bot.trading_bot:_update_market_data:177 | 市场数据更新完成
2025-06-12 12:32:19 | INFO     | src.trading.executor:update_account_info:125 | 账户更新: 总值$99069.38, 买入力$398442.20
2025-06-12 12:32:19 | DEBUG    | src.bot.trading_bot:_update_market_data:177 | 市场数据更新完成
2025-06-12 12:32:23 | INFO     | src.trading.executor:update_account_info:125 | 账户更新: 总值$99069.38, 买入力$398442.20
2025-06-12 12:32:23 | DEBUG    | src.bot.trading_bot:_update_market_data:177 | 市场数据更新完成
2025-06-12 12:32:26 | INFO     | src.trading.executor:update_account_info:125 | 账户更新: 总值$99069.38, 买入力$398442.20
2025-06-12 12:32:26 | DEBUG    | src.bot.trading_bot:_update_market_data:177 | 市场数据更新完成
2025-06-12 12:32:29 | INFO     | src.trading.executor:update_account_info:125 | 账户更新: 总值$99069.38, 买入力$398442.20
2025-06-12 12:32:29 | DEBUG    | src.bot.trading_bot:_update_market_data:177 | 市场数据更新完成
2025-06-12 12:32:32 | DEBUG    | src.bot.trading_bot:_update_positions_normal:249 | 📊 常规头寸更新完成
2025-06-12 12:32:33 | INFO     | src.trading.executor:update_account_info:125 | 账户更新: 总值$99069.38, 买入力$398442.20
2025-06-12 12:32:33 | DEBUG    | src.bot.trading_bot:_update_market_data:177 | 市场数据更新完成
2025-06-12 12:32:36 | INFO     | src.trading.executor:update_account_info:125 | 账户更新: 总值$99069.38, 买入力$398442.20
2025-06-12 12:32:36 | DEBUG    | src.bot.trading_bot:_update_market_data:177 | 市场数据更新完成
2025-06-12 12:32:39 | INFO     | src.trading.executor:update_account_info:125 | 账户更新: 总值$99069.38, 买入力$398442.20
2025-06-12 12:32:39 | DEBUG    | src.bot.trading_bot:_update_market_data:177 | 市场数据更新完成
2025-06-12 12:32:42 | INFO     | src.trading.executor:update_account_info:125 | 账户更新: 总值$99069.38, 买入力$398442.20
2025-06-12 12:32:42 | DEBUG    | src.bot.trading_bot:_update_market_data:177 | 市场数据更新完成
2025-06-12 12:32:46 | INFO     | src.trading.executor:update_account_info:125 | 账户更新: 总值$99069.38, 买入力$398442.20
2025-06-12 12:32:46 | DEBUG    | src.bot.trading_bot:_update_market_data:177 | 市场数据更新完成
2025-06-12 12:32:49 | INFO     | src.trading.executor:update_account_info:125 | 账户更新: 总值$99069.38, 买入力$398442.20
2025-06-12 12:32:49 | DEBUG    | src.bot.trading_bot:_update_market_data:177 | 市场数据更新完成
2025-06-12 12:32:52 | INFO     | src.trading.executor:update_account_info:125 | 账户更新: 总值$99069.38, 买入力$398442.20
2025-06-12 12:32:52 | DEBUG    | src.bot.trading_bot:_update_market_data:177 | 市场数据更新完成
2025-06-12 12:32:55 | INFO     | src.trading.executor:update_account_info:125 | 账户更新: 总值$99069.38, 买入力$398442.20
2025-06-12 12:32:55 | DEBUG    | src.bot.trading_bot:_update_market_data:177 | 市场数据更新完成
2025-06-12 12:32:59 | INFO     | src.trading.executor:update_account_info:125 | 账户更新: 总值$99069.38, 买入力$398442.20
2025-06-12 12:32:59 | DEBUG    | src.bot.trading_bot:_update_market_data:177 | 市场数据更新完成
2025-06-12 12:33:02 | INFO     | src.trading.executor:update_account_info:125 | 账户更新: 总值$99069.38, 买入力$398442.20
2025-06-12 12:33:02 | DEBUG    | src.bot.trading_bot:_update_market_data:177 | 市场数据更新完成
2025-06-12 12:33:05 | INFO     | src.trading.executor:update_account_info:125 | 账户更新: 总值$99069.38, 买入力$398442.20
2025-06-12 12:33:05 | DEBUG    | src.bot.trading_bot:_update_market_data:177 | 市场数据更新完成
2025-06-12 12:33:09 | INFO     | src.trading.executor:update_account_info:125 | 账户更新: 总值$99069.38, 买入力$398442.20
2025-06-12 12:33:09 | DEBUG    | src.bot.trading_bot:_update_market_data:177 | 市场数据更新完成
2025-06-12 12:33:12 | INFO     | src.trading.executor:update_account_info:125 | 账户更新: 总值$99069.38, 买入力$398442.20
2025-06-12 12:33:12 | DEBUG    | src.bot.trading_bot:_update_market_data:177 | 市场数据更新完成
2025-06-12 12:33:15 | INFO     | src.trading.executor:update_account_info:125 | 账户更新: 总值$99069.38, 买入力$398442.20
2025-06-12 12:33:15 | DEBUG    | src.bot.trading_bot:_update_market_data:177 | 市场数据更新完成
2025-06-12 12:33:18 | INFO     | src.trading.executor:update_account_info:125 | 账户更新: 总值$99069.38, 买入力$398442.20
2025-06-12 12:33:18 | DEBUG    | src.bot.trading_bot:_update_market_data:177 | 市场数据更新完成
2025-06-12 12:33:22 | INFO     | src.trading.executor:update_account_info:125 | 账户更新: 总值$99069.38, 买入力$398442.20
2025-06-12 12:33:22 | DEBUG    | src.bot.trading_bot:_update_market_data:177 | 市场数据更新完成
2025-06-12 12:33:25 | INFO     | src.trading.executor:update_account_info:125 | 账户更新: 总值$99069.38, 买入力$398442.20
2025-06-12 12:33:25 | DEBUG    | src.bot.trading_bot:_update_market_data:177 | 市场数据更新完成
2025-06-12 12:33:28 | INFO     | src.trading.executor:update_account_info:125 | 账户更新: 总值$99069.38, 买入力$398442.20
2025-06-12 12:33:28 | DEBUG    | src.bot.trading_bot:_update_market_data:177 | 市场数据更新完成
2025-06-12 12:33:31 | INFO     | src.trading.executor:update_account_info:125 | 账户更新: 总值$99069.38, 买入力$398442.20
2025-06-12 12:33:31 | DEBUG    | src.bot.trading_bot:_update_market_data:177 | 市场数据更新完成
2025-06-12 12:33:32 | DEBUG    | src.bot.trading_bot:_update_positions_normal:249 | 📊 常规头寸更新完成
2025-06-12 12:33:35 | INFO     | src.trading.executor:update_account_info:125 | 账户更新: 总值$99069.38, 买入力$398442.20
2025-06-12 12:33:35 | DEBUG    | src.bot.trading_bot:_update_market_data:177 | 市场数据更新完成
2025-06-12 12:33:38 | INFO     | src.trading.executor:update_account_info:125 | 账户更新: 总值$99069.38, 买入力$398442.20
2025-06-12 12:33:38 | DEBUG    | src.bot.trading_bot:_update_market_data:177 | 市场数据更新完成
2025-06-12 12:33:41 | INFO     | src.trading.executor:update_account_info:125 | 账户更新: 总值$99069.38, 买入力$398442.20
2025-06-12 12:33:41 | DEBUG    | src.bot.trading_bot:_update_market_data:177 | 市场数据更新完成
2025-06-12 12:33:45 | INFO     | src.trading.executor:update_account_info:125 | 账户更新: 总值$99069.38, 买入力$398442.20
2025-06-12 12:33:45 | DEBUG    | src.bot.trading_bot:_update_market_data:177 | 市场数据更新完成
2025-06-12 12:33:48 | INFO     | src.trading.executor:update_account_info:125 | 账户更新: 总值$99069.38, 买入力$398442.20
2025-06-12 12:33:48 | DEBUG    | src.bot.trading_bot:_update_market_data:177 | 市场数据更新完成
2025-06-12 12:33:51 | INFO     | src.trading.executor:update_account_info:125 | 账户更新: 总值$99069.38, 买入力$398442.20
2025-06-12 12:33:51 | DEBUG    | src.bot.trading_bot:_update_market_data:177 | 市场数据更新完成
2025-06-12 12:33:54 | INFO     | src.trading.executor:update_account_info:125 | 账户更新: 总值$99069.38, 买入力$398442.20
2025-06-12 12:33:54 | DEBUG    | src.bot.trading_bot:_update_market_data:177 | 市场数据更新完成
2025-06-12 12:33:58 | INFO     | src.trading.executor:update_account_info:125 | 账户更新: 总值$99069.38, 买入力$398442.20
2025-06-12 12:33:58 | DEBUG    | src.bot.trading_bot:_update_market_data:177 | 市场数据更新完成
2025-06-12 12:34:01 | INFO     | src.trading.executor:update_account_info:125 | 账户更新: 总值$99069.38, 买入力$398442.20
2025-06-12 12:34:01 | DEBUG    | src.bot.trading_bot:_update_market_data:177 | 市场数据更新完成
2025-06-12 12:34:04 | INFO     | src.trading.executor:update_account_info:125 | 账户更新: 总值$99069.38, 买入力$398442.20
2025-06-12 12:34:04 | DEBUG    | src.bot.trading_bot:_update_market_data:177 | 市场数据更新完成
2025-06-12 12:34:08 | INFO     | src.trading.executor:update_account_info:125 | 账户更新: 总值$99069.38, 买入力$398442.20
2025-06-12 12:34:08 | DEBUG    | src.bot.trading_bot:_update_market_data:177 | 市场数据更新完成
2025-06-12 12:34:11 | INFO     | src.trading.executor:update_account_info:125 | 账户更新: 总值$99069.38, 买入力$398442.20
2025-06-12 12:34:11 | DEBUG    | src.bot.trading_bot:_update_market_data:177 | 市场数据更新完成
2025-06-12 12:34:14 | INFO     | src.trading.executor:update_account_info:125 | 账户更新: 总值$99069.38, 买入力$398442.20
2025-06-12 12:34:14 | DEBUG    | src.bot.trading_bot:_update_market_data:177 | 市场数据更新完成
2025-06-12 12:34:17 | INFO     | src.trading.executor:update_account_info:125 | 账户更新: 总值$99069.38, 买入力$398442.20
2025-06-12 12:34:17 | DEBUG    | src.bot.trading_bot:_update_market_data:177 | 市场数据更新完成
2025-06-12 12:34:21 | INFO     | src.trading.executor:update_account_info:125 | 账户更新: 总值$99069.38, 买入力$398442.20
2025-06-12 12:34:21 | DEBUG    | src.bot.trading_bot:_update_market_data:177 | 市场数据更新完成
2025-06-12 12:34:24 | INFO     | src.trading.executor:update_account_info:125 | 账户更新: 总值$99069.38, 买入力$398442.20
2025-06-12 12:34:24 | DEBUG    | src.bot.trading_bot:_update_market_data:177 | 市场数据更新完成
2025-06-12 12:34:27 | INFO     | src.trading.executor:update_account_info:125 | 账户更新: 总值$99069.38, 买入力$398442.20
2025-06-12 12:34:27 | DEBUG    | src.bot.trading_bot:_update_market_data:177 | 市场数据更新完成
2025-06-12 12:34:30 | INFO     | src.trading.executor:update_account_info:125 | 账户更新: 总值$99069.38, 买入力$398442.20
2025-06-12 12:34:30 | DEBUG    | src.bot.trading_bot:_update_market_data:177 | 市场数据更新完成
2025-06-12 12:34:33 | DEBUG    | src.bot.trading_bot:_update_positions_normal:249 | 📊 常规头寸更新完成
2025-06-12 12:34:34 | INFO     | src.trading.executor:update_account_info:125 | 账户更新: 总值$99069.38, 买入力$398442.20
2025-06-12 12:34:34 | DEBUG    | src.bot.trading_bot:_update_market_data:177 | 市场数据更新完成
2025-06-12 12:34:37 | INFO     | src.trading.executor:update_account_info:125 | 账户更新: 总值$99069.38, 买入力$398442.20
2025-06-12 12:34:37 | DEBUG    | src.bot.trading_bot:_update_market_data:177 | 市场数据更新完成
2025-06-12 12:34:40 | INFO     | src.trading.executor:update_account_info:125 | 账户更新: 总值$99069.38, 买入力$398442.20
2025-06-12 12:34:40 | DEBUG    | src.bot.trading_bot:_update_market_data:177 | 市场数据更新完成
2025-06-12 12:34:44 | INFO     | src.trading.executor:update_account_info:125 | 账户更新: 总值$99069.38, 买入力$398442.20
2025-06-12 12:34:44 | DEBUG    | src.bot.trading_bot:_update_market_data:177 | 市场数据更新完成
2025-06-12 12:34:47 | INFO     | src.trading.executor:update_account_info:125 | 账户更新: 总值$99069.38, 买入力$398442.20
2025-06-12 12:34:47 | DEBUG    | src.bot.trading_bot:_update_market_data:177 | 市场数据更新完成
2025-06-12 12:34:50 | INFO     | src.trading.executor:update_account_info:125 | 账户更新: 总值$99069.38, 买入力$398442.20
2025-06-12 12:34:50 | DEBUG    | src.bot.trading_bot:_update_market_data:177 | 市场数据更新完成
2025-06-12 12:34:53 | INFO     | src.trading.executor:update_account_info:125 | 账户更新: 总值$99069.38, 买入力$398442.20
2025-06-12 12:34:53 | DEBUG    | src.bot.trading_bot:_update_market_data:177 | 市场数据更新完成
2025-06-12 12:34:57 | INFO     | src.trading.executor:update_account_info:125 | 账户更新: 总值$99069.38, 买入力$398442.20
2025-06-12 12:34:57 | DEBUG    | src.bot.trading_bot:_update_market_data:177 | 市场数据更新完成
2025-06-12 12:35:00 | INFO     | src.trading.executor:update_account_info:125 | 账户更新: 总值$99069.38, 买入力$398442.20
2025-06-12 12:35:00 | DEBUG    | src.bot.trading_bot:_update_market_data:177 | 市场数据更新完成
2025-06-12 12:35:03 | INFO     | src.trading.executor:update_account_info:125 | 账户更新: 总值$99069.38, 买入力$398442.20
2025-06-12 12:35:03 | DEBUG    | src.bot.trading_bot:_update_market_data:177 | 市场数据更新完成
2025-06-12 12:35:06 | INFO     | src.trading.executor:update_account_info:125 | 账户更新: 总值$99069.38, 买入力$398442.20
2025-06-12 12:35:06 | DEBUG    | src.bot.trading_bot:_update_market_data:177 | 市场数据更新完成
2025-06-12 12:35:10 | INFO     | src.trading.executor:update_account_info:125 | 账户更新: 总值$99069.38, 买入力$398442.20
2025-06-12 12:35:10 | DEBUG    | src.bot.trading_bot:_update_market_data:177 | 市场数据更新完成
2025-06-12 12:35:13 | INFO     | src.trading.executor:update_account_info:125 | 账户更新: 总值$99069.38, 买入力$398442.20
2025-06-12 12:35:13 | DEBUG    | src.bot.trading_bot:_update_market_data:177 | 市场数据更新完成
2025-06-12 12:35:16 | INFO     | src.trading.executor:update_account_info:125 | 账户更新: 总值$99069.38, 买入力$398442.20
2025-06-12 12:35:16 | DEBUG    | src.bot.trading_bot:_update_market_data:177 | 市场数据更新完成
2025-06-12 12:35:20 | INFO     | src.trading.executor:update_account_info:125 | 账户更新: 总值$99069.38, 买入力$398442.20
2025-06-12 12:35:20 | DEBUG    | src.bot.trading_bot:_update_market_data:177 | 市场数据更新完成
2025-06-12 12:35:23 | INFO     | src.trading.executor:update_account_info:125 | 账户更新: 总值$99069.38, 买入力$398442.20
2025-06-12 12:35:23 | DEBUG    | src.bot.trading_bot:_update_market_data:177 | 市场数据更新完成
2025-06-12 12:35:26 | INFO     | src.trading.executor:update_account_info:125 | 账户更新: 总值$99069.38, 买入力$398442.20
2025-06-12 12:35:26 | DEBUG    | src.bot.trading_bot:_update_market_data:177 | 市场数据更新完成
2025-06-12 12:35:29 | INFO     | src.trading.executor:update_account_info:125 | 账户更新: 总值$99069.38, 买入力$398442.20
2025-06-12 12:35:29 | DEBUG    | src.bot.trading_bot:_update_market_data:177 | 市场数据更新完成
2025-06-12 12:35:33 | INFO     | src.trading.executor:update_account_info:125 | 账户更新: 总值$99069.38, 买入力$398442.20
2025-06-12 12:35:33 | DEBUG    | src.bot.trading_bot:_update_market_data:177 | 市场数据更新完成
2025-06-12 12:35:33 | DEBUG    | src.bot.trading_bot:_update_positions_normal:249 | 📊 常规头寸更新完成
2025-06-12 12:35:36 | INFO     | src.trading.executor:update_account_info:125 | 账户更新: 总值$99069.38, 买入力$398442.20
2025-06-12 12:35:36 | DEBUG    | src.bot.trading_bot:_update_market_data:177 | 市场数据更新完成
2025-06-12 12:35:39 | INFO     | src.trading.executor:update_account_info:125 | 账户更新: 总值$99069.38, 买入力$398442.20
2025-06-12 12:35:39 | DEBUG    | src.bot.trading_bot:_update_market_data:177 | 市场数据更新完成
2025-06-12 12:35:42 | INFO     | src.trading.executor:update_account_info:125 | 账户更新: 总值$99069.38, 买入力$398442.20
2025-06-12 12:35:42 | DEBUG    | src.bot.trading_bot:_update_market_data:177 | 市场数据更新完成
2025-06-12 12:35:46 | INFO     | src.trading.executor:update_account_info:125 | 账户更新: 总值$99069.38, 买入力$398442.20
2025-06-12 12:35:46 | DEBUG    | src.bot.trading_bot:_update_market_data:177 | 市场数据更新完成
2025-06-12 12:35:49 | INFO     | src.trading.executor:update_account_info:125 | 账户更新: 总值$99069.38, 买入力$398442.20
2025-06-12 12:35:49 | DEBUG    | src.bot.trading_bot:_update_market_data:177 | 市场数据更新完成
2025-06-12 12:35:52 | INFO     | src.trading.executor:update_account_info:125 | 账户更新: 总值$99069.38, 买入力$398442.20
2025-06-12 12:35:52 | DEBUG    | src.bot.trading_bot:_update_market_data:177 | 市场数据更新完成
2025-06-12 12:35:56 | INFO     | src.trading.executor:update_account_info:125 | 账户更新: 总值$99069.38, 买入力$398442.20
2025-06-12 12:35:56 | DEBUG    | src.bot.trading_bot:_update_market_data:177 | 市场数据更新完成
2025-06-12 12:35:59 | INFO     | src.trading.executor:update_account_info:125 | 账户更新: 总值$99069.38, 买入力$398442.20
2025-06-12 12:35:59 | DEBUG    | src.bot.trading_bot:_update_market_data:177 | 市场数据更新完成
2025-06-12 12:36:02 | INFO     | src.trading.executor:update_account_info:125 | 账户更新: 总值$99069.38, 买入力$398442.20
2025-06-12 12:36:02 | DEBUG    | src.bot.trading_bot:_update_market_data:177 | 市场数据更新完成
2025-06-12 12:36:06 | INFO     | src.trading.executor:update_account_info:125 | 账户更新: 总值$99069.38, 买入力$398442.20
2025-06-12 12:36:06 | DEBUG    | src.bot.trading_bot:_update_market_data:177 | 市场数据更新完成
2025-06-12 12:36:09 | INFO     | src.trading.executor:update_account_info:125 | 账户更新: 总值$99069.38, 买入力$398442.20
2025-06-12 12:36:09 | DEBUG    | src.bot.trading_bot:_update_market_data:177 | 市场数据更新完成
2025-06-12 12:36:12 | INFO     | src.trading.executor:update_account_info:125 | 账户更新: 总值$99069.38, 买入力$398442.20
2025-06-12 12:36:12 | DEBUG    | src.bot.trading_bot:_update_market_data:177 | 市场数据更新完成
2025-06-12 12:36:15 | INFO     | src.trading.executor:update_account_info:125 | 账户更新: 总值$99069.38, 买入力$398442.20
2025-06-12 12:36:15 | DEBUG    | src.bot.trading_bot:_update_market_data:177 | 市场数据更新完成
2025-06-12 12:36:19 | INFO     | src.trading.executor:update_account_info:125 | 账户更新: 总值$99069.38, 买入力$398442.20
2025-06-12 12:36:19 | DEBUG    | src.bot.trading_bot:_update_market_data:177 | 市场数据更新完成
2025-06-12 12:36:22 | INFO     | src.trading.executor:update_account_info:125 | 账户更新: 总值$99069.38, 买入力$398442.20
2025-06-12 12:36:22 | DEBUG    | src.bot.trading_bot:_update_market_data:177 | 市场数据更新完成
2025-06-12 12:36:25 | INFO     | src.trading.executor:update_account_info:125 | 账户更新: 总值$99069.38, 买入力$398442.20
2025-06-12 12:36:25 | DEBUG    | src.bot.trading_bot:_update_market_data:177 | 市场数据更新完成
2025-06-12 12:36:29 | INFO     | src.trading.executor:update_account_info:125 | 账户更新: 总值$99069.38, 买入力$398442.20
2025-06-12 12:36:29 | DEBUG    | src.bot.trading_bot:_update_market_data:177 | 市场数据更新完成
2025-06-12 12:36:32 | INFO     | src.trading.executor:update_account_info:125 | 账户更新: 总值$99069.38, 买入力$398442.20
2025-06-12 12:36:32 | DEBUG    | src.bot.trading_bot:_update_market_data:177 | 市场数据更新完成
2025-06-12 12:36:33 | DEBUG    | src.bot.trading_bot:_update_positions_normal:249 | 📊 常规头寸更新完成
2025-06-12 12:36:35 | INFO     | src.trading.executor:update_account_info:125 | 账户更新: 总值$99069.38, 买入力$398442.20
2025-06-12 12:36:35 | DEBUG    | src.bot.trading_bot:_update_market_data:177 | 市场数据更新完成
2025-06-12 12:36:38 | INFO     | src.trading.executor:update_account_info:125 | 账户更新: 总值$99069.38, 买入力$398442.20
2025-06-12 12:36:38 | DEBUG    | src.bot.trading_bot:_update_market_data:177 | 市场数据更新完成
2025-06-12 12:36:42 | INFO     | src.trading.executor:update_account_info:125 | 账户更新: 总值$99069.38, 买入力$398442.20
2025-06-12 12:36:42 | DEBUG    | src.bot.trading_bot:_update_market_data:177 | 市场数据更新完成
2025-06-12 12:36:45 | INFO     | src.trading.executor:update_account_info:125 | 账户更新: 总值$99069.38, 买入力$398442.20
2025-06-12 12:36:45 | DEBUG    | src.bot.trading_bot:_update_market_data:177 | 市场数据更新完成
2025-06-12 12:36:48 | INFO     | src.trading.executor:update_account_info:125 | 账户更新: 总值$99069.38, 买入力$398442.20
2025-06-12 12:36:48 | DEBUG    | src.bot.trading_bot:_update_market_data:177 | 市场数据更新完成
2025-06-12 12:36:51 | INFO     | src.trading.executor:update_account_info:125 | 账户更新: 总值$99069.38, 买入力$398442.20
2025-06-12 12:36:51 | DEBUG    | src.bot.trading_bot:_update_market_data:177 | 市场数据更新完成
2025-06-12 12:36:55 | INFO     | src.trading.executor:update_account_info:125 | 账户更新: 总值$99069.38, 买入力$398442.20
2025-06-12 12:36:55 | DEBUG    | src.bot.trading_bot:_update_market_data:177 | 市场数据更新完成
2025-06-12 12:36:58 | INFO     | src.trading.executor:update_account_info:125 | 账户更新: 总值$99069.38, 买入力$398442.20
2025-06-12 12:36:58 | DEBUG    | src.bot.trading_bot:_update_market_data:177 | 市场数据更新完成
2025-06-12 12:37:01 | INFO     | src.trading.executor:update_account_info:125 | 账户更新: 总值$99069.38, 买入力$398442.20
2025-06-12 12:37:01 | DEBUG    | src.bot.trading_bot:_update_market_data:177 | 市场数据更新完成
2025-06-12 12:37:05 | INFO     | src.trading.executor:update_account_info:125 | 账户更新: 总值$99069.38, 买入力$398442.20
2025-06-12 12:37:05 | DEBUG    | src.bot.trading_bot:_update_market_data:177 | 市场数据更新完成
2025-06-12 12:37:08 | INFO     | src.trading.executor:update_account_info:125 | 账户更新: 总值$99069.38, 买入力$398442.20
2025-06-12 12:37:08 | DEBUG    | src.bot.trading_bot:_update_market_data:177 | 市场数据更新完成
2025-06-12 12:37:11 | INFO     | src.trading.executor:update_account_info:125 | 账户更新: 总值$99069.38, 买入力$398442.20
2025-06-12 12:37:11 | DEBUG    | src.bot.trading_bot:_update_market_data:177 | 市场数据更新完成
2025-06-12 12:37:14 | INFO     | src.trading.executor:update_account_info:125 | 账户更新: 总值$99069.38, 买入力$398442.20
2025-06-12 12:37:14 | DEBUG    | src.bot.trading_bot:_update_market_data:177 | 市场数据更新完成
2025-06-12 12:37:18 | INFO     | src.trading.executor:update_account_info:125 | 账户更新: 总值$99069.38, 买入力$398442.20
2025-06-12 12:37:18 | DEBUG    | src.bot.trading_bot:_update_market_data:177 | 市场数据更新完成
2025-06-12 12:37:21 | INFO     | src.trading.executor:update_account_info:125 | 账户更新: 总值$99069.38, 买入力$398442.20
2025-06-12 12:37:21 | DEBUG    | src.bot.trading_bot:_update_market_data:177 | 市场数据更新完成
2025-06-12 12:37:24 | INFO     | src.trading.executor:update_account_info:125 | 账户更新: 总值$99069.38, 买入力$398442.20
2025-06-12 12:37:24 | DEBUG    | src.bot.trading_bot:_update_market_data:177 | 市场数据更新完成
2025-06-12 12:37:27 | INFO     | src.strategy.signals:generate_signals:468 | 生成信号: LONG - VWAP多头突破: 偏离0.14%, MACD转正
2025-06-12 12:37:27 | INFO     | src.bot.trading_bot:_check_signals:195 | 检测到信号: LONG 置信度: 0.85 原因: VWAP多头突破: 偏离0.14%, MACD转正
2025-06-12 12:37:27 | INFO     | src.utils.notifications:send_message:63 | [GENERAL] 📡 交易信号
类型: LONG
强度: MEDIUM
置信度: 0.85
价格: $599.41
原因: VWAP多头突破: 偏离0.14%, MACD转正
2025-06-12 12:37:27 | WARNING  | src.trading.executor:_check_trading_limits:301 | 已达到每日最大交易次数限制: 5
2025-06-12 12:37:27 | WARNING  | src.bot.trading_bot:_check_signals:209 | 信号执行失败: LONG
2025-06-12 12:37:28 | INFO     | src.trading.executor:update_account_info:125 | 账户更新: 总值$99069.38, 买入力$398442.20
2025-06-12 12:37:28 | DEBUG    | src.bot.trading_bot:_update_market_data:177 | 市场数据更新完成
2025-06-12 12:37:30 | INFO     | src.strategy.signals:generate_signals:468 | 生成信号: LONG - VWAP多头突破: 偏离0.14%, MACD转正
2025-06-12 12:37:30 | INFO     | src.bot.trading_bot:_check_signals:195 | 检测到信号: LONG 置信度: 0.85 原因: VWAP多头突破: 偏离0.14%, MACD转正
2025-06-12 12:37:30 | INFO     | src.utils.notifications:send_message:63 | [GENERAL] 📡 交易信号
类型: LONG
强度: MEDIUM
置信度: 0.85
价格: $599.41
原因: VWAP多头突破: 偏离0.14%, MACD转正
2025-06-12 12:37:30 | WARNING  | src.trading.executor:_check_trading_limits:301 | 已达到每日最大交易次数限制: 5
2025-06-12 12:37:30 | WARNING  | src.bot.trading_bot:_check_signals:209 | 信号执行失败: LONG
2025-06-12 12:37:31 | INFO     | src.trading.executor:update_account_info:125 | 账户更新: 总值$99069.38, 买入力$398442.20
2025-06-12 12:37:31 | DEBUG    | src.bot.trading_bot:_update_market_data:177 | 市场数据更新完成
2025-06-12 12:37:33 | INFO     | src.strategy.signals:generate_signals:468 | 生成信号: LONG - VWAP多头突破: 偏离0.14%, MACD转正
2025-06-12 12:37:33 | INFO     | src.bot.trading_bot:_check_signals:195 | 检测到信号: LONG 置信度: 0.85 原因: VWAP多头突破: 偏离0.14%, MACD转正
2025-06-12 12:37:33 | INFO     | src.utils.notifications:send_message:63 | [GENERAL] 📡 交易信号
类型: LONG
强度: MEDIUM
置信度: 0.85
价格: $599.41
原因: VWAP多头突破: 偏离0.14%, MACD转正
2025-06-12 12:37:33 | WARNING  | src.trading.executor:_check_trading_limits:301 | 已达到每日最大交易次数限制: 5
2025-06-12 12:37:33 | WARNING  | src.bot.trading_bot:_check_signals:209 | 信号执行失败: LONG
2025-06-12 12:37:33 | DEBUG    | src.bot.trading_bot:_update_positions_normal:249 | 📊 常规头寸更新完成
2025-06-12 12:37:35 | INFO     | src.trading.executor:update_account_info:125 | 账户更新: 总值$99069.38, 买入力$398442.20
2025-06-12 12:37:35 | DEBUG    | src.bot.trading_bot:_update_market_data:177 | 市场数据更新完成
2025-06-12 12:37:36 | INFO     | src.strategy.signals:generate_signals:468 | 生成信号: LONG - VWAP多头突破: 偏离0.14%, MACD转正
2025-06-12 12:37:36 | INFO     | src.bot.trading_bot:_check_signals:195 | 检测到信号: LONG 置信度: 0.85 原因: VWAP多头突破: 偏离0.14%, MACD转正
2025-06-12 12:37:36 | INFO     | src.utils.notifications:send_message:63 | [GENERAL] 📡 交易信号
类型: LONG
强度: MEDIUM
置信度: 0.85
价格: $599.41
原因: VWAP多头突破: 偏离0.14%, MACD转正
2025-06-12 12:37:36 | WARNING  | src.trading.executor:_check_trading_limits:301 | 已达到每日最大交易次数限制: 5
2025-06-12 12:37:36 | WARNING  | src.bot.trading_bot:_check_signals:209 | 信号执行失败: LONG
2025-06-12 12:37:38 | INFO     | src.trading.executor:update_account_info:125 | 账户更新: 总值$99069.38, 买入力$398442.20
2025-06-12 12:37:38 | DEBUG    | src.bot.trading_bot:_update_market_data:177 | 市场数据更新完成
2025-06-12 12:37:39 | INFO     | src.strategy.signals:generate_signals:468 | 生成信号: LONG - VWAP多头突破: 偏离0.14%, MACD转正
2025-06-12 12:37:39 | INFO     | src.bot.trading_bot:_check_signals:195 | 检测到信号: LONG 置信度: 0.85 原因: VWAP多头突破: 偏离0.14%, MACD转正
2025-06-12 12:37:39 | INFO     | src.utils.notifications:send_message:63 | [GENERAL] 📡 交易信号
类型: LONG
强度: MEDIUM
置信度: 0.85
价格: $599.41
原因: VWAP多头突破: 偏离0.14%, MACD转正
2025-06-12 12:37:39 | WARNING  | src.trading.executor:_check_trading_limits:301 | 已达到每日最大交易次数限制: 5
2025-06-12 12:37:39 | WARNING  | src.bot.trading_bot:_check_signals:209 | 信号执行失败: LONG
2025-06-12 12:37:42 | INFO     | src.trading.executor:update_account_info:125 | 账户更新: 总值$99069.38, 买入力$398442.20
2025-06-12 12:37:42 | DEBUG    | src.bot.trading_bot:_update_market_data:177 | 市场数据更新完成
2025-06-12 12:37:43 | INFO     | src.strategy.signals:generate_signals:468 | 生成信号: LONG - VWAP多头突破: 偏离0.14%, MACD转正
2025-06-12 12:37:43 | INFO     | src.bot.trading_bot:_check_signals:195 | 检测到信号: LONG 置信度: 0.85 原因: VWAP多头突破: 偏离0.14%, MACD转正
2025-06-12 12:37:43 | INFO     | src.utils.notifications:send_message:63 | [GENERAL] 📡 交易信号
类型: LONG
强度: MEDIUM
置信度: 0.85
价格: $599.41
原因: VWAP多头突破: 偏离0.14%, MACD转正
2025-06-12 12:37:43 | WARNING  | src.trading.executor:_check_trading_limits:301 | 已达到每日最大交易次数限制: 5
2025-06-12 12:37:43 | WARNING  | src.bot.trading_bot:_check_signals:209 | 信号执行失败: LONG
2025-06-12 12:37:45 | INFO     | src.trading.executor:update_account_info:125 | 账户更新: 总值$99069.38, 买入力$398442.20
2025-06-12 12:37:45 | DEBUG    | src.bot.trading_bot:_update_market_data:177 | 市场数据更新完成
2025-06-12 12:37:46 | INFO     | src.strategy.signals:generate_signals:468 | 生成信号: LONG - VWAP多头突破: 偏离0.14%, MACD转正
2025-06-12 12:37:46 | INFO     | src.bot.trading_bot:_check_signals:195 | 检测到信号: LONG 置信度: 0.85 原因: VWAP多头突破: 偏离0.14%, MACD转正
2025-06-12 12:37:46 | INFO     | src.utils.notifications:send_message:63 | [GENERAL] 📡 交易信号
类型: LONG
强度: MEDIUM
置信度: 0.85
价格: $599.41
原因: VWAP多头突破: 偏离0.14%, MACD转正
2025-06-12 12:37:46 | WARNING  | src.trading.executor:_check_trading_limits:301 | 已达到每日最大交易次数限制: 5
2025-06-12 12:37:46 | WARNING  | src.bot.trading_bot:_check_signals:209 | 信号执行失败: LONG
2025-06-12 12:37:48 | INFO     | src.trading.executor:update_account_info:125 | 账户更新: 总值$99069.38, 买入力$398442.20
2025-06-12 12:37:48 | DEBUG    | src.bot.trading_bot:_update_market_data:177 | 市场数据更新完成
2025-06-12 12:37:49 | INFO     | src.strategy.signals:generate_signals:468 | 生成信号: LONG - VWAP多头突破: 偏离0.14%, MACD转正
2025-06-12 12:37:49 | INFO     | src.bot.trading_bot:_check_signals:195 | 检测到信号: LONG 置信度: 0.85 原因: VWAP多头突破: 偏离0.14%, MACD转正
2025-06-12 12:37:49 | INFO     | src.utils.notifications:send_message:63 | [GENERAL] 📡 交易信号
类型: LONG
强度: MEDIUM
置信度: 0.85
价格: $599.41
原因: VWAP多头突破: 偏离0.14%, MACD转正
2025-06-12 12:37:49 | WARNING  | src.trading.executor:_check_trading_limits:301 | 已达到每日最大交易次数限制: 5
2025-06-12 12:37:49 | WARNING  | src.bot.trading_bot:_check_signals:209 | 信号执行失败: LONG
2025-06-12 12:37:51 | INFO     | src.trading.executor:update_account_info:125 | 账户更新: 总值$99069.38, 买入力$398442.20
2025-06-12 12:37:51 | DEBUG    | src.bot.trading_bot:_update_market_data:177 | 市场数据更新完成
2025-06-12 12:37:52 | INFO     | src.strategy.signals:generate_signals:468 | 生成信号: LONG - VWAP多头突破: 偏离0.14%, MACD转正
2025-06-12 12:37:52 | INFO     | src.bot.trading_bot:_check_signals:195 | 检测到信号: LONG 置信度: 0.85 原因: VWAP多头突破: 偏离0.14%, MACD转正
2025-06-12 12:37:52 | INFO     | src.utils.notifications:send_message:63 | [GENERAL] 📡 交易信号
类型: LONG
强度: MEDIUM
置信度: 0.85
价格: $599.41
原因: VWAP多头突破: 偏离0.14%, MACD转正
2025-06-12 12:37:52 | WARNING  | src.trading.executor:_check_trading_limits:301 | 已达到每日最大交易次数限制: 5
2025-06-12 12:37:52 | WARNING  | src.bot.trading_bot:_check_signals:209 | 信号执行失败: LONG
2025-06-12 12:37:55 | INFO     | src.trading.executor:update_account_info:125 | 账户更新: 总值$99069.38, 买入力$398442.20
2025-06-12 12:37:55 | DEBUG    | src.bot.trading_bot:_update_market_data:177 | 市场数据更新完成
2025-06-12 12:37:56 | INFO     | src.strategy.signals:generate_signals:468 | 生成信号: LONG - VWAP多头突破: 偏离0.14%, MACD转正
2025-06-12 12:37:56 | INFO     | src.bot.trading_bot:_check_signals:195 | 检测到信号: LONG 置信度: 0.85 原因: VWAP多头突破: 偏离0.14%, MACD转正
2025-06-12 12:37:56 | INFO     | src.utils.notifications:send_message:63 | [GENERAL] 📡 交易信号
类型: LONG
强度: MEDIUM
置信度: 0.85
价格: $599.41
原因: VWAP多头突破: 偏离0.14%, MACD转正
2025-06-12 12:37:56 | WARNING  | src.trading.executor:_check_trading_limits:301 | 已达到每日最大交易次数限制: 5
2025-06-12 12:37:56 | WARNING  | src.bot.trading_bot:_check_signals:209 | 信号执行失败: LONG
2025-06-12 12:37:58 | INFO     | src.trading.executor:update_account_info:125 | 账户更新: 总值$99069.38, 买入力$398442.20
2025-06-12 12:37:58 | DEBUG    | src.bot.trading_bot:_update_market_data:177 | 市场数据更新完成
2025-06-12 12:37:59 | INFO     | src.strategy.signals:generate_signals:468 | 生成信号: LONG - VWAP多头突破: 偏离0.14%, MACD转正
2025-06-12 12:37:59 | INFO     | src.bot.trading_bot:_check_signals:195 | 检测到信号: LONG 置信度: 0.85 原因: VWAP多头突破: 偏离0.14%, MACD转正
2025-06-12 12:37:59 | INFO     | src.utils.notifications:send_message:63 | [GENERAL] 📡 交易信号
类型: LONG
强度: MEDIUM
置信度: 0.85
价格: $599.41
原因: VWAP多头突破: 偏离0.14%, MACD转正
2025-06-12 12:37:59 | WARNING  | src.trading.executor:_check_trading_limits:301 | 已达到每日最大交易次数限制: 5
2025-06-12 12:37:59 | WARNING  | src.bot.trading_bot:_check_signals:209 | 信号执行失败: LONG
2025-06-12 12:38:01 | INFO     | src.trading.executor:update_account_info:125 | 账户更新: 总值$99069.38, 买入力$398442.20
2025-06-12 12:38:01 | DEBUG    | src.bot.trading_bot:_update_market_data:177 | 市场数据更新完成
2025-06-12 12:38:02 | INFO     | src.strategy.signals:generate_signals:468 | 生成信号: LONG - VWAP多头突破: 偏离0.14%, MACD转正
2025-06-12 12:38:02 | INFO     | src.bot.trading_bot:_check_signals:195 | 检测到信号: LONG 置信度: 0.85 原因: VWAP多头突破: 偏离0.14%, MACD转正
2025-06-12 12:38:02 | INFO     | src.utils.notifications:send_message:63 | [GENERAL] 📡 交易信号
类型: LONG
强度: MEDIUM
置信度: 0.85
价格: $599.41
原因: VWAP多头突破: 偏离0.14%, MACD转正
2025-06-12 12:38:02 | WARNING  | src.trading.executor:_check_trading_limits:301 | 已达到每日最大交易次数限制: 5
2025-06-12 12:38:02 | WARNING  | src.bot.trading_bot:_check_signals:209 | 信号执行失败: LONG
2025-06-12 12:38:05 | INFO     | src.trading.executor:update_account_info:125 | 账户更新: 总值$99069.38, 买入力$398442.20
2025-06-12 12:38:05 | DEBUG    | src.bot.trading_bot:_update_market_data:177 | 市场数据更新完成
2025-06-12 12:38:06 | INFO     | src.strategy.signals:generate_signals:468 | 生成信号: LONG - VWAP多头突破: 偏离0.14%, MACD转正
2025-06-12 12:38:06 | INFO     | src.bot.trading_bot:_check_signals:195 | 检测到信号: LONG 置信度: 0.85 原因: VWAP多头突破: 偏离0.14%, MACD转正
2025-06-12 12:38:06 | INFO     | src.utils.notifications:send_message:63 | [GENERAL] 📡 交易信号
类型: LONG
强度: MEDIUM
置信度: 0.85
价格: $599.41
原因: VWAP多头突破: 偏离0.14%, MACD转正
2025-06-12 12:38:06 | WARNING  | src.trading.executor:_check_trading_limits:301 | 已达到每日最大交易次数限制: 5
2025-06-12 12:38:06 | WARNING  | src.bot.trading_bot:_check_signals:209 | 信号执行失败: LONG
2025-06-12 12:38:08 | INFO     | src.trading.executor:update_account_info:125 | 账户更新: 总值$99069.38, 买入力$398442.20
2025-06-12 12:38:08 | DEBUG    | src.bot.trading_bot:_update_market_data:177 | 市场数据更新完成
2025-06-12 12:38:09 | INFO     | src.strategy.signals:generate_signals:468 | 生成信号: LONG - VWAP多头突破: 偏离0.14%, MACD转正
2025-06-12 12:38:09 | INFO     | src.bot.trading_bot:_check_signals:195 | 检测到信号: LONG 置信度: 0.85 原因: VWAP多头突破: 偏离0.14%, MACD转正
2025-06-12 12:38:09 | INFO     | src.utils.notifications:send_message:63 | [GENERAL] 📡 交易信号
类型: LONG
强度: MEDIUM
置信度: 0.85
价格: $599.41
原因: VWAP多头突破: 偏离0.14%, MACD转正
2025-06-12 12:38:09 | WARNING  | src.trading.executor:_check_trading_limits:301 | 已达到每日最大交易次数限制: 5
2025-06-12 12:38:09 | WARNING  | src.bot.trading_bot:_check_signals:209 | 信号执行失败: LONG
2025-06-12 12:38:11 | INFO     | src.trading.executor:update_account_info:125 | 账户更新: 总值$99069.38, 买入力$398442.20
2025-06-12 12:38:11 | DEBUG    | src.bot.trading_bot:_update_market_data:177 | 市场数据更新完成
2025-06-12 12:38:12 | INFO     | src.strategy.signals:generate_signals:468 | 生成信号: LONG - VWAP多头突破: 偏离0.14%, MACD转正
2025-06-12 12:38:12 | INFO     | src.bot.trading_bot:_check_signals:195 | 检测到信号: LONG 置信度: 0.85 原因: VWAP多头突破: 偏离0.14%, MACD转正
2025-06-12 12:38:12 | INFO     | src.utils.notifications:send_message:63 | [GENERAL] 📡 交易信号
类型: LONG
强度: MEDIUM
置信度: 0.85
价格: $599.41
原因: VWAP多头突破: 偏离0.14%, MACD转正
2025-06-12 12:38:12 | WARNING  | src.trading.executor:_check_trading_limits:301 | 已达到每日最大交易次数限制: 5
2025-06-12 12:38:12 | WARNING  | src.bot.trading_bot:_check_signals:209 | 信号执行失败: LONG
2025-06-12 12:38:14 | INFO     | src.trading.executor:update_account_info:125 | 账户更新: 总值$99069.38, 买入力$398442.20
2025-06-12 12:38:14 | DEBUG    | src.bot.trading_bot:_update_market_data:177 | 市场数据更新完成
2025-06-12 12:38:15 | INFO     | src.strategy.signals:generate_signals:468 | 生成信号: LONG - VWAP多头突破: 偏离0.14%, MACD转正
2025-06-12 12:38:15 | INFO     | src.bot.trading_bot:_check_signals:195 | 检测到信号: LONG 置信度: 0.85 原因: VWAP多头突破: 偏离0.14%, MACD转正
2025-06-12 12:38:15 | INFO     | src.utils.notifications:send_message:63 | [GENERAL] 📡 交易信号
类型: LONG
强度: MEDIUM
置信度: 0.85
价格: $599.41
原因: VWAP多头突破: 偏离0.14%, MACD转正
2025-06-12 12:38:15 | WARNING  | src.trading.executor:_check_trading_limits:301 | 已达到每日最大交易次数限制: 5
2025-06-12 12:38:15 | WARNING  | src.bot.trading_bot:_check_signals:209 | 信号执行失败: LONG
2025-06-12 12:38:17 | INFO     | src.trading.executor:update_account_info:125 | 账户更新: 总值$99069.38, 买入力$398442.20
2025-06-12 12:38:17 | DEBUG    | src.bot.trading_bot:_update_market_data:177 | 市场数据更新完成
2025-06-12 12:38:18 | INFO     | src.strategy.signals:generate_signals:468 | 生成信号: LONG - VWAP多头突破: 偏离0.14%, MACD转正
2025-06-12 12:38:18 | INFO     | src.bot.trading_bot:_check_signals:195 | 检测到信号: LONG 置信度: 0.85 原因: VWAP多头突破: 偏离0.14%, MACD转正
2025-06-12 12:38:18 | INFO     | src.utils.notifications:send_message:63 | [GENERAL] 📡 交易信号
类型: LONG
强度: MEDIUM
置信度: 0.85
价格: $599.41
原因: VWAP多头突破: 偏离0.14%, MACD转正
2025-06-12 12:38:18 | WARNING  | src.trading.executor:_check_trading_limits:301 | 已达到每日最大交易次数限制: 5
2025-06-12 12:38:18 | WARNING  | src.bot.trading_bot:_check_signals:209 | 信号执行失败: LONG
2025-06-12 12:38:21 | INFO     | src.trading.executor:update_account_info:125 | 账户更新: 总值$99069.38, 买入力$398442.20
2025-06-12 12:38:21 | DEBUG    | src.bot.trading_bot:_update_market_data:177 | 市场数据更新完成
2025-06-12 12:38:22 | INFO     | src.strategy.signals:generate_signals:468 | 生成信号: LONG - VWAP多头突破: 偏离0.14%, MACD转正
2025-06-12 12:38:22 | INFO     | src.bot.trading_bot:_check_signals:195 | 检测到信号: LONG 置信度: 0.85 原因: VWAP多头突破: 偏离0.14%, MACD转正
2025-06-12 12:38:22 | INFO     | src.utils.notifications:send_message:63 | [GENERAL] 📡 交易信号
类型: LONG
强度: MEDIUM
置信度: 0.85
价格: $599.41
原因: VWAP多头突破: 偏离0.14%, MACD转正
2025-06-12 12:38:22 | WARNING  | src.trading.executor:_check_trading_limits:301 | 已达到每日最大交易次数限制: 5
2025-06-12 12:38:22 | WARNING  | src.bot.trading_bot:_check_signals:209 | 信号执行失败: LONG
2025-06-12 12:38:24 | INFO     | src.trading.executor:update_account_info:125 | 账户更新: 总值$99069.38, 买入力$398442.20
2025-06-12 12:38:24 | DEBUG    | src.bot.trading_bot:_update_market_data:177 | 市场数据更新完成
2025-06-12 12:38:25 | INFO     | src.strategy.signals:generate_signals:468 | 生成信号: LONG - VWAP多头突破: 偏离0.14%, MACD转正
2025-06-12 12:38:25 | INFO     | src.bot.trading_bot:_check_signals:195 | 检测到信号: LONG 置信度: 0.85 原因: VWAP多头突破: 偏离0.14%, MACD转正
2025-06-12 12:38:25 | INFO     | src.utils.notifications:send_message:63 | [GENERAL] 📡 交易信号
类型: LONG
强度: MEDIUM
置信度: 0.85
价格: $599.41
原因: VWAP多头突破: 偏离0.14%, MACD转正
2025-06-12 12:38:25 | WARNING  | src.trading.executor:_check_trading_limits:301 | 已达到每日最大交易次数限制: 5
2025-06-12 12:38:25 | WARNING  | src.bot.trading_bot:_check_signals:209 | 信号执行失败: LONG
2025-06-12 12:38:27 | INFO     | src.trading.executor:update_account_info:125 | 账户更新: 总值$99069.38, 买入力$398442.20
2025-06-12 12:38:27 | DEBUG    | src.bot.trading_bot:_update_market_data:177 | 市场数据更新完成
2025-06-12 12:38:28 | INFO     | src.strategy.signals:generate_signals:468 | 生成信号: LONG - VWAP多头突破: 偏离0.14%, MACD转正
2025-06-12 12:38:28 | INFO     | src.bot.trading_bot:_check_signals:195 | 检测到信号: LONG 置信度: 0.85 原因: VWAP多头突破: 偏离0.14%, MACD转正
2025-06-12 12:38:28 | INFO     | src.utils.notifications:send_message:63 | [GENERAL] 📡 交易信号
类型: LONG
强度: MEDIUM
置信度: 0.85
价格: $599.41
原因: VWAP多头突破: 偏离0.14%, MACD转正
2025-06-12 12:38:28 | WARNING  | src.trading.executor:_check_trading_limits:301 | 已达到每日最大交易次数限制: 5
2025-06-12 12:38:28 | WARNING  | src.bot.trading_bot:_check_signals:209 | 信号执行失败: LONG
2025-06-12 12:38:31 | INFO     | src.trading.executor:update_account_info:125 | 账户更新: 总值$99069.38, 买入力$398442.20
2025-06-12 12:38:31 | DEBUG    | src.bot.trading_bot:_update_market_data:177 | 市场数据更新完成
2025-06-12 12:38:33 | DEBUG    | src.bot.trading_bot:_update_positions_normal:249 | 📊 常规头寸更新完成
2025-06-12 12:38:34 | INFO     | src.trading.executor:update_account_info:125 | 账户更新: 总值$99069.38, 买入力$398442.20
2025-06-12 12:38:34 | DEBUG    | src.bot.trading_bot:_update_market_data:177 | 市场数据更新完成
2025-06-12 12:38:37 | INFO     | src.trading.executor:update_account_info:125 | 账户更新: 总值$99069.38, 买入力$398442.20
2025-06-12 12:38:37 | DEBUG    | src.bot.trading_bot:_update_market_data:177 | 市场数据更新完成
2025-06-12 12:38:41 | INFO     | src.trading.executor:update_account_info:125 | 账户更新: 总值$99069.38, 买入力$398442.20
2025-06-12 12:38:41 | DEBUG    | src.bot.trading_bot:_update_market_data:177 | 市场数据更新完成
2025-06-12 12:38:44 | INFO     | src.trading.executor:update_account_info:125 | 账户更新: 总值$99069.38, 买入力$398442.20
2025-06-12 12:38:44 | DEBUG    | src.bot.trading_bot:_update_market_data:177 | 市场数据更新完成
2025-06-12 12:38:47 | INFO     | src.trading.executor:update_account_info:125 | 账户更新: 总值$99069.38, 买入力$398442.20
2025-06-12 12:38:47 | DEBUG    | src.bot.trading_bot:_update_market_data:177 | 市场数据更新完成
2025-06-12 12:38:50 | INFO     | src.trading.executor:update_account_info:125 | 账户更新: 总值$99069.38, 买入力$398442.20
2025-06-12 12:38:50 | DEBUG    | src.bot.trading_bot:_update_market_data:177 | 市场数据更新完成
2025-06-12 12:38:54 | INFO     | src.trading.executor:update_account_info:125 | 账户更新: 总值$99069.38, 买入力$398442.20
2025-06-12 12:38:54 | DEBUG    | src.bot.trading_bot:_update_market_data:177 | 市场数据更新完成
2025-06-12 12:38:57 | INFO     | src.trading.executor:update_account_info:125 | 账户更新: 总值$99069.38, 买入力$398442.20
2025-06-12 12:38:57 | DEBUG    | src.bot.trading_bot:_update_market_data:177 | 市场数据更新完成
2025-06-12 12:39:00 | INFO     | src.trading.executor:update_account_info:125 | 账户更新: 总值$99069.38, 买入力$398442.20
2025-06-12 12:39:00 | DEBUG    | src.bot.trading_bot:_update_market_data:177 | 市场数据更新完成
2025-06-12 12:39:03 | INFO     | src.trading.executor:update_account_info:125 | 账户更新: 总值$99069.38, 买入力$398442.20
2025-06-12 12:39:03 | DEBUG    | src.bot.trading_bot:_update_market_data:177 | 市场数据更新完成
2025-06-12 12:39:04 | INFO     | src.strategy.signals:generate_signals:468 | 生成信号: LONG - VWAP多头突破: 偏离0.17%, MACD转正
2025-06-12 12:39:04 | INFO     | src.bot.trading_bot:_check_signals:195 | 检测到信号: LONG 置信度: 0.85 原因: VWAP多头突破: 偏离0.17%, MACD转正
2025-06-12 12:39:04 | INFO     | src.utils.notifications:send_message:63 | [GENERAL] 📡 交易信号
类型: LONG
强度: MEDIUM
置信度: 0.85
价格: $599.65
原因: VWAP多头突破: 偏离0.17%, MACD转正
2025-06-12 12:39:04 | WARNING  | src.trading.executor:_check_trading_limits:301 | 已达到每日最大交易次数限制: 5
2025-06-12 12:39:04 | WARNING  | src.bot.trading_bot:_check_signals:209 | 信号执行失败: LONG
2025-06-12 12:39:07 | INFO     | src.trading.executor:update_account_info:125 | 账户更新: 总值$99069.38, 买入力$398442.20
2025-06-12 12:39:07 | DEBUG    | src.bot.trading_bot:_update_market_data:177 | 市场数据更新完成
2025-06-12 12:39:07 | INFO     | src.strategy.signals:generate_signals:468 | 生成信号: LONG - VWAP多头突破: 偏离0.17%, MACD转正
2025-06-12 12:39:07 | INFO     | src.bot.trading_bot:_check_signals:195 | 检测到信号: LONG 置信度: 0.85 原因: VWAP多头突破: 偏离0.17%, MACD转正
2025-06-12 12:39:07 | INFO     | src.utils.notifications:send_message:63 | [GENERAL] 📡 交易信号
类型: LONG
强度: MEDIUM
置信度: 0.85
价格: $599.65
原因: VWAP多头突破: 偏离0.17%, MACD转正
2025-06-12 12:39:07 | WARNING  | src.trading.executor:_check_trading_limits:301 | 已达到每日最大交易次数限制: 5
2025-06-12 12:39:07 | WARNING  | src.bot.trading_bot:_check_signals:209 | 信号执行失败: LONG
2025-06-12 12:39:10 | INFO     | src.trading.executor:update_account_info:125 | 账户更新: 总值$99069.38, 买入力$398442.20
2025-06-12 12:39:10 | DEBUG    | src.bot.trading_bot:_update_market_data:177 | 市场数据更新完成
2025-06-12 12:39:11 | INFO     | src.strategy.signals:generate_signals:468 | 生成信号: LONG - VWAP多头突破: 偏离0.17%, MACD转正
2025-06-12 12:39:11 | INFO     | src.bot.trading_bot:_check_signals:195 | 检测到信号: LONG 置信度: 0.85 原因: VWAP多头突破: 偏离0.17%, MACD转正
2025-06-12 12:39:11 | INFO     | src.utils.notifications:send_message:63 | [GENERAL] 📡 交易信号
类型: LONG
强度: MEDIUM
置信度: 0.85
价格: $599.65
原因: VWAP多头突破: 偏离0.17%, MACD转正
2025-06-12 12:39:11 | WARNING  | src.trading.executor:_check_trading_limits:301 | 已达到每日最大交易次数限制: 5
2025-06-12 12:39:11 | WARNING  | src.bot.trading_bot:_check_signals:209 | 信号执行失败: LONG
2025-06-12 12:39:13 | INFO     | src.trading.executor:update_account_info:125 | 账户更新: 总值$99069.38, 买入力$398442.20
2025-06-12 12:39:13 | DEBUG    | src.bot.trading_bot:_update_market_data:177 | 市场数据更新完成
2025-06-12 12:39:14 | INFO     | src.strategy.signals:generate_signals:468 | 生成信号: LONG - VWAP多头突破: 偏离0.17%, MACD转正
2025-06-12 12:39:14 | INFO     | src.bot.trading_bot:_check_signals:195 | 检测到信号: LONG 置信度: 0.85 原因: VWAP多头突破: 偏离0.17%, MACD转正
2025-06-12 12:39:14 | INFO     | src.utils.notifications:send_message:63 | [GENERAL] 📡 交易信号
类型: LONG
强度: MEDIUM
置信度: 0.85
价格: $599.65
原因: VWAP多头突破: 偏离0.17%, MACD转正
2025-06-12 12:39:14 | WARNING  | src.trading.executor:_check_trading_limits:301 | 已达到每日最大交易次数限制: 5
2025-06-12 12:39:14 | WARNING  | src.bot.trading_bot:_check_signals:209 | 信号执行失败: LONG
2025-06-12 12:39:17 | INFO     | src.trading.executor:update_account_info:125 | 账户更新: 总值$99069.38, 买入力$398442.20
2025-06-12 12:39:17 | DEBUG    | src.bot.trading_bot:_update_market_data:177 | 市场数据更新完成
2025-06-12 12:39:17 | INFO     | src.strategy.signals:generate_signals:468 | 生成信号: LONG - VWAP多头突破: 偏离0.17%, MACD转正
2025-06-12 12:39:17 | INFO     | src.bot.trading_bot:_check_signals:195 | 检测到信号: LONG 置信度: 0.85 原因: VWAP多头突破: 偏离0.17%, MACD转正
2025-06-12 12:39:17 | INFO     | src.utils.notifications:send_message:63 | [GENERAL] 📡 交易信号
类型: LONG
强度: MEDIUM
置信度: 0.85
价格: $599.65
原因: VWAP多头突破: 偏离0.17%, MACD转正
2025-06-12 12:39:17 | WARNING  | src.trading.executor:_check_trading_limits:301 | 已达到每日最大交易次数限制: 5
2025-06-12 12:39:17 | WARNING  | src.bot.trading_bot:_check_signals:209 | 信号执行失败: LONG
2025-06-12 12:39:20 | INFO     | src.trading.executor:update_account_info:125 | 账户更新: 总值$99069.38, 买入力$398442.20
2025-06-12 12:39:20 | DEBUG    | src.bot.trading_bot:_update_market_data:177 | 市场数据更新完成
2025-06-12 12:39:20 | INFO     | src.strategy.signals:generate_signals:468 | 生成信号: LONG - VWAP多头突破: 偏离0.17%, MACD转正
2025-06-12 12:39:20 | INFO     | src.bot.trading_bot:_check_signals:195 | 检测到信号: LONG 置信度: 0.85 原因: VWAP多头突破: 偏离0.17%, MACD转正
2025-06-12 12:39:20 | INFO     | src.utils.notifications:send_message:63 | [GENERAL] 📡 交易信号
类型: LONG
强度: MEDIUM
置信度: 0.85
价格: $599.65
原因: VWAP多头突破: 偏离0.17%, MACD转正
2025-06-12 12:39:20 | WARNING  | src.trading.executor:_check_trading_limits:301 | 已达到每日最大交易次数限制: 5
2025-06-12 12:39:20 | WARNING  | src.bot.trading_bot:_check_signals:209 | 信号执行失败: LONG
2025-06-12 12:39:23 | INFO     | src.trading.executor:update_account_info:125 | 账户更新: 总值$99069.38, 买入力$398442.20
2025-06-12 12:39:23 | DEBUG    | src.bot.trading_bot:_update_market_data:177 | 市场数据更新完成
2025-06-12 12:39:24 | INFO     | src.strategy.signals:generate_signals:468 | 生成信号: LONG - VWAP多头突破: 偏离0.17%, MACD转正
2025-06-12 12:39:24 | INFO     | src.bot.trading_bot:_check_signals:195 | 检测到信号: LONG 置信度: 0.85 原因: VWAP多头突破: 偏离0.17%, MACD转正
2025-06-12 12:39:24 | INFO     | src.utils.notifications:send_message:63 | [GENERAL] 📡 交易信号
类型: LONG
强度: MEDIUM
置信度: 0.85
价格: $599.65
原因: VWAP多头突破: 偏离0.17%, MACD转正
2025-06-12 12:39:24 | WARNING  | src.trading.executor:_check_trading_limits:301 | 已达到每日最大交易次数限制: 5
2025-06-12 12:39:24 | WARNING  | src.bot.trading_bot:_check_signals:209 | 信号执行失败: LONG
2025-06-12 12:39:26 | INFO     | src.trading.executor:update_account_info:125 | 账户更新: 总值$99069.38, 买入力$398442.20
2025-06-12 12:39:26 | DEBUG    | src.bot.trading_bot:_update_market_data:177 | 市场数据更新完成
2025-06-12 12:39:27 | INFO     | src.strategy.signals:generate_signals:468 | 生成信号: LONG - VWAP多头突破: 偏离0.17%, MACD转正
2025-06-12 12:39:27 | INFO     | src.bot.trading_bot:_check_signals:195 | 检测到信号: LONG 置信度: 0.85 原因: VWAP多头突破: 偏离0.17%, MACD转正
2025-06-12 12:39:27 | INFO     | src.utils.notifications:send_message:63 | [GENERAL] 📡 交易信号
类型: LONG
强度: MEDIUM
置信度: 0.85
价格: $599.65
原因: VWAP多头突破: 偏离0.17%, MACD转正
2025-06-12 12:39:27 | WARNING  | src.trading.executor:_check_trading_limits:301 | 已达到每日最大交易次数限制: 5
2025-06-12 12:39:27 | WARNING  | src.bot.trading_bot:_check_signals:209 | 信号执行失败: LONG
2025-06-12 12:39:30 | INFO     | src.trading.executor:update_account_info:125 | 账户更新: 总值$99069.38, 买入力$398442.20
2025-06-12 12:39:30 | DEBUG    | src.bot.trading_bot:_update_market_data:177 | 市场数据更新完成
2025-06-12 12:39:30 | INFO     | src.strategy.signals:generate_signals:468 | 生成信号: LONG - VWAP多头突破: 偏离0.17%, MACD转正
2025-06-12 12:39:30 | INFO     | src.bot.trading_bot:_check_signals:195 | 检测到信号: LONG 置信度: 0.85 原因: VWAP多头突破: 偏离0.17%, MACD转正
2025-06-12 12:39:30 | INFO     | src.utils.notifications:send_message:63 | [GENERAL] 📡 交易信号
类型: LONG
强度: MEDIUM
置信度: 0.85
价格: $599.65
原因: VWAP多头突破: 偏离0.17%, MACD转正
2025-06-12 12:39:30 | WARNING  | src.trading.executor:_check_trading_limits:301 | 已达到每日最大交易次数限制: 5
2025-06-12 12:39:30 | WARNING  | src.bot.trading_bot:_check_signals:209 | 信号执行失败: LONG
2025-06-12 12:39:33 | INFO     | src.trading.executor:update_account_info:125 | 账户更新: 总值$99069.38, 买入力$398442.20
2025-06-12 12:39:33 | DEBUG    | src.bot.trading_bot:_update_market_data:177 | 市场数据更新完成
2025-06-12 12:39:34 | DEBUG    | src.bot.trading_bot:_update_positions_normal:249 | 📊 常规头寸更新完成
2025-06-12 12:39:34 | INFO     | src.strategy.signals:generate_signals:468 | 生成信号: LONG - VWAP多头突破: 偏离0.17%, MACD转正
2025-06-12 12:39:34 | INFO     | src.bot.trading_bot:_check_signals:195 | 检测到信号: LONG 置信度: 0.85 原因: VWAP多头突破: 偏离0.17%, MACD转正
2025-06-12 12:39:34 | INFO     | src.utils.notifications:send_message:63 | [GENERAL] 📡 交易信号
类型: LONG
强度: MEDIUM
置信度: 0.85
价格: $599.65
原因: VWAP多头突破: 偏离0.17%, MACD转正
2025-06-12 12:39:34 | WARNING  | src.trading.executor:_check_trading_limits:301 | 已达到每日最大交易次数限制: 5
2025-06-12 12:39:34 | WARNING  | src.bot.trading_bot:_check_signals:209 | 信号执行失败: LONG
2025-06-12 12:39:36 | INFO     | src.trading.executor:update_account_info:125 | 账户更新: 总值$99069.38, 买入力$398442.20
2025-06-12 12:39:36 | DEBUG    | src.bot.trading_bot:_update_market_data:177 | 市场数据更新完成
2025-06-12 12:39:37 | INFO     | src.strategy.signals:generate_signals:468 | 生成信号: LONG - VWAP多头突破: 偏离0.17%, MACD转正
2025-06-12 12:39:37 | INFO     | src.bot.trading_bot:_check_signals:195 | 检测到信号: LONG 置信度: 0.85 原因: VWAP多头突破: 偏离0.17%, MACD转正
2025-06-12 12:39:37 | INFO     | src.utils.notifications:send_message:63 | [GENERAL] 📡 交易信号
类型: LONG
强度: MEDIUM
置信度: 0.85
价格: $599.65
原因: VWAP多头突破: 偏离0.17%, MACD转正
2025-06-12 12:39:37 | WARNING  | src.trading.executor:_check_trading_limits:301 | 已达到每日最大交易次数限制: 5
2025-06-12 12:39:37 | WARNING  | src.bot.trading_bot:_check_signals:209 | 信号执行失败: LONG
2025-06-12 12:39:40 | INFO     | src.trading.executor:update_account_info:125 | 账户更新: 总值$99069.38, 买入力$398442.20
2025-06-12 12:39:40 | DEBUG    | src.bot.trading_bot:_update_market_data:177 | 市场数据更新完成
2025-06-12 12:39:40 | INFO     | src.strategy.signals:generate_signals:468 | 生成信号: LONG - VWAP多头突破: 偏离0.17%, MACD转正
2025-06-12 12:39:40 | INFO     | src.bot.trading_bot:_check_signals:195 | 检测到信号: LONG 置信度: 0.85 原因: VWAP多头突破: 偏离0.17%, MACD转正
2025-06-12 12:39:40 | INFO     | src.utils.notifications:send_message:63 | [GENERAL] 📡 交易信号
类型: LONG
强度: MEDIUM
置信度: 0.85
价格: $599.65
原因: VWAP多头突破: 偏离0.17%, MACD转正
2025-06-12 12:39:40 | WARNING  | src.trading.executor:_check_trading_limits:301 | 已达到每日最大交易次数限制: 5
2025-06-12 12:39:40 | WARNING  | src.bot.trading_bot:_check_signals:209 | 信号执行失败: LONG
2025-06-12 12:39:43 | INFO     | src.trading.executor:update_account_info:125 | 账户更新: 总值$99069.38, 买入力$398442.20
2025-06-12 12:39:43 | DEBUG    | src.bot.trading_bot:_update_market_data:177 | 市场数据更新完成
2025-06-12 12:39:44 | INFO     | src.strategy.signals:generate_signals:468 | 生成信号: LONG - VWAP多头突破: 偏离0.17%, MACD转正
2025-06-12 12:39:44 | INFO     | src.bot.trading_bot:_check_signals:195 | 检测到信号: LONG 置信度: 0.85 原因: VWAP多头突破: 偏离0.17%, MACD转正
2025-06-12 12:39:44 | INFO     | src.utils.notifications:send_message:63 | [GENERAL] 📡 交易信号
类型: LONG
强度: MEDIUM
置信度: 0.85
价格: $599.65
原因: VWAP多头突破: 偏离0.17%, MACD转正
2025-06-12 12:39:44 | WARNING  | src.trading.executor:_check_trading_limits:301 | 已达到每日最大交易次数限制: 5
2025-06-12 12:39:44 | WARNING  | src.bot.trading_bot:_check_signals:209 | 信号执行失败: LONG
2025-06-12 12:39:46 | INFO     | src.trading.executor:update_account_info:125 | 账户更新: 总值$99069.38, 买入力$398442.20
2025-06-12 12:39:46 | DEBUG    | src.bot.trading_bot:_update_market_data:177 | 市场数据更新完成
2025-06-12 12:39:47 | INFO     | src.strategy.signals:generate_signals:468 | 生成信号: LONG - VWAP多头突破: 偏离0.17%, MACD转正
2025-06-12 12:39:47 | INFO     | src.bot.trading_bot:_check_signals:195 | 检测到信号: LONG 置信度: 0.85 原因: VWAP多头突破: 偏离0.17%, MACD转正
2025-06-12 12:39:47 | INFO     | src.utils.notifications:send_message:63 | [GENERAL] 📡 交易信号
类型: LONG
强度: MEDIUM
置信度: 0.85
价格: $599.65
原因: VWAP多头突破: 偏离0.17%, MACD转正
2025-06-12 12:39:47 | WARNING  | src.trading.executor:_check_trading_limits:301 | 已达到每日最大交易次数限制: 5
2025-06-12 12:39:47 | WARNING  | src.bot.trading_bot:_check_signals:209 | 信号执行失败: LONG
2025-06-12 12:39:50 | INFO     | src.trading.executor:update_account_info:125 | 账户更新: 总值$99069.38, 买入力$398442.20
2025-06-12 12:39:50 | DEBUG    | src.bot.trading_bot:_update_market_data:177 | 市场数据更新完成
2025-06-12 12:39:50 | INFO     | src.strategy.signals:generate_signals:468 | 生成信号: LONG - VWAP多头突破: 偏离0.17%, MACD转正
2025-06-12 12:39:50 | INFO     | src.bot.trading_bot:_check_signals:195 | 检测到信号: LONG 置信度: 0.85 原因: VWAP多头突破: 偏离0.17%, MACD转正
2025-06-12 12:39:50 | INFO     | src.utils.notifications:send_message:63 | [GENERAL] 📡 交易信号
类型: LONG
强度: MEDIUM
置信度: 0.85
价格: $599.65
原因: VWAP多头突破: 偏离0.17%, MACD转正
2025-06-12 12:39:50 | WARNING  | src.trading.executor:_check_trading_limits:301 | 已达到每日最大交易次数限制: 5
2025-06-12 12:39:50 | WARNING  | src.bot.trading_bot:_check_signals:209 | 信号执行失败: LONG
2025-06-12 12:39:53 | INFO     | src.trading.executor:update_account_info:125 | 账户更新: 总值$99069.38, 买入力$398442.20
2025-06-12 12:39:53 | DEBUG    | src.bot.trading_bot:_update_market_data:177 | 市场数据更新完成
2025-06-12 12:39:53 | INFO     | src.strategy.signals:generate_signals:468 | 生成信号: LONG - VWAP多头突破: 偏离0.17%, MACD转正
2025-06-12 12:39:53 | INFO     | src.bot.trading_bot:_check_signals:195 | 检测到信号: LONG 置信度: 0.85 原因: VWAP多头突破: 偏离0.17%, MACD转正
2025-06-12 12:39:53 | INFO     | src.utils.notifications:send_message:63 | [GENERAL] 📡 交易信号
类型: LONG
强度: MEDIUM
置信度: 0.85
价格: $599.65
原因: VWAP多头突破: 偏离0.17%, MACD转正
2025-06-12 12:39:53 | WARNING  | src.trading.executor:_check_trading_limits:301 | 已达到每日最大交易次数限制: 5
2025-06-12 12:39:53 | WARNING  | src.bot.trading_bot:_check_signals:209 | 信号执行失败: LONG
2025-06-12 12:39:56 | INFO     | src.trading.executor:update_account_info:125 | 账户更新: 总值$99069.38, 买入力$398442.20
2025-06-12 12:39:56 | DEBUG    | src.bot.trading_bot:_update_market_data:177 | 市场数据更新完成
2025-06-12 12:39:57 | INFO     | src.strategy.signals:generate_signals:468 | 生成信号: LONG - VWAP多头突破: 偏离0.17%, MACD转正
2025-06-12 12:39:57 | INFO     | src.bot.trading_bot:_check_signals:195 | 检测到信号: LONG 置信度: 0.85 原因: VWAP多头突破: 偏离0.17%, MACD转正
2025-06-12 12:39:57 | INFO     | src.utils.notifications:send_message:63 | [GENERAL] 📡 交易信号
类型: LONG
强度: MEDIUM
置信度: 0.85
价格: $599.65
原因: VWAP多头突破: 偏离0.17%, MACD转正
2025-06-12 12:39:57 | WARNING  | src.trading.executor:_check_trading_limits:301 | 已达到每日最大交易次数限制: 5
2025-06-12 12:39:57 | WARNING  | src.bot.trading_bot:_check_signals:209 | 信号执行失败: LONG
2025-06-12 12:39:59 | INFO     | src.trading.executor:update_account_info:125 | 账户更新: 总值$99069.38, 买入力$398442.20
2025-06-12 12:39:59 | DEBUG    | src.bot.trading_bot:_update_market_data:177 | 市场数据更新完成
2025-06-12 12:40:00 | INFO     | src.strategy.signals:generate_signals:468 | 生成信号: LONG - VWAP多头突破: 偏离0.17%, MACD转正
2025-06-12 12:40:00 | INFO     | src.bot.trading_bot:_check_signals:195 | 检测到信号: LONG 置信度: 0.85 原因: VWAP多头突破: 偏离0.17%, MACD转正
2025-06-12 12:40:00 | INFO     | src.utils.notifications:send_message:63 | [GENERAL] 📡 交易信号
类型: LONG
强度: MEDIUM
置信度: 0.85
价格: $599.65
原因: VWAP多头突破: 偏离0.17%, MACD转正
2025-06-12 12:40:00 | WARNING  | src.trading.executor:_check_trading_limits:301 | 已达到每日最大交易次数限制: 5
2025-06-12 12:40:00 | WARNING  | src.bot.trading_bot:_check_signals:209 | 信号执行失败: LONG
2025-06-12 12:40:03 | INFO     | src.trading.executor:update_account_info:125 | 账户更新: 总值$99069.38, 买入力$398442.20
2025-06-12 12:40:03 | DEBUG    | src.bot.trading_bot:_update_market_data:177 | 市场数据更新完成
2025-06-12 12:40:03 | INFO     | src.strategy.signals:generate_signals:468 | 生成信号: LONG - VWAP多头突破: 偏离0.17%, MACD转正
2025-06-12 12:40:03 | INFO     | src.bot.trading_bot:_check_signals:195 | 检测到信号: LONG 置信度: 0.85 原因: VWAP多头突破: 偏离0.17%, MACD转正
2025-06-12 12:40:03 | INFO     | src.utils.notifications:send_message:63 | [GENERAL] 📡 交易信号
类型: LONG
强度: MEDIUM
置信度: 0.85
价格: $599.65
原因: VWAP多头突破: 偏离0.17%, MACD转正
2025-06-12 12:40:03 | WARNING  | src.trading.executor:_check_trading_limits:301 | 已达到每日最大交易次数限制: 5
2025-06-12 12:40:03 | WARNING  | src.bot.trading_bot:_check_signals:209 | 信号执行失败: LONG
2025-06-12 12:40:06 | INFO     | src.trading.executor:update_account_info:125 | 账户更新: 总值$99069.38, 买入力$398442.20
2025-06-12 12:40:06 | DEBUG    | src.bot.trading_bot:_update_market_data:177 | 市场数据更新完成
2025-06-12 12:40:07 | INFO     | src.strategy.signals:generate_signals:468 | 生成信号: LONG - VWAP多头突破: 偏离0.17%, MACD转正
2025-06-12 12:40:07 | INFO     | src.bot.trading_bot:_check_signals:195 | 检测到信号: LONG 置信度: 0.85 原因: VWAP多头突破: 偏离0.17%, MACD转正
2025-06-12 12:40:07 | INFO     | src.utils.notifications:send_message:63 | [GENERAL] 📡 交易信号
类型: LONG
强度: MEDIUM
置信度: 0.85
价格: $599.65
原因: VWAP多头突破: 偏离0.17%, MACD转正
2025-06-12 12:40:07 | WARNING  | src.trading.executor:_check_trading_limits:301 | 已达到每日最大交易次数限制: 5
2025-06-12 12:40:07 | WARNING  | src.bot.trading_bot:_check_signals:209 | 信号执行失败: LONG
2025-06-12 12:40:09 | INFO     | src.trading.executor:update_account_info:125 | 账户更新: 总值$99069.38, 买入力$398442.20
2025-06-12 12:40:09 | DEBUG    | src.bot.trading_bot:_update_market_data:177 | 市场数据更新完成
2025-06-12 12:40:13 | INFO     | src.trading.executor:update_account_info:125 | 账户更新: 总值$99069.38, 买入力$398442.20
2025-06-12 12:40:13 | DEBUG    | src.bot.trading_bot:_update_market_data:177 | 市场数据更新完成
2025-06-12 12:40:16 | INFO     | src.trading.executor:update_account_info:125 | 账户更新: 总值$99069.38, 买入力$398442.20
2025-06-12 12:40:16 | DEBUG    | src.bot.trading_bot:_update_market_data:177 | 市场数据更新完成
2025-06-12 12:40:19 | INFO     | src.trading.executor:update_account_info:125 | 账户更新: 总值$99069.38, 买入力$398442.20
2025-06-12 12:40:19 | DEBUG    | src.bot.trading_bot:_update_market_data:177 | 市场数据更新完成
2025-06-12 12:40:23 | INFO     | src.trading.executor:update_account_info:125 | 账户更新: 总值$99069.38, 买入力$398442.20
2025-06-12 12:40:23 | DEBUG    | src.bot.trading_bot:_update_market_data:177 | 市场数据更新完成
2025-06-12 12:40:26 | INFO     | src.trading.executor:update_account_info:125 | 账户更新: 总值$99069.38, 买入力$398442.20
2025-06-12 12:40:26 | DEBUG    | src.bot.trading_bot:_update_market_data:177 | 市场数据更新完成
2025-06-12 12:40:29 | INFO     | src.trading.executor:update_account_info:125 | 账户更新: 总值$99069.38, 买入力$398442.20
2025-06-12 12:40:29 | DEBUG    | src.bot.trading_bot:_update_market_data:177 | 市场数据更新完成
2025-06-12 12:40:32 | INFO     | src.trading.executor:update_account_info:125 | 账户更新: 总值$99069.38, 买入力$398442.20
2025-06-12 12:40:32 | DEBUG    | src.bot.trading_bot:_update_market_data:177 | 市场数据更新完成
2025-06-12 12:40:34 | DEBUG    | src.bot.trading_bot:_update_positions_normal:249 | 📊 常规头寸更新完成
2025-06-12 12:40:36 | INFO     | src.trading.executor:update_account_info:125 | 账户更新: 总值$99069.38, 买入力$398442.20
2025-06-12 12:40:36 | DEBUG    | src.bot.trading_bot:_update_market_data:177 | 市场数据更新完成
2025-06-12 12:40:39 | INFO     | src.trading.executor:update_account_info:125 | 账户更新: 总值$99069.38, 买入力$398442.20
2025-06-12 12:40:39 | DEBUG    | src.bot.trading_bot:_update_market_data:177 | 市场数据更新完成
2025-06-12 12:40:42 | INFO     | src.trading.executor:update_account_info:125 | 账户更新: 总值$99069.38, 买入力$398442.20
2025-06-12 12:40:42 | DEBUG    | src.bot.trading_bot:_update_market_data:177 | 市场数据更新完成
2025-06-12 12:40:46 | INFO     | src.trading.executor:update_account_info:125 | 账户更新: 总值$99069.38, 买入力$398442.20
2025-06-12 12:40:46 | DEBUG    | src.bot.trading_bot:_update_market_data:177 | 市场数据更新完成
2025-06-12 12:40:49 | INFO     | src.trading.executor:update_account_info:125 | 账户更新: 总值$99069.38, 买入力$398442.20
2025-06-12 12:40:49 | DEBUG    | src.bot.trading_bot:_update_market_data:177 | 市场数据更新完成
2025-06-12 12:40:52 | INFO     | src.trading.executor:update_account_info:125 | 账户更新: 总值$99069.38, 买入力$398442.20
2025-06-12 12:40:52 | DEBUG    | src.bot.trading_bot:_update_market_data:177 | 市场数据更新完成
2025-06-12 12:40:56 | INFO     | src.trading.executor:update_account_info:125 | 账户更新: 总值$99069.38, 买入力$398442.20
2025-06-12 12:40:56 | DEBUG    | src.bot.trading_bot:_update_market_data:177 | 市场数据更新完成
2025-06-12 12:40:59 | INFO     | src.trading.executor:update_account_info:125 | 账户更新: 总值$99069.38, 买入力$398442.20
2025-06-12 12:40:59 | DEBUG    | src.bot.trading_bot:_update_market_data:177 | 市场数据更新完成
2025-06-12 12:41:02 | INFO     | src.trading.executor:update_account_info:125 | 账户更新: 总值$99069.38, 买入力$398442.20
2025-06-12 12:41:02 | DEBUG    | src.bot.trading_bot:_update_market_data:177 | 市场数据更新完成
2025-06-12 12:41:05 | INFO     | src.trading.executor:update_account_info:125 | 账户更新: 总值$99069.38, 买入力$398442.20
2025-06-12 12:41:05 | DEBUG    | src.bot.trading_bot:_update_market_data:177 | 市场数据更新完成
2025-06-12 12:41:09 | INFO     | src.trading.executor:update_account_info:125 | 账户更新: 总值$99069.38, 买入力$398442.20
2025-06-12 12:41:09 | DEBUG    | src.bot.trading_bot:_update_market_data:177 | 市场数据更新完成
2025-06-12 12:41:12 | INFO     | src.trading.executor:update_account_info:125 | 账户更新: 总值$99069.38, 买入力$398442.20
2025-06-12 12:41:12 | DEBUG    | src.bot.trading_bot:_update_market_data:177 | 市场数据更新完成
2025-06-12 12:41:15 | INFO     | src.trading.executor:update_account_info:125 | 账户更新: 总值$99069.38, 买入力$398442.20
2025-06-12 12:41:15 | DEBUG    | src.bot.trading_bot:_update_market_data:177 | 市场数据更新完成
2025-06-12 12:41:16 | INFO     | src.strategy.signals:generate_signals:468 | 生成信号: LONG - VWAP多头突破: 偏离0.18%, MACD转正
2025-06-12 12:41:16 | INFO     | src.bot.trading_bot:_check_signals:195 | 检测到信号: LONG 置信度: 0.85 原因: VWAP多头突破: 偏离0.18%, MACD转正
2025-06-12 12:41:16 | INFO     | src.utils.notifications:send_message:63 | [GENERAL] 📡 交易信号
类型: LONG
强度: MEDIUM
置信度: 0.85
价格: $599.80
原因: VWAP多头突破: 偏离0.18%, MACD转正
2025-06-12 12:41:16 | WARNING  | src.trading.executor:_check_trading_limits:301 | 已达到每日最大交易次数限制: 5
2025-06-12 12:41:16 | WARNING  | src.bot.trading_bot:_check_signals:209 | 信号执行失败: LONG
2025-06-12 12:41:19 | INFO     | src.trading.executor:update_account_info:125 | 账户更新: 总值$99069.38, 买入力$398442.20
2025-06-12 12:41:19 | DEBUG    | src.bot.trading_bot:_update_market_data:177 | 市场数据更新完成
2025-06-12 12:41:19 | INFO     | src.strategy.signals:generate_signals:468 | 生成信号: LONG - VWAP多头突破: 偏离0.18%, MACD转正
2025-06-12 12:41:19 | INFO     | src.bot.trading_bot:_check_signals:195 | 检测到信号: LONG 置信度: 0.85 原因: VWAP多头突破: 偏离0.18%, MACD转正
2025-06-12 12:41:19 | INFO     | src.utils.notifications:send_message:63 | [GENERAL] 📡 交易信号
类型: LONG
强度: MEDIUM
置信度: 0.85
价格: $599.80
原因: VWAP多头突破: 偏离0.18%, MACD转正
2025-06-12 12:41:19 | WARNING  | src.trading.executor:_check_trading_limits:301 | 已达到每日最大交易次数限制: 5
2025-06-12 12:41:19 | WARNING  | src.bot.trading_bot:_check_signals:209 | 信号执行失败: LONG
2025-06-12 12:41:22 | INFO     | src.trading.executor:update_account_info:125 | 账户更新: 总值$99069.38, 买入力$398442.20
2025-06-12 12:41:22 | DEBUG    | src.bot.trading_bot:_update_market_data:177 | 市场数据更新完成
2025-06-12 12:41:23 | INFO     | src.strategy.signals:generate_signals:468 | 生成信号: LONG - VWAP多头突破: 偏离0.18%, MACD转正
2025-06-12 12:41:23 | INFO     | src.bot.trading_bot:_check_signals:195 | 检测到信号: LONG 置信度: 0.85 原因: VWAP多头突破: 偏离0.18%, MACD转正
2025-06-12 12:41:23 | INFO     | src.utils.notifications:send_message:63 | [GENERAL] 📡 交易信号
类型: LONG
强度: MEDIUM
置信度: 0.85
价格: $599.80
原因: VWAP多头突破: 偏离0.18%, MACD转正
2025-06-12 12:41:23 | WARNING  | src.trading.executor:_check_trading_limits:301 | 已达到每日最大交易次数限制: 5
2025-06-12 12:41:23 | WARNING  | src.bot.trading_bot:_check_signals:209 | 信号执行失败: LONG
2025-06-12 12:41:25 | INFO     | src.trading.executor:update_account_info:125 | 账户更新: 总值$99069.38, 买入力$398442.20
2025-06-12 12:41:25 | DEBUG    | src.bot.trading_bot:_update_market_data:177 | 市场数据更新完成
2025-06-12 12:41:26 | INFO     | src.strategy.signals:generate_signals:468 | 生成信号: LONG - VWAP多头突破: 偏离0.18%, MACD转正
2025-06-12 12:41:26 | INFO     | src.bot.trading_bot:_check_signals:195 | 检测到信号: LONG 置信度: 0.85 原因: VWAP多头突破: 偏离0.18%, MACD转正
2025-06-12 12:41:26 | INFO     | src.utils.notifications:send_message:63 | [GENERAL] 📡 交易信号
类型: LONG
强度: MEDIUM
置信度: 0.85
价格: $599.80
原因: VWAP多头突破: 偏离0.18%, MACD转正
2025-06-12 12:41:26 | WARNING  | src.trading.executor:_check_trading_limits:301 | 已达到每日最大交易次数限制: 5
2025-06-12 12:41:26 | WARNING  | src.bot.trading_bot:_check_signals:209 | 信号执行失败: LONG
2025-06-12 12:41:28 | INFO     | src.trading.executor:update_account_info:125 | 账户更新: 总值$99069.38, 买入力$398442.20
2025-06-12 12:41:28 | DEBUG    | src.bot.trading_bot:_update_market_data:177 | 市场数据更新完成
2025-06-12 12:41:29 | INFO     | src.strategy.signals:generate_signals:468 | 生成信号: LONG - VWAP多头突破: 偏离0.18%, MACD转正
2025-06-12 12:41:29 | INFO     | src.bot.trading_bot:_check_signals:195 | 检测到信号: LONG 置信度: 0.85 原因: VWAP多头突破: 偏离0.18%, MACD转正
2025-06-12 12:41:29 | INFO     | src.utils.notifications:send_message:63 | [GENERAL] 📡 交易信号
类型: LONG
强度: MEDIUM
置信度: 0.85
价格: $599.80
原因: VWAP多头突破: 偏离0.18%, MACD转正
2025-06-12 12:41:29 | WARNING  | src.trading.executor:_check_trading_limits:301 | 已达到每日最大交易次数限制: 5
2025-06-12 12:41:29 | WARNING  | src.bot.trading_bot:_check_signals:209 | 信号执行失败: LONG
2025-06-12 12:41:32 | INFO     | src.trading.executor:update_account_info:125 | 账户更新: 总值$99069.38, 买入力$398442.20
2025-06-12 12:41:32 | DEBUG    | src.bot.trading_bot:_update_market_data:177 | 市场数据更新完成
2025-06-12 12:41:32 | INFO     | src.strategy.signals:generate_signals:468 | 生成信号: LONG - VWAP多头突破: 偏离0.18%, MACD转正
2025-06-12 12:41:32 | INFO     | src.bot.trading_bot:_check_signals:195 | 检测到信号: LONG 置信度: 0.85 原因: VWAP多头突破: 偏离0.18%, MACD转正
2025-06-12 12:41:32 | INFO     | src.utils.notifications:send_message:63 | [GENERAL] 📡 交易信号
类型: LONG
强度: MEDIUM
置信度: 0.85
价格: $599.80
原因: VWAP多头突破: 偏离0.18%, MACD转正
2025-06-12 12:41:32 | WARNING  | src.trading.executor:_check_trading_limits:301 | 已达到每日最大交易次数限制: 5
2025-06-12 12:41:32 | WARNING  | src.bot.trading_bot:_check_signals:209 | 信号执行失败: LONG
2025-06-12 12:41:34 | DEBUG    | src.bot.trading_bot:_update_positions_normal:249 | 📊 常规头寸更新完成
2025-06-12 12:41:35 | INFO     | src.trading.executor:update_account_info:125 | 账户更新: 总值$99069.38, 买入力$398442.20
2025-06-12 12:41:35 | DEBUG    | src.bot.trading_bot:_update_market_data:177 | 市场数据更新完成
2025-06-12 12:41:36 | INFO     | src.strategy.signals:generate_signals:468 | 生成信号: LONG - VWAP多头突破: 偏离0.18%, MACD转正
2025-06-12 12:41:36 | INFO     | src.bot.trading_bot:_check_signals:195 | 检测到信号: LONG 置信度: 0.85 原因: VWAP多头突破: 偏离0.18%, MACD转正
2025-06-12 12:41:36 | INFO     | src.utils.notifications:send_message:63 | [GENERAL] 📡 交易信号
类型: LONG
强度: MEDIUM
置信度: 0.85
价格: $599.80
原因: VWAP多头突破: 偏离0.18%, MACD转正
2025-06-12 12:41:36 | WARNING  | src.trading.executor:_check_trading_limits:301 | 已达到每日最大交易次数限制: 5
2025-06-12 12:41:36 | WARNING  | src.bot.trading_bot:_check_signals:209 | 信号执行失败: LONG
2025-06-12 12:41:38 | INFO     | src.trading.executor:update_account_info:125 | 账户更新: 总值$99069.38, 买入力$398442.20
2025-06-12 12:41:38 | DEBUG    | src.bot.trading_bot:_update_market_data:177 | 市场数据更新完成
2025-06-12 12:41:39 | INFO     | src.strategy.signals:generate_signals:468 | 生成信号: LONG - VWAP多头突破: 偏离0.18%, MACD转正
2025-06-12 12:41:39 | INFO     | src.bot.trading_bot:_check_signals:195 | 检测到信号: LONG 置信度: 0.85 原因: VWAP多头突破: 偏离0.18%, MACD转正
2025-06-12 12:41:39 | INFO     | src.utils.notifications:send_message:63 | [GENERAL] 📡 交易信号
类型: LONG
强度: MEDIUM
置信度: 0.85
价格: $599.80
原因: VWAP多头突破: 偏离0.18%, MACD转正
2025-06-12 12:41:39 | WARNING  | src.trading.executor:_check_trading_limits:301 | 已达到每日最大交易次数限制: 5
2025-06-12 12:41:39 | WARNING  | src.bot.trading_bot:_check_signals:209 | 信号执行失败: LONG
2025-06-12 12:41:42 | INFO     | src.trading.executor:update_account_info:125 | 账户更新: 总值$99069.38, 买入力$398442.20
2025-06-12 12:41:42 | DEBUG    | src.bot.trading_bot:_update_market_data:177 | 市场数据更新完成
2025-06-12 12:41:42 | INFO     | src.strategy.signals:generate_signals:468 | 生成信号: LONG - VWAP多头突破: 偏离0.18%, MACD转正
2025-06-12 12:41:42 | INFO     | src.bot.trading_bot:_check_signals:195 | 检测到信号: LONG 置信度: 0.85 原因: VWAP多头突破: 偏离0.18%, MACD转正
2025-06-12 12:41:42 | INFO     | src.utils.notifications:send_message:63 | [GENERAL] 📡 交易信号
类型: LONG
强度: MEDIUM
置信度: 0.85
价格: $599.80
原因: VWAP多头突破: 偏离0.18%, MACD转正
2025-06-12 12:41:42 | WARNING  | src.trading.executor:_check_trading_limits:301 | 已达到每日最大交易次数限制: 5
2025-06-12 12:41:42 | WARNING  | src.bot.trading_bot:_check_signals:209 | 信号执行失败: LONG
2025-06-12 12:41:45 | INFO     | src.trading.executor:update_account_info:125 | 账户更新: 总值$99069.38, 买入力$398442.20
2025-06-12 12:41:45 | DEBUG    | src.bot.trading_bot:_update_market_data:177 | 市场数据更新完成
2025-06-12 12:41:45 | INFO     | src.strategy.signals:generate_signals:468 | 生成信号: LONG - VWAP多头突破: 偏离0.18%, MACD转正
2025-06-12 12:41:45 | INFO     | src.bot.trading_bot:_check_signals:195 | 检测到信号: LONG 置信度: 0.85 原因: VWAP多头突破: 偏离0.18%, MACD转正
2025-06-12 12:41:45 | INFO     | src.utils.notifications:send_message:63 | [GENERAL] 📡 交易信号
类型: LONG
强度: MEDIUM
置信度: 0.85
价格: $599.80
原因: VWAP多头突破: 偏离0.18%, MACD转正
2025-06-12 12:41:45 | WARNING  | src.trading.executor:_check_trading_limits:301 | 已达到每日最大交易次数限制: 5
2025-06-12 12:41:45 | WARNING  | src.bot.trading_bot:_check_signals:209 | 信号执行失败: LONG
2025-06-12 12:41:48 | INFO     | src.trading.executor:update_account_info:125 | 账户更新: 总值$99069.38, 买入力$398442.20
2025-06-12 12:41:48 | DEBUG    | src.bot.trading_bot:_update_market_data:177 | 市场数据更新完成
2025-06-12 12:41:49 | INFO     | src.strategy.signals:generate_signals:468 | 生成信号: LONG - VWAP多头突破: 偏离0.18%, MACD转正
2025-06-12 12:41:49 | INFO     | src.bot.trading_bot:_check_signals:195 | 检测到信号: LONG 置信度: 0.85 原因: VWAP多头突破: 偏离0.18%, MACD转正
2025-06-12 12:41:49 | INFO     | src.utils.notifications:send_message:63 | [GENERAL] 📡 交易信号
类型: LONG
强度: MEDIUM
置信度: 0.85
价格: $599.80
原因: VWAP多头突破: 偏离0.18%, MACD转正
2025-06-12 12:41:49 | WARNING  | src.trading.executor:_check_trading_limits:301 | 已达到每日最大交易次数限制: 5
2025-06-12 12:41:49 | WARNING  | src.bot.trading_bot:_check_signals:209 | 信号执行失败: LONG
2025-06-12 12:41:52 | INFO     | src.trading.executor:update_account_info:125 | 账户更新: 总值$99069.38, 买入力$398442.20
2025-06-12 12:41:52 | DEBUG    | src.bot.trading_bot:_update_market_data:177 | 市场数据更新完成
2025-06-12 12:41:52 | INFO     | src.strategy.signals:generate_signals:468 | 生成信号: LONG - VWAP多头突破: 偏离0.18%, MACD转正
2025-06-12 12:41:52 | INFO     | src.bot.trading_bot:_check_signals:195 | 检测到信号: LONG 置信度: 0.85 原因: VWAP多头突破: 偏离0.18%, MACD转正
2025-06-12 12:41:52 | INFO     | src.utils.notifications:send_message:63 | [GENERAL] 📡 交易信号
类型: LONG
强度: MEDIUM
置信度: 0.85
价格: $599.80
原因: VWAP多头突破: 偏离0.18%, MACD转正
2025-06-12 12:41:52 | WARNING  | src.trading.executor:_check_trading_limits:301 | 已达到每日最大交易次数限制: 5
2025-06-12 12:41:52 | WARNING  | src.bot.trading_bot:_check_signals:209 | 信号执行失败: LONG
2025-06-12 12:41:55 | INFO     | src.trading.executor:update_account_info:125 | 账户更新: 总值$99069.38, 买入力$398442.20
2025-06-12 12:41:55 | DEBUG    | src.bot.trading_bot:_update_market_data:177 | 市场数据更新完成
2025-06-12 12:41:55 | INFO     | src.strategy.signals:generate_signals:468 | 生成信号: LONG - VWAP多头突破: 偏离0.18%, MACD转正
2025-06-12 12:41:55 | INFO     | src.bot.trading_bot:_check_signals:195 | 检测到信号: LONG 置信度: 0.85 原因: VWAP多头突破: 偏离0.18%, MACD转正
2025-06-12 12:41:55 | INFO     | src.utils.notifications:send_message:63 | [GENERAL] 📡 交易信号
类型: LONG
强度: MEDIUM
置信度: 0.85
价格: $599.80
原因: VWAP多头突破: 偏离0.18%, MACD转正
2025-06-12 12:41:55 | WARNING  | src.trading.executor:_check_trading_limits:301 | 已达到每日最大交易次数限制: 5
2025-06-12 12:41:55 | WARNING  | src.bot.trading_bot:_check_signals:209 | 信号执行失败: LONG
2025-06-12 12:41:58 | INFO     | src.trading.executor:update_account_info:125 | 账户更新: 总值$99069.38, 买入力$398442.20
2025-06-12 12:41:58 | DEBUG    | src.bot.trading_bot:_update_market_data:177 | 市场数据更新完成
2025-06-12 12:41:59 | INFO     | src.strategy.signals:generate_signals:468 | 生成信号: LONG - VWAP多头突破: 偏离0.18%, MACD转正
2025-06-12 12:41:59 | INFO     | src.bot.trading_bot:_check_signals:195 | 检测到信号: LONG 置信度: 0.85 原因: VWAP多头突破: 偏离0.18%, MACD转正
2025-06-12 12:41:59 | INFO     | src.utils.notifications:send_message:63 | [GENERAL] 📡 交易信号
类型: LONG
强度: MEDIUM
置信度: 0.85
价格: $599.80
原因: VWAP多头突破: 偏离0.18%, MACD转正
2025-06-12 12:41:59 | WARNING  | src.trading.executor:_check_trading_limits:301 | 已达到每日最大交易次数限制: 5
2025-06-12 12:41:59 | WARNING  | src.bot.trading_bot:_check_signals:209 | 信号执行失败: LONG
2025-06-12 12:42:01 | INFO     | src.trading.executor:update_account_info:125 | 账户更新: 总值$99069.38, 买入力$398442.20
2025-06-12 12:42:01 | DEBUG    | src.bot.trading_bot:_update_market_data:177 | 市场数据更新完成
2025-06-12 12:42:02 | INFO     | src.strategy.signals:generate_signals:468 | 生成信号: LONG - VWAP多头突破: 偏离0.18%, MACD转正
2025-06-12 12:42:02 | INFO     | src.bot.trading_bot:_check_signals:195 | 检测到信号: LONG 置信度: 0.85 原因: VWAP多头突破: 偏离0.18%, MACD转正
2025-06-12 12:42:02 | INFO     | src.utils.notifications:send_message:63 | [GENERAL] 📡 交易信号
类型: LONG
强度: MEDIUM
置信度: 0.85
价格: $599.80
原因: VWAP多头突破: 偏离0.18%, MACD转正
2025-06-12 12:42:02 | WARNING  | src.trading.executor:_check_trading_limits:301 | 已达到每日最大交易次数限制: 5
2025-06-12 12:42:02 | WARNING  | src.bot.trading_bot:_check_signals:209 | 信号执行失败: LONG
2025-06-12 12:42:05 | INFO     | src.trading.executor:update_account_info:125 | 账户更新: 总值$99069.38, 买入力$398442.20
2025-06-12 12:42:05 | DEBUG    | src.bot.trading_bot:_update_market_data:177 | 市场数据更新完成
2025-06-12 12:42:05 | INFO     | src.strategy.signals:generate_signals:468 | 生成信号: LONG - VWAP多头突破: 偏离0.18%, MACD转正
2025-06-12 12:42:05 | INFO     | src.bot.trading_bot:_check_signals:195 | 检测到信号: LONG 置信度: 0.85 原因: VWAP多头突破: 偏离0.18%, MACD转正
2025-06-12 12:42:05 | INFO     | src.utils.notifications:send_message:63 | [GENERAL] 📡 交易信号
类型: LONG
强度: MEDIUM
置信度: 0.85
价格: $599.80
原因: VWAP多头突破: 偏离0.18%, MACD转正
2025-06-12 12:42:05 | WARNING  | src.trading.executor:_check_trading_limits:301 | 已达到每日最大交易次数限制: 5
2025-06-12 12:42:05 | WARNING  | src.bot.trading_bot:_check_signals:209 | 信号执行失败: LONG
2025-06-12 12:42:08 | INFO     | src.trading.executor:update_account_info:125 | 账户更新: 总值$99069.38, 买入力$398442.20
2025-06-12 12:42:08 | DEBUG    | src.bot.trading_bot:_update_market_data:177 | 市场数据更新完成
2025-06-12 12:42:08 | INFO     | src.strategy.signals:generate_signals:468 | 生成信号: LONG - VWAP多头突破: 偏离0.18%, MACD转正
2025-06-12 12:42:08 | INFO     | src.bot.trading_bot:_check_signals:195 | 检测到信号: LONG 置信度: 0.85 原因: VWAP多头突破: 偏离0.18%, MACD转正
2025-06-12 12:42:08 | INFO     | src.utils.notifications:send_message:63 | [GENERAL] 📡 交易信号
类型: LONG
强度: MEDIUM
置信度: 0.85
价格: $599.80
原因: VWAP多头突破: 偏离0.18%, MACD转正
2025-06-12 12:42:08 | WARNING  | src.trading.executor:_check_trading_limits:301 | 已达到每日最大交易次数限制: 5
2025-06-12 12:42:08 | WARNING  | src.bot.trading_bot:_check_signals:209 | 信号执行失败: LONG
2025-06-12 12:42:11 | INFO     | src.trading.executor:update_account_info:125 | 账户更新: 总值$99069.38, 买入力$398442.20
2025-06-12 12:42:11 | DEBUG    | src.bot.trading_bot:_update_market_data:177 | 市场数据更新完成
2025-06-12 12:42:12 | INFO     | src.strategy.signals:generate_signals:468 | 生成信号: LONG - VWAP多头突破: 偏离0.18%, MACD转正
2025-06-12 12:42:12 | INFO     | src.bot.trading_bot:_check_signals:195 | 检测到信号: LONG 置信度: 0.85 原因: VWAP多头突破: 偏离0.18%, MACD转正
2025-06-12 12:42:12 | INFO     | src.utils.notifications:send_message:63 | [GENERAL] 📡 交易信号
类型: LONG
强度: MEDIUM
置信度: 0.85
价格: $599.80
原因: VWAP多头突破: 偏离0.18%, MACD转正
2025-06-12 12:42:12 | WARNING  | src.trading.executor:_check_trading_limits:301 | 已达到每日最大交易次数限制: 5
2025-06-12 12:42:12 | WARNING  | src.bot.trading_bot:_check_signals:209 | 信号执行失败: LONG
2025-06-12 12:42:14 | INFO     | src.trading.executor:update_account_info:125 | 账户更新: 总值$99069.38, 买入力$398442.20
2025-06-12 12:42:14 | DEBUG    | src.bot.trading_bot:_update_market_data:177 | 市场数据更新完成
2025-06-12 12:42:15 | INFO     | src.strategy.signals:generate_signals:468 | 生成信号: LONG - VWAP多头突破: 偏离0.18%, MACD转正
2025-06-12 12:42:15 | INFO     | src.bot.trading_bot:_check_signals:195 | 检测到信号: LONG 置信度: 0.85 原因: VWAP多头突破: 偏离0.18%, MACD转正
2025-06-12 12:42:15 | INFO     | src.utils.notifications:send_message:63 | [GENERAL] 📡 交易信号
类型: LONG
强度: MEDIUM
置信度: 0.85
价格: $599.80
原因: VWAP多头突破: 偏离0.18%, MACD转正
2025-06-12 12:42:15 | WARNING  | src.trading.executor:_check_trading_limits:301 | 已达到每日最大交易次数限制: 5
2025-06-12 12:42:15 | WARNING  | src.bot.trading_bot:_check_signals:209 | 信号执行失败: LONG
2025-06-12 12:42:18 | INFO     | src.trading.executor:update_account_info:125 | 账户更新: 总值$99069.38, 买入力$398442.20
2025-06-12 12:42:18 | DEBUG    | src.bot.trading_bot:_update_market_data:177 | 市场数据更新完成
2025-06-12 12:42:18 | INFO     | src.strategy.signals:generate_signals:468 | 生成信号: LONG - VWAP多头突破: 偏离0.18%, MACD转正
2025-06-12 12:42:18 | INFO     | src.bot.trading_bot:_check_signals:195 | 检测到信号: LONG 置信度: 0.85 原因: VWAP多头突破: 偏离0.18%, MACD转正
2025-06-12 12:42:18 | INFO     | src.utils.notifications:send_message:63 | [GENERAL] 📡 交易信号
类型: LONG
强度: MEDIUM
置信度: 0.85
价格: $599.80
原因: VWAP多头突破: 偏离0.18%, MACD转正
2025-06-12 12:42:18 | WARNING  | src.trading.executor:_check_trading_limits:301 | 已达到每日最大交易次数限制: 5
2025-06-12 12:42:18 | WARNING  | src.bot.trading_bot:_check_signals:209 | 信号执行失败: LONG
2025-06-12 12:42:21 | INFO     | src.trading.executor:update_account_info:125 | 账户更新: 总值$99069.38, 买入力$398442.20
2025-06-12 12:42:21 | DEBUG    | src.bot.trading_bot:_update_market_data:177 | 市场数据更新完成
2025-06-12 12:42:24 | INFO     | src.trading.executor:update_account_info:125 | 账户更新: 总值$99069.38, 买入力$398442.20
2025-06-12 12:42:24 | DEBUG    | src.bot.trading_bot:_update_market_data:177 | 市场数据更新完成
2025-06-12 12:42:28 | INFO     | src.trading.executor:update_account_info:125 | 账户更新: 总值$99069.38, 买入力$398442.20
2025-06-12 12:42:28 | DEBUG    | src.bot.trading_bot:_update_market_data:177 | 市场数据更新完成
2025-06-12 12:42:31 | INFO     | src.trading.executor:update_account_info:125 | 账户更新: 总值$99069.38, 买入力$398442.20
2025-06-12 12:42:31 | DEBUG    | src.bot.trading_bot:_update_market_data:177 | 市场数据更新完成
2025-06-12 12:42:34 | INFO     | src.trading.executor:update_account_info:125 | 账户更新: 总值$99069.38, 买入力$398442.20
2025-06-12 12:42:34 | DEBUG    | src.bot.trading_bot:_update_market_data:177 | 市场数据更新完成
2025-06-12 12:42:35 | DEBUG    | src.bot.trading_bot:_update_positions_normal:249 | 📊 常规头寸更新完成
2025-06-12 12:42:37 | INFO     | src.trading.executor:update_account_info:125 | 账户更新: 总值$99069.38, 买入力$398442.20
2025-06-12 12:42:37 | DEBUG    | src.bot.trading_bot:_update_market_data:177 | 市场数据更新完成
2025-06-12 12:42:41 | INFO     | src.trading.executor:update_account_info:125 | 账户更新: 总值$99069.38, 买入力$398442.20
2025-06-12 12:42:41 | DEBUG    | src.bot.trading_bot:_update_market_data:177 | 市场数据更新完成
2025-06-12 12:42:44 | INFO     | src.trading.executor:update_account_info:125 | 账户更新: 总值$99069.38, 买入力$398442.20
2025-06-12 12:42:44 | DEBUG    | src.bot.trading_bot:_update_market_data:177 | 市场数据更新完成
2025-06-12 12:42:47 | INFO     | src.trading.executor:update_account_info:125 | 账户更新: 总值$99069.38, 买入力$398442.20
2025-06-12 12:42:47 | DEBUG    | src.bot.trading_bot:_update_market_data:177 | 市场数据更新完成
2025-06-12 12:42:51 | INFO     | src.trading.executor:update_account_info:125 | 账户更新: 总值$99069.38, 买入力$398442.20
2025-06-12 12:42:51 | DEBUG    | src.bot.trading_bot:_update_market_data:177 | 市场数据更新完成
2025-06-12 12:42:54 | INFO     | src.trading.executor:update_account_info:125 | 账户更新: 总值$99069.38, 买入力$398442.20
2025-06-12 12:42:54 | DEBUG    | src.bot.trading_bot:_update_market_data:177 | 市场数据更新完成
2025-06-12 12:42:57 | INFO     | src.trading.executor:update_account_info:125 | 账户更新: 总值$99069.38, 买入力$398442.20
2025-06-12 12:42:57 | DEBUG    | src.bot.trading_bot:_update_market_data:177 | 市场数据更新完成
2025-06-12 12:43:01 | INFO     | src.trading.executor:update_account_info:125 | 账户更新: 总值$99069.38, 买入力$398442.20
2025-06-12 12:43:01 | DEBUG    | src.bot.trading_bot:_update_market_data:177 | 市场数据更新完成
2025-06-12 12:43:04 | INFO     | src.trading.executor:update_account_info:125 | 账户更新: 总值$99069.38, 买入力$398442.20
2025-06-12 12:43:04 | DEBUG    | src.bot.trading_bot:_update_market_data:177 | 市场数据更新完成
2025-06-12 12:43:07 | INFO     | src.trading.executor:update_account_info:125 | 账户更新: 总值$99069.38, 买入力$398442.20
2025-06-12 12:43:07 | DEBUG    | src.bot.trading_bot:_update_market_data:177 | 市场数据更新完成
2025-06-12 12:43:10 | INFO     | src.trading.executor:update_account_info:125 | 账户更新: 总值$99069.38, 买入力$398442.20
2025-06-12 12:43:10 | DEBUG    | src.bot.trading_bot:_update_market_data:177 | 市场数据更新完成
2025-06-12 12:43:14 | INFO     | src.trading.executor:update_account_info:125 | 账户更新: 总值$99069.38, 买入力$398442.20
2025-06-12 12:43:14 | DEBUG    | src.bot.trading_bot:_update_market_data:177 | 市场数据更新完成
2025-06-12 12:43:17 | INFO     | src.trading.executor:update_account_info:125 | 账户更新: 总值$99069.38, 买入力$398442.20
2025-06-12 12:43:17 | DEBUG    | src.bot.trading_bot:_update_market_data:177 | 市场数据更新完成
2025-06-12 12:43:20 | INFO     | src.trading.executor:update_account_info:125 | 账户更新: 总值$99069.38, 买入力$398442.20
2025-06-12 12:43:20 | DEBUG    | src.bot.trading_bot:_update_market_data:177 | 市场数据更新完成
2025-06-12 12:43:23 | INFO     | src.trading.executor:update_account_info:125 | 账户更新: 总值$99069.38, 买入力$398442.20
2025-06-12 12:43:23 | DEBUG    | src.bot.trading_bot:_update_market_data:177 | 市场数据更新完成
2025-06-12 12:43:27 | INFO     | src.trading.executor:update_account_info:125 | 账户更新: 总值$99069.38, 买入力$398442.20
2025-06-12 12:43:27 | DEBUG    | src.bot.trading_bot:_update_market_data:177 | 市场数据更新完成
2025-06-12 12:43:30 | INFO     | src.trading.executor:update_account_info:125 | 账户更新: 总值$99069.38, 买入力$398442.20
2025-06-12 12:43:30 | DEBUG    | src.bot.trading_bot:_update_market_data:177 | 市场数据更新完成
2025-06-12 12:43:33 | INFO     | src.trading.executor:update_account_info:125 | 账户更新: 总值$99069.38, 买入力$398442.20
2025-06-12 12:43:33 | DEBUG    | src.bot.trading_bot:_update_market_data:177 | 市场数据更新完成
2025-06-12 12:43:35 | DEBUG    | src.bot.trading_bot:_update_positions_normal:249 | 📊 常规头寸更新完成
2025-06-12 12:43:37 | INFO     | src.trading.executor:update_account_info:125 | 账户更新: 总值$99069.38, 买入力$398442.20
2025-06-12 12:43:37 | DEBUG    | src.bot.trading_bot:_update_market_data:177 | 市场数据更新完成
2025-06-12 12:43:40 | INFO     | src.trading.executor:update_account_info:125 | 账户更新: 总值$99069.38, 买入力$398442.20
2025-06-12 12:43:40 | DEBUG    | src.bot.trading_bot:_update_market_data:177 | 市场数据更新完成
2025-06-12 12:43:43 | INFO     | src.trading.executor:update_account_info:125 | 账户更新: 总值$99069.38, 买入力$398442.20
2025-06-12 12:43:43 | DEBUG    | src.bot.trading_bot:_update_market_data:177 | 市场数据更新完成
2025-06-12 12:43:46 | INFO     | src.trading.executor:update_account_info:125 | 账户更新: 总值$99069.38, 买入力$398442.20
2025-06-12 12:43:46 | DEBUG    | src.bot.trading_bot:_update_market_data:177 | 市场数据更新完成
2025-06-12 12:43:50 | INFO     | src.trading.executor:update_account_info:125 | 账户更新: 总值$99069.38, 买入力$398442.20
2025-06-12 12:43:50 | DEBUG    | src.bot.trading_bot:_update_market_data:177 | 市场数据更新完成
2025-06-12 12:43:53 | INFO     | src.trading.executor:update_account_info:125 | 账户更新: 总值$99069.38, 买入力$398442.20
2025-06-12 12:43:53 | DEBUG    | src.bot.trading_bot:_update_market_data:177 | 市场数据更新完成
2025-06-12 12:43:56 | INFO     | src.trading.executor:update_account_info:125 | 账户更新: 总值$99069.38, 买入力$398442.20
2025-06-12 12:43:56 | DEBUG    | src.bot.trading_bot:_update_market_data:177 | 市场数据更新完成
2025-06-12 12:43:59 | INFO     | src.trading.executor:update_account_info:125 | 账户更新: 总值$99069.38, 买入力$398442.20
2025-06-12 12:43:59 | DEBUG    | src.bot.trading_bot:_update_market_data:177 | 市场数据更新完成
2025-06-12 12:44:03 | INFO     | src.trading.executor:update_account_info:125 | 账户更新: 总值$99069.38, 买入力$398442.20
2025-06-12 12:44:03 | DEBUG    | src.bot.trading_bot:_update_market_data:177 | 市场数据更新完成
2025-06-12 12:44:06 | INFO     | src.trading.executor:update_account_info:125 | 账户更新: 总值$99069.38, 买入力$398442.20
2025-06-12 12:44:06 | DEBUG    | src.bot.trading_bot:_update_market_data:177 | 市场数据更新完成
2025-06-12 12:44:09 | INFO     | src.trading.executor:update_account_info:125 | 账户更新: 总值$99069.38, 买入力$398442.20
2025-06-12 12:44:09 | DEBUG    | src.bot.trading_bot:_update_market_data:177 | 市场数据更新完成
2025-06-12 12:44:13 | INFO     | src.trading.executor:update_account_info:125 | 账户更新: 总值$99069.38, 买入力$398442.20
2025-06-12 12:44:13 | DEBUG    | src.bot.trading_bot:_update_market_data:177 | 市场数据更新完成
2025-06-12 12:44:16 | INFO     | src.trading.executor:update_account_info:125 | 账户更新: 总值$99069.38, 买入力$398442.20
2025-06-12 12:44:16 | DEBUG    | src.bot.trading_bot:_update_market_data:177 | 市场数据更新完成
2025-06-12 12:44:19 | INFO     | src.trading.executor:update_account_info:125 | 账户更新: 总值$99069.38, 买入力$398442.20
2025-06-12 12:44:19 | DEBUG    | src.bot.trading_bot:_update_market_data:177 | 市场数据更新完成
2025-06-12 12:44:22 | INFO     | src.trading.executor:update_account_info:125 | 账户更新: 总值$99069.38, 买入力$398442.20
2025-06-12 12:44:22 | DEBUG    | src.bot.trading_bot:_update_market_data:177 | 市场数据更新完成
2025-06-12 12:44:26 | INFO     | src.trading.executor:update_account_info:125 | 账户更新: 总值$99069.38, 买入力$398442.20
2025-06-12 12:44:26 | DEBUG    | src.bot.trading_bot:_update_market_data:177 | 市场数据更新完成
2025-06-12 12:44:29 | INFO     | src.trading.executor:update_account_info:125 | 账户更新: 总值$99069.38, 买入力$398442.20
2025-06-12 12:44:29 | DEBUG    | src.bot.trading_bot:_update_market_data:177 | 市场数据更新完成
2025-06-12 12:44:32 | INFO     | src.trading.executor:update_account_info:125 | 账户更新: 总值$99069.38, 买入力$398442.20
2025-06-12 12:44:32 | DEBUG    | src.bot.trading_bot:_update_market_data:177 | 市场数据更新完成
2025-06-12 12:44:36 | DEBUG    | src.bot.trading_bot:_update_positions_normal:249 | 📊 常规头寸更新完成
2025-06-12 12:44:36 | INFO     | src.trading.executor:update_account_info:125 | 账户更新: 总值$99069.38, 买入力$398442.20
2025-06-12 12:44:36 | DEBUG    | src.bot.trading_bot:_update_market_data:177 | 市场数据更新完成
2025-06-12 12:44:39 | INFO     | src.trading.executor:update_account_info:125 | 账户更新: 总值$99069.38, 买入力$398442.20
2025-06-12 12:44:39 | DEBUG    | src.bot.trading_bot:_update_market_data:177 | 市场数据更新完成
2025-06-12 12:44:42 | INFO     | src.trading.executor:update_account_info:125 | 账户更新: 总值$99069.38, 买入力$398442.20
2025-06-12 12:44:42 | DEBUG    | src.bot.trading_bot:_update_market_data:177 | 市场数据更新完成
2025-06-12 12:44:46 | INFO     | src.trading.executor:update_account_info:125 | 账户更新: 总值$99069.38, 买入力$398442.20
2025-06-12 12:44:46 | DEBUG    | src.bot.trading_bot:_update_market_data:177 | 市场数据更新完成
2025-06-12 12:44:49 | INFO     | src.trading.executor:update_account_info:125 | 账户更新: 总值$99069.38, 买入力$398442.20
2025-06-12 12:44:49 | DEBUG    | src.bot.trading_bot:_update_market_data:177 | 市场数据更新完成
2025-06-12 12:44:52 | INFO     | src.trading.executor:update_account_info:125 | 账户更新: 总值$99069.38, 买入力$398442.20
2025-06-12 12:44:52 | DEBUG    | src.bot.trading_bot:_update_market_data:177 | 市场数据更新完成
2025-06-12 12:44:55 | INFO     | src.trading.executor:update_account_info:125 | 账户更新: 总值$99069.38, 买入力$398442.20
2025-06-12 12:44:55 | DEBUG    | src.bot.trading_bot:_update_market_data:177 | 市场数据更新完成
2025-06-12 12:44:59 | INFO     | src.trading.executor:update_account_info:125 | 账户更新: 总值$99069.38, 买入力$398442.20
2025-06-12 12:44:59 | DEBUG    | src.bot.trading_bot:_update_market_data:177 | 市场数据更新完成
2025-06-12 12:45:02 | INFO     | src.trading.executor:update_account_info:125 | 账户更新: 总值$99069.38, 买入力$398442.20
2025-06-12 12:45:02 | DEBUG    | src.bot.trading_bot:_update_market_data:177 | 市场数据更新完成
2025-06-12 12:45:05 | INFO     | src.trading.executor:update_account_info:125 | 账户更新: 总值$99069.38, 买入力$398442.20
2025-06-12 12:45:05 | DEBUG    | src.bot.trading_bot:_update_market_data:177 | 市场数据更新完成
2025-06-12 12:45:09 | INFO     | src.trading.executor:update_account_info:125 | 账户更新: 总值$99069.38, 买入力$398442.20
2025-06-12 12:45:09 | DEBUG    | src.bot.trading_bot:_update_market_data:177 | 市场数据更新完成
2025-06-12 12:45:12 | INFO     | src.trading.executor:update_account_info:125 | 账户更新: 总值$99069.38, 买入力$398442.20
2025-06-12 12:45:12 | DEBUG    | src.bot.trading_bot:_update_market_data:177 | 市场数据更新完成
2025-06-12 12:45:15 | INFO     | src.trading.executor:update_account_info:125 | 账户更新: 总值$99069.38, 买入力$398442.20
2025-06-12 12:45:15 | DEBUG    | src.bot.trading_bot:_update_market_data:177 | 市场数据更新完成
2025-06-12 12:45:18 | INFO     | src.trading.executor:update_account_info:125 | 账户更新: 总值$99069.38, 买入力$398442.20
2025-06-12 12:45:18 | DEBUG    | src.bot.trading_bot:_update_market_data:177 | 市场数据更新完成
2025-06-12 12:45:22 | INFO     | src.trading.executor:update_account_info:125 | 账户更新: 总值$99069.38, 买入力$398442.20
2025-06-12 12:45:22 | DEBUG    | src.bot.trading_bot:_update_market_data:177 | 市场数据更新完成
2025-06-12 12:45:25 | INFO     | src.trading.executor:update_account_info:125 | 账户更新: 总值$99069.38, 买入力$398442.20
2025-06-12 12:45:25 | DEBUG    | src.bot.trading_bot:_update_market_data:177 | 市场数据更新完成
2025-06-12 12:45:28 | INFO     | src.trading.executor:update_account_info:125 | 账户更新: 总值$99069.38, 买入力$398442.20
2025-06-12 12:45:28 | DEBUG    | src.bot.trading_bot:_update_market_data:177 | 市场数据更新完成
2025-06-12 12:45:31 | INFO     | src.trading.executor:update_account_info:125 | 账户更新: 总值$99069.38, 买入力$398442.20
2025-06-12 12:45:31 | DEBUG    | src.bot.trading_bot:_update_market_data:177 | 市场数据更新完成
2025-06-12 12:45:35 | INFO     | src.trading.executor:update_account_info:125 | 账户更新: 总值$99069.38, 买入力$398442.20
2025-06-12 12:45:35 | DEBUG    | src.bot.trading_bot:_update_market_data:177 | 市场数据更新完成
2025-06-12 12:45:36 | DEBUG    | src.bot.trading_bot:_update_positions_normal:249 | 📊 常规头寸更新完成
2025-06-12 12:45:38 | INFO     | src.trading.executor:update_account_info:125 | 账户更新: 总值$99069.38, 买入力$398442.20
2025-06-12 12:45:38 | DEBUG    | src.bot.trading_bot:_update_market_data:177 | 市场数据更新完成
2025-06-12 12:45:41 | INFO     | src.trading.executor:update_account_info:125 | 账户更新: 总值$99069.38, 买入力$398442.20
2025-06-12 12:45:41 | DEBUG    | src.bot.trading_bot:_update_market_data:177 | 市场数据更新完成
2025-06-12 12:45:45 | INFO     | src.trading.executor:update_account_info:125 | 账户更新: 总值$99069.38, 买入力$398442.20
2025-06-12 12:45:45 | DEBUG    | src.bot.trading_bot:_update_market_data:177 | 市场数据更新完成
2025-06-12 12:45:48 | INFO     | src.trading.executor:update_account_info:125 | 账户更新: 总值$99069.38, 买入力$398442.20
2025-06-12 12:45:48 | DEBUG    | src.bot.trading_bot:_update_market_data:177 | 市场数据更新完成
2025-06-12 12:45:51 | INFO     | src.trading.executor:update_account_info:125 | 账户更新: 总值$99069.38, 买入力$398442.20
2025-06-12 12:45:51 | DEBUG    | src.bot.trading_bot:_update_market_data:177 | 市场数据更新完成
2025-06-12 12:45:54 | INFO     | src.trading.executor:update_account_info:125 | 账户更新: 总值$99069.38, 买入力$398442.20
2025-06-12 12:45:54 | DEBUG    | src.bot.trading_bot:_update_market_data:177 | 市场数据更新完成
2025-06-12 12:45:58 | INFO     | src.trading.executor:update_account_info:125 | 账户更新: 总值$99069.38, 买入力$398442.20
2025-06-12 12:45:58 | DEBUG    | src.bot.trading_bot:_update_market_data:177 | 市场数据更新完成
2025-06-12 12:46:01 | INFO     | src.trading.executor:update_account_info:125 | 账户更新: 总值$99069.38, 买入力$398442.20
2025-06-12 12:46:01 | DEBUG    | src.bot.trading_bot:_update_market_data:177 | 市场数据更新完成
2025-06-12 12:46:04 | INFO     | src.trading.executor:update_account_info:125 | 账户更新: 总值$99069.38, 买入力$398442.20
2025-06-12 12:46:04 | DEBUG    | src.bot.trading_bot:_update_market_data:177 | 市场数据更新完成
2025-06-12 12:46:07 | INFO     | src.trading.executor:update_account_info:125 | 账户更新: 总值$99069.38, 买入力$398442.20
2025-06-12 12:46:07 | DEBUG    | src.bot.trading_bot:_update_market_data:177 | 市场数据更新完成
2025-06-12 12:46:11 | INFO     | src.trading.executor:update_account_info:125 | 账户更新: 总值$99069.38, 买入力$398442.20
2025-06-12 12:46:11 | DEBUG    | src.bot.trading_bot:_update_market_data:177 | 市场数据更新完成
2025-06-12 12:46:14 | INFO     | src.trading.executor:update_account_info:125 | 账户更新: 总值$99069.38, 买入力$398442.20
2025-06-12 12:46:14 | DEBUG    | src.bot.trading_bot:_update_market_data:177 | 市场数据更新完成
2025-06-12 12:46:17 | INFO     | src.trading.executor:update_account_info:125 | 账户更新: 总值$99069.38, 买入力$398442.20
2025-06-12 12:46:17 | DEBUG    | src.bot.trading_bot:_update_market_data:177 | 市场数据更新完成
2025-06-12 12:46:21 | INFO     | src.trading.executor:update_account_info:125 | 账户更新: 总值$99069.38, 买入力$398442.20
2025-06-12 12:46:21 | DEBUG    | src.bot.trading_bot:_update_market_data:177 | 市场数据更新完成
2025-06-12 12:46:24 | INFO     | src.trading.executor:update_account_info:125 | 账户更新: 总值$99069.38, 买入力$398442.20
2025-06-12 12:46:24 | DEBUG    | src.bot.trading_bot:_update_market_data:177 | 市场数据更新完成
2025-06-12 12:46:27 | INFO     | src.trading.executor:update_account_info:125 | 账户更新: 总值$99069.38, 买入力$398442.20
2025-06-12 12:46:27 | DEBUG    | src.bot.trading_bot:_update_market_data:177 | 市场数据更新完成
2025-06-12 12:46:30 | INFO     | src.trading.executor:update_account_info:125 | 账户更新: 总值$99069.38, 买入力$398442.20
2025-06-12 12:46:30 | DEBUG    | src.bot.trading_bot:_update_market_data:177 | 市场数据更新完成
2025-06-12 12:46:34 | INFO     | src.trading.executor:update_account_info:125 | 账户更新: 总值$99069.38, 买入力$398442.20
2025-06-12 12:46:34 | DEBUG    | src.bot.trading_bot:_update_market_data:177 | 市场数据更新完成
2025-06-12 12:46:36 | DEBUG    | src.bot.trading_bot:_update_positions_normal:249 | 📊 常规头寸更新完成
2025-06-12 12:46:37 | INFO     | src.trading.executor:update_account_info:125 | 账户更新: 总值$99069.38, 买入力$398442.20
2025-06-12 12:46:37 | DEBUG    | src.bot.trading_bot:_update_market_data:177 | 市场数据更新完成
2025-06-12 12:46:40 | INFO     | src.trading.executor:update_account_info:125 | 账户更新: 总值$99069.38, 买入力$398442.20
2025-06-12 12:46:40 | DEBUG    | src.bot.trading_bot:_update_market_data:177 | 市场数据更新完成
2025-06-12 12:46:44 | INFO     | src.trading.executor:update_account_info:125 | 账户更新: 总值$99069.38, 买入力$398442.20
2025-06-12 12:46:44 | DEBUG    | src.bot.trading_bot:_update_market_data:177 | 市场数据更新完成
2025-06-12 12:46:47 | INFO     | src.trading.executor:update_account_info:125 | 账户更新: 总值$99069.38, 买入力$398442.20
2025-06-12 12:46:47 | DEBUG    | src.bot.trading_bot:_update_market_data:177 | 市场数据更新完成
2025-06-12 12:46:50 | INFO     | src.trading.executor:update_account_info:125 | 账户更新: 总值$99069.38, 买入力$398442.20
2025-06-12 12:46:50 | DEBUG    | src.bot.trading_bot:_update_market_data:177 | 市场数据更新完成
2025-06-12 12:46:54 | INFO     | src.trading.executor:update_account_info:125 | 账户更新: 总值$99069.38, 买入力$398442.20
2025-06-12 12:46:54 | DEBUG    | src.bot.trading_bot:_update_market_data:177 | 市场数据更新完成
2025-06-12 12:46:57 | INFO     | src.trading.executor:update_account_info:125 | 账户更新: 总值$99069.38, 买入力$398442.20
2025-06-12 12:46:57 | DEBUG    | src.bot.trading_bot:_update_market_data:177 | 市场数据更新完成
2025-06-12 12:47:00 | INFO     | src.trading.executor:update_account_info:125 | 账户更新: 总值$99069.38, 买入力$398442.20
2025-06-12 12:47:00 | DEBUG    | src.bot.trading_bot:_update_market_data:177 | 市场数据更新完成
2025-06-12 12:47:03 | INFO     | src.trading.executor:update_account_info:125 | 账户更新: 总值$99069.38, 买入力$398442.20
2025-06-12 12:47:03 | DEBUG    | src.bot.trading_bot:_update_market_data:177 | 市场数据更新完成
2025-06-12 12:47:07 | INFO     | src.trading.executor:update_account_info:125 | 账户更新: 总值$99069.38, 买入力$398442.20
2025-06-12 12:47:07 | DEBUG    | src.bot.trading_bot:_update_market_data:177 | 市场数据更新完成
2025-06-12 12:47:10 | INFO     | src.trading.executor:update_account_info:125 | 账户更新: 总值$99069.38, 买入力$398442.20
2025-06-12 12:47:10 | DEBUG    | src.bot.trading_bot:_update_market_data:177 | 市场数据更新完成
2025-06-12 12:47:13 | INFO     | src.trading.executor:update_account_info:125 | 账户更新: 总值$99069.38, 买入力$398442.20
2025-06-12 12:47:13 | DEBUG    | src.bot.trading_bot:_update_market_data:177 | 市场数据更新完成
2025-06-12 12:47:16 | INFO     | src.trading.executor:update_account_info:125 | 账户更新: 总值$99069.38, 买入力$398442.20
2025-06-12 12:47:16 | DEBUG    | src.bot.trading_bot:_update_market_data:177 | 市场数据更新完成
2025-06-12 12:47:20 | INFO     | src.trading.executor:update_account_info:125 | 账户更新: 总值$99069.38, 买入力$398442.20
2025-06-12 12:47:20 | DEBUG    | src.bot.trading_bot:_update_market_data:177 | 市场数据更新完成
2025-06-12 12:47:23 | INFO     | src.trading.executor:update_account_info:125 | 账户更新: 总值$99069.38, 买入力$398442.20
2025-06-12 12:47:23 | DEBUG    | src.bot.trading_bot:_update_market_data:177 | 市场数据更新完成
2025-06-12 12:47:26 | INFO     | src.trading.executor:update_account_info:125 | 账户更新: 总值$99069.38, 买入力$398442.20
2025-06-12 12:47:26 | DEBUG    | src.bot.trading_bot:_update_market_data:177 | 市场数据更新完成
2025-06-12 12:47:30 | INFO     | src.trading.executor:update_account_info:125 | 账户更新: 总值$99069.38, 买入力$398442.20
2025-06-12 12:47:30 | DEBUG    | src.bot.trading_bot:_update_market_data:177 | 市场数据更新完成
2025-06-12 12:47:33 | INFO     | src.trading.executor:update_account_info:125 | 账户更新: 总值$99069.38, 买入力$398442.20
2025-06-12 12:47:33 | DEBUG    | src.bot.trading_bot:_update_market_data:177 | 市场数据更新完成
2025-06-12 12:47:36 | DEBUG    | src.bot.trading_bot:_update_positions_normal:249 | 📊 常规头寸更新完成
2025-06-12 12:47:36 | INFO     | src.trading.executor:update_account_info:125 | 账户更新: 总值$99069.38, 买入力$398442.20
2025-06-12 12:47:36 | DEBUG    | src.bot.trading_bot:_update_market_data:177 | 市场数据更新完成
2025-06-12 12:47:39 | INFO     | src.trading.executor:update_account_info:125 | 账户更新: 总值$99069.38, 买入力$398442.20
2025-06-12 12:47:39 | DEBUG    | src.bot.trading_bot:_update_market_data:177 | 市场数据更新完成
2025-06-12 12:47:43 | INFO     | src.trading.executor:update_account_info:125 | 账户更新: 总值$99069.38, 买入力$398442.20
2025-06-12 12:47:43 | DEBUG    | src.bot.trading_bot:_update_market_data:177 | 市场数据更新完成
2025-06-12 12:47:46 | INFO     | src.trading.executor:update_account_info:125 | 账户更新: 总值$99069.38, 买入力$398442.20
2025-06-12 12:47:46 | DEBUG    | src.bot.trading_bot:_update_market_data:177 | 市场数据更新完成
2025-06-12 12:47:49 | INFO     | src.trading.executor:update_account_info:125 | 账户更新: 总值$99069.38, 买入力$398442.20
2025-06-12 12:47:49 | DEBUG    | src.bot.trading_bot:_update_market_data:177 | 市场数据更新完成
2025-06-12 12:47:53 | INFO     | src.trading.executor:update_account_info:125 | 账户更新: 总值$99069.38, 买入力$398442.20
2025-06-12 12:47:53 | DEBUG    | src.bot.trading_bot:_update_market_data:177 | 市场数据更新完成
2025-06-12 12:47:56 | INFO     | src.trading.executor:update_account_info:125 | 账户更新: 总值$99069.38, 买入力$398442.20
2025-06-12 12:47:56 | DEBUG    | src.bot.trading_bot:_update_market_data:177 | 市场数据更新完成
2025-06-12 12:47:59 | INFO     | src.trading.executor:update_account_info:125 | 账户更新: 总值$99069.38, 买入力$398442.20
2025-06-12 12:47:59 | DEBUG    | src.bot.trading_bot:_update_market_data:177 | 市场数据更新完成
2025-06-12 12:48:02 | INFO     | src.trading.executor:update_account_info:125 | 账户更新: 总值$99069.38, 买入力$398442.20
2025-06-12 12:48:02 | DEBUG    | src.bot.trading_bot:_update_market_data:177 | 市场数据更新完成
2025-06-12 12:48:06 | INFO     | src.trading.executor:update_account_info:125 | 账户更新: 总值$99069.38, 买入力$398442.20
2025-06-12 12:48:06 | DEBUG    | src.bot.trading_bot:_update_market_data:177 | 市场数据更新完成
2025-06-12 12:48:09 | INFO     | src.trading.executor:update_account_info:125 | 账户更新: 总值$99069.38, 买入力$398442.20
2025-06-12 12:48:09 | DEBUG    | src.bot.trading_bot:_update_market_data:177 | 市场数据更新完成
2025-06-12 12:48:12 | INFO     | src.trading.executor:update_account_info:125 | 账户更新: 总值$99069.38, 买入力$398442.20
2025-06-12 12:48:12 | DEBUG    | src.bot.trading_bot:_update_market_data:177 | 市场数据更新完成
2025-06-12 12:48:15 | INFO     | src.trading.executor:update_account_info:125 | 账户更新: 总值$99069.38, 买入力$398442.20
2025-06-12 12:48:15 | DEBUG    | src.bot.trading_bot:_update_market_data:177 | 市场数据更新完成
2025-06-12 12:48:19 | INFO     | src.trading.executor:update_account_info:125 | 账户更新: 总值$99069.38, 买入力$398442.20
2025-06-12 12:48:19 | DEBUG    | src.bot.trading_bot:_update_market_data:177 | 市场数据更新完成
2025-06-12 12:48:22 | INFO     | src.trading.executor:update_account_info:125 | 账户更新: 总值$99069.38, 买入力$398442.20
2025-06-12 12:48:22 | DEBUG    | src.bot.trading_bot:_update_market_data:177 | 市场数据更新完成
2025-06-12 12:48:25 | INFO     | src.trading.executor:update_account_info:125 | 账户更新: 总值$99069.38, 买入力$398442.20
2025-06-12 12:48:25 | DEBUG    | src.bot.trading_bot:_update_market_data:177 | 市场数据更新完成
2025-06-12 12:48:29 | INFO     | src.trading.executor:update_account_info:125 | 账户更新: 总值$99069.38, 买入力$398442.20
2025-06-12 12:48:29 | DEBUG    | src.bot.trading_bot:_update_market_data:177 | 市场数据更新完成
2025-06-12 12:48:32 | INFO     | src.trading.executor:update_account_info:125 | 账户更新: 总值$99069.38, 买入力$398442.20
2025-06-12 12:48:32 | DEBUG    | src.bot.trading_bot:_update_market_data:177 | 市场数据更新完成
2025-06-12 12:48:35 | INFO     | src.trading.executor:update_account_info:125 | 账户更新: 总值$99069.38, 买入力$398442.20
2025-06-12 12:48:35 | DEBUG    | src.bot.trading_bot:_update_market_data:177 | 市场数据更新完成
2025-06-12 12:48:36 | DEBUG    | src.bot.trading_bot:_update_positions_normal:249 | 📊 常规头寸更新完成
2025-06-12 12:48:38 | INFO     | src.trading.executor:update_account_info:125 | 账户更新: 总值$99069.38, 买入力$398442.20
2025-06-12 12:48:38 | DEBUG    | src.bot.trading_bot:_update_market_data:177 | 市场数据更新完成
2025-06-12 12:48:42 | INFO     | src.trading.executor:update_account_info:125 | 账户更新: 总值$99069.38, 买入力$398442.20
2025-06-12 12:48:42 | DEBUG    | src.bot.trading_bot:_update_market_data:177 | 市场数据更新完成
2025-06-12 12:48:45 | INFO     | src.trading.executor:update_account_info:125 | 账户更新: 总值$99069.38, 买入力$398442.20
2025-06-12 12:48:45 | DEBUG    | src.bot.trading_bot:_update_market_data:177 | 市场数据更新完成
2025-06-12 12:48:48 | INFO     | src.trading.executor:update_account_info:125 | 账户更新: 总值$99069.38, 买入力$398442.20
2025-06-12 12:48:48 | DEBUG    | src.bot.trading_bot:_update_market_data:177 | 市场数据更新完成
2025-06-12 12:48:52 | INFO     | src.trading.executor:update_account_info:125 | 账户更新: 总值$99069.38, 买入力$398442.20
2025-06-12 12:48:52 | DEBUG    | src.bot.trading_bot:_update_market_data:177 | 市场数据更新完成
2025-06-12 12:48:55 | INFO     | src.trading.executor:update_account_info:125 | 账户更新: 总值$99069.38, 买入力$398442.20
2025-06-12 12:48:55 | DEBUG    | src.bot.trading_bot:_update_market_data:177 | 市场数据更新完成
2025-06-12 12:48:58 | INFO     | src.trading.executor:update_account_info:125 | 账户更新: 总值$99069.38, 买入力$398442.20
2025-06-12 12:48:58 | DEBUG    | src.bot.trading_bot:_update_market_data:177 | 市场数据更新完成
2025-06-12 12:49:02 | INFO     | src.trading.executor:update_account_info:125 | 账户更新: 总值$99069.38, 买入力$398442.20
2025-06-12 12:49:02 | DEBUG    | src.bot.trading_bot:_update_market_data:177 | 市场数据更新完成
2025-06-12 12:49:05 | INFO     | src.trading.executor:update_account_info:125 | 账户更新: 总值$99069.38, 买入力$398442.20
2025-06-12 12:49:05 | DEBUG    | src.bot.trading_bot:_update_market_data:177 | 市场数据更新完成
2025-06-12 12:49:08 | INFO     | src.trading.executor:update_account_info:125 | 账户更新: 总值$99069.38, 买入力$398442.20
2025-06-12 12:49:08 | DEBUG    | src.bot.trading_bot:_update_market_data:177 | 市场数据更新完成
2025-06-12 12:49:12 | INFO     | src.trading.executor:update_account_info:125 | 账户更新: 总值$99069.38, 买入力$398442.20
2025-06-12 12:49:12 | DEBUG    | src.bot.trading_bot:_update_market_data:177 | 市场数据更新完成
2025-06-12 12:49:15 | INFO     | src.trading.executor:update_account_info:125 | 账户更新: 总值$99069.38, 买入力$398442.20
2025-06-12 12:49:15 | DEBUG    | src.bot.trading_bot:_update_market_data:177 | 市场数据更新完成
2025-06-12 12:49:18 | INFO     | src.trading.executor:update_account_info:125 | 账户更新: 总值$99069.38, 买入力$398442.20
2025-06-12 12:49:18 | DEBUG    | src.bot.trading_bot:_update_market_data:177 | 市场数据更新完成
2025-06-12 12:49:21 | INFO     | src.trading.executor:update_account_info:125 | 账户更新: 总值$99069.38, 买入力$398442.20
2025-06-12 12:49:21 | DEBUG    | src.bot.trading_bot:_update_market_data:177 | 市场数据更新完成
2025-06-12 12:49:25 | INFO     | src.trading.executor:update_account_info:125 | 账户更新: 总值$99069.38, 买入力$398442.20
2025-06-12 12:49:25 | DEBUG    | src.bot.trading_bot:_update_market_data:177 | 市场数据更新完成
2025-06-12 12:49:28 | INFO     | src.trading.executor:update_account_info:125 | 账户更新: 总值$99069.38, 买入力$398442.20
2025-06-12 12:49:28 | DEBUG    | src.bot.trading_bot:_update_market_data:177 | 市场数据更新完成
2025-06-12 12:49:31 | INFO     | src.trading.executor:update_account_info:125 | 账户更新: 总值$99069.38, 买入力$398442.20
2025-06-12 12:49:31 | DEBUG    | src.bot.trading_bot:_update_market_data:177 | 市场数据更新完成
2025-06-12 12:49:35 | INFO     | src.trading.executor:update_account_info:125 | 账户更新: 总值$99069.38, 买入力$398442.20
2025-06-12 12:49:35 | DEBUG    | src.bot.trading_bot:_update_market_data:177 | 市场数据更新完成
2025-06-12 12:49:37 | DEBUG    | src.bot.trading_bot:_update_positions_normal:249 | 📊 常规头寸更新完成
2025-06-12 12:49:38 | INFO     | src.trading.executor:update_account_info:125 | 账户更新: 总值$99069.38, 买入力$398442.20
2025-06-12 12:49:38 | DEBUG    | src.bot.trading_bot:_update_market_data:177 | 市场数据更新完成
2025-06-12 12:49:41 | INFO     | src.trading.executor:update_account_info:125 | 账户更新: 总值$99069.38, 买入力$398442.20
2025-06-12 12:49:41 | DEBUG    | src.bot.trading_bot:_update_market_data:177 | 市场数据更新完成
2025-06-12 12:49:44 | INFO     | src.trading.executor:update_account_info:125 | 账户更新: 总值$99069.38, 买入力$398442.20
2025-06-12 12:49:44 | DEBUG    | src.bot.trading_bot:_update_market_data:177 | 市场数据更新完成
2025-06-12 12:49:48 | INFO     | src.trading.executor:update_account_info:125 | 账户更新: 总值$99069.38, 买入力$398442.20
2025-06-12 12:49:48 | DEBUG    | src.bot.trading_bot:_update_market_data:177 | 市场数据更新完成
2025-06-12 12:49:51 | INFO     | src.trading.executor:update_account_info:125 | 账户更新: 总值$99069.38, 买入力$398442.20
2025-06-12 12:49:51 | DEBUG    | src.bot.trading_bot:_update_market_data:177 | 市场数据更新完成
2025-06-12 12:49:54 | INFO     | src.trading.executor:update_account_info:125 | 账户更新: 总值$99069.38, 买入力$398442.20
2025-06-12 12:49:54 | DEBUG    | src.bot.trading_bot:_update_market_data:177 | 市场数据更新完成
2025-06-12 12:49:58 | INFO     | src.trading.executor:update_account_info:125 | 账户更新: 总值$99069.38, 买入力$398442.20
2025-06-12 12:49:58 | DEBUG    | src.bot.trading_bot:_update_market_data:177 | 市场数据更新完成
2025-06-12 16:30:00 | INFO     | src.utils.notifications:send_message:63 | [GENERAL] 📈 日终报告 - 2025-06-12
运行时间: 17:26:13.942037
生成信号: 582
执行交易: 5
当日盈亏: $24.00
账户总值: $99,069.38
风险利用率: 0.0%
剩余头寸: 0
2025-06-12 16:30:00 | INFO     | src.bot.trading_bot:_daily_report:371 | 日终报告已生成
2025-06-12 23:36:50 | INFO     | __main__:signal_handler:86 | 收到退出信号: SIGINT
2025-06-12 23:36:50 | INFO     | __main__:signal_handler:87 | 🛑 立即停止所有非必要操作，开始优雅退出...
2025-06-12 23:36:50 | INFO     | __main__:signal_handler:92 | ✅ 主循环已停止
2025-06-12 23:36:50 | INFO     | src.bot.trading_bot:stop:609 | 开始优雅停止交易机器人...
2025-06-12 23:36:50 | INFO     | src.bot.trading_bot:stop:618 | 第1步: 关闭所有持仓
2025-06-12 23:36:50 | INFO     | src.bot.trading_bot:stop:628 | 没有检测到持仓
2025-06-12 23:36:53 | INFO     | src.bot.trading_bot:stop:638 | 第2步: 验证所有持仓是否已关闭
2025-06-12 23:36:53 | INFO     | src.trading.executor:verify_positions_closed:694 | 正在验证持仓状态...
2025-06-12 23:36:54 | INFO     | src.trading.executor:verify_positions_closed:712 | 所有期权持仓已确认关闭
2025-06-12 23:36:54 | INFO     | src.bot.trading_bot:stop:643 | ✅ 所有持仓已确认关闭
2025-06-12 23:36:54 | INFO     | src.bot.trading_bot:stop:659 | 第3步: 取消所有开放订单
2025-06-12 23:36:54 | INFO     | src.trading.executor:cancel_all_open_orders:635 | 正在查询所有开放订单...
2025-06-12 23:36:54 | INFO     | src.trading.executor:cancel_all_open_orders:648 | 没有发现开放订单
2025-06-12 23:36:56 | INFO     | src.bot.trading_bot:stop:672 | 第4步: 验证所有订单是否已取消
2025-06-12 23:36:56 | INFO     | src.trading.executor:verify_orders_cancelled:724 | 正在验证订单状态...
2025-06-12 23:36:56 | INFO     | src.trading.executor:verify_orders_cancelled:742 | 所有订单已确认取消
2025-06-12 23:36:56 | INFO     | src.bot.trading_bot:stop:677 | ✅ 所有订单已确认取消
2025-06-12 23:36:56 | INFO     | src.utils.notifications:send_message:63 | [GENERAL] 🛑 交易机器人已优雅停止
最终盈亏: $24.00
总交易次数: 5
运行时间: 1 day, 0:33:10.163115
剩余持仓: 0 个
停止状态: 优雅停止完成
2025-06-12 23:36:56 | INFO     | src.bot.trading_bot:stop:714 | 🎯 交易机器人优雅停止完成
2025-06-12 23:36:56 | INFO     | __main__:main:142 | 程序结束
