合约名称,时间,最新成交价,开仓价格,平仓价格
SPY250613P00599000,2025-06-13 09:30:05,0.56,2.315,
SPY250613P00599000,2025-06-13 09:30:05,0.56,,
SPY250613P00599000,2025-06-13 09:30:06,0.56,,
SPY250613P00599000,2025-06-13 09:30:09,0.56,,
SPY250613P00599000,2025-06-13 09:30:10,0.56,,
SPY250613P00599000,2025-06-13 09:30:13,0.56,,2.07
SPY250613P00599000,2025-06-13 09:30:13,0.56,,
SPY250613P00599000,2025-06-13 09:30:14,0.56,,
SPY250613P00599000,2025-06-13 09:30:18,0.56,,
SPY250613P00599000,2025-06-13 09:30:22,0.56,2.0140000000000002,
SPY250613P00599000,2025-06-13 09:30:23,0.56,,
SPY250613P00599000,2025-06-13 09:30:24,0.56,,
SPY250613P00599000,2025-06-13 09:30:27,0.56,,
SPY250613P00599000,2025-06-13 09:30:28,0.56,,
SPY250613P00599000,2025-06-13 09:30:31,0.56,,
SPY250613P00599000,2025-06-13 09:30:32,0.56,,
SPY250613P00599000,2025-06-13 09:30:35,0.56,,
SPY250613P00599000,2025-06-13 09:30:36,0.56,,
SPY250613P00599000,2025-06-13 09:30:39,0.56,,
SPY250613P00599000,2025-06-13 09:30:40,0.56,,
SPY250613P00599000,2025-06-13 09:30:43,0.56,,1.81
SPY250613P00599000,2025-06-13 09:30:43,0.56,,
SPY250613P00599000,2025-06-13 09:30:44,0.56,,
SPY250613P00599000,2025-06-13 09:30:48,0.56,,
SPY250613P00599000,2025-06-13 09:30:52,0.56,,
SPY250613P00600000,2025-06-13 09:30:57,0.71,2.205,
SPY250613P00599000,2025-06-13 09:30:59,0.56,,
SPY250613P00600000,2025-06-13 09:30:59,0.71,,
SPY250613P00599000,2025-06-13 09:30:59,0.56,,
SPY250613P00600000,2025-06-13 09:30:59,0.71,,
SPY250613P00599000,2025-06-13 09:31:03,0.56,,
SPY250613P00600000,2025-06-13 09:31:03,0.71,,
SPY250613P00599000,2025-06-13 09:31:04,0.56,,
SPY250613P00600000,2025-06-13 09:31:04,0.71,,
SPY250613P00599000,2025-06-13 09:31:07,0.56,,
SPY250613P00600000,2025-06-13 09:31:07,0.71,,
SPY250613P00599000,2025-06-13 09:31:08,0.56,,
SPY250613P00600000,2025-06-13 09:31:08,0.71,,
SPY250613P00599000,2025-06-13 09:31:11,0.56,,
SPY250613P00600000,2025-06-13 09:31:11,0.71,,
SPY250613P00599000,2025-06-13 09:31:12,0.56,,
SPY250613P00600000,2025-06-13 09:31:12,0.71,,
SPY250613P00599000,2025-06-13 09:31:15,0.56,,
SPY250613P00600000,2025-06-13 09:31:15,0.71,,
SPY250613P00599000,2025-06-13 09:31:16,0.56,,
SPY250613P00600000,2025-06-13 09:31:16,0.71,,
SPY250613P00599000,2025-06-13 09:31:19,0.56,,
SPY250613P00600000,2025-06-13 09:31:19,0.71,,
SPY250613P00599000,2025-06-13 09:31:21,0.56,,
SPY250613P00600000,2025-06-13 09:31:21,0.71,,
SPY250613P00599000,2025-06-13 09:31:23,0.56,,
SPY250613P00600000,2025-06-13 09:31:23,0.71,,
SPY250613P00599000,2025-06-13 09:31:25,0.56,,
SPY250613P00600000,2025-06-13 09:31:25,0.71,,
SPY250613P00599000,2025-06-13 09:31:28,0.56,,
SPY250613P00600000,2025-06-13 09:31:28,0.71,,
SPY250613P00599000,2025-06-13 09:31:29,0.56,,
SPY250613P00600000,2025-06-13 09:31:29,0.71,,
SPY250613P00599000,2025-06-13 09:31:32,0.56,,
SPY250613P00600000,2025-06-13 09:31:32,0.71,,
SPY250613P00599000,2025-06-13 09:31:33,0.56,,
SPY250613P00600000,2025-06-13 09:31:33,0.71,,
SPY250613P00600000,2025-06-13 09:31:36,0.71,,1.96
SPY250613P00599000,2025-06-13 09:31:37,0.56,,
SPY250613P00600000,2025-06-13 09:31:37,0.71,,
SPY250613P00599000,2025-06-13 09:31:38,0.56,,
SPY250613P00600000,2025-06-13 09:31:38,0.71,,
SPY250613P00599000,2025-06-13 09:31:42,0.56,,
SPY250613P00600000,2025-06-13 09:31:42,0.71,,
SPY250613P00600000,2025-06-13 09:31:46,0.71,1.935,
SPY250613P00599000,2025-06-13 09:31:47,0.56,,
SPY250613P00600000,2025-06-13 09:31:47,0.71,,
SPY250613P00599000,2025-06-13 09:31:47,0.56,,
SPY250613P00600000,2025-06-13 09:31:47,0.71,,
SPY250613P00599000,2025-06-13 09:31:51,0.56,,
SPY250613P00600000,2025-06-13 09:31:51,0.71,,
SPY250613P00599000,2025-06-13 09:31:52,0.56,,
SPY250613P00600000,2025-06-13 09:31:52,0.71,,
SPY250613P00599000,2025-06-13 09:31:55,0.56,,
SPY250613P00600000,2025-06-13 09:31:55,0.71,,
SPY250613P00599000,2025-06-13 09:31:56,0.56,,
SPY250613P00600000,2025-06-13 09:31:56,0.71,,
SPY250613P00599000,2025-06-13 09:31:59,0.56,,
SPY250613P00600000,2025-06-13 09:31:59,0.71,,
SPY250613P00599000,2025-06-13 09:32:00,0.56,,
SPY250613P00600000,2025-06-13 09:32:00,0.71,,
SPY250613P00599000,2025-06-13 09:32:03,0.56,,
SPY250613P00600000,2025-06-13 09:32:03,0.71,,
SPY250613P00599000,2025-06-13 09:32:04,0.56,,
SPY250613P00600000,2025-06-13 09:32:04,0.71,,
SPY250613P00599000,2025-06-13 09:32:07,0.56,,
SPY250613P00600000,2025-06-13 09:32:07,0.71,,
SPY250613P00599000,2025-06-13 09:32:09,0.56,,
SPY250613P00600000,2025-06-13 09:32:09,0.71,,
SPY250613P00599000,2025-06-13 09:32:12,0.56,,
SPY250613P00600000,2025-06-13 09:32:12,0.71,,
SPY250613P00599000,2025-06-13 09:32:13,0.56,,
SPY250613P00600000,2025-06-13 09:32:13,0.71,,
SPY250613P00599000,2025-06-13 09:32:16,0.56,,
SPY250613P00600000,2025-06-13 09:32:16,0.71,,
SPY250613P00599000,2025-06-13 09:32:17,0.56,,
SPY250613P00600000,2025-06-13 09:32:17,0.71,,
SPY250613P00600000,2025-06-13 09:32:20,0.71,,1.71
SPY250613P00599000,2025-06-13 09:32:21,0.56,,
SPY250613P00600000,2025-06-13 09:32:21,0.71,,
SPY250613P00599000,2025-06-13 09:32:22,0.56,,
SPY250613P00600000,2025-06-13 09:32:22,0.71,,
SPY250613P00601000,2025-06-13 09:32:24,0.91,2.22,
SPY250613P00599000,2025-06-13 09:32:25,0.56,,
SPY250613P00600000,2025-06-13 09:32:25,0.71,,
SPY250613P00601000,2025-06-13 09:32:25,0.91,,
SPY250613P00599000,2025-06-13 09:32:27,0.56,,
SPY250613P00600000,2025-06-13 09:32:27,0.71,,
SPY250613P00601000,2025-06-13 09:32:27,0.91,,
SPY250613P00599000,2025-06-13 09:32:29,0.56,,
SPY250613P00600000,2025-06-13 09:32:29,0.71,,
SPY250613P00601000,2025-06-13 09:32:29,0.91,,
SPY250613P00599000,2025-06-13 09:32:31,0.56,,
SPY250613P00600000,2025-06-13 09:32:31,0.71,,
SPY250613P00601000,2025-06-13 09:32:31,0.91,,
SPY250613P00599000,2025-06-13 09:32:34,0.56,,
SPY250613P00600000,2025-06-13 09:32:34,0.71,,
SPY250613P00601000,2025-06-13 09:32:34,0.91,,
SPY250613P00599000,2025-06-13 09:32:35,0.56,,
SPY250613P00600000,2025-06-13 09:32:35,0.71,,
SPY250613P00601000,2025-06-13 09:32:35,0.91,,
SPY250613P00599000,2025-06-13 09:32:38,0.56,,
SPY250613P00600000,2025-06-13 09:32:38,0.71,,
SPY250613P00601000,2025-06-13 09:32:38,0.91,,
SPY250613P00599000,2025-06-13 09:32:39,0.56,,
SPY250613P00600000,2025-06-13 09:32:39,0.71,,
SPY250613P00601000,2025-06-13 09:32:39,0.91,,
SPY250613P00599000,2025-06-13 09:32:42,0.56,,
SPY250613P00600000,2025-06-13 09:32:42,0.71,,
SPY250613P00601000,2025-06-13 09:32:42,0.91,,
SPY250613P00599000,2025-06-13 09:32:44,0.56,,
SPY250613P00600000,2025-06-13 09:32:44,0.71,,
SPY250613P00601000,2025-06-13 09:32:44,0.91,,
SPY250613P00599000,2025-06-13 09:32:46,0.56,,
SPY250613P00600000,2025-06-13 09:32:46,0.71,,
SPY250613P00601000,2025-06-13 09:32:46,0.91,,
SPY250613P00599000,2025-06-13 09:32:48,0.56,,
SPY250613P00600000,2025-06-13 09:32:48,0.71,,
SPY250613P00601000,2025-06-13 09:32:48,0.91,,
SPY250613P00599000,2025-06-13 09:32:50,0.56,,
SPY250613P00600000,2025-06-13 09:32:50,0.71,,
SPY250613P00601000,2025-06-13 09:32:50,0.91,,
SPY250613P00599000,2025-06-13 09:32:52,0.56,,
SPY250613P00600000,2025-06-13 09:32:52,0.71,,
SPY250613P00601000,2025-06-13 09:32:52,0.91,,
SPY250613P00599000,2025-06-13 09:32:55,0.56,,
SPY250613P00600000,2025-06-13 09:32:55,0.71,,
SPY250613P00601000,2025-06-13 09:32:55,0.91,,
SPY250613P00599000,2025-06-13 09:32:56,0.56,,
SPY250613P00600000,2025-06-13 09:32:56,0.71,,
SPY250613P00601000,2025-06-13 09:32:56,0.91,,
SPY250613P00599000,2025-06-13 09:32:59,0.56,,
SPY250613P00600000,2025-06-13 09:32:59,0.71,,
SPY250613P00601000,2025-06-13 09:32:59,0.91,,
SPY250613P00599000,2025-06-13 09:33:00,0.56,,
SPY250613P00600000,2025-06-13 09:33:00,0.71,,
SPY250613P00601000,2025-06-13 09:33:00,0.91,,
SPY250613P00599000,2025-06-13 09:33:03,0.56,,
SPY250613P00600000,2025-06-13 09:33:03,0.71,,
SPY250613P00601000,2025-06-13 09:33:03,0.91,,
SPY250613P00599000,2025-06-13 09:33:04,0.56,,
SPY250613P00600000,2025-06-13 09:33:04,0.71,,
SPY250613P00601000,2025-06-13 09:33:04,0.91,,
SPY250613P00599000,2025-06-13 09:33:07,0.56,,
SPY250613P00600000,2025-06-13 09:33:07,0.71,,
SPY250613P00601000,2025-06-13 09:33:07,0.91,,
SPY250613P00599000,2025-06-13 09:33:08,0.56,,
SPY250613P00600000,2025-06-13 09:33:08,0.71,,
SPY250613P00601000,2025-06-13 09:33:08,0.91,,
SPY250613P00599000,2025-06-13 09:33:11,0.56,,
SPY250613P00600000,2025-06-13 09:33:11,0.71,,
SPY250613P00601000,2025-06-13 09:33:11,0.91,,
SPY250613P00599000,2025-06-13 09:33:13,0.56,,
SPY250613P00600000,2025-06-13 09:33:13,0.71,,
SPY250613P00601000,2025-06-13 09:33:13,0.91,,
SPY250613P00599000,2025-06-13 09:33:15,0.56,,
SPY250613P00600000,2025-06-13 09:33:15,0.71,,
SPY250613P00601000,2025-06-13 09:33:15,0.91,,
SPY250613P00599000,2025-06-13 09:33:17,0.56,,
SPY250613P00600000,2025-06-13 09:33:17,0.71,,
SPY250613P00601000,2025-06-13 09:33:17,0.91,,
SPY250613P00599000,2025-06-13 09:33:20,0.56,,
SPY250613P00600000,2025-06-13 09:33:20,0.71,,
SPY250613P00601000,2025-06-13 09:33:20,0.91,,
SPY250613P00599000,2025-06-13 09:33:21,0.56,,
SPY250613P00600000,2025-06-13 09:33:21,0.71,,
SPY250613P00601000,2025-06-13 09:33:21,0.91,,
SPY250613P00599000,2025-06-13 09:33:24,0.56,,
SPY250613P00600000,2025-06-13 09:33:24,0.71,,
SPY250613P00601000,2025-06-13 09:33:24,0.91,,
SPY250613P00599000,2025-06-13 09:33:25,0.56,,
SPY250613P00600000,2025-06-13 09:33:25,0.71,,
SPY250613P00601000,2025-06-13 09:33:25,0.91,,
SPY250613P00599000,2025-06-13 09:33:28,0.56,,
SPY250613P00600000,2025-06-13 09:33:28,0.71,,
SPY250613P00601000,2025-06-13 09:33:28,0.91,,
SPY250613P00599000,2025-06-13 09:33:30,0.56,,
SPY250613P00600000,2025-06-13 09:33:30,0.71,,
SPY250613P00601000,2025-06-13 09:33:30,0.91,,
SPY250613P00599000,2025-06-13 09:33:33,0.56,,
SPY250613P00600000,2025-06-13 09:33:33,0.71,,
SPY250613P00601000,2025-06-13 09:33:33,0.91,,
SPY250613P00599000,2025-06-13 09:33:34,0.56,,
SPY250613P00600000,2025-06-13 09:33:34,0.71,,
SPY250613P00601000,2025-06-13 09:33:34,0.91,,
SPY250613P00599000,2025-06-13 09:33:37,0.56,,
SPY250613P00600000,2025-06-13 09:33:37,0.71,,
SPY250613P00601000,2025-06-13 09:33:37,0.91,,
SPY250613P00599000,2025-06-13 09:33:39,0.56,,
SPY250613P00600000,2025-06-13 09:33:39,0.71,,
SPY250613P00601000,2025-06-13 09:33:39,0.91,,
SPY250613P00599000,2025-06-13 09:33:41,0.56,,
SPY250613P00600000,2025-06-13 09:33:41,0.71,,
SPY250613P00601000,2025-06-13 09:33:41,0.91,,
SPY250613P00599000,2025-06-13 09:33:43,0.56,,
SPY250613P00600000,2025-06-13 09:33:43,0.71,,
SPY250613P00601000,2025-06-13 09:33:43,0.91,,
SPY250613P00599000,2025-06-13 09:33:45,0.56,,
SPY250613P00600000,2025-06-13 09:33:45,0.71,,
SPY250613P00601000,2025-06-13 09:33:45,0.91,,
SPY250613P00599000,2025-06-13 09:33:47,0.56,,
SPY250613P00600000,2025-06-13 09:33:47,0.71,,
SPY250613P00601000,2025-06-13 09:33:47,0.91,,
SPY250613P00599000,2025-06-13 09:33:50,0.56,,
SPY250613P00600000,2025-06-13 09:33:50,0.71,,
SPY250613P00601000,2025-06-13 09:33:50,0.91,,
SPY250613P00599000,2025-06-13 09:33:51,0.56,,
SPY250613P00600000,2025-06-13 09:33:51,0.71,,
SPY250613P00601000,2025-06-13 09:33:51,0.91,,
SPY250613P00599000,2025-06-13 09:33:54,0.56,,
SPY250613P00600000,2025-06-13 09:33:54,0.71,,
SPY250613P00601000,2025-06-13 09:33:54,0.91,,
SPY250613P00599000,2025-06-13 09:33:55,0.56,,
SPY250613P00600000,2025-06-13 09:33:55,0.71,,
SPY250613P00601000,2025-06-13 09:33:55,0.91,,
SPY250613P00599000,2025-06-13 09:33:58,0.56,,
SPY250613P00600000,2025-06-13 09:33:58,0.71,,
SPY250613P00601000,2025-06-13 09:33:58,0.91,,
SPY250613P00599000,2025-06-13 09:34:00,0.56,,
SPY250613P00600000,2025-06-13 09:34:00,0.71,,
SPY250613P00601000,2025-06-13 09:34:00,0.91,,
SPY250613P00599000,2025-06-13 09:34:02,0.56,,
SPY250613P00600000,2025-06-13 09:34:02,0.71,,
SPY250613P00601000,2025-06-13 09:34:02,0.91,,
SPY250613P00599000,2025-06-13 09:34:04,0.56,,
SPY250613P00600000,2025-06-13 09:34:04,0.71,,
SPY250613P00601000,2025-06-13 09:34:04,0.91,,
SPY250613P00599000,2025-06-13 09:34:06,0.56,,
SPY250613P00600000,2025-06-13 09:34:06,0.71,,
SPY250613P00601000,2025-06-13 09:34:06,0.91,,
SPY250613P00599000,2025-06-13 09:34:08,0.56,,
SPY250613P00600000,2025-06-13 09:34:08,0.71,,
SPY250613P00601000,2025-06-13 09:34:08,0.91,,
SPY250613P00599000,2025-06-13 09:34:11,0.56,,
SPY250613P00600000,2025-06-13 09:34:11,0.71,,
SPY250613P00601000,2025-06-13 09:34:11,0.91,,
SPY250613P00599000,2025-06-13 09:34:12,0.56,,
SPY250613P00600000,2025-06-13 09:34:12,0.71,,
SPY250613P00601000,2025-06-13 09:34:12,0.91,,
SPY250613P00599000,2025-06-13 09:34:15,0.56,,
SPY250613P00600000,2025-06-13 09:34:15,0.71,,
SPY250613P00601000,2025-06-13 09:34:15,0.91,,
SPY250613P00599000,2025-06-13 09:34:16,0.56,,
SPY250613P00600000,2025-06-13 09:34:16,0.71,,
SPY250613P00601000,2025-06-13 09:34:16,0.91,,
SPY250613P00599000,2025-06-13 09:34:19,0.56,,
SPY250613P00600000,2025-06-13 09:34:19,0.71,,
SPY250613P00601000,2025-06-13 09:34:19,0.91,,
SPY250613P00599000,2025-06-13 09:34:20,0.56,,
SPY250613P00600000,2025-06-13 09:34:20,0.71,,
SPY250613P00601000,2025-06-13 09:34:20,0.91,,
SPY250613P00599000,2025-06-13 09:34:23,0.56,,
SPY250613P00600000,2025-06-13 09:34:23,0.71,,
SPY250613P00601000,2025-06-13 09:34:23,0.91,,
SPY250613P00599000,2025-06-13 09:34:25,0.56,,
SPY250613P00600000,2025-06-13 09:34:25,0.71,,
SPY250613P00601000,2025-06-13 09:34:25,0.91,,
SPY250613P00599000,2025-06-13 09:34:27,0.56,,
SPY250613P00600000,2025-06-13 09:34:27,0.71,,
SPY250613P00601000,2025-06-13 09:34:27,0.91,,
SPY250613P00600000,2025-06-13 09:34:29,0.71,,
SPY250613P00601000,2025-06-13 09:34:29,0.91,,
SPY250613P00599000,2025-06-13 09:34:32,0.56,,
SPY250613P00600000,2025-06-13 09:34:32,0.71,,
SPY250613P00601000,2025-06-13 09:34:32,0.91,,
SPY250613P00599000,2025-06-13 09:34:35,0.56,,
SPY250613P00600000,2025-06-13 09:34:35,0.71,,
SPY250613P00601000,2025-06-13 09:34:35,0.91,,
SPY250613P00599000,2025-06-13 09:34:38,0.56,,
SPY250613P00600000,2025-06-13 09:34:38,0.71,,
SPY250613P00601000,2025-06-13 09:34:38,0.91,,
SPY250613P00599000,2025-06-13 09:34:40,0.56,,
SPY250613P00600000,2025-06-13 09:34:40,0.71,,
SPY250613P00601000,2025-06-13 09:34:40,0.91,,
SPY250613P00599000,2025-06-13 09:34:44,0.56,,
SPY250613P00600000,2025-06-13 09:34:44,0.71,,
SPY250613P00601000,2025-06-13 09:34:44,0.91,,
SPY250613P00599000,2025-06-13 09:34:45,0.56,,
SPY250613P00600000,2025-06-13 09:34:45,0.71,,
SPY250613P00601000,2025-06-13 09:34:45,0.91,,
SPY250613P00599000,2025-06-13 09:34:48,0.56,,
SPY250613P00600000,2025-06-13 09:34:48,0.71,,
SPY250613P00601000,2025-06-13 09:34:48,0.91,,
SPY250613P00599000,2025-06-13 09:34:50,0.56,,
SPY250613P00600000,2025-06-13 09:34:50,0.71,,
SPY250613P00601000,2025-06-13 09:34:50,0.91,,
SPY250613P00599000,2025-06-13 09:34:52,0.56,,
SPY250613P00600000,2025-06-13 09:34:52,0.71,,
SPY250613P00601000,2025-06-13 09:34:52,0.91,,
SPY250613P00599000,2025-06-13 09:34:54,0.56,,
SPY250613P00600000,2025-06-13 09:34:54,0.71,,
SPY250613P00601000,2025-06-13 09:34:54,0.91,,
SPY250613P00599000,2025-06-13 09:34:57,0.56,,
SPY250613P00600000,2025-06-13 09:34:57,0.71,,
SPY250613P00601000,2025-06-13 09:34:57,0.91,,
SPY250613P00599000,2025-06-13 09:34:59,0.56,,
SPY250613P00600000,2025-06-13 09:34:59,0.71,,
SPY250613P00601000,2025-06-13 09:34:59,0.91,,
SPY250613P00599000,2025-06-13 09:35:02,0.56,,
SPY250613P00600000,2025-06-13 09:35:02,0.71,,
SPY250613P00601000,2025-06-13 09:35:02,0.91,,
SPY250613P00599000,2025-06-13 09:35:03,0.56,,
SPY250613P00600000,2025-06-13 09:35:03,0.71,,
SPY250613P00601000,2025-06-13 09:35:03,0.91,,
SPY250613P00599000,2025-06-13 09:35:06,0.56,,
SPY250613P00600000,2025-06-13 09:35:06,0.71,,
SPY250613P00601000,2025-06-13 09:35:06,0.91,,
SPY250613P00599000,2025-06-13 09:35:08,0.56,,
SPY250613P00600000,2025-06-13 09:35:08,0.71,,
SPY250613P00601000,2025-06-13 09:35:08,0.91,,
SPY250613P00599000,2025-06-13 09:35:11,0.56,,
SPY250613P00600000,2025-06-13 09:35:11,0.71,,
SPY250613P00601000,2025-06-13 09:35:11,0.91,,
SPY250613P00599000,2025-06-13 09:35:12,0.56,,
SPY250613P00600000,2025-06-13 09:35:12,0.71,,
SPY250613P00601000,2025-06-13 09:35:12,0.91,,
SPY250613P00599000,2025-06-13 09:35:15,0.56,,
SPY250613P00600000,2025-06-13 09:35:15,0.71,,
SPY250613P00601000,2025-06-13 09:35:15,0.91,,
SPY250613P00599000,2025-06-13 09:35:17,0.56,,
SPY250613P00600000,2025-06-13 09:35:17,0.71,,
SPY250613P00601000,2025-06-13 09:35:17,0.91,,
SPY250613P00599000,2025-06-13 09:35:20,0.56,,
SPY250613P00600000,2025-06-13 09:35:20,0.71,,
SPY250613P00601000,2025-06-13 09:35:20,0.91,,
SPY250613P00599000,2025-06-13 09:35:22,0.56,,
SPY250613P00600000,2025-06-13 09:35:22,0.71,,
SPY250613P00601000,2025-06-13 09:35:22,0.91,,
SPY250613P00599000,2025-06-13 09:35:25,0.56,,
SPY250613P00600000,2025-06-13 09:35:25,0.71,,
SPY250613P00601000,2025-06-13 09:35:25,0.91,,
SPY250613P00599000,2025-06-13 09:35:26,0.56,,
SPY250613P00600000,2025-06-13 09:35:26,0.71,,
SPY250613P00601000,2025-06-13 09:35:26,0.91,,
SPY250613P00599000,2025-06-13 09:35:29,0.56,,
SPY250613P00600000,2025-06-13 09:35:29,0.71,,
SPY250613P00601000,2025-06-13 09:35:29,0.91,,
SPY250613P00599000,2025-06-13 09:35:31,0.56,,
SPY250613P00600000,2025-06-13 09:35:31,0.71,,
SPY250613P00601000,2025-06-13 09:35:31,0.91,,
SPY250613P00599000,2025-06-13 09:35:34,0.56,,
SPY250613P00600000,2025-06-13 09:35:34,0.71,,
SPY250613P00601000,2025-06-13 09:35:34,0.91,,
SPY250613P00599000,2025-06-13 09:35:36,0.56,,
SPY250613P00600000,2025-06-13 09:35:36,0.71,,
SPY250613P00601000,2025-06-13 09:35:36,0.91,,
SPY250613P00599000,2025-06-13 09:35:38,0.56,,
SPY250613P00600000,2025-06-13 09:35:38,0.71,,
SPY250613P00601000,2025-06-13 09:35:38,0.91,,
SPY250613P00599000,2025-06-13 09:35:41,0.56,,
SPY250613P00600000,2025-06-13 09:35:41,0.71,,
SPY250613P00601000,2025-06-13 09:35:41,0.91,,
SPY250613P00599000,2025-06-13 09:35:42,0.56,,
SPY250613P00600000,2025-06-13 09:35:42,0.71,,
SPY250613P00601000,2025-06-13 09:35:42,0.91,,
SPY250613P00599000,2025-06-13 09:35:45,0.56,,
SPY250613P00600000,2025-06-13 09:35:45,0.71,,
SPY250613P00601000,2025-06-13 09:35:45,0.91,,
SPY250613P00599000,2025-06-13 09:35:47,0.56,,
SPY250613P00600000,2025-06-13 09:35:47,0.71,,
SPY250613P00601000,2025-06-13 09:35:47,0.91,,
SPY250613P00599000,2025-06-13 09:35:49,0.56,,
SPY250613P00600000,2025-06-13 09:35:49,0.71,,
SPY250613P00601000,2025-06-13 09:35:49,0.91,,
SPY250613P00599000,2025-06-13 09:35:51,0.56,,
SPY250613P00600000,2025-06-13 09:35:51,0.71,,
SPY250613P00601000,2025-06-13 09:35:51,0.91,,
SPY250613P00599000,2025-06-13 09:35:53,0.56,,
SPY250613P00600000,2025-06-13 09:35:53,0.71,,
SPY250613P00601000,2025-06-13 09:35:53,0.91,,
SPY250613P00599000,2025-06-13 09:35:55,0.56,,
SPY250613P00600000,2025-06-13 09:35:55,0.71,,
SPY250613P00601000,2025-06-13 09:35:55,0.91,,
SPY250613P00599000,2025-06-13 09:35:57,0.56,,
SPY250613P00600000,2025-06-13 09:35:57,0.71,,
SPY250613P00601000,2025-06-13 09:35:57,0.91,,
SPY250613P00599000,2025-06-13 09:35:59,0.56,,
SPY250613P00600000,2025-06-13 09:35:59,0.71,,
SPY250613P00601000,2025-06-13 09:35:59,0.91,,
SPY250613P00599000,2025-06-13 09:36:02,0.56,,
SPY250613P00600000,2025-06-13 09:36:02,0.71,,
SPY250613P00601000,2025-06-13 09:36:02,0.91,,
SPY250613P00599000,2025-06-13 09:36:04,0.56,,
SPY250613P00600000,2025-06-13 09:36:04,0.71,,
SPY250613P00601000,2025-06-13 09:36:04,0.91,,
SPY250613P00599000,2025-06-13 09:36:06,0.56,,
SPY250613P00600000,2025-06-13 09:36:06,0.71,,
SPY250613P00601000,2025-06-13 09:36:06,0.91,,
SPY250613P00599000,2025-06-13 09:36:08,0.56,,
SPY250613P00600000,2025-06-13 09:36:08,0.71,,
SPY250613P00601000,2025-06-13 09:36:08,0.91,,
SPY250613P00599000,2025-06-13 09:36:10,0.56,,
SPY250613P00600000,2025-06-13 09:36:10,0.71,,
SPY250613P00601000,2025-06-13 09:36:10,0.91,,
SPY250613P00599000,2025-06-13 09:36:12,0.56,,
SPY250613P00600000,2025-06-13 09:36:12,0.71,,
SPY250613P00601000,2025-06-13 09:36:12,0.91,,
SPY250613P00599000,2025-06-13 09:36:14,0.56,,
SPY250613P00600000,2025-06-13 09:36:14,0.71,,
SPY250613P00601000,2025-06-13 09:36:14,0.91,,
SPY250613P00599000,2025-06-13 09:36:16,0.56,,
SPY250613P00600000,2025-06-13 09:36:16,0.71,,
SPY250613P00601000,2025-06-13 09:36:16,0.91,,
SPY250613P00599000,2025-06-13 09:36:18,0.56,,
SPY250613P00600000,2025-06-13 09:36:18,0.71,,
SPY250613P00601000,2025-06-13 09:36:18,0.91,,
SPY250613P00599000,2025-06-13 09:36:21,0.56,,
SPY250613P00600000,2025-06-13 09:36:21,0.71,,
SPY250613P00601000,2025-06-13 09:36:21,0.91,,
SPY250613P00599000,2025-06-13 09:36:22,0.56,,
SPY250613P00600000,2025-06-13 09:36:22,0.71,,
SPY250613P00601000,2025-06-13 09:36:22,0.91,,
SPY250613P00599000,2025-06-13 09:36:25,0.56,,
SPY250613P00600000,2025-06-13 09:36:25,0.71,,
SPY250613P00601000,2025-06-13 09:36:25,0.91,,
SPY250613P00599000,2025-06-13 09:36:27,0.56,,
SPY250613P00600000,2025-06-13 09:36:27,0.71,,
SPY250613P00601000,2025-06-13 09:36:27,0.91,,
SPY250613P00599000,2025-06-13 09:36:29,0.56,,
SPY250613P00600000,2025-06-13 09:36:29,0.71,,
SPY250613P00601000,2025-06-13 09:36:29,0.91,,
SPY250613P00599000,2025-06-13 09:36:31,0.56,,
SPY250613P00600000,2025-06-13 09:36:31,0.71,,
SPY250613P00601000,2025-06-13 09:36:31,0.91,,
SPY250613P00599000,2025-06-13 09:36:34,0.56,,
SPY250613P00600000,2025-06-13 09:36:34,0.71,,
SPY250613P00601000,2025-06-13 09:36:34,0.91,,
SPY250613P00599000,2025-06-13 09:36:35,0.56,,
SPY250613P00600000,2025-06-13 09:36:35,0.71,,
SPY250613P00601000,2025-06-13 09:36:35,0.91,,
SPY250613P00599000,2025-06-13 09:36:38,0.56,,
SPY250613P00600000,2025-06-13 09:36:38,0.71,,
SPY250613P00601000,2025-06-13 09:36:38,0.91,,
SPY250613P00599000,2025-06-13 09:36:39,0.56,,
SPY250613P00600000,2025-06-13 09:36:39,0.71,,
SPY250613P00601000,2025-06-13 09:36:39,0.91,,
SPY250613P00599000,2025-06-13 09:36:42,0.56,,
SPY250613P00600000,2025-06-13 09:36:42,0.71,,
SPY250613P00601000,2025-06-13 09:36:42,0.91,,
SPY250613P00599000,2025-06-13 09:36:43,0.56,,
SPY250613P00600000,2025-06-13 09:36:43,0.71,,
SPY250613P00601000,2025-06-13 09:36:43,0.91,,
SPY250613P00599000,2025-06-13 09:36:46,0.56,,
SPY250613P00600000,2025-06-13 09:36:46,0.71,,
SPY250613P00601000,2025-06-13 09:36:46,0.91,,
SPY250613P00599000,2025-06-13 09:36:48,0.56,,
SPY250613P00600000,2025-06-13 09:36:48,0.71,,
SPY250613P00601000,2025-06-13 09:36:48,0.91,,
SPY250613P00599000,2025-06-13 09:36:50,0.56,,
SPY250613P00600000,2025-06-13 09:36:50,0.71,,
SPY250613P00601000,2025-06-13 09:36:50,0.91,,
SPY250613P00599000,2025-06-13 09:36:57,0.56,,
SPY250613P00600000,2025-06-13 09:36:57,0.71,,
SPY250613P00601000,2025-06-13 09:36:57,0.91,,
SPY250613P00599000,2025-06-13 09:36:59,0.56,,
SPY250613P00600000,2025-06-13 09:36:59,0.71,,
SPY250613P00601000,2025-06-13 09:36:59,0.91,,
SPY250613P00599000,2025-06-13 09:37:01,0.56,,
SPY250613P00600000,2025-06-13 09:37:01,0.71,,
SPY250613P00601000,2025-06-13 09:37:01,0.91,,
SPY250613P00599000,2025-06-13 09:37:03,0.56,,
SPY250613P00600000,2025-06-13 09:37:03,0.71,,
SPY250613P00601000,2025-06-13 09:37:03,0.91,,
SPY250613P00599000,2025-06-13 09:37:05,0.56,,
SPY250613P00600000,2025-06-13 09:37:05,0.71,,
SPY250613P00601000,2025-06-13 09:37:05,0.91,,
SPY250613P00599000,2025-06-13 09:37:08,0.56,,
SPY250613P00600000,2025-06-13 09:37:08,0.71,,
SPY250613P00601000,2025-06-13 09:37:08,0.91,,
SPY250613P00599000,2025-06-13 09:37:09,0.56,,
SPY250613P00600000,2025-06-13 09:37:09,0.71,,
SPY250613P00601000,2025-06-13 09:37:09,0.91,,
SPY250613P00599000,2025-06-13 09:37:12,0.56,,
SPY250613P00600000,2025-06-13 09:37:12,0.71,,
SPY250613P00601000,2025-06-13 09:37:12,0.91,,
SPY250613P00599000,2025-06-13 09:37:13,0.56,,
SPY250613P00600000,2025-06-13 09:37:13,0.71,,
SPY250613P00601000,2025-06-13 09:37:13,0.91,,
SPY250613P00599000,2025-06-13 09:37:17,0.56,,
SPY250613P00600000,2025-06-13 09:37:17,0.71,,
SPY250613P00601000,2025-06-13 09:37:17,0.91,,
SPY250613P00599000,2025-06-13 09:37:18,0.56,,
SPY250613P00600000,2025-06-13 09:37:18,0.71,,
SPY250613P00601000,2025-06-13 09:37:18,0.91,,
SPY250613P00599000,2025-06-13 09:37:21,0.56,,
SPY250613P00600000,2025-06-13 09:37:21,0.71,,
SPY250613P00601000,2025-06-13 09:37:21,0.91,,
SPY250613P00599000,2025-06-13 09:37:27,0.56,,
SPY250613P00600000,2025-06-13 09:37:27,0.71,,
SPY250613P00601000,2025-06-13 09:37:27,0.91,,
SPY250613P00599000,2025-06-13 09:37:30,0.56,,
SPY250613P00600000,2025-06-13 09:37:30,0.71,,
SPY250613P00601000,2025-06-13 09:37:30,0.91,,
SPY250613P00599000,2025-06-13 09:37:31,0.56,,
SPY250613P00600000,2025-06-13 09:37:31,0.71,,
SPY250613P00601000,2025-06-13 09:37:31,0.91,,
SPY250613P00599000,2025-06-13 09:37:34,0.56,,
SPY250613P00600000,2025-06-13 09:37:34,0.71,,
SPY250613P00601000,2025-06-13 09:37:34,0.91,,
SPY250613P00599000,2025-06-13 09:37:35,0.56,,
SPY250613P00600000,2025-06-13 09:37:35,0.71,,
SPY250613P00601000,2025-06-13 09:37:35,0.91,,
SPY250613P00599000,2025-06-13 09:37:38,0.56,,
SPY250613P00600000,2025-06-13 09:37:38,0.71,,
SPY250613P00601000,2025-06-13 09:37:38,0.91,,
SPY250613P00599000,2025-06-13 09:37:40,0.56,,
SPY250613P00600000,2025-06-13 09:37:40,0.71,,
SPY250613P00601000,2025-06-13 09:37:40,0.91,,
SPY250613P00599000,2025-06-13 09:37:43,0.56,,
SPY250613P00600000,2025-06-13 09:37:43,0.71,,
SPY250613P00601000,2025-06-13 09:37:43,0.91,,
SPY250613P00599000,2025-06-13 09:37:44,0.56,,
SPY250613P00600000,2025-06-13 09:37:44,0.71,,
SPY250613P00601000,2025-06-13 09:37:44,0.91,,
SPY250613P00599000,2025-06-13 09:37:48,0.56,,
SPY250613P00600000,2025-06-13 09:37:48,0.71,,
SPY250613P00601000,2025-06-13 09:37:48,0.91,,
SPY250613P00599000,2025-06-13 09:37:49,0.56,,
SPY250613P00600000,2025-06-13 09:37:49,0.71,,
SPY250613P00601000,2025-06-13 09:37:49,0.91,,
SPY250613P00599000,2025-06-13 09:37:52,0.56,,
SPY250613P00600000,2025-06-13 09:37:52,0.71,,
SPY250613P00601000,2025-06-13 09:37:52,0.91,,
SPY250613P00599000,2025-06-13 09:37:53,0.56,,
SPY250613P00600000,2025-06-13 09:37:53,0.71,,
SPY250613P00601000,2025-06-13 09:37:53,0.91,,
SPY250613P00599000,2025-06-13 09:37:56,0.56,,
SPY250613P00600000,2025-06-13 09:37:56,0.71,,
SPY250613P00601000,2025-06-13 09:37:56,0.91,,
SPY250613P00599000,2025-06-13 09:37:57,0.56,,
SPY250613P00600000,2025-06-13 09:37:57,0.71,,
SPY250613P00601000,2025-06-13 09:37:57,0.91,,
SPY250613P00599000,2025-06-13 09:38:00,0.56,,
SPY250613P00600000,2025-06-13 09:38:00,0.71,,
SPY250613P00601000,2025-06-13 09:38:00,0.91,,
SPY250613P00599000,2025-06-13 09:38:01,0.56,,
SPY250613P00600000,2025-06-13 09:38:01,0.71,,
SPY250613P00601000,2025-06-13 09:38:01,0.91,,
SPY250613P00599000,2025-06-13 09:38:04,0.56,,
SPY250613P00600000,2025-06-13 09:38:04,0.71,,
SPY250613P00601000,2025-06-13 09:38:04,0.91,,
SPY250613P00599000,2025-06-13 09:38:06,0.56,,
SPY250613P00600000,2025-06-13 09:38:06,0.71,,
SPY250613P00601000,2025-06-13 09:38:06,0.91,,
SPY250613P00599000,2025-06-13 09:38:08,0.56,,
SPY250613P00600000,2025-06-13 09:38:08,0.71,,
SPY250613P00601000,2025-06-13 09:38:08,0.91,,
SPY250613P00599000,2025-06-13 09:38:10,0.56,,
SPY250613P00600000,2025-06-13 09:38:10,0.71,,
SPY250613P00601000,2025-06-13 09:38:10,0.91,,
SPY250613P00599000,2025-06-13 09:38:13,0.56,,
SPY250613P00600000,2025-06-13 09:38:13,0.71,,
SPY250613P00601000,2025-06-13 09:38:13,0.91,,
SPY250613P00599000,2025-06-13 09:38:14,0.56,,
SPY250613P00600000,2025-06-13 09:38:14,0.71,,
SPY250613P00601000,2025-06-13 09:38:14,0.91,,
SPY250613P00599000,2025-06-13 09:38:17,0.56,,
SPY250613P00600000,2025-06-13 09:38:17,0.71,,
SPY250613P00601000,2025-06-13 09:38:17,0.91,,
SPY250613P00599000,2025-06-13 09:38:18,0.56,,
SPY250613P00600000,2025-06-13 09:38:18,0.71,,
SPY250613P00601000,2025-06-13 09:38:18,0.91,,
SPY250613P00599000,2025-06-13 09:38:21,0.56,,
SPY250613P00600000,2025-06-13 09:38:21,0.71,,
SPY250613P00601000,2025-06-13 09:38:21,0.91,,
SPY250613P00599000,2025-06-13 09:38:22,0.56,,
SPY250613P00600000,2025-06-13 09:38:22,0.71,,
SPY250613P00601000,2025-06-13 09:38:22,0.91,,
SPY250613P00599000,2025-06-13 09:38:25,0.56,,
SPY250613P00600000,2025-06-13 09:38:25,0.71,,
SPY250613P00601000,2025-06-13 09:38:25,0.91,,
SPY250613P00599000,2025-06-13 09:38:26,0.56,,
SPY250613P00600000,2025-06-13 09:38:26,0.71,,
SPY250613P00601000,2025-06-13 09:38:26,0.91,,
SPY250613P00599000,2025-06-13 09:38:29,0.56,,
SPY250613P00600000,2025-06-13 09:38:29,0.71,,
SPY250613P00601000,2025-06-13 09:38:29,0.91,,
SPY250613P00599000,2025-06-13 09:38:31,0.56,,
SPY250613P00600000,2025-06-13 09:38:31,0.71,,
SPY250613P00601000,2025-06-13 09:38:31,0.91,,
SPY250613P00599000,2025-06-13 09:38:33,0.56,,
SPY250613P00600000,2025-06-13 09:38:33,0.71,,
SPY250613P00601000,2025-06-13 09:38:33,0.91,,
SPY250613P00599000,2025-06-13 09:38:35,0.56,,
SPY250613P00600000,2025-06-13 09:38:35,0.71,,
SPY250613P00601000,2025-06-13 09:38:35,0.91,,
SPY250613P00599000,2025-06-13 09:38:37,0.56,,
SPY250613P00600000,2025-06-13 09:38:37,0.71,,
SPY250613P00601000,2025-06-13 09:38:37,0.91,,
SPY250613P00599000,2025-06-13 09:38:39,0.56,,
SPY250613P00600000,2025-06-13 09:38:39,0.71,,
SPY250613P00601000,2025-06-13 09:38:39,0.91,,
SPY250613P00599000,2025-06-13 09:38:42,0.56,,
SPY250613P00600000,2025-06-13 09:38:42,0.71,,
SPY250613P00601000,2025-06-13 09:38:42,0.91,,
SPY250613P00599000,2025-06-13 09:38:43,0.56,,
SPY250613P00600000,2025-06-13 09:38:43,0.71,,
SPY250613P00601000,2025-06-13 09:38:43,0.91,,
SPY250613P00599000,2025-06-13 09:38:46,0.56,,
SPY250613P00600000,2025-06-13 09:38:46,0.71,,
SPY250613P00601000,2025-06-13 09:38:46,0.91,,
SPY250613P00599000,2025-06-13 09:38:47,0.56,,
SPY250613P00600000,2025-06-13 09:38:47,0.71,,
SPY250613P00601000,2025-06-13 09:38:47,0.91,,
SPY250613P00599000,2025-06-13 09:38:50,0.56,,
SPY250613P00600000,2025-06-13 09:38:50,0.71,,
SPY250613P00601000,2025-06-13 09:38:50,0.91,,
SPY250613P00599000,2025-06-13 09:38:51,0.56,,
SPY250613P00600000,2025-06-13 09:38:51,0.71,,
SPY250613P00601000,2025-06-13 09:38:51,0.91,,
SPY250613P00599000,2025-06-13 09:38:54,0.56,,
SPY250613P00600000,2025-06-13 09:38:54,0.71,,
SPY250613P00601000,2025-06-13 09:38:54,0.91,,
SPY250613P00599000,2025-06-13 09:38:55,0.56,,
SPY250613P00600000,2025-06-13 09:38:55,0.71,,
SPY250613P00601000,2025-06-13 09:38:55,0.91,,
SPY250613P00599000,2025-06-13 09:38:58,0.56,,
SPY250613P00600000,2025-06-13 09:38:58,0.71,,
SPY250613P00601000,2025-06-13 09:38:58,0.91,,
SPY250613P00599000,2025-06-13 09:39:00,0.56,,
SPY250613P00600000,2025-06-13 09:39:00,0.71,,
SPY250613P00601000,2025-06-13 09:39:00,0.91,,
SPY250613P00599000,2025-06-13 09:39:02,0.56,,
SPY250613P00600000,2025-06-13 09:39:02,0.71,,
SPY250613P00601000,2025-06-13 09:39:02,0.91,,
SPY250613P00599000,2025-06-13 09:39:04,0.56,,
SPY250613P00600000,2025-06-13 09:39:04,0.71,,
SPY250613P00601000,2025-06-13 09:39:04,0.91,,
SPY250613P00599000,2025-06-13 09:39:07,0.56,,
SPY250613P00600000,2025-06-13 09:39:07,0.71,,
SPY250613P00601000,2025-06-13 09:39:07,0.91,,
SPY250613P00599000,2025-06-13 09:39:08,0.56,,
SPY250613P00600000,2025-06-13 09:39:08,0.71,,
SPY250613P00601000,2025-06-13 09:39:08,0.91,,
SPY250613P00599000,2025-06-13 09:39:11,0.56,,
SPY250613P00600000,2025-06-13 09:39:11,0.71,,
SPY250613P00601000,2025-06-13 09:39:11,0.91,,
SPY250613P00599000,2025-06-13 09:39:12,0.56,,
SPY250613P00600000,2025-06-13 09:39:12,0.71,,
SPY250613P00601000,2025-06-13 09:39:12,0.91,,
SPY250613P00599000,2025-06-13 09:39:15,0.56,,
SPY250613P00600000,2025-06-13 09:39:15,0.71,,
SPY250613P00601000,2025-06-13 09:39:15,0.91,,
SPY250613P00599000,2025-06-13 09:39:17,0.56,,
SPY250613P00600000,2025-06-13 09:39:17,0.71,,
SPY250613P00601000,2025-06-13 09:39:17,0.91,,
SPY250613P00599000,2025-06-13 09:39:20,0.56,,
SPY250613P00600000,2025-06-13 09:39:20,0.71,,
SPY250613P00601000,2025-06-13 09:39:20,0.91,,
SPY250613P00599000,2025-06-13 09:39:21,0.56,,
SPY250613P00600000,2025-06-13 09:39:21,0.71,,
SPY250613P00601000,2025-06-13 09:39:21,0.91,,
SPY250613P00599000,2025-06-13 09:39:24,0.56,,
SPY250613P00600000,2025-06-13 09:39:24,0.71,,
SPY250613P00601000,2025-06-13 09:39:24,0.91,,
SPY250613P00599000,2025-06-13 09:39:25,0.56,,
SPY250613P00600000,2025-06-13 09:39:25,0.71,,
SPY250613P00601000,2025-06-13 09:39:25,0.91,,
SPY250613P00599000,2025-06-13 09:39:28,0.56,,
SPY250613P00600000,2025-06-13 09:39:28,0.71,,
SPY250613P00601000,2025-06-13 09:39:28,0.91,,
SPY250613P00599000,2025-06-13 09:39:30,0.56,,
SPY250613P00600000,2025-06-13 09:39:30,0.71,,
SPY250613P00601000,2025-06-13 09:39:30,0.91,,
SPY250613P00599000,2025-06-13 09:39:32,0.56,,
SPY250613P00600000,2025-06-13 09:39:32,0.71,,
SPY250613P00601000,2025-06-13 09:39:32,0.91,,
SPY250613P00599000,2025-06-13 09:39:34,0.56,,
SPY250613P00600000,2025-06-13 09:39:34,0.71,,
SPY250613P00601000,2025-06-13 09:39:34,0.91,,
SPY250613P00599000,2025-06-13 09:39:36,0.56,,
SPY250613P00600000,2025-06-13 09:39:36,0.71,,
SPY250613P00601000,2025-06-13 09:39:36,0.91,,
SPY250613P00599000,2025-06-13 09:39:38,0.56,,
SPY250613P00600000,2025-06-13 09:39:38,0.71,,
SPY250613P00601000,2025-06-13 09:39:38,0.91,,
SPY250613P00599000,2025-06-13 09:39:41,0.56,,
SPY250613P00600000,2025-06-13 09:39:41,0.71,,
SPY250613P00601000,2025-06-13 09:39:41,0.91,,
SPY250613P00599000,2025-06-13 09:39:42,0.56,,
SPY250613P00600000,2025-06-13 09:39:42,0.71,,
SPY250613P00601000,2025-06-13 09:39:42,0.91,,
SPY250613P00599000,2025-06-13 09:39:46,0.56,,
SPY250613P00600000,2025-06-13 09:39:46,0.71,,
SPY250613P00601000,2025-06-13 09:39:46,0.91,,
SPY250613P00599000,2025-06-13 09:39:48,0.56,,
SPY250613P00600000,2025-06-13 09:39:48,0.71,,
SPY250613P00601000,2025-06-13 09:39:48,0.91,,
SPY250613P00599000,2025-06-13 09:39:50,0.56,,
SPY250613P00600000,2025-06-13 09:39:50,0.71,,
SPY250613P00601000,2025-06-13 09:39:50,0.91,,
SPY250613P00599000,2025-06-13 09:39:52,0.56,,
SPY250613P00600000,2025-06-13 09:39:52,0.71,,
SPY250613P00601000,2025-06-13 09:39:52,0.91,,
SPY250613P00599000,2025-06-13 09:39:55,0.56,,
SPY250613P00600000,2025-06-13 09:39:55,0.71,,
SPY250613P00601000,2025-06-13 09:39:55,0.91,,
SPY250613P00599000,2025-06-13 09:39:56,0.56,,
SPY250613P00600000,2025-06-13 09:39:56,0.71,,
SPY250613P00601000,2025-06-13 09:39:56,0.91,,
SPY250613P00599000,2025-06-13 09:40:00,0.56,,
SPY250613P00600000,2025-06-13 09:40:00,0.71,,
SPY250613P00601000,2025-06-13 09:40:00,0.91,,
SPY250613P00599000,2025-06-13 09:40:01,0.56,,
SPY250613P00600000,2025-06-13 09:40:01,0.71,,
SPY250613P00601000,2025-06-13 09:40:01,0.91,,
SPY250613P00599000,2025-06-13 09:40:04,0.56,,
SPY250613P00600000,2025-06-13 09:40:04,0.71,,
SPY250613P00601000,2025-06-13 09:40:04,0.91,,
SPY250613P00599000,2025-06-13 09:40:05,0.56,,
SPY250613P00600000,2025-06-13 09:40:05,0.71,,
SPY250613P00601000,2025-06-13 09:40:05,0.91,,
SPY250613P00599000,2025-06-13 09:40:08,0.56,,
SPY250613P00600000,2025-06-13 09:40:08,0.71,,
SPY250613P00601000,2025-06-13 09:40:08,0.91,,
SPY250613P00599000,2025-06-13 09:40:10,0.56,,
SPY250613P00600000,2025-06-13 09:40:10,0.71,,
SPY250613P00601000,2025-06-13 09:40:10,0.91,,
SPY250613P00599000,2025-06-13 09:40:13,0.56,,
SPY250613P00600000,2025-06-13 09:40:13,0.71,,
SPY250613P00601000,2025-06-13 09:40:13,0.91,,
SPY250613P00599000,2025-06-13 09:40:14,0.56,,
SPY250613P00600000,2025-06-13 09:40:14,0.71,,
SPY250613P00601000,2025-06-13 09:40:14,0.91,,
SPY250613P00599000,2025-06-13 09:40:17,0.56,,
SPY250613P00600000,2025-06-13 09:40:17,0.71,,
SPY250613P00601000,2025-06-13 09:40:17,0.91,,
SPY250613P00599000,2025-06-13 09:40:18,0.56,,
SPY250613P00600000,2025-06-13 09:40:18,0.71,,
SPY250613P00601000,2025-06-13 09:40:18,0.91,,
SPY250613P00599000,2025-06-13 09:40:21,0.56,,
SPY250613P00600000,2025-06-13 09:40:21,0.71,,
SPY250613P00601000,2025-06-13 09:40:21,0.91,,
SPY250613P00599000,2025-06-13 09:40:23,0.56,,
SPY250613P00600000,2025-06-13 09:40:23,0.71,,
SPY250613P00601000,2025-06-13 09:40:23,0.91,,
SPY250613P00599000,2025-06-13 09:40:25,0.56,,
SPY250613P00600000,2025-06-13 09:40:25,0.71,,
SPY250613P00601000,2025-06-13 09:40:25,0.91,,
SPY250613P00599000,2025-06-13 09:40:27,0.56,,
SPY250613P00600000,2025-06-13 09:40:27,0.71,,
SPY250613P00601000,2025-06-13 09:40:27,0.91,,
SPY250613P00599000,2025-06-13 09:40:30,0.56,,
SPY250613P00600000,2025-06-13 09:40:30,0.71,,
SPY250613P00601000,2025-06-13 09:40:30,0.91,,
SPY250613P00599000,2025-06-13 09:40:31,0.56,,
SPY250613P00600000,2025-06-13 09:40:31,0.71,,
SPY250613P00601000,2025-06-13 09:40:31,0.91,,
SPY250613P00599000,2025-06-13 09:40:35,0.56,,
SPY250613P00600000,2025-06-13 09:40:35,0.71,,
SPY250613P00601000,2025-06-13 09:40:35,0.91,,
SPY250613P00599000,2025-06-13 09:40:36,0.56,,
SPY250613P00600000,2025-06-13 09:40:36,0.71,,
SPY250613P00601000,2025-06-13 09:40:36,0.91,,
SPY250613P00599000,2025-06-13 09:40:39,0.56,,
SPY250613P00600000,2025-06-13 09:40:39,0.71,,
SPY250613P00601000,2025-06-13 09:40:39,0.91,,
SPY250613P00599000,2025-06-13 09:40:40,0.56,,
SPY250613P00600000,2025-06-13 09:40:40,0.71,,
SPY250613P00601000,2025-06-13 09:40:40,0.91,,
SPY250613P00599000,2025-06-13 09:40:43,0.56,,
SPY250613P00600000,2025-06-13 09:40:43,0.71,,
SPY250613P00601000,2025-06-13 09:40:43,0.91,,
SPY250613P00599000,2025-06-13 09:40:44,0.56,,
SPY250613P00600000,2025-06-13 09:40:44,0.71,,
SPY250613P00601000,2025-06-13 09:40:44,0.91,,
SPY250613P00599000,2025-06-13 09:40:47,0.56,,
SPY250613P00600000,2025-06-13 09:40:47,0.71,,
SPY250613P00601000,2025-06-13 09:40:47,0.91,,
SPY250613P00599000,2025-06-13 09:40:49,0.56,,
SPY250613P00600000,2025-06-13 09:40:49,0.71,,
SPY250613P00601000,2025-06-13 09:40:49,0.91,,
SPY250613P00599000,2025-06-13 09:40:52,0.56,,
SPY250613P00600000,2025-06-13 09:40:52,0.71,,
SPY250613P00601000,2025-06-13 09:40:52,0.91,,
SPY250613P00599000,2025-06-13 09:40:53,0.56,,
SPY250613P00600000,2025-06-13 09:40:53,0.71,,
SPY250613P00601000,2025-06-13 09:40:53,0.91,,
SPY250613P00599000,2025-06-13 09:40:56,0.56,,
SPY250613P00600000,2025-06-13 09:40:56,0.71,,
SPY250613P00601000,2025-06-13 09:40:56,0.91,,
SPY250613P00599000,2025-06-13 09:40:57,0.56,,
SPY250613P00600000,2025-06-13 09:40:57,0.71,,
SPY250613P00601000,2025-06-13 09:40:57,0.91,,
SPY250613P00599000,2025-06-13 09:41:00,0.56,,
SPY250613P00600000,2025-06-13 09:41:00,0.71,,
SPY250613P00601000,2025-06-13 09:41:00,0.91,,
SPY250613P00599000,2025-06-13 09:41:01,0.56,,
SPY250613P00600000,2025-06-13 09:41:01,0.71,,
SPY250613P00601000,2025-06-13 09:41:01,0.91,,
SPY250613P00599000,2025-06-13 09:41:05,0.56,,
SPY250613P00600000,2025-06-13 09:41:05,0.71,,
SPY250613P00601000,2025-06-13 09:41:05,0.91,,
SPY250613P00599000,2025-06-13 09:41:06,0.56,,
SPY250613P00600000,2025-06-13 09:41:06,0.71,,
SPY250613P00601000,2025-06-13 09:41:06,0.91,,
SPY250613P00599000,2025-06-13 09:41:09,0.56,,
SPY250613P00600000,2025-06-13 09:41:09,0.71,,
SPY250613P00601000,2025-06-13 09:41:09,0.91,,
SPY250613P00599000,2025-06-13 09:41:10,0.56,,
SPY250613P00600000,2025-06-13 09:41:10,0.71,,
SPY250613P00601000,2025-06-13 09:41:10,0.91,,
SPY250613P00599000,2025-06-13 09:41:13,0.56,,
SPY250613P00600000,2025-06-13 09:41:13,0.71,,
SPY250613P00601000,2025-06-13 09:41:13,0.91,,
SPY250613P00599000,2025-06-13 09:41:14,0.56,,
SPY250613P00600000,2025-06-13 09:41:14,0.71,,
SPY250613P00601000,2025-06-13 09:41:14,0.91,,
SPY250613P00599000,2025-06-13 09:41:17,0.56,,
SPY250613P00600000,2025-06-13 09:41:17,0.71,,
SPY250613P00601000,2025-06-13 09:41:17,0.91,,
SPY250613P00599000,2025-06-13 09:41:18,0.56,,
SPY250613P00600000,2025-06-13 09:41:18,0.71,,
SPY250613P00601000,2025-06-13 09:41:18,0.91,,
SPY250613P00599000,2025-06-13 09:41:21,0.56,,
SPY250613P00600000,2025-06-13 09:41:21,0.71,,
SPY250613P00601000,2025-06-13 09:41:21,0.91,,
SPY250613P00599000,2025-06-13 09:41:23,0.56,,
SPY250613P00600000,2025-06-13 09:41:23,0.71,,
SPY250613P00601000,2025-06-13 09:41:23,0.91,,
SPY250613P00599000,2025-06-13 09:41:25,0.56,,
SPY250613P00600000,2025-06-13 09:41:25,0.71,,
SPY250613P00601000,2025-06-13 09:41:25,0.91,,
SPY250613P00599000,2025-06-13 09:41:27,0.56,,
SPY250613P00600000,2025-06-13 09:41:27,0.71,,
SPY250613P00601000,2025-06-13 09:41:27,0.91,,
SPY250613P00599000,2025-06-13 09:41:30,0.56,,
SPY250613P00600000,2025-06-13 09:41:30,0.71,,
SPY250613P00601000,2025-06-13 09:41:30,0.91,,
SPY250613P00599000,2025-06-13 09:41:31,0.56,,
SPY250613P00600000,2025-06-13 09:41:31,0.71,,
SPY250613P00601000,2025-06-13 09:41:31,0.91,,
SPY250613P00599000,2025-06-13 09:41:34,0.56,,
SPY250613P00600000,2025-06-13 09:41:34,0.71,,
SPY250613P00601000,2025-06-13 09:41:34,0.91,,
SPY250613P00599000,2025-06-13 09:41:35,0.56,,
SPY250613P00600000,2025-06-13 09:41:35,0.71,,
SPY250613P00601000,2025-06-13 09:41:35,0.91,,
SPY250613P00599000,2025-06-13 09:41:38,0.56,,
SPY250613P00600000,2025-06-13 09:41:38,0.71,,
SPY250613P00601000,2025-06-13 09:41:38,0.91,,
SPY250613P00599000,2025-06-13 09:41:39,0.56,,
SPY250613P00600000,2025-06-13 09:41:39,0.71,,
SPY250613P00601000,2025-06-13 09:41:39,0.91,,
SPY250613P00599000,2025-06-13 09:41:42,0.56,,
SPY250613P00600000,2025-06-13 09:41:42,0.71,,
SPY250613P00601000,2025-06-13 09:41:42,0.91,,
SPY250613P00599000,2025-06-13 09:41:43,0.56,,
SPY250613P00600000,2025-06-13 09:41:43,0.71,,
SPY250613P00601000,2025-06-13 09:41:43,0.91,,
SPY250613P00599000,2025-06-13 09:41:46,0.56,,
SPY250613P00600000,2025-06-13 09:41:46,0.71,,
SPY250613P00601000,2025-06-13 09:41:46,0.91,,
SPY250613P00599000,2025-06-13 09:41:48,0.56,,
SPY250613P00600000,2025-06-13 09:41:48,0.71,,
SPY250613P00601000,2025-06-13 09:41:48,0.91,,
SPY250613P00599000,2025-06-13 09:41:50,0.56,,
SPY250613P00600000,2025-06-13 09:41:50,0.71,,
SPY250613P00601000,2025-06-13 09:41:50,0.91,,
SPY250613P00599000,2025-06-13 09:41:52,0.56,,
SPY250613P00600000,2025-06-13 09:41:52,0.71,,
SPY250613P00601000,2025-06-13 09:41:52,0.91,,
SPY250613P00599000,2025-06-13 09:41:54,0.56,,
SPY250613P00600000,2025-06-13 09:41:54,0.71,,
SPY250613P00601000,2025-06-13 09:41:54,0.91,,
SPY250613P00599000,2025-06-13 09:41:56,0.56,,
SPY250613P00600000,2025-06-13 09:41:56,0.71,,
SPY250613P00601000,2025-06-13 09:41:56,0.91,,
SPY250613P00599000,2025-06-13 09:41:59,0.56,,
SPY250613P00600000,2025-06-13 09:41:59,0.71,,
SPY250613P00601000,2025-06-13 09:41:59,0.91,,
SPY250613P00599000,2025-06-13 09:42:00,0.56,,
SPY250613P00600000,2025-06-13 09:42:00,0.71,,
SPY250613P00601000,2025-06-13 09:42:00,0.91,,
SPY250613P00599000,2025-06-13 09:42:03,0.56,,
SPY250613P00600000,2025-06-13 09:42:03,0.71,,
SPY250613P00601000,2025-06-13 09:42:03,0.91,,
SPY250613P00599000,2025-06-13 09:42:05,0.56,,
SPY250613P00600000,2025-06-13 09:42:05,0.71,,
SPY250613P00601000,2025-06-13 09:42:05,0.91,,
SPY250613P00599000,2025-06-13 09:42:08,0.56,,
SPY250613P00600000,2025-06-13 09:42:08,0.71,,
SPY250613P00601000,2025-06-13 09:42:08,0.91,,
SPY250613P00599000,2025-06-13 09:42:09,0.56,,
SPY250613P00600000,2025-06-13 09:42:09,0.71,,
SPY250613P00601000,2025-06-13 09:42:09,0.91,,
SPY250613P00599000,2025-06-13 09:42:12,0.56,,
SPY250613P00600000,2025-06-13 09:42:12,0.71,,
SPY250613P00601000,2025-06-13 09:42:12,0.91,,
SPY250613P00599000,2025-06-13 09:42:13,0.56,,
SPY250613P00600000,2025-06-13 09:42:13,0.71,,
SPY250613P00601000,2025-06-13 09:42:13,0.91,,
SPY250613P00599000,2025-06-13 09:42:16,0.56,,
SPY250613P00600000,2025-06-13 09:42:16,0.71,,
SPY250613P00601000,2025-06-13 09:42:16,0.91,,
SPY250613P00599000,2025-06-13 09:42:17,0.56,,
SPY250613P00600000,2025-06-13 09:42:17,0.71,,
SPY250613P00601000,2025-06-13 09:42:17,0.91,,
SPY250613P00599000,2025-06-13 09:42:20,0.56,,
SPY250613P00600000,2025-06-13 09:42:20,0.71,,
SPY250613P00601000,2025-06-13 09:42:20,0.91,,
SPY250613P00599000,2025-06-13 09:42:21,0.56,,
SPY250613P00600000,2025-06-13 09:42:21,0.71,,
SPY250613P00601000,2025-06-13 09:42:21,0.91,,
SPY250613P00599000,2025-06-13 09:42:24,0.56,,
SPY250613P00600000,2025-06-13 09:42:24,0.71,,
SPY250613P00601000,2025-06-13 09:42:24,0.91,,
SPY250613P00599000,2025-06-13 09:42:25,0.56,,
SPY250613P00600000,2025-06-13 09:42:25,0.71,,
SPY250613P00601000,2025-06-13 09:42:25,0.91,,
SPY250613P00599000,2025-06-13 09:42:29,0.56,,
SPY250613P00600000,2025-06-13 09:42:29,0.71,,
SPY250613P00601000,2025-06-13 09:42:29,0.91,,
SPY250613P00599000,2025-06-13 09:42:30,0.56,,
SPY250613P00600000,2025-06-13 09:42:30,0.71,,
SPY250613P00601000,2025-06-13 09:42:30,0.91,,
SPY250613P00599000,2025-06-13 09:42:33,0.56,,
SPY250613P00600000,2025-06-13 09:42:33,0.71,,
SPY250613P00601000,2025-06-13 09:42:33,0.91,,
SPY250613P00599000,2025-06-13 09:42:34,0.56,,
SPY250613P00600000,2025-06-13 09:42:34,0.71,,
SPY250613P00601000,2025-06-13 09:42:34,0.91,,
SPY250613P00599000,2025-06-13 09:42:38,0.56,,
SPY250613P00600000,2025-06-13 09:42:38,0.71,,
SPY250613P00601000,2025-06-13 09:42:38,0.91,,
SPY250613P00599000,2025-06-13 09:42:39,0.56,,
SPY250613P00600000,2025-06-13 09:42:39,0.71,,
SPY250613P00601000,2025-06-13 09:42:39,0.91,,
SPY250613P00599000,2025-06-13 09:42:42,0.56,,
SPY250613P00600000,2025-06-13 09:42:42,0.71,,
SPY250613P00601000,2025-06-13 09:42:42,0.91,,
SPY250613P00599000,2025-06-13 09:42:44,0.56,,
SPY250613P00600000,2025-06-13 09:42:44,0.71,,
SPY250613P00601000,2025-06-13 09:42:44,0.91,,
SPY250613P00599000,2025-06-13 09:42:47,0.56,,
SPY250613P00600000,2025-06-13 09:42:47,0.71,,
SPY250613P00601000,2025-06-13 09:42:47,0.91,,
SPY250613P00599000,2025-06-13 09:42:48,0.56,,
SPY250613P00600000,2025-06-13 09:42:48,0.71,,
SPY250613P00601000,2025-06-13 09:42:48,0.91,,
SPY250613P00599000,2025-06-13 09:42:52,0.56,,
SPY250613P00600000,2025-06-13 09:42:52,0.71,,
SPY250613P00601000,2025-06-13 09:42:52,0.91,,
SPY250613P00599000,2025-06-13 09:42:53,0.56,,
SPY250613P00600000,2025-06-13 09:42:53,0.71,,
SPY250613P00601000,2025-06-13 09:42:53,0.91,,
SPY250613P00599000,2025-06-13 09:42:56,0.56,,
SPY250613P00600000,2025-06-13 09:42:56,0.71,,
SPY250613P00601000,2025-06-13 09:42:56,0.91,,
SPY250613P00599000,2025-06-13 09:42:57,0.56,,
SPY250613P00600000,2025-06-13 09:42:57,0.71,,
SPY250613P00601000,2025-06-13 09:42:57,0.91,,
SPY250613P00599000,2025-06-13 09:43:00,0.56,,
SPY250613P00600000,2025-06-13 09:43:00,0.71,,
SPY250613P00601000,2025-06-13 09:43:00,0.91,,
SPY250613P00599000,2025-06-13 09:43:02,0.56,,
SPY250613P00600000,2025-06-13 09:43:02,0.71,,
SPY250613P00601000,2025-06-13 09:43:02,0.91,,
SPY250613P00599000,2025-06-13 09:43:05,0.56,,
SPY250613P00600000,2025-06-13 09:43:05,0.71,,
SPY250613P00601000,2025-06-13 09:43:05,0.91,,
SPY250613P00599000,2025-06-13 09:43:06,0.56,,
SPY250613P00600000,2025-06-13 09:43:06,0.71,,
SPY250613P00601000,2025-06-13 09:43:06,0.91,,
SPY250613P00599000,2025-06-13 09:43:09,0.56,,
SPY250613P00600000,2025-06-13 09:43:09,0.71,,
SPY250613P00601000,2025-06-13 09:43:09,0.91,,
SPY250613P00599000,2025-06-13 09:43:10,0.56,,
SPY250613P00600000,2025-06-13 09:43:10,0.71,,
SPY250613P00601000,2025-06-13 09:43:10,0.91,,
SPY250613P00599000,2025-06-13 09:43:13,0.56,,
SPY250613P00600000,2025-06-13 09:43:13,0.71,,
SPY250613P00601000,2025-06-13 09:43:13,0.91,,
SPY250613P00599000,2025-06-13 09:43:14,0.56,,
SPY250613P00600000,2025-06-13 09:43:14,0.71,,
SPY250613P00601000,2025-06-13 09:43:14,0.91,,
SPY250613P00599000,2025-06-13 09:43:17,0.56,,
SPY250613P00600000,2025-06-13 09:43:17,0.71,,
SPY250613P00601000,2025-06-13 09:43:17,0.91,,
SPY250613P00599000,2025-06-13 09:43:18,0.56,,
SPY250613P00600000,2025-06-13 09:43:18,0.71,,
SPY250613P00601000,2025-06-13 09:43:18,0.91,,
SPY250613P00599000,2025-06-13 09:43:21,0.56,,
SPY250613P00600000,2025-06-13 09:43:21,0.71,,
SPY250613P00601000,2025-06-13 09:43:21,0.91,,
SPY250613P00599000,2025-06-13 09:43:23,0.56,,
SPY250613P00600000,2025-06-13 09:43:23,0.71,,
SPY250613P00601000,2025-06-13 09:43:23,0.91,,
SPY250613P00599000,2025-06-13 09:43:25,0.56,,
SPY250613P00600000,2025-06-13 09:43:25,0.71,,
SPY250613P00601000,2025-06-13 09:43:25,0.91,,
SPY250613P00599000,2025-06-13 09:43:27,0.56,,
SPY250613P00600000,2025-06-13 09:43:27,0.71,,
SPY250613P00601000,2025-06-13 09:43:27,0.91,,
SPY250613P00599000,2025-06-13 09:43:30,0.56,,
SPY250613P00600000,2025-06-13 09:43:30,0.71,,
SPY250613P00601000,2025-06-13 09:43:30,0.91,,
SPY250613P00599000,2025-06-13 09:43:32,0.56,,
SPY250613P00600000,2025-06-13 09:43:32,0.71,,
SPY250613P00601000,2025-06-13 09:43:32,0.91,,
SPY250613P00599000,2025-06-13 09:43:36,0.56,,
SPY250613P00600000,2025-06-13 09:43:36,0.71,,
SPY250613P00601000,2025-06-13 09:43:36,0.91,,
SPY250613P00599000,2025-06-13 09:43:37,0.56,,
SPY250613P00600000,2025-06-13 09:43:37,0.71,,
SPY250613P00601000,2025-06-13 09:43:37,0.91,,
SPY250613P00599000,2025-06-13 09:43:40,0.56,,
SPY250613P00600000,2025-06-13 09:43:40,0.71,,
SPY250613P00601000,2025-06-13 09:43:40,0.91,,
SPY250613P00599000,2025-06-13 09:43:42,0.56,,
SPY250613P00600000,2025-06-13 09:43:42,0.71,,
SPY250613P00601000,2025-06-13 09:43:42,0.91,,
SPY250613P00599000,2025-06-13 09:43:45,0.56,,
SPY250613P00600000,2025-06-13 09:43:45,0.71,,
SPY250613P00601000,2025-06-13 09:43:45,0.91,,
SPY250613P00599000,2025-06-13 09:43:46,0.56,,
SPY250613P00600000,2025-06-13 09:43:46,0.71,,
SPY250613P00601000,2025-06-13 09:43:46,0.91,,
SPY250613P00599000,2025-06-13 09:43:49,0.56,,
SPY250613P00600000,2025-06-13 09:43:49,0.71,,
SPY250613P00601000,2025-06-13 09:43:49,0.91,,
SPY250613P00599000,2025-06-13 09:43:51,0.56,,
SPY250613P00600000,2025-06-13 09:43:51,0.71,,
SPY250613P00601000,2025-06-13 09:43:51,0.91,,
SPY250613P00599000,2025-06-13 09:43:53,0.56,,
SPY250613P00600000,2025-06-13 09:43:53,0.71,,
SPY250613P00601000,2025-06-13 09:43:53,0.91,,
SPY250613P00599000,2025-06-13 09:43:55,0.56,,
SPY250613P00600000,2025-06-13 09:43:55,0.71,,
SPY250613P00601000,2025-06-13 09:43:55,0.91,,
SPY250613P00599000,2025-06-13 09:43:58,0.56,,
SPY250613P00600000,2025-06-13 09:43:58,0.71,,
SPY250613P00601000,2025-06-13 09:43:58,0.91,,
SPY250613P00599000,2025-06-13 09:44:00,0.56,,
SPY250613P00600000,2025-06-13 09:44:00,0.71,,
SPY250613P00601000,2025-06-13 09:44:00,0.91,,
SPY250613P00599000,2025-06-13 09:44:03,0.56,,
SPY250613P00600000,2025-06-13 09:44:03,0.71,,
SPY250613P00601000,2025-06-13 09:44:03,0.91,,
SPY250613P00599000,2025-06-13 09:44:04,0.56,,
SPY250613P00600000,2025-06-13 09:44:04,0.71,,
SPY250613P00601000,2025-06-13 09:44:04,0.91,,
SPY250613P00599000,2025-06-13 09:44:07,0.56,,
SPY250613P00600000,2025-06-13 09:44:07,0.71,,
SPY250613P00601000,2025-06-13 09:44:07,0.91,,
SPY250613P00599000,2025-06-13 09:44:09,0.56,,
SPY250613P00600000,2025-06-13 09:44:09,0.71,,
SPY250613P00601000,2025-06-13 09:44:09,0.91,,
SPY250613P00599000,2025-06-13 09:44:12,0.56,,
SPY250613P00600000,2025-06-13 09:44:12,0.71,,
SPY250613P00601000,2025-06-13 09:44:12,0.91,,
SPY250613P00599000,2025-06-13 09:44:13,0.56,,
SPY250613P00600000,2025-06-13 09:44:13,0.71,,
SPY250613P00601000,2025-06-13 09:44:13,0.91,,
SPY250613P00599000,2025-06-13 09:44:16,0.56,,
SPY250613P00600000,2025-06-13 09:44:16,0.71,,
SPY250613P00601000,2025-06-13 09:44:16,0.91,,
SPY250613P00599000,2025-06-13 09:44:18,0.56,,
SPY250613P00600000,2025-06-13 09:44:18,0.71,,
SPY250613P00601000,2025-06-13 09:44:18,0.91,,
SPY250613P00599000,2025-06-13 09:44:20,0.56,,
SPY250613P00600000,2025-06-13 09:44:20,0.71,,
SPY250613P00601000,2025-06-13 09:44:20,0.91,,
SPY250613P00599000,2025-06-13 09:44:22,0.56,,
SPY250613P00600000,2025-06-13 09:44:22,0.71,,
SPY250613P00601000,2025-06-13 09:44:22,0.91,,
SPY250613P00599000,2025-06-13 09:44:25,0.56,,
SPY250613P00600000,2025-06-13 09:44:25,0.71,,
SPY250613P00601000,2025-06-13 09:44:25,0.91,,
SPY250613P00599000,2025-06-13 09:44:26,0.56,,
SPY250613P00600000,2025-06-13 09:44:26,0.71,,
SPY250613P00601000,2025-06-13 09:44:26,0.91,,
SPY250613P00599000,2025-06-13 09:44:30,0.56,,
SPY250613P00600000,2025-06-13 09:44:30,0.71,,
SPY250613P00601000,2025-06-13 09:44:30,0.91,,
SPY250613P00599000,2025-06-13 09:44:31,0.56,,
SPY250613P00600000,2025-06-13 09:44:31,0.71,,
SPY250613P00601000,2025-06-13 09:44:31,0.91,,
SPY250613P00599000,2025-06-13 09:44:34,0.56,,
SPY250613P00600000,2025-06-13 09:44:34,0.71,,
SPY250613P00601000,2025-06-13 09:44:34,0.91,,
SPY250613P00599000,2025-06-13 09:44:35,0.56,,
SPY250613P00600000,2025-06-13 09:44:35,0.71,,
SPY250613P00601000,2025-06-13 09:44:35,0.91,,
SPY250613P00599000,2025-06-13 09:44:38,0.56,,
SPY250613P00600000,2025-06-13 09:44:38,0.71,,
SPY250613P00601000,2025-06-13 09:44:38,0.91,,
SPY250613P00599000,2025-06-13 09:44:40,0.56,,
SPY250613P00600000,2025-06-13 09:44:40,0.71,,
SPY250613P00601000,2025-06-13 09:44:40,0.91,,
SPY250613P00599000,2025-06-13 09:44:42,0.56,,
SPY250613P00600000,2025-06-13 09:44:42,0.71,,
SPY250613P00601000,2025-06-13 09:44:42,0.91,,
SPY250613P00599000,2025-06-13 09:44:44,0.56,,
SPY250613P00600000,2025-06-13 09:44:44,0.71,,
SPY250613P00601000,2025-06-13 09:44:44,0.91,,
SPY250613P00599000,2025-06-13 09:44:47,0.56,,
SPY250613P00600000,2025-06-13 09:44:47,0.71,,
SPY250613P00601000,2025-06-13 09:44:47,0.91,,
SPY250613P00599000,2025-06-13 09:44:48,0.56,,
SPY250613P00600000,2025-06-13 09:44:48,0.71,,
SPY250613P00601000,2025-06-13 09:44:48,0.91,,
SPY250613P00599000,2025-06-13 09:44:51,0.56,,
SPY250613P00600000,2025-06-13 09:44:51,0.71,,
SPY250613P00601000,2025-06-13 09:44:51,0.91,,
SPY250613P00599000,2025-06-13 09:44:52,0.56,,
SPY250613P00600000,2025-06-13 09:44:52,0.71,,
SPY250613P00601000,2025-06-13 09:44:52,0.91,,
SPY250613P00599000,2025-06-13 09:44:55,0.56,,
SPY250613P00600000,2025-06-13 09:44:55,0.71,,
SPY250613P00601000,2025-06-13 09:44:55,0.91,,
SPY250613P00599000,2025-06-13 09:44:56,0.56,,
SPY250613P00600000,2025-06-13 09:44:56,0.71,,
SPY250613P00601000,2025-06-13 09:44:56,0.91,,
SPY250613P00599000,2025-06-13 09:45:00,1.49,,
SPY250613P00600000,2025-06-13 09:45:00,1.96,,
SPY250613P00601000,2025-06-13 09:45:00,2.46,,
SPY250613P00599000,2025-06-13 09:45:01,1.53,,
SPY250613P00600000,2025-06-13 09:45:01,1.97,,
SPY250613P00601000,2025-06-13 09:45:01,2.59,,
SPY250613P00599000,2025-06-13 09:45:04,1.57,,
SPY250613P00600000,2025-06-13 09:45:04,2.12,,
SPY250613P00601000,2025-06-13 09:45:04,2.63,,
SPY250613P00599000,2025-06-13 09:45:05,1.62,,
SPY250613P00600000,2025-06-13 09:45:05,2.11,,
SPY250613P00601000,2025-06-13 09:45:05,2.64,,
SPY250613P00599000,2025-06-13 09:45:08,1.58,,
SPY250613P00600000,2025-06-13 09:45:08,2.08,,
SPY250613P00601000,2025-06-13 09:45:08,2.66,,
SPY250613P00599000,2025-06-13 09:45:10,1.62,,
SPY250613P00600000,2025-06-13 09:45:10,2.08,,
SPY250613P00601000,2025-06-13 09:45:10,2.64,,
SPY250613P00599000,2025-06-13 09:45:13,1.6,,
SPY250613P00600000,2025-06-13 09:45:13,2.06,,
SPY250613P00601000,2025-06-13 09:45:13,2.66,,
SPY250613P00599000,2025-06-13 09:45:15,1.639,,
SPY250613P00600000,2025-06-13 09:45:15,2.13,,
SPY250613P00601000,2025-06-13 09:45:15,2.66,,
SPY250613P00599000,2025-06-13 09:45:19,1.639,,
SPY250613P00600000,2025-06-13 09:45:19,2.039,,
SPY250613P00601000,2025-06-13 09:45:19,2.68,,
SPY250613P00599000,2025-06-13 09:45:20,1.66,,
SPY250613P00600000,2025-06-13 09:45:20,2.15,,
SPY250613P00601000,2025-06-13 09:45:20,2.71,,
SPY250613P00599000,2025-06-13 09:45:23,1.7,,
SPY250613P00600000,2025-06-13 09:45:23,2.13,,
SPY250613P00601000,2025-06-13 09:45:23,2.69,,
SPY250613P00599000,2025-06-13 09:45:25,1.689,,
SPY250613P00600000,2025-06-13 09:45:25,2.17,,
SPY250613P00601000,2025-06-13 09:45:25,2.77,,
SPY250613P00599000,2025-06-13 09:45:28,1.76,,
SPY250613P00600000,2025-06-13 09:45:28,2.24,,
SPY250613P00601000,2025-06-13 09:45:28,2.8,,
SPY250613P00599000,2025-06-13 09:45:29,1.71,,
SPY250613P00600000,2025-06-13 09:45:29,2.19,,
SPY250613P00601000,2025-06-13 09:45:29,2.76,,
SPY250613P00599000,2025-06-13 09:45:32,1.66,,
SPY250613P00600000,2025-06-13 09:45:32,2.18,,
SPY250613P00601000,2025-06-13 09:45:32,2.75,,
SPY250613P00599000,2025-06-13 09:45:33,1.7,,
SPY250613P00600000,2025-06-13 09:45:33,2.13,,
SPY250613P00601000,2025-06-13 09:45:33,2.73,,
SPY250613P00599000,2025-06-13 09:45:36,1.76,,
SPY250613P00600000,2025-06-13 09:45:36,2.23,,
SPY250613P00601000,2025-06-13 09:45:36,2.75,,
SPY250613P00599000,2025-06-13 09:45:37,1.75,,
SPY250613P00600000,2025-06-13 09:45:37,2.24,,
SPY250613P00601000,2025-06-13 09:45:37,2.8,,
SPY250613P00599000,2025-06-13 09:45:41,1.72,,
SPY250613P00600000,2025-06-13 09:45:41,2.28,,
SPY250613P00601000,2025-06-13 09:45:41,2.85,,
SPY250613P00599000,2025-06-13 09:45:42,1.75,,
SPY250613P00600000,2025-06-13 09:45:42,2.2,,
SPY250613P00601000,2025-06-13 09:45:42,2.81,,
SPY250613P00599000,2025-06-13 09:45:45,1.75,,
SPY250613P00600000,2025-06-13 09:45:45,2.17,,
SPY250613P00601000,2025-06-13 09:45:45,2.8,,
SPY250613P00599000,2025-06-13 09:45:46,1.76,,
SPY250613P00600000,2025-06-13 09:45:46,2.18,,
SPY250613P00601000,2025-06-13 09:45:46,2.82,,
SPY250613P00599000,2025-06-13 09:45:49,1.78,,
SPY250613P00600000,2025-06-13 09:45:49,2.21,,
SPY250613P00601000,2025-06-13 09:45:49,2.86,,
SPY250613P00599000,2025-06-13 09:45:51,1.75,,
SPY250613P00600000,2025-06-13 09:45:51,2.21,,
SPY250613P00601000,2025-06-13 09:45:51,2.76,,
SPY250613P00599000,2025-06-13 09:45:53,1.73,,
SPY250613P00600000,2025-06-13 09:45:53,2.12,,
SPY250613P00601000,2025-06-13 09:45:53,2.76,,
SPY250613P00599000,2025-06-13 09:45:55,1.689,,
SPY250613P00600000,2025-06-13 09:45:55,2.21,,
SPY250613P00601000,2025-06-13 09:45:55,2.77,,
SPY250613P00599000,2025-06-13 09:45:58,1.67,,
SPY250613P00600000,2025-06-13 09:45:58,2.19,,
SPY250613P00601000,2025-06-13 09:45:58,2.71,,
SPY250613P00599000,2025-06-13 09:45:59,1.66,,
SPY250613P00600000,2025-06-13 09:45:59,2.17,,
SPY250613P00601000,2025-06-13 09:45:59,2.71,,
SPY250613P00599000,2025-06-13 09:46:02,1.7,,
SPY250613P00600000,2025-06-13 09:46:02,2.14,,
SPY250613P00601000,2025-06-13 09:46:02,2.72,,
SPY250613P00599000,2025-06-13 09:46:04,1.68,,
SPY250613P00600000,2025-06-13 09:46:04,2.16,,
SPY250613P00601000,2025-06-13 09:46:04,2.69,,
SPY250613P00599000,2025-06-13 09:46:06,1.67,,
SPY250613P00600000,2025-06-13 09:46:06,2.18,,
SPY250613P00601000,2025-06-13 09:46:06,2.74,,
SPY250613P00599000,2025-06-13 09:46:08,1.689,,
SPY250613P00600000,2025-06-13 09:46:08,2.11,,
SPY250613P00601000,2025-06-13 09:46:08,2.66,,
SPY250613P00599000,2025-06-13 09:46:10,1.68,,
SPY250613P00600000,2025-06-13 09:46:10,2.2,,
SPY250613P00601000,2025-06-13 09:46:10,2.77,,
SPY250613P00599000,2025-06-13 09:46:12,1.7,,
SPY250613P00600000,2025-06-13 09:46:12,2.23,,
SPY250613P00601000,2025-06-13 09:46:12,2.73,,
SPY250613P00599000,2025-06-13 09:46:15,1.689,,
SPY250613P00600000,2025-06-13 09:46:15,2.22,,
SPY250613P00601000,2025-06-13 09:46:15,2.72,,
SPY250613P00599000,2025-06-13 09:46:16,1.72,,
SPY250613P00600000,2025-06-13 09:46:16,2.23,,
SPY250613P00601000,2025-06-13 09:46:16,2.83,,
SPY250613P00599000,2025-06-13 09:46:19,1.71,,
SPY250613P00600000,2025-06-13 09:46:19,2.22,,
SPY250613P00601000,2025-06-13 09:46:19,2.78,,
SPY250613P00599000,2025-06-13 09:46:21,1.66,,
SPY250613P00600000,2025-06-13 09:46:21,2.12,,
SPY250613P00601000,2025-06-13 09:46:21,2.63,,
SPY250613P00599000,2025-06-13 09:46:23,1.58,,
SPY250613P00600000,2025-06-13 09:46:23,2.02,,
SPY250613P00601000,2025-06-13 09:46:23,2.55,,
SPY250613P00599000,2025-06-13 09:46:25,1.6,,
SPY250613P00600000,2025-06-13 09:46:25,2.01,,
SPY250613P00601000,2025-06-13 09:46:25,2.53,,
SPY250613P00599000,2025-06-13 09:46:27,1.66,,
SPY250613P00600000,2025-06-13 09:46:27,2.06,,
SPY250613P00601000,2025-06-13 09:46:27,2.62,,
SPY250613P00599000,2025-06-13 09:46:29,1.639,,
SPY250613P00600000,2025-06-13 09:46:29,2.11,,
SPY250613P00601000,2025-06-13 09:46:29,2.7,,
SPY250613P00599000,2025-06-13 09:46:31,1.54,,
SPY250613P00600000,2025-06-13 09:46:31,2.02,,
SPY250613P00601000,2025-06-13 09:46:31,2.55,,
SPY250613P00599000,2025-06-13 09:46:33,1.55,,
SPY250613P00600000,2025-06-13 09:46:33,1.98,,
SPY250613P00601000,2025-06-13 09:46:33,2.5,,
SPY250613P00599000,2025-06-13 09:46:36,1.53,,
SPY250613P00600000,2025-06-13 09:46:36,1.98,,
SPY250613P00601000,2025-06-13 09:46:36,2.53,,
SPY250613P00599000,2025-06-13 09:46:37,1.53,,
SPY250613P00600000,2025-06-13 09:46:37,2.02,,
SPY250613P00601000,2025-06-13 09:46:37,2.5,,
SPY250613P00599000,2025-06-13 09:46:40,1.55,,
SPY250613P00600000,2025-06-13 09:46:40,2.03,,
SPY250613P00601000,2025-06-13 09:46:40,2.63,,
SPY250613P00599000,2025-06-13 09:46:41,1.58,,
SPY250613P00600000,2025-06-13 09:46:41,2.07,,
SPY250613P00601000,2025-06-13 09:46:41,2.59,,
SPY250613P00599000,2025-06-13 09:46:44,1.6,,
SPY250613P00600000,2025-06-13 09:46:44,2.09,,
SPY250613P00601000,2025-06-13 09:46:44,2.55,,
SPY250613P00599000,2025-06-13 09:46:45,1.63,,
SPY250613P00600000,2025-06-13 09:46:45,2.09,,
SPY250613P00601000,2025-06-13 09:46:45,2.57,,
SPY250613P00599000,2025-06-13 09:46:48,1.58,,
SPY250613P00600000,2025-06-13 09:46:48,2.03,,
SPY250613P00601000,2025-06-13 09:46:48,2.57,,
SPY250613P00599000,2025-06-13 09:46:49,1.58,,
SPY250613P00600000,2025-06-13 09:46:49,2.03,,
SPY250613P00601000,2025-06-13 09:46:49,2.56,,
SPY250613P00599000,2025-06-13 09:46:52,1.55,,
SPY250613P00600000,2025-06-13 09:46:52,2.0,,
SPY250613P00601000,2025-06-13 09:46:52,2.6,,
SPY250613P00599000,2025-06-13 09:46:54,1.59,,
SPY250613P00600000,2025-06-13 09:46:54,1.989,,
SPY250613P00601000,2025-06-13 09:46:54,2.53,,
SPY250613P00599000,2025-06-13 09:46:57,1.56,,
SPY250613P00600000,2025-06-13 09:46:57,2.01,,
SPY250613P00601000,2025-06-13 09:46:57,2.54,,
SPY250613P00599000,2025-06-13 09:46:58,1.6,,
SPY250613P00600000,2025-06-13 09:46:58,2.05,,
SPY250613P00601000,2025-06-13 09:46:58,2.59,,
SPY250613P00599000,2025-06-13 09:47:01,1.56,,
SPY250613P00600000,2025-06-13 09:47:01,2.0,,
SPY250613P00601000,2025-06-13 09:47:01,2.52,,
SPY250613P00599000,2025-06-13 09:47:03,1.53,,
SPY250613P00600000,2025-06-13 09:47:03,2.02,,
SPY250613P00601000,2025-06-13 09:47:03,2.59,,
SPY250613P00599000,2025-06-13 09:47:05,1.61,,
SPY250613P00600000,2025-06-13 09:47:05,2.08,,
SPY250613P00601000,2025-06-13 09:47:05,2.62,,
SPY250613P00599000,2025-06-13 09:47:07,1.56,,
SPY250613P00600000,2025-06-13 09:47:07,2.07,,
SPY250613P00601000,2025-06-13 09:47:07,2.54,,
SPY250613P00599000,2025-06-13 09:47:10,1.58,,
SPY250613P00600000,2025-06-13 09:47:10,2.01,,
SPY250613P00601000,2025-06-13 09:47:10,2.58,,
SPY250613P00599000,2025-06-13 09:47:11,1.59,,
SPY250613P00600000,2025-06-13 09:47:11,1.98,,
SPY250613P00601000,2025-06-13 09:47:11,2.51,,
SPY250613P00599000,2025-06-13 09:47:14,1.57,,
SPY250613P00600000,2025-06-13 09:47:14,2.01,,
SPY250613P00601000,2025-06-13 09:47:14,2.56,,
SPY250613P00599000,2025-06-13 09:47:16,1.51,,
SPY250613P00600000,2025-06-13 09:47:16,1.98,,
SPY250613P00601000,2025-06-13 09:47:16,2.56,,
SPY250613P00599000,2025-06-13 09:47:18,1.48,,
SPY250613P00600000,2025-06-13 09:47:18,1.93,,
SPY250613P00601000,2025-06-13 09:47:18,2.5,,
SPY250613P00599000,2025-06-13 09:47:20,1.48,,
SPY250613P00600000,2025-06-13 09:47:20,1.98,,
SPY250613P00601000,2025-06-13 09:47:20,2.49,,
SPY250613P00599000,2025-06-13 09:47:23,1.45,,
SPY250613P00600000,2025-06-13 09:47:23,1.96,,
SPY250613P00601000,2025-06-13 09:47:23,2.49,,
SPY250613P00599000,2025-06-13 09:47:24,1.52,,
SPY250613P00600000,2025-06-13 09:47:24,2.01,,
SPY250613P00601000,2025-06-13 09:47:24,2.59,,
SPY250613P00599000,2025-06-13 09:47:27,1.59,,
SPY250613P00600000,2025-06-13 09:47:27,2.02,,
SPY250613P00601000,2025-06-13 09:47:27,2.58,,
SPY250613P00599000,2025-06-13 09:47:28,1.54,,
SPY250613P00600000,2025-06-13 09:47:28,2.03,,
SPY250613P00601000,2025-06-13 09:47:28,2.53,,
SPY250613P00599000,2025-06-13 09:47:31,1.58,,
SPY250613P00600000,2025-06-13 09:47:31,1.989,,
SPY250613P00601000,2025-06-13 09:47:31,2.51,,
SPY250613P00599000,2025-06-13 09:47:33,1.53,,
SPY250613P00600000,2025-06-13 09:47:33,2.05,,
SPY250613P00601000,2025-06-13 09:47:33,2.56,,
SPY250613P00599000,2025-06-13 09:47:35,1.52,,
SPY250613P00600000,2025-06-13 09:47:35,1.96,,
SPY250613P00601000,2025-06-13 09:47:35,2.49,,
SPY250613P00599000,2025-06-13 09:47:37,1.55,,
SPY250613P00600000,2025-06-13 09:47:37,2.0,,
SPY250613P00601000,2025-06-13 09:47:37,2.49,,
SPY250613P00599000,2025-06-13 09:47:40,1.55,,
SPY250613P00600000,2025-06-13 09:47:40,1.98,,
SPY250613P00601000,2025-06-13 09:47:40,2.46,,
SPY250613P00599000,2025-06-13 09:47:41,1.56,,
SPY250613P00600000,2025-06-13 09:47:41,2.0,,
SPY250613P00601000,2025-06-13 09:47:41,2.46,,
SPY250613P00599000,2025-06-13 09:47:44,1.54,,
SPY250613P00600000,2025-06-13 09:47:44,1.98,,
SPY250613P00601000,2025-06-13 09:47:44,2.55,,
SPY250613P00599000,2025-06-13 09:47:45,1.54,,
SPY250613P00600000,2025-06-13 09:47:45,2.01,,
SPY250613P00601000,2025-06-13 09:47:45,2.55,,
SPY250613P00599000,2025-06-13 09:47:48,1.56,,
SPY250613P00600000,2025-06-13 09:47:48,1.989,,
SPY250613P00601000,2025-06-13 09:47:48,2.58,,
SPY250613P00599000,2025-06-13 09:47:49,1.59,,
SPY250613P00600000,2025-06-13 09:47:49,2.039,,
SPY250613P00601000,2025-06-13 09:47:49,2.58,,
SPY250613P00599000,2025-06-13 09:47:52,1.65,,
SPY250613P00600000,2025-06-13 09:47:52,2.14,,
SPY250613P00601000,2025-06-13 09:47:52,2.68,,
SPY250613P00599000,2025-06-13 09:47:53,1.63,,
SPY250613P00600000,2025-06-13 09:47:53,2.14,,
SPY250613P00601000,2025-06-13 09:47:53,2.68,,
SPY250613P00599000,2025-06-13 09:47:56,1.62,,
SPY250613P00600000,2025-06-13 09:47:56,2.16,,
SPY250613P00601000,2025-06-13 09:47:56,2.69,,
SPY250613P00599000,2025-06-13 09:47:58,1.689,,
SPY250613P00600000,2025-06-13 09:47:58,2.13,,
SPY250613P00601000,2025-06-13 09:47:58,2.68,,
SPY250613P00599000,2025-06-13 09:48:00,1.62,,
SPY250613P00600000,2025-06-13 09:48:00,2.13,,
SPY250613P00601000,2025-06-13 09:48:00,2.73,,
SPY250613P00599000,2025-06-13 09:48:02,1.63,,
SPY250613P00600000,2025-06-13 09:48:02,2.12,,
SPY250613P00601000,2025-06-13 09:48:02,2.65,,
SPY250613P00599000,2025-06-13 09:48:05,1.66,,
SPY250613P00600000,2025-06-13 09:48:05,2.12,,
SPY250613P00601000,2025-06-13 09:48:05,2.76,,
SPY250613P00599000,2025-06-13 09:48:06,1.67,,
SPY250613P00600000,2025-06-13 09:48:06,2.19,,
SPY250613P00601000,2025-06-13 09:48:06,2.76,,
SPY250613P00599000,2025-06-13 09:48:09,1.72,,
SPY250613P00600000,2025-06-13 09:48:09,2.2,,
SPY250613P00601000,2025-06-13 09:48:09,2.76,,
SPY250613P00599000,2025-06-13 09:48:11,1.72,,
SPY250613P00600000,2025-06-13 09:48:11,2.15,,
SPY250613P00601000,2025-06-13 09:48:11,2.71,,
SPY250613P00599000,2025-06-13 09:48:14,1.76,,
SPY250613P00600000,2025-06-13 09:48:14,2.25,,
SPY250613P00601000,2025-06-13 09:48:14,2.85,,
SPY250613P00599000,2025-06-13 09:48:15,1.68,,
SPY250613P00600000,2025-06-13 09:48:15,2.2,,
SPY250613P00601000,2025-06-13 09:48:15,2.69,,
SPY250613P00599000,2025-06-13 09:48:18,1.689,,
SPY250613P00600000,2025-06-13 09:48:18,2.09,,
SPY250613P00601000,2025-06-13 09:48:18,2.66,,
SPY250613P00599000,2025-06-13 09:48:19,1.639,,
SPY250613P00600000,2025-06-13 09:48:19,2.15,,
SPY250613P00601000,2025-06-13 09:48:19,2.73,,
SPY250613P00599000,2025-06-13 09:48:22,1.66,,
SPY250613P00600000,2025-06-13 09:48:22,2.17,,
SPY250613P00601000,2025-06-13 09:48:22,2.75,,
SPY250613P00599000,2025-06-13 09:48:23,1.639,,
SPY250613P00600000,2025-06-13 09:48:23,2.11,,
SPY250613P00601000,2025-06-13 09:48:23,2.67,,
SPY250613P00599000,2025-06-13 09:48:26,1.65,,
SPY250613P00600000,2025-06-13 09:48:26,2.17,,
SPY250613P00601000,2025-06-13 09:48:26,2.76,,
SPY250613P00599000,2025-06-13 09:48:28,1.66,,
SPY250613P00600000,2025-06-13 09:48:28,2.09,,
SPY250613P00601000,2025-06-13 09:48:28,2.64,,
SPY250613P00599000,2025-06-13 09:48:30,1.67,,
SPY250613P00600000,2025-06-13 09:48:30,2.19,,
SPY250613P00601000,2025-06-13 09:48:30,2.71,,
SPY250613P00599000,2025-06-13 09:48:32,1.66,,
SPY250613P00600000,2025-06-13 09:48:32,2.19,,
SPY250613P00601000,2025-06-13 09:48:32,2.71,,
SPY250613P00599000,2025-06-13 09:48:35,1.67,,
SPY250613P00600000,2025-06-13 09:48:35,2.14,,
SPY250613P00601000,2025-06-13 09:48:35,2.77,,
SPY250613P00599000,2025-06-13 09:48:36,1.72,,
SPY250613P00600000,2025-06-13 09:48:36,2.15,,
SPY250613P00601000,2025-06-13 09:48:36,2.68,,
SPY250613P00599000,2025-06-13 09:48:39,1.71,,
SPY250613P00600000,2025-06-13 09:48:39,2.11,,
SPY250613P00601000,2025-06-13 09:48:39,2.78,,
SPY250613P00599000,2025-06-13 09:48:40,1.66,,
SPY250613P00600000,2025-06-13 09:48:40,2.15,,
SPY250613P00601000,2025-06-13 09:48:40,2.71,,
SPY250613P00599000,2025-06-13 09:48:43,1.65,,
SPY250613P00600000,2025-06-13 09:48:43,2.17,,
SPY250613P00601000,2025-06-13 09:48:43,2.69,,
SPY250613P00599000,2025-06-13 09:48:45,1.7,,
SPY250613P00600000,2025-06-13 09:48:45,2.13,,
SPY250613P00601000,2025-06-13 09:48:45,2.75,,
SPY250613P00599000,2025-06-13 09:48:48,1.64,,
SPY250613P00600000,2025-06-13 09:48:48,2.17,,
SPY250613P00601000,2025-06-13 09:48:48,2.65,,
SPY250613P00599000,2025-06-13 09:48:49,1.65,,
SPY250613P00600000,2025-06-13 09:48:49,2.16,,
SPY250613P00601000,2025-06-13 09:48:49,2.73,,
SPY250613P00599000,2025-06-13 09:48:52,1.67,,
SPY250613P00600000,2025-06-13 09:48:52,2.13,,
SPY250613P00601000,2025-06-13 09:48:52,2.7,,
SPY250613P00599000,2025-06-13 09:48:53,1.68,,
SPY250613P00600000,2025-06-13 09:48:53,2.18,,
SPY250613P00601000,2025-06-13 09:48:53,2.69,,
SPY250613P00599000,2025-06-13 09:48:56,1.7,,
SPY250613P00600000,2025-06-13 09:48:56,2.19,,
SPY250613P00601000,2025-06-13 09:48:56,2.8,,
SPY250613P00599000,2025-06-13 09:48:58,1.689,,
SPY250613P00600000,2025-06-13 09:48:58,2.17,,
SPY250613P00601000,2025-06-13 09:48:58,2.82,,
SPY250613P00599000,2025-06-13 09:49:00,1.76,,
SPY250613P00600000,2025-06-13 09:49:00,2.24,,
SPY250613P00601000,2025-06-13 09:49:00,2.76,,
SPY250613P00599000,2025-06-13 09:49:02,1.78,,
SPY250613P00600000,2025-06-13 09:49:02,2.24,,
SPY250613P00601000,2025-06-13 09:49:02,2.86,,
SPY250613P00599000,2025-06-13 09:49:05,1.83,,
SPY250613P00600000,2025-06-13 09:49:05,2.26,,
SPY250613P00601000,2025-06-13 09:49:05,2.92,,
SPY250613P00599000,2025-06-13 09:49:08,1.839,,
SPY250613P00600000,2025-06-13 09:49:08,2.27,,
SPY250613P00601000,2025-06-13 09:49:08,2.87,,
SPY250613P00599000,2025-06-13 09:49:11,1.8,,
SPY250613P00600000,2025-06-13 09:49:11,2.26,,
SPY250613P00601000,2025-06-13 09:49:11,2.83,,
SPY250613P00599000,2025-06-13 09:49:13,1.78,,
SPY250613P00600000,2025-06-13 09:49:13,2.32,,
SPY250613P00601000,2025-06-13 09:49:13,2.98,,
SPY250613P00599000,2025-06-13 09:49:16,1.77,,
SPY250613P00600000,2025-06-13 09:49:16,2.27,,
SPY250613P00601000,2025-06-13 09:49:16,2.81,,
SPY250613P00599000,2025-06-13 09:49:18,1.77,,
SPY250613P00600000,2025-06-13 09:49:18,2.32,,
SPY250613P00601000,2025-06-13 09:49:18,2.81,,
SPY250613P00599000,2025-06-13 09:49:20,1.85,,
SPY250613P00600000,2025-06-13 09:49:20,2.32,,
SPY250613P00601000,2025-06-13 09:49:20,2.98,,
SPY250613P00599000,2025-06-13 09:49:22,1.83,,
SPY250613P00600000,2025-06-13 09:49:22,2.4,,
SPY250613P00601000,2025-06-13 09:49:22,2.93,,
SPY250613P00599000,2025-06-13 09:49:25,1.9,,
SPY250613P00600000,2025-06-13 09:49:25,2.4,,
SPY250613P00601000,2025-06-13 09:49:25,2.93,,
SPY250613P00599000,2025-06-13 09:49:27,1.87,,
SPY250613P00600000,2025-06-13 09:49:27,2.34,,
SPY250613P00601000,2025-06-13 09:49:27,3.05,,
SPY250613P00599000,2025-06-13 09:49:29,1.88,,
SPY250613P00600000,2025-06-13 09:49:29,2.42,,
SPY250613P00601000,2025-06-13 09:49:29,2.94,,
SPY250613P00599000,2025-06-13 09:49:31,1.85,,
SPY250613P00600000,2025-06-13 09:49:31,2.31,,
SPY250613P00601000,2025-06-13 09:49:31,2.9,,
SPY250613P00599000,2025-06-13 09:49:33,1.789,,
SPY250613P00600000,2025-06-13 09:49:33,2.28,,
SPY250613P00601000,2025-06-13 09:49:33,2.87,,
SPY250613P00599000,2025-06-13 09:49:35,1.82,,
SPY250613P00600000,2025-06-13 09:49:35,2.33,,
SPY250613P00601000,2025-06-13 09:49:35,2.89,,
SPY250613P00599000,2025-06-13 09:49:38,1.82,,
SPY250613P00600000,2025-06-13 09:49:38,2.26,,
SPY250613P00601000,2025-06-13 09:49:38,2.89,,
SPY250613P00599000,2025-06-13 09:49:39,1.77,,
SPY250613P00600000,2025-06-13 09:49:39,2.24,,
SPY250613P00601000,2025-06-13 09:49:39,2.89,,
SPY250613P00599000,2025-06-13 09:49:42,1.8,,
SPY250613P00600000,2025-06-13 09:49:42,2.26,,
SPY250613P00601000,2025-06-13 09:49:42,2.84,,
SPY250613P00599000,2025-06-13 09:49:44,1.73,,
SPY250613P00600000,2025-06-13 09:49:44,2.26,,
SPY250613P00601000,2025-06-13 09:49:44,2.84,,
SPY250613P00599000,2025-06-13 09:49:47,1.82,,
SPY250613P00600000,2025-06-13 09:49:47,2.28,,
SPY250613P00601000,2025-06-13 09:49:47,2.87,,
SPY250613P00599000,2025-06-13 09:49:48,1.82,,
SPY250613P00600000,2025-06-13 09:49:48,2.28,,
SPY250613P00601000,2025-06-13 09:49:48,2.87,,
SPY250613P00599000,2025-06-13 09:49:51,1.73,,
SPY250613P00600000,2025-06-13 09:49:51,2.26,,
SPY250613P00601000,2025-06-13 09:49:51,2.82,,
SPY250613P00599000,2025-06-13 09:49:53,1.76,,
SPY250613P00600000,2025-06-13 09:49:53,2.25,,
SPY250613P00601000,2025-06-13 09:49:53,2.87,,
SPY250613P00599000,2025-06-13 09:49:56,1.73,,
SPY250613P00600000,2025-06-13 09:49:56,2.2,,
SPY250613P00601000,2025-06-13 09:49:56,2.77,,
SPY250613P00599000,2025-06-13 09:49:57,1.77,,
SPY250613P00600000,2025-06-13 09:49:57,2.21,,
SPY250613P00601000,2025-06-13 09:49:57,2.86,,
SPY250613P00599000,2025-06-13 09:50:00,1.76,,
SPY250613P00600000,2025-06-13 09:50:00,2.25,,
SPY250613P00601000,2025-06-13 09:50:00,2.93,,
SPY250613P00599000,2025-06-13 09:50:02,1.86,,
SPY250613P00600000,2025-06-13 09:50:02,2.33,,
SPY250613P00601000,2025-06-13 09:50:02,2.97,,
SPY250613P00599000,2025-06-13 09:50:04,1.8,,
SPY250613P00600000,2025-06-13 09:50:04,2.23,,
SPY250613P00601000,2025-06-13 09:50:04,2.97,,
SPY250613P00599000,2025-06-13 09:50:06,1.73,,
SPY250613P00600000,2025-06-13 09:50:06,2.31,,
SPY250613P00601000,2025-06-13 09:50:06,2.92,,
SPY250613P00599000,2025-06-13 09:50:09,1.81,,
SPY250613P00600000,2025-06-13 09:50:09,2.36,,
SPY250613P00601000,2025-06-13 09:50:09,2.95,,
SPY250613P00599000,2025-06-13 09:50:11,1.81,,
SPY250613P00600000,2025-06-13 09:50:11,2.37,,
SPY250613P00601000,2025-06-13 09:50:11,2.94,,
SPY250613P00599000,2025-06-13 09:50:13,1.76,,
SPY250613P00600000,2025-06-13 09:50:13,2.22,,
SPY250613P00601000,2025-06-13 09:50:13,2.83,,
SPY250613P00599000,2025-06-13 09:50:15,1.78,,
SPY250613P00600000,2025-06-13 09:50:15,2.32,,
SPY250613P00601000,2025-06-13 09:50:15,2.86,,
SPY250613P00599000,2025-06-13 09:50:17,1.83,,
SPY250613P00600000,2025-06-13 09:50:17,2.33,,
SPY250613P00601000,2025-06-13 09:50:17,2.89,,
SPY250613P00599000,2025-06-13 09:50:19,1.78,,
SPY250613P00600000,2025-06-13 09:50:19,2.25,,
SPY250613P00601000,2025-06-13 09:50:19,2.89,,
SPY250613P00599000,2025-06-13 09:50:22,1.83,,
SPY250613P00600000,2025-06-13 09:50:22,2.27,,
SPY250613P00601000,2025-06-13 09:50:22,2.83,,
SPY250613P00599000,2025-06-13 09:50:24,1.82,,
SPY250613P00600000,2025-06-13 09:50:24,2.29,,
SPY250613P00601000,2025-06-13 09:50:24,2.83,,
SPY250613P00599000,2025-06-13 09:50:27,1.78,,
SPY250613P00600000,2025-06-13 09:50:27,2.26,,
SPY250613P00601000,2025-06-13 09:50:27,2.82,,
SPY250613P00599000,2025-06-13 09:50:29,1.82,,
SPY250613P00600000,2025-06-13 09:50:29,2.23,,
SPY250613P00601000,2025-06-13 09:50:29,2.82,,
SPY250613P00599000,2025-06-13 09:50:32,1.78,,
SPY250613P00600000,2025-06-13 09:50:32,2.31,,
SPY250613P00601000,2025-06-13 09:50:32,2.85,,
SPY250613P00599000,2025-06-13 09:50:33,1.82,,
SPY250613P00600000,2025-06-13 09:50:33,2.29,,
SPY250613P00601000,2025-06-13 09:50:33,2.85,,
SPY250613P00599000,2025-06-13 09:50:36,1.839,,
SPY250613P00600000,2025-06-13 09:50:36,2.32,,
SPY250613P00601000,2025-06-13 09:50:36,2.93,,
SPY250613P00599000,2025-06-13 09:50:37,1.83,,
SPY250613P00600000,2025-06-13 09:50:37,2.32,,
SPY250613P00601000,2025-06-13 09:50:37,2.91,,
SPY250613P00599000,2025-06-13 09:50:40,1.83,,
SPY250613P00600000,2025-06-13 09:50:40,2.32,,
SPY250613P00601000,2025-06-13 09:50:40,2.96,,
SPY250613P00599000,2025-06-13 09:50:42,1.8,,
SPY250613P00600000,2025-06-13 09:50:42,2.36,,
SPY250613P00601000,2025-06-13 09:50:42,2.89,,
SPY250613P00599000,2025-06-13 09:50:44,1.8,,
SPY250613P00600000,2025-06-13 09:50:44,2.35,,
SPY250613P00601000,2025-06-13 09:50:44,2.97,,
SPY250613P00599000,2025-06-13 09:50:46,1.83,,
SPY250613P00600000,2025-06-13 09:50:46,2.37,,
SPY250613P00601000,2025-06-13 09:50:46,2.98,,
SPY250613P00599000,2025-06-13 09:50:49,1.85,,
SPY250613P00600000,2025-06-13 09:50:49,2.39,,
SPY250613P00601000,2025-06-13 09:50:49,3.03,,
SPY250613P00599000,2025-06-13 09:50:51,1.88,,
SPY250613P00600000,2025-06-13 09:50:51,2.31,,
SPY250613P00601000,2025-06-13 09:50:51,3.03,,
SPY250613P00599000,2025-06-13 09:50:54,1.789,,
SPY250613P00600000,2025-06-13 09:50:54,2.15,,
SPY250613P00601000,2025-06-13 09:50:54,2.7,,
SPY250613P00599000,2025-06-13 09:50:55,1.66,,
SPY250613P00600000,2025-06-13 09:50:55,2.08,,
SPY250613P00601000,2025-06-13 09:50:55,2.7,,
SPY250613P00599000,2025-06-13 09:50:58,1.66,,
SPY250613P00600000,2025-06-13 09:50:58,2.13,,
SPY250613P00601000,2025-06-13 09:50:58,2.7,,
SPY250613P00599000,2025-06-13 09:51:00,1.689,,
SPY250613P00600000,2025-06-13 09:51:00,2.2,,
SPY250613P00601000,2025-06-13 09:51:00,2.71,,
SPY250613P00599000,2025-06-13 09:51:03,1.639,,
SPY250613P00600000,2025-06-13 09:51:03,2.1,,
SPY250613P00601000,2025-06-13 09:51:03,2.69,,
SPY250613P00599000,2025-06-13 09:51:04,1.66,,
SPY250613P00600000,2025-06-13 09:51:04,2.05,,
SPY250613P00601000,2025-06-13 09:51:04,2.58,,
SPY250613P00599000,2025-06-13 09:51:07,1.6,,
SPY250613P00600000,2025-06-13 09:51:07,2.03,,
SPY250613P00601000,2025-06-13 09:51:07,2.5,,
SPY250613P00599000,2025-06-13 09:51:09,1.5,,
SPY250613P00600000,2025-06-13 09:51:09,1.95,,
SPY250613P00601000,2025-06-13 09:51:09,2.5,,
SPY250613P00599000,2025-06-13 09:51:12,1.61,,
SPY250613P00600000,2025-06-13 09:51:12,1.989,,
SPY250613P00601000,2025-06-13 09:51:12,2.54,,
SPY250613P00599000,2025-06-13 09:51:13,1.59,,
SPY250613P00600000,2025-06-13 09:51:13,1.989,,
SPY250613P00601000,2025-06-13 09:51:13,2.54,,
SPY250613P00599000,2025-06-13 09:51:16,1.56,,
SPY250613P00600000,2025-06-13 09:51:16,2.07,,
SPY250613P00601000,2025-06-13 09:51:16,2.61,,
SPY250613P00599000,2025-06-13 09:51:17,1.63,,
SPY250613P00600000,2025-06-13 09:51:17,2.07,,
SPY250613P00601000,2025-06-13 09:51:17,2.61,,
SPY250613P00599000,2025-06-13 09:51:20,1.62,,
SPY250613P00600000,2025-06-13 09:51:20,2.08,,
SPY250613P00601000,2025-06-13 09:51:20,2.58,,
SPY250613P00599000,2025-06-13 09:51:22,1.62,,
SPY250613P00600000,2025-06-13 09:51:22,2.07,,
SPY250613P00601000,2025-06-13 09:51:22,2.6,,
SPY250613P00599000,2025-06-13 09:51:24,1.66,,
SPY250613P00600000,2025-06-13 09:51:24,2.07,,
SPY250613P00601000,2025-06-13 09:51:24,2.71,,
SPY250613P00599000,2025-06-13 09:51:26,1.7,,
SPY250613P00600000,2025-06-13 09:51:26,2.16,,
SPY250613P00601000,2025-06-13 09:51:26,2.71,,
SPY250613P00599000,2025-06-13 09:51:29,1.65,,
SPY250613P00600000,2025-06-13 09:51:29,2.12,,
SPY250613P00601000,2025-06-13 09:51:29,2.71,,
SPY250613P00599000,2025-06-13 09:51:30,1.639,,
SPY250613P00600000,2025-06-13 09:51:30,2.19,,
SPY250613P00601000,2025-06-13 09:51:30,2.72,,
SPY250613P00599000,2025-06-13 09:51:33,1.68,,
SPY250613P00600000,2025-06-13 09:51:33,2.11,,
SPY250613P00601000,2025-06-13 09:51:33,2.72,,
SPY250613P00599000,2025-06-13 09:51:34,1.639,,
SPY250613P00600000,2025-06-13 09:51:34,2.11,,
SPY250613P00601000,2025-06-13 09:51:34,2.68,,
SPY250613P00599000,2025-06-13 09:51:37,1.71,,
SPY250613P00600000,2025-06-13 09:51:37,2.24,,
SPY250613P00601000,2025-06-13 09:51:37,2.71,,
SPY250613P00599000,2025-06-13 09:51:38,1.7,,
SPY250613P00600000,2025-06-13 09:51:38,2.24,,
SPY250613P00601000,2025-06-13 09:51:38,2.71,,
SPY250613P00599000,2025-06-13 09:51:41,1.8,,
SPY250613P00600000,2025-06-13 09:51:41,2.25,,
SPY250613P00601000,2025-06-13 09:51:41,2.83,,
SPY250613P00599000,2025-06-13 09:51:42,1.789,,
SPY250613P00600000,2025-06-13 09:51:42,2.25,,
SPY250613P00601000,2025-06-13 09:51:42,2.83,,
SPY250613P00599000,2025-06-13 09:51:45,1.75,,
SPY250613P00600000,2025-06-13 09:51:45,2.23,,
SPY250613P00601000,2025-06-13 09:51:45,2.8,,
SPY250613P00599000,2025-06-13 09:51:47,1.789,,
SPY250613P00600000,2025-06-13 09:51:47,2.28,,
SPY250613P00601000,2025-06-13 09:51:47,2.8,,
SPY250613P00599000,2025-06-13 09:51:49,1.8,,
SPY250613P00600000,2025-06-13 09:51:49,2.22,,
SPY250613P00601000,2025-06-13 09:51:49,2.9,,
SPY250613P00599000,2025-06-13 09:51:51,1.8,,
SPY250613P00600000,2025-06-13 09:51:51,2.29,,
SPY250613P00601000,2025-06-13 09:51:51,2.88,,
SPY250613P00599000,2025-06-13 09:51:57,1.8,,
SPY250613P00600000,2025-06-13 09:51:57,2.3,,
SPY250613P00601000,2025-06-13 09:51:57,2.92,,
SPY250613P00599000,2025-06-13 09:52:00,1.789,,
SPY250613P00600000,2025-06-13 09:52:00,2.36,,
SPY250613P00601000,2025-06-13 09:52:00,2.92,,
SPY250613P00599000,2025-06-13 09:52:02,1.78,,
SPY250613P00600000,2025-06-13 09:52:02,2.27,,
SPY250613P00601000,2025-06-13 09:52:02,2.92,,
SPY250613P00599000,2025-06-13 09:52:04,1.789,,
SPY250613P00600000,2025-06-13 09:52:04,2.37,,
SPY250613P00601000,2025-06-13 09:52:04,2.87,,
SPY250613P00599000,2025-06-13 09:52:06,1.81,,
SPY250613P00600000,2025-06-13 09:52:06,2.32,,
SPY250613P00601000,2025-06-13 09:52:06,2.85,,
SPY250613P00599000,2025-06-13 09:52:08,1.83,,
SPY250613P00600000,2025-06-13 09:52:08,2.34,,
SPY250613P00601000,2025-06-13 09:52:08,2.85,,
SPY250613P00599000,2025-06-13 09:52:10,1.789,,
SPY250613P00600000,2025-06-13 09:52:10,2.3,,
SPY250613P00601000,2025-06-13 09:52:10,2.78,,
SPY250613P00599000,2025-06-13 09:52:12,1.72,,
SPY250613P00600000,2025-06-13 09:52:12,2.24,,
SPY250613P00601000,2025-06-13 09:52:12,2.78,,
SPY250613P00599000,2025-06-13 09:52:14,1.71,,
SPY250613P00600000,2025-06-13 09:52:14,2.23,,
SPY250613P00601000,2025-06-13 09:52:14,2.82,,
SPY250613P00599000,2025-06-13 09:52:17,1.78,,
SPY250613P00600000,2025-06-13 09:52:17,2.34,,
SPY250613P00601000,2025-06-13 09:52:17,2.89,,
SPY250613P00599000,2025-06-13 09:52:18,1.75,,
SPY250613P00600000,2025-06-13 09:52:18,2.3,,
SPY250613P00601000,2025-06-13 09:52:18,2.89,,
SPY250613P00599000,2025-06-13 09:52:21,1.77,,
SPY250613P00600000,2025-06-13 09:52:21,2.31,,
SPY250613P00601000,2025-06-13 09:52:21,2.87,,
SPY250613P00599000,2025-06-13 09:52:23,1.75,,
SPY250613P00600000,2025-06-13 09:52:23,2.28,,
SPY250613P00601000,2025-06-13 09:52:23,2.86,,
SPY250613P00599000,2025-06-13 09:52:25,1.78,,
SPY250613P00600000,2025-06-13 09:52:25,2.23,,
SPY250613P00601000,2025-06-13 09:52:25,2.86,,
SPY250613P00599000,2025-06-13 09:52:27,1.789,,
SPY250613P00600000,2025-06-13 09:52:27,2.3,,
SPY250613P00601000,2025-06-13 09:52:27,2.82,,
SPY250613P00599000,2025-06-13 09:52:29,1.75,,
SPY250613P00600000,2025-06-13 09:52:29,2.27,,
SPY250613P00601000,2025-06-13 09:52:29,2.82,,
SPY250613P00599000,2025-06-13 09:52:32,1.71,,
SPY250613P00600000,2025-06-13 09:52:32,2.2,,
SPY250613P00601000,2025-06-13 09:52:32,2.86,,
SPY250613P00599000,2025-06-13 09:52:33,1.75,,
SPY250613P00600000,2025-06-13 09:52:33,2.2,,
SPY250613P00601000,2025-06-13 09:52:33,2.86,,
SPY250613P00599000,2025-06-13 09:52:36,1.7,,
SPY250613P00600000,2025-06-13 09:52:36,2.13,,
SPY250613P00601000,2025-06-13 09:52:36,2.86,,
SPY250613P00599000,2025-06-13 09:52:37,1.65,,
SPY250613P00600000,2025-06-13 09:52:37,2.15,,
SPY250613P00601000,2025-06-13 09:52:37,2.72,,
SPY250613P00599000,2025-06-13 09:52:40,1.66,,
SPY250613P00600000,2025-06-13 09:52:40,2.09,,
SPY250613P00601000,2025-06-13 09:52:40,2.61,,
SPY250613P00599000,2025-06-13 09:52:41,1.689,,
SPY250613P00600000,2025-06-13 09:52:41,2.17,,
SPY250613P00601000,2025-06-13 09:52:41,2.61,,
SPY250613P00599000,2025-06-13 09:52:44,1.65,,
SPY250613P00600000,2025-06-13 09:52:44,2.14,,
SPY250613P00601000,2025-06-13 09:52:44,2.65,,
SPY250613P00599000,2025-06-13 09:52:46,1.689,,
SPY250613P00600000,2025-06-13 09:52:46,2.17,,
SPY250613P00601000,2025-06-13 09:52:46,2.68,,
SPY250613P00599000,2025-06-13 09:52:48,1.65,,
SPY250613P00600000,2025-06-13 09:52:48,2.09,,
SPY250613P00601000,2025-06-13 09:52:48,2.66,,
SPY250613P00599000,2025-06-13 09:52:50,1.61,,
SPY250613P00600000,2025-06-13 09:52:50,2.08,,
SPY250613P00601000,2025-06-13 09:52:50,2.68,,
SPY250613P00599000,2025-06-13 09:52:53,1.65,,
SPY250613P00600000,2025-06-13 09:52:53,2.08,,
SPY250613P00601000,2025-06-13 09:52:53,2.6,,
SPY250613P00599000,2025-06-13 09:52:54,1.65,,
SPY250613P00600000,2025-06-13 09:52:54,2.11,,
SPY250613P00601000,2025-06-13 09:52:54,2.72,,
SPY250613P00599000,2025-06-13 09:52:57,1.65,,
SPY250613P00600000,2025-06-13 09:52:57,2.13,,
SPY250613P00601000,2025-06-13 09:52:57,2.72,,
SPY250613P00599000,2025-06-13 09:52:58,1.72,,
SPY250613P00600000,2025-06-13 09:52:58,2.21,,
SPY250613P00601000,2025-06-13 09:52:58,2.72,,
SPY250613P00599000,2025-06-13 09:53:01,1.67,,
SPY250613P00600000,2025-06-13 09:53:01,2.13,,
SPY250613P00601000,2025-06-13 09:53:01,2.71,,
SPY250613P00599000,2025-06-13 09:53:03,1.72,,
SPY250613P00600000,2025-06-13 09:53:03,2.16,,
SPY250613P00601000,2025-06-13 09:53:03,2.73,,
SPY250613P00599000,2025-06-13 09:53:05,1.689,,
SPY250613P00600000,2025-06-13 09:53:05,2.13,,
SPY250613P00601000,2025-06-13 09:53:05,2.7,,
SPY250613P00599000,2025-06-13 09:53:07,1.63,,
SPY250613P00600000,2025-06-13 09:53:07,2.13,,
SPY250613P00601000,2025-06-13 09:53:07,2.67,,
SPY250613P00599000,2025-06-13 09:53:10,1.72,,
SPY250613P00600000,2025-06-13 09:53:10,2.2,,
SPY250613P00601000,2025-06-13 09:53:10,2.68,,
SPY250613P00599000,2025-06-13 09:53:12,1.73,,
SPY250613P00600000,2025-06-13 09:53:12,2.16,,
SPY250613P00601000,2025-06-13 09:53:12,2.71,,
SPY250613P00599000,2025-06-13 09:53:14,1.689,,
SPY250613P00600000,2025-06-13 09:53:14,2.13,,
SPY250613P00601000,2025-06-13 09:53:14,2.75,,
SPY250613P00599000,2025-06-13 09:53:16,1.66,,
SPY250613P00600000,2025-06-13 09:53:16,2.17,,
SPY250613P00601000,2025-06-13 09:53:16,2.75,,
SPY250613P00599000,2025-06-13 09:53:18,1.65,,
SPY250613P00600000,2025-06-13 09:53:18,2.16,,
SPY250613P00601000,2025-06-13 09:53:18,2.71,,
SPY250613P00599000,2025-06-13 09:53:20,1.68,,
SPY250613P00600000,2025-06-13 09:53:20,2.17,,
SPY250613P00601000,2025-06-13 09:53:20,2.71,,
SPY250613P00599000,2025-06-13 09:53:23,1.7,,
SPY250613P00600000,2025-06-13 09:53:23,2.24,,
SPY250613P00601000,2025-06-13 09:53:23,2.71,,
SPY250613P00599000,2025-06-13 09:53:25,1.72,,
SPY250613P00600000,2025-06-13 09:53:25,2.27,,
SPY250613P00601000,2025-06-13 09:53:25,2.71,,
SPY250613P00599000,2025-06-13 09:53:27,1.78,,
SPY250613P00600000,2025-06-13 09:53:27,2.24,,
SPY250613P00601000,2025-06-13 09:53:27,2.83,,
SPY250613P00599000,2025-06-13 09:53:29,1.8,,
SPY250613P00600000,2025-06-13 09:53:29,2.32,,
SPY250613P00601000,2025-06-13 09:53:29,2.83,,
SPY250613P00599000,2025-06-13 09:53:31,1.75,,
SPY250613P00600000,2025-06-13 09:53:31,2.3,,
SPY250613P00601000,2025-06-13 09:53:31,2.83,,
SPY250613P00599000,2025-06-13 09:53:33,1.73,,
SPY250613P00600000,2025-06-13 09:53:33,2.22,,
SPY250613P00601000,2025-06-13 09:53:33,2.83,,
SPY250613P00599000,2025-06-13 09:53:36,1.78,,
SPY250613P00600000,2025-06-13 09:53:36,2.21,,
SPY250613P00601000,2025-06-13 09:53:36,2.83,,
SPY250613P00599000,2025-06-13 09:53:37,1.75,,
SPY250613P00600000,2025-06-13 09:53:37,2.28,,
SPY250613P00601000,2025-06-13 09:53:37,2.83,,
SPY250613P00599000,2025-06-13 09:53:40,1.75,,
SPY250613P00600000,2025-06-13 09:53:40,2.32,,
SPY250613P00601000,2025-06-13 09:53:40,2.86,,
SPY250613P00599000,2025-06-13 09:53:42,1.81,,
SPY250613P00600000,2025-06-13 09:53:42,2.32,,
SPY250613P00601000,2025-06-13 09:53:42,2.86,,
SPY250613P00599000,2025-06-13 09:53:44,1.83,,
SPY250613P00600000,2025-06-13 09:53:44,2.33,,
SPY250613P00601000,2025-06-13 09:53:44,2.88,,
SPY250613P00599000,2025-06-13 09:53:46,1.8,,
SPY250613P00600000,2025-06-13 09:53:46,2.24,,
SPY250613P00601000,2025-06-13 09:53:46,2.86,,
SPY250613P00599000,2025-06-13 09:53:49,1.75,,
SPY250613P00600000,2025-06-13 09:53:49,2.29,,
SPY250613P00601000,2025-06-13 09:53:49,2.86,,
SPY250613P00599000,2025-06-13 09:53:50,1.8,,
SPY250613P00600000,2025-06-13 09:53:50,2.28,,
SPY250613P00601000,2025-06-13 09:53:50,2.86,,
SPY250613P00599000,2025-06-13 09:53:53,1.77,,
SPY250613P00600000,2025-06-13 09:53:53,2.29,,
SPY250613P00601000,2025-06-13 09:53:53,2.9,,
SPY250613P00599000,2025-06-13 09:53:55,1.789,,
SPY250613P00600000,2025-06-13 09:53:55,2.29,,
SPY250613P00601000,2025-06-13 09:53:55,2.9,,
SPY250613P00599000,2025-06-13 09:53:57,1.81,,
SPY250613P00600000,2025-06-13 09:53:57,2.39,,
SPY250613P00601000,2025-06-13 09:53:57,2.91,,
SPY250613P00599000,2025-06-13 09:53:59,1.86,,
SPY250613P00600000,2025-06-13 09:53:59,2.4,,
SPY250613P00601000,2025-06-13 09:53:59,2.91,,
SPY250613P00599000,2025-06-13 09:54:01,1.889,,
SPY250613P00600000,2025-06-13 09:54:01,2.44,,
SPY250613P00601000,2025-06-13 09:54:01,3.08,,
SPY250613P00599000,2025-06-13 09:54:03,1.85,,
SPY250613P00600000,2025-06-13 09:54:03,2.43,,
SPY250613P00601000,2025-06-13 09:54:03,2.97,,
SPY250613P00599000,2025-06-13 09:54:06,1.92,,
SPY250613P00600000,2025-06-13 09:54:06,2.44,,
SPY250613P00601000,2025-06-13 09:54:06,3.0,,
SPY250613P00599000,2025-06-13 09:54:07,1.939,,
SPY250613P00600000,2025-06-13 09:54:07,2.45,,
SPY250613P00601000,2025-06-13 09:54:07,3.1,,
SPY250613P00599000,2025-06-13 09:54:10,1.93,,
SPY250613P00600000,2025-06-13 09:54:10,2.45,,
SPY250613P00601000,2025-06-13 09:54:10,3.12,,
SPY250613P00599000,2025-06-13 09:54:12,1.939,,
SPY250613P00600000,2025-06-13 09:54:12,2.45,,
SPY250613P00601000,2025-06-13 09:54:12,3.16,,
SPY250613P00599000,2025-06-13 09:54:14,1.95,,
SPY250613P00600000,2025-06-13 09:54:14,2.53,,
SPY250613P00601000,2025-06-13 09:54:14,3.13,,
SPY250613P00599000,2025-06-13 09:54:16,2.0,,
SPY250613P00600000,2025-06-13 09:54:16,2.52,,
SPY250613P00601000,2025-06-13 09:54:16,3.13,,
SPY250613P00599000,2025-06-13 09:54:18,1.96,,
SPY250613P00600000,2025-06-13 09:54:18,2.48,,
SPY250613P00601000,2025-06-13 09:54:18,3.17,,
SPY250613P00599000,2025-06-13 09:54:20,2.0,,
SPY250613P00600000,2025-06-13 09:54:20,2.52,,
SPY250613P00601000,2025-06-13 09:54:20,3.12,,
SPY250613P00599000,2025-06-13 09:54:23,2.02,,
SPY250613P00600000,2025-06-13 09:54:23,2.51,,
SPY250613P00601000,2025-06-13 09:54:23,3.16,,
SPY250613P00599000,2025-06-13 09:54:24,1.95,,
SPY250613P00600000,2025-06-13 09:54:24,2.55,,
SPY250613P00601000,2025-06-13 09:54:24,3.08,,
SPY250613P00599000,2025-06-13 09:54:27,1.989,,
SPY250613P00600000,2025-06-13 09:54:27,2.57,,
SPY250613P00601000,2025-06-13 09:54:27,3.16,,
SPY250613P00599000,2025-06-13 09:54:29,1.97,,
SPY250613P00600000,2025-06-13 09:54:29,2.55,,
SPY250613P00601000,2025-06-13 09:54:29,3.16,,
SPY250613P00599000,2025-06-13 09:54:31,1.96,,
SPY250613P00600000,2025-06-13 09:54:31,2.46,,
SPY250613P00601000,2025-06-13 09:54:31,3.12,,
SPY250613P00599000,2025-06-13 09:54:33,1.989,,
SPY250613P00600000,2025-06-13 09:54:33,2.45,,
SPY250613P00601000,2025-06-13 09:54:33,3.15,,
SPY250613P00599000,2025-06-13 09:54:35,1.939,,
SPY250613P00600000,2025-06-13 09:54:35,2.54,,
SPY250613P00601000,2025-06-13 09:54:35,3.12,,
SPY250613P00599000,2025-06-13 09:54:37,1.91,,
SPY250613P00600000,2025-06-13 09:54:37,2.5,,
SPY250613P00601000,2025-06-13 09:54:37,3.15,,
SPY250613P00599000,2025-06-13 09:54:40,1.939,,
SPY250613P00600000,2025-06-13 09:54:40,2.5,,
SPY250613P00601000,2025-06-13 09:54:40,3.14,,
SPY250613P00599000,2025-06-13 09:54:41,1.92,,
SPY250613P00600000,2025-06-13 09:54:41,2.46,,
SPY250613P00601000,2025-06-13 09:54:41,3.13,,
SPY250613P00599000,2025-06-13 09:54:44,1.96,,
SPY250613P00600000,2025-06-13 09:54:44,2.44,,
SPY250613P00601000,2025-06-13 09:54:44,3.06,,
SPY250613P00599000,2025-06-13 09:54:45,1.98,,
SPY250613P00600000,2025-06-13 09:54:45,2.46,,
SPY250613P00601000,2025-06-13 09:54:45,3.06,,
SPY250613P00599000,2025-06-13 09:54:48,1.989,,
SPY250613P00600000,2025-06-13 09:54:48,2.52,,
SPY250613P00601000,2025-06-13 09:54:48,3.12,,
SPY250613P00599000,2025-06-13 09:54:49,2.01,,
SPY250613P00600000,2025-06-13 09:54:49,2.49,,
SPY250613P00601000,2025-06-13 09:54:49,3.229,,
SPY250613P00599000,2025-06-13 09:54:52,2.039,,
SPY250613P00600000,2025-06-13 09:54:52,2.58,,
SPY250613P00601000,2025-06-13 09:54:52,3.229,,
SPY250613P00599000,2025-06-13 09:54:54,1.98,,
SPY250613P00600000,2025-06-13 09:54:54,2.5,,
SPY250613P00601000,2025-06-13 09:54:54,3.21,,
SPY250613P00599000,2025-06-13 09:54:57,2.039,,
SPY250613P00600000,2025-06-13 09:54:57,2.58,,
SPY250613P00601000,2025-06-13 09:54:57,3.21,,
SPY250613P00599000,2025-06-13 09:54:58,1.98,,
SPY250613P00600000,2025-06-13 09:54:58,2.58,,
SPY250613P00601000,2025-06-13 09:54:58,3.229,,
SPY250613P00599000,2025-06-13 09:55:01,2.01,,
SPY250613P00600000,2025-06-13 09:55:01,2.53,,
SPY250613P00601000,2025-06-13 09:55:01,3.279,,
SPY250613P00599000,2025-06-13 09:55:02,2.08,,
SPY250613P00600000,2025-06-13 09:55:02,2.59,,
SPY250613P00601000,2025-06-13 09:55:02,3.24,,
SPY250613P00599000,2025-06-13 09:55:06,2.08,,
SPY250613P00600000,2025-06-13 09:55:06,2.61,,
SPY250613P00601000,2025-06-13 09:55:06,3.17,,
SPY250613P00599000,2025-06-13 09:55:07,2.039,,
SPY250613P00600000,2025-06-13 09:55:07,2.67,,
SPY250613P00601000,2025-06-13 09:55:07,3.17,,
SPY250613P00601000,2025-06-13 09:55:10,3.329,,3.33
SPY250613P00599000,2025-06-13 09:55:10,2.1,,
SPY250613P00600000,2025-06-13 09:55:10,2.69,,
SPY250613P00601000,2025-06-13 09:55:10,3.329,,
SPY250613P00599000,2025-06-13 09:55:12,2.12,,
SPY250613P00600000,2025-06-13 09:55:12,2.63,,
SPY250613P00601000,2025-06-13 09:55:12,3.3,,
SPY250613P00599000,2025-06-13 09:55:16,2.12,,
SPY250613P00600000,2025-06-13 09:55:16,2.61,,
SPY250613P00601000,2025-06-13 09:55:16,3.379,,
SPY250613P00599000,2025-06-13 09:55:20,2.08,,
SPY250613P00600000,2025-06-13 09:55:20,2.66,,
SPY250613P00601000,2025-06-13 09:55:20,3.36,,
SPY250613P00599000,2025-06-13 09:55:24,2.2,,
SPY250613P00600000,2025-06-13 09:55:24,2.74,,
SPY250613P00601000,2025-06-13 09:55:24,3.429,,
SPY250613P00599000,2025-06-13 09:55:28,2.12,,
SPY250613P00600000,2025-06-13 09:55:28,2.64,,
SPY250613P00601000,2025-06-13 09:55:28,3.42,,
SPY250613P00599000,2025-06-13 09:55:32,2.039,,
SPY250613P00600000,2025-06-13 09:55:32,2.63,,
SPY250613P00601000,2025-06-13 09:55:32,3.27,,
SPY250613P00599000,2025-06-13 09:55:36,2.03,,
SPY250613P00600000,2025-06-13 09:55:36,2.64,,
SPY250613P00601000,2025-06-13 09:55:36,3.27,,
SPY250613P00600000,2025-06-13 09:55:41,2.55,,
SPY250613P00601000,2025-06-13 09:55:41,3.21,,
SPY250613P00599000,2025-06-13 09:55:46,1.97,,
SPY250613P00600000,2025-06-13 09:55:46,2.49,,
SPY250613P00601000,2025-06-13 09:55:46,3.08,,
SPY250613P00599000,2025-06-13 09:55:50,1.98,,
SPY250613P00600000,2025-06-13 09:55:50,2.48,,
SPY250613P00601000,2025-06-13 09:55:50,3.09,,
SPY250613P00599000,2025-06-13 09:55:55,1.95,,
SPY250613P00600000,2025-06-13 09:55:55,2.42,,
SPY250613P00601000,2025-06-13 09:55:55,3.12,,
SPY250613P00599000,2025-06-13 09:55:59,1.93,,
SPY250613P00600000,2025-06-13 09:55:59,2.39,,
SPY250613P00601000,2025-06-13 09:55:59,3.01,,
SPY250613P00599000,2025-06-13 09:56:03,1.93,,
SPY250613P00600000,2025-06-13 09:56:03,2.47,,
SPY250613P00601000,2025-06-13 09:56:03,3.02,,
SPY250613P00599000,2025-06-13 09:56:07,1.839,,
SPY250613P00600000,2025-06-13 09:56:07,2.37,,
SPY250613P00601000,2025-06-13 09:56:07,3.0,,
SPY250613P00599000,2025-06-13 09:56:11,1.939,,
SPY250613P00600000,2025-06-13 09:56:11,2.45,,
SPY250613P00601000,2025-06-13 09:56:11,3.11,,
SPY250613P00599000,2025-06-13 09:56:15,1.95,,
SPY250613P00600000,2025-06-13 09:56:15,2.47,,
SPY250613P00601000,2025-06-13 09:56:15,3.07,,
SPY250613P00599000,2025-06-13 09:56:19,1.92,,
SPY250613P00600000,2025-06-13 09:56:19,2.51,,
SPY250613P00601000,2025-06-13 09:56:19,3.13,,
SPY250613P00599000,2025-06-13 09:56:23,2.0,,
SPY250613P00600000,2025-06-13 09:56:23,2.48,,
SPY250613P00601000,2025-06-13 09:56:23,3.13,,
SPY250613P00599000,2025-06-13 09:56:27,2.03,,
SPY250613P00600000,2025-06-13 09:56:27,2.55,,
SPY250613P00601000,2025-06-13 09:56:27,3.13,,
SPY250613P00599000,2025-06-13 09:56:31,2.02,,
SPY250613P00600000,2025-06-13 09:56:31,2.66,,
SPY250613P00601000,2025-06-13 09:56:31,3.329,,
SPY250613P00599000,2025-06-13 09:56:35,2.07,,
SPY250613P00600000,2025-06-13 09:56:35,2.57,,
SPY250613P00601000,2025-06-13 09:56:35,3.2,,
SPY250613P00599000,2025-06-13 09:56:39,2.0,,
SPY250613P00600000,2025-06-13 09:56:39,2.57,,
SPY250613P00601000,2025-06-13 09:56:39,3.19,,
SPY250613P00599000,2025-06-13 09:56:43,1.97,,
SPY250613P00600000,2025-06-13 09:56:43,2.55,,
SPY250613P00601000,2025-06-13 09:56:43,3.16,,
SPY250613P00599000,2025-06-13 09:56:47,2.03,,
SPY250613P00600000,2025-06-13 09:56:47,2.54,,
SPY250613P00601000,2025-06-13 09:56:47,3.25,,
SPY250613P00599000,2025-06-13 09:56:51,2.01,,
SPY250613P00600000,2025-06-13 09:56:51,2.51,,
SPY250613P00601000,2025-06-13 09:56:51,3.25,,
SPY250613P00599000,2025-06-13 09:56:55,2.03,,
SPY250613P00600000,2025-06-13 09:56:55,2.52,,
SPY250613P00601000,2025-06-13 09:56:55,3.15,,
SPY250613P00599000,2025-06-13 09:56:59,2.0,,
SPY250613P00600000,2025-06-13 09:56:59,2.54,,
SPY250613P00601000,2025-06-13 09:56:59,3.17,,
SPY250613P00599000,2025-06-13 09:57:03,2.039,,
SPY250613P00600000,2025-06-13 09:57:03,2.61,,
SPY250613P00601000,2025-06-13 09:57:03,3.19,,
SPY250613P00599000,2025-06-13 09:57:08,1.96,,
SPY250613P00600000,2025-06-13 09:57:08,2.62,,
SPY250613P00601000,2025-06-13 09:57:08,3.19,,
SPY250613P00599000,2025-06-13 09:57:12,2.05,,
SPY250613P00600000,2025-06-13 09:57:12,2.6,,
SPY250613P00601000,2025-06-13 09:57:12,3.17,,
SPY250613P00599000,2025-06-13 09:57:16,2.1,,
SPY250613P00600000,2025-06-13 09:57:16,2.58,,
SPY250613P00601000,2025-06-13 09:57:16,3.17,,
SPY250613P00599000,2025-06-13 09:57:20,2.02,,
SPY250613P00600000,2025-06-13 09:57:20,2.62,,
SPY250613P00601000,2025-06-13 09:57:20,3.27,,
SPY250613P00599000,2025-06-13 09:57:24,2.1,,
SPY250613P00600000,2025-06-13 09:57:24,2.69,,
SPY250613P00601000,2025-06-13 09:57:24,3.31,,
SPY250613P00599000,2025-06-13 09:57:28,2.08,,
SPY250613P00600000,2025-06-13 09:57:28,2.66,,
SPY250613P00601000,2025-06-13 09:57:28,3.31,,
SPY250613P00599000,2025-06-13 09:57:32,2.07,,
SPY250613P00600000,2025-06-13 09:57:32,2.69,,
SPY250613P00601000,2025-06-13 09:57:32,3.31,,
SPY250613P00599000,2025-06-13 09:57:36,2.05,,
SPY250613P00600000,2025-06-13 09:57:36,2.68,,
SPY250613P00601000,2025-06-13 09:57:36,3.32,,
SPY250613P00599000,2025-06-13 09:57:40,2.09,,
SPY250613P00600000,2025-06-13 09:57:40,2.72,,
SPY250613P00601000,2025-06-13 09:57:40,3.32,,
SPY250613P00599000,2025-06-13 09:57:44,2.18,,
SPY250613P00600000,2025-06-13 09:57:44,2.67,,
SPY250613P00601000,2025-06-13 09:57:44,3.4,,
SPY250613P00599000,2025-06-13 09:57:48,2.11,,
SPY250613P00600000,2025-06-13 09:57:48,2.72,,
SPY250613P00601000,2025-06-13 09:57:48,3.32,,
SPY250613P00599000,2025-06-13 09:57:52,2.11,,
SPY250613P00600000,2025-06-13 09:57:52,2.76,,
SPY250613P00601000,2025-06-13 09:57:52,3.379,,
SPY250613P00599000,2025-06-13 09:57:56,2.12,,
SPY250613P00600000,2025-06-13 09:57:56,2.67,,
SPY250613P00601000,2025-06-13 09:57:56,3.3,,
SPY250613P00599000,2025-06-13 09:58:01,2.16,,
SPY250613P00600000,2025-06-13 09:58:01,2.79,,
SPY250613P00601000,2025-06-13 09:58:01,3.4,,
SPY250613P00599000,2025-06-13 09:58:06,2.15,,
SPY250613P00600000,2025-06-13 09:58:06,2.77,,
SPY250613P00601000,2025-06-13 09:58:06,3.4,,
SPY250613P00599000,2025-06-13 09:58:11,2.15,,
SPY250613P00600000,2025-06-13 09:58:11,2.77,,
SPY250613P00601000,2025-06-13 09:58:11,3.41,,
SPY250613P00599000,2025-06-13 09:58:15,2.27,,
SPY250613P00600000,2025-06-13 09:58:15,2.81,,
SPY250613P00601000,2025-06-13 09:58:15,3.44,,
SPY250613P00599000,2025-06-13 09:58:19,2.24,,
SPY250613P00600000,2025-06-13 09:58:19,2.82,,
SPY250613P00601000,2025-06-13 09:58:19,3.44,,
SPY250613P00599000,2025-06-13 09:58:23,2.19,,
SPY250613P00600000,2025-06-13 09:58:23,2.74,,
SPY250613P00601000,2025-06-13 09:58:23,3.41,,
SPY250613P00599000,2025-06-13 09:58:27,2.16,,
SPY250613P00600000,2025-06-13 09:58:27,2.73,,
SPY250613P00601000,2025-06-13 09:58:27,3.52,,
SPY250613P00599000,2025-06-13 09:58:31,2.2,,
SPY250613P00600000,2025-06-13 09:58:31,2.79,,
SPY250613P00601000,2025-06-13 09:58:31,3.5,,
SPY250613P00599000,2025-06-13 09:58:36,2.31,,
SPY250613P00600000,2025-06-13 09:58:36,2.87,,
SPY250613P00601000,2025-06-13 09:58:36,3.5,,
SPY250613P00599000,2025-06-13 09:58:40,2.36,,
SPY250613P00600000,2025-06-13 09:58:40,2.86,,
SPY250613P00601000,2025-06-13 09:58:40,3.5,,
SPY250613P00599000,2025-06-13 09:58:44,2.28,,
SPY250613P00600000,2025-06-13 09:58:44,2.93,,
SPY250613P00601000,2025-06-13 09:58:44,3.59,,
SPY250613P00599000,2025-06-13 09:58:48,2.34,,
SPY250613P00600000,2025-06-13 09:58:48,2.9,,
SPY250613P00601000,2025-06-13 09:58:48,3.51,,
SPY250613P00599000,2025-06-13 09:58:52,2.24,,
SPY250613P00600000,2025-06-13 09:58:52,2.77,,
SPY250613P00601000,2025-06-13 09:58:52,3.45,,
SPY250613P00599000,2025-06-13 09:58:57,2.17,,
SPY250613P00600000,2025-06-13 09:58:57,2.77,,
SPY250613P00601000,2025-06-13 09:58:57,3.44,,
SPY250613P00599000,2025-06-13 09:59:01,2.21,,
SPY250613P00600000,2025-06-13 09:59:01,2.7,,
SPY250613P00601000,2025-06-13 09:59:01,3.44,,
SPY250613P00599000,2025-06-13 09:59:05,2.21,,
SPY250613P00600000,2025-06-13 09:59:05,2.86,,
SPY250613P00601000,2025-06-13 09:59:05,3.51,,
SPY250613P00599000,2025-06-13 09:59:09,2.22,,
SPY250613P00600000,2025-06-13 09:59:09,2.8,,
SPY250613P00601000,2025-06-13 09:59:09,3.45,,
SPY250613P00599000,2025-06-13 09:59:13,2.22,,
SPY250613P00600000,2025-06-13 09:59:13,2.82,,
SPY250613P00601000,2025-06-13 09:59:13,3.45,,
SPY250613P00599000,2025-06-13 09:59:18,2.25,,
SPY250613P00600000,2025-06-13 09:59:18,2.77,,
SPY250613P00601000,2025-06-13 09:59:18,3.56,,
SPY250613P00599000,2025-06-13 09:59:22,2.26,,
SPY250613P00600000,2025-06-13 09:59:22,2.83,,
SPY250613P00601000,2025-06-13 09:59:22,3.44,,
SPY250613P00599000,2025-06-13 09:59:26,2.26,,
SPY250613P00600000,2025-06-13 09:59:26,2.8,,
SPY250613P00601000,2025-06-13 09:59:26,3.5,,
SPY250613P00599000,2025-06-13 09:59:30,2.26,,
SPY250613P00600000,2025-06-13 09:59:30,2.89,,
SPY250613P00601000,2025-06-13 09:59:30,3.579,,
SPY250613P00599000,2025-06-13 09:59:34,2.32,,
SPY250613P00600000,2025-06-13 09:59:34,2.84,,
SPY250613P00601000,2025-06-13 09:59:34,3.52,,
SPY250613P00599000,2025-06-13 09:59:38,2.29,,
SPY250613P00600000,2025-06-13 09:59:38,2.76,,
SPY250613P00601000,2025-06-13 09:59:38,3.55,,
SPY250613P00599000,2025-06-13 09:59:42,2.24,,
SPY250613P00600000,2025-06-13 09:59:42,2.84,,
SPY250613P00601000,2025-06-13 09:59:42,3.52,,
SPY250613P00599000,2025-06-13 09:59:46,2.32,,
SPY250613P00600000,2025-06-13 09:59:46,2.91,,
SPY250613P00601000,2025-06-13 09:59:46,3.52,,
SPY250613P00599000,2025-06-13 09:59:50,2.22,,
SPY250613P00600000,2025-06-13 09:59:50,2.81,,
SPY250613P00601000,2025-06-13 09:59:50,3.52,,
SPY250613P00599000,2025-06-13 09:59:54,2.22,,
SPY250613P00600000,2025-06-13 09:59:54,2.83,,
SPY250613P00601000,2025-06-13 09:59:54,3.52,,
SPY250613P00599000,2025-06-13 09:59:58,2.22,,
SPY250613P00600000,2025-06-13 09:59:58,2.75,,
SPY250613P00601000,2025-06-13 09:59:58,3.44,,
SPY250613P00599000,2025-06-13 10:00:02,1.61,,
SPY250613P00600000,2025-06-13 10:00:02,2.02,,
SPY250613P00601000,2025-06-13 10:00:02,2.56,,
SPY250613P00599000,2025-06-13 10:00:06,1.58,,
SPY250613P00600000,2025-06-13 10:00:06,2.03,,
SPY250613P00601000,2025-06-13 10:00:06,2.57,,
SPY250613P00599000,2025-06-13 10:00:10,1.65,,
SPY250613P00600000,2025-06-13 10:00:10,2.15,,
SPY250613P00601000,2025-06-13 10:00:10,2.75,,
SPY250613P00599000,2025-06-13 10:00:14,1.8,,
SPY250613P00600000,2025-06-13 10:00:14,2.15,,
SPY250613P00601000,2025-06-13 10:00:14,2.85,,
SPY250613P00599000,2025-06-13 10:00:18,1.689,,
SPY250613P00600000,2025-06-13 10:00:18,2.22,,
SPY250613P00601000,2025-06-13 10:00:18,2.87,,
SPY250613P00599000,2025-06-13 10:00:22,1.77,,
SPY250613P00600000,2025-06-13 10:00:22,2.21,,
SPY250613P00601000,2025-06-13 10:00:22,2.81,,
SPY250613P00599000,2025-06-13 10:00:26,1.839,,
SPY250613P00600000,2025-06-13 10:00:26,2.4,,
SPY250613P00601000,2025-06-13 10:00:26,2.99,,
SPY250613P00599000,2025-06-13 10:00:30,1.839,,
SPY250613P00600000,2025-06-13 10:00:30,2.39,,
SPY250613P00601000,2025-06-13 10:00:30,3.01,,
SPY250613P00599000,2025-06-13 10:00:34,1.82,,
SPY250613P00600000,2025-06-13 10:00:34,2.34,,
SPY250613P00601000,2025-06-13 10:00:34,3.03,,
SPY250613P00599000,2025-06-13 10:00:38,1.87,,
SPY250613P00600000,2025-06-13 10:00:38,2.46,,
SPY250613P00601000,2025-06-13 10:00:38,3.05,,
SPY250613P00599000,2025-06-13 10:00:42,1.96,,
SPY250613P00600000,2025-06-13 10:00:42,2.45,,
SPY250613P00601000,2025-06-13 10:00:42,3.11,,
SPY250613P00599000,2025-06-13 10:00:46,1.92,,
SPY250613P00600000,2025-06-13 10:00:46,2.5,,
SPY250613P00601000,2025-06-13 10:00:46,3.12,,
SPY250613P00599000,2025-06-13 10:00:50,2.01,,
SPY250613P00600000,2025-06-13 10:00:50,2.45,,
SPY250613P00601000,2025-06-13 10:00:50,3.15,,
SPY250613P00599000,2025-06-13 10:00:54,1.96,,
SPY250613P00600000,2025-06-13 10:00:54,2.55,,
SPY250613P00601000,2025-06-13 10:00:54,3.19,,
SPY250613P00599000,2025-06-13 10:00:59,1.93,,
SPY250613P00600000,2025-06-13 10:00:59,2.45,,
SPY250613P00601000,2025-06-13 10:00:59,3.12,,
SPY250613P00599000,2025-06-13 10:01:03,1.91,,
SPY250613P00600000,2025-06-13 10:01:03,2.44,,
SPY250613P00601000,2025-06-13 10:01:03,3.11,,
SPY250613P00599000,2025-06-13 10:01:07,1.95,,
SPY250613P00600000,2025-06-13 10:01:07,2.45,,
SPY250613P00601000,2025-06-13 10:01:07,3.08,,
SPY250613P00599000,2025-06-13 10:01:11,2.03,,
SPY250613P00600000,2025-06-13 10:01:11,2.57,,
SPY250613P00601000,2025-06-13 10:01:11,3.229,,
SPY250613P00599000,2025-06-13 10:01:15,2.03,,
SPY250613P00600000,2025-06-13 10:01:15,2.6,,
SPY250613P00601000,2025-06-13 10:01:15,3.31,,
SPY250613P00599000,2025-06-13 10:01:19,2.09,,
SPY250613P00600000,2025-06-13 10:01:19,2.6,,
SPY250613P00601000,2025-06-13 10:01:19,3.3,,
SPY250613P00599000,2025-06-13 10:01:23,2.07,,
SPY250613P00600000,2025-06-13 10:01:23,2.57,,
SPY250613P00601000,2025-06-13 10:01:23,3.3,,
SPY250613P00599000,2025-06-13 10:01:28,1.939,,
SPY250613P00600000,2025-06-13 10:01:28,2.48,,
SPY250613P00601000,2025-06-13 10:01:28,3.21,,
SPY250613P00599000,2025-06-13 10:01:32,1.97,,
SPY250613P00600000,2025-06-13 10:01:32,2.51,,
SPY250613P00601000,2025-06-13 10:01:32,3.15,,
SPY250613P00599000,2025-06-13 10:01:36,1.96,,
SPY250613P00600000,2025-06-13 10:01:36,2.41,,
SPY250613P00601000,2025-06-13 10:01:36,3.15,,
SPY250613P00599000,2025-06-13 10:01:40,1.95,,
SPY250613P00600000,2025-06-13 10:01:40,2.52,,
SPY250613P00601000,2025-06-13 10:01:40,3.07,,
SPY250613P00599000,2025-06-13 10:01:44,2.02,,
SPY250613P00600000,2025-06-13 10:01:44,2.58,,
SPY250613P00601000,2025-06-13 10:01:44,3.11,,
SPY250613P00599000,2025-06-13 10:01:48,2.02,,
SPY250613P00600000,2025-06-13 10:01:48,2.61,,
SPY250613P00601000,2025-06-13 10:01:48,3.24,,
SPY250613P00599000,2025-06-13 10:01:52,2.03,,
SPY250613P00600000,2025-06-13 10:01:52,2.57,,
SPY250613P00601000,2025-06-13 10:01:52,3.16,,
SPY250613P00599000,2025-06-13 10:01:56,1.95,,
SPY250613P00600000,2025-06-13 10:01:56,2.49,,
SPY250613P00601000,2025-06-13 10:01:56,3.24,,
SPY250613P00599000,2025-06-13 10:02:00,1.97,,
SPY250613P00600000,2025-06-13 10:02:00,2.46,,
SPY250613P00601000,2025-06-13 10:02:00,3.13,,
SPY250613P00599000,2025-06-13 10:02:04,1.92,,
SPY250613P00600000,2025-06-13 10:02:04,2.46,,
SPY250613P00601000,2025-06-13 10:02:04,3.13,,
SPY250613P00599000,2025-06-13 10:02:08,2.06,,
SPY250613P00600000,2025-06-13 10:02:08,2.65,,
SPY250613P00601000,2025-06-13 10:02:08,3.34,,
SPY250613P00599000,2025-06-13 10:02:12,2.1,,
SPY250613P00600000,2025-06-13 10:02:12,2.61,,
SPY250613P00601000,2025-06-13 10:02:12,3.3,,
SPY250613P00599000,2025-06-13 10:02:16,2.13,,
SPY250613P00600000,2025-06-13 10:02:16,2.66,,
SPY250613P00601000,2025-06-13 10:02:16,3.31,,
SPY250613P00599000,2025-06-13 10:02:20,2.15,,
SPY250613P00600000,2025-06-13 10:02:20,2.8,,
SPY250613P00601000,2025-06-13 10:02:20,3.31,,
SPY250613P00599000,2025-06-13 10:02:24,2.24,,
SPY250613P00600000,2025-06-13 10:02:24,2.74,,
SPY250613P00601000,2025-06-13 10:02:24,3.41,,
SPY250613P00599000,2025-06-13 10:02:28,2.23,,
SPY250613P00600000,2025-06-13 10:02:28,2.79,,
SPY250613P00601000,2025-06-13 10:02:28,3.56,,
SPY250613P00599000,2025-06-13 10:02:33,2.17,,
SPY250613P00600000,2025-06-13 10:02:33,2.6,,
SPY250613P00601000,2025-06-13 10:02:33,3.45,,
SPY250613P00599000,2025-06-13 10:02:37,2.13,,
SPY250613P00600000,2025-06-13 10:02:37,2.63,,
SPY250613P00601000,2025-06-13 10:02:37,3.379,,
SPY250613P00599000,2025-06-13 10:02:41,2.05,,
SPY250613P00600000,2025-06-13 10:02:41,2.71,,
SPY250613P00601000,2025-06-13 10:02:41,3.329,,
SPY250613P00599000,2025-06-13 10:02:45,2.07,,
SPY250613P00600000,2025-06-13 10:02:45,2.71,,
SPY250613P00601000,2025-06-13 10:02:45,3.379,,
SPY250613P00599000,2025-06-13 10:02:49,2.09,,
SPY250613P00600000,2025-06-13 10:02:49,2.65,,
SPY250613P00601000,2025-06-13 10:02:49,3.379,,
SPY250613P00599000,2025-06-13 10:02:53,2.039,,
SPY250613P00600000,2025-06-13 10:02:53,2.63,,
SPY250613P00601000,2025-06-13 10:02:53,3.379,,
SPY250613P00599000,2025-06-13 10:02:57,2.07,,
SPY250613P00600000,2025-06-13 10:02:57,2.56,,
SPY250613P00601000,2025-06-13 10:02:57,3.25,,
SPY250613P00599000,2025-06-13 10:03:01,2.02,,
SPY250613P00600000,2025-06-13 10:03:01,2.57,,
SPY250613P00601000,2025-06-13 10:03:01,3.22,,
SPY250613P00599000,2025-06-13 10:03:05,1.98,,
SPY250613P00600000,2025-06-13 10:03:05,2.49,,
SPY250613P00601000,2025-06-13 10:03:05,3.03,,
SPY250613P00599000,2025-06-13 10:03:09,1.97,,
SPY250613P00600000,2025-06-13 10:03:09,2.51,,
SPY250613P00601000,2025-06-13 10:03:09,3.04,,
SPY250613P00599000,2025-06-13 10:03:13,1.92,,
SPY250613P00600000,2025-06-13 10:03:13,2.45,,
SPY250613P00601000,2025-06-13 10:03:13,3.1,,
SPY250613P00599000,2025-06-13 10:03:17,1.939,,
SPY250613P00600000,2025-06-13 10:03:17,2.42,,
SPY250613P00601000,2025-06-13 10:03:17,3.11,,
SPY250613P00599000,2025-06-13 10:03:21,1.91,,
SPY250613P00600000,2025-06-13 10:03:21,2.43,,
SPY250613P00601000,2025-06-13 10:03:21,3.02,,
SPY250613P00599000,2025-06-13 10:03:25,1.87,,
SPY250613P00600000,2025-06-13 10:03:25,2.36,,
SPY250613P00601000,2025-06-13 10:03:25,2.97,,
SPY250613P00599000,2025-06-13 10:03:30,1.839,,
SPY250613P00600000,2025-06-13 10:03:30,2.48,,
SPY250613P00601000,2025-06-13 10:03:30,3.12,,
SPY250613P00599000,2025-06-13 10:03:34,1.83,,
SPY250613P00600000,2025-06-13 10:03:34,2.36,,
SPY250613P00601000,2025-06-13 10:03:34,3.01,,
SPY250613P00599000,2025-06-13 10:03:38,1.81,,
SPY250613P00600000,2025-06-13 10:03:38,2.34,,
SPY250613P00601000,2025-06-13 10:03:38,2.94,,
SPY250613P00599000,2025-06-13 10:03:42,1.739,,
SPY250613P00600000,2025-06-13 10:03:42,2.31,,
SPY250613P00601000,2025-06-13 10:03:42,2.86,,
SPY250613P00599000,2025-06-13 10:03:46,1.72,,
SPY250613P00600000,2025-06-13 10:03:46,2.25,,
SPY250613P00601000,2025-06-13 10:03:46,2.93,,
SPY250613P00599000,2025-06-13 10:03:50,1.77,,
SPY250613P00600000,2025-06-13 10:03:50,2.25,,
SPY250613P00601000,2025-06-13 10:03:50,2.95,,
SPY250613P00599000,2025-06-13 10:03:54,1.83,,
SPY250613P00600000,2025-06-13 10:03:54,2.31,,
SPY250613P00601000,2025-06-13 10:03:54,2.95,,
SPY250613P00599000,2025-06-13 10:03:58,1.83,,
SPY250613P00600000,2025-06-13 10:03:58,2.37,,
SPY250613P00601000,2025-06-13 10:03:58,2.95,,
SPY250613P00599000,2025-06-13 10:04:02,1.88,,
SPY250613P00600000,2025-06-13 10:04:02,2.38,,
SPY250613P00601000,2025-06-13 10:04:02,2.96,,
SPY250613P00599000,2025-06-13 10:04:06,1.8,,
SPY250613P00600000,2025-06-13 10:04:06,2.35,,
SPY250613P00601000,2025-06-13 10:04:06,2.92,,
SPY250613P00599000,2025-06-13 10:04:10,1.82,,
SPY250613P00600000,2025-06-13 10:04:10,2.32,,
SPY250613P00601000,2025-06-13 10:04:10,3.02,,
SPY250613P00599000,2025-06-13 10:04:14,1.88,,
SPY250613P00600000,2025-06-13 10:04:14,2.45,,
SPY250613P00601000,2025-06-13 10:04:14,3.12,,
SPY250613P00599000,2025-06-13 10:04:18,2.02,,
SPY250613P00600000,2025-06-13 10:04:18,2.56,,
SPY250613P00601000,2025-06-13 10:04:18,3.24,,
SPY250613P00599000,2025-06-13 10:04:22,1.97,,
SPY250613P00600000,2025-06-13 10:04:22,2.55,,
SPY250613P00601000,2025-06-13 10:04:22,3.26,,
SPY250613P00599000,2025-06-13 10:04:27,2.0,,
SPY250613P00600000,2025-06-13 10:04:27,2.55,,
SPY250613P00601000,2025-06-13 10:04:27,3.22,,
SPY250613P00599000,2025-06-13 10:04:31,2.01,,
SPY250613P00600000,2025-06-13 10:04:31,2.54,,
SPY250613P00601000,2025-06-13 10:04:31,3.22,,
SPY250613P00599000,2025-06-13 10:04:35,1.98,,
SPY250613P00600000,2025-06-13 10:04:35,2.54,,
SPY250613P00601000,2025-06-13 10:04:35,3.13,,
SPY250613P00599000,2025-06-13 10:04:39,2.01,,
SPY250613P00600000,2025-06-13 10:04:39,2.63,,
SPY250613P00601000,2025-06-13 10:04:39,3.19,,
SPY250613P00599000,2025-06-13 10:04:43,1.91,,
SPY250613P00600000,2025-06-13 10:04:43,2.46,,
SPY250613P00601000,2025-06-13 10:04:43,3.1,,
SPY250613P00599000,2025-06-13 10:04:47,1.91,,
SPY250613P00600000,2025-06-13 10:04:47,2.52,,
SPY250613P00601000,2025-06-13 10:04:47,3.15,,
SPY250613P00599000,2025-06-13 10:04:51,1.91,,
SPY250613P00600000,2025-06-13 10:04:51,2.51,,
SPY250613P00601000,2025-06-13 10:04:51,3.15,,
SPY250613P00599000,2025-06-13 10:04:55,2.0,,
SPY250613P00600000,2025-06-13 10:04:55,2.51,,
SPY250613P00601000,2025-06-13 10:04:55,3.26,,
SPY250613P00599000,2025-06-13 10:04:59,1.96,,
SPY250613P00600000,2025-06-13 10:04:59,2.57,,
SPY250613P00601000,2025-06-13 10:04:59,3.24,,
SPY250613P00599000,2025-06-13 10:05:03,1.96,,
SPY250613P00600000,2025-06-13 10:05:03,2.52,,
SPY250613P00601000,2025-06-13 10:05:03,3.17,,
SPY250613P00599000,2025-06-13 10:05:07,1.95,,
SPY250613P00600000,2025-06-13 10:05:07,2.53,,
SPY250613P00601000,2025-06-13 10:05:07,3.19,,
SPY250613P00599000,2025-06-13 10:05:11,1.98,,
SPY250613P00600000,2025-06-13 10:05:11,2.53,,
SPY250613P00601000,2025-06-13 10:05:11,3.24,,
SPY250613P00599000,2025-06-13 10:05:15,1.93,,
SPY250613P00600000,2025-06-13 10:05:15,2.5,,
SPY250613P00601000,2025-06-13 10:05:15,3.17,,
SPY250613P00599000,2025-06-13 10:05:19,1.92,,
SPY250613P00600000,2025-06-13 10:05:19,2.53,,
SPY250613P00601000,2025-06-13 10:05:19,3.17,,
SPY250613P00599000,2025-06-13 10:05:23,1.939,,
SPY250613P00600000,2025-06-13 10:05:23,2.59,,
SPY250613P00601000,2025-06-13 10:05:23,3.12,,
SPY250613P00599000,2025-06-13 10:05:27,1.98,,
SPY250613P00600000,2025-06-13 10:05:27,2.56,,
SPY250613P00601000,2025-06-13 10:05:27,3.26,,
SPY250613P00599000,2025-06-13 10:05:31,1.92,,
SPY250613P00600000,2025-06-13 10:05:31,2.5,,
SPY250613P00601000,2025-06-13 10:05:31,3.21,,
SPY250613P00599000,2025-06-13 10:05:35,1.97,,
SPY250613P00600000,2025-06-13 10:05:35,2.53,,
SPY250613P00601000,2025-06-13 10:05:35,3.2,,
SPY250613P00599000,2025-06-13 10:05:39,1.88,,
SPY250613P00600000,2025-06-13 10:05:39,2.46,,
SPY250613P00601000,2025-06-13 10:05:39,3.15,,
SPY250613P00599000,2025-06-13 10:05:44,1.88,,
SPY250613P00600000,2025-06-13 10:05:44,2.45,,
SPY250613P00601000,2025-06-13 10:05:44,3.12,,
SPY250613P00599000,2025-06-13 10:05:48,2.0,,
SPY250613P00600000,2025-06-13 10:05:48,2.59,,
SPY250613P00601000,2025-06-13 10:05:48,3.29,,
SPY250613P00599000,2025-06-13 10:05:52,1.95,,
SPY250613P00600000,2025-06-13 10:05:52,2.57,,
SPY250613P00601000,2025-06-13 10:05:52,3.15,,
SPY250613P00599000,2025-06-13 10:05:56,2.01,,
SPY250613P00600000,2025-06-13 10:05:56,2.53,,
SPY250613P00601000,2025-06-13 10:05:56,3.25,,
SPY250613P00599000,2025-06-13 10:06:00,2.07,,
SPY250613P00600000,2025-06-13 10:06:00,2.57,,
SPY250613P00601000,2025-06-13 10:06:00,3.32,,
SPY250613P00599000,2025-06-13 10:06:04,1.96,,
SPY250613P00600000,2025-06-13 10:06:04,2.53,,
SPY250613P00601000,2025-06-13 10:06:04,3.15,,
SPY250613P00599000,2025-06-13 10:06:08,1.92,,
SPY250613P00600000,2025-06-13 10:06:08,2.46,,
SPY250613P00601000,2025-06-13 10:06:08,3.08,,
SPY250613P00599000,2025-06-13 10:06:13,1.9,,
SPY250613P00600000,2025-06-13 10:06:13,2.49,,
SPY250613P00601000,2025-06-13 10:06:13,3.11,,
SPY250613P00599000,2025-06-13 10:06:17,1.939,,
SPY250613P00600000,2025-06-13 10:06:17,2.42,,
SPY250613P00601000,2025-06-13 10:06:17,3.04,,
SPY250613P00599000,2025-06-13 10:06:21,1.85,,
SPY250613P00600000,2025-06-13 10:06:21,2.43,,
SPY250613P00601000,2025-06-13 10:06:21,3.01,,
SPY250613P00599000,2025-06-13 10:06:25,1.86,,
SPY250613P00600000,2025-06-13 10:06:25,2.4,,
SPY250613P00601000,2025-06-13 10:06:25,2.97,,
SPY250613P00599000,2025-06-13 10:06:29,1.85,,
SPY250613P00600000,2025-06-13 10:06:29,2.45,,
SPY250613P00601000,2025-06-13 10:06:29,3.06,,
SPY250613P00599000,2025-06-13 10:06:33,1.83,,
SPY250613P00600000,2025-06-13 10:06:33,2.3,,
SPY250613P00601000,2025-06-13 10:06:33,3.02,,
SPY250613P00599000,2025-06-13 10:06:37,1.789,,
SPY250613P00600000,2025-06-13 10:06:37,2.34,,
SPY250613P00601000,2025-06-13 10:06:37,2.98,,
SPY250613P00599000,2025-06-13 10:06:41,1.78,,
SPY250613P00600000,2025-06-13 10:06:41,2.3,,
SPY250613P00601000,2025-06-13 10:06:41,2.98,,
SPY250613P00599000,2025-06-13 10:06:45,1.76,,
SPY250613P00600000,2025-06-13 10:06:45,2.25,,
SPY250613P00601000,2025-06-13 10:06:45,2.98,,
SPY250613P00599000,2025-06-13 10:06:49,1.67,,
SPY250613P00600000,2025-06-13 10:06:49,2.18,,
SPY250613P00601000,2025-06-13 10:06:49,2.85,,
SPY250613P00599000,2025-06-13 10:06:54,1.79,,
SPY250613P00600000,2025-06-13 10:06:54,2.29,,
SPY250613P00601000,2025-06-13 10:06:54,2.94,,
SPY250613P00599000,2025-06-13 10:06:58,1.739,,
SPY250613P00600000,2025-06-13 10:06:58,2.26,,
SPY250613P00601000,2025-06-13 10:06:58,2.91,,
SPY250613P00599000,2025-06-13 10:07:02,1.82,,
SPY250613P00600000,2025-06-13 10:07:02,2.32,,
SPY250613P00601000,2025-06-13 10:07:02,2.93,,
SPY250613P00599000,2025-06-13 10:07:06,1.81,,
SPY250613P00600000,2025-06-13 10:07:06,2.29,,
SPY250613P00601000,2025-06-13 10:07:06,2.97,,
SPY250613P00599000,2025-06-13 10:07:10,1.8,,
SPY250613P00600000,2025-06-13 10:07:10,2.39,,
SPY250613P00601000,2025-06-13 10:07:10,3.06,,
SPY250613P00599000,2025-06-13 10:07:14,1.83,,
SPY250613P00600000,2025-06-13 10:07:14,2.33,,
SPY250613P00601000,2025-06-13 10:07:14,3.07,,
SPY250613P00599000,2025-06-13 10:07:18,1.79,,
SPY250613P00600000,2025-06-13 10:07:18,2.34,,
SPY250613P00601000,2025-06-13 10:07:18,2.94,,
SPY250613P00599000,2025-06-13 10:07:22,1.889,,
SPY250613P00600000,2025-06-13 10:07:22,2.33,,
SPY250613P00601000,2025-06-13 10:07:22,2.95,,
SPY250613P00599000,2025-06-13 10:07:26,1.85,,
SPY250613P00600000,2025-06-13 10:07:26,2.34,,
SPY250613P00601000,2025-06-13 10:07:26,2.95,,
SPY250613P00599000,2025-06-13 10:07:30,1.81,,
SPY250613P00600000,2025-06-13 10:07:30,2.39,,
SPY250613P00601000,2025-06-13 10:07:30,3.06,,
SPY250613P00599000,2025-06-13 10:07:34,1.85,,
SPY250613P00600000,2025-06-13 10:07:34,2.43,,
SPY250613P00601000,2025-06-13 10:07:34,3.1,,
SPY250613P00599000,2025-06-13 10:07:38,1.85,,
SPY250613P00600000,2025-06-13 10:07:38,2.47,,
SPY250613P00601000,2025-06-13 10:07:38,3.06,,
SPY250613P00599000,2025-06-13 10:07:42,1.92,,
SPY250613P00600000,2025-06-13 10:07:42,2.47,,
SPY250613P00601000,2025-06-13 10:07:42,3.14,,
SPY250613P00599000,2025-06-13 10:07:46,1.9,,
SPY250613P00600000,2025-06-13 10:07:46,2.44,,
SPY250613P00601000,2025-06-13 10:07:46,3.17,,
SPY250613P00599000,2025-06-13 10:07:50,1.93,,
SPY250613P00600000,2025-06-13 10:07:50,2.47,,
SPY250613P00601000,2025-06-13 10:07:50,3.17,,
SPY250613P00599000,2025-06-13 10:07:54,1.86,,
SPY250613P00600000,2025-06-13 10:07:54,2.41,,
SPY250613P00601000,2025-06-13 10:07:54,3.17,,
SPY250613P00599000,2025-06-13 10:07:58,1.86,,
SPY250613P00600000,2025-06-13 10:07:58,2.4,,
SPY250613P00601000,2025-06-13 10:07:58,3.06,,
SPY250613P00599000,2025-06-13 10:08:02,1.88,,
SPY250613P00600000,2025-06-13 10:08:02,2.36,,
SPY250613P00601000,2025-06-13 10:08:02,2.98,,
SPY250613P00599000,2025-06-13 10:08:06,1.83,,
SPY250613P00600000,2025-06-13 10:08:06,2.36,,
SPY250613P00601000,2025-06-13 10:08:06,2.98,,
SPY250613P00599000,2025-06-13 10:08:10,1.8,,
SPY250613P00600000,2025-06-13 10:08:10,2.36,,
SPY250613P00601000,2025-06-13 10:08:10,3.05,,
SPY250613P00599000,2025-06-13 10:08:14,1.87,,
SPY250613P00600000,2025-06-13 10:08:14,2.45,,
SPY250613P00601000,2025-06-13 10:08:14,3.05,,
SPY250613P00599000,2025-06-13 10:08:19,1.939,,
SPY250613P00600000,2025-06-13 10:08:19,2.43,,
SPY250613P00601000,2025-06-13 10:08:19,3.05,,
SPY250613P00599000,2025-06-13 10:08:23,1.93,,
SPY250613P00600000,2025-06-13 10:08:23,2.38,,
SPY250613P00601000,2025-06-13 10:08:23,3.0,,
SPY250613P00599000,2025-06-13 10:08:27,1.85,,
SPY250613P00600000,2025-06-13 10:08:27,2.39,,
SPY250613P00601000,2025-06-13 10:08:27,3.08,,
SPY250613P00599000,2025-06-13 10:08:31,1.95,,
SPY250613P00600000,2025-06-13 10:08:31,2.51,,
SPY250613P00601000,2025-06-13 10:08:31,3.06,,
SPY250613P00599000,2025-06-13 10:08:35,1.88,,
SPY250613P00600000,2025-06-13 10:08:35,2.48,,
SPY250613P00601000,2025-06-13 10:08:35,3.05,,
SPY250613P00599000,2025-06-13 10:08:39,1.939,,
SPY250613P00600000,2025-06-13 10:08:39,2.56,,
SPY250613P00601000,2025-06-13 10:08:39,3.13,,
SPY250613P00599000,2025-06-13 10:08:43,1.93,,
SPY250613P00600000,2025-06-13 10:08:43,2.46,,
SPY250613P00601000,2025-06-13 10:08:43,3.13,,
SPY250613P00599000,2025-06-13 10:08:47,1.95,,
SPY250613P00600000,2025-06-13 10:08:47,2.42,,
SPY250613P00601000,2025-06-13 10:08:47,3.22,,
SPY250613P00599000,2025-06-13 10:08:51,1.9,,
SPY250613P00600000,2025-06-13 10:08:51,2.52,,
SPY250613P00601000,2025-06-13 10:08:51,3.22,,
SPY250613P00599000,2025-06-13 10:08:55,1.9,,
SPY250613P00600000,2025-06-13 10:08:55,2.47,,
SPY250613P00601000,2025-06-13 10:08:55,3.2,,
SPY250613P00599000,2025-06-13 10:09:00,1.91,,
SPY250613P00600000,2025-06-13 10:09:00,2.53,,
SPY250613P00601000,2025-06-13 10:09:00,3.14,,
SPY250613P00599000,2025-06-13 10:09:04,1.91,,
SPY250613P00600000,2025-06-13 10:09:04,2.43,,
SPY250613P00601000,2025-06-13 10:09:04,3.13,,
SPY250613P00599000,2025-06-13 10:09:08,1.91,,
SPY250613P00600000,2025-06-13 10:09:08,2.48,,
SPY250613P00601000,2025-06-13 10:09:08,3.12,,
SPY250613P00599000,2025-06-13 10:09:12,1.95,,
SPY250613P00600000,2025-06-13 10:09:12,2.47,,
SPY250613P00601000,2025-06-13 10:09:12,3.16,,
SPY250613P00599000,2025-06-13 10:09:16,1.939,,
SPY250613P00600000,2025-06-13 10:09:16,2.47,,
SPY250613P00601000,2025-06-13 10:09:16,3.16,,
SPY250613P00599000,2025-06-13 10:09:20,1.87,,
SPY250613P00600000,2025-06-13 10:09:20,2.48,,
SPY250613P00601000,2025-06-13 10:09:20,3.16,,
SPY250613P00599000,2025-06-13 10:09:24,1.91,,
SPY250613P00600000,2025-06-13 10:09:24,2.51,,
SPY250613P00601000,2025-06-13 10:09:24,3.16,,
SPY250613P00599000,2025-06-13 10:09:28,1.86,,
SPY250613P00600000,2025-06-13 10:09:28,2.49,,
SPY250613P00601000,2025-06-13 10:09:28,3.06,,
SPY250613P00599000,2025-06-13 10:09:32,1.91,,
SPY250613P00600000,2025-06-13 10:09:32,2.47,,
SPY250613P00601000,2025-06-13 10:09:32,3.14,,
SPY250613P00599000,2025-06-13 10:09:36,1.9,,
SPY250613P00600000,2025-06-13 10:09:36,2.47,,
SPY250613P00601000,2025-06-13 10:09:36,3.17,,
SPY250613P00599000,2025-06-13 10:09:40,1.91,,
SPY250613P00600000,2025-06-13 10:09:40,2.43,,
SPY250613P00601000,2025-06-13 10:09:40,3.11,,
SPY250613P00599000,2025-06-13 10:09:44,1.91,,
SPY250613P00600000,2025-06-13 10:09:44,2.43,,
SPY250613P00601000,2025-06-13 10:09:44,3.15,,
SPY250613P00599000,2025-06-13 10:09:48,1.889,,
SPY250613P00600000,2025-06-13 10:09:48,2.44,,
SPY250613P00601000,2025-06-13 10:09:48,3.11,,
SPY250613P00599000,2025-06-13 10:09:52,1.85,,
SPY250613P00600000,2025-06-13 10:09:52,2.46,,
SPY250613P00601000,2025-06-13 10:09:52,3.09,,
SPY250613P00599000,2025-06-13 10:09:56,1.81,,
SPY250613P00600000,2025-06-13 10:09:56,2.36,,
SPY250613P00601000,2025-06-13 10:09:56,3.06,,
SPY250613P00599000,2025-06-13 10:10:00,1.889,,
SPY250613P00600000,2025-06-13 10:10:00,2.44,,
SPY250613P00601000,2025-06-13 10:10:00,3.13,,
SPY250613P00599000,2025-06-13 10:10:04,1.83,,
SPY250613P00600000,2025-06-13 10:10:04,2.4,,
SPY250613P00601000,2025-06-13 10:10:04,3.13,,
SPY250613P00599000,2025-06-13 10:10:09,1.87,,
SPY250613P00600000,2025-06-13 10:10:09,2.5,,
SPY250613P00601000,2025-06-13 10:10:09,3.13,,
SPY250613P00599000,2025-06-13 10:10:13,1.92,,
SPY250613P00600000,2025-06-13 10:10:13,2.48,,
SPY250613P00601000,2025-06-13 10:10:13,3.18,,
SPY250613P00599000,2025-06-13 10:10:17,1.91,,
SPY250613P00600000,2025-06-13 10:10:17,2.54,,
SPY250613P00601000,2025-06-13 10:10:17,3.14,,
SPY250613P00599000,2025-06-13 10:10:21,1.98,,
SPY250613P00600000,2025-06-13 10:10:21,2.52,,
SPY250613P00601000,2025-06-13 10:10:21,3.19,,
SPY250613P00599000,2025-06-13 10:10:25,2.13,,
SPY250613P00600000,2025-06-13 10:10:25,2.72,,
SPY250613P00601000,2025-06-13 10:10:25,3.19,,
SPY250613P00599000,2025-06-13 10:10:29,2.05,,
SPY250613P00600000,2025-06-13 10:10:29,2.69,,
SPY250613P00601000,2025-06-13 10:10:29,3.34,,
SPY250613P00599000,2025-06-13 10:10:33,2.06,,
SPY250613P00600000,2025-06-13 10:10:33,2.62,,
SPY250613P00601000,2025-06-13 10:10:33,3.32,,
SPY250613P00599000,2025-06-13 10:10:37,2.11,,
SPY250613P00600000,2025-06-13 10:10:37,2.64,,
SPY250613P00601000,2025-06-13 10:10:37,3.41,,
SPY250613P00599000,2025-06-13 10:10:41,2.16,,
SPY250613P00600000,2025-06-13 10:10:41,2.84,,
SPY250613P00601000,2025-06-13 10:10:41,3.41,,
SPY250613P00599000,2025-06-13 10:10:45,2.28,,
SPY250613P00600000,2025-06-13 10:10:45,2.79,,
SPY250613P00601000,2025-06-13 10:10:45,3.55,,
SPY250613P00599000,2025-06-13 10:10:49,2.24,,
SPY250613P00600000,2025-06-13 10:10:49,2.81,,
SPY250613P00601000,2025-06-13 10:10:49,3.5,,
SPY250613P00599000,2025-06-13 10:10:53,2.18,,
SPY250613P00600000,2025-06-13 10:10:53,2.75,,
SPY250613P00601000,2025-06-13 10:10:53,3.44,,
SPY250613P00599000,2025-06-13 10:10:57,2.32,,
SPY250613P00600000,2025-06-13 10:10:57,2.87,,
SPY250613P00601000,2025-06-13 10:10:57,3.7,,
SPY250613P00599000,2025-06-13 10:11:01,2.34,,
SPY250613P00600000,2025-06-13 10:11:01,2.83,,
SPY250613P00601000,2025-06-13 10:11:01,3.71,,
SPY250613P00599000,2025-06-13 10:11:05,2.31,,
SPY250613P00600000,2025-06-13 10:11:05,2.93,,
SPY250613P00601000,2025-06-13 10:11:05,3.529,,
SPY250613P00599000,2025-06-13 10:11:09,2.36,,
SPY250613P00600000,2025-06-13 10:11:09,2.99,,
SPY250613P00601000,2025-06-13 10:11:09,3.629,,
SPY250613P00599000,2025-06-13 10:11:14,2.43,,
SPY250613P00600000,2025-06-13 10:11:14,3.01,,
SPY250613P00601000,2025-06-13 10:11:14,3.81,,
SPY250613P00599000,2025-06-13 10:11:18,2.4,,
SPY250613P00600000,2025-06-13 10:11:18,3.11,,
SPY250613P00601000,2025-06-13 10:11:18,3.81,,
SPY250613P00599000,2025-06-13 10:11:22,2.46,,
SPY250613P00600000,2025-06-13 10:11:22,3.0,,
SPY250613P00601000,2025-06-13 10:11:22,3.829,,
SPY250613P00599000,2025-06-13 10:11:26,2.39,,
SPY250613P00600000,2025-06-13 10:11:26,3.1,,
SPY250613P00601000,2025-06-13 10:11:26,3.75,,
SPY250613P00599000,2025-06-13 10:11:31,2.39,,
SPY250613P00600000,2025-06-13 10:11:31,3.01,,
SPY250613P00601000,2025-06-13 10:11:31,3.829,,
SPY250613P00599000,2025-06-13 10:11:35,2.26,,
SPY250613P00600000,2025-06-13 10:11:35,2.94,,
SPY250613P00601000,2025-06-13 10:11:35,3.81,,
SPY250613P00599000,2025-06-13 10:11:39,2.32,,
SPY250613P00600000,2025-06-13 10:11:39,2.85,,
SPY250613P00601000,2025-06-13 10:11:39,3.65,,
SPY250613P00599000,2025-06-13 10:11:43,2.19,,
SPY250613P00600000,2025-06-13 10:11:43,2.77,,
SPY250613P00601000,2025-06-13 10:11:43,3.6,,
SPY250613P00599000,2025-06-13 10:11:47,2.19,,
SPY250613P00600000,2025-06-13 10:11:47,2.79,,
SPY250613P00601000,2025-06-13 10:11:47,3.6,,
SPY250613P00599000,2025-06-13 10:11:51,2.19,,
SPY250613P00600000,2025-06-13 10:11:51,2.82,,
SPY250613P00601000,2025-06-13 10:11:51,3.579,,
SPY250613P00599000,2025-06-13 10:11:55,2.19,,
SPY250613P00600000,2025-06-13 10:11:55,2.83,,
SPY250613P00601000,2025-06-13 10:11:55,3.55,,
SPY250613P00599000,2025-06-13 10:12:00,2.25,,
SPY250613P00600000,2025-06-13 10:12:00,2.86,,
SPY250613P00601000,2025-06-13 10:12:00,3.55,,
SPY250613P00599000,2025-06-13 10:12:05,2.18,,
SPY250613P00600000,2025-06-13 10:12:05,2.79,,
SPY250613P00601000,2025-06-13 10:12:05,3.55,,
SPY250613P00599000,2025-06-13 10:12:10,2.29,,
SPY250613P00600000,2025-06-13 10:12:10,2.92,,
SPY250613P00601000,2025-06-13 10:12:10,3.579,,
SPY250613P00599000,2025-06-13 10:12:14,2.27,,
SPY250613P00600000,2025-06-13 10:12:14,2.93,,
SPY250613P00601000,2025-06-13 10:12:14,3.67,,
SPY250613P00599000,2025-06-13 10:12:18,2.42,,
SPY250613P00600000,2025-06-13 10:12:18,3.0,,
SPY250613P00601000,2025-06-13 10:12:18,3.75,,
SPY250613P00599000,2025-06-13 10:12:22,2.32,,
SPY250613P00600000,2025-06-13 10:12:22,2.96,,
SPY250613P00601000,2025-06-13 10:12:22,3.72,,
SPY250613P00599000,2025-06-13 10:12:27,2.39,,
SPY250613P00600000,2025-06-13 10:12:27,3.02,,
SPY250613P00601000,2025-06-13 10:12:27,3.729,,
SPY250613P00599000,2025-06-13 10:12:31,2.39,,
SPY250613P00600000,2025-06-13 10:12:31,3.12,,
SPY250613P00601000,2025-06-13 10:12:31,3.8,,
SPY250613P00599000,2025-06-13 10:12:35,2.43,,
SPY250613P00600000,2025-06-13 10:12:35,3.0,,
SPY250613P00601000,2025-06-13 10:12:35,3.779,,
SPY250613P00599000,2025-06-13 10:12:39,2.36,,
SPY250613P00600000,2025-06-13 10:12:39,3.03,,
SPY250613P00601000,2025-06-13 10:12:39,3.779,,
SPY250613P00599000,2025-06-13 10:12:43,2.44,,
SPY250613P00600000,2025-06-13 10:12:43,3.06,,
SPY250613P00601000,2025-06-13 10:12:43,3.74,,
SPY250613P00599000,2025-06-13 10:12:48,2.37,,
SPY250613P00600000,2025-06-13 10:12:48,3.07,,
SPY250613P00601000,2025-06-13 10:12:48,3.74,,
SPY250613P00599000,2025-06-13 10:12:52,2.31,,
SPY250613P00600000,2025-06-13 10:12:52,3.01,,
SPY250613P00601000,2025-06-13 10:12:52,3.75,,
SPY250613P00599000,2025-06-13 10:12:56,2.29,,
SPY250613P00600000,2025-06-13 10:12:56,2.99,,
SPY250613P00601000,2025-06-13 10:12:56,3.7,,
SPY250613P00599000,2025-06-13 10:13:00,2.45,,
SPY250613P00600000,2025-06-13 10:13:00,3.0,,
SPY250613P00601000,2025-06-13 10:13:00,3.7,,
SPY250613P00599000,2025-06-13 10:13:04,2.4,,
SPY250613P00600000,2025-06-13 10:13:04,3.02,,
SPY250613P00601000,2025-06-13 10:13:04,3.77,,
SPY250613P00599000,2025-06-13 10:13:09,2.29,,
SPY250613P00600000,2025-06-13 10:13:09,2.9,,
SPY250613P00601000,2025-06-13 10:13:09,3.679,,
SPY250613P00599000,2025-06-13 10:13:13,2.28,,
SPY250613P00600000,2025-06-13 10:13:13,2.87,,
SPY250613P00601000,2025-06-13 10:13:13,3.66,,
SPY250613P00599000,2025-06-13 10:13:17,2.27,,
SPY250613P00600000,2025-06-13 10:13:17,2.88,,
SPY250613P00601000,2025-06-13 10:13:17,3.629,,
SPY250613P00599000,2025-06-13 10:13:21,2.23,,
SPY250613P00600000,2025-06-13 10:13:21,2.8,,
SPY250613P00601000,2025-06-13 10:13:21,3.45,,
SPY250613P00599000,2025-06-13 10:13:25,2.12,,
SPY250613P00600000,2025-06-13 10:13:25,2.77,,
SPY250613P00601000,2025-06-13 10:13:25,3.4,,
SPY250613P00599000,2025-06-13 10:13:29,2.21,,
SPY250613P00600000,2025-06-13 10:13:29,2.81,,
SPY250613P00601000,2025-06-13 10:13:29,3.55,,
SPY250613P00599000,2025-06-13 10:13:33,2.22,,
SPY250613P00600000,2025-06-13 10:13:33,2.8,,
SPY250613P00601000,2025-06-13 10:13:33,3.51,,
SPY250613P00599000,2025-06-13 10:13:37,2.32,,
SPY250613P00600000,2025-06-13 10:13:37,2.89,,
SPY250613P00601000,2025-06-13 10:13:37,3.58,,
SPY250613P00599000,2025-06-13 10:13:41,2.25,,
SPY250613P00600000,2025-06-13 10:13:41,2.95,,
SPY250613P00601000,2025-06-13 10:13:41,3.63,,
SPY250613P00599000,2025-06-13 10:13:45,2.25,,
SPY250613P00600000,2025-06-13 10:13:45,2.82,,
SPY250613P00601000,2025-06-13 10:13:45,3.57,,
SPY250613P00599000,2025-06-13 10:13:49,2.27,,
SPY250613P00600000,2025-06-13 10:13:49,2.88,,
SPY250613P00601000,2025-06-13 10:13:49,3.58,,
SPY250613P00599000,2025-06-13 10:13:53,2.2,,
SPY250613P00600000,2025-06-13 10:13:53,2.82,,
SPY250613P00601000,2025-06-13 10:13:53,3.45,,
SPY250613P00599000,2025-06-13 10:13:57,2.2,,
SPY250613P00600000,2025-06-13 10:13:57,2.77,,
SPY250613P00601000,2025-06-13 10:13:57,3.529,,
SPY250613P00599000,2025-06-13 10:14:02,2.14,,
SPY250613P00600000,2025-06-13 10:14:02,2.8,,
SPY250613P00601000,2025-06-13 10:14:02,3.47,,
SPY250613P00599000,2025-06-13 10:14:06,2.23,,
SPY250613P00600000,2025-06-13 10:14:06,2.85,,
SPY250613P00601000,2025-06-13 10:14:06,3.47,,
SPY250613P00599000,2025-06-13 10:14:10,2.19,,
SPY250613P00600000,2025-06-13 10:14:10,2.81,,
SPY250613P00601000,2025-06-13 10:14:10,3.56,,
SPY250613P00599000,2025-06-13 10:14:14,2.22,,
SPY250613P00600000,2025-06-13 10:14:14,2.83,,
SPY250613P00601000,2025-06-13 10:14:14,3.55,,
SPY250613P00599000,2025-06-13 10:14:18,2.25,,
SPY250613P00600000,2025-06-13 10:14:18,2.84,,
SPY250613P00601000,2025-06-13 10:14:18,3.52,,
SPY250613P00599000,2025-06-13 10:14:22,2.24,,
SPY250613P00600000,2025-06-13 10:14:22,2.84,,
SPY250613P00601000,2025-06-13 10:14:22,3.52,,
SPY250613P00599000,2025-06-13 10:14:26,2.26,,
SPY250613P00600000,2025-06-13 10:14:26,2.81,,
SPY250613P00601000,2025-06-13 10:14:26,3.65,,
SPY250613P00599000,2025-06-13 10:14:30,2.11,,
SPY250613P00600000,2025-06-13 10:14:30,2.74,,
SPY250613P00601000,2025-06-13 10:14:30,3.34,,
SPY250613P00599000,2025-06-13 10:14:34,2.12,,
SPY250613P00600000,2025-06-13 10:14:34,2.69,,
SPY250613P00601000,2025-06-13 10:14:34,3.45,,
SPY250613P00599000,2025-06-13 10:14:38,2.01,,
SPY250613P00600000,2025-06-13 10:14:38,2.55,,
SPY250613P00601000,2025-06-13 10:14:38,3.3,,
SPY250613P00599000,2025-06-13 10:14:42,2.08,,
SPY250613P00600000,2025-06-13 10:14:42,2.7,,
SPY250613P00601000,2025-06-13 10:14:42,3.35,,
SPY250613P00599000,2025-06-13 10:14:46,2.15,,
SPY250613P00600000,2025-06-13 10:14:46,2.68,,
SPY250613P00601000,2025-06-13 10:14:46,3.4,,
SPY250613P00599000,2025-06-13 10:14:50,2.13,,
SPY250613P00600000,2025-06-13 10:14:50,2.76,,
SPY250613P00601000,2025-06-13 10:14:50,3.51,,
SPY250613P00599000,2025-06-13 10:14:54,2.18,,
SPY250613P00600000,2025-06-13 10:14:54,2.77,,
SPY250613P00601000,2025-06-13 10:14:54,3.52,,
SPY250613P00599000,2025-06-13 10:14:58,2.19,,
SPY250613P00600000,2025-06-13 10:14:58,2.8,,
SPY250613P00601000,2025-06-13 10:14:58,3.47,,
SPY250613P00599000,2025-06-13 10:15:02,2.11,,
SPY250613P00600000,2025-06-13 10:15:02,2.72,,
SPY250613P00601000,2025-06-13 10:15:02,3.52,,
SPY250613P00599000,2025-06-13 10:15:06,2.16,,
SPY250613P00600000,2025-06-13 10:15:06,2.84,,
SPY250613P00601000,2025-06-13 10:15:06,3.5,,
SPY250613P00599000,2025-06-13 10:15:10,2.19,,
SPY250613P00600000,2025-06-13 10:15:10,2.84,,
SPY250613P00601000,2025-06-13 10:15:10,3.49,,
SPY250613P00599000,2025-06-13 10:15:14,2.19,,
SPY250613P00600000,2025-06-13 10:15:14,2.72,,
SPY250613P00601000,2025-06-13 10:15:14,3.45,,
SPY250613P00599000,2025-06-13 10:15:18,2.23,,
SPY250613P00600000,2025-06-13 10:15:18,2.78,,
SPY250613P00601000,2025-06-13 10:15:18,3.66,,
SPY250613P00599000,2025-06-13 10:15:22,2.33,,
SPY250613P00600000,2025-06-13 10:15:22,2.92,,
SPY250613P00601000,2025-06-13 10:15:22,3.54,,
SPY250613P00599000,2025-06-13 10:15:26,2.25,,
SPY250613P00600000,2025-06-13 10:15:26,2.85,,
SPY250613P00601000,2025-06-13 10:15:26,3.56,,
SPY250613P00599000,2025-06-13 10:15:31,2.15,,
SPY250613P00600000,2025-06-13 10:15:31,2.8,,
SPY250613P00601000,2025-06-13 10:15:31,3.52,,
SPY250613P00599000,2025-06-13 10:15:35,2.19,,
SPY250613P00600000,2025-06-13 10:15:35,2.78,,
SPY250613P00601000,2025-06-13 10:15:35,3.429,,
SPY250613P00599000,2025-06-13 10:15:39,2.17,,
SPY250613P00600000,2025-06-13 10:15:39,2.86,,
SPY250613P00601000,2025-06-13 10:15:39,3.479,,
SPY250613P00599000,2025-06-13 10:15:43,2.17,,
SPY250613P00600000,2025-06-13 10:15:43,2.76,,
SPY250613P00601000,2025-06-13 10:15:43,3.6,,
SPY250613P00599000,2025-06-13 10:15:47,2.26,,
SPY250613P00600000,2025-06-13 10:15:47,2.83,,
SPY250613P00601000,2025-06-13 10:15:47,3.6,,
SPY250613P00599000,2025-06-13 10:15:51,2.21,,
SPY250613P00600000,2025-06-13 10:15:51,2.85,,
SPY250613P00601000,2025-06-13 10:15:51,3.6,,
SPY250613P00599000,2025-06-13 10:15:55,2.22,,
SPY250613P00600000,2025-06-13 10:15:55,2.77,,
SPY250613P00601000,2025-06-13 10:15:55,3.6,,
SPY250613P00599000,2025-06-13 10:15:59,2.19,,
SPY250613P00600000,2025-06-13 10:15:59,2.8,,
SPY250613P00601000,2025-06-13 10:15:59,3.6,,
SPY250613P00599000,2025-06-13 10:16:03,2.21,,
SPY250613P00600000,2025-06-13 10:16:03,2.81,,
SPY250613P00601000,2025-06-13 10:16:03,3.57,,
SPY250613P00599000,2025-06-13 10:16:07,2.21,,
SPY250613P00600000,2025-06-13 10:16:07,2.77,,
SPY250613P00601000,2025-06-13 10:16:07,3.57,,
SPY250613P00599000,2025-06-13 10:16:11,2.28,,
SPY250613P00600000,2025-06-13 10:16:11,2.9,,
SPY250613P00601000,2025-06-13 10:16:11,3.5,,
SPY250613P00599000,2025-06-13 10:16:15,2.19,,
SPY250613P00600000,2025-06-13 10:16:15,2.83,,
SPY250613P00601000,2025-06-13 10:16:15,3.59,,
SPY250613P00599000,2025-06-13 10:16:19,2.16,,
SPY250613P00600000,2025-06-13 10:16:19,2.78,,
SPY250613P00601000,2025-06-13 10:16:19,3.59,,
SPY250613P00599000,2025-06-13 10:16:23,2.17,,
SPY250613P00600000,2025-06-13 10:16:23,2.8,,
SPY250613P00601000,2025-06-13 10:16:23,3.4,,
SPY250613P00599000,2025-06-13 10:16:27,2.14,,
SPY250613P00600000,2025-06-13 10:16:27,2.78,,
SPY250613P00601000,2025-06-13 10:16:27,3.47,,
SPY250613P00599000,2025-06-13 10:16:31,2.18,,
SPY250613P00600000,2025-06-13 10:16:31,2.85,,
SPY250613P00601000,2025-06-13 10:16:31,3.47,,
SPY250613P00599000,2025-06-13 10:16:36,2.24,,
SPY250613P00600000,2025-06-13 10:16:36,2.8,,
SPY250613P00601000,2025-06-13 10:16:36,3.51,,
SPY250613P00599000,2025-06-13 10:16:40,2.28,,
SPY250613P00600000,2025-06-13 10:16:40,2.91,,
SPY250613P00601000,2025-06-13 10:16:40,3.55,,
SPY250613P00599000,2025-06-13 10:16:44,2.31,,
SPY250613P00600000,2025-06-13 10:16:44,2.88,,
SPY250613P00601000,2025-06-13 10:16:44,3.61,,
SPY250613P00599000,2025-06-13 10:16:48,2.24,,
SPY250613P00600000,2025-06-13 10:16:48,2.9,,
SPY250613P00601000,2025-06-13 10:16:48,3.6,,
SPY250613P00599000,2025-06-13 10:16:53,2.24,,
SPY250613P00600000,2025-06-13 10:16:53,2.83,,
SPY250613P00601000,2025-06-13 10:16:53,3.59,,
SPY250613P00599000,2025-06-13 10:16:57,2.27,,
SPY250613P00600000,2025-06-13 10:16:57,2.88,,
SPY250613P00601000,2025-06-13 10:16:57,3.62,,
SPY250613P00599000,2025-06-13 10:17:01,2.24,,
SPY250613P00600000,2025-06-13 10:17:01,2.92,,
SPY250613P00601000,2025-06-13 10:17:01,3.64,,
SPY250613P00599000,2025-06-13 10:17:05,2.32,,
SPY250613P00600000,2025-06-13 10:17:05,2.96,,
SPY250613P00601000,2025-06-13 10:17:05,3.62,,
SPY250613P00599000,2025-06-13 10:17:09,2.24,,
SPY250613P00600000,2025-06-13 10:17:09,2.92,,
SPY250613P00601000,2025-06-13 10:17:09,3.679,,
SPY250613P00599000,2025-06-13 10:17:13,2.17,,
SPY250613P00600000,2025-06-13 10:17:13,2.85,,
SPY250613P00601000,2025-06-13 10:17:13,3.629,,
SPY250613P00599000,2025-06-13 10:17:17,2.24,,
SPY250613P00600000,2025-06-13 10:17:17,2.82,,
SPY250613P00601000,2025-06-13 10:17:17,3.52,,
SPY250613P00599000,2025-06-13 10:17:21,2.27,,
SPY250613P00600000,2025-06-13 10:17:21,2.86,,
SPY250613P00601000,2025-06-13 10:17:21,3.59,,
SPY250613P00599000,2025-06-13 10:17:25,2.25,,
SPY250613P00600000,2025-06-13 10:17:25,2.9,,
SPY250613P00601000,2025-06-13 10:17:25,3.57,,
SPY250613P00599000,2025-06-13 10:17:29,2.17,,
SPY250613P00600000,2025-06-13 10:17:29,2.84,,
SPY250613P00601000,2025-06-13 10:17:29,3.57,,
SPY250613P00599000,2025-06-13 10:17:33,2.17,,
SPY250613P00600000,2025-06-13 10:17:33,2.8,,
SPY250613P00601000,2025-06-13 10:17:33,3.479,,
SPY250613P00599000,2025-06-13 10:17:37,2.11,,
SPY250613P00600000,2025-06-13 10:17:37,2.81,,
SPY250613P00601000,2025-06-13 10:17:37,3.529,,
SPY250613P00599000,2025-06-13 10:17:41,2.09,,
SPY250613P00600000,2025-06-13 10:17:41,2.67,,
SPY250613P00601000,2025-06-13 10:17:41,3.47,,
SPY250613P00599000,2025-06-13 10:17:45,2.22,,
SPY250613P00600000,2025-06-13 10:17:45,2.74,,
SPY250613P00601000,2025-06-13 10:17:45,3.579,,
SPY250613P00599000,2025-06-13 10:17:49,2.16,,
SPY250613P00600000,2025-06-13 10:17:49,2.76,,
SPY250613P00601000,2025-06-13 10:17:49,3.45,,
SPY250613P00599000,2025-06-13 10:17:53,2.23,,
SPY250613P00600000,2025-06-13 10:17:53,2.8,,
SPY250613P00601000,2025-06-13 10:17:53,3.61,,
SPY250613P00599000,2025-06-13 10:17:58,2.18,,
SPY250613P00600000,2025-06-13 10:17:58,2.85,,
SPY250613P00601000,2025-06-13 10:17:58,3.529,,
SPY250613P00599000,2025-06-13 10:18:02,2.15,,
SPY250613P00600000,2025-06-13 10:18:02,2.87,,
SPY250613P00601000,2025-06-13 10:18:02,3.62,,
SPY250613P00599000,2025-06-13 10:18:06,2.14,,
SPY250613P00600000,2025-06-13 10:18:06,2.75,,
SPY250613P00601000,2025-06-13 10:18:06,3.62,,
SPY250613P00599000,2025-06-13 10:18:10,2.07,,
SPY250613P00600000,2025-06-13 10:18:10,2.71,,
SPY250613P00601000,2025-06-13 10:18:10,3.39,,
SPY250613P00599000,2025-06-13 10:18:14,2.07,,
SPY250613P00600000,2025-06-13 10:18:14,2.73,,
SPY250613P00601000,2025-06-13 10:18:14,3.429,,
SPY250613P00599000,2025-06-13 10:18:18,2.02,,
SPY250613P00600000,2025-06-13 10:18:18,2.57,,
SPY250613P00601000,2025-06-13 10:18:18,3.429,,
SPY250613P00599000,2025-06-13 10:18:22,2.06,,
SPY250613P00600000,2025-06-13 10:18:22,2.57,,
SPY250613P00601000,2025-06-13 10:18:22,3.3,,
SPY250613P00599000,2025-06-13 10:18:26,2.06,,
SPY250613P00600000,2025-06-13 10:18:26,2.65,,
SPY250613P00601000,2025-06-13 10:18:26,3.49,,
SPY250613P00599000,2025-06-13 10:18:30,2.05,,
SPY250613P00600000,2025-06-13 10:18:30,2.67,,
SPY250613P00601000,2025-06-13 10:18:30,3.39,,
SPY250613P00599000,2025-06-13 10:18:34,2.07,,
SPY250613P00600000,2025-06-13 10:18:34,2.67,,
SPY250613P00601000,2025-06-13 10:18:34,3.39,,
SPY250613P00599000,2025-06-13 10:18:38,2.08,,
SPY250613P00600000,2025-06-13 10:18:38,2.64,,
SPY250613P00601000,2025-06-13 10:18:38,3.42,,
SPY250613P00599000,2025-06-13 10:18:42,2.08,,
SPY250613P00600000,2025-06-13 10:18:42,2.57,,
SPY250613P00601000,2025-06-13 10:18:42,3.35,,
SPY250613P00599000,2025-06-13 10:18:46,2.02,,
SPY250613P00600000,2025-06-13 10:18:46,2.67,,
SPY250613P00601000,2025-06-13 10:18:46,3.35,,
SPY250613P00599000,2025-06-13 10:18:50,2.05,,
SPY250613P00600000,2025-06-13 10:18:50,2.64,,
SPY250613P00601000,2025-06-13 10:18:50,3.37,,
SPY250613P00599000,2025-06-13 10:18:54,1.97,,
SPY250613P00600000,2025-06-13 10:18:54,2.6,,
SPY250613P00601000,2025-06-13 10:18:54,3.35,,
SPY250613P00599000,2025-06-13 10:18:58,2.03,,
SPY250613P00600000,2025-06-13 10:18:58,2.56,,
SPY250613P00601000,2025-06-13 10:18:58,3.27,,
SPY250613P00599000,2025-06-13 10:19:02,1.989,,
SPY250613P00600000,2025-06-13 10:19:02,2.58,,
SPY250613P00601000,2025-06-13 10:19:02,3.27,,
SPY250613P00599000,2025-06-13 10:19:06,1.989,,
SPY250613P00600000,2025-06-13 10:19:06,2.64,,
SPY250613P00601000,2025-06-13 10:19:06,3.27,,
SPY250613P00599000,2025-06-13 10:19:10,2.1,,
SPY250613P00600000,2025-06-13 10:19:10,2.67,,
SPY250613P00601000,2025-06-13 10:19:10,3.37,,
SPY250613P00599000,2025-06-13 10:19:14,2.11,,
SPY250613P00600000,2025-06-13 10:19:14,2.64,,
SPY250613P00601000,2025-06-13 10:19:14,3.44,,
SPY250613P00599000,2025-06-13 10:19:18,2.16,,
SPY250613P00600000,2025-06-13 10:19:18,2.76,,
SPY250613P00601000,2025-06-13 10:19:18,3.44,,
SPY250613P00599000,2025-06-13 10:19:23,2.09,,
SPY250613P00600000,2025-06-13 10:19:23,2.76,,
SPY250613P00601000,2025-06-13 10:19:23,3.45,,
SPY250613P00599000,2025-06-13 10:19:27,2.2,,
SPY250613P00600000,2025-06-13 10:19:27,2.76,,
SPY250613P00601000,2025-06-13 10:19:27,3.45,,
SPY250613P00599000,2025-06-13 10:19:31,2.22,,
SPY250613P00600000,2025-06-13 10:19:31,2.88,,
SPY250613P00601000,2025-06-13 10:19:31,3.45,,
SPY250613P00599000,2025-06-13 10:19:35,2.16,,
SPY250613P00600000,2025-06-13 10:19:35,2.79,,
SPY250613P00601000,2025-06-13 10:19:35,3.45,,
SPY250613P00599000,2025-06-13 10:19:39,2.17,,
SPY250613P00600000,2025-06-13 10:19:39,2.79,,
SPY250613P00601000,2025-06-13 10:19:39,3.45,,
SPY250613P00599000,2025-06-13 10:19:43,2.17,,
SPY250613P00600000,2025-06-13 10:19:43,2.8,,
SPY250613P00601000,2025-06-13 10:19:43,3.629,,
SPY250613P00599000,2025-06-13 10:19:47,2.21,,
SPY250613P00600000,2025-06-13 10:19:47,2.84,,
SPY250613P00601000,2025-06-13 10:19:47,3.629,,
SPY250613P00599000,2025-06-13 10:19:51,2.22,,
SPY250613P00600000,2025-06-13 10:19:51,2.84,,
SPY250613P00601000,2025-06-13 10:19:51,3.62,,
SPY250613P00599000,2025-06-13 10:19:55,2.22,,
SPY250613P00600000,2025-06-13 10:19:55,2.89,,
SPY250613P00601000,2025-06-13 10:19:55,3.62,,
SPY250613P00599000,2025-06-13 10:19:59,2.18,,
SPY250613P00600000,2025-06-13 10:19:59,2.89,,
SPY250613P00601000,2025-06-13 10:19:59,3.62,,
SPY250613P00599000,2025-06-13 10:20:03,2.21,,
SPY250613P00600000,2025-06-13 10:20:03,2.89,,
SPY250613P00601000,2025-06-13 10:20:03,3.62,,
SPY250613P00599000,2025-06-13 10:20:07,2.21,,
SPY250613P00600000,2025-06-13 10:20:07,2.94,,
SPY250613P00601000,2025-06-13 10:20:07,3.579,,
SPY250613P00599000,2025-06-13 10:20:11,2.39,,
SPY250613P00600000,2025-06-13 10:20:11,2.94,,
SPY250613P00601000,2025-06-13 10:20:11,3.579,,
SPY250613P00599000,2025-06-13 10:20:15,2.33,,
SPY250613P00600000,2025-06-13 10:20:15,2.93,,
SPY250613P00601000,2025-06-13 10:20:15,3.579,,
SPY250613P00599000,2025-06-13 10:20:19,2.34,,
SPY250613P00600000,2025-06-13 10:20:19,2.94,,
SPY250613P00601000,2025-06-13 10:20:19,3.77,,
SPY250613P00599000,2025-06-13 10:20:24,2.41,,
SPY250613P00600000,2025-06-13 10:20:24,3.09,,
SPY250613P00601000,2025-06-13 10:20:24,3.86,,
SPY250613P00599000,2025-06-13 10:20:28,2.41,,
SPY250613P00600000,2025-06-13 10:20:28,3.05,,
SPY250613P00601000,2025-06-13 10:20:28,3.86,,
SPY250613P00599000,2025-06-13 10:20:32,2.38,,
SPY250613P00600000,2025-06-13 10:20:32,2.95,,
SPY250613P00601000,2025-06-13 10:20:32,3.679,,
SPY250613P00599000,2025-06-13 10:20:36,2.35,,
SPY250613P00600000,2025-06-13 10:20:36,3.08,,
SPY250613P00601000,2025-06-13 10:20:36,3.8,,
SPY250613P00599000,2025-06-13 10:20:40,2.39,,
SPY250613P00600000,2025-06-13 10:20:40,2.98,,
SPY250613P00601000,2025-06-13 10:20:40,3.84,,
SPY250613P00599000,2025-06-13 10:20:44,2.42,,
SPY250613P00600000,2025-06-13 10:20:44,3.05,,
SPY250613P00601000,2025-06-13 10:20:44,3.8,,
SPY250613P00599000,2025-06-13 10:20:48,2.36,,
SPY250613P00600000,2025-06-13 10:20:48,3.02,,
SPY250613P00601000,2025-06-13 10:20:48,3.79,,
SPY250613P00599000,2025-06-13 10:20:52,2.38,,
SPY250613P00600000,2025-06-13 10:20:52,3.0,,
SPY250613P00601000,2025-06-13 10:20:52,3.81,,
SPY250613P00599000,2025-06-13 10:20:56,2.62,,
SPY250613P00600000,2025-06-13 10:20:56,3.31,,
SPY250613P00601000,2025-06-13 10:20:56,3.81,,
SPY250613P00599000,2025-06-13 10:21:00,2.6,,
SPY250613P00600000,2025-06-13 10:21:00,3.29,,
SPY250613P00601000,2025-06-13 10:21:00,3.81,,
SPY250613P00599000,2025-06-13 10:21:04,2.62,,
SPY250613P00600000,2025-06-13 10:21:04,3.27,,
SPY250613P00601000,2025-06-13 10:21:04,4.11,,
SPY250613P00599000,2025-06-13 10:21:08,2.58,,
SPY250613P00600000,2025-06-13 10:21:08,3.32,,
SPY250613P00601000,2025-06-13 10:21:08,4.11,,
SPY250613P00599000,2025-06-13 10:21:12,2.59,,
SPY250613P00600000,2025-06-13 10:21:12,3.34,,
SPY250613P00601000,2025-06-13 10:21:12,4.11,,
SPY250613P00599000,2025-06-13 10:21:16,2.65,,
SPY250613P00600000,2025-06-13 10:21:16,3.3,,
SPY250613P00601000,2025-06-13 10:21:16,4.22,,
SPY250613P00599000,2025-06-13 10:21:20,2.64,,
SPY250613P00600000,2025-06-13 10:21:20,3.3,,
SPY250613P00601000,2025-06-13 10:21:20,4.22,,
SPY250613P00599000,2025-06-13 10:21:24,2.72,,
SPY250613P00600000,2025-06-13 10:21:24,3.37,,
SPY250613P00601000,2025-06-13 10:21:24,4.22,,
SPY250613P00599000,2025-06-13 10:21:28,2.78,,
SPY250613P00600000,2025-06-13 10:21:28,3.429,,
SPY250613P00601000,2025-06-13 10:21:28,4.15,,
SPY250613P00599000,2025-06-13 10:21:33,2.83,,
SPY250613P00600000,2025-06-13 10:21:33,3.5,,
SPY250613P00601000,2025-06-13 10:21:33,4.23,,
SPY250613P00599000,2025-06-13 10:21:37,2.7,,
SPY250613P00600000,2025-06-13 10:21:37,3.45,,
SPY250613P00601000,2025-06-13 10:21:37,4.29,,
SPY250613P00599000,2025-06-13 10:21:41,2.56,,
SPY250613P00600000,2025-06-13 10:21:41,3.31,,
SPY250613P00601000,2025-06-13 10:21:41,4.16,,
SPY250613P00599000,2025-06-13 10:21:45,2.51,,
SPY250613P00600000,2025-06-13 10:21:45,3.31,,
SPY250613P00601000,2025-06-13 10:21:45,4.16,,
SPY250613P00599000,2025-06-13 10:21:49,2.49,,
SPY250613P00600000,2025-06-13 10:21:49,3.22,,
SPY250613P00601000,2025-06-13 10:21:49,3.89,,
SPY250613P00599000,2025-06-13 10:21:53,2.55,,
SPY250613P00600000,2025-06-13 10:21:53,3.15,,
SPY250613P00601000,2025-06-13 10:21:53,3.92,,
SPY250613P00599000,2025-06-13 10:21:58,2.36,,
SPY250613P00600000,2025-06-13 10:21:58,3.06,,
SPY250613P00601000,2025-06-13 10:21:58,3.92,,
SPY250613P00599000,2025-06-13 10:22:02,2.42,,
SPY250613P00600000,2025-06-13 10:22:02,3.16,,
SPY250613P00601000,2025-06-13 10:22:02,3.91,,
SPY250613P00599000,2025-06-13 10:22:06,2.45,,
SPY250613P00600000,2025-06-13 10:22:06,3.17,,
SPY250613P00601000,2025-06-13 10:22:06,3.929,,
SPY250613P00599000,2025-06-13 10:22:11,2.49,,
SPY250613P00600000,2025-06-13 10:22:11,3.18,,
SPY250613P00601000,2025-06-13 10:22:11,3.929,,
SPY250613P00599000,2025-06-13 10:22:15,2.44,,
SPY250613P00600000,2025-06-13 10:22:15,3.229,,
SPY250613P00601000,2025-06-13 10:22:15,3.929,,
SPY250613P00599000,2025-06-13 10:22:19,2.44,,
SPY250613P00600000,2025-06-13 10:22:19,3.12,,
SPY250613P00601000,2025-06-13 10:22:19,3.929,,
SPY250613P00599000,2025-06-13 10:22:23,2.42,,
SPY250613P00600000,2025-06-13 10:22:23,2.98,,
SPY250613P00601000,2025-06-13 10:22:23,3.929,,
SPY250613P00599000,2025-06-13 10:22:27,2.33,,
SPY250613P00600000,2025-06-13 10:22:27,2.99,,
SPY250613P00601000,2025-06-13 10:22:27,3.929,,
SPY250613P00599000,2025-06-13 10:22:31,2.43,,
SPY250613P00600000,2025-06-13 10:22:31,3.09,,
SPY250613P00601000,2025-06-13 10:22:31,3.929,,
SPY250613P00599000,2025-06-13 10:22:35,2.45,,
SPY250613P00600000,2025-06-13 10:22:35,3.02,,
SPY250613P00601000,2025-06-13 10:22:35,3.929,,
SPY250613P00599000,2025-06-13 10:22:39,2.45,,
SPY250613P00600000,2025-06-13 10:22:39,3.03,,
SPY250613P00601000,2025-06-13 10:22:39,3.86,,
SPY250613P00599000,2025-06-13 10:22:43,2.48,,
SPY250613P00600000,2025-06-13 10:22:43,3.13,,
SPY250613P00601000,2025-06-13 10:22:43,3.86,,
SPY250613P00599000,2025-06-13 10:22:47,2.51,,
SPY250613P00600000,2025-06-13 10:22:47,3.14,,
SPY250613P00601000,2025-06-13 10:22:47,3.86,,
SPY250613P00599000,2025-06-13 10:22:51,2.57,,
SPY250613P00600000,2025-06-13 10:22:51,3.14,,
SPY250613P00601000,2025-06-13 10:22:51,3.95,,
SPY250613P00599000,2025-06-13 10:22:55,2.51,,
SPY250613P00600000,2025-06-13 10:22:55,3.22,,
SPY250613P00601000,2025-06-13 10:22:55,3.95,,
SPY250613P00599000,2025-06-13 10:22:59,2.49,,
SPY250613P00600000,2025-06-13 10:22:59,3.19,,
SPY250613P00601000,2025-06-13 10:22:59,3.95,,
SPY250613P00599000,2025-06-13 10:23:03,2.45,,
SPY250613P00600000,2025-06-13 10:23:03,3.17,,
SPY250613P00601000,2025-06-13 10:23:03,3.95,,
SPY250613P00599000,2025-06-13 10:23:07,2.47,,
SPY250613P00600000,2025-06-13 10:23:07,3.05,,
SPY250613P00601000,2025-06-13 10:23:07,3.96,,
SPY250613P00599000,2025-06-13 10:23:11,2.44,,
SPY250613P00600000,2025-06-13 10:23:11,3.05,,
SPY250613P00601000,2025-06-13 10:23:11,3.96,,
SPY250613P00599000,2025-06-13 10:23:15,2.37,,
SPY250613P00600000,2025-06-13 10:23:15,3.07,,
SPY250613P00601000,2025-06-13 10:23:15,3.81,,
SPY250613P00599000,2025-06-13 10:23:19,2.37,,
SPY250613P00600000,2025-06-13 10:23:19,3.07,,
SPY250613P00601000,2025-06-13 10:23:19,3.8,,
SPY250613P00599000,2025-06-13 10:23:23,2.33,,
SPY250613P00600000,2025-06-13 10:23:23,3.05,,
SPY250613P00601000,2025-06-13 10:23:23,3.829,,
SPY250613P00599000,2025-06-13 10:23:27,2.32,,
SPY250613P00600000,2025-06-13 10:23:27,2.98,,
SPY250613P00601000,2025-06-13 10:23:27,3.779,,
SPY250613P00599000,2025-06-13 10:23:31,2.36,,
SPY250613P00600000,2025-06-13 10:23:31,2.99,,
SPY250613P00601000,2025-06-13 10:23:31,3.779,,
SPY250613P00599000,2025-06-13 10:23:36,2.23,,
SPY250613P00600000,2025-06-13 10:23:36,2.87,,
SPY250613P00601000,2025-06-13 10:23:36,3.66,,
SPY250613P00599000,2025-06-13 10:23:40,2.21,,
SPY250613P00600000,2025-06-13 10:23:40,2.92,,
SPY250613P00601000,2025-06-13 10:23:40,3.61,,
SPY250613P00599000,2025-06-13 10:23:44,2.2,,
SPY250613P00600000,2025-06-13 10:23:44,2.79,,
SPY250613P00601000,2025-06-13 10:23:44,3.46,,
SPY250613P00599000,2025-06-13 10:23:48,2.19,,
SPY250613P00600000,2025-06-13 10:23:48,2.76,,
SPY250613P00601000,2025-06-13 10:23:48,3.5,,
SPY250613P00599000,2025-06-13 10:23:52,2.15,,
SPY250613P00600000,2025-06-13 10:23:52,2.76,,
SPY250613P00601000,2025-06-13 10:23:52,3.5,,
SPY250613P00599000,2025-06-13 10:23:56,2.15,,
SPY250613P00600000,2025-06-13 10:23:56,2.68,,
SPY250613P00601000,2025-06-13 10:23:56,3.5,,
SPY250613P00599000,2025-06-13 10:24:00,2.17,,
SPY250613P00600000,2025-06-13 10:24:00,2.68,,
SPY250613P00601000,2025-06-13 10:24:00,3.5,,
SPY250613P00599000,2025-06-13 10:24:04,2.15,,
SPY250613P00600000,2025-06-13 10:24:04,2.77,,
SPY250613P00601000,2025-06-13 10:24:04,3.5,,
SPY250613P00599000,2025-06-13 10:24:08,2.11,,
SPY250613P00600000,2025-06-13 10:24:08,2.77,,
SPY250613P00601000,2025-06-13 10:24:08,3.41,,
SPY250613P00599000,2025-06-13 10:24:12,2.05,,
SPY250613P00600000,2025-06-13 10:24:12,2.74,,
SPY250613P00601000,2025-06-13 10:24:12,3.41,,
SPY250613P00599000,2025-06-13 10:24:16,2.15,,
SPY250613P00600000,2025-06-13 10:24:16,2.75,,
SPY250613P00601000,2025-06-13 10:24:16,3.579,,
SPY250613P00599000,2025-06-13 10:24:20,2.16,,
SPY250613P00600000,2025-06-13 10:24:20,2.75,,
SPY250613P00601000,2025-06-13 10:24:20,3.579,,
SPY250613P00599000,2025-06-13 10:24:24,2.2,,
SPY250613P00600000,2025-06-13 10:24:24,2.75,,
SPY250613P00601000,2025-06-13 10:24:24,3.579,,
SPY250613P00599000,2025-06-13 10:24:28,2.23,,
SPY250613P00600000,2025-06-13 10:24:28,2.86,,
SPY250613P00601000,2025-06-13 10:24:28,3.579,,
SPY250613P00599000,2025-06-13 10:24:32,2.25,,
SPY250613P00600000,2025-06-13 10:24:32,2.86,,
SPY250613P00601000,2025-06-13 10:24:32,3.61,,
SPY250613P00599000,2025-06-13 10:24:36,2.25,,
SPY250613P00600000,2025-06-13 10:24:36,2.93,,
SPY250613P00601000,2025-06-13 10:24:36,3.64,,
SPY250613P00599000,2025-06-13 10:24:40,2.25,,
SPY250613P00600000,2025-06-13 10:24:40,2.93,,
SPY250613P00601000,2025-06-13 10:24:40,3.66,,
SPY250613P00599000,2025-06-13 10:24:44,2.38,,
SPY250613P00600000,2025-06-13 10:24:44,2.93,,
SPY250613P00601000,2025-06-13 10:24:44,3.66,,
SPY250613P00599000,2025-06-13 10:24:49,2.3,,
SPY250613P00600000,2025-06-13 10:24:49,2.93,,
SPY250613P00601000,2025-06-13 10:24:49,3.71,,
SPY250613P00599000,2025-06-13 10:24:53,2.29,,
SPY250613P00600000,2025-06-13 10:24:53,2.96,,
SPY250613P00601000,2025-06-13 10:24:53,3.72,,
SPY250613P00599000,2025-06-13 10:24:57,2.35,,
SPY250613P00600000,2025-06-13 10:24:57,3.0,,
SPY250613P00601000,2025-06-13 10:24:57,3.72,,
SPY250613P00599000,2025-06-13 10:25:01,2.39,,
SPY250613P00600000,2025-06-13 10:25:01,2.99,,
SPY250613P00601000,2025-06-13 10:25:01,3.779,,
SPY250613P00599000,2025-06-13 10:25:05,2.31,,
SPY250613P00600000,2025-06-13 10:25:05,2.99,,
SPY250613P00601000,2025-06-13 10:25:05,3.779,,
SPY250613P00599000,2025-06-13 10:25:09,2.37,,
SPY250613P00600000,2025-06-13 10:25:09,2.99,,
SPY250613P00601000,2025-06-13 10:25:09,3.71,,
SPY250613P00599000,2025-06-13 10:25:13,2.42,,
SPY250613P00600000,2025-06-13 10:25:13,3.08,,
SPY250613P00601000,2025-06-13 10:25:13,3.72,,
SPY250613P00599000,2025-06-13 10:25:17,2.43,,
SPY250613P00600000,2025-06-13 10:25:17,3.05,,
SPY250613P00601000,2025-06-13 10:25:17,3.76,,
SPY250613P00599000,2025-06-13 10:25:22,2.37,,
SPY250613P00600000,2025-06-13 10:25:22,3.14,,
SPY250613P00601000,2025-06-13 10:25:22,3.76,,
SPY250613P00599000,2025-06-13 10:25:26,2.44,,
SPY250613P00600000,2025-06-13 10:25:26,3.16,,
SPY250613P00601000,2025-06-13 10:25:26,3.9,,
SPY250613P00599000,2025-06-13 10:25:30,2.57,,
SPY250613P00600000,2025-06-13 10:25:30,3.229,,
SPY250613P00601000,2025-06-13 10:25:30,3.9,,
SPY250613P00599000,2025-06-13 10:25:34,2.5,,
SPY250613P00600000,2025-06-13 10:25:34,3.2,,
SPY250613P00601000,2025-06-13 10:25:34,4.0,,
SPY250613P00599000,2025-06-13 10:25:38,2.46,,
SPY250613P00600000,2025-06-13 10:25:38,3.22,,
SPY250613P00601000,2025-06-13 10:25:38,3.91,,
SPY250613P00599000,2025-06-13 10:25:42,2.49,,
SPY250613P00600000,2025-06-13 10:25:42,3.19,,
SPY250613P00601000,2025-06-13 10:25:42,3.91,,
SPY250613P00599000,2025-06-13 10:25:46,2.43,,
SPY250613P00600000,2025-06-13 10:25:46,3.18,,
SPY250613P00601000,2025-06-13 10:25:46,3.91,,
SPY250613P00599000,2025-06-13 10:25:50,2.41,,
SPY250613P00600000,2025-06-13 10:25:50,2.99,,
SPY250613P00601000,2025-06-13 10:25:50,3.91,,
SPY250613P00599000,2025-06-13 10:25:54,2.31,,
SPY250613P00600000,2025-06-13 10:25:54,3.01,,
SPY250613P00601000,2025-06-13 10:25:54,3.75,,
SPY250613P00599000,2025-06-13 10:25:58,2.3,,
SPY250613P00600000,2025-06-13 10:25:58,3.0,,
SPY250613P00601000,2025-06-13 10:25:58,3.729,,
SPY250613P00599000,2025-06-13 10:26:02,2.35,,
SPY250613P00600000,2025-06-13 10:26:02,2.94,,
SPY250613P00601000,2025-06-13 10:26:02,3.729,,
SPY250613P00599000,2025-06-13 10:26:06,2.32,,
SPY250613P00600000,2025-06-13 10:26:06,2.96,,
SPY250613P00601000,2025-06-13 10:26:06,3.76,,
SPY250613P00599000,2025-06-13 10:26:10,2.36,,
SPY250613P00600000,2025-06-13 10:26:10,3.02,,
SPY250613P00601000,2025-06-13 10:26:10,3.829,,
SPY250613P00599000,2025-06-13 10:26:14,2.39,,
SPY250613P00600000,2025-06-13 10:26:14,3.03,,
SPY250613P00601000,2025-06-13 10:26:14,3.829,,
SPY250613P00599000,2025-06-13 10:26:19,2.45,,
SPY250613P00600000,2025-06-13 10:26:19,3.05,,
SPY250613P00601000,2025-06-13 10:26:19,3.8,,
SPY250613P00599000,2025-06-13 10:26:23,2.42,,
SPY250613P00600000,2025-06-13 10:26:23,3.05,,
SPY250613P00601000,2025-06-13 10:26:23,3.88,,
SPY250613P00599000,2025-06-13 10:26:27,2.42,,
SPY250613P00600000,2025-06-13 10:26:27,3.09,,
SPY250613P00601000,2025-06-13 10:26:27,3.85,,
SPY250613P00599000,2025-06-13 10:26:31,2.43,,
SPY250613P00600000,2025-06-13 10:26:31,3.12,,
SPY250613P00601000,2025-06-13 10:26:31,3.86,,
SPY250613P00599000,2025-06-13 10:26:35,2.31,,
SPY250613P00600000,2025-06-13 10:26:35,3.07,,
SPY250613P00601000,2025-06-13 10:26:35,3.71,,
SPY250613P00599000,2025-06-13 10:26:39,2.4,,
SPY250613P00600000,2025-06-13 10:26:39,3.1,,
SPY250613P00601000,2025-06-13 10:26:39,3.82,,
SPY250613P00599000,2025-06-13 10:26:43,2.46,,
SPY250613P00600000,2025-06-13 10:26:43,3.07,,
SPY250613P00601000,2025-06-13 10:26:43,3.9,,
SPY250613P00599000,2025-06-13 10:26:47,2.54,,
SPY250613P00600000,2025-06-13 10:26:47,3.07,,
SPY250613P00601000,2025-06-13 10:26:47,3.9,,
SPY250613P00599000,2025-06-13 10:26:51,2.46,,
SPY250613P00600000,2025-06-13 10:26:51,3.12,,
SPY250613P00601000,2025-06-13 10:26:51,3.9,,
SPY250613P00599000,2025-06-13 10:26:55,2.49,,
SPY250613P00600000,2025-06-13 10:26:55,3.17,,
SPY250613P00601000,2025-06-13 10:26:55,3.9,,
SPY250613P00599000,2025-06-13 10:26:59,2.55,,
SPY250613P00600000,2025-06-13 10:26:59,3.26,,
SPY250613P00601000,2025-06-13 10:26:59,3.9,,
SPY250613P00599000,2025-06-13 10:27:03,2.52,,
SPY250613P00600000,2025-06-13 10:27:03,3.17,,
SPY250613P00601000,2025-06-13 10:27:03,3.91,,
SPY250613P00599000,2025-06-13 10:27:07,2.47,,
SPY250613P00600000,2025-06-13 10:27:07,3.06,,
SPY250613P00601000,2025-06-13 10:27:07,3.85,,
SPY250613P00599000,2025-06-13 10:27:12,2.55,,
SPY250613P00600000,2025-06-13 10:27:12,3.22,,
SPY250613P00601000,2025-06-13 10:27:12,3.95,,
SPY250613P00599000,2025-06-13 10:27:16,2.46,,
SPY250613P00600000,2025-06-13 10:27:16,3.2,,
SPY250613P00601000,2025-06-13 10:27:16,3.979,,
SPY250613P00599000,2025-06-13 10:27:20,2.59,,
SPY250613P00600000,2025-06-13 10:27:20,3.22,,
SPY250613P00601000,2025-06-13 10:27:20,4.079,,
SPY250613P00599000,2025-06-13 10:27:25,2.69,,
SPY250613P00600000,2025-06-13 10:27:25,3.39,,
SPY250613P00601000,2025-06-13 10:27:25,4.13,,
SPY250613P00599000,2025-06-13 10:27:29,2.68,,
SPY250613P00600000,2025-06-13 10:27:29,3.379,,
SPY250613P00601000,2025-06-13 10:27:29,4.12,,
SPY250613P00599000,2025-06-13 10:27:33,2.65,,
SPY250613P00600000,2025-06-13 10:27:33,3.31,,
SPY250613P00601000,2025-06-13 10:27:33,4.079,,
SPY250613P00599000,2025-06-13 10:27:37,2.59,,
SPY250613P00600000,2025-06-13 10:27:37,3.379,,
SPY250613P00601000,2025-06-13 10:27:37,4.079,,
SPY250613P00599000,2025-06-13 10:27:41,2.61,,
SPY250613P00600000,2025-06-13 10:27:41,3.32,,
SPY250613P00601000,2025-06-13 10:27:41,4.079,,
SPY250613P00599000,2025-06-13 10:27:45,2.55,,
SPY250613P00600000,2025-06-13 10:27:45,3.25,,
SPY250613P00601000,2025-06-13 10:27:45,4.02,,
SPY250613P00599000,2025-06-13 10:27:49,2.54,,
SPY250613P00600000,2025-06-13 10:27:49,3.229,,
SPY250613P00601000,2025-06-13 10:27:49,4.05,,
SPY250613P00599000,2025-06-13 10:27:53,2.61,,
SPY250613P00600000,2025-06-13 10:27:53,3.32,,
SPY250613P00601000,2025-06-13 10:27:53,4.06,,
SPY250613P00599000,2025-06-13 10:27:57,2.61,,
SPY250613P00600000,2025-06-13 10:27:57,3.32,,
SPY250613P00601000,2025-06-13 10:27:57,4.14,,
SPY250613P00599000,2025-06-13 10:28:01,2.59,,
SPY250613P00600000,2025-06-13 10:28:01,3.27,,
SPY250613P00601000,2025-06-13 10:28:01,4.14,,
SPY250613P00599000,2025-06-13 10:28:05,2.63,,
SPY250613P00600000,2025-06-13 10:28:05,3.26,,
SPY250613P00601000,2025-06-13 10:28:05,4.14,,
SPY250613P00599000,2025-06-13 10:28:09,2.6,,
SPY250613P00600000,2025-06-13 10:28:09,3.29,,
SPY250613P00601000,2025-06-13 10:28:09,4.1,,
SPY250613P00599000,2025-06-13 10:28:14,2.7,,
SPY250613P00600000,2025-06-13 10:28:14,3.39,,
SPY250613P00601000,2025-06-13 10:28:14,4.26,,
SPY250613P00599000,2025-06-13 10:28:18,2.76,,
SPY250613P00600000,2025-06-13 10:28:18,3.44,,
SPY250613P00601000,2025-06-13 10:28:18,4.26,,
SPY250613P00599000,2025-06-13 10:28:22,2.72,,
SPY250613P00600000,2025-06-13 10:28:22,3.429,,
SPY250613P00601000,2025-06-13 10:28:22,4.24,,
SPY250613P00599000,2025-06-13 10:28:26,2.67,,
SPY250613P00600000,2025-06-13 10:28:26,3.31,,
SPY250613P00601000,2025-06-13 10:28:26,4.16,,
SPY250613P00599000,2025-06-13 10:28:30,2.7,,
SPY250613P00600000,2025-06-13 10:28:30,3.32,,
SPY250613P00601000,2025-06-13 10:28:30,4.11,,
SPY250613P00599000,2025-06-13 10:28:34,2.72,,
SPY250613P00600000,2025-06-13 10:28:34,3.32,,
SPY250613P00601000,2025-06-13 10:28:34,4.11,,
SPY250613P00599000,2025-06-13 10:28:38,2.8,,
SPY250613P00600000,2025-06-13 10:28:38,3.52,,
SPY250613P00601000,2025-06-13 10:28:38,4.11,,
SPY250613P00599000,2025-06-13 10:28:42,2.75,,
SPY250613P00600000,2025-06-13 10:28:42,3.52,,
SPY250613P00601000,2025-06-13 10:28:42,4.3,,
SPY250613P00599000,2025-06-13 10:28:46,2.83,,
SPY250613P00600000,2025-06-13 10:28:46,3.52,,
SPY250613P00601000,2025-06-13 10:28:46,4.26,,
SPY250613P00599000,2025-06-13 10:28:50,3.0,,
SPY250613P00600000,2025-06-13 10:28:50,3.57,,
SPY250613P00601000,2025-06-13 10:28:50,4.44,,
SPY250613P00599000,2025-06-13 10:28:54,2.9,,
SPY250613P00600000,2025-06-13 10:28:54,3.65,,
SPY250613P00601000,2025-06-13 10:28:54,4.43,,
SPY250613P00599000,2025-06-13 10:28:58,2.87,,
SPY250613P00600000,2025-06-13 10:28:58,3.62,,
SPY250613P00601000,2025-06-13 10:28:58,4.46,,
SPY250613P00599000,2025-06-13 10:29:02,2.91,,
SPY250613P00600000,2025-06-13 10:29:02,3.62,,
SPY250613P00601000,2025-06-13 10:29:02,4.46,,
SPY250613P00599000,2025-06-13 10:29:06,3.01,,
SPY250613P00600000,2025-06-13 10:29:06,3.67,,
SPY250613P00601000,2025-06-13 10:29:06,4.49,,
SPY250613P00599000,2025-06-13 10:29:11,2.89,,
SPY250613P00600000,2025-06-13 10:29:11,3.64,,
SPY250613P00601000,2025-06-13 10:29:11,4.49,,
SPY250613P00599000,2025-06-13 10:29:15,2.92,,
SPY250613P00600000,2025-06-13 10:29:15,3.66,,
SPY250613P00601000,2025-06-13 10:29:15,4.52,,
SPY250613P00599000,2025-06-13 10:29:19,2.96,,
SPY250613P00600000,2025-06-13 10:29:19,3.729,,
SPY250613P00601000,2025-06-13 10:29:19,4.52,,
SPY250613P00599000,2025-06-13 10:29:23,2.94,,
SPY250613P00600000,2025-06-13 10:29:23,3.69,,
SPY250613P00601000,2025-06-13 10:29:23,4.52,,
SPY250613P00599000,2025-06-13 10:29:27,2.87,,
SPY250613P00600000,2025-06-13 10:29:27,3.62,,
SPY250613P00601000,2025-06-13 10:29:27,4.42,,
SPY250613P00599000,2025-06-13 10:29:31,2.97,,
SPY250613P00600000,2025-06-13 10:29:31,3.65,,
SPY250613P00601000,2025-06-13 10:29:31,4.42,,
SPY250613P00599000,2025-06-13 10:29:35,2.87,,
SPY250613P00600000,2025-06-13 10:29:35,3.579,,
SPY250613P00601000,2025-06-13 10:29:35,4.41,,
SPY250613P00599000,2025-06-13 10:29:39,2.88,,
SPY250613P00600000,2025-06-13 10:29:39,3.679,,
SPY250613P00601000,2025-06-13 10:29:39,4.42,,
SPY250613P00599000,2025-06-13 10:29:43,2.96,,
SPY250613P00600000,2025-06-13 10:29:43,3.579,,
SPY250613P00601000,2025-06-13 10:29:43,4.48,,
SPY250613P00599000,2025-06-13 10:29:47,2.96,,
SPY250613P00600000,2025-06-13 10:29:47,3.69,,
SPY250613P00601000,2025-06-13 10:29:47,4.42,,
SPY250613P00599000,2025-06-13 10:29:51,2.92,,
SPY250613P00600000,2025-06-13 10:29:51,3.61,,
SPY250613P00601000,2025-06-13 10:29:51,4.42,,
SPY250613P00599000,2025-06-13 10:29:55,2.98,,
SPY250613P00600000,2025-06-13 10:29:55,3.61,,
SPY250613P00601000,2025-06-13 10:29:55,4.47,,
SPY250613P00599000,2025-06-13 10:29:59,2.89,,
SPY250613P00600000,2025-06-13 10:29:59,3.67,,
SPY250613P00601000,2025-06-13 10:29:59,4.47,,
SPY250613P00599000,2025-06-13 10:30:04,2.95,,
SPY250613P00600000,2025-06-13 10:30:04,3.67,,
SPY250613P00601000,2025-06-13 10:30:04,4.37,,
SPY250613P00599000,2025-06-13 10:30:08,2.84,,
SPY250613P00600000,2025-06-13 10:30:08,3.64,,
SPY250613P00601000,2025-06-13 10:30:08,4.55,,
SPY250613P00599000,2025-06-13 10:30:12,2.91,,
SPY250613P00600000,2025-06-13 10:30:12,3.59,,
SPY250613P00601000,2025-06-13 10:30:12,4.51,,
SPY250613P00599000,2025-06-13 10:30:16,2.83,,
SPY250613P00600000,2025-06-13 10:30:16,3.59,,
SPY250613P00601000,2025-06-13 10:30:16,4.3,,
SPY250613P00599000,2025-06-13 10:30:20,2.87,,
SPY250613P00600000,2025-06-13 10:30:20,3.62,,
SPY250613P00601000,2025-06-13 10:30:20,4.46,,
SPY250613P00599000,2025-06-13 10:30:24,2.82,,
SPY250613P00600000,2025-06-13 10:30:24,3.629,,
SPY250613P00601000,2025-06-13 10:30:24,4.32,,
SPY250613P00599000,2025-06-13 10:30:28,2.87,,
SPY250613P00600000,2025-06-13 10:30:28,3.65,,
SPY250613P00601000,2025-06-13 10:30:28,4.39,,
SPY250613P00599000,2025-06-13 10:30:32,2.73,,
SPY250613P00600000,2025-06-13 10:30:32,3.65,,
SPY250613P00601000,2025-06-13 10:30:32,4.39,,
SPY250613P00599000,2025-06-13 10:30:36,2.79,,
SPY250613P00600000,2025-06-13 10:30:36,3.41,,
SPY250613P00601000,2025-06-13 10:30:36,4.39,,
SPY250613P00599000,2025-06-13 10:30:40,2.79,,
SPY250613P00600000,2025-06-13 10:30:40,3.49,,
SPY250613P00601000,2025-06-13 10:30:40,4.35,,
SPY250613P00599000,2025-06-13 10:30:44,2.76,,
SPY250613P00600000,2025-06-13 10:30:44,3.42,,
SPY250613P00601000,2025-06-13 10:30:44,4.35,,
SPY250613P00599000,2025-06-13 10:30:49,2.78,,
SPY250613P00600000,2025-06-13 10:30:49,3.49,,
SPY250613P00601000,2025-06-13 10:30:49,4.28,,
SPY250613P00599000,2025-06-13 10:30:53,2.82,,
SPY250613P00600000,2025-06-13 10:30:53,3.529,,
SPY250613P00601000,2025-06-13 10:30:53,4.28,,
SPY250613P00599000,2025-06-13 10:30:57,2.83,,
SPY250613P00600000,2025-06-13 10:30:57,3.629,,
SPY250613P00601000,2025-06-13 10:30:57,4.28,,
SPY250613P00599000,2025-06-13 10:31:01,2.92,,
SPY250613P00600000,2025-06-13 10:31:01,3.69,,
SPY250613P00601000,2025-06-13 10:31:01,4.28,,
SPY250613P00599000,2025-06-13 10:31:05,2.9,,
SPY250613P00600000,2025-06-13 10:31:05,3.61,,
SPY250613P00601000,2025-06-13 10:31:05,4.48,,
SPY250613P00599000,2025-06-13 10:31:09,2.96,,
SPY250613P00600000,2025-06-13 10:31:09,3.77,,
SPY250613P00601000,2025-06-13 10:31:09,4.48,,
SPY250613P00599000,2025-06-13 10:31:13,2.87,,
SPY250613P00600000,2025-06-13 10:31:13,3.7,,
SPY250613P00601000,2025-06-13 10:31:13,4.48,,
SPY250613P00599000,2025-06-13 10:31:17,2.9,,
SPY250613P00600000,2025-06-13 10:31:17,3.729,,
SPY250613P00601000,2025-06-13 10:31:17,4.58,,
SPY250613P00599000,2025-06-13 10:31:21,2.94,,
SPY250613P00600000,2025-06-13 10:31:21,3.7,,
SPY250613P00601000,2025-06-13 10:31:21,4.58,,
SPY250613P00599000,2025-06-13 10:31:25,2.97,,
SPY250613P00600000,2025-06-13 10:31:25,3.54,,
SPY250613P00601000,2025-06-13 10:31:25,4.52,,
SPY250613P00599000,2025-06-13 10:31:29,2.91,,
SPY250613P00600000,2025-06-13 10:31:29,3.54,,
SPY250613P00601000,2025-06-13 10:31:29,4.52,,
SPY250613P00599000,2025-06-13 10:31:33,2.86,,
SPY250613P00600000,2025-06-13 10:31:33,3.51,,
SPY250613P00601000,2025-06-13 10:31:33,4.52,,
SPY250613P00599000,2025-06-13 10:31:37,2.86,,
SPY250613P00600000,2025-06-13 10:31:37,3.52,,
SPY250613P00601000,2025-06-13 10:31:37,4.39,,
SPY250613P00599000,2025-06-13 10:31:41,2.97,,
SPY250613P00600000,2025-06-13 10:31:41,3.67,,
SPY250613P00601000,2025-06-13 10:31:41,4.54,,
SPY250613P00599000,2025-06-13 10:31:45,2.85,,
SPY250613P00600000,2025-06-13 10:31:45,3.59,,
SPY250613P00601000,2025-06-13 10:31:45,4.54,,
SPY250613P00599000,2025-06-13 10:31:49,2.85,,
SPY250613P00600000,2025-06-13 10:31:49,3.579,,
SPY250613P00601000,2025-06-13 10:31:49,4.49,,
SPY250613P00599000,2025-06-13 10:31:54,2.82,,
SPY250613P00600000,2025-06-13 10:31:54,3.56,,
SPY250613P00601000,2025-06-13 10:31:54,4.38,,
SPY250613P00599000,2025-06-13 10:31:58,2.74,,
SPY250613P00600000,2025-06-13 10:31:58,3.55,,
SPY250613P00601000,2025-06-13 10:31:58,4.38,,
SPY250613P00599000,2025-06-13 10:32:02,2.86,,
SPY250613P00600000,2025-06-13 10:32:02,3.479,,
SPY250613P00601000,2025-06-13 10:32:02,4.38,,
SPY250613P00599000,2025-06-13 10:32:06,2.78,,
SPY250613P00600000,2025-06-13 10:32:06,3.45,,
SPY250613P00601000,2025-06-13 10:32:06,4.25,,
SPY250613P00599000,2025-06-13 10:32:10,2.81,,
SPY250613P00600000,2025-06-13 10:32:10,3.5,,
SPY250613P00601000,2025-06-13 10:32:10,4.26,,
SPY250613P00599000,2025-06-13 10:32:14,2.81,,
SPY250613P00600000,2025-06-13 10:32:14,3.55,,
SPY250613P00601000,2025-06-13 10:32:14,4.35,,
SPY250613P00599000,2025-06-13 10:32:18,2.92,,
SPY250613P00600000,2025-06-13 10:32:18,3.55,,
SPY250613P00601000,2025-06-13 10:32:18,4.48,,
SPY250613P00599000,2025-06-13 10:32:22,2.83,,
SPY250613P00600000,2025-06-13 10:32:22,3.64,,
SPY250613P00601000,2025-06-13 10:32:22,4.48,,
SPY250613P00599000,2025-06-13 10:32:26,2.77,,
SPY250613P00600000,2025-06-13 10:32:26,3.479,,
SPY250613P00601000,2025-06-13 10:32:26,4.48,,
SPY250613P00599000,2025-06-13 10:32:30,2.8,,
SPY250613P00600000,2025-06-13 10:32:30,3.579,,
SPY250613P00601000,2025-06-13 10:32:30,4.39,,
SPY250613P00599000,2025-06-13 10:32:34,2.86,,
SPY250613P00600000,2025-06-13 10:32:34,3.51,,
SPY250613P00601000,2025-06-13 10:32:34,4.39,,
SPY250613P00599000,2025-06-13 10:32:38,2.72,,
SPY250613P00600000,2025-06-13 10:32:38,3.41,,
SPY250613P00601000,2025-06-13 10:32:38,4.14,,
SPY250613P00599000,2025-06-13 10:32:43,2.7,,
SPY250613P00600000,2025-06-13 10:32:43,3.44,,
SPY250613P00601000,2025-06-13 10:32:43,4.13,,
SPY250613P00599000,2025-06-13 10:32:48,2.74,,
SPY250613P00600000,2025-06-13 10:32:48,3.34,,
SPY250613P00601000,2025-06-13 10:32:48,4.17,,
SPY250613P00599000,2025-06-13 10:32:52,2.74,,
SPY250613P00600000,2025-06-13 10:32:52,3.34,,
SPY250613P00601000,2025-06-13 10:32:52,4.079,,
SPY250613P00599000,2025-06-13 10:32:56,2.67,,
SPY250613P00600000,2025-06-13 10:32:56,3.37,,
SPY250613P00601000,2025-06-13 10:32:56,4.079,,
SPY250613P00599000,2025-06-13 10:33:00,2.58,,
SPY250613P00600000,2025-06-13 10:33:00,3.34,,
SPY250613P00601000,2025-06-13 10:33:00,4.13,,
SPY250613P00599000,2025-06-13 10:33:04,2.59,,
SPY250613P00600000,2025-06-13 10:33:04,3.29,,
SPY250613P00601000,2025-06-13 10:33:04,4.07,,
SPY250613P00599000,2025-06-13 10:33:08,2.44,,
SPY250613P00600000,2025-06-13 10:33:08,3.12,,
SPY250613P00601000,2025-06-13 10:33:08,3.92,,
SPY250613P00599000,2025-06-13 10:33:12,2.48,,
SPY250613P00600000,2025-06-13 10:33:12,3.19,,
SPY250613P00601000,2025-06-13 10:33:12,3.92,,
SPY250613P00599000,2025-06-13 10:33:16,2.45,,
SPY250613P00600000,2025-06-13 10:33:16,3.17,,
SPY250613P00601000,2025-06-13 10:33:16,3.92,,
SPY250613P00599000,2025-06-13 10:33:20,2.44,,
SPY250613P00600000,2025-06-13 10:33:20,3.13,,
SPY250613P00601000,2025-06-13 10:33:20,3.92,,
SPY250613P00599000,2025-06-13 10:33:24,2.39,,
SPY250613P00600000,2025-06-13 10:33:24,3.1,,
SPY250613P00601000,2025-06-13 10:33:24,3.92,,
SPY250613P00599000,2025-06-13 10:33:28,2.46,,
SPY250613P00600000,2025-06-13 10:33:28,3.15,,
SPY250613P00601000,2025-06-13 10:33:28,3.92,,
SPY250613P00599000,2025-06-13 10:33:32,2.41,,
SPY250613P00600000,2025-06-13 10:33:32,3.15,,
SPY250613P00601000,2025-06-13 10:33:32,3.85,,
SPY250613P00599000,2025-06-13 10:33:36,2.49,,
SPY250613P00600000,2025-06-13 10:33:36,3.06,,
SPY250613P00601000,2025-06-13 10:33:36,3.96,,
SPY250613P00599000,2025-06-13 10:33:40,2.44,,
SPY250613P00600000,2025-06-13 10:33:40,3.12,,
SPY250613P00601000,2025-06-13 10:33:40,3.96,,
SPY250613P00599000,2025-06-13 10:33:44,2.37,,
SPY250613P00600000,2025-06-13 10:33:44,3.06,,
SPY250613P00601000,2025-06-13 10:33:44,3.96,,
SPY250613P00599000,2025-06-13 10:33:48,2.34,,
SPY250613P00600000,2025-06-13 10:33:48,2.98,,
SPY250613P00601000,2025-06-13 10:33:48,3.829,,
SPY250613P00599000,2025-06-13 10:33:52,2.38,,
SPY250613P00600000,2025-06-13 10:33:52,3.05,,
SPY250613P00601000,2025-06-13 10:33:52,3.81,,
SPY250613P00599000,2025-06-13 10:33:56,2.42,,
SPY250613P00600000,2025-06-13 10:33:56,3.05,,
SPY250613P00601000,2025-06-13 10:33:56,3.77,,
SPY250613P00599000,2025-06-13 10:34:00,2.39,,
SPY250613P00600000,2025-06-13 10:34:00,3.12,,
SPY250613P00601000,2025-06-13 10:34:00,3.87,,
SPY250613P00599000,2025-06-13 10:34:04,2.38,,
SPY250613P00600000,2025-06-13 10:34:04,3.07,,
SPY250613P00601000,2025-06-13 10:34:04,3.92,,
SPY250613P00599000,2025-06-13 10:34:08,2.42,,
SPY250613P00600000,2025-06-13 10:34:08,3.12,,
SPY250613P00601000,2025-06-13 10:34:08,3.779,,
SPY250613P00599000,2025-06-13 10:34:12,2.42,,
SPY250613P00600000,2025-06-13 10:34:12,3.05,,
SPY250613P00601000,2025-06-13 10:34:12,3.779,,
SPY250613P00599000,2025-06-13 10:34:16,2.42,,
SPY250613P00600000,2025-06-13 10:34:16,3.13,,
SPY250613P00601000,2025-06-13 10:34:16,3.87,,
SPY250613P00599000,2025-06-13 10:34:20,2.42,,
SPY250613P00600000,2025-06-13 10:34:20,3.04,,
SPY250613P00601000,2025-06-13 10:34:20,3.7,,
SPY250613P00599000,2025-06-13 10:34:24,2.29,,
SPY250613P00600000,2025-06-13 10:34:24,3.01,,
SPY250613P00601000,2025-06-13 10:34:24,3.7,,
SPY250613P00599000,2025-06-13 10:34:28,2.38,,
SPY250613P00600000,2025-06-13 10:34:28,3.02,,
SPY250613P00601000,2025-06-13 10:34:28,3.79,,
SPY250613P00599000,2025-06-13 10:34:32,2.4,,
SPY250613P00600000,2025-06-13 10:34:32,3.14,,
SPY250613P00601000,2025-06-13 10:34:32,3.79,,
SPY250613P00599000,2025-06-13 10:34:37,2.43,,
SPY250613P00600000,2025-06-13 10:34:37,3.15,,
SPY250613P00601000,2025-06-13 10:34:37,3.84,,
SPY250613P00599000,2025-06-13 10:34:41,2.43,,
SPY250613P00600000,2025-06-13 10:34:41,3.15,,
SPY250613P00601000,2025-06-13 10:34:41,3.84,,
SPY250613P00599000,2025-06-13 10:34:45,2.45,,
SPY250613P00600000,2025-06-13 10:34:45,3.1,,
SPY250613P00601000,2025-06-13 10:34:45,3.84,,
SPY250613P00599000,2025-06-13 10:34:49,2.45,,
SPY250613P00600000,2025-06-13 10:34:49,3.05,,
SPY250613P00601000,2025-06-13 10:34:49,3.85,,
SPY250613P00599000,2025-06-13 10:34:53,2.44,,
SPY250613P00600000,2025-06-13 10:34:53,3.11,,
SPY250613P00601000,2025-06-13 10:34:53,3.85,,
SPY250613P00599000,2025-06-13 10:34:57,2.39,,
SPY250613P00600000,2025-06-13 10:34:57,3.11,,
SPY250613P00601000,2025-06-13 10:34:57,3.85,,
SPY250613P00599000,2025-06-13 10:35:01,2.39,,
SPY250613P00600000,2025-06-13 10:35:01,3.11,,
SPY250613P00601000,2025-06-13 10:35:01,3.929,,
SPY250613P00599000,2025-06-13 10:35:05,2.54,,
SPY250613P00600000,2025-06-13 10:35:05,3.1,,
SPY250613P00601000,2025-06-13 10:35:05,3.979,,
SPY250613P00599000,2025-06-13 10:35:09,2.42,,
SPY250613P00600000,2025-06-13 10:35:09,3.12,,
SPY250613P00601000,2025-06-13 10:35:09,4.01,,
SPY250613P00599000,2025-06-13 10:35:13,2.38,,
SPY250613P00600000,2025-06-13 10:35:13,3.1,,
SPY250613P00601000,2025-06-13 10:35:13,3.85,,
SPY250613P00599000,2025-06-13 10:35:17,2.36,,
SPY250613P00600000,2025-06-13 10:35:17,3.1,,
SPY250613P00601000,2025-06-13 10:35:17,3.91,,
SPY250613P00599000,2025-06-13 10:35:21,2.44,,
SPY250613P00600000,2025-06-13 10:35:21,3.14,,
SPY250613P00601000,2025-06-13 10:35:21,3.84,,
SPY250613P00599000,2025-06-13 10:35:25,2.39,,
SPY250613P00600000,2025-06-13 10:35:25,3.04,,
SPY250613P00601000,2025-06-13 10:35:25,3.84,,
SPY250613P00599000,2025-06-13 10:35:29,2.41,,
SPY250613P00600000,2025-06-13 10:35:29,3.01,,
SPY250613P00601000,2025-06-13 10:35:29,3.84,,
SPY250613P00599000,2025-06-13 10:35:33,2.43,,
SPY250613P00600000,2025-06-13 10:35:33,3.06,,
SPY250613P00601000,2025-06-13 10:35:33,3.81,,
SPY250613P00599000,2025-06-13 10:35:37,2.41,,
SPY250613P00600000,2025-06-13 10:35:37,3.16,,
SPY250613P00601000,2025-06-13 10:35:37,3.81,,
SPY250613P00599000,2025-06-13 10:35:42,2.41,,
SPY250613P00600000,2025-06-13 10:35:42,3.12,,
SPY250613P00601000,2025-06-13 10:35:42,3.81,,
SPY250613P00599000,2025-06-13 10:35:46,2.39,,
SPY250613P00600000,2025-06-13 10:35:46,3.08,,
SPY250613P00601000,2025-06-13 10:35:46,3.83,,
SPY250613P00599000,2025-06-13 10:35:50,2.41,,
SPY250613P00600000,2025-06-13 10:35:50,3.09,,
SPY250613P00601000,2025-06-13 10:35:50,3.879,,
SPY250613P00599000,2025-06-13 10:35:54,2.37,,
SPY250613P00600000,2025-06-13 10:35:54,3.1,,
SPY250613P00601000,2025-06-13 10:35:54,3.879,,
SPY250613P00599000,2025-06-13 10:35:58,2.37,,
SPY250613P00600000,2025-06-13 10:35:58,3.13,,
SPY250613P00601000,2025-06-13 10:35:58,3.86,,
SPY250613P00599000,2025-06-13 10:36:02,2.41,,
SPY250613P00600000,2025-06-13 10:36:02,3.03,,
SPY250613P00601000,2025-06-13 10:36:02,3.82,,
SPY250613P00599000,2025-06-13 10:36:06,2.45,,
SPY250613P00600000,2025-06-13 10:36:06,3.12,,
SPY250613P00601000,2025-06-13 10:36:06,3.87,,
SPY250613P00599000,2025-06-13 10:36:10,2.42,,
SPY250613P00600000,2025-06-13 10:36:10,3.06,,
SPY250613P00601000,2025-06-13 10:36:10,3.9,,
SPY250613P00599000,2025-06-13 10:36:14,2.38,,
SPY250613P00600000,2025-06-13 10:36:14,3.07,,
SPY250613P00601000,2025-06-13 10:36:14,3.9,,
SPY250613P00599000,2025-06-13 10:36:18,2.48,,
SPY250613P00600000,2025-06-13 10:36:18,3.22,,
SPY250613P00601000,2025-06-13 10:36:18,3.9,,
SPY250613P00599000,2025-06-13 10:36:22,2.53,,
SPY250613P00600000,2025-06-13 10:36:22,3.14,,
SPY250613P00601000,2025-06-13 10:36:22,3.94,,
SPY250613P00599000,2025-06-13 10:36:26,2.54,,
SPY250613P00600000,2025-06-13 10:36:26,3.15,,
SPY250613P00601000,2025-06-13 10:36:26,4.04,,
SPY250613P00599000,2025-06-13 10:36:30,2.52,,
SPY250613P00600000,2025-06-13 10:36:30,3.21,,
SPY250613P00601000,2025-06-13 10:36:30,3.96,,
SPY250613P00599000,2025-06-13 10:36:34,2.55,,
SPY250613P00600000,2025-06-13 10:36:34,3.32,,
SPY250613P00601000,2025-06-13 10:36:34,3.96,,
SPY250613P00599000,2025-06-13 10:36:38,2.52,,
SPY250613P00600000,2025-06-13 10:36:38,3.2,,
SPY250613P00601000,2025-06-13 10:36:38,3.96,,
SPY250613P00599000,2025-06-13 10:36:42,2.47,,
SPY250613P00600000,2025-06-13 10:36:42,3.14,,
SPY250613P00601000,2025-06-13 10:36:42,3.979,,
SPY250613P00599000,2025-06-13 10:36:47,2.48,,
SPY250613P00600000,2025-06-13 10:36:47,3.13,,
SPY250613P00601000,2025-06-13 10:36:47,3.92,,
SPY250613P00599000,2025-06-13 10:36:51,2.42,,
SPY250613P00600000,2025-06-13 10:36:51,3.12,,
SPY250613P00601000,2025-06-13 10:36:51,3.95,,
SPY250613P00599000,2025-06-13 10:36:55,2.41,,
SPY250613P00600000,2025-06-13 10:36:55,3.11,,
SPY250613P00601000,2025-06-13 10:36:55,3.92,,
SPY250613P00599000,2025-06-13 10:36:59,2.39,,
SPY250613P00600000,2025-06-13 10:36:59,3.09,,
SPY250613P00601000,2025-06-13 10:36:59,3.92,,
SPY250613P00599000,2025-06-13 10:37:03,2.35,,
SPY250613P00600000,2025-06-13 10:37:03,3.03,,
SPY250613P00601000,2025-06-13 10:37:03,3.79,,
SPY250613P00599000,2025-06-13 10:37:07,2.35,,
SPY250613P00600000,2025-06-13 10:37:07,3.06,,
SPY250613P00601000,2025-06-13 10:37:07,3.79,,
SPY250613P00599000,2025-06-13 10:37:11,2.38,,
SPY250613P00600000,2025-06-13 10:37:11,3.01,,
SPY250613P00601000,2025-06-13 10:37:11,3.79,,
SPY250613P00599000,2025-06-13 10:37:15,2.45,,
SPY250613P00600000,2025-06-13 10:37:15,3.13,,
SPY250613P00601000,2025-06-13 10:37:15,3.79,,
SPY250613P00599000,2025-06-13 10:37:19,2.42,,
SPY250613P00600000,2025-06-13 10:37:19,3.1,,
SPY250613P00601000,2025-06-13 10:37:19,3.87,,
SPY250613P00599000,2025-06-13 10:37:23,2.33,,
SPY250613P00600000,2025-06-13 10:37:23,2.92,,
SPY250613P00601000,2025-06-13 10:37:23,3.79,,
SPY250613P00599000,2025-06-13 10:37:27,2.25,,
SPY250613P00600000,2025-06-13 10:37:27,2.97,,
SPY250613P00601000,2025-06-13 10:37:27,3.77,,
SPY250613P00599000,2025-06-13 10:37:31,2.2,,
SPY250613P00600000,2025-06-13 10:37:31,2.92,,
SPY250613P00601000,2025-06-13 10:37:31,3.77,,
SPY250613P00599000,2025-06-13 10:37:35,2.16,,
SPY250613P00600000,2025-06-13 10:37:35,2.8,,
SPY250613P00601000,2025-06-13 10:37:35,3.77,,
SPY250613P00599000,2025-06-13 10:37:39,2.18,,
SPY250613P00600000,2025-06-13 10:37:39,2.8,,
SPY250613P00601000,2025-06-13 10:37:39,3.77,,
SPY250613P00599000,2025-06-13 10:37:43,2.1,,
SPY250613P00600000,2025-06-13 10:37:43,2.76,,
SPY250613P00601000,2025-06-13 10:37:43,3.52,,
SPY250613P00599000,2025-06-13 10:37:48,2.0,,
SPY250613P00600000,2025-06-13 10:37:48,2.67,,
SPY250613P00601000,2025-06-13 10:37:48,3.52,,
SPY250613P00599000,2025-06-13 10:37:52,2.02,,
SPY250613P00600000,2025-06-13 10:37:52,2.67,,
SPY250613P00601000,2025-06-13 10:37:52,3.379,,
SPY250613P00599000,2025-06-13 10:37:56,2.07,,
SPY250613P00600000,2025-06-13 10:37:56,2.65,,
SPY250613P00601000,2025-06-13 10:37:56,3.379,,
SPY250613P00599000,2025-06-13 10:38:01,2.039,,
SPY250613P00600000,2025-06-13 10:38:01,2.65,,
SPY250613P00601000,2025-06-13 10:38:01,3.36,,
SPY250613P00599000,2025-06-13 10:38:05,2.03,,
SPY250613P00600000,2025-06-13 10:38:05,2.64,,
SPY250613P00601000,2025-06-13 10:38:05,3.329,,
SPY250613P00599000,2025-06-13 10:38:09,1.939,,
SPY250613P00600000,2025-06-13 10:38:09,2.63,,
SPY250613P00601000,2025-06-13 10:38:09,3.329,,
SPY250613P00599000,2025-06-13 10:38:13,1.989,,
SPY250613P00600000,2025-06-13 10:38:13,2.62,,
SPY250613P00601000,2025-06-13 10:38:13,3.39,,
SPY250613P00599000,2025-06-13 10:38:17,2.039,,
SPY250613P00600000,2025-06-13 10:38:17,2.65,,
SPY250613P00601000,2025-06-13 10:38:17,3.39,,
SPY250613P00599000,2025-06-13 10:38:21,2.039,,
SPY250613P00600000,2025-06-13 10:38:21,2.66,,
SPY250613P00601000,2025-06-13 10:38:21,3.39,,
SPY250613P00599000,2025-06-13 10:38:25,2.02,,
SPY250613P00600000,2025-06-13 10:38:25,2.66,,
SPY250613P00601000,2025-06-13 10:38:25,3.39,,
SPY250613P00599000,2025-06-13 10:38:29,2.02,,
SPY250613P00600000,2025-06-13 10:38:29,2.69,,
SPY250613P00601000,2025-06-13 10:38:29,3.39,,
SPY250613P00599000,2025-06-13 10:38:33,2.039,,
SPY250613P00600000,2025-06-13 10:38:33,2.66,,
SPY250613P00601000,2025-06-13 10:38:33,3.41,,
SPY250613P00599000,2025-06-13 10:38:37,1.98,,
SPY250613P00600000,2025-06-13 10:38:37,2.67,,
SPY250613P00601000,2025-06-13 10:38:37,3.379,,
SPY250613P00599000,2025-06-13 10:38:41,1.939,,
SPY250613P00600000,2025-06-13 10:38:41,2.53,,
SPY250613P00601000,2025-06-13 10:38:41,3.379,,
SPY250613P00599000,2025-06-13 10:38:45,1.989,,
SPY250613P00600000,2025-06-13 10:38:45,2.61,,
SPY250613P00601000,2025-06-13 10:38:45,3.36,,
SPY250613P00599000,2025-06-13 10:38:49,2.01,,
SPY250613P00600000,2025-06-13 10:38:49,2.61,,
SPY250613P00601000,2025-06-13 10:38:49,3.36,,
SPY250613P00599000,2025-06-13 10:38:53,2.0,,
SPY250613P00600000,2025-06-13 10:38:53,2.61,,
SPY250613P00601000,2025-06-13 10:38:53,3.36,,
SPY250613P00599000,2025-06-13 10:38:58,2.05,,
SPY250613P00600000,2025-06-13 10:38:58,2.63,,
SPY250613P00601000,2025-06-13 10:38:58,3.36,,
SPY250613P00599000,2025-06-13 10:39:02,2.039,,
SPY250613P00600000,2025-06-13 10:39:02,2.69,,
SPY250613P00601000,2025-06-13 10:39:02,3.379,,
SPY250613P00599000,2025-06-13 10:39:06,1.939,,
SPY250613P00600000,2025-06-13 10:39:06,2.61,,
SPY250613P00601000,2025-06-13 10:39:06,3.35,,
SPY250613P00599000,2025-06-13 10:39:10,1.98,,
SPY250613P00600000,2025-06-13 10:39:10,2.55,,
SPY250613P00601000,2025-06-13 10:39:10,3.35,,
SPY250613P00599000,2025-06-13 10:39:14,1.92,,
SPY250613P00600000,2025-06-13 10:39:14,2.54,,
SPY250613P00601000,2025-06-13 10:39:14,3.26,,
SPY250613P00599000,2025-06-13 10:39:18,1.88,,
SPY250613P00600000,2025-06-13 10:39:18,2.48,,
SPY250613P00601000,2025-06-13 10:39:18,3.24,,
SPY250613P00599000,2025-06-13 10:39:22,1.889,,
SPY250613P00600000,2025-06-13 10:39:22,2.45,,
SPY250613P00601000,2025-06-13 10:39:22,3.21,,
SPY250613P00599000,2025-06-13 10:39:26,1.86,,
SPY250613P00600000,2025-06-13 10:39:26,2.47,,
SPY250613P00601000,2025-06-13 10:39:26,3.16,,
SPY250613P00599000,2025-06-13 10:39:30,1.83,,
SPY250613P00600000,2025-06-13 10:39:30,2.37,,
SPY250613P00601000,2025-06-13 10:39:30,3.16,,
SPY250613P00599000,2025-06-13 10:39:34,1.85,,
SPY250613P00600000,2025-06-13 10:39:34,2.4,,
SPY250613P00601000,2025-06-13 10:39:34,3.1,,
SPY250613P00599000,2025-06-13 10:39:38,1.839,,
SPY250613P00600000,2025-06-13 10:39:38,2.44,,
SPY250613P00601000,2025-06-13 10:39:38,3.1,,
SPY250613P00599000,2025-06-13 10:39:42,1.8,,
SPY250613P00600000,2025-06-13 10:39:42,2.44,,
SPY250613P00601000,2025-06-13 10:39:42,3.1,,
SPY250613P00599000,2025-06-13 10:39:46,1.839,,
SPY250613P00600000,2025-06-13 10:39:46,2.48,,
SPY250613P00601000,2025-06-13 10:39:46,3.1,,
SPY250613P00599000,2025-06-13 10:39:50,1.86,,
SPY250613P00600000,2025-06-13 10:39:50,2.48,,
SPY250613P00601000,2025-06-13 10:39:50,3.1,,
SPY250613P00599000,2025-06-13 10:39:54,1.86,,
SPY250613P00600000,2025-06-13 10:39:54,2.48,,
SPY250613P00601000,2025-06-13 10:39:54,3.1,,
SPY250613P00599000,2025-06-13 10:39:58,1.86,,
SPY250613P00600000,2025-06-13 10:39:58,2.45,,
SPY250613P00601000,2025-06-13 10:39:58,3.1,,
SPY250613P00599000,2025-06-13 10:40:02,1.88,,
SPY250613P00600000,2025-06-13 10:40:02,2.48,,
SPY250613P00601000,2025-06-13 10:40:02,3.229,,
SPY250613P00599000,2025-06-13 10:40:06,1.9,,
SPY250613P00600000,2025-06-13 10:40:06,2.48,,
SPY250613P00601000,2025-06-13 10:40:06,3.229,,
SPY250613P00599000,2025-06-13 10:40:11,1.9,,
SPY250613P00600000,2025-06-13 10:40:11,2.5,,
SPY250613P00601000,2025-06-13 10:40:11,3.229,,
SPY250613P00599000,2025-06-13 10:40:15,1.8,,
SPY250613P00600000,2025-06-13 10:40:15,2.47,,
SPY250613P00601000,2025-06-13 10:40:15,3.08,,
SPY250613P00599000,2025-06-13 10:40:19,1.86,,
SPY250613P00600000,2025-06-13 10:40:19,2.48,,
SPY250613P00601000,2025-06-13 10:40:19,3.08,,
SPY250613P00599000,2025-06-13 10:40:23,1.85,,
SPY250613P00600000,2025-06-13 10:40:23,2.44,,
SPY250613P00601000,2025-06-13 10:40:23,3.16,,
SPY250613P00599000,2025-06-13 10:40:27,1.72,,
SPY250613P00600000,2025-06-13 10:40:27,2.34,,
SPY250613P00601000,2025-06-13 10:40:27,3.0,,
SPY250613P00599000,2025-06-13 10:40:31,1.739,,
SPY250613P00600000,2025-06-13 10:40:31,2.32,,
SPY250613P00601000,2025-06-13 10:40:31,3.0,,
SPY250613P00599000,2025-06-13 10:40:35,1.739,,
SPY250613P00600000,2025-06-13 10:40:35,2.34,,
SPY250613P00601000,2025-06-13 10:40:35,3.0,,
SPY250613P00599000,2025-06-13 10:40:39,1.789,,
SPY250613P00600000,2025-06-13 10:40:39,2.39,,
SPY250613P00601000,2025-06-13 10:40:39,3.03,,
SPY250613P00599000,2025-06-13 10:40:43,1.8,,
SPY250613P00600000,2025-06-13 10:40:43,2.39,,
SPY250613P00601000,2025-06-13 10:40:43,3.11,,
SPY250613P00599000,2025-06-13 10:40:47,1.789,,
SPY250613P00600000,2025-06-13 10:40:47,2.35,,
SPY250613P00601000,2025-06-13 10:40:47,3.02,,
SPY250613P00599000,2025-06-13 10:40:51,1.72,,
SPY250613P00600000,2025-06-13 10:40:51,2.3,,
SPY250613P00601000,2025-06-13 10:40:51,3.02,,
SPY250613P00599000,2025-06-13 10:40:55,1.72,,
SPY250613P00600000,2025-06-13 10:40:55,2.32,,
SPY250613P00601000,2025-06-13 10:40:55,2.98,,
SPY250613P00599000,2025-06-13 10:40:59,1.7,,
SPY250613P00600000,2025-06-13 10:40:59,2.32,,
SPY250613P00601000,2025-06-13 10:40:59,3.06,,
SPY250613P00599000,2025-06-13 10:41:03,1.7,,
SPY250613P00600000,2025-06-13 10:41:03,2.33,,
SPY250613P00601000,2025-06-13 10:41:03,3.06,,
SPY250613P00599000,2025-06-13 10:41:07,1.72,,
SPY250613P00600000,2025-06-13 10:41:07,2.38,,
SPY250613P00601000,2025-06-13 10:41:07,3.02,,
SPY250613P00599000,2025-06-13 10:41:11,1.789,,
SPY250613P00600000,2025-06-13 10:41:11,2.38,,
SPY250613P00601000,2025-06-13 10:41:11,3.11,,
SPY250613P00599000,2025-06-13 10:41:15,1.8,,
SPY250613P00600000,2025-06-13 10:41:15,2.35,,
SPY250613P00601000,2025-06-13 10:41:15,3.09,,
SPY250613P00599000,2025-06-13 10:41:19,1.789,,
SPY250613P00600000,2025-06-13 10:41:19,2.38,,
SPY250613P00601000,2025-06-13 10:41:19,3.09,,
SPY250613P00599000,2025-06-13 10:41:24,1.76,,
SPY250613P00600000,2025-06-13 10:41:24,2.31,,
SPY250613P00601000,2025-06-13 10:41:24,3.09,,
SPY250613P00599000,2025-06-13 10:41:28,1.75,,
SPY250613P00600000,2025-06-13 10:41:28,2.31,,
SPY250613P00601000,2025-06-13 10:41:28,3.07,,
SPY250613P00599000,2025-06-13 10:41:32,1.739,,
SPY250613P00600000,2025-06-13 10:41:32,2.26,,
SPY250613P00601000,2025-06-13 10:41:32,3.07,,
SPY250613P00599000,2025-06-13 10:41:36,1.739,,
SPY250613P00600000,2025-06-13 10:41:36,2.31,,
SPY250613P00601000,2025-06-13 10:41:36,3.07,,
SPY250613P00599000,2025-06-13 10:41:40,1.7,,
SPY250613P00600000,2025-06-13 10:41:40,2.26,,
SPY250613P00601000,2025-06-13 10:41:40,3.07,,
SPY250613P00599000,2025-06-13 10:41:44,1.689,,
SPY250613P00600000,2025-06-13 10:41:44,2.25,,
SPY250613P00601000,2025-06-13 10:41:44,3.07,,
SPY250613P00599000,2025-06-13 10:41:48,1.65,,
SPY250613P00600000,2025-06-13 10:41:48,2.22,,
SPY250613P00601000,2025-06-13 10:41:48,3.07,,
SPY250613P00599000,2025-06-13 10:41:52,1.65,,
SPY250613P00600000,2025-06-13 10:41:52,2.24,,
SPY250613P00601000,2025-06-13 10:41:52,3.07,,
SPY250613P00599000,2025-06-13 10:41:56,1.639,,
SPY250613P00600000,2025-06-13 10:41:56,2.24,,
SPY250613P00601000,2025-06-13 10:41:56,3.07,,
SPY250613P00599000,2025-06-13 10:42:00,1.639,,
SPY250613P00600000,2025-06-13 10:42:00,2.19,,
SPY250613P00601000,2025-06-13 10:42:00,2.93,,
SPY250613P00599000,2025-06-13 10:42:04,1.62,,
SPY250613P00600000,2025-06-13 10:42:04,2.17,,
SPY250613P00601000,2025-06-13 10:42:04,2.93,,
SPY250613P00599000,2025-06-13 10:42:08,1.57,,
SPY250613P00600000,2025-06-13 10:42:08,2.1,,
SPY250613P00601000,2025-06-13 10:42:08,2.93,,
SPY250613P00599000,2025-06-13 10:42:12,1.61,,
SPY250613P00600000,2025-06-13 10:42:12,2.15,,
SPY250613P00601000,2025-06-13 10:42:12,2.82,,
SPY250613P00599000,2025-06-13 10:42:16,1.61,,
SPY250613P00600000,2025-06-13 10:42:16,2.1,,
SPY250613P00601000,2025-06-13 10:42:16,2.82,,
SPY250613P00599000,2025-06-13 10:42:20,1.63,,
SPY250613P00600000,2025-06-13 10:42:20,2.2,,
SPY250613P00601000,2025-06-13 10:42:20,2.82,,
SPY250613P00599000,2025-06-13 10:42:24,1.6,,
SPY250613P00600000,2025-06-13 10:42:24,2.17,,
SPY250613P00601000,2025-06-13 10:42:24,2.86,,
SPY250613P00599000,2025-06-13 10:42:28,1.55,,
SPY250613P00600000,2025-06-13 10:42:28,2.12,,
SPY250613P00601000,2025-06-13 10:42:28,2.85,,
SPY250613P00599000,2025-06-13 10:42:32,1.65,,
SPY250613P00600000,2025-06-13 10:42:32,2.15,,
SPY250613P00601000,2025-06-13 10:42:32,2.85,,
SPY250613P00599000,2025-06-13 10:42:36,1.68,,
SPY250613P00600000,2025-06-13 10:42:36,2.27,,
SPY250613P00601000,2025-06-13 10:42:36,2.97,,
SPY250613P00599000,2025-06-13 10:42:41,1.73,,
SPY250613P00600000,2025-06-13 10:42:41,2.25,,
SPY250613P00601000,2025-06-13 10:42:41,2.99,,
SPY250613P00599000,2025-06-13 10:42:45,1.689,,
SPY250613P00600000,2025-06-13 10:42:45,2.32,,
SPY250613P00601000,2025-06-13 10:42:45,3.0,,
SPY250613P00599000,2025-06-13 10:42:49,1.78,,
SPY250613P00600000,2025-06-13 10:42:49,2.36,,
SPY250613P00601000,2025-06-13 10:42:49,3.07,,
SPY250613P00599000,2025-06-13 10:42:53,1.77,,
SPY250613P00600000,2025-06-13 10:42:53,2.33,,
SPY250613P00601000,2025-06-13 10:42:53,3.07,,
SPY250613P00599000,2025-06-13 10:42:57,1.81,,
SPY250613P00600000,2025-06-13 10:42:57,2.33,,
SPY250613P00601000,2025-06-13 10:42:57,3.07,,
SPY250613P00599000,2025-06-13 10:43:01,1.82,,
SPY250613P00600000,2025-06-13 10:43:01,2.34,,
SPY250613P00601000,2025-06-13 10:43:01,3.07,,
SPY250613P00599000,2025-06-13 10:43:05,1.81,,
SPY250613P00600000,2025-06-13 10:43:05,2.4,,
SPY250613P00601000,2025-06-13 10:43:05,3.11,,
SPY250613P00599000,2025-06-13 10:43:09,1.83,,
SPY250613P00600000,2025-06-13 10:43:09,2.44,,
SPY250613P00601000,2025-06-13 10:43:09,3.15,,
SPY250613P00599000,2025-06-13 10:43:13,1.789,,
SPY250613P00600000,2025-06-13 10:43:13,2.41,,
SPY250613P00601000,2025-06-13 10:43:13,3.15,,
SPY250613P00599000,2025-06-13 10:43:17,1.87,,
SPY250613P00600000,2025-06-13 10:43:17,2.52,,
SPY250613P00601000,2025-06-13 10:43:17,3.12,,
SPY250613P00599000,2025-06-13 10:43:21,1.839,,
SPY250613P00600000,2025-06-13 10:43:21,2.49,,
SPY250613P00601000,2025-06-13 10:43:21,3.18,,
SPY250613P00599000,2025-06-13 10:43:26,1.8,,
SPY250613P00600000,2025-06-13 10:43:26,2.39,,
SPY250613P00601000,2025-06-13 10:43:26,3.16,,
SPY250613P00599000,2025-06-13 10:43:30,1.85,,
SPY250613P00600000,2025-06-13 10:43:30,2.48,,
SPY250613P00601000,2025-06-13 10:43:30,3.16,,
SPY250613P00599000,2025-06-13 10:43:35,1.92,,
SPY250613P00600000,2025-06-13 10:43:35,2.52,,
SPY250613P00601000,2025-06-13 10:43:35,3.279,,
SPY250613P00599000,2025-06-13 10:43:39,1.92,,
SPY250613P00600000,2025-06-13 10:43:39,2.51,,
SPY250613P00601000,2025-06-13 10:43:39,3.24,,
SPY250613P00599000,2025-06-13 10:43:43,1.98,,
SPY250613P00600000,2025-06-13 10:43:43,2.61,,
SPY250613P00601000,2025-06-13 10:43:43,3.34,,
SPY250613P00599000,2025-06-13 10:43:47,1.87,,
SPY250613P00600000,2025-06-13 10:43:47,2.56,,
SPY250613P00601000,2025-06-13 10:43:47,3.26,,
SPY250613P00599000,2025-06-13 10:43:51,1.91,,
SPY250613P00600000,2025-06-13 10:43:51,2.52,,
SPY250613P00601000,2025-06-13 10:43:51,3.26,,
SPY250613P00599000,2025-06-13 10:43:55,1.939,,
SPY250613P00600000,2025-06-13 10:43:55,2.54,,
SPY250613P00601000,2025-06-13 10:43:55,3.27,,
SPY250613P00599000,2025-06-13 10:43:59,1.93,,
SPY250613P00600000,2025-06-13 10:43:59,2.56,,
SPY250613P00601000,2025-06-13 10:43:59,3.229,,
SPY250613P00599000,2025-06-13 10:44:03,1.939,,
SPY250613P00600000,2025-06-13 10:44:03,2.48,,
SPY250613P00601000,2025-06-13 10:44:03,3.279,,
SPY250613P00599000,2025-06-13 10:44:07,1.91,,
SPY250613P00600000,2025-06-13 10:44:07,2.55,,
SPY250613P00601000,2025-06-13 10:44:07,3.3,,
SPY250613P00599000,2025-06-13 10:44:11,2.05,,
SPY250613P00600000,2025-06-13 10:44:11,2.64,,
SPY250613P00601000,2025-06-13 10:44:11,3.41,,
SPY250613P00599000,2025-06-13 10:44:15,2.02,,
SPY250613P00600000,2025-06-13 10:44:15,2.58,,
SPY250613P00601000,2025-06-13 10:44:15,3.35,,
SPY250613P00599000,2025-06-13 10:44:19,2.0,,
SPY250613P00600000,2025-06-13 10:44:19,2.59,,
SPY250613P00601000,2025-06-13 10:44:19,3.35,,
SPY250613P00599000,2025-06-13 10:44:23,1.989,,
SPY250613P00600000,2025-06-13 10:44:23,2.57,,
SPY250613P00601000,2025-06-13 10:44:23,3.35,,
SPY250613P00599000,2025-06-13 10:44:27,1.91,,
SPY250613P00600000,2025-06-13 10:44:27,2.49,,
SPY250613P00601000,2025-06-13 10:44:27,3.279,,
SPY250613P00599000,2025-06-13 10:44:31,1.889,,
SPY250613P00600000,2025-06-13 10:44:31,2.56,,
SPY250613P00601000,2025-06-13 10:44:31,3.35,,
SPY250613P00599000,2025-06-13 10:44:35,1.98,,
SPY250613P00600000,2025-06-13 10:44:35,2.61,,
SPY250613P00601000,2025-06-13 10:44:35,3.37,,
SPY250613P00599000,2025-06-13 10:44:39,1.989,,
SPY250613P00600000,2025-06-13 10:44:39,2.62,,
SPY250613P00601000,2025-06-13 10:44:39,3.31,,
SPY250613P00599000,2025-06-13 10:44:43,2.0,,
SPY250613P00600000,2025-06-13 10:44:43,2.63,,
SPY250613P00601000,2025-06-13 10:44:43,3.37,,
SPY250613P00599000,2025-06-13 10:44:48,1.98,,
SPY250613P00600000,2025-06-13 10:44:48,2.63,,
SPY250613P00601000,2025-06-13 10:44:48,3.37,,
SPY250613P00599000,2025-06-13 10:44:52,2.06,,
SPY250613P00600000,2025-06-13 10:44:52,2.68,,
SPY250613P00601000,2025-06-13 10:44:52,3.429,,
SPY250613P00599000,2025-06-13 10:44:56,2.09,,
SPY250613P00600000,2025-06-13 10:44:56,2.69,,
SPY250613P00601000,2025-06-13 10:44:56,3.429,,
SPY250613P00599000,2025-06-13 10:45:00,2.01,,
SPY250613P00600000,2025-06-13 10:45:00,2.71,,
SPY250613P00601000,2025-06-13 10:45:00,3.429,,
SPY250613P00599000,2025-06-13 10:45:04,1.98,,
SPY250613P00600000,2025-06-13 10:45:04,2.69,,
SPY250613P00601000,2025-06-13 10:45:04,3.36,,
SPY250613P00599000,2025-06-13 10:45:08,2.08,,
SPY250613P00600000,2025-06-13 10:45:08,2.72,,
SPY250613P00601000,2025-06-13 10:45:08,3.36,,
SPY250613P00599000,2025-06-13 10:45:12,2.1,,
SPY250613P00600000,2025-06-13 10:45:12,2.74,,
SPY250613P00601000,2025-06-13 10:45:12,3.36,,
SPY250613P00599000,2025-06-13 10:45:16,2.12,,
SPY250613P00600000,2025-06-13 10:45:16,2.69,,
SPY250613P00601000,2025-06-13 10:45:16,3.44,,
SPY250613P00599000,2025-06-13 10:45:20,2.05,,
SPY250613P00600000,2025-06-13 10:45:20,2.7,,
SPY250613P00601000,2025-06-13 10:45:20,3.44,,
SPY250613P00599000,2025-06-13 10:45:24,2.05,,
SPY250613P00600000,2025-06-13 10:45:24,2.69,,
SPY250613P00601000,2025-06-13 10:45:24,3.44,,
SPY250613P00599000,2025-06-13 10:45:28,2.06,,
SPY250613P00600000,2025-06-13 10:45:28,2.77,,
SPY250613P00601000,2025-06-13 10:45:28,3.529,,
SPY250613P00599000,2025-06-13 10:45:32,2.14,,
SPY250613P00600000,2025-06-13 10:45:32,2.74,,
SPY250613P00601000,2025-06-13 10:45:32,3.529,,
SPY250613P00599000,2025-06-13 10:45:36,2.12,,
SPY250613P00600000,2025-06-13 10:45:36,2.84,,
SPY250613P00601000,2025-06-13 10:45:36,3.57,,
SPY250613P00599000,2025-06-13 10:45:40,2.12,,
SPY250613P00600000,2025-06-13 10:45:40,2.71,,
SPY250613P00601000,2025-06-13 10:45:40,3.55,,
SPY250613P00599000,2025-06-13 10:45:44,2.22,,
SPY250613P00600000,2025-06-13 10:45:44,2.71,,
SPY250613P00601000,2025-06-13 10:45:44,3.479,,
SPY250613P00599000,2025-06-13 10:45:48,2.2,,
SPY250613P00600000,2025-06-13 10:45:48,2.82,,
SPY250613P00601000,2025-06-13 10:45:48,3.6,,
SPY250613P00599000,2025-06-13 10:45:53,2.1,,
SPY250613P00600000,2025-06-13 10:45:53,2.78,,
SPY250613P00601000,2025-06-13 10:45:53,3.6,,
SPY250613P00599000,2025-06-13 10:45:57,2.11,,
SPY250613P00600000,2025-06-13 10:45:57,2.78,,
SPY250613P00601000,2025-06-13 10:45:57,3.57,,
SPY250613P00599000,2025-06-13 10:46:01,2.17,,
SPY250613P00600000,2025-06-13 10:46:01,2.76,,
SPY250613P00601000,2025-06-13 10:46:01,3.57,,
SPY250613P00599000,2025-06-13 10:46:05,2.13,,
SPY250613P00600000,2025-06-13 10:46:05,2.77,,
SPY250613P00601000,2025-06-13 10:46:05,3.57,,
SPY250613P00599000,2025-06-13 10:46:09,2.09,,
SPY250613P00600000,2025-06-13 10:46:09,2.72,,
SPY250613P00601000,2025-06-13 10:46:09,3.49,,
SPY250613P00599000,2025-06-13 10:46:13,2.06,,
SPY250613P00600000,2025-06-13 10:46:13,2.71,,
SPY250613P00601000,2025-06-13 10:46:13,3.49,,
SPY250613P00599000,2025-06-13 10:46:17,1.96,,
SPY250613P00600000,2025-06-13 10:46:17,2.72,,
SPY250613P00601000,2025-06-13 10:46:17,3.46,,
SPY250613P00599000,2025-06-13 10:46:21,1.95,,
SPY250613P00600000,2025-06-13 10:46:21,2.59,,
SPY250613P00601000,2025-06-13 10:46:21,3.31,,
SPY250613P00599000,2025-06-13 10:46:25,1.96,,
SPY250613P00600000,2025-06-13 10:46:25,2.58,,
SPY250613P00601000,2025-06-13 10:46:25,3.34,,
SPY250613P00599000,2025-06-13 10:46:29,2.0,,
SPY250613P00600000,2025-06-13 10:46:29,2.64,,
SPY250613P00601000,2025-06-13 10:46:29,3.3,,
SPY250613P00599000,2025-06-13 10:46:33,1.97,,
SPY250613P00600000,2025-06-13 10:46:33,2.64,,
SPY250613P00601000,2025-06-13 10:46:33,3.39,,
SPY250613P00599000,2025-06-13 10:46:37,2.02,,
SPY250613P00600000,2025-06-13 10:46:37,2.68,,
SPY250613P00601000,2025-06-13 10:46:37,3.46,,
SPY250613P00599000,2025-06-13 10:46:41,2.02,,
SPY250613P00600000,2025-06-13 10:46:41,2.68,,
SPY250613P00601000,2025-06-13 10:46:41,3.46,,
SPY250613P00599000,2025-06-13 10:46:45,2.01,,
SPY250613P00600000,2025-06-13 10:46:45,2.62,,
SPY250613P00601000,2025-06-13 10:46:45,3.46,,
SPY250613P00599000,2025-06-13 10:46:49,2.06,,
SPY250613P00600000,2025-06-13 10:46:49,2.65,,
SPY250613P00601000,2025-06-13 10:46:49,3.46,,
SPY250613P00599000,2025-06-13 10:46:53,2.1,,
SPY250613P00600000,2025-06-13 10:46:53,2.68,,
SPY250613P00601000,2025-06-13 10:46:53,3.46,,
SPY250613P00599000,2025-06-13 10:46:57,2.09,,
SPY250613P00600000,2025-06-13 10:46:57,2.67,,
SPY250613P00601000,2025-06-13 10:46:57,3.46,,
SPY250613P00599000,2025-06-13 10:47:02,2.05,,
SPY250613P00600000,2025-06-13 10:47:02,2.67,,
SPY250613P00601000,2025-06-13 10:47:02,3.479,,
SPY250613P00599000,2025-06-13 10:47:06,2.03,,
SPY250613P00600000,2025-06-13 10:47:06,2.67,,
SPY250613P00601000,2025-06-13 10:47:06,3.479,,
SPY250613P00599000,2025-06-13 10:47:10,2.03,,
SPY250613P00600000,2025-06-13 10:47:10,2.62,,
SPY250613P00601000,2025-06-13 10:47:10,3.36,,
SPY250613P00599000,2025-06-13 10:47:14,2.0,,
SPY250613P00600000,2025-06-13 10:47:14,2.62,,
SPY250613P00601000,2025-06-13 10:47:14,3.36,,
SPY250613P00599000,2025-06-13 10:47:18,2.06,,
SPY250613P00600000,2025-06-13 10:47:18,2.62,,
SPY250613P00601000,2025-06-13 10:47:18,3.5,,
SPY250613P00599000,2025-06-13 10:47:22,2.13,,
SPY250613P00600000,2025-06-13 10:47:22,2.77,,
SPY250613P00601000,2025-06-13 10:47:22,3.55,,
SPY250613P00599000,2025-06-13 10:47:26,2.12,,
SPY250613P00600000,2025-06-13 10:47:26,2.77,,
SPY250613P00601000,2025-06-13 10:47:26,3.529,,
SPY250613P00599000,2025-06-13 10:47:30,2.12,,
SPY250613P00600000,2025-06-13 10:47:30,2.84,,
SPY250613P00601000,2025-06-13 10:47:30,3.529,,
SPY250613P00599000,2025-06-13 10:47:36,2.15,,
SPY250613P00600000,2025-06-13 10:47:36,2.81,,
SPY250613P00601000,2025-06-13 10:47:36,3.62,,
SPY250613P00599000,2025-06-13 10:47:40,2.18,,
SPY250613P00600000,2025-06-13 10:47:40,2.8,,
SPY250613P00601000,2025-06-13 10:47:40,3.62,,
SPY250613P00599000,2025-06-13 10:47:44,2.13,,
SPY250613P00600000,2025-06-13 10:47:44,2.81,,
SPY250613P00601000,2025-06-13 10:47:44,3.57,,
SPY250613P00599000,2025-06-13 10:47:48,2.06,,
SPY250613P00600000,2025-06-13 10:47:48,2.75,,
SPY250613P00601000,2025-06-13 10:47:48,3.57,,
SPY250613P00599000,2025-06-13 10:47:53,2.14,,
SPY250613P00600000,2025-06-13 10:47:53,2.77,,
SPY250613P00601000,2025-06-13 10:47:53,3.579,,
SPY250613P00599000,2025-06-13 10:47:57,2.13,,
SPY250613P00600000,2025-06-13 10:47:57,2.75,,
SPY250613P00601000,2025-06-13 10:47:57,3.54,,
SPY250613P00599000,2025-06-13 10:48:01,2.14,,
SPY250613P00600000,2025-06-13 10:48:01,2.83,,
SPY250613P00601000,2025-06-13 10:48:01,3.54,,
SPY250613P00599000,2025-06-13 10:48:05,2.19,,
SPY250613P00600000,2025-06-13 10:48:05,2.83,,
SPY250613P00601000,2025-06-13 10:48:05,3.55,,
SPY250613P00599000,2025-06-13 10:48:10,2.22,,
SPY250613P00600000,2025-06-13 10:48:10,2.87,,
SPY250613P00601000,2025-06-13 10:48:10,3.69,,
SPY250613P00599000,2025-06-13 10:48:14,2.19,,
SPY250613P00600000,2025-06-13 10:48:14,2.9,,
SPY250613P00601000,2025-06-13 10:48:14,3.57,,
SPY250613P00599000,2025-06-13 10:48:18,2.19,,
SPY250613P00600000,2025-06-13 10:48:18,2.77,,
SPY250613P00601000,2025-06-13 10:48:18,3.62,,
SPY250613P00599000,2025-06-13 10:48:22,2.19,,
SPY250613P00600000,2025-06-13 10:48:22,2.86,,
SPY250613P00601000,2025-06-13 10:48:22,3.65,,
SPY250613P00599000,2025-06-13 10:48:26,2.21,,
SPY250613P00600000,2025-06-13 10:48:26,2.85,,
SPY250613P00601000,2025-06-13 10:48:26,3.65,,
SPY250613P00599000,2025-06-13 10:48:30,2.15,,
SPY250613P00600000,2025-06-13 10:48:30,2.85,,
SPY250613P00601000,2025-06-13 10:48:30,3.65,,
SPY250613P00599000,2025-06-13 10:48:35,2.25,,
SPY250613P00600000,2025-06-13 10:48:35,2.85,,
SPY250613P00601000,2025-06-13 10:48:35,3.629,,
SPY250613P00599000,2025-06-13 10:48:40,2.25,,
SPY250613P00600000,2025-06-13 10:48:40,2.85,,
SPY250613P00601000,2025-06-13 10:48:40,3.629,,
SPY250613P00599000,2025-06-13 10:48:44,2.25,,
SPY250613P00600000,2025-06-13 10:48:44,2.85,,
SPY250613P00601000,2025-06-13 10:48:44,3.629,,
SPY250613P00599000,2025-06-13 10:48:48,2.24,,
SPY250613P00600000,2025-06-13 10:48:48,2.94,,
SPY250613P00601000,2025-06-13 10:48:48,3.76,,
SPY250613P00599000,2025-06-13 10:48:52,2.26,,
SPY250613P00600000,2025-06-13 10:48:52,2.94,,
SPY250613P00601000,2025-06-13 10:48:52,3.69,,
SPY250613P00599000,2025-06-13 10:48:56,2.26,,
SPY250613P00600000,2025-06-13 10:48:56,3.01,,
SPY250613P00601000,2025-06-13 10:48:56,3.69,,
SPY250613P00599000,2025-06-13 10:49:00,2.3,,
SPY250613P00600000,2025-06-13 10:49:00,3.01,,
SPY250613P00601000,2025-06-13 10:49:00,3.69,,
SPY250613P00599000,2025-06-13 10:49:04,2.41,,
SPY250613P00600000,2025-06-13 10:49:04,3.06,,
SPY250613P00601000,2025-06-13 10:49:04,3.89,,
SPY250613P00599000,2025-06-13 10:49:08,2.4,,
SPY250613P00600000,2025-06-13 10:49:08,3.08,,
SPY250613P00601000,2025-06-13 10:49:08,3.89,,
SPY250613P00599000,2025-06-13 10:49:12,2.4,,
SPY250613P00600000,2025-06-13 10:49:12,3.1,,
SPY250613P00601000,2025-06-13 10:49:12,3.89,,
SPY250613P00599000,2025-06-13 10:49:16,2.3,,
SPY250613P00600000,2025-06-13 10:49:16,2.97,,
SPY250613P00601000,2025-06-13 10:49:16,3.77,,
SPY250613P00599000,2025-06-13 10:49:20,2.24,,
SPY250613P00600000,2025-06-13 10:49:20,2.98,,
SPY250613P00601000,2025-06-13 10:49:20,3.75,,
SPY250613P00599000,2025-06-13 10:49:24,2.33,,
SPY250613P00600000,2025-06-13 10:49:24,2.97,,
SPY250613P00601000,2025-06-13 10:49:24,3.8,,
SPY250613P00599000,2025-06-13 10:49:28,2.2,,
SPY250613P00600000,2025-06-13 10:49:28,2.97,,
SPY250613P00601000,2025-06-13 10:49:28,3.61,,
SPY250613P00599000,2025-06-13 10:49:33,2.17,,
SPY250613P00600000,2025-06-13 10:49:33,2.84,,
SPY250613P00601000,2025-06-13 10:49:33,3.579,,
SPY250613P00599000,2025-06-13 10:49:37,2.17,,
SPY250613P00600000,2025-06-13 10:49:37,2.81,,
SPY250613P00601000,2025-06-13 10:49:37,3.61,,
SPY250613P00599000,2025-06-13 10:49:41,2.14,,
SPY250613P00600000,2025-06-13 10:49:41,2.81,,
SPY250613P00601000,2025-06-13 10:49:41,3.61,,
SPY250613P00599000,2025-06-13 10:49:45,2.2,,
SPY250613P00600000,2025-06-13 10:49:45,2.9,,
SPY250613P00601000,2025-06-13 10:49:45,3.61,,
SPY250613P00599000,2025-06-13 10:49:49,2.15,,
SPY250613P00600000,2025-06-13 10:49:49,2.79,,
SPY250613P00601000,2025-06-13 10:49:49,3.7,,
SPY250613P00599000,2025-06-13 10:49:53,2.21,,
SPY250613P00600000,2025-06-13 10:49:53,2.79,,
SPY250613P00601000,2025-06-13 10:49:53,3.7,,
SPY250613P00599000,2025-06-13 10:49:57,2.21,,
SPY250613P00600000,2025-06-13 10:49:57,2.84,,
SPY250613P00601000,2025-06-13 10:49:57,3.54,,
SPY250613P00599000,2025-06-13 10:50:01,2.14,,
SPY250613P00600000,2025-06-13 10:50:01,2.85,,
SPY250613P00601000,2025-06-13 10:50:01,3.54,,
SPY250613P00599000,2025-06-13 10:50:05,2.21,,
SPY250613P00600000,2025-06-13 10:50:05,2.85,,
SPY250613P00601000,2025-06-13 10:50:05,3.54,,
SPY250613P00599000,2025-06-13 10:50:09,2.26,,
SPY250613P00600000,2025-06-13 10:50:09,2.92,,
SPY250613P00601000,2025-06-13 10:50:09,3.579,,
SPY250613P00599000,2025-06-13 10:50:13,2.17,,
SPY250613P00600000,2025-06-13 10:50:13,2.91,,
SPY250613P00601000,2025-06-13 10:50:13,3.69,,
SPY250613P00599000,2025-06-13 10:50:17,2.26,,
SPY250613P00600000,2025-06-13 10:50:17,2.91,,
SPY250613P00601000,2025-06-13 10:50:17,3.71,,
SPY250613P00599000,2025-06-13 10:50:21,2.32,,
SPY250613P00600000,2025-06-13 10:50:21,2.98,,
SPY250613P00601000,2025-06-13 10:50:21,3.779,,
SPY250613P00599000,2025-06-13 10:50:25,2.32,,
SPY250613P00600000,2025-06-13 10:50:25,3.02,,
SPY250613P00601000,2025-06-13 10:50:25,3.67,,
SPY250613P00599000,2025-06-13 10:50:29,2.24,,
SPY250613P00600000,2025-06-13 10:50:29,2.94,,
SPY250613P00601000,2025-06-13 10:50:29,3.77,,
SPY250613P00599000,2025-06-13 10:50:34,2.18,,
SPY250613P00600000,2025-06-13 10:50:34,2.95,,
SPY250613P00601000,2025-06-13 10:50:34,3.74,,
SPY250613P00599000,2025-06-13 10:50:38,2.18,,
SPY250613P00600000,2025-06-13 10:50:38,2.95,,
SPY250613P00601000,2025-06-13 10:50:38,3.74,,
SPY250613P00599000,2025-06-13 10:50:42,2.16,,
SPY250613P00600000,2025-06-13 10:50:42,2.81,,
SPY250613P00601000,2025-06-13 10:50:42,3.74,,
SPY250613P00599000,2025-06-13 10:50:46,2.16,,
SPY250613P00600000,2025-06-13 10:50:46,2.84,,
SPY250613P00601000,2025-06-13 10:50:46,3.74,,
SPY250613P00599000,2025-06-13 10:50:50,2.2,,
SPY250613P00600000,2025-06-13 10:50:50,2.84,,
SPY250613P00601000,2025-06-13 10:50:50,3.74,,
SPY250613P00599000,2025-06-13 10:50:54,2.13,,
SPY250613P00600000,2025-06-13 10:50:54,2.87,,
SPY250613P00601000,2025-06-13 10:50:54,3.64,,
SPY250613P00599000,2025-06-13 10:50:58,2.13,,
SPY250613P00600000,2025-06-13 10:50:58,2.84,,
SPY250613P00601000,2025-06-13 10:50:58,3.64,,
SPY250613P00599000,2025-06-13 10:51:02,2.16,,
SPY250613P00600000,2025-06-13 10:51:02,2.84,,
SPY250613P00601000,2025-06-13 10:51:02,3.6,,
SPY250613P00599000,2025-06-13 10:51:06,2.14,,
SPY250613P00600000,2025-06-13 10:51:06,2.82,,
SPY250613P00601000,2025-06-13 10:51:06,3.6,,
SPY250613P00599000,2025-06-13 10:51:10,2.1,,
SPY250613P00600000,2025-06-13 10:51:10,2.74,,
SPY250613P00601000,2025-06-13 10:51:10,3.6,,
SPY250613P00599000,2025-06-13 10:51:14,2.01,,
SPY250613P00600000,2025-06-13 10:51:14,2.61,,
SPY250613P00601000,2025-06-13 10:51:14,3.6,,
SPY250613P00599000,2025-06-13 10:51:18,2.01,,
SPY250613P00600000,2025-06-13 10:51:18,2.57,,
SPY250613P00601000,2025-06-13 10:51:18,3.6,,
SPY250613P00599000,2025-06-13 10:51:22,2.0,,
SPY250613P00600000,2025-06-13 10:51:22,2.7,,
SPY250613P00601000,2025-06-13 10:51:22,3.6,,
SPY250613P00599000,2025-06-13 10:51:26,2.03,,
SPY250613P00600000,2025-06-13 10:51:26,2.7,,
SPY250613P00601000,2025-06-13 10:51:26,3.479,,
SPY250613P00599000,2025-06-13 10:51:30,2.03,,
SPY250613P00600000,2025-06-13 10:51:30,2.7,,
SPY250613P00601000,2025-06-13 10:51:30,3.479,,
SPY250613P00599000,2025-06-13 10:51:34,2.0,,
SPY250613P00600000,2025-06-13 10:51:34,2.66,,
SPY250613P00601000,2025-06-13 10:51:34,3.39,,
SPY250613P00599000,2025-06-13 10:51:38,2.039,,
SPY250613P00600000,2025-06-13 10:51:38,2.62,,
SPY250613P00601000,2025-06-13 10:51:38,3.35,,
SPY250613P00599000,2025-06-13 10:51:43,2.039,,
SPY250613P00600000,2025-06-13 10:51:43,2.59,,
SPY250613P00601000,2025-06-13 10:51:43,3.45,,
SPY250613P00599000,2025-06-13 10:51:47,1.989,,
SPY250613P00600000,2025-06-13 10:51:47,2.59,,
SPY250613P00601000,2025-06-13 10:51:47,3.45,,
SPY250613P00599000,2025-06-13 10:51:51,1.989,,
SPY250613P00600000,2025-06-13 10:51:51,2.57,,
SPY250613P00601000,2025-06-13 10:51:51,3.45,,
SPY250613P00599000,2025-06-13 10:51:55,1.96,,
SPY250613P00600000,2025-06-13 10:51:55,2.57,,
SPY250613P00601000,2025-06-13 10:51:55,3.45,,
SPY250613P00599000,2025-06-13 10:51:59,1.98,,
SPY250613P00600000,2025-06-13 10:51:59,2.64,,
SPY250613P00601000,2025-06-13 10:51:59,3.379,,
SPY250613P00599000,2025-06-13 10:52:03,1.93,,
SPY250613P00600000,2025-06-13 10:52:03,2.62,,
SPY250613P00601000,2025-06-13 10:52:03,3.31,,
SPY250613P00599000,2025-06-13 10:52:07,1.86,,
SPY250613P00600000,2025-06-13 10:52:07,2.58,,
SPY250613P00601000,2025-06-13 10:52:07,3.31,,
SPY250613P00599000,2025-06-13 10:52:11,1.8,,
SPY250613P00600000,2025-06-13 10:52:11,2.58,,
SPY250613P00601000,2025-06-13 10:52:11,3.31,,
SPY250613P00599000,2025-06-13 10:52:15,1.83,,
SPY250613P00600000,2025-06-13 10:52:15,2.45,,
SPY250613P00601000,2025-06-13 10:52:15,3.31,,
SPY250613P00599000,2025-06-13 10:52:19,1.839,,
SPY250613P00600000,2025-06-13 10:52:19,2.45,,
SPY250613P00601000,2025-06-13 10:52:19,3.31,,
SPY250613P00599000,2025-06-13 10:52:23,1.8,,
SPY250613P00600000,2025-06-13 10:52:23,2.42,,
SPY250613P00601000,2025-06-13 10:52:23,3.17,,
SPY250613P00599000,2025-06-13 10:52:27,1.81,,
SPY250613P00600000,2025-06-13 10:52:27,2.42,,
SPY250613P00601000,2025-06-13 10:52:27,3.15,,
SPY250613P00599000,2025-06-13 10:52:31,1.81,,
SPY250613P00600000,2025-06-13 10:52:31,2.45,,
SPY250613P00601000,2025-06-13 10:52:31,3.18,,
SPY250613P00599000,2025-06-13 10:52:35,1.81,,
SPY250613P00600000,2025-06-13 10:52:35,2.42,,
SPY250613P00601000,2025-06-13 10:52:35,3.18,,
SPY250613P00599000,2025-06-13 10:52:39,1.8,,
SPY250613P00600000,2025-06-13 10:52:39,2.4,,
SPY250613P00601000,2025-06-13 10:52:39,3.18,,
SPY250613P00599000,2025-06-13 10:52:44,1.73,,
SPY250613P00600000,2025-06-13 10:52:44,2.4,,
SPY250613P00601000,2025-06-13 10:52:44,3.04,,
SPY250613P00599000,2025-06-13 10:52:48,1.639,,
SPY250613P00600000,2025-06-13 10:52:48,2.32,,
SPY250613P00601000,2025-06-13 10:52:48,2.93,,
SPY250613P00599000,2025-06-13 10:52:52,1.7,,
SPY250613P00600000,2025-06-13 10:52:52,2.29,,
SPY250613P00601000,2025-06-13 10:52:52,2.95,,
SPY250613P00599000,2025-06-13 10:52:56,1.73,,
SPY250613P00600000,2025-06-13 10:52:56,2.27,,
SPY250613P00601000,2025-06-13 10:52:56,3.06,,
SPY250613P00599000,2025-06-13 10:53:00,1.689,,
SPY250613P00600000,2025-06-13 10:53:00,2.27,,
SPY250613P00601000,2025-06-13 10:53:00,3.01,,
SPY250613P00599000,2025-06-13 10:53:04,1.72,,
SPY250613P00600000,2025-06-13 10:53:04,2.31,,
SPY250613P00601000,2025-06-13 10:53:04,3.06,,
SPY250613P00599000,2025-06-13 10:53:08,1.66,,
SPY250613P00600000,2025-06-13 10:53:08,2.28,,
SPY250613P00601000,2025-06-13 10:53:08,3.06,,
SPY250613P00599000,2025-06-13 10:53:12,1.61,,
SPY250613P00600000,2025-06-13 10:53:12,2.18,,
SPY250613P00601000,2025-06-13 10:53:12,3.06,,
SPY250613P00599000,2025-06-13 10:53:16,1.67,,
SPY250613P00600000,2025-06-13 10:53:16,2.2,,
SPY250613P00601000,2025-06-13 10:53:16,2.97,,
SPY250613P00599000,2025-06-13 10:53:20,1.67,,
SPY250613P00600000,2025-06-13 10:53:20,2.26,,
SPY250613P00601000,2025-06-13 10:53:20,2.88,,
SPY250613P00599000,2025-06-13 10:53:24,1.65,,
SPY250613P00600000,2025-06-13 10:53:24,2.2,,
SPY250613P00601000,2025-06-13 10:53:24,2.98,,
SPY250613P00599000,2025-06-13 10:53:28,1.67,,
SPY250613P00600000,2025-06-13 10:53:28,2.24,,
SPY250613P00601000,2025-06-13 10:53:28,2.93,,
SPY250613P00599000,2025-06-13 10:53:32,1.63,,
SPY250613P00600000,2025-06-13 10:53:32,2.21,,
SPY250613P00601000,2025-06-13 10:53:32,2.89,,
SPY250613P00599000,2025-06-13 10:53:37,1.61,,
SPY250613P00600000,2025-06-13 10:53:37,2.12,,
SPY250613P00601000,2025-06-13 10:53:37,2.89,,
SPY250613P00599000,2025-06-13 10:53:41,1.6,,
SPY250613P00600000,2025-06-13 10:53:41,2.17,,
SPY250613P00601000,2025-06-13 10:53:41,2.83,,
SPY250613P00599000,2025-06-13 10:53:45,1.63,,
SPY250613P00600000,2025-06-13 10:53:45,2.15,,
SPY250613P00601000,2025-06-13 10:53:45,2.9,,
SPY250613P00599000,2025-06-13 10:53:49,1.63,,
SPY250613P00600000,2025-06-13 10:53:49,2.19,,
SPY250613P00601000,2025-06-13 10:53:49,2.83,,
SPY250613P00599000,2025-06-13 10:53:53,1.55,,
SPY250613P00600000,2025-06-13 10:53:53,2.09,,
SPY250613P00601000,2025-06-13 10:53:53,2.83,,
SPY250613P00599000,2025-06-13 10:53:57,1.58,,
SPY250613P00600000,2025-06-13 10:53:57,2.1,,
SPY250613P00601000,2025-06-13 10:53:57,2.83,,
SPY250613P00599000,2025-06-13 10:54:01,1.53,,
SPY250613P00600000,2025-06-13 10:54:01,2.1,,
SPY250613P00601000,2025-06-13 10:54:01,2.83,,
SPY250613P00599000,2025-06-13 10:54:05,1.45,,
SPY250613P00600000,2025-06-13 10:54:05,1.93,,
SPY250613P00601000,2025-06-13 10:54:05,2.83,,
SPY250613P00599000,2025-06-13 10:54:09,1.49,,
SPY250613P00600000,2025-06-13 10:54:09,1.92,,
SPY250613P00601000,2025-06-13 10:54:09,2.83,,
SPY250613P00599000,2025-06-13 10:54:13,1.46,,
SPY250613P00600000,2025-06-13 10:54:13,1.98,,
SPY250613P00601000,2025-06-13 10:54:13,2.58,,
SPY250613P00599000,2025-06-13 10:54:17,1.49,,
SPY250613P00600000,2025-06-13 10:54:17,1.989,,
SPY250613P00601000,2025-06-13 10:54:17,2.68,,
SPY250613P00599000,2025-06-13 10:54:22,1.47,,
SPY250613P00600000,2025-06-13 10:54:22,1.97,,
SPY250613P00601000,2025-06-13 10:54:22,2.66,,
SPY250613P00599000,2025-06-13 10:54:26,1.43,,
SPY250613P00600000,2025-06-13 10:54:26,1.889,,
SPY250613P00601000,2025-06-13 10:54:26,2.66,,
SPY250613P00599000,2025-06-13 10:54:30,1.45,,
SPY250613P00600000,2025-06-13 10:54:30,2.0,,
SPY250613P00601000,2025-06-13 10:54:30,2.66,,
SPY250613P00599000,2025-06-13 10:54:34,1.53,,
SPY250613P00600000,2025-06-13 10:54:34,2.06,,
SPY250613P00601000,2025-06-13 10:54:34,2.66,,
SPY250613P00599000,2025-06-13 10:54:38,1.58,,
SPY250613P00600000,2025-06-13 10:54:38,2.07,,
SPY250613P00601000,2025-06-13 10:54:38,2.75,,
SPY250613P00599000,2025-06-13 10:54:42,1.6,,
SPY250613P00600000,2025-06-13 10:54:42,2.2,,
SPY250613P00601000,2025-06-13 10:54:42,2.75,,
SPY250613P00599000,2025-06-13 10:54:46,1.67,,
SPY250613P00600000,2025-06-13 10:54:46,2.18,,
SPY250613P00601000,2025-06-13 10:54:46,2.83,,
SPY250613P00599000,2025-06-13 10:54:50,1.62,,
SPY250613P00600000,2025-06-13 10:54:50,2.12,,
SPY250613P00601000,2025-06-13 10:54:50,2.87,,
SPY250613P00599000,2025-06-13 10:54:54,1.55,,
SPY250613P00600000,2025-06-13 10:54:54,2.12,,
SPY250613P00601000,2025-06-13 10:54:54,2.87,,
SPY250613P00599000,2025-06-13 10:54:58,1.57,,
SPY250613P00600000,2025-06-13 10:54:58,2.07,,
SPY250613P00601000,2025-06-13 10:54:58,2.72,,
SPY250613P00599000,2025-06-13 10:55:02,1.54,,
SPY250613P00600000,2025-06-13 10:55:02,2.02,,
SPY250613P00601000,2025-06-13 10:55:02,2.72,,
SPY250613P00599000,2025-06-13 10:55:06,1.5,,
SPY250613P00600000,2025-06-13 10:55:06,2.02,,
SPY250613P00601000,2025-06-13 10:55:06,2.72,,
SPY250613P00599000,2025-06-13 10:55:10,1.51,,
SPY250613P00600000,2025-06-13 10:55:10,1.97,,
SPY250613P00601000,2025-06-13 10:55:10,2.72,,
SPY250613P00599000,2025-06-13 10:55:14,1.48,,
SPY250613P00600000,2025-06-13 10:55:14,2.039,,
SPY250613P00601000,2025-06-13 10:55:14,2.64,,
SPY250613P00599000,2025-06-13 10:55:18,1.48,,
SPY250613P00600000,2025-06-13 10:55:18,2.02,,
SPY250613P00601000,2025-06-13 10:55:18,2.64,,
SPY250613P00599000,2025-06-13 10:55:23,1.45,,
SPY250613P00600000,2025-06-13 10:55:23,1.98,,
SPY250613P00601000,2025-06-13 10:55:23,2.56,,
SPY250613P00599000,2025-06-13 10:55:27,1.42,,
SPY250613P00600000,2025-06-13 10:55:27,1.92,,
SPY250613P00601000,2025-06-13 10:55:27,2.56,,
SPY250613P00599000,2025-06-13 10:55:31,1.39,,
SPY250613P00600000,2025-06-13 10:55:31,1.88,,
SPY250613P00601000,2025-06-13 10:55:31,2.56,,
SPY250613P00599000,2025-06-13 10:55:35,1.25,,
SPY250613P00600000,2025-06-13 10:55:35,1.85,,
SPY250613P00601000,2025-06-13 10:55:35,2.39,,
SPY250613P00599000,2025-06-13 10:55:39,1.36,,
SPY250613P00600000,2025-06-13 10:55:39,1.789,,
SPY250613P00601000,2025-06-13 10:55:39,2.5,,
SPY250613P00599000,2025-06-13 10:55:43,1.36,,
SPY250613P00600000,2025-06-13 10:55:43,1.83,,
SPY250613P00601000,2025-06-13 10:55:43,2.44,,
SPY250613P00599000,2025-06-13 10:55:47,1.32,,
SPY250613P00600000,2025-06-13 10:55:47,1.85,,
SPY250613P00601000,2025-06-13 10:55:47,2.49,,
SPY250613P00599000,2025-06-13 10:55:51,1.33,,
SPY250613P00600000,2025-06-13 10:55:51,1.78,,
SPY250613P00601000,2025-06-13 10:55:51,2.45,,
SPY250613P00599000,2025-06-13 10:55:55,1.32,,
SPY250613P00600000,2025-06-13 10:55:55,1.76,,
SPY250613P00601000,2025-06-13 10:55:55,2.44,,
SPY250613P00599000,2025-06-13 10:55:59,1.3,,
SPY250613P00600000,2025-06-13 10:55:59,1.82,,
SPY250613P00601000,2025-06-13 10:55:59,2.37,,
SPY250613P00599000,2025-06-13 10:56:03,1.26,,
SPY250613P00600000,2025-06-13 10:56:03,1.78,,
SPY250613P00601000,2025-06-13 10:56:03,2.37,,
SPY250613P00599000,2025-06-13 10:56:07,1.36,,
SPY250613P00600000,2025-06-13 10:56:07,1.85,,
SPY250613P00601000,2025-06-13 10:56:07,2.37,,
SPY250613P00599000,2025-06-13 10:56:11,1.32,,
SPY250613P00600000,2025-06-13 10:56:11,1.91,,
SPY250613P00601000,2025-06-13 10:56:11,2.57,,
SPY250613P00599000,2025-06-13 10:56:15,1.42,,
SPY250613P00600000,2025-06-13 10:56:15,1.95,,
SPY250613P00601000,2025-06-13 10:56:15,2.57,,
SPY250613P00599000,2025-06-13 10:56:19,1.42,,
SPY250613P00600000,2025-06-13 10:56:19,1.97,,
SPY250613P00601000,2025-06-13 10:56:19,2.59,,
SPY250613P00599000,2025-06-13 10:56:23,1.45,,
SPY250613P00600000,2025-06-13 10:56:23,1.98,,
SPY250613P00601000,2025-06-13 10:56:23,2.55,,
SPY250613P00599000,2025-06-13 10:56:27,1.39,,
SPY250613P00600000,2025-06-13 10:56:27,1.91,,
SPY250613P00601000,2025-06-13 10:56:27,2.55,,
SPY250613P00599000,2025-06-13 10:56:31,1.43,,
SPY250613P00600000,2025-06-13 10:56:31,1.91,,
SPY250613P00601000,2025-06-13 10:56:31,2.54,,
SPY250613P00599000,2025-06-13 10:56:35,1.43,,
SPY250613P00600000,2025-06-13 10:56:35,1.96,,
SPY250613P00601000,2025-06-13 10:56:35,2.54,,
SPY250613P00599000,2025-06-13 10:56:39,1.44,,
SPY250613P00600000,2025-06-13 10:56:39,1.96,,
SPY250613P00601000,2025-06-13 10:56:39,2.59,,
SPY250613P00599000,2025-06-13 10:56:44,1.42,,
SPY250613P00600000,2025-06-13 10:56:44,1.92,,
SPY250613P00601000,2025-06-13 10:56:44,2.55,,
SPY250613P00599000,2025-06-13 10:56:48,1.4,,
SPY250613P00600000,2025-06-13 10:56:48,1.9,,
SPY250613P00601000,2025-06-13 10:56:48,2.55,,
SPY250613P00599000,2025-06-13 10:56:52,1.42,,
SPY250613P00600000,2025-06-13 10:56:52,1.92,,
SPY250613P00601000,2025-06-13 10:56:52,2.56,,
SPY250613P00599000,2025-06-13 10:56:56,1.44,,
SPY250613P00600000,2025-06-13 10:56:56,1.92,,
SPY250613P00601000,2025-06-13 10:56:56,2.56,,
SPY250613P00599000,2025-06-13 10:57:00,1.39,,
SPY250613P00600000,2025-06-13 10:57:00,1.939,,
SPY250613P00601000,2025-06-13 10:57:00,2.56,,
SPY250613P00599000,2025-06-13 10:57:04,1.44,,
SPY250613P00600000,2025-06-13 10:57:04,1.95,,
SPY250613P00601000,2025-06-13 10:57:04,2.59,,
SPY250613P00599000,2025-06-13 10:57:08,1.43,,
SPY250613P00600000,2025-06-13 10:57:08,1.95,,
SPY250613P00601000,2025-06-13 10:57:08,2.59,,
SPY250613P00599000,2025-06-13 10:57:12,1.42,,
SPY250613P00600000,2025-06-13 10:57:12,1.93,,
SPY250613P00601000,2025-06-13 10:57:12,2.53,,
SPY250613P00599000,2025-06-13 10:57:16,1.42,,
SPY250613P00600000,2025-06-13 10:57:16,1.91,,
SPY250613P00601000,2025-06-13 10:57:16,2.53,,
SPY250613P00599000,2025-06-13 10:57:20,1.43,,
SPY250613P00600000,2025-06-13 10:57:20,1.92,,
SPY250613P00601000,2025-06-13 10:57:20,2.56,,
SPY250613P00599000,2025-06-13 10:57:24,1.47,,
SPY250613P00600000,2025-06-13 10:57:24,2.0,,
SPY250613P00601000,2025-06-13 10:57:24,2.63,,
SPY250613P00599000,2025-06-13 10:57:28,1.48,,
SPY250613P00600000,2025-06-13 10:57:28,1.989,,
SPY250613P00601000,2025-06-13 10:57:28,2.61,,
SPY250613P00599000,2025-06-13 10:57:32,1.48,,
SPY250613P00600000,2025-06-13 10:57:32,2.0,,
SPY250613P00601000,2025-06-13 10:57:32,2.66,,
SPY250613P00599000,2025-06-13 10:57:36,1.5,,
SPY250613P00600000,2025-06-13 10:57:36,1.98,,
SPY250613P00601000,2025-06-13 10:57:36,2.6,,
SPY250613P00599000,2025-06-13 10:57:40,1.49,,
SPY250613P00600000,2025-06-13 10:57:40,2.02,,
SPY250613P00601000,2025-06-13 10:57:40,2.62,,
SPY250613P00599000,2025-06-13 10:57:44,1.49,,
SPY250613P00600000,2025-06-13 10:57:44,2.01,,
SPY250613P00601000,2025-06-13 10:57:44,2.62,,
SPY250613P00599000,2025-06-13 10:57:48,1.42,,
SPY250613P00600000,2025-06-13 10:57:48,2.01,,
SPY250613P00601000,2025-06-13 10:57:48,2.6,,
SPY250613P00599000,2025-06-13 10:57:53,1.51,,
SPY250613P00600000,2025-06-13 10:57:53,2.0,,
SPY250613P00601000,2025-06-13 10:57:53,2.64,,
SPY250613P00599000,2025-06-13 10:57:57,1.57,,
SPY250613P00600000,2025-06-13 10:57:57,2.06,,
SPY250613P00601000,2025-06-13 10:57:57,2.64,,
SPY250613P00599000,2025-06-13 10:58:01,1.53,,
SPY250613P00600000,2025-06-13 10:58:01,2.0,,
SPY250613P00601000,2025-06-13 10:58:01,2.72,,
SPY250613P00599000,2025-06-13 10:58:05,1.53,,
SPY250613P00600000,2025-06-13 10:58:05,2.01,,
SPY250613P00601000,2025-06-13 10:58:05,2.72,,
SPY250613P00599000,2025-06-13 10:58:09,1.51,,
SPY250613P00600000,2025-06-13 10:58:09,1.989,,
SPY250613P00601000,2025-06-13 10:58:09,2.66,,
SPY250613P00599000,2025-06-13 10:58:13,1.49,,
SPY250613P00600000,2025-06-13 10:58:13,2.0,,
SPY250613P00601000,2025-06-13 10:58:13,2.65,,
SPY250613P00599000,2025-06-13 10:58:17,1.47,,
SPY250613P00600000,2025-06-13 10:58:17,2.06,,
SPY250613P00601000,2025-06-13 10:58:17,2.7,,
SPY250613P00599000,2025-06-13 10:58:21,1.5,,
SPY250613P00600000,2025-06-13 10:58:21,2.07,,
SPY250613P00601000,2025-06-13 10:58:21,2.73,,
SPY250613P00599000,2025-06-13 10:58:25,1.42,,
SPY250613P00600000,2025-06-13 10:58:25,1.95,,
SPY250613P00601000,2025-06-13 10:58:25,2.73,,
SPY250613P00599000,2025-06-13 10:58:29,1.43,,
SPY250613P00600000,2025-06-13 10:58:29,1.95,,
SPY250613P00601000,2025-06-13 10:58:29,2.53,,
SPY250613P00599000,2025-06-13 10:58:33,1.45,,
SPY250613P00600000,2025-06-13 10:58:33,1.98,,
SPY250613P00601000,2025-06-13 10:58:33,2.67,,
SPY250613P00599000,2025-06-13 10:58:37,1.49,,
SPY250613P00600000,2025-06-13 10:58:37,2.02,,
SPY250613P00601000,2025-06-13 10:58:37,2.62,,
SPY250613P00599000,2025-06-13 10:58:41,1.5,,
SPY250613P00600000,2025-06-13 10:58:41,2.02,,
SPY250613P00601000,2025-06-13 10:58:41,2.62,,
SPY250613P00599000,2025-06-13 10:58:45,1.48,,
SPY250613P00600000,2025-06-13 10:58:45,1.96,,
SPY250613P00601000,2025-06-13 10:58:45,2.66,,
SPY250613P00599000,2025-06-13 10:58:49,1.5,,
SPY250613P00600000,2025-06-13 10:58:49,2.03,,
SPY250613P00601000,2025-06-13 10:58:49,2.68,,
SPY250613P00599000,2025-06-13 10:58:53,1.49,,
SPY250613P00600000,2025-06-13 10:58:53,1.989,,
SPY250613P00601000,2025-06-13 10:58:53,2.68,,
SPY250613P00599000,2025-06-13 10:58:58,1.43,,
SPY250613P00600000,2025-06-13 10:58:58,2.01,,
SPY250613P00601000,2025-06-13 10:58:58,2.65,,
SPY250613P00599000,2025-06-13 10:59:02,1.47,,
SPY250613P00600000,2025-06-13 10:59:02,1.989,,
SPY250613P00601000,2025-06-13 10:59:02,2.65,,
SPY250613P00599000,2025-06-13 10:59:06,1.48,,
SPY250613P00600000,2025-06-13 10:59:06,2.0,,
SPY250613P00601000,2025-06-13 10:59:06,2.65,,
SPY250613P00599000,2025-06-13 10:59:10,1.46,,
SPY250613P00600000,2025-06-13 10:59:10,1.98,,
SPY250613P00601000,2025-06-13 10:59:10,2.63,,
SPY250613P00599000,2025-06-13 10:59:14,1.38,,
SPY250613P00600000,2025-06-13 10:59:14,1.91,,
SPY250613P00601000,2025-06-13 10:59:14,2.63,,
SPY250613P00599000,2025-06-13 10:59:19,1.34,,
SPY250613P00600000,2025-06-13 10:59:19,1.889,,
SPY250613P00601000,2025-06-13 10:59:19,2.63,,
SPY250613P00599000,2025-06-13 10:59:23,1.39,,
SPY250613P00600000,2025-06-13 10:59:23,1.88,,
SPY250613P00601000,2025-06-13 10:59:23,2.5,,
SPY250613P00599000,2025-06-13 10:59:27,1.4,,
SPY250613P00600000,2025-06-13 10:59:27,1.88,,
SPY250613P00601000,2025-06-13 10:59:27,2.5,,
SPY250613P00599000,2025-06-13 10:59:31,1.38,,
SPY250613P00600000,2025-06-13 10:59:31,1.87,,
SPY250613P00601000,2025-06-13 10:59:31,2.5,,
SPY250613P00599000,2025-06-13 10:59:35,1.36,,
SPY250613P00600000,2025-06-13 10:59:35,1.87,,
SPY250613P00601000,2025-06-13 10:59:35,2.5,,
SPY250613P00599000,2025-06-13 10:59:39,1.33,,
SPY250613P00600000,2025-06-13 10:59:39,1.86,,
SPY250613P00601000,2025-06-13 10:59:39,2.49,,
SPY250613P00599000,2025-06-13 10:59:43,1.34,,
SPY250613P00600000,2025-06-13 10:59:43,1.839,,
SPY250613P00601000,2025-06-13 10:59:43,2.49,,
SPY250613P00599000,2025-06-13 10:59:47,1.34,,
SPY250613P00600000,2025-06-13 10:59:47,1.83,,
SPY250613P00601000,2025-06-13 10:59:47,2.49,,
SPY250613P00599000,2025-06-13 10:59:51,1.34,,
SPY250613P00600000,2025-06-13 10:59:51,1.82,,
SPY250613P00601000,2025-06-13 10:59:51,2.49,,
SPY250613P00599000,2025-06-13 10:59:55,1.34,,
SPY250613P00600000,2025-06-13 10:59:55,1.82,,
SPY250613P00601000,2025-06-13 10:59:55,2.49,,
SPY250613P00599000,2025-06-13 10:59:59,1.37,,
SPY250613P00600000,2025-06-13 10:59:59,1.81,,
SPY250613P00601000,2025-06-13 10:59:59,2.49,,
SPY250613P00599000,2025-06-13 11:00:04,1.35,,
SPY250613P00600000,2025-06-13 11:00:04,1.85,,
SPY250613P00601000,2025-06-13 11:00:04,2.49,,
SPY250613P00599000,2025-06-13 11:00:08,1.34,,
SPY250613P00600000,2025-06-13 11:00:08,1.86,,
SPY250613P00601000,2025-06-13 11:00:08,2.49,,
SPY250613P00599000,2025-06-13 11:00:12,1.39,,
SPY250613P00600000,2025-06-13 11:00:12,1.9,,
SPY250613P00601000,2025-06-13 11:00:12,2.49,,
SPY250613P00599000,2025-06-13 11:00:16,1.38,,
SPY250613P00600000,2025-06-13 11:00:16,1.88,,
SPY250613P00601000,2025-06-13 11:00:16,2.52,,
SPY250613P00599000,2025-06-13 11:00:20,1.31,,
SPY250613P00600000,2025-06-13 11:00:20,1.91,,
SPY250613P00601000,2025-06-13 11:00:20,2.54,,
SPY250613P00599000,2025-06-13 11:00:24,1.45,,
SPY250613P00600000,2025-06-13 11:00:24,1.95,,
SPY250613P00601000,2025-06-13 11:00:24,2.6,,
SPY250613P00599000,2025-06-13 11:00:28,1.38,,
SPY250613P00600000,2025-06-13 11:00:28,1.939,,
SPY250613P00601000,2025-06-13 11:00:28,2.6,,
SPY250613P00599000,2025-06-13 11:00:32,1.37,,
SPY250613P00600000,2025-06-13 11:00:32,1.87,,
SPY250613P00601000,2025-06-13 11:00:32,2.49,,
SPY250613P00599000,2025-06-13 11:00:36,1.41,,
SPY250613P00600000,2025-06-13 11:00:36,1.93,,
SPY250613P00601000,2025-06-13 11:00:36,2.49,,
SPY250613P00599000,2025-06-13 11:00:40,1.39,,
SPY250613P00600000,2025-06-13 11:00:40,1.85,,
SPY250613P00601000,2025-06-13 11:00:40,2.53,,
SPY250613P00599000,2025-06-13 11:00:44,1.42,,
SPY250613P00600000,2025-06-13 11:00:44,1.93,,
SPY250613P00601000,2025-06-13 11:00:44,2.55,,
SPY250613P00599000,2025-06-13 11:00:48,1.48,,
SPY250613P00600000,2025-06-13 11:00:48,1.939,,
SPY250613P00601000,2025-06-13 11:00:48,2.64,,
SPY250613P00599000,2025-06-13 11:00:52,1.47,,
SPY250613P00600000,2025-06-13 11:00:52,1.989,,
SPY250613P00601000,2025-06-13 11:00:52,2.61,,
SPY250613P00599000,2025-06-13 11:00:56,1.48,,
SPY250613P00600000,2025-06-13 11:00:56,1.989,,
SPY250613P00601000,2025-06-13 11:00:56,2.61,,
SPY250613P00599000,2025-06-13 11:01:00,1.44,,
SPY250613P00600000,2025-06-13 11:01:00,1.98,,
SPY250613P00601000,2025-06-13 11:01:00,2.57,,
SPY250613P00599000,2025-06-13 11:01:04,1.39,,
SPY250613P00600000,2025-06-13 11:01:04,1.97,,
SPY250613P00601000,2025-06-13 11:01:04,2.57,,
SPY250613P00599000,2025-06-13 11:01:09,1.43,,
SPY250613P00600000,2025-06-13 11:01:09,1.889,,
SPY250613P00601000,2025-06-13 11:01:09,2.56,,
SPY250613P00599000,2025-06-13 11:01:13,1.43,,
SPY250613P00600000,2025-06-13 11:01:13,1.889,,
SPY250613P00601000,2025-06-13 11:01:13,2.56,,
SPY250613P00599000,2025-06-13 11:01:17,1.38,,
SPY250613P00600000,2025-06-13 11:01:17,1.91,,
SPY250613P00601000,2025-06-13 11:01:17,2.52,,
SPY250613P00599000,2025-06-13 11:01:21,1.44,,
SPY250613P00600000,2025-06-13 11:01:21,1.97,,
SPY250613P00601000,2025-06-13 11:01:21,2.57,,
SPY250613P00599000,2025-06-13 11:01:25,1.48,,
SPY250613P00600000,2025-06-13 11:01:25,1.939,,
SPY250613P00601000,2025-06-13 11:01:25,2.57,,
SPY250613P00599000,2025-06-13 11:01:29,1.43,,
SPY250613P00600000,2025-06-13 11:01:29,2.0,,
SPY250613P00601000,2025-06-13 11:01:29,2.57,,
SPY250613P00599000,2025-06-13 11:01:33,1.45,,
SPY250613P00600000,2025-06-13 11:01:33,2.03,,
SPY250613P00601000,2025-06-13 11:01:33,2.68,,
SPY250613P00599000,2025-06-13 11:01:37,1.47,,
SPY250613P00600000,2025-06-13 11:01:37,2.039,,
SPY250613P00601000,2025-06-13 11:01:37,2.68,,
SPY250613P00599000,2025-06-13 11:01:41,1.47,,
SPY250613P00600000,2025-06-13 11:01:41,1.98,,
SPY250613P00601000,2025-06-13 11:01:41,2.68,,
SPY250613P00599000,2025-06-13 11:01:45,1.45,,
SPY250613P00600000,2025-06-13 11:01:45,1.97,,
SPY250613P00601000,2025-06-13 11:01:45,2.68,,
SPY250613P00599000,2025-06-13 11:01:49,1.43,,
SPY250613P00600000,2025-06-13 11:01:49,1.989,,
SPY250613P00601000,2025-06-13 11:01:49,2.65,,
SPY250613P00599000,2025-06-13 11:01:53,1.47,,
SPY250613P00600000,2025-06-13 11:01:53,1.989,,
SPY250613P00601000,2025-06-13 11:01:53,2.65,,
SPY250613P00599000,2025-06-13 11:01:57,1.48,,
SPY250613P00600000,2025-06-13 11:01:57,2.01,,
SPY250613P00601000,2025-06-13 11:01:57,2.65,,
SPY250613P00599000,2025-06-13 11:02:01,1.46,,
SPY250613P00600000,2025-06-13 11:02:01,1.96,,
SPY250613P00601000,2025-06-13 11:02:01,2.54,,
SPY250613P00599000,2025-06-13 11:02:05,1.4,,
SPY250613P00600000,2025-06-13 11:02:05,1.95,,
SPY250613P00601000,2025-06-13 11:02:05,2.52,,
SPY250613P00599000,2025-06-13 11:02:09,1.46,,
SPY250613P00600000,2025-06-13 11:02:09,1.97,,
SPY250613P00601000,2025-06-13 11:02:09,2.61,,
SPY250613P00599000,2025-06-13 11:02:14,1.43,,
SPY250613P00600000,2025-06-13 11:02:14,1.88,,
SPY250613P00601000,2025-06-13 11:02:14,2.57,,
SPY250613P00599000,2025-06-13 11:02:18,1.39,,
SPY250613P00600000,2025-06-13 11:02:18,1.88,,
SPY250613P00601000,2025-06-13 11:02:18,2.57,,
SPY250613P00599000,2025-06-13 11:02:22,1.38,,
SPY250613P00600000,2025-06-13 11:02:22,1.83,,
SPY250613P00601000,2025-06-13 11:02:22,2.48,,
SPY250613P00599000,2025-06-13 11:02:26,1.33,,
SPY250613P00600000,2025-06-13 11:02:26,1.86,,
SPY250613P00601000,2025-06-13 11:02:26,2.48,,
SPY250613P00599000,2025-06-13 11:02:30,1.31,,
SPY250613P00600000,2025-06-13 11:02:30,1.83,,
SPY250613P00601000,2025-06-13 11:02:30,2.48,,
SPY250613P00599000,2025-06-13 11:02:34,1.41,,
SPY250613P00600000,2025-06-13 11:02:34,1.93,,
SPY250613P00601000,2025-06-13 11:02:34,2.54,,
SPY250613P00599000,2025-06-13 11:02:38,1.43,,
SPY250613P00600000,2025-06-13 11:02:38,1.93,,
SPY250613P00601000,2025-06-13 11:02:38,2.54,,
SPY250613P00599000,2025-06-13 11:02:42,1.4,,
SPY250613P00600000,2025-06-13 11:02:42,1.889,,
SPY250613P00601000,2025-06-13 11:02:42,2.54,,
SPY250613P00599000,2025-06-13 11:02:46,1.36,,
SPY250613P00600000,2025-06-13 11:02:46,1.889,,
SPY250613P00601000,2025-06-13 11:02:46,2.46,,
SPY250613P00599000,2025-06-13 11:02:50,1.38,,
SPY250613P00600000,2025-06-13 11:02:50,1.889,,
SPY250613P00601000,2025-06-13 11:02:50,2.47,,
SPY250613P00599000,2025-06-13 11:02:54,1.35,,
SPY250613P00600000,2025-06-13 11:02:54,1.82,,
SPY250613P00601000,2025-06-13 11:02:54,2.47,,
SPY250613P00599000,2025-06-13 11:02:58,1.35,,
SPY250613P00600000,2025-06-13 11:02:58,1.82,,
SPY250613P00601000,2025-06-13 11:02:58,2.42,,
SPY250613P00599000,2025-06-13 11:03:02,1.35,,
SPY250613P00600000,2025-06-13 11:03:02,1.81,,
SPY250613P00601000,2025-06-13 11:03:02,2.44,,
SPY250613P00599000,2025-06-13 11:03:06,1.37,,
SPY250613P00600000,2025-06-13 11:03:06,1.82,,
SPY250613P00601000,2025-06-13 11:03:06,2.44,,
SPY250613P00599000,2025-06-13 11:03:10,1.33,,
SPY250613P00600000,2025-06-13 11:03:10,1.87,,
SPY250613P00601000,2025-06-13 11:03:10,2.44,,
SPY250613P00599000,2025-06-13 11:03:14,1.32,,
SPY250613P00600000,2025-06-13 11:03:14,1.82,,
SPY250613P00601000,2025-06-13 11:03:14,2.44,,
SPY250613P00599000,2025-06-13 11:03:19,1.32,,
SPY250613P00600000,2025-06-13 11:03:19,1.81,,
SPY250613P00601000,2025-06-13 11:03:19,2.46,,
SPY250613P00599000,2025-06-13 11:03:23,1.36,,
SPY250613P00600000,2025-06-13 11:03:23,1.86,,
SPY250613P00601000,2025-06-13 11:03:23,2.46,,
SPY250613P00599000,2025-06-13 11:03:27,1.37,,
SPY250613P00600000,2025-06-13 11:03:27,1.86,,
SPY250613P00601000,2025-06-13 11:03:27,2.46,,
SPY250613P00599000,2025-06-13 11:03:31,1.35,,
SPY250613P00600000,2025-06-13 11:03:31,1.81,,
SPY250613P00601000,2025-06-13 11:03:31,2.46,,
SPY250613P00599000,2025-06-13 11:03:35,1.31,,
SPY250613P00600000,2025-06-13 11:03:35,1.78,,
SPY250613P00601000,2025-06-13 11:03:35,2.46,,
SPY250613P00599000,2025-06-13 11:03:39,1.32,,
SPY250613P00600000,2025-06-13 11:03:39,1.81,,
SPY250613P00601000,2025-06-13 11:03:39,2.43,,
SPY250613P00599000,2025-06-13 11:03:43,1.33,,
SPY250613P00600000,2025-06-13 11:03:43,1.81,,
SPY250613P00601000,2025-06-13 11:03:43,2.43,,
SPY250613P00599000,2025-06-13 11:03:47,1.3,,
SPY250613P00600000,2025-06-13 11:03:47,1.72,,
SPY250613P00601000,2025-06-13 11:03:47,2.43,,
SPY250613P00599000,2025-06-13 11:03:51,1.32,,
SPY250613P00600000,2025-06-13 11:03:51,1.789,,
SPY250613P00601000,2025-06-13 11:03:51,2.43,,
SPY250613P00599000,2025-06-13 11:03:55,1.33,,
SPY250613P00600000,2025-06-13 11:03:55,1.81,,
SPY250613P00601000,2025-06-13 11:03:55,2.42,,
SPY250613P00599000,2025-06-13 11:03:59,1.33,,
SPY250613P00600000,2025-06-13 11:03:59,1.83,,
SPY250613P00601000,2025-06-13 11:03:59,2.44,,
SPY250613P00599000,2025-06-13 11:04:03,1.32,,
SPY250613P00600000,2025-06-13 11:04:03,1.8,,
SPY250613P00601000,2025-06-13 11:04:03,2.44,,
SPY250613P00599000,2025-06-13 11:04:07,1.37,,
SPY250613P00600000,2025-06-13 11:04:07,1.83,,
SPY250613P00601000,2025-06-13 11:04:07,2.44,,
SPY250613P00599000,2025-06-13 11:04:11,1.35,,
SPY250613P00600000,2025-06-13 11:04:11,1.83,,
SPY250613P00601000,2025-06-13 11:04:11,2.45,,
SPY250613P00599000,2025-06-13 11:04:15,1.35,,
SPY250613P00600000,2025-06-13 11:04:15,1.789,,
SPY250613P00601000,2025-06-13 11:04:15,2.45,,
SPY250613P00599000,2025-06-13 11:04:19,1.35,,
SPY250613P00600000,2025-06-13 11:04:19,1.83,,
SPY250613P00601000,2025-06-13 11:04:19,2.44,,
SPY250613P00599000,2025-06-13 11:04:24,1.34,,
SPY250613P00600000,2025-06-13 11:04:24,1.82,,
SPY250613P00601000,2025-06-13 11:04:24,2.43,,
SPY250613P00599000,2025-06-13 11:04:28,1.33,,
SPY250613P00600000,2025-06-13 11:04:28,1.82,,
SPY250613P00601000,2025-06-13 11:04:28,2.43,,
SPY250613P00599000,2025-06-13 11:04:32,1.36,,
SPY250613P00600000,2025-06-13 11:04:32,1.85,,
SPY250613P00601000,2025-06-13 11:04:32,2.43,,
SPY250613P00599000,2025-06-13 11:04:36,1.33,,
SPY250613P00600000,2025-06-13 11:04:36,1.81,,
SPY250613P00601000,2025-06-13 11:04:36,2.43,,
SPY250613P00599000,2025-06-13 11:04:40,1.33,,
SPY250613P00600000,2025-06-13 11:04:40,1.789,,
SPY250613P00601000,2025-06-13 11:04:40,2.35,,
SPY250613P00599000,2025-06-13 11:04:44,1.31,,
SPY250613P00600000,2025-06-13 11:04:44,1.8,,
SPY250613P00601000,2025-06-13 11:04:44,2.35,,
SPY250613P00599000,2025-06-13 11:04:48,1.3,,
SPY250613P00600000,2025-06-13 11:04:48,1.73,,
SPY250613P00601000,2025-06-13 11:04:48,2.35,,
SPY250613P00599000,2025-06-13 11:04:52,1.31,,
SPY250613P00600000,2025-06-13 11:04:52,1.76,,
SPY250613P00601000,2025-06-13 11:04:52,2.32,,
SPY250613P00599000,2025-06-13 11:04:57,1.31,,
SPY250613P00600000,2025-06-13 11:04:57,1.75,,
SPY250613P00601000,2025-06-13 11:04:57,2.32,,
SPY250613P00599000,2025-06-13 11:05:01,1.29,,
SPY250613P00600000,2025-06-13 11:05:01,1.72,,
SPY250613P00601000,2025-06-13 11:05:01,2.32,,
SPY250613P00599000,2025-06-13 11:05:05,1.29,,
SPY250613P00600000,2025-06-13 11:05:05,1.77,,
SPY250613P00601000,2025-06-13 11:05:05,2.42,,
SPY250613P00599000,2025-06-13 11:05:09,1.3,,
SPY250613P00600000,2025-06-13 11:05:09,1.75,,
SPY250613P00601000,2025-06-13 11:05:09,2.42,,
SPY250613P00599000,2025-06-13 11:05:13,1.25,,
SPY250613P00600000,2025-06-13 11:05:13,1.71,,
SPY250613P00601000,2025-06-13 11:05:13,2.42,,
SPY250613P00599000,2025-06-13 11:05:17,1.26,,
SPY250613P00600000,2025-06-13 11:05:17,1.72,,
SPY250613P00601000,2025-06-13 11:05:17,2.42,,
SPY250613P00599000,2025-06-13 11:05:21,1.24,,
SPY250613P00600000,2025-06-13 11:05:21,1.7,,
SPY250613P00601000,2025-06-13 11:05:21,2.3,,
SPY250613P00599000,2025-06-13 11:05:25,1.23,,
SPY250613P00600000,2025-06-13 11:05:25,1.689,,
SPY250613P00601000,2025-06-13 11:05:25,2.3,,
SPY250613P00599000,2025-06-13 11:05:29,1.21,,
SPY250613P00600000,2025-06-13 11:05:29,1.62,,
SPY250613P00601000,2025-06-13 11:05:29,2.3,,
SPY250613P00599000,2025-06-13 11:05:33,1.21,,
SPY250613P00600000,2025-06-13 11:05:33,1.62,,
SPY250613P00601000,2025-06-13 11:05:33,2.25,,
SPY250613P00599000,2025-06-13 11:05:37,1.15,,
SPY250613P00600000,2025-06-13 11:05:37,1.65,,
SPY250613P00601000,2025-06-13 11:05:37,2.25,,
SPY250613P00599000,2025-06-13 11:05:41,1.18,,
SPY250613P00600000,2025-06-13 11:05:41,1.61,,
SPY250613P00601000,2025-06-13 11:05:41,2.25,,
SPY250613P00599000,2025-06-13 11:05:45,1.18,,
SPY250613P00600000,2025-06-13 11:05:45,1.61,,
SPY250613P00601000,2025-06-13 11:05:45,2.25,,
SPY250613P00599000,2025-06-13 11:05:49,1.18,,
SPY250613P00600000,2025-06-13 11:05:49,1.63,,
SPY250613P00601000,2025-06-13 11:05:49,2.25,,
SPY250613P00599000,2025-06-13 11:05:53,1.18,,
SPY250613P00600000,2025-06-13 11:05:53,1.62,,
SPY250613P00601000,2025-06-13 11:05:53,2.25,,
SPY250613P00599000,2025-06-13 11:05:57,1.15,,
SPY250613P00600000,2025-06-13 11:05:57,1.59,,
SPY250613P00601000,2025-06-13 11:05:57,2.25,,
SPY250613P00599000,2025-06-13 11:06:02,1.14,,
SPY250613P00600000,2025-06-13 11:06:02,1.54,,
SPY250613P00601000,2025-06-13 11:06:02,2.25,,
SPY250613P00599000,2025-06-13 11:06:06,1.16,,
SPY250613P00600000,2025-06-13 11:06:06,1.6,,
SPY250613P00601000,2025-06-13 11:06:06,2.25,,
SPY250613P00599000,2025-06-13 11:06:10,1.17,,
SPY250613P00600000,2025-06-13 11:06:10,1.639,,
SPY250613P00601000,2025-06-13 11:06:10,2.25,,
SPY250613P00599000,2025-06-13 11:06:14,1.2,,
SPY250613P00600000,2025-06-13 11:06:14,1.66,,
SPY250613P00601000,2025-06-13 11:06:14,2.23,,
SPY250613P00599000,2025-06-13 11:06:18,1.18,,
SPY250613P00600000,2025-06-13 11:06:18,1.63,,
SPY250613P00601000,2025-06-13 11:06:18,2.21,,
SPY250613P00599000,2025-06-13 11:06:22,1.18,,
SPY250613P00600000,2025-06-13 11:06:22,1.54,,
SPY250613P00601000,2025-06-13 11:06:22,2.21,,
SPY250613P00599000,2025-06-13 11:06:26,1.1,,
SPY250613P00600000,2025-06-13 11:06:26,1.53,,
SPY250613P00601000,2025-06-13 11:06:26,2.21,,
SPY250613P00599000,2025-06-13 11:06:30,1.1,,
SPY250613P00600000,2025-06-13 11:06:30,1.57,,
SPY250613P00601000,2025-06-13 11:06:30,2.21,,
SPY250613P00599000,2025-06-13 11:06:35,1.1,,
SPY250613P00600000,2025-06-13 11:06:35,1.57,,
SPY250613P00601000,2025-06-13 11:06:35,2.21,,
SPY250613P00599000,2025-06-13 11:06:39,1.19,,
SPY250613P00600000,2025-06-13 11:06:39,1.57,,
SPY250613P00601000,2025-06-13 11:06:39,2.21,,
SPY250613P00599000,2025-06-13 11:06:43,1.19,,
SPY250613P00600000,2025-06-13 11:06:43,1.57,,
SPY250613P00601000,2025-06-13 11:06:43,2.23,,
SPY250613P00599000,2025-06-13 11:06:47,1.19,,
SPY250613P00600000,2025-06-13 11:06:47,1.75,,
SPY250613P00601000,2025-06-13 11:06:47,2.3,,
SPY250613P00599000,2025-06-13 11:06:52,1.21,,
SPY250613P00600000,2025-06-13 11:06:52,1.68,,
SPY250613P00601000,2025-06-13 11:06:52,2.32,,
SPY250613P00599000,2025-06-13 11:06:56,1.19,,
SPY250613P00600000,2025-06-13 11:06:56,1.689,,
SPY250613P00601000,2025-06-13 11:06:56,2.32,,
SPY250613P00599000,2025-06-13 11:07:00,1.25,,
SPY250613P00600000,2025-06-13 11:07:00,1.689,,
SPY250613P00601000,2025-06-13 11:07:00,2.32,,
SPY250613P00599000,2025-06-13 11:07:04,1.24,,
SPY250613P00600000,2025-06-13 11:07:04,1.67,,
SPY250613P00601000,2025-06-13 11:07:04,2.27,,
SPY250613P00599000,2025-06-13 11:07:08,1.18,,
SPY250613P00600000,2025-06-13 11:07:08,1.58,,
SPY250613P00601000,2025-06-13 11:07:08,2.27,,
SPY250613P00599000,2025-06-13 11:07:13,1.18,,
SPY250613P00600000,2025-06-13 11:07:13,1.58,,
SPY250613P00601000,2025-06-13 11:07:13,2.27,,
SPY250613P00599000,2025-06-13 11:07:17,1.19,,
SPY250613P00600000,2025-06-13 11:07:17,1.58,,
SPY250613P00601000,2025-06-13 11:07:17,2.17,,
SPY250613P00599000,2025-06-13 11:07:21,1.18,,
SPY250613P00600000,2025-06-13 11:07:21,1.62,,
SPY250613P00601000,2025-06-13 11:07:21,2.2,,
SPY250613P00599000,2025-06-13 11:07:25,1.15,,
SPY250613P00600000,2025-06-13 11:07:25,1.55,,
SPY250613P00601000,2025-06-13 11:07:25,2.2,,
SPY250613P00599000,2025-06-13 11:07:29,1.19,,
SPY250613P00600000,2025-06-13 11:07:29,1.63,,
SPY250613P00601000,2025-06-13 11:07:29,2.2,,
SPY250613P00599000,2025-06-13 11:07:33,1.17,,
SPY250613P00600000,2025-06-13 11:07:33,1.639,,
SPY250613P00601000,2025-06-13 11:07:33,2.19,,
SPY250613P00599000,2025-06-13 11:07:37,1.15,,
SPY250613P00600000,2025-06-13 11:07:37,1.57,,
SPY250613P00601000,2025-06-13 11:07:37,2.13,,
SPY250613P00599000,2025-06-13 11:07:42,1.17,,
SPY250613P00600000,2025-06-13 11:07:42,1.57,,
SPY250613P00601000,2025-06-13 11:07:42,2.13,,
SPY250613P00599000,2025-06-13 11:07:46,1.16,,
SPY250613P00600000,2025-06-13 11:07:46,1.6,,
SPY250613P00601000,2025-06-13 11:07:46,2.13,,
SPY250613P00599000,2025-06-13 11:07:50,1.15,,
SPY250613P00600000,2025-06-13 11:07:50,1.61,,
SPY250613P00601000,2025-06-13 11:07:50,2.07,,
SPY250613P00599000,2025-06-13 11:07:54,1.15,,
SPY250613P00600000,2025-06-13 11:07:54,1.53,,
SPY250613P00601000,2025-06-13 11:07:54,2.1,,
SPY250613P00599000,2025-06-13 11:07:58,1.15,,
SPY250613P00600000,2025-06-13 11:07:58,1.53,,
SPY250613P00601000,2025-06-13 11:07:58,2.15,,
SPY250613P00599000,2025-06-13 11:08:02,1.13,,
SPY250613P00600000,2025-06-13 11:08:02,1.57,,
SPY250613P00601000,2025-06-13 11:08:02,2.13,,
SPY250613P00599000,2025-06-13 11:08:06,1.1,,
SPY250613P00600000,2025-06-13 11:08:06,1.58,,
SPY250613P00601000,2025-06-13 11:08:06,2.13,,
SPY250613P00599000,2025-06-13 11:08:10,1.1,,
SPY250613P00600000,2025-06-13 11:08:10,1.52,,
SPY250613P00601000,2025-06-13 11:08:10,2.15,,
SPY250613P00599000,2025-06-13 11:08:14,1.11,,
SPY250613P00600000,2025-06-13 11:08:14,1.55,,
SPY250613P00601000,2025-06-13 11:08:14,2.15,,
SPY250613P00599000,2025-06-13 11:08:18,1.13,,
SPY250613P00600000,2025-06-13 11:08:18,1.56,,
SPY250613P00601000,2025-06-13 11:08:18,2.1,,
SPY250613P00599000,2025-06-13 11:08:22,1.12,,
SPY250613P00600000,2025-06-13 11:08:22,1.58,,
SPY250613P00601000,2025-06-13 11:08:22,2.1,,
SPY250613P00599000,2025-06-13 11:08:26,1.07,,
SPY250613P00600000,2025-06-13 11:08:26,1.54,,
SPY250613P00601000,2025-06-13 11:08:26,2.1,,
SPY250613P00599000,2025-06-13 11:08:30,1.12,,
SPY250613P00600000,2025-06-13 11:08:30,1.55,,
SPY250613P00601000,2025-06-13 11:08:30,2.11,,
SPY250613P00599000,2025-06-13 11:08:34,1.07,,
SPY250613P00600000,2025-06-13 11:08:34,1.56,,
SPY250613P00601000,2025-06-13 11:08:34,2.1,,
SPY250613P00599000,2025-06-13 11:08:38,1.08,,
SPY250613P00600000,2025-06-13 11:08:38,1.55,,
SPY250613P00601000,2025-06-13 11:08:38,2.1,,
SPY250613P00599000,2025-06-13 11:08:42,1.13,,
SPY250613P00600000,2025-06-13 11:08:42,1.56,,
SPY250613P00601000,2025-06-13 11:08:42,2.11,,
SPY250613P00599000,2025-06-13 11:08:46,1.12,,
SPY250613P00600000,2025-06-13 11:08:46,1.55,,
SPY250613P00601000,2025-06-13 11:08:46,2.11,,
SPY250613P00599000,2025-06-13 11:08:50,1.12,,
SPY250613P00600000,2025-06-13 11:08:50,1.51,,
SPY250613P00601000,2025-06-13 11:08:50,2.13,,
SPY250613P00599000,2025-06-13 11:08:54,1.14,,
SPY250613P00600000,2025-06-13 11:08:54,1.57,,
SPY250613P00601000,2025-06-13 11:08:54,2.1,,
SPY250613P00599000,2025-06-13 11:08:58,1.14,,
SPY250613P00600000,2025-06-13 11:08:58,1.54,,
SPY250613P00601000,2025-06-13 11:08:58,2.13,,
SPY250613P00599000,2025-06-13 11:09:02,1.14,,
SPY250613P00600000,2025-06-13 11:09:02,1.57,,
SPY250613P00601000,2025-06-13 11:09:02,2.15,,
SPY250613P00599000,2025-06-13 11:09:06,1.12,,
SPY250613P00600000,2025-06-13 11:09:06,1.56,,
SPY250613P00601000,2025-06-13 11:09:06,2.13,,
SPY250613P00599000,2025-06-13 11:09:11,1.13,,
SPY250613P00600000,2025-06-13 11:09:11,1.53,,
SPY250613P00601000,2025-06-13 11:09:11,2.15,,
SPY250613P00599000,2025-06-13 11:09:15,1.13,,
SPY250613P00600000,2025-06-13 11:09:15,1.57,,
SPY250613P00601000,2025-06-13 11:09:15,2.14,,
SPY250613P00599000,2025-06-13 11:09:19,1.12,,
SPY250613P00600000,2025-06-13 11:09:19,1.5,,
SPY250613P00601000,2025-06-13 11:09:19,2.05,,
SPY250613P00599000,2025-06-13 11:09:23,1.12,,
SPY250613P00600000,2025-06-13 11:09:23,1.55,,
SPY250613P00601000,2025-06-13 11:09:23,2.05,,
SPY250613P00599000,2025-06-13 11:09:27,1.13,,
SPY250613P00600000,2025-06-13 11:09:27,1.57,,
SPY250613P00601000,2025-06-13 11:09:27,2.14,,
SPY250613P00599000,2025-06-13 11:09:31,1.11,,
SPY250613P00600000,2025-06-13 11:09:31,1.5,,
SPY250613P00601000,2025-06-13 11:09:31,2.15,,
SPY250613P00599000,2025-06-13 11:09:35,1.11,,
SPY250613P00600000,2025-06-13 11:09:35,1.58,,
SPY250613P00601000,2025-06-13 11:09:35,2.17,,
SPY250613P00599000,2025-06-13 11:09:39,1.17,,
SPY250613P00600000,2025-06-13 11:09:39,1.57,,
SPY250613P00601000,2025-06-13 11:09:39,2.2,,
SPY250613P00599000,2025-06-13 11:09:43,1.16,,
SPY250613P00600000,2025-06-13 11:09:43,1.6,,
SPY250613P00601000,2025-06-13 11:09:43,2.17,,
SPY250613P00599000,2025-06-13 11:09:47,1.17,,
SPY250613P00600000,2025-06-13 11:09:47,1.58,,
SPY250613P00601000,2025-06-13 11:09:47,2.22,,
SPY250613P00599000,2025-06-13 11:09:51,1.13,,
SPY250613P00600000,2025-06-13 11:09:51,1.61,,
SPY250613P00601000,2025-06-13 11:09:51,2.22,,
SPY250613P00599000,2025-06-13 11:09:55,1.14,,
SPY250613P00600000,2025-06-13 11:09:55,1.639,,
SPY250613P00601000,2025-06-13 11:09:55,2.24,,
SPY250613P00599000,2025-06-13 11:09:59,1.15,,
SPY250613P00600000,2025-06-13 11:09:59,1.639,,
SPY250613P00601000,2025-06-13 11:09:59,2.24,,
SPY250613P00599000,2025-06-13 11:10:03,1.19,,
SPY250613P00600000,2025-06-13 11:10:03,1.65,,
SPY250613P00601000,2025-06-13 11:10:03,2.2,,
SPY250613P00599000,2025-06-13 11:10:07,1.18,,
SPY250613P00600000,2025-06-13 11:10:07,1.639,,
SPY250613P00601000,2025-06-13 11:10:07,2.24,,
SPY250613P00599000,2025-06-13 11:10:11,1.15,,
SPY250613P00600000,2025-06-13 11:10:11,1.63,,
SPY250613P00601000,2025-06-13 11:10:11,2.15,,
SPY250613P00599000,2025-06-13 11:10:16,1.16,,
SPY250613P00600000,2025-06-13 11:10:16,1.63,,
SPY250613P00601000,2025-06-13 11:10:16,2.13,,
SPY250613P00599000,2025-06-13 11:10:20,1.16,,
SPY250613P00600000,2025-06-13 11:10:20,1.57,,
SPY250613P00601000,2025-06-13 11:10:20,2.2,,
SPY250613P00599000,2025-06-13 11:10:25,1.15,,
SPY250613P00600000,2025-06-13 11:10:25,1.55,,
SPY250613P00601000,2025-06-13 11:10:25,2.14,,
SPY250613P00599000,2025-06-13 11:10:29,1.16,,
SPY250613P00600000,2025-06-13 11:10:29,1.57,,
SPY250613P00601000,2025-06-13 11:10:29,2.19,,
SPY250613P00599000,2025-06-13 11:10:33,1.16,,
SPY250613P00600000,2025-06-13 11:10:33,1.61,,
SPY250613P00601000,2025-06-13 11:10:33,2.2,,
SPY250613P00599000,2025-06-13 11:10:37,1.23,,
SPY250613P00600000,2025-06-13 11:10:37,1.7,,
SPY250613P00601000,2025-06-13 11:10:37,2.3,,
SPY250613P00599000,2025-06-13 11:10:41,1.22,,
SPY250613P00600000,2025-06-13 11:10:41,1.639,,
SPY250613P00601000,2025-06-13 11:10:41,2.3,,
SPY250613P00599000,2025-06-13 11:10:45,1.23,,
SPY250613P00600000,2025-06-13 11:10:45,1.689,,
SPY250613P00601000,2025-06-13 11:10:45,2.3,,
SPY250613P00599000,2025-06-13 11:10:49,1.28,,
SPY250613P00600000,2025-06-13 11:10:49,1.71,,
SPY250613P00601000,2025-06-13 11:10:49,2.37,,
SPY250613P00599000,2025-06-13 11:10:53,1.3,,
SPY250613P00600000,2025-06-13 11:10:53,1.77,,
SPY250613P00601000,2025-06-13 11:10:53,2.38,,
SPY250613P00599000,2025-06-13 11:10:57,1.29,,
SPY250613P00600000,2025-06-13 11:10:57,1.81,,
SPY250613P00601000,2025-06-13 11:10:57,2.37,,
SPY250613P00599000,2025-06-13 11:11:01,1.34,,
SPY250613P00600000,2025-06-13 11:11:01,1.83,,
SPY250613P00601000,2025-06-13 11:11:01,2.39,,
SPY250613P00599000,2025-06-13 11:11:05,1.33,,
SPY250613P00600000,2025-06-13 11:11:05,1.77,,
SPY250613P00601000,2025-06-13 11:11:05,2.4,,
SPY250613P00599000,2025-06-13 11:11:09,1.28,,
SPY250613P00600000,2025-06-13 11:11:09,1.82,,
SPY250613P00601000,2025-06-13 11:11:09,2.41,,
SPY250613P00599000,2025-06-13 11:11:13,1.36,,
SPY250613P00600000,2025-06-13 11:11:13,1.86,,
SPY250613P00601000,2025-06-13 11:11:13,2.5,,
SPY250613P00599000,2025-06-13 11:11:17,1.27,,
SPY250613P00600000,2025-06-13 11:11:17,1.75,,
SPY250613P00601000,2025-06-13 11:11:17,2.33,,
SPY250613P00599000,2025-06-13 11:11:21,1.27,,
SPY250613P00600000,2025-06-13 11:11:21,1.739,,
SPY250613P00601000,2025-06-13 11:11:21,2.29,,
SPY250613P00599000,2025-06-13 11:11:26,1.22,,
SPY250613P00600000,2025-06-13 11:11:26,1.739,,
SPY250613P00601000,2025-06-13 11:11:26,2.29,,
SPY250613P00599000,2025-06-13 11:11:30,1.23,,
SPY250613P00600000,2025-06-13 11:11:30,1.68,,
SPY250613P00601000,2025-06-13 11:11:30,2.29,,
SPY250613P00599000,2025-06-13 11:11:34,1.32,,
SPY250613P00600000,2025-06-13 11:11:34,1.76,,
SPY250613P00601000,2025-06-13 11:11:34,2.41,,
SPY250613P00599000,2025-06-13 11:11:38,1.33,,
SPY250613P00600000,2025-06-13 11:11:38,1.8,,
SPY250613P00601000,2025-06-13 11:11:38,2.41,,
SPY250613P00599000,2025-06-13 11:11:42,1.26,,
SPY250613P00600000,2025-06-13 11:11:42,1.789,,
SPY250613P00601000,2025-06-13 11:11:42,2.41,,
SPY250613P00599000,2025-06-13 11:11:46,1.23,,
SPY250613P00600000,2025-06-13 11:11:46,1.75,,
SPY250613P00601000,2025-06-13 11:11:46,2.42,,
SPY250613P00599000,2025-06-13 11:11:50,1.26,,
SPY250613P00600000,2025-06-13 11:11:50,1.68,,
SPY250613P00601000,2025-06-13 11:11:50,2.28,,
SPY250613P00599000,2025-06-13 11:11:54,1.25,,
SPY250613P00600000,2025-06-13 11:11:54,1.73,,
SPY250613P00601000,2025-06-13 11:11:54,2.28,,
SPY250613P00599000,2025-06-13 11:11:58,1.27,,
SPY250613P00600000,2025-06-13 11:11:58,1.73,,
SPY250613P00601000,2025-06-13 11:11:58,2.28,,
SPY250613P00599000,2025-06-13 11:12:02,1.19,,
SPY250613P00600000,2025-06-13 11:12:02,1.67,,
SPY250613P00601000,2025-06-13 11:12:02,2.33,,
SPY250613P00599000,2025-06-13 11:12:06,1.2,,
SPY250613P00600000,2025-06-13 11:12:06,1.66,,
SPY250613P00601000,2025-06-13 11:12:06,2.2,,
SPY250613P00599000,2025-06-13 11:12:10,1.18,,
SPY250613P00600000,2025-06-13 11:12:10,1.639,,
SPY250613P00601000,2025-06-13 11:12:10,2.18,,
SPY250613P00599000,2025-06-13 11:12:14,1.21,,
SPY250613P00600000,2025-06-13 11:12:14,1.68,,
SPY250613P00601000,2025-06-13 11:12:14,2.21,,
SPY250613P00599000,2025-06-13 11:12:18,1.22,,
SPY250613P00600000,2025-06-13 11:12:18,1.66,,
SPY250613P00601000,2025-06-13 11:12:18,2.28,,
SPY250613P00599000,2025-06-13 11:12:22,1.22,,
SPY250613P00600000,2025-06-13 11:12:22,1.689,,
SPY250613P00601000,2025-06-13 11:12:22,2.28,,
SPY250613P00599000,2025-06-13 11:12:26,1.27,,
SPY250613P00600000,2025-06-13 11:12:26,1.73,,
SPY250613P00601000,2025-06-13 11:12:26,2.36,,
SPY250613P00599000,2025-06-13 11:12:30,1.25,,
SPY250613P00600000,2025-06-13 11:12:30,1.72,,
SPY250613P00601000,2025-06-13 11:12:30,2.3,,
SPY250613P00599000,2025-06-13 11:12:35,1.26,,
SPY250613P00600000,2025-06-13 11:12:35,1.72,,
SPY250613P00601000,2025-06-13 11:12:35,2.35,,
SPY250613P00599000,2025-06-13 11:12:39,1.25,,
SPY250613P00600000,2025-06-13 11:12:39,1.739,,
SPY250613P00601000,2025-06-13 11:12:39,2.34,,
SPY250613P00599000,2025-06-13 11:12:43,1.19,,
SPY250613P00600000,2025-06-13 11:12:43,1.739,,
SPY250613P00601000,2025-06-13 11:12:43,2.34,,
SPY250613P00599000,2025-06-13 11:12:47,1.19,,
SPY250613P00600000,2025-06-13 11:12:47,1.66,,
SPY250613P00601000,2025-06-13 11:12:47,2.26,,
SPY250613P00599000,2025-06-13 11:12:51,1.14,,
SPY250613P00600000,2025-06-13 11:12:51,1.639,,
SPY250613P00601000,2025-06-13 11:12:51,2.15,,
SPY250613P00599000,2025-06-13 11:12:55,1.2,,
SPY250613P00600000,2025-06-13 11:12:55,1.65,,
SPY250613P00601000,2025-06-13 11:12:55,2.15,,
SPY250613P00599000,2025-06-13 11:12:59,1.19,,
SPY250613P00600000,2025-06-13 11:12:59,1.639,,
SPY250613P00601000,2025-06-13 11:12:59,2.24,,
SPY250613P00599000,2025-06-13 11:13:03,1.2,,
SPY250613P00600000,2025-06-13 11:13:03,1.61,,
SPY250613P00601000,2025-06-13 11:13:03,2.24,,
SPY250613P00599000,2025-06-13 11:13:07,1.13,,
SPY250613P00600000,2025-06-13 11:13:07,1.58,,
SPY250613P00601000,2025-06-13 11:13:07,2.21,,
SPY250613P00599000,2025-06-13 11:13:11,1.16,,
SPY250613P00600000,2025-06-13 11:13:11,1.57,,
SPY250613P00601000,2025-06-13 11:13:11,2.21,,
SPY250613P00599000,2025-06-13 11:13:15,1.16,,
SPY250613P00600000,2025-06-13 11:13:15,1.61,,
SPY250613P00601000,2025-06-13 11:13:15,2.21,,
SPY250613P00599000,2025-06-13 11:13:19,1.18,,
SPY250613P00600000,2025-06-13 11:13:19,1.639,,
SPY250613P00601000,2025-06-13 11:13:19,2.24,,
SPY250613P00599000,2025-06-13 11:13:23,1.17,,
SPY250613P00600000,2025-06-13 11:13:23,1.62,,
SPY250613P00601000,2025-06-13 11:13:23,2.24,,
SPY250613P00599000,2025-06-13 11:13:27,1.16,,
SPY250613P00600000,2025-06-13 11:13:27,1.6,,
SPY250613P00601000,2025-06-13 11:13:27,2.24,,
SPY250613P00599000,2025-06-13 11:13:31,1.17,,
SPY250613P00600000,2025-06-13 11:13:31,1.63,,
SPY250613P00601000,2025-06-13 11:13:31,2.24,,
SPY250613P00599000,2025-06-13 11:13:35,1.24,,
SPY250613P00600000,2025-06-13 11:13:35,1.689,,
SPY250613P00601000,2025-06-13 11:13:35,2.24,,
SPY250613P00599000,2025-06-13 11:13:40,1.16,,
SPY250613P00600000,2025-06-13 11:13:40,1.689,,
SPY250613P00601000,2025-06-13 11:13:40,2.24,,
SPY250613P00599000,2025-06-13 11:13:44,1.13,,
SPY250613P00600000,2025-06-13 11:13:44,1.55,,
SPY250613P00601000,2025-06-13 11:13:44,2.17,,
SPY250613P00599000,2025-06-13 11:13:48,1.1,,
SPY250613P00600000,2025-06-13 11:13:48,1.48,,
SPY250613P00601000,2025-06-13 11:13:48,2.07,,
SPY250613P00599000,2025-06-13 11:13:52,1.07,,
SPY250613P00600000,2025-06-13 11:13:52,1.56,,
SPY250613P00601000,2025-06-13 11:13:52,2.06,,
SPY250613P00599000,2025-06-13 11:13:56,1.12,,
SPY250613P00600000,2025-06-13 11:13:56,1.53,,
SPY250613P00601000,2025-06-13 11:13:56,2.06,,
SPY250613P00599000,2025-06-13 11:14:00,1.09,,
SPY250613P00600000,2025-06-13 11:14:00,1.47,,
SPY250613P00601000,2025-06-13 11:14:00,2.07,,
SPY250613P00599000,2025-06-13 11:14:04,1.08,,
SPY250613P00600000,2025-06-13 11:14:04,1.47,,
SPY250613P00601000,2025-06-13 11:14:04,2.07,,
SPY250613P00599000,2025-06-13 11:14:08,1.15,,
SPY250613P00600000,2025-06-13 11:14:08,1.58,,
SPY250613P00601000,2025-06-13 11:14:08,2.09,,
SPY250613P00599000,2025-06-13 11:14:12,1.14,,
SPY250613P00600000,2025-06-13 11:14:12,1.57,,
SPY250613P00601000,2025-06-13 11:14:12,2.11,,
SPY250613P00599000,2025-06-13 11:14:16,1.09,,
SPY250613P00600000,2025-06-13 11:14:16,1.57,,
SPY250613P00601000,2025-06-13 11:14:16,2.17,,
SPY250613P00599000,2025-06-13 11:14:20,1.12,,
SPY250613P00600000,2025-06-13 11:14:20,1.56,,
SPY250613P00601000,2025-06-13 11:14:20,2.12,,
SPY250613P00599000,2025-06-13 11:14:24,1.11,,
SPY250613P00600000,2025-06-13 11:14:24,1.49,,
SPY250613P00601000,2025-06-13 11:14:24,2.09,,
SPY250613P00599000,2025-06-13 11:14:28,1.12,,
SPY250613P00600000,2025-06-13 11:14:28,1.51,,
SPY250613P00601000,2025-06-13 11:14:28,2.09,,
SPY250613P00599000,2025-06-13 11:14:32,1.06,,
SPY250613P00600000,2025-06-13 11:14:32,1.51,,
SPY250613P00601000,2025-06-13 11:14:32,2.09,,
SPY250613P00599000,2025-06-13 11:14:36,1.1,,
SPY250613P00600000,2025-06-13 11:14:36,1.53,,
SPY250613P00601000,2025-06-13 11:14:36,2.07,,
SPY250613P00599000,2025-06-13 11:14:41,1.11,,
SPY250613P00600000,2025-06-13 11:14:41,1.54,,
SPY250613P00601000,2025-06-13 11:14:41,2.07,,
SPY250613P00599000,2025-06-13 11:14:45,1.11,,
SPY250613P00600000,2025-06-13 11:14:45,1.54,,
SPY250613P00601000,2025-06-13 11:14:45,2.06,,
SPY250613P00599000,2025-06-13 11:14:49,1.11,,
SPY250613P00600000,2025-06-13 11:14:49,1.49,,
SPY250613P00601000,2025-06-13 11:14:49,2.11,,
SPY250613P00599000,2025-06-13 11:14:53,1.11,,
SPY250613P00600000,2025-06-13 11:14:53,1.53,,
SPY250613P00601000,2025-06-13 11:14:53,2.11,,
SPY250613P00599000,2025-06-13 11:14:57,1.08,,
SPY250613P00600000,2025-06-13 11:14:57,1.54,,
SPY250613P00601000,2025-06-13 11:14:57,2.11,,
SPY250613P00599000,2025-06-13 11:15:01,1.1,,
SPY250613P00600000,2025-06-13 11:15:01,1.53,,
SPY250613P00601000,2025-06-13 11:15:01,2.09,,
SPY250613P00599000,2025-06-13 11:15:05,1.07,,
SPY250613P00600000,2025-06-13 11:15:05,1.5,,
SPY250613P00601000,2025-06-13 11:15:05,2.09,,
SPY250613P00599000,2025-06-13 11:15:09,1.08,,
SPY250613P00600000,2025-06-13 11:15:09,1.56,,
SPY250613P00601000,2025-06-13 11:15:09,2.09,,
SPY250613P00599000,2025-06-13 11:15:13,1.1,,
SPY250613P00600000,2025-06-13 11:15:13,1.55,,
SPY250613P00601000,2025-06-13 11:15:13,2.09,,
SPY250613P00599000,2025-06-13 11:15:17,1.09,,
SPY250613P00600000,2025-06-13 11:15:17,1.51,,
SPY250613P00601000,2025-06-13 11:15:17,2.09,,
SPY250613P00599000,2025-06-13 11:15:21,1.04,,
SPY250613P00600000,2025-06-13 11:15:21,1.51,,
SPY250613P00601000,2025-06-13 11:15:21,2.07,,
SPY250613P00599000,2025-06-13 11:15:26,1.08,,
SPY250613P00600000,2025-06-13 11:15:26,1.39,,
SPY250613P00601000,2025-06-13 11:15:26,2.07,,
SPY250613P00599000,2025-06-13 11:15:31,1.01,,
SPY250613P00600000,2025-06-13 11:15:31,1.41,,
SPY250613P00601000,2025-06-13 11:15:31,2.07,,
SPY250613P00599000,2025-06-13 11:15:35,1.04,,
SPY250613P00600000,2025-06-13 11:15:35,1.42,,
SPY250613P00601000,2025-06-13 11:15:35,2.07,,
SPY250613P00599000,2025-06-13 11:15:39,1.01,,
SPY250613P00600000,2025-06-13 11:15:39,1.41,,
SPY250613P00601000,2025-06-13 11:15:39,2.07,,
SPY250613P00599000,2025-06-13 11:15:43,1.019,,
SPY250613P00600000,2025-06-13 11:15:43,1.42,,
SPY250613P00601000,2025-06-13 11:15:43,2.07,,
SPY250613P00599000,2025-06-13 11:15:47,1.019,,
SPY250613P00600000,2025-06-13 11:15:47,1.42,,
SPY250613P00601000,2025-06-13 11:15:47,1.939,,
SPY250613P00599000,2025-06-13 11:15:51,1.03,,
SPY250613P00600000,2025-06-13 11:15:51,1.45,,
SPY250613P00601000,2025-06-13 11:15:51,1.939,,
SPY250613P00599000,2025-06-13 11:15:55,1.019,,
SPY250613P00600000,2025-06-13 11:15:55,1.43,,
SPY250613P00601000,2025-06-13 11:15:55,1.939,,
SPY250613P00599000,2025-06-13 11:16:00,1.03,,
SPY250613P00600000,2025-06-13 11:16:00,1.44,,
SPY250613P00601000,2025-06-13 11:16:00,1.939,,
SPY250613P00599000,2025-06-13 11:16:04,1.01,,
SPY250613P00600000,2025-06-13 11:16:04,1.42,,
SPY250613P00601000,2025-06-13 11:16:04,1.95,,
SPY250613P00599000,2025-06-13 11:16:08,1.01,,
SPY250613P00600000,2025-06-13 11:16:08,1.41,,
SPY250613P00601000,2025-06-13 11:16:08,1.87,,
SPY250613P00599000,2025-06-13 11:16:12,1.01,,
SPY250613P00600000,2025-06-13 11:16:12,1.42,,
SPY250613P00601000,2025-06-13 11:16:12,1.96,,
SPY250613P00599000,2025-06-13 11:16:16,1.019,,
SPY250613P00600000,2025-06-13 11:16:16,1.4,,
SPY250613P00601000,2025-06-13 11:16:16,1.96,,
SPY250613P00599000,2025-06-13 11:16:20,1.019,,
SPY250613P00600000,2025-06-13 11:16:20,1.39,,
SPY250613P00601000,2025-06-13 11:16:20,1.96,,
SPY250613P00599000,2025-06-13 11:16:24,1.03,,
SPY250613P00600000,2025-06-13 11:16:24,1.43,,
SPY250613P00601000,2025-06-13 11:16:24,1.96,,
SPY250613P00599000,2025-06-13 11:16:28,1.04,,
SPY250613P00600000,2025-06-13 11:16:28,1.43,,
SPY250613P00601000,2025-06-13 11:16:28,1.96,,
SPY250613P00599000,2025-06-13 11:16:32,1.0,,
SPY250613P00600000,2025-06-13 11:16:32,1.46,,
SPY250613P00601000,2025-06-13 11:16:32,1.96,,
SPY250613P00599000,2025-06-13 11:16:36,1.03,,
SPY250613P00600000,2025-06-13 11:16:36,1.45,,
SPY250613P00601000,2025-06-13 11:16:36,1.95,,
SPY250613P00599000,2025-06-13 11:16:42,1.019,,
SPY250613P00600000,2025-06-13 11:16:42,1.47,,
SPY250613P00601000,2025-06-13 11:16:42,1.95,,
SPY250613P00599000,2025-06-13 11:16:46,1.04,,
SPY250613P00600000,2025-06-13 11:16:46,1.4,,
SPY250613P00601000,2025-06-13 11:16:46,2.03,,
SPY250613P00599000,2025-06-13 11:16:51,1.03,,
SPY250613P00600000,2025-06-13 11:16:51,1.41,,
SPY250613P00601000,2025-06-13 11:16:51,2.03,,
SPY250613P00599000,2025-06-13 11:16:55,0.98,,
SPY250613P00600000,2025-06-13 11:16:55,1.43,,
SPY250613P00601000,2025-06-13 11:16:55,2.03,,
SPY250613P00599000,2025-06-13 11:16:59,0.98,,
SPY250613P00600000,2025-06-13 11:16:59,1.45,,
SPY250613P00601000,2025-06-13 11:16:59,1.95,,
SPY250613P00599000,2025-06-13 11:17:03,1.03,,
SPY250613P00600000,2025-06-13 11:17:03,1.43,,
SPY250613P00601000,2025-06-13 11:17:03,1.95,,
SPY250613P00599000,2025-06-13 11:17:07,0.99,,
SPY250613P00600000,2025-06-13 11:17:07,1.44,,
SPY250613P00601000,2025-06-13 11:17:07,1.95,,
SPY250613P00599000,2025-06-13 11:17:12,1.06,,
SPY250613P00600000,2025-06-13 11:17:12,1.46,,
SPY250613P00601000,2025-06-13 11:17:12,2.02,,
SPY250613P00599000,2025-06-13 11:17:16,1.05,,
SPY250613P00600000,2025-06-13 11:17:16,1.46,,
SPY250613P00601000,2025-06-13 11:17:16,2.02,,
SPY250613P00599000,2025-06-13 11:17:20,1.08,,
SPY250613P00600000,2025-06-13 11:17:20,1.46,,
SPY250613P00601000,2025-06-13 11:17:20,2.02,,
SPY250613P00599000,2025-06-13 11:17:24,1.11,,
SPY250613P00600000,2025-06-13 11:17:24,1.5,,
SPY250613P00601000,2025-06-13 11:17:24,2.14,,
SPY250613P00599000,2025-06-13 11:17:29,1.04,,
SPY250613P00600000,2025-06-13 11:17:29,1.52,,
SPY250613P00601000,2025-06-13 11:17:29,2.1,,
SPY250613P00599000,2025-06-13 11:17:33,1.09,,
SPY250613P00600000,2025-06-13 11:17:33,1.52,,
SPY250613P00601000,2025-06-13 11:17:33,2.1,,
SPY250613P00599000,2025-06-13 11:17:37,1.09,,
SPY250613P00600000,2025-06-13 11:17:37,1.52,,
SPY250613P00601000,2025-06-13 11:17:37,2.1,,
SPY250613P00599000,2025-06-13 11:17:41,1.11,,
SPY250613P00600000,2025-06-13 11:17:41,1.52,,
SPY250613P00601000,2025-06-13 11:17:41,2.13,,
SPY250613P00599000,2025-06-13 11:17:45,1.11,,
SPY250613P00600000,2025-06-13 11:17:45,1.53,,
SPY250613P00601000,2025-06-13 11:17:45,2.13,,
SPY250613P00599000,2025-06-13 11:17:49,1.13,,
SPY250613P00600000,2025-06-13 11:17:49,1.55,,
SPY250613P00601000,2025-06-13 11:17:49,2.13,,
SPY250613P00599000,2025-06-13 11:17:53,1.14,,
SPY250613P00600000,2025-06-13 11:17:53,1.53,,
SPY250613P00601000,2025-06-13 11:17:53,2.17,,
SPY250613P00599000,2025-06-13 11:17:57,1.1,,
SPY250613P00600000,2025-06-13 11:17:57,1.54,,
SPY250613P00601000,2025-06-13 11:17:57,2.14,,
SPY250613P00599000,2025-06-13 11:18:01,1.15,,
SPY250613P00600000,2025-06-13 11:18:01,1.59,,
SPY250613P00601000,2025-06-13 11:18:01,2.14,,
SPY250613P00599000,2025-06-13 11:18:05,1.1,,
SPY250613P00600000,2025-06-13 11:18:05,1.58,,
SPY250613P00601000,2025-06-13 11:18:05,2.19,,
SPY250613P00599000,2025-06-13 11:18:09,1.16,,
SPY250613P00600000,2025-06-13 11:18:09,1.56,,
SPY250613P00601000,2025-06-13 11:18:09,2.19,,
SPY250613P00599000,2025-06-13 11:18:13,1.15,,
SPY250613P00600000,2025-06-13 11:18:13,1.57,,
SPY250613P00601000,2025-06-13 11:18:13,2.21,,
SPY250613P00599000,2025-06-13 11:18:17,1.15,,
SPY250613P00600000,2025-06-13 11:18:17,1.56,,
SPY250613P00601000,2025-06-13 11:18:17,2.18,,
SPY250613P00599000,2025-06-13 11:18:21,1.13,,
SPY250613P00600000,2025-06-13 11:18:21,1.56,,
SPY250613P00601000,2025-06-13 11:18:21,2.18,,
SPY250613P00599000,2025-06-13 11:18:25,1.12,,
SPY250613P00600000,2025-06-13 11:18:25,1.52,,
SPY250613P00601000,2025-06-13 11:18:25,2.14,,
SPY250613P00599000,2025-06-13 11:18:30,1.12,,
SPY250613P00600000,2025-06-13 11:18:30,1.55,,
SPY250613P00601000,2025-06-13 11:18:30,2.12,,
SPY250613P00599000,2025-06-13 11:18:34,1.12,,
SPY250613P00600000,2025-06-13 11:18:34,1.58,,
SPY250613P00601000,2025-06-13 11:18:34,2.15,,
SPY250613P00599000,2025-06-13 11:18:38,1.1,,
SPY250613P00600000,2025-06-13 11:18:38,1.57,,
SPY250613P00601000,2025-06-13 11:18:38,2.15,,
SPY250613P00599000,2025-06-13 11:18:42,1.07,,
SPY250613P00600000,2025-06-13 11:18:42,1.53,,
SPY250613P00601000,2025-06-13 11:18:42,2.15,,
SPY250613P00599000,2025-06-13 11:18:46,1.07,,
SPY250613P00600000,2025-06-13 11:18:46,1.54,,
SPY250613P00601000,2025-06-13 11:18:46,2.15,,
SPY250613P00599000,2025-06-13 11:18:50,1.06,,
SPY250613P00600000,2025-06-13 11:18:50,1.49,,
SPY250613P00601000,2025-06-13 11:18:50,2.15,,
SPY250613P00599000,2025-06-13 11:18:54,1.09,,
SPY250613P00600000,2025-06-13 11:18:54,1.54,,
SPY250613P00601000,2025-06-13 11:18:54,2.08,,
SPY250613P00599000,2025-06-13 11:18:58,1.06,,
SPY250613P00600000,2025-06-13 11:18:58,1.47,,
SPY250613P00601000,2025-06-13 11:18:58,2.01,,
SPY250613P00599000,2025-06-13 11:19:02,1.07,,
SPY250613P00600000,2025-06-13 11:19:02,1.49,,
SPY250613P00601000,2025-06-13 11:19:02,2.01,,
SPY250613P00599000,2025-06-13 11:19:06,1.07,,
SPY250613P00600000,2025-06-13 11:19:06,1.48,,
SPY250613P00601000,2025-06-13 11:19:06,2.03,,
SPY250613P00599000,2025-06-13 11:19:10,1.019,,
SPY250613P00600000,2025-06-13 11:19:10,1.49,,
SPY250613P00601000,2025-06-13 11:19:10,2.03,,
SPY250613P00599000,2025-06-13 11:19:14,1.06,,
SPY250613P00600000,2025-06-13 11:19:14,1.49,,
SPY250613P00601000,2025-06-13 11:19:14,2.03,,
SPY250613P00599000,2025-06-13 11:19:18,1.06,,
SPY250613P00600000,2025-06-13 11:19:18,1.42,,
SPY250613P00601000,2025-06-13 11:19:18,2.03,,
SPY250613P00599000,2025-06-13 11:19:22,1.019,,
SPY250613P00600000,2025-06-13 11:19:22,1.46,,
SPY250613P00601000,2025-06-13 11:19:22,2.03,,
SPY250613P00599000,2025-06-13 11:19:26,1.07,,
SPY250613P00600000,2025-06-13 11:19:26,1.46,,
SPY250613P00601000,2025-06-13 11:19:26,2.039,,
SPY250613P00599000,2025-06-13 11:19:30,1.08,,
SPY250613P00600000,2025-06-13 11:19:30,1.51,,
SPY250613P00601000,2025-06-13 11:19:30,2.039,,
SPY250613P00599000,2025-06-13 11:19:35,1.06,,
SPY250613P00600000,2025-06-13 11:19:35,1.47,,
SPY250613P00601000,2025-06-13 11:19:35,1.98,,
SPY250613P00599000,2025-06-13 11:19:39,1.05,,
SPY250613P00600000,2025-06-13 11:19:39,1.44,,
SPY250613P00601000,2025-06-13 11:19:39,1.98,,
SPY250613P00599000,2025-06-13 11:19:43,0.99,,
SPY250613P00600000,2025-06-13 11:19:43,1.4,,
SPY250613P00601000,2025-06-13 11:19:43,1.98,,
SPY250613P00599000,2025-06-13 11:19:47,1.03,,
SPY250613P00600000,2025-06-13 11:19:47,1.44,,
SPY250613P00601000,2025-06-13 11:19:47,1.98,,
SPY250613P00599000,2025-06-13 11:19:51,0.969,,
SPY250613P00600000,2025-06-13 11:19:51,1.37,,
SPY250613P00601000,2025-06-13 11:19:51,1.98,,
SPY250613P00599000,2025-06-13 11:19:55,1.0,,
SPY250613P00600000,2025-06-13 11:19:55,1.36,,
SPY250613P00601000,2025-06-13 11:19:55,1.98,,
SPY250613P00599000,2025-06-13 11:19:59,0.98,,
SPY250613P00600000,2025-06-13 11:19:59,1.36,,
SPY250613P00601000,2025-06-13 11:19:59,1.98,,
SPY250613P00599000,2025-06-13 11:20:03,0.95,,
SPY250613P00600000,2025-06-13 11:20:03,1.33,,
SPY250613P00601000,2025-06-13 11:20:03,1.98,,
SPY250613P00599000,2025-06-13 11:20:07,0.94,,
SPY250613P00600000,2025-06-13 11:20:07,1.28,,
SPY250613P00601000,2025-06-13 11:20:07,1.8,,
SPY250613P00599000,2025-06-13 11:20:11,0.94,,
SPY250613P00600000,2025-06-13 11:20:11,1.32,,
SPY250613P00601000,2025-06-13 11:20:11,1.839,,
SPY250613P00599000,2025-06-13 11:20:15,0.93,,
SPY250613P00600000,2025-06-13 11:20:15,1.32,,
SPY250613P00601000,2025-06-13 11:20:15,1.839,,
SPY250613P00599000,2025-06-13 11:20:19,0.919,,
SPY250613P00600000,2025-06-13 11:20:19,1.3,,
SPY250613P00601000,2025-06-13 11:20:19,1.82,,
SPY250613P00599000,2025-06-13 11:20:23,0.94,,
SPY250613P00600000,2025-06-13 11:20:23,1.33,,
SPY250613P00601000,2025-06-13 11:20:23,1.82,,
SPY250613P00599000,2025-06-13 11:20:27,0.94,,
SPY250613P00600000,2025-06-13 11:20:27,1.32,,
SPY250613P00601000,2025-06-13 11:20:27,1.85,,
SPY250613P00599000,2025-06-13 11:20:31,0.93,,
SPY250613P00600000,2025-06-13 11:20:31,1.31,,
SPY250613P00601000,2025-06-13 11:20:31,1.83,,
SPY250613P00599000,2025-06-13 11:20:35,0.9,,
SPY250613P00600000,2025-06-13 11:20:35,1.32,,
SPY250613P00601000,2025-06-13 11:20:35,1.8,,
SPY250613P00599000,2025-06-13 11:20:40,0.95,,
SPY250613P00600000,2025-06-13 11:20:40,1.35,,
SPY250613P00601000,2025-06-13 11:20:40,1.85,,
SPY250613P00599000,2025-06-13 11:20:44,0.95,,
SPY250613P00600000,2025-06-13 11:20:44,1.38,,
SPY250613P00601000,2025-06-13 11:20:44,1.93,,
SPY250613P00599000,2025-06-13 11:20:49,0.98,,
SPY250613P00600000,2025-06-13 11:20:49,1.36,,
SPY250613P00601000,2025-06-13 11:20:49,1.92,,
SPY250613P00599000,2025-06-13 11:20:53,0.969,,
SPY250613P00600000,2025-06-13 11:20:53,1.37,,
SPY250613P00601000,2025-06-13 11:20:53,1.9,,
SPY250613P00599000,2025-06-13 11:20:57,0.99,,
SPY250613P00600000,2025-06-13 11:20:57,1.39,,
SPY250613P00601000,2025-06-13 11:20:57,1.86,,
SPY250613P00599000,2025-06-13 11:21:01,0.99,,
SPY250613P00600000,2025-06-13 11:21:01,1.39,,
SPY250613P00601000,2025-06-13 11:21:01,1.88,,
SPY250613P00599000,2025-06-13 11:21:05,0.99,,
SPY250613P00600000,2025-06-13 11:21:05,1.39,,
SPY250613P00601000,2025-06-13 11:21:05,1.93,,
SPY250613P00599000,2025-06-13 11:21:09,0.99,,
SPY250613P00600000,2025-06-13 11:21:09,1.4,,
SPY250613P00601000,2025-06-13 11:21:09,1.939,,
SPY250613P00599000,2025-06-13 11:21:13,0.99,,
SPY250613P00600000,2025-06-13 11:21:13,1.4,,
SPY250613P00601000,2025-06-13 11:21:13,1.93,,
SPY250613P00599000,2025-06-13 11:21:17,0.99,,
SPY250613P00600000,2025-06-13 11:21:17,1.39,,
SPY250613P00601000,2025-06-13 11:21:17,1.95,,
SPY250613P00599000,2025-06-13 11:21:21,0.98,,
SPY250613P00600000,2025-06-13 11:21:21,1.38,,
SPY250613P00601000,2025-06-13 11:21:21,1.92,,
SPY250613P00599000,2025-06-13 11:21:25,0.98,,
SPY250613P00600000,2025-06-13 11:21:25,1.37,,
SPY250613P00601000,2025-06-13 11:21:25,1.93,,
SPY250613P00599000,2025-06-13 11:21:29,0.93,,
SPY250613P00600000,2025-06-13 11:21:29,1.31,,
SPY250613P00601000,2025-06-13 11:21:29,1.839,,
SPY250613P00599000,2025-06-13 11:21:34,0.95,,
SPY250613P00600000,2025-06-13 11:21:34,1.3,,
SPY250613P00601000,2025-06-13 11:21:34,1.86,,
SPY250613P00599000,2025-06-13 11:21:38,0.96,,
SPY250613P00600000,2025-06-13 11:21:38,1.35,,
SPY250613P00601000,2025-06-13 11:21:38,1.889,,
SPY250613P00599000,2025-06-13 11:21:42,0.96,,
SPY250613P00600000,2025-06-13 11:21:42,1.3,,
SPY250613P00601000,2025-06-13 11:21:42,1.88,,
SPY250613P00599000,2025-06-13 11:21:46,0.969,,
SPY250613P00600000,2025-06-13 11:21:46,1.32,,
SPY250613P00601000,2025-06-13 11:21:46,1.88,,
SPY250613P00599000,2025-06-13 11:21:50,0.919,,
SPY250613P00600000,2025-06-13 11:21:50,1.36,,
SPY250613P00601000,2025-06-13 11:21:50,1.88,,
SPY250613P00599000,2025-06-13 11:21:54,0.91,,
SPY250613P00600000,2025-06-13 11:21:54,1.33,,
SPY250613P00601000,2025-06-13 11:21:54,1.88,,
SPY250613P00599000,2025-06-13 11:21:58,0.9,,
SPY250613P00600000,2025-06-13 11:21:58,1.33,,
SPY250613P00601000,2025-06-13 11:21:58,1.88,,
SPY250613P00599000,2025-06-13 11:22:02,0.95,,
SPY250613P00600000,2025-06-13 11:22:02,1.35,,
SPY250613P00601000,2025-06-13 11:22:02,1.889,,
SPY250613P00599000,2025-06-13 11:22:06,0.95,,
SPY250613P00600000,2025-06-13 11:22:06,1.34,,
SPY250613P00601000,2025-06-13 11:22:06,1.86,,
SPY250613P00599000,2025-06-13 11:22:10,0.94,,
SPY250613P00600000,2025-06-13 11:22:10,1.33,,
SPY250613P00601000,2025-06-13 11:22:10,1.839,,
SPY250613P00599000,2025-06-13 11:22:14,0.94,,
SPY250613P00600000,2025-06-13 11:22:14,1.32,,
SPY250613P00601000,2025-06-13 11:22:14,1.82,,
SPY250613P00599000,2025-06-13 11:22:19,0.95,,
SPY250613P00600000,2025-06-13 11:22:19,1.3,,
SPY250613P00601000,2025-06-13 11:22:19,1.82,,
SPY250613P00599000,2025-06-13 11:22:23,0.919,,
SPY250613P00600000,2025-06-13 11:22:23,1.35,,
SPY250613P00601000,2025-06-13 11:22:23,1.82,,
SPY250613P00599000,2025-06-13 11:22:27,0.919,,
SPY250613P00600000,2025-06-13 11:22:27,1.36,,
SPY250613P00601000,2025-06-13 11:22:27,1.82,,
SPY250613P00599000,2025-06-13 11:22:31,0.94,,
SPY250613P00600000,2025-06-13 11:22:31,1.36,,
SPY250613P00601000,2025-06-13 11:22:31,1.82,,
SPY250613P00599000,2025-06-13 11:22:35,0.95,,
SPY250613P00600000,2025-06-13 11:22:35,1.34,,
SPY250613P00601000,2025-06-13 11:22:35,1.86,,
SPY250613P00599000,2025-06-13 11:22:39,0.91,,
SPY250613P00600000,2025-06-13 11:22:39,1.34,,
SPY250613P00601000,2025-06-13 11:22:39,1.87,,
SPY250613P00599000,2025-06-13 11:22:43,0.91,,
SPY250613P00600000,2025-06-13 11:22:43,1.33,,
SPY250613P00601000,2025-06-13 11:22:43,1.86,,
SPY250613P00599000,2025-06-13 11:22:47,0.91,,
SPY250613P00600000,2025-06-13 11:22:47,1.33,,
SPY250613P00601000,2025-06-13 11:22:47,1.81,,
SPY250613P00599000,2025-06-13 11:22:51,0.89,,
SPY250613P00600000,2025-06-13 11:22:51,1.33,,
SPY250613P00601000,2025-06-13 11:22:51,1.81,,
SPY250613P00599000,2025-06-13 11:22:55,0.71,,
SPY250613P00600000,2025-06-13 11:22:55,1.3,,
SPY250613P00601000,2025-06-13 11:22:55,1.739,,
SPY250613P00599000,2025-06-13 11:22:59,0.77,,
SPY250613P00600000,2025-06-13 11:22:59,1.06,,
SPY250613P00601000,2025-06-13 11:22:59,1.739,,
SPY250613P00599000,2025-06-13 11:23:03,0.8,,
SPY250613P00600000,2025-06-13 11:23:03,1.15,,
SPY250613P00601000,2025-06-13 11:23:03,1.63,,
SPY250613P00599000,2025-06-13 11:23:07,0.79,,
SPY250613P00600000,2025-06-13 11:23:07,1.15,,
SPY250613P00601000,2025-06-13 11:23:07,1.59,,
SPY250613P00599000,2025-06-13 11:23:11,0.869,,
SPY250613P00600000,2025-06-13 11:23:11,1.15,,
SPY250613P00601000,2025-06-13 11:23:11,1.59,,
SPY250613P00599000,2025-06-13 11:23:15,0.869,,
SPY250613P00600000,2025-06-13 11:23:15,1.19,,
SPY250613P00601000,2025-06-13 11:23:15,1.59,,
SPY250613P00599000,2025-06-13 11:23:20,0.819,,
SPY250613P00600000,2025-06-13 11:23:20,1.16,,
SPY250613P00601000,2025-06-13 11:23:20,1.66,,
SPY250613P00599000,2025-06-13 11:23:24,0.869,,
SPY250613P00600000,2025-06-13 11:23:24,1.22,,
SPY250613P00601000,2025-06-13 11:23:24,1.66,,
SPY250613P00599000,2025-06-13 11:23:28,0.819,,
SPY250613P00600000,2025-06-13 11:23:28,1.22,,
SPY250613P00601000,2025-06-13 11:23:28,1.65,,
SPY250613P00599000,2025-06-13 11:23:32,0.88,,
SPY250613P00600000,2025-06-13 11:23:32,1.22,,
SPY250613P00601000,2025-06-13 11:23:32,1.65,,
SPY250613P00599000,2025-06-13 11:23:36,0.89,,
SPY250613P00600000,2025-06-13 11:23:36,1.26,,
SPY250613P00601000,2025-06-13 11:23:36,1.76,,
SPY250613P00599000,2025-06-13 11:23:40,0.869,,
SPY250613P00600000,2025-06-13 11:23:40,1.22,,
SPY250613P00601000,2025-06-13 11:23:40,1.76,,
SPY250613P00599000,2025-06-13 11:23:44,0.85,,
SPY250613P00600000,2025-06-13 11:23:44,1.17,,
SPY250613P00601000,2025-06-13 11:23:44,1.76,,
SPY250613P00599000,2025-06-13 11:23:48,0.88,,
SPY250613P00600000,2025-06-13 11:23:48,1.23,,
SPY250613P00601000,2025-06-13 11:23:48,1.76,,
SPY250613P00599000,2025-06-13 11:23:52,0.88,,
SPY250613P00600000,2025-06-13 11:23:52,1.23,,
SPY250613P00601000,2025-06-13 11:23:52,1.72,,
SPY250613P00599000,2025-06-13 11:23:56,0.869,,
SPY250613P00600000,2025-06-13 11:23:56,1.18,,
SPY250613P00601000,2025-06-13 11:23:56,1.72,,
SPY250613P00599000,2025-06-13 11:24:00,0.88,,
SPY250613P00600000,2025-06-13 11:24:00,1.23,,
SPY250613P00601000,2025-06-13 11:24:00,1.639,,
SPY250613P00599000,2025-06-13 11:24:04,0.81,,
SPY250613P00600000,2025-06-13 11:24:04,1.19,,
SPY250613P00601000,2025-06-13 11:24:04,1.67,,
SPY250613P00599000,2025-06-13 11:24:08,0.84,,
SPY250613P00600000,2025-06-13 11:24:08,1.18,,
SPY250613P00601000,2025-06-13 11:24:08,1.67,,
SPY250613P00599000,2025-06-13 11:24:12,0.84,,
SPY250613P00600000,2025-06-13 11:24:12,1.12,,
SPY250613P00601000,2025-06-13 11:24:12,1.58,,
SPY250613P00599000,2025-06-13 11:24:16,0.85,,
SPY250613P00600000,2025-06-13 11:24:16,1.16,,
SPY250613P00601000,2025-06-13 11:24:16,1.62,,
SPY250613P00599000,2025-06-13 11:24:21,0.85,,
SPY250613P00600000,2025-06-13 11:24:21,1.2,,
SPY250613P00601000,2025-06-13 11:24:21,1.68,,
SPY250613P00599000,2025-06-13 11:24:25,0.84,,
SPY250613P00600000,2025-06-13 11:24:25,1.18,,
SPY250613P00601000,2025-06-13 11:24:25,1.68,,
SPY250613P00599000,2025-06-13 11:24:29,0.81,,
SPY250613P00600000,2025-06-13 11:24:29,1.19,,
SPY250613P00601000,2025-06-13 11:24:29,1.68,,
SPY250613P00599000,2025-06-13 11:24:33,0.84,,
SPY250613P00600000,2025-06-13 11:24:33,1.19,,
SPY250613P00601000,2025-06-13 11:24:33,1.68,,
SPY250613P00599000,2025-06-13 11:24:37,0.8,,
SPY250613P00600000,2025-06-13 11:24:37,1.18,,
SPY250613P00601000,2025-06-13 11:24:37,1.68,,
SPY250613P00599000,2025-06-13 11:24:41,0.8,,
SPY250613P00600000,2025-06-13 11:24:41,1.19,,
SPY250613P00601000,2025-06-13 11:24:41,1.68,,
SPY250613P00599000,2025-06-13 11:24:45,0.85,,
SPY250613P00600000,2025-06-13 11:24:45,1.2,,
SPY250613P00601000,2025-06-13 11:24:45,1.68,,
SPY250613P00599000,2025-06-13 11:24:49,0.869,,
SPY250613P00600000,2025-06-13 11:24:49,1.18,,
SPY250613P00601000,2025-06-13 11:24:49,1.7,,
SPY250613P00599000,2025-06-13 11:24:53,0.85,,
SPY250613P00600000,2025-06-13 11:24:53,1.26,,
SPY250613P00601000,2025-06-13 11:24:53,1.7,,
SPY250613P00599000,2025-06-13 11:24:57,0.9,,
SPY250613P00600000,2025-06-13 11:24:57,1.26,,
SPY250613P00601000,2025-06-13 11:24:57,1.7,,
SPY250613P00599000,2025-06-13 11:25:01,0.93,,
SPY250613P00600000,2025-06-13 11:25:01,1.32,,
SPY250613P00601000,2025-06-13 11:25:01,1.86,,
SPY250613P00599000,2025-06-13 11:25:05,0.89,,
SPY250613P00600000,2025-06-13 11:25:05,1.3,,
SPY250613P00601000,2025-06-13 11:25:05,1.78,,
SPY250613P00599000,2025-06-13 11:25:09,0.94,,
SPY250613P00600000,2025-06-13 11:25:09,1.33,,
SPY250613P00601000,2025-06-13 11:25:09,1.78,,
SPY250613P00599000,2025-06-13 11:25:13,0.94,,
SPY250613P00600000,2025-06-13 11:25:13,1.32,,
SPY250613P00601000,2025-06-13 11:25:13,1.78,,
SPY250613P00599000,2025-06-13 11:25:17,0.94,,
SPY250613P00600000,2025-06-13 11:25:17,1.32,,
SPY250613P00601000,2025-06-13 11:25:17,1.78,,
SPY250613P00599000,2025-06-13 11:25:22,0.919,,
SPY250613P00600000,2025-06-13 11:25:22,1.3,,
SPY250613P00601000,2025-06-13 11:25:22,1.78,,
SPY250613P00599000,2025-06-13 11:25:26,0.9,,
SPY250613P00600000,2025-06-13 11:25:26,1.28,,
SPY250613P00601000,2025-06-13 11:25:26,1.739,,
SPY250613P00599000,2025-06-13 11:25:30,0.9,,
SPY250613P00600000,2025-06-13 11:25:30,1.28,,
SPY250613P00601000,2025-06-13 11:25:30,1.739,,
SPY250613P00599000,2025-06-13 11:25:34,0.91,,
SPY250613P00600000,2025-06-13 11:25:34,1.28,,
SPY250613P00601000,2025-06-13 11:25:34,1.739,,
SPY250613P00599000,2025-06-13 11:25:38,0.919,,
SPY250613P00600000,2025-06-13 11:25:38,1.3,,
SPY250613P00601000,2025-06-13 11:25:38,1.77,,
SPY250613P00599000,2025-06-13 11:25:42,0.9,,
SPY250613P00600000,2025-06-13 11:25:42,1.26,,
SPY250613P00601000,2025-06-13 11:25:42,1.77,,
SPY250613P00599000,2025-06-13 11:25:46,0.86,,
SPY250613P00600000,2025-06-13 11:25:46,1.26,,
SPY250613P00601000,2025-06-13 11:25:46,1.76,,
SPY250613P00599000,2025-06-13 11:25:50,0.85,,
SPY250613P00600000,2025-06-13 11:25:50,1.21,,
SPY250613P00601000,2025-06-13 11:25:50,1.739,,
SPY250613P00599000,2025-06-13 11:25:54,0.89,,
SPY250613P00600000,2025-06-13 11:25:54,1.27,,
SPY250613P00601000,2025-06-13 11:25:54,1.77,,
SPY250613P00599000,2025-06-13 11:25:58,0.91,,
SPY250613P00600000,2025-06-13 11:25:58,1.28,,
SPY250613P00601000,2025-06-13 11:25:58,1.739,,
SPY250613P00599000,2025-06-13 11:26:02,0.9,,
SPY250613P00600000,2025-06-13 11:26:02,1.23,,
SPY250613P00601000,2025-06-13 11:26:02,1.77,,
SPY250613P00599000,2025-06-13 11:26:07,0.919,,
SPY250613P00600000,2025-06-13 11:26:07,1.3,,
SPY250613P00601000,2025-06-13 11:26:07,1.82,,
SPY250613P00599000,2025-06-13 11:26:11,0.93,,
SPY250613P00600000,2025-06-13 11:26:11,1.28,,
SPY250613P00601000,2025-06-13 11:26:11,1.82,,
SPY250613P00599000,2025-06-13 11:26:15,0.919,,
SPY250613P00600000,2025-06-13 11:26:15,1.29,,
SPY250613P00601000,2025-06-13 11:26:15,1.77,,
SPY250613P00599000,2025-06-13 11:26:19,0.91,,
SPY250613P00600000,2025-06-13 11:26:19,1.27,,
SPY250613P00601000,2025-06-13 11:26:19,1.77,,
SPY250613P00599000,2025-06-13 11:26:23,0.91,,
SPY250613P00600000,2025-06-13 11:26:23,1.24,,
SPY250613P00601000,2025-06-13 11:26:23,1.77,,
SPY250613P00599000,2025-06-13 11:26:27,0.9,,
SPY250613P00600000,2025-06-13 11:26:27,1.27,,
SPY250613P00601000,2025-06-13 11:26:27,1.72,,
SPY250613P00599000,2025-06-13 11:26:31,0.86,,
SPY250613P00600000,2025-06-13 11:26:31,1.28,,
SPY250613P00601000,2025-06-13 11:26:31,1.72,,
SPY250613P00599000,2025-06-13 11:26:35,0.91,,
SPY250613P00600000,2025-06-13 11:26:35,1.24,,
SPY250613P00601000,2025-06-13 11:26:35,1.72,,
SPY250613P00599000,2025-06-13 11:26:39,0.89,,
SPY250613P00600000,2025-06-13 11:26:39,1.24,,
SPY250613P00601000,2025-06-13 11:26:39,1.73,,
SPY250613P00599000,2025-06-13 11:26:43,0.89,,
SPY250613P00600000,2025-06-13 11:26:43,1.27,,
SPY250613P00601000,2025-06-13 11:26:43,1.73,,
SPY250613P00599000,2025-06-13 11:26:47,0.9,,
SPY250613P00600000,2025-06-13 11:26:47,1.23,,
SPY250613P00601000,2025-06-13 11:26:47,1.73,,
SPY250613P00599000,2025-06-13 11:26:51,0.9,,
SPY250613P00600000,2025-06-13 11:26:51,1.23,,
SPY250613P00601000,2025-06-13 11:26:51,1.73,,
SPY250613P00599000,2025-06-13 11:26:56,0.88,,
SPY250613P00600000,2025-06-13 11:26:56,1.29,,
SPY250613P00601000,2025-06-13 11:26:56,1.789,,
SPY250613P00599000,2025-06-13 11:27:00,0.869,,
SPY250613P00600000,2025-06-13 11:27:00,1.28,,
SPY250613P00601000,2025-06-13 11:27:00,1.789,,
SPY250613P00599000,2025-06-13 11:27:04,0.89,,
SPY250613P00600000,2025-06-13 11:27:04,1.27,,
SPY250613P00601000,2025-06-13 11:27:04,1.789,,
SPY250613P00599000,2025-06-13 11:27:08,0.869,,
SPY250613P00600000,2025-06-13 11:27:08,1.24,,
SPY250613P00601000,2025-06-13 11:27:08,1.789,,
SPY250613P00599000,2025-06-13 11:27:12,0.81,,
SPY250613P00600000,2025-06-13 11:27:12,1.19,,
SPY250613P00601000,2025-06-13 11:27:12,1.789,,
SPY250613P00599000,2025-06-13 11:27:16,0.86,,
SPY250613P00600000,2025-06-13 11:27:16,1.19,,
SPY250613P00601000,2025-06-13 11:27:16,1.689,,
SPY250613P00599000,2025-06-13 11:27:20,0.85,,
SPY250613P00600000,2025-06-13 11:27:20,1.2,,
SPY250613P00601000,2025-06-13 11:27:20,1.68,,
SPY250613P00599000,2025-06-13 11:27:24,0.81,,
SPY250613P00600000,2025-06-13 11:27:24,1.2,,
SPY250613P00601000,2025-06-13 11:27:24,1.68,,
SPY250613P00599000,2025-06-13 11:27:28,0.78,,
SPY250613P00600000,2025-06-13 11:27:28,1.18,,
SPY250613P00601000,2025-06-13 11:27:28,1.68,,
SPY250613P00599000,2025-06-13 11:27:32,0.77,,
SPY250613P00600000,2025-06-13 11:27:32,1.11,,
SPY250613P00601000,2025-06-13 11:27:32,1.68,,
SPY250613P00599000,2025-06-13 11:27:36,0.81,,
SPY250613P00600000,2025-06-13 11:27:36,1.15,,
SPY250613P00601000,2025-06-13 11:27:36,1.68,,
SPY250613P00599000,2025-06-13 11:27:40,0.78,,
SPY250613P00600000,2025-06-13 11:27:40,1.11,,
SPY250613P00601000,2025-06-13 11:27:40,1.6,,
SPY250613P00599000,2025-06-13 11:27:44,0.819,,
SPY250613P00600000,2025-06-13 11:27:44,1.16,,
SPY250613P00601000,2025-06-13 11:27:44,1.61,,
SPY250613P00599000,2025-06-13 11:27:48,0.78,,
SPY250613P00600000,2025-06-13 11:27:48,1.17,,
SPY250613P00601000,2025-06-13 11:27:48,1.61,,
SPY250613P00599000,2025-06-13 11:27:53,0.77,,
SPY250613P00600000,2025-06-13 11:27:53,1.15,,
SPY250613P00601000,2025-06-13 11:27:53,1.61,,
SPY250613P00599000,2025-06-13 11:27:57,0.819,,
SPY250613P00600000,2025-06-13 11:27:57,1.16,,
SPY250613P00601000,2025-06-13 11:27:57,1.61,,
SPY250613P00599000,2025-06-13 11:28:01,0.819,,
SPY250613P00600000,2025-06-13 11:28:01,1.16,,
SPY250613P00601000,2025-06-13 11:28:01,1.61,,
SPY250613P00599000,2025-06-13 11:28:05,0.8,,
SPY250613P00600000,2025-06-13 11:28:05,1.15,,
SPY250613P00601000,2025-06-13 11:28:05,1.63,,
SPY250613P00599000,2025-06-13 11:28:09,0.79,,
SPY250613P00600000,2025-06-13 11:28:09,1.17,,
SPY250613P00601000,2025-06-13 11:28:09,1.63,,
SPY250613P00599000,2025-06-13 11:28:13,0.84,,
SPY250613P00600000,2025-06-13 11:28:13,1.18,,
SPY250613P00601000,2025-06-13 11:28:13,1.63,,
SPY250613P00599000,2025-06-13 11:28:17,0.84,,
SPY250613P00600000,2025-06-13 11:28:17,1.15,,
SPY250613P00601000,2025-06-13 11:28:17,1.59,,
SPY250613P00599000,2025-06-13 11:28:21,0.85,,
SPY250613P00600000,2025-06-13 11:28:21,1.15,,
SPY250613P00601000,2025-06-13 11:28:21,1.67,,
SPY250613P00599000,2025-06-13 11:28:25,0.84,,
SPY250613P00600000,2025-06-13 11:28:25,1.18,,
SPY250613P00601000,2025-06-13 11:28:25,1.66,,
SPY250613P00599000,2025-06-13 11:28:29,0.83,,
SPY250613P00600000,2025-06-13 11:28:29,1.09,,
SPY250613P00601000,2025-06-13 11:28:29,1.66,,
SPY250613P00599000,2025-06-13 11:28:33,0.819,,
SPY250613P00600000,2025-06-13 11:28:33,1.11,,
SPY250613P00601000,2025-06-13 11:28:33,1.66,,
SPY250613P00599000,2025-06-13 11:28:37,0.77,,
SPY250613P00600000,2025-06-13 11:28:37,1.14,,
SPY250613P00601000,2025-06-13 11:28:37,1.66,,
SPY250613P00599000,2025-06-13 11:28:41,0.81,,
SPY250613P00600000,2025-06-13 11:28:41,1.13,,
SPY250613P00601000,2025-06-13 11:28:41,1.58,,
SPY250613P00599000,2025-06-13 11:28:45,0.819,,
SPY250613P00600000,2025-06-13 11:28:45,1.16,,
SPY250613P00601000,2025-06-13 11:28:45,1.62,,
SPY250613P00599000,2025-06-13 11:28:49,0.81,,
SPY250613P00600000,2025-06-13 11:28:49,1.14,,
SPY250613P00601000,2025-06-13 11:28:49,1.61,,
SPY250613P00599000,2025-06-13 11:28:54,0.81,,
SPY250613P00600000,2025-06-13 11:28:54,1.14,,
SPY250613P00601000,2025-06-13 11:28:54,1.62,,
SPY250613P00599000,2025-06-13 11:28:58,0.819,,
SPY250613P00600000,2025-06-13 11:28:58,1.12,,
SPY250613P00601000,2025-06-13 11:28:58,1.63,,
SPY250613P00599000,2025-06-13 11:29:02,0.819,,
SPY250613P00600000,2025-06-13 11:29:02,1.12,,
SPY250613P00601000,2025-06-13 11:29:02,1.63,,
SPY250613P00599000,2025-06-13 11:29:06,0.819,,
SPY250613P00600000,2025-06-13 11:29:06,1.16,,
SPY250613P00601000,2025-06-13 11:29:06,1.63,,
SPY250613P00599000,2025-06-13 11:29:10,0.819,,
SPY250613P00600000,2025-06-13 11:29:10,1.11,,
SPY250613P00601000,2025-06-13 11:29:10,1.66,,
SPY250613P00599000,2025-06-13 11:29:14,0.819,,
SPY250613P00600000,2025-06-13 11:29:14,1.16,,
SPY250613P00601000,2025-06-13 11:29:14,1.66,,
SPY250613P00599000,2025-06-13 11:29:18,0.819,,
SPY250613P00600000,2025-06-13 11:29:18,1.16,,
SPY250613P00601000,2025-06-13 11:29:18,1.66,,
SPY250613P00599000,2025-06-13 11:29:22,0.8,,
SPY250613P00600000,2025-06-13 11:29:22,1.14,,
SPY250613P00601000,2025-06-13 11:29:22,1.66,,
SPY250613P00599000,2025-06-13 11:29:26,0.8,,
SPY250613P00600000,2025-06-13 11:29:26,1.09,,
SPY250613P00601000,2025-06-13 11:29:26,1.66,,
SPY250613P00599000,2025-06-13 11:29:30,0.79,,
SPY250613P00600000,2025-06-13 11:29:30,1.12,,
SPY250613P00601000,2025-06-13 11:29:30,1.66,,
SPY250613P00599000,2025-06-13 11:29:34,0.76,,
SPY250613P00600000,2025-06-13 11:29:34,1.08,,
SPY250613P00601000,2025-06-13 11:29:34,1.52,,
SPY250613P00599000,2025-06-13 11:29:38,0.76,,
SPY250613P00600000,2025-06-13 11:29:38,1.09,,
SPY250613P00601000,2025-06-13 11:29:38,1.48,,
SPY250613P00599000,2025-06-13 11:29:42,0.76,,
SPY250613P00600000,2025-06-13 11:29:42,1.08,,
SPY250613P00601000,2025-06-13 11:29:42,1.51,,
SPY250613P00599000,2025-06-13 11:29:46,0.75,,
SPY250613P00600000,2025-06-13 11:29:46,1.08,,
SPY250613P00601000,2025-06-13 11:29:46,1.46,,
SPY250613P00599000,2025-06-13 11:29:50,0.75,,
SPY250613P00600000,2025-06-13 11:29:50,1.06,,
SPY250613P00601000,2025-06-13 11:29:50,1.46,,
SPY250613P00599000,2025-06-13 11:29:55,0.76,,
SPY250613P00600000,2025-06-13 11:29:55,1.08,,
SPY250613P00601000,2025-06-13 11:29:55,1.46,,
SPY250613P00599000,2025-06-13 11:29:59,0.75,,
SPY250613P00600000,2025-06-13 11:29:59,1.03,,
SPY250613P00601000,2025-06-13 11:29:59,1.46,,
SPY250613P00599000,2025-06-13 11:30:03,0.72,,
SPY250613P00600000,2025-06-13 11:30:03,1.05,,
SPY250613P00601000,2025-06-13 11:30:03,1.46,,
SPY250613P00599000,2025-06-13 11:30:07,0.72,,
SPY250613P00600000,2025-06-13 11:30:07,1.03,,
SPY250613P00601000,2025-06-13 11:30:07,1.46,,
SPY250613P00599000,2025-06-13 11:30:11,0.73,,
SPY250613P00600000,2025-06-13 11:30:11,1.04,,
SPY250613P00601000,2025-06-13 11:30:11,1.46,,
SPY250613P00599000,2025-06-13 11:30:15,0.69,,
SPY250613P00600000,2025-06-13 11:30:15,0.969,,
SPY250613P00601000,2025-06-13 11:30:15,1.46,,
SPY250613P00599000,2025-06-13 11:30:19,0.71,,
SPY250613P00600000,2025-06-13 11:30:19,1.01,,
SPY250613P00601000,2025-06-13 11:30:19,1.46,,
SPY250613P00599000,2025-06-13 11:30:23,0.67,,
SPY250613P00600000,2025-06-13 11:30:23,1.01,,
SPY250613P00601000,2025-06-13 11:30:23,1.39,,
SPY250613P00599000,2025-06-13 11:30:28,0.68,,
SPY250613P00600000,2025-06-13 11:30:28,0.99,,
SPY250613P00601000,2025-06-13 11:30:28,1.4,,
SPY250613P00599000,2025-06-13 11:30:32,0.72,,
SPY250613P00600000,2025-06-13 11:30:32,1.019,,
SPY250613P00601000,2025-06-13 11:30:32,1.41,,
SPY250613P00599000,2025-06-13 11:30:36,0.71,,
SPY250613P00600000,2025-06-13 11:30:36,1.01,,
SPY250613P00601000,2025-06-13 11:30:36,1.4,,
SPY250613P00599000,2025-06-13 11:30:40,0.7,,
SPY250613P00600000,2025-06-13 11:30:40,1.0,,
SPY250613P00601000,2025-06-13 11:30:40,1.4,,
SPY250613P00599000,2025-06-13 11:30:44,0.7,,
SPY250613P00600000,2025-06-13 11:30:44,0.96,,
SPY250613P00601000,2025-06-13 11:30:44,1.38,,
SPY250613P00599000,2025-06-13 11:30:48,0.7,,
SPY250613P00600000,2025-06-13 11:30:48,1.0,,
SPY250613P00601000,2025-06-13 11:30:48,1.42,,
SPY250613P00599000,2025-06-13 11:30:52,0.71,,
SPY250613P00600000,2025-06-13 11:30:52,1.0,,
SPY250613P00601000,2025-06-13 11:30:52,1.42,,
SPY250613P00599000,2025-06-13 11:30:56,0.72,,
SPY250613P00600000,2025-06-13 11:30:56,1.04,,
SPY250613P00601000,2025-06-13 11:30:56,1.42,,
SPY250613P00599000,2025-06-13 11:31:00,0.73,,
SPY250613P00600000,2025-06-13 11:31:00,1.04,,
SPY250613P00601000,2025-06-13 11:31:00,1.5,,
SPY250613P00599000,2025-06-13 11:31:04,0.69,,
SPY250613P00600000,2025-06-13 11:31:04,0.99,,
SPY250613P00601000,2025-06-13 11:31:04,1.46,,
SPY250613P00599000,2025-06-13 11:31:08,0.68,,
SPY250613P00600000,2025-06-13 11:31:08,1.01,,
SPY250613P00601000,2025-06-13 11:31:08,1.45,,
SPY250613P00599000,2025-06-13 11:31:12,0.71,,
SPY250613P00600000,2025-06-13 11:31:12,1.019,,
SPY250613P00601000,2025-06-13 11:31:12,1.44,,
SPY250613P00599000,2025-06-13 11:31:16,0.68,,
SPY250613P00600000,2025-06-13 11:31:16,1.019,,
SPY250613P00601000,2025-06-13 11:31:16,1.45,,
SPY250613P00599000,2025-06-13 11:31:20,0.73,,
SPY250613P00600000,2025-06-13 11:31:20,1.019,,
SPY250613P00601000,2025-06-13 11:31:20,1.48,,
SPY250613P00599000,2025-06-13 11:31:24,0.72,,
SPY250613P00600000,2025-06-13 11:31:24,1.03,,
SPY250613P00601000,2025-06-13 11:31:24,1.48,,
SPY250613P00599000,2025-06-13 11:31:28,0.72,,
SPY250613P00600000,2025-06-13 11:31:28,0.98,,
SPY250613P00601000,2025-06-13 11:31:28,1.46,,
SPY250613P00599000,2025-06-13 11:31:33,0.73,,
SPY250613P00600000,2025-06-13 11:31:33,1.03,,
SPY250613P00601000,2025-06-13 11:31:33,1.49,,
SPY250613P00599000,2025-06-13 11:31:37,0.72,,
SPY250613P00600000,2025-06-13 11:31:37,0.99,,
SPY250613P00601000,2025-06-13 11:31:37,1.49,,
SPY250613P00599000,2025-06-13 11:31:41,0.69,,
SPY250613P00600000,2025-06-13 11:31:41,0.99,,
SPY250613P00601000,2025-06-13 11:31:41,1.49,,
SPY250613P00599000,2025-06-13 11:31:45,0.7,,
SPY250613P00600000,2025-06-13 11:31:45,1.0,,
SPY250613P00601000,2025-06-13 11:31:45,1.49,,
SPY250613P00599000,2025-06-13 11:31:49,0.7,,
SPY250613P00600000,2025-06-13 11:31:49,0.95,,
SPY250613P00601000,2025-06-13 11:31:49,1.42,,
SPY250613P00599000,2025-06-13 11:31:53,0.69,,
SPY250613P00600000,2025-06-13 11:31:53,0.98,,
SPY250613P00601000,2025-06-13 11:31:53,1.42,,
SPY250613P00599000,2025-06-13 11:31:57,0.68,,
SPY250613P00600000,2025-06-13 11:31:57,0.919,,
SPY250613P00601000,2025-06-13 11:31:57,1.38,,
SPY250613P00599000,2025-06-13 11:32:01,0.68,,
SPY250613P00600000,2025-06-13 11:32:01,0.94,,
SPY250613P00601000,2025-06-13 11:32:01,1.38,,
SPY250613P00599000,2025-06-13 11:32:06,0.64,,
SPY250613P00600000,2025-06-13 11:32:06,0.93,,
SPY250613P00601000,2025-06-13 11:32:06,1.4,,
SPY250613P00599000,2025-06-13 11:32:10,0.68,,
SPY250613P00600000,2025-06-13 11:32:10,0.93,,
SPY250613P00601000,2025-06-13 11:32:10,1.38,,
SPY250613P00599000,2025-06-13 11:32:14,0.64,,
SPY250613P00600000,2025-06-13 11:32:14,0.969,,
SPY250613P00601000,2025-06-13 11:32:14,1.38,,
SPY250613P00599000,2025-06-13 11:32:18,0.67,,
SPY250613P00600000,2025-06-13 11:32:18,0.94,,
SPY250613P00601000,2025-06-13 11:32:18,1.38,,
SPY250613P00599000,2025-06-13 11:32:22,0.68,,
SPY250613P00600000,2025-06-13 11:32:22,0.98,,
SPY250613P00601000,2025-06-13 11:32:22,1.38,,
SPY250613P00599000,2025-06-13 11:32:26,0.65,,
SPY250613P00600000,2025-06-13 11:32:26,0.98,,
SPY250613P00601000,2025-06-13 11:32:26,1.39,,
SPY250613P00599000,2025-06-13 11:32:30,0.69,,
SPY250613P00600000,2025-06-13 11:32:30,1.0,,
SPY250613P00601000,2025-06-13 11:32:30,1.39,,
SPY250613P00599000,2025-06-13 11:32:34,0.69,,
SPY250613P00600000,2025-06-13 11:32:34,0.98,,
SPY250613P00601000,2025-06-13 11:32:34,1.36,,
SPY250613P00599000,2025-06-13 11:32:38,0.65,,
SPY250613P00600000,2025-06-13 11:32:38,0.98,,
SPY250613P00601000,2025-06-13 11:32:38,1.4,,
SPY250613P00599000,2025-06-13 11:32:42,0.69,,
SPY250613P00600000,2025-06-13 11:32:42,0.99,,
SPY250613P00601000,2025-06-13 11:32:42,1.36,,
SPY250613P00599000,2025-06-13 11:32:47,0.65,,
SPY250613P00600000,2025-06-13 11:32:47,1.0,,
SPY250613P00601000,2025-06-13 11:32:47,1.41,,
SPY250613P00599000,2025-06-13 11:32:51,0.69,,
SPY250613P00600000,2025-06-13 11:32:51,0.98,,
SPY250613P00601000,2025-06-13 11:32:51,1.35,,
SPY250613P00599000,2025-06-13 11:32:55,0.65,,
SPY250613P00600000,2025-06-13 11:32:55,0.99,,
SPY250613P00601000,2025-06-13 11:32:55,1.35,,
SPY250613P00599000,2025-06-13 11:32:59,0.66,,
SPY250613P00600000,2025-06-13 11:32:59,1.01,,
SPY250613P00601000,2025-06-13 11:32:59,1.41,,
SPY250613P00599000,2025-06-13 11:33:03,0.66,,
SPY250613P00600000,2025-06-13 11:33:03,0.96,,
SPY250613P00601000,2025-06-13 11:33:03,1.41,,
SPY250613P00599000,2025-06-13 11:33:07,0.68,,
SPY250613P00600000,2025-06-13 11:33:07,0.94,,
SPY250613P00601000,2025-06-13 11:33:07,1.38,,
SPY250613P00599000,2025-06-13 11:33:11,0.68,,
SPY250613P00600000,2025-06-13 11:33:11,0.969,,
SPY250613P00601000,2025-06-13 11:33:11,1.38,,
SPY250613P00599000,2025-06-13 11:33:15,0.69,,
SPY250613P00600000,2025-06-13 11:33:15,0.98,,
SPY250613P00601000,2025-06-13 11:33:15,1.36,,
SPY250613P00599000,2025-06-13 11:33:19,0.66,,
SPY250613P00600000,2025-06-13 11:33:19,1.0,,
SPY250613P00601000,2025-06-13 11:33:19,1.36,,
SPY250613P00599000,2025-06-13 11:33:23,0.7,,
SPY250613P00600000,2025-06-13 11:33:23,1.0,,
SPY250613P00601000,2025-06-13 11:33:23,1.38,,
SPY250613P00599000,2025-06-13 11:33:27,0.7,,
SPY250613P00600000,2025-06-13 11:33:27,0.96,,
SPY250613P00601000,2025-06-13 11:33:27,1.42,,
SPY250613P00599000,2025-06-13 11:33:31,0.65,,
SPY250613P00600000,2025-06-13 11:33:31,0.95,,
SPY250613P00601000,2025-06-13 11:33:31,1.42,,
SPY250613P00599000,2025-06-13 11:33:35,0.69,,
SPY250613P00600000,2025-06-13 11:33:35,0.95,,
SPY250613P00601000,2025-06-13 11:33:35,1.36,,
SPY250613P00599000,2025-06-13 11:33:39,0.69,,
SPY250613P00600000,2025-06-13 11:33:39,0.99,,
SPY250613P00601000,2025-06-13 11:33:39,1.36,,
SPY250613P00599000,2025-06-13 11:33:43,0.69,,
SPY250613P00600000,2025-06-13 11:33:43,0.98,,
SPY250613P00601000,2025-06-13 11:33:43,1.39,,
SPY250613P00599000,2025-06-13 11:33:47,0.68,,
SPY250613P00600000,2025-06-13 11:33:47,0.94,,
SPY250613P00601000,2025-06-13 11:33:47,1.39,,
SPY250613P00599000,2025-06-13 11:33:51,0.69,,
SPY250613P00600000,2025-06-13 11:33:51,0.99,,
SPY250613P00601000,2025-06-13 11:33:51,1.41,,
SPY250613P00599000,2025-06-13 11:33:55,0.65,,
SPY250613P00600000,2025-06-13 11:33:55,0.95,,
SPY250613P00601000,2025-06-13 11:33:55,1.41,,
SPY250613P00599000,2025-06-13 11:33:59,0.66,,
SPY250613P00600000,2025-06-13 11:33:59,1.0,,
SPY250613P00601000,2025-06-13 11:33:59,1.37,,
SPY250613P00599000,2025-06-13 11:34:03,0.7,,
SPY250613P00600000,2025-06-13 11:34:03,0.96,,
SPY250613P00601000,2025-06-13 11:34:03,1.37,,
SPY250613P00599000,2025-06-13 11:34:07,0.66,,
SPY250613P00600000,2025-06-13 11:34:07,1.01,,
SPY250613P00601000,2025-06-13 11:34:07,1.44,,
SPY250613P00599000,2025-06-13 11:34:11,0.67,,
SPY250613P00600000,2025-06-13 11:34:11,1.01,,
SPY250613P00601000,2025-06-13 11:34:11,1.44,,
SPY250613P00599000,2025-06-13 11:34:16,0.71,,
SPY250613P00600000,2025-06-13 11:34:16,1.019,,
SPY250613P00601000,2025-06-13 11:34:16,1.44,,
SPY250613P00599000,2025-06-13 11:34:20,0.71,,
SPY250613P00600000,2025-06-13 11:34:20,1.019,,
SPY250613P00601000,2025-06-13 11:34:20,1.46,,
SPY250613P00599000,2025-06-13 11:34:24,0.71,,
SPY250613P00600000,2025-06-13 11:34:24,1.019,,
SPY250613P00601000,2025-06-13 11:34:24,1.42,,
SPY250613P00599000,2025-06-13 11:34:28,0.69,,
SPY250613P00600000,2025-06-13 11:34:28,0.99,,
SPY250613P00601000,2025-06-13 11:34:28,1.52,,
SPY250613P00599000,2025-06-13 11:34:32,0.74,,
SPY250613P00600000,2025-06-13 11:34:32,1.06,,
SPY250613P00601000,2025-06-13 11:34:32,1.52,,
SPY250613P00599000,2025-06-13 11:34:36,0.68,,
SPY250613P00600000,2025-06-13 11:34:36,1.019,,
SPY250613P00601000,2025-06-13 11:34:36,1.48,,
SPY250613P00599000,2025-06-13 11:34:40,0.67,,
SPY250613P00600000,2025-06-13 11:34:40,0.98,,
SPY250613P00601000,2025-06-13 11:34:40,1.43,,
SPY250613P00599000,2025-06-13 11:34:44,0.7,,
SPY250613P00600000,2025-06-13 11:34:44,1.01,,
SPY250613P00601000,2025-06-13 11:34:44,1.44,,
SPY250613P00599000,2025-06-13 11:34:48,0.69,,
SPY250613P00600000,2025-06-13 11:34:48,0.99,,
SPY250613P00601000,2025-06-13 11:34:48,1.37,,
SPY250613P00599000,2025-06-13 11:34:52,0.69,,
SPY250613P00600000,2025-06-13 11:34:52,0.99,,
SPY250613P00601000,2025-06-13 11:34:52,1.41,,
SPY250613P00599000,2025-06-13 11:34:56,0.7,,
SPY250613P00600000,2025-06-13 11:34:56,0.98,,
SPY250613P00601000,2025-06-13 11:34:56,1.35,,
SPY250613P00599000,2025-06-13 11:35:00,0.69,,
SPY250613P00600000,2025-06-13 11:35:00,1.01,,
SPY250613P00601000,2025-06-13 11:35:00,1.4,,
SPY250613P00599000,2025-06-13 11:35:04,0.68,,
SPY250613P00600000,2025-06-13 11:35:04,0.99,,
SPY250613P00601000,2025-06-13 11:35:04,1.4,,
SPY250613P00599000,2025-06-13 11:35:08,0.69,,
SPY250613P00600000,2025-06-13 11:35:08,0.95,,
SPY250613P00601000,2025-06-13 11:35:08,1.42,,
SPY250613P00599000,2025-06-13 11:35:12,0.72,,
SPY250613P00600000,2025-06-13 11:35:12,1.0,,
SPY250613P00601000,2025-06-13 11:35:12,1.42,,
SPY250613P00599000,2025-06-13 11:35:17,0.75,,
SPY250613P00600000,2025-06-13 11:35:17,1.07,,
SPY250613P00601000,2025-06-13 11:35:17,1.44,,
SPY250613P00599000,2025-06-13 11:35:21,0.75,,
SPY250613P00600000,2025-06-13 11:35:21,1.09,,
SPY250613P00601000,2025-06-13 11:35:21,1.44,,
SPY250613P00599000,2025-06-13 11:35:25,0.76,,
SPY250613P00600000,2025-06-13 11:35:25,1.09,,
SPY250613P00601000,2025-06-13 11:35:25,1.44,,
SPY250613P00599000,2025-06-13 11:35:29,0.75,,
SPY250613P00600000,2025-06-13 11:35:29,1.03,,
SPY250613P00601000,2025-06-13 11:35:29,1.51,,
SPY250613P00599000,2025-06-13 11:35:33,0.76,,
SPY250613P00600000,2025-06-13 11:35:33,1.09,,
SPY250613P00601000,2025-06-13 11:35:33,1.51,,
SPY250613P00599000,2025-06-13 11:35:37,0.77,,
SPY250613P00600000,2025-06-13 11:35:37,1.09,,
SPY250613P00601000,2025-06-13 11:35:37,1.56,,
SPY250613P00599000,2025-06-13 11:35:41,0.77,,
SPY250613P00600000,2025-06-13 11:35:41,1.12,,
SPY250613P00601000,2025-06-13 11:35:41,1.52,,
SPY250613P00599000,2025-06-13 11:35:45,0.78,,
SPY250613P00600000,2025-06-13 11:35:45,1.1,,
SPY250613P00601000,2025-06-13 11:35:45,1.52,,
SPY250613P00599000,2025-06-13 11:35:49,0.77,,
SPY250613P00600000,2025-06-13 11:35:49,1.11,,
SPY250613P00601000,2025-06-13 11:35:49,1.52,,
SPY250613P00599000,2025-06-13 11:35:53,0.74,,
SPY250613P00600000,2025-06-13 11:35:53,1.12,,
SPY250613P00601000,2025-06-13 11:35:53,1.54,,
SPY250613P00599000,2025-06-13 11:35:57,0.8,,
SPY250613P00600000,2025-06-13 11:35:57,1.09,,
SPY250613P00601000,2025-06-13 11:35:57,1.61,,
SPY250613P00599000,2025-06-13 11:36:01,0.77,,
SPY250613P00600000,2025-06-13 11:36:01,1.09,,
SPY250613P00601000,2025-06-13 11:36:01,1.54,,
SPY250613P00599000,2025-06-13 11:36:05,0.74,,
SPY250613P00600000,2025-06-13 11:36:05,1.11,,
SPY250613P00601000,2025-06-13 11:36:05,1.57,,
SPY250613P00599000,2025-06-13 11:36:10,0.75,,
SPY250613P00600000,2025-06-13 11:36:10,1.13,,
SPY250613P00601000,2025-06-13 11:36:10,1.57,,
SPY250613P00599000,2025-06-13 11:36:14,0.79,,
SPY250613P00600000,2025-06-13 11:36:14,1.08,,
SPY250613P00601000,2025-06-13 11:36:14,1.57,,
SPY250613P00599000,2025-06-13 11:36:18,0.77,,
SPY250613P00600000,2025-06-13 11:36:18,1.07,,
SPY250613P00601000,2025-06-13 11:36:18,1.5,,
SPY250613P00599000,2025-06-13 11:36:22,0.76,,
SPY250613P00600000,2025-06-13 11:36:22,1.04,,
SPY250613P00601000,2025-06-13 11:36:22,1.5,,
SPY250613P00599000,2025-06-13 11:36:26,0.75,,
SPY250613P00600000,2025-06-13 11:36:26,1.03,,
SPY250613P00601000,2025-06-13 11:36:26,1.52,,
SPY250613P00599000,2025-06-13 11:36:30,0.69,,
SPY250613P00600000,2025-06-13 11:36:30,0.99,,
SPY250613P00601000,2025-06-13 11:36:30,1.48,,
SPY250613P00599000,2025-06-13 11:36:34,0.69,,
SPY250613P00600000,2025-06-13 11:36:34,1.0,,
SPY250613P00601000,2025-06-13 11:36:34,1.47,,
SPY250613P00599000,2025-06-13 11:36:38,0.73,,
SPY250613P00600000,2025-06-13 11:36:38,1.05,,
SPY250613P00601000,2025-06-13 11:36:38,1.47,,
SPY250613P00599000,2025-06-13 11:36:42,0.73,,
SPY250613P00600000,2025-06-13 11:36:42,1.04,,
SPY250613P00601000,2025-06-13 11:36:42,1.45,,
SPY250613P00599000,2025-06-13 11:36:46,0.73,,
SPY250613P00600000,2025-06-13 11:36:46,1.0,,
SPY250613P00601000,2025-06-13 11:36:46,1.46,,
SPY250613P00599000,2025-06-13 11:36:50,0.73,,
SPY250613P00600000,2025-06-13 11:36:50,1.0,,
SPY250613P00601000,2025-06-13 11:36:50,1.46,,
SPY250613P00599000,2025-06-13 11:36:54,0.74,,
SPY250613P00600000,2025-06-13 11:36:54,1.06,,
SPY250613P00601000,2025-06-13 11:36:54,1.46,,
SPY250613P00599000,2025-06-13 11:36:58,0.73,,
SPY250613P00600000,2025-06-13 11:36:58,1.019,,
SPY250613P00601000,2025-06-13 11:36:58,1.46,,
SPY250613P00599000,2025-06-13 11:37:02,0.74,,
SPY250613P00600000,2025-06-13 11:37:02,1.04,,
SPY250613P00601000,2025-06-13 11:37:02,1.5,,
SPY250613P00599000,2025-06-13 11:37:06,0.74,,
SPY250613P00600000,2025-06-13 11:37:06,1.07,,
SPY250613P00601000,2025-06-13 11:37:06,1.51,,
SPY250613P00599000,2025-06-13 11:37:11,0.73,,
SPY250613P00600000,2025-06-13 11:37:11,1.05,,
SPY250613P00601000,2025-06-13 11:37:11,1.44,,
SPY250613P00599000,2025-06-13 11:37:15,0.73,,
SPY250613P00600000,2025-06-13 11:37:15,1.06,,
SPY250613P00601000,2025-06-13 11:37:15,1.44,,
SPY250613P00599000,2025-06-13 11:37:19,0.73,,
SPY250613P00600000,2025-06-13 11:37:19,1.05,,
SPY250613P00601000,2025-06-13 11:37:19,1.44,,
SPY250613P00599000,2025-06-13 11:37:23,0.74,,
SPY250613P00600000,2025-06-13 11:37:23,1.05,,
SPY250613P00601000,2025-06-13 11:37:23,1.44,,
SPY250613P00599000,2025-06-13 11:37:27,0.74,,
SPY250613P00600000,2025-06-13 11:37:27,1.019,,
SPY250613P00601000,2025-06-13 11:37:27,1.47,,
SPY250613P00599000,2025-06-13 11:37:31,0.73,,
SPY250613P00600000,2025-06-13 11:37:31,1.03,,
SPY250613P00601000,2025-06-13 11:37:31,1.46,,
SPY250613P00599000,2025-06-13 11:37:35,0.69,,
SPY250613P00600000,2025-06-13 11:37:35,1.0,,
SPY250613P00601000,2025-06-13 11:37:35,1.45,,
SPY250613P00599000,2025-06-13 11:37:39,0.74,,
SPY250613P00600000,2025-06-13 11:37:39,1.07,,
SPY250613P00601000,2025-06-13 11:37:39,1.45,,
SPY250613P00599000,2025-06-13 11:37:43,0.71,,
SPY250613P00600000,2025-06-13 11:37:43,1.07,,
SPY250613P00601000,2025-06-13 11:37:43,1.45,,
SPY250613P00599000,2025-06-13 11:37:47,0.74,,
SPY250613P00600000,2025-06-13 11:37:47,1.019,,
SPY250613P00601000,2025-06-13 11:37:47,1.47,,
SPY250613P00599000,2025-06-13 11:37:51,0.78,,
SPY250613P00600000,2025-06-13 11:37:51,1.07,,
SPY250613P00601000,2025-06-13 11:37:51,1.56,,
SPY250613P00599000,2025-06-13 11:37:55,0.72,,
SPY250613P00600000,2025-06-13 11:37:55,1.08,,
SPY250613P00601000,2025-06-13 11:37:55,1.51,,
SPY250613P00599000,2025-06-13 11:37:59,0.73,,
SPY250613P00600000,2025-06-13 11:37:59,1.0,,
SPY250613P00601000,2025-06-13 11:37:59,1.44,,
SPY250613P00599000,2025-06-13 11:38:09,0.73,,
SPY250613P00600000,2025-06-13 11:38:09,1.04,,
SPY250613P00601000,2025-06-13 11:38:09,1.49,,
SPY250613P00599000,2025-06-13 11:38:13,0.71,,
SPY250613P00600000,2025-06-13 11:38:13,1.019,,
SPY250613P00601000,2025-06-13 11:38:13,1.42,,
SPY250613P00599000,2025-06-13 11:38:17,0.71,,
SPY250613P00600000,2025-06-13 11:38:17,1.01,,
SPY250613P00601000,2025-06-13 11:38:17,1.44,,
SPY250613P00599000,2025-06-13 11:38:21,0.71,,
SPY250613P00600000,2025-06-13 11:38:21,1.019,,
SPY250613P00601000,2025-06-13 11:38:21,1.46,,
SPY250613P00599000,2025-06-13 11:38:25,0.71,,
SPY250613P00600000,2025-06-13 11:38:25,1.019,,
SPY250613P00601000,2025-06-13 11:38:25,1.44,,
SPY250613P00599000,2025-06-13 11:38:29,0.71,,
SPY250613P00600000,2025-06-13 11:38:29,1.019,,
SPY250613P00601000,2025-06-13 11:38:29,1.45,,
SPY250613P00599000,2025-06-13 11:38:33,0.72,,
SPY250613P00600000,2025-06-13 11:38:33,1.03,,
SPY250613P00601000,2025-06-13 11:38:33,1.43,,
SPY250613P00599000,2025-06-13 11:38:37,0.7,,
SPY250613P00600000,2025-06-13 11:38:37,1.019,,
SPY250613P00601000,2025-06-13 11:38:37,1.43,,
SPY250613P00599000,2025-06-13 11:38:41,0.71,,
SPY250613P00600000,2025-06-13 11:38:41,0.99,,
SPY250613P00601000,2025-06-13 11:38:41,1.46,,
SPY250613P00599000,2025-06-13 11:38:45,0.72,,
SPY250613P00600000,2025-06-13 11:38:45,1.04,,
SPY250613P00601000,2025-06-13 11:38:45,1.48,,
SPY250613P00599000,2025-06-13 11:38:49,0.72,,
SPY250613P00600000,2025-06-13 11:38:49,1.04,,
SPY250613P00601000,2025-06-13 11:38:49,1.47,,
SPY250613P00599000,2025-06-13 11:38:53,0.73,,
SPY250613P00600000,2025-06-13 11:38:53,1.04,,
SPY250613P00601000,2025-06-13 11:38:53,1.48,,
SPY250613P00599000,2025-06-13 11:38:57,0.68,,
SPY250613P00600000,2025-06-13 11:38:57,1.03,,
SPY250613P00601000,2025-06-13 11:38:57,1.48,,
SPY250613P00599000,2025-06-13 11:39:01,0.72,,
SPY250613P00600000,2025-06-13 11:39:01,1.0,,
SPY250613P00601000,2025-06-13 11:39:01,1.48,,
SPY250613P00599000,2025-06-13 11:39:05,0.74,,
SPY250613P00600000,2025-06-13 11:39:05,1.06,,
SPY250613P00601000,2025-06-13 11:39:05,1.5,,
SPY250613P00599000,2025-06-13 11:39:09,0.75,,
SPY250613P00600000,2025-06-13 11:39:09,1.08,,
SPY250613P00601000,2025-06-13 11:39:09,1.54,,
SPY250613P00599000,2025-06-13 11:39:14,0.74,,
SPY250613P00600000,2025-06-13 11:39:14,1.03,,
SPY250613P00601000,2025-06-13 11:39:14,1.54,,
SPY250613P00599000,2025-06-13 11:39:18,0.74,,
SPY250613P00600000,2025-06-13 11:39:18,1.06,,
SPY250613P00601000,2025-06-13 11:39:18,1.51,,
SPY250613P00599000,2025-06-13 11:39:22,0.73,,
SPY250613P00600000,2025-06-13 11:39:22,1.05,,
SPY250613P00601000,2025-06-13 11:39:22,1.5,,
SPY250613P00599000,2025-06-13 11:39:26,0.69,,
SPY250613P00600000,2025-06-13 11:39:26,1.05,,
SPY250613P00601000,2025-06-13 11:39:26,1.44,,
SPY250613P00599000,2025-06-13 11:39:30,0.72,,
SPY250613P00600000,2025-06-13 11:39:30,0.98,,
SPY250613P00601000,2025-06-13 11:39:30,1.46,,
SPY250613P00599000,2025-06-13 11:39:34,0.68,,
SPY250613P00600000,2025-06-13 11:39:34,0.98,,
SPY250613P00601000,2025-06-13 11:39:34,1.46,,
SPY250613P00599000,2025-06-13 11:39:38,0.72,,
SPY250613P00600000,2025-06-13 11:39:38,1.03,,
SPY250613P00601000,2025-06-13 11:39:38,1.46,,
SPY250613P00599000,2025-06-13 11:39:42,0.68,,
SPY250613P00600000,2025-06-13 11:39:42,1.03,,
SPY250613P00601000,2025-06-13 11:39:42,1.46,,
SPY250613P00599000,2025-06-13 11:39:46,0.72,,
SPY250613P00600000,2025-06-13 11:39:46,0.99,,
SPY250613P00601000,2025-06-13 11:39:46,1.47,,
SPY250613P00599000,2025-06-13 11:39:50,0.72,,
SPY250613P00600000,2025-06-13 11:39:50,1.04,,
SPY250613P00601000,2025-06-13 11:39:50,1.44,,
SPY250613P00599000,2025-06-13 11:39:55,0.73,,
SPY250613P00600000,2025-06-13 11:39:55,1.05,,
SPY250613P00601000,2025-06-13 11:39:55,1.5,,
SPY250613P00599000,2025-06-13 11:39:59,0.7,,
SPY250613P00600000,2025-06-13 11:39:59,1.06,,
SPY250613P00601000,2025-06-13 11:39:59,1.51,,
SPY250613P00599000,2025-06-13 11:40:03,0.7,,
SPY250613P00600000,2025-06-13 11:40:03,1.06,,
SPY250613P00601000,2025-06-13 11:40:03,1.51,,
SPY250613P00599000,2025-06-13 11:40:08,0.73,,
SPY250613P00600000,2025-06-13 11:40:08,1.05,,
SPY250613P00601000,2025-06-13 11:40:08,1.51,,
SPY250613P00599000,2025-06-13 11:40:14,0.73,,
SPY250613P00600000,2025-06-13 11:40:14,1.05,,
SPY250613P00601000,2025-06-13 11:40:14,1.48,,
SPY250613P00599000,2025-06-13 11:40:19,0.73,,
SPY250613P00600000,2025-06-13 11:40:19,1.05,,
SPY250613P00601000,2025-06-13 11:40:19,1.49,,
SPY250613P00599000,2025-06-13 11:40:23,0.75,,
SPY250613P00600000,2025-06-13 11:40:23,1.07,,
SPY250613P00601000,2025-06-13 11:40:23,1.49,,
SPY250613P00599000,2025-06-13 11:40:27,0.74,,
SPY250613P00600000,2025-06-13 11:40:27,1.03,,
SPY250613P00601000,2025-06-13 11:40:27,1.48,,
SPY250613P00599000,2025-06-13 11:40:32,0.78,,
SPY250613P00600000,2025-06-13 11:40:32,1.09,,
SPY250613P00601000,2025-06-13 11:40:32,1.48,,
SPY250613P00599000,2025-06-13 11:40:36,0.79,,
SPY250613P00600000,2025-06-13 11:40:36,1.13,,
SPY250613P00601000,2025-06-13 11:40:36,1.6,,
SPY250613P00599000,2025-06-13 11:40:40,0.74,,
SPY250613P00600000,2025-06-13 11:40:40,1.13,,
SPY250613P00601000,2025-06-13 11:40:40,1.56,,
SPY250613P00599000,2025-06-13 11:40:44,0.79,,
SPY250613P00600000,2025-06-13 11:40:44,1.13,,
SPY250613P00601000,2025-06-13 11:40:44,1.56,,
SPY250613P00599000,2025-06-13 11:40:49,0.75,,
SPY250613P00600000,2025-06-13 11:40:49,1.08,,
SPY250613P00601000,2025-06-13 11:40:49,1.59,,
SPY250613P00599000,2025-06-13 11:40:53,0.77,,
SPY250613P00600000,2025-06-13 11:40:53,1.05,,
SPY250613P00601000,2025-06-13 11:40:53,1.59,,
SPY250613P00599000,2025-06-13 11:40:57,0.74,,
SPY250613P00600000,2025-06-13 11:40:57,1.09,,
SPY250613P00601000,2025-06-13 11:40:57,1.55,,
SPY250613P00599000,2025-06-13 11:41:02,0.76,,
SPY250613P00600000,2025-06-13 11:41:02,1.08,,
SPY250613P00601000,2025-06-13 11:41:02,1.48,,
SPY250613P00599000,2025-06-13 11:41:06,0.75,,
SPY250613P00600000,2025-06-13 11:41:06,1.07,,
SPY250613P00601000,2025-06-13 11:41:06,1.46,,
SPY250613P00599000,2025-06-13 11:41:10,0.76,,
SPY250613P00600000,2025-06-13 11:41:10,1.019,,
SPY250613P00601000,2025-06-13 11:41:10,1.51,,
SPY250613P00599000,2025-06-13 11:41:15,0.75,,
SPY250613P00600000,2025-06-13 11:41:15,1.08,,
SPY250613P00601000,2025-06-13 11:41:15,1.53,,
SPY250613P00599000,2025-06-13 11:41:21,0.75,,
SPY250613P00600000,2025-06-13 11:41:21,1.07,,
SPY250613P00601000,2025-06-13 11:41:21,1.52,,
SPY250613P00599000,2025-06-13 11:41:25,0.77,,
SPY250613P00600000,2025-06-13 11:41:25,1.1,,
SPY250613P00601000,2025-06-13 11:41:25,1.57,,
SPY250613P00599000,2025-06-13 11:41:29,0.76,,
SPY250613P00600000,2025-06-13 11:41:29,1.08,,
SPY250613P00601000,2025-06-13 11:41:29,1.57,,
SPY250613P00599000,2025-06-13 11:41:33,0.76,,
SPY250613P00600000,2025-06-13 11:41:33,1.07,,
SPY250613P00601000,2025-06-13 11:41:33,1.48,,
SPY250613P00599000,2025-06-13 11:41:37,0.71,,
SPY250613P00600000,2025-06-13 11:41:37,1.07,,
SPY250613P00601000,2025-06-13 11:41:37,1.48,,
SPY250613P00599000,2025-06-13 11:41:41,0.74,,
SPY250613P00600000,2025-06-13 11:41:41,1.07,,
SPY250613P00601000,2025-06-13 11:41:41,1.48,,
SPY250613P00599000,2025-06-13 11:41:46,0.72,,
SPY250613P00600000,2025-06-13 11:41:46,1.03,,
SPY250613P00601000,2025-06-13 11:41:46,1.47,,
SPY250613P00599000,2025-06-13 11:41:50,0.71,,
SPY250613P00600000,2025-06-13 11:41:50,1.019,,
SPY250613P00601000,2025-06-13 11:41:50,1.47,,
SPY250613P00599000,2025-06-13 11:41:54,0.65,,
SPY250613P00600000,2025-06-13 11:41:54,1.0,,
SPY250613P00601000,2025-06-13 11:41:54,1.4,,
SPY250613P00599000,2025-06-13 11:41:58,0.65,,
SPY250613P00600000,2025-06-13 11:41:58,1.0,,
SPY250613P00601000,2025-06-13 11:41:58,1.4,,
SPY250613P00599000,2025-06-13 11:42:02,0.67,,
SPY250613P00600000,2025-06-13 11:42:02,0.969,,
SPY250613P00601000,2025-06-13 11:42:02,1.39,,
SPY250613P00599000,2025-06-13 11:42:06,0.67,,
SPY250613P00600000,2025-06-13 11:42:06,0.919,,
SPY250613P00601000,2025-06-13 11:42:06,1.38,,
SPY250613P00599000,2025-06-13 11:42:12,0.67,,
SPY250613P00600000,2025-06-13 11:42:12,0.91,,
SPY250613P00601000,2025-06-13 11:42:12,1.35,,
SPY250613P00599000,2025-06-13 11:42:16,0.65,,
SPY250613P00600000,2025-06-13 11:42:16,0.94,,
SPY250613P00601000,2025-06-13 11:42:16,1.35,,
SPY250613P00599000,2025-06-13 11:42:21,0.66,,
SPY250613P00600000,2025-06-13 11:42:21,0.95,,
SPY250613P00601000,2025-06-13 11:42:21,1.35,,
SPY250613P00599000,2025-06-13 11:42:25,0.62,,
SPY250613P00600000,2025-06-13 11:42:25,0.94,,
SPY250613P00601000,2025-06-13 11:42:25,1.34,,
SPY250613P00599000,2025-06-13 11:42:29,0.65,,
SPY250613P00600000,2025-06-13 11:42:29,0.93,,
SPY250613P00601000,2025-06-13 11:42:29,1.34,,
SPY250613P00599000,2025-06-13 11:42:33,0.59,,
SPY250613P00600000,2025-06-13 11:42:33,0.869,,
SPY250613P00601000,2025-06-13 11:42:33,1.34,,
SPY250613P00599000,2025-06-13 11:42:38,0.62,,
SPY250613P00600000,2025-06-13 11:42:38,0.89,,
SPY250613P00601000,2025-06-13 11:42:38,1.29,,
SPY250613P00599000,2025-06-13 11:42:42,0.58,,
SPY250613P00600000,2025-06-13 11:42:42,0.88,,
SPY250613P00601000,2025-06-13 11:42:42,1.28,,
SPY250613P00599000,2025-06-13 11:42:46,0.62,,
SPY250613P00600000,2025-06-13 11:42:46,0.89,,
SPY250613P00601000,2025-06-13 11:42:46,1.24,,
SPY250613P00599000,2025-06-13 11:42:50,0.62,,
SPY250613P00600000,2025-06-13 11:42:50,0.88,,
SPY250613P00601000,2025-06-13 11:42:50,1.27,,
SPY250613P00599000,2025-06-13 11:42:55,0.62,,
SPY250613P00600000,2025-06-13 11:42:55,0.9,,
SPY250613P00601000,2025-06-13 11:42:55,1.28,,
SPY250613P00599000,2025-06-13 11:42:59,0.62,,
SPY250613P00600000,2025-06-13 11:42:59,0.88,,
SPY250613P00601000,2025-06-13 11:42:59,1.24,,
SPY250613P00599000,2025-06-13 11:43:03,0.58,,
SPY250613P00600000,2025-06-13 11:43:03,0.88,,
SPY250613P00601000,2025-06-13 11:43:03,1.23,,
SPY250613P00599000,2025-06-13 11:43:07,0.62,,
SPY250613P00600000,2025-06-13 11:43:07,0.85,,
SPY250613P00601000,2025-06-13 11:43:07,1.23,,
SPY250613P00599000,2025-06-13 11:43:11,0.62,,
SPY250613P00600000,2025-06-13 11:43:11,0.84,,
SPY250613P00601000,2025-06-13 11:43:11,1.27,,
SPY250613P00599000,2025-06-13 11:43:15,0.57,,
SPY250613P00600000,2025-06-13 11:43:15,0.869,,
SPY250613P00601000,2025-06-13 11:43:15,1.29,,
SPY250613P00599000,2025-06-13 11:43:20,0.57,,
SPY250613P00600000,2025-06-13 11:43:20,0.88,,
SPY250613P00601000,2025-06-13 11:43:20,1.29,,
SPY250613P00599000,2025-06-13 11:43:24,0.61,,
SPY250613P00600000,2025-06-13 11:43:24,0.88,,
SPY250613P00601000,2025-06-13 11:43:24,1.24,,
SPY250613P00599000,2025-06-13 11:43:28,0.61,,
SPY250613P00600000,2025-06-13 11:43:28,0.88,,
SPY250613P00601000,2025-06-13 11:43:28,1.27,,
SPY250613P00599000,2025-06-13 11:43:32,0.61,,
SPY250613P00600000,2025-06-13 11:43:32,0.88,,
SPY250613P00601000,2025-06-13 11:43:32,1.27,,
SPY250613P00599000,2025-06-13 11:43:36,0.58,,
SPY250613P00600000,2025-06-13 11:43:36,0.89,,
SPY250613P00601000,2025-06-13 11:43:36,1.27,,
SPY250613P00599000,2025-06-13 11:43:40,0.62,,
SPY250613P00600000,2025-06-13 11:43:40,0.89,,
SPY250613P00601000,2025-06-13 11:43:40,1.27,,
SPY250613P00599000,2025-06-13 11:43:44,0.61,,
SPY250613P00600000,2025-06-13 11:43:44,0.88,,
SPY250613P00601000,2025-06-13 11:43:44,1.27,,
SPY250613P00599000,2025-06-13 11:43:48,0.61,,
SPY250613P00600000,2025-06-13 11:43:48,0.84,,
SPY250613P00601000,2025-06-13 11:43:48,1.23,,
SPY250613P00599000,2025-06-13 11:43:52,0.62,,
SPY250613P00600000,2025-06-13 11:43:52,0.89,,
SPY250613P00601000,2025-06-13 11:43:52,1.23,,
SPY250613P00599000,2025-06-13 11:43:56,0.61,,
SPY250613P00600000,2025-06-13 11:43:56,0.88,,
SPY250613P00601000,2025-06-13 11:43:56,1.23,,
SPY250613P00599000,2025-06-13 11:44:00,0.61,,
SPY250613P00600000,2025-06-13 11:44:00,0.83,,
SPY250613P00601000,2025-06-13 11:44:00,1.26,,
SPY250613P00599000,2025-06-13 11:44:05,0.61,,
SPY250613P00600000,2025-06-13 11:44:05,0.86,,
SPY250613P00601000,2025-06-13 11:44:05,1.24,,
SPY250613P00599000,2025-06-13 11:44:09,0.62,,
SPY250613P00600000,2025-06-13 11:44:09,0.869,,
SPY250613P00601000,2025-06-13 11:44:09,1.23,,
SPY250613P00599000,2025-06-13 11:44:13,0.6,,
SPY250613P00600000,2025-06-13 11:44:13,0.88,,
SPY250613P00601000,2025-06-13 11:44:13,1.27,,
SPY250613P00599000,2025-06-13 11:44:17,0.6,,
SPY250613P00600000,2025-06-13 11:44:17,0.86,,
SPY250613P00601000,2025-06-13 11:44:17,1.27,,
SPY250613P00599000,2025-06-13 11:44:21,0.6,,
SPY250613P00600000,2025-06-13 11:44:21,0.869,,
SPY250613P00601000,2025-06-13 11:44:21,1.27,,
SPY250613P00599000,2025-06-13 11:44:25,0.61,,
SPY250613P00600000,2025-06-13 11:44:25,0.88,,
SPY250613P00601000,2025-06-13 11:44:25,1.22,,
SPY250613P00599000,2025-06-13 11:44:29,0.6,,
SPY250613P00600000,2025-06-13 11:44:29,0.869,,
SPY250613P00601000,2025-06-13 11:44:29,1.24,,
SPY250613P00599000,2025-06-13 11:44:33,0.61,,
SPY250613P00600000,2025-06-13 11:44:33,0.88,,
SPY250613P00601000,2025-06-13 11:44:33,1.22,,
SPY250613P00599000,2025-06-13 11:44:38,0.61,,
SPY250613P00600000,2025-06-13 11:44:38,0.819,,
SPY250613P00601000,2025-06-13 11:44:38,1.23,,
SPY250613P00599000,2025-06-13 11:44:42,0.6,,
SPY250613P00600000,2025-06-13 11:44:42,0.86,,
SPY250613P00601000,2025-06-13 11:44:42,1.24,,
SPY250613P00599000,2025-06-13 11:44:46,0.6,,
SPY250613P00600000,2025-06-13 11:44:46,0.86,,
SPY250613P00601000,2025-06-13 11:44:46,1.23,,
SPY250613P00599000,2025-06-13 11:44:50,0.58,,
SPY250613P00600000,2025-06-13 11:44:50,0.81,,
SPY250613P00601000,2025-06-13 11:44:50,1.22,,
SPY250613P00599000,2025-06-13 11:44:54,0.59,,
SPY250613P00600000,2025-06-13 11:44:54,0.86,,
SPY250613P00601000,2025-06-13 11:44:54,1.23,,
SPY250613P00599000,2025-06-13 11:44:58,0.61,,
SPY250613P00600000,2025-06-13 11:44:58,0.88,,
SPY250613P00601000,2025-06-13 11:44:58,1.26,,
SPY250613P00599000,2025-06-13 11:45:02,0.6,,
SPY250613P00600000,2025-06-13 11:45:02,0.86,,
SPY250613P00601000,2025-06-13 11:45:02,1.24,,
SPY250613P00599000,2025-06-13 11:45:06,0.56,,
SPY250613P00600000,2025-06-13 11:45:06,0.86,,
SPY250613P00601000,2025-06-13 11:45:06,1.2,,
SPY250613P00599000,2025-06-13 11:45:10,0.61,,
SPY250613P00600000,2025-06-13 11:45:10,0.9,,
SPY250613P00601000,2025-06-13 11:45:10,1.31,,
SPY250613P00599000,2025-06-13 11:45:14,0.62,,
SPY250613P00600000,2025-06-13 11:45:14,0.9,,
SPY250613P00601000,2025-06-13 11:45:14,1.27,,
SPY250613P00599000,2025-06-13 11:45:19,0.63,,
SPY250613P00600000,2025-06-13 11:45:19,0.869,,
SPY250613P00601000,2025-06-13 11:45:19,1.31,,
SPY250613P00599000,2025-06-13 11:45:23,0.61,,
SPY250613P00600000,2025-06-13 11:45:23,0.9,,
SPY250613P00601000,2025-06-13 11:45:23,1.28,,
SPY250613P00599000,2025-06-13 11:45:27,0.57,,
SPY250613P00600000,2025-06-13 11:45:27,0.84,,
SPY250613P00601000,2025-06-13 11:45:27,1.27,,
SPY250613P00599000,2025-06-13 11:45:31,0.61,,
SPY250613P00600000,2025-06-13 11:45:31,0.88,,
SPY250613P00601000,2025-06-13 11:45:31,1.27,,
SPY250613P00599000,2025-06-13 11:45:35,0.57,,
SPY250613P00600000,2025-06-13 11:45:35,0.869,,
SPY250613P00601000,2025-06-13 11:45:35,1.25,,
SPY250613P00599000,2025-06-13 11:45:39,0.59,,
SPY250613P00600000,2025-06-13 11:45:39,0.85,,
SPY250613P00601000,2025-06-13 11:45:39,1.24,,
SPY250613P00599000,2025-06-13 11:45:43,0.6,,
SPY250613P00600000,2025-06-13 11:45:43,0.869,,
SPY250613P00601000,2025-06-13 11:45:43,1.26,,
SPY250613P00599000,2025-06-13 11:45:47,0.6,,
SPY250613P00600000,2025-06-13 11:45:47,0.83,,
SPY250613P00601000,2025-06-13 11:45:47,1.22,,
SPY250613P00599000,2025-06-13 11:45:51,0.56,,
SPY250613P00600000,2025-06-13 11:45:51,0.86,,
SPY250613P00601000,2025-06-13 11:45:51,1.21,,
SPY250613P00599000,2025-06-13 11:45:55,0.59,,
SPY250613P00600000,2025-06-13 11:45:55,0.86,,
SPY250613P00601000,2025-06-13 11:45:55,1.22,,
SPY250613P00599000,2025-06-13 11:46:00,0.58,,
SPY250613P00600000,2025-06-13 11:46:00,0.81,,
SPY250613P00601000,2025-06-13 11:46:00,1.22,,
SPY250613P00599000,2025-06-13 11:46:04,0.6,,
SPY250613P00600000,2025-06-13 11:46:04,0.869,,
SPY250613P00601000,2025-06-13 11:46:04,1.26,,
SPY250613P00599000,2025-06-13 11:46:08,0.55,,
SPY250613P00600000,2025-06-13 11:46:08,0.86,,
SPY250613P00601000,2025-06-13 11:46:08,1.24,,
SPY250613P00599000,2025-06-13 11:46:12,0.55,,
SPY250613P00600000,2025-06-13 11:46:12,0.85,,
SPY250613P00601000,2025-06-13 11:46:12,1.19,,
SPY250613P00599000,2025-06-13 11:46:16,0.54,,
SPY250613P00600000,2025-06-13 11:46:16,0.8,,
SPY250613P00601000,2025-06-13 11:46:16,1.21,,
SPY250613P00599000,2025-06-13 11:46:20,0.58,,
SPY250613P00600000,2025-06-13 11:46:20,0.84,,
SPY250613P00601000,2025-06-13 11:46:20,1.21,,
SPY250613P00599000,2025-06-13 11:46:24,0.54,,
SPY250613P00600000,2025-06-13 11:46:24,0.83,,
SPY250613P00601000,2025-06-13 11:46:24,1.17,,
SPY250613P00599000,2025-06-13 11:46:28,0.57,,
SPY250613P00600000,2025-06-13 11:46:28,0.83,,
SPY250613P00601000,2025-06-13 11:46:28,1.2,,
SPY250613P00599000,2025-06-13 11:46:32,0.57,,
SPY250613P00600000,2025-06-13 11:46:32,0.83,,
SPY250613P00601000,2025-06-13 11:46:32,1.21,,
SPY250613P00599000,2025-06-13 11:46:36,0.57,,
SPY250613P00600000,2025-06-13 11:46:36,0.83,,
SPY250613P00601000,2025-06-13 11:46:36,1.16,,
SPY250613P00599000,2025-06-13 11:46:41,0.56,,
SPY250613P00600000,2025-06-13 11:46:41,0.81,,
SPY250613P00601000,2025-06-13 11:46:41,1.18,,
SPY250613P00599000,2025-06-13 11:46:45,0.56,,
SPY250613P00600000,2025-06-13 11:46:45,0.819,,
SPY250613P00601000,2025-06-13 11:46:45,1.19,,
SPY250613P00599000,2025-06-13 11:46:49,0.5,,
SPY250613P00600000,2025-06-13 11:46:49,0.79,,
SPY250613P00601000,2025-06-13 11:46:49,1.16,,
SPY250613P00599000,2025-06-13 11:46:53,0.54,,
SPY250613P00600000,2025-06-13 11:46:53,0.75,,
SPY250613P00601000,2025-06-13 11:46:53,1.11,,
SPY250613P00599000,2025-06-13 11:46:57,0.509,,
SPY250613P00600000,2025-06-13 11:46:57,0.8,,
SPY250613P00601000,2025-06-13 11:46:57,1.12,,
SPY250613P00599000,2025-06-13 11:47:01,0.54,,
SPY250613P00600000,2025-06-13 11:47:01,0.79,,
SPY250613P00601000,2025-06-13 11:47:01,1.15,,
SPY250613P00599000,2025-06-13 11:47:05,0.55,,
SPY250613P00600000,2025-06-13 11:47:05,0.819,,
SPY250613P00601000,2025-06-13 11:47:05,1.18,,
SPY250613P00599000,2025-06-13 11:47:14,0.55,,
SPY250613P00600000,2025-06-13 11:47:14,0.8,,
SPY250613P00601000,2025-06-13 11:47:14,1.18,,
SPY250613P00599000,2025-06-13 11:47:18,0.55,,
SPY250613P00600000,2025-06-13 11:47:18,0.8,,
SPY250613P00601000,2025-06-13 11:47:18,1.16,,
SPY250613P00599000,2025-06-13 11:47:22,0.54,,
SPY250613P00600000,2025-06-13 11:47:22,0.79,,
SPY250613P00601000,2025-06-13 11:47:22,1.16,,
SPY250613P00599000,2025-06-13 11:47:26,0.54,,
SPY250613P00600000,2025-06-13 11:47:26,0.78,,
SPY250613P00601000,2025-06-13 11:47:26,1.13,,
SPY250613P00599000,2025-06-13 11:47:30,0.5,,
SPY250613P00600000,2025-06-13 11:47:30,0.75,,
SPY250613P00601000,2025-06-13 11:47:30,1.1,,
SPY250613P00599000,2025-06-13 11:47:35,0.5,,
SPY250613P00600000,2025-06-13 11:47:35,0.78,,
SPY250613P00601000,2025-06-13 11:47:35,1.14,,
SPY250613P00599000,2025-06-13 11:47:39,0.54,,
SPY250613P00600000,2025-06-13 11:47:39,0.78,,
SPY250613P00601000,2025-06-13 11:47:39,1.09,,
SPY250613P00599000,2025-06-13 11:47:43,0.54,,
SPY250613P00600000,2025-06-13 11:47:43,0.79,,
SPY250613P00601000,2025-06-13 11:47:43,1.15,,
SPY250613P00599000,2025-06-13 11:47:47,0.52,,
SPY250613P00600000,2025-06-13 11:47:47,0.76,,
SPY250613P00601000,2025-06-13 11:47:47,1.11,,
SPY250613P00599000,2025-06-13 11:47:51,0.52,,
SPY250613P00600000,2025-06-13 11:47:51,0.76,,
SPY250613P00601000,2025-06-13 11:47:51,1.07,,
SPY250613P00599000,2025-06-13 11:47:57,0.47,,
SPY250613P00600000,2025-06-13 11:47:57,0.65,,
SPY250613P00601000,2025-06-13 11:47:57,1.019,,
SPY250613P00599000,2025-06-13 11:48:01,0.48,,
SPY250613P00600000,2025-06-13 11:48:01,0.7,,
SPY250613P00601000,2025-06-13 11:48:01,1.019,,
SPY250613P00599000,2025-06-13 11:48:05,0.44,,
SPY250613P00600000,2025-06-13 11:48:05,0.7,,
SPY250613P00601000,2025-06-13 11:48:05,1.019,,
SPY250613P00599000,2025-06-13 11:48:09,0.5,,
SPY250613P00600000,2025-06-13 11:48:09,0.71,,
SPY250613P00601000,2025-06-13 11:48:09,1.05,,
SPY250613P00599000,2025-06-13 11:48:13,0.49,,
SPY250613P00600000,2025-06-13 11:48:13,0.71,,
SPY250613P00601000,2025-06-13 11:48:13,1.01,,
SPY250613P00599000,2025-06-13 11:48:17,0.49,,
SPY250613P00600000,2025-06-13 11:48:17,0.67,,
SPY250613P00601000,2025-06-13 11:48:17,1.01,,
SPY250613P00599000,2025-06-13 11:48:21,0.48,,
SPY250613P00600000,2025-06-13 11:48:21,0.67,,
SPY250613P00601000,2025-06-13 11:48:21,1.04,,
SPY250613P00599000,2025-06-13 11:48:25,0.44,,
SPY250613P00600000,2025-06-13 11:48:25,0.66,,
SPY250613P00601000,2025-06-13 11:48:25,1.03,,
SPY250613P00599000,2025-06-13 11:48:29,0.45,,
SPY250613P00600000,2025-06-13 11:48:29,0.68,,
SPY250613P00601000,2025-06-13 11:48:29,1.05,,
SPY250613P00599000,2025-06-13 11:48:33,0.49,,
SPY250613P00600000,2025-06-13 11:48:33,0.68,,
SPY250613P00601000,2025-06-13 11:48:33,1.05,,
SPY250613P00599000,2025-06-13 11:48:37,0.5,,
SPY250613P00600000,2025-06-13 11:48:37,0.73,,
SPY250613P00601000,2025-06-13 11:48:37,1.05,,
SPY250613P00599000,2025-06-13 11:48:42,0.49,,
SPY250613P00600000,2025-06-13 11:48:42,0.72,,
SPY250613P00601000,2025-06-13 11:48:42,1.05,,
SPY250613P00599000,2025-06-13 11:48:46,0.49,,
SPY250613P00600000,2025-06-13 11:48:46,0.71,,
SPY250613P00601000,2025-06-13 11:48:46,1.05,,
SPY250613P00599000,2025-06-13 11:48:50,0.5,,
SPY250613P00600000,2025-06-13 11:48:50,0.72,,
SPY250613P00601000,2025-06-13 11:48:50,1.05,,
SPY250613P00599000,2025-06-13 11:48:54,0.5,,
SPY250613P00600000,2025-06-13 11:48:54,0.73,,
SPY250613P00601000,2025-06-13 11:48:54,1.05,,
SPY250613P00599000,2025-06-13 11:48:58,0.49,,
SPY250613P00600000,2025-06-13 11:48:58,0.72,,
SPY250613P00601000,2025-06-13 11:48:58,1.01,,
SPY250613P00599000,2025-06-13 11:49:02,0.5,,
SPY250613P00600000,2025-06-13 11:49:02,0.72,,
SPY250613P00601000,2025-06-13 11:49:02,1.019,,
SPY250613P00599000,2025-06-13 11:49:06,0.5,,
SPY250613P00600000,2025-06-13 11:49:06,0.72,,
SPY250613P00601000,2025-06-13 11:49:06,1.04,,
SPY250613P00599000,2025-06-13 11:49:10,0.49,,
SPY250613P00600000,2025-06-13 11:49:10,0.72,,
SPY250613P00601000,2025-06-13 11:49:10,1.05,,
SPY250613P00599000,2025-06-13 11:49:14,0.5,,
SPY250613P00600000,2025-06-13 11:49:14,0.73,,
SPY250613P00601000,2025-06-13 11:49:14,1.07,,
SPY250613P00599000,2025-06-13 11:49:18,0.5,,
SPY250613P00600000,2025-06-13 11:49:18,0.72,,
SPY250613P00601000,2025-06-13 11:49:18,1.05,,
SPY250613P00599000,2025-06-13 11:49:22,0.5,,
SPY250613P00600000,2025-06-13 11:49:22,0.72,,
SPY250613P00601000,2025-06-13 11:49:22,1.05,,
SPY250613P00599000,2025-06-13 11:49:27,0.52,,
SPY250613P00600000,2025-06-13 11:49:27,0.75,,
SPY250613P00601000,2025-06-13 11:49:27,1.05,,
SPY250613P00599000,2025-06-13 11:49:31,0.48,,
SPY250613P00600000,2025-06-13 11:49:31,0.75,,
SPY250613P00601000,2025-06-13 11:49:31,1.06,,
SPY250613P00599000,2025-06-13 11:49:35,0.52,,
SPY250613P00600000,2025-06-13 11:49:35,0.75,,
SPY250613P00601000,2025-06-13 11:49:35,1.11,,
SPY250613P00599000,2025-06-13 11:49:39,0.509,,
SPY250613P00600000,2025-06-13 11:49:39,0.74,,
SPY250613P00601000,2025-06-13 11:49:39,1.09,,
SPY250613P00599000,2025-06-13 11:49:43,0.509,,
SPY250613P00600000,2025-06-13 11:49:43,0.7,,
SPY250613P00601000,2025-06-13 11:49:43,1.07,,
SPY250613P00599000,2025-06-13 11:49:47,0.509,,
SPY250613P00600000,2025-06-13 11:49:47,0.74,,
SPY250613P00601000,2025-06-13 11:49:47,1.09,,
SPY250613P00599000,2025-06-13 11:49:51,0.52,,
SPY250613P00600000,2025-06-13 11:49:51,0.75,,
SPY250613P00601000,2025-06-13 11:49:51,1.08,,
SPY250613P00599000,2025-06-13 11:49:55,0.52,,
SPY250613P00600000,2025-06-13 11:49:55,0.76,,
SPY250613P00601000,2025-06-13 11:49:55,1.1,,
SPY250613P00599000,2025-06-13 11:49:59,0.52,,
SPY250613P00600000,2025-06-13 11:49:59,0.71,,
SPY250613P00601000,2025-06-13 11:49:59,1.04,,
SPY250613P00599000,2025-06-13 11:50:03,0.5,,
SPY250613P00600000,2025-06-13 11:50:03,0.69,,
SPY250613P00601000,2025-06-13 11:50:03,1.04,,
SPY250613P00599000,2025-06-13 11:50:08,0.509,,
SPY250613P00600000,2025-06-13 11:50:08,0.74,,
SPY250613P00601000,2025-06-13 11:50:08,1.08,,
SPY250613P00599000,2025-06-13 11:50:12,0.509,,
SPY250613P00600000,2025-06-13 11:50:12,0.74,,
SPY250613P00601000,2025-06-13 11:50:12,1.03,,
SPY250613P00599000,2025-06-13 11:50:16,0.509,,
SPY250613P00600000,2025-06-13 11:50:16,0.69,,
SPY250613P00601000,2025-06-13 11:50:16,1.05,,
SPY250613P00599000,2025-06-13 11:50:20,0.509,,
SPY250613P00600000,2025-06-13 11:50:20,0.73,,
SPY250613P00601000,2025-06-13 11:50:20,1.07,,
SPY250613P00599000,2025-06-13 11:50:24,0.47,,
SPY250613P00600000,2025-06-13 11:50:24,0.73,,
SPY250613P00601000,2025-06-13 11:50:24,1.06,,
SPY250613P00599000,2025-06-13 11:50:28,0.459,,
SPY250613P00600000,2025-06-13 11:50:28,0.72,,
SPY250613P00601000,2025-06-13 11:50:28,1.05,,
SPY250613P00599000,2025-06-13 11:50:32,0.5,,
SPY250613P00600000,2025-06-13 11:50:32,0.72,,
SPY250613P00601000,2025-06-13 11:50:32,1.04,,
SPY250613P00599000,2025-06-13 11:50:36,0.49,,
SPY250613P00600000,2025-06-13 11:50:36,0.72,,
SPY250613P00601000,2025-06-13 11:50:36,1.04,,
SPY250613P00599000,2025-06-13 11:50:40,0.49,,
SPY250613P00600000,2025-06-13 11:50:40,0.68,,
SPY250613P00601000,2025-06-13 11:50:40,1.04,,
SPY250613P00599000,2025-06-13 11:50:44,0.5,,
SPY250613P00600000,2025-06-13 11:50:44,0.72,,
SPY250613P00601000,2025-06-13 11:50:44,1.04,,
SPY250613P00599000,2025-06-13 11:50:49,0.49,,
SPY250613P00600000,2025-06-13 11:50:49,0.71,,
SPY250613P00601000,2025-06-13 11:50:49,1.03,,
SPY250613P00599000,2025-06-13 11:50:53,0.49,,
SPY250613P00600000,2025-06-13 11:50:53,0.71,,
SPY250613P00601000,2025-06-13 11:50:53,0.98,,
SPY250613P00599000,2025-06-13 11:50:57,0.49,,
SPY250613P00600000,2025-06-13 11:50:57,0.66,,
SPY250613P00601000,2025-06-13 11:50:57,1.019,,
SPY250613P00599000,2025-06-13 11:51:01,0.44,,
SPY250613P00600000,2025-06-13 11:51:01,0.71,,
SPY250613P00601000,2025-06-13 11:51:01,1.01,,
SPY250613P00599000,2025-06-13 11:51:05,0.459,,
SPY250613P00600000,2025-06-13 11:51:05,0.72,,
SPY250613P00601000,2025-06-13 11:51:05,1.0,,
SPY250613P00599000,2025-06-13 11:51:09,0.5,,
SPY250613P00600000,2025-06-13 11:51:09,0.69,,
SPY250613P00601000,2025-06-13 11:51:09,1.05,,
SPY250613P00599000,2025-06-13 11:51:13,0.5,,
SPY250613P00600000,2025-06-13 11:51:13,0.72,,
SPY250613P00601000,2025-06-13 11:51:13,1.04,,
SPY250613P00599000,2025-06-13 11:51:17,0.5,,
SPY250613P00600000,2025-06-13 11:51:17,0.68,,
SPY250613P00601000,2025-06-13 11:51:17,1.0,,
SPY250613P00599000,2025-06-13 11:51:21,0.49,,
SPY250613P00600000,2025-06-13 11:51:21,0.71,,
SPY250613P00601000,2025-06-13 11:51:21,1.03,,
SPY250613P00599000,2025-06-13 11:51:25,0.49,,
SPY250613P00600000,2025-06-13 11:51:25,0.71,,
SPY250613P00601000,2025-06-13 11:51:25,1.03,,
SPY250613P00599000,2025-06-13 11:51:29,0.5,,
SPY250613P00600000,2025-06-13 11:51:29,0.72,,
SPY250613P00601000,2025-06-13 11:51:29,0.98,,
SPY250613P00599000,2025-06-13 11:51:33,0.45,,
SPY250613P00600000,2025-06-13 11:51:33,0.66,,
SPY250613P00601000,2025-06-13 11:51:33,0.98,,
SPY250613P00599000,2025-06-13 11:51:37,0.45,,
SPY250613P00600000,2025-06-13 11:51:37,0.66,,
SPY250613P00601000,2025-06-13 11:51:37,0.98,,
SPY250613P00599000,2025-06-13 11:51:42,0.49,,
SPY250613P00600000,2025-06-13 11:51:42,0.7,,
SPY250613P00601000,2025-06-13 11:51:42,1.019,,
SPY250613P00599000,2025-06-13 11:51:46,0.49,,
SPY250613P00600000,2025-06-13 11:51:46,0.7,,
SPY250613P00601000,2025-06-13 11:51:46,0.98,,
SPY250613P00599000,2025-06-13 11:51:50,0.49,,
SPY250613P00600000,2025-06-13 11:51:50,0.7,,
SPY250613P00601000,2025-06-13 11:51:50,0.98,,
SPY250613P00599000,2025-06-13 11:51:54,0.48,,
SPY250613P00600000,2025-06-13 11:51:54,0.68,,
SPY250613P00601000,2025-06-13 11:51:54,0.95,,
SPY250613P00599000,2025-06-13 11:51:58,0.459,,
SPY250613P00600000,2025-06-13 11:51:58,0.66,,
SPY250613P00601000,2025-06-13 11:51:58,0.94,,
SPY250613P00599000,2025-06-13 11:52:02,0.47,,
SPY250613P00600000,2025-06-13 11:52:02,0.62,,
SPY250613P00601000,2025-06-13 11:52:02,0.93,,
SPY250613P00599000,2025-06-13 11:52:06,0.43,,
SPY250613P00600000,2025-06-13 11:52:06,0.67,,
SPY250613P00601000,2025-06-13 11:52:06,0.919,,
SPY250613P00599000,2025-06-13 11:52:10,0.42,,
SPY250613P00600000,2025-06-13 11:52:10,0.67,,
SPY250613P00601000,2025-06-13 11:52:10,0.969,,
SPY250613P00599000,2025-06-13 11:52:14,0.44,,
SPY250613P00600000,2025-06-13 11:52:14,0.7,,
SPY250613P00601000,2025-06-13 11:52:14,0.99,,
SPY250613P00599000,2025-06-13 11:52:19,0.44,,
SPY250613P00600000,2025-06-13 11:52:19,0.69,,
SPY250613P00601000,2025-06-13 11:52:19,0.99,,
SPY250613P00599000,2025-06-13 11:52:23,0.47,,
SPY250613P00600000,2025-06-13 11:52:23,0.67,,
SPY250613P00601000,2025-06-13 11:52:23,0.99,,
SPY250613P00599000,2025-06-13 11:52:27,0.43,,
SPY250613P00600000,2025-06-13 11:52:27,0.67,,
SPY250613P00601000,2025-06-13 11:52:27,0.93,,
SPY250613P00599000,2025-06-13 11:52:31,0.42,,
SPY250613P00600000,2025-06-13 11:52:31,0.64,,
SPY250613P00601000,2025-06-13 11:52:31,0.98,,
SPY250613P00599000,2025-06-13 11:52:35,0.47,,
SPY250613P00600000,2025-06-13 11:52:35,0.68,,
SPY250613P00601000,2025-06-13 11:52:35,0.99,,
SPY250613P00599000,2025-06-13 11:52:39,0.47,,
SPY250613P00600000,2025-06-13 11:52:39,0.68,,
SPY250613P00601000,2025-06-13 11:52:39,0.95,,
SPY250613P00599000,2025-06-13 11:52:43,0.43,,
SPY250613P00600000,2025-06-13 11:52:43,0.68,,
SPY250613P00601000,2025-06-13 11:52:43,0.99,,
SPY250613P00599000,2025-06-13 11:52:47,0.44,,
SPY250613P00600000,2025-06-13 11:52:47,0.69,,
SPY250613P00601000,2025-06-13 11:52:47,0.99,,
SPY250613P00599000,2025-06-13 11:52:51,0.47,,
SPY250613P00600000,2025-06-13 11:52:51,0.69,,
SPY250613P00601000,2025-06-13 11:52:51,0.99,,
SPY250613P00599000,2025-06-13 11:52:55,0.48,,
SPY250613P00600000,2025-06-13 11:52:55,0.69,,
SPY250613P00601000,2025-06-13 11:52:55,0.96,,
SPY250613P00599000,2025-06-13 11:52:59,0.47,,
SPY250613P00600000,2025-06-13 11:52:59,0.68,,
SPY250613P00601000,2025-06-13 11:52:59,0.98,,
SPY250613P00599000,2025-06-13 11:53:09,0.47,,
SPY250613P00600000,2025-06-13 11:53:09,0.67,,
SPY250613P00601000,2025-06-13 11:53:09,0.98,,
SPY250613P00599000,2025-06-13 11:53:13,0.47,,
SPY250613P00600000,2025-06-13 11:53:13,0.68,,
SPY250613P00601000,2025-06-13 11:53:13,0.98,,
SPY250613P00599000,2025-06-13 11:53:17,0.47,,
SPY250613P00600000,2025-06-13 11:53:17,0.68,,
SPY250613P00601000,2025-06-13 11:53:17,0.99,,
SPY250613P00599000,2025-06-13 11:53:21,0.47,,
SPY250613P00600000,2025-06-13 11:53:21,0.63,,
SPY250613P00601000,2025-06-13 11:53:21,0.94,,
SPY250613P00599000,2025-06-13 11:53:25,0.47,,
SPY250613P00600000,2025-06-13 11:53:25,0.67,,
SPY250613P00601000,2025-06-13 11:53:25,0.98,,
SPY250613P00599000,2025-06-13 11:53:29,0.47,,
SPY250613P00600000,2025-06-13 11:53:29,0.67,,
SPY250613P00601000,2025-06-13 11:53:29,0.98,,
SPY250613P00599000,2025-06-13 11:53:33,0.47,,
SPY250613P00600000,2025-06-13 11:53:33,0.67,,
SPY250613P00601000,2025-06-13 11:53:33,0.969,,
SPY250613P00599000,2025-06-13 11:53:37,0.47,,
SPY250613P00600000,2025-06-13 11:53:37,0.67,,
SPY250613P00601000,2025-06-13 11:53:37,0.98,,
SPY250613P00599000,2025-06-13 11:53:41,0.47,,
SPY250613P00600000,2025-06-13 11:53:41,0.64,,
SPY250613P00601000,2025-06-13 11:53:41,0.99,,
SPY250613P00599000,2025-06-13 11:53:45,0.48,,
SPY250613P00600000,2025-06-13 11:53:45,0.69,,
SPY250613P00601000,2025-06-13 11:53:45,0.99,,
SPY250613P00599000,2025-06-13 11:53:49,0.48,,
SPY250613P00600000,2025-06-13 11:53:49,0.69,,
SPY250613P00601000,2025-06-13 11:53:49,1.01,,
SPY250613P00599000,2025-06-13 11:53:54,0.48,,
SPY250613P00600000,2025-06-13 11:53:54,0.7,,
SPY250613P00601000,2025-06-13 11:53:54,1.01,,
SPY250613P00599000,2025-06-13 11:53:59,0.48,,
SPY250613P00600000,2025-06-13 11:53:59,0.7,,
SPY250613P00601000,2025-06-13 11:53:59,1.01,,
SPY250613P00599000,2025-06-13 11:54:03,0.44,,
SPY250613P00600000,2025-06-13 11:54:03,0.69,,
SPY250613P00601000,2025-06-13 11:54:03,0.99,,
SPY250613P00599000,2025-06-13 11:54:07,0.47,,
SPY250613P00600000,2025-06-13 11:54:07,0.68,,
SPY250613P00601000,2025-06-13 11:54:07,0.99,,
SPY250613P00599000,2025-06-13 11:54:11,0.47,,
SPY250613P00600000,2025-06-13 11:54:11,0.68,,
SPY250613P00601000,2025-06-13 11:54:11,0.99,,
SPY250613P00599000,2025-06-13 11:54:15,0.47,,
SPY250613P00600000,2025-06-13 11:54:15,0.67,,
SPY250613P00601000,2025-06-13 11:54:15,0.98,,
SPY250613P00599000,2025-06-13 11:54:20,0.47,,
SPY250613P00600000,2025-06-13 11:54:20,0.66,,
SPY250613P00601000,2025-06-13 11:54:20,0.96,,
SPY250613P00599000,2025-06-13 11:54:24,0.47,,
SPY250613P00600000,2025-06-13 11:54:24,0.62,,
SPY250613P00601000,2025-06-13 11:54:24,0.96,,
SPY250613P00599000,2025-06-13 11:54:28,0.42,,
SPY250613P00600000,2025-06-13 11:54:28,0.62,,
SPY250613P00601000,2025-06-13 11:54:28,0.96,,
SPY250613P00599000,2025-06-13 11:54:32,0.459,,
SPY250613P00600000,2025-06-13 11:54:32,0.66,,
SPY250613P00601000,2025-06-13 11:54:32,0.95,,
SPY250613P00599000,2025-06-13 11:54:37,0.459,,
SPY250613P00600000,2025-06-13 11:54:37,0.61,,
SPY250613P00601000,2025-06-13 11:54:37,0.95,,
SPY250613P00599000,2025-06-13 11:54:41,0.409,,
SPY250613P00600000,2025-06-13 11:54:41,0.65,,
SPY250613P00601000,2025-06-13 11:54:41,0.95,,
SPY250613P00599000,2025-06-13 11:54:45,0.409,,
SPY250613P00600000,2025-06-13 11:54:45,0.6,,
SPY250613P00601000,2025-06-13 11:54:45,0.89,,
SPY250613P00599000,2025-06-13 11:54:49,0.409,,
SPY250613P00600000,2025-06-13 11:54:49,0.64,,
SPY250613P00601000,2025-06-13 11:54:49,0.93,,
SPY250613P00599000,2025-06-13 11:54:53,0.459,,
SPY250613P00600000,2025-06-13 11:54:53,0.64,,
SPY250613P00601000,2025-06-13 11:54:53,0.93,,
SPY250613P00599000,2025-06-13 11:54:57,0.459,,
SPY250613P00600000,2025-06-13 11:54:57,0.65,,
SPY250613P00601000,2025-06-13 11:54:57,0.94,,
SPY250613P00599000,2025-06-13 11:55:02,0.45,,
SPY250613P00600000,2025-06-13 11:55:02,0.66,,
SPY250613P00601000,2025-06-13 11:55:02,0.95,,
SPY250613P00599000,2025-06-13 11:55:06,0.47,,
SPY250613P00600000,2025-06-13 11:55:06,0.67,,
SPY250613P00601000,2025-06-13 11:55:06,0.93,,
SPY250613P00599000,2025-06-13 11:55:10,0.47,,
SPY250613P00600000,2025-06-13 11:55:10,0.68,,
SPY250613P00601000,2025-06-13 11:55:10,0.93,,
SPY250613P00599000,2025-06-13 11:55:14,0.48,,
SPY250613P00600000,2025-06-13 11:55:14,0.65,,
SPY250613P00601000,2025-06-13 11:55:14,0.99,,
SPY250613P00599000,2025-06-13 11:55:18,0.47,,
SPY250613P00600000,2025-06-13 11:55:18,0.68,,
SPY250613P00601000,2025-06-13 11:55:18,0.99,,
SPY250613P00599000,2025-06-13 11:55:22,0.47,,
SPY250613P00600000,2025-06-13 11:55:22,0.69,,
SPY250613P00601000,2025-06-13 11:55:22,0.99,,
SPY250613P00599000,2025-06-13 11:55:26,0.44,,
SPY250613P00600000,2025-06-13 11:55:26,0.69,,
SPY250613P00601000,2025-06-13 11:55:26,1.0,,
SPY250613P00599000,2025-06-13 11:55:30,0.48,,
SPY250613P00600000,2025-06-13 11:55:30,0.69,,
SPY250613P00601000,2025-06-13 11:55:30,0.96,,
SPY250613P00599000,2025-06-13 11:55:34,0.48,,
SPY250613P00600000,2025-06-13 11:55:34,0.7,,
SPY250613P00601000,2025-06-13 11:55:34,0.969,,
SPY250613P00599000,2025-06-13 11:55:39,0.5,,
SPY250613P00600000,2025-06-13 11:55:39,0.68,,
SPY250613P00601000,2025-06-13 11:55:39,1.01,,
SPY250613P00599000,2025-06-13 11:55:43,0.5,,
SPY250613P00600000,2025-06-13 11:55:43,0.72,,
SPY250613P00601000,2025-06-13 11:55:43,1.01,,
SPY250613P00599000,2025-06-13 11:55:47,0.509,,
SPY250613P00600000,2025-06-13 11:55:47,0.7,,
SPY250613P00601000,2025-06-13 11:55:47,1.07,,
SPY250613P00599000,2025-06-13 11:55:51,0.48,,
SPY250613P00600000,2025-06-13 11:55:51,0.72,,
SPY250613P00601000,2025-06-13 11:55:51,1.1,,
SPY250613P00599000,2025-06-13 11:55:55,0.52,,
SPY250613P00600000,2025-06-13 11:55:55,0.76,,
SPY250613P00601000,2025-06-13 11:55:55,1.06,,
SPY250613P00599000,2025-06-13 11:55:59,0.49,,
SPY250613P00600000,2025-06-13 11:55:59,0.77,,
SPY250613P00601000,2025-06-13 11:55:59,1.11,,
SPY250613P00599000,2025-06-13 11:56:03,0.53,,
SPY250613P00600000,2025-06-13 11:56:03,0.73,,
SPY250613P00601000,2025-06-13 11:56:03,1.12,,
SPY250613P00599000,2025-06-13 11:56:07,0.53,,
SPY250613P00600000,2025-06-13 11:56:07,0.71,,
SPY250613P00601000,2025-06-13 11:56:07,1.08,,
SPY250613P00599000,2025-06-13 11:56:11,0.52,,
SPY250613P00600000,2025-06-13 11:56:11,0.75,,
SPY250613P00601000,2025-06-13 11:56:11,1.09,,
SPY250613P00599000,2025-06-13 11:56:15,0.53,,
SPY250613P00600000,2025-06-13 11:56:15,0.7,,
SPY250613P00601000,2025-06-13 11:56:15,1.08,,
SPY250613P00599000,2025-06-13 11:56:19,0.49,,
SPY250613P00600000,2025-06-13 11:56:19,0.76,,
SPY250613P00601000,2025-06-13 11:56:19,1.07,,
SPY250613P00599000,2025-06-13 11:56:24,0.49,,
SPY250613P00600000,2025-06-13 11:56:24,0.77,,
SPY250613P00601000,2025-06-13 11:56:24,1.13,,
SPY250613P00599000,2025-06-13 11:56:28,0.54,,
SPY250613P00600000,2025-06-13 11:56:28,0.74,,
SPY250613P00601000,2025-06-13 11:56:28,1.09,,
SPY250613P00599000,2025-06-13 11:56:32,0.5,,
SPY250613P00600000,2025-06-13 11:56:32,0.81,,
SPY250613P00601000,2025-06-13 11:56:32,1.17,,
SPY250613P00599000,2025-06-13 11:56:36,0.56,,
SPY250613P00600000,2025-06-13 11:56:36,0.81,,
SPY250613P00601000,2025-06-13 11:56:36,1.15,,
SPY250613P00599000,2025-06-13 11:56:40,0.56,,
SPY250613P00600000,2025-06-13 11:56:40,0.78,,
SPY250613P00601000,2025-06-13 11:56:40,1.15,,
SPY250613P00599000,2025-06-13 11:56:44,0.56,,
SPY250613P00600000,2025-06-13 11:56:44,0.83,,
SPY250613P00601000,2025-06-13 11:56:44,1.17,,
SPY250613P00599000,2025-06-13 11:56:48,0.56,,
SPY250613P00600000,2025-06-13 11:56:48,0.81,,
SPY250613P00601000,2025-06-13 11:56:48,1.17,,
SPY250613P00599000,2025-06-13 11:56:52,0.56,,
SPY250613P00600000,2025-06-13 11:56:52,0.81,,
SPY250613P00601000,2025-06-13 11:56:52,1.13,,
SPY250613P00599000,2025-06-13 11:56:56,0.5,,
SPY250613P00600000,2025-06-13 11:56:56,0.79,,
SPY250613P00601000,2025-06-13 11:56:56,1.15,,
SPY250613P00599000,2025-06-13 11:57:00,0.55,,
SPY250613P00600000,2025-06-13 11:57:00,0.8,,
SPY250613P00601000,2025-06-13 11:57:00,1.16,,
SPY250613P00599000,2025-06-13 11:57:04,0.55,,
SPY250613P00600000,2025-06-13 11:57:04,0.8,,
SPY250613P00601000,2025-06-13 11:57:04,1.15,,
SPY250613P00599000,2025-06-13 11:57:09,0.5,,
SPY250613P00600000,2025-06-13 11:57:09,0.8,,
SPY250613P00601000,2025-06-13 11:57:09,1.09,,
SPY250613P00599000,2025-06-13 11:57:13,0.55,,
SPY250613P00600000,2025-06-13 11:57:13,0.8,,
SPY250613P00601000,2025-06-13 11:57:13,1.16,,
SPY250613P00599000,2025-06-13 11:57:17,0.56,,
SPY250613P00600000,2025-06-13 11:57:17,0.81,,
SPY250613P00601000,2025-06-13 11:57:17,1.17,,
SPY250613P00599000,2025-06-13 11:57:21,0.509,,
SPY250613P00600000,2025-06-13 11:57:21,0.8,,
SPY250613P00601000,2025-06-13 11:57:21,1.17,,
SPY250613P00599000,2025-06-13 11:57:25,0.54,,
SPY250613P00600000,2025-06-13 11:57:25,0.75,,
SPY250613P00601000,2025-06-13 11:57:25,1.14,,
SPY250613P00599000,2025-06-13 11:57:29,0.55,,
SPY250613P00600000,2025-06-13 11:57:29,0.76,,
SPY250613P00601000,2025-06-13 11:57:29,1.14,,
SPY250613P00599000,2025-06-13 11:57:33,0.509,,
SPY250613P00600000,2025-06-13 11:57:33,0.79,,
SPY250613P00601000,2025-06-13 11:57:33,1.15,,
SPY250613P00599000,2025-06-13 11:57:37,0.52,,
SPY250613P00600000,2025-06-13 11:57:37,0.81,,
SPY250613P00601000,2025-06-13 11:57:37,1.17,,
SPY250613P00599000,2025-06-13 11:57:41,0.509,,
SPY250613P00600000,2025-06-13 11:57:41,0.77,,
SPY250613P00601000,2025-06-13 11:57:41,1.12,,
SPY250613P00599000,2025-06-13 11:57:45,0.459,,
SPY250613P00600000,2025-06-13 11:57:45,0.69,,
SPY250613P00601000,2025-06-13 11:57:45,1.06,,
SPY250613P00599000,2025-06-13 11:57:50,0.48,,
SPY250613P00600000,2025-06-13 11:57:50,0.74,,
SPY250613P00601000,2025-06-13 11:57:50,1.07,,
SPY250613P00599000,2025-06-13 11:57:54,0.48,,
SPY250613P00600000,2025-06-13 11:57:54,0.74,,
SPY250613P00601000,2025-06-13 11:57:54,1.08,,
SPY250613P00599000,2025-06-13 11:57:58,0.52,,
SPY250613P00600000,2025-06-13 11:57:58,0.75,,
SPY250613P00601000,2025-06-13 11:57:58,1.08,,
SPY250613P00599000,2025-06-13 11:58:02,0.47,,
SPY250613P00600000,2025-06-13 11:58:02,0.73,,
SPY250613P00601000,2025-06-13 11:58:02,1.03,,
SPY250613P00599000,2025-06-13 11:58:07,0.53,,
SPY250613P00600000,2025-06-13 11:58:07,0.76,,
SPY250613P00601000,2025-06-13 11:58:07,1.09,,
SPY250613P00599000,2025-06-13 11:58:11,0.53,,
SPY250613P00600000,2025-06-13 11:58:11,0.76,,
SPY250613P00601000,2025-06-13 11:58:11,1.09,,
SPY250613P00599000,2025-06-13 11:58:15,0.49,,
SPY250613P00600000,2025-06-13 11:58:15,0.75,,
SPY250613P00601000,2025-06-13 11:58:15,1.09,,
SPY250613P00599000,2025-06-13 11:58:19,0.52,,
SPY250613P00600000,2025-06-13 11:58:19,0.75,,
SPY250613P00601000,2025-06-13 11:58:19,1.07,,
SPY250613P00599000,2025-06-13 11:58:23,0.54,,
SPY250613P00600000,2025-06-13 11:58:23,0.77,,
SPY250613P00601000,2025-06-13 11:58:23,1.1,,
SPY250613P00599000,2025-06-13 11:58:27,0.52,,
SPY250613P00600000,2025-06-13 11:58:27,0.74,,
SPY250613P00601000,2025-06-13 11:58:27,1.04,,
SPY250613P00599000,2025-06-13 11:58:31,0.53,,
SPY250613P00600000,2025-06-13 11:58:31,0.71,,
SPY250613P00601000,2025-06-13 11:58:31,1.08,,
SPY250613P00599000,2025-06-13 11:58:35,0.54,,
SPY250613P00600000,2025-06-13 11:58:35,0.77,,
SPY250613P00601000,2025-06-13 11:58:35,1.08,,
SPY250613P00599000,2025-06-13 11:58:39,0.5,,
SPY250613P00600000,2025-06-13 11:58:39,0.73,,
SPY250613P00601000,2025-06-13 11:58:39,1.07,,
SPY250613P00599000,2025-06-13 11:58:43,0.54,,
SPY250613P00600000,2025-06-13 11:58:43,0.77,,
SPY250613P00601000,2025-06-13 11:58:43,1.11,,
SPY250613P00599000,2025-06-13 11:58:47,0.5,,
SPY250613P00600000,2025-06-13 11:58:47,0.77,,
SPY250613P00601000,2025-06-13 11:58:47,1.11,,
SPY250613P00599000,2025-06-13 11:58:51,0.54,,
SPY250613P00600000,2025-06-13 11:58:51,0.73,,
SPY250613P00601000,2025-06-13 11:58:51,1.07,,
SPY250613P00599000,2025-06-13 11:58:56,0.55,,
SPY250613P00600000,2025-06-13 11:58:56,0.79,,
SPY250613P00601000,2025-06-13 11:58:56,1.13,,
SPY250613P00599000,2025-06-13 11:59:00,0.55,,
SPY250613P00600000,2025-06-13 11:59:00,0.75,,
SPY250613P00601000,2025-06-13 11:59:00,1.09,,
SPY250613P00599000,2025-06-13 11:59:04,0.55,,
SPY250613P00600000,2025-06-13 11:59:04,0.76,,
SPY250613P00601000,2025-06-13 11:59:04,1.06,,
SPY250613P00599000,2025-06-13 11:59:08,0.53,,
SPY250613P00600000,2025-06-13 11:59:08,0.76,,
SPY250613P00601000,2025-06-13 11:59:08,1.09,,
SPY250613P00599000,2025-06-13 11:59:12,0.49,,
SPY250613P00600000,2025-06-13 11:59:12,0.76,,
SPY250613P00601000,2025-06-13 11:59:12,1.1,,
SPY250613P00599000,2025-06-13 11:59:16,0.49,,
SPY250613P00600000,2025-06-13 11:59:16,0.72,,
SPY250613P00601000,2025-06-13 11:59:16,1.05,,
SPY250613P00599000,2025-06-13 11:59:20,0.53,,
SPY250613P00600000,2025-06-13 11:59:20,0.71,,
SPY250613P00601000,2025-06-13 11:59:20,1.08,,
SPY250613P00599000,2025-06-13 11:59:24,0.53,,
SPY250613P00600000,2025-06-13 11:59:24,0.76,,
SPY250613P00601000,2025-06-13 11:59:24,1.08,,
SPY250613P00599000,2025-06-13 11:59:28,0.54,,
SPY250613P00600000,2025-06-13 11:59:28,0.73,,
SPY250613P00601000,2025-06-13 11:59:28,1.11,,
SPY250613P00599000,2025-06-13 11:59:32,0.53,,
SPY250613P00600000,2025-06-13 11:59:32,0.7,,
SPY250613P00601000,2025-06-13 11:59:32,1.09,,
SPY250613P00599000,2025-06-13 11:59:37,0.53,,
SPY250613P00600000,2025-06-13 11:59:37,0.71,,
SPY250613P00601000,2025-06-13 11:59:37,1.08,,
SPY250613P00599000,2025-06-13 11:59:41,0.52,,
SPY250613P00600000,2025-06-13 11:59:41,0.7,,
SPY250613P00601000,2025-06-13 11:59:41,1.07,,
SPY250613P00599000,2025-06-13 11:59:45,0.53,,
SPY250613P00600000,2025-06-13 11:59:45,0.75,,
SPY250613P00601000,2025-06-13 11:59:45,1.05,,
SPY250613P00599000,2025-06-13 11:59:49,0.53,,
SPY250613P00600000,2025-06-13 11:59:49,0.76,,
SPY250613P00601000,2025-06-13 11:59:49,1.05,,
SPY250613P00599000,2025-06-13 11:59:53,0.53,,
SPY250613P00600000,2025-06-13 11:59:53,0.76,,
SPY250613P00601000,2025-06-13 11:59:53,1.09,,
SPY250613P00599000,2025-06-13 11:59:57,0.53,,
SPY250613P00600000,2025-06-13 11:59:57,0.76,,
SPY250613P00601000,2025-06-13 11:59:57,1.05,,
SPY250613P00599000,2025-06-13 12:00:01,0.54,,
SPY250613P00600000,2025-06-13 12:00:01,0.76,,
SPY250613P00601000,2025-06-13 12:00:01,1.1,,
SPY250613P00599000,2025-06-13 12:00:05,0.49,,
SPY250613P00600000,2025-06-13 12:00:05,0.76,,
SPY250613P00601000,2025-06-13 12:00:05,1.05,,
SPY250613P00599000,2025-06-13 12:00:09,0.53,,
SPY250613P00600000,2025-06-13 12:00:09,0.72,,
SPY250613P00601000,2025-06-13 12:00:09,1.09,,
SPY250613P00599000,2025-06-13 12:00:13,0.52,,
SPY250613P00600000,2025-06-13 12:00:13,0.74,,
SPY250613P00601000,2025-06-13 12:00:13,1.07,,
SPY250613P00599000,2025-06-13 12:00:17,0.52,,
SPY250613P00600000,2025-06-13 12:00:17,0.75,,
SPY250613P00601000,2025-06-13 12:00:17,1.08,,
SPY250613P00599000,2025-06-13 12:00:21,0.48,,
SPY250613P00600000,2025-06-13 12:00:21,0.75,,
SPY250613P00601000,2025-06-13 12:00:21,1.08,,
SPY250613P00599000,2025-06-13 12:00:25,0.53,,
SPY250613P00600000,2025-06-13 12:00:25,0.76,,
SPY250613P00601000,2025-06-13 12:00:25,1.09,,
SPY250613P00599000,2025-06-13 12:00:30,0.509,,
SPY250613P00600000,2025-06-13 12:00:30,0.74,,
SPY250613P00601000,2025-06-13 12:00:30,1.019,,
SPY250613P00599000,2025-06-13 12:00:34,0.48,,
SPY250613P00600000,2025-06-13 12:00:34,0.7,,
SPY250613P00601000,2025-06-13 12:00:34,1.08,,
SPY250613P00599000,2025-06-13 12:00:38,0.54,,
SPY250613P00600000,2025-06-13 12:00:38,0.77,,
SPY250613P00601000,2025-06-13 12:00:38,1.1,,
SPY250613P00599000,2025-06-13 12:00:42,0.55,,
SPY250613P00600000,2025-06-13 12:00:42,0.75,,
SPY250613P00601000,2025-06-13 12:00:42,1.1,,
SPY250613P00599000,2025-06-13 12:00:46,0.55,,
SPY250613P00600000,2025-06-13 12:00:46,0.78,,
SPY250613P00601000,2025-06-13 12:00:46,1.1,,
SPY250613P00599000,2025-06-13 12:00:50,0.55,,
SPY250613P00600000,2025-06-13 12:00:50,0.73,,
SPY250613P00601000,2025-06-13 12:00:50,1.13,,
SPY250613P00599000,2025-06-13 12:00:54,0.5,,
SPY250613P00600000,2025-06-13 12:00:54,0.77,,
SPY250613P00601000,2025-06-13 12:00:54,1.08,,
SPY250613P00599000,2025-06-13 12:00:58,0.55,,
SPY250613P00600000,2025-06-13 12:00:58,0.79,,
SPY250613P00601000,2025-06-13 12:00:58,1.14,,
SPY250613P00599000,2025-06-13 12:01:02,0.55,,
SPY250613P00600000,2025-06-13 12:01:02,0.76,,
SPY250613P00601000,2025-06-13 12:01:02,1.13,,
SPY250613P00599000,2025-06-13 12:01:07,0.56,,
SPY250613P00600000,2025-06-13 12:01:07,0.819,,
SPY250613P00601000,2025-06-13 12:01:07,1.14,,
SPY250613P00599000,2025-06-13 12:01:11,0.57,,
SPY250613P00600000,2025-06-13 12:01:11,0.81,,
SPY250613P00601000,2025-06-13 12:01:11,1.13,,
SPY250613P00599000,2025-06-13 12:01:15,0.55,,
SPY250613P00600000,2025-06-13 12:01:15,0.78,,
SPY250613P00601000,2025-06-13 12:01:15,1.17,,
SPY250613P00599000,2025-06-13 12:01:19,0.54,,
SPY250613P00600000,2025-06-13 12:01:19,0.8,,
SPY250613P00601000,2025-06-13 12:01:19,1.2,,
SPY250613P00599000,2025-06-13 12:01:23,0.57,,
SPY250613P00600000,2025-06-13 12:01:23,0.81,,
SPY250613P00601000,2025-06-13 12:01:23,1.2,,
SPY250613P00599000,2025-06-13 12:01:27,0.57,,
SPY250613P00600000,2025-06-13 12:01:27,0.8,,
SPY250613P00601000,2025-06-13 12:01:27,1.21,,
SPY250613P00599000,2025-06-13 12:01:31,0.58,,
SPY250613P00600000,2025-06-13 12:01:31,0.8,,
SPY250613P00601000,2025-06-13 12:01:31,1.18,,
SPY250613P00599000,2025-06-13 12:01:35,0.58,,
SPY250613P00600000,2025-06-13 12:01:35,0.85,,
SPY250613P00601000,2025-06-13 12:01:35,1.18,,
SPY250613P00599000,2025-06-13 12:01:39,0.55,,
SPY250613P00600000,2025-06-13 12:01:39,0.85,,
SPY250613P00601000,2025-06-13 12:01:39,1.23,,
SPY250613P00599000,2025-06-13 12:01:43,0.55,,
SPY250613P00600000,2025-06-13 12:01:43,0.8,,
SPY250613P00601000,2025-06-13 12:01:43,1.17,,
SPY250613P00599000,2025-06-13 12:01:47,0.53,,
SPY250613P00600000,2025-06-13 12:01:47,0.78,,
SPY250613P00601000,2025-06-13 12:01:47,1.14,,
SPY250613P00599000,2025-06-13 12:01:51,0.53,,
SPY250613P00600000,2025-06-13 12:01:51,0.78,,
SPY250613P00601000,2025-06-13 12:01:51,1.14,,
SPY250613P00599000,2025-06-13 12:01:56,0.53,,
SPY250613P00600000,2025-06-13 12:01:56,0.78,,
SPY250613P00601000,2025-06-13 12:01:56,1.14,,
SPY250613P00599000,2025-06-13 12:02:00,0.54,,
SPY250613P00600000,2025-06-13 12:02:00,0.8,,
SPY250613P00601000,2025-06-13 12:02:00,1.17,,
SPY250613P00599000,2025-06-13 12:02:04,0.54,,
SPY250613P00600000,2025-06-13 12:02:04,0.79,,
SPY250613P00601000,2025-06-13 12:02:04,1.16,,
SPY250613P00599000,2025-06-13 12:02:08,0.57,,
SPY250613P00600000,2025-06-13 12:02:08,0.77,,
SPY250613P00601000,2025-06-13 12:02:08,1.16,,
SPY250613P00599000,2025-06-13 12:02:12,0.53,,
SPY250613P00600000,2025-06-13 12:02:12,0.77,,
SPY250613P00601000,2025-06-13 12:02:12,1.16,,
SPY250613P00599000,2025-06-13 12:02:16,0.56,,
SPY250613P00600000,2025-06-13 12:02:16,0.76,,
SPY250613P00601000,2025-06-13 12:02:16,1.14,,
SPY250613P00599000,2025-06-13 12:02:20,0.52,,
SPY250613P00600000,2025-06-13 12:02:20,0.74,,
SPY250613P00601000,2025-06-13 12:02:20,1.11,,
SPY250613P00599000,2025-06-13 12:02:24,0.52,,
SPY250613P00600000,2025-06-13 12:02:24,0.8,,
SPY250613P00601000,2025-06-13 12:02:24,1.15,,
SPY250613P00599000,2025-06-13 12:02:28,0.52,,
SPY250613P00600000,2025-06-13 12:02:28,0.75,,
SPY250613P00601000,2025-06-13 12:02:28,1.05,,
SPY250613P00599000,2025-06-13 12:02:32,0.509,,
SPY250613P00600000,2025-06-13 12:02:32,0.74,,
SPY250613P00601000,2025-06-13 12:02:32,1.05,,
SPY250613P00599000,2025-06-13 12:02:37,0.51,,
SPY250613P00600000,2025-06-13 12:02:37,0.75,,
SPY250613P00601000,2025-06-13 12:02:37,1.03,,
SPY250613P00599000,2025-06-13 12:02:41,0.52,,
SPY250613P00600000,2025-06-13 12:02:41,0.74,,
SPY250613P00601000,2025-06-13 12:02:41,1.1,,
SPY250613P00599000,2025-06-13 12:02:45,0.49,,
SPY250613P00600000,2025-06-13 12:02:45,0.72,,
SPY250613P00601000,2025-06-13 12:02:45,1.09,,
SPY250613P00599000,2025-06-13 12:02:49,0.52,,
SPY250613P00600000,2025-06-13 12:02:49,0.74,,
SPY250613P00601000,2025-06-13 12:02:49,1.09,,
SPY250613P00599000,2025-06-13 12:02:53,0.52,,
SPY250613P00600000,2025-06-13 12:02:53,0.71,,
SPY250613P00601000,2025-06-13 12:02:53,1.05,,
SPY250613P00599000,2025-06-13 12:02:57,0.52,,
SPY250613P00600000,2025-06-13 12:02:57,0.7,,
SPY250613P00601000,2025-06-13 12:02:57,1.09,,
SPY250613P00599000,2025-06-13 12:03:01,0.48,,
SPY250613P00600000,2025-06-13 12:03:01,0.72,,
SPY250613P00601000,2025-06-13 12:03:01,1.11,,
SPY250613P00599000,2025-06-13 12:03:05,0.48,,
SPY250613P00600000,2025-06-13 12:03:05,0.7,,
SPY250613P00601000,2025-06-13 12:03:05,1.04,,
SPY250613P00599000,2025-06-13 12:03:09,0.46,,
SPY250613P00600000,2025-06-13 12:03:09,0.7,,
SPY250613P00601000,2025-06-13 12:03:09,1.06,,
SPY250613P00599000,2025-06-13 12:03:13,0.46,,
SPY250613P00600000,2025-06-13 12:03:13,0.69,,
SPY250613P00601000,2025-06-13 12:03:13,1.03,,
SPY250613P00599000,2025-06-13 12:03:17,0.509,,
SPY250613P00600000,2025-06-13 12:03:17,0.7,,
SPY250613P00601000,2025-06-13 12:03:17,1.04,,
SPY250613P00599000,2025-06-13 12:03:22,0.5,,
SPY250613P00600000,2025-06-13 12:03:22,0.69,,
SPY250613P00601000,2025-06-13 12:03:22,1.019,,
SPY250613P00599000,2025-06-13 12:03:26,0.509,,
SPY250613P00600000,2025-06-13 12:03:26,0.69,,
SPY250613P00601000,2025-06-13 12:03:26,1.03,,
SPY250613P00599000,2025-06-13 12:03:30,0.509,,
SPY250613P00600000,2025-06-13 12:03:30,0.69,,
SPY250613P00601000,2025-06-13 12:03:30,1.03,,
SPY250613P00599000,2025-06-13 12:03:34,0.47,,
SPY250613P00600000,2025-06-13 12:03:34,0.73,,
SPY250613P00601000,2025-06-13 12:03:34,1.03,,
SPY250613P00599000,2025-06-13 12:03:38,0.46,,
SPY250613P00600000,2025-06-13 12:03:38,0.69,,
SPY250613P00601000,2025-06-13 12:03:38,1.03,,
SPY250613P00599000,2025-06-13 12:03:42,0.5,,
SPY250613P00600000,2025-06-13 12:03:42,0.69,,
SPY250613P00601000,2025-06-13 12:03:42,1.03,,
SPY250613P00599000,2025-06-13 12:03:46,0.5,,
SPY250613P00600000,2025-06-13 12:03:46,0.73,,
SPY250613P00601000,2025-06-13 12:03:46,1.02,,
SPY250613P00599000,2025-06-13 12:03:50,0.47,,
SPY250613P00600000,2025-06-13 12:03:50,0.71,,
SPY250613P00601000,2025-06-13 12:03:50,1.09,,
SPY250613P00599000,2025-06-13 12:03:54,0.47,,
SPY250613P00600000,2025-06-13 12:03:54,0.71,,
SPY250613P00601000,2025-06-13 12:03:54,1.06,,
SPY250613P00599000,2025-06-13 12:03:58,0.47,,
SPY250613P00600000,2025-06-13 12:03:58,0.75,,
SPY250613P00601000,2025-06-13 12:03:58,1.1,,
SPY250613P00599000,2025-06-13 12:04:02,0.48,,
SPY250613P00600000,2025-06-13 12:04:02,0.75,,
SPY250613P00601000,2025-06-13 12:04:02,1.09,,
SPY250613P00599000,2025-06-13 12:04:07,0.509,,
SPY250613P00600000,2025-06-13 12:04:07,0.71,,
SPY250613P00601000,2025-06-13 12:04:07,1.09,,
SPY250613P00599000,2025-06-13 12:04:11,0.47,,
SPY250613P00600000,2025-06-13 12:04:11,0.74,,
SPY250613P00601000,2025-06-13 12:04:11,1.09,,
SPY250613P00599000,2025-06-13 12:04:16,0.509,,
SPY250613P00600000,2025-06-13 12:04:16,0.74,,
SPY250613P00601000,2025-06-13 12:04:16,1.05,,
SPY250613P00599000,2025-06-13 12:04:20,0.509,,
SPY250613P00600000,2025-06-13 12:04:20,0.75,,
SPY250613P00601000,2025-06-13 12:04:20,1.06,,
SPY250613P00599000,2025-06-13 12:04:25,0.509,,
SPY250613P00600000,2025-06-13 12:04:25,0.72,,
SPY250613P00601000,2025-06-13 12:04:25,1.09,,
SPY250613P00599000,2025-06-13 12:04:29,0.48,,
SPY250613P00600000,2025-06-13 12:04:29,0.72,,
SPY250613P00601000,2025-06-13 12:04:29,1.07,,
SPY250613P00599000,2025-06-13 12:04:33,0.52,,
SPY250613P00600000,2025-06-13 12:04:33,0.73,,
SPY250613P00601000,2025-06-13 12:04:33,1.08,,
SPY250613P00599000,2025-06-13 12:04:37,0.52,,
SPY250613P00600000,2025-06-13 12:04:37,0.72,,
SPY250613P00601000,2025-06-13 12:04:37,1.11,,
SPY250613P00599000,2025-06-13 12:04:41,0.5,,
SPY250613P00600000,2025-06-13 12:04:41,0.79,,
SPY250613P00601000,2025-06-13 12:04:41,1.12,,
SPY250613P00599000,2025-06-13 12:04:45,0.52,,
SPY250613P00600000,2025-06-13 12:04:45,0.77,,
SPY250613P00601000,2025-06-13 12:04:45,1.17,,
SPY250613P00599000,2025-06-13 12:04:49,0.509,,
SPY250613P00600000,2025-06-13 12:04:49,0.76,,
SPY250613P00601000,2025-06-13 12:04:49,1.12,,
SPY250613P00599000,2025-06-13 12:04:53,0.509,,
SPY250613P00600000,2025-06-13 12:04:53,0.77,,
SPY250613P00601000,2025-06-13 12:04:53,1.17,,
SPY250613P00599000,2025-06-13 12:04:57,0.55,,
SPY250613P00600000,2025-06-13 12:04:57,0.81,,
SPY250613P00601000,2025-06-13 12:04:57,1.19,,
SPY250613P00599000,2025-06-13 12:05:01,0.56,,
SPY250613P00600000,2025-06-13 12:05:01,0.81,,
SPY250613P00601000,2025-06-13 12:05:01,1.13,,
SPY250613P00599000,2025-06-13 12:05:05,0.509,,
SPY250613P00600000,2025-06-13 12:05:05,0.8,,
SPY250613P00601000,2025-06-13 12:05:05,1.13,,
SPY250613P00599000,2025-06-13 12:05:09,0.509,,
SPY250613P00600000,2025-06-13 12:05:09,0.78,,
SPY250613P00601000,2025-06-13 12:05:09,1.15,,
SPY250613P00599000,2025-06-13 12:05:13,0.54,,
SPY250613P00600000,2025-06-13 12:05:13,0.78,,
SPY250613P00601000,2025-06-13 12:05:13,1.1,,
SPY250613P00599000,2025-06-13 12:05:18,0.53,,
SPY250613P00600000,2025-06-13 12:05:18,0.74,,
SPY250613P00601000,2025-06-13 12:05:18,1.09,,
SPY250613P00599000,2025-06-13 12:05:22,0.509,,
SPY250613P00600000,2025-06-13 12:05:22,0.8,,
SPY250613P00601000,2025-06-13 12:05:22,1.1,,
SPY250613P00599000,2025-06-13 12:05:26,0.509,,
SPY250613P00600000,2025-06-13 12:05:26,0.8,,
SPY250613P00601000,2025-06-13 12:05:26,1.12,,
SPY250613P00599000,2025-06-13 12:05:30,0.5,,
SPY250613P00600000,2025-06-13 12:05:30,0.79,,
SPY250613P00601000,2025-06-13 12:05:30,1.16,,
SPY250613P00599000,2025-06-13 12:05:34,0.509,,
SPY250613P00600000,2025-06-13 12:05:34,0.77,,
SPY250613P00601000,2025-06-13 12:05:34,1.17,,
SPY250613P00599000,2025-06-13 12:05:38,0.53,,
SPY250613P00600000,2025-06-13 12:05:38,0.819,,
SPY250613P00601000,2025-06-13 12:05:38,1.21,,
SPY250613P00599000,2025-06-13 12:05:42,0.57,,
SPY250613P00600000,2025-06-13 12:05:42,0.83,,
SPY250613P00601000,2025-06-13 12:05:42,1.16,,
SPY250613P00599000,2025-06-13 12:05:46,0.54,,
SPY250613P00600000,2025-06-13 12:05:46,0.79,,
SPY250613P00601000,2025-06-13 12:05:46,1.16,,
SPY250613P00599000,2025-06-13 12:05:50,0.54,,
SPY250613P00600000,2025-06-13 12:05:50,0.74,,
SPY250613P00601000,2025-06-13 12:05:50,1.14,,
SPY250613P00599000,2025-06-13 12:05:54,0.52,,
SPY250613P00600000,2025-06-13 12:05:54,0.77,,
SPY250613P00601000,2025-06-13 12:05:54,1.16,,
SPY250613P00599000,2025-06-13 12:05:58,0.509,,
SPY250613P00600000,2025-06-13 12:05:58,0.81,,
SPY250613P00601000,2025-06-13 12:05:58,1.17,,
SPY250613P00599000,2025-06-13 12:06:03,0.55,,
SPY250613P00600000,2025-06-13 12:06:03,0.79,,
SPY250613P00601000,2025-06-13 12:06:03,1.16,,
SPY250613P00599000,2025-06-13 12:06:07,0.509,,
SPY250613P00600000,2025-06-13 12:06:07,0.8,,
SPY250613P00601000,2025-06-13 12:06:07,1.16,,
SPY250613P00599000,2025-06-13 12:06:11,0.509,,
SPY250613P00600000,2025-06-13 12:06:11,0.8,,
SPY250613P00601000,2025-06-13 12:06:11,1.16,,
SPY250613P00599000,2025-06-13 12:06:15,0.52,,
SPY250613P00600000,2025-06-13 12:06:15,0.81,,
SPY250613P00601000,2025-06-13 12:06:15,1.14,,
SPY250613P00599000,2025-06-13 12:06:19,0.49,,
SPY250613P00600000,2025-06-13 12:06:19,0.74,,
SPY250613P00601000,2025-06-13 12:06:19,1.13,,
SPY250613P00599000,2025-06-13 12:06:23,0.49,,
SPY250613P00600000,2025-06-13 12:06:23,0.77,,
SPY250613P00601000,2025-06-13 12:06:23,1.08,,
SPY250613P00599000,2025-06-13 12:06:27,0.53,,
SPY250613P00600000,2025-06-13 12:06:27,0.77,,
SPY250613P00601000,2025-06-13 12:06:27,1.07,,
SPY250613P00599000,2025-06-13 12:06:31,0.53,,
SPY250613P00600000,2025-06-13 12:06:31,0.72,,
SPY250613P00601000,2025-06-13 12:06:31,1.11,,
SPY250613P00599000,2025-06-13 12:06:35,0.47,,
SPY250613P00600000,2025-06-13 12:06:35,0.74,,
SPY250613P00601000,2025-06-13 12:06:35,1.03,,
SPY250613P00599000,2025-06-13 12:06:39,0.47,,
SPY250613P00600000,2025-06-13 12:06:39,0.7,,
SPY250613P00601000,2025-06-13 12:06:39,1.04,,
SPY250613P00599000,2025-06-13 12:06:43,0.47,,
SPY250613P00600000,2025-06-13 12:06:43,0.7,,
SPY250613P00601000,2025-06-13 12:06:43,1.08,,
SPY250613P00599000,2025-06-13 12:06:47,0.509,,
SPY250613P00600000,2025-06-13 12:06:47,0.7,,
SPY250613P00601000,2025-06-13 12:06:47,1.09,,
SPY250613P00599000,2025-06-13 12:06:51,0.49,,
SPY250613P00600000,2025-06-13 12:06:51,0.69,,
SPY250613P00601000,2025-06-13 12:06:51,1.019,,
SPY250613P00599000,2025-06-13 12:06:55,0.45,,
SPY250613P00600000,2025-06-13 12:06:55,0.67,,
SPY250613P00601000,2025-06-13 12:06:55,1.0,,
SPY250613P00599000,2025-06-13 12:06:59,0.48,,
SPY250613P00600000,2025-06-13 12:06:59,0.71,,
SPY250613P00601000,2025-06-13 12:06:59,1.04,,
SPY250613P00599000,2025-06-13 12:07:03,0.44,,
SPY250613P00600000,2025-06-13 12:07:03,0.67,,
SPY250613P00601000,2025-06-13 12:07:03,1.05,,
SPY250613P00599000,2025-06-13 12:07:08,0.45,,
SPY250613P00600000,2025-06-13 12:07:08,0.68,,
SPY250613P00601000,2025-06-13 12:07:08,1.07,,
SPY250613P00599000,2025-06-13 12:07:12,0.459,,
SPY250613P00600000,2025-06-13 12:07:12,0.68,,
SPY250613P00601000,2025-06-13 12:07:12,1.03,,
SPY250613P00599000,2025-06-13 12:07:16,0.45,,
SPY250613P00600000,2025-06-13 12:07:16,0.68,,
SPY250613P00601000,2025-06-13 12:07:16,1.06,,
SPY250613P00599000,2025-06-13 12:07:20,0.5,,
SPY250613P00600000,2025-06-13 12:07:20,0.73,,
SPY250613P00601000,2025-06-13 12:07:20,1.09,,
SPY250613P00599000,2025-06-13 12:07:24,0.45,,
SPY250613P00600000,2025-06-13 12:07:24,0.68,,
SPY250613P00601000,2025-06-13 12:07:24,1.01,,
SPY250613P00599000,2025-06-13 12:07:28,0.45,,
SPY250613P00600000,2025-06-13 12:07:28,0.67,,
SPY250613P00601000,2025-06-13 12:07:28,1.05,,
SPY250613P00599000,2025-06-13 12:07:32,0.49,,
SPY250613P00600000,2025-06-13 12:07:32,0.68,,
SPY250613P00601000,2025-06-13 12:07:32,1.01,,
SPY250613P00599000,2025-06-13 12:07:36,0.45,,
SPY250613P00600000,2025-06-13 12:07:36,0.68,,
SPY250613P00601000,2025-06-13 12:07:36,1.01,,
SPY250613P00599000,2025-06-13 12:07:40,0.459,,
SPY250613P00600000,2025-06-13 12:07:40,0.69,,
SPY250613P00601000,2025-06-13 12:07:40,1.03,,
SPY250613P00599000,2025-06-13 12:07:44,0.45,,
SPY250613P00600000,2025-06-13 12:07:44,,,
SPY250613P00601000,2025-06-13 12:07:44,1.0,,
SPY250613P00599000,2025-06-13 12:07:53,0.45,,
SPY250613P00600000,2025-06-13 12:07:53,0.71,,
SPY250613P00601000,2025-06-13 12:07:53,1.019,,
SPY250613P00599000,2025-06-13 12:07:57,0.48,,
SPY250613P00600000,2025-06-13 12:07:57,0.69,,
SPY250613P00601000,2025-06-13 12:07:57,0.98,,
SPY250613P00599000,2025-06-13 12:08:01,0.44,,
SPY250613P00600000,2025-06-13 12:08:01,0.67,,
SPY250613P00601000,2025-06-13 12:08:01,0.96,,
SPY250613P00599000,2025-06-13 12:08:05,0.44,,
SPY250613P00600000,2025-06-13 12:08:05,0.68,,
SPY250613P00601000,2025-06-13 12:08:05,1.01,,
SPY250613P00599000,2025-06-13 12:08:09,0.44,,
SPY250613P00600000,2025-06-13 12:08:09,0.67,,
SPY250613P00601000,2025-06-13 12:08:09,0.95,,
SPY250613P00599000,2025-06-13 12:08:13,0.44,,
SPY250613P00600000,2025-06-13 12:08:13,0.64,,
SPY250613P00601000,2025-06-13 12:08:13,0.97,,
SPY250613P00599000,2025-06-13 12:08:17,0.45,,
SPY250613P00600000,2025-06-13 12:08:17,0.62,,
SPY250613P00601000,2025-06-13 12:08:17,0.93,,
SPY250613P00599000,2025-06-13 12:08:21,0.409,,
SPY250613P00600000,2025-06-13 12:08:21,0.62,,
SPY250613P00601000,2025-06-13 12:08:21,0.93,,
SPY250613P00599000,2025-06-13 12:08:25,0.44,,
SPY250613P00600000,2025-06-13 12:08:25,0.64,,
SPY250613P00601000,2025-06-13 12:08:25,0.94,,
SPY250613P00599000,2025-06-13 12:08:29,0.409,,
SPY250613P00600000,2025-06-13 12:08:29,0.65,,
SPY250613P00601000,2025-06-13 12:08:29,0.94,,
SPY250613P00599000,2025-06-13 12:08:33,0.42,,
SPY250613P00600000,2025-06-13 12:08:33,0.63,,
SPY250613P00601000,2025-06-13 12:08:33,0.94,,
SPY250613P00599000,2025-06-13 12:08:37,0.45,,
SPY250613P00600000,2025-06-13 12:08:37,0.68,,
SPY250613P00601000,2025-06-13 12:08:37,0.969,,
SPY250613P00599000,2025-06-13 12:08:41,0.46,,
SPY250613P00600000,2025-06-13 12:08:41,0.66,,
SPY250613P00601000,2025-06-13 12:08:41,0.99,,
SPY250613P00599000,2025-06-13 12:08:46,0.46,,
SPY250613P00600000,2025-06-13 12:08:46,0.67,,
SPY250613P00601000,2025-06-13 12:08:46,0.98,,
SPY250613P00599000,2025-06-13 12:08:50,0.45,,
SPY250613P00600000,2025-06-13 12:08:50,0.68,,
SPY250613P00601000,2025-06-13 12:08:50,0.98,,
SPY250613P00599000,2025-06-13 12:08:54,0.459,,
SPY250613P00600000,2025-06-13 12:08:54,0.68,,
SPY250613P00601000,2025-06-13 12:08:54,0.99,,
SPY250613P00599000,2025-06-13 12:08:58,0.459,,
SPY250613P00600000,2025-06-13 12:08:58,0.64,,
SPY250613P00601000,2025-06-13 12:08:58,0.96,,
SPY250613P00599000,2025-06-13 12:09:02,0.45,,
SPY250613P00600000,2025-06-13 12:09:02,0.66,,
SPY250613P00601000,2025-06-13 12:09:02,0.969,,
SPY250613P00599000,2025-06-13 12:09:06,0.45,,
SPY250613P00600000,2025-06-13 12:09:06,0.62,,
SPY250613P00601000,2025-06-13 12:09:06,0.96,,
SPY250613P00599000,2025-06-13 12:09:10,0.459,,
SPY250613P00600000,2025-06-13 12:09:10,0.65,,
SPY250613P00601000,2025-06-13 12:09:10,0.97,,
SPY250613P00599000,2025-06-13 12:09:14,0.45,,
SPY250613P00600000,2025-06-13 12:09:14,0.65,,
SPY250613P00601000,2025-06-13 12:09:14,0.96,,
SPY250613P00599000,2025-06-13 12:09:18,0.43,,
SPY250613P00600000,2025-06-13 12:09:18,0.67,,
SPY250613P00601000,2025-06-13 12:09:18,0.95,,
SPY250613P00599000,2025-06-13 12:09:22,0.44,,
SPY250613P00600000,2025-06-13 12:09:22,0.64,,
SPY250613P00601000,2025-06-13 12:09:22,0.96,,
SPY250613P00599000,2025-06-13 12:09:26,0.43,,
SPY250613P00600000,2025-06-13 12:09:26,0.67,,
SPY250613P00601000,2025-06-13 12:09:26,0.95,,
SPY250613P00599000,2025-06-13 12:09:30,0.44,,
SPY250613P00600000,2025-06-13 12:09:30,0.64,,
SPY250613P00601000,2025-06-13 12:09:30,0.96,,
SPY250613P00599000,2025-06-13 12:09:34,0.459,,
SPY250613P00600000,2025-06-13 12:09:34,0.64,,
SPY250613P00601000,2025-06-13 12:09:34,1.01,,
SPY250613P00599000,2025-06-13 12:09:38,0.42,,
SPY250613P00600000,2025-06-13 12:09:38,0.68,,
SPY250613P00601000,2025-06-13 12:09:38,0.96,,
SPY250613P00599000,2025-06-13 12:09:42,0.43,,
SPY250613P00600000,2025-06-13 12:09:42,0.68,,
SPY250613P00601000,2025-06-13 12:09:42,0.96,,
SPY250613P00599000,2025-06-13 12:09:46,0.43,,
SPY250613P00600000,2025-06-13 12:09:46,0.64,,
SPY250613P00601000,2025-06-13 12:09:46,0.96,,
SPY250613P00599000,2025-06-13 12:09:50,0.43,,
SPY250613P00600000,2025-06-13 12:09:50,0.68,,
SPY250613P00601000,2025-06-13 12:09:50,0.96,,
SPY250613P00599000,2025-06-13 12:09:54,0.47,,
SPY250613P00600000,2025-06-13 12:09:54,0.64,,
SPY250613P00601000,2025-06-13 12:09:54,0.95,,
SPY250613P00599000,2025-06-13 12:09:58,0.47,,
SPY250613P00600000,2025-06-13 12:09:58,0.64,,
SPY250613P00601000,2025-06-13 12:09:58,1.0,,
SPY250613P00599000,2025-06-13 12:10:02,0.43,,
SPY250613P00600000,2025-06-13 12:10:02,0.64,,
SPY250613P00601000,2025-06-13 12:10:02,0.95,,
SPY250613P00599000,2025-06-13 12:10:06,0.459,,
SPY250613P00600000,2025-06-13 12:10:06,0.67,,
SPY250613P00601000,2025-06-13 12:10:06,0.94,,
SPY250613P00599000,2025-06-13 12:10:11,0.45,,
SPY250613P00600000,2025-06-13 12:10:11,0.67,,
SPY250613P00601000,2025-06-13 12:10:11,0.97,,
SPY250613P00599000,2025-06-13 12:10:16,0.459,,
SPY250613P00600000,2025-06-13 12:10:16,0.65,,
SPY250613P00601000,2025-06-13 12:10:16,0.96,,
SPY250613P00599000,2025-06-13 12:10:20,0.44,,
SPY250613P00600000,2025-06-13 12:10:20,0.65,,
SPY250613P00601000,2025-06-13 12:10:20,0.95,,
SPY250613P00599000,2025-06-13 12:10:24,0.409,,
SPY250613P00600000,2025-06-13 12:10:24,0.66,,
SPY250613P00601000,2025-06-13 12:10:24,0.94,,
SPY250613P00599000,2025-06-13 12:10:28,0.409,,
SPY250613P00600000,2025-06-13 12:10:28,0.66,,
SPY250613P00601000,2025-06-13 12:10:28,0.98,,
SPY250613P00599000,2025-06-13 12:10:32,0.45,,
SPY250613P00600000,2025-06-13 12:10:32,0.65,,
SPY250613P00601000,2025-06-13 12:10:32,0.96,,
SPY250613P00599000,2025-06-13 12:10:36,0.409,,
SPY250613P00600000,2025-06-13 12:10:36,0.62,,
SPY250613P00601000,2025-06-13 12:10:36,0.96,,
SPY250613P00599000,2025-06-13 12:10:40,0.45,,
SPY250613P00600000,2025-06-13 12:10:40,0.66,,
SPY250613P00601000,2025-06-13 12:10:40,0.969,,
SPY250613P00599000,2025-06-13 12:10:44,0.45,,
SPY250613P00600000,2025-06-13 12:10:44,0.62,,
SPY250613P00601000,2025-06-13 12:10:44,0.93,,
SPY250613P00599000,2025-06-13 12:10:48,0.459,,
SPY250613P00600000,2025-06-13 12:10:48,0.67,,
SPY250613P00601000,2025-06-13 12:10:48,0.99,,
SPY250613P00599000,2025-06-13 12:10:52,0.459,,
SPY250613P00600000,2025-06-13 12:10:52,0.68,,
SPY250613P00601000,2025-06-13 12:10:52,0.95,,
SPY250613P00599000,2025-06-13 12:10:56,0.42,,
SPY250613P00600000,2025-06-13 12:10:56,0.67,,
SPY250613P00601000,2025-06-13 12:10:56,0.98,,
SPY250613P00599000,2025-06-13 12:11:00,0.45,,
SPY250613P00600000,2025-06-13 12:11:00,0.66,,
SPY250613P00601000,2025-06-13 12:11:00,0.969,,
SPY250613P00599000,2025-06-13 12:11:04,0.459,,
SPY250613P00600000,2025-06-13 12:11:04,0.62,,
SPY250613P00601000,2025-06-13 12:11:04,0.95,,
SPY250613P00599000,2025-06-13 12:11:08,0.44,,
SPY250613P00600000,2025-06-13 12:11:08,0.65,,
SPY250613P00601000,2025-06-13 12:11:08,0.96,,
SPY250613P00599000,2025-06-13 12:11:12,0.44,,
SPY250613P00600000,2025-06-13 12:11:12,0.64,,
SPY250613P00601000,2025-06-13 12:11:12,0.94,,
SPY250613P00599000,2025-06-13 12:11:16,0.44,,
SPY250613P00600000,2025-06-13 12:11:16,0.64,,
SPY250613P00601000,2025-06-13 12:11:16,0.94,,
SPY250613P00599000,2025-06-13 12:11:20,0.42,,
SPY250613P00600000,2025-06-13 12:11:20,0.61,,
SPY250613P00601000,2025-06-13 12:11:20,0.9,,
SPY250613P00599000,2025-06-13 12:11:24,0.39,,
SPY250613P00600000,2025-06-13 12:11:24,0.58,,
SPY250613P00601000,2025-06-13 12:11:24,0.919,,
SPY250613P00599000,2025-06-13 12:11:29,0.42,,
SPY250613P00600000,2025-06-13 12:11:29,0.62,,
SPY250613P00601000,2025-06-13 12:11:29,0.919,,
SPY250613P00599000,2025-06-13 12:11:33,0.42,,
SPY250613P00600000,2025-06-13 12:11:33,0.62,,
SPY250613P00601000,2025-06-13 12:11:33,0.919,,
SPY250613P00599000,2025-06-13 12:11:37,0.43,,
SPY250613P00600000,2025-06-13 12:11:37,0.64,,
SPY250613P00601000,2025-06-13 12:11:37,0.94,,
SPY250613P00599000,2025-06-13 12:11:41,0.43,,
SPY250613P00600000,2025-06-13 12:11:41,0.63,,
SPY250613P00601000,2025-06-13 12:11:41,0.93,,
SPY250613P00599000,2025-06-13 12:11:45,0.39,,
SPY250613P00600000,2025-06-13 12:11:45,0.63,,
SPY250613P00601000,2025-06-13 12:11:45,0.9,,
SPY250613P00599000,2025-06-13 12:11:49,0.43,,
SPY250613P00600000,2025-06-13 12:11:49,0.64,,
SPY250613P00601000,2025-06-13 12:11:49,0.95,,
SPY250613P00599000,2025-06-13 12:11:53,0.4,,
SPY250613P00600000,2025-06-13 12:11:53,0.64,,
SPY250613P00601000,2025-06-13 12:11:53,0.94,,
SPY250613P00599000,2025-06-13 12:11:57,0.44,,
SPY250613P00600000,2025-06-13 12:11:57,0.64,,
SPY250613P00601000,2025-06-13 12:11:57,0.95,,
SPY250613P00599000,2025-06-13 12:12:02,0.43,,
SPY250613P00600000,2025-06-13 12:12:02,0.59,,
SPY250613P00601000,2025-06-13 12:12:02,0.919,,
SPY250613P00599000,2025-06-13 12:12:06,0.42,,
SPY250613P00600000,2025-06-13 12:12:06,0.62,,
SPY250613P00601000,2025-06-13 12:12:06,0.869,,
SPY250613P00599000,2025-06-13 12:12:10,0.38,,
SPY250613P00600000,2025-06-13 12:12:10,0.58,,
SPY250613P00601000,2025-06-13 12:12:10,0.89,,
SPY250613P00599000,2025-06-13 12:12:14,0.37,,
SPY250613P00600000,2025-06-13 12:12:14,0.6,,
SPY250613P00601000,2025-06-13 12:12:14,0.84,,
SPY250613P00599000,2025-06-13 12:12:18,0.37,,
SPY250613P00600000,2025-06-13 12:12:18,0.56,,
SPY250613P00601000,2025-06-13 12:12:18,0.88,,
SPY250613P00599000,2025-06-13 12:12:22,0.37,,
SPY250613P00600000,2025-06-13 12:12:22,0.6,,
SPY250613P00601000,2025-06-13 12:12:22,0.86,,
SPY250613P00599000,2025-06-13 12:12:26,0.42,,
SPY250613P00600000,2025-06-13 12:12:26,0.6,,
SPY250613P00601000,2025-06-13 12:12:26,0.85,,
SPY250613P00599000,2025-06-13 12:12:30,0.409,,
SPY250613P00600000,2025-06-13 12:12:30,0.6,,
SPY250613P00601000,2025-06-13 12:12:30,0.9,,
SPY250613P00599000,2025-06-13 12:12:34,0.409,,
SPY250613P00600000,2025-06-13 12:12:34,0.6,,
SPY250613P00601000,2025-06-13 12:12:34,0.88,,
SPY250613P00599000,2025-06-13 12:12:38,0.409,,
SPY250613P00600000,2025-06-13 12:12:38,0.57,,
SPY250613P00601000,2025-06-13 12:12:38,0.9,,
SPY250613P00599000,2025-06-13 12:12:42,0.409,,
SPY250613P00600000,2025-06-13 12:12:42,0.6,,
SPY250613P00601000,2025-06-13 12:12:42,0.9,,
SPY250613P00599000,2025-06-13 12:12:46,0.42,,
SPY250613P00600000,2025-06-13 12:12:46,0.57,,
SPY250613P00601000,2025-06-13 12:12:46,0.91,,
SPY250613P00599000,2025-06-13 12:12:50,0.42,,
SPY250613P00600000,2025-06-13 12:12:50,0.62,,
SPY250613P00601000,2025-06-13 12:12:50,0.89,,
SPY250613P00599000,2025-06-13 12:12:54,0.42,,
SPY250613P00600000,2025-06-13 12:12:54,0.62,,
SPY250613P00601000,2025-06-13 12:12:54,0.88,,
SPY250613P00599000,2025-06-13 12:12:58,0.42,,
SPY250613P00600000,2025-06-13 12:12:58,0.62,,
SPY250613P00601000,2025-06-13 12:12:58,0.919,,
SPY250613P00599000,2025-06-13 12:13:02,0.42,,
SPY250613P00600000,2025-06-13 12:13:02,0.57,,
SPY250613P00601000,2025-06-13 12:13:02,0.9,,
SPY250613P00599000,2025-06-13 12:13:06,0.37,,
SPY250613P00600000,2025-06-13 12:13:06,0.6,,
SPY250613P00601000,2025-06-13 12:13:06,0.84,,
SPY250613P00599000,2025-06-13 12:13:10,0.38,,
SPY250613P00600000,2025-06-13 12:13:10,0.57,,
SPY250613P00601000,2025-06-13 12:13:10,0.85,,
SPY250613P00599000,2025-06-13 12:13:15,0.409,,
SPY250613P00600000,2025-06-13 12:13:15,0.61,,
SPY250613P00601000,2025-06-13 12:13:15,0.85,,
SPY250613P00599000,2025-06-13 12:13:19,0.409,,
SPY250613P00600000,2025-06-13 12:13:19,0.61,,
SPY250613P00601000,2025-06-13 12:13:19,0.89,,
SPY250613P00599000,2025-06-13 12:13:23,0.409,,
SPY250613P00600000,2025-06-13 12:13:23,0.57,,
SPY250613P00601000,2025-06-13 12:13:23,0.89,,
SPY250613P00599000,2025-06-13 12:13:27,0.42,,
SPY250613P00600000,2025-06-13 12:13:27,0.61,,
SPY250613P00601000,2025-06-13 12:13:27,0.919,,
SPY250613P00599000,2025-06-13 12:13:31,0.42,,
SPY250613P00600000,2025-06-13 12:13:31,0.57,,
SPY250613P00601000,2025-06-13 12:13:31,0.89,,
SPY250613P00599000,2025-06-13 12:13:35,0.409,,
SPY250613P00600000,2025-06-13 12:13:35,0.61,,
SPY250613P00601000,2025-06-13 12:13:35,0.85,,
SPY250613P00599000,2025-06-13 12:13:39,0.42,,
SPY250613P00600000,2025-06-13 12:13:39,0.61,,
SPY250613P00601000,2025-06-13 12:13:39,0.89,,
SPY250613P00599000,2025-06-13 12:13:43,0.42,,
SPY250613P00600000,2025-06-13 12:13:43,0.61,,
SPY250613P00601000,2025-06-13 12:13:43,0.91,,
SPY250613P00599000,2025-06-13 12:13:47,0.42,,
SPY250613P00600000,2025-06-13 12:13:47,0.61,,
SPY250613P00601000,2025-06-13 12:13:47,0.91,,
SPY250613P00599000,2025-06-13 12:13:51,0.42,,
SPY250613P00600000,2025-06-13 12:13:51,0.61,,
SPY250613P00601000,2025-06-13 12:13:51,0.9,,
SPY250613P00599000,2025-06-13 12:13:55,0.42,,
SPY250613P00600000,2025-06-13 12:13:55,0.61,,
SPY250613P00601000,2025-06-13 12:13:55,0.89,,
SPY250613P00599000,2025-06-13 12:13:59,0.42,,
SPY250613P00600000,2025-06-13 12:13:59,0.6,,
SPY250613P00601000,2025-06-13 12:13:59,0.88,,
SPY250613P00599000,2025-06-13 12:14:04,0.409,,
SPY250613P00600000,2025-06-13 12:14:04,0.6,,
SPY250613P00601000,2025-06-13 12:14:04,0.88,,
SPY250613P00599000,2025-06-13 12:14:07,0.37,,
SPY250613P00600000,2025-06-13 12:14:07,0.55,,
SPY250613P00601000,2025-06-13 12:14:07,0.88,,
SPY250613P00599000,2025-06-13 12:14:12,0.409,,
SPY250613P00600000,2025-06-13 12:14:12,0.6,,
SPY250613P00601000,2025-06-13 12:14:12,0.88,,
SPY250613P00599000,2025-06-13 12:14:16,0.4,,
SPY250613P00600000,2025-06-13 12:14:16,0.58,,
SPY250613P00601000,2025-06-13 12:14:16,0.85,,
SPY250613P00599000,2025-06-13 12:14:20,0.39,,
SPY250613P00600000,2025-06-13 12:14:20,0.57,,
SPY250613P00601000,2025-06-13 12:14:20,0.85,,
SPY250613P00599000,2025-06-13 12:14:24,0.39,,
SPY250613P00600000,2025-06-13 12:14:24,0.53,,
SPY250613P00601000,2025-06-13 12:14:24,0.8,,
SPY250613P00599000,2025-06-13 12:14:28,0.39,,
SPY250613P00600000,2025-06-13 12:14:28,0.57,,
SPY250613P00601000,2025-06-13 12:14:28,0.86,,
SPY250613P00599000,2025-06-13 12:14:32,0.4,,
SPY250613P00600000,2025-06-13 12:14:32,0.58,,
SPY250613P00601000,2025-06-13 12:14:32,0.85,,
SPY250613P00599000,2025-06-13 12:14:36,0.39,,
SPY250613P00600000,2025-06-13 12:14:36,0.57,,
SPY250613P00601000,2025-06-13 12:14:36,0.85,,
SPY250613P00599000,2025-06-13 12:14:40,0.39,,
SPY250613P00600000,2025-06-13 12:14:40,0.58,,
SPY250613P00601000,2025-06-13 12:14:40,0.819,,
SPY250613P00599000,2025-06-13 12:14:44,0.4,,
SPY250613P00600000,2025-06-13 12:14:44,0.58,,
SPY250613P00601000,2025-06-13 12:14:44,0.869,,
SPY250613P00599000,2025-06-13 12:14:48,0.4,,
SPY250613P00600000,2025-06-13 12:14:48,0.54,,
SPY250613P00601000,2025-06-13 12:14:48,0.869,,
SPY250613P00599000,2025-06-13 12:14:52,0.4,,
SPY250613P00600000,2025-06-13 12:14:52,0.54,,
SPY250613P00601000,2025-06-13 12:14:52,0.819,,
SPY250613P00599000,2025-06-13 12:14:56,0.4,,
SPY250613P00600000,2025-06-13 12:14:56,0.58,,
SPY250613P00601000,2025-06-13 12:14:56,0.84,,
SPY250613P00599000,2025-06-13 12:15:00,0.37,,
SPY250613P00600000,2025-06-13 12:15:00,0.59,,
SPY250613P00601000,2025-06-13 12:15:00,0.88,,
SPY250613P00599000,2025-06-13 12:15:04,0.42,,
SPY250613P00600000,2025-06-13 12:15:04,0.61,,
SPY250613P00601000,2025-06-13 12:15:04,0.85,,
SPY250613P00599000,2025-06-13 12:15:09,0.37,,
SPY250613P00600000,2025-06-13 12:15:09,0.6,,
SPY250613P00601000,2025-06-13 12:15:09,0.9,,
SPY250613P00599000,2025-06-13 12:15:13,0.409,,
SPY250613P00600000,2025-06-13 12:15:13,0.61,,
SPY250613P00601000,2025-06-13 12:15:13,0.86,,
SPY250613P00599000,2025-06-13 12:15:17,0.42,,
SPY250613P00600000,2025-06-13 12:15:17,0.61,,
SPY250613P00601000,2025-06-13 12:15:17,0.91,,
SPY250613P00599000,2025-06-13 12:15:21,0.42,,
SPY250613P00600000,2025-06-13 12:15:21,0.62,,
SPY250613P00601000,2025-06-13 12:15:21,0.93,,
SPY250613P00599000,2025-06-13 12:15:25,0.42,,
SPY250613P00600000,2025-06-13 12:15:25,0.62,,
SPY250613P00601000,2025-06-13 12:15:25,0.91,,
SPY250613P00599000,2025-06-13 12:15:29,0.42,,
SPY250613P00600000,2025-06-13 12:15:29,0.62,,
SPY250613P00601000,2025-06-13 12:15:29,0.91,,
SPY250613P00599000,2025-06-13 12:15:33,0.38,,
SPY250613P00600000,2025-06-13 12:15:33,0.62,,
SPY250613P00601000,2025-06-13 12:15:33,0.919,,
SPY250613P00599000,2025-06-13 12:15:37,0.38,,
SPY250613P00600000,2025-06-13 12:15:37,0.58,,
SPY250613P00601000,2025-06-13 12:15:37,0.88,,
SPY250613P00599000,2025-06-13 12:15:41,0.47,,
SPY250613P00600000,2025-06-13 12:15:41,0.67,,
SPY250613P00601000,2025-06-13 12:15:41,0.95,,
SPY250613P00599000,2025-06-13 12:15:45,0.459,,
SPY250613P00600000,2025-06-13 12:15:45,0.67,,
SPY250613P00601000,2025-06-13 12:15:45,0.94,,
SPY250613P00599000,2025-06-13 12:15:49,0.47,,
SPY250613P00600000,2025-06-13 12:15:49,0.68,,
SPY250613P00601000,2025-06-13 12:15:49,1.0,,
SPY250613P00599000,2025-06-13 12:15:53,0.43,,
SPY250613P00600000,2025-06-13 12:15:53,0.68,,
SPY250613P00601000,2025-06-13 12:15:53,1.0,,
SPY250613P00599000,2025-06-13 12:15:57,0.45,,
SPY250613P00600000,2025-06-13 12:15:57,0.66,,
SPY250613P00601000,2025-06-13 12:15:57,0.94,,
SPY250613P00599000,2025-06-13 12:16:01,0.459,,
SPY250613P00600000,2025-06-13 12:16:01,0.65,,
SPY250613P00601000,2025-06-13 12:16:01,0.98,,
SPY250613P00599000,2025-06-13 12:16:05,0.44,,
SPY250613P00600000,2025-06-13 12:16:05,0.64,,
SPY250613P00601000,2025-06-13 12:16:05,0.96,,
SPY250613P00599000,2025-06-13 12:16:09,0.43,,
SPY250613P00600000,2025-06-13 12:16:09,0.63,,
SPY250613P00601000,2025-06-13 12:16:09,0.93,,
SPY250613P00599000,2025-06-13 12:16:13,0.39,,
SPY250613P00600000,2025-06-13 12:16:13,0.59,,
SPY250613P00601000,2025-06-13 12:16:13,0.93,,
SPY250613P00599000,2025-06-13 12:16:17,0.43,,
SPY250613P00600000,2025-06-13 12:16:17,0.58,,
SPY250613P00601000,2025-06-13 12:16:17,0.88,,
SPY250613P00599000,2025-06-13 12:16:22,0.39,,
SPY250613P00600000,2025-06-13 12:16:22,0.62,,
SPY250613P00601000,2025-06-13 12:16:22,0.88,,
SPY250613P00599000,2025-06-13 12:16:26,0.39,,
SPY250613P00600000,2025-06-13 12:16:26,0.58,,
SPY250613P00601000,2025-06-13 12:16:26,0.919,,
SPY250613P00599000,2025-06-13 12:16:30,0.43,,
SPY250613P00600000,2025-06-13 12:16:30,0.62,,
SPY250613P00601000,2025-06-13 12:16:30,0.919,,
SPY250613P00599000,2025-06-13 12:16:34,0.39,,
SPY250613P00600000,2025-06-13 12:16:34,0.62,,
SPY250613P00601000,2025-06-13 12:16:34,0.919,,
SPY250613P00599000,2025-06-13 12:16:38,0.42,,
SPY250613P00600000,2025-06-13 12:16:38,0.61,,
SPY250613P00601000,2025-06-13 12:16:38,0.9,,
SPY250613P00599000,2025-06-13 12:16:42,0.409,,
SPY250613P00600000,2025-06-13 12:16:42,0.6,,
SPY250613P00601000,2025-06-13 12:16:42,0.84,,
SPY250613P00599000,2025-06-13 12:16:46,0.37,,
SPY250613P00600000,2025-06-13 12:16:46,0.6,,
SPY250613P00601000,2025-06-13 12:16:46,0.88,,
SPY250613P00599000,2025-06-13 12:16:50,0.37,,
SPY250613P00600000,2025-06-13 12:16:50,0.59,,
SPY250613P00601000,2025-06-13 12:16:50,0.86,,
SPY250613P00599000,2025-06-13 12:16:54,0.39,,
SPY250613P00600000,2025-06-13 12:16:54,0.54,,
SPY250613P00601000,2025-06-13 12:16:54,0.85,,
SPY250613P00599000,2025-06-13 12:16:58,0.39,,
SPY250613P00600000,2025-06-13 12:16:58,0.57,,
SPY250613P00601000,2025-06-13 12:16:58,0.85,,
SPY250613P00599000,2025-06-13 12:17:02,0.35,,
SPY250613P00600000,2025-06-13 12:17:02,0.57,,
SPY250613P00601000,2025-06-13 12:17:02,0.85,,
SPY250613P00599000,2025-06-13 12:17:06,0.36,,
SPY250613P00600000,2025-06-13 12:17:06,0.58,,
SPY250613P00601000,2025-06-13 12:17:06,0.819,,
SPY250613P00599000,2025-06-13 12:17:10,0.36,,
SPY250613P00600000,2025-06-13 12:17:10,0.54,,
SPY250613P00601000,2025-06-13 12:17:10,0.8,,
SPY250613P00599000,2025-06-13 12:17:14,0.4,,
SPY250613P00600000,2025-06-13 12:17:14,0.54,,
SPY250613P00601000,2025-06-13 12:17:14,0.819,,
SPY250613P00599000,2025-06-13 12:17:18,0.4,,
SPY250613P00600000,2025-06-13 12:17:18,0.54,,
SPY250613P00601000,2025-06-13 12:17:18,0.85,,
SPY250613P00599000,2025-06-13 12:17:22,0.4,,
SPY250613P00600000,2025-06-13 12:17:22,0.58,,
SPY250613P00601000,2025-06-13 12:17:22,0.85,,
SPY250613P00599000,2025-06-13 12:17:26,0.4,,
SPY250613P00600000,2025-06-13 12:17:26,0.58,,
SPY250613P00601000,2025-06-13 12:17:26,0.81,,
SPY250613P00599000,2025-06-13 12:17:30,0.4,,
SPY250613P00600000,2025-06-13 12:17:30,0.59,,
SPY250613P00601000,2025-06-13 12:17:30,0.869,,
SPY250613P00599000,2025-06-13 12:17:34,0.4,,
SPY250613P00600000,2025-06-13 12:17:34,0.59,,
SPY250613P00601000,2025-06-13 12:17:34,0.869,,
SPY250613P00599000,2025-06-13 12:17:38,0.4,,
SPY250613P00600000,2025-06-13 12:17:38,0.59,,
SPY250613P00601000,2025-06-13 12:17:38,0.869,,
SPY250613P00599000,2025-06-13 12:17:42,0.4,,
SPY250613P00600000,2025-06-13 12:17:42,0.6,,
SPY250613P00601000,2025-06-13 12:17:42,0.89,,
SPY250613P00599000,2025-06-13 12:17:46,0.409,,
SPY250613P00600000,2025-06-13 12:17:46,0.56,,
SPY250613P00601000,2025-06-13 12:17:46,0.88,,
SPY250613P00599000,2025-06-13 12:17:50,0.37,,
SPY250613P00600000,2025-06-13 12:17:50,0.59,,
SPY250613P00601000,2025-06-13 12:17:50,0.88,,
SPY250613P00599000,2025-06-13 12:17:54,0.409,,
SPY250613P00600000,2025-06-13 12:17:54,0.59,,
SPY250613P00601000,2025-06-13 12:17:54,0.869,,
SPY250613P00599000,2025-06-13 12:17:59,0.37,,
SPY250613P00600000,2025-06-13 12:17:59,0.55,,
SPY250613P00601000,2025-06-13 12:17:59,0.869,,
SPY250613P00599000,2025-06-13 12:18:03,0.37,,
SPY250613P00600000,2025-06-13 12:18:03,0.59,,
SPY250613P00601000,2025-06-13 12:18:03,0.88,,
SPY250613P00599000,2025-06-13 12:18:07,0.4,,
SPY250613P00600000,2025-06-13 12:18:07,0.58,,
SPY250613P00601000,2025-06-13 12:18:07,0.86,,
SPY250613P00599000,2025-06-13 12:18:11,0.4,,
SPY250613P00600000,2025-06-13 12:18:11,0.54,,
SPY250613P00601000,2025-06-13 12:18:11,0.819,,
SPY250613P00599000,2025-06-13 12:18:15,0.4,,
SPY250613P00600000,2025-06-13 12:18:15,0.58,,
SPY250613P00601000,2025-06-13 12:18:15,0.81,,
SPY250613P00599000,2025-06-13 12:18:18,0.39,,
SPY250613P00600000,2025-06-13 12:18:18,0.57,,
SPY250613P00601000,2025-06-13 12:18:18,0.8,,
SPY250613P00599000,2025-06-13 12:18:22,0.35,,
SPY250613P00600000,2025-06-13 12:18:22,0.57,,
SPY250613P00601000,2025-06-13 12:18:22,0.84,,
SPY250613P00599000,2025-06-13 12:18:26,0.34,,
SPY250613P00600000,2025-06-13 12:18:26,0.55,,
SPY250613P00601000,2025-06-13 12:18:26,0.819,,
SPY250613P00599000,2025-06-13 12:18:31,0.39,,
SPY250613P00600000,2025-06-13 12:18:31,0.56,,
SPY250613P00601000,2025-06-13 12:18:31,0.84,,
SPY250613P00599000,2025-06-13 12:18:36,0.38,,
SPY250613P00600000,2025-06-13 12:18:36,0.56,,
SPY250613P00601000,2025-06-13 12:18:36,0.83,,
SPY250613P00599000,2025-06-13 12:18:40,0.34,,
SPY250613P00600000,2025-06-13 12:18:40,0.55,,
SPY250613P00601000,2025-06-13 12:18:40,0.79,,
SPY250613P00599000,2025-06-13 12:18:44,0.38,,
SPY250613P00600000,2025-06-13 12:18:44,0.55,,
SPY250613P00601000,2025-06-13 12:18:44,0.819,,
SPY250613P00599000,2025-06-13 12:18:48,0.38,,
SPY250613P00600000,2025-06-13 12:18:48,0.56,,
SPY250613P00601000,2025-06-13 12:18:48,0.819,,
SPY250613P00599000,2025-06-13 12:18:53,0.38,,
SPY250613P00600000,2025-06-13 12:18:53,0.52,,
SPY250613P00601000,2025-06-13 12:18:53,0.819,,
SPY250613P00599000,2025-06-13 12:18:57,0.38,,
SPY250613P00600000,2025-06-13 12:18:57,0.56,,
SPY250613P00601000,2025-06-13 12:18:57,0.83,,
SPY250613P00599000,2025-06-13 12:19:01,0.38,,
SPY250613P00600000,2025-06-13 12:19:01,0.56,,
SPY250613P00601000,2025-06-13 12:19:01,0.79,,
SPY250613P00599000,2025-06-13 12:19:05,0.38,,
SPY250613P00600000,2025-06-13 12:19:05,0.56,,
SPY250613P00601000,2025-06-13 12:19:05,0.79,,
SPY250613P00599000,2025-06-13 12:19:09,0.38,,
SPY250613P00600000,2025-06-13 12:19:09,0.52,,
SPY250613P00601000,2025-06-13 12:19:09,0.819,,
SPY250613P00599000,2025-06-13 12:19:14,0.38,,
SPY250613P00600000,2025-06-13 12:19:14,0.56,,
SPY250613P00601000,2025-06-13 12:19:14,0.84,,
SPY250613P00599000,2025-06-13 12:19:18,0.38,,
SPY250613P00600000,2025-06-13 12:19:18,0.56,,
SPY250613P00601000,2025-06-13 12:19:18,0.84,,
SPY250613P00599000,2025-06-13 12:19:22,0.39,,
SPY250613P00600000,2025-06-13 12:19:22,0.57,,
SPY250613P00601000,2025-06-13 12:19:22,0.8,,
SPY250613P00599000,2025-06-13 12:19:26,0.39,,
SPY250613P00600000,2025-06-13 12:19:26,0.57,,
SPY250613P00601000,2025-06-13 12:19:26,0.84,,
SPY250613P00599000,2025-06-13 12:19:30,0.39,,
SPY250613P00600000,2025-06-13 12:19:30,0.57,,
SPY250613P00601000,2025-06-13 12:19:30,0.86,,
SPY250613P00599000,2025-06-13 12:19:35,0.35,,
SPY250613P00600000,2025-06-13 12:19:35,0.56,,
SPY250613P00601000,2025-06-13 12:19:35,0.83,,
SPY250613P00599000,2025-06-13 12:19:39,0.39,,
SPY250613P00600000,2025-06-13 12:19:39,0.56,,
SPY250613P00601000,2025-06-13 12:19:39,0.79,,
SPY250613P00599000,2025-06-13 12:19:43,0.39,,
SPY250613P00600000,2025-06-13 12:19:43,0.56,,
SPY250613P00601000,2025-06-13 12:19:43,0.84,,
SPY250613P00599000,2025-06-13 12:19:47,0.39,,
SPY250613P00600000,2025-06-13 12:19:47,0.52,,
SPY250613P00601000,2025-06-13 12:19:47,0.84,,
SPY250613P00599000,2025-06-13 12:19:51,0.39,,
SPY250613P00600000,2025-06-13 12:19:51,0.57,,
SPY250613P00601000,2025-06-13 12:19:51,0.81,,
SPY250613P00599000,2025-06-13 12:19:55,0.39,,
SPY250613P00600000,2025-06-13 12:19:55,0.53,,
SPY250613P00601000,2025-06-13 12:19:55,0.81,,
SPY250613P00599000,2025-06-13 12:19:59,0.39,,
SPY250613P00600000,2025-06-13 12:19:59,0.57,,
SPY250613P00601000,2025-06-13 12:19:59,0.85,,
SPY250613P00599000,2025-06-13 12:20:03,0.39,,
SPY250613P00600000,2025-06-13 12:20:03,0.57,,
SPY250613P00601000,2025-06-13 12:20:03,0.85,,
SPY250613P00599000,2025-06-13 12:20:08,0.36,,
SPY250613P00600000,2025-06-13 12:20:08,0.59,,
SPY250613P00601000,2025-06-13 12:20:08,0.88,,
SPY250613P00599000,2025-06-13 12:20:12,0.4,,
SPY250613P00600000,2025-06-13 12:20:12,0.59,,
SPY250613P00601000,2025-06-13 12:20:12,0.869,,
SPY250613P00599000,2025-06-13 12:20:16,0.4,,
SPY250613P00600000,2025-06-13 12:20:16,0.54,,
SPY250613P00601000,2025-06-13 12:20:16,0.86,,
SPY250613P00599000,2025-06-13 12:20:20,0.36,,
SPY250613P00600000,2025-06-13 12:20:20,0.58,,
SPY250613P00601000,2025-06-13 12:20:20,0.869,,
SPY250613P00599000,2025-06-13 12:20:24,0.36,,
SPY250613P00600000,2025-06-13 12:20:24,0.59,,
SPY250613P00601000,2025-06-13 12:20:24,0.869,,
SPY250613P00599000,2025-06-13 12:20:28,0.409,,
SPY250613P00600000,2025-06-13 12:20:28,0.56,,
SPY250613P00601000,2025-06-13 12:20:28,0.85,,
SPY250613P00599000,2025-06-13 12:20:32,0.409,,
SPY250613P00600000,2025-06-13 12:20:32,0.55,,
SPY250613P00601000,2025-06-13 12:20:32,0.89,,
SPY250613P00599000,2025-06-13 12:20:36,0.409,,
SPY250613P00600000,2025-06-13 12:20:36,0.6,,
SPY250613P00601000,2025-06-13 12:20:36,0.88,,
SPY250613P00599000,2025-06-13 12:20:40,0.42,,
SPY250613P00600000,2025-06-13 12:20:40,0.62,,
SPY250613P00601000,2025-06-13 12:20:40,0.919,,
SPY250613P00599000,2025-06-13 12:20:44,0.43,,
SPY250613P00600000,2025-06-13 12:20:44,0.63,,
SPY250613P00601000,2025-06-13 12:20:44,0.94,,
SPY250613P00599000,2025-06-13 12:20:48,0.43,,
SPY250613P00600000,2025-06-13 12:20:48,0.6,,
SPY250613P00601000,2025-06-13 12:20:48,0.95,,
SPY250613P00599000,2025-06-13 12:20:52,0.44,,
SPY250613P00600000,2025-06-13 12:20:52,0.6,,
SPY250613P00601000,2025-06-13 12:20:52,0.94,,
SPY250613P00599000,2025-06-13 12:20:56,0.44,,
SPY250613P00600000,2025-06-13 12:20:56,0.65,,
SPY250613P00601000,2025-06-13 12:20:56,0.96,,
SPY250613P00599000,2025-06-13 12:21:00,0.45,,
SPY250613P00600000,2025-06-13 12:21:00,0.62,,
SPY250613P00601000,2025-06-13 12:21:00,0.93,,
SPY250613P00599000,2025-06-13 12:21:04,0.45,,
SPY250613P00600000,2025-06-13 12:21:04,0.65,,
SPY250613P00601000,2025-06-13 12:21:04,0.91,,
SPY250613P00599000,2025-06-13 12:21:08,0.42,,
SPY250613P00600000,2025-06-13 12:21:08,0.62,,
SPY250613P00601000,2025-06-13 12:21:08,0.919,,
SPY250613P00599000,2025-06-13 12:21:12,0.42,,
SPY250613P00600000,2025-06-13 12:21:12,0.61,,
SPY250613P00601000,2025-06-13 12:21:12,0.91,,
SPY250613P00599000,2025-06-13 12:21:16,0.42,,
SPY250613P00600000,2025-06-13 12:21:16,0.61,,
SPY250613P00601000,2025-06-13 12:21:16,0.9,,
SPY250613P00599000,2025-06-13 12:21:20,0.37,,
SPY250613P00600000,2025-06-13 12:21:20,0.61,,
SPY250613P00601000,2025-06-13 12:21:20,0.91,,
SPY250613P00599000,2025-06-13 12:21:25,0.37,,
SPY250613P00600000,2025-06-13 12:21:25,0.61,,
SPY250613P00601000,2025-06-13 12:21:25,0.9,,
SPY250613P00599000,2025-06-13 12:21:29,0.37,,
SPY250613P00600000,2025-06-13 12:21:29,0.61,,
SPY250613P00601000,2025-06-13 12:21:29,0.869,,
SPY250613P00599000,2025-06-13 12:21:33,0.42,,
SPY250613P00600000,2025-06-13 12:21:33,0.62,,
SPY250613P00601000,2025-06-13 12:21:33,0.919,,
SPY250613P00599000,2025-06-13 12:21:37,0.42,,
SPY250613P00600000,2025-06-13 12:21:37,0.63,,
SPY250613P00601000,2025-06-13 12:21:37,0.94,,
SPY250613P00599000,2025-06-13 12:21:41,0.39,,
SPY250613P00600000,2025-06-13 12:21:41,0.63,,
SPY250613P00601000,2025-06-13 12:21:41,0.9,,
SPY250613P00599000,2025-06-13 12:21:45,0.39,,
SPY250613P00600000,2025-06-13 12:21:45,0.6,,
SPY250613P00601000,2025-06-13 12:21:45,0.88,,
SPY250613P00599000,2025-06-13 12:21:49,0.4,,
SPY250613P00600000,2025-06-13 12:21:49,0.58,,
SPY250613P00601000,2025-06-13 12:21:49,0.86,,
SPY250613P00599000,2025-06-13 12:21:53,0.39,,
SPY250613P00600000,2025-06-13 12:21:53,0.57,,
SPY250613P00601000,2025-06-13 12:21:53,0.86,,
SPY250613P00599000,2025-06-13 12:21:57,0.37,,
SPY250613P00600000,2025-06-13 12:21:57,0.56,,
SPY250613P00601000,2025-06-13 12:21:57,0.85,,
SPY250613P00599000,2025-06-13 12:22:01,0.409,,
SPY250613P00600000,2025-06-13 12:22:01,0.6,,
SPY250613P00601000,2025-06-13 12:22:01,0.89,,
SPY250613P00599000,2025-06-13 12:22:05,0.39,,
SPY250613P00600000,2025-06-13 12:22:05,0.58,,
SPY250613P00601000,2025-06-13 12:22:05,0.869,,
SPY250613P00599000,2025-06-13 12:22:09,0.39,,
SPY250613P00600000,2025-06-13 12:22:09,0.58,,
SPY250613P00601000,2025-06-13 12:22:09,0.81,,
SPY250613P00599000,2025-06-13 12:22:13,0.39,,
SPY250613P00600000,2025-06-13 12:22:13,0.58,,
SPY250613P00601000,2025-06-13 12:22:13,0.86,,
SPY250613P00599000,2025-06-13 12:22:17,0.35,,
SPY250613P00600000,2025-06-13 12:22:17,0.58,,
SPY250613P00601000,2025-06-13 12:22:17,0.86,,
SPY250613P00599000,2025-06-13 12:22:21,0.35,,
SPY250613P00600000,2025-06-13 12:22:21,0.55,,
SPY250613P00601000,2025-06-13 12:22:21,0.869,,
SPY250613P00599000,2025-06-13 12:22:25,0.39,,
SPY250613P00600000,2025-06-13 12:22:25,0.54,,
SPY250613P00601000,2025-06-13 12:22:25,0.86,,
SPY250613P00599000,2025-06-13 12:22:29,0.35,,
SPY250613P00600000,2025-06-13 12:22:29,0.58,,
SPY250613P00601000,2025-06-13 12:22:29,0.85,,
SPY250613P00599000,2025-06-13 12:22:33,0.35,,
SPY250613P00600000,2025-06-13 12:22:33,0.57,,
SPY250613P00601000,2025-06-13 12:22:33,0.86,,
SPY250613P00599000,2025-06-13 12:22:37,0.35,,
SPY250613P00600000,2025-06-13 12:22:37,0.53,,
SPY250613P00601000,2025-06-13 12:22:37,0.86,,
SPY250613P00599000,2025-06-13 12:22:41,0.39,,
SPY250613P00600000,2025-06-13 12:22:41,0.57,,
SPY250613P00601000,2025-06-13 12:22:41,0.85,,
SPY250613P00599000,2025-06-13 12:22:45,0.4,,
SPY250613P00600000,2025-06-13 12:22:45,0.6,,
SPY250613P00601000,2025-06-13 12:22:45,0.84,,
SPY250613P00599000,2025-06-13 12:22:49,0.4,,
SPY250613P00600000,2025-06-13 12:22:49,0.6,,
SPY250613P00601000,2025-06-13 12:22:49,0.89,,
SPY250613P00599000,2025-06-13 12:22:53,0.4,,
SPY250613P00600000,2025-06-13 12:22:53,0.59,,
SPY250613P00601000,2025-06-13 12:22:53,0.88,,
SPY250613P00599000,2025-06-13 12:22:57,0.35,,
SPY250613P00600000,2025-06-13 12:22:57,0.58,,
SPY250613P00601000,2025-06-13 12:22:57,0.86,,
SPY250613P00599000,2025-06-13 12:23:01,0.35,,
SPY250613P00600000,2025-06-13 12:23:01,0.54,,
SPY250613P00601000,2025-06-13 12:23:01,0.869,,
SPY250613P00599000,2025-06-13 12:23:05,0.4,,
SPY250613P00600000,2025-06-13 12:23:05,0.59,,
SPY250613P00601000,2025-06-13 12:23:05,0.88,,
SPY250613P00599000,2025-06-13 12:23:09,0.4,,
SPY250613P00600000,2025-06-13 12:23:09,0.56,,
SPY250613P00601000,2025-06-13 12:23:09,0.89,,
SPY250613P00599000,2025-06-13 12:23:13,0.4,,
SPY250613P00600000,2025-06-13 12:23:13,0.59,,
SPY250613P00601000,2025-06-13 12:23:13,0.88,,
SPY250613P00599000,2025-06-13 12:23:17,0.4,,
SPY250613P00600000,2025-06-13 12:23:17,0.55,,
SPY250613P00601000,2025-06-13 12:23:17,0.869,,
SPY250613P00599000,2025-06-13 12:23:22,0.4,,
SPY250613P00600000,2025-06-13 12:23:22,0.59,,
SPY250613P00601000,2025-06-13 12:23:22,0.869,,
SPY250613P00599000,2025-06-13 12:23:26,0.36,,
SPY250613P00600000,2025-06-13 12:23:26,0.59,,
SPY250613P00601000,2025-06-13 12:23:26,0.88,,
SPY250613P00599000,2025-06-13 12:23:30,0.4,,
SPY250613P00600000,2025-06-13 12:23:30,0.61,,
SPY250613P00601000,2025-06-13 12:23:30,0.91,,
SPY250613P00599000,2025-06-13 12:23:34,0.409,,
SPY250613P00600000,2025-06-13 12:23:34,0.6,,
SPY250613P00601000,2025-06-13 12:23:34,0.9,,
SPY250613P00599000,2025-06-13 12:23:38,0.409,,
SPY250613P00600000,2025-06-13 12:23:38,0.6,,
SPY250613P00601000,2025-06-13 12:23:38,0.88,,
SPY250613P00599000,2025-06-13 12:23:42,0.409,,
SPY250613P00600000,2025-06-13 12:23:42,0.56,,
SPY250613P00601000,2025-06-13 12:23:42,0.89,,
SPY250613P00599000,2025-06-13 12:23:46,0.4,,
SPY250613P00600000,2025-06-13 12:23:46,0.59,,
SPY250613P00601000,2025-06-13 12:23:46,0.84,,
SPY250613P00599000,2025-06-13 12:23:50,0.4,,
SPY250613P00600000,2025-06-13 12:23:50,0.6,,
SPY250613P00601000,2025-06-13 12:23:50,0.89,,
SPY250613P00599000,2025-06-13 12:23:54,0.36,,
SPY250613P00600000,2025-06-13 12:23:54,0.6,,
SPY250613P00601000,2025-06-13 12:23:54,0.88,,
SPY250613P00599000,2025-06-13 12:23:58,0.4,,
SPY250613P00600000,2025-06-13 12:23:58,0.59,,
SPY250613P00601000,2025-06-13 12:23:58,0.88,,
SPY250613P00599000,2025-06-13 12:24:02,0.4,,
SPY250613P00600000,2025-06-13 12:24:02,0.59,,
SPY250613P00601000,2025-06-13 12:24:02,0.84,,
SPY250613P00599000,2025-06-13 12:24:06,0.39,,
SPY250613P00600000,2025-06-13 12:24:06,0.58,,
SPY250613P00601000,2025-06-13 12:24:06,0.869,,
SPY250613P00599000,2025-06-13 12:24:10,0.39,,
SPY250613P00600000,2025-06-13 12:24:10,0.57,,
SPY250613P00601000,2025-06-13 12:24:10,0.86,,
SPY250613P00599000,2025-06-13 12:24:14,0.39,,
SPY250613P00600000,2025-06-13 12:24:14,0.57,,
SPY250613P00601000,2025-06-13 12:24:14,0.84,,
SPY250613P00599000,2025-06-13 12:24:18,0.34,,
SPY250613P00600000,2025-06-13 12:24:18,0.56,,
SPY250613P00601000,2025-06-13 12:24:18,0.84,,
SPY250613P00599000,2025-06-13 12:24:22,0.4,,
SPY250613P00600000,2025-06-13 12:24:22,0.59,,
SPY250613P00601000,2025-06-13 12:24:22,0.84,,
SPY250613P00599000,2025-06-13 12:24:27,0.36,,
SPY250613P00600000,2025-06-13 12:24:27,0.59,,
SPY250613P00601000,2025-06-13 12:24:27,0.85,,
SPY250613P00599000,2025-06-13 12:24:31,0.37,,
SPY250613P00600000,2025-06-13 12:24:31,0.57,,
SPY250613P00601000,2025-06-13 12:24:31,0.91,,
SPY250613P00599000,2025-06-13 12:24:35,0.37,,
SPY250613P00600000,2025-06-13 12:24:35,0.6,,
SPY250613P00601000,2025-06-13 12:24:35,0.9,,
SPY250613P00599000,2025-06-13 12:24:39,0.37,,
SPY250613P00600000,2025-06-13 12:24:39,0.56,,
SPY250613P00601000,2025-06-13 12:24:39,0.9,,
SPY250613P00599000,2025-06-13 12:24:43,0.37,,
SPY250613P00600000,2025-06-13 12:24:43,0.6,,
SPY250613P00601000,2025-06-13 12:24:43,0.9,,
SPY250613P00599000,2025-06-13 12:24:47,0.409,,
SPY250613P00600000,2025-06-13 12:24:47,0.62,,
SPY250613P00601000,2025-06-13 12:24:47,0.919,,
SPY250613P00599000,2025-06-13 12:24:51,0.42,,
SPY250613P00600000,2025-06-13 12:24:51,0.58,,
SPY250613P00601000,2025-06-13 12:24:51,0.93,,
SPY250613P00599000,2025-06-13 12:24:55,0.42,,
SPY250613P00600000,2025-06-13 12:24:55,0.59,,
SPY250613P00601000,2025-06-13 12:24:55,0.89,,
SPY250613P00599000,2025-06-13 12:24:59,0.38,,
SPY250613P00600000,2025-06-13 12:24:59,0.59,,
SPY250613P00601000,2025-06-13 12:24:59,0.93,,
SPY250613P00599000,2025-06-13 12:25:03,0.42,,
SPY250613P00600000,2025-06-13 12:25:03,0.62,,
SPY250613P00601000,2025-06-13 12:25:03,0.91,,
SPY250613P00599000,2025-06-13 12:25:07,0.38,,
SPY250613P00600000,2025-06-13 12:25:07,0.61,,
SPY250613P00601000,2025-06-13 12:25:07,0.86,,
SPY250613P00599000,2025-06-13 12:25:11,0.409,,
SPY250613P00600000,2025-06-13 12:25:11,0.55,,
SPY250613P00601000,2025-06-13 12:25:11,0.88,,
SPY250613P00599000,2025-06-13 12:25:15,0.409,,
SPY250613P00600000,2025-06-13 12:25:15,0.59,,
SPY250613P00601000,2025-06-13 12:25:15,0.88,,
SPY250613P00599000,2025-06-13 12:25:19,0.4,,
SPY250613P00600000,2025-06-13 12:25:19,0.59,,
SPY250613P00601000,2025-06-13 12:25:19,0.88,,
SPY250613P00599000,2025-06-13 12:25:23,0.37,,
SPY250613P00600000,2025-06-13 12:25:23,0.55,,
SPY250613P00601000,2025-06-13 12:25:23,0.85,,
SPY250613P00599000,2025-06-13 12:25:27,0.409,,
SPY250613P00600000,2025-06-13 12:25:27,0.6,,
SPY250613P00601000,2025-06-13 12:25:27,0.89,,
SPY250613P00599000,2025-06-13 12:25:31,0.409,,
SPY250613P00600000,2025-06-13 12:25:31,0.6,,
SPY250613P00601000,2025-06-13 12:25:31,0.89,,
SPY250613P00599000,2025-06-13 12:25:35,0.42,,
SPY250613P00600000,2025-06-13 12:25:35,0.61,,
SPY250613P00601000,2025-06-13 12:25:35,0.91,,
SPY250613P00599000,2025-06-13 12:25:39,0.38,,
SPY250613P00600000,2025-06-13 12:25:39,0.63,,
SPY250613P00601000,2025-06-13 12:25:39,0.94,,
SPY250613P00599000,2025-06-13 12:25:43,0.42,,
SPY250613P00600000,2025-06-13 12:25:43,0.64,,
SPY250613P00601000,2025-06-13 12:25:43,0.9,,
SPY250613P00599000,2025-06-13 12:25:47,0.42,,
SPY250613P00600000,2025-06-13 12:25:47,0.58,,
SPY250613P00601000,2025-06-13 12:25:47,0.93,,
SPY250613P00599000,2025-06-13 12:25:51,0.42,,
SPY250613P00600000,2025-06-13 12:25:51,0.62,,
SPY250613P00601000,2025-06-13 12:25:51,0.89,,
SPY250613P00599000,2025-06-13 12:25:55,0.38,,
SPY250613P00600000,2025-06-13 12:25:55,0.57,,
SPY250613P00601000,2025-06-13 12:25:55,0.919,,
SPY250613P00599000,2025-06-13 12:25:59,0.38,,
SPY250613P00600000,2025-06-13 12:25:59,0.62,,
SPY250613P00601000,2025-06-13 12:25:59,0.93,,
SPY250613P00599000,2025-06-13 12:26:04,0.38,,
SPY250613P00600000,2025-06-13 12:26:04,0.63,,
SPY250613P00601000,2025-06-13 12:26:04,0.92,,
SPY250613P00599000,2025-06-13 12:26:08,0.41,,
SPY250613P00600000,2025-06-13 12:26:08,0.63,,
SPY250613P00601000,2025-06-13 12:26:08,0.93,,
SPY250613P00599000,2025-06-13 12:26:12,0.41,,
SPY250613P00600000,2025-06-13 12:26:12,0.6,,
SPY250613P00601000,2025-06-13 12:26:12,0.92,,
SPY250613P00599000,2025-06-13 12:26:16,0.41,,
SPY250613P00600000,2025-06-13 12:26:16,0.62,,
SPY250613P00601000,2025-06-13 12:26:16,0.91,,
SPY250613P00599000,2025-06-13 12:26:20,0.39,,
SPY250613P00600000,2025-06-13 12:26:20,0.61,,
SPY250613P00601000,2025-06-13 12:26:20,0.919,,
SPY250613P00599000,2025-06-13 12:26:26,0.4,,
SPY250613P00600000,2025-06-13 12:26:26,0.65,,
SPY250613P00601000,2025-06-13 12:26:26,0.969,,
SPY250613P00599000,2025-06-13 12:26:30,0.4,,
SPY250613P00600000,2025-06-13 12:26:30,0.62,,
SPY250613P00601000,2025-06-13 12:26:30,0.94,,
SPY250613P00599000,2025-06-13 12:26:35,0.44,,
SPY250613P00600000,2025-06-13 12:26:35,0.61,,
SPY250613P00601000,2025-06-13 12:26:35,0.93,,
SPY250613P00599000,2025-06-13 12:26:39,0.44,,
SPY250613P00600000,2025-06-13 12:26:39,0.62,,
SPY250613P00601000,2025-06-13 12:26:39,0.94,,
SPY250613P00599000,2025-06-13 12:26:43,0.41,,
SPY250613P00600000,2025-06-13 12:26:43,0.67,,
SPY250613P00601000,2025-06-13 12:26:43,0.96,,
SPY250613P00599000,2025-06-13 12:26:47,0.459,,
SPY250613P00600000,2025-06-13 12:26:47,0.67,,
SPY250613P00601000,2025-06-13 12:26:47,1.01,,
SPY250613P00599000,2025-06-13 12:26:51,0.459,,
SPY250613P00600000,2025-06-13 12:26:51,0.65,,
SPY250613P00601000,2025-06-13 12:26:51,1.03,,
SPY250613P00599000,2025-06-13 12:26:56,0.47,,
SPY250613P00600000,2025-06-13 12:26:56,0.7,,
SPY250613P00601000,2025-06-13 12:26:56,1.05,,
SPY250613P00599000,2025-06-13 12:27:00,0.42,,
SPY250613P00600000,2025-06-13 12:27:00,0.69,,
SPY250613P00601000,2025-06-13 12:27:00,0.98,,
SPY250613P00599000,2025-06-13 12:27:04,0.43,,
SPY250613P00600000,2025-06-13 12:27:04,0.69,,
SPY250613P00601000,2025-06-13 12:27:04,0.99,,
SPY250613P00599000,2025-06-13 12:27:08,0.47,,
SPY250613P00600000,2025-06-13 12:27:08,0.65,,
SPY250613P00601000,2025-06-13 12:27:08,1.04,,
SPY250613P00599000,2025-06-13 12:27:12,0.459,,
SPY250613P00600000,2025-06-13 12:27:12,0.66,,
SPY250613P00601000,2025-06-13 12:27:12,1.0,,
SPY250613P00599000,2025-06-13 12:27:17,0.44,,
SPY250613P00600000,2025-06-13 12:27:17,0.68,,
SPY250613P00601000,2025-06-13 12:27:17,1.07,,
SPY250613P00599000,2025-06-13 12:27:21,0.45,,
SPY250613P00600000,2025-06-13 12:27:21,0.75,,
SPY250613P00601000,2025-06-13 12:27:21,1.03,,
SPY250613P00599000,2025-06-13 12:27:25,0.45,,
SPY250613P00600000,2025-06-13 12:27:25,0.72,,
SPY250613P00601000,2025-06-13 12:27:25,1.03,,
SPY250613P00599000,2025-06-13 12:27:29,0.459,,
SPY250613P00600000,2025-06-13 12:27:29,0.69,,
SPY250613P00601000,2025-06-13 12:27:29,1.08,,
SPY250613P00599000,2025-06-13 12:27:33,0.49,,
SPY250613P00600000,2025-06-13 12:27:33,0.72,,
SPY250613P00601000,2025-06-13 12:27:33,1.03,,
SPY250613P00599000,2025-06-13 12:27:37,0.44,,
SPY250613P00600000,2025-06-13 12:27:37,0.73,,
SPY250613P00601000,2025-06-13 12:27:37,1.07,,
SPY250613P00599000,2025-06-13 12:27:42,0.45,,
SPY250613P00600000,2025-06-13 12:27:42,0.69,,
SPY250613P00601000,2025-06-13 12:27:42,1.03,,
SPY250613P00599000,2025-06-13 12:27:46,0.45,,
SPY250613P00600000,2025-06-13 12:27:46,0.72,,
SPY250613P00601000,2025-06-13 12:27:46,1.03,,
SPY250613P00599000,2025-06-13 12:27:50,0.45,,
SPY250613P00600000,2025-06-13 12:27:50,0.71,,
SPY250613P00601000,2025-06-13 12:27:50,1.05,,
SPY250613P00599000,2025-06-13 12:27:54,0.47,,
SPY250613P00600000,2025-06-13 12:27:54,0.66,,
SPY250613P00601000,2025-06-13 12:27:54,1.01,,
SPY250613P00599000,2025-06-13 12:27:58,0.47,,
SPY250613P00600000,2025-06-13 12:27:58,0.7,,
SPY250613P00601000,2025-06-13 12:27:58,1.019,,
SPY250613P00599000,2025-06-13 12:28:02,0.44,,
SPY250613P00600000,2025-06-13 12:28:02,0.68,,
SPY250613P00601000,2025-06-13 12:28:02,1.019,,
SPY250613P00599000,2025-06-13 12:28:06,0.44,,
SPY250613P00600000,2025-06-13 12:28:06,0.68,,
SPY250613P00601000,2025-06-13 12:28:06,1.06,,
SPY250613P00599000,2025-06-13 12:28:10,0.44,,
SPY250613P00600000,2025-06-13 12:28:10,0.67,,
SPY250613P00601000,2025-06-13 12:28:10,1.07,,
SPY250613P00599000,2025-06-13 12:28:14,0.45,,
SPY250613P00600000,2025-06-13 12:28:14,0.73,,
SPY250613P00601000,2025-06-13 12:28:14,1.06,,
SPY250613P00599000,2025-06-13 12:28:18,0.45,,
SPY250613P00600000,2025-06-13 12:28:18,0.74,,
SPY250613P00601000,2025-06-13 12:28:18,1.09,,
SPY250613P00599000,2025-06-13 12:28:22,0.49,,
SPY250613P00600000,2025-06-13 12:28:22,0.74,,
SPY250613P00601000,2025-06-13 12:28:22,1.12,,
SPY250613P00599000,2025-06-13 12:28:26,0.5,,
SPY250613P00600000,2025-06-13 12:28:26,0.71,,
SPY250613P00601000,2025-06-13 12:28:26,1.12,,
SPY250613P00599000,2025-06-13 12:28:30,0.5,,
SPY250613P00600000,2025-06-13 12:28:30,0.75,,
SPY250613P00601000,2025-06-13 12:28:30,1.12,,
SPY250613P00599000,2025-06-13 12:28:34,0.509,,
SPY250613P00600000,2025-06-13 12:28:34,0.73,,
SPY250613P00601000,2025-06-13 12:28:34,1.1,,
SPY250613P00599000,2025-06-13 12:28:38,0.49,,
SPY250613P00600000,2025-06-13 12:28:38,0.77,,
SPY250613P00601000,2025-06-13 12:28:38,1.19,,
SPY250613P00599000,2025-06-13 12:28:42,0.54,,
SPY250613P00600000,2025-06-13 12:28:42,0.76,,
SPY250613P00601000,2025-06-13 12:28:42,1.19,,
SPY250613P00599000,2025-06-13 12:28:46,0.54,,
SPY250613P00600000,2025-06-13 12:28:46,0.79,,
SPY250613P00601000,2025-06-13 12:28:46,1.13,,
SPY250613P00599000,2025-06-13 12:28:50,0.54,,
SPY250613P00600000,2025-06-13 12:28:50,0.75,,
SPY250613P00601000,2025-06-13 12:28:50,1.16,,
SPY250613P00599000,2025-06-13 12:28:54,0.52,,
SPY250613P00600000,2025-06-13 12:28:54,0.74,,
SPY250613P00601000,2025-06-13 12:28:54,1.16,,
SPY250613P00599000,2025-06-13 12:28:58,0.48,,
SPY250613P00600000,2025-06-13 12:28:58,0.79,,
SPY250613P00601000,2025-06-13 12:28:58,1.18,,
SPY250613P00599000,2025-06-13 12:29:02,0.53,,
SPY250613P00600000,2025-06-13 12:29:02,0.79,,
SPY250613P00601000,2025-06-13 12:29:02,1.16,,
SPY250613P00599000,2025-06-13 12:29:07,0.52,,
SPY250613P00600000,2025-06-13 12:29:07,0.78,,
SPY250613P00601000,2025-06-13 12:29:07,1.12,,
SPY250613P00599000,2025-06-13 12:29:11,0.52,,
SPY250613P00600000,2025-06-13 12:29:11,0.74,,
SPY250613P00601000,2025-06-13 12:29:11,1.16,,
SPY250613P00599000,2025-06-13 12:29:14,0.49,,
SPY250613P00600000,2025-06-13 12:29:14,0.75,,
SPY250613P00601000,2025-06-13 12:29:14,1.19,,
SPY250613P00599000,2025-06-13 12:29:19,0.54,,
SPY250613P00600000,2025-06-13 12:29:19,0.8,,
SPY250613P00601000,2025-06-13 12:29:19,1.16,,
SPY250613P00599000,2025-06-13 12:29:23,0.54,,
SPY250613P00600000,2025-06-13 12:29:23,0.77,,
SPY250613P00601000,2025-06-13 12:29:23,1.21,,
SPY250613P00599000,2025-06-13 12:29:27,0.5,,
SPY250613P00600000,2025-06-13 12:29:27,0.81,,
SPY250613P00601000,2025-06-13 12:29:27,1.16,,
SPY250613P00599000,2025-06-13 12:29:31,0.54,,
SPY250613P00600000,2025-06-13 12:29:31,0.77,,
SPY250613P00601000,2025-06-13 12:29:31,1.21,,
SPY250613P00599000,2025-06-13 12:29:35,0.54,,
SPY250613P00600000,2025-06-13 12:29:35,0.77,,
SPY250613P00601000,2025-06-13 12:29:35,1.16,,
SPY250613P00599000,2025-06-13 12:29:39,0.56,,
SPY250613P00600000,2025-06-13 12:29:39,0.83,,
SPY250613P00601000,2025-06-13 12:29:39,1.23,,
SPY250613P00599000,2025-06-13 12:29:43,0.56,,
SPY250613P00600000,2025-06-13 12:29:43,0.84,,
SPY250613P00601000,2025-06-13 12:29:43,1.24,,
SPY250613P00599000,2025-06-13 12:29:47,0.56,,
SPY250613P00600000,2025-06-13 12:29:47,0.78,,
SPY250613P00601000,2025-06-13 12:29:47,1.21,,
SPY250613P00599000,2025-06-13 12:29:51,0.509,,
SPY250613P00600000,2025-06-13 12:29:51,0.8,,
SPY250613P00601000,2025-06-13 12:29:51,1.18,,
SPY250613P00599000,2025-06-13 12:29:55,0.48,,
SPY250613P00600000,2025-06-13 12:29:55,0.74,,
SPY250613P00601000,2025-06-13 12:29:55,1.16,,
SPY250613P00599000,2025-06-13 12:29:59,0.48,,
SPY250613P00600000,2025-06-13 12:29:59,0.73,,
SPY250613P00601000,2025-06-13 12:29:59,1.16,,
SPY250613P00599000,2025-06-13 12:30:03,0.52,,
SPY250613P00600000,2025-06-13 12:30:03,0.73,,
SPY250613P00601000,2025-06-13 12:30:03,1.16,,
SPY250613P00599000,2025-06-13 12:30:07,0.48,,
SPY250613P00600000,2025-06-13 12:30:07,0.79,,
SPY250613P00601000,2025-06-13 12:30:07,1.11,,
SPY250613P00599000,2025-06-13 12:30:11,0.459,,
SPY250613P00600000,2025-06-13 12:30:11,0.72,,
SPY250613P00601000,2025-06-13 12:30:11,1.1,,
SPY250613P00599000,2025-06-13 12:30:15,0.47,,
SPY250613P00600000,2025-06-13 12:30:15,0.77,,
SPY250613P00601000,2025-06-13 12:30:15,1.11,,
SPY250613P00599000,2025-06-13 12:30:19,0.52,,
SPY250613P00600000,2025-06-13 12:30:19,0.77,,
SPY250613P00601000,2025-06-13 12:30:19,1.1,,
SPY250613P00599000,2025-06-13 12:30:24,0.47,,
SPY250613P00600000,2025-06-13 12:30:24,0.77,,
SPY250613P00601000,2025-06-13 12:30:24,1.15,,
SPY250613P00599000,2025-06-13 12:30:28,0.47,,
SPY250613P00600000,2025-06-13 12:30:28,0.77,,
SPY250613P00601000,2025-06-13 12:30:28,1.14,,
SPY250613P00599000,2025-06-13 12:30:32,0.52,,
SPY250613P00600000,2025-06-13 12:30:32,0.72,,
SPY250613P00601000,2025-06-13 12:30:32,1.1,,
SPY250613P00599000,2025-06-13 12:30:36,0.45,,
SPY250613P00600000,2025-06-13 12:30:36,0.7,,
SPY250613P00601000,2025-06-13 12:30:36,1.11,,
SPY250613P00599000,2025-06-13 12:30:40,0.45,,
SPY250613P00600000,2025-06-13 12:30:40,0.69,,
SPY250613P00601000,2025-06-13 12:30:40,1.04,,
SPY250613P00599000,2025-06-13 12:30:44,0.44,,
SPY250613P00600000,2025-06-13 12:30:44,0.69,,
SPY250613P00601000,2025-06-13 12:30:44,1.06,,
SPY250613P00599000,2025-06-13 12:30:48,0.459,,
SPY250613P00600000,2025-06-13 12:30:48,0.75,,
SPY250613P00601000,2025-06-13 12:30:48,1.08,,
SPY250613P00599000,2025-06-13 12:30:52,0.48,,
SPY250613P00600000,2025-06-13 12:30:52,0.73,,
SPY250613P00601000,2025-06-13 12:30:52,1.08,,
SPY250613P00599000,2025-06-13 12:30:56,0.44,,
SPY250613P00600000,2025-06-13 12:30:56,0.68,,
SPY250613P00601000,2025-06-13 12:30:56,1.07,,
SPY250613P00599000,2025-06-13 12:31:00,0.47,,
SPY250613P00600000,2025-06-13 12:31:00,0.7,,
SPY250613P00601000,2025-06-13 12:31:00,1.05,,
SPY250613P00599000,2025-06-13 12:31:04,0.44,,
SPY250613P00600000,2025-06-13 12:31:04,0.68,,
SPY250613P00601000,2025-06-13 12:31:04,1.01,,
SPY250613P00599000,2025-06-13 12:31:08,0.45,,
SPY250613P00600000,2025-06-13 12:31:08,0.68,,
SPY250613P00601000,2025-06-13 12:31:08,0.99,,
SPY250613P00599000,2025-06-13 12:31:12,0.4,,
SPY250613P00600000,2025-06-13 12:31:12,0.63,,
SPY250613P00601000,2025-06-13 12:31:12,1.01,,
SPY250613P00599000,2025-06-13 12:31:16,0.44,,
SPY250613P00600000,2025-06-13 12:31:16,0.63,,
SPY250613P00601000,2025-06-13 12:31:16,1.0,,
SPY250613P00599000,2025-06-13 12:31:20,0.44,,
SPY250613P00600000,2025-06-13 12:31:20,0.62,,
SPY250613P00601000,2025-06-13 12:31:20,0.96,,
SPY250613P00599000,2025-06-13 12:31:24,0.39,,
SPY250613P00600000,2025-06-13 12:31:24,0.66,,
SPY250613P00601000,2025-06-13 12:31:24,1.0,,
SPY250613P00599000,2025-06-13 12:31:28,0.44,,
SPY250613P00600000,2025-06-13 12:31:28,0.63,,
SPY250613P00601000,2025-06-13 12:31:28,0.98,,
SPY250613P00599000,2025-06-13 12:31:32,0.44,,
SPY250613P00600000,2025-06-13 12:31:32,0.68,,
SPY250613P00601000,2025-06-13 12:31:32,1.01,,
SPY250613P00599000,2025-06-13 12:31:36,0.4,,
SPY250613P00600000,2025-06-13 12:31:36,0.63,,
SPY250613P00601000,2025-06-13 12:31:36,0.98,,
SPY250613P00599000,2025-06-13 12:31:40,0.409,,
SPY250613P00600000,2025-06-13 12:31:40,0.64,,
SPY250613P00601000,2025-06-13 12:31:40,1.019,,
SPY250613P00599000,2025-06-13 12:31:44,0.409,,
SPY250613P00600000,2025-06-13 12:31:44,0.65,,
SPY250613P00601000,2025-06-13 12:31:44,1.0,,
SPY250613P00599000,2025-06-13 12:31:48,0.409,,
SPY250613P00600000,2025-06-13 12:31:48,0.64,,
SPY250613P00601000,2025-06-13 12:31:48,0.98,,
SPY250613P00599000,2025-06-13 12:31:52,0.45,,
SPY250613P00600000,2025-06-13 12:31:52,0.67,,
SPY250613P00601000,2025-06-13 12:31:52,0.98,,
SPY250613P00599000,2025-06-13 12:31:56,0.409,,
SPY250613P00600000,2025-06-13 12:31:56,0.67,,
SPY250613P00601000,2025-06-13 12:31:56,1.07,,
SPY250613P00599000,2025-06-13 12:32:00,0.39,,
SPY250613P00600000,2025-06-13 12:32:00,0.67,,
SPY250613P00601000,2025-06-13 12:32:00,0.98,,
SPY250613P00599000,2025-06-13 12:32:05,0.39,,
SPY250613P00600000,2025-06-13 12:32:05,0.6,,
SPY250613P00601000,2025-06-13 12:32:05,0.93,,
SPY250613P00599000,2025-06-13 12:32:09,0.43,,
SPY250613P00600000,2025-06-13 12:32:09,0.66,,
SPY250613P00601000,2025-06-13 12:32:09,0.98,,
SPY250613P00599000,2025-06-13 12:32:13,0.45,,
SPY250613P00600000,2025-06-13 12:32:13,0.68,,
SPY250613P00601000,2025-06-13 12:32:13,1.019,,
SPY250613P00599000,2025-06-13 12:32:17,0.459,,
SPY250613P00600000,2025-06-13 12:32:17,0.64,,
SPY250613P00601000,2025-06-13 12:32:17,1.03,,
SPY250613P00599000,2025-06-13 12:32:21,0.42,,
SPY250613P00600000,2025-06-13 12:32:21,0.66,,
SPY250613P00601000,2025-06-13 12:32:21,1.019,,
SPY250613P00599000,2025-06-13 12:32:25,0.45,,
SPY250613P00600000,2025-06-13 12:32:25,0.68,,
SPY250613P00601000,2025-06-13 12:32:25,1.04,,
SPY250613P00599000,2025-06-13 12:32:31,0.459,,
SPY250613P00600000,2025-06-13 12:32:31,0.64,,
SPY250613P00601000,2025-06-13 12:32:31,1.01,,
SPY250613P00599000,2025-06-13 12:32:35,0.459,,
SPY250613P00600000,2025-06-13 12:32:35,0.66,,
SPY250613P00601000,2025-06-13 12:32:35,1.05,,
SPY250613P00599000,2025-06-13 12:32:39,0.409,,
SPY250613P00600000,2025-06-13 12:32:39,0.64,,
SPY250613P00601000,2025-06-13 12:32:39,1.019,,
SPY250613P00599000,2025-06-13 12:32:43,0.4,,
SPY250613P00600000,2025-06-13 12:32:43,0.67,,
SPY250613P00601000,2025-06-13 12:32:43,0.969,,
SPY250613P00599000,2025-06-13 12:32:48,0.4,,
SPY250613P00600000,2025-06-13 12:32:48,0.66,,
SPY250613P00601000,2025-06-13 12:32:48,0.96,,
SPY250613P00599000,2025-06-13 12:32:52,0.4,,
SPY250613P00600000,2025-06-13 12:32:52,0.66,,
SPY250613P00601000,2025-06-13 12:32:52,1.0,,
SPY250613P00599000,2025-06-13 12:32:56,0.409,,
SPY250613P00600000,2025-06-13 12:32:56,0.67,,
SPY250613P00601000,2025-06-13 12:32:56,0.969,,
SPY250613P00599000,2025-06-13 12:33:00,0.409,,
SPY250613P00600000,2025-06-13 12:33:00,0.67,,
SPY250613P00601000,2025-06-13 12:33:00,0.969,,
SPY250613P00599000,2025-06-13 12:33:05,0.45,,
SPY250613P00600000,2025-06-13 12:33:05,0.67,,
SPY250613P00601000,2025-06-13 12:33:05,0.99,,
SPY250613P00599000,2025-06-13 12:33:09,0.4,,
SPY250613P00600000,2025-06-13 12:33:09,0.63,,
SPY250613P00601000,2025-06-13 12:33:09,0.99,,
SPY250613P00599000,2025-06-13 12:33:13,0.4,,
SPY250613P00600000,2025-06-13 12:33:13,0.61,,
SPY250613P00601000,2025-06-13 12:33:13,0.94,,
SPY250613P00599000,2025-06-13 12:33:17,0.44,,
SPY250613P00600000,2025-06-13 12:33:17,0.62,,
SPY250613P00601000,2025-06-13 12:33:17,0.95,,
SPY250613P00599000,2025-06-13 12:33:21,0.44,,
SPY250613P00600000,2025-06-13 12:33:21,0.62,,
SPY250613P00601000,2025-06-13 12:33:21,1.0,,
SPY250613P00599000,2025-06-13 12:33:26,0.409,,
SPY250613P00600000,2025-06-13 12:33:26,0.64,,
SPY250613P00601000,2025-06-13 12:33:26,1.019,,
SPY250613P00599000,2025-06-13 12:33:30,0.409,,
SPY250613P00600000,2025-06-13 12:33:30,0.66,,
SPY250613P00601000,2025-06-13 12:33:30,1.0,,
SPY250613P00599000,2025-06-13 12:33:34,0.4,,
SPY250613P00600000,2025-06-13 12:33:34,0.63,,
SPY250613P00601000,2025-06-13 12:33:34,1.01,,
SPY250613P00599000,2025-06-13 12:33:38,0.4,,
SPY250613P00600000,2025-06-13 12:33:38,0.67,,
SPY250613P00601000,2025-06-13 12:33:38,0.96,,
SPY250613P00599000,2025-06-13 12:33:42,0.4,,
SPY250613P00600000,2025-06-13 12:33:42,0.66,,
SPY250613P00601000,2025-06-13 12:33:42,0.96,,
SPY250613P00599000,2025-06-13 12:33:46,0.44,,
SPY250613P00600000,2025-06-13 12:33:46,0.65,,
SPY250613P00601000,2025-06-13 12:33:46,0.96,,
SPY250613P00599000,2025-06-13 12:33:50,0.44,,
SPY250613P00600000,2025-06-13 12:33:50,0.62,,
SPY250613P00601000,2025-06-13 12:33:50,0.95,,
SPY250613P00599000,2025-06-13 12:33:54,0.4,,
SPY250613P00600000,2025-06-13 12:33:54,0.62,,
SPY250613P00601000,2025-06-13 12:33:54,0.96,,
SPY250613P00599000,2025-06-13 12:33:58,0.4,,
SPY250613P00600000,2025-06-13 12:33:58,0.66,,
SPY250613P00601000,2025-06-13 12:33:58,1.0,,
SPY250613P00599000,2025-06-13 12:34:02,0.44,,
SPY250613P00600000,2025-06-13 12:34:02,0.62,,
SPY250613P00601000,2025-06-13 12:34:02,0.99,,
SPY250613P00599000,2025-06-13 12:34:06,0.44,,
SPY250613P00600000,2025-06-13 12:34:06,0.61,,
SPY250613P00601000,2025-06-13 12:34:06,0.94,,
SPY250613P00599000,2025-06-13 12:34:10,0.44,,
SPY250613P00600000,2025-06-13 12:34:10,0.6,,
SPY250613P00601000,2025-06-13 12:34:10,0.919,,
SPY250613P00599000,2025-06-13 12:34:14,0.39,,
SPY250613P00600000,2025-06-13 12:34:14,0.64,,
SPY250613P00601000,2025-06-13 12:34:14,0.96,,
SPY250613P00599000,2025-06-13 12:34:18,0.43,,
SPY250613P00600000,2025-06-13 12:34:18,0.61,,
SPY250613P00601000,2025-06-13 12:34:18,0.94,,
SPY250613P00599000,2025-06-13 12:34:22,0.43,,
SPY250613P00600000,2025-06-13 12:34:22,0.64,,
SPY250613P00601000,2025-06-13 12:34:22,0.91,,
SPY250613P00599000,2025-06-13 12:34:26,0.38,,
SPY250613P00600000,2025-06-13 12:34:26,0.59,,
SPY250613P00601000,2025-06-13 12:34:26,0.95,,
SPY250613P00599000,2025-06-13 12:34:30,0.44,,
SPY250613P00600000,2025-06-13 12:34:30,0.66,,
SPY250613P00601000,2025-06-13 12:34:30,0.969,,
SPY250613P00599000,2025-06-13 12:34:34,0.4,,
SPY250613P00600000,2025-06-13 12:34:34,0.63,,
SPY250613P00601000,2025-06-13 12:34:34,0.99,,
SPY250613P00599000,2025-06-13 12:34:38,0.44,,
SPY250613P00600000,2025-06-13 12:34:38,0.62,,
SPY250613P00601000,2025-06-13 12:34:38,0.95,,
SPY250613P00599000,2025-06-13 12:34:42,0.44,,
SPY250613P00600000,2025-06-13 12:34:42,0.62,,
SPY250613P00601000,2025-06-13 12:34:42,0.99,,
SPY250613P00599000,2025-06-13 12:34:47,0.44,,
SPY250613P00600000,2025-06-13 12:34:47,0.62,,
SPY250613P00601000,2025-06-13 12:34:47,0.98,,
SPY250613P00599000,2025-06-13 12:34:50,0.4,,
SPY250613P00600000,2025-06-13 12:34:50,0.66,,
SPY250613P00601000,2025-06-13 12:34:50,0.98,,
SPY250613P00599000,2025-06-13 12:34:55,0.4,,
SPY250613P00600000,2025-06-13 12:34:55,0.62,,
SPY250613P00601000,2025-06-13 12:34:55,0.99,,
SPY250613P00599000,2025-06-13 12:34:59,0.4,,
SPY250613P00600000,2025-06-13 12:34:59,0.62,,
SPY250613P00601000,2025-06-13 12:34:59,0.95,,
SPY250613P00599000,2025-06-13 12:35:03,0.4,,
SPY250613P00600000,2025-06-13 12:35:03,0.62,,
SPY250613P00601000,2025-06-13 12:35:03,0.91,,
SPY250613P00599000,2025-06-13 12:35:07,0.42,,
SPY250613P00600000,2025-06-13 12:35:07,0.62,,
SPY250613P00601000,2025-06-13 12:35:07,0.89,,
SPY250613P00599000,2025-06-13 12:35:11,0.409,,
SPY250613P00600000,2025-06-13 12:35:11,0.63,,
SPY250613P00601000,2025-06-13 12:35:11,0.9,,
SPY250613P00599000,2025-06-13 12:35:15,0.409,,
SPY250613P00600000,2025-06-13 12:35:15,0.62,,
SPY250613P00601000,2025-06-13 12:35:15,0.89,,
SPY250613P00599000,2025-06-13 12:35:19,0.37,,
SPY250613P00600000,2025-06-13 12:35:19,0.57,,
SPY250613P00601000,2025-06-13 12:35:19,0.94,,
SPY250613P00599000,2025-06-13 12:35:23,0.4,,
SPY250613P00600000,2025-06-13 12:35:23,0.57,,
SPY250613P00601000,2025-06-13 12:35:23,0.91,,
SPY250613P00599000,2025-06-13 12:35:27,0.38,,
SPY250613P00600000,2025-06-13 12:35:27,0.58,,
SPY250613P00601000,2025-06-13 12:35:27,0.89,,
SPY250613P00599000,2025-06-13 12:35:31,0.409,,
SPY250613P00600000,2025-06-13 12:35:31,0.62,,
SPY250613P00601000,2025-06-13 12:35:31,0.89,,
SPY250613P00599000,2025-06-13 12:35:35,0.38,,
SPY250613P00600000,2025-06-13 12:35:35,0.58,,
SPY250613P00601000,2025-06-13 12:35:35,0.88,,
SPY250613P00599000,2025-06-13 12:35:39,0.4,,
SPY250613P00600000,2025-06-13 12:35:39,0.62,,
SPY250613P00601000,2025-06-13 12:35:39,0.9,,
SPY250613P00599000,2025-06-13 12:35:43,0.4,,
SPY250613P00600000,2025-06-13 12:35:43,0.58,,
SPY250613P00601000,2025-06-13 12:35:43,0.9,,
SPY250613P00599000,2025-06-13 12:35:47,0.38,,
SPY250613P00600000,2025-06-13 12:35:47,0.58,,
SPY250613P00601000,2025-06-13 12:35:47,0.93,,
SPY250613P00599000,2025-06-13 12:35:51,0.38,,
SPY250613P00600000,2025-06-13 12:35:51,0.62,,
SPY250613P00601000,2025-06-13 12:35:51,0.94,,
SPY250613P00599000,2025-06-13 12:35:55,0.41,,
SPY250613P00600000,2025-06-13 12:35:55,0.58,,
SPY250613P00601000,2025-06-13 12:35:55,0.9,,
SPY250613P00599000,2025-06-13 12:35:59,0.42,,
SPY250613P00600000,2025-06-13 12:35:59,0.59,,
SPY250613P00601000,2025-06-13 12:35:59,0.91,,
SPY250613P00599000,2025-06-13 12:36:04,0.39,,
SPY250613P00600000,2025-06-13 12:36:04,0.6,,
SPY250613P00601000,2025-06-13 12:36:04,0.96,,
SPY250613P00599000,2025-06-13 12:36:08,0.43,,
SPY250613P00600000,2025-06-13 12:36:08,0.65,,
SPY250613P00601000,2025-06-13 12:36:08,0.93,,
SPY250613P00599000,2025-06-13 12:36:12,0.44,,
SPY250613P00600000,2025-06-13 12:36:12,0.61,,
SPY250613P00601000,2025-06-13 12:36:12,0.98,,
SPY250613P00599000,2025-06-13 12:36:16,0.4,,
SPY250613P00600000,2025-06-13 12:36:16,0.62,,
SPY250613P00601000,2025-06-13 12:36:16,0.96,,
SPY250613P00599000,2025-06-13 12:36:20,0.4,,
SPY250613P00600000,2025-06-13 12:36:20,0.65,,
SPY250613P00601000,2025-06-13 12:36:20,0.99,,
SPY250613P00599000,2025-06-13 12:36:24,0.44,,
SPY250613P00600000,2025-06-13 12:36:24,0.62,,
SPY250613P00601000,2025-06-13 12:36:24,0.96,,
SPY250613P00599000,2025-06-13 12:36:28,0.4,,
SPY250613P00600000,2025-06-13 12:36:28,0.64,,
SPY250613P00601000,2025-06-13 12:36:28,1.0,,
SPY250613P00599000,2025-06-13 12:36:32,0.409,,
SPY250613P00600000,2025-06-13 12:36:32,0.64,,
SPY250613P00601000,2025-06-13 12:36:32,1.01,,
SPY250613P00599000,2025-06-13 12:36:36,0.43,,
SPY250613P00600000,2025-06-13 12:36:36,0.7,,
SPY250613P00601000,2025-06-13 12:36:36,1.05,,
SPY250613P00599000,2025-06-13 12:36:40,0.43,,
SPY250613P00600000,2025-06-13 12:36:40,0.66,,
SPY250613P00601000,2025-06-13 12:36:40,1.0,,
SPY250613P00599000,2025-06-13 12:36:44,0.42,,
SPY250613P00600000,2025-06-13 12:36:44,0.65,,
SPY250613P00601000,2025-06-13 12:36:44,1.0,,
SPY250613P00599000,2025-06-13 12:36:48,0.43,,
SPY250613P00600000,2025-06-13 12:36:48,0.73,,
SPY250613P00601000,2025-06-13 12:36:48,1.07,,
SPY250613P00599000,2025-06-13 12:36:52,0.48,,
SPY250613P00600000,2025-06-13 12:36:52,0.72,,
SPY250613P00601000,2025-06-13 12:36:52,1.04,,
SPY250613P00599000,2025-06-13 12:36:56,0.48,,
SPY250613P00600000,2025-06-13 12:36:56,0.69,,
SPY250613P00601000,2025-06-13 12:36:56,1.09,,
SPY250613P00599000,2025-06-13 12:37:00,0.49,,
SPY250613P00600000,2025-06-13 12:37:00,0.69,,
SPY250613P00601000,2025-06-13 12:37:00,1.04,,
SPY250613P00599000,2025-06-13 12:37:04,0.49,,
SPY250613P00600000,2025-06-13 12:37:04,0.67,,
SPY250613P00601000,2025-06-13 12:37:04,1.05,,
SPY250613P00599000,2025-06-13 12:37:08,0.47,,
SPY250613P00600000,2025-06-13 12:37:08,0.7,,
SPY250613P00601000,2025-06-13 12:37:08,1.01,,
SPY250613P00599000,2025-06-13 12:37:13,0.47,,
SPY250613P00600000,2025-06-13 12:37:13,0.68,,
SPY250613P00601000,2025-06-13 12:37:13,1.03,,
SPY250613P00599000,2025-06-13 12:37:17,0.44,,
SPY250613P00600000,2025-06-13 12:37:17,0.68,,
SPY250613P00601000,2025-06-13 12:37:17,1.09,,
SPY250613P00599000,2025-06-13 12:37:21,0.5,,
SPY250613P00600000,2025-06-13 12:37:21,0.68,,
SPY250613P00601000,2025-06-13 12:37:21,1.11,,
SPY250613P00599000,2025-06-13 12:37:25,0.459,,
SPY250613P00600000,2025-06-13 12:37:25,0.73,,
SPY250613P00601000,2025-06-13 12:37:25,1.1,,
SPY250613P00599000,2025-06-13 12:37:29,0.459,,
SPY250613P00600000,2025-06-13 12:37:29,0.72,,
SPY250613P00601000,2025-06-13 12:37:29,1.13,,
SPY250613P00599000,2025-06-13 12:37:33,0.459,,
SPY250613P00600000,2025-06-13 12:37:33,0.74,,
SPY250613P00601000,2025-06-13 12:37:33,1.12,,
SPY250613P00599000,2025-06-13 12:37:37,0.48,,
SPY250613P00600000,2025-06-13 12:37:37,0.68,,
SPY250613P00601000,2025-06-13 12:37:37,1.07,,
SPY250613P00599000,2025-06-13 12:37:41,0.44,,
SPY250613P00600000,2025-06-13 12:37:41,0.72,,
SPY250613P00601000,2025-06-13 12:37:41,1.03,,
SPY250613P00599000,2025-06-13 12:37:45,0.44,,
SPY250613P00600000,2025-06-13 12:37:45,0.72,,
SPY250613P00601000,2025-06-13 12:37:45,1.07,,
SPY250613P00599000,2025-06-13 12:37:49,0.49,,
SPY250613P00600000,2025-06-13 12:37:49,0.7,,
SPY250613P00601000,2025-06-13 12:37:49,1.1,,
SPY250613P00599000,2025-06-13 12:37:53,0.45,,
SPY250613P00600000,2025-06-13 12:37:53,0.75,,
SPY250613P00601000,2025-06-13 12:37:53,1.12,,
SPY250613P00599000,2025-06-13 12:37:57,0.459,,
SPY250613P00600000,2025-06-13 12:37:57,0.71,,
SPY250613P00601000,2025-06-13 12:37:57,1.13,,
SPY250613P00599000,2025-06-13 12:38:01,0.47,,
SPY250613P00600000,2025-06-13 12:38:01,0.74,,
SPY250613P00601000,2025-06-13 12:38:01,1.14,,
SPY250613P00599000,2025-06-13 12:38:05,0.509,,
SPY250613P00600000,2025-06-13 12:38:05,0.76,,
SPY250613P00601000,2025-06-13 12:38:05,1.14,,
SPY250613P00599000,2025-06-13 12:38:09,0.509,,
SPY250613P00600000,2025-06-13 12:38:09,0.76,,
SPY250613P00601000,2025-06-13 12:38:09,1.1,,
SPY250613P00599000,2025-06-13 12:38:13,0.509,,
SPY250613P00600000,2025-06-13 12:38:13,0.73,,
SPY250613P00601000,2025-06-13 12:38:13,1.15,,
SPY250613P00599000,2025-06-13 12:38:17,0.509,,
SPY250613P00600000,2025-06-13 12:38:17,0.76,,
SPY250613P00601000,2025-06-13 12:38:17,1.12,,
SPY250613P00599000,2025-06-13 12:38:21,0.53,,
SPY250613P00600000,2025-06-13 12:38:21,0.79,,
SPY250613P00601000,2025-06-13 12:38:21,1.14,,
SPY250613P00599000,2025-06-13 12:38:25,0.54,,
SPY250613P00600000,2025-06-13 12:38:25,0.77,,
SPY250613P00601000,2025-06-13 12:38:25,1.2,,
SPY250613P00599000,2025-06-13 12:38:29,0.55,,
SPY250613P00600000,2025-06-13 12:38:29,0.819,,
SPY250613P00601000,2025-06-13 12:38:29,1.19,,
SPY250613P00599000,2025-06-13 12:38:34,0.55,,
SPY250613P00600000,2025-06-13 12:38:34,0.819,,
SPY250613P00601000,2025-06-13 12:38:34,1.22,,
SPY250613P00599000,2025-06-13 12:38:38,0.55,,
SPY250613P00600000,2025-06-13 12:38:38,0.819,,
SPY250613P00601000,2025-06-13 12:38:38,1.23,,
SPY250613P00599000,2025-06-13 12:38:42,0.509,,
SPY250613P00600000,2025-06-13 12:38:42,0.78,,
SPY250613P00601000,2025-06-13 12:38:42,1.18,,
SPY250613P00599000,2025-06-13 12:38:46,0.55,,
SPY250613P00600000,2025-06-13 12:38:46,0.83,,
SPY250613P00601000,2025-06-13 12:38:46,1.19,,
SPY250613P00599000,2025-06-13 12:38:50,0.509,,
SPY250613P00600000,2025-06-13 12:38:50,0.819,,
SPY250613P00601000,2025-06-13 12:38:50,1.22,,
SPY250613P00599000,2025-06-13 12:38:54,0.55,,
SPY250613P00600000,2025-06-13 12:38:54,0.78,,
SPY250613P00601000,2025-06-13 12:38:54,1.15,,
SPY250613P00599000,2025-06-13 12:38:58,0.52,,
SPY250613P00600000,2025-06-13 12:38:58,0.78,,
SPY250613P00601000,2025-06-13 12:38:58,1.11,,
SPY250613P00599000,2025-06-13 12:39:02,0.48,,
SPY250613P00600000,2025-06-13 12:39:02,0.75,,
SPY250613P00601000,2025-06-13 12:39:02,1.13,,
SPY250613P00599000,2025-06-13 12:39:06,0.49,,
SPY250613P00600000,2025-06-13 12:39:06,0.79,,
SPY250613P00601000,2025-06-13 12:39:06,1.14,,
SPY250613P00599000,2025-06-13 12:39:10,0.53,,
SPY250613P00600000,2025-06-13 12:39:10,0.76,,
SPY250613P00601000,2025-06-13 12:39:10,1.16,,
SPY250613P00599000,2025-06-13 12:39:14,0.55,,
SPY250613P00600000,2025-06-13 12:39:14,0.84,,
SPY250613P00601000,2025-06-13 12:39:14,1.22,,
SPY250613P00599000,2025-06-13 12:39:18,0.52,,
SPY250613P00600000,2025-06-13 12:39:18,0.79,,
SPY250613P00601000,2025-06-13 12:39:18,1.2,,
SPY250613P00599000,2025-06-13 12:39:22,0.52,,
SPY250613P00600000,2025-06-13 12:39:22,0.79,,
SPY250613P00601000,2025-06-13 12:39:22,1.2,,
SPY250613P00599000,2025-06-13 12:39:26,0.52,,
SPY250613P00600000,2025-06-13 12:39:26,0.79,,
SPY250613P00601000,2025-06-13 12:39:26,1.19,,
SPY250613P00599000,2025-06-13 12:39:30,0.55,,
SPY250613P00600000,2025-06-13 12:39:30,0.819,,
SPY250613P00601000,2025-06-13 12:39:30,1.24,,
SPY250613P00599000,2025-06-13 12:39:34,0.56,,
SPY250613P00600000,2025-06-13 12:39:34,0.84,,
SPY250613P00601000,2025-06-13 12:39:34,1.21,,
SPY250613P00599000,2025-06-13 12:39:38,0.52,,
SPY250613P00600000,2025-06-13 12:39:38,0.8,,
SPY250613P00601000,2025-06-13 12:39:38,1.25,,
SPY250613P00599000,2025-06-13 12:39:42,0.55,,
SPY250613P00600000,2025-06-13 12:39:42,0.79,,
SPY250613P00601000,2025-06-13 12:39:42,1.24,,
SPY250613P00599000,2025-06-13 12:39:46,0.55,,
SPY250613P00600000,2025-06-13 12:39:46,0.79,,
SPY250613P00601000,2025-06-13 12:39:46,1.25,,
SPY250613P00599000,2025-06-13 12:39:51,0.52,,
SPY250613P00600000,2025-06-13 12:39:51,0.8,,
SPY250613P00601000,2025-06-13 12:39:51,1.22,,
SPY250613P00599000,2025-06-13 12:39:55,0.52,,
SPY250613P00600000,2025-06-13 12:39:55,0.85,,
SPY250613P00601000,2025-06-13 12:39:55,1.25,,
SPY250613P00599000,2025-06-13 12:39:59,0.56,,
SPY250613P00600000,2025-06-13 12:39:59,0.81,,
SPY250613P00601000,2025-06-13 12:39:59,1.21,,
SPY250613P00599000,2025-06-13 12:40:03,0.56,,
SPY250613P00600000,2025-06-13 12:40:03,0.85,,
SPY250613P00601000,2025-06-13 12:40:03,1.26,,
SPY250613P00599000,2025-06-13 12:40:07,0.509,,
SPY250613P00600000,2025-06-13 12:40:07,0.819,,
SPY250613P00601000,2025-06-13 12:40:07,1.24,,
SPY250613P00599000,2025-06-13 12:40:11,0.55,,
SPY250613P00600000,2025-06-13 12:40:11,0.79,,
SPY250613P00601000,2025-06-13 12:40:11,1.2,,
SPY250613P00599000,2025-06-13 12:40:15,0.57,,
SPY250613P00600000,2025-06-13 12:40:15,0.819,,
SPY250613P00601000,2025-06-13 12:40:15,1.22,,
SPY250613P00599000,2025-06-13 12:40:19,0.57,,
SPY250613P00600000,2025-06-13 12:40:19,0.8,,
SPY250613P00601000,2025-06-13 12:40:19,1.25,,
SPY250613P00599000,2025-06-13 12:40:23,0.57,,
SPY250613P00600000,2025-06-13 12:40:23,0.84,,
SPY250613P00601000,2025-06-13 12:40:23,1.21,,
SPY250613P00599000,2025-06-13 12:40:27,0.57,,
SPY250613P00600000,2025-06-13 12:40:27,0.85,,
SPY250613P00601000,2025-06-13 12:40:27,1.23,,
SPY250613P00599000,2025-06-13 12:40:31,0.52,,
SPY250613P00600000,2025-06-13 12:40:31,0.85,,
SPY250613P00601000,2025-06-13 12:40:31,1.21,,
SPY250613P00599000,2025-06-13 12:40:35,0.56,,
SPY250613P00600000,2025-06-13 12:40:35,0.85,,
SPY250613P00601000,2025-06-13 12:40:35,1.22,,
SPY250613P00599000,2025-06-13 12:40:39,0.56,,
SPY250613P00600000,2025-06-13 12:40:39,0.85,,
SPY250613P00601000,2025-06-13 12:40:39,1.23,,
SPY250613P00599000,2025-06-13 12:40:43,0.57,,
SPY250613P00600000,2025-06-13 12:40:43,0.819,,
SPY250613P00601000,2025-06-13 12:40:43,1.27,,
SPY250613P00599000,2025-06-13 12:40:47,0.53,,
SPY250613P00600000,2025-06-13 12:40:47,0.85,,
SPY250613P00601000,2025-06-13 12:40:47,1.26,,
SPY250613P00599000,2025-06-13 12:40:51,0.52,,
SPY250613P00600000,2025-06-13 12:40:51,0.819,,
SPY250613P00601000,2025-06-13 12:40:51,1.22,,
SPY250613P00599000,2025-06-13 12:40:57,0.53,,
SPY250613P00600000,2025-06-13 12:40:57,0.79,,
SPY250613P00601000,2025-06-13 12:40:57,1.16,,
SPY250613P00599000,2025-06-13 12:41:02,0.53,,
SPY250613P00600000,2025-06-13 12:41:02,0.76,,
SPY250613P00601000,2025-06-13 12:41:02,1.18,,
SPY250613P00599000,2025-06-13 12:41:06,0.53,,
SPY250613P00600000,2025-06-13 12:41:06,0.81,,
SPY250613P00601000,2025-06-13 12:41:06,1.16,,
SPY250613P00599000,2025-06-13 12:41:10,0.49,,
SPY250613P00600000,2025-06-13 12:41:10,0.77,,
SPY250613P00601000,2025-06-13 12:41:10,1.16,,
SPY250613P00599000,2025-06-13 12:41:14,0.5,,
SPY250613P00600000,2025-06-13 12:41:14,0.77,,
SPY250613P00601000,2025-06-13 12:41:14,1.22,,
SPY250613P00599000,2025-06-13 12:41:18,0.55,,
SPY250613P00600000,2025-06-13 12:41:18,0.77,,
SPY250613P00601000,2025-06-13 12:41:18,1.22,,
SPY250613P00599000,2025-06-13 12:41:23,0.48,,
SPY250613P00600000,2025-06-13 12:41:23,0.79,,
SPY250613P00601000,2025-06-13 12:41:23,1.15,,
SPY250613P00599000,2025-06-13 12:41:27,0.53,,
SPY250613P00600000,2025-06-13 12:41:27,0.79,,
SPY250613P00601000,2025-06-13 12:41:27,1.2,,
SPY250613P00599000,2025-06-13 12:41:31,0.47,,
SPY250613P00600000,2025-06-13 12:41:31,0.72,,
SPY250613P00601000,2025-06-13 12:41:31,1.12,,
SPY250613P00599000,2025-06-13 12:41:35,0.47,,
SPY250613P00600000,2025-06-13 12:41:35,0.75,,
SPY250613P00601000,2025-06-13 12:41:35,1.13,,
SPY250613P00599000,2025-06-13 12:41:40,0.45,,
SPY250613P00600000,2025-06-13 12:41:40,0.7,,
SPY250613P00601000,2025-06-13 12:41:40,1.12,,
SPY250613P00599000,2025-06-13 12:41:44,0.47,,
SPY250613P00600000,2025-06-13 12:41:44,0.78,,
SPY250613P00601000,2025-06-13 12:41:44,1.17,,
SPY250613P00599000,2025-06-13 12:41:48,0.459,,
SPY250613P00600000,2025-06-13 12:41:48,0.72,,
SPY250613P00601000,2025-06-13 12:41:48,1.1,,
SPY250613P00599000,2025-06-13 12:41:53,0.459,,
SPY250613P00600000,2025-06-13 12:41:53,0.76,,
SPY250613P00601000,2025-06-13 12:41:53,1.11,,
SPY250613P00599000,2025-06-13 12:41:57,0.459,,
SPY250613P00600000,2025-06-13 12:41:57,0.76,,
SPY250613P00601000,2025-06-13 12:41:57,1.12,,
SPY250613P00599000,2025-06-13 12:42:01,0.47,,
SPY250613P00600000,2025-06-13 12:42:01,0.72,,
SPY250613P00601000,2025-06-13 12:42:01,1.14,,
SPY250613P00599000,2025-06-13 12:42:05,0.5,,
SPY250613P00600000,2025-06-13 12:42:05,0.73,,
SPY250613P00601000,2025-06-13 12:42:05,1.13,,
SPY250613P00599000,2025-06-13 12:42:09,0.509,,
SPY250613P00600000,2025-06-13 12:42:09,0.76,,
SPY250613P00601000,2025-06-13 12:42:09,1.1,,
SPY250613P00599000,2025-06-13 12:42:13,0.5,,
SPY250613P00600000,2025-06-13 12:42:13,0.71,,
SPY250613P00601000,2025-06-13 12:42:13,1.09,,
SPY250613P00599000,2025-06-13 12:42:17,0.5,,
SPY250613P00600000,2025-06-13 12:42:17,0.75,,
SPY250613P00601000,2025-06-13 12:42:17,1.1,,
SPY250613P00599000,2025-06-13 12:42:21,0.509,,
SPY250613P00600000,2025-06-13 12:42:21,0.76,,
SPY250613P00601000,2025-06-13 12:42:21,1.12,,
SPY250613P00599000,2025-06-13 12:42:25,0.509,,
SPY250613P00600000,2025-06-13 12:42:25,0.73,,
SPY250613P00601000,2025-06-13 12:42:25,1.17,,
SPY250613P00599000,2025-06-13 12:42:29,0.48,,
SPY250613P00600000,2025-06-13 12:42:29,0.73,,
SPY250613P00601000,2025-06-13 12:42:29,1.17,,
SPY250613P00599000,2025-06-13 12:42:33,0.509,,
SPY250613P00600000,2025-06-13 12:42:33,0.77,,
SPY250613P00601000,2025-06-13 12:42:33,1.17,,
SPY250613P00599000,2025-06-13 12:42:37,0.509,,
SPY250613P00600000,2025-06-13 12:42:37,0.78,,
SPY250613P00601000,2025-06-13 12:42:37,1.13,,
SPY250613P00599000,2025-06-13 12:42:41,0.47,,
SPY250613P00600000,2025-06-13 12:42:41,0.77,,
SPY250613P00601000,2025-06-13 12:42:41,1.13,,
SPY250613P00599000,2025-06-13 12:42:45,0.48,,
SPY250613P00600000,2025-06-13 12:42:45,0.78,,
SPY250613P00601000,2025-06-13 12:42:45,1.12,,
SPY250613P00599000,2025-06-13 12:42:49,0.509,,
SPY250613P00600000,2025-06-13 12:42:49,0.74,,
SPY250613P00601000,2025-06-13 12:42:49,1.18,,
SPY250613P00599000,2025-06-13 12:42:53,0.53,,
SPY250613P00600000,2025-06-13 12:42:53,0.79,,
SPY250613P00601000,2025-06-13 12:42:53,1.2,,
SPY250613P00599000,2025-06-13 12:42:57,0.49,,
SPY250613P00600000,2025-06-13 12:42:57,0.76,,
SPY250613P00601000,2025-06-13 12:42:57,1.16,,
SPY250613P00599000,2025-06-13 12:43:01,0.5,,
SPY250613P00600000,2025-06-13 12:43:01,0.81,,
SPY250613P00601000,2025-06-13 12:43:01,1.17,,
SPY250613P00599000,2025-06-13 12:43:05,0.54,,
SPY250613P00600000,2025-06-13 12:43:05,0.819,,
SPY250613P00601000,2025-06-13 12:43:05,1.18,,
SPY250613P00599000,2025-06-13 12:43:09,0.54,,
SPY250613P00600000,2025-06-13 12:43:09,0.8,,
SPY250613P00601000,2025-06-13 12:43:09,1.16,,
SPY250613P00599000,2025-06-13 12:43:13,0.49,,
SPY250613P00600000,2025-06-13 12:43:13,0.81,,
SPY250613P00601000,2025-06-13 12:43:13,1.21,,
SPY250613P00599000,2025-06-13 12:43:17,0.48,,
SPY250613P00600000,2025-06-13 12:43:17,0.8,,
SPY250613P00601000,2025-06-13 12:43:17,1.18,,
SPY250613P00599000,2025-06-13 12:43:22,0.53,,
SPY250613P00600000,2025-06-13 12:43:22,0.8,,
SPY250613P00601000,2025-06-13 12:43:22,1.15,,
SPY250613P00599000,2025-06-13 12:43:26,0.55,,
SPY250613P00600000,2025-06-13 12:43:26,0.79,,
SPY250613P00601000,2025-06-13 12:43:26,1.23,,
SPY250613P00599000,2025-06-13 12:43:30,0.54,,
SPY250613P00600000,2025-06-13 12:43:30,0.78,,
SPY250613P00601000,2025-06-13 12:43:30,1.23,,
SPY250613P00599000,2025-06-13 12:43:34,0.56,,
SPY250613P00600000,2025-06-13 12:43:34,0.84,,
SPY250613P00601000,2025-06-13 12:43:34,1.25,,
SPY250613P00599000,2025-06-13 12:43:38,0.54,,
SPY250613P00600000,2025-06-13 12:43:38,0.78,,
SPY250613P00601000,2025-06-13 12:43:38,1.23,,
SPY250613P00599000,2025-06-13 12:43:42,0.53,,
SPY250613P00600000,2025-06-13 12:43:42,0.819,,
SPY250613P00601000,2025-06-13 12:43:42,1.23,,
SPY250613P00599000,2025-06-13 12:43:46,0.55,,
SPY250613P00600000,2025-06-13 12:43:46,0.79,,
SPY250613P00601000,2025-06-13 12:43:46,1.21,,
SPY250613P00599000,2025-06-13 12:43:50,0.52,,
SPY250613P00600000,2025-06-13 12:43:50,0.84,,
SPY250613P00601000,2025-06-13 12:43:50,1.22,,
SPY250613P00599000,2025-06-13 12:43:54,0.57,,
SPY250613P00600000,2025-06-13 12:43:54,0.86,,
SPY250613P00601000,2025-06-13 12:43:54,1.28,,
SPY250613P00599000,2025-06-13 12:43:58,0.53,,
SPY250613P00600000,2025-06-13 12:43:58,0.819,,
SPY250613P00601000,2025-06-13 12:43:58,1.28,,
SPY250613P00599000,2025-06-13 12:44:02,0.54,,
SPY250613P00600000,2025-06-13 12:44:02,0.869,,
SPY250613P00601000,2025-06-13 12:44:02,1.3,,
SPY250613P00599000,2025-06-13 12:44:06,0.58,,
SPY250613P00600000,2025-06-13 12:44:06,0.88,,
SPY250613P00601000,2025-06-13 12:44:06,1.31,,
SPY250613P00599000,2025-06-13 12:44:10,0.53,,
SPY250613P00600000,2025-06-13 12:44:10,0.8,,
SPY250613P00601000,2025-06-13 12:44:10,1.23,,
SPY250613P00599000,2025-06-13 12:44:14,0.57,,
SPY250613P00600000,2025-06-13 12:44:14,0.819,,
SPY250613P00601000,2025-06-13 12:44:14,1.24,,
SPY250613P00599000,2025-06-13 12:44:19,0.53,,
SPY250613P00600000,2025-06-13 12:44:19,0.83,,
SPY250613P00601000,2025-06-13 12:44:19,1.29,,
SPY250613P00599000,2025-06-13 12:44:23,0.57,,
SPY250613P00600000,2025-06-13 12:44:23,0.819,,
SPY250613P00601000,2025-06-13 12:44:23,1.29,,
SPY250613P00599000,2025-06-13 12:44:27,0.57,,
SPY250613P00600000,2025-06-13 12:44:27,0.86,,
SPY250613P00601000,2025-06-13 12:44:27,1.26,,
SPY250613P00599000,2025-06-13 12:44:31,0.58,,
SPY250613P00600000,2025-06-13 12:44:31,0.869,,
SPY250613P00601000,2025-06-13 12:44:31,1.3,,
SPY250613P00599000,2025-06-13 12:44:35,0.54,,
SPY250613P00600000,2025-06-13 12:44:35,0.83,,
SPY250613P00601000,2025-06-13 12:44:35,1.25,,
SPY250613P00599000,2025-06-13 12:44:39,0.54,,
SPY250613P00600000,2025-06-13 12:44:39,0.869,,
SPY250613P00601000,2025-06-13 12:44:39,1.26,,
SPY250613P00599000,2025-06-13 12:44:43,0.55,,
SPY250613P00600000,2025-06-13 12:44:43,0.84,,
SPY250613P00601000,2025-06-13 12:44:43,1.31,,
SPY250613P00599000,2025-06-13 12:44:47,0.58,,
SPY250613P00600000,2025-06-13 12:44:47,0.819,,
SPY250613P00601000,2025-06-13 12:44:47,1.26,,
SPY250613P00599000,2025-06-13 12:44:51,0.56,,
SPY250613P00600000,2025-06-13 12:44:51,0.8,,
SPY250613P00601000,2025-06-13 12:44:51,1.25,,
SPY250613P00599000,2025-06-13 12:44:55,0.5,,
SPY250613P00600000,2025-06-13 12:44:55,0.78,,
SPY250613P00601000,2025-06-13 12:44:55,1.24,,
SPY250613P00599000,2025-06-13 12:44:59,0.5,,
SPY250613P00600000,2025-06-13 12:44:59,0.78,,
SPY250613P00601000,2025-06-13 12:44:59,1.2,,
SPY250613P00599000,2025-06-13 12:45:03,0.54,,
SPY250613P00600000,2025-06-13 12:45:03,0.79,,
SPY250613P00601000,2025-06-13 12:45:03,1.26,,
SPY250613P00599000,2025-06-13 12:45:07,0.52,,
SPY250613P00600000,2025-06-13 12:45:07,0.8,,
SPY250613P00601000,2025-06-13 12:45:07,1.27,,
SPY250613P00599000,2025-06-13 12:45:11,0.56,,
SPY250613P00600000,2025-06-13 12:45:11,0.81,,
SPY250613P00601000,2025-06-13 12:45:11,1.22,,
SPY250613P00599000,2025-06-13 12:45:16,0.52,,
SPY250613P00600000,2025-06-13 12:45:16,0.85,,
SPY250613P00601000,2025-06-13 12:45:16,1.24,,
SPY250613P00599000,2025-06-13 12:45:20,0.57,,
SPY250613P00600000,2025-06-13 12:45:20,0.819,,
SPY250613P00601000,2025-06-13 12:45:20,1.29,,
SPY250613P00599000,2025-06-13 12:45:24,0.57,,
SPY250613P00600000,2025-06-13 12:45:24,0.869,,
SPY250613P00601000,2025-06-13 12:45:24,1.27,,
SPY250613P00599000,2025-06-13 12:45:28,0.54,,
SPY250613P00600000,2025-06-13 12:45:28,0.84,,
SPY250613P00601000,2025-06-13 12:45:28,1.32,,
SPY250613P00599000,2025-06-13 12:45:32,0.53,,
SPY250613P00600000,2025-06-13 12:45:32,0.869,,
SPY250613P00601000,2025-06-13 12:45:32,1.26,,
SPY250613P00599000,2025-06-13 12:45:36,0.57,,
SPY250613P00600000,2025-06-13 12:45:36,0.88,,
SPY250613P00601000,2025-06-13 12:45:36,1.26,,
SPY250613P00599000,2025-06-13 12:45:40,0.54,,
SPY250613P00600000,2025-06-13 12:45:40,0.84,,
SPY250613P00601000,2025-06-13 12:45:40,1.3,,
SPY250613P00599000,2025-06-13 12:45:44,0.54,,
SPY250613P00600000,2025-06-13 12:45:44,0.88,,
SPY250613P00601000,2025-06-13 12:45:44,1.27,,
SPY250613P00599000,2025-06-13 12:45:48,0.54,,
SPY250613P00600000,2025-06-13 12:45:48,0.84,,
SPY250613P00601000,2025-06-13 12:45:48,1.27,,
SPY250613P00599000,2025-06-13 12:45:52,0.57,,
SPY250613P00600000,2025-06-13 12:45:52,0.86,,
SPY250613P00601000,2025-06-13 12:45:52,1.24,,
SPY250613P00599000,2025-06-13 12:45:56,0.52,,
SPY250613P00600000,2025-06-13 12:45:56,0.84,,
SPY250613P00601000,2025-06-13 12:45:56,1.23,,
SPY250613P00599000,2025-06-13 12:46:00,0.55,,
SPY250613P00600000,2025-06-13 12:46:00,0.84,,
SPY250613P00601000,2025-06-13 12:46:00,1.28,,
SPY250613P00599000,2025-06-13 12:46:04,0.52,,
SPY250613P00600000,2025-06-13 12:46:04,0.85,,
SPY250613P00601000,2025-06-13 12:46:04,1.24,,
SPY250613P00599000,2025-06-13 12:46:08,0.56,,
SPY250613P00600000,2025-06-13 12:46:08,0.81,,
SPY250613P00601000,2025-06-13 12:46:08,1.26,,
SPY250613P00599000,2025-06-13 12:46:12,0.52,,
SPY250613P00600000,2025-06-13 12:46:12,0.84,,
SPY250613P00601000,2025-06-13 12:46:12,1.27,,
SPY250613P00599000,2025-06-13 12:46:16,0.509,,
SPY250613P00600000,2025-06-13 12:46:16,0.8,,
SPY250613P00601000,2025-06-13 12:46:16,1.21,,
SPY250613P00599000,2025-06-13 12:46:20,0.509,,
SPY250613P00600000,2025-06-13 12:46:20,0.819,,
SPY250613P00601000,2025-06-13 12:46:20,1.18,,
SPY250613P00599000,2025-06-13 12:46:24,0.509,,
SPY250613P00600000,2025-06-13 12:46:24,0.83,,
SPY250613P00601000,2025-06-13 12:46:24,1.2,,
SPY250613P00599000,2025-06-13 12:46:30,0.54,,
SPY250613P00600000,2025-06-13 12:46:30,0.819,,
SPY250613P00601000,2025-06-13 12:46:30,1.23,,
SPY250613P00599000,2025-06-13 12:46:35,0.55,,
SPY250613P00600000,2025-06-13 12:46:35,0.819,,
SPY250613P00601000,2025-06-13 12:46:35,1.19,,
SPY250613P00599000,2025-06-13 12:46:39,0.55,,
SPY250613P00600000,2025-06-13 12:46:39,0.819,,
SPY250613P00601000,2025-06-13 12:46:39,1.2,,
SPY250613P00599000,2025-06-13 12:46:43,0.5,,
SPY250613P00600000,2025-06-13 12:46:43,0.819,,
SPY250613P00601000,2025-06-13 12:46:43,1.23,,
SPY250613P00599000,2025-06-13 12:46:47,0.5,,
SPY250613P00600000,2025-06-13 12:46:47,0.77,,
SPY250613P00601000,2025-06-13 12:46:47,1.18,,
SPY250613P00599000,2025-06-13 12:46:51,0.5,,
SPY250613P00600000,2025-06-13 12:46:51,0.83,,
SPY250613P00601000,2025-06-13 12:46:51,1.26,,
SPY250613P00599000,2025-06-13 12:46:56,0.55,,
SPY250613P00600000,2025-06-13 12:46:56,0.83,,
SPY250613P00601000,2025-06-13 12:46:56,1.26,,
SPY250613P00599000,2025-06-13 12:47:00,0.57,,
SPY250613P00600000,2025-06-13 12:47:00,0.819,,
SPY250613P00601000,2025-06-13 12:47:00,1.26,,
SPY250613P00599000,2025-06-13 12:47:05,0.55,,
SPY250613P00600000,2025-06-13 12:47:05,0.89,,
SPY250613P00601000,2025-06-13 12:47:05,1.34,,
SPY250613P00599000,2025-06-13 12:47:09,0.6,,
SPY250613P00600000,2025-06-13 12:47:09,0.9,,
SPY250613P00601000,2025-06-13 12:47:09,1.34,,
SPY250613P00599000,2025-06-13 12:47:13,0.59,,
SPY250613P00600000,2025-06-13 12:47:13,0.85,,
SPY250613P00601000,2025-06-13 12:47:13,1.34,,
SPY250613P00599000,2025-06-13 12:47:17,0.59,,
SPY250613P00600000,2025-06-13 12:47:17,0.84,,
SPY250613P00601000,2025-06-13 12:47:17,1.32,,
SPY250613P00599000,2025-06-13 12:47:21,0.58,,
SPY250613P00600000,2025-06-13 12:47:21,0.84,,
SPY250613P00601000,2025-06-13 12:47:21,1.28,,
SPY250613P00599000,2025-06-13 12:47:26,0.59,,
SPY250613P00600000,2025-06-13 12:47:26,0.9,,
SPY250613P00601000,2025-06-13 12:47:26,1.3,,
SPY250613P00599000,2025-06-13 12:47:29,0.59,,
SPY250613P00600000,2025-06-13 12:47:29,0.85,,
SPY250613P00601000,2025-06-13 12:47:29,1.28,,
SPY250613P00599000,2025-06-13 12:47:34,0.59,,
SPY250613P00600000,2025-06-13 12:47:34,0.91,,
SPY250613P00601000,2025-06-13 12:47:34,1.32,,
SPY250613P00599000,2025-06-13 12:47:38,0.56,,
SPY250613P00600000,2025-06-13 12:47:38,0.919,,
SPY250613P00601000,2025-06-13 12:47:38,1.32,,
SPY250613P00599000,2025-06-13 12:47:42,0.6,,
SPY250613P00600000,2025-06-13 12:47:42,0.91,,
SPY250613P00601000,2025-06-13 12:47:42,1.32,,
SPY250613P00599000,2025-06-13 12:47:46,0.61,,
SPY250613P00600000,2025-06-13 12:47:46,0.869,,
SPY250613P00601000,2025-06-13 12:47:46,1.32,,
SPY250613P00599000,2025-06-13 12:47:50,0.56,,
SPY250613P00600000,2025-06-13 12:47:50,0.86,,
SPY250613P00601000,2025-06-13 12:47:50,1.35,,
SPY250613P00599000,2025-06-13 12:47:54,0.56,,
SPY250613P00600000,2025-06-13 12:47:54,0.919,,
SPY250613P00601000,2025-06-13 12:47:54,1.37,,
SPY250613P00599000,2025-06-13 12:47:58,0.6,,
SPY250613P00600000,2025-06-13 12:47:58,0.869,,
SPY250613P00601000,2025-06-13 12:47:58,1.36,,
SPY250613P00599000,2025-06-13 12:48:02,0.56,,
SPY250613P00600000,2025-06-13 12:48:02,0.91,,
SPY250613P00601000,2025-06-13 12:48:02,1.35,,
SPY250613P00599000,2025-06-13 12:48:06,0.56,,
SPY250613P00600000,2025-06-13 12:48:06,0.869,,
SPY250613P00601000,2025-06-13 12:48:06,1.32,,
SPY250613P00599000,2025-06-13 12:48:11,0.59,,
SPY250613P00600000,2025-06-13 12:48:11,0.86,,
SPY250613P00601000,2025-06-13 12:48:11,1.34,,
SPY250613P00599000,2025-06-13 12:48:15,0.56,,
SPY250613P00600000,2025-06-13 12:48:15,0.869,,
SPY250613P00601000,2025-06-13 12:48:15,1.37,,
SPY250613P00599000,2025-06-13 12:48:19,0.59,,
SPY250613P00600000,2025-06-13 12:48:19,0.9,,
SPY250613P00601000,2025-06-13 12:48:19,1.37,,
SPY250613P00599000,2025-06-13 12:48:23,0.58,,
SPY250613P00600000,2025-06-13 12:48:23,0.88,,
SPY250613P00601000,2025-06-13 12:48:23,1.31,,
SPY250613P00599000,2025-06-13 12:48:27,0.58,,
SPY250613P00600000,2025-06-13 12:48:27,0.88,,
SPY250613P00601000,2025-06-13 12:48:27,1.28,,
SPY250613P00599000,2025-06-13 12:48:31,0.58,,
SPY250613P00600000,2025-06-13 12:48:31,0.84,,
SPY250613P00601000,2025-06-13 12:48:31,1.27,,
SPY250613P00599000,2025-06-13 12:48:35,0.58,,
SPY250613P00600000,2025-06-13 12:48:35,0.84,,
SPY250613P00601000,2025-06-13 12:48:35,1.27,,
SPY250613P00599000,2025-06-13 12:48:39,0.58,,
SPY250613P00600000,2025-06-13 12:48:39,0.88,,
SPY250613P00601000,2025-06-13 12:48:39,1.34,,
SPY250613P00599000,2025-06-13 12:48:43,0.58,,
SPY250613P00600000,2025-06-13 12:48:43,0.86,,
SPY250613P00601000,2025-06-13 12:48:43,1.32,,
SPY250613P00599000,2025-06-13 12:48:47,0.55,,
SPY250613P00600000,2025-06-13 12:48:47,0.86,,
SPY250613P00601000,2025-06-13 12:48:47,1.34,,
SPY250613P00599000,2025-06-13 12:48:51,0.55,,
SPY250613P00600000,2025-06-13 12:48:51,0.85,,
SPY250613P00601000,2025-06-13 12:48:51,1.34,,
SPY250613P00599000,2025-06-13 12:48:55,0.55,,
SPY250613P00600000,2025-06-13 12:48:55,0.89,,
SPY250613P00601000,2025-06-13 12:48:55,1.35,,
SPY250613P00599000,2025-06-13 12:48:59,0.55,,
SPY250613P00600000,2025-06-13 12:48:59,0.9,,
SPY250613P00601000,2025-06-13 12:48:59,1.37,,
SPY250613P00599000,2025-06-13 12:49:03,0.6,,
SPY250613P00600000,2025-06-13 12:49:03,0.86,,
SPY250613P00601000,2025-06-13 12:49:03,1.34,,
SPY250613P00599000,2025-06-13 12:49:07,0.59,,
SPY250613P00600000,2025-06-13 12:49:07,0.86,,
SPY250613P00601000,2025-06-13 12:49:07,1.32,,
SPY250613P00599000,2025-06-13 12:49:11,0.59,,
SPY250613P00600000,2025-06-13 12:49:11,0.9,,
SPY250613P00601000,2025-06-13 12:49:11,1.32,,
SPY250613P00599000,2025-06-13 12:49:15,0.6,,
SPY250613P00600000,2025-06-13 12:49:15,0.9,,
SPY250613P00601000,2025-06-13 12:49:15,1.36,,
SPY250613P00599000,2025-06-13 12:49:19,0.56,,
SPY250613P00600000,2025-06-13 12:49:19,0.91,,
SPY250613P00601000,2025-06-13 12:49:19,1.33,,
SPY250613P00599000,2025-06-13 12:49:24,0.56,,
SPY250613P00600000,2025-06-13 12:49:24,0.919,,
SPY250613P00601000,2025-06-13 12:49:24,1.38,,
SPY250613P00599000,2025-06-13 12:49:28,0.61,,
SPY250613P00600000,2025-06-13 12:49:28,0.88,,
SPY250613P00601000,2025-06-13 12:49:28,1.38,,
SPY250613P00599000,2025-06-13 12:49:32,0.57,,
SPY250613P00600000,2025-06-13 12:49:32,0.919,,
SPY250613P00601000,2025-06-13 12:49:32,1.33,,
SPY250613P00599000,2025-06-13 12:49:36,0.57,,
SPY250613P00600000,2025-06-13 12:49:36,0.919,,
SPY250613P00601000,2025-06-13 12:49:36,1.35,,
SPY250613P00599000,2025-06-13 12:49:40,0.57,,
SPY250613P00600000,2025-06-13 12:49:40,0.919,,
SPY250613P00601000,2025-06-13 12:49:40,1.34,,
SPY250613P00599000,2025-06-13 12:49:44,0.57,,
SPY250613P00600000,2025-06-13 12:49:44,0.88,,
SPY250613P00601000,2025-06-13 12:49:44,1.35,,
SPY250613P00599000,2025-06-13 12:49:48,0.57,,
SPY250613P00600000,2025-06-13 12:49:48,0.919,,
SPY250613P00601000,2025-06-13 12:49:48,1.33,,
SPY250613P00599000,2025-06-13 12:49:52,0.57,,
SPY250613P00600000,2025-06-13 12:49:52,0.89,,
SPY250613P00601000,2025-06-13 12:49:52,1.33,,
SPY250613P00599000,2025-06-13 12:49:56,0.58,,
SPY250613P00600000,2025-06-13 12:49:56,0.94,,
SPY250613P00601000,2025-06-13 12:49:56,1.37,,
SPY250613P00599000,2025-06-13 12:50:00,0.58,,
SPY250613P00600000,2025-06-13 12:50:00,0.94,,
SPY250613P00601000,2025-06-13 12:50:00,1.35,,
SPY250613P00599000,2025-06-13 12:50:05,0.59,,
SPY250613P00600000,2025-06-13 12:50:05,0.95,,
SPY250613P00601000,2025-06-13 12:50:05,1.45,,
SPY250613P00599000,2025-06-13 12:50:09,0.62,,
SPY250613P00600000,2025-06-13 12:50:09,0.94,,
SPY250613P00601000,2025-06-13 12:50:09,1.4,,
SPY250613P00599000,2025-06-13 12:50:14,0.58,,
SPY250613P00600000,2025-06-13 12:50:14,0.93,,
SPY250613P00601000,2025-06-13 12:50:14,1.36,,
SPY250613P00599000,2025-06-13 12:50:18,0.61,,
SPY250613P00600000,2025-06-13 12:50:18,0.94,,
SPY250613P00601000,2025-06-13 12:50:18,1.37,,
SPY250613P00599000,2025-06-13 12:50:22,0.57,,
SPY250613P00600000,2025-06-13 12:50:22,0.93,,
SPY250613P00601000,2025-06-13 12:50:22,1.41,,
SPY250613P00599000,2025-06-13 12:50:26,0.62,,
SPY250613P00600000,2025-06-13 12:50:26,0.89,,
SPY250613P00601000,2025-06-13 12:50:26,1.37,,
SPY250613P00599000,2025-06-13 12:50:31,0.54,,
SPY250613P00600000,2025-06-13 12:50:31,0.89,,
SPY250613P00601000,2025-06-13 12:50:31,1.32,,
SPY250613P00599000,2025-06-13 12:50:35,0.57,,
SPY250613P00600000,2025-06-13 12:50:35,0.83,,
SPY250613P00601000,2025-06-13 12:50:35,1.32,,
SPY250613P00599000,2025-06-13 12:50:39,0.54,,
SPY250613P00600000,2025-06-13 12:50:39,0.869,,
SPY250613P00601000,2025-06-13 12:50:39,1.28,,
SPY250613P00599000,2025-06-13 12:50:43,0.54,,
SPY250613P00600000,2025-06-13 12:50:43,0.869,,
SPY250613P00601000,2025-06-13 12:50:43,1.28,,
SPY250613P00599000,2025-06-13 12:50:47,0.54,,
SPY250613P00600000,2025-06-13 12:50:47,0.869,,
SPY250613P00601000,2025-06-13 12:50:47,1.33,,
SPY250613P00599000,2025-06-13 12:50:52,0.57,,
SPY250613P00600000,2025-06-13 12:50:52,0.869,,
SPY250613P00601000,2025-06-13 12:50:52,1.34,,
SPY250613P00599000,2025-06-13 12:50:56,0.57,,
SPY250613P00600000,2025-06-13 12:50:56,0.84,,
SPY250613P00601000,2025-06-13 12:50:56,1.31,,
SPY250613P00599000,2025-06-13 12:51:00,0.52,,
SPY250613P00600000,2025-06-13 12:51:00,0.819,,
SPY250613P00601000,2025-06-13 12:51:00,1.3,,
SPY250613P00599000,2025-06-13 12:51:04,0.52,,
SPY250613P00600000,2025-06-13 12:51:04,0.86,,
SPY250613P00601000,2025-06-13 12:51:04,1.3,,
SPY250613P00599000,2025-06-13 12:51:08,0.5,,
SPY250613P00600000,2025-06-13 12:51:08,0.79,,
SPY250613P00601000,2025-06-13 12:51:08,1.26,,
SPY250613P00599000,2025-06-13 12:51:12,0.53,,
SPY250613P00600000,2025-06-13 12:51:12,0.81,,
SPY250613P00601000,2025-06-13 12:51:12,1.2,,
SPY250613P00599000,2025-06-13 12:51:16,0.53,,
SPY250613P00600000,2025-06-13 12:51:16,0.819,,
SPY250613P00601000,2025-06-13 12:51:16,1.23,,
SPY250613P00599000,2025-06-13 12:51:20,0.52,,
SPY250613P00600000,2025-06-13 12:51:20,0.85,,
SPY250613P00601000,2025-06-13 12:51:20,1.31,,
SPY250613P00599000,2025-06-13 12:51:25,0.55,,
SPY250613P00600000,2025-06-13 12:51:25,0.81,,
SPY250613P00601000,2025-06-13 12:51:25,1.25,,
SPY250613P00599000,2025-06-13 12:51:29,0.5,,
SPY250613P00600000,2025-06-13 12:51:29,0.84,,
SPY250613P00601000,2025-06-13 12:51:29,1.28,,
SPY250613P00599000,2025-06-13 12:51:33,0.54,,
SPY250613P00600000,2025-06-13 12:51:33,0.79,,
SPY250613P00601000,2025-06-13 12:51:33,1.23,,
SPY250613P00599000,2025-06-13 12:51:37,0.5,,
SPY250613P00600000,2025-06-13 12:51:37,0.78,,
SPY250613P00601000,2025-06-13 12:51:37,1.26,,
SPY250613P00599000,2025-06-13 12:51:41,0.54,,
SPY250613P00600000,2025-06-13 12:51:41,0.83,,
SPY250613P00601000,2025-06-13 12:51:41,1.27,,
SPY250613P00599000,2025-06-13 12:51:45,0.5,,
SPY250613P00600000,2025-06-13 12:51:45,0.819,,
SPY250613P00601000,2025-06-13 12:51:45,1.25,,
SPY250613P00599000,2025-06-13 12:51:49,0.52,,
SPY250613P00600000,2025-06-13 12:51:49,0.74,,
SPY250613P00601000,2025-06-13 12:51:49,1.16,,
SPY250613P00599000,2025-06-13 12:51:53,0.47,,
SPY250613P00600000,2025-06-13 12:51:53,0.74,,
SPY250613P00601000,2025-06-13 12:51:53,1.16,,
SPY250613P00599000,2025-06-13 12:51:57,0.47,,
SPY250613P00600000,2025-06-13 12:51:57,0.77,,
SPY250613P00601000,2025-06-13 12:51:57,1.18,,
SPY250613P00599000,2025-06-13 12:52:01,0.49,,
SPY250613P00600000,2025-06-13 12:52:01,0.76,,
SPY250613P00601000,2025-06-13 12:52:01,1.1,,
SPY250613P00599000,2025-06-13 12:52:05,0.44,,
SPY250613P00600000,2025-06-13 12:52:05,0.69,,
SPY250613P00601000,2025-06-13 12:52:05,1.07,,
SPY250613P00599000,2025-06-13 12:52:09,0.42,,
SPY250613P00600000,2025-06-13 12:52:09,0.72,,
SPY250613P00601000,2025-06-13 12:52:09,1.06,,
SPY250613P00599000,2025-06-13 12:52:13,0.45,,
SPY250613P00600000,2025-06-13 12:52:13,0.73,,
SPY250613P00601000,2025-06-13 12:52:13,1.1,,
SPY250613P00599000,2025-06-13 12:52:17,0.45,,
SPY250613P00600000,2025-06-13 12:52:17,0.68,,
SPY250613P00601000,2025-06-13 12:52:17,1.07,,
SPY250613P00599000,2025-06-13 12:52:21,0.43,,
SPY250613P00600000,2025-06-13 12:52:21,0.71,,
SPY250613P00601000,2025-06-13 12:52:21,1.09,,
SPY250613P00599000,2025-06-13 12:52:25,0.43,,
SPY250613P00600000,2025-06-13 12:52:25,0.74,,
SPY250613P00601000,2025-06-13 12:52:25,1.13,,
SPY250613P00599000,2025-06-13 12:52:30,0.43,,
SPY250613P00600000,2025-06-13 12:52:30,0.66,,
SPY250613P00601000,2025-06-13 12:52:30,1.05,,
SPY250613P00599000,2025-06-13 12:52:34,0.409,,
SPY250613P00600000,2025-06-13 12:52:34,0.71,,
SPY250613P00601000,2025-06-13 12:52:34,1.08,,
SPY250613P00599000,2025-06-13 12:52:38,0.459,,
SPY250613P00600000,2025-06-13 12:52:38,0.66,,
SPY250613P00601000,2025-06-13 12:52:38,1.06,,
SPY250613P00599000,2025-06-13 12:52:42,0.45,,
SPY250613P00600000,2025-06-13 12:52:42,0.7,,
SPY250613P00601000,2025-06-13 12:52:42,1.09,,
SPY250613P00599000,2025-06-13 12:52:46,0.45,,
SPY250613P00600000,2025-06-13 12:52:46,0.7,,
SPY250613P00601000,2025-06-13 12:52:46,1.07,,
SPY250613P00599000,2025-06-13 12:52:49,0.45,,
SPY250613P00600000,2025-06-13 12:52:49,0.68,,
SPY250613P00601000,2025-06-13 12:52:49,1.06,,
SPY250613P00599000,2025-06-13 12:52:59,0.44,,
SPY250613P00600000,2025-06-13 12:52:59,0.69,,
SPY250613P00601000,2025-06-13 12:52:59,1.019,,
SPY250613P00599000,2025-06-13 12:53:03,0.45,,
SPY250613P00600000,2025-06-13 12:53:03,0.7,,
SPY250613P00601000,2025-06-13 12:53:03,1.09,,
SPY250613P00599000,2025-06-13 12:53:07,0.45,,
SPY250613P00600000,2025-06-13 12:53:07,0.7,,
SPY250613P00601000,2025-06-13 12:53:07,1.08,,
SPY250613P00599000,2025-06-13 12:53:11,0.45,,
SPY250613P00600000,2025-06-13 12:53:11,0.7,,
SPY250613P00601000,2025-06-13 12:53:11,1.06,,
SPY250613P00599000,2025-06-13 12:53:15,0.45,,
SPY250613P00600000,2025-06-13 12:53:15,0.7,,
SPY250613P00601000,2025-06-13 12:53:15,1.1,,
SPY250613P00599000,2025-06-13 12:53:19,0.459,,
SPY250613P00600000,2025-06-13 12:53:19,0.69,,
SPY250613P00601000,2025-06-13 12:53:19,1.03,,
SPY250613P00599000,2025-06-13 12:53:23,0.45,,
SPY250613P00600000,2025-06-13 12:53:23,0.68,,
SPY250613P00601000,2025-06-13 12:53:23,1.05,,
SPY250613P00599000,2025-06-13 12:53:27,0.44,,
SPY250613P00600000,2025-06-13 12:53:27,0.64,,
SPY250613P00601000,2025-06-13 12:53:27,1.04,,
SPY250613P00599000,2025-06-13 12:53:31,0.43,,
SPY250613P00600000,2025-06-13 12:53:31,0.66,,
SPY250613P00601000,2025-06-13 12:53:31,1.019,,
SPY250613P00599000,2025-06-13 12:53:35,0.39,,
SPY250613P00600000,2025-06-13 12:53:35,0.65,,
SPY250613P00601000,2025-06-13 12:53:35,1.01,,
SPY250613P00599000,2025-06-13 12:53:39,0.42,,
SPY250613P00600000,2025-06-13 12:53:39,0.64,,
SPY250613P00601000,2025-06-13 12:53:39,1.0,,
SPY250613P00599000,2025-06-13 12:53:43,0.409,,
SPY250613P00600000,2025-06-13 12:53:43,0.64,,
SPY250613P00601000,2025-06-13 12:53:43,0.94,,
SPY250613P00599000,2025-06-13 12:53:47,0.42,,
SPY250613P00600000,2025-06-13 12:53:47,0.64,,
SPY250613P00601000,2025-06-13 12:53:47,1.0,,
SPY250613P00599000,2025-06-13 12:53:51,0.37,,
SPY250613P00600000,2025-06-13 12:53:51,0.64,,
SPY250613P00601000,2025-06-13 12:53:51,1.0,,
SPY250613P00599000,2025-06-13 12:53:55,0.409,,
SPY250613P00600000,2025-06-13 12:53:55,0.63,,
SPY250613P00601000,2025-06-13 12:53:55,0.98,,
SPY250613P00599000,2025-06-13 12:53:59,0.37,,
SPY250613P00600000,2025-06-13 12:53:59,0.63,,
SPY250613P00601000,2025-06-13 12:53:59,0.969,,
SPY250613P00599000,2025-06-13 12:54:03,0.4,,
SPY250613P00600000,2025-06-13 12:54:03,0.61,,
SPY250613P00601000,2025-06-13 12:54:03,0.91,,
SPY250613P00599000,2025-06-13 12:54:07,0.409,,
SPY250613P00600000,2025-06-13 12:54:07,0.62,,
SPY250613P00601000,2025-06-13 12:54:07,0.95,,
SPY250613P00599000,2025-06-13 12:54:11,0.409,,
SPY250613P00600000,2025-06-13 12:54:11,0.62,,
SPY250613P00601000,2025-06-13 12:54:11,0.969,,
SPY250613P00599000,2025-06-13 12:54:15,0.409,,
SPY250613P00600000,2025-06-13 12:54:15,0.62,,
SPY250613P00601000,2025-06-13 12:54:15,0.96,,
SPY250613P00599000,2025-06-13 12:54:19,0.409,,
SPY250613P00600000,2025-06-13 12:54:19,0.59,,
SPY250613P00601000,2025-06-13 12:54:19,0.94,,
SPY250613P00599000,2025-06-13 12:54:23,0.409,,
SPY250613P00600000,2025-06-13 12:54:23,0.63,,
SPY250613P00601000,2025-06-13 12:54:23,0.93,,
SPY250613P00599000,2025-06-13 12:54:27,0.409,,
SPY250613P00600000,2025-06-13 12:54:27,0.62,,
SPY250613P00601000,2025-06-13 12:54:27,0.95,,
SPY250613P00599000,2025-06-13 12:54:31,0.42,,
SPY250613P00600000,2025-06-13 12:54:31,0.61,,
SPY250613P00601000,2025-06-13 12:54:31,1.0,,
SPY250613P00599000,2025-06-13 12:54:35,0.42,,
SPY250613P00600000,2025-06-13 12:54:35,0.64,,
SPY250613P00601000,2025-06-13 12:54:35,0.94,,
SPY250613P00599000,2025-06-13 12:54:40,0.409,,
SPY250613P00600000,2025-06-13 12:54:40,0.59,,
SPY250613P00601000,2025-06-13 12:54:40,0.94,,
SPY250613P00599000,2025-06-13 12:54:44,0.409,,
SPY250613P00600000,2025-06-13 12:54:44,0.58,,
SPY250613P00601000,2025-06-13 12:54:44,0.96,,
SPY250613P00599000,2025-06-13 12:54:48,0.4,,
SPY250613P00600000,2025-06-13 12:54:48,0.58,,
SPY250613P00601000,2025-06-13 12:54:48,0.96,,
SPY250613P00599000,2025-06-13 12:54:52,0.409,,
SPY250613P00600000,2025-06-13 12:54:52,0.62,,
SPY250613P00601000,2025-06-13 12:54:52,0.919,,
SPY250613P00599000,2025-06-13 12:54:56,0.409,,
SPY250613P00600000,2025-06-13 12:54:56,0.62,,
SPY250613P00601000,2025-06-13 12:54:56,0.919,,
SPY250613P00599000,2025-06-13 12:55:00,0.409,,
SPY250613P00600000,2025-06-13 12:55:00,0.62,,
SPY250613P00601000,2025-06-13 12:55:00,0.96,,
SPY250613P00599000,2025-06-13 12:55:04,0.409,,
SPY250613P00600000,2025-06-13 12:55:04,0.58,,
SPY250613P00601000,2025-06-13 12:55:04,0.919,,
SPY250613P00599000,2025-06-13 12:55:08,0.409,,
SPY250613P00600000,2025-06-13 12:55:08,0.63,,
SPY250613P00601000,2025-06-13 12:55:08,0.98,,
SPY250613P00599000,2025-06-13 12:55:12,0.42,,
SPY250613P00600000,2025-06-13 12:55:12,0.64,,
SPY250613P00601000,2025-06-13 12:55:12,0.95,,
SPY250613P00599000,2025-06-13 12:55:16,0.38,,
SPY250613P00600000,2025-06-13 12:55:16,0.59,,
SPY250613P00601000,2025-06-13 12:55:16,0.93,,
SPY250613P00599000,2025-06-13 12:55:20,0.37,,
SPY250613P00600000,2025-06-13 12:55:20,0.62,,
SPY250613P00601000,2025-06-13 12:55:20,0.91,,
SPY250613P00599000,2025-06-13 12:55:24,0.4,,
SPY250613P00600000,2025-06-13 12:55:24,0.62,,
SPY250613P00601000,2025-06-13 12:55:24,0.95,,
SPY250613P00599000,2025-06-13 12:55:28,0.409,,
SPY250613P00600000,2025-06-13 12:55:28,0.58,,
SPY250613P00601000,2025-06-13 12:55:28,0.96,,
SPY250613P00599000,2025-06-13 12:55:32,0.409,,
SPY250613P00600000,2025-06-13 12:55:32,0.63,,
SPY250613P00601000,2025-06-13 12:55:32,0.969,,
SPY250613P00599000,2025-06-13 12:55:36,0.409,,
SPY250613P00600000,2025-06-13 12:55:36,0.63,,
SPY250613P00601000,2025-06-13 12:55:36,0.969,,
SPY250613P00599000,2025-06-13 12:55:40,0.4,,
SPY250613P00600000,2025-06-13 12:55:40,0.6,,
SPY250613P00601000,2025-06-13 12:55:40,0.919,,
SPY250613P00599000,2025-06-13 12:55:44,0.4,,
SPY250613P00600000,2025-06-13 12:55:44,0.6,,
SPY250613P00601000,2025-06-13 12:55:44,0.89,,
SPY250613P00599000,2025-06-13 12:55:48,0.4,,
SPY250613P00600000,2025-06-13 12:55:48,0.56,,
SPY250613P00601000,2025-06-13 12:55:48,0.88,,
SPY250613P00599000,2025-06-13 12:55:52,0.36,,
SPY250613P00600000,2025-06-13 12:55:52,0.61,,
SPY250613P00601000,2025-06-13 12:55:52,0.94,,
SPY250613P00599000,2025-06-13 12:55:56,0.4,,
SPY250613P00600000,2025-06-13 12:55:56,0.56,,
SPY250613P00601000,2025-06-13 12:55:56,0.89,,
SPY250613P00599000,2025-06-13 12:56:00,0.4,,
SPY250613P00600000,2025-06-13 12:56:00,0.6,,
SPY250613P00601000,2025-06-13 12:56:00,0.93,,
SPY250613P00599000,2025-06-13 12:56:04,0.4,,
SPY250613P00600000,2025-06-13 12:56:04,0.6,,
SPY250613P00601000,2025-06-13 12:56:04,0.89,,
SPY250613P00599000,2025-06-13 12:56:09,0.36,,
SPY250613P00600000,2025-06-13 12:56:09,0.6,,
SPY250613P00601000,2025-06-13 12:56:09,0.93,,
SPY250613P00599000,2025-06-13 12:56:13,0.36,,
SPY250613P00600000,2025-06-13 12:56:13,0.59,,
SPY250613P00601000,2025-06-13 12:56:13,0.919,,
SPY250613P00599000,2025-06-13 12:56:17,0.4,,
SPY250613P00600000,2025-06-13 12:56:17,0.6,,
SPY250613P00601000,2025-06-13 12:56:17,0.919,,
SPY250613P00599000,2025-06-13 12:56:21,0.36,,
SPY250613P00600000,2025-06-13 12:56:21,0.61,,
SPY250613P00601000,2025-06-13 12:56:21,0.95,,
SPY250613P00599000,2025-06-13 12:56:25,0.36,,
SPY250613P00600000,2025-06-13 12:56:25,0.61,,
SPY250613P00601000,2025-06-13 12:56:25,0.91,,
SPY250613P00599000,2025-06-13 12:56:29,0.4,,
SPY250613P00600000,2025-06-13 12:56:29,0.6,,
SPY250613P00601000,2025-06-13 12:56:29,0.93,,
SPY250613P00599000,2025-06-13 12:56:33,0.35,,
SPY250613P00600000,2025-06-13 12:56:33,0.59,,
SPY250613P00601000,2025-06-13 12:56:33,0.919,,
SPY250613P00599000,2025-06-13 12:56:37,0.34,,
SPY250613P00600000,2025-06-13 12:56:37,0.53,,
SPY250613P00601000,2025-06-13 12:56:37,0.88,,
SPY250613P00599000,2025-06-13 12:56:41,0.33,,
SPY250613P00600000,2025-06-13 12:56:41,0.56,,
SPY250613P00601000,2025-06-13 12:56:41,0.869,,
SPY250613P00599000,2025-06-13 12:56:45,0.37,,
SPY250613P00600000,2025-06-13 12:56:45,0.52,,
SPY250613P00601000,2025-06-13 12:56:45,0.86,,
SPY250613P00599000,2025-06-13 12:56:50,0.37,,
SPY250613P00600000,2025-06-13 12:56:50,0.56,,
SPY250613P00601000,2025-06-13 12:56:50,0.86,,
SPY250613P00599000,2025-06-13 12:56:54,0.37,,
SPY250613P00600000,2025-06-13 12:56:54,0.509,,
SPY250613P00601000,2025-06-13 12:56:54,0.86,,
SPY250613P00599000,2025-06-13 12:56:58,0.36,,
SPY250613P00600000,2025-06-13 12:56:58,0.54,,
SPY250613P00601000,2025-06-13 12:56:58,0.84,,
SPY250613P00599000,2025-06-13 12:57:02,0.36,,
SPY250613P00600000,2025-06-13 12:57:02,0.54,,
SPY250613P00601000,2025-06-13 12:57:02,0.85,,
SPY250613P00599000,2025-06-13 12:57:06,0.32,,
SPY250613P00600000,2025-06-13 12:57:06,0.54,,
SPY250613P00601000,2025-06-13 12:57:06,0.84,,
SPY250613P00599000,2025-06-13 12:57:10,0.36,,
SPY250613P00600000,2025-06-13 12:57:10,0.55,,
SPY250613P00601000,2025-06-13 12:57:10,0.84,,
SPY250613P00599000,2025-06-13 12:57:14,0.36,,
SPY250613P00600000,2025-06-13 12:57:14,0.54,,
SPY250613P00601000,2025-06-13 12:57:14,0.84,,
SPY250613P00599000,2025-06-13 12:57:18,0.36,,
SPY250613P00600000,2025-06-13 12:57:18,0.5,,
SPY250613P00601000,2025-06-13 12:57:18,0.83,,
SPY250613P00599000,2025-06-13 12:57:22,0.36,,
SPY250613P00600000,2025-06-13 12:57:22,0.53,,
SPY250613P00601000,2025-06-13 12:57:22,0.84,,
SPY250613P00599000,2025-06-13 12:57:26,0.36,,
SPY250613P00600000,2025-06-13 12:57:26,0.55,,
SPY250613P00601000,2025-06-13 12:57:26,0.85,,
SPY250613P00599000,2025-06-13 12:57:30,0.36,,
SPY250613P00600000,2025-06-13 12:57:30,0.5,,
SPY250613P00601000,2025-06-13 12:57:30,0.81,,
SPY250613P00599000,2025-06-13 12:57:35,0.36,,
SPY250613P00600000,2025-06-13 12:57:35,0.55,,
SPY250613P00601000,2025-06-13 12:57:35,0.85,,
SPY250613P00599000,2025-06-13 12:57:39,0.36,,
SPY250613P00600000,2025-06-13 12:57:39,0.54,,
SPY250613P00601000,2025-06-13 12:57:39,0.81,,
SPY250613P00599000,2025-06-13 12:57:43,0.36,,
SPY250613P00600000,2025-06-13 12:57:43,0.54,,
SPY250613P00601000,2025-06-13 12:57:43,0.84,,
SPY250613P00599000,2025-06-13 12:57:47,0.36,,
SPY250613P00600000,2025-06-13 12:57:47,0.54,,
SPY250613P00601000,2025-06-13 12:57:47,0.83,,
SPY250613P00599000,2025-06-13 12:57:52,0.36,,
SPY250613P00600000,2025-06-13 12:57:52,0.5,,
SPY250613P00601000,2025-06-13 12:57:52,0.83,,
SPY250613P00599000,2025-06-13 12:57:57,0.36,,
SPY250613P00600000,2025-06-13 12:57:57,0.53,,
SPY250613P00601000,2025-06-13 12:57:57,0.819,,
SPY250613P00599000,2025-06-13 12:58:02,0.35,,
SPY250613P00600000,2025-06-13 12:58:02,0.53,,
SPY250613P00601000,2025-06-13 12:58:02,0.819,,
SPY250613P00599000,2025-06-13 12:58:06,0.31,,
SPY250613P00600000,2025-06-13 12:58:06,0.53,,
SPY250613P00601000,2025-06-13 12:58:06,0.78,,
SPY250613P00599000,2025-06-13 12:58:10,0.35,,
SPY250613P00600000,2025-06-13 12:58:10,0.49,,
SPY250613P00601000,2025-06-13 12:58:10,0.819,,
SPY250613P00599000,2025-06-13 12:58:15,0.35,,
SPY250613P00600000,2025-06-13 12:58:15,0.49,,
SPY250613P00601000,2025-06-13 12:58:15,0.84,,
SPY250613P00599000,2025-06-13 12:58:19,0.31,,
SPY250613P00600000,2025-06-13 12:58:19,0.49,,
SPY250613P00601000,2025-06-13 12:58:19,0.84,,
SPY250613P00599000,2025-06-13 12:58:23,0.37,,
SPY250613P00600000,2025-06-13 12:58:23,0.57,,
SPY250613P00601000,2025-06-13 12:58:23,0.89,,
SPY250613P00599000,2025-06-13 12:58:27,0.33,,
SPY250613P00600000,2025-06-13 12:58:27,0.58,,
SPY250613P00601000,2025-06-13 12:58:27,0.9,,
SPY250613P00599000,2025-06-13 12:58:31,0.37,,
SPY250613P00600000,2025-06-13 12:58:31,0.53,,
SPY250613P00601000,2025-06-13 12:58:31,0.89,,
SPY250613P00599000,2025-06-13 12:58:36,0.37,,
SPY250613P00600000,2025-06-13 12:58:36,0.56,,
SPY250613P00601000,2025-06-13 12:58:36,0.84,,
SPY250613P00599000,2025-06-13 12:58:40,0.37,,
SPY250613P00600000,2025-06-13 12:58:40,0.56,,
SPY250613P00601000,2025-06-13 12:58:40,0.84,,
SPY250613P00599000,2025-06-13 12:58:44,0.37,,
SPY250613P00600000,2025-06-13 12:58:44,0.52,,
SPY250613P00601000,2025-06-13 12:58:44,0.86,,
SPY250613P00599000,2025-06-13 12:58:48,0.38,,
SPY250613P00600000,2025-06-13 12:58:48,0.59,,
SPY250613P00601000,2025-06-13 12:58:48,0.919,,
SPY250613P00599000,2025-06-13 12:58:52,0.38,,
SPY250613P00600000,2025-06-13 12:58:52,0.55,,
SPY250613P00601000,2025-06-13 12:58:52,0.88,,
SPY250613P00599000,2025-06-13 12:58:56,0.36,,
SPY250613P00600000,2025-06-13 12:58:56,0.61,,
SPY250613P00601000,2025-06-13 12:58:56,0.95,,
SPY250613P00599000,2025-06-13 12:59:01,0.409,,
SPY250613P00600000,2025-06-13 12:59:01,0.62,,
SPY250613P00601000,2025-06-13 12:59:01,0.96,,
SPY250613P00599000,2025-06-13 12:59:05,0.409,,
SPY250613P00600000,2025-06-13 12:59:05,0.62,,
SPY250613P00601000,2025-06-13 12:59:05,0.969,,
SPY250613P00599000,2025-06-13 12:59:09,0.37,,
SPY250613P00600000,2025-06-13 12:59:09,0.61,,
SPY250613P00601000,2025-06-13 12:59:09,0.94,,
SPY250613P00599000,2025-06-13 12:59:13,0.39,,
SPY250613P00600000,2025-06-13 12:59:13,0.58,,
SPY250613P00601000,2025-06-13 12:59:13,0.93,,
SPY250613P00599000,2025-06-13 12:59:17,0.38,,
SPY250613P00600000,2025-06-13 12:59:17,0.58,,
SPY250613P00601000,2025-06-13 12:59:17,0.919,,
SPY250613P00599000,2025-06-13 12:59:21,0.35,,
SPY250613P00600000,2025-06-13 12:59:21,0.59,,
SPY250613P00601000,2025-06-13 12:59:21,0.919,,
SPY250613P00599000,2025-06-13 12:59:25,0.35,,
SPY250613P00600000,2025-06-13 12:59:25,0.56,,
SPY250613P00601000,2025-06-13 12:59:25,0.89,,
SPY250613P00599000,2025-06-13 12:59:29,0.4,,
SPY250613P00600000,2025-06-13 12:59:29,0.57,,
SPY250613P00601000,2025-06-13 12:59:29,0.95,,
SPY250613P00599000,2025-06-13 12:59:33,0.4,,
SPY250613P00600000,2025-06-13 12:59:33,0.57,,
SPY250613P00601000,2025-06-13 12:59:33,0.95,,
SPY250613P00599000,2025-06-13 12:59:37,0.4,,
SPY250613P00600000,2025-06-13 12:59:37,0.61,,
SPY250613P00601000,2025-06-13 12:59:37,0.919,,
SPY250613P00599000,2025-06-13 12:59:41,0.36,,
SPY250613P00600000,2025-06-13 12:59:41,0.62,,
SPY250613P00601000,2025-06-13 12:59:41,0.969,,
SPY250613P00599000,2025-06-13 12:59:45,0.4,,
SPY250613P00600000,2025-06-13 12:59:45,0.62,,
SPY250613P00601000,2025-06-13 12:59:45,0.969,,
SPY250613P00599000,2025-06-13 12:59:49,0.4,,
SPY250613P00600000,2025-06-13 12:59:49,0.63,,
SPY250613P00601000,2025-06-13 12:59:49,0.98,,
SPY250613P00599000,2025-06-13 12:59:53,0.37,,
SPY250613P00600000,2025-06-13 12:59:53,0.63,,
SPY250613P00601000,2025-06-13 12:59:53,0.94,,
SPY250613P00599000,2025-06-13 12:59:58,0.409,,
SPY250613P00600000,2025-06-13 12:59:58,0.63,,
SPY250613P00601000,2025-06-13 12:59:58,0.98,,
SPY250613P00599000,2025-06-13 13:00:02,0.409,,
SPY250613P00600000,2025-06-13 13:00:02,0.64,,
SPY250613P00601000,2025-06-13 13:00:02,1.01,,
SPY250613P00599000,2025-06-13 13:00:06,0.43,,
SPY250613P00600000,2025-06-13 13:00:06,0.66,,
SPY250613P00601000,2025-06-13 13:00:06,1.01,,
SPY250613P00599000,2025-06-13 13:00:10,0.42,,
SPY250613P00600000,2025-06-13 13:00:10,0.64,,
SPY250613P00601000,2025-06-13 13:00:10,1.01,,
SPY250613P00599000,2025-06-13 13:00:14,0.42,,
SPY250613P00600000,2025-06-13 13:00:14,0.64,,
SPY250613P00601000,2025-06-13 13:00:14,1.0,,
SPY250613P00599000,2025-06-13 13:00:18,0.39,,
SPY250613P00600000,2025-06-13 13:00:18,0.66,,
SPY250613P00601000,2025-06-13 13:00:18,1.0,,
SPY250613P00599000,2025-06-13 13:00:22,0.43,,
SPY250613P00600000,2025-06-13 13:00:22,0.65,,
SPY250613P00601000,2025-06-13 13:00:22,0.98,,
SPY250613P00599000,2025-06-13 13:00:26,0.4,,
SPY250613P00600000,2025-06-13 13:00:26,0.61,,
SPY250613P00601000,2025-06-13 13:00:26,0.95,,
SPY250613P00599000,2025-06-13 13:00:30,0.4,,
SPY250613P00600000,2025-06-13 13:00:30,0.61,,
SPY250613P00601000,2025-06-13 13:00:30,0.9,,
SPY250613P00599000,2025-06-13 13:00:34,0.39,,
SPY250613P00600000,2025-06-13 13:00:34,0.6,,
SPY250613P00601000,2025-06-13 13:00:34,0.94,,
SPY250613P00599000,2025-06-13 13:00:38,0.4,,
SPY250613P00600000,2025-06-13 13:00:38,0.62,,
SPY250613P00601000,2025-06-13 13:00:38,0.969,,
SPY250613P00599000,2025-06-13 13:00:43,0.42,,
SPY250613P00600000,2025-06-13 13:00:43,0.61,,
SPY250613P00601000,2025-06-13 13:00:43,1.01,,
SPY250613P00599000,2025-06-13 13:00:47,0.38,,
SPY250613P00600000,2025-06-13 13:00:47,0.65,,
SPY250613P00601000,2025-06-13 13:00:47,1.01,,
SPY250613P00599000,2025-06-13 13:00:51,0.42,,
SPY250613P00600000,2025-06-13 13:00:51,0.64,,
SPY250613P00601000,2025-06-13 13:00:51,1.0,,
SPY250613P00599000,2025-06-13 13:00:55,0.4,,
SPY250613P00600000,2025-06-13 13:00:55,0.62,,
SPY250613P00601000,2025-06-13 13:00:55,0.919,,
SPY250613P00599000,2025-06-13 13:00:59,0.409,,
SPY250613P00600000,2025-06-13 13:00:59,0.6,,
SPY250613P00601000,2025-06-13 13:00:59,0.99,,
SPY250613P00599000,2025-06-13 13:01:03,0.409,,
SPY250613P00600000,2025-06-13 13:01:03,0.64,,
SPY250613P00601000,2025-06-13 13:01:03,0.96,,
SPY250613P00599000,2025-06-13 13:01:07,0.39,,
SPY250613P00600000,2025-06-13 13:01:07,0.65,,
SPY250613P00601000,2025-06-13 13:01:07,0.99,,
SPY250613P00599000,2025-06-13 13:01:11,0.42,,
SPY250613P00600000,2025-06-13 13:01:11,0.61,,
SPY250613P00601000,2025-06-13 13:01:11,0.99,,
SPY250613P00599000,2025-06-13 13:01:15,0.409,,
SPY250613P00600000,2025-06-13 13:01:15,0.64,,
SPY250613P00601000,2025-06-13 13:01:15,1.0,,
SPY250613P00599000,2025-06-13 13:01:19,0.409,,
SPY250613P00600000,2025-06-13 13:01:19,0.63,,
SPY250613P00601000,2025-06-13 13:01:19,0.99,,
SPY250613P00599000,2025-06-13 13:01:23,0.409,,
SPY250613P00600000,2025-06-13 13:01:23,0.61,,
SPY250613P00601000,2025-06-13 13:01:23,1.01,,
SPY250613P00599000,2025-06-13 13:01:27,0.43,,
SPY250613P00600000,2025-06-13 13:01:27,0.65,,
SPY250613P00601000,2025-06-13 13:01:27,0.969,,
SPY250613P00599000,2025-06-13 13:01:31,0.42,,
SPY250613P00600000,2025-06-13 13:01:31,0.63,,
SPY250613P00601000,2025-06-13 13:01:31,0.94,,
SPY250613P00599000,2025-06-13 13:01:35,0.409,,
SPY250613P00600000,2025-06-13 13:01:35,0.59,,
SPY250613P00601000,2025-06-13 13:01:35,0.969,,
SPY250613P00599000,2025-06-13 13:01:39,0.409,,
SPY250613P00600000,2025-06-13 13:01:39,0.62,,
SPY250613P00601000,2025-06-13 13:01:39,0.98,,
SPY250613P00599000,2025-06-13 13:01:44,0.409,,
SPY250613P00600000,2025-06-13 13:01:44,0.62,,
SPY250613P00601000,2025-06-13 13:01:44,0.919,,
SPY250613P00599000,2025-06-13 13:01:48,0.4,,
SPY250613P00600000,2025-06-13 13:01:48,0.57,,
SPY250613P00601000,2025-06-13 13:01:48,0.94,,
SPY250613P00599000,2025-06-13 13:01:52,0.36,,
SPY250613P00600000,2025-06-13 13:01:52,0.62,,
SPY250613P00601000,2025-06-13 13:01:52,0.969,,
SPY250613P00599000,2025-06-13 13:01:56,0.4,,
SPY250613P00600000,2025-06-13 13:01:56,0.6,,
SPY250613P00601000,2025-06-13 13:01:56,0.9,,
SPY250613P00599000,2025-06-13 13:02:00,0.4,,
SPY250613P00600000,2025-06-13 13:02:00,0.61,,
SPY250613P00601000,2025-06-13 13:02:00,0.96,,
SPY250613P00599000,2025-06-13 13:02:04,0.35,,
SPY250613P00600000,2025-06-13 13:02:04,0.6,,
SPY250613P00601000,2025-06-13 13:02:04,0.94,,
SPY250613P00599000,2025-06-13 13:02:08,0.39,,
SPY250613P00600000,2025-06-13 13:02:08,0.56,,
SPY250613P00601000,2025-06-13 13:02:08,0.94,,
SPY250613P00599000,2025-06-13 13:02:12,0.39,,
SPY250613P00600000,2025-06-13 13:02:12,0.6,,
SPY250613P00601000,2025-06-13 13:02:12,0.93,,
SPY250613P00599000,2025-06-13 13:02:16,0.39,,
SPY250613P00600000,2025-06-13 13:02:16,0.6,,
SPY250613P00601000,2025-06-13 13:02:16,0.94,,
SPY250613P00599000,2025-06-13 13:02:20,0.35,,
SPY250613P00600000,2025-06-13 13:02:20,0.58,,
SPY250613P00601000,2025-06-13 13:02:20,0.96,,
SPY250613P00599000,2025-06-13 13:02:24,0.42,,
SPY250613P00600000,2025-06-13 13:02:24,0.64,,
SPY250613P00601000,2025-06-13 13:02:24,0.99,,
SPY250613P00599000,2025-06-13 13:02:28,0.37,,
SPY250613P00600000,2025-06-13 13:02:28,0.63,,
SPY250613P00601000,2025-06-13 13:02:28,0.99,,
SPY250613P00599000,2025-06-13 13:02:32,0.409,,
SPY250613P00600000,2025-06-13 13:02:32,0.64,,
SPY250613P00601000,2025-06-13 13:02:32,0.99,,
SPY250613P00599000,2025-06-13 13:02:36,0.37,,
SPY250613P00600000,2025-06-13 13:02:36,0.63,,
SPY250613P00601000,2025-06-13 13:02:36,0.98,,
SPY250613P00599000,2025-06-13 13:02:40,0.37,,
SPY250613P00600000,2025-06-13 13:02:40,0.63,,
SPY250613P00601000,2025-06-13 13:02:40,0.99,,
SPY250613P00599000,2025-06-13 13:02:44,0.37,,
SPY250613P00600000,2025-06-13 13:02:44,0.64,,
SPY250613P00601000,2025-06-13 13:02:44,0.96,,
SPY250613P00599000,2025-06-13 13:02:49,0.409,,
SPY250613P00600000,2025-06-13 13:02:49,0.64,,
SPY250613P00601000,2025-06-13 13:02:49,0.94,,
SPY250613P00599000,2025-06-13 13:02:53,0.409,,
SPY250613P00600000,2025-06-13 13:02:53,0.63,,
SPY250613P00601000,2025-06-13 13:02:53,0.98,,
SPY250613P00599000,2025-06-13 13:02:57,0.409,,
SPY250613P00600000,2025-06-13 13:02:57,0.63,,
SPY250613P00601000,2025-06-13 13:02:57,0.98,,
SPY250613P00599000,2025-06-13 13:03:01,0.37,,
SPY250613P00600000,2025-06-13 13:03:01,0.64,,
SPY250613P00601000,2025-06-13 13:03:01,1.0,,
SPY250613P00599000,2025-06-13 13:03:05,0.409,,
SPY250613P00600000,2025-06-13 13:03:05,0.62,,
SPY250613P00601000,2025-06-13 13:03:05,0.95,,
SPY250613P00599000,2025-06-13 13:03:09,0.39,,
SPY250613P00600000,2025-06-13 13:03:09,0.59,,
SPY250613P00601000,2025-06-13 13:03:09,0.94,,
SPY250613P00599000,2025-06-13 13:03:13,0.4,,
SPY250613P00600000,2025-06-13 13:03:13,0.61,,
SPY250613P00601000,2025-06-13 13:03:13,0.96,,
SPY250613P00599000,2025-06-13 13:03:17,0.409,,
SPY250613P00600000,2025-06-13 13:03:17,0.64,,
SPY250613P00601000,2025-06-13 13:03:17,0.98,,
SPY250613P00599000,2025-06-13 13:03:21,0.36,,
SPY250613P00600000,2025-06-13 13:03:21,0.62,,
SPY250613P00601000,2025-06-13 13:03:21,0.969,,
SPY250613P00599000,2025-06-13 13:03:25,0.42,,
SPY250613P00600000,2025-06-13 13:03:25,0.64,,
SPY250613P00601000,2025-06-13 13:03:25,1.0,,
SPY250613P00599000,2025-06-13 13:03:29,0.409,,
SPY250613P00600000,2025-06-13 13:03:29,0.63,,
SPY250613P00601000,2025-06-13 13:03:29,0.98,,
SPY250613P00599000,2025-06-13 13:03:33,0.409,,
SPY250613P00600000,2025-06-13 13:03:33,0.62,,
SPY250613P00601000,2025-06-13 13:03:33,0.969,,
SPY250613P00599000,2025-06-13 13:03:37,0.409,,
SPY250613P00600000,2025-06-13 13:03:37,0.63,,
SPY250613P00601000,2025-06-13 13:03:37,0.99,,
SPY250613P00599000,2025-06-13 13:03:41,0.37,,
SPY250613P00600000,2025-06-13 13:03:41,0.64,,
SPY250613P00601000,2025-06-13 13:03:41,0.96,,
SPY250613P00599000,2025-06-13 13:03:45,0.409,,
SPY250613P00600000,2025-06-13 13:03:45,0.59,,
SPY250613P00601000,2025-06-13 13:03:45,0.99,,
SPY250613P00599000,2025-06-13 13:03:49,0.37,,
SPY250613P00600000,2025-06-13 13:03:49,0.64,,
SPY250613P00601000,2025-06-13 13:03:49,0.95,,
SPY250613P00599000,2025-06-13 13:03:53,0.409,,
SPY250613P00600000,2025-06-13 13:03:53,0.64,,
SPY250613P00601000,2025-06-13 13:03:53,0.95,,
SPY250613P00599000,2025-06-13 13:03:58,0.409,,
SPY250613P00600000,2025-06-13 13:03:58,0.64,,
SPY250613P00601000,2025-06-13 13:03:58,1.019,,
SPY250613P00599000,2025-06-13 13:04:02,0.44,,
SPY250613P00600000,2025-06-13 13:04:02,0.67,,
SPY250613P00601000,2025-06-13 13:04:02,1.04,,
SPY250613P00599000,2025-06-13 13:04:06,0.43,,
SPY250613P00600000,2025-06-13 13:04:06,0.67,,
SPY250613P00601000,2025-06-13 13:04:06,1.04,,
SPY250613P00599000,2025-06-13 13:04:10,0.409,,
SPY250613P00600000,2025-06-13 13:04:10,0.6,,
SPY250613P00601000,2025-06-13 13:04:10,0.96,,
SPY250613P00599000,2025-06-13 13:04:14,0.42,,
SPY250613P00600000,2025-06-13 13:04:14,0.65,,
SPY250613P00601000,2025-06-13 13:04:14,1.01,,
SPY250613P00599000,2025-06-13 13:04:18,0.43,,
SPY250613P00600000,2025-06-13 13:04:18,0.66,,
SPY250613P00601000,2025-06-13 13:04:18,1.03,,
SPY250613P00599000,2025-06-13 13:04:22,0.39,,
SPY250613P00600000,2025-06-13 13:04:22,0.63,,
SPY250613P00601000,2025-06-13 13:04:22,1.0,,
SPY250613P00599000,2025-06-13 13:04:26,0.4,,
SPY250613P00600000,2025-06-13 13:04:26,0.68,,
SPY250613P00601000,2025-06-13 13:04:26,1.05,,
SPY250613P00599000,2025-06-13 13:04:30,0.44,,
SPY250613P00600000,2025-06-13 13:04:30,0.67,,
SPY250613P00601000,2025-06-13 13:04:30,1.04,,
SPY250613P00599000,2025-06-13 13:04:34,0.43,,
SPY250613P00600000,2025-06-13 13:04:34,0.63,,
SPY250613P00601000,2025-06-13 13:04:34,1.04,,
SPY250613P00599000,2025-06-13 13:04:38,0.45,,
SPY250613P00600000,2025-06-13 13:04:38,0.69,,
SPY250613P00601000,2025-06-13 13:04:38,1.07,,
SPY250613P00599000,2025-06-13 13:04:42,0.45,,
SPY250613P00600000,2025-06-13 13:04:42,0.7,,
SPY250613P00601000,2025-06-13 13:04:42,1.05,,
SPY250613P00599000,2025-06-13 13:04:46,0.459,,
SPY250613P00600000,2025-06-13 13:04:46,0.72,,
SPY250613P00601000,2025-06-13 13:04:46,1.1,,
SPY250613P00599000,2025-06-13 13:04:50,0.47,,
SPY250613P00600000,2025-06-13 13:04:50,0.72,,
SPY250613P00601000,2025-06-13 13:04:50,1.11,,
SPY250613P00599000,2025-06-13 13:04:54,0.47,,
SPY250613P00600000,2025-06-13 13:04:54,0.73,,
SPY250613P00601000,2025-06-13 13:04:54,1.12,,
SPY250613P00599000,2025-06-13 13:04:58,0.44,,
SPY250613P00600000,2025-06-13 13:04:58,0.73,,
SPY250613P00601000,2025-06-13 13:04:58,1.13,,
SPY250613P00599000,2025-06-13 13:05:02,0.47,,
SPY250613P00600000,2025-06-13 13:05:02,0.72,,
SPY250613P00601000,2025-06-13 13:05:02,1.08,,
SPY250613P00599000,2025-06-13 13:05:06,0.47,,
SPY250613P00600000,2025-06-13 13:05:06,0.68,,
SPY250613P00601000,2025-06-13 13:05:06,1.12,,
SPY250613P00599000,2025-06-13 13:05:11,0.48,,
SPY250613P00600000,2025-06-13 13:05:11,0.74,,
SPY250613P00601000,2025-06-13 13:05:11,1.11,,
SPY250613P00599000,2025-06-13 13:05:15,0.49,,
SPY250613P00600000,2025-06-13 13:05:15,0.75,,
SPY250613P00601000,2025-06-13 13:05:15,1.16,,
SPY250613P00599000,2025-06-13 13:05:19,0.48,,
SPY250613P00600000,2025-06-13 13:05:19,0.73,,
SPY250613P00601000,2025-06-13 13:05:19,1.11,,
SPY250613P00599000,2025-06-13 13:05:23,0.459,,
SPY250613P00600000,2025-06-13 13:05:23,0.67,,
SPY250613P00601000,2025-06-13 13:05:23,1.13,,
SPY250613P00599000,2025-06-13 13:05:27,0.48,,
SPY250613P00600000,2025-06-13 13:05:27,0.69,,
SPY250613P00601000,2025-06-13 13:05:27,1.13,,
SPY250613P00599000,2025-06-13 13:05:31,0.48,,
SPY250613P00600000,2025-06-13 13:05:31,0.69,,
SPY250613P00601000,2025-06-13 13:05:31,1.09,,
SPY250613P00599000,2025-06-13 13:05:35,0.47,,
SPY250613P00600000,2025-06-13 13:05:35,0.71,,
SPY250613P00601000,2025-06-13 13:05:35,1.06,,
SPY250613P00599000,2025-06-13 13:05:39,0.47,,
SPY250613P00600000,2025-06-13 13:05:39,0.72,,
SPY250613P00601000,2025-06-13 13:05:39,1.11,,
SPY250613P00599000,2025-06-13 13:05:43,0.47,,
SPY250613P00600000,2025-06-13 13:05:43,0.69,,
SPY250613P00601000,2025-06-13 13:05:43,1.12,,
SPY250613P00599000,2025-06-13 13:05:47,0.44,,
SPY250613P00600000,2025-06-13 13:05:47,0.74,,
SPY250613P00601000,2025-06-13 13:05:47,1.15,,
SPY250613P00599000,2025-06-13 13:05:51,0.49,,
SPY250613P00600000,2025-06-13 13:05:51,0.72,,
SPY250613P00601000,2025-06-13 13:05:51,1.17,,
SPY250613P00599000,2025-06-13 13:05:55,0.45,,
SPY250613P00600000,2025-06-13 13:05:55,0.76,,
SPY250613P00601000,2025-06-13 13:05:55,1.17,,
SPY250613P00599000,2025-06-13 13:05:59,0.48,,
SPY250613P00600000,2025-06-13 13:05:59,0.75,,
SPY250613P00601000,2025-06-13 13:05:59,1.16,,
SPY250613P00599000,2025-06-13 13:06:03,0.44,,
SPY250613P00600000,2025-06-13 13:06:03,0.7,,
SPY250613P00601000,2025-06-13 13:06:03,1.11,,
SPY250613P00599000,2025-06-13 13:06:07,0.45,,
SPY250613P00600000,2025-06-13 13:06:07,0.76,,
SPY250613P00601000,2025-06-13 13:06:07,1.17,,
SPY250613P00599000,2025-06-13 13:06:11,0.48,,
SPY250613P00600000,2025-06-13 13:06:11,0.73,,
SPY250613P00601000,2025-06-13 13:06:11,1.15,,
SPY250613P00599000,2025-06-13 13:06:15,0.47,,
SPY250613P00600000,2025-06-13 13:06:15,0.72,,
SPY250613P00601000,2025-06-13 13:06:15,1.12,,
SPY250613P00599000,2025-06-13 13:06:19,0.45,,
SPY250613P00600000,2025-06-13 13:06:19,0.71,,
SPY250613P00601000,2025-06-13 13:06:19,1.1,,
SPY250613P00599000,2025-06-13 13:06:23,0.45,,
SPY250613P00600000,2025-06-13 13:06:23,0.7,,
SPY250613P00601000,2025-06-13 13:06:23,1.1,,
SPY250613P00599000,2025-06-13 13:06:28,0.47,,
SPY250613P00600000,2025-06-13 13:06:28,0.69,,
SPY250613P00601000,2025-06-13 13:06:28,1.13,,
SPY250613P00599000,2025-06-13 13:06:32,0.44,,
SPY250613P00600000,2025-06-13 13:06:32,0.73,,
SPY250613P00601000,2025-06-13 13:06:32,1.13,,
SPY250613P00599000,2025-06-13 13:06:36,0.49,,
SPY250613P00600000,2025-06-13 13:06:36,0.7,,
SPY250613P00601000,2025-06-13 13:06:36,1.15,,
SPY250613P00599000,2025-06-13 13:06:40,0.48,,
SPY250613P00600000,2025-06-13 13:06:40,0.7,,
SPY250613P00601000,2025-06-13 13:06:40,1.13,,
SPY250613P00599000,2025-06-13 13:06:44,0.47,,
SPY250613P00600000,2025-06-13 13:06:44,0.72,,
SPY250613P00601000,2025-06-13 13:06:44,1.15,,
SPY250613P00599000,2025-06-13 13:06:48,0.45,,
SPY250613P00600000,2025-06-13 13:06:48,0.75,,
SPY250613P00601000,2025-06-13 13:06:48,1.16,,
SPY250613P00599000,2025-06-13 13:06:52,0.48,,
SPY250613P00600000,2025-06-13 13:06:52,0.76,,
SPY250613P00601000,2025-06-13 13:06:52,1.16,,
SPY250613P00599000,2025-06-13 13:06:56,0.49,,
SPY250613P00600000,2025-06-13 13:06:56,0.76,,
SPY250613P00601000,2025-06-13 13:06:56,1.17,,
SPY250613P00599000,2025-06-13 13:07:00,0.49,,
SPY250613P00600000,2025-06-13 13:07:00,0.76,,
SPY250613P00601000,2025-06-13 13:07:00,1.16,,
SPY250613P00599000,2025-06-13 13:07:04,0.459,,
SPY250613P00600000,2025-06-13 13:07:04,0.77,,
SPY250613P00601000,2025-06-13 13:07:04,1.16,,
SPY250613P00599000,2025-06-13 13:07:08,0.48,,
SPY250613P00600000,2025-06-13 13:07:08,0.76,,
SPY250613P00601000,2025-06-13 13:07:08,1.18,,
SPY250613P00599000,2025-06-13 13:07:12,0.49,,
SPY250613P00600000,2025-06-13 13:07:12,0.819,,
SPY250613P00601000,2025-06-13 13:07:12,1.27,,
SPY250613P00599000,2025-06-13 13:07:16,0.52,,
SPY250613P00600000,2025-06-13 13:07:16,0.85,,
SPY250613P00601000,2025-06-13 13:07:16,1.31,,
SPY250613P00599000,2025-06-13 13:07:20,0.55,,
SPY250613P00600000,2025-06-13 13:07:20,0.84,,
SPY250613P00601000,2025-06-13 13:07:20,1.24,,
SPY250613P00599000,2025-06-13 13:07:24,0.56,,
SPY250613P00600000,2025-06-13 13:07:24,0.86,,
SPY250613P00601000,2025-06-13 13:07:24,1.31,,
SPY250613P00599000,2025-06-13 13:07:28,0.56,,
SPY250613P00600000,2025-06-13 13:07:28,0.85,,
SPY250613P00601000,2025-06-13 13:07:28,1.29,,
SPY250613P00599000,2025-06-13 13:07:32,0.55,,
SPY250613P00600000,2025-06-13 13:07:32,0.81,,
SPY250613P00601000,2025-06-13 13:07:32,1.29,,
SPY250613P00599000,2025-06-13 13:07:37,0.56,,
SPY250613P00600000,2025-06-13 13:07:37,0.86,,
SPY250613P00601000,2025-06-13 13:07:37,1.27,,
SPY250613P00599000,2025-06-13 13:07:41,0.509,,
SPY250613P00600000,2025-06-13 13:07:41,0.85,,
SPY250613P00601000,2025-06-13 13:07:41,1.26,,
SPY250613P00599000,2025-06-13 13:07:45,0.52,,
SPY250613P00600000,2025-06-13 13:07:45,0.869,,
SPY250613P00601000,2025-06-13 13:07:45,1.28,,
SPY250613P00599000,2025-06-13 13:07:49,0.53,,
SPY250613P00600000,2025-06-13 13:07:49,0.869,,
SPY250613P00601000,2025-06-13 13:07:49,1.33,,
SPY250613P00599000,2025-06-13 13:07:53,0.53,,
SPY250613P00600000,2025-06-13 13:07:53,0.819,,
SPY250613P00601000,2025-06-13 13:07:53,1.32,,
SPY250613P00599000,2025-06-13 13:07:57,0.56,,
SPY250613P00600000,2025-06-13 13:07:57,0.85,,
SPY250613P00601000,2025-06-13 13:07:57,1.3,,
SPY250613P00599000,2025-06-13 13:08:01,0.53,,
SPY250613P00600000,2025-06-13 13:08:01,0.83,,
SPY250613P00601000,2025-06-13 13:08:01,1.33,,
SPY250613P00599000,2025-06-13 13:08:05,0.5,,
SPY250613P00600000,2025-06-13 13:08:05,0.84,,
SPY250613P00601000,2025-06-13 13:08:05,1.28,,
SPY250613P00599000,2025-06-13 13:08:09,0.509,,
SPY250613P00600000,2025-06-13 13:08:09,0.81,,
SPY250613P00601000,2025-06-13 13:08:09,1.31,,
SPY250613P00599000,2025-06-13 13:08:13,0.55,,
SPY250613P00600000,2025-06-13 13:08:13,0.81,,
SPY250613P00601000,2025-06-13 13:08:13,1.27,,
SPY250613P00599000,2025-06-13 13:08:17,0.509,,
SPY250613P00600000,2025-06-13 13:08:17,0.819,,
SPY250613P00601000,2025-06-13 13:08:17,1.24,,
SPY250613P00599000,2025-06-13 13:08:21,0.55,,
SPY250613P00600000,2025-06-13 13:08:21,0.8,,
SPY250613P00601000,2025-06-13 13:08:21,1.3,,
SPY250613P00599000,2025-06-13 13:08:25,0.55,,
SPY250613P00600000,2025-06-13 13:08:25,0.85,,
SPY250613P00601000,2025-06-13 13:08:25,1.26,,
SPY250613P00599000,2025-06-13 13:08:29,0.56,,
SPY250613P00600000,2025-06-13 13:08:29,0.83,,
SPY250613P00601000,2025-06-13 13:08:29,1.33,,
SPY250613P00599000,2025-06-13 13:08:33,0.56,,
SPY250613P00600000,2025-06-13 13:08:33,0.86,,
SPY250613P00601000,2025-06-13 13:08:33,1.31,,
SPY250613P00599000,2025-06-13 13:08:37,0.57,,
SPY250613P00600000,2025-06-13 13:08:37,0.83,,
SPY250613P00601000,2025-06-13 13:08:37,1.32,,
SPY250613P00599000,2025-06-13 13:08:41,0.56,,
SPY250613P00600000,2025-06-13 13:08:41,0.819,,
SPY250613P00601000,2025-06-13 13:08:41,1.27,,
SPY250613P00599000,2025-06-13 13:08:45,0.509,,
SPY250613P00600000,2025-06-13 13:08:45,0.81,,
SPY250613P00601000,2025-06-13 13:08:45,1.25,,
SPY250613P00599000,2025-06-13 13:08:49,0.56,,
SPY250613P00600000,2025-06-13 13:08:49,0.8,,
SPY250613P00601000,2025-06-13 13:08:49,1.25,,
SPY250613P00599000,2025-06-13 13:08:53,0.55,,
SPY250613P00600000,2025-06-13 13:08:53,0.85,,
SPY250613P00601000,2025-06-13 13:08:53,1.31,,
SPY250613P00599000,2025-06-13 13:08:57,0.55,,
SPY250613P00600000,2025-06-13 13:08:57,0.8,,
SPY250613P00601000,2025-06-13 13:08:57,1.25,,
SPY250613P00599000,2025-06-13 13:09:01,0.53,,
SPY250613P00600000,2025-06-13 13:09:01,0.869,,
SPY250613P00601000,2025-06-13 13:09:01,1.29,,
SPY250613P00599000,2025-06-13 13:09:06,0.52,,
SPY250613P00600000,2025-06-13 13:09:06,0.84,,
SPY250613P00601000,2025-06-13 13:09:06,1.28,,
SPY250613P00599000,2025-06-13 13:09:10,0.57,,
SPY250613P00600000,2025-06-13 13:09:10,0.869,,
SPY250613P00601000,2025-06-13 13:09:10,1.33,,
SPY250613P00599000,2025-06-13 13:09:14,0.57,,
SPY250613P00600000,2025-06-13 13:09:14,0.869,,
SPY250613P00601000,2025-06-13 13:09:14,1.29,,
SPY250613P00599000,2025-06-13 13:09:18,0.53,,
SPY250613P00600000,2025-06-13 13:09:18,0.83,,
SPY250613P00601000,2025-06-13 13:09:18,1.33,,
SPY250613P00599000,2025-06-13 13:09:22,0.56,,
SPY250613P00600000,2025-06-13 13:09:22,0.84,,
SPY250613P00601000,2025-06-13 13:09:22,1.32,,
SPY250613P00599000,2025-06-13 13:09:26,0.53,,
SPY250613P00600000,2025-06-13 13:09:26,0.89,,
SPY250613P00601000,2025-06-13 13:09:26,1.31,,
SPY250613P00599000,2025-06-13 13:09:30,0.57,,
SPY250613P00600000,2025-06-13 13:09:30,0.869,,
SPY250613P00601000,2025-06-13 13:09:30,1.28,,
SPY250613P00599000,2025-06-13 13:09:34,0.57,,
SPY250613P00600000,2025-06-13 13:09:34,0.86,,
SPY250613P00601000,2025-06-13 13:09:34,1.31,,
SPY250613P00599000,2025-06-13 13:09:38,0.509,,
SPY250613P00600000,2025-06-13 13:09:38,0.84,,
SPY250613P00601000,2025-06-13 13:09:38,1.29,,
SPY250613P00599000,2025-06-13 13:09:42,0.509,,
SPY250613P00600000,2025-06-13 13:09:42,0.8,,
SPY250613P00601000,2025-06-13 13:09:42,1.24,,
SPY250613P00599000,2025-06-13 13:09:47,0.54,,
SPY250613P00600000,2025-06-13 13:09:47,0.79,,
SPY250613P00601000,2025-06-13 13:09:47,1.27,,
SPY250613P00599000,2025-06-13 13:09:51,0.509,,
SPY250613P00600000,2025-06-13 13:09:51,0.8,,
SPY250613P00601000,2025-06-13 13:09:51,1.31,,
SPY250613P00599000,2025-06-13 13:09:55,0.52,,
SPY250613P00600000,2025-06-13 13:09:55,0.869,,
SPY250613P00601000,2025-06-13 13:09:55,1.28,,
SPY250613P00599000,2025-06-13 13:09:59,0.57,,
SPY250613P00600000,2025-06-13 13:09:59,0.85,,
SPY250613P00601000,2025-06-13 13:09:59,1.35,,
SPY250613P00599000,2025-06-13 13:10:03,0.57,,
SPY250613P00600000,2025-06-13 13:10:03,0.89,,
SPY250613P00601000,2025-06-13 13:10:03,1.35,,
SPY250613P00599000,2025-06-13 13:10:08,0.57,,
SPY250613P00600000,2025-06-13 13:10:08,0.86,,
SPY250613P00601000,2025-06-13 13:10:08,1.38,,
SPY250613P00599000,2025-06-13 13:10:12,0.59,,
SPY250613P00600000,2025-06-13 13:10:12,0.869,,
SPY250613P00601000,2025-06-13 13:10:12,1.36,,
SPY250613P00599000,2025-06-13 13:10:16,0.59,,
SPY250613P00600000,2025-06-13 13:10:16,0.88,,
SPY250613P00601000,2025-06-13 13:10:16,1.39,,
SPY250613P00599000,2025-06-13 13:10:20,0.57,,
SPY250613P00600000,2025-06-13 13:10:20,0.9,,
SPY250613P00601000,2025-06-13 13:10:20,1.38,,
SPY250613P00599000,2025-06-13 13:10:24,0.68,,
SPY250613P00600000,2025-06-13 13:10:24,1.04,,
SPY250613P00601000,2025-06-13 13:10:24,1.54,,
SPY250613P00599000,2025-06-13 13:10:28,0.67,,
SPY250613P00600000,2025-06-13 13:10:28,1.01,,
SPY250613P00601000,2025-06-13 13:10:28,1.53,,
SPY250613P00599000,2025-06-13 13:10:32,0.63,,
SPY250613P00600000,2025-06-13 13:10:32,0.94,,
SPY250613P00601000,2025-06-13 13:10:32,1.43,,
SPY250613P00599000,2025-06-13 13:10:36,0.63,,
SPY250613P00600000,2025-06-13 13:10:36,0.91,,
SPY250613P00601000,2025-06-13 13:10:36,1.44,,
SPY250613P00599000,2025-06-13 13:10:40,0.6,,
SPY250613P00600000,2025-06-13 13:10:40,0.98,,
SPY250613P00601000,2025-06-13 13:10:40,1.45,,
SPY250613P00599000,2025-06-13 13:10:44,0.64,,
SPY250613P00600000,2025-06-13 13:10:44,1.0,,
SPY250613P00601000,2025-06-13 13:10:44,1.49,,
SPY250613P00599000,2025-06-13 13:10:48,0.66,,
SPY250613P00600000,2025-06-13 13:10:48,0.969,,
SPY250613P00601000,2025-06-13 13:10:48,1.47,,
SPY250613P00599000,2025-06-13 13:10:52,0.65,,
SPY250613P00600000,2025-06-13 13:10:52,0.969,,
SPY250613P00601000,2025-06-13 13:10:52,1.5,,
SPY250613P00599000,2025-06-13 13:10:56,0.65,,
SPY250613P00600000,2025-06-13 13:10:56,1.0,,
SPY250613P00601000,2025-06-13 13:10:56,1.49,,
SPY250613P00599000,2025-06-13 13:11:00,0.67,,
SPY250613P00600000,2025-06-13 13:11:00,0.98,,
SPY250613P00601000,2025-06-13 13:11:00,1.47,,
SPY250613P00599000,2025-06-13 13:11:04,0.64,,
SPY250613P00600000,2025-06-13 13:11:04,1.0,,
SPY250613P00601000,2025-06-13 13:11:04,1.52,,
SPY250613P00599000,2025-06-13 13:11:08,0.64,,
SPY250613P00600000,2025-06-13 13:11:08,1.01,,
SPY250613P00601000,2025-06-13 13:11:08,1.52,,
SPY250613P00599000,2025-06-13 13:11:13,0.69,,
SPY250613P00600000,2025-06-13 13:11:13,1.01,,
SPY250613P00601000,2025-06-13 13:11:13,1.53,,
SPY250613P00599000,2025-06-13 13:11:16,0.65,,
SPY250613P00600000,2025-06-13 13:11:16,1.04,,
SPY250613P00601000,2025-06-13 13:11:16,1.5,,
SPY250613P00599000,2025-06-13 13:11:21,0.65,,
SPY250613P00600000,2025-06-13 13:11:21,1.0,,
SPY250613P00601000,2025-06-13 13:11:21,1.52,,
SPY250613P00599000,2025-06-13 13:11:25,0.66,,
SPY250613P00600000,2025-06-13 13:11:25,1.019,,
SPY250613P00601000,2025-06-13 13:11:25,1.59,,
SPY250613P00599000,2025-06-13 13:11:29,0.7,,
SPY250613P00600000,2025-06-13 13:11:29,1.03,,
SPY250613P00601000,2025-06-13 13:11:29,1.59,,
SPY250613P00599000,2025-06-13 13:11:33,0.68,,
SPY250613P00600000,2025-06-13 13:11:33,1.05,,
SPY250613P00601000,2025-06-13 13:11:33,1.61,,
SPY250613P00599000,2025-06-13 13:11:37,0.72,,
SPY250613P00600000,2025-06-13 13:11:37,1.11,,
SPY250613P00601000,2025-06-13 13:11:37,1.639,,
SPY250613P00599000,2025-06-13 13:11:41,0.75,,
SPY250613P00600000,2025-06-13 13:11:41,1.09,,
SPY250613P00601000,2025-06-13 13:11:41,1.67,,
SPY250613P00599000,2025-06-13 13:11:45,0.72,,
SPY250613P00600000,2025-06-13 13:11:45,1.05,,
SPY250613P00601000,2025-06-13 13:11:45,1.56,,
SPY250613P00599000,2025-06-13 13:11:49,0.69,,
SPY250613P00600000,2025-06-13 13:11:49,1.05,,
SPY250613P00601000,2025-06-13 13:11:49,1.57,,
SPY250613P00599000,2025-06-13 13:11:53,0.7,,
SPY250613P00600000,2025-06-13 13:11:53,1.12,,
SPY250613P00601000,2025-06-13 13:11:53,1.61,,
SPY250613P00599000,2025-06-13 13:11:57,0.7,,
SPY250613P00600000,2025-06-13 13:11:57,1.07,,
SPY250613P00601000,2025-06-13 13:11:57,1.63,,
SPY250613P00599000,2025-06-13 13:12:01,0.74,,
SPY250613P00600000,2025-06-13 13:12:01,1.12,,
SPY250613P00601000,2025-06-13 13:12:01,1.61,,
SPY250613P00599000,2025-06-13 13:12:05,0.75,,
SPY250613P00600000,2025-06-13 13:12:05,1.19,,
SPY250613P00601000,2025-06-13 13:12:05,1.72,,
SPY250613P00599000,2025-06-13 13:12:09,0.76,,
SPY250613P00600000,2025-06-13 13:12:09,1.14,,
SPY250613P00601000,2025-06-13 13:12:09,1.73,,
SPY250613P00599000,2025-06-13 13:12:13,0.75,,
SPY250613P00600000,2025-06-13 13:12:13,1.13,,
SPY250613P00601000,2025-06-13 13:12:13,1.68,,
SPY250613P00599000,2025-06-13 13:12:17,0.78,,
SPY250613P00600000,2025-06-13 13:12:17,1.12,,
SPY250613P00601000,2025-06-13 13:12:17,1.65,,
SPY250613P00599000,2025-06-13 13:12:21,0.75,,
SPY250613P00600000,2025-06-13 13:12:21,1.09,,
SPY250613P00601000,2025-06-13 13:12:21,1.66,,
SPY250613P00599000,2025-06-13 13:12:25,0.74,,
SPY250613P00600000,2025-06-13 13:12:25,1.14,,
SPY250613P00601000,2025-06-13 13:12:25,1.61,,
SPY250613P00599000,2025-06-13 13:12:30,0.72,,
SPY250613P00600000,2025-06-13 13:12:30,1.1,,
SPY250613P00601000,2025-06-13 13:12:30,1.639,,
SPY250613P00599000,2025-06-13 13:12:34,0.77,,
SPY250613P00600000,2025-06-13 13:12:34,1.11,,
SPY250613P00601000,2025-06-13 13:12:34,1.68,,
SPY250613P00599000,2025-06-13 13:12:38,0.72,,
SPY250613P00600000,2025-06-13 13:12:38,1.13,,
SPY250613P00601000,2025-06-13 13:12:38,1.6,,
SPY250613P00599000,2025-06-13 13:12:43,0.7,,
SPY250613P00600000,2025-06-13 13:12:43,1.12,,
SPY250613P00601000,2025-06-13 13:12:43,1.65,,
SPY250613P00599000,2025-06-13 13:12:48,0.7,,
SPY250613P00600000,2025-06-13 13:12:48,1.12,,
SPY250613P00601000,2025-06-13 13:12:48,1.61,,
SPY250613P00599000,2025-06-13 13:12:52,0.74,,
SPY250613P00600000,2025-06-13 13:12:52,1.12,,
SPY250613P00601000,2025-06-13 13:12:52,1.66,,
SPY250613P00599000,2025-06-13 13:12:56,0.64,,
SPY250613P00600000,2025-06-13 13:12:56,1.03,,
SPY250613P00601000,2025-06-13 13:12:56,1.57,,
SPY250613P00599000,2025-06-13 13:13:00,0.65,,
SPY250613P00600000,2025-06-13 13:13:00,1.0,,
SPY250613P00601000,2025-06-13 13:13:00,1.44,,
SPY250613P00599000,2025-06-13 13:13:04,0.61,,
SPY250613P00600000,2025-06-13 13:13:04,0.94,,
SPY250613P00601000,2025-06-13 13:13:04,1.46,,
SPY250613P00599000,2025-06-13 13:13:08,0.62,,
SPY250613P00600000,2025-06-13 13:13:08,0.91,,
SPY250613P00601000,2025-06-13 13:13:08,1.43,,
SPY250613P00599000,2025-06-13 13:13:12,0.61,,
SPY250613P00600000,2025-06-13 13:13:12,0.9,,
SPY250613P00601000,2025-06-13 13:13:12,1.39,,
SPY250613P00599000,2025-06-13 13:13:17,0.56,,
SPY250613P00600000,2025-06-13 13:13:17,0.94,,
SPY250613P00601000,2025-06-13 13:13:17,1.38,,
SPY250613P00599000,2025-06-13 13:13:21,0.6,,
SPY250613P00600000,2025-06-13 13:13:21,0.91,,
SPY250613P00601000,2025-06-13 13:13:21,1.35,,
SPY250613P00599000,2025-06-13 13:13:25,0.59,,
SPY250613P00600000,2025-06-13 13:13:25,0.88,,
SPY250613P00601000,2025-06-13 13:13:25,1.34,,
SPY250613P00599000,2025-06-13 13:13:29,0.55,,
SPY250613P00600000,2025-06-13 13:13:29,0.86,,
SPY250613P00601000,2025-06-13 13:13:29,1.34,,
SPY250613P00599000,2025-06-13 13:13:33,0.54,,
SPY250613P00600000,2025-06-13 13:13:33,0.84,,
SPY250613P00601000,2025-06-13 13:13:33,1.3,,
SPY250613P00599000,2025-06-13 13:13:37,0.57,,
SPY250613P00600000,2025-06-13 13:13:37,0.84,,
SPY250613P00601000,2025-06-13 13:13:37,1.3,,
SPY250613P00599000,2025-06-13 13:13:41,0.57,,
SPY250613P00600000,2025-06-13 13:13:41,0.869,,
SPY250613P00601000,2025-06-13 13:13:41,1.33,,
SPY250613P00599000,2025-06-13 13:13:45,0.56,,
SPY250613P00600000,2025-06-13 13:13:45,0.869,,
SPY250613P00601000,2025-06-13 13:13:45,1.32,,
SPY250613P00599000,2025-06-13 13:13:49,0.56,,
SPY250613P00600000,2025-06-13 13:13:49,0.88,,
SPY250613P00601000,2025-06-13 13:13:49,1.35,,
SPY250613P00599000,2025-06-13 13:13:53,0.52,,
SPY250613P00600000,2025-06-13 13:13:53,0.83,,
SPY250613P00601000,2025-06-13 13:13:53,1.32,,
SPY250613P00599000,2025-06-13 13:13:57,0.52,,
SPY250613P00600000,2025-06-13 13:13:57,0.84,,
SPY250613P00601000,2025-06-13 13:13:57,1.32,,
SPY250613P00599000,2025-06-13 13:14:01,0.52,,
SPY250613P00600000,2025-06-13 13:14:01,0.89,,
SPY250613P00601000,2025-06-13 13:14:01,1.37,,
SPY250613P00599000,2025-06-13 13:14:05,0.53,,
SPY250613P00600000,2025-06-13 13:14:05,0.86,,
SPY250613P00601000,2025-06-13 13:14:05,1.43,,
SPY250613P00599000,2025-06-13 13:14:09,0.63,,
SPY250613P00600000,2025-06-13 13:14:09,0.98,,
SPY250613P00601000,2025-06-13 13:14:09,1.43,,
SPY250613P00599000,2025-06-13 13:14:13,0.59,,
SPY250613P00600000,2025-06-13 13:14:13,0.95,,
SPY250613P00601000,2025-06-13 13:14:13,1.45,,
SPY250613P00599000,2025-06-13 13:14:17,0.66,,
SPY250613P00600000,2025-06-13 13:14:17,0.99,,
SPY250613P00601000,2025-06-13 13:14:17,1.52,,
SPY250613P00599000,2025-06-13 13:14:21,0.64,,
SPY250613P00600000,2025-06-13 13:14:21,0.98,,
SPY250613P00601000,2025-06-13 13:14:21,1.44,,
SPY250613P00599000,2025-06-13 13:14:25,0.64,,
SPY250613P00600000,2025-06-13 13:14:25,0.94,,
SPY250613P00601000,2025-06-13 13:14:25,1.44,,
SPY250613P00599000,2025-06-13 13:14:29,0.65,,
SPY250613P00600000,2025-06-13 13:14:29,0.94,,
SPY250613P00601000,2025-06-13 13:14:29,1.45,,
SPY250613P00599000,2025-06-13 13:14:33,0.6,,
SPY250613P00600000,2025-06-13 13:14:33,1.0,,
SPY250613P00601000,2025-06-13 13:14:33,1.46,,
SPY250613P00599000,2025-06-13 13:14:38,0.62,,
SPY250613P00600000,2025-06-13 13:14:38,1.01,,
SPY250613P00601000,2025-06-13 13:14:38,1.47,,
SPY250613P00599000,2025-06-13 13:14:42,0.61,,
SPY250613P00600000,2025-06-13 13:14:42,0.99,,
SPY250613P00601000,2025-06-13 13:14:42,1.44,,
SPY250613P00599000,2025-06-13 13:14:46,0.65,,
SPY250613P00600000,2025-06-13 13:14:46,0.96,,
SPY250613P00601000,2025-06-13 13:14:46,1.46,,
SPY250613P00599000,2025-06-13 13:14:50,0.62,,
SPY250613P00600000,2025-06-13 13:14:50,1.0,,
SPY250613P00601000,2025-06-13 13:14:50,1.5,,
SPY250613P00599000,2025-06-13 13:14:54,0.67,,
SPY250613P00600000,2025-06-13 13:14:54,1.01,,
SPY250613P00601000,2025-06-13 13:14:54,1.5,,
SPY250613P00599000,2025-06-13 13:14:58,0.68,,
SPY250613P00600000,2025-06-13 13:14:58,1.0,,
SPY250613P00601000,2025-06-13 13:14:58,1.5,,
SPY250613P00599000,2025-06-13 13:15:02,0.7,,
SPY250613P00600000,2025-06-13 13:15:02,1.07,,
SPY250613P00601000,2025-06-13 13:15:02,1.59,,
SPY250613P00599000,2025-06-13 13:15:06,0.72,,
SPY250613P00600000,2025-06-13 13:15:06,1.08,,
SPY250613P00601000,2025-06-13 13:15:06,1.57,,
SPY250613P00599000,2025-06-13 13:15:10,0.73,,
SPY250613P00600000,2025-06-13 13:15:10,1.05,,
SPY250613P00601000,2025-06-13 13:15:10,1.62,,
SPY250613P00599000,2025-06-13 13:15:14,0.72,,
SPY250613P00600000,2025-06-13 13:15:14,1.03,,
SPY250613P00601000,2025-06-13 13:15:14,1.54,,
SPY250613P00599000,2025-06-13 13:15:18,0.69,,
SPY250613P00600000,2025-06-13 13:15:18,1.1,,
SPY250613P00601000,2025-06-13 13:15:18,1.59,,
SPY250613P00599000,2025-06-13 13:15:22,0.69,,
SPY250613P00600000,2025-06-13 13:15:22,1.09,,
SPY250613P00601000,2025-06-13 13:15:22,1.63,,
SPY250613P00599000,2025-06-13 13:15:26,0.74,,
SPY250613P00600000,2025-06-13 13:15:26,1.07,,
SPY250613P00601000,2025-06-13 13:15:26,1.639,,
SPY250613P00599000,2025-06-13 13:15:30,0.73,,
SPY250613P00600000,2025-06-13 13:15:30,1.06,,
SPY250613P00601000,2025-06-13 13:15:30,1.58,,
SPY250613P00599000,2025-06-13 13:15:34,0.69,,
SPY250613P00600000,2025-06-13 13:15:34,1.1,,
SPY250613P00601000,2025-06-13 13:15:34,1.57,,
SPY250613P00599000,2025-06-13 13:15:38,0.7,,
SPY250613P00600000,2025-06-13 13:15:38,1.13,,
SPY250613P00601000,2025-06-13 13:15:38,1.68,,
SPY250613P00599000,2025-06-13 13:15:43,0.7,,
SPY250613P00600000,2025-06-13 13:15:43,1.1,,
SPY250613P00601000,2025-06-13 13:15:43,1.61,,
SPY250613P00599000,2025-06-13 13:15:47,0.72,,
SPY250613P00600000,2025-06-13 13:15:47,1.1,,
SPY250613P00601000,2025-06-13 13:15:47,1.639,,
SPY250613P00599000,2025-06-13 13:15:51,0.78,,
SPY250613P00600000,2025-06-13 13:15:51,1.12,,
SPY250613P00601000,2025-06-13 13:15:51,1.68,,
SPY250613P00599000,2025-06-13 13:15:55,0.77,,
SPY250613P00600000,2025-06-13 13:15:55,1.18,,
SPY250613P00601000,2025-06-13 13:15:55,1.78,,
SPY250613P00599000,2025-06-13 13:15:59,0.77,,
SPY250613P00600000,2025-06-13 13:15:59,1.22,,
SPY250613P00601000,2025-06-13 13:15:59,1.77,,
SPY250613P00599000,2025-06-13 13:16:03,0.85,,
SPY250613P00600000,2025-06-13 13:16:03,1.23,,
SPY250613P00601000,2025-06-13 13:16:03,1.8,,
SPY250613P00599000,2025-06-13 13:16:07,0.819,,
SPY250613P00600000,2025-06-13 13:16:07,1.23,,
SPY250613P00601000,2025-06-13 13:16:07,1.75,,
SPY250613P00599000,2025-06-13 13:16:11,0.85,,
SPY250613P00600000,2025-06-13 13:16:11,1.33,,
SPY250613P00601000,2025-06-13 13:16:11,1.91,,
SPY250613P00599000,2025-06-13 13:16:15,0.85,,
SPY250613P00600000,2025-06-13 13:16:15,1.32,,
SPY250613P00601000,2025-06-13 13:16:15,1.889,,
SPY250613P00599000,2025-06-13 13:16:19,0.91,,
SPY250613P00600000,2025-06-13 13:16:19,1.43,,
SPY250613P00601000,2025-06-13 13:16:19,2.05,,
SPY250613P00599000,2025-06-13 13:16:23,1.0,,
SPY250613P00600000,2025-06-13 13:16:23,1.46,,
SPY250613P00601000,2025-06-13 13:16:23,2.06,,
SPY250613P00599000,2025-06-13 13:16:27,1.01,,
SPY250613P00600000,2025-06-13 13:16:27,1.5,,
SPY250613P00601000,2025-06-13 13:16:27,2.15,,
SPY250613P00599000,2025-06-13 13:16:31,0.99,,
SPY250613P00600000,2025-06-13 13:16:31,1.45,,
SPY250613P00601000,2025-06-13 13:16:31,2.09,,
SPY250613P00599000,2025-06-13 13:16:35,0.99,,
SPY250613P00600000,2025-06-13 13:16:35,1.42,,
SPY250613P00601000,2025-06-13 13:16:35,2.02,,
SPY250613P00599000,2025-06-13 13:16:39,1.01,,
SPY250613P00600000,2025-06-13 13:16:39,1.47,,
SPY250613P00601000,2025-06-13 13:16:39,2.08,,
SPY250613P00599000,2025-06-13 13:16:43,1.03,,
SPY250613P00600000,2025-06-13 13:16:43,1.43,,
SPY250613P00601000,2025-06-13 13:16:43,2.039,,
SPY250613P00599000,2025-06-13 13:16:47,0.969,,
SPY250613P00600000,2025-06-13 13:16:47,1.5,,
SPY250613P00601000,2025-06-13 13:16:47,2.16,,
SPY250613P00599000,2025-06-13 13:16:51,0.969,,
SPY250613P00600000,2025-06-13 13:16:51,1.49,,
SPY250613P00601000,2025-06-13 13:16:51,2.07,,
SPY250613P00599000,2025-06-13 13:16:55,1.03,,
SPY250613P00600000,2025-06-13 13:16:55,1.5,,
SPY250613P00601000,2025-06-13 13:16:55,2.14,,
SPY250613P00599000,2025-06-13 13:17:00,1.04,,
SPY250613P00600000,2025-06-13 13:17:00,1.48,,
SPY250613P00601000,2025-06-13 13:17:00,2.16,,
SPY250613P00599000,2025-06-13 13:17:04,1.01,,
SPY250613P00600000,2025-06-13 13:17:04,1.54,,
SPY250613P00601000,2025-06-13 13:17:04,2.14,,
SPY250613P00599000,2025-06-13 13:17:08,1.07,,
SPY250613P00600000,2025-06-13 13:17:08,1.46,,
SPY250613P00601000,2025-06-13 13:17:08,2.12,,
SPY250613P00599000,2025-06-13 13:17:12,0.99,,
SPY250613P00600000,2025-06-13 13:17:12,1.4,,
SPY250613P00601000,2025-06-13 13:17:12,2.03,,
SPY250613P00599000,2025-06-13 13:17:16,0.93,,
SPY250613P00600000,2025-06-13 13:17:16,1.29,,
SPY250613P00601000,2025-06-13 13:17:16,1.86,,
SPY250613P00599000,2025-06-13 13:17:20,0.81,,
SPY250613P00600000,2025-06-13 13:17:20,1.27,,
SPY250613P00601000,2025-06-13 13:17:20,1.83,,
SPY250613P00599000,2025-06-13 13:17:24,0.81,,
SPY250613P00600000,2025-06-13 13:17:24,1.27,,
SPY250613P00601000,2025-06-13 13:17:24,1.78,,
SPY250613P00599000,2025-06-13 13:17:28,0.81,,
SPY250613P00600000,2025-06-13 13:17:28,1.25,,
SPY250613P00601000,2025-06-13 13:17:28,1.81,,
SPY250613P00599000,2025-06-13 13:17:32,0.86,,
SPY250613P00600000,2025-06-13 13:17:32,1.23,,
SPY250613P00601000,2025-06-13 13:17:32,1.8,,
SPY250613P00599000,2025-06-13 13:17:36,0.86,,
SPY250613P00600000,2025-06-13 13:17:36,1.27,,
SPY250613P00601000,2025-06-13 13:17:36,1.78,,
SPY250613P00599000,2025-06-13 13:17:40,0.81,,
SPY250613P00600000,2025-06-13 13:17:40,1.22,,
SPY250613P00601000,2025-06-13 13:17:40,1.85,,
SPY250613P00599000,2025-06-13 13:17:44,0.83,,
SPY250613P00600000,2025-06-13 13:17:44,1.23,,
SPY250613P00601000,2025-06-13 13:17:44,1.81,,
SPY250613P00599000,2025-06-13 13:17:49,0.83,,
SPY250613P00600000,2025-06-13 13:17:49,1.28,,
SPY250613P00601000,2025-06-13 13:17:49,1.81,,
SPY250613P00599000,2025-06-13 13:17:53,0.869,,
SPY250613P00600000,2025-06-13 13:17:53,1.32,,
SPY250613P00601000,2025-06-13 13:17:53,1.86,,
SPY250613P00599000,2025-06-13 13:17:57,0.869,,
SPY250613P00600000,2025-06-13 13:17:57,1.3,,
SPY250613P00601000,2025-06-13 13:17:57,1.86,,
SPY250613P00599000,2025-06-13 13:18:01,0.86,,
SPY250613P00600000,2025-06-13 13:18:01,1.27,,
SPY250613P00601000,2025-06-13 13:18:01,1.83,,
SPY250613P00599000,2025-06-13 13:18:05,0.81,,
SPY250613P00600000,2025-06-13 13:18:05,1.27,,
SPY250613P00601000,2025-06-13 13:18:05,1.839,,
SPY250613P00599000,2025-06-13 13:18:09,0.75,,
SPY250613P00600000,2025-06-13 13:18:09,1.1,,
SPY250613P00601000,2025-06-13 13:18:09,1.689,,
SPY250613P00599000,2025-06-13 13:18:13,0.75,,
SPY250613P00600000,2025-06-13 13:18:13,1.13,,
SPY250613P00601000,2025-06-13 13:18:13,1.71,,
SPY250613P00599000,2025-06-13 13:18:17,0.77,,
SPY250613P00600000,2025-06-13 13:18:17,1.17,,
SPY250613P00601000,2025-06-13 13:18:17,1.73,,
SPY250613P00599000,2025-06-13 13:18:21,0.83,,
SPY250613P00600000,2025-06-13 13:18:21,1.21,,
SPY250613P00601000,2025-06-13 13:18:21,1.78,,
SPY250613P00599000,2025-06-13 13:18:25,0.78,,
SPY250613P00600000,2025-06-13 13:18:25,1.19,,
SPY250613P00601000,2025-06-13 13:18:25,1.75,,
SPY250613P00599000,2025-06-13 13:18:29,0.78,,
SPY250613P00600000,2025-06-13 13:18:29,1.22,,
SPY250613P00601000,2025-06-13 13:18:29,1.77,,
SPY250613P00599000,2025-06-13 13:18:33,0.8,,
SPY250613P00600000,2025-06-13 13:18:33,1.2,,
SPY250613P00601000,2025-06-13 13:18:33,1.76,,
SPY250613P00599000,2025-06-13 13:18:37,0.8,,
SPY250613P00600000,2025-06-13 13:18:37,1.19,,
SPY250613P00601000,2025-06-13 13:18:37,1.8,,
SPY250613P00599000,2025-06-13 13:18:41,0.84,,
SPY250613P00600000,2025-06-13 13:18:41,1.25,,
SPY250613P00601000,2025-06-13 13:18:41,1.8,,
SPY250613P00599000,2025-06-13 13:18:45,0.85,,
SPY250613P00600000,2025-06-13 13:18:45,1.26,,
SPY250613P00601000,2025-06-13 13:18:45,1.81,,
SPY250613P00599000,2025-06-13 13:18:49,0.869,,
SPY250613P00600000,2025-06-13 13:18:49,1.24,,
SPY250613P00601000,2025-06-13 13:18:49,1.8,,
SPY250613P00599000,2025-06-13 13:18:53,0.81,,
SPY250613P00600000,2025-06-13 13:18:53,1.24,,
SPY250613P00601000,2025-06-13 13:18:53,1.789,,
SPY250613P00599000,2025-06-13 13:18:57,0.8,,
SPY250613P00600000,2025-06-13 13:18:57,1.21,,
SPY250613P00601000,2025-06-13 13:18:57,1.76,,
SPY250613P00599000,2025-06-13 13:19:02,0.79,,
SPY250613P00600000,2025-06-13 13:19:02,1.25,,
SPY250613P00601000,2025-06-13 13:19:02,1.76,,
SPY250613P00599000,2025-06-13 13:19:06,0.79,,
SPY250613P00600000,2025-06-13 13:19:06,1.21,,
SPY250613P00601000,2025-06-13 13:19:06,1.81,,
SPY250613P00599000,2025-06-13 13:19:10,0.819,,
SPY250613P00600000,2025-06-13 13:19:10,1.24,,
SPY250613P00601000,2025-06-13 13:19:10,1.81,,
SPY250613P00599000,2025-06-13 13:19:14,0.819,,
SPY250613P00600000,2025-06-13 13:19:14,1.24,,
SPY250613P00601000,2025-06-13 13:19:14,1.8,,
SPY250613P00599000,2025-06-13 13:19:18,0.819,,
SPY250613P00600000,2025-06-13 13:19:18,1.32,,
SPY250613P00601000,2025-06-13 13:19:18,1.9,,
SPY250613P00599000,2025-06-13 13:19:22,0.81,,
SPY250613P00600000,2025-06-13 13:19:22,1.27,,
SPY250613P00601000,2025-06-13 13:19:22,1.83,,
SPY250613P00599000,2025-06-13 13:19:26,0.85,,
SPY250613P00600000,2025-06-13 13:19:26,1.23,,
SPY250613P00601000,2025-06-13 13:19:26,1.86,,
SPY250613P00599000,2025-06-13 13:19:30,0.869,,
SPY250613P00600000,2025-06-13 13:19:30,1.29,,
SPY250613P00601000,2025-06-13 13:19:30,1.889,,
SPY250613P00599000,2025-06-13 13:19:34,0.869,,
SPY250613P00600000,2025-06-13 13:19:34,1.3,,
SPY250613P00601000,2025-06-13 13:19:34,1.889,,
SPY250613P00599000,2025-06-13 13:19:38,0.88,,
SPY250613P00600000,2025-06-13 13:19:38,1.26,,
SPY250613P00601000,2025-06-13 13:19:38,1.8,,
SPY250613P00599000,2025-06-13 13:19:42,0.86,,
SPY250613P00600000,2025-06-13 13:19:42,1.28,,
SPY250613P00601000,2025-06-13 13:19:42,1.8,,
SPY250613P00599000,2025-06-13 13:19:46,0.86,,
SPY250613P00600000,2025-06-13 13:19:46,1.24,,
SPY250613P00601000,2025-06-13 13:19:46,1.81,,
SPY250613P00599000,2025-06-13 13:19:50,0.85,,
SPY250613P00600000,2025-06-13 13:19:50,1.26,,
SPY250613P00601000,2025-06-13 13:19:50,1.82,,
SPY250613P00599000,2025-06-13 13:19:54,0.819,,
SPY250613P00600000,2025-06-13 13:19:54,1.27,,
SPY250613P00601000,2025-06-13 13:19:54,1.789,,
SPY250613P00599000,2025-06-13 13:19:58,0.819,,
SPY250613P00600000,2025-06-13 13:19:58,1.26,,
SPY250613P00601000,2025-06-13 13:19:58,1.82,,
SPY250613P00599000,2025-06-13 13:20:02,0.85,,
SPY250613P00600000,2025-06-13 13:20:02,1.27,,
SPY250613P00601000,2025-06-13 13:20:02,1.839,,
SPY250613P00599000,2025-06-13 13:20:06,0.78,,
SPY250613P00600000,2025-06-13 13:20:06,1.17,,
SPY250613P00601000,2025-06-13 13:20:06,1.77,,
SPY250613P00599000,2025-06-13 13:20:10,0.79,,
SPY250613P00600000,2025-06-13 13:20:10,1.15,,
SPY250613P00601000,2025-06-13 13:20:10,1.71,,
SPY250613P00599000,2025-06-13 13:20:14,0.75,,
SPY250613P00600000,2025-06-13 13:20:14,1.09,,
SPY250613P00601000,2025-06-13 13:20:14,1.62,,
SPY250613P00599000,2025-06-13 13:20:18,0.68,,
SPY250613P00600000,2025-06-13 13:20:18,1.09,,
SPY250613P00601000,2025-06-13 13:20:18,1.61,,
SPY250613P00599000,2025-06-13 13:20:22,0.72,,
SPY250613P00600000,2025-06-13 13:20:22,1.05,,
SPY250613P00601000,2025-06-13 13:20:22,1.639,,
SPY250613P00599000,2025-06-13 13:20:26,0.66,,
SPY250613P00600000,2025-06-13 13:20:26,1.01,,
SPY250613P00601000,2025-06-13 13:20:26,1.57,,
SPY250613P00599000,2025-06-13 13:20:30,0.7,,
SPY250613P00600000,2025-06-13 13:20:30,1.09,,
SPY250613P00601000,2025-06-13 13:20:30,1.6,,
SPY250613P00599000,2025-06-13 13:20:35,0.74,,
SPY250613P00600000,2025-06-13 13:20:35,1.08,,
SPY250613P00601000,2025-06-13 13:20:35,1.61,,
SPY250613P00599000,2025-06-13 13:20:39,0.73,,
SPY250613P00600000,2025-06-13 13:20:39,1.07,,
SPY250613P00601000,2025-06-13 13:20:39,1.59,,
SPY250613P00599000,2025-06-13 13:20:43,0.7,,
SPY250613P00600000,2025-06-13 13:20:43,1.05,,
SPY250613P00601000,2025-06-13 13:20:43,1.6,,
SPY250613P00599000,2025-06-13 13:20:47,0.7,,
SPY250613P00600000,2025-06-13 13:20:47,1.019,,
SPY250613P00601000,2025-06-13 13:20:47,1.56,,
SPY250613P00599000,2025-06-13 13:20:51,0.69,,
SPY250613P00600000,2025-06-13 13:20:51,1.05,,
SPY250613P00601000,2025-06-13 13:20:51,1.53,,
SPY250613P00599000,2025-06-13 13:20:55,0.65,,
SPY250613P00600000,2025-06-13 13:20:55,1.05,,
SPY250613P00601000,2025-06-13 13:20:55,1.56,,
SPY250613P00599000,2025-06-13 13:20:59,0.62,,
SPY250613P00600000,2025-06-13 13:20:59,0.969,,
SPY250613P00601000,2025-06-13 13:20:59,1.55,,
SPY250613P00599000,2025-06-13 13:21:03,0.56,,
SPY250613P00600000,2025-06-13 13:21:03,0.869,,
SPY250613P00601000,2025-06-13 13:21:03,1.37,,
SPY250613P00599000,2025-06-13 13:21:07,0.56,,
SPY250613P00600000,2025-06-13 13:21:07,0.869,,
SPY250613P00601000,2025-06-13 13:21:07,1.35,,
SPY250613P00599000,2025-06-13 13:21:11,0.509,,
SPY250613P00600000,2025-06-13 13:21:11,0.85,,
SPY250613P00601000,2025-06-13 13:21:11,1.27,,
SPY250613P00599000,2025-06-13 13:21:15,0.57,,
SPY250613P00600000,2025-06-13 13:21:15,0.91,,
SPY250613P00601000,2025-06-13 13:21:15,1.39,,
SPY250613P00599000,2025-06-13 13:21:19,0.57,,
SPY250613P00600000,2025-06-13 13:21:19,0.89,,
SPY250613P00601000,2025-06-13 13:21:19,1.31,,
SPY250613P00599000,2025-06-13 13:21:23,0.58,,
SPY250613P00600000,2025-06-13 13:21:23,0.89,,
SPY250613P00601000,2025-06-13 13:21:23,1.38,,
SPY250613P00599000,2025-06-13 13:21:27,0.57,,
SPY250613P00600000,2025-06-13 13:21:27,0.88,,
SPY250613P00601000,2025-06-13 13:21:27,1.36,,
SPY250613P00599000,2025-06-13 13:21:31,0.6,,
SPY250613P00600000,2025-06-13 13:21:31,0.88,,
SPY250613P00601000,2025-06-13 13:21:31,1.43,,
SPY250613P00599000,2025-06-13 13:21:35,0.58,,
SPY250613P00600000,2025-06-13 13:21:35,0.9,,
SPY250613P00601000,2025-06-13 13:21:35,1.43,,
SPY250613P00599000,2025-06-13 13:21:40,0.56,,
SPY250613P00600000,2025-06-13 13:21:40,0.88,,
SPY250613P00601000,2025-06-13 13:21:40,1.33,,
SPY250613P00599000,2025-06-13 13:21:44,0.54,,
SPY250613P00600000,2025-06-13 13:21:44,0.9,,
SPY250613P00601000,2025-06-13 13:21:44,1.37,,
SPY250613P00599000,2025-06-13 13:21:48,0.56,,
SPY250613P00600000,2025-06-13 13:21:48,0.93,,
SPY250613P00601000,2025-06-13 13:21:48,1.37,,
SPY250613P00599000,2025-06-13 13:21:52,0.56,,
SPY250613P00600000,2025-06-13 13:21:52,0.919,,
SPY250613P00601000,2025-06-13 13:21:52,1.39,,
SPY250613P00599000,2025-06-13 13:21:56,0.59,,
SPY250613P00600000,2025-06-13 13:21:56,0.86,,
SPY250613P00601000,2025-06-13 13:21:56,1.34,,
SPY250613P00599000,2025-06-13 13:22:00,0.55,,
SPY250613P00600000,2025-06-13 13:22:00,0.89,,
SPY250613P00601000,2025-06-13 13:22:00,1.36,,
SPY250613P00599000,2025-06-13 13:22:04,0.58,,
SPY250613P00600000,2025-06-13 13:22:04,0.9,,
SPY250613P00601000,2025-06-13 13:22:04,1.37,,
SPY250613P00599000,2025-06-13 13:22:08,0.55,,
SPY250613P00600000,2025-06-13 13:22:08,0.86,,
SPY250613P00601000,2025-06-13 13:22:08,1.35,,
SPY250613P00599000,2025-06-13 13:22:12,0.61,,
SPY250613P00600000,2025-06-13 13:22:12,0.9,,
SPY250613P00601000,2025-06-13 13:22:12,1.4,,
SPY250613P00599000,2025-06-13 13:22:16,0.59,,
SPY250613P00600000,2025-06-13 13:22:16,0.93,,
SPY250613P00601000,2025-06-13 13:22:16,1.47,,
SPY250613P00599000,2025-06-13 13:22:20,0.58,,
SPY250613P00600000,2025-06-13 13:22:20,0.919,,
SPY250613P00601000,2025-06-13 13:22:20,1.41,,
SPY250613P00599000,2025-06-13 13:22:24,0.61,,
SPY250613P00600000,2025-06-13 13:22:24,0.95,,
SPY250613P00601000,2025-06-13 13:22:24,1.48,,
SPY250613P00599000,2025-06-13 13:22:28,0.62,,
SPY250613P00600000,2025-06-13 13:22:28,1.03,,
SPY250613P00601000,2025-06-13 13:22:28,1.54,,
SPY250613P00599000,2025-06-13 13:22:32,0.64,,
SPY250613P00600000,2025-06-13 13:22:32,0.99,,
SPY250613P00601000,2025-06-13 13:22:32,1.55,,
SPY250613P00599000,2025-06-13 13:22:36,0.69,,
SPY250613P00600000,2025-06-13 13:22:36,1.03,,
SPY250613P00601000,2025-06-13 13:22:36,1.59,,
SPY250613P00599000,2025-06-13 13:22:40,0.64,,
SPY250613P00600000,2025-06-13 13:22:40,0.98,,
SPY250613P00601000,2025-06-13 13:22:40,1.49,,
SPY250613P00599000,2025-06-13 13:22:45,0.64,,
SPY250613P00600000,2025-06-13 13:22:45,1.03,,
SPY250613P00601000,2025-06-13 13:22:45,1.55,,
SPY250613P00599000,2025-06-13 13:22:49,0.69,,
SPY250613P00600000,2025-06-13 13:22:49,1.01,,
SPY250613P00601000,2025-06-13 13:22:49,1.53,,
SPY250613P00599000,2025-06-13 13:22:53,0.68,,
SPY250613P00600000,2025-06-13 13:22:53,0.99,,
SPY250613P00601000,2025-06-13 13:22:53,1.51,,
SPY250613P00599000,2025-06-13 13:22:57,0.65,,
SPY250613P00600000,2025-06-13 13:22:57,1.05,,
SPY250613P00601000,2025-06-13 13:22:57,1.57,,
SPY250613P00599000,2025-06-13 13:23:01,0.69,,
SPY250613P00600000,2025-06-13 13:23:01,1.03,,
SPY250613P00601000,2025-06-13 13:23:01,1.55,,
SPY250613P00599000,2025-06-13 13:23:05,0.67,,
SPY250613P00600000,2025-06-13 13:23:05,1.03,,
SPY250613P00601000,2025-06-13 13:23:05,1.55,,
SPY250613P00599000,2025-06-13 13:23:09,0.64,,
SPY250613P00600000,2025-06-13 13:23:09,1.03,,
SPY250613P00601000,2025-06-13 13:23:09,1.51,,
SPY250613P00599000,2025-06-13 13:23:13,0.66,,
SPY250613P00600000,2025-06-13 13:23:13,1.01,,
SPY250613P00601000,2025-06-13 13:23:13,1.52,,
SPY250613P00599000,2025-06-13 13:23:17,0.67,,
SPY250613P00600000,2025-06-13 13:23:17,0.98,,
SPY250613P00601000,2025-06-13 13:23:17,1.49,,
SPY250613P00599000,2025-06-13 13:23:22,0.67,,
SPY250613P00600000,2025-06-13 13:23:22,0.98,,
SPY250613P00601000,2025-06-13 13:23:22,1.49,,
SPY250613P00599000,2025-06-13 13:23:27,0.63,,
SPY250613P00600000,2025-06-13 13:23:27,1.04,,
SPY250613P00601000,2025-06-13 13:23:27,1.56,,
SPY250613P00599000,2025-06-13 13:23:32,0.67,,
SPY250613P00600000,2025-06-13 13:23:32,1.07,,
SPY250613P00601000,2025-06-13 13:23:32,1.6,,
SPY250613P00599000,2025-06-13 13:23:36,0.75,,
SPY250613P00600000,2025-06-13 13:23:36,1.08,,
SPY250613P00601000,2025-06-13 13:23:36,1.61,,
SPY250613P00599000,2025-06-13 13:23:40,0.74,,
SPY250613P00600000,2025-06-13 13:23:40,1.12,,
SPY250613P00601000,2025-06-13 13:23:40,1.67,,
SPY250613P00599000,2025-06-13 13:23:44,0.72,,
SPY250613P00600000,2025-06-13 13:23:44,1.07,,
SPY250613P00601000,2025-06-13 13:23:44,1.63,,
SPY250613P00599000,2025-06-13 13:23:48,0.71,,
SPY250613P00600000,2025-06-13 13:23:48,1.06,,
SPY250613P00601000,2025-06-13 13:23:48,1.61,,
SPY250613P00599000,2025-06-13 13:23:53,0.71,,
SPY250613P00600000,2025-06-13 13:23:53,1.07,,
SPY250613P00601000,2025-06-13 13:23:53,1.62,,
SPY250613P00599000,2025-06-13 13:23:57,0.68,,
SPY250613P00600000,2025-06-13 13:23:57,1.04,,
SPY250613P00601000,2025-06-13 13:23:57,1.6,,
SPY250613P00599000,2025-06-13 13:24:01,0.71,,
SPY250613P00600000,2025-06-13 13:24:01,1.04,,
SPY250613P00601000,2025-06-13 13:24:01,1.55,,
SPY250613P00599000,2025-06-13 13:24:05,0.64,,
SPY250613P00600000,2025-06-13 13:24:05,0.99,,
SPY250613P00601000,2025-06-13 13:24:05,1.53,,
SPY250613P00599000,2025-06-13 13:24:09,0.63,,
SPY250613P00600000,2025-06-13 13:24:09,1.01,,
SPY250613P00601000,2025-06-13 13:24:09,1.53,,
SPY250613P00599000,2025-06-13 13:24:13,0.67,,
SPY250613P00600000,2025-06-13 13:24:13,1.01,,
SPY250613P00601000,2025-06-13 13:24:13,1.53,,
SPY250613P00599000,2025-06-13 13:24:18,0.67,,
SPY250613P00600000,2025-06-13 13:24:18,0.96,,
SPY250613P00601000,2025-06-13 13:24:18,1.5,,
SPY250613P00599000,2025-06-13 13:24:22,0.62,,
SPY250613P00600000,2025-06-13 13:24:22,0.95,,
SPY250613P00601000,2025-06-13 13:24:22,1.38,,
SPY250613P00599000,2025-06-13 13:24:26,0.6,,
SPY250613P00600000,2025-06-13 13:24:26,0.94,,
SPY250613P00601000,2025-06-13 13:24:26,1.48,,
SPY250613P00599000,2025-06-13 13:24:30,0.65,,
SPY250613P00600000,2025-06-13 13:24:30,1.0,,
SPY250613P00601000,2025-06-13 13:24:30,1.5,,
SPY250613P00599000,2025-06-13 13:24:34,0.65,,
SPY250613P00600000,2025-06-13 13:24:34,0.99,,
SPY250613P00601000,2025-06-13 13:24:34,1.49,,
SPY250613P00599000,2025-06-13 13:24:38,0.62,,
SPY250613P00600000,2025-06-13 13:24:38,0.969,,
SPY250613P00601000,2025-06-13 13:24:38,1.49,,
SPY250613P00599000,2025-06-13 13:24:42,0.6,,
SPY250613P00600000,2025-06-13 13:24:42,0.98,,
SPY250613P00601000,2025-06-13 13:24:42,1.44,,
SPY250613P00599000,2025-06-13 13:24:46,0.63,,
SPY250613P00600000,2025-06-13 13:24:46,0.96,,
SPY250613P00601000,2025-06-13 13:24:46,1.46,,
SPY250613P00599000,2025-06-13 13:24:50,0.59,,
SPY250613P00600000,2025-06-13 13:24:50,0.98,,
SPY250613P00601000,2025-06-13 13:24:50,1.44,,
SPY250613P00599000,2025-06-13 13:24:55,0.64,,
SPY250613P00600000,2025-06-13 13:24:55,0.95,,
SPY250613P00601000,2025-06-13 13:24:55,1.49,,
SPY250613P00599000,2025-06-13 13:24:59,0.64,,
SPY250613P00600000,2025-06-13 13:24:59,0.94,,
SPY250613P00601000,2025-06-13 13:24:59,1.44,,
SPY250613P00599000,2025-06-13 13:25:03,0.64,,
SPY250613P00600000,2025-06-13 13:25:03,0.99,,
SPY250613P00601000,2025-06-13 13:25:03,1.44,,
SPY250613P00599000,2025-06-13 13:25:07,0.64,,
SPY250613P00600000,2025-06-13 13:25:07,0.94,,
SPY250613P00601000,2025-06-13 13:25:07,1.48,,
SPY250613P00599000,2025-06-13 13:25:11,0.61,,
SPY250613P00600000,2025-06-13 13:25:11,1.0,,
SPY250613P00601000,2025-06-13 13:25:11,1.51,,
SPY250613P00599000,2025-06-13 13:25:15,0.66,,
SPY250613P00600000,2025-06-13 13:25:15,1.0,,
SPY250613P00601000,2025-06-13 13:25:15,1.44,,
SPY250613P00599000,2025-06-13 13:25:19,0.65,,
SPY250613P00600000,2025-06-13 13:25:19,0.95,,
SPY250613P00601000,2025-06-13 13:25:19,1.51,,
SPY250613P00599000,2025-06-13 13:25:23,0.64,,
SPY250613P00600000,2025-06-13 13:25:23,1.019,,
SPY250613P00601000,2025-06-13 13:25:23,1.53,,
SPY250613P00599000,2025-06-13 13:25:27,0.67,,
SPY250613P00600000,2025-06-13 13:25:27,0.969,,
SPY250613P00601000,2025-06-13 13:25:27,1.5,,
SPY250613P00599000,2025-06-13 13:25:31,0.61,,
SPY250613P00600000,2025-06-13 13:25:31,0.99,,
SPY250613P00601000,2025-06-13 13:25:31,1.48,,
SPY250613P00599000,2025-06-13 13:25:35,0.66,,
SPY250613P00600000,2025-06-13 13:25:35,0.96,,
SPY250613P00601000,2025-06-13 13:25:35,1.5,,
SPY250613P00599000,2025-06-13 13:25:39,0.66,,
SPY250613P00600000,2025-06-13 13:25:39,1.01,,
SPY250613P00601000,2025-06-13 13:25:39,1.47,,
SPY250613P00599000,2025-06-13 13:25:43,0.64,,
SPY250613P00600000,2025-06-13 13:25:43,1.04,,
SPY250613P00601000,2025-06-13 13:25:43,1.5,,
SPY250613P00599000,2025-06-13 13:25:47,0.65,,
SPY250613P00600000,2025-06-13 13:25:47,0.99,,
SPY250613P00601000,2025-06-13 13:25:47,1.5,,
SPY250613P00599000,2025-06-13 13:25:51,0.65,,
SPY250613P00600000,2025-06-13 13:25:51,1.01,,
SPY250613P00601000,2025-06-13 13:25:51,1.51,,
SPY250613P00599000,2025-06-13 13:25:55,0.65,,
SPY250613P00600000,2025-06-13 13:25:55,0.98,,
SPY250613P00601000,2025-06-13 13:25:55,1.52,,
SPY250613P00599000,2025-06-13 13:26:00,0.66,,
SPY250613P00600000,2025-06-13 13:26:00,1.01,,
SPY250613P00601000,2025-06-13 13:26:00,1.51,,
SPY250613P00599000,2025-06-13 13:26:04,0.67,,
SPY250613P00600000,2025-06-13 13:26:04,1.03,,
SPY250613P00601000,2025-06-13 13:26:04,1.55,,
SPY250613P00599000,2025-06-13 13:26:08,0.69,,
SPY250613P00600000,2025-06-13 13:26:08,1.019,,
SPY250613P00601000,2025-06-13 13:26:08,1.58,,
SPY250613P00599000,2025-06-13 13:26:12,0.7,,
SPY250613P00600000,2025-06-13 13:26:12,1.07,,
SPY250613P00601000,2025-06-13 13:26:12,1.57,,
SPY250613P00599000,2025-06-13 13:26:16,0.69,,
SPY250613P00600000,2025-06-13 13:26:16,1.11,,
SPY250613P00601000,2025-06-13 13:26:16,1.66,,
SPY250613P00599000,2025-06-13 13:26:20,0.7,,
SPY250613P00600000,2025-06-13 13:26:20,1.07,,
SPY250613P00601000,2025-06-13 13:26:20,1.6,,
SPY250613P00599000,2025-06-13 13:26:24,0.69,,
SPY250613P00600000,2025-06-13 13:26:24,1.08,,
SPY250613P00601000,2025-06-13 13:26:24,1.65,,
SPY250613P00599000,2025-06-13 13:26:28,0.71,,
SPY250613P00600000,2025-06-13 13:26:28,1.08,,
SPY250613P00601000,2025-06-13 13:26:28,1.6,,
SPY250613P00599000,2025-06-13 13:26:33,0.69,,
SPY250613P00600000,2025-06-13 13:26:33,1.08,,
SPY250613P00601000,2025-06-13 13:26:33,1.6,,
SPY250613P00599000,2025-06-13 13:26:37,0.72,,
SPY250613P00600000,2025-06-13 13:26:37,1.09,,
SPY250613P00601000,2025-06-13 13:26:37,1.62,,
SPY250613P00599000,2025-06-13 13:26:41,0.7,,
SPY250613P00600000,2025-06-13 13:26:41,1.06,,
SPY250613P00601000,2025-06-13 13:26:41,1.58,,
SPY250613P00599000,2025-06-13 13:26:45,0.69,,
SPY250613P00600000,2025-06-13 13:26:45,1.07,,
SPY250613P00601000,2025-06-13 13:26:45,1.58,,
SPY250613P00599000,2025-06-13 13:26:49,0.7,,
SPY250613P00600000,2025-06-13 13:26:49,1.06,,
SPY250613P00601000,2025-06-13 13:26:49,1.6,,
SPY250613P00599000,2025-06-13 13:26:53,0.7,,
SPY250613P00600000,2025-06-13 13:26:53,1.07,,
SPY250613P00601000,2025-06-13 13:26:53,1.6,,
SPY250613P00599000,2025-06-13 13:26:57,0.7,,
SPY250613P00600000,2025-06-13 13:26:57,1.06,,
SPY250613P00601000,2025-06-13 13:26:57,1.58,,
SPY250613P00599000,2025-06-13 13:27:01,0.68,,
SPY250613P00600000,2025-06-13 13:27:01,1.09,,
SPY250613P00601000,2025-06-13 13:27:01,1.57,,
SPY250613P00599000,2025-06-13 13:27:05,0.71,,
SPY250613P00600000,2025-06-13 13:27:05,1.03,,
SPY250613P00601000,2025-06-13 13:27:05,1.59,,
SPY250613P00599000,2025-06-13 13:27:09,0.71,,
SPY250613P00600000,2025-06-13 13:27:09,1.04,,
SPY250613P00601000,2025-06-13 13:27:09,1.6,,
SPY250613P00599000,2025-06-13 13:27:13,0.67,,
SPY250613P00600000,2025-06-13 13:27:13,1.04,,
SPY250613P00601000,2025-06-13 13:27:13,1.61,,
SPY250613P00599000,2025-06-13 13:27:17,0.74,,
SPY250613P00600000,2025-06-13 13:27:17,1.12,,
SPY250613P00601000,2025-06-13 13:27:17,1.639,,
SPY250613P00599000,2025-06-13 13:27:21,0.73,,
SPY250613P00600000,2025-06-13 13:27:21,1.11,,
SPY250613P00601000,2025-06-13 13:27:21,1.639,,
SPY250613P00599000,2025-06-13 13:27:25,0.74,,
SPY250613P00600000,2025-06-13 13:27:25,1.14,,
SPY250613P00601000,2025-06-13 13:27:25,1.68,,
SPY250613P00599000,2025-06-13 13:27:29,0.75,,
SPY250613P00600000,2025-06-13 13:27:29,1.1,,
SPY250613P00601000,2025-06-13 13:27:29,1.67,,
SPY250613P00599000,2025-06-13 13:27:33,0.75,,
SPY250613P00600000,2025-06-13 13:27:33,1.11,,
SPY250613P00601000,2025-06-13 13:27:33,1.689,,
SPY250613P00599000,2025-06-13 13:27:38,0.72,,
SPY250613P00600000,2025-06-13 13:27:38,1.11,,
SPY250613P00601000,2025-06-13 13:27:38,1.67,,
SPY250613P00599000,2025-06-13 13:27:42,0.73,,
SPY250613P00600000,2025-06-13 13:27:42,1.11,,
SPY250613P00601000,2025-06-13 13:27:42,1.64,,
SPY250613P00599000,2025-06-13 13:27:46,0.73,,
SPY250613P00600000,2025-06-13 13:27:46,1.12,,
SPY250613P00601000,2025-06-13 13:27:46,1.64,,
SPY250613P00599000,2025-06-13 13:27:50,0.75,,
SPY250613P00600000,2025-06-13 13:27:50,1.1,,
SPY250613P00601000,2025-06-13 13:27:50,1.63,,
SPY250613P00599000,2025-06-13 13:27:54,0.75,,
SPY250613P00600000,2025-06-13 13:27:54,1.09,,
SPY250613P00601000,2025-06-13 13:27:54,1.62,,
SPY250613P00599000,2025-06-13 13:27:58,0.76,,
SPY250613P00600000,2025-06-13 13:27:58,1.14,,
SPY250613P00601000,2025-06-13 13:27:58,1.68,,
SPY250613P00599000,2025-06-13 13:28:02,0.76,,
SPY250613P00600000,2025-06-13 13:28:02,1.09,,
SPY250613P00601000,2025-06-13 13:28:02,1.7,,
SPY250613P00599000,2025-06-13 13:28:06,0.72,,
SPY250613P00600000,2025-06-13 13:28:06,1.15,,
SPY250613P00601000,2025-06-13 13:28:06,1.689,,
SPY250613P00599000,2025-06-13 13:28:10,0.73,,
SPY250613P00600000,2025-06-13 13:28:10,1.13,,
SPY250613P00601000,2025-06-13 13:28:10,1.68,,
SPY250613P00599000,2025-06-13 13:28:14,0.78,,
SPY250613P00600000,2025-06-13 13:28:14,1.17,,
SPY250613P00601000,2025-06-13 13:28:14,1.75,,
SPY250613P00599000,2025-06-13 13:28:18,0.75,,
SPY250613P00600000,2025-06-13 13:28:18,1.14,,
SPY250613P00601000,2025-06-13 13:28:18,1.68,,
SPY250613P00599000,2025-06-13 13:28:22,0.78,,
SPY250613P00600000,2025-06-13 13:28:22,1.17,,
SPY250613P00601000,2025-06-13 13:28:22,1.68,,
SPY250613P00599000,2025-06-13 13:28:26,0.77,,
SPY250613P00600000,2025-06-13 13:28:26,1.17,,
SPY250613P00601000,2025-06-13 13:28:26,1.66,,
SPY250613P00599000,2025-06-13 13:28:30,0.73,,
SPY250613P00600000,2025-06-13 13:28:30,1.17,,
SPY250613P00601000,2025-06-13 13:28:30,1.67,,
SPY250613P00599000,2025-06-13 13:28:34,0.79,,
SPY250613P00600000,2025-06-13 13:28:34,1.2,,
SPY250613P00601000,2025-06-13 13:28:34,1.7,,
SPY250613P00599000,2025-06-13 13:28:38,0.74,,
SPY250613P00600000,2025-06-13 13:28:38,1.18,,
SPY250613P00601000,2025-06-13 13:28:38,1.67,,
SPY250613P00599000,2025-06-13 13:28:43,0.77,,
SPY250613P00600000,2025-06-13 13:28:43,1.19,,
SPY250613P00601000,2025-06-13 13:28:43,1.789,,
SPY250613P00599000,2025-06-13 13:28:47,0.79,,
SPY250613P00600000,2025-06-13 13:28:47,1.23,,
SPY250613P00601000,2025-06-13 13:28:47,1.83,,
SPY250613P00599000,2025-06-13 13:28:51,0.83,,
SPY250613P00600000,2025-06-13 13:28:51,1.21,,
SPY250613P00601000,2025-06-13 13:28:51,1.78,,
SPY250613P00599000,2025-06-13 13:28:55,0.78,,
SPY250613P00600000,2025-06-13 13:28:55,1.27,,
SPY250613P00601000,2025-06-13 13:28:55,1.76,,
SPY250613P00599000,2025-06-13 13:28:59,0.83,,
SPY250613P00600000,2025-06-13 13:28:59,1.25,,
SPY250613P00601000,2025-06-13 13:28:59,1.8,,
SPY250613P00599000,2025-06-13 13:29:03,0.85,,
SPY250613P00600000,2025-06-13 13:29:03,1.26,,
SPY250613P00601000,2025-06-13 13:29:03,1.839,,
SPY250613P00599000,2025-06-13 13:29:07,0.819,,
SPY250613P00600000,2025-06-13 13:29:07,1.22,,
SPY250613P00601000,2025-06-13 13:29:07,1.78,,
SPY250613P00599000,2025-06-13 13:29:11,0.83,,
SPY250613P00600000,2025-06-13 13:29:11,1.18,,
SPY250613P00601000,2025-06-13 13:29:11,1.81,,
SPY250613P00599000,2025-06-13 13:29:15,0.78,,
SPY250613P00600000,2025-06-13 13:29:15,1.23,,
SPY250613P00601000,2025-06-13 13:29:15,1.8,,
SPY250613P00599000,2025-06-13 13:29:19,0.819,,
SPY250613P00600000,2025-06-13 13:29:19,1.23,,
SPY250613P00601000,2025-06-13 13:29:19,1.8,,
SPY250613P00599000,2025-06-13 13:29:23,0.83,,
SPY250613P00600000,2025-06-13 13:29:23,1.24,,
SPY250613P00601000,2025-06-13 13:29:23,1.76,,
SPY250613P00599000,2025-06-13 13:29:27,0.83,,
SPY250613P00600000,2025-06-13 13:29:27,1.24,,
SPY250613P00601000,2025-06-13 13:29:27,1.78,,
SPY250613P00599000,2025-06-13 13:29:31,0.8,,
SPY250613P00600000,2025-06-13 13:29:31,1.22,,
SPY250613P00601000,2025-06-13 13:29:31,1.789,,
SPY250613P00599000,2025-06-13 13:29:35,0.819,,
SPY250613P00600000,2025-06-13 13:29:35,1.22,,
SPY250613P00601000,2025-06-13 13:29:35,1.86,,
SPY250613P00599000,2025-06-13 13:29:39,0.86,,
SPY250613P00600000,2025-06-13 13:29:39,1.24,,
SPY250613P00601000,2025-06-13 13:29:39,1.82,,
SPY250613P00599000,2025-06-13 13:29:43,0.83,,
SPY250613P00600000,2025-06-13 13:29:43,1.25,,
SPY250613P00601000,2025-06-13 13:29:43,1.83,,
SPY250613P00599000,2025-06-13 13:29:48,0.86,,
SPY250613P00600000,2025-06-13 13:29:48,1.29,,
SPY250613P00601000,2025-06-13 13:29:48,1.88,,
SPY250613P00599000,2025-06-13 13:29:52,0.86,,
SPY250613P00600000,2025-06-13 13:29:52,1.26,,
SPY250613P00601000,2025-06-13 13:29:52,1.85,,
SPY250613P00599000,2025-06-13 13:29:56,0.88,,
SPY250613P00600000,2025-06-13 13:29:56,1.27,,
SPY250613P00601000,2025-06-13 13:29:56,1.86,,
SPY250613P00599000,2025-06-13 13:30:00,0.89,,
SPY250613P00600000,2025-06-13 13:30:00,1.33,,
SPY250613P00601000,2025-06-13 13:30:00,1.93,,
SPY250613P00599000,2025-06-13 13:30:04,0.86,,
SPY250613P00600000,2025-06-13 13:30:04,1.3,,
SPY250613P00601000,2025-06-13 13:30:04,1.939,,
SPY250613P00599000,2025-06-13 13:30:08,0.86,,
SPY250613P00600000,2025-06-13 13:30:08,1.25,,
SPY250613P00601000,2025-06-13 13:30:08,1.88,,
SPY250613P00599000,2025-06-13 13:30:12,0.89,,
SPY250613P00600000,2025-06-13 13:30:12,1.3,,
SPY250613P00601000,2025-06-13 13:30:12,1.939,,
SPY250613P00599000,2025-06-13 13:30:16,0.8,,
SPY250613P00600000,2025-06-13 13:30:16,1.23,,
SPY250613P00601000,2025-06-13 13:30:16,1.85,,
SPY250613P00599000,2025-06-13 13:30:20,0.819,,
SPY250613P00600000,2025-06-13 13:30:20,1.25,,
SPY250613P00601000,2025-06-13 13:30:20,1.82,,
SPY250613P00599000,2025-06-13 13:30:24,0.8,,
SPY250613P00600000,2025-06-13 13:30:24,1.25,,
SPY250613P00601000,2025-06-13 13:30:24,1.789,,
SPY250613P00599000,2025-06-13 13:30:28,0.76,,
SPY250613P00600000,2025-06-13 13:30:28,1.21,,
SPY250613P00601000,2025-06-13 13:30:28,1.81,,
SPY250613P00599000,2025-06-13 13:30:32,0.75,,
SPY250613P00600000,2025-06-13 13:30:32,1.16,,
SPY250613P00601000,2025-06-13 13:30:32,1.73,,
SPY250613P00599000,2025-06-13 13:30:36,0.73,,
SPY250613P00600000,2025-06-13 13:30:36,1.18,,
SPY250613P00601000,2025-06-13 13:30:36,1.82,,
SPY250613P00599000,2025-06-13 13:30:40,0.78,,
SPY250613P00600000,2025-06-13 13:30:40,1.2,,
SPY250613P00601000,2025-06-13 13:30:40,1.78,,
SPY250613P00599000,2025-06-13 13:30:44,0.77,,
SPY250613P00600000,2025-06-13 13:30:44,1.19,,
SPY250613P00601000,2025-06-13 13:30:44,1.78,,
SPY250613P00599000,2025-06-13 13:30:49,0.76,,
SPY250613P00600000,2025-06-13 13:30:49,1.18,,
SPY250613P00601000,2025-06-13 13:30:49,1.77,,
SPY250613P00599000,2025-06-13 13:30:53,0.76,,
SPY250613P00600000,2025-06-13 13:30:53,1.22,,
SPY250613P00601000,2025-06-13 13:30:53,1.77,,
SPY250613P00599000,2025-06-13 13:30:57,0.81,,
SPY250613P00600000,2025-06-13 13:30:57,1.23,,
SPY250613P00601000,2025-06-13 13:30:57,1.81,,
SPY250613P00599000,2025-06-13 13:31:01,0.81,,
SPY250613P00600000,2025-06-13 13:31:01,1.23,,
SPY250613P00601000,2025-06-13 13:31:01,1.839,,
SPY250613P00599000,2025-06-13 13:31:05,0.8,,
SPY250613P00600000,2025-06-13 13:31:05,1.22,,
SPY250613P00601000,2025-06-13 13:31:05,1.789,,
SPY250613P00599000,2025-06-13 13:31:09,0.8,,
SPY250613P00600000,2025-06-13 13:31:09,1.22,,
SPY250613P00601000,2025-06-13 13:31:09,1.83,,
SPY250613P00599000,2025-06-13 13:31:13,0.79,,
SPY250613P00600000,2025-06-13 13:31:13,1.2,,
SPY250613P00601000,2025-06-13 13:31:13,1.72,,
SPY250613P00599000,2025-06-13 13:31:17,0.75,,
SPY250613P00600000,2025-06-13 13:31:17,1.16,,
SPY250613P00601000,2025-06-13 13:31:17,1.689,,
SPY250613P00599000,2025-06-13 13:31:21,0.71,,
SPY250613P00600000,2025-06-13 13:31:21,1.15,,
SPY250613P00601000,2025-06-13 13:31:21,1.73,,
SPY250613P00599000,2025-06-13 13:31:25,0.73,,
SPY250613P00600000,2025-06-13 13:31:25,1.11,,
SPY250613P00601000,2025-06-13 13:31:25,1.739,,
SPY250613P00599000,2025-06-13 13:31:29,0.74,,
SPY250613P00600000,2025-06-13 13:31:29,1.14,,
SPY250613P00601000,2025-06-13 13:31:29,1.72,,
SPY250613P00599000,2025-06-13 13:31:33,0.73,,
SPY250613P00600000,2025-06-13 13:31:33,1.12,,
SPY250613P00601000,2025-06-13 13:31:33,1.7,,
SPY250613P00599000,2025-06-13 13:31:37,0.72,,
SPY250613P00600000,2025-06-13 13:31:37,1.12,,
SPY250613P00601000,2025-06-13 13:31:37,1.689,,
SPY250613P00599000,2025-06-13 13:31:41,0.69,,
SPY250613P00600000,2025-06-13 13:31:41,1.08,,
SPY250613P00601000,2025-06-13 13:31:41,1.67,,
SPY250613P00599000,2025-06-13 13:31:45,0.68,,
SPY250613P00600000,2025-06-13 13:31:45,1.08,,
SPY250613P00601000,2025-06-13 13:31:45,1.639,,
SPY250613P00599000,2025-06-13 13:31:49,0.72,,
SPY250613P00600000,2025-06-13 13:31:49,1.11,,
SPY250613P00601000,2025-06-13 13:31:49,1.66,,
SPY250613P00599000,2025-06-13 13:31:53,0.71,,
SPY250613P00600000,2025-06-13 13:31:53,1.09,,
SPY250613P00601000,2025-06-13 13:31:53,1.639,,
SPY250613P00599000,2025-06-13 13:31:58,0.69,,
SPY250613P00600000,2025-06-13 13:31:58,1.07,,
SPY250613P00601000,2025-06-13 13:31:58,1.58,,
SPY250613P00599000,2025-06-13 13:32:02,0.69,,
SPY250613P00600000,2025-06-13 13:32:02,1.07,,
SPY250613P00601000,2025-06-13 13:32:02,1.62,,
SPY250613P00599000,2025-06-13 13:32:06,0.69,,
SPY250613P00600000,2025-06-13 13:32:06,1.05,,
SPY250613P00601000,2025-06-13 13:32:06,1.66,,
SPY250613P00599000,2025-06-13 13:32:10,0.66,,
SPY250613P00600000,2025-06-13 13:32:10,1.04,,
SPY250613P00601000,2025-06-13 13:32:10,1.65,,
SPY250613P00599000,2025-06-13 13:32:14,0.7,,
SPY250613P00600000,2025-06-13 13:32:14,1.08,,
SPY250613P00601000,2025-06-13 13:32:14,1.66,,
SPY250613P00599000,2025-06-13 13:32:18,0.68,,
SPY250613P00600000,2025-06-13 13:32:18,1.12,,
SPY250613P00601000,2025-06-13 13:32:18,1.7,,
SPY250613P00599000,2025-06-13 13:32:22,0.69,,
SPY250613P00600000,2025-06-13 13:32:22,1.12,,
SPY250613P00601000,2025-06-13 13:32:22,1.7,,
SPY250613P00599000,2025-06-13 13:32:26,0.71,,
SPY250613P00600000,2025-06-13 13:32:26,1.11,,
SPY250613P00601000,2025-06-13 13:32:26,1.62,,
SPY250613P00599000,2025-06-13 13:32:30,0.73,,
SPY250613P00600000,2025-06-13 13:32:30,1.14,,
SPY250613P00601000,2025-06-13 13:32:30,1.7,,
SPY250613P00599000,2025-06-13 13:32:34,0.72,,
SPY250613P00600000,2025-06-13 13:32:34,1.09,,
SPY250613P00601000,2025-06-13 13:32:34,1.7,,
SPY250613P00599000,2025-06-13 13:32:38,0.71,,
SPY250613P00600000,2025-06-13 13:32:38,1.11,,
SPY250613P00601000,2025-06-13 13:32:38,1.66,,
SPY250613P00599000,2025-06-13 13:32:42,0.73,,
SPY250613P00600000,2025-06-13 13:32:42,1.09,,
SPY250613P00601000,2025-06-13 13:32:42,1.68,,
SPY250613P00599000,2025-06-13 13:32:46,0.71,,
SPY250613P00600000,2025-06-13 13:32:46,1.11,,
SPY250613P00601000,2025-06-13 13:32:46,1.68,,
SPY250613P00599000,2025-06-13 13:32:50,0.72,,
SPY250613P00600000,2025-06-13 13:32:50,1.12,,
SPY250613P00601000,2025-06-13 13:32:50,1.689,,
SPY250613P00599000,2025-06-13 13:32:54,0.73,,
SPY250613P00600000,2025-06-13 13:32:54,1.13,,
SPY250613P00601000,2025-06-13 13:32:54,1.689,,
SPY250613P00599000,2025-06-13 13:32:58,0.74,,
SPY250613P00600000,2025-06-13 13:32:58,1.13,,
SPY250613P00601000,2025-06-13 13:32:58,1.66,,
SPY250613P00599000,2025-06-13 13:33:02,0.69,,
SPY250613P00600000,2025-06-13 13:33:02,1.1,,
SPY250613P00601000,2025-06-13 13:33:02,1.7,,
SPY250613P00599000,2025-06-13 13:33:06,0.68,,
SPY250613P00600000,2025-06-13 13:33:06,1.11,,
SPY250613P00601000,2025-06-13 13:33:06,1.61,,
SPY250613P00599000,2025-06-13 13:33:10,0.69,,
SPY250613P00600000,2025-06-13 13:33:10,1.05,,
SPY250613P00601000,2025-06-13 13:33:10,1.63,,
SPY250613P00599000,2025-06-13 13:33:14,0.67,,
SPY250613P00600000,2025-06-13 13:33:14,1.03,,
SPY250613P00601000,2025-06-13 13:33:14,1.58,,
SPY250613P00599000,2025-06-13 13:33:19,0.64,,
SPY250613P00600000,2025-06-13 13:33:19,1.0,,
SPY250613P00601000,2025-06-13 13:33:19,1.5,,
SPY250613P00599000,2025-06-13 13:33:23,0.64,,
SPY250613P00600000,2025-06-13 13:33:23,0.99,,
SPY250613P00601000,2025-06-13 13:33:23,1.5,,
SPY250613P00599000,2025-06-13 13:33:27,0.63,,
SPY250613P00600000,2025-06-13 13:33:27,0.95,,
SPY250613P00601000,2025-06-13 13:33:27,1.53,,
SPY250613P00599000,2025-06-13 13:33:31,0.59,,
SPY250613P00600000,2025-06-13 13:33:31,0.98,,
SPY250613P00601000,2025-06-13 13:33:31,1.53,,
SPY250613P00599000,2025-06-13 13:33:35,0.61,,
SPY250613P00600000,2025-06-13 13:33:35,1.01,,
SPY250613P00601000,2025-06-13 13:33:35,1.55,,
SPY250613P00599000,2025-06-13 13:33:39,0.68,,
SPY250613P00600000,2025-06-13 13:33:39,1.0,,
SPY250613P00601000,2025-06-13 13:33:39,1.54,,
SPY250613P00599000,2025-06-13 13:33:43,0.67,,
SPY250613P00600000,2025-06-13 13:33:43,1.0,,
SPY250613P00601000,2025-06-13 13:33:43,1.54,,
SPY250613P00599000,2025-06-13 13:33:47,0.63,,
SPY250613P00600000,2025-06-13 13:33:47,1.04,,
SPY250613P00601000,2025-06-13 13:33:47,1.59,,
SPY250613P00599000,2025-06-13 13:33:51,0.68,,
SPY250613P00600000,2025-06-13 13:33:51,1.05,,
SPY250613P00601000,2025-06-13 13:33:51,1.55,,
SPY250613P00599000,2025-06-13 13:33:55,0.69,,
SPY250613P00600000,2025-06-13 13:33:55,1.06,,
SPY250613P00601000,2025-06-13 13:33:55,1.6,,
SPY250613P00599000,2025-06-13 13:33:59,0.62,,
SPY250613P00600000,2025-06-13 13:33:59,1.03,,
SPY250613P00601000,2025-06-13 13:33:59,1.56,,
SPY250613P00599000,2025-06-13 13:34:03,0.66,,
SPY250613P00600000,2025-06-13 13:34:03,0.98,,
SPY250613P00601000,2025-06-13 13:34:03,1.55,,
SPY250613P00599000,2025-06-13 13:34:08,0.66,,
SPY250613P00600000,2025-06-13 13:34:08,1.03,,
SPY250613P00601000,2025-06-13 13:34:08,1.57,,
SPY250613P00599000,2025-06-13 13:34:12,0.63,,
SPY250613P00600000,2025-06-13 13:34:12,1.04,,
SPY250613P00601000,2025-06-13 13:34:12,1.58,,
SPY250613P00599000,2025-06-13 13:34:16,0.66,,
SPY250613P00600000,2025-06-13 13:34:16,0.98,,
SPY250613P00601000,2025-06-13 13:34:16,1.52,,
SPY250613P00599000,2025-06-13 13:34:20,0.7,,
SPY250613P00600000,2025-06-13 13:34:20,1.09,,
SPY250613P00601000,2025-06-13 13:34:20,1.81,,
SPY250613P00599000,2025-06-13 13:34:24,0.84,,
SPY250613P00600000,2025-06-13 13:34:24,1.25,,
SPY250613P00601000,2025-06-13 13:34:24,1.81,,
SPY250613P00599000,2025-06-13 13:34:28,0.819,,
SPY250613P00600000,2025-06-13 13:34:28,1.25,,
SPY250613P00601000,2025-06-13 13:34:28,1.81,,
SPY250613P00599000,2025-06-13 13:34:32,0.819,,
SPY250613P00600000,2025-06-13 13:34:32,1.23,,
SPY250613P00601000,2025-06-13 13:34:32,1.8,,
SPY250613P00599000,2025-06-13 13:34:36,0.77,,
SPY250613P00600000,2025-06-13 13:34:36,1.21,,
SPY250613P00601000,2025-06-13 13:34:36,1.83,,
SPY250613P00599000,2025-06-13 13:34:40,0.84,,
SPY250613P00600000,2025-06-13 13:34:40,1.24,,
SPY250613P00601000,2025-06-13 13:34:40,1.85,,
SPY250613P00599000,2025-06-13 13:34:44,0.85,,
SPY250613P00600000,2025-06-13 13:34:44,1.27,,
SPY250613P00601000,2025-06-13 13:34:44,1.86,,
SPY250613P00599000,2025-06-13 13:34:48,0.84,,
SPY250613P00600000,2025-06-13 13:34:48,1.3,,
SPY250613P00601000,2025-06-13 13:34:48,1.86,,
SPY250613P00599000,2025-06-13 13:34:52,0.85,,
SPY250613P00600000,2025-06-13 13:34:52,1.28,,
SPY250613P00601000,2025-06-13 13:34:52,1.87,,
SPY250613P00599000,2025-06-13 13:34:56,0.84,,
SPY250613P00600000,2025-06-13 13:34:56,1.26,,
SPY250613P00601000,2025-06-13 13:34:56,1.88,,
SPY250613P00599000,2025-06-13 13:35:00,0.84,,
SPY250613P00600000,2025-06-13 13:35:00,1.28,,
SPY250613P00601000,2025-06-13 13:35:00,1.92,,
SPY250613P00599000,2025-06-13 13:35:04,0.83,,
SPY250613P00600000,2025-06-13 13:35:04,1.27,,
SPY250613P00601000,2025-06-13 13:35:04,1.81,,
SPY250613P00599000,2025-06-13 13:35:08,0.79,,
SPY250613P00600000,2025-06-13 13:35:08,1.25,,
SPY250613P00601000,2025-06-13 13:35:08,1.789,,
SPY250613P00599000,2025-06-13 13:35:13,0.85,,
SPY250613P00600000,2025-06-13 13:35:13,1.29,,
SPY250613P00601000,2025-06-13 13:35:13,1.9,,
SPY250613P00599000,2025-06-13 13:35:17,0.84,,
SPY250613P00600000,2025-06-13 13:35:17,1.28,,
SPY250613P00601000,2025-06-13 13:35:17,1.91,,
SPY250613P00599000,2025-06-13 13:35:21,0.83,,
SPY250613P00600000,2025-06-13 13:35:21,1.26,,
SPY250613P00601000,2025-06-13 13:35:21,1.83,,
SPY250613P00599000,2025-06-13 13:35:25,0.83,,
SPY250613P00600000,2025-06-13 13:35:25,1.26,,
SPY250613P00601000,2025-06-13 13:35:25,1.91,,
SPY250613P00599000,2025-06-13 13:35:31,0.76,,
SPY250613P00600000,2025-06-13 13:35:31,1.18,,
SPY250613P00601000,2025-06-13 13:35:31,1.83,,
SPY250613P00599000,2025-06-13 13:35:35,0.77,,
SPY250613P00600000,2025-06-13 13:35:35,1.2,,
SPY250613P00601000,2025-06-13 13:35:35,1.78,,
SPY250613P00599000,2025-06-13 13:35:39,0.75,,
SPY250613P00600000,2025-06-13 13:35:39,1.16,,
SPY250613P00601000,2025-06-13 13:35:39,1.789,,
SPY250613P00599000,2025-06-13 13:35:44,0.85,,
SPY250613P00600000,2025-06-13 13:35:44,1.24,,
SPY250613P00601000,2025-06-13 13:35:44,1.86,,
SPY250613P00599000,2025-06-13 13:35:48,0.79,,
SPY250613P00600000,2025-06-13 13:35:48,1.22,,
SPY250613P00601000,2025-06-13 13:35:48,1.839,,
SPY250613P00599000,2025-06-13 13:35:52,0.84,,
SPY250613P00600000,2025-06-13 13:35:52,1.23,,
SPY250613P00601000,2025-06-13 13:35:52,1.839,,
SPY250613P00599000,2025-06-13 13:35:56,0.81,,
SPY250613P00600000,2025-06-13 13:35:56,1.2,,
SPY250613P00601000,2025-06-13 13:35:56,1.83,,
SPY250613P00599000,2025-06-13 13:36:01,0.78,,
SPY250613P00600000,2025-06-13 13:36:01,1.25,,
SPY250613P00601000,2025-06-13 13:36:01,1.81,,
SPY250613P00599000,2025-06-13 13:36:05,0.79,,
SPY250613P00600000,2025-06-13 13:36:05,1.27,,
SPY250613P00601000,2025-06-13 13:36:05,1.86,,
SPY250613P00599000,2025-06-13 13:36:09,0.83,,
SPY250613P00600000,2025-06-13 13:36:09,1.22,,
SPY250613P00601000,2025-06-13 13:36:09,1.82,,
SPY250613P00599000,2025-06-13 13:36:13,0.81,,
SPY250613P00600000,2025-06-13 13:36:13,1.28,,
SPY250613P00601000,2025-06-13 13:36:13,1.88,,
SPY250613P00599000,2025-06-13 13:36:18,0.83,,
SPY250613P00600000,2025-06-13 13:36:18,1.28,,
SPY250613P00601000,2025-06-13 13:36:18,1.8,,
SPY250613P00599000,2025-06-13 13:36:22,0.83,,
SPY250613P00600000,2025-06-13 13:36:22,1.26,,
SPY250613P00601000,2025-06-13 13:36:22,1.85,,
SPY250613P00599000,2025-06-13 13:36:26,0.77,,
SPY250613P00600000,2025-06-13 13:36:26,1.19,,
SPY250613P00601000,2025-06-13 13:36:26,1.82,,
SPY250613P00599000,2025-06-13 13:36:30,0.8,,
SPY250613P00600000,2025-06-13 13:36:30,1.22,,
SPY250613P00601000,2025-06-13 13:36:30,1.76,,
SPY250613P00599000,2025-06-13 13:36:34,0.75,,
SPY250613P00600000,2025-06-13 13:36:34,1.17,,
SPY250613P00601000,2025-06-13 13:36:34,1.8,,
SPY250613P00599000,2025-06-13 13:36:38,0.79,,
SPY250613P00600000,2025-06-13 13:36:38,1.22,,
SPY250613P00601000,2025-06-13 13:36:38,1.81,,
SPY250613P00599000,2025-06-13 13:36:42,0.8,,
SPY250613P00600000,2025-06-13 13:36:42,1.18,,
SPY250613P00601000,2025-06-13 13:36:42,1.82,,
SPY250613P00599000,2025-06-13 13:36:46,0.79,,
SPY250613P00600000,2025-06-13 13:36:46,1.17,,
SPY250613P00601000,2025-06-13 13:36:46,1.76,,
SPY250613P00599000,2025-06-13 13:36:50,0.76,,
SPY250613P00600000,2025-06-13 13:36:50,1.13,,
SPY250613P00601000,2025-06-13 13:36:50,1.8,,
SPY250613P00599000,2025-06-13 13:36:54,0.74,,
SPY250613P00600000,2025-06-13 13:36:54,1.16,,
SPY250613P00601000,2025-06-13 13:36:54,1.73,,
SPY250613P00599000,2025-06-13 13:36:58,0.78,,
SPY250613P00600000,2025-06-13 13:36:58,1.15,,
SPY250613P00601000,2025-06-13 13:36:58,1.78,,
SPY250613P00599000,2025-06-13 13:37:02,0.77,,
SPY250613P00600000,2025-06-13 13:37:02,1.15,,
SPY250613P00601000,2025-06-13 13:37:02,1.73,,
SPY250613P00599000,2025-06-13 13:37:06,0.77,,
SPY250613P00600000,2025-06-13 13:37:06,1.2,,
SPY250613P00601000,2025-06-13 13:37:06,1.77,,
SPY250613P00599000,2025-06-13 13:37:10,0.79,,
SPY250613P00600000,2025-06-13 13:37:10,1.23,,
SPY250613P00601000,2025-06-13 13:37:10,1.77,,
SPY250613P00599000,2025-06-13 13:37:14,0.81,,
SPY250613P00600000,2025-06-13 13:37:14,1.2,,
SPY250613P00601000,2025-06-13 13:37:14,1.8,,
SPY250613P00599000,2025-06-13 13:37:18,0.81,,
SPY250613P00600000,2025-06-13 13:37:18,1.2,,
SPY250613P00601000,2025-06-13 13:37:18,1.8,,
SPY250613P00599000,2025-06-13 13:37:23,0.81,,
SPY250613P00600000,2025-06-13 13:37:23,1.2,,
SPY250613P00601000,2025-06-13 13:37:23,1.8,,
SPY250613P00599000,2025-06-13 13:37:27,0.81,,
SPY250613P00600000,2025-06-13 13:37:27,1.2,,
SPY250613P00601000,2025-06-13 13:37:27,1.8,,
SPY250613P00599000,2025-06-13 13:37:31,0.869,,
SPY250613P00600000,2025-06-13 13:37:31,1.29,,
SPY250613P00601000,2025-06-13 13:37:31,1.95,,
SPY250613P00599000,2025-06-13 13:37:35,0.85,,
SPY250613P00600000,2025-06-13 13:37:35,1.3,,
SPY250613P00601000,2025-06-13 13:37:35,1.9,,
SPY250613P00599000,2025-06-13 13:37:39,0.89,,
SPY250613P00600000,2025-06-13 13:37:39,1.28,,
SPY250613P00601000,2025-06-13 13:37:39,1.95,,
SPY250613P00599000,2025-06-13 13:37:43,0.83,,
SPY250613P00600000,2025-06-13 13:37:43,1.32,,
SPY250613P00601000,2025-06-13 13:37:43,1.87,,
SPY250613P00599000,2025-06-13 13:37:47,0.85,,
SPY250613P00600000,2025-06-13 13:37:47,1.22,,
SPY250613P00601000,2025-06-13 13:37:47,1.87,,
SPY250613P00599000,2025-06-13 13:37:51,0.79,,
SPY250613P00600000,2025-06-13 13:37:51,1.27,,
SPY250613P00601000,2025-06-13 13:37:51,1.839,,
SPY250613P00599000,2025-06-13 13:37:55,0.83,,
SPY250613P00600000,2025-06-13 13:37:55,1.27,,
SPY250613P00601000,2025-06-13 13:37:55,1.83,,
SPY250613P00599000,2025-06-13 13:37:59,0.84,,
SPY250613P00600000,2025-06-13 13:37:59,1.24,,
SPY250613P00601000,2025-06-13 13:37:59,1.88,,
SPY250613P00599000,2025-06-13 13:38:03,0.84,,
SPY250613P00600000,2025-06-13 13:38:03,1.28,,
SPY250613P00601000,2025-06-13 13:38:03,1.86,,
SPY250613P00599000,2025-06-13 13:38:07,0.819,,
SPY250613P00600000,2025-06-13 13:38:07,1.26,,
SPY250613P00601000,2025-06-13 13:38:07,1.82,,
SPY250613P00599000,2025-06-13 13:38:11,0.75,,
SPY250613P00600000,2025-06-13 13:38:11,1.23,,
SPY250613P00601000,2025-06-13 13:38:11,1.76,,
SPY250613P00599000,2025-06-13 13:38:15,0.8,,
SPY250613P00600000,2025-06-13 13:38:15,1.18,,
SPY250613P00601000,2025-06-13 13:38:15,1.76,,
SPY250613P00599000,2025-06-13 13:38:19,0.819,,
SPY250613P00600000,2025-06-13 13:38:19,1.28,,
SPY250613P00601000,2025-06-13 13:38:19,1.76,,
SPY250613P00599000,2025-06-13 13:38:23,0.83,,
SPY250613P00600000,2025-06-13 13:38:23,1.28,,
SPY250613P00601000,2025-06-13 13:38:23,1.76,,
SPY250613P00599000,2025-06-13 13:38:28,0.86,,
SPY250613P00600000,2025-06-13 13:38:28,1.31,,
SPY250613P00601000,2025-06-13 13:38:28,1.9,,
SPY250613P00599000,2025-06-13 13:38:32,0.83,,
SPY250613P00600000,2025-06-13 13:38:32,1.28,,
SPY250613P00601000,2025-06-13 13:38:32,1.889,,
SPY250613P00599000,2025-06-13 13:38:36,0.85,,
SPY250613P00600000,2025-06-13 13:38:36,1.29,,
SPY250613P00601000,2025-06-13 13:38:36,1.98,,
SPY250613P00599000,2025-06-13 13:38:40,0.84,,
SPY250613P00600000,2025-06-13 13:38:40,1.3,,
SPY250613P00601000,2025-06-13 13:38:40,1.91,,
SPY250613P00599000,2025-06-13 13:38:44,0.869,,
SPY250613P00600000,2025-06-13 13:38:44,1.33,,
SPY250613P00601000,2025-06-13 13:38:44,1.939,,
SPY250613P00599000,2025-06-13 13:38:48,0.84,,
SPY250613P00600000,2025-06-13 13:38:48,1.29,,
SPY250613P00601000,2025-06-13 13:38:48,1.889,,
SPY250613P00599000,2025-06-13 13:38:52,0.88,,
SPY250613P00600000,2025-06-13 13:38:52,1.32,,
SPY250613P00601000,2025-06-13 13:38:52,1.889,,
SPY250613P00599000,2025-06-13 13:38:56,0.86,,
SPY250613P00600000,2025-06-13 13:38:56,1.37,,
SPY250613P00601000,2025-06-13 13:38:56,1.96,,
SPY250613P00599000,2025-06-13 13:39:00,0.919,,
SPY250613P00600000,2025-06-13 13:39:00,1.39,,
SPY250613P00601000,2025-06-13 13:39:00,1.96,,
SPY250613P00599000,2025-06-13 13:39:04,0.91,,
SPY250613P00600000,2025-06-13 13:39:04,1.32,,
SPY250613P00601000,2025-06-13 13:39:04,2.02,,
SPY250613P00599000,2025-06-13 13:39:08,0.9,,
SPY250613P00600000,2025-06-13 13:39:08,1.33,,
SPY250613P00601000,2025-06-13 13:39:08,2.01,,
SPY250613P00599000,2025-06-13 13:39:12,0.93,,
SPY250613P00600000,2025-06-13 13:39:12,1.4,,
SPY250613P00601000,2025-06-13 13:39:12,1.939,,
SPY250613P00599000,2025-06-13 13:39:16,0.919,,
SPY250613P00600000,2025-06-13 13:39:16,1.34,,
SPY250613P00601000,2025-06-13 13:39:16,1.989,,
SPY250613P00599000,2025-06-13 13:39:21,0.91,,
SPY250613P00600000,2025-06-13 13:39:21,1.37,,
SPY250613P00601000,2025-06-13 13:39:21,1.989,,
SPY250613P00599000,2025-06-13 13:39:26,0.89,,
SPY250613P00600000,2025-06-13 13:39:26,1.33,,
SPY250613P00601000,2025-06-13 13:39:26,1.88,,
SPY250613P00599000,2025-06-13 13:39:31,0.86,,
SPY250613P00600000,2025-06-13 13:39:31,1.27,,
SPY250613P00601000,2025-06-13 13:39:31,1.93,,
SPY250613P00599000,2025-06-13 13:39:35,0.86,,
SPY250613P00600000,2025-06-13 13:39:35,1.27,,
SPY250613P00601000,2025-06-13 13:39:35,1.95,,
SPY250613P00599000,2025-06-13 13:39:39,0.88,,
SPY250613P00600000,2025-06-13 13:39:39,1.29,,
SPY250613P00601000,2025-06-13 13:39:39,1.95,,
SPY250613P00599000,2025-06-13 13:39:44,0.88,,
SPY250613P00600000,2025-06-13 13:39:44,1.27,,
SPY250613P00601000,2025-06-13 13:39:44,1.91,,
SPY250613P00599000,2025-06-13 13:39:48,0.84,,
SPY250613P00600000,2025-06-13 13:39:48,1.29,,
SPY250613P00601000,2025-06-13 13:39:48,1.91,,
SPY250613P00599000,2025-06-13 13:39:52,0.88,,
SPY250613P00600000,2025-06-13 13:39:52,1.32,,
SPY250613P00601000,2025-06-13 13:39:52,1.95,,
SPY250613P00599000,2025-06-13 13:39:56,0.83,,
SPY250613P00600000,2025-06-13 13:39:56,1.33,,
SPY250613P00601000,2025-06-13 13:39:56,1.95,,
SPY250613P00599000,2025-06-13 13:40:00,0.89,,
SPY250613P00600000,2025-06-13 13:40:00,1.36,,
SPY250613P00601000,2025-06-13 13:40:00,1.92,,
SPY250613P00599000,2025-06-13 13:40:05,0.869,,
SPY250613P00600000,2025-06-13 13:40:05,1.29,,
SPY250613P00601000,2025-06-13 13:40:05,1.92,,
SPY250613P00599000,2025-06-13 13:40:09,0.85,,
SPY250613P00600000,2025-06-13 13:40:09,1.36,,
SPY250613P00601000,2025-06-13 13:40:09,1.95,,
SPY250613P00599000,2025-06-13 13:40:13,0.88,,
SPY250613P00600000,2025-06-13 13:40:13,1.34,,
SPY250613P00601000,2025-06-13 13:40:13,1.96,,
SPY250613P00599000,2025-06-13 13:40:17,0.88,,
SPY250613P00600000,2025-06-13 13:40:17,1.39,,
SPY250613P00601000,2025-06-13 13:40:17,1.96,,
SPY250613P00599000,2025-06-13 13:40:21,0.969,,
SPY250613P00600000,2025-06-13 13:40:21,1.37,,
SPY250613P00601000,2025-06-13 13:40:21,1.98,,
SPY250613P00599000,2025-06-13 13:40:25,0.89,,
SPY250613P00600000,2025-06-13 13:40:25,1.32,,
SPY250613P00601000,2025-06-13 13:40:25,1.98,,
SPY250613P00599000,2025-06-13 13:40:30,0.9,,
SPY250613P00600000,2025-06-13 13:40:30,1.36,,
SPY250613P00601000,2025-06-13 13:40:30,1.96,,
SPY250613P00599000,2025-06-13 13:40:34,0.85,,
SPY250613P00600000,2025-06-13 13:40:34,1.35,,
SPY250613P00601000,2025-06-13 13:40:34,1.96,,
SPY250613P00599000,2025-06-13 13:40:38,0.85,,
SPY250613P00600000,2025-06-13 13:40:38,1.29,,
SPY250613P00601000,2025-06-13 13:40:38,1.96,,
SPY250613P00599000,2025-06-13 13:40:42,0.84,,
SPY250613P00600000,2025-06-13 13:40:42,1.3,,
SPY250613P00601000,2025-06-13 13:40:42,1.93,,
SPY250613P00599000,2025-06-13 13:40:46,0.88,,
SPY250613P00600000,2025-06-13 13:40:46,1.29,,
SPY250613P00601000,2025-06-13 13:40:46,1.93,,
SPY250613P00599000,2025-06-13 13:40:50,0.78,,
SPY250613P00600000,2025-06-13 13:40:50,1.28,,
SPY250613P00601000,2025-06-13 13:40:50,1.9,,
SPY250613P00599000,2025-06-13 13:40:54,0.79,,
SPY250613P00600000,2025-06-13 13:40:54,1.19,,
SPY250613P00601000,2025-06-13 13:40:54,1.83,,
SPY250613P00599000,2025-06-13 13:40:58,0.8,,
SPY250613P00600000,2025-06-13 13:40:58,1.22,,
SPY250613P00601000,2025-06-13 13:40:58,1.77,,
SPY250613P00599000,2025-06-13 13:41:02,0.77,,
SPY250613P00600000,2025-06-13 13:41:02,1.21,,
SPY250613P00601000,2025-06-13 13:41:02,1.85,,
SPY250613P00599000,2025-06-13 13:41:06,0.819,,
SPY250613P00600000,2025-06-13 13:41:06,1.28,,
SPY250613P00601000,2025-06-13 13:41:06,1.88,,
SPY250613P00599000,2025-06-13 13:41:10,0.76,,
SPY250613P00600000,2025-06-13 13:41:10,1.22,,
SPY250613P00601000,2025-06-13 13:41:10,1.81,,
SPY250613P00599000,2025-06-13 13:41:14,0.84,,
SPY250613P00600000,2025-06-13 13:41:14,1.28,,
SPY250613P00601000,2025-06-13 13:41:14,1.86,,
SPY250613P00599000,2025-06-13 13:41:18,0.81,,
SPY250613P00600000,2025-06-13 13:41:18,1.31,,
SPY250613P00601000,2025-06-13 13:41:18,1.93,,
SPY250613P00599000,2025-06-13 13:41:22,0.81,,
SPY250613P00600000,2025-06-13 13:41:22,1.3,,
SPY250613P00601000,2025-06-13 13:41:22,1.93,,
SPY250613P00599000,2025-06-13 13:41:26,0.86,,
SPY250613P00600000,2025-06-13 13:41:26,1.28,,
SPY250613P00601000,2025-06-13 13:41:26,1.95,,
SPY250613P00599000,2025-06-13 13:41:30,0.86,,
SPY250613P00600000,2025-06-13 13:41:30,1.28,,
SPY250613P00601000,2025-06-13 13:41:30,1.93,,
SPY250613P00599000,2025-06-13 13:41:34,0.79,,
SPY250613P00600000,2025-06-13 13:41:34,1.27,,
SPY250613P00601000,2025-06-13 13:41:34,1.93,,
SPY250613P00599000,2025-06-13 13:41:38,0.81,,
SPY250613P00600000,2025-06-13 13:41:38,1.31,,
SPY250613P00601000,2025-06-13 13:41:38,1.88,,
SPY250613P00599000,2025-06-13 13:41:43,0.83,,
SPY250613P00600000,2025-06-13 13:41:43,1.24,,
SPY250613P00601000,2025-06-13 13:41:43,1.88,,
SPY250613P00599000,2025-06-13 13:41:47,0.83,,
SPY250613P00600000,2025-06-13 13:41:47,1.26,,
SPY250613P00601000,2025-06-13 13:41:47,1.839,,
SPY250613P00599000,2025-06-13 13:41:51,0.78,,
SPY250613P00600000,2025-06-13 13:41:51,1.26,,
SPY250613P00601000,2025-06-13 13:41:51,1.83,,
SPY250613P00599000,2025-06-13 13:41:55,0.83,,
SPY250613P00600000,2025-06-13 13:41:55,,,
SPY250613P00601000,2025-06-13 13:41:55,1.82,,
SPY250613P00599000,2025-06-13 13:42:12,0.79,,
SPY250613P00600000,2025-06-13 13:42:12,1.21,,
SPY250613P00601000,2025-06-13 13:42:12,1.839,,
SPY250613P00599000,2025-06-13 13:42:17,0.78,,
SPY250613P00600000,2025-06-13 13:42:17,1.19,,
SPY250613P00601000,2025-06-13 13:42:17,1.8,,
SPY250613P00599000,2025-06-13 13:42:21,0.71,,
SPY250613P00600000,2025-06-13 13:42:21,1.12,,
SPY250613P00601000,2025-06-13 13:42:21,1.7,,
SPY250613P00599000,2025-06-13 13:42:25,0.74,,
SPY250613P00600000,2025-06-13 13:42:25,1.15,,
SPY250613P00601000,2025-06-13 13:42:25,1.71,,
SPY250613P00599000,2025-06-13 13:42:29,0.74,,
SPY250613P00600000,2025-06-13 13:42:29,1.11,,
SPY250613P00601000,2025-06-13 13:42:29,1.739,,
SPY250613P00599000,2025-06-13 13:42:33,0.74,,
SPY250613P00600000,2025-06-13 13:42:33,1.14,,
SPY250613P00601000,2025-06-13 13:42:33,1.739,,
SPY250613P00599000,2025-06-13 13:42:37,0.69,,
SPY250613P00600000,2025-06-13 13:42:37,1.12,,
SPY250613P00601000,2025-06-13 13:42:37,1.67,,
SPY250613P00599000,2025-06-13 13:42:41,0.83,,
SPY250613P00600000,2025-06-13 13:42:41,1.28,,
SPY250613P00601000,2025-06-13 13:42:41,1.67,,
SPY250613P00599000,2025-06-13 13:42:45,0.8,,
SPY250613P00600000,2025-06-13 13:42:45,1.29,,
SPY250613P00601000,2025-06-13 13:42:45,1.86,,
SPY250613P00599000,2025-06-13 13:42:49,0.8,,
SPY250613P00600000,2025-06-13 13:42:49,1.29,,
SPY250613P00601000,2025-06-13 13:42:49,1.839,,
SPY250613P00599000,2025-06-13 13:42:53,0.81,,
SPY250613P00600000,2025-06-13 13:42:53,1.29,,
SPY250613P00601000,2025-06-13 13:42:53,1.839,,
SPY250613P00599000,2025-06-13 13:42:57,0.81,,
SPY250613P00600000,2025-06-13 13:42:57,1.28,,
SPY250613P00601000,2025-06-13 13:42:57,1.93,,
SPY250613P00599000,2025-06-13 13:43:01,0.869,,
SPY250613P00600000,2025-06-13 13:43:01,1.29,,
SPY250613P00601000,2025-06-13 13:43:01,1.93,,
SPY250613P00599000,2025-06-13 13:43:05,0.85,,
SPY250613P00600000,2025-06-13 13:43:05,,,
SPY250613P00601000,2025-06-13 13:43:05,1.92,,
SPY250613P00599000,2025-06-13 13:43:19,0.819,,
SPY250613P00600000,2025-06-13 13:43:19,1.3,,
SPY250613P00601000,2025-06-13 13:43:19,1.939,,
SPY250613P00599000,2025-06-13 13:43:23,0.819,,
SPY250613P00600000,2025-06-13 13:43:23,1.31,,
SPY250613P00601000,2025-06-13 13:43:23,1.95,,
SPY250613P00599000,2025-06-13 13:43:27,0.819,,
SPY250613P00600000,2025-06-13 13:43:27,1.21,,
SPY250613P00601000,2025-06-13 13:43:27,1.82,,
SPY250613P00599000,2025-06-13 13:43:31,0.76,,
SPY250613P00600000,2025-06-13 13:43:31,1.18,,
SPY250613P00601000,2025-06-13 13:43:31,1.73,,
SPY250613P00599000,2025-06-13 13:43:35,0.77,,
SPY250613P00600000,2025-06-13 13:43:35,1.17,,
SPY250613P00601000,2025-06-13 13:43:35,1.72,,
SPY250613P00599000,2025-06-13 13:43:39,0.78,,
SPY250613P00600000,2025-06-13 13:43:39,1.24,,
SPY250613P00601000,2025-06-13 13:43:39,1.789,,
SPY250613P00599000,2025-06-13 13:43:43,0.8,,
SPY250613P00600000,2025-06-13 13:43:43,1.23,,
SPY250613P00601000,2025-06-13 13:43:43,1.82,,
SPY250613P00599000,2025-06-13 13:43:47,0.79,,
SPY250613P00600000,2025-06-13 13:43:47,1.23,,
SPY250613P00601000,2025-06-13 13:43:47,1.81,,
SPY250613P00599000,2025-06-13 13:43:51,0.79,,
SPY250613P00600000,2025-06-13 13:43:51,1.18,,
SPY250613P00601000,2025-06-13 13:43:51,1.81,,
SPY250613P00599000,2025-06-13 13:43:56,0.78,,
SPY250613P00600000,2025-06-13 13:43:56,1.16,,
SPY250613P00601000,2025-06-13 13:43:56,1.82,,
SPY250613P00599000,2025-06-13 13:44:00,0.869,,
SPY250613P00600000,2025-06-13 13:44:00,1.25,,
SPY250613P00601000,2025-06-13 13:44:00,2.03,,
SPY250613P00599000,2025-06-13 13:44:04,0.89,,
SPY250613P00600000,2025-06-13 13:44:04,1.39,,
SPY250613P00601000,2025-06-13 13:44:04,1.95,,
SPY250613P00599000,2025-06-13 13:44:08,0.9,,
SPY250613P00600000,2025-06-13 13:44:08,,,
SPY250613P00601000,2025-06-13 13:44:08,2.16,,
SPY250613P00599000,2025-06-13 13:44:21,1.08,,
SPY250613P00600000,2025-06-13 13:44:21,1.57,,
SPY250613P00601000,2025-06-13 13:44:21,2.29,,
SPY250613P00599000,2025-06-13 13:44:25,1.09,,
SPY250613P00600000,2025-06-13 13:44:25,1.58,,
SPY250613P00601000,2025-06-13 13:44:25,2.32,,
SPY250613P00599000,2025-06-13 13:44:29,1.07,,
SPY250613P00600000,2025-06-13 13:44:29,1.56,,
SPY250613P00601000,2025-06-13 13:44:29,2.21,,
SPY250613P00599000,2025-06-13 13:44:33,1.09,,
SPY250613P00600000,2025-06-13 13:44:33,1.58,,
SPY250613P00601000,2025-06-13 13:44:33,2.24,,
SPY250613P00599000,2025-06-13 13:44:37,1.11,,
SPY250613P00600000,2025-06-13 13:44:37,1.61,,
SPY250613P00601000,2025-06-13 13:44:37,2.22,,
SPY250613P00599000,2025-06-13 13:44:41,1.07,,
SPY250613P00600000,2025-06-13 13:44:41,1.53,,
SPY250613P00601000,2025-06-13 13:44:41,2.24,,
SPY250613P00599000,2025-06-13 13:44:45,1.019,,
SPY250613P00600000,2025-06-13 13:44:45,1.44,,
SPY250613P00601000,2025-06-13 13:44:45,2.07,,
SPY250613P00599000,2025-06-13 13:44:50,0.94,,
SPY250613P00600000,2025-06-13 13:44:50,1.4,,
SPY250613P00601000,2025-06-13 13:44:50,2.07,,
SPY250613P00599000,2025-06-13 13:44:54,0.919,,
SPY250613P00600000,2025-06-13 13:44:54,1.38,,
SPY250613P00601000,2025-06-13 13:44:54,2.07,,
SPY250613P00599000,2025-06-13 13:44:58,0.869,,
SPY250613P00600000,2025-06-13 13:44:58,1.35,,
SPY250613P00601000,2025-06-13 13:44:58,1.96,,
SPY250613P00599000,2025-06-13 13:45:02,0.91,,
SPY250613P00600000,2025-06-13 13:45:02,1.33,,
SPY250613P00601000,2025-06-13 13:45:02,2.02,,
SPY250613P00599000,2025-06-13 13:45:06,0.919,,
SPY250613P00600000,2025-06-13 13:45:06,1.32,,
SPY250613P00601000,2025-06-13 13:45:06,1.98,,
SPY250613P00599000,2025-06-13 13:45:10,0.819,,
SPY250613P00600000,2025-06-13 13:45:10,1.28,,
SPY250613P00601000,2025-06-13 13:45:10,1.91,,
SPY250613P00599000,2025-06-13 13:45:14,0.85,,
SPY250613P00600000,2025-06-13 13:45:14,1.28,,
SPY250613P00601000,2025-06-13 13:45:14,1.87,,
SPY250613P00599000,2025-06-13 13:45:18,0.81,,
SPY250613P00600000,2025-06-13 13:45:18,1.22,,
SPY250613P00601000,2025-06-13 13:45:18,1.87,,
SPY250613P00599000,2025-06-13 13:45:22,0.78,,
SPY250613P00600000,2025-06-13 13:45:22,1.22,,
SPY250613P00601000,2025-06-13 13:45:22,1.87,,
SPY250613P00599000,2025-06-13 13:45:26,0.819,,
SPY250613P00600000,2025-06-13 13:45:26,1.27,,
SPY250613P00601000,2025-06-13 13:45:26,1.839,,
SPY250613P00599000,2025-06-13 13:45:30,0.8,,
SPY250613P00600000,2025-06-13 13:45:30,1.24,,
SPY250613P00601000,2025-06-13 13:45:30,1.839,,
SPY250613P00599000,2025-06-13 13:45:34,0.8,,
SPY250613P00600000,2025-06-13 13:45:34,1.28,,
SPY250613P00601000,2025-06-13 13:45:34,1.88,,
SPY250613P00599000,2025-06-13 13:45:38,0.79,,
SPY250613P00600000,2025-06-13 13:45:38,1.26,,
SPY250613P00601000,2025-06-13 13:45:38,1.86,,
SPY250613P00599000,2025-06-13 13:45:42,0.79,,
SPY250613P00600000,2025-06-13 13:45:42,1.25,,
SPY250613P00601000,2025-06-13 13:45:42,1.83,,
SPY250613P00599000,2025-06-13 13:45:46,0.77,,
SPY250613P00600000,2025-06-13 13:45:46,1.22,,
SPY250613P00601000,2025-06-13 13:45:46,1.81,,
SPY250613P00599000,2025-06-13 13:45:50,0.79,,
SPY250613P00600000,2025-06-13 13:45:50,1.25,,
SPY250613P00601000,2025-06-13 13:45:50,1.86,,
SPY250613P00599000,2025-06-13 13:45:55,0.8,,
SPY250613P00600000,2025-06-13 13:45:55,1.28,,
SPY250613P00601000,2025-06-13 13:45:55,1.86,,
SPY250613P00599000,2025-06-13 13:45:59,0.81,,
SPY250613P00600000,2025-06-13 13:45:59,1.21,,
SPY250613P00601000,2025-06-13 13:45:59,1.81,,
SPY250613P00599000,2025-06-13 13:46:03,0.8,,
SPY250613P00600000,2025-06-13 13:46:03,1.3,,
SPY250613P00601000,2025-06-13 13:46:03,1.9,,
SPY250613P00599000,2025-06-13 13:46:07,0.79,,
SPY250613P00600000,2025-06-13 13:46:07,1.26,,
SPY250613P00601000,2025-06-13 13:46:07,1.9,,
SPY250613P00599000,2025-06-13 13:46:11,0.85,,
SPY250613P00600000,2025-06-13 13:46:11,1.36,,
SPY250613P00601000,2025-06-13 13:46:11,1.9,,
SPY250613P00599000,2025-06-13 13:46:15,0.83,,
SPY250613P00600000,2025-06-13 13:46:15,1.3,,
SPY250613P00601000,2025-06-13 13:46:15,1.88,,
SPY250613P00599000,2025-06-13 13:46:19,0.88,,
SPY250613P00600000,2025-06-13 13:46:19,1.29,,
SPY250613P00601000,2025-06-13 13:46:19,1.9,,
SPY250613P00599000,2025-06-13 13:46:23,0.869,,
SPY250613P00600000,2025-06-13 13:46:23,1.32,,
SPY250613P00601000,2025-06-13 13:46:23,1.95,,
SPY250613P00599000,2025-06-13 13:46:27,0.85,,
SPY250613P00600000,2025-06-13 13:46:27,1.28,,
SPY250613P00601000,2025-06-13 13:46:27,1.88,,
SPY250613P00599000,2025-06-13 13:46:31,0.9,,
SPY250613P00600000,2025-06-13 13:46:31,1.35,,
SPY250613P00601000,2025-06-13 13:46:31,1.889,,
SPY250613P00599000,2025-06-13 13:46:35,0.88,,
SPY250613P00600000,2025-06-13 13:46:35,1.34,,
SPY250613P00601000,2025-06-13 13:46:35,1.95,,
SPY250613P00599000,2025-06-13 13:46:39,0.869,,
SPY250613P00600000,2025-06-13 13:46:39,1.36,,
SPY250613P00601000,2025-06-13 13:46:39,1.939,,
SPY250613P00599000,2025-06-13 13:46:43,0.88,,
SPY250613P00600000,2025-06-13 13:46:43,1.29,,
SPY250613P00601000,2025-06-13 13:46:43,1.989,,
SPY250613P00599000,2025-06-13 13:46:47,0.86,,
SPY250613P00600000,2025-06-13 13:46:47,1.3,,
SPY250613P00601000,2025-06-13 13:46:47,1.989,,
SPY250613P00599000,2025-06-13 13:46:51,0.83,,
SPY250613P00600000,2025-06-13 13:46:51,1.28,,
SPY250613P00601000,2025-06-13 13:46:51,1.989,,
SPY250613P00599000,2025-06-13 13:46:55,0.86,,
SPY250613P00600000,2025-06-13 13:46:55,1.3,,
SPY250613P00601000,2025-06-13 13:46:55,1.87,,
SPY250613P00599000,2025-06-13 13:46:59,0.86,,
SPY250613P00600000,2025-06-13 13:46:59,1.31,,
SPY250613P00601000,2025-06-13 13:46:59,1.87,,
SPY250613P00599000,2025-06-13 13:47:03,0.85,,
SPY250613P00600000,2025-06-13 13:47:03,1.28,,
SPY250613P00601000,2025-06-13 13:47:03,1.88,,
SPY250613P00599000,2025-06-13 13:47:07,0.84,,
SPY250613P00600000,2025-06-13 13:47:07,1.26,,
SPY250613P00601000,2025-06-13 13:47:07,1.9,,
SPY250613P00599000,2025-06-13 13:47:12,0.83,,
SPY250613P00600000,2025-06-13 13:47:12,1.33,,
SPY250613P00601000,2025-06-13 13:47:12,1.91,,
SPY250613P00599000,2025-06-13 13:47:16,0.89,,
SPY250613P00600000,2025-06-13 13:47:16,1.38,,
SPY250613P00601000,2025-06-13 13:47:16,1.91,,
SPY250613P00599000,2025-06-13 13:47:20,0.919,,
SPY250613P00600000,2025-06-13 13:47:20,1.34,,
SPY250613P00601000,2025-06-13 13:47:20,1.96,,
SPY250613P00599000,2025-06-13 13:47:24,0.919,,
SPY250613P00600000,2025-06-13 13:47:24,1.34,,
SPY250613P00601000,2025-06-13 13:47:24,1.939,,
SPY250613P00599000,2025-06-13 13:47:28,0.91,,
SPY250613P00600000,2025-06-13 13:47:28,1.37,,
SPY250613P00601000,2025-06-13 13:47:28,2.01,,
SPY250613P00599000,2025-06-13 13:47:32,0.91,,
SPY250613P00600000,2025-06-13 13:47:32,1.33,,
SPY250613P00601000,2025-06-13 13:47:32,2.01,,
SPY250613P00599000,2025-06-13 13:47:36,0.819,,
SPY250613P00600000,2025-06-13 13:47:36,1.32,,
SPY250613P00601000,2025-06-13 13:47:36,2.01,,
SPY250613P00599000,2025-06-13 13:47:40,0.819,,
SPY250613P00600000,2025-06-13 13:47:40,1.32,,
SPY250613P00601000,2025-06-13 13:47:40,2.01,,
SPY250613P00599000,2025-06-13 13:47:45,0.88,,
SPY250613P00600000,2025-06-13 13:47:45,1.3,,
SPY250613P00601000,2025-06-13 13:47:45,2.01,,
SPY250613P00599000,2025-06-13 13:47:49,0.9,,
SPY250613P00600000,2025-06-13 13:47:49,1.35,,
SPY250613P00601000,2025-06-13 13:47:49,2.01,,
SPY250613P00599000,2025-06-13 13:47:53,0.9,,
SPY250613P00600000,2025-06-13 13:47:53,1.37,,
SPY250613P00601000,2025-06-13 13:47:53,2.02,,
SPY250613P00599000,2025-06-13 13:47:57,0.86,,
SPY250613P00600000,2025-06-13 13:47:57,1.37,,
SPY250613P00601000,2025-06-13 13:47:57,1.95,,
SPY250613P00599000,2025-06-13 13:48:01,0.83,,
SPY250613P00600000,2025-06-13 13:48:01,1.29,,
SPY250613P00601000,2025-06-13 13:48:01,1.95,,
SPY250613P00599000,2025-06-13 13:48:05,0.83,,
SPY250613P00600000,2025-06-13 13:48:05,1.3,,
SPY250613P00601000,2025-06-13 13:48:05,1.95,,
SPY250613P00599000,2025-06-13 13:48:09,0.89,,
SPY250613P00600000,2025-06-13 13:48:09,1.31,,
SPY250613P00601000,2025-06-13 13:48:09,1.95,,
SPY250613P00599000,2025-06-13 13:48:13,0.91,,
SPY250613P00600000,2025-06-13 13:48:13,1.33,,
SPY250613P00601000,2025-06-13 13:48:13,1.95,,
SPY250613P00599000,2025-06-13 13:48:17,0.86,,
SPY250613P00600000,2025-06-13 13:48:17,1.31,,
SPY250613P00601000,2025-06-13 13:48:17,1.939,,
SPY250613P00599000,2025-06-13 13:48:21,0.869,,
SPY250613P00600000,2025-06-13 13:48:21,1.35,,
SPY250613P00601000,2025-06-13 13:48:21,1.97,,
SPY250613P00599000,2025-06-13 13:48:25,0.85,,
SPY250613P00600000,2025-06-13 13:48:25,1.36,,
SPY250613P00601000,2025-06-13 13:48:25,1.96,,
SPY250613P00599000,2025-06-13 13:48:29,0.9,,
SPY250613P00600000,2025-06-13 13:48:29,1.37,,
SPY250613P00601000,2025-06-13 13:48:29,1.98,,
SPY250613P00599000,2025-06-13 13:48:33,0.84,,
SPY250613P00600000,2025-06-13 13:48:33,1.31,,
SPY250613P00601000,2025-06-13 13:48:33,1.989,,
SPY250613P00599000,2025-06-13 13:48:37,0.88,,
SPY250613P00600000,2025-06-13 13:48:37,1.28,,
SPY250613P00601000,2025-06-13 13:48:37,1.93,,
SPY250613P00599000,2025-06-13 13:48:41,0.869,,
SPY250613P00600000,2025-06-13 13:48:41,1.3,,
SPY250613P00601000,2025-06-13 13:48:41,1.96,,
SPY250613P00599000,2025-06-13 13:48:45,0.83,,
SPY250613P00600000,2025-06-13 13:48:45,1.28,,
SPY250613P00601000,2025-06-13 13:48:45,1.96,,
SPY250613P00599000,2025-06-13 13:48:49,0.83,,
SPY250613P00600000,2025-06-13 13:48:49,1.32,,
SPY250613P00601000,2025-06-13 13:48:49,1.96,,
SPY250613P00599000,2025-06-13 13:48:53,0.89,,
SPY250613P00600000,2025-06-13 13:48:53,1.3,,
SPY250613P00601000,2025-06-13 13:48:53,1.96,,
SPY250613P00599000,2025-06-13 13:48:58,0.85,,
SPY250613P00600000,2025-06-13 13:48:58,1.31,,
SPY250613P00601000,2025-06-13 13:48:58,1.96,,
SPY250613P00599000,2025-06-13 13:49:02,0.91,,
SPY250613P00600000,2025-06-13 13:49:02,1.35,,
SPY250613P00601000,2025-06-13 13:49:02,2.0,,
SPY250613P00599000,2025-06-13 13:49:06,0.91,,
SPY250613P00600000,2025-06-13 13:49:06,1.34,,
SPY250613P00601000,2025-06-13 13:49:06,2.03,,
SPY250613P00599000,2025-06-13 13:49:10,0.919,,
SPY250613P00600000,2025-06-13 13:49:10,1.37,,
SPY250613P00601000,2025-06-13 13:49:10,2.06,,
SPY250613P00599000,2025-06-13 13:49:14,0.94,,
SPY250613P00600000,2025-06-13 13:49:14,1.43,,
SPY250613P00601000,2025-06-13 13:49:14,2.06,,
SPY250613P00599000,2025-06-13 13:49:18,0.919,,
SPY250613P00600000,2025-06-13 13:49:18,1.42,,
SPY250613P00601000,2025-06-13 13:49:18,2.08,,
SPY250613P00599000,2025-06-13 13:49:22,0.919,,
SPY250613P00600000,2025-06-13 13:49:22,1.41,,
SPY250613P00601000,2025-06-13 13:49:22,1.989,,
SPY250613P00599000,2025-06-13 13:49:26,0.88,,
SPY250613P00600000,2025-06-13 13:49:26,1.37,,
SPY250613P00601000,2025-06-13 13:49:26,2.0,,
SPY250613P00599000,2025-06-13 13:49:30,0.919,,
SPY250613P00600000,2025-06-13 13:49:30,1.37,,
SPY250613P00601000,2025-06-13 13:49:30,2.039,,
SPY250613P00599000,2025-06-13 13:49:34,0.93,,
SPY250613P00600000,2025-06-13 13:49:34,1.42,,
SPY250613P00601000,2025-06-13 13:49:34,2.0,,
SPY250613P00599000,2025-06-13 13:49:38,0.88,,
SPY250613P00600000,2025-06-13 13:49:38,1.4,,
SPY250613P00601000,2025-06-13 13:49:38,2.07,,
SPY250613P00599000,2025-06-13 13:49:42,0.88,,
SPY250613P00600000,2025-06-13 13:49:42,1.36,,
SPY250613P00601000,2025-06-13 13:49:42,2.07,,
SPY250613P00599000,2025-06-13 13:49:46,0.869,,
SPY250613P00600000,2025-06-13 13:49:46,1.35,,
SPY250613P00601000,2025-06-13 13:49:46,2.039,,
SPY250613P00599000,2025-06-13 13:49:50,0.89,,
SPY250613P00600000,2025-06-13 13:49:50,1.36,,
SPY250613P00601000,2025-06-13 13:49:50,1.95,,
SPY250613P00599000,2025-06-13 13:49:54,0.85,,
SPY250613P00600000,2025-06-13 13:49:54,1.38,,
SPY250613P00601000,2025-06-13 13:49:54,2.01,,
SPY250613P00599000,2025-06-13 13:49:59,0.9,,
SPY250613P00600000,2025-06-13 13:49:59,1.33,,
SPY250613P00601000,2025-06-13 13:49:59,2.01,,
SPY250613P00599000,2025-06-13 13:50:02,0.91,,
SPY250613P00600000,2025-06-13 13:50:02,1.35,,
SPY250613P00601000,2025-06-13 13:50:02,2.05,,
SPY250613P00599000,2025-06-13 13:50:07,0.89,,
SPY250613P00600000,2025-06-13 13:50:07,1.36,,
SPY250613P00601000,2025-06-13 13:50:07,2.02,,
SPY250613P00599000,2025-06-13 13:50:11,0.86,,
SPY250613P00600000,2025-06-13 13:50:11,1.32,,
SPY250613P00601000,2025-06-13 13:50:11,1.95,,
SPY250613P00599000,2025-06-13 13:50:15,0.81,,
SPY250613P00600000,2025-06-13 13:50:15,1.27,,
SPY250613P00601000,2025-06-13 13:50:15,1.93,,
SPY250613P00599000,2025-06-13 13:50:19,0.88,,
SPY250613P00600000,2025-06-13 13:50:19,1.31,,
SPY250613P00601000,2025-06-13 13:50:19,1.94,,
SPY250613P00599000,2025-06-13 13:50:23,0.86,,
SPY250613P00600000,2025-06-13 13:50:23,1.33,,
SPY250613P00601000,2025-06-13 13:50:23,1.939,,
SPY250613P00599000,2025-06-13 13:50:27,0.86,,
SPY250613P00600000,2025-06-13 13:50:27,1.31,,
SPY250613P00601000,2025-06-13 13:50:27,1.89,,
SPY250613P00599000,2025-06-13 13:50:31,0.8,,
SPY250613P00600000,2025-06-13 13:50:31,1.3,,
SPY250613P00601000,2025-06-13 13:50:31,1.95,,
SPY250613P00599000,2025-06-13 13:50:35,0.83,,
SPY250613P00600000,2025-06-13 13:50:35,1.26,,
SPY250613P00601000,2025-06-13 13:50:35,1.889,,
SPY250613P00599000,2025-06-13 13:50:39,0.78,,
SPY250613P00600000,2025-06-13 13:50:39,1.22,,
SPY250613P00601000,2025-06-13 13:50:39,1.78,,
SPY250613P00599000,2025-06-13 13:50:43,0.76,,
SPY250613P00600000,2025-06-13 13:50:43,1.22,,
SPY250613P00601000,2025-06-13 13:50:43,1.78,,
SPY250613P00599000,2025-06-13 13:50:47,0.77,,
SPY250613P00600000,2025-06-13 13:50:47,1.19,,
SPY250613P00601000,2025-06-13 13:50:47,1.78,,
SPY250613P00599000,2025-06-13 13:50:51,0.78,,
SPY250613P00600000,2025-06-13 13:50:51,1.19,,
SPY250613P00601000,2025-06-13 13:50:51,1.78,,
SPY250613P00599000,2025-06-13 13:50:55,0.75,,
SPY250613P00600000,2025-06-13 13:50:55,1.11,,
SPY250613P00601000,2025-06-13 13:50:55,1.78,,
SPY250613P00599000,2025-06-13 13:50:59,0.73,,
SPY250613P00600000,2025-06-13 13:50:59,1.14,,
SPY250613P00601000,2025-06-13 13:50:59,1.78,,
SPY250613P00599000,2025-06-13 13:51:03,0.7,,
SPY250613P00600000,2025-06-13 13:51:03,1.1,,
SPY250613P00601000,2025-06-13 13:51:03,1.689,,
SPY250613P00599000,2025-06-13 13:51:07,0.66,,
SPY250613P00600000,2025-06-13 13:51:07,1.05,,
SPY250613P00601000,2025-06-13 13:51:07,1.66,,
SPY250613P00599000,2025-06-13 13:51:11,0.67,,
SPY250613P00600000,2025-06-13 13:51:11,1.05,,
SPY250613P00601000,2025-06-13 13:51:11,1.63,,
SPY250613P00599000,2025-06-13 13:51:15,0.63,,
SPY250613P00600000,2025-06-13 13:51:15,1.04,,
SPY250613P00601000,2025-06-13 13:51:15,1.61,,
SPY250613P00599000,2025-06-13 13:51:19,0.63,,
SPY250613P00600000,2025-06-13 13:51:19,0.969,,
SPY250613P00601000,2025-06-13 13:51:19,1.48,,
SPY250613P00599000,2025-06-13 13:51:24,0.61,,
SPY250613P00600000,2025-06-13 13:51:24,0.969,,
SPY250613P00601000,2025-06-13 13:51:24,1.47,,
SPY250613P00599000,2025-06-13 13:51:28,0.61,,
SPY250613P00600000,2025-06-13 13:51:28,0.93,,
SPY250613P00601000,2025-06-13 13:51:28,1.51,,
SPY250613P00599000,2025-06-13 13:51:32,0.6,,
SPY250613P00600000,2025-06-13 13:51:32,0.96,,
SPY250613P00601000,2025-06-13 13:51:32,1.51,,
SPY250613P00599000,2025-06-13 13:51:36,0.6,,
SPY250613P00600000,2025-06-13 13:51:36,0.94,,
SPY250613P00601000,2025-06-13 13:51:36,1.51,,
SPY250613P00599000,2025-06-13 13:51:40,0.6,,
SPY250613P00600000,2025-06-13 13:51:40,0.95,,
SPY250613P00601000,2025-06-13 13:51:40,1.49,,
SPY250613P00599000,2025-06-13 13:51:44,0.63,,
SPY250613P00600000,2025-06-13 13:51:44,0.98,,
SPY250613P00601000,2025-06-13 13:51:44,1.49,,
SPY250613P00599000,2025-06-13 13:51:48,0.66,,
SPY250613P00600000,2025-06-13 13:51:48,1.03,,
SPY250613P00601000,2025-06-13 13:51:48,1.59,,
SPY250613P00599000,2025-06-13 13:51:52,0.63,,
SPY250613P00600000,2025-06-13 13:51:52,1.0,,
SPY250613P00601000,2025-06-13 13:51:52,1.59,,
SPY250613P00599000,2025-06-13 13:51:56,0.62,,
SPY250613P00600000,2025-06-13 13:51:56,1.0,,
SPY250613P00601000,2025-06-13 13:51:56,1.53,,
SPY250613P00599000,2025-06-13 13:52:00,0.62,,
SPY250613P00600000,2025-06-13 13:52:00,0.98,,
SPY250613P00601000,2025-06-13 13:52:00,1.53,,
SPY250613P00599000,2025-06-13 13:52:05,0.61,,
SPY250613P00600000,2025-06-13 13:52:05,0.969,,
SPY250613P00601000,2025-06-13 13:52:05,1.53,,
SPY250613P00599000,2025-06-13 13:52:09,0.56,,
SPY250613P00600000,2025-06-13 13:52:09,0.94,,
SPY250613P00601000,2025-06-13 13:52:09,1.49,,
SPY250613P00599000,2025-06-13 13:52:13,0.59,,
SPY250613P00600000,2025-06-13 13:52:13,0.94,,
SPY250613P00601000,2025-06-13 13:52:13,1.49,,
SPY250613P00599000,2025-06-13 13:52:17,0.59,,
SPY250613P00600000,2025-06-13 13:52:17,0.94,,
SPY250613P00601000,2025-06-13 13:52:17,1.49,,
SPY250613P00599000,2025-06-13 13:52:21,0.59,,
SPY250613P00600000,2025-06-13 13:52:21,0.94,,
SPY250613P00601000,2025-06-13 13:52:21,1.49,,
SPY250613P00599000,2025-06-13 13:52:25,0.59,,
SPY250613P00600000,2025-06-13 13:52:25,0.94,,
SPY250613P00601000,2025-06-13 13:52:25,1.49,,
SPY250613P00599000,2025-06-13 13:52:29,0.58,,
SPY250613P00600000,2025-06-13 13:52:29,1.0,,
SPY250613P00601000,2025-06-13 13:52:29,1.54,,
SPY250613P00599000,2025-06-13 13:52:33,0.61,,
SPY250613P00600000,2025-06-13 13:52:33,0.93,,
SPY250613P00601000,2025-06-13 13:52:33,1.46,,
SPY250613P00599000,2025-06-13 13:52:37,0.62,,
SPY250613P00600000,2025-06-13 13:52:37,0.969,,
SPY250613P00601000,2025-06-13 13:52:37,1.51,,
SPY250613P00599000,2025-06-13 13:52:41,0.6,,
SPY250613P00600000,2025-06-13 13:52:41,0.98,,
SPY250613P00601000,2025-06-13 13:52:41,1.52,,
SPY250613P00599000,2025-06-13 13:52:45,0.59,,
SPY250613P00600000,2025-06-13 13:52:45,0.99,,
SPY250613P00601000,2025-06-13 13:52:45,1.55,,
SPY250613P00599000,2025-06-13 13:52:49,0.55,,
SPY250613P00600000,2025-06-13 13:52:49,0.98,,
SPY250613P00601000,2025-06-13 13:52:49,1.47,,
SPY250613P00599000,2025-06-13 13:52:53,0.54,,
SPY250613P00600000,2025-06-13 13:52:53,0.89,,
SPY250613P00601000,2025-06-13 13:52:53,1.48,,
SPY250613P00599000,2025-06-13 13:52:57,0.6,,
SPY250613P00600000,2025-06-13 13:52:57,0.95,,
SPY250613P00601000,2025-06-13 13:52:57,1.47,,
SPY250613P00599000,2025-06-13 13:53:01,0.6,,
SPY250613P00600000,2025-06-13 13:53:01,0.95,,
SPY250613P00601000,2025-06-13 13:53:01,1.45,,
SPY250613P00599000,2025-06-13 13:53:05,0.6,,
SPY250613P00600000,2025-06-13 13:53:05,0.919,,
SPY250613P00601000,2025-06-13 13:53:05,1.49,,
SPY250613P00599000,2025-06-13 13:53:09,0.61,,
SPY250613P00600000,2025-06-13 13:53:09,0.969,,
SPY250613P00601000,2025-06-13 13:53:09,1.51,,
SPY250613P00599000,2025-06-13 13:53:13,0.6,,
SPY250613P00600000,2025-06-13 13:53:13,0.95,,
SPY250613P00601000,2025-06-13 13:53:13,1.45,,
SPY250613P00599000,2025-06-13 13:53:18,0.61,,
SPY250613P00600000,2025-06-13 13:53:18,0.98,,
SPY250613P00601000,2025-06-13 13:53:18,1.51,,
SPY250613P00599000,2025-06-13 13:53:22,0.61,,
SPY250613P00600000,2025-06-13 13:53:22,0.969,,
SPY250613P00601000,2025-06-13 13:53:22,1.5,,
SPY250613P00599000,2025-06-13 13:53:26,0.57,,
SPY250613P00600000,2025-06-13 13:53:26,0.919,,
SPY250613P00601000,2025-06-13 13:53:26,1.51,,
SPY250613P00599000,2025-06-13 13:53:30,0.55,,
SPY250613P00600000,2025-06-13 13:53:30,0.93,,
SPY250613P00601000,2025-06-13 13:53:30,1.44,,
SPY250613P00599000,2025-06-13 13:53:34,0.55,,
SPY250613P00600000,2025-06-13 13:53:34,0.919,,
SPY250613P00601000,2025-06-13 13:53:34,1.46,,
SPY250613P00599000,2025-06-13 13:53:38,0.59,,
SPY250613P00600000,2025-06-13 13:53:38,0.94,,
SPY250613P00601000,2025-06-13 13:53:38,1.48,,
SPY250613P00599000,2025-06-13 13:53:42,0.59,,
SPY250613P00600000,2025-06-13 13:53:42,0.94,,
SPY250613P00601000,2025-06-13 13:53:42,1.46,,
SPY250613P00599000,2025-06-13 13:53:46,0.6,,
SPY250613P00600000,2025-06-13 13:53:46,0.91,,
SPY250613P00601000,2025-06-13 13:53:46,1.48,,
SPY250613P00599000,2025-06-13 13:53:50,0.6,,
SPY250613P00600000,2025-06-13 13:53:50,0.91,,
SPY250613P00601000,2025-06-13 13:53:50,1.48,,
SPY250613P00599000,2025-06-13 13:53:54,0.61,,
SPY250613P00600000,2025-06-13 13:53:54,0.96,,
SPY250613P00601000,2025-06-13 13:53:54,1.46,,
SPY250613P00599000,2025-06-13 13:53:58,0.6,,
SPY250613P00600000,2025-06-13 13:53:58,0.919,,
SPY250613P00601000,2025-06-13 13:53:58,1.5,,
SPY250613P00599000,2025-06-13 13:54:02,0.62,,
SPY250613P00600000,2025-06-13 13:54:02,0.95,,
SPY250613P00601000,2025-06-13 13:54:02,1.48,,
SPY250613P00599000,2025-06-13 13:54:06,0.63,,
SPY250613P00600000,2025-06-13 13:54:06,1.04,,
SPY250613P00601000,2025-06-13 13:54:06,1.63,,
SPY250613P00599000,2025-06-13 13:54:10,0.65,,
SPY250613P00600000,2025-06-13 13:54:10,1.04,,
SPY250613P00601000,2025-06-13 13:54:10,1.6,,
SPY250613P00599000,2025-06-13 13:54:14,0.65,,
SPY250613P00600000,2025-06-13 13:54:14,1.03,,
SPY250613P00601000,2025-06-13 13:54:14,1.58,,
SPY250613P00599000,2025-06-13 13:54:18,0.62,,
SPY250613P00600000,2025-06-13 13:54:18,0.99,,
SPY250613P00601000,2025-06-13 13:54:18,1.54,,
SPY250613P00599000,2025-06-13 13:54:23,0.63,,
SPY250613P00600000,2025-06-13 13:54:23,0.95,,
SPY250613P00601000,2025-06-13 13:54:23,1.54,,
SPY250613P00599000,2025-06-13 13:54:27,0.62,,
SPY250613P00600000,2025-06-13 13:54:27,0.98,,
SPY250613P00601000,2025-06-13 13:54:27,1.53,,
SPY250613P00599000,2025-06-13 13:54:31,0.62,,
SPY250613P00600000,2025-06-13 13:54:31,0.99,,
SPY250613P00601000,2025-06-13 13:54:31,1.53,,
SPY250613P00599000,2025-06-13 13:54:35,0.61,,
SPY250613P00600000,2025-06-13 13:54:35,0.93,,
SPY250613P00601000,2025-06-13 13:54:35,1.51,,
SPY250613P00599000,2025-06-13 13:54:39,0.61,,
SPY250613P00600000,2025-06-13 13:54:39,0.969,,
SPY250613P00601000,2025-06-13 13:54:39,1.51,,
SPY250613P00599000,2025-06-13 13:54:43,0.61,,
SPY250613P00600000,2025-06-13 13:54:43,0.969,,
SPY250613P00601000,2025-06-13 13:54:43,1.46,,
SPY250613P00599000,2025-06-13 13:54:47,0.62,,
SPY250613P00600000,2025-06-13 13:54:47,0.99,,
SPY250613P00601000,2025-06-13 13:54:47,1.55,,
SPY250613P00599000,2025-06-13 13:54:51,0.63,,
SPY250613P00600000,2025-06-13 13:54:51,1.0,,
SPY250613P00601000,2025-06-13 13:54:51,1.55,,
SPY250613P00599000,2025-06-13 13:54:55,0.62,,
SPY250613P00600000,2025-06-13 13:54:55,0.99,,
SPY250613P00601000,2025-06-13 13:54:55,1.56,,
SPY250613P00599000,2025-06-13 13:54:59,0.63,,
SPY250613P00600000,2025-06-13 13:54:59,1.0,,
SPY250613P00601000,2025-06-13 13:54:59,1.56,,
SPY250613P00599000,2025-06-13 13:55:03,0.62,,
SPY250613P00600000,2025-06-13 13:55:03,0.969,,
SPY250613P00601000,2025-06-13 13:55:03,1.48,,
SPY250613P00599000,2025-06-13 13:55:07,0.62,,
SPY250613P00600000,2025-06-13 13:55:07,0.98,,
SPY250613P00601000,2025-06-13 13:55:07,1.52,,
SPY250613P00599000,2025-06-13 13:55:11,0.59,,
SPY250613P00600000,2025-06-13 13:55:11,0.94,,
SPY250613P00601000,2025-06-13 13:55:11,1.56,,
SPY250613P00599000,2025-06-13 13:55:15,0.6,,
SPY250613P00600000,2025-06-13 13:55:15,1.01,,
SPY250613P00601000,2025-06-13 13:55:15,1.55,,
SPY250613P00599000,2025-06-13 13:55:19,0.66,,
SPY250613P00600000,2025-06-13 13:55:19,1.06,,
SPY250613P00601000,2025-06-13 13:55:19,1.61,,
SPY250613P00599000,2025-06-13 13:55:23,0.6,,
SPY250613P00600000,2025-06-13 13:55:23,0.98,,
SPY250613P00601000,2025-06-13 13:55:23,1.57,,
SPY250613P00599000,2025-06-13 13:55:27,0.65,,
SPY250613P00600000,2025-06-13 13:55:27,1.01,,
SPY250613P00601000,2025-06-13 13:55:27,1.57,,
SPY250613P00599000,2025-06-13 13:55:31,0.71,,
SPY250613P00600000,2025-06-13 13:55:31,1.01,,
SPY250613P00601000,2025-06-13 13:55:31,1.73,,
SPY250613P00599000,2025-06-13 13:55:35,0.67,,
SPY250613P00600000,2025-06-13 13:55:35,1.07,,
SPY250613P00601000,2025-06-13 13:55:35,1.689,,
SPY250613P00599000,2025-06-13 13:55:40,0.71,,
SPY250613P00600000,2025-06-13 13:55:40,1.11,,
SPY250613P00601000,2025-06-13 13:55:40,1.71,,
SPY250613P00599000,2025-06-13 13:55:44,0.72,,
SPY250613P00600000,2025-06-13 13:55:44,1.13,,
SPY250613P00601000,2025-06-13 13:55:44,1.71,,
SPY250613P00599000,2025-06-13 13:55:48,0.7,,
SPY250613P00600000,2025-06-13 13:55:48,1.09,,
SPY250613P00601000,2025-06-13 13:55:48,1.71,,
SPY250613P00599000,2025-06-13 13:55:52,0.69,,
SPY250613P00600000,2025-06-13 13:55:52,1.08,,
SPY250613P00601000,2025-06-13 13:55:52,1.639,,
SPY250613P00599000,2025-06-13 13:55:56,0.69,,
SPY250613P00600000,2025-06-13 13:55:56,1.09,,
SPY250613P00601000,2025-06-13 13:55:56,1.67,,
SPY250613P00599000,2025-06-13 13:56:00,0.69,,
SPY250613P00600000,2025-06-13 13:56:00,1.08,,
SPY250613P00601000,2025-06-13 13:56:00,1.67,,
SPY250613P00599000,2025-06-13 13:56:04,0.68,,
SPY250613P00600000,2025-06-13 13:56:04,1.09,,
SPY250613P00601000,2025-06-13 13:56:04,1.62,,
SPY250613P00599000,2025-06-13 13:56:08,0.7,,
SPY250613P00600000,2025-06-13 13:56:08,1.08,,
SPY250613P00601000,2025-06-13 13:56:08,1.67,,
SPY250613P00599000,2025-06-13 13:56:12,0.63,,
SPY250613P00600000,2025-06-13 13:56:12,1.01,,
SPY250613P00601000,2025-06-13 13:56:12,1.59,,
SPY250613P00599000,2025-06-13 13:56:16,0.64,,
SPY250613P00600000,2025-06-13 13:56:16,1.07,,
SPY250613P00601000,2025-06-13 13:56:16,1.59,,
SPY250613P00599000,2025-06-13 13:56:20,0.68,,
SPY250613P00600000,2025-06-13 13:56:20,1.04,,
SPY250613P00601000,2025-06-13 13:56:20,1.6,,
SPY250613P00599000,2025-06-13 13:56:24,0.68,,
SPY250613P00600000,2025-06-13 13:56:24,1.04,,
SPY250613P00601000,2025-06-13 13:56:24,1.6,,
SPY250613P00599000,2025-06-13 13:56:28,0.63,,
SPY250613P00600000,2025-06-13 13:56:28,1.06,,
SPY250613P00601000,2025-06-13 13:56:28,1.63,,
SPY250613P00599000,2025-06-13 13:56:32,0.65,,
SPY250613P00600000,2025-06-13 13:56:32,1.06,,
SPY250613P00601000,2025-06-13 13:56:32,1.6,,
SPY250613P00599000,2025-06-13 13:56:36,0.61,,
SPY250613P00600000,2025-06-13 13:56:36,1.03,,
SPY250613P00601000,2025-06-13 13:56:36,1.6,,
SPY250613P00599000,2025-06-13 13:56:40,0.61,,
SPY250613P00600000,2025-06-13 13:56:40,1.03,,
SPY250613P00601000,2025-06-13 13:56:40,1.62,,
SPY250613P00599000,2025-06-13 13:56:44,0.61,,
SPY250613P00600000,2025-06-13 13:56:44,1.03,,
SPY250613P00601000,2025-06-13 13:56:44,1.6,,
SPY250613P00599000,2025-06-13 13:56:48,0.61,,
SPY250613P00600000,2025-06-13 13:56:48,1.03,,
SPY250613P00601000,2025-06-13 13:56:48,1.6,,
SPY250613P00599000,2025-06-13 13:56:53,0.65,,
SPY250613P00600000,2025-06-13 13:56:53,1.04,,
SPY250613P00601000,2025-06-13 13:56:53,1.61,,
SPY250613P00599000,2025-06-13 13:56:57,0.67,,
SPY250613P00600000,2025-06-13 13:56:57,1.07,,
SPY250613P00601000,2025-06-13 13:56:57,1.66,,
SPY250613P00599000,2025-06-13 13:57:01,0.64,,
SPY250613P00600000,2025-06-13 13:57:01,1.03,,
SPY250613P00601000,2025-06-13 13:57:01,1.6,,
SPY250613P00599000,2025-06-13 13:57:05,0.66,,
SPY250613P00600000,2025-06-13 13:57:05,1.06,,
SPY250613P00601000,2025-06-13 13:57:05,1.639,,
SPY250613P00599000,2025-06-13 13:57:09,0.67,,
SPY250613P00600000,2025-06-13 13:57:09,1.019,,
SPY250613P00601000,2025-06-13 13:57:09,1.6,,
SPY250613P00599000,2025-06-13 13:57:13,0.65,,
SPY250613P00600000,2025-06-13 13:57:13,1.04,,
SPY250613P00601000,2025-06-13 13:57:13,1.6,,
SPY250613P00599000,2025-06-13 13:57:17,0.63,,
SPY250613P00600000,2025-06-13 13:57:17,1.01,,
SPY250613P00601000,2025-06-13 13:57:17,1.56,,
SPY250613P00599000,2025-06-13 13:57:21,0.64,,
SPY250613P00600000,2025-06-13 13:57:21,0.98,,
SPY250613P00601000,2025-06-13 13:57:21,1.54,,
SPY250613P00599000,2025-06-13 13:57:27,0.66,,
SPY250613P00600000,2025-06-13 13:57:27,1.04,,
SPY250613P00601000,2025-06-13 13:57:27,1.61,,
SPY250613P00599000,2025-06-13 13:57:31,0.65,,
SPY250613P00600000,2025-06-13 13:57:31,1.04,,
SPY250613P00601000,2025-06-13 13:57:31,1.639,,
SPY250613P00599000,2025-06-13 13:57:36,0.62,,
SPY250613P00600000,2025-06-13 13:57:36,1.05,,
SPY250613P00601000,2025-06-13 13:57:36,1.63,,
SPY250613P00599000,2025-06-13 13:57:40,0.66,,
SPY250613P00600000,2025-06-13 13:57:40,1.06,,
SPY250613P00601000,2025-06-13 13:57:40,1.6,,
SPY250613P00599000,2025-06-13 13:57:44,0.68,,
SPY250613P00600000,2025-06-13 13:57:44,1.08,,
SPY250613P00601000,2025-06-13 13:57:44,1.6,,
SPY250613P00599000,2025-06-13 13:57:48,0.7,,
SPY250613P00600000,2025-06-13 13:57:48,1.1,,
SPY250613P00601000,2025-06-13 13:57:48,1.6,,
SPY250613P00599000,2025-06-13 13:57:52,0.69,,
SPY250613P00600000,2025-06-13 13:57:52,1.09,,
SPY250613P00601000,2025-06-13 13:57:52,1.689,,
SPY250613P00599000,2025-06-13 13:57:57,0.69,,
SPY250613P00600000,2025-06-13 13:57:57,1.09,,
SPY250613P00601000,2025-06-13 13:57:57,1.689,,
SPY250613P00599000,2025-06-13 13:58:01,0.68,,
SPY250613P00600000,2025-06-13 13:58:01,1.08,,
SPY250613P00601000,2025-06-13 13:58:01,1.67,,
SPY250613P00599000,2025-06-13 13:58:05,0.68,,
SPY250613P00600000,2025-06-13 13:58:05,1.08,,
SPY250613P00601000,2025-06-13 13:58:05,1.62,,
SPY250613P00599000,2025-06-13 13:58:09,0.69,,
SPY250613P00600000,2025-06-13 13:58:09,1.07,,
SPY250613P00601000,2025-06-13 13:58:09,1.7,,
SPY250613P00599000,2025-06-13 13:58:13,0.7,,
SPY250613P00600000,2025-06-13 13:58:13,1.08,,
SPY250613P00601000,2025-06-13 13:58:13,1.67,,
SPY250613P00599000,2025-06-13 13:58:18,0.68,,
SPY250613P00600000,2025-06-13 13:58:18,1.15,,
SPY250613P00601000,2025-06-13 13:58:18,1.68,,
SPY250613P00599000,2025-06-13 13:58:22,0.72,,
SPY250613P00600000,2025-06-13 13:58:22,1.12,,
SPY250613P00601000,2025-06-13 13:58:22,1.68,,
SPY250613P00599000,2025-06-13 13:58:26,0.69,,
SPY250613P00600000,2025-06-13 13:58:26,1.1,,
SPY250613P00601000,2025-06-13 13:58:26,1.71,,
SPY250613P00599000,2025-06-13 13:58:30,0.66,,
SPY250613P00600000,2025-06-13 13:58:30,1.04,,
SPY250613P00601000,2025-06-13 13:58:30,1.71,,
SPY250613P00599000,2025-06-13 13:58:34,0.66,,
SPY250613P00600000,2025-06-13 13:58:34,1.04,,
SPY250613P00601000,2025-06-13 13:58:34,1.639,,
SPY250613P00599000,2025-06-13 13:58:38,0.66,,
SPY250613P00600000,2025-06-13 13:58:38,1.04,,
SPY250613P00601000,2025-06-13 13:58:38,1.639,,
SPY250613P00599000,2025-06-13 13:58:42,0.62,,
SPY250613P00600000,2025-06-13 13:58:42,1.0,,
SPY250613P00601000,2025-06-13 13:58:42,1.62,,
SPY250613P00599000,2025-06-13 13:58:46,0.65,,
SPY250613P00600000,2025-06-13 13:58:46,1.03,,
SPY250613P00601000,2025-06-13 13:58:46,1.61,,
SPY250613P00599000,2025-06-13 13:58:50,0.65,,
SPY250613P00600000,2025-06-13 13:58:50,1.03,,
SPY250613P00601000,2025-06-13 13:58:50,1.6,,
SPY250613P00599000,2025-06-13 13:58:54,0.63,,
SPY250613P00600000,2025-06-13 13:58:54,1.0,,
SPY250613P00601000,2025-06-13 13:58:54,1.6,,
SPY250613P00599000,2025-06-13 13:58:58,0.64,,
SPY250613P00600000,2025-06-13 13:58:58,1.019,,
SPY250613P00601000,2025-06-13 13:58:58,1.59,,
SPY250613P00599000,2025-06-13 13:59:02,0.64,,
SPY250613P00600000,2025-06-13 13:59:02,1.03,,
SPY250613P00601000,2025-06-13 13:59:02,1.6,,
SPY250613P00599000,2025-06-13 13:59:07,0.63,,
SPY250613P00600000,2025-06-13 13:59:07,0.98,,
SPY250613P00601000,2025-06-13 13:59:07,1.58,,
SPY250613P00599000,2025-06-13 13:59:11,0.65,,
SPY250613P00600000,2025-06-13 13:59:11,1.04,,
SPY250613P00601000,2025-06-13 13:59:11,1.62,,
SPY250613P00599000,2025-06-13 13:59:15,0.65,,
SPY250613P00600000,2025-06-13 13:59:15,1.05,,
SPY250613P00601000,2025-06-13 13:59:15,1.61,,
SPY250613P00599000,2025-06-13 13:59:19,0.67,,
SPY250613P00600000,2025-06-13 13:59:19,1.06,,
SPY250613P00601000,2025-06-13 13:59:19,1.61,,
SPY250613P00599000,2025-06-13 13:59:23,0.63,,
SPY250613P00600000,2025-06-13 13:59:23,1.07,,
SPY250613P00601000,2025-06-13 13:59:23,1.66,,
SPY250613P00599000,2025-06-13 13:59:27,0.66,,
SPY250613P00600000,2025-06-13 13:59:27,1.05,,
SPY250613P00601000,2025-06-13 13:59:27,1.63,,
SPY250613P00599000,2025-06-13 13:59:31,0.65,,
SPY250613P00600000,2025-06-13 13:59:31,1.04,,
SPY250613P00601000,2025-06-13 13:59:31,1.63,,
SPY250613P00599000,2025-06-13 13:59:35,0.63,,
SPY250613P00600000,2025-06-13 13:59:35,1.03,,
SPY250613P00601000,2025-06-13 13:59:35,1.61,,
SPY250613P00599000,2025-06-13 13:59:39,0.66,,
SPY250613P00600000,2025-06-13 13:59:39,1.06,,
SPY250613P00601000,2025-06-13 13:59:39,1.6,,
SPY250613P00599000,2025-06-13 13:59:43,0.66,,
SPY250613P00600000,2025-06-13 13:59:43,1.05,,
SPY250613P00601000,2025-06-13 13:59:43,1.63,,
SPY250613P00599000,2025-06-13 13:59:47,0.61,,
SPY250613P00600000,2025-06-13 13:59:47,1.05,,
SPY250613P00601000,2025-06-13 13:59:47,1.63,,
SPY250613P00599000,2025-06-13 13:59:51,0.66,,
SPY250613P00600000,2025-06-13 13:59:51,1.019,,
SPY250613P00601000,2025-06-13 13:59:51,1.59,,
SPY250613P00599000,2025-06-13 13:59:55,0.67,,
SPY250613P00600000,2025-06-13 13:59:55,1.07,,
SPY250613P00601000,2025-06-13 13:59:55,1.67,,
SPY250613P00599000,2025-06-13 13:59:59,0.66,,
SPY250613P00600000,2025-06-13 13:59:59,1.05,,
SPY250613P00601000,2025-06-13 13:59:59,1.67,,
SPY250613P00599000,2025-06-13 14:00:03,0.66,,
SPY250613P00600000,2025-06-13 14:00:03,1.07,,
SPY250613P00601000,2025-06-13 14:00:03,1.66,,
SPY250613P00599000,2025-06-13 14:00:07,0.66,,
SPY250613P00600000,2025-06-13 14:00:07,1.019,,
SPY250613P00601000,2025-06-13 14:00:07,1.67,,
SPY250613P00599000,2025-06-13 14:00:11,0.66,,
SPY250613P00600000,2025-06-13 14:00:11,1.05,,
SPY250613P00601000,2025-06-13 14:00:11,1.66,,
SPY250613P00599000,2025-06-13 14:00:15,0.62,,
SPY250613P00600000,2025-06-13 14:00:15,1.05,,
SPY250613P00601000,2025-06-13 14:00:15,1.63,,
SPY250613P00599000,2025-06-13 14:00:19,0.64,,
SPY250613P00600000,2025-06-13 14:00:19,1.03,,
SPY250613P00601000,2025-06-13 14:00:19,1.62,,
SPY250613P00599000,2025-06-13 14:00:24,0.6,,
SPY250613P00600000,2025-06-13 14:00:24,0.94,,
SPY250613P00601000,2025-06-13 14:00:24,1.53,,
SPY250613P00599000,2025-06-13 14:00:28,0.56,,
SPY250613P00600000,2025-06-13 14:00:28,0.89,,
SPY250613P00601000,2025-06-13 14:00:28,1.49,,
SPY250613P00599000,2025-06-13 14:00:32,0.55,,
SPY250613P00600000,2025-06-13 14:00:32,0.869,,
SPY250613P00601000,2025-06-13 14:00:32,1.49,,
SPY250613P00599000,2025-06-13 14:00:36,0.54,,
SPY250613P00600000,2025-06-13 14:00:36,0.85,,
SPY250613P00601000,2025-06-13 14:00:36,1.44,,
SPY250613P00599000,2025-06-13 14:00:40,0.55,,
SPY250613P00600000,2025-06-13 14:00:40,0.9,,
SPY250613P00601000,2025-06-13 14:00:40,1.45,,
SPY250613P00599000,2025-06-13 14:00:44,0.55,,
SPY250613P00600000,2025-06-13 14:00:44,0.9,,
SPY250613P00601000,2025-06-13 14:00:44,1.44,,
SPY250613P00599000,2025-06-13 14:00:48,0.5,,
SPY250613P00600000,2025-06-13 14:00:48,0.869,,
SPY250613P00601000,2025-06-13 14:00:48,1.44,,
SPY250613P00599000,2025-06-13 14:00:52,0.5,,
SPY250613P00600000,2025-06-13 14:00:52,0.84,,
SPY250613P00601000,2025-06-13 14:00:52,1.35,,
SPY250613P00599000,2025-06-13 14:00:56,0.5,,
SPY250613P00600000,2025-06-13 14:00:56,0.84,,
SPY250613P00601000,2025-06-13 14:00:56,1.32,,
SPY250613P00599000,2025-06-13 14:01:00,0.5,,
SPY250613P00600000,2025-06-13 14:01:00,0.83,,
SPY250613P00601000,2025-06-13 14:01:00,1.36,,
SPY250613P00599000,2025-06-13 14:01:04,0.47,,
SPY250613P00600000,2025-06-13 14:01:04,0.81,,
SPY250613P00601000,2025-06-13 14:01:04,1.37,,
SPY250613P00599000,2025-06-13 14:01:08,0.48,,
SPY250613P00600000,2025-06-13 14:01:08,0.86,,
SPY250613P00601000,2025-06-13 14:01:08,1.41,,
SPY250613P00599000,2025-06-13 14:01:12,0.53,,
SPY250613P00600000,2025-06-13 14:01:12,0.869,,
SPY250613P00601000,2025-06-13 14:01:12,1.41,,
SPY250613P00599000,2025-06-13 14:01:16,0.54,,
SPY250613P00600000,2025-06-13 14:01:16,0.83,,
SPY250613P00601000,2025-06-13 14:01:16,1.41,,
SPY250613P00599000,2025-06-13 14:01:20,0.52,,
SPY250613P00600000,2025-06-13 14:01:20,0.85,,
SPY250613P00601000,2025-06-13 14:01:20,1.33,,
SPY250613P00599000,2025-06-13 14:01:24,0.509,,
SPY250613P00600000,2025-06-13 14:01:24,0.84,,
SPY250613P00601000,2025-06-13 14:01:24,1.36,,
SPY250613P00599000,2025-06-13 14:01:29,0.5,,
SPY250613P00600000,2025-06-13 14:01:29,0.819,,
SPY250613P00601000,2025-06-13 14:01:29,1.36,,
SPY250613P00599000,2025-06-13 14:01:33,0.5,,
SPY250613P00600000,2025-06-13 14:01:33,0.83,,
SPY250613P00601000,2025-06-13 14:01:33,1.36,,
SPY250613P00599000,2025-06-13 14:01:37,0.49,,
SPY250613P00600000,2025-06-13 14:01:37,0.819,,
SPY250613P00601000,2025-06-13 14:01:37,1.32,,
SPY250613P00599000,2025-06-13 14:01:41,0.509,,
SPY250613P00600000,2025-06-13 14:01:41,0.81,,
SPY250613P00601000,2025-06-13 14:01:41,1.37,,
SPY250613P00599000,2025-06-13 14:01:45,0.52,,
SPY250613P00600000,2025-06-13 14:01:45,0.83,,
SPY250613P00601000,2025-06-13 14:01:45,1.37,,
SPY250613P00599000,2025-06-13 14:01:49,0.5,,
SPY250613P00600000,2025-06-13 14:01:49,0.78,,
SPY250613P00601000,2025-06-13 14:01:49,1.31,,
SPY250613P00599000,2025-06-13 14:01:53,0.52,,
SPY250613P00600000,2025-06-13 14:01:53,0.78,,
SPY250613P00601000,2025-06-13 14:01:53,1.36,,
SPY250613P00599000,2025-06-13 14:01:57,0.52,,
SPY250613P00600000,2025-06-13 14:01:57,0.85,,
SPY250613P00601000,2025-06-13 14:01:57,1.36,,
SPY250613P00599000,2025-06-13 14:02:01,0.459,,
SPY250613P00600000,2025-06-13 14:02:01,0.83,,
SPY250613P00601000,2025-06-13 14:02:01,1.36,,
SPY250613P00599000,2025-06-13 14:02:05,0.5,,
SPY250613P00600000,2025-06-13 14:02:05,0.83,,
SPY250613P00601000,2025-06-13 14:02:05,1.33,,
SPY250613P00599000,2025-06-13 14:02:09,0.5,,
SPY250613P00600000,2025-06-13 14:02:09,0.83,,
SPY250613P00601000,2025-06-13 14:02:09,1.3,,
SPY250613P00599000,2025-06-13 14:02:13,0.5,,
SPY250613P00600000,2025-06-13 14:02:13,0.83,,
SPY250613P00601000,2025-06-13 14:02:13,1.35,,
SPY250613P00599000,2025-06-13 14:02:17,0.509,,
SPY250613P00600000,2025-06-13 14:02:17,0.84,,
SPY250613P00601000,2025-06-13 14:02:17,1.35,,
SPY250613P00599000,2025-06-13 14:02:21,0.459,,
SPY250613P00600000,2025-06-13 14:02:21,0.81,,
SPY250613P00601000,2025-06-13 14:02:21,1.34,,
SPY250613P00599000,2025-06-13 14:02:25,0.5,,
SPY250613P00600000,2025-06-13 14:02:25,0.78,,
SPY250613P00601000,2025-06-13 14:02:25,1.33,,
SPY250613P00599000,2025-06-13 14:02:29,0.52,,
SPY250613P00600000,2025-06-13 14:02:29,0.84,,
SPY250613P00601000,2025-06-13 14:02:29,1.34,,
SPY250613P00599000,2025-06-13 14:02:33,0.53,,
SPY250613P00600000,2025-06-13 14:02:33,0.89,,
SPY250613P00601000,2025-06-13 14:02:33,1.34,,
SPY250613P00599000,2025-06-13 14:02:37,0.49,,
SPY250613P00600000,2025-06-13 14:02:37,0.86,,
SPY250613P00601000,2025-06-13 14:02:37,1.34,,
SPY250613P00599000,2025-06-13 14:02:41,0.52,,
SPY250613P00600000,2025-06-13 14:02:41,0.85,,
SPY250613P00601000,2025-06-13 14:02:41,1.38,,
SPY250613P00599000,2025-06-13 14:02:46,0.52,,
SPY250613P00600000,2025-06-13 14:02:46,0.869,,
SPY250613P00601000,2025-06-13 14:02:46,1.4,,
SPY250613P00599000,2025-06-13 14:02:50,0.53,,
SPY250613P00600000,2025-06-13 14:02:50,0.88,,
SPY250613P00601000,2025-06-13 14:02:50,1.4,,
SPY250613P00599000,2025-06-13 14:02:54,0.509,,
SPY250613P00600000,2025-06-13 14:02:54,0.9,,
SPY250613P00601000,2025-06-13 14:02:54,1.4,,
SPY250613P00599000,2025-06-13 14:02:58,0.5,,
SPY250613P00600000,2025-06-13 14:02:58,0.85,,
SPY250613P00601000,2025-06-13 14:02:58,1.4,,
SPY250613P00599000,2025-06-13 14:03:02,0.54,,
SPY250613P00600000,2025-06-13 14:03:02,0.83,,
SPY250613P00601000,2025-06-13 14:03:02,1.4,,
SPY250613P00599000,2025-06-13 14:03:06,0.52,,
SPY250613P00600000,2025-06-13 14:03:06,0.86,,
SPY250613P00601000,2025-06-13 14:03:06,1.39,,
SPY250613P00599000,2025-06-13 14:03:10,0.53,,
SPY250613P00600000,2025-06-13 14:03:10,0.869,,
SPY250613P00601000,2025-06-13 14:03:10,1.4,,
SPY250613P00599000,2025-06-13 14:03:14,0.509,,
SPY250613P00600000,2025-06-13 14:03:14,0.919,,
SPY250613P00601000,2025-06-13 14:03:14,1.4,,
SPY250613P00599000,2025-06-13 14:03:18,0.62,,
SPY250613P00600000,2025-06-13 14:03:18,1.0,,
SPY250613P00601000,2025-06-13 14:03:18,1.6,,
SPY250613P00599000,2025-06-13 14:03:22,0.61,,
SPY250613P00600000,2025-06-13 14:03:22,0.99,,
SPY250613P00601000,2025-06-13 14:03:22,1.6,,
SPY250613P00599000,2025-06-13 14:03:26,0.67,,
SPY250613P00600000,2025-06-13 14:03:26,1.06,,
SPY250613P00601000,2025-06-13 14:03:26,1.6,,
SPY250613P00599000,2025-06-13 14:03:30,0.67,,
SPY250613P00600000,2025-06-13 14:03:30,1.08,,
SPY250613P00601000,2025-06-13 14:03:30,1.67,,
SPY250613P00599000,2025-06-13 14:03:34,0.66,,
SPY250613P00600000,2025-06-13 14:03:34,1.12,,
SPY250613P00601000,2025-06-13 14:03:34,1.67,,
SPY250613P00599000,2025-06-13 14:03:38,0.71,,
SPY250613P00600000,2025-06-13 14:03:38,1.12,,
SPY250613P00601000,2025-06-13 14:03:38,1.75,,
SPY250613P00599000,2025-06-13 14:03:42,0.69,,
SPY250613P00600000,2025-06-13 14:03:42,1.1,,
SPY250613P00601000,2025-06-13 14:03:42,1.75,,
SPY250613P00599000,2025-06-13 14:03:46,0.7,,
SPY250613P00600000,2025-06-13 14:03:46,1.13,,
SPY250613P00601000,2025-06-13 14:03:46,1.75,,
SPY250613P00599000,2025-06-13 14:03:50,0.68,,
SPY250613P00600000,2025-06-13 14:03:50,1.11,,
SPY250613P00601000,2025-06-13 14:03:50,1.7,,
SPY250613P00599000,2025-06-13 14:03:54,0.71,,
SPY250613P00600000,2025-06-13 14:03:54,1.13,,
SPY250613P00601000,2025-06-13 14:03:54,1.76,,
SPY250613P00599000,2025-06-13 14:03:59,0.83,,
SPY250613P00600000,2025-06-13 14:03:59,1.3,,
SPY250613P00601000,2025-06-13 14:03:59,1.98,,
SPY250613P00599000,2025-06-13 14:04:03,0.89,,
SPY250613P00600000,2025-06-13 14:04:03,1.36,,
SPY250613P00601000,2025-06-13 14:04:03,1.97,,
SPY250613P00599000,2025-06-13 14:04:07,0.91,,
SPY250613P00600000,2025-06-13 14:04:07,1.39,,
SPY250613P00601000,2025-06-13 14:04:07,2.01,,
SPY250613P00599000,2025-06-13 14:04:11,0.91,,
SPY250613P00600000,2025-06-13 14:04:11,1.38,,
SPY250613P00601000,2025-06-13 14:04:11,1.989,,
SPY250613P00599000,2025-06-13 14:04:15,0.99,,
SPY250613P00600000,2025-06-13 14:04:15,1.45,,
SPY250613P00601000,2025-06-13 14:04:15,1.989,,
SPY250613P00599000,2025-06-13 14:04:19,0.98,,
SPY250613P00600000,2025-06-13 14:04:19,1.48,,
SPY250613P00601000,2025-06-13 14:04:19,2.14,,
SPY250613P00599000,2025-06-13 14:04:23,0.99,,
SPY250613P00600000,2025-06-13 14:04:23,1.4,,
SPY250613P00601000,2025-06-13 14:04:23,2.14,,
SPY250613P00599000,2025-06-13 14:04:27,0.95,,
SPY250613P00600000,2025-06-13 14:04:27,1.4,,
SPY250613P00601000,2025-06-13 14:04:27,2.1,,
SPY250613P00599000,2025-06-13 14:04:31,1.0,,
SPY250613P00600000,2025-06-13 14:04:31,1.55,,
SPY250613P00601000,2025-06-13 14:04:31,2.22,,
SPY250613P00599000,2025-06-13 14:04:35,0.96,,
SPY250613P00600000,2025-06-13 14:04:35,1.51,,
SPY250613P00601000,2025-06-13 14:04:35,2.22,,
SPY250613P00599000,2025-06-13 14:04:39,0.919,,
SPY250613P00600000,2025-06-13 14:04:39,1.51,,
SPY250613P00601000,2025-06-13 14:04:39,2.22,,
SPY250613P00599000,2025-06-13 14:04:43,0.93,,
SPY250613P00600000,2025-06-13 14:04:43,1.48,,
SPY250613P00601000,2025-06-13 14:04:43,2.04,,
SPY250613P00599000,2025-06-13 14:04:47,0.94,,
SPY250613P00600000,2025-06-13 14:04:47,1.39,,
SPY250613P00601000,2025-06-13 14:04:47,2.05,,
SPY250613P00599000,2025-06-13 14:04:51,0.94,,
SPY250613P00600000,2025-06-13 14:04:51,1.39,,
SPY250613P00601000,2025-06-13 14:04:51,2.05,,
SPY250613P00599000,2025-06-13 14:04:55,0.93,,
SPY250613P00600000,2025-06-13 14:04:55,1.36,,
SPY250613P00601000,2025-06-13 14:04:55,2.05,,
SPY250613P00599000,2025-06-13 14:04:59,0.88,,
SPY250613P00600000,2025-06-13 14:04:59,1.46,,
SPY250613P00601000,2025-06-13 14:04:59,2.05,,
SPY250613P00599000,2025-06-13 14:05:04,0.77,,
SPY250613P00600000,2025-06-13 14:05:04,1.21,,
SPY250613P00601000,2025-06-13 14:05:04,2.01,,
SPY250613P00599000,2025-06-13 14:05:09,0.77,,
SPY250613P00600000,2025-06-13 14:05:09,1.18,,
SPY250613P00601000,2025-06-13 14:05:09,1.81,,
SPY250613P00599000,2025-06-13 14:05:13,0.81,,
SPY250613P00600000,2025-06-13 14:05:13,1.22,,
SPY250613P00601000,2025-06-13 14:05:13,1.81,,
SPY250613P00599000,2025-06-13 14:05:17,0.77,,
SPY250613P00600000,2025-06-13 14:05:17,1.23,,
SPY250613P00601000,2025-06-13 14:05:17,1.81,,
SPY250613P00599000,2025-06-13 14:05:21,0.79,,
SPY250613P00600000,2025-06-13 14:05:21,1.22,,
SPY250613P00601000,2025-06-13 14:05:21,1.81,,
SPY250613P00599000,2025-06-13 14:05:25,0.73,,
SPY250613P00600000,2025-06-13 14:05:25,1.22,,
SPY250613P00601000,2025-06-13 14:05:25,1.81,,
SPY250613P00599000,2025-06-13 14:05:29,0.78,,
SPY250613P00600000,2025-06-13 14:05:29,1.18,,
SPY250613P00601000,2025-06-13 14:05:29,1.789,,
SPY250613P00599000,2025-06-13 14:05:33,0.76,,
SPY250613P00600000,2025-06-13 14:05:33,1.21,,
SPY250613P00601000,2025-06-13 14:05:33,1.89,,
SPY250613P00599000,2025-06-13 14:05:37,0.78,,
SPY250613P00600000,2025-06-13 14:05:37,1.25,,
SPY250613P00601000,2025-06-13 14:05:37,1.89,,
SPY250613P00599000,2025-06-13 14:05:41,0.81,,
SPY250613P00600000,2025-06-13 14:05:41,1.27,,
SPY250613P00601000,2025-06-13 14:05:41,1.9,,
SPY250613P00599000,2025-06-13 14:05:45,0.79,,
SPY250613P00600000,2025-06-13 14:05:45,1.32,,
SPY250613P00601000,2025-06-13 14:05:45,1.91,,
SPY250613P00599000,2025-06-13 14:05:49,0.88,,
SPY250613P00600000,2025-06-13 14:05:49,1.38,,
SPY250613P00601000,2025-06-13 14:05:49,1.91,,
SPY250613P00599000,2025-06-13 14:05:53,0.95,,
SPY250613P00600000,2025-06-13 14:05:53,1.47,,
SPY250613P00601000,2025-06-13 14:05:53,2.13,,
SPY250613P00599000,2025-06-13 14:05:57,0.96,,
SPY250613P00600000,2025-06-13 14:05:57,1.41,,
SPY250613P00601000,2025-06-13 14:05:57,2.13,,
SPY250613P00599000,2025-06-13 14:06:01,0.94,,
SPY250613P00600000,2025-06-13 14:06:01,1.4,,
SPY250613P00601000,2025-06-13 14:06:01,2.1,,
SPY250613P00599000,2025-06-13 14:06:05,0.98,,
SPY250613P00600000,2025-06-13 14:06:05,1.43,,
SPY250613P00601000,2025-06-13 14:06:05,2.11,,
SPY250613P00599000,2025-06-13 14:06:10,0.919,,
SPY250613P00600000,2025-06-13 14:06:10,1.42,,
SPY250613P00601000,2025-06-13 14:06:10,2.09,,
SPY250613P00599000,2025-06-13 14:06:14,0.969,,
SPY250613P00600000,2025-06-13 14:06:14,1.45,,
SPY250613P00601000,2025-06-13 14:06:14,2.13,,
SPY250613P00599000,2025-06-13 14:06:18,0.99,,
SPY250613P00600000,2025-06-13 14:06:18,1.44,,
SPY250613P00601000,2025-06-13 14:06:18,2.13,,
SPY250613P00599000,2025-06-13 14:06:22,0.95,,
SPY250613P00600000,2025-06-13 14:06:22,1.53,,
SPY250613P00601000,2025-06-13 14:06:22,2.13,,
SPY250613P00599000,2025-06-13 14:06:26,1.07,,
SPY250613P00600000,2025-06-13 14:06:26,1.55,,
SPY250613P00601000,2025-06-13 14:06:26,2.17,,
SPY250613P00599000,2025-06-13 14:06:30,1.06,,
SPY250613P00600000,2025-06-13 14:06:30,1.59,,
SPY250613P00601000,2025-06-13 14:06:30,2.23,,
SPY250613P00599000,2025-06-13 14:06:34,1.06,,
SPY250613P00600000,2025-06-13 14:06:34,1.58,,
SPY250613P00601000,2025-06-13 14:06:34,2.23,,
SPY250613P00599000,2025-06-13 14:06:38,1.06,,
SPY250613P00600000,2025-06-13 14:06:38,1.59,,
SPY250613P00601000,2025-06-13 14:06:38,2.27,,
SPY250613P00599000,2025-06-13 14:06:42,1.05,,
SPY250613P00600000,2025-06-13 14:06:42,1.53,,
SPY250613P00601000,2025-06-13 14:06:42,2.32,,
SPY250613P00599000,2025-06-13 14:06:47,1.04,,
SPY250613P00600000,2025-06-13 14:06:47,1.57,,
SPY250613P00601000,2025-06-13 14:06:47,2.26,,
SPY250613P00599000,2025-06-13 14:06:51,1.01,,
SPY250613P00600000,2025-06-13 14:06:51,1.53,,
SPY250613P00601000,2025-06-13 14:06:51,2.27,,
SPY250613P00599000,2025-06-13 14:06:55,1.0,,
SPY250613P00600000,2025-06-13 14:06:55,1.53,,
SPY250613P00601000,2025-06-13 14:06:55,2.21,,
SPY250613P00599000,2025-06-13 14:06:59,1.04,,
SPY250613P00600000,2025-06-13 14:06:59,1.65,,
SPY250613P00601000,2025-06-13 14:06:59,2.26,,
SPY250613P00599000,2025-06-13 14:07:03,1.12,,
SPY250613P00600000,2025-06-13 14:07:03,1.53,,
SPY250613P00601000,2025-06-13 14:07:03,2.24,,
SPY250613P00599000,2025-06-13 14:07:07,1.03,,
SPY250613P00600000,2025-06-13 14:07:07,1.59,,
SPY250613P00601000,2025-06-13 14:07:07,2.25,,
SPY250613P00599000,2025-06-13 14:07:11,1.019,,
SPY250613P00600000,2025-06-13 14:07:11,1.59,,
SPY250613P00601000,2025-06-13 14:07:11,2.25,,
SPY250613P00599000,2025-06-13 14:07:15,1.04,,
SPY250613P00600000,2025-06-13 14:07:15,1.62,,
SPY250613P00601000,2025-06-13 14:07:15,2.27,,
SPY250613P00599000,2025-06-13 14:07:19,1.07,,
SPY250613P00600000,2025-06-13 14:07:19,1.66,,
SPY250613P00601000,2025-06-13 14:07:19,2.34,,
SPY250613P00599000,2025-06-13 14:07:23,1.09,,
SPY250613P00600000,2025-06-13 14:07:23,1.59,,
SPY250613P00601000,2025-06-13 14:07:23,2.32,,
SPY250613P00599000,2025-06-13 14:07:27,1.1,,
SPY250613P00600000,2025-06-13 14:07:27,1.63,,
SPY250613P00601000,2025-06-13 14:07:27,2.37,,
SPY250613P00599000,2025-06-13 14:07:31,1.05,,
SPY250613P00600000,2025-06-13 14:07:31,1.6,,
SPY250613P00601000,2025-06-13 14:07:31,2.37,,
SPY250613P00599000,2025-06-13 14:07:35,1.08,,
SPY250613P00600000,2025-06-13 14:07:35,1.62,,
SPY250613P00601000,2025-06-13 14:07:35,2.33,,
SPY250613P00599000,2025-06-13 14:07:39,1.17,,
SPY250613P00600000,2025-06-13 14:07:39,1.68,,
SPY250613P00601000,2025-06-13 14:07:39,2.41,,
SPY250613P00599000,2025-06-13 14:07:43,1.21,,
SPY250613P00600000,2025-06-13 14:07:43,1.789,,
SPY250613P00601000,2025-06-13 14:07:43,2.45,,
SPY250613P00599000,2025-06-13 14:07:47,1.12,,
SPY250613P00600000,2025-06-13 14:07:47,1.67,,
SPY250613P00601000,2025-06-13 14:07:47,2.43,,
SPY250613P00599000,2025-06-13 14:07:51,1.12,,
SPY250613P00600000,2025-06-13 14:07:51,1.71,,
SPY250613P00601000,2025-06-13 14:07:51,2.43,,
SPY250613P00599000,2025-06-13 14:07:55,1.12,,
SPY250613P00600000,2025-06-13 14:07:55,1.72,,
SPY250613P00601000,2025-06-13 14:07:55,2.47,,
SPY250613P00599000,2025-06-13 14:07:59,1.15,,
SPY250613P00600000,2025-06-13 14:07:59,1.76,,
SPY250613P00601000,2025-06-13 14:07:59,2.47,,
SPY250613P00599000,2025-06-13 14:08:04,1.04,,
SPY250613P00600000,2025-06-13 14:08:04,1.63,,
SPY250613P00601000,2025-06-13 14:08:04,2.46,,
SPY250613P00599000,2025-06-13 14:08:08,1.06,,
SPY250613P00600000,2025-06-13 14:08:08,1.63,,
SPY250613P00601000,2025-06-13 14:08:08,2.32,,
SPY250613P00599000,2025-06-13 14:08:12,1.07,,
SPY250613P00600000,2025-06-13 14:08:12,1.59,,
SPY250613P00601000,2025-06-13 14:08:12,2.3,,
SPY250613P00599000,2025-06-13 14:08:16,1.019,,
SPY250613P00600000,2025-06-13 14:08:16,1.56,,
SPY250613P00601000,2025-06-13 14:08:16,2.3,,
SPY250613P00599000,2025-06-13 14:08:21,0.95,,
SPY250613P00600000,2025-06-13 14:08:21,1.48,,
SPY250613P00601000,2025-06-13 14:08:21,2.19,,
SPY250613P00599000,2025-06-13 14:08:25,1.15,,
SPY250613P00600000,2025-06-13 14:08:25,1.7,,
SPY250613P00601000,2025-06-13 14:08:25,2.19,,
SPY250613P00599000,2025-06-13 14:08:29,1.06,,
SPY250613P00600000,2025-06-13 14:08:29,1.6,,
SPY250613P00601000,2025-06-13 14:08:29,2.25,,
SPY250613P00599000,2025-06-13 14:08:33,1.03,,
SPY250613P00600000,2025-06-13 14:08:33,1.57,,
SPY250613P00601000,2025-06-13 14:08:33,2.28,,
SPY250613P00599000,2025-06-13 14:08:37,1.06,,
SPY250613P00600000,2025-06-13 14:08:37,1.65,,
SPY250613P00601000,2025-06-13 14:08:37,2.3,,
SPY250613P00599000,2025-06-13 14:08:41,1.04,,
SPY250613P00600000,2025-06-13 14:08:41,1.639,,
SPY250613P00601000,2025-06-13 14:08:41,2.35,,
SPY250613P00599000,2025-06-13 14:08:45,1.08,,
SPY250613P00600000,2025-06-13 14:08:45,1.59,,
SPY250613P00601000,2025-06-13 14:08:45,2.35,,
SPY250613P00599000,2025-06-13 14:08:49,1.13,,
SPY250613P00600000,2025-06-13 14:08:49,1.689,,
SPY250613P00601000,2025-06-13 14:08:49,2.35,,
SPY250613P00599000,2025-06-13 14:08:53,1.15,,
SPY250613P00600000,2025-06-13 14:08:53,1.689,,
SPY250613P00601000,2025-06-13 14:08:53,2.35,,
SPY250613P00599000,2025-06-13 14:08:59,1.15,,
SPY250613P00600000,2025-06-13 14:08:59,1.7,,
SPY250613P00601000,2025-06-13 14:08:59,2.35,,
SPY250613P00599000,2025-06-13 14:09:03,1.08,,
SPY250613P00600000,2025-06-13 14:09:03,1.6,,
SPY250613P00601000,2025-06-13 14:09:03,2.36,,
SPY250613P00599000,2025-06-13 14:09:07,1.08,,
SPY250613P00600000,2025-06-13 14:09:07,1.689,,
SPY250613P00601000,2025-06-13 14:09:07,2.36,,
SPY250613P00599000,2025-06-13 14:09:11,1.14,,
SPY250613P00600000,2025-06-13 14:09:11,1.77,,
SPY250613P00601000,2025-06-13 14:09:11,2.47,,
SPY250613P00599000,2025-06-13 14:09:16,1.16,,
SPY250613P00600000,2025-06-13 14:09:16,1.73,,
SPY250613P00601000,2025-06-13 14:09:16,2.4,,
SPY250613P00599000,2025-06-13 14:09:20,1.18,,
SPY250613P00600000,2025-06-13 14:09:20,1.739,,
SPY250613P00601000,2025-06-13 14:09:20,2.48,,
SPY250613P00599000,2025-06-13 14:09:24,1.11,,
SPY250613P00600000,2025-06-13 14:09:24,1.57,,
SPY250613P00601000,2025-06-13 14:09:24,2.41,,
SPY250613P00599000,2025-06-13 14:09:29,1.03,,
SPY250613P00600000,2025-06-13 14:09:29,1.56,,
SPY250613P00601000,2025-06-13 14:09:29,2.31,,
SPY250613P00599000,2025-06-13 14:09:33,1.15,,
SPY250613P00600000,2025-06-13 14:09:33,1.66,,
SPY250613P00601000,2025-06-13 14:09:33,2.31,,
SPY250613P00599000,2025-06-13 14:09:37,1.09,,
SPY250613P00600000,2025-06-13 14:09:37,1.65,,
SPY250613P00601000,2025-06-13 14:09:37,2.37,,
SPY250613P00599000,2025-06-13 14:09:41,1.06,,
SPY250613P00600000,2025-06-13 14:09:41,1.62,,
SPY250613P00601000,2025-06-13 14:09:41,2.34,,
SPY250613P00599000,2025-06-13 14:09:45,1.07,,
SPY250613P00600000,2025-06-13 14:09:45,1.61,,
SPY250613P00601000,2025-06-13 14:09:45,2.39,,
SPY250613P00599000,2025-06-13 14:09:50,1.07,,
SPY250613P00600000,2025-06-13 14:09:50,1.58,,
SPY250613P00601000,2025-06-13 14:09:50,2.39,,
SPY250613P00599000,2025-06-13 14:09:54,1.1,,
SPY250613P00600000,2025-06-13 14:09:54,1.65,,
SPY250613P00601000,2025-06-13 14:09:54,2.39,,
SPY250613P00599000,2025-06-13 14:09:59,1.1,,
SPY250613P00600000,2025-06-13 14:09:59,1.62,,
SPY250613P00601000,2025-06-13 14:09:59,2.33,,
SPY250613P00599000,2025-06-13 14:10:03,1.04,,
SPY250613P00600000,2025-06-13 14:10:03,1.62,,
SPY250613P00601000,2025-06-13 14:10:03,2.33,,
SPY250613P00599000,2025-06-13 14:10:07,1.01,,
SPY250613P00600000,2025-06-13 14:10:07,1.57,,
SPY250613P00601000,2025-06-13 14:10:07,2.33,,
SPY250613P00599000,2025-06-13 14:10:11,1.09,,
SPY250613P00600000,2025-06-13 14:10:11,1.6,,
SPY250613P00601000,2025-06-13 14:10:11,2.33,,
SPY250613P00599000,2025-06-13 14:10:15,1.07,,
SPY250613P00600000,2025-06-13 14:10:15,1.67,,
SPY250613P00601000,2025-06-13 14:10:15,2.33,,
SPY250613P00599000,2025-06-13 14:10:19,1.03,,
SPY250613P00600000,2025-06-13 14:10:19,1.57,,
SPY250613P00601000,2025-06-13 14:10:19,2.39,,
SPY250613P00599000,2025-06-13 14:10:23,1.08,,
SPY250613P00600000,2025-06-13 14:10:23,1.68,,
SPY250613P00601000,2025-06-13 14:10:23,2.41,,
SPY250613P00599000,2025-06-13 14:10:27,1.14,,
SPY250613P00600000,2025-06-13 14:10:27,1.66,,
SPY250613P00601000,2025-06-13 14:10:27,2.44,,
SPY250613P00599000,2025-06-13 14:10:32,1.18,,
SPY250613P00600000,2025-06-13 14:10:32,1.73,,
SPY250613P00601000,2025-06-13 14:10:32,2.47,,
SPY250613P00599000,2025-06-13 14:10:36,1.2,,
SPY250613P00600000,2025-06-13 14:10:36,1.739,,
SPY250613P00601000,2025-06-13 14:10:36,2.47,,
SPY250613P00599000,2025-06-13 14:10:40,1.17,,
SPY250613P00600000,2025-06-13 14:10:40,1.73,,
SPY250613P00601000,2025-06-13 14:10:40,2.49,,
SPY250613P00599000,2025-06-13 14:10:44,1.1,,
SPY250613P00600000,2025-06-13 14:10:44,1.72,,
SPY250613P00601000,2025-06-13 14:10:44,2.43,,
SPY250613P00599000,2025-06-13 14:10:48,1.12,,
SPY250613P00600000,2025-06-13 14:10:48,1.7,,
SPY250613P00601000,2025-06-13 14:10:48,2.43,,
SPY250613P00599000,2025-06-13 14:10:52,1.19,,
SPY250613P00600000,2025-06-13 14:10:52,1.73,,
SPY250613P00601000,2025-06-13 14:10:52,2.48,,
SPY250613P00599000,2025-06-13 14:10:56,1.19,,
SPY250613P00600000,2025-06-13 14:10:56,1.739,,
SPY250613P00601000,2025-06-13 14:10:56,2.48,,
SPY250613P00599000,2025-06-13 14:11:00,1.14,,
SPY250613P00600000,2025-06-13 14:11:00,1.72,,
SPY250613P00601000,2025-06-13 14:11:00,2.48,,
SPY250613P00599000,2025-06-13 14:11:04,1.14,,
SPY250613P00600000,2025-06-13 14:11:04,1.73,,
SPY250613P00601000,2025-06-13 14:11:04,2.53,,
SPY250613P00599000,2025-06-13 14:11:08,1.16,,
SPY250613P00600000,2025-06-13 14:11:08,1.689,,
SPY250613P00601000,2025-06-13 14:11:08,2.47,,
SPY250613P00599000,2025-06-13 14:11:12,1.16,,
SPY250613P00600000,2025-06-13 14:11:12,1.739,,
SPY250613P00601000,2025-06-13 14:11:12,2.47,,
SPY250613P00599000,2025-06-13 14:11:16,1.11,,
SPY250613P00600000,2025-06-13 14:11:16,1.739,,
SPY250613P00601000,2025-06-13 14:11:16,2.47,,
SPY250613P00599000,2025-06-13 14:11:20,1.13,,
SPY250613P00600000,2025-06-13 14:11:20,1.68,,
SPY250613P00601000,2025-06-13 14:11:20,2.47,,
SPY250613P00599000,2025-06-13 14:11:24,1.09,,
SPY250613P00600000,2025-06-13 14:11:24,1.68,,
SPY250613P00601000,2025-06-13 14:11:24,2.47,,
SPY250613P00599000,2025-06-13 14:11:28,1.09,,
SPY250613P00600000,2025-06-13 14:11:28,1.689,,
SPY250613P00601000,2025-06-13 14:11:28,2.47,,
SPY250613P00599000,2025-06-13 14:11:32,1.13,,
SPY250613P00600000,2025-06-13 14:11:32,1.7,,
SPY250613P00601000,2025-06-13 14:11:32,2.47,,
SPY250613P00599000,2025-06-13 14:11:36,1.17,,
SPY250613P00600000,2025-06-13 14:11:36,1.73,,
SPY250613P00601000,2025-06-13 14:11:36,2.52,,
SPY250613P00599000,2025-06-13 14:11:40,1.22,,
SPY250613P00600000,2025-06-13 14:11:40,1.8,,
SPY250613P00601000,2025-06-13 14:11:40,2.52,,
SPY250613P00599000,2025-06-13 14:11:44,1.17,,
SPY250613P00600000,2025-06-13 14:11:44,1.8,,
SPY250613P00601000,2025-06-13 14:11:44,2.52,,
SPY250613P00599000,2025-06-13 14:11:48,1.12,,
SPY250613P00600000,2025-06-13 14:11:48,1.7,,
SPY250613P00601000,2025-06-13 14:11:48,2.51,,
SPY250613P00599000,2025-06-13 14:11:52,1.12,,
SPY250613P00600000,2025-06-13 14:11:52,1.62,,
SPY250613P00601000,2025-06-13 14:11:52,2.51,,
SPY250613P00599000,2025-06-13 14:11:56,1.13,,
SPY250613P00600000,2025-06-13 14:11:56,1.56,,
SPY250613P00601000,2025-06-13 14:11:56,2.37,,
SPY250613P00599000,2025-06-13 14:12:00,1.03,,
SPY250613P00600000,2025-06-13 14:12:00,1.6,,
SPY250613P00601000,2025-06-13 14:12:00,2.27,,
SPY250613P00599000,2025-06-13 14:12:04,1.05,,
SPY250613P00600000,2025-06-13 14:12:04,1.57,,
SPY250613P00601000,2025-06-13 14:12:04,2.27,,
SPY250613P00599000,2025-06-13 14:12:09,0.98,,
SPY250613P00600000,2025-06-13 14:12:09,1.57,,
SPY250613P00601000,2025-06-13 14:12:09,2.27,,
SPY250613P00599000,2025-06-13 14:12:13,1.01,,
SPY250613P00600000,2025-06-13 14:12:13,1.58,,
SPY250613P00601000,2025-06-13 14:12:13,2.27,,
SPY250613P00599000,2025-06-13 14:12:17,1.04,,
SPY250613P00600000,2025-06-13 14:12:17,1.61,,
SPY250613P00601000,2025-06-13 14:12:17,2.31,,
SPY250613P00599000,2025-06-13 14:12:21,1.019,,
SPY250613P00600000,2025-06-13 14:12:21,1.56,,
SPY250613P00601000,2025-06-13 14:12:21,2.31,,
SPY250613P00599000,2025-06-13 14:12:25,1.019,,
SPY250613P00600000,2025-06-13 14:12:25,1.53,,
SPY250613P00601000,2025-06-13 14:12:25,2.31,,
SPY250613P00599000,2025-06-13 14:12:29,1.05,,
SPY250613P00600000,2025-06-13 14:12:29,1.53,,
SPY250613P00601000,2025-06-13 14:12:29,2.31,,
SPY250613P00599000,2025-06-13 14:12:33,0.919,,
SPY250613P00600000,2025-06-13 14:12:33,1.55,,
SPY250613P00601000,2025-06-13 14:12:33,2.23,,
SPY250613P00599000,2025-06-13 14:12:37,0.869,,
SPY250613P00600000,2025-06-13 14:12:37,1.39,,
SPY250613P00601000,2025-06-13 14:12:37,2.23,,
SPY250613P00599000,2025-06-13 14:12:41,0.91,,
SPY250613P00600000,2025-06-13 14:12:41,1.38,,
SPY250613P00601000,2025-06-13 14:12:41,2.23,,
SPY250613P00599000,2025-06-13 14:12:45,0.86,,
SPY250613P00600000,2025-06-13 14:12:45,1.38,,
SPY250613P00601000,2025-06-13 14:12:45,2.1,,
SPY250613P00599000,2025-06-13 14:12:49,0.88,,
SPY250613P00600000,2025-06-13 14:12:49,1.4,,
SPY250613P00601000,2025-06-13 14:12:49,2.13,,
SPY250613P00599000,2025-06-13 14:12:53,0.86,,
SPY250613P00600000,2025-06-13 14:12:53,1.37,,
SPY250613P00601000,2025-06-13 14:12:53,2.13,,
SPY250613P00599000,2025-06-13 14:12:57,0.86,,
SPY250613P00600000,2025-06-13 14:12:57,1.48,,
SPY250613P00601000,2025-06-13 14:12:57,2.14,,
SPY250613P00599000,2025-06-13 14:13:01,0.89,,
SPY250613P00600000,2025-06-13 14:13:01,1.41,,
SPY250613P00601000,2025-06-13 14:13:01,2.14,,
SPY250613P00599000,2025-06-13 14:13:05,0.94,,
SPY250613P00600000,2025-06-13 14:13:05,1.54,,
SPY250613P00601000,2025-06-13 14:13:05,2.13,,
SPY250613P00599000,2025-06-13 14:13:09,1.01,,
SPY250613P00600000,2025-06-13 14:13:09,1.56,,
SPY250613P00601000,2025-06-13 14:13:09,2.23,,
SPY250613P00599000,2025-06-13 14:13:14,0.95,,
SPY250613P00600000,2025-06-13 14:13:14,1.51,,
SPY250613P00601000,2025-06-13 14:13:14,2.23,,
SPY250613P00599000,2025-06-13 14:13:18,0.95,,
SPY250613P00600000,2025-06-13 14:13:18,1.52,,
SPY250613P00601000,2025-06-13 14:13:18,2.17,,
SPY250613P00599000,2025-06-13 14:13:22,0.95,,
SPY250613P00600000,2025-06-13 14:13:22,1.54,,
SPY250613P00601000,2025-06-13 14:13:22,2.25,,
SPY250613P00599000,2025-06-13 14:13:26,0.98,,
SPY250613P00600000,2025-06-13 14:13:26,1.56,,
SPY250613P00601000,2025-06-13 14:13:26,2.29,,
SPY250613P00599000,2025-06-13 14:13:30,1.04,,
SPY250613P00600000,2025-06-13 14:13:30,1.59,,
SPY250613P00601000,2025-06-13 14:13:30,2.29,,
SPY250613P00599000,2025-06-13 14:13:34,0.99,,
SPY250613P00600000,2025-06-13 14:13:34,1.58,,
SPY250613P00601000,2025-06-13 14:13:34,2.29,,
SPY250613P00599000,2025-06-13 14:13:38,1.0,,
SPY250613P00600000,2025-06-13 14:13:38,1.52,,
SPY250613P00601000,2025-06-13 14:13:38,2.2,,
SPY250613P00599000,2025-06-13 14:13:42,0.969,,
SPY250613P00600000,2025-06-13 14:13:42,1.55,,
SPY250613P00601000,2025-06-13 14:13:42,2.2,,
SPY250613P00599000,2025-06-13 14:13:46,0.99,,
SPY250613P00600000,2025-06-13 14:13:46,1.54,,
SPY250613P00601000,2025-06-13 14:13:46,2.2,,
SPY250613P00599000,2025-06-13 14:13:50,0.95,,
SPY250613P00600000,2025-06-13 14:13:50,1.5,,
SPY250613P00601000,2025-06-13 14:13:50,2.14,,
SPY250613P00599000,2025-06-13 14:13:56,0.919,,
SPY250613P00600000,2025-06-13 14:13:56,1.43,,
SPY250613P00601000,2025-06-13 14:13:56,2.14,,
SPY250613P00599000,2025-06-13 14:14:00,0.969,,
SPY250613P00600000,2025-06-13 14:14:00,1.56,,
SPY250613P00601000,2025-06-13 14:14:00,2.14,,
SPY250613P00599000,2025-06-13 14:14:04,1.019,,
SPY250613P00600000,2025-06-13 14:14:04,1.56,,
SPY250613P00601000,2025-06-13 14:14:04,2.14,,
SPY250613P00599000,2025-06-13 14:14:08,1.0,,
SPY250613P00600000,2025-06-13 14:14:08,1.54,,
SPY250613P00601000,2025-06-13 14:14:08,2.26,,
SPY250613P00599000,2025-06-13 14:14:12,1.03,,
SPY250613P00600000,2025-06-13 14:14:12,1.53,,
SPY250613P00601000,2025-06-13 14:14:12,2.26,,
SPY250613P00599000,2025-06-13 14:14:17,1.04,,
SPY250613P00600000,2025-06-13 14:14:17,1.59,,
SPY250613P00601000,2025-06-13 14:14:17,2.26,,
SPY250613P00599000,2025-06-13 14:14:21,1.05,,
SPY250613P00600000,2025-06-13 14:14:21,1.53,,
SPY250613P00601000,2025-06-13 14:14:21,2.26,,
SPY250613P00599000,2025-06-13 14:14:25,1.03,,
SPY250613P00600000,2025-06-13 14:14:25,1.57,,
SPY250613P00601000,2025-06-13 14:14:25,2.26,,
SPY250613P00599000,2025-06-13 14:14:29,0.98,,
SPY250613P00600000,2025-06-13 14:14:29,1.51,,
SPY250613P00601000,2025-06-13 14:14:29,2.26,,
SPY250613P00599000,2025-06-13 14:14:33,0.98,,
SPY250613P00600000,2025-06-13 14:14:33,1.51,,
SPY250613P00601000,2025-06-13 14:14:33,2.26,,
SPY250613P00599000,2025-06-13 14:14:37,1.019,,
SPY250613P00600000,2025-06-13 14:14:37,1.58,,
SPY250613P00601000,2025-06-13 14:14:37,2.26,,
SPY250613P00599000,2025-06-13 14:14:42,1.07,,
SPY250613P00600000,2025-06-13 14:14:42,1.59,,
SPY250613P00601000,2025-06-13 14:14:42,2.26,,
SPY250613P00599000,2025-06-13 14:14:46,1.04,,
SPY250613P00600000,2025-06-13 14:14:46,1.62,,
SPY250613P00601000,2025-06-13 14:14:46,2.26,,
SPY250613P00599000,2025-06-13 14:14:50,1.13,,
SPY250613P00600000,2025-06-13 14:14:50,1.689,,
SPY250613P00601000,2025-06-13 14:14:50,2.26,,
SPY250613P00599000,2025-06-13 14:14:55,1.17,,
SPY250613P00600000,2025-06-13 14:14:55,1.76,,
SPY250613P00601000,2025-06-13 14:14:55,2.26,,
SPY250613P00599000,2025-06-13 14:14:59,1.21,,
SPY250613P00600000,2025-06-13 14:14:59,1.76,,
SPY250613P00601000,2025-06-13 14:14:59,2.52,,
SPY250613P00599000,2025-06-13 14:15:03,1.2,,
SPY250613P00600000,2025-06-13 14:15:03,1.8,,
SPY250613P00601000,2025-06-13 14:15:03,2.52,,
SPY250613P00599000,2025-06-13 14:15:08,1.2,,
SPY250613P00600000,2025-06-13 14:15:08,1.839,,
SPY250613P00601000,2025-06-13 14:15:08,2.6,,
SPY250613P00599000,2025-06-13 14:15:12,1.25,,
SPY250613P00600000,2025-06-13 14:15:12,1.83,,
SPY250613P00601000,2025-06-13 14:15:12,2.6,,
SPY250613P00599000,2025-06-13 14:15:16,1.4,,
SPY250613P00600000,2025-06-13 14:15:16,1.739,,
SPY250613P00601000,2025-06-13 14:15:16,2.6,,
SPY250613P00599000,2025-06-13 14:15:20,1.53,,
SPY250613P00600000,2025-06-13 14:15:20,2.32,,
SPY250613P00601000,2025-06-13 14:15:20,2.89,,
SPY250613P00599000,2025-06-13 14:15:24,1.48,,
SPY250613P00600000,2025-06-13 14:15:24,2.27,,
SPY250613P00601000,2025-06-13 14:15:24,2.99,,
SPY250613P00599000,2025-06-13 14:15:28,1.7,,
SPY250613P00600000,2025-06-13 14:15:28,2.31,,
SPY250613P00601000,2025-06-13 14:15:28,3.05,,
SPY250613P00599000,2025-06-13 14:15:32,1.75,,
SPY250613P00600000,2025-06-13 14:15:32,2.48,,
SPY250613P00601000,2025-06-13 14:15:32,3.14,,
SPY250613P00599000,2025-06-13 14:15:36,1.81,,
SPY250613P00600000,2025-06-13 14:15:36,2.37,,
SPY250613P00601000,2025-06-13 14:15:36,3.21,,
SPY250613P00599000,2025-06-13 14:15:40,1.49,,
SPY250613P00600000,2025-06-13 14:15:40,2.03,,
SPY250613P00601000,2025-06-13 14:15:40,2.79,,
SPY250613P00599000,2025-06-13 14:15:44,1.48,,
SPY250613P00600000,2025-06-13 14:15:44,2.09,,
SPY250613P00601000,2025-06-13 14:15:44,2.82,,
SPY250613P00599000,2025-06-13 14:15:48,1.48,,
SPY250613P00600000,2025-06-13 14:15:48,2.09,,
SPY250613P00601000,2025-06-13 14:15:48,2.87,,
SPY250613P00599000,2025-06-13 14:15:52,1.52,,
SPY250613P00600000,2025-06-13 14:15:52,2.1,,
SPY250613P00601000,2025-06-13 14:15:52,2.86,,
SPY250613P00599000,2025-06-13 14:15:56,1.45,,
SPY250613P00600000,2025-06-13 14:15:56,2.07,,
SPY250613P00601000,2025-06-13 14:15:56,2.9,,
SPY250613P00599000,2025-06-13 14:16:00,1.49,,
SPY250613P00600000,2025-06-13 14:16:00,2.08,,
SPY250613P00601000,2025-06-13 14:16:00,2.9,,
SPY250613P00599000,2025-06-13 14:16:05,1.48,,
SPY250613P00600000,2025-06-13 14:16:05,2.09,,
SPY250613P00601000,2025-06-13 14:16:05,2.87,,
SPY250613P00599000,2025-06-13 14:16:09,1.5,,
SPY250613P00600000,2025-06-13 14:16:09,2.13,,
SPY250613P00601000,2025-06-13 14:16:09,2.9,,
SPY250613P00599000,2025-06-13 14:16:13,1.45,,
SPY250613P00600000,2025-06-13 14:16:13,2.12,,
SPY250613P00601000,2025-06-13 14:16:13,2.85,,
SPY250613P00599000,2025-06-13 14:16:17,1.54,,
SPY250613P00600000,2025-06-13 14:16:17,2.18,,
SPY250613P00601000,2025-06-13 14:16:17,2.91,,
SPY250613P00599000,2025-06-13 14:16:21,1.51,,
SPY250613P00600000,2025-06-13 14:16:21,2.14,,
SPY250613P00601000,2025-06-13 14:16:21,2.91,,
SPY250613P00599000,2025-06-13 14:16:25,1.54,,
SPY250613P00600000,2025-06-13 14:16:25,2.1,,
SPY250613P00601000,2025-06-13 14:16:25,2.91,,
SPY250613P00599000,2025-06-13 14:16:29,1.55,,
SPY250613P00600000,2025-06-13 14:16:29,2.17,,
SPY250613P00601000,2025-06-13 14:16:29,2.91,,
SPY250613P00599000,2025-06-13 14:16:33,1.42,,
SPY250613P00600000,2025-06-13 14:16:33,2.1,,
SPY250613P00601000,2025-06-13 14:16:33,2.87,,
SPY250613P00599000,2025-06-13 14:16:37,1.57,,
SPY250613P00600000,2025-06-13 14:16:37,2.22,,
SPY250613P00601000,2025-06-13 14:16:37,2.94,,
SPY250613P00599000,2025-06-13 14:16:41,1.57,,
SPY250613P00600000,2025-06-13 14:16:41,2.19,,
SPY250613P00601000,2025-06-13 14:16:41,2.94,,
SPY250613P00599000,2025-06-13 14:16:45,1.54,,
SPY250613P00600000,2025-06-13 14:16:45,2.24,,
SPY250613P00601000,2025-06-13 14:16:45,2.95,,
SPY250613P00599000,2025-06-13 14:16:49,1.55,,
SPY250613P00600000,2025-06-13 14:16:49,2.14,,
SPY250613P00601000,2025-06-13 14:16:49,2.98,,
SPY250613P00599000,2025-06-13 14:16:53,1.57,,
SPY250613P00600000,2025-06-13 14:16:53,2.14,,
SPY250613P00601000,2025-06-13 14:16:53,2.98,,
SPY250613P00599000,2025-06-13 14:16:57,1.55,,
SPY250613P00600000,2025-06-13 14:16:57,2.23,,
SPY250613P00601000,2025-06-13 14:16:57,3.0,,
SPY250613P00599000,2025-06-13 14:17:01,1.55,,
SPY250613P00600000,2025-06-13 14:17:01,2.28,,
SPY250613P00601000,2025-06-13 14:17:01,3.0,,
SPY250613P00599000,2025-06-13 14:17:05,1.62,,
SPY250613P00600000,2025-06-13 14:17:05,2.2,,
SPY250613P00601000,2025-06-13 14:17:05,3.08,,
SPY250613P00599000,2025-06-13 14:17:10,1.55,,
SPY250613P00600000,2025-06-13 14:17:10,2.27,,
SPY250613P00601000,2025-06-13 14:17:10,3.02,,
SPY250613P00599000,2025-06-13 14:17:14,1.61,,
SPY250613P00600000,2025-06-13 14:17:14,2.28,,
SPY250613P00601000,2025-06-13 14:17:14,2.98,,
SPY250613P00599000,2025-06-13 14:17:18,1.61,,
SPY250613P00600000,2025-06-13 14:17:18,2.28,,
SPY250613P00601000,2025-06-13 14:17:18,3.1,,
SPY250613P00599000,2025-06-13 14:17:22,1.52,,
SPY250613P00600000,2025-06-13 14:17:22,2.08,,
SPY250613P00601000,2025-06-13 14:17:22,3.1,,
SPY250613P00599000,2025-06-13 14:17:26,1.56,,
SPY250613P00600000,2025-06-13 14:17:26,2.11,,
SPY250613P00601000,2025-06-13 14:17:26,3.03,,
SPY250613P00599000,2025-06-13 14:17:30,1.42,,
SPY250613P00600000,2025-06-13 14:17:30,2.07,,
SPY250613P00601000,2025-06-13 14:17:30,2.86,,
SPY250613P00599000,2025-06-13 14:17:34,1.33,,
SPY250613P00600000,2025-06-13 14:17:34,1.98,,
SPY250613P00601000,2025-06-13 14:17:34,2.79,,
SPY250613P00599000,2025-06-13 14:17:38,1.37,,
SPY250613P00600000,2025-06-13 14:17:38,2.05,,
SPY250613P00601000,2025-06-13 14:17:38,2.77,,
SPY250613P00599000,2025-06-13 14:17:42,1.37,,
SPY250613P00600000,2025-06-13 14:17:42,2.07,,
SPY250613P00601000,2025-06-13 14:17:42,2.77,,
SPY250613P00599000,2025-06-13 14:17:46,1.33,,
SPY250613P00600000,2025-06-13 14:17:46,1.97,,
SPY250613P00601000,2025-06-13 14:17:46,2.83,,
SPY250613P00599000,2025-06-13 14:17:50,1.34,,
SPY250613P00600000,2025-06-13 14:17:50,1.93,,
SPY250613P00601000,2025-06-13 14:17:50,2.68,,
SPY250613P00599000,2025-06-13 14:17:54,1.31,,
SPY250613P00600000,2025-06-13 14:17:54,1.98,,
SPY250613P00601000,2025-06-13 14:17:54,2.71,,
SPY250613P00599000,2025-06-13 14:17:58,1.49,,
SPY250613P00600000,2025-06-13 14:17:58,2.17,,
SPY250613P00601000,2025-06-13 14:17:58,2.98,,
SPY250613P00599000,2025-06-13 14:18:02,1.47,,
SPY250613P00600000,2025-06-13 14:18:02,2.2,,
SPY250613P00601000,2025-06-13 14:18:02,2.98,,
SPY250613P00599000,2025-06-13 14:18:06,1.52,,
SPY250613P00600000,2025-06-13 14:18:06,2.22,,
SPY250613P00601000,2025-06-13 14:18:06,2.98,,
SPY250613P00599000,2025-06-13 14:18:10,1.52,,
SPY250613P00600000,2025-06-13 14:18:10,2.17,,
SPY250613P00601000,2025-06-13 14:18:10,3.03,,
SPY250613P00599000,2025-06-13 14:18:15,1.48,,
SPY250613P00600000,2025-06-13 14:18:15,2.18,,
SPY250613P00601000,2025-06-13 14:18:15,2.92,,
SPY250613P00599000,2025-06-13 14:18:19,1.55,,
SPY250613P00600000,2025-06-13 14:18:19,2.23,,
SPY250613P00601000,2025-06-13 14:18:19,2.93,,
SPY250613P00599000,2025-06-13 14:18:23,1.51,,
SPY250613P00600000,2025-06-13 14:18:23,2.24,,
SPY250613P00601000,2025-06-13 14:18:23,3.12,,
SPY250613P00599000,2025-06-13 14:18:27,1.54,,
SPY250613P00600000,2025-06-13 14:18:27,2.27,,
SPY250613P00601000,2025-06-13 14:18:27,3.07,,
SPY250613P00599000,2025-06-13 14:18:31,1.53,,
SPY250613P00600000,2025-06-13 14:18:31,2.27,,
SPY250613P00601000,2025-06-13 14:18:31,3.03,,
SPY250613P00599000,2025-06-13 14:18:35,1.43,,
SPY250613P00600000,2025-06-13 14:18:35,2.13,,
SPY250613P00601000,2025-06-13 14:18:35,2.98,,
SPY250613P00599000,2025-06-13 14:18:39,1.45,,
SPY250613P00600000,2025-06-13 14:18:39,2.12,,
SPY250613P00601000,2025-06-13 14:18:39,2.91,,
SPY250613P00599000,2025-06-13 14:18:43,1.52,,
SPY250613P00600000,2025-06-13 14:18:43,2.15,,
SPY250613P00601000,2025-06-13 14:18:43,2.93,,
SPY250613P00599000,2025-06-13 14:18:47,1.46,,
SPY250613P00600000,2025-06-13 14:18:47,2.1,,
SPY250613P00601000,2025-06-13 14:18:47,2.98,,
SPY250613P00599000,2025-06-13 14:18:51,1.4,,
SPY250613P00600000,2025-06-13 14:18:51,2.08,,
SPY250613P00601000,2025-06-13 14:18:51,2.87,,
SPY250613P00599000,2025-06-13 14:18:55,1.36,,
SPY250613P00600000,2025-06-13 14:18:55,1.989,,
SPY250613P00601000,2025-06-13 14:18:55,2.87,,
SPY250613P00599000,2025-06-13 14:18:59,1.41,,
SPY250613P00600000,2025-06-13 14:18:59,2.06,,
SPY250613P00601000,2025-06-13 14:18:59,2.81,,
SPY250613P00599000,2025-06-13 14:19:03,1.34,,
SPY250613P00600000,2025-06-13 14:19:03,2.01,,
SPY250613P00601000,2025-06-13 14:19:03,2.8,,
SPY250613P00599000,2025-06-13 14:19:07,1.28,,
SPY250613P00600000,2025-06-13 14:19:07,1.889,,
SPY250613P00601000,2025-06-13 14:19:07,2.56,,
SPY250613P00599000,2025-06-13 14:19:11,1.26,,
SPY250613P00600000,2025-06-13 14:19:11,1.82,,
SPY250613P00601000,2025-06-13 14:19:11,2.63,,
SPY250613P00599000,2025-06-13 14:19:16,1.25,,
SPY250613P00600000,2025-06-13 14:19:16,1.85,,
SPY250613P00601000,2025-06-13 14:19:16,2.57,,
SPY250613P00599000,2025-06-13 14:19:20,1.25,,
SPY250613P00600000,2025-06-13 14:19:20,1.88,,
SPY250613P00601000,2025-06-13 14:19:20,2.6,,
SPY250613P00599000,2025-06-13 14:19:24,1.31,,
SPY250613P00600000,2025-06-13 14:19:24,1.939,,
SPY250613P00601000,2025-06-13 14:19:24,2.66,,
SPY250613P00599000,2025-06-13 14:19:28,1.29,,
SPY250613P00600000,2025-06-13 14:19:28,1.91,,
SPY250613P00601000,2025-06-13 14:19:28,2.7,,
SPY250613P00599000,2025-06-13 14:19:32,1.29,,
SPY250613P00600000,2025-06-13 14:19:32,1.91,,
SPY250613P00601000,2025-06-13 14:19:32,2.63,,
SPY250613P00599000,2025-06-13 14:19:36,1.27,,
SPY250613P00600000,2025-06-13 14:19:36,1.9,,
SPY250613P00601000,2025-06-13 14:19:36,2.66,,
SPY250613P00599000,2025-06-13 14:19:40,1.26,,
SPY250613P00600000,2025-06-13 14:19:40,1.83,,
SPY250613P00601000,2025-06-13 14:19:40,2.66,,
SPY250613P00599000,2025-06-13 14:19:44,1.28,,
SPY250613P00600000,2025-06-13 14:19:44,1.81,,
SPY250613P00601000,2025-06-13 14:19:44,2.53,,
SPY250613P00599000,2025-06-13 14:19:48,1.25,,
SPY250613P00600000,2025-06-13 14:19:48,1.78,,
SPY250613P00601000,2025-06-13 14:19:48,2.58,,
SPY250613P00599000,2025-06-13 14:19:53,1.24,,
SPY250613P00600000,2025-06-13 14:19:53,1.85,,
SPY250613P00601000,2025-06-13 14:19:53,2.58,,
SPY250613P00599000,2025-06-13 14:19:57,1.19,,
SPY250613P00600000,2025-06-13 14:19:57,1.789,,
SPY250613P00601000,2025-06-13 14:19:57,2.59,,
SPY250613P00599000,2025-06-13 14:20:01,1.25,,
SPY250613P00600000,2025-06-13 14:20:01,1.8,,
SPY250613P00601000,2025-06-13 14:20:01,2.52,,
SPY250613P00599000,2025-06-13 14:20:05,1.22,,
SPY250613P00600000,2025-06-13 14:20:05,1.76,,
SPY250613P00601000,2025-06-13 14:20:05,2.5,,
SPY250613P00599000,2025-06-13 14:20:09,1.11,,
SPY250613P00600000,2025-06-13 14:20:09,1.75,,
SPY250613P00601000,2025-06-13 14:20:09,2.5,,
SPY250613P00599000,2025-06-13 14:20:13,1.13,,
SPY250613P00600000,2025-06-13 14:20:13,1.77,,
SPY250613P00601000,2025-06-13 14:20:13,2.5,,
SPY250613P00599000,2025-06-13 14:20:17,1.14,,
SPY250613P00600000,2025-06-13 14:20:17,1.75,,
SPY250613P00601000,2025-06-13 14:20:17,2.47,,
SPY250613P00599000,2025-06-13 14:20:21,1.19,,
SPY250613P00600000,2025-06-13 14:20:21,1.76,,
SPY250613P00601000,2025-06-13 14:20:21,2.49,,
SPY250613P00599000,2025-06-13 14:20:25,1.17,,
SPY250613P00600000,2025-06-13 14:20:25,1.73,,
SPY250613P00601000,2025-06-13 14:20:25,2.5,,
SPY250613P00599000,2025-06-13 14:20:29,1.17,,
SPY250613P00600000,2025-06-13 14:20:29,1.72,,
SPY250613P00601000,2025-06-13 14:20:29,2.5,,
SPY250613P00599000,2025-06-13 14:20:33,1.15,,
SPY250613P00600000,2025-06-13 14:20:33,1.72,,
SPY250613P00601000,2025-06-13 14:20:33,2.58,,
SPY250613P00599000,2025-06-13 14:20:37,1.21,,
SPY250613P00600000,2025-06-13 14:20:37,1.76,,
SPY250613P00601000,2025-06-13 14:20:37,2.59,,
SPY250613P00599000,2025-06-13 14:20:41,1.18,,
SPY250613P00600000,2025-06-13 14:20:41,1.789,,
SPY250613P00601000,2025-06-13 14:20:41,2.55,,
SPY250613P00599000,2025-06-13 14:20:46,1.32,,
SPY250613P00600000,2025-06-13 14:20:46,1.839,,
SPY250613P00601000,2025-06-13 14:20:46,2.55,,
SPY250613P00599000,2025-06-13 14:20:50,1.35,,
SPY250613P00600000,2025-06-13 14:20:50,1.93,,
SPY250613P00601000,2025-06-13 14:20:50,2.76,,
SPY250613P00599000,2025-06-13 14:20:54,1.28,,
SPY250613P00600000,2025-06-13 14:20:54,1.96,,
SPY250613P00601000,2025-06-13 14:20:54,2.73,,
SPY250613P00599000,2025-06-13 14:20:58,1.32,,
SPY250613P00600000,2025-06-13 14:20:58,1.939,,
SPY250613P00601000,2025-06-13 14:20:58,2.68,,
SPY250613P00599000,2025-06-13 14:21:02,1.3,,
SPY250613P00600000,2025-06-13 14:21:02,1.98,,
SPY250613P00601000,2025-06-13 14:21:02,2.72,,
SPY250613P00599000,2025-06-13 14:21:06,1.33,,
SPY250613P00600000,2025-06-13 14:21:06,1.93,,
SPY250613P00601000,2025-06-13 14:21:06,2.75,,
SPY250613P00599000,2025-06-13 14:21:10,1.39,,
SPY250613P00600000,2025-06-13 14:21:10,2.01,,
SPY250613P00601000,2025-06-13 14:21:10,2.71,,
SPY250613P00599000,2025-06-13 14:21:14,1.43,,
SPY250613P00600000,2025-06-13 14:21:14,1.989,,
SPY250613P00601000,2025-06-13 14:21:14,2.77,,
SPY250613P00599000,2025-06-13 14:21:18,1.38,,
SPY250613P00600000,2025-06-13 14:21:18,1.95,,
SPY250613P00601000,2025-06-13 14:21:18,2.77,,
SPY250613P00599000,2025-06-13 14:21:22,1.5,,
SPY250613P00600000,2025-06-13 14:21:22,2.16,,
SPY250613P00601000,2025-06-13 14:21:22,2.93,,
SPY250613P00599000,2025-06-13 14:21:27,1.5,,
SPY250613P00600000,2025-06-13 14:21:27,2.18,,
SPY250613P00601000,2025-06-13 14:21:27,2.99,,
SPY250613P00599000,2025-06-13 14:21:31,1.48,,
SPY250613P00600000,2025-06-13 14:21:31,2.14,,
SPY250613P00601000,2025-06-13 14:21:31,2.93,,
SPY250613P00599000,2025-06-13 14:21:35,1.5,,
SPY250613P00600000,2025-06-13 14:21:35,2.16,,
SPY250613P00601000,2025-06-13 14:21:35,2.96,,
SPY250613P00599000,2025-06-13 14:21:39,1.53,,
SPY250613P00600000,2025-06-13 14:21:39,2.16,,
SPY250613P00601000,2025-06-13 14:21:39,2.93,,
SPY250613P00599000,2025-06-13 14:21:43,1.53,,
SPY250613P00600000,2025-06-13 14:21:43,2.15,,
SPY250613P00601000,2025-06-13 14:21:43,2.96,,
SPY250613P00599000,2025-06-13 14:21:47,1.52,,
SPY250613P00600000,2025-06-13 14:21:47,2.26,,
SPY250613P00601000,2025-06-13 14:21:47,3.01,,
SPY250613P00599000,2025-06-13 14:21:51,1.52,,
SPY250613P00600000,2025-06-13 14:21:51,2.21,,
SPY250613P00601000,2025-06-13 14:21:51,3.02,,
SPY250613P00599000,2025-06-13 14:21:55,1.57,,
SPY250613P00600000,2025-06-13 14:21:55,2.22,,
SPY250613P00601000,2025-06-13 14:21:55,3.0,,
SPY250613P00599000,2025-06-13 14:21:59,1.54,,
SPY250613P00600000,2025-06-13 14:21:59,2.22,,
SPY250613P00601000,2025-06-13 14:21:59,2.96,,
SPY250613P00599000,2025-06-13 14:22:03,1.53,,
SPY250613P00600000,2025-06-13 14:22:03,2.2,,
SPY250613P00601000,2025-06-13 14:22:03,3.06,,
SPY250613P00599000,2025-06-13 14:22:07,1.59,,
SPY250613P00600000,2025-06-13 14:22:07,2.22,,
SPY250613P00601000,2025-06-13 14:22:07,3.02,,
SPY250613P00599000,2025-06-13 14:22:11,1.51,,
SPY250613P00600000,2025-06-13 14:22:11,2.2,,
SPY250613P00601000,2025-06-13 14:22:11,3.05,,
SPY250613P00599000,2025-06-13 14:22:15,1.56,,
SPY250613P00600000,2025-06-13 14:22:15,2.27,,
SPY250613P00601000,2025-06-13 14:22:15,3.03,,
SPY250613P00599000,2025-06-13 14:22:20,1.59,,
SPY250613P00600000,2025-06-13 14:22:20,2.29,,
SPY250613P00601000,2025-06-13 14:22:20,3.06,,
SPY250613P00599000,2025-06-13 14:22:24,1.58,,
SPY250613P00600000,2025-06-13 14:22:24,2.34,,
SPY250613P00601000,2025-06-13 14:22:24,3.14,,
SPY250613P00599000,2025-06-13 14:22:28,1.57,,
SPY250613P00600000,2025-06-13 14:22:28,2.27,,
SPY250613P00601000,2025-06-13 14:22:28,3.08,,
SPY250613P00599000,2025-06-13 14:22:32,1.57,,
SPY250613P00600000,2025-06-13 14:22:32,2.26,,
SPY250613P00601000,2025-06-13 14:22:32,3.08,,
SPY250613P00599000,2025-06-13 14:22:36,1.6,,
SPY250613P00600000,2025-06-13 14:22:36,2.36,,
SPY250613P00601000,2025-06-13 14:22:36,3.2,,
SPY250613P00599000,2025-06-13 14:22:40,1.6,,
SPY250613P00600000,2025-06-13 14:22:40,2.33,,
SPY250613P00601000,2025-06-13 14:22:40,3.19,,
SPY250613P00599000,2025-06-13 14:22:44,1.63,,
SPY250613P00600000,2025-06-13 14:22:44,2.27,,
SPY250613P00601000,2025-06-13 14:22:44,3.18,,
SPY250613P00599000,2025-06-13 14:22:48,1.59,,
SPY250613P00600000,2025-06-13 14:22:48,2.25,,
SPY250613P00601000,2025-06-13 14:22:48,3.18,,
SPY250613P00599000,2025-06-13 14:22:52,1.6,,
SPY250613P00600000,2025-06-13 14:22:52,2.28,,
SPY250613P00601000,2025-06-13 14:22:52,3.09,,
SPY250613P00599000,2025-06-13 14:23:01,1.65,,
SPY250613P00600000,2025-06-13 14:23:01,2.37,,
SPY250613P00601000,2025-06-13 14:23:01,3.12,,
SPY250613P00599000,2025-06-13 14:23:05,1.639,,
SPY250613P00600000,2025-06-13 14:23:05,2.36,,
SPY250613P00601000,2025-06-13 14:23:05,3.13,,
SPY250613P00599000,2025-06-13 14:23:09,1.56,,
SPY250613P00600000,2025-06-13 14:23:09,2.27,,
SPY250613P00601000,2025-06-13 14:23:09,3.13,,
SPY250613P00599000,2025-06-13 14:23:14,1.52,,
SPY250613P00600000,2025-06-13 14:23:14,2.23,,
SPY250613P00601000,2025-06-13 14:23:14,3.1,,
SPY250613P00599000,2025-06-13 14:23:18,1.51,,
SPY250613P00600000,2025-06-13 14:23:18,2.2,,
SPY250613P00601000,2025-06-13 14:23:18,3.02,,
SPY250613P00599000,2025-06-13 14:23:22,1.45,,
SPY250613P00600000,2025-06-13 14:23:22,2.16,,
SPY250613P00601000,2025-06-13 14:23:22,2.92,,
SPY250613P00599000,2025-06-13 14:23:26,1.46,,
SPY250613P00600000,2025-06-13 14:23:26,2.2,,
SPY250613P00601000,2025-06-13 14:23:26,2.95,,
SPY250613P00599000,2025-06-13 14:23:30,1.46,,
SPY250613P00600000,2025-06-13 14:23:30,2.1,,
SPY250613P00601000,2025-06-13 14:23:30,2.95,,
SPY250613P00599000,2025-06-13 14:23:34,1.3,,
SPY250613P00600000,2025-06-13 14:23:34,1.93,,
SPY250613P00601000,2025-06-13 14:23:34,2.75,,
SPY250613P00599000,2025-06-13 14:23:38,1.31,,
SPY250613P00600000,2025-06-13 14:23:38,2.03,,
SPY250613P00601000,2025-06-13 14:23:38,2.74,,
SPY250613P00599000,2025-06-13 14:23:42,1.36,,
SPY250613P00600000,2025-06-13 14:23:42,2.02,,
SPY250613P00601000,2025-06-13 14:23:42,2.81,,
SPY250613P00599000,2025-06-13 14:23:46,1.44,,
SPY250613P00600000,2025-06-13 14:23:46,2.07,,
SPY250613P00601000,2025-06-13 14:23:46,2.89,,
SPY250613P00599000,2025-06-13 14:23:50,1.44,,
SPY250613P00600000,2025-06-13 14:23:50,2.06,,
SPY250613P00601000,2025-06-13 14:23:50,2.84,,
SPY250613P00599000,2025-06-13 14:23:54,1.37,,
SPY250613P00600000,2025-06-13 14:23:54,1.98,,
SPY250613P00601000,2025-06-13 14:23:54,2.91,,
SPY250613P00599000,2025-06-13 14:23:58,1.33,,
SPY250613P00600000,2025-06-13 14:23:58,2.039,,
SPY250613P00601000,2025-06-13 14:23:58,2.8,,
SPY250613P00599000,2025-06-13 14:24:02,1.33,,
SPY250613P00600000,2025-06-13 14:24:02,1.989,,
SPY250613P00601000,2025-06-13 14:24:02,2.86,,
SPY250613P00599000,2025-06-13 14:24:07,1.39,,
SPY250613P00600000,2025-06-13 14:24:07,2.07,,
SPY250613P00601000,2025-06-13 14:24:07,2.86,,
SPY250613P00599000,2025-06-13 14:24:11,1.42,,
SPY250613P00600000,2025-06-13 14:24:11,2.01,,
SPY250613P00601000,2025-06-13 14:24:11,2.83,,
SPY250613P00599000,2025-06-13 14:24:15,1.44,,
SPY250613P00600000,2025-06-13 14:24:15,2.09,,
SPY250613P00601000,2025-06-13 14:24:15,2.82,,
SPY250613P00599000,2025-06-13 14:24:19,1.4,,
SPY250613P00600000,2025-06-13 14:24:19,2.14,,
SPY250613P00601000,2025-06-13 14:24:19,2.88,,
SPY250613P00599000,2025-06-13 14:24:25,1.51,,
SPY250613P00600000,2025-06-13 14:24:25,2.16,,
SPY250613P00601000,2025-06-13 14:24:25,3.04,,
SPY250613P00599000,2025-06-13 14:24:29,1.48,,
SPY250613P00600000,2025-06-13 14:24:29,2.12,,
SPY250613P00601000,2025-06-13 14:24:29,2.99,,
SPY250613P00599000,2025-06-13 14:24:34,1.45,,
SPY250613P00600000,2025-06-13 14:24:34,2.13,,
SPY250613P00601000,2025-06-13 14:24:34,2.99,,
SPY250613P00599000,2025-06-13 14:24:38,1.43,,
SPY250613P00600000,2025-06-13 14:24:38,2.12,,
SPY250613P00601000,2025-06-13 14:24:38,2.99,,
SPY250613P00599000,2025-06-13 14:24:42,1.44,,
SPY250613P00600000,2025-06-13 14:24:42,2.09,,
SPY250613P00601000,2025-06-13 14:24:42,2.92,,
SPY250613P00599000,2025-06-13 14:24:46,1.41,,
SPY250613P00600000,2025-06-13 14:24:46,2.11,,
SPY250613P00601000,2025-06-13 14:24:46,2.96,,
SPY250613P00599000,2025-06-13 14:24:50,1.41,,
SPY250613P00600000,2025-06-13 14:24:50,2.08,,
SPY250613P00601000,2025-06-13 14:24:50,2.91,,
SPY250613P00599000,2025-06-13 14:24:55,1.46,,
SPY250613P00600000,2025-06-13 14:24:55,2.15,,
SPY250613P00601000,2025-06-13 14:24:55,2.94,,
SPY250613P00599000,2025-06-13 14:24:59,1.48,,
SPY250613P00600000,2025-06-13 14:24:59,2.08,,
SPY250613P00601000,2025-06-13 14:24:59,2.94,,
SPY250613P00599000,2025-06-13 14:25:03,1.45,,
SPY250613P00600000,2025-06-13 14:25:03,2.11,,
SPY250613P00601000,2025-06-13 14:25:03,2.97,,
SPY250613P00599000,2025-06-13 14:25:07,1.47,,
SPY250613P00600000,2025-06-13 14:25:07,2.13,,
SPY250613P00601000,2025-06-13 14:25:07,2.98,,
SPY250613P00599000,2025-06-13 14:25:12,1.49,,
SPY250613P00600000,2025-06-13 14:25:12,2.18,,
SPY250613P00601000,2025-06-13 14:25:12,2.97,,
SPY250613P00599000,2025-06-13 14:25:16,1.51,,
SPY250613P00600000,2025-06-13 14:25:16,2.15,,
SPY250613P00601000,2025-06-13 14:25:16,3.07,,
SPY250613P00599000,2025-06-13 14:25:20,1.51,,
SPY250613P00600000,2025-06-13 14:25:20,2.14,,
SPY250613P00601000,2025-06-13 14:25:20,3.02,,
SPY250613P00599000,2025-06-13 14:25:25,1.47,,
SPY250613P00600000,2025-06-13 14:25:25,2.18,,
SPY250613P00601000,2025-06-13 14:25:25,2.94,,
SPY250613P00599000,2025-06-13 14:25:29,1.41,,
SPY250613P00600000,2025-06-13 14:25:29,2.03,,
SPY250613P00601000,2025-06-13 14:25:29,2.81,,
SPY250613P00599000,2025-06-13 14:25:33,1.45,,
SPY250613P00600000,2025-06-13 14:25:33,2.06,,
SPY250613P00601000,2025-06-13 14:25:33,2.94,,
SPY250613P00599000,2025-06-13 14:25:37,1.44,,
SPY250613P00600000,2025-06-13 14:25:37,2.15,,
SPY250613P00601000,2025-06-13 14:25:37,2.97,,
SPY250613P00599000,2025-06-13 14:25:41,1.42,,
SPY250613P00600000,2025-06-13 14:25:41,2.17,,
SPY250613P00601000,2025-06-13 14:25:41,3.03,,
SPY250613P00599000,2025-06-13 14:25:45,1.43,,
SPY250613P00600000,2025-06-13 14:25:45,2.11,,
SPY250613P00601000,2025-06-13 14:25:45,3.01,,
SPY250613P00599000,2025-06-13 14:25:50,1.42,,
SPY250613P00600000,2025-06-13 14:25:50,2.06,,
SPY250613P00601000,2025-06-13 14:25:50,2.93,,
SPY250613P00599000,2025-06-13 14:25:54,1.43,,
SPY250613P00600000,2025-06-13 14:25:54,2.12,,
SPY250613P00601000,2025-06-13 14:25:54,2.98,,
SPY250613P00599000,2025-06-13 14:25:58,1.42,,
SPY250613P00600000,2025-06-13 14:25:58,2.07,,
SPY250613P00601000,2025-06-13 14:25:58,2.98,,
SPY250613P00599000,2025-06-13 14:26:02,1.4,,
SPY250613P00600000,2025-06-13 14:26:02,2.07,,
SPY250613P00601000,2025-06-13 14:26:02,2.94,,
SPY250613P00599000,2025-06-13 14:26:06,1.42,,
SPY250613P00600000,2025-06-13 14:26:06,2.11,,
SPY250613P00601000,2025-06-13 14:26:06,2.93,,
SPY250613P00599000,2025-06-13 14:26:10,1.58,,
SPY250613P00600000,2025-06-13 14:26:10,2.19,,
SPY250613P00601000,2025-06-13 14:26:10,2.93,,
SPY250613P00599000,2025-06-13 14:26:14,1.58,,
SPY250613P00600000,2025-06-13 14:26:14,2.27,,
SPY250613P00601000,2025-06-13 14:26:14,3.18,,
SPY250613P00599000,2025-06-13 14:26:18,1.739,,
SPY250613P00600000,2025-06-13 14:26:18,2.41,,
SPY250613P00601000,2025-06-13 14:26:18,3.329,,
SPY250613P00599000,2025-06-13 14:26:22,1.66,,
SPY250613P00600000,2025-06-13 14:26:22,2.44,,
SPY250613P00601000,2025-06-13 14:26:22,3.329,,
SPY250613P00599000,2025-06-13 14:26:26,1.65,,
SPY250613P00600000,2025-06-13 14:26:26,2.37,,
SPY250613P00601000,2025-06-13 14:26:26,3.329,,
SPY250613P00599000,2025-06-13 14:26:30,1.66,,
SPY250613P00600000,2025-06-13 14:26:30,2.37,,
SPY250613P00601000,2025-06-13 14:26:30,3.21,,
SPY250613P00599000,2025-06-13 14:26:34,1.62,,
SPY250613P00600000,2025-06-13 14:26:34,2.32,,
SPY250613P00601000,2025-06-13 14:26:34,3.21,,
SPY250613P00599000,2025-06-13 14:26:38,1.639,,
SPY250613P00600000,2025-06-13 14:26:38,2.37,,
SPY250613P00601000,2025-06-13 14:26:38,3.29,,
SPY250613P00599000,2025-06-13 14:26:42,1.67,,
SPY250613P00600000,2025-06-13 14:26:42,2.38,,
SPY250613P00601000,2025-06-13 14:26:42,3.2,,
SPY250613P00599000,2025-06-13 14:26:46,1.739,,
SPY250613P00600000,2025-06-13 14:26:46,2.45,,
SPY250613P00601000,2025-06-13 14:26:46,3.329,,
SPY250613P00599000,2025-06-13 14:26:51,1.75,,
SPY250613P00600000,2025-06-13 14:26:51,2.47,,
SPY250613P00601000,2025-06-13 14:26:51,3.35,,
SPY250613P00599000,2025-06-13 14:26:55,1.689,,
SPY250613P00600000,2025-06-13 14:26:55,2.41,,
SPY250613P00601000,2025-06-13 14:26:55,3.24,,
SPY250613P00599000,2025-06-13 14:26:59,1.76,,
SPY250613P00600000,2025-06-13 14:26:59,2.51,,
SPY250613P00601000,2025-06-13 14:26:59,3.37,,
SPY250613P00599000,2025-06-13 14:27:03,1.72,,
SPY250613P00600000,2025-06-13 14:27:03,2.44,,
SPY250613P00601000,2025-06-13 14:27:03,3.4,,
SPY250613P00599000,2025-06-13 14:27:07,1.78,,
SPY250613P00600000,2025-06-13 14:27:07,2.53,,
SPY250613P00601000,2025-06-13 14:27:07,3.32,,
SPY250613P00599000,2025-06-13 14:27:11,1.77,,
SPY250613P00600000,2025-06-13 14:27:11,2.57,,
SPY250613P00601000,2025-06-13 14:27:11,3.32,,
SPY250613P00599000,2025-06-13 14:27:15,1.93,,
SPY250613P00600000,2025-06-13 14:27:15,2.63,,
SPY250613P00601000,2025-06-13 14:27:15,3.429,,
SPY250613P00599000,2025-06-13 14:27:19,1.86,,
SPY250613P00600000,2025-06-13 14:27:19,2.7,,
SPY250613P00601000,2025-06-13 14:27:19,3.479,,
SPY250613P00599000,2025-06-13 14:27:23,1.93,,
SPY250613P00600000,2025-06-13 14:27:23,2.67,,
SPY250613P00601000,2025-06-13 14:27:23,3.55,,
SPY250613P00599000,2025-06-13 14:27:27,1.88,,
SPY250613P00600000,2025-06-13 14:27:27,2.67,,
SPY250613P00601000,2025-06-13 14:27:27,3.55,,
SPY250613P00599000,2025-06-13 14:27:31,1.9,,
SPY250613P00600000,2025-06-13 14:27:31,2.68,,
SPY250613P00601000,2025-06-13 14:27:31,3.61,,
SPY250613P00599000,2025-06-13 14:27:35,1.889,,
SPY250613P00600000,2025-06-13 14:27:35,2.72,,
SPY250613P00601000,2025-06-13 14:27:35,3.629,,
SPY250613P00599000,2025-06-13 14:27:39,1.93,,
SPY250613P00600000,2025-06-13 14:27:39,2.75,,
SPY250613P00601000,2025-06-13 14:27:39,3.56,,
SPY250613P00599000,2025-06-13 14:27:43,2.21,,
SPY250613P00600000,2025-06-13 14:27:43,2.88,,
SPY250613P00601000,2025-06-13 14:27:43,3.7,,
SPY250613P00599000,2025-06-13 14:27:48,2.15,,
SPY250613P00600000,2025-06-13 14:27:48,2.94,,
SPY250613P00601000,2025-06-13 14:27:48,3.76,,
SPY250613P00599000,2025-06-13 14:27:52,2.07,,
SPY250613P00600000,2025-06-13 14:27:52,2.78,,
SPY250613P00601000,2025-06-13 14:27:52,3.76,,
SPY250613P00599000,2025-06-13 14:27:56,2.0,,
SPY250613P00600000,2025-06-13 14:27:56,2.8,,
SPY250613P00601000,2025-06-13 14:27:56,3.49,,
SPY250613P00599000,2025-06-13 14:28:00,2.08,,
SPY250613P00600000,2025-06-13 14:28:00,2.91,,
SPY250613P00601000,2025-06-13 14:28:00,3.49,,
SPY250613P00599000,2025-06-13 14:28:04,2.07,,
SPY250613P00600000,2025-06-13 14:28:04,2.82,,
SPY250613P00601000,2025-06-13 14:28:04,3.49,,
SPY250613P00599000,2025-06-13 14:28:08,2.06,,
SPY250613P00600000,2025-06-13 14:28:08,2.76,,
SPY250613P00601000,2025-06-13 14:28:08,3.77,,
SPY250613P00599000,2025-06-13 14:28:12,2.06,,
SPY250613P00600000,2025-06-13 14:28:12,2.79,,
SPY250613P00601000,2025-06-13 14:28:12,3.729,,
SPY250613P00599000,2025-06-13 14:28:16,2.03,,
SPY250613P00600000,2025-06-13 14:28:16,2.79,,
SPY250613P00601000,2025-06-13 14:28:16,3.729,,
SPY250613P00599000,2025-06-13 14:28:20,2.15,,
SPY250613P00600000,2025-06-13 14:28:20,2.95,,
SPY250613P00601000,2025-06-13 14:28:20,3.729,,
SPY250613P00599000,2025-06-13 14:28:24,2.1,,
SPY250613P00600000,2025-06-13 14:28:24,2.84,,
SPY250613P00601000,2025-06-13 14:28:24,3.729,,
SPY250613P00599000,2025-06-13 14:28:29,2.06,,
SPY250613P00600000,2025-06-13 14:28:29,2.91,,
SPY250613P00601000,2025-06-13 14:28:29,3.679,,
SPY250613P00599000,2025-06-13 14:28:32,2.07,,
SPY250613P00600000,2025-06-13 14:28:32,2.88,,
SPY250613P00601000,2025-06-13 14:28:32,3.679,,
SPY250613P00599000,2025-06-13 14:28:37,2.15,,
SPY250613P00600000,2025-06-13 14:28:37,2.88,,
SPY250613P00601000,2025-06-13 14:28:37,3.679,,
SPY250613P00599000,2025-06-13 14:28:41,2.18,,
SPY250613P00600000,2025-06-13 14:28:41,2.89,,
SPY250613P00601000,2025-06-13 14:28:41,3.85,,
SPY250613P00599000,2025-06-13 14:28:45,2.16,,
SPY250613P00600000,2025-06-13 14:28:45,2.94,,
SPY250613P00601000,2025-06-13 14:28:45,3.779,,
SPY250613P00599000,2025-06-13 14:28:49,2.16,,
SPY250613P00600000,2025-06-13 14:28:49,2.9,,
SPY250613P00601000,2025-06-13 14:28:49,3.729,,
SPY250613P00599000,2025-06-13 14:28:53,2.15,,
SPY250613P00600000,2025-06-13 14:28:53,3.02,,
SPY250613P00601000,2025-06-13 14:28:53,3.729,,
SPY250613P00599000,2025-06-13 14:28:57,2.08,,
SPY250613P00600000,2025-06-13 14:28:57,2.96,,
SPY250613P00601000,2025-06-13 14:28:57,3.79,,
SPY250613P00599000,2025-06-13 14:29:01,2.1,,
SPY250613P00600000,2025-06-13 14:29:01,2.91,,
SPY250613P00601000,2025-06-13 14:29:01,3.79,,
SPY250613P00599000,2025-06-13 14:29:05,2.24,,
SPY250613P00600000,2025-06-13 14:29:05,2.93,,
SPY250613P00601000,2025-06-13 14:29:05,3.79,,
SPY250613P00599000,2025-06-13 14:29:09,2.16,,
SPY250613P00600000,2025-06-13 14:29:09,2.88,,
SPY250613P00601000,2025-06-13 14:29:09,3.79,,
SPY250613P00599000,2025-06-13 14:29:13,2.11,,
SPY250613P00600000,2025-06-13 14:29:13,2.86,,
SPY250613P00601000,2025-06-13 14:29:13,3.79,,
SPY250613P00599000,2025-06-13 14:29:17,2.07,,
SPY250613P00600000,2025-06-13 14:29:17,2.91,,
SPY250613P00601000,2025-06-13 14:29:17,3.79,,
SPY250613P00599000,2025-06-13 14:29:21,2.09,,
SPY250613P00600000,2025-06-13 14:29:21,2.89,,
SPY250613P00601000,2025-06-13 14:29:21,3.84,,
SPY250613P00599000,2025-06-13 14:29:25,2.039,,
SPY250613P00600000,2025-06-13 14:29:25,2.85,,
SPY250613P00601000,2025-06-13 14:29:25,3.84,,
SPY250613P00599000,2025-06-13 14:29:29,2.07,,
SPY250613P00600000,2025-06-13 14:29:29,2.89,,
SPY250613P00601000,2025-06-13 14:29:29,3.79,,
SPY250613P00599000,2025-06-13 14:29:33,2.14,,
SPY250613P00600000,2025-06-13 14:29:33,2.84,,
SPY250613P00601000,2025-06-13 14:29:33,3.84,,
SPY250613P00599000,2025-06-13 14:29:37,2.17,,
SPY250613P00600000,2025-06-13 14:29:37,2.84,,
SPY250613P00601000,2025-06-13 14:29:37,3.879,,
SPY250613P00599000,2025-06-13 14:29:41,2.24,,
SPY250613P00600000,2025-06-13 14:29:41,2.91,,
SPY250613P00601000,2025-06-13 14:29:41,3.879,,
SPY250613P00599000,2025-06-13 14:29:45,2.17,,
SPY250613P00600000,2025-06-13 14:29:45,2.96,,
SPY250613P00601000,2025-06-13 14:29:45,3.84,,
SPY250613P00599000,2025-06-13 14:29:49,2.23,,
SPY250613P00600000,2025-06-13 14:29:49,3.05,,
SPY250613P00601000,2025-06-13 14:29:49,4.01,,
SPY250613P00599000,2025-06-13 14:29:53,2.08,,
SPY250613P00600000,2025-06-13 14:29:53,2.91,,
SPY250613P00601000,2025-06-13 14:29:53,3.829,,
SPY250613P00599000,2025-06-13 14:29:57,2.18,,
SPY250613P00600000,2025-06-13 14:29:57,2.94,,
SPY250613P00601000,2025-06-13 14:29:57,3.879,,
SPY250613P00599000,2025-06-13 14:30:02,2.22,,
SPY250613P00600000,2025-06-13 14:30:02,2.99,,
SPY250613P00601000,2025-06-13 14:30:02,3.879,,
SPY250613P00599000,2025-06-13 14:30:06,2.26,,
SPY250613P00600000,2025-06-13 14:30:06,2.95,,
SPY250613P00601000,2025-06-13 14:30:06,3.929,,
SPY250613P00599000,2025-06-13 14:30:10,2.18,,
SPY250613P00600000,2025-06-13 14:30:10,3.01,,
SPY250613P00601000,2025-06-13 14:30:10,3.92,,
SPY250613P00599000,2025-06-13 14:30:14,2.05,,
SPY250613P00600000,2025-06-13 14:30:14,2.82,,
SPY250613P00601000,2025-06-13 14:30:14,3.72,,
SPY250613P00599000,2025-06-13 14:30:18,2.15,,
SPY250613P00600000,2025-06-13 14:30:18,2.92,,
SPY250613P00601000,2025-06-13 14:30:18,3.87,,
SPY250613P00599000,2025-06-13 14:30:22,2.16,,
SPY250613P00600000,2025-06-13 14:30:22,2.98,,
SPY250613P00601000,2025-06-13 14:30:22,3.87,,
SPY250613P00599000,2025-06-13 14:30:26,2.19,,
SPY250613P00600000,2025-06-13 14:30:26,2.96,,
SPY250613P00601000,2025-06-13 14:30:26,3.879,,
SPY250613P00599000,2025-06-13 14:30:30,2.22,,
SPY250613P00600000,2025-06-13 14:30:30,2.99,,
SPY250613P00601000,2025-06-13 14:30:30,3.85,,
SPY250613P00599000,2025-06-13 14:30:35,2.38,,
SPY250613P00600000,2025-06-13 14:30:35,3.1,,
SPY250613P00601000,2025-06-13 14:30:35,4.04,,
SPY250613P00599000,2025-06-13 14:30:39,2.12,,
SPY250613P00600000,2025-06-13 14:30:39,2.96,,
SPY250613P00601000,2025-06-13 14:30:39,3.86,,
SPY250613P00599000,2025-06-13 14:30:43,2.15,,
SPY250613P00600000,2025-06-13 14:30:43,2.91,,
SPY250613P00601000,2025-06-13 14:30:43,3.8,,
SPY250613P00599000,2025-06-13 14:30:47,2.3,,
SPY250613P00600000,2025-06-13 14:30:47,2.98,,
SPY250613P00601000,2025-06-13 14:30:47,3.879,,
SPY250613P00599000,2025-06-13 14:30:51,2.22,,
SPY250613P00600000,2025-06-13 14:30:51,3.11,,
SPY250613P00601000,2025-06-13 14:30:51,3.979,,
SPY250613P00599000,2025-06-13 14:30:55,2.27,,
SPY250613P00600000,2025-06-13 14:30:55,2.96,,
SPY250613P00601000,2025-06-13 14:30:55,3.979,,
SPY250613P00599000,2025-06-13 14:30:59,2.21,,
SPY250613P00600000,2025-06-13 14:30:59,3.08,,
SPY250613P00601000,2025-06-13 14:30:59,3.94,,
SPY250613P00599000,2025-06-13 14:31:03,2.19,,
SPY250613P00600000,2025-06-13 14:31:03,3.09,,
SPY250613P00601000,2025-06-13 14:31:03,3.85,,
SPY250613P00599000,2025-06-13 14:31:07,2.33,,
SPY250613P00600000,2025-06-13 14:31:07,2.96,,
SPY250613P00601000,2025-06-13 14:31:07,3.85,,
SPY250613P00599000,2025-06-13 14:31:11,2.22,,
SPY250613P00600000,2025-06-13 14:31:11,2.98,,
SPY250613P00601000,2025-06-13 14:31:11,3.829,,
SPY250613P00599000,2025-06-13 14:31:15,2.18,,
SPY250613P00600000,2025-06-13 14:31:15,2.99,,
SPY250613P00601000,2025-06-13 14:31:15,3.77,,
SPY250613P00599000,2025-06-13 14:31:19,2.18,,
SPY250613P00600000,2025-06-13 14:31:19,2.99,,
SPY250613P00601000,2025-06-13 14:31:19,3.9,,
SPY250613P00599000,2025-06-13 14:31:23,2.18,,
SPY250613P00600000,2025-06-13 14:31:23,3.04,,
SPY250613P00601000,2025-06-13 14:31:23,3.92,,
SPY250613P00599000,2025-06-13 14:31:27,2.28,,
SPY250613P00600000,2025-06-13 14:31:27,3.01,,
SPY250613P00601000,2025-06-13 14:31:27,3.979,,
SPY250613P00599000,2025-06-13 14:31:31,2.2,,
SPY250613P00600000,2025-06-13 14:31:31,2.98,,
SPY250613P00601000,2025-06-13 14:31:31,3.87,,
SPY250613P00599000,2025-06-13 14:31:35,2.35,,
SPY250613P00600000,2025-06-13 14:31:35,3.16,,
SPY250613P00601000,2025-06-13 14:31:35,4.11,,
SPY250613P00599000,2025-06-13 14:31:39,2.31,,
SPY250613P00600000,2025-06-13 14:31:39,3.15,,
SPY250613P00601000,2025-06-13 14:31:39,4.0,,
SPY250613P00599000,2025-06-13 14:31:44,2.37,,
SPY250613P00600000,2025-06-13 14:31:44,3.14,,
SPY250613P00601000,2025-06-13 14:31:44,4.11,,
SPY250613P00599000,2025-06-13 14:31:48,2.35,,
SPY250613P00600000,2025-06-13 14:31:48,3.25,,
SPY250613P00601000,2025-06-13 14:31:48,4.11,,
SPY250613P00599000,2025-06-13 14:31:52,2.44,,
SPY250613P00600000,2025-06-13 14:31:52,3.27,,
SPY250613P00601000,2025-06-13 14:31:52,4.07,,
SPY250613P00599000,2025-06-13 14:31:56,2.33,,
SPY250613P00600000,2025-06-13 14:31:56,3.13,,
SPY250613P00601000,2025-06-13 14:31:56,4.16,,
SPY250613P00599000,2025-06-13 14:32:00,2.32,,
SPY250613P00600000,2025-06-13 14:32:00,3.11,,
SPY250613P00601000,2025-06-13 14:32:00,4.16,,
SPY250613P00599000,2025-06-13 14:32:04,2.28,,
SPY250613P00600000,2025-06-13 14:32:04,3.19,,
SPY250613P00601000,2025-06-13 14:32:04,4.13,,
SPY250613P00599000,2025-06-13 14:32:08,2.32,,
SPY250613P00600000,2025-06-13 14:32:08,3.13,,
SPY250613P00601000,2025-06-13 14:32:08,4.06,,
SPY250613P00599000,2025-06-13 14:32:12,2.34,,
SPY250613P00600000,2025-06-13 14:32:12,3.24,,
SPY250613P00601000,2025-06-13 14:32:12,4.09,,
SPY250613P00599000,2025-06-13 14:32:16,2.54,,
SPY250613P00600000,2025-06-13 14:32:16,3.5,,
SPY250613P00601000,2025-06-13 14:32:16,4.22,,
SPY250613P00599000,2025-06-13 14:32:20,2.68,,
SPY250613P00600000,2025-06-13 14:32:20,3.5,,
SPY250613P00601000,2025-06-13 14:32:20,4.45,,
SPY250613P00599000,2025-06-13 14:32:24,2.53,,
SPY250613P00600000,2025-06-13 14:32:24,3.44,,
SPY250613P00601000,2025-06-13 14:32:24,4.45,,
SPY250613P00599000,2025-06-13 14:32:28,2.81,,
SPY250613P00600000,2025-06-13 14:32:28,3.579,,
SPY250613P00601000,2025-06-13 14:32:28,4.45,,
SPY250613P00599000,2025-06-13 14:32:32,2.77,,
SPY250613P00600000,2025-06-13 14:32:32,3.62,,
SPY250613P00601000,2025-06-13 14:32:32,4.46,,
SPY250613P00599000,2025-06-13 14:32:36,2.69,,
SPY250613P00600000,2025-06-13 14:32:36,3.67,,
SPY250613P00601000,2025-06-13 14:32:36,4.46,,
SPY250613P00599000,2025-06-13 14:32:40,2.66,,
SPY250613P00600000,2025-06-13 14:32:40,3.51,,
SPY250613P00601000,2025-06-13 14:32:40,4.46,,
SPY250613P00599000,2025-06-13 14:32:44,2.66,,
SPY250613P00600000,2025-06-13 14:32:44,3.46,,
SPY250613P00601000,2025-06-13 14:32:44,4.46,,
SPY250613P00599000,2025-06-13 14:32:48,2.72,,
SPY250613P00600000,2025-06-13 14:32:48,3.52,,
SPY250613P00601000,2025-06-13 14:32:48,4.46,,
SPY250613P00599000,2025-06-13 14:32:53,2.81,,
SPY250613P00600000,2025-06-13 14:32:53,3.77,,
SPY250613P00601000,2025-06-13 14:32:53,4.46,,
SPY250613P00599000,2025-06-13 14:32:57,3.03,,
SPY250613P00600000,2025-06-13 14:32:57,3.95,,
SPY250613P00601000,2025-06-13 14:32:57,4.76,,
SPY250613P00599000,2025-06-13 14:33:01,2.98,,
SPY250613P00600000,2025-06-13 14:33:01,3.86,,
SPY250613P00601000,2025-06-13 14:33:01,4.71,,
SPY250613P00599000,2025-06-13 14:33:05,3.07,,
SPY250613P00600000,2025-06-13 14:33:05,3.9,,
SPY250613P00601000,2025-06-13 14:33:05,4.84,,
SPY250613P00599000,2025-06-13 14:33:09,2.99,,
SPY250613P00600000,2025-06-13 14:33:09,3.929,,
SPY250613P00601000,2025-06-13 14:33:09,4.83,,
SPY250613P00599000,2025-06-13 14:33:13,2.93,,
SPY250613P00600000,2025-06-13 14:33:13,3.91,,
SPY250613P00601000,2025-06-13 14:33:13,4.83,,
SPY250613P00599000,2025-06-13 14:33:17,2.89,,
SPY250613P00600000,2025-06-13 14:33:17,3.74,,
SPY250613P00601000,2025-06-13 14:33:17,4.83,,
SPY250613P00599000,2025-06-13 14:33:21,2.88,,
SPY250613P00600000,2025-06-13 14:33:21,3.71,,
SPY250613P00601000,2025-06-13 14:33:21,4.75,,
SPY250613P00599000,2025-06-13 14:33:25,2.67,,
SPY250613P00600000,2025-06-13 14:33:25,3.64,,
SPY250613P00601000,2025-06-13 14:33:25,4.75,,
SPY250613P00599000,2025-06-13 14:33:29,2.66,,
SPY250613P00600000,2025-06-13 14:33:29,3.52,,
SPY250613P00601000,2025-06-13 14:33:29,4.5,,
SPY250613P00599000,2025-06-13 14:33:33,2.75,,
SPY250613P00600000,2025-06-13 14:33:33,3.51,,
SPY250613P00601000,2025-06-13 14:33:33,4.52,,
SPY250613P00599000,2025-06-13 14:33:37,2.73,,
SPY250613P00600000,2025-06-13 14:33:37,3.59,,
SPY250613P00601000,2025-06-13 14:33:37,4.52,,
SPY250613P00599000,2025-06-13 14:33:41,2.88,,
SPY250613P00600000,2025-06-13 14:33:41,3.529,,
SPY250613P00601000,2025-06-13 14:33:41,4.52,,
SPY250613P00599000,2025-06-13 14:33:45,2.85,,
SPY250613P00600000,2025-06-13 14:33:45,3.69,,
SPY250613P00601000,2025-06-13 14:33:45,4.52,,
SPY250613P00599000,2025-06-13 14:33:49,2.87,,
SPY250613P00600000,2025-06-13 14:33:49,3.65,,
SPY250613P00601000,2025-06-13 14:33:49,4.64,,
SPY250613P00599000,2025-06-13 14:33:54,2.83,,
SPY250613P00600000,2025-06-13 14:33:54,3.69,,
SPY250613P00601000,2025-06-13 14:33:54,4.72,,
SPY250613P00599000,2025-06-13 14:33:58,2.92,,
SPY250613P00600000,2025-06-13 14:33:58,3.85,,
SPY250613P00601000,2025-06-13 14:33:58,4.72,,
SPY250613P00599000,2025-06-13 14:34:02,2.98,,
SPY250613P00600000,2025-06-13 14:34:02,3.87,,
SPY250613P00601000,2025-06-13 14:34:02,4.77,,
SPY250613P00599000,2025-06-13 14:34:06,3.04,,
SPY250613P00600000,2025-06-13 14:34:06,3.92,,
SPY250613P00601000,2025-06-13 14:34:06,4.81,,
SPY250613P00599000,2025-06-13 14:34:10,2.92,,
SPY250613P00600000,2025-06-13 14:34:10,3.77,,
SPY250613P00601000,2025-06-13 14:34:10,4.77,,
SPY250613P00599000,2025-06-13 14:34:14,2.96,,
SPY250613P00600000,2025-06-13 14:34:14,3.77,,
SPY250613P00601000,2025-06-13 14:34:14,4.78,,
SPY250613P00599000,2025-06-13 14:34:18,2.86,,
SPY250613P00600000,2025-06-13 14:34:18,3.75,,
SPY250613P00601000,2025-06-13 14:34:18,4.85,,
SPY250613P00599000,2025-06-13 14:34:22,2.89,,
SPY250613P00600000,2025-06-13 14:34:22,3.72,,
SPY250613P00601000,2025-06-13 14:34:22,4.7,,
SPY250613P00599000,2025-06-13 14:34:26,2.95,,
SPY250613P00600000,2025-06-13 14:34:26,3.72,,
SPY250613P00601000,2025-06-13 14:34:26,4.7,,
SPY250613P00599000,2025-06-13 14:34:30,2.92,,
SPY250613P00600000,2025-06-13 14:34:30,3.8,,
SPY250613P00601000,2025-06-13 14:34:30,4.66,,
SPY250613P00599000,2025-06-13 14:34:34,2.86,,
SPY250613P00600000,2025-06-13 14:34:34,3.74,,
SPY250613P00601000,2025-06-13 14:34:34,4.66,,
SPY250613P00599000,2025-06-13 14:34:38,2.9,,
SPY250613P00600000,2025-06-13 14:34:38,3.72,,
SPY250613P00601000,2025-06-13 14:34:38,4.66,,
SPY250613P00599000,2025-06-13 14:34:42,2.82,,
SPY250613P00600000,2025-06-13 14:34:42,3.67,,
SPY250613P00601000,2025-06-13 14:34:42,4.66,,
SPY250613P00599000,2025-06-13 14:34:46,2.86,,
SPY250613P00600000,2025-06-13 14:34:46,3.67,,
SPY250613P00601000,2025-06-13 14:34:46,4.66,,
SPY250613P00599000,2025-06-13 14:34:50,2.85,,
SPY250613P00600000,2025-06-13 14:34:50,3.72,,
SPY250613P00601000,2025-06-13 14:34:50,4.53,,
SPY250613P00599000,2025-06-13 14:34:54,2.85,,
SPY250613P00600000,2025-06-13 14:34:54,3.6,,
SPY250613P00601000,2025-06-13 14:34:54,4.53,,
SPY250613P00599000,2025-06-13 14:34:59,2.7,,
SPY250613P00600000,2025-06-13 14:34:59,3.44,,
SPY250613P00601000,2025-06-13 14:34:59,4.53,,
SPY250613P00599000,2025-06-13 14:35:03,2.62,,
SPY250613P00600000,2025-06-13 14:35:03,3.41,,
SPY250613P00601000,2025-06-13 14:35:03,4.47,,
SPY250613P00599000,2025-06-13 14:35:07,2.78,,
SPY250613P00600000,2025-06-13 14:35:07,3.69,,
SPY250613P00601000,2025-06-13 14:35:07,4.47,,
SPY250613P00599000,2025-06-13 14:35:11,2.6,,
SPY250613P00600000,2025-06-13 14:35:11,3.54,,
SPY250613P00601000,2025-06-13 14:35:11,4.47,,
SPY250613P00599000,2025-06-13 14:35:15,2.61,,
SPY250613P00600000,2025-06-13 14:35:15,3.45,,
SPY250613P00601000,2025-06-13 14:35:15,4.48,,
SPY250613P00599000,2025-06-13 14:35:19,2.53,,
SPY250613P00600000,2025-06-13 14:35:19,3.45,,
SPY250613P00601000,2025-06-13 14:35:19,4.28,,
SPY250613P00599000,2025-06-13 14:35:23,2.59,,
SPY250613P00600000,2025-06-13 14:35:23,3.479,,
SPY250613P00601000,2025-06-13 14:35:23,4.29,,
SPY250613P00599000,2025-06-13 14:35:27,2.66,,
SPY250613P00600000,2025-06-13 14:35:27,3.41,,
SPY250613P00601000,2025-06-13 14:35:27,4.29,,
SPY250613P00599000,2025-06-13 14:35:31,2.77,,
SPY250613P00600000,2025-06-13 14:35:31,3.67,,
SPY250613P00601000,2025-06-13 14:35:31,4.37,,
SPY250613P00599000,2025-06-13 14:35:35,2.68,,
SPY250613P00600000,2025-06-13 14:35:35,3.51,,
SPY250613P00601000,2025-06-13 14:35:35,4.57,,
SPY250613P00599000,2025-06-13 14:35:39,2.77,,
SPY250613P00600000,2025-06-13 14:35:39,3.51,,
SPY250613P00601000,2025-06-13 14:35:39,4.57,,
SPY250613P00599000,2025-06-13 14:35:43,2.7,,
SPY250613P00600000,2025-06-13 14:35:43,3.51,,
SPY250613P00601000,2025-06-13 14:35:43,4.55,,
SPY250613P00599000,2025-06-13 14:35:47,2.71,,
SPY250613P00600000,2025-06-13 14:35:47,3.62,,
SPY250613P00601000,2025-06-13 14:35:47,4.55,,
SPY250613P00599000,2025-06-13 14:35:51,2.88,,
SPY250613P00600000,2025-06-13 14:35:51,3.77,,
SPY250613P00601000,2025-06-13 14:35:51,4.61,,
SPY250613P00599000,2025-06-13 14:35:55,2.87,,
SPY250613P00600000,2025-06-13 14:35:55,3.65,,
SPY250613P00601000,2025-06-13 14:35:55,4.61,,
SPY250613P00599000,2025-06-13 14:35:59,2.77,,
SPY250613P00600000,2025-06-13 14:35:59,3.6,,
SPY250613P00601000,2025-06-13 14:35:59,4.61,,
SPY250613P00599000,2025-06-13 14:36:04,2.91,,
SPY250613P00600000,2025-06-13 14:36:04,3.67,,
SPY250613P00601000,2025-06-13 14:36:04,4.71,,
SPY250613P00599000,2025-06-13 14:36:08,2.89,,
SPY250613P00600000,2025-06-13 14:36:08,3.74,,
SPY250613P00601000,2025-06-13 14:36:08,4.71,,
SPY250613P00599000,2025-06-13 14:36:12,2.94,,
SPY250613P00600000,2025-06-13 14:36:12,3.66,,
SPY250613P00601000,2025-06-13 14:36:12,4.71,,
SPY250613P00599000,2025-06-13 14:36:16,2.9,,
SPY250613P00600000,2025-06-13 14:36:16,3.74,,
SPY250613P00601000,2025-06-13 14:36:16,4.68,,
SPY250613P00599000,2025-06-13 14:36:20,3.0,,
SPY250613P00600000,2025-06-13 14:36:20,3.81,,
SPY250613P00601000,2025-06-13 14:36:20,4.68,,
SPY250613P00599000,2025-06-13 14:36:24,2.9,,
SPY250613P00600000,2025-06-13 14:36:24,3.829,,
SPY250613P00601000,2025-06-13 14:36:24,4.83,,
SPY250613P00599000,2025-06-13 14:36:28,2.95,,
SPY250613P00600000,2025-06-13 14:36:28,3.92,,
SPY250613P00601000,2025-06-13 14:36:28,4.83,,
SPY250613P00599000,2025-06-13 14:36:32,3.13,,
SPY250613P00600000,2025-06-13 14:36:32,3.95,,
SPY250613P00601000,2025-06-13 14:36:32,4.83,,
SPY250613P00599000,2025-06-13 14:36:36,3.21,,
SPY250613P00600000,2025-06-13 14:36:36,4.07,,
SPY250613P00601000,2025-06-13 14:36:36,4.83,,
SPY250613P00599000,2025-06-13 14:36:40,3.09,,
SPY250613P00600000,2025-06-13 14:36:40,4.07,,
SPY250613P00601000,2025-06-13 14:36:40,4.83,,
SPY250613P00599000,2025-06-13 14:36:44,3.14,,
SPY250613P00600000,2025-06-13 14:36:44,3.99,,
SPY250613P00601000,2025-06-13 14:36:44,4.83,,
SPY250613P00599000,2025-06-13 14:36:49,3.24,,
SPY250613P00600000,2025-06-13 14:36:49,3.979,,
SPY250613P00601000,2025-06-13 14:36:49,5.03,,
SPY250613P00599000,2025-06-13 14:36:53,3.25,,
SPY250613P00600000,2025-06-13 14:36:53,4.029,,
SPY250613P00601000,2025-06-13 14:36:53,5.07,,
SPY250613P00599000,2025-06-13 14:36:57,3.2,,
SPY250613P00600000,2025-06-13 14:36:57,4.07,,
SPY250613P00601000,2025-06-13 14:36:57,4.9,,
SPY250613P00599000,2025-06-13 14:37:01,3.18,,
SPY250613P00600000,2025-06-13 14:37:01,4.07,,
SPY250613P00601000,2025-06-13 14:37:01,5.13,,
SPY250613P00599000,2025-06-13 14:37:05,3.05,,
SPY250613P00600000,2025-06-13 14:37:05,3.96,,
SPY250613P00601000,2025-06-13 14:37:05,4.96,,
SPY250613P00599000,2025-06-13 14:37:09,3.02,,
SPY250613P00600000,2025-06-13 14:37:09,3.92,,
SPY250613P00601000,2025-06-13 14:37:09,4.84,,
SPY250613P00599000,2025-06-13 14:37:13,2.97,,
SPY250613P00600000,2025-06-13 14:37:13,3.74,,
SPY250613P00601000,2025-06-13 14:37:13,4.84,,
SPY250613P00599000,2025-06-13 14:37:17,2.88,,
SPY250613P00600000,2025-06-13 14:37:17,3.779,,
SPY250613P00601000,2025-06-13 14:37:17,4.73,,
SPY250613P00599000,2025-06-13 14:37:21,2.93,,
SPY250613P00600000,2025-06-13 14:37:21,3.75,,
SPY250613P00601000,2025-06-13 14:37:21,4.73,,
SPY250613P00599000,2025-06-13 14:37:25,3.1,,
SPY250613P00600000,2025-06-13 14:37:25,3.96,,
SPY250613P00601000,2025-06-13 14:37:25,4.73,,
SPY250613P00599000,2025-06-13 14:37:29,3.06,,
SPY250613P00600000,2025-06-13 14:37:29,3.979,,
SPY250613P00601000,2025-06-13 14:37:29,4.99,,
SPY250613P00599000,2025-06-13 14:37:33,3.11,,
SPY250613P00600000,2025-06-13 14:37:33,3.87,,
SPY250613P00601000,2025-06-13 14:37:33,4.87,,
SPY250613P00599000,2025-06-13 14:37:38,3.08,,
SPY250613P00600000,2025-06-13 14:37:38,3.879,,
SPY250613P00601000,2025-06-13 14:37:38,4.87,,
SPY250613P00599000,2025-06-13 14:37:42,2.98,,
SPY250613P00600000,2025-06-13 14:37:42,3.95,,
SPY250613P00601000,2025-06-13 14:37:42,4.93,,
SPY250613P00599000,2025-06-13 14:37:46,3.01,,
SPY250613P00600000,2025-06-13 14:37:46,3.92,,
SPY250613P00601000,2025-06-13 14:37:46,4.86,,
SPY250613P00599000,2025-06-13 14:37:50,2.95,,
SPY250613P00600000,2025-06-13 14:37:50,3.81,,
SPY250613P00601000,2025-06-13 14:37:50,4.86,,
SPY250613P00599000,2025-06-13 14:37:54,3.08,,
SPY250613P00600000,2025-06-13 14:37:54,3.87,,
SPY250613P00601000,2025-06-13 14:37:54,4.75,,
SPY250613P00599000,2025-06-13 14:37:58,3.14,,
SPY250613P00600000,2025-06-13 14:37:58,4.029,,
SPY250613P00601000,2025-06-13 14:37:58,4.95,,
SPY250613P00599000,2025-06-13 14:38:02,3.279,,
SPY250613P00600000,2025-06-13 14:38:02,4.28,,
SPY250613P00601000,2025-06-13 14:38:02,4.95,,
SPY250613P00599000,2025-06-13 14:38:06,3.39,,
SPY250613P00600000,2025-06-13 14:38:06,4.35,,
SPY250613P00601000,2025-06-13 14:38:06,5.36,,
SPY250613P00599000,2025-06-13 14:38:10,3.32,,
SPY250613P00600000,2025-06-13 14:38:10,4.35,,
SPY250613P00601000,2025-06-13 14:38:10,5.36,,
SPY250613P00599000,2025-06-13 14:38:14,3.379,,
SPY250613P00600000,2025-06-13 14:38:14,4.27,,
SPY250613P00601000,2025-06-13 14:38:14,5.22,,
SPY250613P00599000,2025-06-13 14:38:19,3.379,,
SPY250613P00600000,2025-06-13 14:38:19,4.17,,
SPY250613P00601000,2025-06-13 14:38:19,5.24,,
SPY250613P00599000,2025-06-13 14:38:23,3.35,,
SPY250613P00600000,2025-06-13 14:38:23,4.2,,
SPY250613P00601000,2025-06-13 14:38:23,5.12,,
SPY250613P00599000,2025-06-13 14:38:27,3.3,,
SPY250613P00600000,2025-06-13 14:38:27,4.14,,
SPY250613P00601000,2025-06-13 14:38:27,5.18,,
SPY250613P00599000,2025-06-13 14:38:31,3.45,,
SPY250613P00600000,2025-06-13 14:38:31,4.35,,
SPY250613P00601000,2025-06-13 14:38:31,5.18,,
SPY250613P00599000,2025-06-13 14:38:35,3.52,,
SPY250613P00600000,2025-06-13 14:38:35,4.33,,
SPY250613P00601000,2025-06-13 14:38:35,5.18,,
SPY250613P00599000,2025-06-13 14:38:39,3.29,,
SPY250613P00600000,2025-06-13 14:38:39,4.2,,
SPY250613P00601000,2025-06-13 14:38:39,5.18,,
SPY250613P00599000,2025-06-13 14:38:43,3.1,,
SPY250613P00600000,2025-06-13 14:38:43,4.09,,
SPY250613P00601000,2025-06-13 14:38:43,5.18,,
SPY250613P00599000,2025-06-13 14:38:47,3.29,,
SPY250613P00600000,2025-06-13 14:38:47,4.14,,
SPY250613P00601000,2025-06-13 14:38:47,5.09,,
SPY250613P00599000,2025-06-13 14:38:51,3.29,,
SPY250613P00600000,2025-06-13 14:38:51,4.26,,
SPY250613P00601000,2025-06-13 14:38:51,5.06,,
SPY250613P00599000,2025-06-13 14:38:55,3.31,,
SPY250613P00600000,2025-06-13 14:38:55,4.07,,
SPY250613P00601000,2025-06-13 14:38:55,5.06,,
SPY250613P00599000,2025-06-13 14:39:00,3.22,,
SPY250613P00600000,2025-06-13 14:39:00,3.99,,
SPY250613P00601000,2025-06-13 14:39:00,5.06,,
SPY250613P00599000,2025-06-13 14:39:04,3.3,,
SPY250613P00600000,2025-06-13 14:39:04,4.17,,
SPY250613P00601000,2025-06-13 14:39:04,5.0,,
SPY250613P00599000,2025-06-13 14:39:08,3.21,,
SPY250613P00600000,2025-06-13 14:39:08,4.16,,
SPY250613P00601000,2025-06-13 14:39:08,5.0,,
SPY250613P00599000,2025-06-13 14:39:12,3.329,,
SPY250613P00600000,2025-06-13 14:39:12,4.15,,
SPY250613P00601000,2025-06-13 14:39:12,4.96,,
SPY250613P00599000,2025-06-13 14:39:16,3.27,,
SPY250613P00600000,2025-06-13 14:39:16,4.14,,
SPY250613P00601000,2025-06-13 14:39:16,4.96,,
SPY250613P00599000,2025-06-13 14:39:20,3.09,,
SPY250613P00600000,2025-06-13 14:39:20,4.14,,
SPY250613P00601000,2025-06-13 14:39:20,4.96,,
SPY250613P00599000,2025-06-13 14:39:24,3.04,,
SPY250613P00600000,2025-06-13 14:39:24,4.01,,
SPY250613P00601000,2025-06-13 14:39:24,4.96,,
SPY250613P00599000,2025-06-13 14:39:28,3.18,,
SPY250613P00600000,2025-06-13 14:39:28,4.07,,
SPY250613P00601000,2025-06-13 14:39:28,4.96,,
SPY250613P00599000,2025-06-13 14:39:32,3.12,,
SPY250613P00600000,2025-06-13 14:39:32,4.05,,
SPY250613P00601000,2025-06-13 14:39:32,4.96,,
SPY250613P00599000,2025-06-13 14:39:36,3.12,,
SPY250613P00600000,2025-06-13 14:39:36,4.05,,
SPY250613P00601000,2025-06-13 14:39:36,4.96,,
SPY250613P00599000,2025-06-13 14:39:40,3.12,,
SPY250613P00600000,2025-06-13 14:39:40,4.02,,
SPY250613P00601000,2025-06-13 14:39:40,4.96,,
SPY250613P00599000,2025-06-13 14:39:44,3.09,,
SPY250613P00600000,2025-06-13 14:39:44,3.92,,
SPY250613P00601000,2025-06-13 14:39:44,4.94,,
SPY250613P00599000,2025-06-13 14:39:49,3.14,,
SPY250613P00600000,2025-06-13 14:39:49,3.94,,
SPY250613P00601000,2025-06-13 14:39:49,5.0,,
SPY250613P00599000,2025-06-13 14:39:53,3.19,,
SPY250613P00600000,2025-06-13 14:39:53,3.94,,
SPY250613P00601000,2025-06-13 14:39:53,5.0,,
SPY250613P00599000,2025-06-13 14:39:57,3.1,,
SPY250613P00600000,2025-06-13 14:39:57,4.079,,
SPY250613P00601000,2025-06-13 14:39:57,5.0,,
SPY250613P00599000,2025-06-13 14:40:01,3.18,,
SPY250613P00600000,2025-06-13 14:40:01,4.1,,
SPY250613P00601000,2025-06-13 14:40:01,5.0,,
SPY250613P00599000,2025-06-13 14:40:05,3.26,,
SPY250613P00600000,2025-06-13 14:40:05,4.13,,
SPY250613P00601000,2025-06-13 14:40:05,5.24,,
SPY250613P00599000,2025-06-13 14:40:09,3.39,,
SPY250613P00600000,2025-06-13 14:40:09,4.26,,
SPY250613P00601000,2025-06-13 14:40:09,5.24,,
SPY250613P00599000,2025-06-13 14:40:13,3.36,,
SPY250613P00600000,2025-06-13 14:40:13,4.23,,
SPY250613P00601000,2025-06-13 14:40:13,5.26,,
SPY250613P00599000,2025-06-13 14:40:17,3.329,,
SPY250613P00600000,2025-06-13 14:40:17,4.24,,
SPY250613P00601000,2025-06-13 14:40:17,5.18,,
SPY250613P00599000,2025-06-13 14:40:21,3.41,,
SPY250613P00600000,2025-06-13 14:40:21,4.2,,
SPY250613P00601000,2025-06-13 14:40:21,5.18,,
SPY250613P00599000,2025-06-13 14:40:25,3.279,,
SPY250613P00600000,2025-06-13 14:40:25,4.32,,
SPY250613P00601000,2025-06-13 14:40:25,5.16,,
SPY250613P00599000,2025-06-13 14:40:29,3.229,,
SPY250613P00600000,2025-06-13 14:40:29,4.23,,
SPY250613P00601000,2025-06-13 14:40:29,5.16,,
SPY250613P00599000,2025-06-13 14:40:33,2.98,,
SPY250613P00600000,2025-06-13 14:40:33,3.95,,
SPY250613P00601000,2025-06-13 14:40:33,4.76,,
SPY250613P00599000,2025-06-13 14:40:37,2.89,,
SPY250613P00600000,2025-06-13 14:40:37,3.89,,
SPY250613P00601000,2025-06-13 14:40:37,4.76,,
SPY250613P00599000,2025-06-13 14:40:41,3.04,,
SPY250613P00600000,2025-06-13 14:40:41,3.89,,
SPY250613P00601000,2025-06-13 14:40:41,4.76,,
SPY250613P00599000,2025-06-13 14:40:45,3.01,,
SPY250613P00600000,2025-06-13 14:40:45,3.979,,
SPY250613P00601000,2025-06-13 14:40:45,4.81,,
SPY250613P00599000,2025-06-13 14:40:49,2.88,,
SPY250613P00600000,2025-06-13 14:40:49,3.79,,
SPY250613P00601000,2025-06-13 14:40:49,4.81,,
SPY250613P00599000,2025-06-13 14:40:53,2.83,,
SPY250613P00600000,2025-06-13 14:40:53,3.679,,
SPY250613P00601000,2025-06-13 14:40:53,4.71,,
SPY250613P00599000,2025-06-13 14:40:58,2.87,,
SPY250613P00600000,2025-06-13 14:40:58,3.76,,
SPY250613P00601000,2025-06-13 14:40:58,4.71,,
SPY250613P00599000,2025-06-13 14:41:02,2.97,,
SPY250613P00600000,2025-06-13 14:41:02,3.69,,
SPY250613P00601000,2025-06-13 14:41:02,4.71,,
SPY250613P00599000,2025-06-13 14:41:06,2.89,,
SPY250613P00600000,2025-06-13 14:41:06,3.77,,
SPY250613P00601000,2025-06-13 14:41:06,4.74,,
SPY250613P00599000,2025-06-13 14:41:10,2.85,,
SPY250613P00600000,2025-06-13 14:41:10,3.74,,
SPY250613P00601000,2025-06-13 14:41:10,4.59,,
SPY250613P00599000,2025-06-13 14:41:14,2.93,,
SPY250613P00600000,2025-06-13 14:41:14,3.72,,
SPY250613P00601000,2025-06-13 14:41:14,4.68,,
SPY250613P00599000,2025-06-13 14:41:18,2.88,,
SPY250613P00600000,2025-06-13 14:41:18,3.84,,
SPY250613P00601000,2025-06-13 14:41:18,4.81,,
SPY250613P00599000,2025-06-13 14:41:22,2.88,,
SPY250613P00600000,2025-06-13 14:41:22,3.64,,
SPY250613P00601000,2025-06-13 14:41:22,4.7,,
SPY250613P00599000,2025-06-13 14:41:26,2.69,,
SPY250613P00600000,2025-06-13 14:41:26,3.55,,
SPY250613P00601000,2025-06-13 14:41:26,4.7,,
SPY250613P00599000,2025-06-13 14:41:32,2.78,,
SPY250613P00600000,2025-06-13 14:41:32,3.62,,
SPY250613P00601000,2025-06-13 14:41:32,4.7,,
SPY250613P00599000,2025-06-13 14:41:36,2.89,,
SPY250613P00600000,2025-06-13 14:41:36,3.72,,
SPY250613P00601000,2025-06-13 14:41:36,4.65,,
SPY250613P00599000,2025-06-13 14:41:40,2.89,,
SPY250613P00600000,2025-06-13 14:41:40,3.74,,
SPY250613P00601000,2025-06-13 14:41:40,4.74,,
SPY250613P00599000,2025-06-13 14:41:44,2.95,,
SPY250613P00600000,2025-06-13 14:41:44,3.829,,
SPY250613P00601000,2025-06-13 14:41:44,4.74,,
SPY250613P00599000,2025-06-13 14:41:49,2.97,,
SPY250613P00600000,2025-06-13 14:41:49,3.91,,
SPY250613P00601000,2025-06-13 14:41:49,4.85,,
SPY250613P00599000,2025-06-13 14:41:53,2.98,,
SPY250613P00600000,2025-06-13 14:41:53,3.89,,
SPY250613P00601000,2025-06-13 14:41:53,4.85,,
SPY250613P00599000,2025-06-13 14:41:57,3.1,,
SPY250613P00600000,2025-06-13 14:41:57,3.95,,
SPY250613P00601000,2025-06-13 14:41:57,4.93,,
SPY250613P00599000,2025-06-13 14:42:01,3.04,,
SPY250613P00600000,2025-06-13 14:42:01,3.95,,
SPY250613P00601000,2025-06-13 14:42:01,4.93,,
SPY250613P00599000,2025-06-13 14:42:05,3.16,,
SPY250613P00600000,2025-06-13 14:42:05,4.1,,
SPY250613P00601000,2025-06-13 14:42:05,5.07,,
SPY250613P00599000,2025-06-13 14:42:10,3.1,,
SPY250613P00600000,2025-06-13 14:42:10,3.96,,
SPY250613P00601000,2025-06-13 14:42:10,5.01,,
SPY250613P00599000,2025-06-13 14:42:14,3.03,,
SPY250613P00600000,2025-06-13 14:42:14,3.92,,
SPY250613P00601000,2025-06-13 14:42:14,4.93,,
SPY250613P00599000,2025-06-13 14:42:18,3.0,,
SPY250613P00600000,2025-06-13 14:42:18,3.86,,
SPY250613P00601000,2025-06-13 14:42:18,4.94,,
SPY250613P00599000,2025-06-13 14:42:22,3.08,,
SPY250613P00600000,2025-06-13 14:42:22,3.829,,
SPY250613P00601000,2025-06-13 14:42:22,4.88,,
SPY250613P00599000,2025-06-13 14:42:26,2.8,,
SPY250613P00600000,2025-06-13 14:42:26,3.74,,
SPY250613P00601000,2025-06-13 14:42:26,4.65,,
SPY250613P00599000,2025-06-13 14:42:30,2.93,,
SPY250613P00600000,2025-06-13 14:42:30,3.76,,
SPY250613P00601000,2025-06-13 14:42:30,4.75,,
SPY250613P00599000,2025-06-13 14:42:34,2.82,,
SPY250613P00600000,2025-06-13 14:42:34,3.69,,
SPY250613P00601000,2025-06-13 14:42:34,4.59,,
SPY250613P00599000,2025-06-13 14:42:39,2.86,,
SPY250613P00600000,2025-06-13 14:42:39,3.72,,
SPY250613P00601000,2025-06-13 14:42:39,4.59,,
SPY250613P00599000,2025-06-13 14:42:43,2.92,,
SPY250613P00600000,2025-06-13 14:42:43,3.71,,
SPY250613P00601000,2025-06-13 14:42:43,4.68,,
SPY250613P00599000,2025-06-13 14:42:47,2.95,,
SPY250613P00600000,2025-06-13 14:42:47,3.879,,
SPY250613P00601000,2025-06-13 14:42:47,4.68,,
SPY250613P00599000,2025-06-13 14:42:51,2.98,,
SPY250613P00600000,2025-06-13 14:42:51,3.89,,
SPY250613P00601000,2025-06-13 14:42:51,4.68,,
SPY250613P00599000,2025-06-13 14:42:55,2.95,,
SPY250613P00600000,2025-06-13 14:42:55,3.829,,
SPY250613P00601000,2025-06-13 14:42:55,4.68,,
SPY250613P00599000,2025-06-13 14:42:59,2.96,,
SPY250613P00600000,2025-06-13 14:42:59,3.89,,
SPY250613P00601000,2025-06-13 14:42:59,4.68,,
SPY250613P00599000,2025-06-13 14:43:03,3.03,,
SPY250613P00600000,2025-06-13 14:43:03,3.879,,
SPY250613P00601000,2025-06-13 14:43:03,4.76,,
SPY250613P00599000,2025-06-13 14:43:07,2.91,,
SPY250613P00600000,2025-06-13 14:43:07,3.779,,
SPY250613P00601000,2025-06-13 14:43:07,4.81,,
SPY250613P00599000,2025-06-13 14:43:11,2.95,,
SPY250613P00600000,2025-06-13 14:43:11,3.87,,
SPY250613P00601000,2025-06-13 14:43:11,4.87,,
SPY250613P00599000,2025-06-13 14:43:15,3.05,,
SPY250613P00600000,2025-06-13 14:43:15,3.92,,
SPY250613P00601000,2025-06-13 14:43:15,4.9,,
SPY250613P00599000,2025-06-13 14:43:19,2.94,,
SPY250613P00600000,2025-06-13 14:43:19,3.779,,
SPY250613P00601000,2025-06-13 14:43:19,4.91,,
SPY250613P00599000,2025-06-13 14:43:23,2.96,,
SPY250613P00600000,2025-06-13 14:43:23,3.75,,
SPY250613P00601000,2025-06-13 14:43:23,4.8,,
SPY250613P00599000,2025-06-13 14:43:27,2.99,,
SPY250613P00600000,2025-06-13 14:43:27,3.84,,
SPY250613P00601000,2025-06-13 14:43:27,4.78,,
SPY250613P00599000,2025-06-13 14:43:31,3.12,,
SPY250613P00600000,2025-06-13 14:43:31,3.84,,
SPY250613P00601000,2025-06-13 14:43:31,4.78,,
SPY250613P00599000,2025-06-13 14:43:35,3.0,,
SPY250613P00600000,2025-06-13 14:43:35,3.929,,
SPY250613P00601000,2025-06-13 14:43:35,4.78,,
SPY250613P00599000,2025-06-13 14:43:39,3.07,,
SPY250613P00600000,2025-06-13 14:43:39,3.91,,
SPY250613P00601000,2025-06-13 14:43:39,4.92,,
SPY250613P00599000,2025-06-13 14:43:44,2.99,,
SPY250613P00600000,2025-06-13 14:43:44,3.94,,
SPY250613P00601000,2025-06-13 14:43:44,4.96,,
SPY250613P00599000,2025-06-13 14:43:48,2.99,,
SPY250613P00600000,2025-06-13 14:43:48,3.94,,
SPY250613P00601000,2025-06-13 14:43:48,4.96,,
SPY250613P00599000,2025-06-13 14:43:52,3.08,,
SPY250613P00600000,2025-06-13 14:43:52,3.89,,
SPY250613P00601000,2025-06-13 14:43:52,4.82,,
SPY250613P00599000,2025-06-13 14:43:56,2.99,,
SPY250613P00600000,2025-06-13 14:43:56,3.89,,
SPY250613P00601000,2025-06-13 14:43:56,4.74,,
SPY250613P00599000,2025-06-13 14:44:00,2.98,,
SPY250613P00600000,2025-06-13 14:44:00,3.9,,
SPY250613P00601000,2025-06-13 14:44:00,4.74,,
SPY250613P00599000,2025-06-13 14:44:04,3.07,,
SPY250613P00600000,2025-06-13 14:44:04,4.02,,
SPY250613P00601000,2025-06-13 14:44:04,4.74,,
SPY250613P00599000,2025-06-13 14:44:08,3.0,,
SPY250613P00600000,2025-06-13 14:44:08,4.0,,
SPY250613P00601000,2025-06-13 14:44:08,5.03,,
SPY250613P00599000,2025-06-13 14:44:12,3.16,,
SPY250613P00600000,2025-06-13 14:44:12,4.01,,
SPY250613P00601000,2025-06-13 14:44:12,4.85,,
SPY250613P00599000,2025-06-13 14:44:17,3.07,,
SPY250613P00600000,2025-06-13 14:44:17,4.0,,
SPY250613P00601000,2025-06-13 14:44:17,4.85,,
SPY250613P00599000,2025-06-13 14:44:21,2.94,,
SPY250613P00600000,2025-06-13 14:44:21,4.0,,
SPY250613P00601000,2025-06-13 14:44:21,4.85,,
SPY250613P00599000,2025-06-13 14:44:25,2.97,,
SPY250613P00600000,2025-06-13 14:44:25,3.879,,
SPY250613P00601000,2025-06-13 14:44:25,4.9,,
SPY250613P00599000,2025-06-13 14:44:29,2.89,,
SPY250613P00600000,2025-06-13 14:44:29,3.779,,
SPY250613P00601000,2025-06-13 14:44:29,4.9,,
SPY250613P00599000,2025-06-13 14:44:33,2.99,,
SPY250613P00600000,2025-06-13 14:44:33,3.72,,
SPY250613P00601000,2025-06-13 14:44:33,4.9,,
SPY250613P00599000,2025-06-13 14:44:37,3.0,,
SPY250613P00600000,2025-06-13 14:44:37,3.77,,
SPY250613P00601000,2025-06-13 14:44:37,4.9,,
SPY250613P00599000,2025-06-13 14:44:41,3.05,,
SPY250613P00600000,2025-06-13 14:44:41,3.85,,
SPY250613P00601000,2025-06-13 14:44:41,4.81,,
SPY250613P00599000,2025-06-13 14:44:45,2.98,,
SPY250613P00600000,2025-06-13 14:44:45,3.85,,
SPY250613P00601000,2025-06-13 14:44:45,4.75,,
SPY250613P00599000,2025-06-13 14:44:49,3.0,,
SPY250613P00600000,2025-06-13 14:44:49,3.82,,
SPY250613P00601000,2025-06-13 14:44:49,4.72,,
SPY250613P00599000,2025-06-13 14:44:53,2.95,,
SPY250613P00600000,2025-06-13 14:44:53,3.829,,
SPY250613P00601000,2025-06-13 14:44:53,4.72,,
SPY250613P00599000,2025-06-13 14:44:57,2.95,,
SPY250613P00600000,2025-06-13 14:44:57,3.82,,
SPY250613P00601000,2025-06-13 14:44:57,4.85,,
SPY250613P00599000,2025-06-13 14:45:01,3.02,,
SPY250613P00600000,2025-06-13 14:45:01,3.84,,
SPY250613P00601000,2025-06-13 14:45:01,4.85,,
SPY250613P00599000,2025-06-13 14:45:05,2.85,,
SPY250613P00600000,2025-06-13 14:45:05,3.74,,
SPY250613P00601000,2025-06-13 14:45:05,4.76,,
SPY250613P00599000,2025-06-13 14:45:10,2.81,,
SPY250613P00600000,2025-06-13 14:45:10,3.56,,
SPY250613P00601000,2025-06-13 14:45:10,4.76,,
SPY250613P00599000,2025-06-13 14:45:14,2.64,,
SPY250613P00600000,2025-06-13 14:45:14,3.56,,
SPY250613P00601000,2025-06-13 14:45:14,4.47,,
SPY250613P00599000,2025-06-13 14:45:18,2.6,,
SPY250613P00600000,2025-06-13 14:45:18,3.429,,
SPY250613P00601000,2025-06-13 14:45:18,4.43,,
SPY250613P00599000,2025-06-13 14:45:22,2.65,,
SPY250613P00600000,2025-06-13 14:45:22,3.329,,
SPY250613P00601000,2025-06-13 14:45:22,4.46,,
SPY250613P00599000,2025-06-13 14:45:26,2.43,,
SPY250613P00600000,2025-06-13 14:45:26,3.32,,
SPY250613P00601000,2025-06-13 14:45:26,4.46,,
SPY250613P00599000,2025-06-13 14:45:30,2.43,,
SPY250613P00600000,2025-06-13 14:45:30,3.25,,
SPY250613P00601000,2025-06-13 14:45:30,4.24,,
SPY250613P00599000,2025-06-13 14:45:34,2.42,,
SPY250613P00600000,2025-06-13 14:45:34,3.26,,
SPY250613P00601000,2025-06-13 14:45:34,4.22,,
SPY250613P00599000,2025-06-13 14:45:38,2.4,,
SPY250613P00600000,2025-06-13 14:45:38,3.35,,
SPY250613P00601000,2025-06-13 14:45:38,4.19,,
SPY250613P00599000,2025-06-13 14:45:42,2.41,,
SPY250613P00600000,2025-06-13 14:45:42,3.31,,
SPY250613P00601000,2025-06-13 14:45:42,4.19,,
SPY250613P00599000,2025-06-13 14:45:46,2.57,,
SPY250613P00600000,2025-06-13 14:45:46,3.31,,
SPY250613P00601000,2025-06-13 14:45:46,4.38,,
SPY250613P00599000,2025-06-13 14:45:50,2.45,,
SPY250613P00600000,2025-06-13 14:45:50,3.31,,
SPY250613P00601000,2025-06-13 14:45:50,4.21,,
SPY250613P00599000,2025-06-13 14:45:55,2.37,,
SPY250613P00600000,2025-06-13 14:45:55,3.27,,
SPY250613P00601000,2025-06-13 14:45:55,4.21,,
SPY250613P00599000,2025-06-13 14:45:59,2.5,,
SPY250613P00600000,2025-06-13 14:45:59,3.37,,
SPY250613P00601000,2025-06-13 14:45:59,4.21,,
SPY250613P00599000,2025-06-13 14:46:03,2.5,,
SPY250613P00600000,2025-06-13 14:46:03,3.39,,
SPY250613P00601000,2025-06-13 14:46:03,4.21,,
SPY250613P00599000,2025-06-13 14:46:07,2.43,,
SPY250613P00600000,2025-06-13 14:46:07,3.329,,
SPY250613P00601000,2025-06-13 14:46:07,4.19,,
SPY250613P00599000,2025-06-13 14:46:11,2.42,,
SPY250613P00600000,2025-06-13 14:46:11,3.34,,
SPY250613P00601000,2025-06-13 14:46:11,4.27,,
SPY250613P00599000,2025-06-13 14:46:15,2.48,,
SPY250613P00600000,2025-06-13 14:46:15,3.34,,
SPY250613P00601000,2025-06-13 14:46:15,4.27,,
SPY250613P00599000,2025-06-13 14:46:19,2.47,,
SPY250613P00600000,2025-06-13 14:46:19,3.279,,
SPY250613P00601000,2025-06-13 14:46:19,4.27,,
SPY250613P00599000,2025-06-13 14:46:23,2.47,,
SPY250613P00600000,2025-06-13 14:46:23,3.279,,
SPY250613P00601000,2025-06-13 14:46:23,4.29,,
SPY250613P00599000,2025-06-13 14:46:27,2.57,,
SPY250613P00600000,2025-06-13 14:46:27,3.379,,
SPY250613P00601000,2025-06-13 14:46:27,4.29,,
SPY250613P00599000,2025-06-13 14:46:31,2.42,,
SPY250613P00600000,2025-06-13 14:46:31,3.34,,
SPY250613P00601000,2025-06-13 14:46:31,4.29,,
SPY250613P00599000,2025-06-13 14:46:35,2.41,,
SPY250613P00600000,2025-06-13 14:46:35,3.279,,
SPY250613P00601000,2025-06-13 14:46:35,4.13,,
SPY250613P00599000,2025-06-13 14:46:39,2.39,,
SPY250613P00600000,2025-06-13 14:46:39,3.32,,
SPY250613P00601000,2025-06-13 14:46:39,4.16,,
SPY250613P00599000,2025-06-13 14:46:43,2.38,,
SPY250613P00600000,2025-06-13 14:46:43,3.31,,
SPY250613P00601000,2025-06-13 14:46:43,4.16,,
SPY250613P00599000,2025-06-13 14:46:47,2.51,,
SPY250613P00600000,2025-06-13 14:46:47,3.37,,
SPY250613P00601000,2025-06-13 14:46:47,4.35,,
SPY250613P00599000,2025-06-13 14:46:51,2.5,,
SPY250613P00600000,2025-06-13 14:46:51,3.35,,
SPY250613P00601000,2025-06-13 14:46:51,4.22,,
SPY250613P00599000,2025-06-13 14:46:55,2.47,,
SPY250613P00600000,2025-06-13 14:46:55,3.35,,
SPY250613P00601000,2025-06-13 14:46:55,4.22,,
SPY250613P00599000,2025-06-13 14:47:00,2.49,,
SPY250613P00600000,2025-06-13 14:47:00,3.32,,
SPY250613P00601000,2025-06-13 14:47:00,4.34,,
SPY250613P00599000,2025-06-13 14:47:04,2.44,,
SPY250613P00600000,2025-06-13 14:47:04,3.37,,
SPY250613P00601000,2025-06-13 14:47:04,4.31,,
SPY250613P00599000,2025-06-13 14:47:08,2.39,,
SPY250613P00600000,2025-06-13 14:47:08,3.24,,
SPY250613P00601000,2025-06-13 14:47:08,4.15,,
SPY250613P00599000,2025-06-13 14:47:12,2.39,,
SPY250613P00600000,2025-06-13 14:47:12,3.25,,
SPY250613P00601000,2025-06-13 14:47:12,4.2,,
SPY250613P00599000,2025-06-13 14:47:16,2.49,,
SPY250613P00600000,2025-06-13 14:47:16,3.32,,
SPY250613P00601000,2025-06-13 14:47:16,4.33,,
SPY250613P00599000,2025-06-13 14:47:20,2.37,,
SPY250613P00600000,2025-06-13 14:47:20,3.36,,
SPY250613P00601000,2025-06-13 14:47:20,4.2,,
SPY250613P00599000,2025-06-13 14:47:24,2.49,,
SPY250613P00600000,2025-06-13 14:47:24,3.39,,
SPY250613P00601000,2025-06-13 14:47:24,4.37,,
SPY250613P00599000,2025-06-13 14:47:28,2.58,,
SPY250613P00600000,2025-06-13 14:47:28,3.46,,
SPY250613P00601000,2025-06-13 14:47:28,4.44,,
SPY250613P00599000,2025-06-13 14:47:32,2.58,,
SPY250613P00600000,2025-06-13 14:47:32,3.7,,
SPY250613P00601000,2025-06-13 14:47:32,4.59,,
SPY250613P00599000,2025-06-13 14:47:36,2.8,,
SPY250613P00600000,2025-06-13 14:47:36,3.7,,
SPY250613P00601000,2025-06-13 14:47:36,4.6,,
SPY250613P00599000,2025-06-13 14:47:40,2.73,,
SPY250613P00600000,2025-06-13 14:47:40,3.71,,
SPY250613P00601000,2025-06-13 14:47:40,4.68,,
SPY250613P00599000,2025-06-13 14:47:44,2.78,,
SPY250613P00600000,2025-06-13 14:47:44,3.66,,
SPY250613P00601000,2025-06-13 14:47:44,4.54,,
SPY250613P00599000,2025-06-13 14:47:48,2.81,,
SPY250613P00600000,2025-06-13 14:47:48,3.71,,
SPY250613P00601000,2025-06-13 14:47:48,4.75,,
SPY250613P00599000,2025-06-13 14:47:52,2.8,,
SPY250613P00600000,2025-06-13 14:47:52,3.84,,
SPY250613P00601000,2025-06-13 14:47:52,4.71,,
SPY250613P00599000,2025-06-13 14:47:56,2.88,,
SPY250613P00600000,2025-06-13 14:47:56,3.77,,
SPY250613P00601000,2025-06-13 14:47:56,4.76,,
SPY250613P00599000,2025-06-13 14:48:00,2.77,,
SPY250613P00600000,2025-06-13 14:48:00,3.76,,
SPY250613P00601000,2025-06-13 14:48:00,4.71,,
SPY250613P00599000,2025-06-13 14:48:05,2.9,,
SPY250613P00600000,2025-06-13 14:48:05,3.89,,
SPY250613P00601000,2025-06-13 14:48:05,4.76,,
SPY250613P00599000,2025-06-13 14:48:09,2.78,,
SPY250613P00600000,2025-06-13 14:48:09,3.7,,
SPY250613P00601000,2025-06-13 14:48:09,4.8,,
SPY250613P00599000,2025-06-13 14:48:13,2.85,,
SPY250613P00600000,2025-06-13 14:48:13,3.74,,
SPY250613P00601000,2025-06-13 14:48:13,4.64,,
SPY250613P00599000,2025-06-13 14:48:17,2.79,,
SPY250613P00600000,2025-06-13 14:48:17,3.59,,
SPY250613P00601000,2025-06-13 14:48:17,4.68,,
SPY250613P00599000,2025-06-13 14:48:21,2.75,,
SPY250613P00600000,2025-06-13 14:48:21,3.629,,
SPY250613P00601000,2025-06-13 14:48:21,4.68,,
SPY250613P00599000,2025-06-13 14:48:25,2.73,,
SPY250613P00600000,2025-06-13 14:48:25,3.63,,
SPY250613P00601000,2025-06-13 14:48:25,4.63,,
SPY250613P00599000,2025-06-13 14:48:29,2.73,,
SPY250613P00600000,2025-06-13 14:48:29,3.64,,
SPY250613P00601000,2025-06-13 14:48:29,4.63,,
SPY250613P00599000,2025-06-13 14:48:33,2.77,,
SPY250613P00600000,2025-06-13 14:48:33,3.66,,
SPY250613P00601000,2025-06-13 14:48:33,4.53,,
SPY250613P00599000,2025-06-13 14:48:37,2.81,,
SPY250613P00600000,2025-06-13 14:48:37,3.64,,
SPY250613P00601000,2025-06-13 14:48:37,4.58,,
SPY250613P00599000,2025-06-13 14:48:41,2.84,,
SPY250613P00600000,2025-06-13 14:48:41,3.7,,
SPY250613P00601000,2025-06-13 14:48:41,4.7,,
SPY250613P00599000,2025-06-13 14:48:45,2.85,,
SPY250613P00600000,2025-06-13 14:48:45,3.77,,
SPY250613P00601000,2025-06-13 14:48:45,4.7,,
SPY250613P00599000,2025-06-13 14:48:49,2.85,,
SPY250613P00600000,2025-06-13 14:48:49,3.75,,
SPY250613P00601000,2025-06-13 14:48:49,4.68,,
SPY250613P00599000,2025-06-13 14:48:53,2.89,,
SPY250613P00600000,2025-06-13 14:48:53,3.8,,
SPY250613P00601000,2025-06-13 14:48:53,4.68,,
SPY250613P00599000,2025-06-13 14:48:57,3.0,,
SPY250613P00600000,2025-06-13 14:48:57,3.91,,
SPY250613P00601000,2025-06-13 14:48:57,4.86,,
SPY250613P00599000,2025-06-13 14:49:01,3.01,,
SPY250613P00600000,2025-06-13 14:49:01,3.92,,
SPY250613P00601000,2025-06-13 14:49:01,4.86,,
SPY250613P00599000,2025-06-13 14:49:05,3.03,,
SPY250613P00600000,2025-06-13 14:49:05,3.95,,
SPY250613P00601000,2025-06-13 14:49:05,4.86,,
SPY250613P00599000,2025-06-13 14:49:10,3.0,,
SPY250613P00600000,2025-06-13 14:49:10,3.92,,
SPY250613P00601000,2025-06-13 14:49:10,4.85,,
SPY250613P00599000,2025-06-13 14:49:14,2.98,,
SPY250613P00600000,2025-06-13 14:49:14,3.89,,
SPY250613P00601000,2025-06-13 14:49:14,4.76,,
SPY250613P00599000,2025-06-13 14:49:18,2.94,,
SPY250613P00600000,2025-06-13 14:49:18,3.9,,
SPY250613P00601000,2025-06-13 14:49:18,4.8,,
SPY250613P00599000,2025-06-13 14:49:22,3.01,,
SPY250613P00600000,2025-06-13 14:49:22,3.95,,
SPY250613P00601000,2025-06-13 14:49:22,4.8,,
SPY250613P00599000,2025-06-13 14:49:26,3.07,,
SPY250613P00600000,2025-06-13 14:49:26,3.879,,
SPY250613P00601000,2025-06-13 14:49:26,4.8,,
SPY250613P00599000,2025-06-13 14:49:30,2.98,,
SPY250613P00600000,2025-06-13 14:49:30,3.879,,
SPY250613P00601000,2025-06-13 14:49:30,4.8,,
SPY250613P00599000,2025-06-13 14:49:34,3.09,,
SPY250613P00600000,2025-06-13 14:49:34,3.84,,
SPY250613P00601000,2025-06-13 14:49:34,4.92,,
SPY250613P00599000,2025-06-13 14:49:38,2.96,,
SPY250613P00600000,2025-06-13 14:49:38,3.85,,
SPY250613P00601000,2025-06-13 14:49:38,4.92,,
SPY250613P00599000,2025-06-13 14:49:42,2.96,,
SPY250613P00600000,2025-06-13 14:49:42,3.9,,
SPY250613P00601000,2025-06-13 14:49:42,4.92,,
SPY250613P00599000,2025-06-13 14:49:46,3.02,,
SPY250613P00600000,2025-06-13 14:49:46,3.86,,
SPY250613P00601000,2025-06-13 14:49:46,4.8,,
SPY250613P00599000,2025-06-13 14:49:50,3.01,,
SPY250613P00600000,2025-06-13 14:49:50,3.86,,
SPY250613P00601000,2025-06-13 14:49:50,4.8,,
SPY250613P00599000,2025-06-13 14:49:54,2.88,,
SPY250613P00600000,2025-06-13 14:49:54,3.85,,
SPY250613P00601000,2025-06-13 14:49:54,4.8,,
SPY250613P00599000,2025-06-13 14:49:58,2.93,,
SPY250613P00600000,2025-06-13 14:49:58,3.84,,
SPY250613P00601000,2025-06-13 14:49:58,4.68,,
SPY250613P00599000,2025-06-13 14:50:02,2.93,,
SPY250613P00600000,2025-06-13 14:50:02,3.9,,
SPY250613P00601000,2025-06-13 14:50:02,4.79,,
SPY250613P00599000,2025-06-13 14:50:06,2.92,,
SPY250613P00600000,2025-06-13 14:50:06,3.85,,
SPY250613P00601000,2025-06-13 14:50:06,4.82,,
SPY250613P00599000,2025-06-13 14:50:10,2.96,,
SPY250613P00600000,2025-06-13 14:50:10,3.9,,
SPY250613P00601000,2025-06-13 14:50:10,4.82,,
SPY250613P00599000,2025-06-13 14:50:15,2.7,,
SPY250613P00600000,2025-06-13 14:50:15,3.76,,
SPY250613P00601000,2025-06-13 14:50:15,4.72,,
SPY250613P00599000,2025-06-13 14:50:19,2.8,,
SPY250613P00600000,2025-06-13 14:50:19,3.6,,
SPY250613P00601000,2025-06-13 14:50:19,4.56,,
SPY250613P00599000,2025-06-13 14:50:23,2.85,,
SPY250613P00600000,2025-06-13 14:50:23,3.69,,
SPY250613P00601000,2025-06-13 14:50:23,4.7,,
SPY250613P00599000,2025-06-13 14:50:27,2.96,,
SPY250613P00600000,2025-06-13 14:50:27,3.8,,
SPY250613P00601000,2025-06-13 14:50:27,4.7,,
SPY250613P00599000,2025-06-13 14:50:31,2.92,,
SPY250613P00600000,2025-06-13 14:50:31,3.86,,
SPY250613P00601000,2025-06-13 14:50:31,4.71,,
SPY250613P00599000,2025-06-13 14:50:35,2.81,,
SPY250613P00600000,2025-06-13 14:50:35,3.8,,
SPY250613P00601000,2025-06-13 14:50:35,4.67,,
SPY250613P00599000,2025-06-13 14:50:39,2.87,,
SPY250613P00600000,2025-06-13 14:50:39,3.679,,
SPY250613P00601000,2025-06-13 14:50:39,4.72,,
SPY250613P00599000,2025-06-13 14:50:43,2.87,,
SPY250613P00600000,2025-06-13 14:50:43,3.8,,
SPY250613P00601000,2025-06-13 14:50:43,4.72,,
SPY250613P00599000,2025-06-13 14:50:47,2.96,,
SPY250613P00600000,2025-06-13 14:50:47,3.75,,
SPY250613P00601000,2025-06-13 14:50:47,4.89,,
SPY250613P00599000,2025-06-13 14:50:51,2.99,,
SPY250613P00600000,2025-06-13 14:50:51,3.89,,
SPY250613P00601000,2025-06-13 14:50:51,4.89,,
SPY250613P00599000,2025-06-13 14:50:55,2.93,,
SPY250613P00600000,2025-06-13 14:50:55,3.89,,
SPY250613P00601000,2025-06-13 14:50:55,4.89,,
SPY250613P00599000,2025-06-13 14:50:59,2.97,,
SPY250613P00600000,2025-06-13 14:50:59,3.829,,
SPY250613P00601000,2025-06-13 14:50:59,4.89,,
SPY250613P00599000,2025-06-13 14:51:03,2.88,,
SPY250613P00600000,2025-06-13 14:51:03,3.82,,
SPY250613P00601000,2025-06-13 14:51:03,4.84,,
SPY250613P00599000,2025-06-13 14:51:07,2.9,,
SPY250613P00600000,2025-06-13 14:51:07,3.81,,
SPY250613P00601000,2025-06-13 14:51:07,4.84,,
SPY250613P00599000,2025-06-13 14:51:11,2.95,,
SPY250613P00600000,2025-06-13 14:51:11,3.829,,
SPY250613P00601000,2025-06-13 14:51:11,4.81,,
SPY250613P00599000,2025-06-13 14:51:15,2.95,,
SPY250613P00600000,2025-06-13 14:51:15,3.85,,
SPY250613P00601000,2025-06-13 14:51:15,4.81,,
SPY250613P00599000,2025-06-13 14:51:20,2.95,,
SPY250613P00600000,2025-06-13 14:51:20,3.779,,
SPY250613P00601000,2025-06-13 14:51:20,4.64,,
SPY250613P00599000,2025-06-13 14:51:24,2.83,,
SPY250613P00600000,2025-06-13 14:51:24,3.76,,
SPY250613P00601000,2025-06-13 14:51:24,4.64,,
SPY250613P00599000,2025-06-13 14:51:28,2.86,,
SPY250613P00600000,2025-06-13 14:51:28,3.779,,
SPY250613P00601000,2025-06-13 14:51:28,4.71,,
SPY250613P00599000,2025-06-13 14:51:32,2.75,,
SPY250613P00600000,2025-06-13 14:51:32,3.67,,
SPY250613P00601000,2025-06-13 14:51:32,4.71,,
SPY250613P00599000,2025-06-13 14:51:36,2.6,,
SPY250613P00600000,2025-06-13 14:51:36,3.49,,
SPY250613P00601000,2025-06-13 14:51:36,4.71,,
SPY250613P00599000,2025-06-13 14:51:40,2.59,,
SPY250613P00600000,2025-06-13 14:51:40,3.4,,
SPY250613P00601000,2025-06-13 14:51:40,4.44,,
SPY250613P00599000,2025-06-13 14:51:44,2.55,,
SPY250613P00600000,2025-06-13 14:51:44,3.55,,
SPY250613P00601000,2025-06-13 14:51:44,4.46,,
SPY250613P00599000,2025-06-13 14:51:48,2.57,,
SPY250613P00600000,2025-06-13 14:51:48,3.6,,
SPY250613P00601000,2025-06-13 14:51:48,4.46,,
SPY250613P00599000,2025-06-13 14:51:52,2.69,,
SPY250613P00600000,2025-06-13 14:51:52,3.52,,
SPY250613P00601000,2025-06-13 14:51:52,4.46,,
SPY250613P00599000,2025-06-13 14:51:56,2.69,,
SPY250613P00600000,2025-06-13 14:51:56,3.64,,
SPY250613P00601000,2025-06-13 14:51:56,4.6,,
SPY250613P00599000,2025-06-13 14:52:00,2.67,,
SPY250613P00600000,2025-06-13 14:52:00,3.56,,
SPY250613P00601000,2025-06-13 14:52:00,4.6,,
SPY250613P00599000,2025-06-13 14:52:04,2.81,,
SPY250613P00600000,2025-06-13 14:52:04,3.61,,
SPY250613P00601000,2025-06-13 14:52:04,4.56,,
SPY250613P00599000,2025-06-13 14:52:08,2.66,,
SPY250613P00600000,2025-06-13 14:52:08,3.64,,
SPY250613P00601000,2025-06-13 14:52:08,4.67,,
SPY250613P00599000,2025-06-13 14:52:12,2.63,,
SPY250613P00600000,2025-06-13 14:52:12,3.479,,
SPY250613P00601000,2025-06-13 14:52:12,4.67,,
SPY250613P00599000,2025-06-13 14:52:16,2.59,,
SPY250613P00600000,2025-06-13 14:52:16,3.479,,
SPY250613P00601000,2025-06-13 14:52:16,4.67,,
SPY250613P00599000,2025-06-13 14:52:20,2.74,,
SPY250613P00600000,2025-06-13 14:52:20,3.6,,
SPY250613P00601000,2025-06-13 14:52:20,4.67,,
SPY250613P00599000,2025-06-13 14:52:25,2.73,,
SPY250613P00600000,2025-06-13 14:52:25,3.64,,
SPY250613P00601000,2025-06-13 14:52:25,4.65,,
SPY250613P00599000,2025-06-13 14:52:29,2.68,,
SPY250613P00600000,2025-06-13 14:52:29,3.51,,
SPY250613P00601000,2025-06-13 14:52:29,4.65,,
SPY250613P00599000,2025-06-13 14:52:33,2.68,,
SPY250613P00600000,2025-06-13 14:52:33,3.5,,
SPY250613P00601000,2025-06-13 14:52:33,4.55,,
SPY250613P00599000,2025-06-13 14:52:37,2.57,,
SPY250613P00600000,2025-06-13 14:52:37,3.529,,
SPY250613P00601000,2025-06-13 14:52:37,4.55,,
SPY250613P00599000,2025-06-13 14:52:41,2.6,,
SPY250613P00600000,2025-06-13 14:52:41,3.51,,
SPY250613P00601000,2025-06-13 14:52:41,4.52,,
SPY250613P00599000,2025-06-13 14:52:45,2.61,,
SPY250613P00600000,2025-06-13 14:52:45,3.51,,
SPY250613P00601000,2025-06-13 14:52:45,4.52,,
SPY250613P00599000,2025-06-13 14:52:49,2.64,,
SPY250613P00600000,2025-06-13 14:52:49,3.5,,
SPY250613P00601000,2025-06-13 14:52:49,4.53,,
SPY250613P00599000,2025-06-13 14:52:53,2.62,,
SPY250613P00600000,2025-06-13 14:52:53,3.49,,
SPY250613P00601000,2025-06-13 14:52:53,4.47,,
SPY250613P00599000,2025-06-13 14:52:57,2.65,,
SPY250613P00600000,2025-06-13 14:52:57,3.6,,
SPY250613P00601000,2025-06-13 14:52:57,4.47,,
SPY250613P00599000,2025-06-13 14:53:01,2.63,,
SPY250613P00600000,2025-06-13 14:53:01,3.54,,
SPY250613P00601000,2025-06-13 14:53:01,4.5,,
SPY250613P00599000,2025-06-13 14:53:06,2.63,,
SPY250613P00600000,2025-06-13 14:53:06,3.579,,
SPY250613P00601000,2025-06-13 14:53:06,4.5,,
SPY250613P00599000,2025-06-13 14:53:10,2.68,,
SPY250613P00600000,2025-06-13 14:53:10,3.55,,
SPY250613P00601000,2025-06-13 14:53:10,4.65,,
SPY250613P00599000,2025-06-13 14:53:14,2.71,,
SPY250613P00600000,2025-06-13 14:53:14,3.7,,
SPY250613P00601000,2025-06-13 14:53:14,4.58,,
SPY250613P00599000,2025-06-13 14:53:18,2.66,,
SPY250613P00600000,2025-06-13 14:53:18,3.59,,
SPY250613P00601000,2025-06-13 14:53:18,4.54,,
SPY250613P00599000,2025-06-13 14:53:22,2.66,,
SPY250613P00600000,2025-06-13 14:53:22,3.629,,
SPY250613P00601000,2025-06-13 14:53:22,4.54,,
SPY250613P00599000,2025-06-13 14:53:26,2.76,,
SPY250613P00600000,2025-06-13 14:53:26,3.61,,
SPY250613P00601000,2025-06-13 14:53:26,4.63,,
SPY250613P00599000,2025-06-13 14:53:30,2.66,,
SPY250613P00600000,2025-06-13 14:53:30,3.61,,
SPY250613P00601000,2025-06-13 14:53:30,4.5,,
SPY250613P00599000,2025-06-13 14:53:34,2.57,,
SPY250613P00600000,2025-06-13 14:53:34,3.61,,
SPY250613P00601000,2025-06-13 14:53:34,4.51,,
SPY250613P00599000,2025-06-13 14:53:38,2.53,,
SPY250613P00600000,2025-06-13 14:53:38,3.479,,
SPY250613P00601000,2025-06-13 14:53:38,4.51,,
SPY250613P00599000,2025-06-13 14:53:42,2.59,,
SPY250613P00600000,2025-06-13 14:53:42,3.41,,
SPY250613P00601000,2025-06-13 14:53:42,4.51,,
SPY250613P00599000,2025-06-13 14:53:46,2.56,,
SPY250613P00600000,2025-06-13 14:53:46,3.42,,
SPY250613P00601000,2025-06-13 14:53:46,4.37,,
SPY250613P00599000,2025-06-13 14:53:51,2.51,,
SPY250613P00600000,2025-06-13 14:53:51,3.42,,
SPY250613P00601000,2025-06-13 14:53:51,4.37,,
SPY250613P00599000,2025-06-13 14:53:55,2.51,,
SPY250613P00600000,2025-06-13 14:53:55,3.44,,
SPY250613P00601000,2025-06-13 14:53:55,4.31,,
SPY250613P00599000,2025-06-13 14:53:59,2.43,,
SPY250613P00600000,2025-06-13 14:53:59,3.37,,
SPY250613P00601000,2025-06-13 14:53:59,4.31,,
SPY250613P00599000,2025-06-13 14:54:03,2.45,,
SPY250613P00600000,2025-06-13 14:54:03,3.31,,
SPY250613P00601000,2025-06-13 14:54:03,4.31,,
SPY250613P00599000,2025-06-13 14:54:07,2.45,,
SPY250613P00600000,2025-06-13 14:54:07,3.35,,
SPY250613P00601000,2025-06-13 14:54:07,4.31,,
SPY250613P00599000,2025-06-13 14:54:11,2.61,,
SPY250613P00600000,2025-06-13 14:54:11,3.429,,
SPY250613P00601000,2025-06-13 14:54:11,4.31,,
SPY250613P00599000,2025-06-13 14:54:15,2.61,,
SPY250613P00600000,2025-06-13 14:54:15,3.35,,
SPY250613P00601000,2025-06-13 14:54:15,4.31,,
SPY250613P00599000,2025-06-13 14:54:19,2.47,,
SPY250613P00600000,2025-06-13 14:54:19,3.3,,
SPY250613P00601000,2025-06-13 14:54:19,4.33,,
SPY250613P00599000,2025-06-13 14:54:23,2.5,,
SPY250613P00600000,2025-06-13 14:54:23,3.39,,
SPY250613P00601000,2025-06-13 14:54:23,4.27,,
SPY250613P00599000,2025-06-13 14:54:27,2.42,,
SPY250613P00600000,2025-06-13 14:54:27,3.25,,
SPY250613P00601000,2025-06-13 14:54:27,4.27,,
SPY250613P00599000,2025-06-13 14:54:31,2.31,,
SPY250613P00600000,2025-06-13 14:54:31,3.14,,
SPY250613P00601000,2025-06-13 14:54:31,4.079,,
SPY250613P00599000,2025-06-13 14:54:36,2.33,,
SPY250613P00600000,2025-06-13 14:54:36,3.16,,
SPY250613P00601000,2025-06-13 14:54:36,4.079,,
SPY250613P00599000,2025-06-13 14:54:40,2.31,,
SPY250613P00600000,2025-06-13 14:54:40,3.25,,
SPY250613P00601000,2025-06-13 14:54:40,4.22,,
SPY250613P00599000,2025-06-13 14:54:44,2.28,,
SPY250613P00600000,2025-06-13 14:54:44,3.1,,
SPY250613P00601000,2025-06-13 14:54:44,4.22,,
SPY250613P00599000,2025-06-13 14:54:48,2.27,,
SPY250613P00600000,2025-06-13 14:54:48,3.19,,
SPY250613P00601000,2025-06-13 14:54:48,4.12,,
SPY250613P00599000,2025-06-13 14:54:52,2.22,,
SPY250613P00600000,2025-06-13 14:54:52,3.19,,
SPY250613P00601000,2025-06-13 14:54:52,4.12,,
SPY250613P00599000,2025-06-13 14:54:56,2.14,,
SPY250613P00600000,2025-06-13 14:54:56,3.11,,
SPY250613P00601000,2025-06-13 14:54:56,4.12,,
SPY250613P00599000,2025-06-13 14:55:00,2.21,,
SPY250613P00600000,2025-06-13 14:55:00,3.14,,
SPY250613P00601000,2025-06-13 14:55:00,4.12,,
SPY250613P00599000,2025-06-13 14:55:04,2.26,,
SPY250613P00600000,2025-06-13 14:55:04,3.14,,
SPY250613P00601000,2025-06-13 14:55:04,4.12,,
SPY250613P00599000,2025-06-13 14:55:08,2.07,,
SPY250613P00600000,2025-06-13 14:55:08,2.91,,
SPY250613P00601000,2025-06-13 14:55:08,4.12,,
SPY250613P00599000,2025-06-13 14:55:12,2.03,,
SPY250613P00600000,2025-06-13 14:55:12,2.93,,
SPY250613P00601000,2025-06-13 14:55:12,3.72,,
SPY250613P00599000,2025-06-13 14:55:16,2.03,,
SPY250613P00600000,2025-06-13 14:55:16,2.86,,
SPY250613P00601000,2025-06-13 14:55:16,3.72,,
SPY250613P00599000,2025-06-13 14:55:20,2.03,,
SPY250613P00600000,2025-06-13 14:55:20,2.91,,
SPY250613P00601000,2025-06-13 14:55:20,3.84,,
SPY250613P00599000,2025-06-13 14:55:25,2.07,,
SPY250613P00600000,2025-06-13 14:55:25,2.98,,
SPY250613P00601000,2025-06-13 14:55:25,3.84,,
SPY250613P00599000,2025-06-13 14:55:29,2.16,,
SPY250613P00600000,2025-06-13 14:55:29,2.98,,
SPY250613P00601000,2025-06-13 14:55:29,3.84,,
SPY250613P00599000,2025-06-13 14:55:33,2.14,,
SPY250613P00600000,2025-06-13 14:55:33,3.01,,
SPY250613P00601000,2025-06-13 14:55:33,3.97,,
SPY250613P00599000,2025-06-13 14:55:37,2.09,,
SPY250613P00600000,2025-06-13 14:55:37,2.89,,
SPY250613P00601000,2025-06-13 14:55:37,3.97,,
SPY250613P00599000,2025-06-13 14:55:41,2.14,,
SPY250613P00600000,2025-06-13 14:55:41,3.0,,
SPY250613P00601000,2025-06-13 14:55:41,3.97,,
SPY250613P00599000,2025-06-13 14:55:45,2.1,,
SPY250613P00600000,2025-06-13 14:55:45,3.04,,
SPY250613P00601000,2025-06-13 14:55:45,3.97,,
SPY250613P00599000,2025-06-13 14:55:49,2.23,,
SPY250613P00600000,2025-06-13 14:55:49,3.14,,
SPY250613P00601000,2025-06-13 14:55:49,4.029,,
SPY250613P00599000,2025-06-13 14:55:53,2.43,,
SPY250613P00600000,2025-06-13 14:55:53,3.35,,
SPY250613P00601000,2025-06-13 14:55:53,4.2,,
SPY250613P00599000,2025-06-13 14:55:57,2.43,,
SPY250613P00600000,2025-06-13 14:55:57,3.32,,
SPY250613P00601000,2025-06-13 14:55:57,4.29,,
SPY250613P00599000,2025-06-13 14:56:01,2.36,,
SPY250613P00600000,2025-06-13 14:56:01,3.3,,
SPY250613P00601000,2025-06-13 14:56:01,4.34,,
SPY250613P00599000,2025-06-13 14:56:05,2.39,,
SPY250613P00600000,2025-06-13 14:56:05,3.34,,
SPY250613P00601000,2025-06-13 14:56:05,4.34,,
SPY250613P00599000,2025-06-13 14:56:09,2.47,,
SPY250613P00600000,2025-06-13 14:56:09,3.379,,
SPY250613P00601000,2025-06-13 14:56:09,4.34,,
SPY250613P00599000,2025-06-13 14:56:14,2.41,,
SPY250613P00600000,2025-06-13 14:56:14,3.37,,
SPY250613P00601000,2025-06-13 14:56:14,4.34,,
SPY250613P00599000,2025-06-13 14:56:18,2.37,,
SPY250613P00600000,2025-06-13 14:56:18,3.27,,
SPY250613P00601000,2025-06-13 14:56:18,4.13,,
SPY250613P00599000,2025-06-13 14:56:22,2.34,,
SPY250613P00600000,2025-06-13 14:56:22,3.17,,
SPY250613P00601000,2025-06-13 14:56:22,4.13,,
SPY250613P00599000,2025-06-13 14:56:26,2.22,,
SPY250613P00600000,2025-06-13 14:56:26,3.17,,
SPY250613P00601000,2025-06-13 14:56:26,4.13,,
SPY250613P00599000,2025-06-13 14:56:30,2.19,,
SPY250613P00600000,2025-06-13 14:56:30,3.06,,
SPY250613P00601000,2025-06-13 14:56:30,4.02,,
SPY250613P00599000,2025-06-13 14:56:34,2.3,,
SPY250613P00600000,2025-06-13 14:56:34,3.27,,
SPY250613P00601000,2025-06-13 14:56:34,4.02,,
SPY250613P00599000,2025-06-13 14:56:38,2.3,,
SPY250613P00600000,2025-06-13 14:56:38,3.18,,
SPY250613P00601000,2025-06-13 14:56:38,4.02,,
SPY250613P00599000,2025-06-13 14:56:42,2.21,,
SPY250613P00600000,2025-06-13 14:56:42,3.12,,
SPY250613P00601000,2025-06-13 14:56:42,4.11,,
SPY250613P00599000,2025-06-13 14:56:46,2.23,,
SPY250613P00600000,2025-06-13 14:56:46,3.11,,
SPY250613P00601000,2025-06-13 14:56:46,4.11,,
SPY250613P00599000,2025-06-13 14:56:50,2.27,,
SPY250613P00600000,2025-06-13 14:56:50,3.1,,
SPY250613P00601000,2025-06-13 14:56:50,4.11,,
SPY250613P00599000,2025-06-13 14:56:54,2.26,,
SPY250613P00600000,2025-06-13 14:56:54,3.1,,
SPY250613P00601000,2025-06-13 14:56:54,4.11,,
SPY250613P00599000,2025-06-13 14:56:58,2.26,,
SPY250613P00600000,2025-06-13 14:56:58,3.2,,
SPY250613P00601000,2025-06-13 14:56:58,4.11,,
SPY250613P00599000,2025-06-13 14:57:03,2.2,,
SPY250613P00600000,2025-06-13 14:57:03,3.08,,
SPY250613P00601000,2025-06-13 14:57:03,4.11,,
SPY250613P00599000,2025-06-13 14:57:07,2.2,,
SPY250613P00600000,2025-06-13 14:57:07,3.12,,
SPY250613P00601000,2025-06-13 14:57:07,4.17,,
SPY250613P00599000,2025-06-13 14:57:11,2.31,,
SPY250613P00600000,2025-06-13 14:57:11,3.22,,
SPY250613P00601000,2025-06-13 14:57:11,4.17,,
SPY250613P00599000,2025-06-13 14:57:15,2.32,,
SPY250613P00600000,2025-06-13 14:57:15,3.22,,
SPY250613P00601000,2025-06-13 14:57:15,4.17,,
SPY250613P00599000,2025-06-13 14:57:19,2.36,,
SPY250613P00600000,2025-06-13 14:57:19,3.22,,
SPY250613P00601000,2025-06-13 14:57:19,4.17,,
SPY250613P00599000,2025-06-13 14:57:23,2.41,,
SPY250613P00600000,2025-06-13 14:57:23,3.279,,
SPY250613P00601000,2025-06-13 14:57:23,4.19,,
SPY250613P00599000,2025-06-13 14:57:29,2.41,,
SPY250613P00600000,2025-06-13 14:57:29,3.35,,
SPY250613P00601000,2025-06-13 14:57:29,4.34,,
SPY250613P00599000,2025-06-13 14:57:33,2.41,,
SPY250613P00600000,2025-06-13 14:57:33,3.479,,
SPY250613P00601000,2025-06-13 14:57:33,4.34,,
SPY250613P00599000,2025-06-13 14:57:37,2.53,,
SPY250613P00600000,2025-06-13 14:57:37,3.479,,
SPY250613P00601000,2025-06-13 14:57:37,4.34,,
SPY250613P00599000,2025-06-13 14:57:41,2.55,,
SPY250613P00600000,2025-06-13 14:57:41,3.529,,
SPY250613P00601000,2025-06-13 14:57:41,4.34,,
SPY250613P00599000,2025-06-13 14:57:46,2.46,,
SPY250613P00600000,2025-06-13 14:57:46,3.41,,
SPY250613P00601000,2025-06-13 14:57:46,4.37,,
SPY250613P00599000,2025-06-13 14:57:50,2.46,,
SPY250613P00600000,2025-06-13 14:57:50,3.46,,
SPY250613P00601000,2025-06-13 14:57:50,4.37,,
SPY250613P00599000,2025-06-13 14:57:54,2.46,,
SPY250613P00600000,2025-06-13 14:57:54,3.41,,
SPY250613P00601000,2025-06-13 14:57:54,4.37,,
SPY250613P00599000,2025-06-13 14:57:58,2.46,,
SPY250613P00600000,2025-06-13 14:57:58,3.45,,
SPY250613P00601000,2025-06-13 14:57:58,4.37,,
SPY250613P00599000,2025-06-13 14:58:03,2.54,,
SPY250613P00600000,2025-06-13 14:58:03,3.59,,
SPY250613P00601000,2025-06-13 14:58:03,4.37,,
SPY250613P00599000,2025-06-13 14:58:07,2.54,,
SPY250613P00600000,2025-06-13 14:58:07,3.479,,
SPY250613P00601000,2025-06-13 14:58:07,4.37,,
SPY250613P00599000,2025-06-13 14:58:11,2.54,,
SPY250613P00600000,2025-06-13 14:58:11,3.379,,
SPY250613P00601000,2025-06-13 14:58:11,4.37,,
SPY250613P00599000,2025-06-13 14:58:15,2.36,,
SPY250613P00600000,2025-06-13 14:58:15,3.36,,
SPY250613P00601000,2025-06-13 14:58:15,4.37,,
SPY250613P00599000,2025-06-13 14:58:20,2.36,,
SPY250613P00600000,2025-06-13 14:58:20,3.36,,
SPY250613P00601000,2025-06-13 14:58:20,4.37,,
SPY250613P00599000,2025-06-13 14:58:24,2.52,,
SPY250613P00600000,2025-06-13 14:58:24,3.36,,
SPY250613P00601000,2025-06-13 14:58:24,4.37,,
SPY250613P00599000,2025-06-13 14:58:29,2.52,,
SPY250613P00600000,2025-06-13 14:58:29,3.379,,
SPY250613P00601000,2025-06-13 14:58:29,4.37,,
SPY250613P00599000,2025-06-13 14:58:33,2.52,,
SPY250613P00600000,2025-06-13 14:58:33,3.27,,
SPY250613P00601000,2025-06-13 14:58:33,4.37,,
SPY250613P00599000,2025-06-13 14:58:37,2.52,,
SPY250613P00600000,2025-06-13 14:58:37,3.27,,
SPY250613P00601000,2025-06-13 14:58:37,4.37,,
SPY250613P00599000,2025-06-13 14:58:41,2.4,,
SPY250613P00600000,2025-06-13 14:58:41,3.27,,
SPY250613P00601000,2025-06-13 14:58:41,4.37,,
SPY250613P00599000,2025-06-13 14:58:45,2.4,,
SPY250613P00600000,2025-06-13 14:58:45,3.4,,
SPY250613P00601000,2025-06-13 14:58:45,4.37,,
SPY250613P00599000,2025-06-13 14:58:49,2.52,,
SPY250613P00600000,2025-06-13 14:58:49,3.47,,
SPY250613P00601000,2025-06-13 14:58:49,4.37,,
SPY250613P00599000,2025-06-13 14:58:53,2.54,,
SPY250613P00600000,2025-06-13 14:58:53,3.42,,
SPY250613P00601000,2025-06-13 14:58:53,4.37,,
SPY250613P00599000,2025-06-13 14:58:57,2.48,,
SPY250613P00600000,2025-06-13 14:58:57,3.42,,
SPY250613P00601000,2025-06-13 14:58:57,4.44,,
SPY250613P00599000,2025-06-13 14:59:01,2.5,,
SPY250613P00600000,2025-06-13 14:59:01,3.32,,
SPY250613P00601000,2025-06-13 14:59:01,4.37,,
SPY250613P00599000,2025-06-13 14:59:06,2.56,,
SPY250613P00600000,2025-06-13 14:59:06,3.39,,
SPY250613P00601000,2025-06-13 14:59:06,4.46,,
SPY250613P00599000,2025-06-13 14:59:10,2.56,,
SPY250613P00600000,2025-06-13 14:59:10,3.37,,
SPY250613P00601000,2025-06-13 14:59:10,4.46,,
SPY250613P00599000,2025-06-13 14:59:14,2.43,,
SPY250613P00600000,2025-06-13 14:59:14,3.41,,
SPY250613P00601000,2025-06-13 14:59:14,4.46,,
SPY250613P00599000,2025-06-13 14:59:18,2.34,,
SPY250613P00600000,2025-06-13 14:59:18,3.41,,
SPY250613P00601000,2025-06-13 14:59:18,4.46,,
SPY250613P00599000,2025-06-13 14:59:22,2.41,,
SPY250613P00600000,2025-06-13 14:59:22,3.41,,
SPY250613P00601000,2025-06-13 14:59:22,4.46,,
SPY250613P00599000,2025-06-13 14:59:26,2.37,,
SPY250613P00600000,2025-06-13 14:59:26,3.41,,
SPY250613P00601000,2025-06-13 14:59:26,4.46,,
SPY250613P00599000,2025-06-13 14:59:30,2.27,,
SPY250613P00600000,2025-06-13 14:59:30,3.22,,
SPY250613P00601000,2025-06-13 14:59:30,4.12,,
SPY250613P00599000,2025-06-13 14:59:34,2.31,,
SPY250613P00600000,2025-06-13 14:59:34,3.15,,
SPY250613P00601000,2025-06-13 14:59:34,4.15,,
SPY250613P00599000,2025-06-13 14:59:38,2.3,,
SPY250613P00600000,2025-06-13 14:59:38,3.15,,
SPY250613P00601000,2025-06-13 14:59:38,4.15,,
SPY250613P00599000,2025-06-13 14:59:42,2.3,,
SPY250613P00600000,2025-06-13 14:59:42,3.19,,
SPY250613P00601000,2025-06-13 14:59:42,4.15,,
SPY250613P00599000,2025-06-13 14:59:46,2.3,,
SPY250613P00600000,2025-06-13 14:59:46,3.05,,
SPY250613P00601000,2025-06-13 14:59:46,4.15,,
SPY250613P00599000,2025-06-13 14:59:50,2.3,,
SPY250613P00600000,2025-06-13 14:59:50,2.99,,
SPY250613P00601000,2025-06-13 14:59:50,4.15,,
SPY250613P00599000,2025-06-13 14:59:54,2.3,,
SPY250613P00600000,2025-06-13 14:59:54,3.03,,
SPY250613P00601000,2025-06-13 14:59:54,4.15,,
SPY250613P00599000,2025-06-13 14:59:58,2.3,,
SPY250613P00600000,2025-06-13 14:59:58,3.03,,
SPY250613P00601000,2025-06-13 14:59:58,4.15,,
SPY250613P00599000,2025-06-13 15:00:03,2.17,,
SPY250613P00600000,2025-06-13 15:00:03,2.97,,
SPY250613P00601000,2025-06-13 15:00:03,4.15,,
SPY250613P00599000,2025-06-13 15:00:07,2.1,,
SPY250613P00600000,2025-06-13 15:00:07,2.97,,
SPY250613P00601000,2025-06-13 15:00:07,3.85,,
SPY250613P00599000,2025-06-13 15:00:11,2.05,,
SPY250613P00600000,2025-06-13 15:00:11,2.94,,
SPY250613P00601000,2025-06-13 15:00:11,3.85,,
SPY250613P00599000,2025-06-13 15:00:15,1.96,,
SPY250613P00600000,2025-06-13 15:00:15,2.71,,
SPY250613P00601000,2025-06-13 15:00:15,3.729,,
SPY250613P00599000,2025-06-13 15:00:19,1.97,,
SPY250613P00600000,2025-06-13 15:00:19,2.82,,
SPY250613P00601000,2025-06-13 15:00:19,3.82,,
SPY250613P00599000,2025-06-13 15:00:23,2.07,,
SPY250613P00600000,2025-06-13 15:00:23,2.86,,
SPY250613P00601000,2025-06-13 15:00:23,3.82,,
SPY250613P00599000,2025-06-13 15:00:27,2.03,,
SPY250613P00600000,2025-06-13 15:00:27,2.9,,
SPY250613P00601000,2025-06-13 15:00:27,3.86,,
SPY250613P00599000,2025-06-13 15:00:31,2.13,,
SPY250613P00600000,2025-06-13 15:00:31,3.02,,
SPY250613P00601000,2025-06-13 15:00:31,3.86,,
SPY250613P00599000,2025-06-13 15:00:35,2.19,,
SPY250613P00600000,2025-06-13 15:00:35,3.17,,
SPY250613P00601000,2025-06-13 15:00:35,3.86,,
SPY250613P00599000,2025-06-13 15:00:39,2.19,,
SPY250613P00600000,2025-06-13 15:00:39,3.17,,
SPY250613P00601000,2025-06-13 15:00:39,3.86,,
SPY250613P00599000,2025-06-13 15:00:43,2.31,,
SPY250613P00600000,2025-06-13 15:00:43,3.17,,
SPY250613P00601000,2025-06-13 15:00:43,3.86,,
SPY250613P00599000,2025-06-13 15:00:47,2.27,,
SPY250613P00600000,2025-06-13 15:00:47,3.15,,
SPY250613P00601000,2025-06-13 15:00:47,3.86,,
SPY250613P00599000,2025-06-13 15:00:51,2.17,,
SPY250613P00600000,2025-06-13 15:00:51,3.15,,
SPY250613P00601000,2025-06-13 15:00:51,3.86,,
SPY250613P00599000,2025-06-13 15:00:55,2.27,,
SPY250613P00600000,2025-06-13 15:00:55,3.25,,
SPY250613P00601000,2025-06-13 15:00:55,3.86,,
SPY250613P00599000,2025-06-13 15:00:59,2.32,,
SPY250613P00600000,2025-06-13 15:00:59,3.25,,
SPY250613P00601000,2025-06-13 15:00:59,4.21,,
SPY250613P00599000,2025-06-13 15:01:04,2.34,,
SPY250613P00600000,2025-06-13 15:01:04,3.25,,
SPY250613P00601000,2025-06-13 15:01:04,4.17,,
SPY250613P00599000,2025-06-13 15:01:08,2.29,,
SPY250613P00600000,2025-06-13 15:01:08,3.19,,
SPY250613P00601000,2025-06-13 15:01:08,4.17,,
SPY250613P00599000,2025-06-13 15:01:12,2.19,,
SPY250613P00600000,2025-06-13 15:01:12,3.16,,
SPY250613P00601000,2025-06-13 15:01:12,4.17,,
SPY250613P00599000,2025-06-13 15:01:16,2.28,,
SPY250613P00600000,2025-06-13 15:01:16,3.1,,
SPY250613P00601000,2025-06-13 15:01:16,4.079,,
SPY250613P00599000,2025-06-13 15:01:20,2.36,,
SPY250613P00600000,2025-06-13 15:01:20,3.24,,
SPY250613P00601000,2025-06-13 15:01:20,4.24,,
SPY250613P00599000,2025-06-13 15:01:24,2.36,,
SPY250613P00600000,2025-06-13 15:01:24,3.229,,
SPY250613P00601000,2025-06-13 15:01:24,4.14,,
SPY250613P00599000,2025-06-13 15:01:28,2.42,,
SPY250613P00600000,2025-06-13 15:01:28,3.26,,
SPY250613P00601000,2025-06-13 15:01:28,4.14,,
SPY250613P00599000,2025-06-13 15:01:32,2.52,,
SPY250613P00600000,2025-06-13 15:01:32,3.32,,
SPY250613P00601000,2025-06-13 15:01:32,4.14,,
SPY250613P00599000,2025-06-13 15:01:37,2.52,,
SPY250613P00600000,2025-06-13 15:01:37,3.32,,
SPY250613P00601000,2025-06-13 15:01:37,4.26,,
SPY250613P00599000,2025-06-13 15:01:41,2.5,,
SPY250613P00600000,2025-06-13 15:01:41,3.32,,
SPY250613P00601000,2025-06-13 15:01:41,4.26,,
SPY250613P00599000,2025-06-13 15:01:45,2.52,,
SPY250613P00600000,2025-06-13 15:01:45,3.36,,
SPY250613P00601000,2025-06-13 15:01:45,4.26,,
SPY250613P00599000,2025-06-13 15:01:49,2.53,,
SPY250613P00600000,2025-06-13 15:01:49,3.36,,
SPY250613P00601000,2025-06-13 15:01:49,4.26,,
SPY250613P00599000,2025-06-13 15:01:53,2.54,,
SPY250613P00600000,2025-06-13 15:01:53,3.36,,
SPY250613P00601000,2025-06-13 15:01:53,4.26,,
SPY250613P00599000,2025-06-13 15:01:57,2.54,,
SPY250613P00600000,2025-06-13 15:01:57,3.45,,
SPY250613P00601000,2025-06-13 15:01:57,4.26,,
SPY250613P00599000,2025-06-13 15:02:01,2.54,,
SPY250613P00600000,2025-06-13 15:02:01,3.45,,
SPY250613P00601000,2025-06-13 15:02:01,4.26,,
SPY250613P00599000,2025-06-13 15:02:05,2.55,,
SPY250613P00600000,2025-06-13 15:02:05,3.59,,
SPY250613P00601000,2025-06-13 15:02:05,4.26,,
SPY250613P00599000,2025-06-13 15:02:09,2.76,,
SPY250613P00600000,2025-06-13 15:02:09,3.629,,
SPY250613P00601000,2025-06-13 15:02:09,4.26,,
SPY250613P00599000,2025-06-13 15:02:13,2.66,,
SPY250613P00600000,2025-06-13 15:02:13,3.629,,
SPY250613P00601000,2025-06-13 15:02:13,4.51,,
SPY250613P00599000,2025-06-13 15:02:17,2.72,,
SPY250613P00600000,2025-06-13 15:02:17,3.66,,
SPY250613P00601000,2025-06-13 15:02:17,4.51,,
SPY250613P00599000,2025-06-13 15:02:21,2.68,,
SPY250613P00600000,2025-06-13 15:02:21,3.529,,
SPY250613P00601000,2025-06-13 15:02:21,4.57,,
SPY250613P00599000,2025-06-13 15:02:25,2.69,,
SPY250613P00600000,2025-06-13 15:02:25,3.529,,
SPY250613P00601000,2025-06-13 15:02:25,4.57,,
SPY250613P00599000,2025-06-13 15:02:29,2.75,,
SPY250613P00600000,2025-06-13 15:02:29,3.529,,
SPY250613P00601000,2025-06-13 15:02:29,4.57,,
SPY250613P00599000,2025-06-13 15:02:33,2.72,,
SPY250613P00600000,2025-06-13 15:02:33,3.69,,
SPY250613P00601000,2025-06-13 15:02:33,4.57,,
SPY250613P00599000,2025-06-13 15:02:38,2.79,,
SPY250613P00600000,2025-06-13 15:02:38,3.69,,
SPY250613P00601000,2025-06-13 15:02:38,4.57,,
SPY250613P00599000,2025-06-13 15:02:42,2.75,,
SPY250613P00600000,2025-06-13 15:02:42,3.69,,
SPY250613P00601000,2025-06-13 15:02:42,4.57,,
SPY250613P00599000,2025-06-13 15:02:46,2.79,,
SPY250613P00600000,2025-06-13 15:02:46,3.679,,
SPY250613P00601000,2025-06-13 15:02:46,4.57,,
SPY250613P00599000,2025-06-13 15:02:50,2.72,,
SPY250613P00600000,2025-06-13 15:02:50,3.679,,
SPY250613P00601000,2025-06-13 15:02:50,4.57,,
SPY250613P00599000,2025-06-13 15:02:54,2.75,,
SPY250613P00600000,2025-06-13 15:02:54,3.679,,
SPY250613P00601000,2025-06-13 15:02:54,4.57,,
SPY250613P00599000,2025-06-13 15:02:58,2.75,,
SPY250613P00600000,2025-06-13 15:02:58,3.679,,
SPY250613P00601000,2025-06-13 15:02:58,4.57,,
SPY250613P00599000,2025-06-13 15:03:02,2.75,,
SPY250613P00600000,2025-06-13 15:03:02,3.7,,
SPY250613P00601000,2025-06-13 15:03:02,4.57,,
SPY250613P00599000,2025-06-13 15:03:06,2.67,,
SPY250613P00600000,2025-06-13 15:03:06,3.62,,
SPY250613P00601000,2025-06-13 15:03:06,4.64,,
SPY250613P00599000,2025-06-13 15:03:10,2.67,,
SPY250613P00600000,2025-06-13 15:03:10,3.62,,
SPY250613P00601000,2025-06-13 15:03:10,4.64,,
SPY250613P00599000,2025-06-13 15:03:14,2.6,,
SPY250613P00600000,2025-06-13 15:03:14,3.42,,
SPY250613P00601000,2025-06-13 15:03:14,4.53,,
SPY250613P00599000,2025-06-13 15:03:18,2.6,,
SPY250613P00600000,2025-06-13 15:03:18,3.21,,
SPY250613P00601000,2025-06-13 15:03:18,4.53,,
SPY250613P00599000,2025-06-13 15:03:23,2.6,,
SPY250613P00600000,2025-06-13 15:03:23,3.31,,
SPY250613P00601000,2025-06-13 15:03:23,4.53,,
SPY250613P00599000,2025-06-13 15:03:28,2.6,,
SPY250613P00600000,2025-06-13 15:03:28,3.3,,
SPY250613P00601000,2025-06-13 15:03:28,4.13,,
SPY250613P00599000,2025-06-13 15:03:32,2.6,,
SPY250613P00600000,2025-06-13 15:03:32,3.3,,
SPY250613P00601000,2025-06-13 15:03:32,4.21,,
SPY250613P00599000,2025-06-13 15:03:36,2.6,,
SPY250613P00600000,2025-06-13 15:03:36,3.0,,
SPY250613P00601000,2025-06-13 15:03:36,4.21,,
SPY250613P00599000,2025-06-13 15:03:40,2.18,,
SPY250613P00600000,2025-06-13 15:03:40,3.1,,
SPY250613P00601000,2025-06-13 15:03:40,3.97,,
SPY250613P00599000,2025-06-13 15:03:44,2.18,,
SPY250613P00600000,2025-06-13 15:03:44,3.1,,
SPY250613P00601000,2025-06-13 15:03:44,3.97,,
SPY250613P00599000,2025-06-13 15:03:49,2.32,,
SPY250613P00600000,2025-06-13 15:03:49,3.1,,
SPY250613P00601000,2025-06-13 15:03:49,3.97,,
SPY250613P00599000,2025-06-13 15:03:53,2.27,,
SPY250613P00600000,2025-06-13 15:03:53,3.1,,
SPY250613P00601000,2025-06-13 15:03:53,3.97,,
SPY250613P00599000,2025-06-13 15:03:57,2.25,,
SPY250613P00600000,2025-06-13 15:03:57,3.21,,
SPY250613P00601000,2025-06-13 15:03:57,3.97,,
SPY250613P00599000,2025-06-13 15:04:01,2.28,,
SPY250613P00600000,2025-06-13 15:04:01,3.18,,
SPY250613P00601000,2025-06-13 15:04:01,4.16,,
SPY250613P00599000,2025-06-13 15:04:05,2.27,,
SPY250613P00600000,2025-06-13 15:04:05,3.25,,
SPY250613P00601000,2025-06-13 15:04:05,4.16,,
SPY250613P00599000,2025-06-13 15:04:09,2.36,,
SPY250613P00600000,2025-06-13 15:04:09,3.25,,
SPY250613P00601000,2025-06-13 15:04:09,4.16,,
SPY250613P00599000,2025-06-13 15:04:13,2.22,,
SPY250613P00600000,2025-06-13 15:04:13,3.14,,
SPY250613P00601000,2025-06-13 15:04:13,4.16,,
SPY250613P00599000,2025-06-13 15:04:17,2.22,,
SPY250613P00600000,2025-06-13 15:04:17,3.09,,
SPY250613P00601000,2025-06-13 15:04:17,4.16,,
SPY250613P00599000,2025-06-13 15:04:21,2.32,,
SPY250613P00600000,2025-06-13 15:04:21,3.11,,
SPY250613P00601000,2025-06-13 15:04:21,4.16,,
SPY250613P00599000,2025-06-13 15:04:25,2.22,,
SPY250613P00600000,2025-06-13 15:04:25,3.11,,
SPY250613P00601000,2025-06-13 15:04:25,4.16,,
SPY250613P00599000,2025-06-13 15:04:29,2.25,,
SPY250613P00600000,2025-06-13 15:04:29,3.11,,
SPY250613P00601000,2025-06-13 15:04:29,4.16,,
SPY250613P00599000,2025-06-13 15:04:34,2.19,,
SPY250613P00600000,2025-06-13 15:04:34,3.11,,
SPY250613P00601000,2025-06-13 15:04:34,4.1,,
SPY250613P00599000,2025-06-13 15:04:38,2.19,,
SPY250613P00600000,2025-06-13 15:04:38,3.21,,
SPY250613P00601000,2025-06-13 15:04:38,4.1,,
SPY250613P00599000,2025-06-13 15:04:42,2.31,,
SPY250613P00600000,2025-06-13 15:04:42,3.21,,
SPY250613P00601000,2025-06-13 15:04:42,4.1,,
SPY250613P00599000,2025-06-13 15:04:46,2.31,,
SPY250613P00600000,2025-06-13 15:04:46,3.21,,
SPY250613P00601000,2025-06-13 15:04:46,4.1,,
SPY250613P00599000,2025-06-13 15:04:50,2.31,,
SPY250613P00600000,2025-06-13 15:04:50,3.21,,
SPY250613P00601000,2025-06-13 15:04:50,4.1,,
SPY250613P00599000,2025-06-13 15:04:54,2.31,,
SPY250613P00600000,2025-06-13 15:04:54,3.21,,
SPY250613P00601000,2025-06-13 15:04:54,4.1,,
SPY250613P00599000,2025-06-13 15:04:58,2.38,,
SPY250613P00600000,2025-06-13 15:04:58,3.32,,
SPY250613P00601000,2025-06-13 15:04:58,4.31,,
SPY250613P00599000,2025-06-13 15:05:02,2.35,,
SPY250613P00600000,2025-06-13 15:05:02,3.32,,
SPY250613P00601000,2025-06-13 15:05:02,4.31,,
SPY250613P00599000,2025-06-13 15:05:06,2.34,,
SPY250613P00600000,2025-06-13 15:05:06,3.34,,
SPY250613P00601000,2025-06-13 15:05:06,4.31,,
SPY250613P00599000,2025-06-13 15:05:10,2.35,,
SPY250613P00600000,2025-06-13 15:05:10,3.31,,
SPY250613P00601000,2025-06-13 15:05:10,4.31,,
SPY250613P00599000,2025-06-13 15:05:14,2.47,,
SPY250613P00600000,2025-06-13 15:05:14,3.35,,
SPY250613P00601000,2025-06-13 15:05:14,4.31,,
SPY250613P00599000,2025-06-13 15:05:18,2.53,,
SPY250613P00600000,2025-06-13 15:05:18,3.4,,
SPY250613P00601000,2025-06-13 15:05:18,4.25,,
SPY250613P00599000,2025-06-13 15:05:22,2.48,,
SPY250613P00600000,2025-06-13 15:05:22,3.4,,
SPY250613P00601000,2025-06-13 15:05:22,4.25,,
SPY250613P00599000,2025-06-13 15:05:26,2.45,,
SPY250613P00600000,2025-06-13 15:05:26,3.37,,
SPY250613P00601000,2025-06-13 15:05:26,4.25,,
SPY250613P00599000,2025-06-13 15:05:30,2.42,,
SPY250613P00600000,2025-06-13 15:05:30,3.42,,
SPY250613P00601000,2025-06-13 15:05:30,4.25,,
SPY250613P00599000,2025-06-13 15:05:34,2.55,,
SPY250613P00600000,2025-06-13 15:05:34,3.45,,
SPY250613P00601000,2025-06-13 15:05:34,4.25,,
SPY250613P00599000,2025-06-13 15:05:38,2.51,,
SPY250613P00600000,2025-06-13 15:05:38,3.45,,
SPY250613P00601000,2025-06-13 15:05:38,4.25,,
SPY250613P00599000,2025-06-13 15:05:43,2.51,,
SPY250613P00600000,2025-06-13 15:05:43,3.45,,
SPY250613P00601000,2025-06-13 15:05:43,4.25,,
SPY250613P00599000,2025-06-13 15:05:47,2.36,,
SPY250613P00600000,2025-06-13 15:05:47,3.45,,
SPY250613P00601000,2025-06-13 15:05:47,4.25,,
SPY250613P00599000,2025-06-13 15:05:51,2.36,,
SPY250613P00600000,2025-06-13 15:05:51,3.45,,
SPY250613P00601000,2025-06-13 15:05:51,4.25,,
SPY250613P00599000,2025-06-13 15:05:55,2.41,,
SPY250613P00600000,2025-06-13 15:05:55,3.45,,
SPY250613P00601000,2025-06-13 15:05:55,4.25,,
SPY250613P00599000,2025-06-13 15:05:59,2.41,,
SPY250613P00600000,2025-06-13 15:05:59,3.45,,
SPY250613P00601000,2025-06-13 15:05:59,4.25,,
SPY250613P00599000,2025-06-13 15:06:03,2.41,,
SPY250613P00600000,2025-06-13 15:06:03,3.4,,
SPY250613P00601000,2025-06-13 15:06:03,4.25,,
SPY250613P00599000,2025-06-13 15:06:07,2.41,,
SPY250613P00600000,2025-06-13 15:06:07,3.34,,
SPY250613P00601000,2025-06-13 15:06:07,4.25,,
SPY250613P00599000,2025-06-13 15:06:11,2.41,,
SPY250613P00600000,2025-06-13 15:06:11,3.26,,
SPY250613P00601000,2025-06-13 15:06:11,4.2,,
SPY250613P00599000,2025-06-13 15:06:15,2.38,,
SPY250613P00600000,2025-06-13 15:06:15,3.36,,
SPY250613P00601000,2025-06-13 15:06:15,4.2,,
SPY250613P00599000,2025-06-13 15:06:19,2.47,,
SPY250613P00600000,2025-06-13 15:06:19,3.37,,
SPY250613P00601000,2025-06-13 15:06:19,4.31,,
SPY250613P00599000,2025-06-13 15:06:23,2.43,,
SPY250613P00600000,2025-06-13 15:06:23,3.37,,
SPY250613P00601000,2025-06-13 15:06:23,4.31,,
SPY250613P00599000,2025-06-13 15:06:27,2.43,,
SPY250613P00600000,2025-06-13 15:06:27,3.37,,
SPY250613P00601000,2025-06-13 15:06:27,4.31,,
SPY250613P00599000,2025-06-13 15:06:31,2.34,,
SPY250613P00600000,2025-06-13 15:06:31,3.29,,
SPY250613P00601000,2025-06-13 15:06:31,4.31,,
SPY250613P00599000,2025-06-13 15:06:35,2.46,,
SPY250613P00600000,2025-06-13 15:06:35,3.4,,
SPY250613P00601000,2025-06-13 15:06:35,4.31,,
SPY250613P00599000,2025-06-13 15:06:40,2.43,,
SPY250613P00600000,2025-06-13 15:06:40,3.32,,
SPY250613P00601000,2025-06-13 15:06:40,4.36,,
SPY250613P00599000,2025-06-13 15:06:44,2.39,,
SPY250613P00600000,2025-06-13 15:06:44,3.36,,
SPY250613P00601000,2025-06-13 15:06:44,4.36,,
SPY250613P00599000,2025-06-13 15:06:48,2.39,,
SPY250613P00600000,2025-06-13 15:06:48,3.36,,
SPY250613P00601000,2025-06-13 15:06:48,4.36,,
SPY250613P00599000,2025-06-13 15:06:52,2.31,,
SPY250613P00600000,2025-06-13 15:06:52,3.329,,
SPY250613P00601000,2025-06-13 15:06:52,4.3,,
SPY250613P00599000,2025-06-13 15:06:56,2.31,,
SPY250613P00600000,2025-06-13 15:06:56,3.329,,
SPY250613P00601000,2025-06-13 15:06:56,4.3,,
SPY250613P00599000,2025-06-13 15:07:00,2.31,,
SPY250613P00600000,2025-06-13 15:07:00,3.329,,
SPY250613P00601000,2025-06-13 15:07:00,4.3,,
SPY250613P00599000,2025-06-13 15:07:04,2.31,,
SPY250613P00600000,2025-06-13 15:07:04,3.329,,
SPY250613P00601000,2025-06-13 15:07:04,4.3,,
SPY250613P00599000,2025-06-13 15:07:08,2.31,,
SPY250613P00600000,2025-06-13 15:07:08,3.329,,
SPY250613P00601000,2025-06-13 15:07:08,4.3,,
SPY250613P00599000,2025-06-13 15:07:12,2.26,,
SPY250613P00600000,2025-06-13 15:07:12,3.17,,
SPY250613P00601000,2025-06-13 15:07:12,4.3,,
SPY250613P00599000,2025-06-13 15:07:16,2.28,,
SPY250613P00600000,2025-06-13 15:07:16,3.17,,
SPY250613P00601000,2025-06-13 15:07:16,4.3,,
SPY250613P00599000,2025-06-13 15:07:20,2.28,,
SPY250613P00600000,2025-06-13 15:07:20,3.16,,
SPY250613P00601000,2025-06-13 15:07:20,4.14,,
SPY250613P00599000,2025-06-13 15:07:24,2.1,,
SPY250613P00600000,2025-06-13 15:07:24,3.05,,
SPY250613P00601000,2025-06-13 15:07:24,4.14,,
SPY250613P00599000,2025-06-13 15:07:28,2.1,,
SPY250613P00600000,2025-06-13 15:07:28,3.05,,
SPY250613P00601000,2025-06-13 15:07:28,4.14,,
SPY250613P00599000,2025-06-13 15:07:32,2.1,,
SPY250613P00600000,2025-06-13 15:07:32,3.03,,
SPY250613P00601000,2025-06-13 15:07:32,4.04,,
SPY250613P00599000,2025-06-13 15:07:36,2.14,,
SPY250613P00600000,2025-06-13 15:07:36,3.06,,
SPY250613P00601000,2025-06-13 15:07:36,4.04,,
SPY250613P00599000,2025-06-13 15:07:40,2.039,,
SPY250613P00600000,2025-06-13 15:07:40,3.04,,
SPY250613P00601000,2025-06-13 15:07:40,4.04,,
SPY250613P00599000,2025-06-13 15:07:44,2.12,,
SPY250613P00600000,2025-06-13 15:07:44,3.02,,
SPY250613P00601000,2025-06-13 15:07:44,4.04,,
SPY250613P00599000,2025-06-13 15:07:49,2.06,,
SPY250613P00600000,2025-06-13 15:07:49,3.02,,
SPY250613P00601000,2025-06-13 15:07:49,4.04,,
SPY250613P00599000,2025-06-13 15:07:53,2.06,,
SPY250613P00600000,2025-06-13 15:07:53,2.97,,
SPY250613P00601000,2025-06-13 15:07:53,4.04,,
SPY250613P00599000,2025-06-13 15:07:57,2.06,,
SPY250613P00600000,2025-06-13 15:07:57,2.97,,
SPY250613P00601000,2025-06-13 15:07:57,3.9,,
SPY250613P00599000,2025-06-13 15:08:06,2.06,,
SPY250613P00600000,2025-06-13 15:08:06,2.97,,
SPY250613P00601000,2025-06-13 15:08:06,3.92,,
SPY250613P00599000,2025-06-13 15:08:10,2.05,,
SPY250613P00600000,2025-06-13 15:08:10,2.93,,
SPY250613P00601000,2025-06-13 15:08:10,3.92,,
SPY250613P00599000,2025-06-13 15:08:14,2.09,,
SPY250613P00600000,2025-06-13 15:08:14,2.95,,
SPY250613P00601000,2025-06-13 15:08:14,3.86,,
SPY250613P00599000,2025-06-13 15:08:18,2.15,,
SPY250613P00600000,2025-06-13 15:08:18,2.95,,
SPY250613P00601000,2025-06-13 15:08:18,3.86,,
SPY250613P00599000,2025-06-13 15:08:22,2.15,,
SPY250613P00600000,2025-06-13 15:08:22,2.95,,
SPY250613P00601000,2025-06-13 15:08:22,3.86,,
SPY250613P00599000,2025-06-13 15:08:26,2.15,,
SPY250613P00600000,2025-06-13 15:08:26,2.95,,
SPY250613P00601000,2025-06-13 15:08:26,3.97,,
SPY250613P00599000,2025-06-13 15:08:30,2.15,,
SPY250613P00600000,2025-06-13 15:08:30,2.95,,
SPY250613P00601000,2025-06-13 15:08:30,3.97,,
SPY250613P00599000,2025-06-13 15:08:34,2.02,,
SPY250613P00600000,2025-06-13 15:08:34,2.92,,
SPY250613P00601000,2025-06-13 15:08:34,3.89,,
SPY250613P00599000,2025-06-13 15:08:38,1.989,,
SPY250613P00600000,2025-06-13 15:08:38,2.8,,
SPY250613P00601000,2025-06-13 15:08:38,3.89,,
SPY250613P00599000,2025-06-13 15:08:42,2.039,,
SPY250613P00600000,2025-06-13 15:08:42,2.8,,
SPY250613P00601000,2025-06-13 15:08:42,3.89,,
SPY250613P00599000,2025-06-13 15:08:46,2.0,,
SPY250613P00600000,2025-06-13 15:08:46,2.88,,
SPY250613P00601000,2025-06-13 15:08:46,3.89,,
SPY250613P00599000,2025-06-13 15:08:50,2.0,,
SPY250613P00600000,2025-06-13 15:08:50,2.86,,
SPY250613P00601000,2025-06-13 15:08:50,3.72,,
SPY250613P00599000,2025-06-13 15:08:55,1.96,,
SPY250613P00600000,2025-06-13 15:08:55,2.86,,
SPY250613P00601000,2025-06-13 15:08:55,3.72,,
SPY250613P00599000,2025-06-13 15:09:00,1.93,,
SPY250613P00600000,2025-06-13 15:09:00,2.86,,
SPY250613P00601000,2025-06-13 15:09:00,3.72,,
SPY250613P00599000,2025-06-13 15:09:04,2.03,,
SPY250613P00600000,2025-06-13 15:09:04,2.86,,
SPY250613P00601000,2025-06-13 15:09:04,3.72,,
SPY250613P00599000,2025-06-13 15:09:08,2.05,,
SPY250613P00600000,2025-06-13 15:09:08,2.91,,
SPY250613P00601000,2025-06-13 15:09:08,3.929,,
SPY250613P00599000,2025-06-13 15:09:13,1.989,,
SPY250613P00600000,2025-06-13 15:09:13,2.91,,
SPY250613P00601000,2025-06-13 15:09:13,3.929,,
SPY250613P00599000,2025-06-13 15:09:17,1.95,,
SPY250613P00600000,2025-06-13 15:09:17,2.84,,
SPY250613P00601000,2025-06-13 15:09:17,3.929,,
SPY250613P00599000,2025-06-13 15:09:21,1.95,,
SPY250613P00600000,2025-06-13 15:09:21,2.84,,
SPY250613P00601000,2025-06-13 15:09:21,3.929,,
SPY250613P00599000,2025-06-13 15:09:25,1.889,,
SPY250613P00600000,2025-06-13 15:09:25,2.73,,
SPY250613P00601000,2025-06-13 15:09:25,3.929,,
SPY250613P00599000,2025-06-13 15:09:30,1.889,,
SPY250613P00600000,2025-06-13 15:09:30,2.8,,
SPY250613P00601000,2025-06-13 15:09:30,3.929,,
SPY250613P00599000,2025-06-13 15:09:34,1.85,,
SPY250613P00600000,2025-06-13 15:09:34,2.8,,
SPY250613P00601000,2025-06-13 15:09:34,3.929,,
SPY250613P00599000,2025-06-13 15:09:38,1.82,,
SPY250613P00600000,2025-06-13 15:09:38,2.65,,
SPY250613P00601000,2025-06-13 15:09:38,3.929,,
SPY250613P00599000,2025-06-13 15:09:42,1.739,,
SPY250613P00600000,2025-06-13 15:09:42,2.6,,
SPY250613P00601000,2025-06-13 15:09:42,3.929,,
SPY250613P00599000,2025-06-13 15:09:46,1.83,,
SPY250613P00600000,2025-06-13 15:09:46,2.6,,
SPY250613P00601000,2025-06-13 15:09:46,3.67,,
SPY250613P00599000,2025-06-13 15:09:51,1.9,,
SPY250613P00600000,2025-06-13 15:09:51,2.67,,
SPY250613P00601000,2025-06-13 15:09:51,3.69,,
SPY250613P00599000,2025-06-13 15:09:55,1.86,,
SPY250613P00600000,2025-06-13 15:09:55,2.69,,
SPY250613P00601000,2025-06-13 15:09:55,3.76,,
SPY250613P00599000,2025-06-13 15:10:00,1.82,,
SPY250613P00600000,2025-06-13 15:10:00,2.67,,
SPY250613P00601000,2025-06-13 15:10:00,3.76,,
SPY250613P00599000,2025-06-13 15:10:04,1.789,,
SPY250613P00600000,2025-06-13 15:10:04,2.65,,
SPY250613P00601000,2025-06-13 15:10:04,3.69,,
SPY250613P00599000,2025-06-13 15:10:08,1.85,,
SPY250613P00600000,2025-06-13 15:10:08,2.74,,
SPY250613P00601000,2025-06-13 15:10:08,3.69,,
SPY250613P00599000,2025-06-13 15:10:12,1.91,,
SPY250613P00600000,2025-06-13 15:10:12,2.73,,
SPY250613P00601000,2025-06-13 15:10:12,3.71,,
SPY250613P00599000,2025-06-13 15:10:16,2.0,,
SPY250613P00600000,2025-06-13 15:10:16,2.82,,
SPY250613P00601000,2025-06-13 15:10:16,3.75,,
SPY250613P00599000,2025-06-13 15:10:20,1.92,,
SPY250613P00600000,2025-06-13 15:10:20,2.81,,
SPY250613P00601000,2025-06-13 15:10:20,3.77,,
SPY250613P00599000,2025-06-13 15:10:24,1.97,,
SPY250613P00600000,2025-06-13 15:10:24,2.8,,
SPY250613P00601000,2025-06-13 15:10:24,3.77,,
SPY250613P00599000,2025-06-13 15:10:28,1.97,,
SPY250613P00600000,2025-06-13 15:10:28,2.8,,
SPY250613P00601000,2025-06-13 15:10:28,3.82,,
SPY250613P00599000,2025-06-13 15:10:32,1.93,,
SPY250613P00600000,2025-06-13 15:10:32,2.86,,
SPY250613P00601000,2025-06-13 15:10:32,3.84,,
SPY250613P00599000,2025-06-13 15:10:36,1.92,,
SPY250613P00600000,2025-06-13 15:10:36,2.73,,
SPY250613P00601000,2025-06-13 15:10:36,3.679,,
SPY250613P00599000,2025-06-13 15:10:40,1.87,,
SPY250613P00600000,2025-06-13 15:10:40,2.75,,
SPY250613P00601000,2025-06-13 15:10:40,3.629,,
SPY250613P00599000,2025-06-13 15:10:44,1.87,,
SPY250613P00600000,2025-06-13 15:10:44,2.86,,
SPY250613P00601000,2025-06-13 15:10:44,3.629,,
SPY250613P00599000,2025-06-13 15:10:48,1.87,,
SPY250613P00600000,2025-06-13 15:10:48,2.86,,
SPY250613P00601000,2025-06-13 15:10:48,3.629,,
SPY250613P00599000,2025-06-13 15:10:53,1.88,,
SPY250613P00600000,2025-06-13 15:10:53,2.82,,
SPY250613P00601000,2025-06-13 15:10:53,3.629,,
SPY250613P00599000,2025-06-13 15:10:57,1.989,,
SPY250613P00600000,2025-06-13 15:10:57,2.82,,
SPY250613P00601000,2025-06-13 15:10:57,3.629,,
SPY250613P00599000,2025-06-13 15:11:01,1.889,,
SPY250613P00600000,2025-06-13 15:11:01,2.82,,
SPY250613P00601000,2025-06-13 15:11:01,3.629,,
SPY250613P00599000,2025-06-13 15:11:05,1.889,,
SPY250613P00600000,2025-06-13 15:11:05,2.75,,
SPY250613P00601000,2025-06-13 15:11:05,3.629,,
SPY250613P00599000,2025-06-13 15:11:09,1.91,,
SPY250613P00600000,2025-06-13 15:11:09,2.75,,
SPY250613P00601000,2025-06-13 15:11:09,3.629,,
SPY250613P00599000,2025-06-13 15:11:13,1.91,,
SPY250613P00600000,2025-06-13 15:11:13,2.75,,
SPY250613P00601000,2025-06-13 15:11:13,3.629,,
SPY250613P00599000,2025-06-13 15:11:17,2.06,,
SPY250613P00600000,2025-06-13 15:11:17,2.99,,
SPY250613P00601000,2025-06-13 15:11:17,3.629,,
SPY250613P00599000,2025-06-13 15:11:21,2.06,,
SPY250613P00600000,2025-06-13 15:11:21,2.99,,
SPY250613P00601000,2025-06-13 15:11:21,3.91,,
SPY250613P00599000,2025-06-13 15:11:25,2.02,,
SPY250613P00600000,2025-06-13 15:11:25,2.93,,
SPY250613P00601000,2025-06-13 15:11:25,3.91,,
SPY250613P00599000,2025-06-13 15:11:29,2.02,,
SPY250613P00600000,2025-06-13 15:11:29,2.93,,
SPY250613P00601000,2025-06-13 15:11:29,3.91,,
SPY250613P00599000,2025-06-13 15:11:33,2.08,,
SPY250613P00600000,2025-06-13 15:11:33,2.93,,
SPY250613P00601000,2025-06-13 15:11:33,3.91,,
SPY250613P00599000,2025-06-13 15:11:37,2.08,,
SPY250613P00600000,2025-06-13 15:11:37,2.93,,
SPY250613P00601000,2025-06-13 15:11:37,3.91,,
SPY250613P00599000,2025-06-13 15:11:41,2.08,,
SPY250613P00600000,2025-06-13 15:11:41,2.93,,
SPY250613P00601000,2025-06-13 15:11:41,3.91,,
SPY250613P00599000,2025-06-13 15:11:45,2.03,,
SPY250613P00600000,2025-06-13 15:11:45,2.86,,
SPY250613P00601000,2025-06-13 15:11:45,3.91,,
SPY250613P00599000,2025-06-13 15:11:50,2.15,,
SPY250613P00600000,2025-06-13 15:11:50,2.86,,
SPY250613P00601000,2025-06-13 15:11:50,4.02,,
SPY250613P00599000,2025-06-13 15:11:54,2.15,,
SPY250613P00600000,2025-06-13 15:11:54,3.02,,
SPY250613P00601000,2025-06-13 15:11:54,4.02,,
SPY250613P00599000,2025-06-13 15:11:58,2.15,,
SPY250613P00600000,2025-06-13 15:11:58,3.02,,
SPY250613P00601000,2025-06-13 15:11:58,4.02,,
SPY250613P00599000,2025-06-13 15:12:02,2.14,,
SPY250613P00600000,2025-06-13 15:12:02,2.94,,
SPY250613P00601000,2025-06-13 15:12:02,4.02,,
SPY250613P00599000,2025-06-13 15:12:06,2.14,,
SPY250613P00600000,2025-06-13 15:12:06,2.94,,
SPY250613P00601000,2025-06-13 15:12:06,4.0,,
SPY250613P00599000,2025-06-13 15:12:10,2.14,,
SPY250613P00600000,2025-06-13 15:12:10,2.94,,
SPY250613P00601000,2025-06-13 15:12:10,4.0,,
SPY250613P00599000,2025-06-13 15:12:14,2.18,,
SPY250613P00600000,2025-06-13 15:12:14,2.94,,
SPY250613P00601000,2025-06-13 15:12:14,4.0,,
SPY250613P00599000,2025-06-13 15:12:18,2.18,,
SPY250613P00600000,2025-06-13 15:12:18,2.94,,
SPY250613P00601000,2025-06-13 15:12:18,4.0,,
SPY250613P00599000,2025-06-13 15:12:22,2.15,,
SPY250613P00600000,2025-06-13 15:12:22,2.94,,
SPY250613P00601000,2025-06-13 15:12:22,4.0,,
SPY250613P00599000,2025-06-13 15:12:26,2.15,,
SPY250613P00600000,2025-06-13 15:12:26,3.16,,
SPY250613P00601000,2025-06-13 15:12:26,4.0,,
SPY250613P00599000,2025-06-13 15:12:30,2.27,,
SPY250613P00600000,2025-06-13 15:12:30,3.16,,
SPY250613P00601000,2025-06-13 15:12:30,4.04,,
SPY250613P00599000,2025-06-13 15:12:34,2.27,,
SPY250613P00600000,2025-06-13 15:12:34,3.16,,
SPY250613P00601000,2025-06-13 15:12:34,4.11,,
SPY250613P00599000,2025-06-13 15:12:38,2.19,,
SPY250613P00600000,2025-06-13 15:12:38,3.12,,
SPY250613P00601000,2025-06-13 15:12:38,4.11,,
SPY250613P00599000,2025-06-13 15:12:43,2.24,,
SPY250613P00600000,2025-06-13 15:12:43,3.12,,
SPY250613P00601000,2025-06-13 15:12:43,4.11,,
SPY250613P00599000,2025-06-13 15:12:47,2.24,,
SPY250613P00600000,2025-06-13 15:12:47,3.12,,
SPY250613P00601000,2025-06-13 15:12:47,4.11,,
SPY250613P00599000,2025-06-13 15:12:51,2.24,,
SPY250613P00600000,2025-06-13 15:12:51,3.12,,
SPY250613P00601000,2025-06-13 15:12:51,4.079,,
SPY250613P00599000,2025-06-13 15:12:55,2.24,,
SPY250613P00600000,2025-06-13 15:12:55,3.12,,
SPY250613P00601000,2025-06-13 15:12:55,4.079,,
SPY250613P00599000,2025-06-13 15:12:59,2.14,,
SPY250613P00600000,2025-06-13 15:12:59,3.12,,
SPY250613P00601000,2025-06-13 15:12:59,4.079,,
SPY250613P00599000,2025-06-13 15:13:03,2.11,,
SPY250613P00600000,2025-06-13 15:13:03,3.12,,
SPY250613P00601000,2025-06-13 15:13:03,4.079,,
SPY250613P00599000,2025-06-13 15:13:07,2.11,,
SPY250613P00600000,2025-06-13 15:13:07,3.12,,
SPY250613P00601000,2025-06-13 15:13:07,4.079,,
SPY250613P00599000,2025-06-13 15:13:11,2.11,,
SPY250613P00600000,2025-06-13 15:13:11,3.12,,
SPY250613P00601000,2025-06-13 15:13:11,4.079,,
SPY250613P00599000,2025-06-13 15:13:15,2.14,,
SPY250613P00600000,2025-06-13 15:13:15,3.12,,
SPY250613P00601000,2025-06-13 15:13:15,4.079,,
SPY250613P00599000,2025-06-13 15:13:19,2.13,,
SPY250613P00600000,2025-06-13 15:13:19,3.12,,
SPY250613P00601000,2025-06-13 15:13:19,4.06,,
SPY250613P00599000,2025-06-13 15:13:23,2.13,,
SPY250613P00600000,2025-06-13 15:13:23,3.12,,
SPY250613P00601000,2025-06-13 15:13:23,4.06,,
SPY250613P00599000,2025-06-13 15:13:27,2.1,,
SPY250613P00600000,2025-06-13 15:13:27,3.12,,
SPY250613P00601000,2025-06-13 15:13:27,4.06,,
SPY250613P00599000,2025-06-13 15:13:31,1.92,,
SPY250613P00600000,2025-06-13 15:13:31,3.12,,
SPY250613P00601000,2025-06-13 15:13:31,3.929,,
SPY250613P00599000,2025-06-13 15:13:36,1.92,,
SPY250613P00600000,2025-06-13 15:13:36,2.84,,
SPY250613P00601000,2025-06-13 15:13:36,3.779,,
SPY250613P00599000,2025-06-13 15:13:40,1.93,,
SPY250613P00600000,2025-06-13 15:13:40,2.84,,
SPY250613P00601000,2025-06-13 15:13:40,3.779,,
SPY250613P00599000,2025-06-13 15:13:44,1.93,,
SPY250613P00600000,2025-06-13 15:13:44,2.84,,
SPY250613P00601000,2025-06-13 15:13:44,3.779,,
SPY250613P00599000,2025-06-13 15:13:48,1.93,,
SPY250613P00600000,2025-06-13 15:13:48,2.84,,
SPY250613P00601000,2025-06-13 15:13:48,3.779,,
SPY250613P00599000,2025-06-13 15:13:52,2.01,,
SPY250613P00600000,2025-06-13 15:13:52,2.84,,
SPY250613P00601000,2025-06-13 15:13:52,3.779,,
SPY250613P00599000,2025-06-13 15:13:56,2.01,,
SPY250613P00600000,2025-06-13 15:13:56,2.84,,
SPY250613P00601000,2025-06-13 15:13:56,3.779,,
SPY250613P00599000,2025-06-13 15:14:00,2.0,,
SPY250613P00600000,2025-06-13 15:14:00,2.84,,
SPY250613P00601000,2025-06-13 15:14:00,3.779,,
SPY250613P00599000,2025-06-13 15:14:04,1.85,,
SPY250613P00600000,2025-06-13 15:14:04,2.79,,
SPY250613P00601000,2025-06-13 15:14:04,3.779,,
SPY250613P00599000,2025-06-13 15:14:08,1.85,,
SPY250613P00600000,2025-06-13 15:14:08,2.79,,
SPY250613P00601000,2025-06-13 15:14:08,3.779,,
SPY250613P00599000,2025-06-13 15:14:12,1.85,,
SPY250613P00600000,2025-06-13 15:14:12,2.79,,
SPY250613P00601000,2025-06-13 15:14:12,3.91,,
SPY250613P00599000,2025-06-13 15:14:16,2.02,,
SPY250613P00600000,2025-06-13 15:14:16,2.88,,
SPY250613P00601000,2025-06-13 15:14:16,3.91,,
SPY250613P00599000,2025-06-13 15:14:20,2.02,,
SPY250613P00600000,2025-06-13 15:14:20,2.88,,
SPY250613P00601000,2025-06-13 15:14:20,3.91,,
SPY250613P00599000,2025-06-13 15:14:24,2.02,,
SPY250613P00600000,2025-06-13 15:14:24,2.88,,
SPY250613P00601000,2025-06-13 15:14:24,3.91,,
SPY250613P00599000,2025-06-13 15:14:28,2.02,,
SPY250613P00600000,2025-06-13 15:14:28,2.89,,
SPY250613P00601000,2025-06-13 15:14:28,3.9,,
SPY250613P00599000,2025-06-13 15:14:32,2.02,,
SPY250613P00600000,2025-06-13 15:14:32,2.89,,
SPY250613P00601000,2025-06-13 15:14:32,3.9,,
SPY250613P00599000,2025-06-13 15:14:36,1.9,,
SPY250613P00600000,2025-06-13 15:14:36,2.78,,
SPY250613P00601000,2025-06-13 15:14:36,3.9,,
SPY250613P00599000,2025-06-13 15:14:41,1.82,,
SPY250613P00600000,2025-06-13 15:14:41,2.66,,
SPY250613P00601000,2025-06-13 15:14:41,3.9,,
SPY250613P00599000,2025-06-13 15:14:45,1.82,,
SPY250613P00600000,2025-06-13 15:14:45,2.66,,
SPY250613P00601000,2025-06-13 15:14:45,3.9,,
SPY250613P00599000,2025-06-13 15:14:49,1.63,,
SPY250613P00600000,2025-06-13 15:14:49,2.51,,
SPY250613P00601000,2025-06-13 15:14:49,3.42,,
SPY250613P00599000,2025-06-13 15:14:53,1.7,,
SPY250613P00600000,2025-06-13 15:14:53,2.57,,
SPY250613P00601000,2025-06-13 15:14:53,3.42,,
SPY250613P00599000,2025-06-13 15:14:57,1.689,,
SPY250613P00600000,2025-06-13 15:14:57,2.54,,
SPY250613P00601000,2025-06-13 15:14:57,3.42,,
SPY250613P00599000,2025-06-13 15:15:01,1.689,,
SPY250613P00600000,2025-06-13 15:15:01,2.54,,
SPY250613P00601000,2025-06-13 15:15:01,3.42,,
SPY250613P00599000,2025-06-13 15:15:05,1.839,,
SPY250613P00600000,2025-06-13 15:15:05,2.76,,
SPY250613P00601000,2025-06-13 15:15:05,3.729,,
SPY250613P00599000,2025-06-13 15:15:09,1.8,,
SPY250613P00600000,2025-06-13 15:15:09,2.68,,
SPY250613P00601000,2025-06-13 15:15:09,3.729,,
SPY250613P00599000,2025-06-13 15:15:13,1.8,,
SPY250613P00600000,2025-06-13 15:15:13,2.67,,
SPY250613P00601000,2025-06-13 15:15:13,3.59,,
SPY250613P00599000,2025-06-13 15:15:17,1.86,,
SPY250613P00600000,2025-06-13 15:15:17,2.69,,
SPY250613P00601000,2025-06-13 15:15:17,3.64,,
SPY250613P00599000,2025-06-13 15:15:21,1.889,,
SPY250613P00600000,2025-06-13 15:15:21,2.7,,
SPY250613P00601000,2025-06-13 15:15:21,3.64,,
SPY250613P00599000,2025-06-13 15:15:25,1.81,,
SPY250613P00600000,2025-06-13 15:15:25,2.7,,
SPY250613P00601000,2025-06-13 15:15:25,3.64,,
SPY250613P00599000,2025-06-13 15:15:30,1.72,,
SPY250613P00600000,2025-06-13 15:15:30,2.66,,
SPY250613P00601000,2025-06-13 15:15:30,3.54,,
SPY250613P00599000,2025-06-13 15:15:34,1.87,,
SPY250613P00600000,2025-06-13 15:15:34,2.65,,
SPY250613P00601000,2025-06-13 15:15:34,3.54,,
SPY250613P00599000,2025-06-13 15:15:38,1.87,,
SPY250613P00600000,2025-06-13 15:15:38,2.73,,
SPY250613P00601000,2025-06-13 15:15:38,3.54,,
SPY250613P00599000,2025-06-13 15:15:42,1.91,,
SPY250613P00600000,2025-06-13 15:15:42,2.73,,
SPY250613P00601000,2025-06-13 15:15:42,3.54,,
SPY250613P00599000,2025-06-13 15:15:46,1.889,,
SPY250613P00600000,2025-06-13 15:15:46,2.94,,
SPY250613P00601000,2025-06-13 15:15:46,3.74,,
SPY250613P00599000,2025-06-13 15:15:50,1.889,,
SPY250613P00600000,2025-06-13 15:15:50,2.8,,
SPY250613P00601000,2025-06-13 15:15:50,3.85,,
SPY250613P00599000,2025-06-13 15:15:54,1.989,,
SPY250613P00600000,2025-06-13 15:15:54,2.81,,
SPY250613P00601000,2025-06-13 15:15:54,3.85,,
SPY250613P00599000,2025-06-13 15:15:58,1.989,,
SPY250613P00600000,2025-06-13 15:15:58,2.71,,
SPY250613P00601000,2025-06-13 15:15:58,3.81,,
SPY250613P00599000,2025-06-13 15:16:02,1.889,,
SPY250613P00600000,2025-06-13 15:16:02,2.71,,
SPY250613P00601000,2025-06-13 15:16:02,3.81,,
SPY250613P00599000,2025-06-13 15:16:06,1.939,,
SPY250613P00600000,2025-06-13 15:16:06,2.71,,
SPY250613P00601000,2025-06-13 15:16:06,3.77,,
SPY250613P00599000,2025-06-13 15:16:10,1.95,,
SPY250613P00600000,2025-06-13 15:16:10,2.77,,
SPY250613P00601000,2025-06-13 15:16:10,3.72,,
SPY250613P00599000,2025-06-13 15:16:14,1.95,,
SPY250613P00600000,2025-06-13 15:16:14,2.77,,
SPY250613P00601000,2025-06-13 15:16:14,3.72,,
SPY250613P00599000,2025-06-13 15:16:18,1.95,,
SPY250613P00600000,2025-06-13 15:16:18,2.83,,
SPY250613P00601000,2025-06-13 15:16:18,3.72,,
SPY250613P00599000,2025-06-13 15:16:23,1.87,,
SPY250613P00600000,2025-06-13 15:16:23,2.72,,
SPY250613P00601000,2025-06-13 15:16:23,3.72,,
SPY250613P00599000,2025-06-13 15:16:27,1.87,,
SPY250613P00600000,2025-06-13 15:16:27,2.72,,
SPY250613P00601000,2025-06-13 15:16:27,3.72,,
SPY250613P00599000,2025-06-13 15:16:31,1.85,,
SPY250613P00600000,2025-06-13 15:16:31,2.7,,
SPY250613P00601000,2025-06-13 15:16:31,3.72,,
SPY250613P00599000,2025-06-13 15:16:35,1.85,,
SPY250613P00600000,2025-06-13 15:16:35,2.73,,
SPY250613P00601000,2025-06-13 15:16:35,3.72,,
SPY250613P00599000,2025-06-13 15:16:39,1.9,,
SPY250613P00600000,2025-06-13 15:16:39,2.73,,
SPY250613P00601000,2025-06-13 15:16:39,3.72,,
SPY250613P00599000,2025-06-13 15:16:43,1.93,,
SPY250613P00600000,2025-06-13 15:16:43,2.87,,
SPY250613P00601000,2025-06-13 15:16:43,3.72,,
SPY250613P00599000,2025-06-13 15:16:47,1.93,,
SPY250613P00600000,2025-06-13 15:16:47,2.8,,
SPY250613P00601000,2025-06-13 15:16:47,3.72,,
SPY250613P00599000,2025-06-13 15:16:51,1.93,,
SPY250613P00600000,2025-06-13 15:16:51,2.82,,
SPY250613P00601000,2025-06-13 15:16:51,3.8,,
SPY250613P00599000,2025-06-13 15:16:55,1.98,,
SPY250613P00600000,2025-06-13 15:16:55,2.8,,
SPY250613P00601000,2025-06-13 15:16:55,3.81,,
SPY250613P00599000,2025-06-13 15:16:59,1.86,,
SPY250613P00600000,2025-06-13 15:16:59,2.78,,
SPY250613P00601000,2025-06-13 15:16:59,3.84,,
SPY250613P00599000,2025-06-13 15:17:03,1.889,,
SPY250613P00600000,2025-06-13 15:17:03,2.78,,
SPY250613P00601000,2025-06-13 15:17:03,3.84,,
SPY250613P00599000,2025-06-13 15:17:07,1.889,,
SPY250613P00600000,2025-06-13 15:17:07,2.78,,
SPY250613P00601000,2025-06-13 15:17:07,3.77,,
SPY250613P00599000,2025-06-13 15:17:11,1.889,,
SPY250613P00600000,2025-06-13 15:17:11,2.78,,
SPY250613P00601000,2025-06-13 15:17:11,3.77,,
SPY250613P00599000,2025-06-13 15:17:15,1.88,,
SPY250613P00600000,2025-06-13 15:17:15,2.85,,
SPY250613P00601000,2025-06-13 15:17:15,3.77,,
SPY250613P00599000,2025-06-13 15:17:19,2.09,,
SPY250613P00600000,2025-06-13 15:17:19,2.85,,
SPY250613P00601000,2025-06-13 15:17:19,3.77,,
SPY250613P00599000,2025-06-13 15:17:23,2.039,,
SPY250613P00600000,2025-06-13 15:17:23,2.89,,
SPY250613P00601000,2025-06-13 15:17:23,3.84,,
SPY250613P00599000,2025-06-13 15:17:27,1.95,,
SPY250613P00600000,2025-06-13 15:17:27,2.94,,
SPY250613P00601000,2025-06-13 15:17:27,3.84,,
SPY250613P00599000,2025-06-13 15:17:31,1.95,,
SPY250613P00600000,2025-06-13 15:17:31,3.0,,
SPY250613P00601000,2025-06-13 15:17:31,3.84,,
SPY250613P00599000,2025-06-13 15:17:35,2.14,,
SPY250613P00600000,2025-06-13 15:17:35,3.0,,
SPY250613P00601000,2025-06-13 15:17:35,3.84,,
SPY250613P00599000,2025-06-13 15:17:40,2.14,,
SPY250613P00600000,2025-06-13 15:17:40,3.04,,
SPY250613P00601000,2025-06-13 15:17:40,4.11,,
SPY250613P00599000,2025-06-13 15:17:44,2.14,,
SPY250613P00600000,2025-06-13 15:17:44,3.04,,
SPY250613P00601000,2025-06-13 15:17:44,4.11,,
SPY250613P00599000,2025-06-13 15:17:48,2.13,,
SPY250613P00600000,2025-06-13 15:17:48,3.05,,
SPY250613P00601000,2025-06-13 15:17:48,4.11,,
SPY250613P00599000,2025-06-13 15:17:52,2.14,,
SPY250613P00600000,2025-06-13 15:17:52,2.98,,
SPY250613P00601000,2025-06-13 15:17:52,4.11,,
SPY250613P00599000,2025-06-13 15:17:56,2.06,,
SPY250613P00600000,2025-06-13 15:17:56,2.98,,
SPY250613P00601000,2025-06-13 15:17:56,4.11,,
SPY250613P00599000,2025-06-13 15:18:00,2.12,,
SPY250613P00600000,2025-06-13 15:18:00,3.0,,
SPY250613P00601000,2025-06-13 15:18:00,4.11,,
SPY250613P00599000,2025-06-13 15:18:04,2.12,,
SPY250613P00600000,2025-06-13 15:18:04,3.0,,
SPY250613P00601000,2025-06-13 15:18:04,4.11,,
SPY250613P00599000,2025-06-13 15:18:08,2.05,,
SPY250613P00600000,2025-06-13 15:18:08,3.0,,
SPY250613P00601000,2025-06-13 15:18:08,4.11,,
SPY250613P00599000,2025-06-13 15:18:12,2.07,,
SPY250613P00600000,2025-06-13 15:18:12,3.02,,
SPY250613P00601000,2025-06-13 15:18:12,4.11,,
SPY250613P00599000,2025-06-13 15:18:16,2.11,,
SPY250613P00600000,2025-06-13 15:18:16,2.98,,
SPY250613P00601000,2025-06-13 15:18:16,4.11,,
SPY250613P00599000,2025-06-13 15:18:20,2.11,,
SPY250613P00600000,2025-06-13 15:18:20,2.97,,
SPY250613P00601000,2025-06-13 15:18:20,4.05,,
SPY250613P00599000,2025-06-13 15:18:24,2.11,,
SPY250613P00600000,2025-06-13 15:18:24,2.97,,
SPY250613P00601000,2025-06-13 15:18:24,4.05,,
SPY250613P00599000,2025-06-13 15:18:29,2.11,,
SPY250613P00600000,2025-06-13 15:18:29,2.97,,
SPY250613P00601000,2025-06-13 15:18:29,4.05,,
SPY250613P00599000,2025-06-13 15:18:33,2.02,,
SPY250613P00600000,2025-06-13 15:18:33,2.97,,
SPY250613P00601000,2025-06-13 15:18:33,4.05,,
SPY250613P00599000,2025-06-13 15:18:37,1.95,,
SPY250613P00600000,2025-06-13 15:18:37,2.92,,
SPY250613P00601000,2025-06-13 15:18:37,3.89,,
SPY250613P00599000,2025-06-13 15:18:41,2.01,,
SPY250613P00600000,2025-06-13 15:18:41,2.84,,
SPY250613P00601000,2025-06-13 15:18:41,3.89,,
SPY250613P00599000,2025-06-13 15:18:45,1.93,,
SPY250613P00600000,2025-06-13 15:18:45,2.84,,
SPY250613P00601000,2025-06-13 15:18:45,3.829,,
SPY250613P00599000,2025-06-13 15:18:49,1.97,,
SPY250613P00600000,2025-06-13 15:18:49,2.83,,
SPY250613P00601000,2025-06-13 15:18:49,3.829,,
SPY250613P00599000,2025-06-13 15:18:53,2.02,,
SPY250613P00600000,2025-06-13 15:18:53,2.87,,
SPY250613P00601000,2025-06-13 15:18:53,3.879,,
SPY250613P00599000,2025-06-13 15:18:57,2.1,,
SPY250613P00600000,2025-06-13 15:18:57,2.87,,
SPY250613P00601000,2025-06-13 15:18:57,3.879,,
SPY250613P00599000,2025-06-13 15:19:01,2.14,,
SPY250613P00600000,2025-06-13 15:19:01,3.01,,
SPY250613P00601000,2025-06-13 15:19:01,3.879,,
SPY250613P00599000,2025-06-13 15:19:05,2.14,,
SPY250613P00600000,2025-06-13 15:19:05,3.03,,
SPY250613P00601000,2025-06-13 15:19:05,4.23,,
SPY250613P00599000,2025-06-13 15:19:09,2.25,,
SPY250613P00600000,2025-06-13 15:19:09,3.17,,
SPY250613P00601000,2025-06-13 15:19:09,4.23,,
SPY250613P00599000,2025-06-13 15:19:13,2.24,,
SPY250613P00600000,2025-06-13 15:19:13,3.13,,
SPY250613P00601000,2025-06-13 15:19:13,4.0,,
SPY250613P00599000,2025-06-13 15:19:17,2.17,,
SPY250613P00600000,2025-06-13 15:19:17,3.12,,
SPY250613P00601000,2025-06-13 15:19:17,4.0,,
SPY250613P00599000,2025-06-13 15:19:21,2.17,,
SPY250613P00600000,2025-06-13 15:19:21,3.05,,
SPY250613P00601000,2025-06-13 15:19:21,4.0,,
SPY250613P00599000,2025-06-13 15:19:25,2.19,,
SPY250613P00600000,2025-06-13 15:19:25,3.05,,
SPY250613P00601000,2025-06-13 15:19:25,4.0,,
SPY250613P00599000,2025-06-13 15:19:29,2.19,,
SPY250613P00600000,2025-06-13 15:19:29,3.05,,
SPY250613P00601000,2025-06-13 15:19:29,4.0,,
SPY250613P00599000,2025-06-13 15:19:34,2.19,,
SPY250613P00600000,2025-06-13 15:19:34,3.05,,
SPY250613P00601000,2025-06-13 15:19:34,4.0,,
SPY250613P00599000,2025-06-13 15:19:38,2.24,,
SPY250613P00600000,2025-06-13 15:19:38,3.05,,
SPY250613P00601000,2025-06-13 15:19:38,4.0,,
SPY250613P00599000,2025-06-13 15:19:42,2.24,,
SPY250613P00600000,2025-06-13 15:19:42,3.05,,
SPY250613P00601000,2025-06-13 15:19:42,4.0,,
SPY250613P00599000,2025-06-13 15:19:46,2.24,,
SPY250613P00600000,2025-06-13 15:19:46,3.05,,
SPY250613P00601000,2025-06-13 15:19:46,4.0,,
SPY250613P00599000,2025-06-13 15:19:50,2.24,,
SPY250613P00600000,2025-06-13 15:19:50,3.05,,
SPY250613P00601000,2025-06-13 15:19:50,4.0,,
SPY250613P00599000,2025-06-13 15:19:54,2.24,,
SPY250613P00600000,2025-06-13 15:19:54,3.05,,
SPY250613P00601000,2025-06-13 15:19:54,4.0,,
SPY250613P00599000,2025-06-13 15:19:58,2.24,,
SPY250613P00600000,2025-06-13 15:19:58,3.05,,
SPY250613P00601000,2025-06-13 15:19:58,4.0,,
SPY250613P00599000,2025-06-13 15:20:02,2.22,,
SPY250613P00600000,2025-06-13 15:20:02,3.16,,
SPY250613P00601000,2025-06-13 15:20:02,4.0,,
SPY250613P00599000,2025-06-13 15:20:06,2.22,,
SPY250613P00600000,2025-06-13 15:20:06,3.16,,
SPY250613P00601000,2025-06-13 15:20:06,4.0,,
SPY250613P00599000,2025-06-13 15:20:10,2.11,,
SPY250613P00600000,2025-06-13 15:20:10,3.15,,
SPY250613P00601000,2025-06-13 15:20:10,4.0,,
SPY250613P00599000,2025-06-13 15:20:14,2.11,,
SPY250613P00600000,2025-06-13 15:20:14,3.13,,
SPY250613P00601000,2025-06-13 15:20:14,4.06,,
SPY250613P00599000,2025-06-13 15:20:18,2.27,,
SPY250613P00600000,2025-06-13 15:20:18,3.13,,
SPY250613P00601000,2025-06-13 15:20:18,4.06,,
SPY250613P00599000,2025-06-13 15:20:22,2.27,,
SPY250613P00600000,2025-06-13 15:20:22,3.17,,
SPY250613P00601000,2025-06-13 15:20:22,4.06,,
SPY250613P00599000,2025-06-13 15:20:26,2.27,,
SPY250613P00600000,2025-06-13 15:20:26,3.17,,
SPY250613P00601000,2025-06-13 15:20:26,4.06,,
SPY250613P00599000,2025-06-13 15:20:30,2.27,,
SPY250613P00600000,2025-06-13 15:20:30,3.17,,
SPY250613P00601000,2025-06-13 15:20:30,4.06,,
SPY250613P00599000,2025-06-13 15:20:34,2.27,,
SPY250613P00600000,2025-06-13 15:20:34,3.17,,
SPY250613P00601000,2025-06-13 15:20:34,4.06,,
SPY250613P00599000,2025-06-13 15:20:38,2.27,,
SPY250613P00600000,2025-06-13 15:20:38,3.17,,
SPY250613P00601000,2025-06-13 15:20:38,4.06,,
SPY250613P00599000,2025-06-13 15:20:43,2.27,,
SPY250613P00600000,2025-06-13 15:20:43,2.84,,
SPY250613P00601000,2025-06-13 15:20:43,4.06,,
SPY250613P00599000,2025-06-13 15:20:47,2.02,,
SPY250613P00600000,2025-06-13 15:20:47,3.04,,
SPY250613P00601000,2025-06-13 15:20:47,3.95,,
SPY250613P00599000,2025-06-13 15:20:51,2.06,,
SPY250613P00600000,2025-06-13 15:20:51,3.04,,
SPY250613P00601000,2025-06-13 15:20:51,3.95,,
SPY250613P00599000,2025-06-13 15:20:55,2.06,,
SPY250613P00600000,2025-06-13 15:20:55,3.04,,
SPY250613P00601000,2025-06-13 15:20:55,3.95,,
SPY250613P00599000,2025-06-13 15:20:59,2.06,,
SPY250613P00600000,2025-06-13 15:20:59,3.1,,
SPY250613P00601000,2025-06-13 15:20:59,4.06,,
SPY250613P00599000,2025-06-13 15:21:03,1.989,,
SPY250613P00600000,2025-06-13 15:21:03,2.83,,
SPY250613P00601000,2025-06-13 15:21:03,4.06,,
SPY250613P00599000,2025-06-13 15:21:07,1.8,,
SPY250613P00600000,2025-06-13 15:21:07,2.83,,
SPY250613P00601000,2025-06-13 15:21:07,4.06,,
SPY250613P00599000,2025-06-13 15:21:11,1.88,,
SPY250613P00600000,2025-06-13 15:21:11,2.77,,
SPY250613P00601000,2025-06-13 15:21:11,4.06,,
SPY250613P00599000,2025-06-13 15:21:15,1.97,,
SPY250613P00600000,2025-06-13 15:21:15,2.77,,
SPY250613P00601000,2025-06-13 15:21:15,4.06,,
SPY250613P00599000,2025-06-13 15:21:20,1.97,,
SPY250613P00600000,2025-06-13 15:21:20,2.77,,
SPY250613P00601000,2025-06-13 15:21:20,4.06,,
SPY250613P00599000,2025-06-13 15:21:25,2.1,,
SPY250613P00600000,2025-06-13 15:21:25,3.06,,
SPY250613P00601000,2025-06-13 15:21:25,4.06,,
SPY250613P00599000,2025-06-13 15:21:30,2.1,,
SPY250613P00600000,2025-06-13 15:21:30,3.06,,
SPY250613P00601000,2025-06-13 15:21:30,4.06,,
SPY250613P00599000,2025-06-13 15:21:34,2.1,,
SPY250613P00600000,2025-06-13 15:21:34,3.06,,
SPY250613P00601000,2025-06-13 15:21:34,4.06,,
SPY250613P00599000,2025-06-13 15:21:38,1.97,,
SPY250613P00600000,2025-06-13 15:21:38,3.06,,
SPY250613P00601000,2025-06-13 15:21:38,3.779,,
SPY250613P00599000,2025-06-13 15:21:42,1.96,,
SPY250613P00600000,2025-06-13 15:21:42,3.06,,
SPY250613P00601000,2025-06-13 15:21:42,3.779,,
SPY250613P00599000,2025-06-13 15:21:46,1.96,,
SPY250613P00600000,2025-06-13 15:21:46,3.06,,
SPY250613P00601000,2025-06-13 15:21:46,3.779,,
SPY250613P00599000,2025-06-13 15:21:50,1.96,,
SPY250613P00600000,2025-06-13 15:21:50,3.06,,
SPY250613P00601000,2025-06-13 15:21:50,3.779,,
SPY250613P00599000,2025-06-13 15:21:55,1.96,,
SPY250613P00600000,2025-06-13 15:21:55,3.06,,
SPY250613P00601000,2025-06-13 15:21:55,3.779,,
SPY250613P00599000,2025-06-13 15:21:59,1.96,,
SPY250613P00600000,2025-06-13 15:21:59,3.06,,
SPY250613P00601000,2025-06-13 15:21:59,4.14,,
SPY250613P00599000,2025-06-13 15:22:03,1.96,,
SPY250613P00600000,2025-06-13 15:22:03,3.14,,
SPY250613P00601000,2025-06-13 15:22:03,4.14,,
SPY250613P00599000,2025-06-13 15:22:07,2.19,,
SPY250613P00600000,2025-06-13 15:22:07,3.14,,
SPY250613P00601000,2025-06-13 15:22:07,4.14,,
SPY250613P00599000,2025-06-13 15:22:11,2.2,,
SPY250613P00600000,2025-06-13 15:22:11,3.11,,
SPY250613P00601000,2025-06-13 15:22:11,4.14,,
SPY250613P00599000,2025-06-13 15:22:16,2.2,,
SPY250613P00600000,2025-06-13 15:22:16,3.11,,
SPY250613P00601000,2025-06-13 15:22:16,4.14,,
SPY250613P00599000,2025-06-13 15:22:20,2.19,,
SPY250613P00600000,2025-06-13 15:22:20,3.16,,
SPY250613P00601000,2025-06-13 15:22:20,4.14,,
SPY250613P00599000,2025-06-13 15:22:25,2.26,,
SPY250613P00600000,2025-06-13 15:22:25,3.16,,
SPY250613P00601000,2025-06-13 15:22:25,4.14,,
SPY250613P00599000,2025-06-13 15:22:29,2.2,,
SPY250613P00600000,2025-06-13 15:22:29,3.16,,
SPY250613P00601000,2025-06-13 15:22:29,4.14,,
SPY250613P00599000,2025-06-13 15:22:33,2.25,,
SPY250613P00600000,2025-06-13 15:22:33,3.16,,
SPY250613P00601000,2025-06-13 15:22:33,4.19,,
SPY250613P00599000,2025-06-13 15:22:37,2.33,,
SPY250613P00600000,2025-06-13 15:22:37,3.16,,
SPY250613P00601000,2025-06-13 15:22:37,4.19,,
SPY250613P00599000,2025-06-13 15:22:41,2.28,,
SPY250613P00600000,2025-06-13 15:22:41,3.17,,
SPY250613P00601000,2025-06-13 15:22:41,4.19,,
SPY250613P00599000,2025-06-13 15:22:45,2.28,,
SPY250613P00600000,2025-06-13 15:22:45,3.329,,
SPY250613P00601000,2025-06-13 15:22:45,4.19,,
SPY250613P00599000,2025-06-13 15:22:49,2.45,,
SPY250613P00600000,2025-06-13 15:22:49,3.37,,
SPY250613P00601000,2025-06-13 15:22:49,4.19,,
SPY250613P00599000,2025-06-13 15:22:53,2.29,,
SPY250613P00600000,2025-06-13 15:22:53,3.27,,
SPY250613P00601000,2025-06-13 15:22:53,4.36,,
SPY250613P00599000,2025-06-13 15:22:57,2.34,,
SPY250613P00600000,2025-06-13 15:22:57,3.27,,
SPY250613P00601000,2025-06-13 15:22:57,4.3,,
SPY250613P00599000,2025-06-13 15:23:06,2.44,,
SPY250613P00600000,2025-06-13 15:23:06,3.31,,
SPY250613P00601000,2025-06-13 15:23:06,4.3,,
SPY250613P00599000,2025-06-13 15:23:10,2.48,,
SPY250613P00600000,2025-06-13 15:23:10,3.279,,
SPY250613P00601000,2025-06-13 15:23:10,4.3,,
SPY250613P00599000,2025-06-13 15:23:15,2.38,,
SPY250613P00600000,2025-06-13 15:23:15,3.35,,
SPY250613P00601000,2025-06-13 15:23:15,4.3,,
SPY250613P00599000,2025-06-13 15:23:19,2.46,,
SPY250613P00600000,2025-06-13 15:23:19,3.3,,
SPY250613P00601000,2025-06-13 15:23:19,4.3,,
SPY250613P00599000,2025-06-13 15:23:23,2.4,,
SPY250613P00600000,2025-06-13 15:23:23,3.3,,
SPY250613P00601000,2025-06-13 15:23:23,4.3,,
SPY250613P00599000,2025-06-13 15:23:27,2.4,,
SPY250613P00600000,2025-06-13 15:23:27,3.429,,
SPY250613P00601000,2025-06-13 15:23:27,4.3,,
SPY250613P00599000,2025-06-13 15:23:31,2.45,,
SPY250613P00600000,2025-06-13 15:23:31,3.429,,
SPY250613P00601000,2025-06-13 15:23:31,4.29,,
SPY250613P00599000,2025-06-13 15:23:35,2.38,,
SPY250613P00600000,2025-06-13 15:23:35,3.34,,
SPY250613P00601000,2025-06-13 15:23:35,4.29,,
SPY250613P00599000,2025-06-13 15:23:39,2.38,,
SPY250613P00600000,2025-06-13 15:23:39,3.36,,
SPY250613P00601000,2025-06-13 15:23:39,4.29,,
SPY250613P00599000,2025-06-13 15:23:43,2.44,,
SPY250613P00600000,2025-06-13 15:23:43,3.27,,
SPY250613P00601000,2025-06-13 15:23:43,4.29,,
SPY250613P00599000,2025-06-13 15:23:47,2.46,,
SPY250613P00600000,2025-06-13 15:23:47,3.27,,
SPY250613P00601000,2025-06-13 15:23:47,4.29,,
SPY250613P00599000,2025-06-13 15:23:51,2.46,,
SPY250613P00600000,2025-06-13 15:23:51,3.34,,
SPY250613P00601000,2025-06-13 15:23:51,4.29,,
SPY250613P00599000,2025-06-13 15:23:55,2.49,,
SPY250613P00600000,2025-06-13 15:23:55,3.44,,
SPY250613P00601000,2025-06-13 15:23:55,4.29,,
SPY250613P00599000,2025-06-13 15:23:59,2.49,,
SPY250613P00600000,2025-06-13 15:23:59,3.44,,
SPY250613P00601000,2025-06-13 15:23:59,4.29,,
SPY250613P00599000,2025-06-13 15:24:03,2.49,,
SPY250613P00600000,2025-06-13 15:24:03,3.44,,
SPY250613P00601000,2025-06-13 15:24:03,4.29,,
SPY250613P00599000,2025-06-13 15:24:07,2.54,,
SPY250613P00600000,2025-06-13 15:24:07,3.46,,
SPY250613P00601000,2025-06-13 15:24:07,4.29,,
SPY250613P00599000,2025-06-13 15:24:11,2.53,,
SPY250613P00600000,2025-06-13 15:24:11,3.46,,
SPY250613P00601000,2025-06-13 15:24:11,4.29,,
SPY250613P00599000,2025-06-13 15:24:15,2.46,,
SPY250613P00600000,2025-06-13 15:24:15,3.379,,
SPY250613P00601000,2025-06-13 15:24:15,4.3,,
SPY250613P00599000,2025-06-13 15:24:19,2.37,,
SPY250613P00600000,2025-06-13 15:24:19,3.379,,
SPY250613P00601000,2025-06-13 15:24:19,4.3,,
SPY250613P00599000,2025-06-13 15:24:23,2.39,,
SPY250613P00600000,2025-06-13 15:24:23,3.36,,
SPY250613P00601000,2025-06-13 15:24:23,4.3,,
SPY250613P00599000,2025-06-13 15:24:28,2.46,,
SPY250613P00600000,2025-06-13 15:24:28,3.36,,
SPY250613P00601000,2025-06-13 15:24:28,4.33,,
SPY250613P00599000,2025-06-13 15:24:32,2.41,,
SPY250613P00600000,2025-06-13 15:24:32,3.379,,
SPY250613P00601000,2025-06-13 15:24:32,4.31,,
SPY250613P00599000,2025-06-13 15:24:36,2.39,,
SPY250613P00600000,2025-06-13 15:24:36,3.41,,
SPY250613P00601000,2025-06-13 15:24:36,4.31,,
SPY250613P00599000,2025-06-13 15:24:40,2.5,,
SPY250613P00600000,2025-06-13 15:24:40,3.51,,
SPY250613P00601000,2025-06-13 15:24:40,4.45,,
SPY250613P00599000,2025-06-13 15:24:44,2.5,,
SPY250613P00600000,2025-06-13 15:24:44,3.45,,
SPY250613P00601000,2025-06-13 15:24:44,4.43,,
SPY250613P00599000,2025-06-13 15:24:48,2.51,,
SPY250613P00600000,2025-06-13 15:24:48,3.45,,
SPY250613P00601000,2025-06-13 15:24:48,4.43,,
SPY250613P00599000,2025-06-13 15:24:52,2.42,,
SPY250613P00600000,2025-06-13 15:24:52,3.45,,
SPY250613P00601000,2025-06-13 15:24:52,4.43,,
SPY250613P00599000,2025-06-13 15:24:56,2.42,,
SPY250613P00600000,2025-06-13 15:24:56,3.4,,
SPY250613P00601000,2025-06-13 15:24:56,4.43,,
SPY250613P00599000,2025-06-13 15:25:00,2.42,,
SPY250613P00600000,2025-06-13 15:25:00,3.54,,
SPY250613P00601000,2025-06-13 15:25:00,4.43,,
SPY250613P00599000,2025-06-13 15:25:04,2.45,,
SPY250613P00600000,2025-06-13 15:25:04,3.529,,
SPY250613P00601000,2025-06-13 15:25:04,4.43,,
SPY250613P00599000,2025-06-13 15:25:08,2.46,,
SPY250613P00600000,2025-06-13 15:25:08,3.46,,
SPY250613P00601000,2025-06-13 15:25:08,4.46,,
SPY250613P00599000,2025-06-13 15:25:12,2.66,,
SPY250613P00600000,2025-06-13 15:25:12,3.67,,
SPY250613P00601000,2025-06-13 15:25:12,4.46,,
SPY250613P00599000,2025-06-13 15:25:17,2.78,,
SPY250613P00600000,2025-06-13 15:25:17,3.7,,
SPY250613P00601000,2025-06-13 15:25:17,4.46,,
SPY250613P00599000,2025-06-13 15:25:21,2.77,,
SPY250613P00600000,2025-06-13 15:25:21,3.7,,
SPY250613P00601000,2025-06-13 15:25:21,4.46,,
SPY250613P00599000,2025-06-13 15:25:25,2.77,,
SPY250613P00600000,2025-06-13 15:25:25,3.7,,
SPY250613P00601000,2025-06-13 15:25:25,4.46,,
SPY250613P00599000,2025-06-13 15:25:31,2.64,,
SPY250613P00600000,2025-06-13 15:25:31,3.679,,
SPY250613P00601000,2025-06-13 15:25:31,4.67,,
SPY250613P00599000,2025-06-13 15:25:35,2.64,,
SPY250613P00600000,2025-06-13 15:25:35,3.65,,
SPY250613P00601000,2025-06-13 15:25:35,4.64,,
SPY250613P00599000,2025-06-13 15:25:39,2.73,,
SPY250613P00600000,2025-06-13 15:25:39,3.65,,
SPY250613P00601000,2025-06-13 15:25:39,4.64,,
SPY250613P00599000,2025-06-13 15:25:43,2.77,,
SPY250613P00600000,2025-06-13 15:25:43,3.65,,
SPY250613P00601000,2025-06-13 15:25:43,4.64,,
SPY250613P00599000,2025-06-13 15:25:47,2.81,,
SPY250613P00600000,2025-06-13 15:25:47,3.79,,
SPY250613P00601000,2025-06-13 15:25:47,4.64,,
SPY250613P00599000,2025-06-13 15:25:52,2.81,,
SPY250613P00600000,2025-06-13 15:25:52,3.729,,
SPY250613P00601000,2025-06-13 15:25:52,4.65,,
SPY250613P00599000,2025-06-13 15:25:56,2.68,,
SPY250613P00600000,2025-06-13 15:25:56,3.64,,
SPY250613P00601000,2025-06-13 15:25:56,4.59,,
SPY250613P00599000,2025-06-13 15:26:00,2.74,,
SPY250613P00600000,2025-06-13 15:26:00,3.64,,
SPY250613P00601000,2025-06-13 15:26:00,4.59,,
SPY250613P00599000,2025-06-13 15:26:04,2.74,,
SPY250613P00600000,2025-06-13 15:26:04,3.64,,
SPY250613P00601000,2025-06-13 15:26:04,4.59,,
SPY250613P00599000,2025-06-13 15:26:08,2.74,,
SPY250613P00600000,2025-06-13 15:26:08,3.64,,
SPY250613P00601000,2025-06-13 15:26:08,4.59,,
SPY250613P00599000,2025-06-13 15:26:13,2.74,,
SPY250613P00600000,2025-06-13 15:26:13,3.6,,
SPY250613P00601000,2025-06-13 15:26:13,4.66,,
SPY250613P00599000,2025-06-13 15:26:17,2.74,,
SPY250613P00600000,2025-06-13 15:26:17,3.6,,
SPY250613P00601000,2025-06-13 15:26:17,4.62,,
SPY250613P00599000,2025-06-13 15:26:21,2.74,,
SPY250613P00600000,2025-06-13 15:26:21,3.6,,
SPY250613P00601000,2025-06-13 15:26:21,4.62,,
SPY250613P00599000,2025-06-13 15:26:25,2.74,,
SPY250613P00600000,2025-06-13 15:26:25,3.6,,
SPY250613P00601000,2025-06-13 15:26:25,4.62,,
SPY250613P00599000,2025-06-13 15:26:29,2.74,,
SPY250613P00600000,2025-06-13 15:26:29,3.6,,
SPY250613P00601000,2025-06-13 15:26:29,4.62,,
SPY250613P00599000,2025-06-13 15:26:33,2.74,,
SPY250613P00600000,2025-06-13 15:26:33,3.679,,
SPY250613P00601000,2025-06-13 15:26:33,4.77,,
SPY250613P00599000,2025-06-13 15:26:38,2.74,,
SPY250613P00600000,2025-06-13 15:26:38,3.679,,
SPY250613P00601000,2025-06-13 15:26:38,4.77,,
SPY250613P00599000,2025-06-13 15:26:42,2.74,,
SPY250613P00600000,2025-06-13 15:26:42,3.679,,
SPY250613P00601000,2025-06-13 15:26:42,4.77,,
SPY250613P00599000,2025-06-13 15:26:46,2.74,,
SPY250613P00600000,2025-06-13 15:26:46,3.679,,
SPY250613P00601000,2025-06-13 15:26:46,4.77,,
SPY250613P00599000,2025-06-13 15:26:50,2.76,,
SPY250613P00600000,2025-06-13 15:26:50,3.71,,
SPY250613P00601000,2025-06-13 15:26:50,4.77,,
SPY250613P00599000,2025-06-13 15:26:54,2.8,,
SPY250613P00600000,2025-06-13 15:26:54,3.66,,
SPY250613P00601000,2025-06-13 15:26:54,4.77,,
SPY250613P00599000,2025-06-13 15:26:58,2.8,,
SPY250613P00600000,2025-06-13 15:26:58,3.66,,
SPY250613P00601000,2025-06-13 15:26:58,4.77,,
SPY250613P00599000,2025-06-13 15:27:02,2.8,,
SPY250613P00600000,2025-06-13 15:27:02,3.66,,
SPY250613P00601000,2025-06-13 15:27:02,4.77,,
SPY250613P00599000,2025-06-13 15:27:06,2.8,,
SPY250613P00600000,2025-06-13 15:27:06,3.77,,
SPY250613P00601000,2025-06-13 15:27:06,4.77,,
SPY250613P00599000,2025-06-13 15:27:10,2.82,,
SPY250613P00600000,2025-06-13 15:27:10,3.77,,
SPY250613P00601000,2025-06-13 15:27:10,4.77,,
SPY250613P00599000,2025-06-13 15:27:14,2.82,,
SPY250613P00600000,2025-06-13 15:27:14,3.79,,
SPY250613P00601000,2025-06-13 15:27:14,4.77,,
SPY250613P00599000,2025-06-13 15:27:18,2.82,,
SPY250613P00600000,2025-06-13 15:27:18,3.75,,
SPY250613P00601000,2025-06-13 15:27:18,4.73,,
SPY250613P00599000,2025-06-13 15:27:22,2.91,,
SPY250613P00600000,2025-06-13 15:27:22,3.75,,
SPY250613P00601000,2025-06-13 15:27:22,4.73,,
SPY250613P00599000,2025-06-13 15:27:26,2.88,,
SPY250613P00600000,2025-06-13 15:27:26,3.75,,
SPY250613P00601000,2025-06-13 15:27:26,4.73,,
SPY250613P00599000,2025-06-13 15:27:30,2.9,,
SPY250613P00600000,2025-06-13 15:27:30,3.75,,
SPY250613P00601000,2025-06-13 15:27:30,4.73,,
SPY250613P00599000,2025-06-13 15:27:34,2.9,,
SPY250613P00600000,2025-06-13 15:27:34,3.75,,
SPY250613P00601000,2025-06-13 15:27:34,4.73,,
SPY250613P00599000,2025-06-13 15:27:38,2.9,,
SPY250613P00600000,2025-06-13 15:27:38,3.879,,
SPY250613P00601000,2025-06-13 15:27:38,4.73,,
SPY250613P00599000,2025-06-13 15:27:42,2.84,,
SPY250613P00600000,2025-06-13 15:27:42,3.89,,
SPY250613P00601000,2025-06-13 15:27:42,4.73,,
SPY250613P00599000,2025-06-13 15:27:46,2.84,,
SPY250613P00600000,2025-06-13 15:27:46,3.89,,
SPY250613P00601000,2025-06-13 15:27:46,4.73,,
SPY250613P00599000,2025-06-13 15:27:50,2.87,,
SPY250613P00600000,2025-06-13 15:27:50,3.89,,
SPY250613P00601000,2025-06-13 15:27:50,4.73,,
SPY250613P00599000,2025-06-13 15:27:54,2.87,,
SPY250613P00600000,2025-06-13 15:27:54,3.89,,
SPY250613P00601000,2025-06-13 15:27:54,4.73,,
SPY250613P00599000,2025-06-13 15:27:59,2.93,,
SPY250613P00600000,2025-06-13 15:27:59,3.86,,
SPY250613P00601000,2025-06-13 15:27:59,4.73,,
SPY250613P00599000,2025-06-13 15:28:03,2.85,,
SPY250613P00600000,2025-06-13 15:28:03,3.79,,
SPY250613P00601000,2025-06-13 15:28:03,4.73,,
SPY250613P00599000,2025-06-13 15:28:07,2.85,,
SPY250613P00600000,2025-06-13 15:28:07,3.79,,
SPY250613P00601000,2025-06-13 15:28:07,4.73,,
SPY250613P00599000,2025-06-13 15:28:11,2.85,,
SPY250613P00600000,2025-06-13 15:28:11,3.879,,
SPY250613P00601000,2025-06-13 15:28:11,4.73,,
SPY250613P00599000,2025-06-13 15:28:15,2.85,,
SPY250613P00600000,2025-06-13 15:28:15,3.879,,
SPY250613P00601000,2025-06-13 15:28:15,4.73,,
SPY250613P00599000,2025-06-13 15:28:19,2.85,,
SPY250613P00600000,2025-06-13 15:28:19,3.879,,
SPY250613P00601000,2025-06-13 15:28:19,4.73,,
SPY250613P00599000,2025-06-13 15:28:23,2.81,,
SPY250613P00600000,2025-06-13 15:28:23,3.61,,
SPY250613P00601000,2025-06-13 15:28:23,4.73,,
SPY250613P00599000,2025-06-13 15:28:27,2.81,,
SPY250613P00600000,2025-06-13 15:28:27,3.59,,
SPY250613P00601000,2025-06-13 15:28:27,4.62,,
SPY250613P00599000,2025-06-13 15:28:31,2.6,,
SPY250613P00600000,2025-06-13 15:28:31,3.46,,
SPY250613P00601000,2025-06-13 15:28:31,4.38,,
SPY250613P00599000,2025-06-13 15:28:35,2.55,,
SPY250613P00600000,2025-06-13 15:28:35,3.57,,
SPY250613P00601000,2025-06-13 15:28:35,4.38,,
SPY250613P00599000,2025-06-13 15:28:39,2.55,,
SPY250613P00600000,2025-06-13 15:28:39,3.57,,
SPY250613P00601000,2025-06-13 15:28:39,4.38,,
SPY250613P00599000,2025-06-13 15:28:43,2.55,,
SPY250613P00600000,2025-06-13 15:28:43,3.57,,
SPY250613P00601000,2025-06-13 15:28:43,4.38,,
SPY250613P00599000,2025-06-13 15:28:47,2.55,,
SPY250613P00600000,2025-06-13 15:28:47,3.57,,
SPY250613P00601000,2025-06-13 15:28:47,4.38,,
SPY250613P00599000,2025-06-13 15:28:51,2.55,,
SPY250613P00600000,2025-06-13 15:28:51,3.57,,
SPY250613P00601000,2025-06-13 15:28:51,4.38,,
SPY250613P00599000,2025-06-13 15:28:55,2.69,,
SPY250613P00600000,2025-06-13 15:28:55,3.57,,
SPY250613P00601000,2025-06-13 15:28:55,4.38,,
SPY250613P00599000,2025-06-13 15:29:00,2.73,,
SPY250613P00600000,2025-06-13 15:29:00,3.57,,
SPY250613P00601000,2025-06-13 15:29:00,4.38,,
SPY250613P00599000,2025-06-13 15:29:04,2.65,,
SPY250613P00600000,2025-06-13 15:29:04,3.57,,
SPY250613P00601000,2025-06-13 15:29:04,4.38,,
SPY250613P00599000,2025-06-13 15:29:08,2.73,,
SPY250613P00600000,2025-06-13 15:29:08,3.679,,
SPY250613P00601000,2025-06-13 15:29:08,4.38,,
SPY250613P00599000,2025-06-13 15:29:12,2.73,,
SPY250613P00600000,2025-06-13 15:29:12,3.57,,
SPY250613P00601000,2025-06-13 15:29:12,4.38,,
SPY250613P00599000,2025-06-13 15:29:16,2.73,,
SPY250613P00600000,2025-06-13 15:29:16,3.57,,
SPY250613P00601000,2025-06-13 15:29:16,4.38,,
SPY250613P00599000,2025-06-13 15:29:20,2.66,,
SPY250613P00600000,2025-06-13 15:29:20,3.57,,
SPY250613P00601000,2025-06-13 15:29:20,4.38,,
SPY250613P00599000,2025-06-13 15:29:24,2.66,,
SPY250613P00600000,2025-06-13 15:29:24,3.57,,
SPY250613P00601000,2025-06-13 15:29:24,4.38,,
SPY250613P00599000,2025-06-13 15:29:28,2.68,,
SPY250613P00600000,2025-06-13 15:29:28,3.6,,
SPY250613P00601000,2025-06-13 15:29:28,4.38,,
SPY250613P00599000,2025-06-13 15:29:32,2.68,,
SPY250613P00600000,2025-06-13 15:29:32,3.6,,
SPY250613P00601000,2025-06-13 15:29:32,4.38,,
SPY250613P00599000,2025-06-13 15:29:36,2.68,,
SPY250613P00600000,2025-06-13 15:29:36,3.7,,
SPY250613P00601000,2025-06-13 15:29:36,4.38,,
SPY250613P00599000,2025-06-13 15:29:40,2.76,,
SPY250613P00600000,2025-06-13 15:29:40,3.66,,
SPY250613P00601000,2025-06-13 15:29:40,4.38,,
SPY250613P00599000,2025-06-13 15:29:44,2.61,,
SPY250613P00600000,2025-06-13 15:29:44,3.56,,
SPY250613P00601000,2025-06-13 15:29:44,4.59,,
SPY250613P00599000,2025-06-13 15:29:48,2.63,,
SPY250613P00600000,2025-06-13 15:29:48,3.64,,
SPY250613P00601000,2025-06-13 15:29:48,4.68,,
SPY250613P00599000,2025-06-13 15:29:52,2.63,,
SPY250613P00600000,2025-06-13 15:29:52,3.6,,
SPY250613P00601000,2025-06-13 15:29:52,4.68,,
SPY250613P00599000,2025-06-13 15:29:56,2.73,,
SPY250613P00600000,2025-06-13 15:29:56,3.7,,
SPY250613P00601000,2025-06-13 15:29:56,4.68,,
SPY250613P00599000,2025-06-13 15:30:00,2.68,,
SPY250613P00600000,2025-06-13 15:30:00,3.7,,
SPY250613P00601000,2025-06-13 15:30:00,4.68,,
SPY250613P00599000,2025-06-13 15:30:04,2.75,,
SPY250613P00600000,2025-06-13 15:30:04,3.7,,
SPY250613P00601000,2025-06-13 15:30:04,4.68,,
SPY250613P00599000,2025-06-13 15:30:08,2.75,,
SPY250613P00600000,2025-06-13 15:30:08,3.51,,
SPY250613P00601000,2025-06-13 15:30:08,4.53,,
SPY250613P00599000,2025-06-13 15:30:12,2.75,,
SPY250613P00600000,2025-06-13 15:30:12,3.579,,
SPY250613P00601000,2025-06-13 15:30:12,4.53,,
SPY250613P00599000,2025-06-13 15:30:16,2.6,,
SPY250613P00600000,2025-06-13 15:30:16,3.529,,
SPY250613P00601000,2025-06-13 15:30:16,4.53,,
SPY250613P00599000,2025-06-13 15:30:20,2.51,,
SPY250613P00600000,2025-06-13 15:30:20,3.529,,
SPY250613P00601000,2025-06-13 15:30:20,4.53,,
SPY250613P00599000,2025-06-13 15:30:25,2.41,,
SPY250613P00600000,2025-06-13 15:30:25,3.379,,
SPY250613P00601000,2025-06-13 15:30:25,4.44,,
SPY250613P00599000,2025-06-13 15:30:29,2.35,,
SPY250613P00600000,2025-06-13 15:30:29,3.329,,
SPY250613P00601000,2025-06-13 15:30:29,4.44,,
SPY250613P00599000,2025-06-13 15:30:33,2.51,,
SPY250613P00600000,2025-06-13 15:30:33,3.329,,
SPY250613P00601000,2025-06-13 15:30:33,4.44,,
SPY250613P00599000,2025-06-13 15:30:37,2.55,,
SPY250613P00600000,2025-06-13 15:30:37,3.51,,
SPY250613P00601000,2025-06-13 15:30:37,4.48,,
SPY250613P00599000,2025-06-13 15:30:41,2.55,,
SPY250613P00600000,2025-06-13 15:30:41,3.39,,
SPY250613P00601000,2025-06-13 15:30:41,4.48,,
SPY250613P00599000,2025-06-13 15:30:45,2.35,,
SPY250613P00600000,2025-06-13 15:30:45,3.42,,
SPY250613P00601000,2025-06-13 15:30:45,4.43,,
SPY250613P00599000,2025-06-13 15:30:49,2.35,,
SPY250613P00600000,2025-06-13 15:30:49,3.34,,
SPY250613P00601000,2025-06-13 15:30:49,4.15,,
SPY250613P00599000,2025-06-13 15:30:53,2.35,,
SPY250613P00600000,2025-06-13 15:30:53,3.34,,
SPY250613P00601000,2025-06-13 15:30:53,4.15,,
SPY250613P00599000,2025-06-13 15:30:58,2.35,,
SPY250613P00600000,2025-06-13 15:30:58,3.34,,
SPY250613P00601000,2025-06-13 15:30:58,4.17,,
SPY250613P00599000,2025-06-13 15:31:02,2.35,,
SPY250613P00600000,2025-06-13 15:31:02,3.329,,
SPY250613P00601000,2025-06-13 15:31:02,4.17,,
SPY250613P00599000,2025-06-13 15:31:06,2.35,,
SPY250613P00600000,2025-06-13 15:31:06,3.329,,
SPY250613P00601000,2025-06-13 15:31:06,4.17,,
SPY250613P00599000,2025-06-13 15:31:10,2.37,,
SPY250613P00600000,2025-06-13 15:31:10,3.329,,
SPY250613P00601000,2025-06-13 15:31:10,4.17,,
SPY250613P00599000,2025-06-13 15:31:14,2.37,,
SPY250613P00600000,2025-06-13 15:31:14,3.379,,
SPY250613P00601000,2025-06-13 15:31:14,4.17,,
SPY250613P00599000,2025-06-13 15:31:18,2.33,,
SPY250613P00600000,2025-06-13 15:31:18,3.379,,
SPY250613P00601000,2025-06-13 15:31:18,4.17,,
SPY250613P00599000,2025-06-13 15:31:22,2.39,,
SPY250613P00600000,2025-06-13 15:31:22,3.379,,
SPY250613P00601000,2025-06-13 15:31:22,4.17,,
SPY250613P00599000,2025-06-13 15:31:26,2.4,,
SPY250613P00600000,2025-06-13 15:31:26,3.379,,
SPY250613P00601000,2025-06-13 15:31:26,4.17,,
SPY250613P00599000,2025-06-13 15:31:30,2.36,,
SPY250613P00600000,2025-06-13 15:31:30,3.379,,
SPY250613P00601000,2025-06-13 15:31:30,4.17,,
SPY250613P00599000,2025-06-13 15:31:34,2.36,,
SPY250613P00600000,2025-06-13 15:31:34,3.379,,
SPY250613P00601000,2025-06-13 15:31:34,4.17,,
SPY250613P00599000,2025-06-13 15:31:38,2.36,,
SPY250613P00600000,2025-06-13 15:31:38,3.22,,
SPY250613P00601000,2025-06-13 15:31:38,4.17,,
SPY250613P00599000,2025-06-13 15:31:42,2.37,,
SPY250613P00600000,2025-06-13 15:31:42,3.22,,
SPY250613P00601000,2025-06-13 15:31:42,4.17,,
SPY250613P00599000,2025-06-13 15:31:46,2.37,,
SPY250613P00600000,2025-06-13 15:31:46,3.22,,
SPY250613P00601000,2025-06-13 15:31:46,4.17,,
SPY250613P00599000,2025-06-13 15:31:50,2.37,,
SPY250613P00600000,2025-06-13 15:31:50,3.17,,
SPY250613P00601000,2025-06-13 15:31:50,4.17,,
SPY250613P00599000,2025-06-13 15:31:54,2.37,,
SPY250613P00600000,2025-06-13 15:31:54,3.25,,
SPY250613P00601000,2025-06-13 15:31:54,4.17,,
SPY250613P00599000,2025-06-13 15:31:58,2.34,,
SPY250613P00600000,2025-06-13 15:31:58,3.24,,
SPY250613P00601000,2025-06-13 15:31:58,4.17,,
SPY250613P00599000,2025-06-13 15:32:03,2.34,,
SPY250613P00600000,2025-06-13 15:32:03,3.24,,
SPY250613P00601000,2025-06-13 15:32:03,4.17,,
SPY250613P00599000,2025-06-13 15:32:07,2.32,,
SPY250613P00600000,2025-06-13 15:32:07,3.29,,
SPY250613P00601000,2025-06-13 15:32:07,4.14,,
SPY250613P00599000,2025-06-13 15:32:11,2.32,,
SPY250613P00600000,2025-06-13 15:32:11,3.32,,
SPY250613P00601000,2025-06-13 15:32:11,4.14,,
SPY250613P00599000,2025-06-13 15:32:15,2.31,,
SPY250613P00600000,2025-06-13 15:32:15,3.329,,
SPY250613P00601000,2025-06-13 15:32:15,4.21,,
SPY250613P00599000,2025-06-13 15:32:19,2.31,,
SPY250613P00600000,2025-06-13 15:32:19,3.31,,
SPY250613P00601000,2025-06-13 15:32:19,4.21,,
SPY250613P00599000,2025-06-13 15:32:23,2.31,,
SPY250613P00600000,2025-06-13 15:32:23,3.31,,
SPY250613P00601000,2025-06-13 15:32:23,4.21,,
SPY250613P00599000,2025-06-13 15:32:27,2.39,,
SPY250613P00600000,2025-06-13 15:32:27,3.37,,
SPY250613P00601000,2025-06-13 15:32:27,4.21,,
SPY250613P00599000,2025-06-13 15:32:31,2.64,,
SPY250613P00600000,2025-06-13 15:32:31,3.579,,
SPY250613P00601000,2025-06-13 15:32:31,4.55,,
SPY250613P00599000,2025-06-13 15:32:35,2.57,,
SPY250613P00600000,2025-06-13 15:32:35,3.379,,
SPY250613P00601000,2025-06-13 15:32:35,4.55,,
SPY250613P00599000,2025-06-13 15:32:39,2.47,,
SPY250613P00600000,2025-06-13 15:32:39,3.4,,
SPY250613P00601000,2025-06-13 15:32:39,4.55,,
SPY250613P00599000,2025-06-13 15:32:43,2.47,,
SPY250613P00600000,2025-06-13 15:32:43,3.4,,
SPY250613P00601000,2025-06-13 15:32:43,4.55,,
SPY250613P00599000,2025-06-13 15:32:47,2.47,,
SPY250613P00600000,2025-06-13 15:32:47,3.4,,
SPY250613P00601000,2025-06-13 15:32:47,4.55,,
SPY250613P00599000,2025-06-13 15:32:51,2.47,,
SPY250613P00600000,2025-06-13 15:32:51,3.41,,
SPY250613P00601000,2025-06-13 15:32:51,4.55,,
SPY250613P00599000,2025-06-13 15:32:55,2.47,,
SPY250613P00600000,2025-06-13 15:32:55,3.41,,
SPY250613P00601000,2025-06-13 15:32:55,4.56,,
SPY250613P00599000,2025-06-13 15:32:59,2.47,,
SPY250613P00600000,2025-06-13 15:32:59,3.41,,
SPY250613P00601000,2025-06-13 15:32:59,4.56,,
SPY250613P00599000,2025-06-13 15:33:03,2.47,,
SPY250613P00600000,2025-06-13 15:33:03,3.41,,
SPY250613P00601000,2025-06-13 15:33:03,4.56,,
SPY250613P00599000,2025-06-13 15:33:08,2.47,,
SPY250613P00600000,2025-06-13 15:33:08,3.579,,
SPY250613P00601000,2025-06-13 15:33:08,4.56,,
SPY250613P00599000,2025-06-13 15:33:12,2.47,,
SPY250613P00600000,2025-06-13 15:33:12,3.579,,
SPY250613P00601000,2025-06-13 15:33:12,4.56,,
SPY250613P00599000,2025-06-13 15:33:16,2.47,,
SPY250613P00600000,2025-06-13 15:33:16,3.579,,
SPY250613P00601000,2025-06-13 15:33:16,4.56,,
SPY250613P00599000,2025-06-13 15:33:20,2.72,,
SPY250613P00600000,2025-06-13 15:33:20,3.82,,
SPY250613P00601000,2025-06-13 15:33:20,4.56,,
SPY250613P00599000,2025-06-13 15:33:24,2.75,,
SPY250613P00600000,2025-06-13 15:33:24,3.82,,
SPY250613P00601000,2025-06-13 15:33:24,4.56,,
SPY250613P00599000,2025-06-13 15:33:28,2.75,,
SPY250613P00600000,2025-06-13 15:33:28,3.82,,
SPY250613P00601000,2025-06-13 15:33:28,4.56,,
SPY250613P00599000,2025-06-13 15:33:32,2.75,,
SPY250613P00600000,2025-06-13 15:33:32,3.82,,
SPY250613P00601000,2025-06-13 15:33:32,4.56,,
SPY250613P00599000,2025-06-13 15:33:36,2.75,,
SPY250613P00600000,2025-06-13 15:33:36,4.0,,
SPY250613P00601000,2025-06-13 15:33:36,4.56,,
SPY250613P00599000,2025-06-13 15:33:40,2.86,,
SPY250613P00600000,2025-06-13 15:33:40,3.87,,
SPY250613P00601000,2025-06-13 15:33:40,4.56,,
SPY250613P00599000,2025-06-13 15:33:44,2.9,,
SPY250613P00600000,2025-06-13 15:33:44,3.87,,
SPY250613P00601000,2025-06-13 15:33:44,4.56,,
SPY250613P00599000,2025-06-13 15:33:48,2.9,,
SPY250613P00600000,2025-06-13 15:33:48,3.87,,
SPY250613P00601000,2025-06-13 15:33:48,4.56,,
SPY250613P00599000,2025-06-13 15:33:53,2.9,,
SPY250613P00600000,2025-06-13 15:33:53,3.92,,
SPY250613P00601000,2025-06-13 15:33:53,4.84,,
SPY250613P00599000,2025-06-13 15:33:57,2.93,,
SPY250613P00600000,2025-06-13 15:33:57,3.92,,
SPY250613P00601000,2025-06-13 15:33:57,4.98,,
SPY250613P00599000,2025-06-13 15:34:01,2.98,,
SPY250613P00600000,2025-06-13 15:34:01,4.029,,
SPY250613P00601000,2025-06-13 15:34:01,4.98,,
SPY250613P00599000,2025-06-13 15:34:05,3.0,,
SPY250613P00600000,2025-06-13 15:34:05,4.029,,
SPY250613P00601000,2025-06-13 15:34:05,4.87,,
SPY250613P00599000,2025-06-13 15:34:09,3.0,,
SPY250613P00600000,2025-06-13 15:34:09,4.0,,
SPY250613P00601000,2025-06-13 15:34:09,4.87,,
SPY250613P00599000,2025-06-13 15:34:13,3.0,,
SPY250613P00600000,2025-06-13 15:34:13,4.0,,
SPY250613P00601000,2025-06-13 15:34:13,4.87,,
SPY250613P00599000,2025-06-13 15:34:17,2.99,,
SPY250613P00600000,2025-06-13 15:34:17,4.0,,
SPY250613P00601000,2025-06-13 15:34:17,4.87,,
SPY250613P00599000,2025-06-13 15:34:21,2.93,,
SPY250613P00600000,2025-06-13 15:34:21,4.0,,
SPY250613P00601000,2025-06-13 15:34:21,4.87,,
SPY250613P00599000,2025-06-13 15:34:25,2.93,,
SPY250613P00600000,2025-06-13 15:34:25,3.85,,
SPY250613P00601000,2025-06-13 15:34:25,4.87,,
SPY250613P00599000,2025-06-13 15:34:29,2.92,,
SPY250613P00600000,2025-06-13 15:34:29,3.91,,
SPY250613P00601000,2025-06-13 15:34:29,4.87,,
SPY250613P00599000,2025-06-13 15:34:33,2.92,,
SPY250613P00600000,2025-06-13 15:34:33,3.76,,
SPY250613P00601000,2025-06-13 15:34:33,4.87,,
SPY250613P00599000,2025-06-13 15:34:37,2.92,,
SPY250613P00600000,2025-06-13 15:34:37,3.76,,
SPY250613P00601000,2025-06-13 15:34:37,4.87,,
SPY250613P00599000,2025-06-13 15:34:41,2.83,,
SPY250613P00600000,2025-06-13 15:34:41,3.76,,
SPY250613P00601000,2025-06-13 15:34:41,4.82,,
SPY250613P00599000,2025-06-13 15:34:45,2.83,,
SPY250613P00600000,2025-06-13 15:34:45,3.76,,
SPY250613P00601000,2025-06-13 15:34:45,4.82,,
SPY250613P00599000,2025-06-13 15:34:49,2.83,,
SPY250613P00600000,2025-06-13 15:34:49,3.76,,
SPY250613P00601000,2025-06-13 15:34:49,4.82,,
SPY250613P00599000,2025-06-13 15:34:53,2.83,,
SPY250613P00600000,2025-06-13 15:34:53,3.76,,
SPY250613P00601000,2025-06-13 15:34:53,4.82,,
SPY250613P00599000,2025-06-13 15:34:57,2.83,,
SPY250613P00600000,2025-06-13 15:34:57,3.79,,
SPY250613P00601000,2025-06-13 15:34:57,4.82,,
SPY250613P00599000,2025-06-13 15:35:01,2.83,,
SPY250613P00600000,2025-06-13 15:35:01,3.74,,
SPY250613P00601000,2025-06-13 15:35:01,4.72,,
SPY250613P00599000,2025-06-13 15:35:06,2.83,,
SPY250613P00600000,2025-06-13 15:35:06,3.87,,
SPY250613P00601000,2025-06-13 15:35:06,4.72,,
SPY250613P00599000,2025-06-13 15:35:10,2.82,,
SPY250613P00600000,2025-06-13 15:35:10,3.82,,
SPY250613P00601000,2025-06-13 15:35:10,4.89,,
SPY250613P00599000,2025-06-13 15:35:14,2.82,,
SPY250613P00600000,2025-06-13 15:35:14,3.9,,
SPY250613P00601000,2025-06-13 15:35:14,4.89,,
SPY250613P00599000,2025-06-13 15:35:18,2.82,,
SPY250613P00600000,2025-06-13 15:35:18,3.9,,
SPY250613P00601000,2025-06-13 15:35:18,4.89,,
SPY250613P00599000,2025-06-13 15:35:22,2.82,,
SPY250613P00600000,2025-06-13 15:35:22,3.74,,
SPY250613P00601000,2025-06-13 15:35:22,4.89,,
SPY250613P00599000,2025-06-13 15:35:26,2.89,,
SPY250613P00600000,2025-06-13 15:35:26,3.74,,
SPY250613P00601000,2025-06-13 15:35:26,4.76,,
SPY250613P00599000,2025-06-13 15:35:30,2.77,,
SPY250613P00600000,2025-06-13 15:35:30,3.87,,
SPY250613P00601000,2025-06-13 15:35:30,4.75,,
SPY250613P00599000,2025-06-13 15:35:34,2.77,,
SPY250613P00600000,2025-06-13 15:35:34,3.87,,
SPY250613P00601000,2025-06-13 15:35:34,4.75,,
SPY250613P00599000,2025-06-13 15:35:38,2.67,,
SPY250613P00600000,2025-06-13 15:35:38,3.72,,
SPY250613P00601000,2025-06-13 15:35:38,4.75,,
SPY250613P00599000,2025-06-13 15:35:42,2.67,,
SPY250613P00600000,2025-06-13 15:35:42,3.72,,
SPY250613P00601000,2025-06-13 15:35:42,4.75,,
SPY250613P00599000,2025-06-13 15:35:46,2.54,,
SPY250613P00600000,2025-06-13 15:35:46,3.72,,
SPY250613P00601000,2025-06-13 15:35:46,4.5,,
SPY250613P00599000,2025-06-13 15:35:50,2.54,,
SPY250613P00600000,2025-06-13 15:35:50,3.72,,
SPY250613P00601000,2025-06-13 15:35:50,4.5,,
SPY250613P00599000,2025-06-13 15:35:54,2.54,,
SPY250613P00600000,2025-06-13 15:35:54,3.429,,
SPY250613P00601000,2025-06-13 15:35:54,4.5,,
SPY250613P00599000,2025-06-13 15:36:00,2.54,,
SPY250613P00600000,2025-06-13 15:36:00,3.429,,
SPY250613P00601000,2025-06-13 15:36:00,4.5,,
SPY250613P00599000,2025-06-13 15:36:04,2.54,,
SPY250613P00600000,2025-06-13 15:36:04,3.54,,
SPY250613P00601000,2025-06-13 15:36:04,4.5,,
SPY250613P00599000,2025-06-13 15:36:08,2.54,,
SPY250613P00600000,2025-06-13 15:36:08,3.42,,
SPY250613P00601000,2025-06-13 15:36:08,4.5,,
SPY250613P00599000,2025-06-13 15:36:12,2.34,,
SPY250613P00600000,2025-06-13 15:36:12,3.34,,
SPY250613P00601000,2025-06-13 15:36:12,4.5,,
SPY250613P00599000,2025-06-13 15:36:16,2.34,,
SPY250613P00600000,2025-06-13 15:36:16,3.35,,
SPY250613P00601000,2025-06-13 15:36:16,4.5,,
SPY250613P00599000,2025-06-13 15:36:21,2.4,,
SPY250613P00600000,2025-06-13 15:36:21,3.35,,
SPY250613P00601000,2025-06-13 15:36:21,4.5,,
SPY250613P00599000,2025-06-13 15:36:25,2.3,,
SPY250613P00600000,2025-06-13 15:36:25,3.35,,
SPY250613P00601000,2025-06-13 15:36:25,4.5,,
SPY250613P00599000,2025-06-13 15:36:29,2.3,,
SPY250613P00600000,2025-06-13 15:36:29,3.25,,
SPY250613P00601000,2025-06-13 15:36:29,4.5,,
SPY250613P00599000,2025-06-13 15:36:33,2.15,,
SPY250613P00600000,2025-06-13 15:36:33,3.25,,
SPY250613P00601000,2025-06-13 15:36:33,4.5,,
SPY250613P00599000,2025-06-13 15:36:37,2.15,,
SPY250613P00600000,2025-06-13 15:36:37,3.19,,
SPY250613P00601000,2025-06-13 15:36:37,4.5,,
SPY250613P00599000,2025-06-13 15:36:42,2.15,,
SPY250613P00600000,2025-06-13 15:36:42,3.19,,
SPY250613P00601000,2025-06-13 15:36:42,4.5,,
SPY250613P00599000,2025-06-13 15:36:46,2.13,,
SPY250613P00600000,2025-06-13 15:36:46,3.19,,
SPY250613P00601000,2025-06-13 15:36:46,4.12,,
SPY250613P00599000,2025-06-13 15:36:50,2.13,,
SPY250613P00600000,2025-06-13 15:36:50,3.19,,
SPY250613P00601000,2025-06-13 15:36:50,4.12,,
SPY250613P00599000,2025-06-13 15:36:54,2.17,,
SPY250613P00600000,2025-06-13 15:36:54,3.1,,
SPY250613P00601000,2025-06-13 15:36:54,4.12,,
SPY250613P00599000,2025-06-13 15:36:59,2.17,,
SPY250613P00600000,2025-06-13 15:36:59,3.1,,
SPY250613P00601000,2025-06-13 15:36:59,4.12,,
SPY250613P00599000,2025-06-13 15:37:03,2.17,,
SPY250613P00600000,2025-06-13 15:37:03,3.02,,
SPY250613P00601000,2025-06-13 15:37:03,4.06,,
SPY250613P00599000,2025-06-13 15:37:07,2.17,,
SPY250613P00600000,2025-06-13 15:37:07,3.03,,
SPY250613P00601000,2025-06-13 15:37:07,4.03,,
SPY250613P00599000,2025-06-13 15:37:11,2.07,,
SPY250613P00600000,2025-06-13 15:37:11,2.97,,
SPY250613P00601000,2025-06-13 15:37:11,4.03,,
SPY250613P00599000,2025-06-13 15:37:15,2.05,,
SPY250613P00600000,2025-06-13 15:37:15,2.97,,
SPY250613P00601000,2025-06-13 15:37:15,3.95,,
SPY250613P00599000,2025-06-13 15:37:19,2.06,,
SPY250613P00600000,2025-06-13 15:37:19,3.07,,
SPY250613P00601000,2025-06-13 15:37:19,3.95,,
SPY250613P00599000,2025-06-13 15:37:23,2.06,,
SPY250613P00600000,2025-06-13 15:37:23,2.99,,
SPY250613P00601000,2025-06-13 15:37:23,3.95,,
SPY250613P00599000,2025-06-13 15:37:27,2.06,,
SPY250613P00600000,2025-06-13 15:37:27,3.04,,
SPY250613P00601000,2025-06-13 15:37:27,3.95,,
SPY250613P00599000,2025-06-13 15:37:31,2.17,,
SPY250613P00600000,2025-06-13 15:37:31,3.04,,
SPY250613P00601000,2025-06-13 15:37:31,3.95,,
SPY250613P00599000,2025-06-13 15:37:35,2.17,,
SPY250613P00600000,2025-06-13 15:37:35,3.17,,
SPY250613P00601000,2025-06-13 15:37:35,3.95,,
SPY250613P00599000,2025-06-13 15:37:40,2.17,,
SPY250613P00600000,2025-06-13 15:37:40,3.17,,
SPY250613P00601000,2025-06-13 15:37:40,3.95,,
SPY250613P00599000,2025-06-13 15:37:44,2.11,,
SPY250613P00600000,2025-06-13 15:37:44,3.12,,
SPY250613P00601000,2025-06-13 15:37:44,3.95,,
SPY250613P00599000,2025-06-13 15:37:48,2.03,,
SPY250613P00600000,2025-06-13 15:37:48,2.99,,
SPY250613P00601000,2025-06-13 15:37:48,3.95,,
SPY250613P00599000,2025-06-13 15:37:52,2.0,,
SPY250613P00600000,2025-06-13 15:37:52,2.97,,
SPY250613P00601000,2025-06-13 15:37:52,3.95,,
SPY250613P00599000,2025-06-13 15:37:56,2.039,,
SPY250613P00600000,2025-06-13 15:37:56,2.9,,
SPY250613P00601000,2025-06-13 15:37:56,3.95,,
SPY250613P00599000,2025-06-13 15:38:00,2.039,,
SPY250613P00600000,2025-06-13 15:38:00,2.98,,
SPY250613P00601000,2025-06-13 15:38:00,3.91,,
SPY250613P00599000,2025-06-13 15:38:04,1.91,,
SPY250613P00600000,2025-06-13 15:38:04,2.83,,
SPY250613P00601000,2025-06-13 15:38:04,3.91,,
SPY250613P00599000,2025-06-13 15:38:08,1.97,,
SPY250613P00600000,2025-06-13 15:38:08,2.85,,
SPY250613P00601000,2025-06-13 15:38:08,3.91,,
SPY250613P00599000,2025-06-13 15:38:12,1.97,,
SPY250613P00600000,2025-06-13 15:38:12,2.91,,
SPY250613P00601000,2025-06-13 15:38:12,3.91,,
SPY250613P00599000,2025-06-13 15:38:16,1.97,,
SPY250613P00600000,2025-06-13 15:38:16,2.91,,
SPY250613P00601000,2025-06-13 15:38:16,3.91,,
SPY250613P00599000,2025-06-13 15:38:20,2.09,,
SPY250613P00600000,2025-06-13 15:38:20,2.94,,
SPY250613P00601000,2025-06-13 15:38:20,3.91,,
SPY250613P00599000,2025-06-13 15:38:24,2.09,,
SPY250613P00600000,2025-06-13 15:38:24,2.94,,
SPY250613P00601000,2025-06-13 15:38:24,4.02,,
SPY250613P00599000,2025-06-13 15:38:28,2.09,,
SPY250613P00600000,2025-06-13 15:38:28,2.94,,
SPY250613P00601000,2025-06-13 15:38:28,4.02,,
SPY250613P00599000,2025-06-13 15:38:32,2.09,,
SPY250613P00600000,2025-06-13 15:38:32,3.02,,
SPY250613P00601000,2025-06-13 15:38:32,4.02,,
SPY250613P00599000,2025-06-13 15:38:36,2.1,,
SPY250613P00600000,2025-06-13 15:38:36,3.0,,
SPY250613P00601000,2025-06-13 15:38:36,4.02,,
SPY250613P00599000,2025-06-13 15:38:40,2.1,,
SPY250613P00600000,2025-06-13 15:38:40,3.04,,
SPY250613P00601000,2025-06-13 15:38:40,3.929,,
SPY250613P00599000,2025-06-13 15:38:44,2.08,,
SPY250613P00600000,2025-06-13 15:38:44,3.04,,
SPY250613P00601000,2025-06-13 15:38:44,3.979,,
SPY250613P00599000,2025-06-13 15:38:48,2.08,,
SPY250613P00600000,2025-06-13 15:38:48,3.04,,
SPY250613P00601000,2025-06-13 15:38:48,3.979,,
SPY250613P00599000,2025-06-13 15:38:52,2.08,,
SPY250613P00600000,2025-06-13 15:38:52,3.04,,
SPY250613P00601000,2025-06-13 15:38:52,3.979,,
SPY250613P00599000,2025-06-13 15:38:56,2.08,,
SPY250613P00600000,2025-06-13 15:38:56,3.04,,
SPY250613P00601000,2025-06-13 15:38:56,3.979,,
SPY250613P00599000,2025-06-13 15:39:00,2.23,,
SPY250613P00600000,2025-06-13 15:39:00,3.14,,
SPY250613P00601000,2025-06-13 15:39:00,4.09,,
SPY250613P00599000,2025-06-13 15:39:05,2.22,,
SPY250613P00600000,2025-06-13 15:39:05,3.14,,
SPY250613P00601000,2025-06-13 15:39:05,4.09,,
SPY250613P00599000,2025-06-13 15:39:09,2.33,,
SPY250613P00600000,2025-06-13 15:39:09,3.229,,
SPY250613P00601000,2025-06-13 15:39:09,4.35,,
SPY250613P00599000,2025-06-13 15:39:13,2.33,,
SPY250613P00600000,2025-06-13 15:39:13,3.36,,
SPY250613P00601000,2025-06-13 15:39:13,4.35,,
SPY250613P00599000,2025-06-13 15:39:17,2.36,,
SPY250613P00600000,2025-06-13 15:39:17,3.36,,
SPY250613P00601000,2025-06-13 15:39:17,4.35,,
SPY250613P00599000,2025-06-13 15:39:21,2.39,,
SPY250613P00600000,2025-06-13 15:39:21,3.36,,
SPY250613P00601000,2025-06-13 15:39:21,4.35,,
SPY250613P00599000,2025-06-13 15:39:25,2.36,,
SPY250613P00600000,2025-06-13 15:39:25,3.36,,
SPY250613P00601000,2025-06-13 15:39:25,4.35,,
SPY250613P00599000,2025-06-13 15:39:30,2.44,,
SPY250613P00600000,2025-06-13 15:39:30,3.32,,
SPY250613P00601000,2025-06-13 15:39:30,4.34,,
SPY250613P00599000,2025-06-13 15:39:34,2.27,,
SPY250613P00600000,2025-06-13 15:39:34,3.32,,
SPY250613P00601000,2025-06-13 15:39:34,4.34,,
SPY250613P00599000,2025-06-13 15:39:38,2.22,,
SPY250613P00600000,2025-06-13 15:39:38,3.2,,
SPY250613P00601000,2025-06-13 15:39:38,4.23,,
SPY250613P00599000,2025-06-13 15:39:42,2.33,,
SPY250613P00600000,2025-06-13 15:39:42,3.25,,
SPY250613P00601000,2025-06-13 15:39:42,4.23,,
SPY250613P00599000,2025-06-13 15:39:46,2.32,,
SPY250613P00600000,2025-06-13 15:39:46,3.25,,
SPY250613P00601000,2025-06-13 15:39:46,4.23,,
SPY250613P00599000,2025-06-13 15:39:50,2.32,,
SPY250613P00600000,2025-06-13 15:39:50,3.31,,
SPY250613P00601000,2025-06-13 15:39:50,4.23,,
SPY250613P00599000,2025-06-13 15:39:55,2.32,,
SPY250613P00600000,2025-06-13 15:39:55,3.26,,
SPY250613P00601000,2025-06-13 15:39:55,4.23,,
SPY250613P00599000,2025-06-13 15:39:59,2.29,,
SPY250613P00600000,2025-06-13 15:39:59,3.329,,
SPY250613P00601000,2025-06-13 15:39:59,4.23,,
SPY250613P00599000,2025-06-13 15:40:03,2.41,,
SPY250613P00600000,2025-06-13 15:40:03,3.32,,
SPY250613P00601000,2025-06-13 15:40:03,4.23,,
SPY250613P00599000,2025-06-13 15:40:07,2.41,,
SPY250613P00600000,2025-06-13 15:40:07,3.42,,
SPY250613P00601000,2025-06-13 15:40:07,4.23,,
SPY250613P00599000,2025-06-13 15:40:11,2.47,,
SPY250613P00600000,2025-06-13 15:40:11,3.49,,
SPY250613P00601000,2025-06-13 15:40:11,4.46,,
SPY250613P00599000,2025-06-13 15:40:16,2.56,,
SPY250613P00600000,2025-06-13 15:40:16,3.41,,
SPY250613P00601000,2025-06-13 15:40:16,4.46,,
SPY250613P00599000,2025-06-13 15:40:20,2.56,,
SPY250613P00600000,2025-06-13 15:40:20,3.49,,
SPY250613P00601000,2025-06-13 15:40:20,4.46,,
SPY250613P00599000,2025-06-13 15:40:25,2.46,,
SPY250613P00600000,2025-06-13 15:40:25,3.429,,
SPY250613P00601000,2025-06-13 15:40:25,4.39,,
SPY250613P00599000,2025-06-13 15:40:29,2.39,,
SPY250613P00600000,2025-06-13 15:40:29,3.41,,
SPY250613P00601000,2025-06-13 15:40:29,4.34,,
SPY250613P00599000,2025-06-13 15:40:33,2.39,,
SPY250613P00600000,2025-06-13 15:40:33,3.429,,
SPY250613P00601000,2025-06-13 15:40:33,4.41,,
SPY250613P00599000,2025-06-13 15:40:37,2.33,,
SPY250613P00600000,2025-06-13 15:40:37,3.36,,
SPY250613P00601000,2025-06-13 15:40:37,4.41,,
SPY250613P00599000,2025-06-13 15:40:41,2.33,,
SPY250613P00600000,2025-06-13 15:40:41,3.36,,
SPY250613P00601000,2025-06-13 15:40:41,4.41,,
SPY250613P00599000,2025-06-13 15:40:45,2.33,,
SPY250613P00600000,2025-06-13 15:40:45,3.36,,
SPY250613P00601000,2025-06-13 15:40:45,4.19,,
SPY250613P00599000,2025-06-13 15:40:49,2.28,,
SPY250613P00600000,2025-06-13 15:40:49,3.2,,
SPY250613P00601000,2025-06-13 15:40:49,4.19,,
SPY250613P00599000,2025-06-13 15:40:53,2.28,,
SPY250613P00600000,2025-06-13 15:40:53,3.2,,
SPY250613P00601000,2025-06-13 15:40:53,4.19,,
SPY250613P00599000,2025-06-13 15:40:58,2.28,,
SPY250613P00600000,2025-06-13 15:40:58,3.2,,
SPY250613P00601000,2025-06-13 15:40:58,4.07,,
SPY250613P00599000,2025-06-13 15:41:02,2.12,,
SPY250613P00600000,2025-06-13 15:41:02,3.14,,
SPY250613P00601000,2025-06-13 15:41:02,4.07,,
SPY250613P00599000,2025-06-13 15:41:06,2.12,,
SPY250613P00600000,2025-06-13 15:41:06,3.12,,
SPY250613P00601000,2025-06-13 15:41:06,4.07,,
SPY250613P00599000,2025-06-13 15:41:10,2.13,,
SPY250613P00600000,2025-06-13 15:41:10,3.04,,
SPY250613P00601000,2025-06-13 15:41:10,3.99,,
SPY250613P00599000,2025-06-13 15:41:14,2.02,,
SPY250613P00600000,2025-06-13 15:41:14,3.04,,
SPY250613P00601000,2025-06-13 15:41:14,3.99,,
SPY250613P00599000,2025-06-13 15:41:18,2.07,,
SPY250613P00600000,2025-06-13 15:41:18,3.04,,
SPY250613P00601000,2025-06-13 15:41:18,3.99,,
SPY250613P00599000,2025-06-13 15:41:22,2.07,,
SPY250613P00600000,2025-06-13 15:41:22,3.04,,
SPY250613P00601000,2025-06-13 15:41:22,3.99,,
SPY250613P00599000,2025-06-13 15:41:26,2.07,,
SPY250613P00600000,2025-06-13 15:41:26,3.04,,
SPY250613P00601000,2025-06-13 15:41:26,4.2,,
SPY250613P00599000,2025-06-13 15:41:30,2.17,,
SPY250613P00600000,2025-06-13 15:41:30,3.04,,
SPY250613P00601000,2025-06-13 15:41:30,4.2,,
SPY250613P00599000,2025-06-13 15:41:34,2.21,,
SPY250613P00600000,2025-06-13 15:41:34,3.11,,
SPY250613P00601000,2025-06-13 15:41:34,4.2,,
SPY250613P00599000,2025-06-13 15:41:38,2.21,,
SPY250613P00600000,2025-06-13 15:41:38,3.09,,
SPY250613P00601000,2025-06-13 15:41:38,4.2,,
SPY250613P00599000,2025-06-13 15:41:42,2.23,,
SPY250613P00600000,2025-06-13 15:41:42,3.09,,
SPY250613P00601000,2025-06-13 15:41:42,4.079,,
SPY250613P00599000,2025-06-13 15:41:46,2.23,,
SPY250613P00600000,2025-06-13 15:41:46,3.06,,
SPY250613P00601000,2025-06-13 15:41:46,4.14,,
SPY250613P00599000,2025-06-13 15:41:50,2.23,,
SPY250613P00600000,2025-06-13 15:41:50,3.06,,
SPY250613P00601000,2025-06-13 15:41:50,4.02,,
SPY250613P00599000,2025-06-13 15:41:54,2.2,,
SPY250613P00600000,2025-06-13 15:41:54,3.06,,
SPY250613P00601000,2025-06-13 15:41:54,4.02,,
SPY250613P00599000,2025-06-13 15:41:58,2.36,,
SPY250613P00600000,2025-06-13 15:41:58,3.06,,
SPY250613P00601000,2025-06-13 15:41:58,4.02,,
SPY250613P00599000,2025-06-13 15:42:02,2.33,,
SPY250613P00600000,2025-06-13 15:42:02,3.27,,
SPY250613P00601000,2025-06-13 15:42:02,4.31,,
SPY250613P00599000,2025-06-13 15:42:06,2.45,,
SPY250613P00600000,2025-06-13 15:42:06,3.39,,
SPY250613P00601000,2025-06-13 15:42:06,4.31,,
SPY250613P00599000,2025-06-13 15:42:10,2.5,,
SPY250613P00600000,2025-06-13 15:42:10,3.39,,
SPY250613P00601000,2025-06-13 15:42:10,4.31,,
SPY250613P00599000,2025-06-13 15:42:14,2.57,,
SPY250613P00600000,2025-06-13 15:42:14,3.39,,
SPY250613P00601000,2025-06-13 15:42:14,4.31,,
SPY250613P00599000,2025-06-13 15:42:18,2.47,,
SPY250613P00600000,2025-06-13 15:42:18,3.36,,
SPY250613P00601000,2025-06-13 15:42:18,4.55,,
SPY250613P00599000,2025-06-13 15:42:23,2.58,,
SPY250613P00600000,2025-06-13 15:42:23,3.6,,
SPY250613P00601000,2025-06-13 15:42:23,4.56,,
SPY250613P00599000,2025-06-13 15:42:27,2.59,,
SPY250613P00600000,2025-06-13 15:42:27,3.6,,
SPY250613P00601000,2025-06-13 15:42:27,4.56,,
SPY250613P00599000,2025-06-13 15:42:31,2.6,,
SPY250613P00600000,2025-06-13 15:42:31,3.65,,
SPY250613P00601000,2025-06-13 15:42:31,4.63,,
SPY250613P00599000,2025-06-13 15:42:35,2.68,,
SPY250613P00600000,2025-06-13 15:42:35,3.65,,
SPY250613P00601000,2025-06-13 15:42:35,4.63,,
SPY250613P00599000,2025-06-13 15:42:39,2.65,,
SPY250613P00600000,2025-06-13 15:42:39,3.729,,
SPY250613P00601000,2025-06-13 15:42:39,4.59,,
SPY250613P00599000,2025-06-13 15:42:43,2.74,,
SPY250613P00600000,2025-06-13 15:42:43,3.729,,
SPY250613P00601000,2025-06-13 15:42:43,4.63,,
SPY250613P00599000,2025-06-13 15:42:47,2.74,,
SPY250613P00600000,2025-06-13 15:42:47,3.729,,
SPY250613P00601000,2025-06-13 15:42:47,4.63,,
SPY250613P00599000,2025-06-13 15:42:51,2.75,,
SPY250613P00600000,2025-06-13 15:42:51,3.74,,
SPY250613P00601000,2025-06-13 15:42:51,4.63,,
SPY250613P00599000,2025-06-13 15:42:55,2.79,,
SPY250613P00600000,2025-06-13 15:42:55,3.74,,
SPY250613P00601000,2025-06-13 15:42:55,4.63,,
SPY250613P00599000,2025-06-13 15:42:59,2.69,,
SPY250613P00600000,2025-06-13 15:42:59,3.79,,
SPY250613P00601000,2025-06-13 15:42:59,4.63,,
SPY250613P00599000,2025-06-13 15:43:03,2.71,,
SPY250613P00600000,2025-06-13 15:43:03,3.8,,
SPY250613P00601000,2025-06-13 15:43:03,4.71,,
SPY250613P00599000,2025-06-13 15:43:07,2.76,,
SPY250613P00600000,2025-06-13 15:43:07,3.79,,
SPY250613P00601000,2025-06-13 15:43:07,4.72,,
SPY250613P00599000,2025-06-13 15:43:11,2.76,,
SPY250613P00600000,2025-06-13 15:43:11,3.76,,
SPY250613P00601000,2025-06-13 15:43:11,4.68,,
SPY250613P00599000,2025-06-13 15:43:15,2.71,,
SPY250613P00600000,2025-06-13 15:43:15,3.76,,
SPY250613P00601000,2025-06-13 15:43:15,4.68,,
SPY250613P00599000,2025-06-13 15:43:19,2.79,,
SPY250613P00600000,2025-06-13 15:43:19,3.74,,
SPY250613P00601000,2025-06-13 15:43:19,4.68,,
SPY250613P00599000,2025-06-13 15:43:23,2.73,,
SPY250613P00600000,2025-06-13 15:43:23,3.76,,
SPY250613P00601000,2025-06-13 15:43:23,4.68,,
SPY250613P00599000,2025-06-13 15:43:27,2.75,,
SPY250613P00600000,2025-06-13 15:43:27,3.729,,
SPY250613P00601000,2025-06-13 15:43:27,4.71,,
SPY250613P00599000,2025-06-13 15:43:31,2.75,,
SPY250613P00600000,2025-06-13 15:43:31,3.7,,
SPY250613P00601000,2025-06-13 15:43:31,4.61,,
SPY250613P00599000,2025-06-13 15:43:36,2.71,,
SPY250613P00600000,2025-06-13 15:43:36,3.729,,
SPY250613P00601000,2025-06-13 15:43:36,4.75,,
SPY250613P00599000,2025-06-13 15:43:40,2.72,,
SPY250613P00600000,2025-06-13 15:43:40,3.729,,
SPY250613P00601000,2025-06-13 15:43:40,4.73,,
SPY250613P00599000,2025-06-13 15:43:44,2.79,,
SPY250613P00600000,2025-06-13 15:43:44,3.74,,
SPY250613P00601000,2025-06-13 15:43:44,4.73,,
SPY250613P00599000,2025-06-13 15:43:48,2.79,,
SPY250613P00600000,2025-06-13 15:43:48,3.74,,
SPY250613P00601000,2025-06-13 15:43:48,4.73,,
SPY250613P00599000,2025-06-13 15:43:52,2.79,,
SPY250613P00600000,2025-06-13 15:43:52,3.82,,
SPY250613P00601000,2025-06-13 15:43:52,4.73,,
SPY250613P00599000,2025-06-13 15:43:56,2.76,,
SPY250613P00600000,2025-06-13 15:43:56,3.82,,
SPY250613P00601000,2025-06-13 15:43:56,4.73,,
SPY250613P00599000,2025-06-13 15:44:00,2.75,,
SPY250613P00600000,2025-06-13 15:44:00,3.82,,
SPY250613P00601000,2025-06-13 15:44:00,4.68,,
SPY250613P00599000,2025-06-13 15:44:04,2.74,,
SPY250613P00600000,2025-06-13 15:44:04,3.82,,
SPY250613P00601000,2025-06-13 15:44:04,4.64,,
SPY250613P00599000,2025-06-13 15:44:08,2.75,,
SPY250613P00600000,2025-06-13 15:44:08,3.779,,
SPY250613P00601000,2025-06-13 15:44:08,4.64,,
SPY250613P00599000,2025-06-13 15:44:12,2.71,,
SPY250613P00600000,2025-06-13 15:44:12,3.72,,
SPY250613P00601000,2025-06-13 15:44:12,4.66,,
SPY250613P00599000,2025-06-13 15:44:16,2.73,,
SPY250613P00600000,2025-06-13 15:44:16,3.7,,
SPY250613P00601000,2025-06-13 15:44:16,4.66,,
SPY250613P00599000,2025-06-13 15:44:20,2.85,,
SPY250613P00600000,2025-06-13 15:44:20,3.86,,
SPY250613P00601000,2025-06-13 15:44:20,4.66,,
SPY250613P00599000,2025-06-13 15:44:24,2.85,,
SPY250613P00600000,2025-06-13 15:44:24,3.82,,
SPY250613P00601000,2025-06-13 15:44:24,4.72,,
SPY250613P00599000,2025-06-13 15:44:28,2.85,,
SPY250613P00600000,2025-06-13 15:44:28,3.87,,
SPY250613P00601000,2025-06-13 15:44:28,4.72,,
SPY250613P00599000,2025-06-13 15:44:32,2.85,,
SPY250613P00600000,2025-06-13 15:44:32,3.87,,
SPY250613P00601000,2025-06-13 15:44:32,4.72,,
SPY250613P00599000,2025-06-13 15:44:36,2.85,,
SPY250613P00600000,2025-06-13 15:44:36,3.87,,
SPY250613P00601000,2025-06-13 15:44:36,4.72,,
SPY250613P00599000,2025-06-13 15:44:40,2.85,,
SPY250613P00600000,2025-06-13 15:44:40,3.87,,
SPY250613P00601000,2025-06-13 15:44:40,4.84,,
SPY250613P00599000,2025-06-13 15:44:44,2.85,,
SPY250613P00600000,2025-06-13 15:44:44,3.82,,
SPY250613P00601000,2025-06-13 15:44:44,4.84,,
SPY250613P00599000,2025-06-13 15:44:49,2.76,,
SPY250613P00600000,2025-06-13 15:44:49,3.86,,
SPY250613P00601000,2025-06-13 15:44:49,4.84,,
SPY250613P00599000,2025-06-13 15:44:53,2.85,,
SPY250613P00600000,2025-06-13 15:44:53,3.86,,
SPY250613P00601000,2025-06-13 15:44:53,4.84,,
SPY250613P00599000,2025-06-13 15:44:57,2.79,,
SPY250613P00600000,2025-06-13 15:44:57,3.86,,
SPY250613P00601000,2025-06-13 15:44:57,4.84,,
SPY250613P00599000,2025-06-13 15:45:01,2.89,,
SPY250613P00600000,2025-06-13 15:45:01,3.73,,
SPY250613P00601000,2025-06-13 15:45:01,4.84,,
SPY250613P00599000,2025-06-13 15:45:05,2.74,,
SPY250613P00600000,2025-06-13 15:45:05,3.75,,
SPY250613P00601000,2025-06-13 15:45:05,4.84,,
SPY250613P00599000,2025-06-13 15:45:09,2.89,,
SPY250613P00600000,2025-06-13 15:45:09,3.87,,
SPY250613P00601000,2025-06-13 15:45:09,4.76,,
SPY250613P00599000,2025-06-13 15:45:13,3.01,,
SPY250613P00600000,2025-06-13 15:45:13,3.929,,
SPY250613P00601000,2025-06-13 15:45:13,4.76,,
SPY250613P00599000,2025-06-13 15:45:17,2.93,,
SPY250613P00600000,2025-06-13 15:45:17,3.97,,
SPY250613P00601000,2025-06-13 15:45:17,4.93,,
SPY250613P00599000,2025-06-13 15:45:21,2.91,,
SPY250613P00600000,2025-06-13 15:45:21,3.94,,
SPY250613P00601000,2025-06-13 15:45:21,5.0,,
SPY250613P00599000,2025-06-13 15:45:25,2.96,,
SPY250613P00600000,2025-06-13 15:45:25,4.0,,
SPY250613P00601000,2025-06-13 15:45:25,5.03,,
SPY250613P00599000,2025-06-13 15:45:29,2.94,,
SPY250613P00600000,2025-06-13 15:45:29,4.0,,
SPY250613P00601000,2025-06-13 15:45:29,5.03,,
SPY250613P00599000,2025-06-13 15:45:33,3.15,,
SPY250613P00600000,2025-06-13 15:45:33,4.22,,
SPY250613P00601000,2025-06-13 15:45:33,5.05,,
SPY250613P00599000,2025-06-13 15:45:37,3.16,,
SPY250613P00600000,2025-06-13 15:45:37,4.09,,
SPY250613P00601000,2025-06-13 15:45:37,5.0,,
SPY250613P00599000,2025-06-13 15:45:41,3.2,,
SPY250613P00600000,2025-06-13 15:45:41,4.1,,
SPY250613P00601000,2025-06-13 15:45:41,5.03,,
SPY250613P00599000,2025-06-13 15:45:45,3.18,,
SPY250613P00600000,2025-06-13 15:45:45,4.1,,
SPY250613P00601000,2025-06-13 15:45:45,5.16,,
SPY250613P00599000,2025-06-13 15:45:49,3.2,,
SPY250613P00600000,2025-06-13 15:45:49,4.2,,
SPY250613P00601000,2025-06-13 15:45:49,5.38,,
SPY250613P00599000,2025-06-13 15:45:54,3.22,,
SPY250613P00600000,2025-06-13 15:45:54,4.24,,
SPY250613P00601000,2025-06-13 15:45:54,5.2,,
SPY250613P00599000,2025-06-13 15:45:59,3.29,,
SPY250613P00600000,2025-06-13 15:45:59,4.26,,
SPY250613P00601000,2025-06-13 15:45:59,5.21,,
SPY250613P00599000,2025-06-13 15:46:03,3.29,,
SPY250613P00600000,2025-06-13 15:46:03,4.29,,
SPY250613P00601000,2025-06-13 15:46:03,5.19,,
SPY250613P00599000,2025-06-13 15:46:08,3.329,,
SPY250613P00600000,2025-06-13 15:46:08,4.3,,
SPY250613P00601000,2025-06-13 15:46:08,5.22,,
SPY250613P00599000,2025-06-13 15:46:12,3.27,,
SPY250613P00600000,2025-06-13 15:46:12,4.44,,
SPY250613P00601000,2025-06-13 15:46:12,5.35,,
SPY250613P00599000,2025-06-13 15:46:16,3.379,,
SPY250613P00600000,2025-06-13 15:46:16,4.42,,
SPY250613P00601000,2025-06-13 15:46:16,5.31,,
SPY250613P00599000,2025-06-13 15:46:20,3.22,,
SPY250613P00600000,2025-06-13 15:46:20,4.21,,
SPY250613P00601000,2025-06-13 15:46:20,5.37,,
SPY250613P00599000,2025-06-13 15:46:24,3.17,,
SPY250613P00600000,2025-06-13 15:46:24,4.2,,
SPY250613P00601000,2025-06-13 15:46:24,5.25,,
SPY250613P00599000,2025-06-13 15:46:28,3.07,,
SPY250613P00600000,2025-06-13 15:46:28,4.06,,
SPY250613P00601000,2025-06-13 15:46:28,5.25,,
SPY250613P00599000,2025-06-13 15:46:32,3.15,,
SPY250613P00600000,2025-06-13 15:46:32,4.0,,
SPY250613P00601000,2025-06-13 15:46:32,5.18,,
SPY250613P00599000,2025-06-13 15:46:37,3.229,,
SPY250613P00600000,2025-06-13 15:46:37,4.24,,
SPY250613P00601000,2025-06-13 15:46:37,5.25,,
SPY250613P00599000,2025-06-13 15:46:41,3.15,,
SPY250613P00600000,2025-06-13 15:46:41,4.15,,
SPY250613P00601000,2025-06-13 15:46:41,5.25,,
SPY250613P00599000,2025-06-13 15:46:45,3.15,,
SPY250613P00600000,2025-06-13 15:46:45,4.1,,
SPY250613P00601000,2025-06-13 15:46:45,5.25,,
SPY250613P00599000,2025-06-13 15:46:49,2.97,,
SPY250613P00600000,2025-06-13 15:46:49,4.02,,
SPY250613P00601000,2025-06-13 15:46:49,5.08,,
SPY250613P00599000,2025-06-13 15:46:54,3.13,,
SPY250613P00600000,2025-06-13 15:46:54,4.05,,
SPY250613P00601000,2025-06-13 15:46:54,4.99,,
SPY250613P00599000,2025-06-13 15:46:59,3.1,,
SPY250613P00600000,2025-06-13 15:46:59,3.99,,
SPY250613P00601000,2025-06-13 15:46:59,4.94,,
SPY250613P00599000,2025-06-13 15:47:03,3.1,,
SPY250613P00600000,2025-06-13 15:47:03,3.99,,
SPY250613P00601000,2025-06-13 15:47:03,4.94,,
SPY250613P00599000,2025-06-13 15:47:07,3.06,,
SPY250613P00600000,2025-06-13 15:47:07,4.18,,
SPY250613P00601000,2025-06-13 15:47:07,5.07,,
SPY250613P00599000,2025-06-13 15:47:11,3.07,,
SPY250613P00600000,2025-06-13 15:47:11,4.09,,
SPY250613P00601000,2025-06-13 15:47:11,5.02,,
SPY250613P00599000,2025-06-13 15:47:15,3.04,,
SPY250613P00600000,2025-06-13 15:47:15,4.1,,
SPY250613P00601000,2025-06-13 15:47:15,5.02,,
SPY250613P00599000,2025-06-13 15:47:19,3.11,,
SPY250613P00600000,2025-06-13 15:47:19,4.1,,
SPY250613P00601000,2025-06-13 15:47:19,5.02,,
SPY250613P00599000,2025-06-13 15:47:23,3.11,,
SPY250613P00600000,2025-06-13 15:47:23,4.1,,
SPY250613P00601000,2025-06-13 15:47:23,5.02,,
SPY250613P00599000,2025-06-13 15:47:27,3.03,,
SPY250613P00600000,2025-06-13 15:47:27,3.99,,
SPY250613P00601000,2025-06-13 15:47:27,5.07,,
SPY250613P00599000,2025-06-13 15:47:31,3.03,,
SPY250613P00600000,2025-06-13 15:47:31,3.99,,
SPY250613P00601000,2025-06-13 15:47:31,5.03,,
SPY250613P00599000,2025-06-13 15:47:35,3.03,,
SPY250613P00600000,2025-06-13 15:47:35,3.99,,
SPY250613P00601000,2025-06-13 15:47:35,5.03,,
SPY250613P00599000,2025-06-13 15:47:39,2.79,,
SPY250613P00600000,2025-06-13 15:47:39,3.99,,
SPY250613P00601000,2025-06-13 15:47:39,5.03,,
SPY250613P00599000,2025-06-13 15:47:43,2.79,,
SPY250613P00600000,2025-06-13 15:47:43,3.84,,
SPY250613P00601000,2025-06-13 15:47:43,5.03,,
SPY250613P00599000,2025-06-13 15:47:47,2.79,,
SPY250613P00600000,2025-06-13 15:47:47,3.74,,
SPY250613P00601000,2025-06-13 15:47:47,5.03,,
SPY250613P00599000,2025-06-13 15:47:51,2.79,,
SPY250613P00600000,2025-06-13 15:47:51,3.74,,
SPY250613P00601000,2025-06-13 15:47:51,5.03,,
SPY250613P00599000,2025-06-13 15:47:55,2.79,,
SPY250613P00600000,2025-06-13 15:47:55,3.84,,
SPY250613P00601000,2025-06-13 15:47:55,5.03,,
SPY250613P00599000,2025-06-13 15:47:59,2.79,,
SPY250613P00600000,2025-06-13 15:47:59,3.84,,
SPY250613P00601000,2025-06-13 15:47:59,5.03,,
SPY250613P00599000,2025-06-13 15:48:03,2.79,,
SPY250613P00600000,2025-06-13 15:48:03,3.97,,
SPY250613P00601000,2025-06-13 15:48:03,5.03,,
SPY250613P00599000,2025-06-13 15:48:07,2.96,,
SPY250613P00600000,2025-06-13 15:48:07,3.929,,
SPY250613P00601000,2025-06-13 15:48:07,5.03,,
SPY250613P00599000,2025-06-13 15:48:11,2.96,,
SPY250613P00600000,2025-06-13 15:48:11,3.929,,
SPY250613P00601000,2025-06-13 15:48:11,5.03,,
SPY250613P00599000,2025-06-13 15:48:16,2.96,,
SPY250613P00600000,2025-06-13 15:48:16,3.979,,
SPY250613P00601000,2025-06-13 15:48:16,4.92,,
SPY250613P00599000,2025-06-13 15:48:20,2.99,,
SPY250613P00600000,2025-06-13 15:48:20,3.96,,
SPY250613P00601000,2025-06-13 15:48:20,4.92,,
SPY250613P00599000,2025-06-13 15:48:24,2.99,,
SPY250613P00600000,2025-06-13 15:48:24,4.029,,
SPY250613P00601000,2025-06-13 15:48:24,4.92,,
SPY250613P00599000,2025-06-13 15:48:28,3.14,,
SPY250613P00600000,2025-06-13 15:48:28,4.029,,
SPY250613P00601000,2025-06-13 15:48:28,4.92,,
SPY250613P00599000,2025-06-13 15:48:32,2.86,,
SPY250613P00600000,2025-06-13 15:48:32,3.96,,
SPY250613P00601000,2025-06-13 15:48:32,4.92,,
SPY250613P00599000,2025-06-13 15:48:36,2.89,,
SPY250613P00600000,2025-06-13 15:48:36,3.79,,
SPY250613P00601000,2025-06-13 15:48:36,4.92,,
SPY250613P00599000,2025-06-13 15:48:40,2.89,,
SPY250613P00600000,2025-06-13 15:48:40,3.91,,
SPY250613P00601000,2025-06-13 15:48:40,4.92,,
SPY250613P00599000,2025-06-13 15:48:44,2.86,,
SPY250613P00600000,2025-06-13 15:48:44,3.91,,
SPY250613P00601000,2025-06-13 15:48:44,4.92,,
SPY250613P00599000,2025-06-13 15:48:48,2.86,,
SPY250613P00600000,2025-06-13 15:48:48,3.91,,
SPY250613P00601000,2025-06-13 15:48:48,4.92,,
SPY250613P00599000,2025-06-13 15:48:52,2.51,,
SPY250613P00600000,2025-06-13 15:48:52,3.779,,
SPY250613P00601000,2025-06-13 15:48:52,4.92,,
SPY250613P00599000,2025-06-13 15:48:56,2.6,,
SPY250613P00600000,2025-06-13 15:48:56,3.779,,
SPY250613P00601000,2025-06-13 15:48:56,4.92,,
SPY250613P00599000,2025-06-13 15:49:00,2.6,,
SPY250613P00600000,2025-06-13 15:49:00,3.55,,
SPY250613P00601000,2025-06-13 15:49:00,4.92,,
SPY250613P00599000,2025-06-13 15:49:04,2.6,,
SPY250613P00600000,2025-06-13 15:49:04,3.55,,
SPY250613P00601000,2025-06-13 15:49:04,4.38,,
SPY250613P00599000,2025-06-13 15:49:08,2.33,,
SPY250613P00600000,2025-06-13 15:49:08,3.42,,
SPY250613P00601000,2025-06-13 15:49:08,4.38,,
SPY250613P00599000,2025-06-13 15:49:12,2.26,,
SPY250613P00600000,2025-06-13 15:49:12,3.42,,
SPY250613P00601000,2025-06-13 15:49:12,4.42,,
SPY250613P00599000,2025-06-13 15:49:16,2.52,,
SPY250613P00600000,2025-06-13 15:49:16,3.45,,
SPY250613P00601000,2025-06-13 15:49:16,4.42,,
SPY250613P00599000,2025-06-13 15:49:20,2.41,,
SPY250613P00600000,2025-06-13 15:49:20,3.45,,
SPY250613P00601000,2025-06-13 15:49:20,4.42,,
SPY250613P00599000,2025-06-13 15:49:25,2.3,,
SPY250613P00600000,2025-06-13 15:49:25,3.39,,
SPY250613P00601000,2025-06-13 15:49:25,4.42,,
SPY250613P00599000,2025-06-13 15:49:29,2.3,,
SPY250613P00600000,2025-06-13 15:49:29,3.42,,
SPY250613P00601000,2025-06-13 15:49:29,4.42,,
SPY250613P00599000,2025-06-13 15:49:33,2.48,,
SPY250613P00600000,2025-06-13 15:49:33,3.42,,
SPY250613P00601000,2025-06-13 15:49:33,4.45,,
SPY250613P00599000,2025-06-13 15:49:37,2.48,,
SPY250613P00600000,2025-06-13 15:49:37,3.42,,
SPY250613P00601000,2025-06-13 15:49:37,4.45,,
SPY250613P00599000,2025-06-13 15:49:41,2.61,,
SPY250613P00600000,2025-06-13 15:49:41,3.64,,
SPY250613P00601000,2025-06-13 15:49:41,4.57,,
SPY250613P00599000,2025-06-13 15:49:45,2.7,,
SPY250613P00600000,2025-06-13 15:49:45,3.59,,
SPY250613P00601000,2025-06-13 15:49:45,4.57,,
SPY250613P00599000,2025-06-13 15:49:49,2.7,,
SPY250613P00600000,2025-06-13 15:49:49,3.59,,
SPY250613P00601000,2025-06-13 15:49:49,4.57,,
SPY250613P00599000,2025-06-13 15:49:53,2.7,,
SPY250613P00600000,2025-06-13 15:49:53,3.59,,
SPY250613P00601000,2025-06-13 15:49:53,4.57,,
SPY250613P00599000,2025-06-13 15:49:57,2.7,,
SPY250613P00600000,2025-06-13 15:49:57,3.65,,
SPY250613P00601000,2025-06-13 15:49:57,4.57,,
SPY250613C00500000,2025-06-14 01:35:20,0,,3.5
SPY250613C00500000,2025-06-14 01:39:12,0,,2.75
SPY250613C00500000,2025-06-14 01:39:40,0,,2.75
SPY250613C00500000,2025-06-14 01:40:14,0,,2.75
SPY250613C00500000,2025-06-14 01:40:49,0,,2.75
SPY250613C00500000,2025-06-14 01:41:21,0,2.5,
SPY250613C00500000,2025-06-14 01:41:23,0,,2.75
SPY250613C00500000,2025-06-14 01:41:26,0,2.55,
SPY250613C00500000,2025-06-14 01:41:46,2.5,2.5,
SPY250613C00500000,2025-06-14 01:41:49,2.55,2.55,
SPY250613C00500000,2025-06-14 01:42:11,2.5,2.5,
SPY250613C00500000,2025-06-14 01:42:15,2.55,2.55,
SPY250613C00500000,2025-06-14 01:42:35,2.5,2.5,
SPY250613C00500000,2025-06-14 01:42:39,2.55,2.55,
