合约名称,时间,最新成交价,开仓价格,平仓价格
SPY250723C00632000,2025-07-23 13:30:04,,0.86,
SPY250723C00632000,2025-07-23 13:30:05,,,
SPY250723C00632000,2025-07-23 13:30:06,,,
SPY250723C00632000,2025-07-23 13:30:09,,,
SPY250723C00632000,2025-07-23 13:30:10,,,
SPY250723C00632000,2025-07-23 13:30:13,,,
SPY250723C00632000,2025-07-23 13:30:14,,,
SPY250723C00632000,2025-07-23 13:30:17,,,
SPY250723C00632000,2025-07-23 13:30:18,,,
SPY250723C00632000,2025-07-23 13:30:21,,,
SPY250723C00632000,2025-07-23 13:30:22,,,
SPY250723C00632000,2025-07-23 13:30:25,,,
SPY250723C00632000,2025-07-23 13:30:26,,,
SPY250723C00632000,2025-07-23 13:30:30,,,
SPY250723C00632000,2025-07-23 13:30:31,,,
SPY250723C00632000,2025-07-23 13:30:34,,,
SPY250723C00632000,2025-07-23 13:30:35,,,
SPY250723C00632000,2025-07-23 13:30:37,,,
SPY250723C00632000,2025-07-23 13:30:38,,,
SPY250723C00632000,2025-07-23 13:30:41,,,
SPY250723C00632000,2025-07-23 13:30:42,,,
SPY250723C00632000,2025-07-23 13:30:45,,,
SPY250723C00632000,2025-07-23 13:30:46,,,
SPY250723C00632000,2025-07-23 13:30:49,,,
SPY250723C00632000,2025-07-23 13:30:51,,,
SPY250723C00632000,2025-07-23 13:30:54,,,
SPY250723C00632000,2025-07-23 13:30:54,,,
SPY250723C00632000,2025-07-23 13:30:58,,,
SPY250723C00632000,2025-07-23 13:30:58,,,
SPY250723C00632000,2025-07-23 13:31:01,,,
SPY250723C00632000,2025-07-23 13:31:02,,,
SPY250723C00632000,2025-07-23 13:31:05,,,
SPY250723C00632000,2025-07-23 13:31:06,,,
SPY250723C00632000,2025-07-23 13:31:09,,,
SPY250723C00632000,2025-07-23 13:31:10,,,
SPY250723C00632000,2025-07-23 13:31:13,,,
SPY250723C00632000,2025-07-23 13:31:14,,,
SPY250723C00632000,2025-07-23 13:31:17,,,
SPY250723C00632000,2025-07-23 13:31:18,,,
SPY250723C00632000,2025-07-23 13:31:21,,,
SPY250723C00632000,2025-07-23 13:31:22,,,
SPY250723C00632000,2025-07-23 13:31:25,,,
SPY250723C00632000,2025-07-23 13:31:26,,,
SPY250723C00632000,2025-07-23 13:31:29,,,
SPY250723C00632000,2025-07-23 13:31:30,,,
SPY250723C00632000,2025-07-23 13:31:33,,,
SPY250723C00632000,2025-07-23 13:31:34,,,
SPY250723C00632000,2025-07-23 13:31:37,,,
SPY250723C00632000,2025-07-23 13:31:38,,,
SPY250723C00632000,2025-07-23 13:31:41,,,
SPY250723C00632000,2025-07-23 13:31:42,,,
SPY250723C00632000,2025-07-23 13:31:45,,,
SPY250723C00632000,2025-07-23 13:31:46,,,
SPY250723C00632000,2025-07-23 13:31:48,,,
SPY250723C00632000,2025-07-23 13:31:49,,,
SPY250723C00632000,2025-07-23 13:31:52,,,
SPY250723C00632000,2025-07-23 13:31:53,,,
SPY250723C00632000,2025-07-23 13:31:55,,,
SPY250723C00632000,2025-07-23 13:31:56,,,
SPY250723C00632000,2025-07-23 13:31:59,,,
SPY250723C00632000,2025-07-23 13:32:00,,,
SPY250723C00632000,2025-07-23 13:32:03,,,
SPY250723C00632000,2025-07-23 13:32:04,,,
SPY250723C00632000,2025-07-23 13:32:07,,,
SPY250723C00632000,2025-07-23 13:32:08,,,
SPY250723C00632000,2025-07-23 13:32:11,,,
SPY250723C00632000,2025-07-23 13:32:12,,,
SPY250723C00632000,2025-07-23 13:32:15,,,
SPY250723C00632000,2025-07-23 13:32:16,,,
SPY250723C00632000,2025-07-23 13:32:19,,,
SPY250723C00632000,2025-07-23 13:32:20,,,
SPY250723C00632000,2025-07-23 13:32:23,,,
SPY250723C00632000,2025-07-23 13:32:24,,,
SPY250723C00632000,2025-07-23 13:32:27,,,
SPY250723C00632000,2025-07-23 13:32:28,,,
SPY250723C00632000,2025-07-23 13:32:31,,,
SPY250723C00632000,2025-07-23 13:32:32,,,
SPY250723C00632000,2025-07-23 13:32:35,,,
SPY250723C00632000,2025-07-23 13:32:36,,,
SPY250723C00632000,2025-07-23 13:32:39,,,
SPY250723C00632000,2025-07-23 13:32:40,,,
SPY250723C00632000,2025-07-23 13:32:42,,,
SPY250723C00632000,2025-07-23 13:32:43,,,
SPY250723C00632000,2025-07-23 13:32:46,,,
SPY250723C00632000,2025-07-23 13:32:47,,,
SPY250723C00632000,2025-07-23 13:32:50,,,
SPY250723C00632000,2025-07-23 13:32:51,,,
SPY250723C00632000,2025-07-23 13:32:54,,,
SPY250723C00632000,2025-07-23 13:32:55,,,
SPY250723C00632000,2025-07-23 13:32:58,,,
SPY250723C00632000,2025-07-23 13:32:59,,,
SPY250723C00632000,2025-07-23 13:33:02,,,
SPY250723C00632000,2025-07-23 13:33:03,,,
SPY250723C00632000,2025-07-23 13:33:06,,,
SPY250723C00632000,2025-07-23 13:33:07,,,
SPY250723C00632000,2025-07-23 13:33:10,,,
SPY250723C00632000,2025-07-23 13:33:11,,,
SPY250723C00632000,2025-07-23 13:33:13,,,
SPY250723C00632000,2025-07-23 13:33:14,,,
SPY250723C00632000,2025-07-23 13:33:17,,,
SPY250723C00632000,2025-07-23 13:33:18,,,
SPY250723C00632000,2025-07-23 13:33:21,,,
SPY250723C00632000,2025-07-23 13:33:22,,,
SPY250723C00632000,2025-07-23 13:33:25,,,
SPY250723C00632000,2025-07-23 13:33:26,,,
SPY250723C00632000,2025-07-23 13:33:29,,,
SPY250723C00632000,2025-07-23 13:33:30,,,
SPY250723C00632000,2025-07-23 13:33:33,,,
SPY250723C00632000,2025-07-23 13:33:34,,,
SPY250723C00632000,2025-07-23 13:33:37,,,
SPY250723C00632000,2025-07-23 13:33:38,,,
SPY250723C00632000,2025-07-23 13:33:41,,,
SPY250723C00632000,2025-07-23 13:33:42,,,
SPY250723C00632000,2025-07-23 13:33:44,,,
SPY250723C00632000,2025-07-23 13:33:45,,,
SPY250723C00632000,2025-07-23 13:33:49,,,
SPY250723C00632000,2025-07-23 13:33:50,,,
SPY250723C00632000,2025-07-23 13:33:53,,,
SPY250723C00632000,2025-07-23 13:33:54,,,
SPY250723C00632000,2025-07-23 13:33:57,,,
SPY250723C00632000,2025-07-23 13:33:58,,,
SPY250723C00632000,2025-07-23 13:34:01,,,
SPY250723C00632000,2025-07-23 13:34:01,,,
SPY250723C00632000,2025-07-23 13:34:04,,,
SPY250723C00632000,2025-07-23 13:34:05,,,
SPY250723C00632000,2025-07-23 13:34:09,,,
SPY250723C00632000,2025-07-23 13:34:09,,,
SPY250723C00632000,2025-07-23 13:34:12,,,
SPY250723C00632000,2025-07-23 13:34:13,,,
SPY250723C00632000,2025-07-23 13:34:16,,,
SPY250723C00632000,2025-07-23 13:34:17,,,
SPY250723C00632000,2025-07-23 13:34:20,,,
SPY250723C00632000,2025-07-23 13:34:21,,,
SPY250723C00632000,2025-07-23 13:34:24,,,
SPY250723C00632000,2025-07-23 13:34:25,,,
SPY250723C00632000,2025-07-23 13:34:28,,,
SPY250723C00632000,2025-07-23 13:34:29,,,
SPY250723C00632000,2025-07-23 13:34:32,,,
SPY250723C00632000,2025-07-23 13:34:33,,,
SPY250723C00632000,2025-07-23 13:34:36,,,
SPY250723C00632000,2025-07-23 13:34:37,,,
SPY250723C00632000,2025-07-23 13:34:40,,,
SPY250723C00632000,2025-07-23 13:34:41,,,
SPY250723C00632000,2025-07-23 13:34:44,,,
SPY250723C00632000,2025-07-23 13:34:44,,,
SPY250723C00632000,2025-07-23 13:34:47,,,
SPY250723C00632000,2025-07-23 13:34:48,,,
SPY250723C00632000,2025-07-23 13:34:51,,,
SPY250723C00632000,2025-07-23 13:34:52,,,
SPY250723C00632000,2025-07-23 13:34:55,,,
SPY250723C00632000,2025-07-23 13:34:56,,,
SPY250723C00632000,2025-07-23 13:34:59,,,
SPY250723C00632000,2025-07-23 13:35:00,,,
SPY250723C00632000,2025-07-23 13:35:03,,,
SPY250723C00632000,2025-07-23 13:35:04,,,
SPY250723C00632000,2025-07-23 13:35:06,,,
SPY250723C00632000,2025-07-23 13:35:07,,,
SPY250723C00632000,2025-07-23 13:35:10,,,
SPY250723C00632000,2025-07-23 13:35:11,,,
SPY250723C00632000,2025-07-23 13:35:14,,,
SPY250723C00632000,2025-07-23 13:35:15,,,
SPY250723C00632000,2025-07-23 13:35:18,,,
SPY250723C00632000,2025-07-23 13:35:19,,,
SPY250723C00632000,2025-07-23 13:35:22,,,
SPY250723C00632000,2025-07-23 13:35:23,,,
SPY250723C00632000,2025-07-23 13:35:26,,,
SPY250723C00632000,2025-07-23 13:35:27,,,
SPY250723C00632000,2025-07-23 13:35:30,,,
SPY250723C00632000,2025-07-23 13:35:31,,,
SPY250723C00632000,2025-07-23 13:35:34,,,
SPY250723C00632000,2025-07-23 13:35:35,,,
SPY250723C00632000,2025-07-23 13:35:37,,,
SPY250723C00632000,2025-07-23 13:35:38,,,
SPY250723C00632000,2025-07-23 13:35:41,,,
SPY250723C00632000,2025-07-23 13:35:42,,,
SPY250723C00632000,2025-07-23 13:35:45,,,
SPY250723C00632000,2025-07-23 13:35:46,,,
SPY250723C00632000,2025-07-23 13:35:49,,,
SPY250723C00632000,2025-07-23 13:35:50,,,
SPY250723C00632000,2025-07-23 13:35:53,,,
SPY250723C00632000,2025-07-23 13:35:54,,,
SPY250723C00632000,2025-07-23 13:35:57,,,
SPY250723C00632000,2025-07-23 13:35:58,,,
SPY250723C00632000,2025-07-23 13:36:01,,,
SPY250723C00632000,2025-07-23 13:36:02,,,
SPY250723C00632000,2025-07-23 13:36:05,,,
SPY250723C00632000,2025-07-23 13:36:06,,,
SPY250723C00632000,2025-07-23 13:36:09,,,
SPY250723C00632000,2025-07-23 13:36:10,,,
SPY250723C00632000,2025-07-23 13:36:13,,,
SPY250723C00632000,2025-07-23 13:36:14,,,
SPY250723C00632000,2025-07-23 13:36:17,,,
SPY250723C00632000,2025-07-23 13:36:18,,,
SPY250723C00632000,2025-07-23 13:36:21,,,
SPY250723C00632000,2025-07-23 13:36:21,,,
SPY250723C00632000,2025-07-23 13:36:24,,,
SPY250723C00632000,2025-07-23 13:36:25,,,
SPY250723C00632000,2025-07-23 13:36:28,,,
SPY250723C00632000,2025-07-23 13:36:29,,,
SPY250723C00632000,2025-07-23 13:36:32,,,
SPY250723C00632000,2025-07-23 13:36:33,,,
SPY250723C00632000,2025-07-23 13:36:36,,,
SPY250723C00632000,2025-07-23 13:36:37,,,
SPY250723C00632000,2025-07-23 13:36:40,,,
SPY250723C00632000,2025-07-23 13:36:41,,,
SPY250723C00632000,2025-07-23 13:36:44,,,
SPY250723C00632000,2025-07-23 13:36:45,,,
SPY250723C00632000,2025-07-23 13:36:48,,,
SPY250723C00632000,2025-07-23 13:36:49,,,
SPY250723C00632000,2025-07-23 13:36:52,,,
SPY250723C00632000,2025-07-23 13:36:53,,,
SPY250723C00632000,2025-07-23 13:36:56,,,
SPY250723C00632000,2025-07-23 13:36:57,,,
SPY250723C00632000,2025-07-23 13:37:00,,,
SPY250723C00632000,2025-07-23 13:37:01,,,
SPY250723C00632000,2025-07-23 13:37:04,,,
SPY250723C00632000,2025-07-23 13:37:05,,,
SPY250723C00632000,2025-07-23 13:37:08,,,
SPY250723C00632000,2025-07-23 13:37:09,,,
SPY250723C00632000,2025-07-23 13:37:12,,,
SPY250723C00632000,2025-07-23 13:37:12,,,
SPY250723C00632000,2025-07-23 13:37:15,,,
SPY250723C00632000,2025-07-23 13:37:16,,,
SPY250723C00632000,2025-07-23 13:37:19,,,
SPY250723C00632000,2025-07-23 13:37:20,,,
SPY250723C00632000,2025-07-23 13:37:23,,,
SPY250723C00632000,2025-07-23 13:37:24,,,
SPY250723C00632000,2025-07-23 13:37:27,,,
SPY250723C00632000,2025-07-23 13:37:27,,,
SPY250723C00632000,2025-07-23 13:37:31,,,
SPY250723C00632000,2025-07-23 13:37:32,,,
SPY250723C00632000,2025-07-23 13:37:34,,,
SPY250723C00632000,2025-07-23 13:37:35,,,
SPY250723C00632000,2025-07-23 13:37:38,,,
SPY250723C00632000,2025-07-23 13:37:39,,,
SPY250723C00632000,2025-07-23 13:37:42,,,
SPY250723C00632000,2025-07-23 13:37:43,,,
SPY250723C00632000,2025-07-23 13:37:46,,,
SPY250723C00632000,2025-07-23 13:37:46,,,
SPY250723C00632000,2025-07-23 13:37:50,,,
SPY250723C00632000,2025-07-23 13:37:50,,,
SPY250723C00632000,2025-07-23 13:37:53,,,
SPY250723C00632000,2025-07-23 13:37:54,,,
SPY250723C00632000,2025-07-23 13:37:57,,,
SPY250723C00632000,2025-07-23 13:37:58,,,
SPY250723C00632000,2025-07-23 13:38:01,,,
SPY250723C00632000,2025-07-23 13:38:02,,,
SPY250723C00632000,2025-07-23 13:38:05,,,
SPY250723C00632000,2025-07-23 13:38:06,,,
SPY250723C00632000,2025-07-23 13:38:09,,,
SPY250723C00632000,2025-07-23 13:38:09,,,
SPY250723C00632000,2025-07-23 13:38:13,,,
SPY250723C00632000,2025-07-23 13:38:13,,,
SPY250723C00632000,2025-07-23 13:38:17,,,
SPY250723C00632000,2025-07-23 13:38:17,,,
SPY250723C00632000,2025-07-23 13:38:21,,,
SPY250723C00632000,2025-07-23 13:38:21,,,
SPY250723C00632000,2025-07-23 13:38:24,,,
SPY250723C00632000,2025-07-23 13:38:25,,,
SPY250723C00632000,2025-07-23 13:38:28,,,
SPY250723C00632000,2025-07-23 13:38:29,,,
SPY250723C00632000,2025-07-23 13:38:33,,,
SPY250723C00632000,2025-07-23 13:38:33,,,
SPY250723C00632000,2025-07-23 13:38:36,,,
SPY250723C00632000,2025-07-23 13:38:37,,,
SPY250723C00632000,2025-07-23 13:38:40,,,
SPY250723C00632000,2025-07-23 13:38:41,,,
SPY250723C00632000,2025-07-23 13:38:44,,,
SPY250723C00632000,2025-07-23 13:38:45,,,
SPY250723C00632000,2025-07-23 13:38:49,,,
SPY250723C00632000,2025-07-23 13:38:50,,,
SPY250723C00632000,2025-07-23 13:38:53,,,
SPY250723C00632000,2025-07-23 13:38:54,,,
SPY250723C00632000,2025-07-23 13:38:56,,,
SPY250723C00632000,2025-07-23 13:38:57,,,
SPY250723C00632000,2025-07-23 13:39:00,,,
SPY250723C00632000,2025-07-23 13:39:01,,,
SPY250723C00632000,2025-07-23 13:39:04,,,
SPY250723C00632000,2025-07-23 13:39:05,,,
SPY250723C00632000,2025-07-23 13:39:09,,,
SPY250723C00632000,2025-07-23 13:39:09,,,
SPY250723C00632000,2025-07-23 13:39:12,,,
SPY250723C00632000,2025-07-23 13:39:13,,,
SPY250723C00632000,2025-07-23 13:39:16,,,
SPY250723C00632000,2025-07-23 13:39:17,,,
SPY250723C00632000,2025-07-23 13:39:20,,,
SPY250723C00632000,2025-07-23 13:39:21,,,
SPY250723C00632000,2025-07-23 13:39:24,,,
SPY250723C00632000,2025-07-23 13:39:25,,,
SPY250723C00632000,2025-07-23 13:39:28,,,
SPY250723C00632000,2025-07-23 13:39:29,,,
SPY250723C00632000,2025-07-23 13:39:32,,,
SPY250723C00632000,2025-07-23 13:39:33,,,
SPY250723C00632000,2025-07-23 13:39:36,,,
SPY250723C00632000,2025-07-23 13:39:37,,,
SPY250723C00632000,2025-07-23 13:39:40,,,
SPY250723C00632000,2025-07-23 13:39:41,,,
SPY250723C00632000,2025-07-23 13:39:44,,,
SPY250723C00632000,2025-07-23 13:39:45,,,
SPY250723C00632000,2025-07-23 13:39:47,,,
SPY250723C00632000,2025-07-23 13:39:48,,,
SPY250723C00632000,2025-07-23 13:39:51,,,
SPY250723C00632000,2025-07-23 13:39:52,,,
SPY250723C00632000,2025-07-23 13:39:55,,,
SPY250723C00632000,2025-07-23 13:39:56,,,
SPY250723C00632000,2025-07-23 13:39:59,,,
SPY250723C00632000,2025-07-23 13:40:00,,,
SPY250723C00632000,2025-07-23 13:40:03,,,
SPY250723C00632000,2025-07-23 13:40:03,,,
SPY250723C00632000,2025-07-23 13:40:07,,,
SPY250723C00632000,2025-07-23 13:40:07,,,
SPY250723C00632000,2025-07-23 13:40:10,,,
SPY250723C00632000,2025-07-23 13:40:11,,,
SPY250723C00632000,2025-07-23 13:40:14,,,
SPY250723C00632000,2025-07-23 13:40:15,,,
SPY250723C00632000,2025-07-23 13:40:18,,,
SPY250723C00632000,2025-07-23 13:40:19,,,
SPY250723C00632000,2025-07-23 13:40:22,,,
SPY250723C00632000,2025-07-23 13:40:23,,,
SPY250723C00632000,2025-07-23 13:40:26,,,
SPY250723C00632000,2025-07-23 13:40:27,,,
SPY250723C00632000,2025-07-23 13:40:29,,,
SPY250723C00632000,2025-07-23 13:40:30,,,
SPY250723C00632000,2025-07-23 13:40:33,,,
SPY250723C00632000,2025-07-23 13:40:34,,,
SPY250723C00632000,2025-07-23 13:40:37,,,
SPY250723C00632000,2025-07-23 13:40:38,,,
SPY250723C00632000,2025-07-23 13:40:41,,,
SPY250723C00632000,2025-07-23 13:40:42,,,
SPY250723C00632000,2025-07-23 13:40:45,,,
SPY250723C00632000,2025-07-23 13:40:47,,,
SPY250723C00632000,2025-07-23 13:40:50,,,
SPY250723C00632000,2025-07-23 13:40:51,,,
SPY250723C00632000,2025-07-23 13:40:54,,,
SPY250723C00632000,2025-07-23 13:40:55,,,
SPY250723C00632000,2025-07-23 13:40:58,,,
SPY250723C00632000,2025-07-23 13:40:59,,,
SPY250723C00632000,2025-07-23 13:41:02,,,
SPY250723C00632000,2025-07-23 13:41:03,,,
SPY250723C00632000,2025-07-23 13:41:06,,,
SPY250723C00632000,2025-07-23 13:41:07,,,
SPY250723C00632000,2025-07-23 13:41:09,,,
SPY250723C00632000,2025-07-23 13:41:10,,,
SPY250723C00632000,2025-07-23 13:41:13,,,
SPY250723C00632000,2025-07-23 13:41:14,,,
SPY250723C00632000,2025-07-23 13:41:16,,,
SPY250723C00632000,2025-07-23 13:41:17,,,
SPY250723C00632000,2025-07-23 13:41:20,,,
SPY250723C00632000,2025-07-23 13:41:21,,,
SPY250723C00632000,2025-07-23 13:41:24,,,
SPY250723C00632000,2025-07-23 13:41:25,,,
SPY250723C00632000,2025-07-23 13:41:28,,,
SPY250723C00632000,2025-07-23 13:41:29,,,
SPY250723C00632000,2025-07-23 13:41:31,,,
SPY250723C00632000,2025-07-23 13:41:32,,,
SPY250723C00632000,2025-07-23 13:41:35,,,
SPY250723C00632000,2025-07-23 13:41:36,,,
SPY250723C00632000,2025-07-23 13:41:38,,,
SPY250723C00632000,2025-07-23 13:41:39,,,
SPY250723C00632000,2025-07-23 13:41:42,,,
SPY250723C00632000,2025-07-23 13:41:43,,,
SPY250723C00632000,2025-07-23 13:41:46,,,
SPY250723C00632000,2025-07-23 13:41:47,,,
SPY250723C00632000,2025-07-23 13:41:50,,,
SPY250723C00632000,2025-07-23 13:41:51,,,
SPY250723C00632000,2025-07-23 13:41:54,,,
SPY250723C00632000,2025-07-23 13:41:55,,,
SPY250723C00632000,2025-07-23 13:41:58,,,
SPY250723C00632000,2025-07-23 13:41:59,,,
SPY250723C00632000,2025-07-23 13:42:02,,,
SPY250723C00632000,2025-07-23 13:42:03,,,
SPY250723C00632000,2025-07-23 13:42:05,,,
SPY250723C00632000,2025-07-23 13:42:06,,,
SPY250723C00632000,2025-07-23 13:42:09,,,
SPY250723C00632000,2025-07-23 13:42:10,,,
SPY250723C00632000,2025-07-23 13:42:13,,,
SPY250723C00632000,2025-07-23 13:42:14,,,
SPY250723C00632000,2025-07-23 13:42:17,,,
SPY250723C00632000,2025-07-23 13:42:18,,,
SPY250723C00632000,2025-07-23 13:42:21,,,
SPY250723C00632000,2025-07-23 13:42:22,,,
SPY250723C00632000,2025-07-23 13:42:25,,,
SPY250723C00632000,2025-07-23 13:42:26,,,
SPY250723C00632000,2025-07-23 13:42:29,,,
SPY250723C00632000,2025-07-23 13:42:29,,,
SPY250723C00632000,2025-07-23 13:42:33,,,
SPY250723C00632000,2025-07-23 13:42:33,,,
SPY250723C00632000,2025-07-23 13:42:36,,,
SPY250723C00632000,2025-07-23 13:42:37,,,
SPY250723C00632000,2025-07-23 13:42:40,,,
SPY250723C00632000,2025-07-23 13:42:41,,,
SPY250723C00632000,2025-07-23 13:42:44,,,
SPY250723C00632000,2025-07-23 13:42:45,,,
SPY250723C00632000,2025-07-23 13:42:49,,,
SPY250723C00632000,2025-07-23 13:42:50,,,
SPY250723C00632000,2025-07-23 13:42:53,,,
SPY250723C00632000,2025-07-23 13:42:53,,,
SPY250723C00632000,2025-07-23 13:42:57,,,
SPY250723C00632000,2025-07-23 13:42:57,,,
SPY250723C00632000,2025-07-23 13:43:00,,,
SPY250723C00632000,2025-07-23 13:43:01,,,
SPY250723C00632000,2025-07-23 13:43:04,,,
SPY250723C00632000,2025-07-23 13:43:05,,,
SPY250723C00632000,2025-07-23 13:43:08,,,
SPY250723C00632000,2025-07-23 13:43:09,,,
SPY250723C00632000,2025-07-23 13:43:12,,,
SPY250723C00632000,2025-07-23 13:43:13,,,
SPY250723C00632000,2025-07-23 13:43:16,,,
SPY250723C00632000,2025-07-23 13:43:17,,,
SPY250723C00632000,2025-07-23 13:43:20,,,
SPY250723C00632000,2025-07-23 13:43:21,,,
SPY250723C00632000,2025-07-23 13:43:24,,,
SPY250723C00632000,2025-07-23 13:43:25,,,
SPY250723C00632000,2025-07-23 13:43:28,,,
SPY250723C00632000,2025-07-23 13:43:29,,,
SPY250723C00632000,2025-07-23 13:43:32,,,
SPY250723C00632000,2025-07-23 13:43:32,,,
SPY250723C00632000,2025-07-23 13:43:36,,,
SPY250723C00632000,2025-07-23 13:43:36,,,
SPY250723C00632000,2025-07-23 13:43:39,,,
SPY250723C00632000,2025-07-23 13:43:40,,,
SPY250723C00632000,2025-07-23 13:43:43,,,
SPY250723C00632000,2025-07-23 13:43:44,,,
SPY250723C00632000,2025-07-23 13:43:47,,,
SPY250723C00632000,2025-07-23 13:43:48,,,
SPY250723C00632000,2025-07-23 13:43:51,,,
SPY250723C00632000,2025-07-23 13:43:52,,,
SPY250723C00632000,2025-07-23 13:43:55,,,
SPY250723C00632000,2025-07-23 13:43:56,,,
SPY250723C00632000,2025-07-23 13:43:59,,,
SPY250723C00632000,2025-07-23 13:44:00,,,
SPY250723C00632000,2025-07-23 13:44:02,,,
SPY250723C00632000,2025-07-23 13:44:03,,,
SPY250723C00632000,2025-07-23 13:44:06,,,
SPY250723C00632000,2025-07-23 13:44:07,,,
SPY250723C00632000,2025-07-23 13:44:10,,,
SPY250723C00632000,2025-07-23 13:44:11,,,
SPY250723C00632000,2025-07-23 13:44:14,,,
SPY250723C00632000,2025-07-23 13:44:15,,,
SPY250723C00632000,2025-07-23 13:44:18,,,
SPY250723C00632000,2025-07-23 13:44:18,,,
SPY250723C00632000,2025-07-23 13:44:22,,,
SPY250723C00632000,2025-07-23 13:44:22,,,
SPY250723C00632000,2025-07-23 13:44:25,,,
SPY250723C00632000,2025-07-23 13:44:26,,,
SPY250723C00632000,2025-07-23 13:44:29,,,
SPY250723C00632000,2025-07-23 13:44:30,,,
SPY250723C00632000,2025-07-23 13:44:33,,,
SPY250723C00632000,2025-07-23 13:44:34,,,
SPY250723C00632000,2025-07-23 13:44:37,,,
SPY250723C00632000,2025-07-23 13:44:38,,,
SPY250723C00632000,2025-07-23 13:44:41,,,
SPY250723C00632000,2025-07-23 13:44:42,,,
SPY250723C00632000,2025-07-23 13:44:45,,,
SPY250723C00632000,2025-07-23 13:44:46,,,
SPY250723C00632000,2025-07-23 13:44:49,,,
SPY250723C00632000,2025-07-23 13:44:50,,,
SPY250723C00632000,2025-07-23 13:44:53,,,
SPY250723C00632000,2025-07-23 13:44:54,,,
SPY250723C00632000,2025-07-23 13:44:57,,,
SPY250723C00632000,2025-07-23 13:44:57,,,
SPY250723C00632000,2025-07-23 13:45:00,,,
SPY250723C00632000,2025-07-23 13:45:01,,,
SPY250723C00632000,2025-07-23 13:45:04,,,
SPY250723C00632000,2025-07-23 13:45:05,,,
SPY250723C00632000,2025-07-23 13:45:09,,,
SPY250723C00632000,2025-07-23 13:45:10,,,
SPY250723C00632000,2025-07-23 13:45:12,,,
SPY250723C00632000,2025-07-23 13:45:13,,,
SPY250723C00632000,2025-07-23 13:45:16,,,
SPY250723C00632000,2025-07-23 13:45:17,,,
SPY250723C00632000,2025-07-23 13:45:20,,,
SPY250723C00632000,2025-07-23 13:45:21,,,
SPY250723C00632000,2025-07-23 13:45:24,,,
SPY250723C00632000,2025-07-23 13:45:25,,,
SPY250723C00632000,2025-07-23 13:45:28,,,
SPY250723C00632000,2025-07-23 13:45:29,,,
SPY250723C00632000,2025-07-23 13:45:31,,,
SPY250723C00632000,2025-07-23 13:45:33,,,
SPY250723C00632000,2025-07-23 13:45:35,,,
SPY250723C00632000,2025-07-23 13:45:36,,,
SPY250723C00632000,2025-07-23 13:45:39,,,
SPY250723C00632000,2025-07-23 13:45:40,,,
SPY250723C00632000,2025-07-23 13:45:43,,,
SPY250723C00632000,2025-07-23 13:45:44,,,
SPY250723C00632000,2025-07-23 13:45:46,,,
SPY250723C00632000,2025-07-23 13:45:47,,,
SPY250723C00632000,2025-07-23 13:45:50,,,
SPY250723C00632000,2025-07-23 13:45:51,,,
SPY250723C00632000,2025-07-23 13:45:54,,,
SPY250723C00632000,2025-07-23 13:45:55,,,
SPY250723C00632000,2025-07-23 13:45:58,,,
SPY250723C00632000,2025-07-23 13:45:59,,,
SPY250723C00632000,2025-07-23 13:46:02,,,
SPY250723C00632000,2025-07-23 13:46:03,,,
SPY250723C00632000,2025-07-23 13:46:06,,,
SPY250723C00632000,2025-07-23 13:46:07,,,
SPY250723C00632000,2025-07-23 13:46:10,,,
SPY250723C00632000,2025-07-23 13:46:11,,,
SPY250723C00632000,2025-07-23 13:46:14,,,
SPY250723C00632000,2025-07-23 13:46:15,,,
SPY250723C00632000,2025-07-23 13:46:17,,,
SPY250723C00632000,2025-07-23 13:46:18,,,
SPY250723C00632000,2025-07-23 13:46:21,,,
SPY250723C00632000,2025-07-23 13:46:22,,,
SPY250723C00632000,2025-07-23 13:46:27,,,1.31
SPY250723C00632000,2025-07-23 13:46:27,,,
SPY250723C00632000,2025-07-23 13:46:28,,,
SPY250723C00632000,2025-07-23 13:46:31,,,
SPY250723C00632000,2025-07-23 13:46:35,,,
SPY250723C00632000,2025-07-23 13:46:38,,,
SPY250723C00632000,2025-07-23 13:46:42,,,
SPY250723C00632000,2025-07-23 13:46:45,,,
SPY250723C00632000,2025-07-23 13:46:49,,,
SPY250723C00632000,2025-07-23 13:46:52,,,
SPY250723C00632000,2025-07-23 13:46:56,,,
SPY250723C00632000,2025-07-23 13:46:59,,,
SPY250723C00632000,2025-07-23 13:47:03,,,
SPY250723C00632000,2025-07-23 13:47:06,,,
SPY250723C00632000,2025-07-23 13:47:10,,,
SPY250723C00632000,2025-07-23 13:47:13,,,
SPY250723C00632000,2025-07-23 13:47:16,,,
SPY250723C00632000,2025-07-23 13:47:20,,,
SPY250723C00632000,2025-07-23 13:47:24,,,
SPY250723C00632000,2025-07-23 13:47:27,,,
SPY250723C00632000,2025-07-23 13:47:31,,,
SPY250723C00632000,2025-07-23 13:47:34,,,
SPY250723C00632000,2025-07-23 13:47:38,,,
SPY250723C00632000,2025-07-23 13:47:41,,,
SPY250723C00632000,2025-07-23 13:47:45,,,
SPY250723C00632000,2025-07-23 13:47:48,,,
SPY250723C00632000,2025-07-23 13:47:52,,,
SPY250723C00632000,2025-07-23 13:47:55,,,
SPY250723C00632000,2025-07-23 13:47:59,,,
SPY250723C00632000,2025-07-23 13:48:02,,,
SPY250723C00632000,2025-07-23 13:48:06,,,
SPY250723C00632000,2025-07-23 13:48:09,,,
SPY250723C00632000,2025-07-23 13:48:13,,,
SPY250723C00632000,2025-07-23 13:48:16,,,
SPY250723C00632000,2025-07-23 13:48:20,,,
SPY250723C00632000,2025-07-23 13:48:23,,,
SPY250723C00632000,2025-07-23 13:48:27,,,
SPY250723C00632000,2025-07-23 13:48:30,,,
SPY250723C00632000,2025-07-23 13:48:34,,,
SPY250723C00632000,2025-07-23 13:48:37,,,
SPY250723C00632000,2025-07-23 13:48:41,,,
SPY250723C00632000,2025-07-23 13:48:44,,,
SPY250723C00632000,2025-07-23 13:48:48,,,
SPY250723C00632000,2025-07-23 13:48:51,,,
SPY250723C00632000,2025-07-23 13:48:55,,,
SPY250723C00632000,2025-07-23 13:48:58,,,
SPY250723C00632000,2025-07-23 13:49:02,,,
SPY250723C00632000,2025-07-23 13:49:05,,,
SPY250723C00632000,2025-07-23 13:49:09,,,
SPY250723C00632000,2025-07-23 13:49:12,,,
SPY250723C00632000,2025-07-23 13:49:16,,,
SPY250723C00632000,2025-07-23 13:49:19,,,
SPY250723C00632000,2025-07-23 13:49:23,,,
SPY250723C00632000,2025-07-23 13:49:26,,,
SPY250723C00632000,2025-07-23 13:49:30,,,
SPY250723C00632000,2025-07-23 13:49:33,,,
SPY250723C00632000,2025-07-23 13:49:37,,,
SPY250723C00632000,2025-07-23 13:49:40,,,
SPY250723C00632000,2025-07-23 13:49:44,,,
SPY250723C00632000,2025-07-23 13:49:47,,,
SPY250723C00632000,2025-07-23 13:49:51,,,
SPY250723C00632000,2025-07-23 13:49:54,,,
SPY250723C00632000,2025-07-23 13:49:58,,,
SPY250723C00632000,2025-07-23 13:50:01,,,
SPY250723C00632000,2025-07-23 13:50:05,,,
SPY250723C00632000,2025-07-23 13:50:08,,,
SPY250723C00632000,2025-07-23 13:50:12,,,
SPY250723C00632000,2025-07-23 13:50:15,,,
SPY250723C00632000,2025-07-23 13:50:19,,,
SPY250723C00632000,2025-07-23 13:50:22,,,
SPY250723C00632000,2025-07-23 13:50:26,,,
SPY250723C00632000,2025-07-23 13:50:30,,,
SPY250723C00632000,2025-07-23 13:50:33,,,
SPY250723C00632000,2025-07-23 13:50:37,,,
SPY250723C00632000,2025-07-23 13:50:40,,,
SPY250723C00632000,2025-07-23 13:50:43,,,
SPY250723C00632000,2025-07-23 13:50:47,,,
SPY250723C00632000,2025-07-23 13:50:50,,,
SPY250723C00632000,2025-07-23 13:50:54,,,
SPY250723C00632000,2025-07-23 13:50:57,,,
SPY250723C00632000,2025-07-23 13:51:01,,,
SPY250723C00632000,2025-07-23 13:51:05,,,
SPY250723C00632000,2025-07-23 13:51:08,,,
SPY250723C00632000,2025-07-23 13:51:12,,,
SPY250723C00632000,2025-07-23 13:51:15,,,
SPY250723C00632000,2025-07-23 13:51:19,,,
SPY250723C00632000,2025-07-23 13:51:23,,,
SPY250723C00632000,2025-07-23 13:51:26,,,
SPY250723C00632000,2025-07-23 13:51:30,,,
SPY250723C00632000,2025-07-23 13:51:33,,,
SPY250723C00632000,2025-07-23 13:51:37,,,
SPY250723C00632000,2025-07-23 13:51:40,,,
SPY250723C00632000,2025-07-23 13:51:44,,,
SPY250723C00632000,2025-07-23 13:51:47,,,
SPY250723C00632000,2025-07-23 13:51:51,,,
SPY250723C00632000,2025-07-23 13:51:54,,,
SPY250723C00632000,2025-07-23 13:51:57,,,
SPY250723C00632000,2025-07-23 13:52:01,,,
SPY250723C00632000,2025-07-23 13:52:04,,,
SPY250723C00632000,2025-07-23 13:52:08,,,
SPY250723C00632000,2025-07-23 13:52:12,,,
SPY250723C00632000,2025-07-23 13:52:15,,,
SPY250723C00632000,2025-07-23 13:52:19,,,
SPY250723C00632000,2025-07-23 13:52:22,,,
SPY250723C00632000,2025-07-23 13:52:26,,,
SPY250723C00632000,2025-07-23 13:52:29,,,
SPY250723C00632000,2025-07-23 13:52:33,,,
SPY250723C00632000,2025-07-23 13:52:36,,,
SPY250723C00632000,2025-07-23 13:52:40,,,
SPY250723C00632000,2025-07-23 13:52:43,,,
SPY250723C00632000,2025-07-23 13:52:47,,,
SPY250723C00632000,2025-07-23 13:52:50,,,
SPY250723C00632000,2025-07-23 13:52:54,,,
SPY250723C00632000,2025-07-23 13:52:58,,,
SPY250723C00632000,2025-07-23 13:53:01,,,
SPY250723C00632000,2025-07-23 13:53:05,,,
SPY250723C00632000,2025-07-23 13:53:09,,,
SPY250723C00632000,2025-07-23 13:53:12,,,
SPY250723C00632000,2025-07-23 13:53:16,,,
SPY250723C00632000,2025-07-23 13:53:19,,,
SPY250723C00632000,2025-07-23 13:53:23,,,
SPY250723C00632000,2025-07-23 13:53:26,,,
SPY250723C00632000,2025-07-23 13:53:30,,,
SPY250723C00632000,2025-07-23 13:53:33,,,
SPY250723C00632000,2025-07-23 13:53:37,,,
SPY250723C00632000,2025-07-23 13:53:40,,,
SPY250723C00632000,2025-07-23 13:53:44,,,
SPY250723C00632000,2025-07-23 13:53:47,,,
SPY250723C00632000,2025-07-23 13:53:51,,,
SPY250723C00632000,2025-07-23 13:53:55,,,
SPY250723C00632000,2025-07-23 13:53:59,,,
SPY250723C00632000,2025-07-23 13:54:02,,,
SPY250723C00632000,2025-07-23 13:54:06,,,
SPY250723C00632000,2025-07-23 13:54:09,,,
SPY250723C00632000,2025-07-23 13:54:13,,,
SPY250723C00632000,2025-07-23 13:54:16,,,
SPY250723C00632000,2025-07-23 13:54:20,,,
SPY250723C00632000,2025-07-23 13:54:23,,,
SPY250723C00632000,2025-07-23 13:54:27,,,
SPY250723C00632000,2025-07-23 13:54:30,,,
SPY250723C00632000,2025-07-23 13:54:33,,,
SPY250723C00632000,2025-07-23 13:54:37,,,
SPY250723C00632000,2025-07-23 13:54:40,,,
SPY250723C00632000,2025-07-23 13:54:44,,,
SPY250723C00632000,2025-07-23 13:54:48,,,
SPY250723C00632000,2025-07-23 13:54:51,,,
SPY250723C00632000,2025-07-23 13:54:55,,,
SPY250723C00632000,2025-07-23 13:54:58,,,
SPY250723C00632000,2025-07-23 13:55:02,,,
SPY250723C00632000,2025-07-23 13:55:05,,,
SPY250723C00632000,2025-07-23 13:55:09,,,
SPY250723C00632000,2025-07-23 13:55:12,,,
SPY250723C00632000,2025-07-23 13:55:16,,,
SPY250723C00632000,2025-07-23 13:55:19,,,
SPY250723C00632000,2025-07-23 13:55:23,,,
SPY250723C00632000,2025-07-23 13:55:26,,,
SPY250723C00632000,2025-07-23 13:55:29,,,
SPY250723C00632000,2025-07-23 13:55:33,,,
SPY250723C00632000,2025-07-23 13:55:36,,,
SPY250723C00632000,2025-07-23 13:55:40,,,
SPY250723C00632000,2025-07-23 13:55:43,,,
SPY250723C00632000,2025-07-23 13:55:47,,,
SPY250723C00632000,2025-07-23 13:55:50,,,
SPY250723C00632000,2025-07-23 13:55:54,,,
SPY250723C00632000,2025-07-23 13:55:57,,,
SPY250723C00632000,2025-07-23 13:56:01,,,
SPY250723C00632000,2025-07-23 13:56:04,,,
SPY250723C00632000,2025-07-23 13:56:08,,,
SPY250723C00632000,2025-07-23 13:56:12,,,
SPY250723C00632000,2025-07-23 13:56:15,,,
SPY250723C00632000,2025-07-23 13:56:19,,,
SPY250723C00632000,2025-07-23 13:56:22,,,
SPY250723C00632000,2025-07-23 13:56:26,,,
SPY250723C00632000,2025-07-23 13:56:29,,,
SPY250723C00632000,2025-07-23 13:56:33,,,
SPY250723C00632000,2025-07-23 13:56:36,,,
SPY250723C00632000,2025-07-23 13:56:39,,,
SPY250723C00632000,2025-07-23 13:56:43,,,
SPY250723C00632000,2025-07-23 13:56:46,,,
SPY250723C00632000,2025-07-23 13:56:50,,,
SPY250723C00632000,2025-07-23 13:56:53,,,
SPY250723C00632000,2025-07-23 13:56:57,,,
SPY250723C00632000,2025-07-23 13:57:00,,,
SPY250723C00632000,2025-07-23 13:57:04,,,
SPY250723C00632000,2025-07-23 13:57:07,,,
SPY250723C00632000,2025-07-23 13:57:11,,,
SPY250723C00632000,2025-07-23 13:57:14,,,
SPY250723C00632000,2025-07-23 13:57:18,,,
SPY250723C00632000,2025-07-23 13:57:21,,,
SPY250723C00632000,2025-07-23 13:57:25,,,
SPY250723C00632000,2025-07-23 13:57:28,,,
SPY250723C00632000,2025-07-23 13:57:32,,,
SPY250723C00632000,2025-07-23 13:57:35,,,
SPY250723C00632000,2025-07-23 13:57:39,,,
SPY250723C00632000,2025-07-23 13:57:42,,,
SPY250723C00632000,2025-07-23 13:57:46,,,
SPY250723C00632000,2025-07-23 13:57:49,,,
SPY250723C00632000,2025-07-23 13:57:53,,,
SPY250723C00632000,2025-07-23 13:57:57,,,
SPY250723C00632000,2025-07-23 13:58:00,,,
SPY250723C00632000,2025-07-23 13:58:04,,,
SPY250723C00632000,2025-07-23 13:58:07,,,
SPY250723C00632000,2025-07-23 13:58:11,,,
SPY250723C00632000,2025-07-23 13:58:14,,,
SPY250723C00632000,2025-07-23 13:58:18,,,
SPY250723C00632000,2025-07-23 13:58:21,,,
SPY250723C00632000,2025-07-23 13:58:25,,,
SPY250723C00632000,2025-07-23 13:58:29,,,
SPY250723C00632000,2025-07-23 13:58:34,,,
SPY250723C00632000,2025-07-23 13:58:38,,,
SPY250723C00632000,2025-07-23 13:58:41,,,
SPY250723C00632000,2025-07-23 13:58:45,,,
SPY250723C00632000,2025-07-23 13:58:48,,,
SPY250723C00632000,2025-07-23 13:58:52,,,
SPY250723C00632000,2025-07-23 13:58:56,,,
SPY250723C00632000,2025-07-23 13:58:59,,,
SPY250723C00632000,2025-07-23 13:59:03,,,
SPY250723C00632000,2025-07-23 13:59:06,,,
SPY250723C00632000,2025-07-23 13:59:10,,,
SPY250723C00632000,2025-07-23 13:59:13,,,
SPY250723C00632000,2025-07-23 13:59:17,,,
SPY250723C00632000,2025-07-23 13:59:20,,,
SPY250723C00632000,2025-07-23 13:59:24,,,
SPY250723C00632000,2025-07-23 13:59:27,,,
SPY250723C00632000,2025-07-23 13:59:31,,,
SPY250723C00632000,2025-07-23 13:59:34,,,
SPY250723C00632000,2025-07-23 13:59:38,,,
SPY250723C00632000,2025-07-23 13:59:41,,,
SPY250723C00632000,2025-07-23 13:59:45,,,
SPY250723C00632000,2025-07-23 13:59:48,,,
SPY250723C00632000,2025-07-23 13:59:52,,,
SPY250723C00632000,2025-07-23 13:59:55,,,
SPY250723C00632000,2025-07-23 13:59:59,,,
SPY250723C00632000,2025-07-23 14:00:02,,,
SPY250723C00632000,2025-07-23 14:00:06,,,
SPY250723C00632000,2025-07-23 14:00:09,,,
SPY250723C00632000,2025-07-23 14:00:13,,,
SPY250723C00632000,2025-07-23 14:00:16,,,
SPY250723C00632000,2025-07-23 14:00:19,,,
SPY250723C00632000,2025-07-23 14:00:23,,,
SPY250723C00632000,2025-07-23 14:00:26,,,
SPY250723C00632000,2025-07-23 14:00:30,,,
SPY250723C00632000,2025-07-23 14:00:34,,,
SPY250723C00632000,2025-07-23 14:00:37,,,
SPY250723C00632000,2025-07-23 14:00:41,,,
SPY250723C00632000,2025-07-23 14:00:44,,,
SPY250723C00632000,2025-07-23 14:00:47,,,
SPY250723C00632000,2025-07-23 14:00:51,,,
SPY250723C00632000,2025-07-23 14:00:54,,,
SPY250723C00632000,2025-07-23 14:00:58,,,
SPY250723C00632000,2025-07-23 14:01:02,,,
SPY250723C00632000,2025-07-23 14:01:05,,,
SPY250723C00632000,2025-07-23 14:01:08,,,
SPY250723C00632000,2025-07-23 14:01:12,,,
SPY250723C00632000,2025-07-23 14:01:15,,,
SPY250723C00632000,2025-07-23 14:01:19,,,
SPY250723C00632000,2025-07-23 14:01:22,,,
SPY250723C00632000,2025-07-23 14:01:26,,,
SPY250723C00632000,2025-07-23 14:01:29,,,
SPY250723C00632000,2025-07-23 14:01:33,,,
SPY250723C00632000,2025-07-23 14:01:36,,,
SPY250723C00632000,2025-07-23 14:01:40,,,
SPY250723C00632000,2025-07-23 14:01:43,,,
SPY250723C00632000,2025-07-23 14:01:47,,,
SPY250723C00632000,2025-07-23 14:01:50,,,
SPY250723C00632000,2025-07-23 14:01:54,,,
SPY250723C00632000,2025-07-23 14:01:57,,,
SPY250723C00632000,2025-07-23 14:02:01,,,
SPY250723C00632000,2025-07-23 14:02:04,,,
SPY250723C00632000,2025-07-23 14:02:08,,,
SPY250723C00632000,2025-07-23 14:02:12,,,
SPY250723C00632000,2025-07-23 14:02:15,,,
SPY250723C00632000,2025-07-23 14:02:19,,,
SPY250723C00632000,2025-07-23 14:02:22,,,
SPY250723C00632000,2025-07-23 14:02:26,,,
SPY250723C00632000,2025-07-23 14:02:29,,,
SPY250723C00632000,2025-07-23 14:02:33,,,
SPY250723C00632000,2025-07-23 14:02:36,,,
SPY250723C00632000,2025-07-23 14:02:40,,,
SPY250723C00632000,2025-07-23 14:02:43,,,
SPY250723C00632000,2025-07-23 14:02:47,,,
SPY250723C00632000,2025-07-23 14:02:50,,,
SPY250723C00632000,2025-07-23 14:02:54,,,
SPY250723C00632000,2025-07-23 14:02:57,,,
SPY250723C00632000,2025-07-23 14:03:01,,,
SPY250723C00632000,2025-07-23 14:03:04,,,
SPY250723C00632000,2025-07-23 14:03:08,,,
SPY250723C00632000,2025-07-23 14:03:12,,,
SPY250723C00632000,2025-07-23 14:03:15,,,
SPY250723C00632000,2025-07-23 14:03:19,,,
SPY250723C00632000,2025-07-23 14:03:22,,,
SPY250723C00632000,2025-07-23 14:03:26,,,
SPY250723C00632000,2025-07-23 14:03:29,,,
SPY250723C00632000,2025-07-23 14:03:33,,,
SPY250723C00632000,2025-07-23 14:03:36,,,
SPY250723C00632000,2025-07-23 14:03:40,,,
SPY250723C00632000,2025-07-23 14:03:43,,,
SPY250723C00632000,2025-07-23 14:03:47,,,
SPY250723C00632000,2025-07-23 14:03:50,,,
SPY250723C00632000,2025-07-23 14:03:54,,,
SPY250723C00632000,2025-07-23 14:03:57,,,
SPY250723C00632000,2025-07-23 14:04:01,,,
SPY250723C00632000,2025-07-23 14:04:04,,,
SPY250723C00632000,2025-07-23 14:04:08,,,
SPY250723C00632000,2025-07-23 14:04:12,,,
SPY250723C00632000,2025-07-23 14:04:15,,,
SPY250723C00632000,2025-07-23 14:04:19,,,
SPY250723C00632000,2025-07-23 14:04:22,,,
SPY250723C00632000,2025-07-23 14:04:26,,,
SPY250723C00632000,2025-07-23 14:04:29,,,
SPY250723C00632000,2025-07-23 14:04:33,,,
SPY250723C00632000,2025-07-23 14:04:36,,,
SPY250723C00632000,2025-07-23 14:04:39,,,
SPY250723C00632000,2025-07-23 14:04:43,,,
SPY250723C00632000,2025-07-23 14:04:47,,,
SPY250723C00632000,2025-07-23 14:04:50,,,
SPY250723C00632000,2025-07-23 14:04:54,,,
SPY250723C00632000,2025-07-23 14:04:57,,,
SPY250723C00632000,2025-07-23 14:05:00,,,
SPY250723C00632000,2025-07-23 14:05:04,,,
SPY250723C00632000,2025-07-23 14:05:07,,,
SPY250723C00632000,2025-07-23 14:05:11,,,
SPY250723C00632000,2025-07-23 14:05:15,,,
SPY250723C00632000,2025-07-23 14:05:18,,,
SPY250723C00632000,2025-07-23 14:05:21,,,
SPY250723C00632000,2025-07-23 14:05:25,,,
SPY250723C00632000,2025-07-23 14:05:28,,,
SPY250723C00632000,2025-07-23 14:05:32,,,
SPY250723C00632000,2025-07-23 14:05:36,,,
SPY250723C00632000,2025-07-23 14:05:39,,,
SPY250723C00632000,2025-07-23 14:05:43,,,
SPY250723C00632000,2025-07-23 14:05:46,,,
SPY250723C00632000,2025-07-23 14:05:50,,,
SPY250723C00632000,2025-07-23 14:05:53,,,
SPY250723C00632000,2025-07-23 14:05:57,,,
SPY250723C00632000,2025-07-23 14:06:00,,,
SPY250723C00632000,2025-07-23 14:06:04,,,
SPY250723C00632000,2025-07-23 14:06:07,,,
SPY250723C00632000,2025-07-23 14:06:11,,,
SPY250723C00632000,2025-07-23 14:06:14,,,
SPY250723C00632000,2025-07-23 14:06:18,,,
SPY250723C00632000,2025-07-23 14:06:21,,,
SPY250723C00632000,2025-07-23 14:06:25,,,
SPY250723C00632000,2025-07-23 14:06:28,,,
SPY250723C00632000,2025-07-23 14:06:32,,,
SPY250723C00632000,2025-07-23 14:06:36,,,
SPY250723C00632000,2025-07-23 14:06:39,,,
SPY250723C00632000,2025-07-23 14:06:43,,,
SPY250723C00632000,2025-07-23 14:06:46,,,
SPY250723C00632000,2025-07-23 14:06:50,,,
SPY250723C00632000,2025-07-23 14:06:53,,,
SPY250723C00632000,2025-07-23 14:06:57,,,
SPY250723C00632000,2025-07-23 14:07:00,,,
SPY250723C00632000,2025-07-23 14:07:04,,,
SPY250723C00632000,2025-07-23 14:07:07,,,
SPY250723C00632000,2025-07-23 14:07:11,,,
SPY250723C00632000,2025-07-23 14:07:14,,,
SPY250723C00632000,2025-07-23 14:07:18,,,
SPY250723C00632000,2025-07-23 14:07:21,,,
SPY250723C00632000,2025-07-23 14:07:25,,,
SPY250723C00632000,2025-07-23 14:07:28,,,
SPY250723C00632000,2025-07-23 14:07:32,,,
SPY250723C00632000,2025-07-23 14:07:36,,,
SPY250723C00632000,2025-07-23 14:07:39,,,
SPY250723C00632000,2025-07-23 14:07:43,,,
SPY250723C00632000,2025-07-23 14:07:46,,,
SPY250723C00632000,2025-07-23 14:07:49,,,
SPY250723C00632000,2025-07-23 14:07:53,,,
SPY250723C00632000,2025-07-23 14:07:57,,,
SPY250723C00632000,2025-07-23 14:08:00,,,
SPY250723C00632000,2025-07-23 14:08:04,,,
SPY250723C00632000,2025-07-23 14:08:07,,,
SPY250723C00632000,2025-07-23 14:08:11,,,
SPY250723C00632000,2025-07-23 14:08:14,,,
SPY250723C00632000,2025-07-23 14:08:17,,,
SPY250723C00632000,2025-07-23 14:08:21,,,
SPY250723C00632000,2025-07-23 14:08:25,,,
SPY250723C00632000,2025-07-23 14:08:28,,,
SPY250723C00632000,2025-07-23 14:08:32,,,
SPY250723C00632000,2025-07-23 14:08:35,,,
SPY250723C00632000,2025-07-23 14:08:39,,,
SPY250723C00632000,2025-07-23 14:08:42,,,
SPY250723C00632000,2025-07-23 14:08:45,,,
SPY250723C00632000,2025-07-23 14:08:49,,,
SPY250723C00632000,2025-07-23 14:08:52,,,
SPY250723C00632000,2025-07-23 14:08:56,,,
SPY250723C00632000,2025-07-23 14:09:00,,,
SPY250723C00632000,2025-07-23 14:09:03,,,
SPY250723C00632000,2025-07-23 14:09:07,,,
SPY250723C00632000,2025-07-23 14:09:10,,,
SPY250723C00632000,2025-07-23 14:09:14,,,
SPY250723C00632000,2025-07-23 14:09:17,,,
SPY250723C00632000,2025-07-23 14:09:21,,,
SPY250723C00632000,2025-07-23 14:09:25,,,
SPY250723C00632000,2025-07-23 14:09:29,,,
SPY250723C00632000,2025-07-23 14:09:33,,,
SPY250723C00632000,2025-07-23 14:09:36,,,
SPY250723C00632000,2025-07-23 14:09:40,,,
SPY250723C00632000,2025-07-23 14:09:43,,,
SPY250723C00632000,2025-07-23 14:09:47,,,
SPY250723C00632000,2025-07-23 14:09:51,,,
SPY250723C00632000,2025-07-23 14:09:54,,,
SPY250723C00632000,2025-07-23 14:09:58,,,
SPY250723C00632000,2025-07-23 14:10:02,,,
SPY250723C00632000,2025-07-23 14:10:05,,,
SPY250723C00632000,2025-07-23 14:10:09,,,
SPY250723C00632000,2025-07-23 14:10:13,,,
SPY250723C00632000,2025-07-23 14:10:16,,,
SPY250723C00632000,2025-07-23 14:10:20,,,
SPY250723C00632000,2025-07-23 14:10:24,,,
SPY250723C00632000,2025-07-23 14:10:28,,,
SPY250723C00632000,2025-07-23 14:10:31,,,
SPY250723C00632000,2025-07-23 14:10:35,,,
SPY250723C00632000,2025-07-23 14:10:38,,,
SPY250723C00632000,2025-07-23 14:10:42,,,
SPY250723C00632000,2025-07-23 14:10:45,,,
SPY250723C00632000,2025-07-23 14:10:49,,,
SPY250723C00632000,2025-07-23 14:10:52,,,
SPY250723C00632000,2025-07-23 14:10:56,,,
SPY250723C00632000,2025-07-23 14:10:59,,,
SPY250723C00632000,2025-07-23 14:11:03,,,
SPY250723C00632000,2025-07-23 14:11:07,,,
SPY250723C00632000,2025-07-23 14:11:10,,,
SPY250723C00632000,2025-07-23 14:11:13,,,
SPY250723C00632000,2025-07-23 14:11:17,,,
SPY250723C00632000,2025-07-23 14:11:20,,,
SPY250723C00632000,2025-07-23 14:11:24,,,
SPY250723C00632000,2025-07-23 14:11:27,,,
SPY250723C00632000,2025-07-23 14:11:31,,,
SPY250723C00632000,2025-07-23 14:11:34,,,
SPY250723C00632000,2025-07-23 14:11:38,,,
SPY250723C00632000,2025-07-23 14:11:41,,,
SPY250723C00632000,2025-07-23 14:11:45,,,
SPY250723C00632000,2025-07-23 14:11:48,,,
SPY250723C00632000,2025-07-23 14:11:52,,,
SPY250723C00632000,2025-07-23 14:11:55,,,
SPY250723C00632000,2025-07-23 14:11:59,,,
SPY250723C00632000,2025-07-23 14:12:02,,,
SPY250723C00632000,2025-07-23 14:12:06,,,
SPY250723C00632000,2025-07-23 14:12:09,,,
SPY250723C00632000,2025-07-23 14:12:13,,,
SPY250723C00632000,2025-07-23 14:12:16,,,
SPY250723C00632000,2025-07-23 14:12:20,,,
SPY250723C00632000,2025-07-23 14:12:23,,,
SPY250723C00632000,2025-07-23 14:12:27,,,
SPY250723C00632000,2025-07-23 14:12:30,,,
SPY250723C00632000,2025-07-23 14:12:34,,,
SPY250723C00632000,2025-07-23 14:12:37,,,
SPY250723C00632000,2025-07-23 14:12:41,,,
SPY250723C00632000,2025-07-23 14:12:44,,,
SPY250723C00632000,2025-07-23 14:12:48,,,
SPY250723C00632000,2025-07-23 14:12:51,,,
SPY250723C00632000,2025-07-23 14:12:55,,,
SPY250723C00632000,2025-07-23 14:12:58,,,
SPY250723C00632000,2025-07-23 14:13:02,,,
SPY250723C00632000,2025-07-23 14:13:05,,,
SPY250723C00632000,2025-07-23 14:13:09,,,
SPY250723C00632000,2025-07-23 14:13:12,,,
SPY250723C00632000,2025-07-23 14:13:16,,,
SPY250723C00632000,2025-07-23 14:13:19,,,
SPY250723C00632000,2025-07-23 14:13:23,,,
SPY250723C00632000,2025-07-23 14:13:26,,,
SPY250723C00632000,2025-07-23 14:13:30,,,
SPY250723C00632000,2025-07-23 14:13:33,,,
SPY250723C00632000,2025-07-23 14:13:37,,,
SPY250723C00632000,2025-07-23 14:13:40,,,
SPY250723C00632000,2025-07-23 14:13:44,,,
SPY250723C00632000,2025-07-23 14:13:47,,,
SPY250723C00632000,2025-07-23 14:13:51,,,
SPY250723C00632000,2025-07-23 14:13:54,,,
SPY250723C00632000,2025-07-23 14:13:58,,,
SPY250723C00632000,2025-07-23 14:14:01,,,
SPY250723C00632000,2025-07-23 14:14:05,,,
SPY250723C00632000,2025-07-23 14:14:08,,,
SPY250723C00632000,2025-07-23 14:14:12,,,
SPY250723C00632000,2025-07-23 14:14:15,,,
SPY250723C00632000,2025-07-23 14:14:19,,,
SPY250723C00632000,2025-07-23 14:14:22,,,
SPY250723C00632000,2025-07-23 14:14:26,,,
SPY250723C00632000,2025-07-23 14:14:29,,,
SPY250723C00632000,2025-07-23 14:14:33,,,
SPY250723C00632000,2025-07-23 14:14:36,,,
SPY250723C00632000,2025-07-23 14:14:40,,,
SPY250723C00632000,2025-07-23 14:14:43,,,
SPY250723C00632000,2025-07-23 14:14:47,,,
SPY250723C00632000,2025-07-23 14:14:50,,,
SPY250723C00632000,2025-07-23 14:14:54,,,
SPY250723C00632000,2025-07-23 14:14:57,,,
SPY250723C00632000,2025-07-23 14:15:01,,,
SPY250723C00632000,2025-07-23 14:15:04,,,
SPY250723C00632000,2025-07-23 14:15:08,,,
SPY250723C00632000,2025-07-23 14:15:11,,,
SPY250723C00632000,2025-07-23 14:15:15,,,
SPY250723C00632000,2025-07-23 14:15:18,,,
SPY250723C00632000,2025-07-23 14:15:22,,,
SPY250723C00632000,2025-07-23 14:15:25,,,
SPY250723C00632000,2025-07-23 14:15:29,,,
SPY250723C00632000,2025-07-23 14:15:32,,,
SPY250723C00632000,2025-07-23 14:15:36,,,
SPY250723C00632000,2025-07-23 14:15:39,,,
SPY250723C00632000,2025-07-23 14:15:43,,,
SPY250723C00632000,2025-07-23 14:15:46,,,
SPY250723C00632000,2025-07-23 14:15:50,,,
SPY250723C00632000,2025-07-23 14:15:53,,,
SPY250723C00632000,2025-07-23 14:15:57,,,
SPY250723C00632000,2025-07-23 14:16:00,,,
SPY250723C00632000,2025-07-23 14:16:04,,,
SPY250723C00632000,2025-07-23 14:16:07,,,
SPY250723C00632000,2025-07-23 14:16:11,,,
SPY250723C00632000,2025-07-23 14:16:14,,,
SPY250723C00632000,2025-07-23 14:16:18,,,
SPY250723C00632000,2025-07-23 14:16:21,,,
SPY250723C00632000,2025-07-23 14:16:25,,,
SPY250723C00632000,2025-07-23 14:16:28,,,
SPY250723C00632000,2025-07-23 14:16:32,,,
SPY250723C00632000,2025-07-23 14:16:35,,,
SPY250723C00632000,2025-07-23 14:16:39,,,
SPY250723C00632000,2025-07-23 14:16:42,,,
SPY250723C00632000,2025-07-23 14:16:46,,,
SPY250723C00632000,2025-07-23 14:16:49,,,
SPY250723C00632000,2025-07-23 14:16:53,,,
SPY250723C00632000,2025-07-23 14:16:56,,,
SPY250723C00632000,2025-07-23 14:17:00,,,
SPY250723C00632000,2025-07-23 14:17:03,,,
SPY250723C00632000,2025-07-23 14:17:07,,,
SPY250723C00632000,2025-07-23 14:17:10,,,
SPY250723C00632000,2025-07-23 14:17:14,,,
SPY250723C00632000,2025-07-23 14:17:17,,,
SPY250723C00632000,2025-07-23 14:17:21,,,
SPY250723C00632000,2025-07-23 14:17:24,,,
SPY250723C00632000,2025-07-23 14:17:28,,,
SPY250723C00632000,2025-07-23 14:17:31,,,
SPY250723C00632000,2025-07-23 14:17:35,,,
SPY250723C00632000,2025-07-23 14:17:38,,,
SPY250723C00632000,2025-07-23 14:17:42,,,
SPY250723C00632000,2025-07-23 14:17:45,,,
SPY250723C00632000,2025-07-23 14:17:49,,,
SPY250723C00632000,2025-07-23 14:17:52,,,
SPY250723C00632000,2025-07-23 14:17:56,,,
SPY250723C00632000,2025-07-23 14:17:59,,,
SPY250723C00632000,2025-07-23 14:18:03,,,
SPY250723C00632000,2025-07-23 14:18:06,,,
SPY250723C00632000,2025-07-23 14:18:10,,,
SPY250723C00632000,2025-07-23 14:18:13,,,
SPY250723C00632000,2025-07-23 14:18:17,,,
SPY250723C00632000,2025-07-23 14:18:20,,,
SPY250723C00632000,2025-07-23 14:18:24,,,
SPY250723C00632000,2025-07-23 14:18:27,,,
SPY250723C00632000,2025-07-23 14:18:31,,,
SPY250723C00632000,2025-07-23 14:18:34,,,
SPY250723C00632000,2025-07-23 14:18:38,,,
SPY250723C00632000,2025-07-23 14:18:41,,,
SPY250723C00632000,2025-07-23 14:18:45,,,
SPY250723C00632000,2025-07-23 14:18:48,,,
SPY250723C00632000,2025-07-23 14:18:52,,,
SPY250723C00632000,2025-07-23 14:18:55,,,
SPY250723C00632000,2025-07-23 14:18:59,,,
SPY250723C00632000,2025-07-23 14:19:02,,,
SPY250723C00632000,2025-07-23 14:19:06,,,
SPY250723C00632000,2025-07-23 14:19:09,,,
SPY250723C00632000,2025-07-23 14:19:13,,,
SPY250723C00632000,2025-07-23 14:19:16,,,
SPY250723C00632000,2025-07-23 14:19:20,,,
SPY250723C00632000,2025-07-23 14:19:23,,,
SPY250723C00632000,2025-07-23 14:19:27,,,
SPY250723C00632000,2025-07-23 14:19:30,,,
SPY250723C00632000,2025-07-23 14:19:34,,,
SPY250723C00632000,2025-07-23 14:19:37,,,
SPY250723C00632000,2025-07-23 14:19:41,,,
SPY250723C00632000,2025-07-23 14:19:44,,,
SPY250723C00632000,2025-07-23 14:19:48,,,
SPY250723C00632000,2025-07-23 14:19:51,,,
SPY250723C00632000,2025-07-23 14:19:55,,,
SPY250723C00632000,2025-07-23 14:19:58,,,
SPY250723C00632000,2025-07-23 14:20:02,,,
SPY250723C00632000,2025-07-23 14:20:05,,,
SPY250723C00632000,2025-07-23 14:20:09,,,
SPY250723C00632000,2025-07-23 14:20:12,,,
SPY250723C00632000,2025-07-23 14:20:16,,,
SPY250723C00632000,2025-07-23 14:20:19,,,
SPY250723C00632000,2025-07-23 14:20:23,,,
SPY250723C00632000,2025-07-23 14:20:26,,,
SPY250723C00632000,2025-07-23 14:20:30,,,
SPY250723C00632000,2025-07-23 14:20:33,,,
SPY250723C00632000,2025-07-23 14:20:37,,,
SPY250723C00632000,2025-07-23 14:20:40,,,
SPY250723C00632000,2025-07-23 14:20:44,,,
SPY250723C00632000,2025-07-23 14:20:47,,,
SPY250723C00632000,2025-07-23 14:20:51,,,
SPY250723C00632000,2025-07-23 14:20:54,,,
SPY250723C00632000,2025-07-23 14:20:58,,,
SPY250723C00632000,2025-07-23 14:21:01,,,
SPY250723C00632000,2025-07-23 14:21:05,,,
SPY250723C00632000,2025-07-23 14:21:08,,,
SPY250723C00632000,2025-07-23 14:21:12,,,
SPY250723C00632000,2025-07-23 14:21:15,,,
SPY250723C00632000,2025-07-23 14:21:19,,,
SPY250723C00632000,2025-07-23 14:21:22,,,
SPY250723C00632000,2025-07-23 14:21:26,,,
SPY250723C00632000,2025-07-23 14:21:29,,,
SPY250723C00632000,2025-07-23 14:21:32,,,
SPY250723C00632000,2025-07-23 14:21:36,,,
SPY250723C00632000,2025-07-23 14:21:40,,,
SPY250723C00632000,2025-07-23 14:21:43,,,
SPY250723C00632000,2025-07-23 14:21:47,,,
SPY250723C00632000,2025-07-23 14:21:50,,,
SPY250723C00632000,2025-07-23 14:21:53,,,
SPY250723C00632000,2025-07-23 14:21:57,,,
SPY250723C00632000,2025-07-23 14:22:00,,,
SPY250723C00632000,2025-07-23 14:22:04,,,
SPY250723C00632000,2025-07-23 14:22:08,,,
SPY250723C00632000,2025-07-23 14:22:11,,,
SPY250723C00632000,2025-07-23 14:22:15,,,
SPY250723C00632000,2025-07-23 14:22:18,,,
SPY250723C00632000,2025-07-23 14:22:22,,,
SPY250723C00632000,2025-07-23 14:22:25,,,
SPY250723C00632000,2025-07-23 14:22:29,,,
SPY250723C00632000,2025-07-23 14:22:32,,,
SPY250723C00632000,2025-07-23 14:22:36,,,
SPY250723C00632000,2025-07-23 14:22:39,,,
SPY250723C00632000,2025-07-23 14:22:43,,,
SPY250723C00632000,2025-07-23 14:22:46,,,
SPY250723C00632000,2025-07-23 14:22:50,,,
SPY250723C00632000,2025-07-23 14:22:53,,,
SPY250723C00632000,2025-07-23 14:22:57,,,
SPY250723C00632000,2025-07-23 14:23:00,,,
SPY250723C00632000,2025-07-23 14:23:04,,,
SPY250723C00632000,2025-07-23 14:23:07,,,
SPY250723C00632000,2025-07-23 14:23:11,,,
SPY250723C00632000,2025-07-23 14:23:14,,,
SPY250723C00632000,2025-07-23 14:23:18,,,
SPY250723C00632000,2025-07-23 14:23:21,,,
SPY250723C00632000,2025-07-23 14:23:25,,,
SPY250723C00632000,2025-07-23 14:23:28,,,
SPY250723C00632000,2025-07-23 14:23:32,,,
SPY250723C00632000,2025-07-23 14:23:35,,,
SPY250723C00632000,2025-07-23 14:23:39,,,
SPY250723C00632000,2025-07-23 14:23:43,,,
SPY250723C00632000,2025-07-23 14:23:46,,,
SPY250723C00632000,2025-07-23 14:23:49,,,
SPY250723C00632000,2025-07-23 14:23:53,,,
SPY250723C00632000,2025-07-23 14:23:56,,,
SPY250723C00632000,2025-07-23 14:24:00,,,
SPY250723C00632000,2025-07-23 14:24:03,,,
SPY250723C00632000,2025-07-23 14:24:07,,,
SPY250723C00632000,2025-07-23 14:24:10,,,
SPY250723C00632000,2025-07-23 14:24:14,,,
SPY250723C00632000,2025-07-23 14:24:17,,,
SPY250723C00632000,2025-07-23 14:24:21,,,
SPY250723C00632000,2025-07-23 14:24:24,,,
SPY250723C00632000,2025-07-23 14:24:28,,,
SPY250723C00632000,2025-07-23 14:24:31,,,
SPY250723C00632000,2025-07-23 14:24:35,,,
SPY250723C00632000,2025-07-23 14:24:38,,,
SPY250723C00632000,2025-07-23 14:24:42,,,
SPY250723C00632000,2025-07-23 14:24:45,,,
SPY250723C00632000,2025-07-23 14:24:49,,,
SPY250723C00632000,2025-07-23 14:24:52,,,
SPY250723C00632000,2025-07-23 14:24:56,,,
SPY250723C00632000,2025-07-23 14:24:59,,,
SPY250723C00632000,2025-07-23 14:25:03,,,
SPY250723C00632000,2025-07-23 14:25:06,,,
SPY250723C00632000,2025-07-23 14:25:10,,,
SPY250723C00632000,2025-07-23 14:25:13,,,
SPY250723C00632000,2025-07-23 14:25:17,,,
SPY250723C00632000,2025-07-23 14:25:20,,,
SPY250723C00632000,2025-07-23 14:25:24,,,
SPY250723C00632000,2025-07-23 14:25:27,,,
SPY250723C00632000,2025-07-23 14:25:31,,,
SPY250723C00632000,2025-07-23 14:25:34,,,
SPY250723C00632000,2025-07-23 14:25:38,,,
SPY250723C00632000,2025-07-23 14:25:41,,,
SPY250723C00632000,2025-07-23 14:25:45,,,
SPY250723C00632000,2025-07-23 14:25:48,,,
SPY250723C00632000,2025-07-23 14:25:52,,,
SPY250723C00632000,2025-07-23 14:25:55,,,
SPY250723C00632000,2025-07-23 14:25:59,,,
SPY250723C00632000,2025-07-23 14:26:02,,,
SPY250723C00632000,2025-07-23 14:26:06,,,
SPY250723C00632000,2025-07-23 14:26:09,,,
SPY250723C00632000,2025-07-23 14:26:13,,,
SPY250723C00632000,2025-07-23 14:26:16,,,
SPY250723C00632000,2025-07-23 14:26:20,,,
SPY250723C00632000,2025-07-23 14:26:23,,,
SPY250723C00632000,2025-07-23 14:26:27,,,
SPY250723C00632000,2025-07-23 14:26:30,,,
SPY250723C00632000,2025-07-23 14:26:34,,,
SPY250723C00632000,2025-07-23 14:26:37,,,
SPY250723C00632000,2025-07-23 14:26:41,,,
SPY250723C00632000,2025-07-23 14:26:44,,,
SPY250723C00632000,2025-07-23 14:26:48,,,
SPY250723C00632000,2025-07-23 14:26:51,,,
SPY250723C00632000,2025-07-23 14:26:55,,,
SPY250723C00632000,2025-07-23 14:26:58,,,
SPY250723C00632000,2025-07-23 14:27:02,,,
SPY250723C00632000,2025-07-23 14:27:05,,,
SPY250723C00632000,2025-07-23 14:27:09,,,
SPY250723C00632000,2025-07-23 14:27:12,,,
SPY250723C00632000,2025-07-23 14:27:16,,,
SPY250723C00632000,2025-07-23 14:27:19,,,
SPY250723C00632000,2025-07-23 14:27:23,,,
SPY250723C00632000,2025-07-23 14:27:26,,,
SPY250723C00632000,2025-07-23 14:27:30,,,
SPY250723C00632000,2025-07-23 14:27:33,,,
SPY250723C00632000,2025-07-23 14:27:37,,,
SPY250723C00632000,2025-07-23 14:27:40,,,
SPY250723C00632000,2025-07-23 14:27:44,,,
SPY250723C00632000,2025-07-23 14:27:47,,,
SPY250723C00632000,2025-07-23 14:27:51,,,
SPY250723C00632000,2025-07-23 14:27:54,,,
SPY250723C00632000,2025-07-23 14:27:58,,,
SPY250723C00632000,2025-07-23 14:28:01,,,
SPY250723C00632000,2025-07-23 14:28:05,,,
SPY250723C00632000,2025-07-23 14:28:08,,,
SPY250723C00632000,2025-07-23 14:28:12,,,
SPY250723C00632000,2025-07-23 14:28:15,,,
SPY250723C00632000,2025-07-23 14:28:19,,,
SPY250723C00632000,2025-07-23 14:28:22,,,
SPY250723C00632000,2025-07-23 14:28:26,,,
SPY250723C00632000,2025-07-23 14:28:30,,,
SPY250723C00632000,2025-07-23 14:28:33,,,
SPY250723C00632000,2025-07-23 14:28:37,,,
SPY250723C00632000,2025-07-23 14:28:40,,,
SPY250723C00632000,2025-07-23 14:28:44,,,
SPY250723C00632000,2025-07-23 14:28:47,,,
SPY250723C00632000,2025-07-23 14:28:51,,,
SPY250723C00632000,2025-07-23 14:28:54,,,
SPY250723C00632000,2025-07-23 14:28:58,,,
SPY250723C00632000,2025-07-23 14:29:01,,,
SPY250723C00632000,2025-07-23 14:29:05,,,
SPY250723C00632000,2025-07-23 14:29:08,,,
SPY250723C00632000,2025-07-23 14:29:12,,,
SPY250723C00632000,2025-07-23 14:29:15,,,
SPY250723C00632000,2025-07-23 14:29:19,,,
SPY250723C00632000,2025-07-23 14:29:22,,,
SPY250723C00632000,2025-07-23 14:29:26,,,
SPY250723C00632000,2025-07-23 14:29:29,,,
SPY250723C00632000,2025-07-23 14:29:33,,,
SPY250723C00632000,2025-07-23 14:29:36,,,
SPY250723C00632000,2025-07-23 14:29:40,,,
SPY250723C00632000,2025-07-23 14:29:43,,,
SPY250723C00632000,2025-07-23 14:29:47,,,
SPY250723C00632000,2025-07-23 14:29:50,,,
SPY250723C00632000,2025-07-23 14:29:54,,,
SPY250723C00632000,2025-07-23 14:29:57,,,
SPY250723C00632000,2025-07-23 14:30:01,,,
SPY250723C00632000,2025-07-23 14:30:04,,,
SPY250723C00632000,2025-07-23 14:30:08,,,
SPY250723C00632000,2025-07-23 14:30:11,,,
SPY250723C00632000,2025-07-23 14:30:15,,,
SPY250723C00632000,2025-07-23 14:30:18,,,
SPY250723C00632000,2025-07-23 14:30:22,,,
SPY250723C00632000,2025-07-23 14:30:25,,,
SPY250723C00632000,2025-07-23 14:30:29,,,
SPY250723C00632000,2025-07-23 14:30:33,,,
SPY250723C00632000,2025-07-23 14:30:36,,,
SPY250723C00632000,2025-07-23 14:30:40,,,
SPY250723C00632000,2025-07-23 14:30:43,,,
SPY250723C00632000,2025-07-23 14:30:47,,,
SPY250723C00632000,2025-07-23 14:30:50,,,
SPY250723C00632000,2025-07-23 14:30:54,,,
SPY250723C00632000,2025-07-23 14:30:58,,,
SPY250723C00632000,2025-07-23 14:31:01,,,
SPY250723C00632000,2025-07-23 14:31:05,,,
SPY250723C00632000,2025-07-23 14:31:08,,,
SPY250723C00632000,2025-07-23 14:31:12,,,
SPY250723C00632000,2025-07-23 14:31:16,,,
SPY250723C00632000,2025-07-23 14:31:19,,,
SPY250723C00632000,2025-07-23 14:31:23,,,
SPY250723C00632000,2025-07-23 14:31:26,,,
SPY250723C00632000,2025-07-23 14:31:30,,,
SPY250723C00632000,2025-07-23 14:31:33,,,
SPY250723C00632000,2025-07-23 14:31:37,,,
SPY250723C00632000,2025-07-23 14:31:41,,,
SPY250723C00632000,2025-07-23 14:31:44,,,
SPY250723C00632000,2025-07-23 14:31:48,,,
SPY250723C00632000,2025-07-23 14:31:51,,,
SPY250723C00632000,2025-07-23 14:31:54,,,
SPY250723C00632000,2025-07-23 14:31:58,,,
SPY250723C00632000,2025-07-23 14:32:01,,,
SPY250723C00632000,2025-07-23 14:32:05,,,
SPY250723C00632000,2025-07-23 14:32:09,,,
SPY250723C00632000,2025-07-23 14:32:12,,,
SPY250723C00632000,2025-07-23 14:32:16,,,
SPY250723C00632000,2025-07-23 14:32:19,,,
SPY250723C00632000,2025-07-23 14:32:22,,,
SPY250723C00632000,2025-07-23 14:32:26,,,
SPY250723C00632000,2025-07-23 14:32:29,,,
SPY250723C00632000,2025-07-23 14:32:33,,,
SPY250723C00632000,2025-07-23 14:32:36,,,
SPY250723C00632000,2025-07-23 14:32:40,,,
SPY250723C00632000,2025-07-23 14:32:44,,,
SPY250723C00632000,2025-07-23 14:32:47,,,
SPY250723C00632000,2025-07-23 14:32:50,,,
SPY250723C00632000,2025-07-23 14:32:54,,,
SPY250723C00632000,2025-07-23 14:32:57,,,
SPY250723C00632000,2025-07-23 14:33:01,,,
SPY250723C00632000,2025-07-23 14:33:04,,,
SPY250723C00632000,2025-07-23 14:33:08,,,
SPY250723C00632000,2025-07-23 14:33:12,,,
SPY250723C00632000,2025-07-23 14:33:15,,,
SPY250723C00632000,2025-07-23 14:33:19,,,
SPY250723C00632000,2025-07-23 14:33:22,,,
SPY250723C00632000,2025-07-23 14:33:26,,,
SPY250723C00632000,2025-07-23 14:33:29,,,
SPY250723C00632000,2025-07-23 14:33:33,,,
SPY250723C00632000,2025-07-23 14:33:36,,,
SPY250723C00632000,2025-07-23 14:33:40,,,
SPY250723C00632000,2025-07-23 14:33:43,,,
SPY250723C00632000,2025-07-23 14:33:47,,,
SPY250723C00632000,2025-07-23 14:33:50,,,
SPY250723C00632000,2025-07-23 14:33:54,,,
SPY250723C00632000,2025-07-23 14:33:57,,,
SPY250723C00632000,2025-07-23 14:34:01,,,
SPY250723C00632000,2025-07-23 14:34:04,,,
SPY250723C00632000,2025-07-23 14:34:08,,,
SPY250723C00632000,2025-07-23 14:34:11,,,
SPY250723C00632000,2025-07-23 14:34:15,,,
SPY250723C00632000,2025-07-23 14:34:18,,,
SPY250723C00632000,2025-07-23 14:34:22,,,
SPY250723C00632000,2025-07-23 14:34:25,,,
SPY250723C00632000,2025-07-23 14:34:29,,,
SPY250723C00632000,2025-07-23 14:34:32,,,
SPY250723C00632000,2025-07-23 14:34:36,,,
SPY250723C00632000,2025-07-23 14:34:39,,,
SPY250723C00632000,2025-07-23 14:34:43,,,
SPY250723C00632000,2025-07-23 14:34:46,,,
SPY250723C00632000,2025-07-23 14:34:50,,,
SPY250723C00632000,2025-07-23 14:34:53,,,
SPY250723C00632000,2025-07-23 14:34:57,,,
SPY250723C00632000,2025-07-23 14:35:00,,,
SPY250723C00632000,2025-07-23 14:35:04,,,
SPY250723C00632000,2025-07-23 14:35:07,,,
SPY250723C00632000,2025-07-23 14:35:11,,,
SPY250723C00632000,2025-07-23 14:35:14,,,
SPY250723C00632000,2025-07-23 14:35:18,,,
SPY250723C00632000,2025-07-23 14:35:21,,,
SPY250723C00632000,2025-07-23 14:35:25,,,
SPY250723C00632000,2025-07-23 14:35:28,,,
SPY250723C00632000,2025-07-23 14:35:32,,,
SPY250723C00632000,2025-07-23 14:35:36,,,
SPY250723C00632000,2025-07-23 14:35:39,,,
SPY250723C00632000,2025-07-23 14:35:43,,,
SPY250723C00632000,2025-07-23 14:35:46,,,
SPY250723C00632000,2025-07-23 14:35:50,,,
SPY250723C00632000,2025-07-23 14:35:53,,,
SPY250723C00632000,2025-07-23 14:35:57,,,
SPY250723C00632000,2025-07-23 14:36:00,,,
SPY250723C00632000,2025-07-23 14:36:04,,,
SPY250723C00632000,2025-07-23 14:36:07,,,
SPY250723C00632000,2025-07-23 14:36:11,,,
SPY250723C00632000,2025-07-23 14:36:14,,,
SPY250723C00632000,2025-07-23 14:36:18,,,
SPY250723C00632000,2025-07-23 14:36:22,,,
SPY250723C00632000,2025-07-23 14:36:25,,,
SPY250723C00632000,2025-07-23 14:36:28,,,
SPY250723C00632000,2025-07-23 14:36:32,,,
SPY250723C00632000,2025-07-23 14:36:35,,,
SPY250723C00632000,2025-07-23 14:36:39,,,
SPY250723C00632000,2025-07-23 14:36:42,,,
SPY250723C00632000,2025-07-23 14:36:46,,,
SPY250723C00632000,2025-07-23 14:36:50,,,
SPY250723C00632000,2025-07-23 14:36:53,,,
SPY250723C00632000,2025-07-23 14:36:57,,,
SPY250723C00632000,2025-07-23 14:37:00,,,
SPY250723C00632000,2025-07-23 14:37:04,,,
SPY250723C00632000,2025-07-23 14:37:07,,,
SPY250723C00632000,2025-07-23 14:37:11,,,
SPY250723C00632000,2025-07-23 14:37:14,,,
SPY250723C00632000,2025-07-23 14:37:18,,,
SPY250723C00632000,2025-07-23 14:37:21,,,
SPY250723C00632000,2025-07-23 14:37:25,,,
SPY250723C00632000,2025-07-23 14:37:28,,,
SPY250723C00632000,2025-07-23 14:37:32,,,
SPY250723C00632000,2025-07-23 14:37:35,,,
SPY250723C00632000,2025-07-23 14:37:39,,,
SPY250723C00632000,2025-07-23 14:37:42,,,
SPY250723C00632000,2025-07-23 14:37:46,,,
SPY250723C00632000,2025-07-23 14:37:49,,,
SPY250723C00632000,2025-07-23 14:37:53,,,
SPY250723C00632000,2025-07-23 14:37:56,,,
SPY250723C00632000,2025-07-23 14:38:00,,,
SPY250723C00632000,2025-07-23 14:38:03,,,
SPY250723C00632000,2025-07-23 14:38:07,,,
SPY250723C00632000,2025-07-23 14:38:10,,,
SPY250723C00632000,2025-07-23 14:38:14,,,
SPY250723C00632000,2025-07-23 14:38:17,,,
SPY250723C00632000,2025-07-23 14:38:21,,,
SPY250723C00632000,2025-07-23 14:38:24,,,
SPY250723C00632000,2025-07-23 14:38:28,,,
SPY250723C00632000,2025-07-23 14:38:31,,,
SPY250723C00632000,2025-07-23 14:38:35,,,
SPY250723C00632000,2025-07-23 14:38:38,,,
SPY250723C00632000,2025-07-23 14:38:42,,,
SPY250723C00632000,2025-07-23 14:38:46,,,
SPY250723C00632000,2025-07-23 14:38:49,,,
SPY250723C00632000,2025-07-23 14:38:53,,,
SPY250723C00632000,2025-07-23 14:38:56,,,
SPY250723C00632000,2025-07-23 14:39:00,,,
SPY250723C00632000,2025-07-23 14:39:03,,,
SPY250723C00632000,2025-07-23 14:39:07,,,
SPY250723C00632000,2025-07-23 14:39:10,,,
SPY250723C00632000,2025-07-23 14:39:14,,,
SPY250723C00632000,2025-07-23 14:39:17,,,
SPY250723C00632000,2025-07-23 14:39:21,,,
SPY250723C00632000,2025-07-23 14:39:24,,,
SPY250723C00632000,2025-07-23 14:39:28,,,
SPY250723C00632000,2025-07-23 14:39:31,,,
SPY250723C00632000,2025-07-23 14:39:35,,,
SPY250723C00632000,2025-07-23 14:39:38,,,
SPY250723C00632000,2025-07-23 14:39:42,,,
SPY250723C00632000,2025-07-23 14:39:45,,,
SPY250723C00632000,2025-07-23 14:39:49,,,
SPY250723C00632000,2025-07-23 14:39:52,,,
SPY250723C00632000,2025-07-23 14:39:56,,,
SPY250723C00632000,2025-07-23 14:39:59,,,
SPY250723C00632000,2025-07-23 14:40:03,,,
SPY250723C00632000,2025-07-23 14:40:06,,,
SPY250723C00632000,2025-07-23 14:40:10,,,
SPY250723C00632000,2025-07-23 14:40:13,,,
SPY250723C00632000,2025-07-23 14:40:17,,,
SPY250723C00632000,2025-07-23 14:40:20,,,
SPY250723C00632000,2025-07-23 14:40:24,,,
SPY250723C00632000,2025-07-23 14:40:27,,,
SPY250723C00632000,2025-07-23 14:40:31,,,
SPY250723C00632000,2025-07-23 14:40:34,,,
SPY250723C00632000,2025-07-23 14:40:38,,,
SPY250723C00632000,2025-07-23 14:40:41,,,
SPY250723C00632000,2025-07-23 14:40:45,,,
SPY250723C00632000,2025-07-23 14:40:48,,,
SPY250723C00632000,2025-07-23 14:40:52,,,
SPY250723C00632000,2025-07-23 14:40:55,,,
SPY250723C00632000,2025-07-23 14:40:59,,,
SPY250723C00632000,2025-07-23 14:41:02,,,
SPY250723C00632000,2025-07-23 14:41:06,,,
SPY250723C00632000,2025-07-23 14:41:09,,,
SPY250723C00632000,2025-07-23 14:41:13,,,
SPY250723C00632000,2025-07-23 14:41:16,,,
SPY250723C00632000,2025-07-23 14:41:20,,,
SPY250723C00632000,2025-07-23 14:41:23,,,
SPY250723C00632000,2025-07-23 14:41:27,,,
SPY250723C00632000,2025-07-23 14:41:30,,,
SPY250723C00632000,2025-07-23 14:41:34,,,
SPY250723C00632000,2025-07-23 14:41:38,,,
SPY250723C00632000,2025-07-23 14:41:41,,,
SPY250723C00632000,2025-07-23 14:41:45,,,
SPY250723C00632000,2025-07-23 14:41:48,,,
SPY250723C00632000,2025-07-23 14:41:52,,,
SPY250723C00632000,2025-07-23 14:41:55,,,
SPY250723C00632000,2025-07-23 14:41:59,,,
SPY250723C00632000,2025-07-23 14:42:02,,,
SPY250723C00632000,2025-07-23 14:42:05,,,
SPY250723C00632000,2025-07-23 14:42:09,,,
SPY250723C00632000,2025-07-23 14:42:13,,,
SPY250723C00632000,2025-07-23 14:42:16,,,
SPY250723C00632000,2025-07-23 14:42:20,,,
SPY250723C00632000,2025-07-23 14:42:23,,,
SPY250723C00632000,2025-07-23 14:42:27,,,
SPY250723C00632000,2025-07-23 14:42:30,,,
SPY250723C00632000,2025-07-23 14:42:34,,,
SPY250723C00632000,2025-07-23 14:42:37,,,
SPY250723C00632000,2025-07-23 14:42:41,,,
SPY250723C00632000,2025-07-23 14:42:44,,,
SPY250723C00632000,2025-07-23 14:42:48,,,
SPY250723C00632000,2025-07-23 14:42:51,,,
SPY250723C00632000,2025-07-23 14:42:55,,,
SPY250723C00632000,2025-07-23 14:42:58,,,
SPY250723C00632000,2025-07-23 14:43:02,,,
SPY250723C00632000,2025-07-23 14:43:05,,,
SPY250723C00632000,2025-07-23 14:43:09,,,
SPY250723C00632000,2025-07-23 14:43:12,,,
SPY250723C00632000,2025-07-23 14:43:16,,,
SPY250723C00632000,2025-07-23 14:43:19,,,
SPY250723C00632000,2025-07-23 14:43:23,,,
SPY250723C00632000,2025-07-23 14:43:26,,,
SPY250723C00632000,2025-07-23 14:43:30,,,
SPY250723C00632000,2025-07-23 14:43:33,,,
SPY250723C00632000,2025-07-23 14:43:37,,,
SPY250723C00632000,2025-07-23 14:43:40,,,
SPY250723C00632000,2025-07-23 14:43:44,,,
SPY250723C00632000,2025-07-23 14:43:47,,,
SPY250723C00632000,2025-07-23 14:43:51,,,
SPY250723C00632000,2025-07-23 14:43:54,,,
SPY250723C00632000,2025-07-23 14:43:58,,,
SPY250723C00632000,2025-07-23 14:44:01,,,
SPY250723C00632000,2025-07-23 14:44:05,,,
SPY250723C00632000,2025-07-23 14:44:09,,,
SPY250723C00632000,2025-07-23 14:44:12,,,
SPY250723C00632000,2025-07-23 14:44:16,,,
SPY250723C00632000,2025-07-23 14:44:19,,,
SPY250723C00632000,2025-07-23 14:44:23,,,
SPY250723C00632000,2025-07-23 14:44:26,,,
SPY250723C00632000,2025-07-23 14:44:30,,,
SPY250723C00632000,2025-07-23 14:44:33,,,
SPY250723C00632000,2025-07-23 14:44:37,,,
SPY250723C00632000,2025-07-23 14:44:40,,,
SPY250723C00632000,2025-07-23 14:44:44,,,
SPY250723C00632000,2025-07-23 14:44:47,,,
SPY250723C00632000,2025-07-23 14:44:51,,,
SPY250723C00632000,2025-07-23 14:44:55,,,
SPY250723C00632000,2025-07-23 14:44:59,,,
SPY250723C00632000,2025-07-23 14:45:02,,,
SPY250723C00632000,2025-07-23 14:45:06,,,
SPY250723C00632000,2025-07-23 14:45:09,,,
SPY250723C00632000,2025-07-23 14:45:13,,,
SPY250723C00632000,2025-07-23 14:45:17,,,
SPY250723C00632000,2025-07-23 14:45:20,,,
SPY250723C00632000,2025-07-23 14:45:24,,,
SPY250723C00632000,2025-07-23 14:45:27,,,
SPY250723C00632000,2025-07-23 14:45:31,,,
SPY250723C00632000,2025-07-23 14:45:34,,,
SPY250723C00632000,2025-07-23 14:45:38,,,
SPY250723C00632000,2025-07-23 14:45:42,,,
SPY250723C00632000,2025-07-23 14:45:45,,,
SPY250723C00632000,2025-07-23 14:45:49,,,
SPY250723C00632000,2025-07-23 14:45:53,,,
SPY250723C00632000,2025-07-23 14:45:56,,,
SPY250723C00632000,2025-07-23 14:46:00,,,
SPY250723C00632000,2025-07-23 14:46:04,,,
SPY250723C00632000,2025-07-23 14:46:07,,,
SPY250723C00632000,2025-07-23 14:46:11,,,
SPY250723C00632000,2025-07-23 14:46:14,,,
SPY250723C00632000,2025-07-23 14:46:18,,,
SPY250723C00632000,2025-07-23 14:46:21,,,
SPY250723C00632000,2025-07-23 14:46:25,,,
SPY250723C00632000,2025-07-23 14:46:28,,,
SPY250723C00632000,2025-07-23 14:46:32,,,
SPY250723C00632000,2025-07-23 14:46:35,,,
SPY250723C00632000,2025-07-23 14:46:39,,,
SPY250723C00632000,2025-07-23 14:46:42,,,
SPY250723C00632000,2025-07-23 14:46:46,,,
SPY250723C00632000,2025-07-23 14:46:49,,,
SPY250723C00632000,2025-07-23 14:46:53,,,
SPY250723C00632000,2025-07-23 14:46:56,,,
SPY250723C00632000,2025-07-23 14:47:00,,,
SPY250723C00632000,2025-07-23 14:47:03,,,
SPY250723C00632000,2025-07-23 14:47:07,,,
SPY250723C00632000,2025-07-23 14:47:10,,,
SPY250723C00632000,2025-07-23 14:47:14,,,
SPY250723C00632000,2025-07-23 14:47:17,,,
SPY250723C00632000,2025-07-23 14:47:21,,,
SPY250723C00632000,2025-07-23 14:47:24,,,
SPY250723C00632000,2025-07-23 14:47:28,,,
SPY250723C00632000,2025-07-23 14:47:31,,,
SPY250723C00632000,2025-07-23 14:47:35,,,
SPY250723C00632000,2025-07-23 14:47:38,,,
SPY250723C00632000,2025-07-23 14:47:42,,,
SPY250723C00632000,2025-07-23 14:47:45,,,
SPY250723C00632000,2025-07-23 14:47:49,,,
SPY250723C00632000,2025-07-23 14:47:52,,,
SPY250723C00632000,2025-07-23 14:47:56,,,
SPY250723C00632000,2025-07-23 14:47:59,,,
SPY250723C00632000,2025-07-23 14:48:03,,,
SPY250723C00632000,2025-07-23 14:48:06,,,
SPY250723C00632000,2025-07-23 14:48:10,,,
SPY250723C00632000,2025-07-23 14:48:13,,,
SPY250723C00632000,2025-07-23 14:48:17,,,
SPY250723C00632000,2025-07-23 14:48:20,,,
SPY250723C00632000,2025-07-23 14:48:24,,,
SPY250723C00632000,2025-07-23 14:48:27,,,
SPY250723C00632000,2025-07-23 14:48:31,,,
SPY250723C00632000,2025-07-23 14:48:34,,,
SPY250723C00632000,2025-07-23 14:48:38,,,
SPY250723C00632000,2025-07-23 14:48:41,,,
SPY250723C00632000,2025-07-23 14:48:45,,,
SPY250723C00632000,2025-07-23 14:48:48,,,
SPY250723C00632000,2025-07-23 14:48:52,,,
SPY250723C00632000,2025-07-23 14:48:55,,,
SPY250723C00632000,2025-07-23 14:48:59,,,
SPY250723C00632000,2025-07-23 14:49:02,,,
SPY250723C00632000,2025-07-23 14:49:06,,,
SPY250723C00632000,2025-07-23 14:49:09,,,
SPY250723C00632000,2025-07-23 14:49:13,,,
SPY250723C00632000,2025-07-23 14:49:16,,,
SPY250723C00632000,2025-07-23 14:49:20,,,
SPY250723C00632000,2025-07-23 14:49:23,,,
SPY250723C00632000,2025-07-23 14:49:27,,,
SPY250723C00632000,2025-07-23 14:49:30,,,
SPY250723C00632000,2025-07-23 14:49:34,,,
SPY250723C00632000,2025-07-23 14:49:37,,,
SPY250723C00632000,2025-07-23 14:49:41,,,
SPY250723C00632000,2025-07-23 14:49:44,,,
SPY250723C00632000,2025-07-23 14:49:48,,,
SPY250723C00632000,2025-07-23 14:49:52,,,
SPY250723C00632000,2025-07-23 14:49:55,,,
SPY250723C00632000,2025-07-23 14:49:59,,,
SPY250723C00632000,2025-07-23 14:50:02,,,
SPY250723C00632000,2025-07-23 14:50:06,,,
SPY250723C00632000,2025-07-23 14:50:09,,,
SPY250723C00632000,2025-07-23 14:50:13,,,
SPY250723C00632000,2025-07-23 14:50:16,,,
SPY250723C00632000,2025-07-23 14:50:20,,,
SPY250723C00632000,2025-07-23 14:50:23,,,
SPY250723C00632000,2025-07-23 14:50:27,,,
SPY250723C00632000,2025-07-23 14:50:30,,,
SPY250723C00632000,2025-07-23 14:50:34,,,
SPY250723C00632000,2025-07-23 14:50:37,,,
SPY250723C00632000,2025-07-23 14:50:41,,,
SPY250723C00632000,2025-07-23 14:50:44,,,
SPY250723C00632000,2025-07-23 14:50:48,,,
SPY250723C00632000,2025-07-23 14:50:52,,,
SPY250723C00632000,2025-07-23 14:50:55,,,
SPY250723C00632000,2025-07-23 14:50:59,,,
SPY250723C00632000,2025-07-23 14:51:02,,,
SPY250723C00632000,2025-07-23 14:51:06,,,
SPY250723C00632000,2025-07-23 14:51:09,,,
SPY250723C00632000,2025-07-23 14:51:13,,,
SPY250723C00632000,2025-07-23 14:51:16,,,
SPY250723C00632000,2025-07-23 14:51:20,,,
SPY250723C00632000,2025-07-23 14:51:23,,,
SPY250723C00632000,2025-07-23 14:51:27,,,
SPY250723C00632000,2025-07-23 14:51:30,,,
SPY250723C00632000,2025-07-23 14:51:34,,,
SPY250723C00632000,2025-07-23 14:51:37,,,
SPY250723C00632000,2025-07-23 14:51:41,,,
SPY250723C00632000,2025-07-23 14:51:44,,,
SPY250723C00632000,2025-07-23 14:51:48,,,
SPY250723C00632000,2025-07-23 14:51:51,,,
SPY250723C00632000,2025-07-23 14:51:55,,,
SPY250723C00632000,2025-07-23 14:51:58,,,
SPY250723C00632000,2025-07-23 14:52:02,,,
SPY250723C00632000,2025-07-23 14:52:05,,,
SPY250723C00632000,2025-07-23 14:52:08,,,
SPY250723C00632000,2025-07-23 14:52:12,,,
SPY250723C00632000,2025-07-23 14:52:16,,,
SPY250723C00632000,2025-07-23 14:52:19,,,
SPY250723C00632000,2025-07-23 14:52:23,,,
SPY250723C00632000,2025-07-23 14:52:26,,,
SPY250723C00632000,2025-07-23 14:52:29,,,
SPY250723C00632000,2025-07-23 14:52:33,,,
SPY250723C00632000,2025-07-23 14:52:36,,,
SPY250723C00632000,2025-07-23 14:52:40,,,
SPY250723C00632000,2025-07-23 14:52:44,,,
SPY250723C00632000,2025-07-23 14:52:47,,,
SPY250723C00632000,2025-07-23 14:52:50,,,
SPY250723C00632000,2025-07-23 14:52:54,,,
SPY250723C00632000,2025-07-23 14:52:57,,,
SPY250723C00632000,2025-07-23 14:53:01,,,
SPY250723C00632000,2025-07-23 14:53:04,,,
SPY250723C00632000,2025-07-23 14:53:08,,,
SPY250723C00632000,2025-07-23 14:53:11,,,
SPY250723C00632000,2025-07-23 14:53:15,,,
SPY250723C00632000,2025-07-23 14:53:19,,,
SPY250723C00632000,2025-07-23 14:53:22,,,
SPY250723C00632000,2025-07-23 14:53:26,,,
SPY250723C00632000,2025-07-23 14:53:29,,,
SPY250723C00632000,2025-07-23 14:53:33,,,
SPY250723C00632000,2025-07-23 14:53:36,,,
SPY250723C00632000,2025-07-23 14:53:39,,,
SPY250723C00632000,2025-07-23 14:53:43,,,
SPY250723C00632000,2025-07-23 14:53:47,,,
SPY250723C00632000,2025-07-23 14:53:50,,,
SPY250723C00632000,2025-07-23 14:53:54,,,
SPY250723C00632000,2025-07-23 14:53:57,,,
SPY250723C00632000,2025-07-23 14:54:01,,,
SPY250723C00632000,2025-07-23 14:54:04,,,
SPY250723C00632000,2025-07-23 14:54:08,,,
SPY250723C00632000,2025-07-23 14:54:11,,,
SPY250723C00632000,2025-07-23 14:54:14,,,
SPY250723C00632000,2025-07-23 14:54:18,,,
SPY250723C00632000,2025-07-23 14:54:22,,,
SPY250723C00632000,2025-07-23 14:54:25,,,
SPY250723C00632000,2025-07-23 14:54:29,,,
SPY250723C00632000,2025-07-23 14:54:32,,,
SPY250723C00632000,2025-07-23 14:54:36,,,
SPY250723C00632000,2025-07-23 14:54:39,,,
SPY250723C00632000,2025-07-23 14:54:42,,,
SPY250723C00632000,2025-07-23 14:54:46,,,
SPY250723C00632000,2025-07-23 14:54:50,,,
SPY250723C00632000,2025-07-23 14:54:53,,,
SPY250723C00632000,2025-07-23 14:54:57,,,
SPY250723C00632000,2025-07-23 14:55:00,,,
SPY250723C00632000,2025-07-23 14:55:04,,,
SPY250723C00632000,2025-07-23 14:55:07,,,
SPY250723C00632000,2025-07-23 14:55:10,,,
SPY250723C00632000,2025-07-23 14:55:14,,,
SPY250723C00632000,2025-07-23 14:55:17,,,
SPY250723C00632000,2025-07-23 14:55:21,,,
SPY250723C00632000,2025-07-23 14:55:25,,,
SPY250723C00632000,2025-07-23 14:55:28,,,
SPY250723C00632000,2025-07-23 14:55:32,,,
SPY250723C00632000,2025-07-23 14:55:35,,,
SPY250723C00632000,2025-07-23 14:55:38,,,
SPY250723C00632000,2025-07-23 14:55:42,,,
SPY250723C00632000,2025-07-23 14:55:45,,,
SPY250723C00632000,2025-07-23 14:55:49,,,
SPY250723C00632000,2025-07-23 14:55:53,,,
SPY250723C00632000,2025-07-23 14:55:56,,,
SPY250723C00632000,2025-07-23 14:56:00,,,
SPY250723C00632000,2025-07-23 14:56:03,,,
SPY250723C00632000,2025-07-23 14:56:07,,,
SPY250723C00632000,2025-07-23 14:56:10,,,
SPY250723C00632000,2025-07-23 14:56:14,,,
SPY250723C00632000,2025-07-23 14:56:17,,,
SPY250723C00632000,2025-07-23 14:56:21,,,
SPY250723C00632000,2025-07-23 14:56:25,,,
SPY250723C00632000,2025-07-23 14:56:28,,,
SPY250723C00632000,2025-07-23 14:56:32,,,
SPY250723C00632000,2025-07-23 14:56:35,,,
SPY250723C00632000,2025-07-23 14:56:39,,,
SPY250723C00632000,2025-07-23 14:56:42,,,
SPY250723C00632000,2025-07-23 14:56:45,,,
SPY250723C00632000,2025-07-23 14:56:49,,,
SPY250723C00632000,2025-07-23 14:56:52,,,
SPY250723C00632000,2025-07-23 14:56:56,,,
SPY250723C00632000,2025-07-23 14:57:00,,,
SPY250723C00632000,2025-07-23 14:57:03,,,
SPY250723C00632000,2025-07-23 14:57:07,,,
SPY250723C00632000,2025-07-23 14:57:10,,,
SPY250723C00632000,2025-07-23 14:57:13,,,
SPY250723C00632000,2025-07-23 14:57:17,,,
SPY250723C00632000,2025-07-23 14:57:20,,,
SPY250723C00632000,2025-07-23 14:57:24,,,
SPY250723C00632000,2025-07-23 14:57:28,,,
SPY250723C00632000,2025-07-23 14:57:31,,,
SPY250723C00632000,2025-07-23 14:57:35,,,
SPY250723C00632000,2025-07-23 14:57:38,,,
SPY250723C00632000,2025-07-23 14:57:42,,,
SPY250723C00632000,2025-07-23 14:57:45,,,
SPY250723C00632000,2025-07-23 14:57:48,,,
SPY250723C00632000,2025-07-23 14:57:52,,,
SPY250723C00632000,2025-07-23 14:57:55,,,
SPY250723C00632000,2025-07-23 14:57:59,,,
SPY250723C00632000,2025-07-23 14:58:03,,,
SPY250723C00632000,2025-07-23 14:58:06,,,
SPY250723C00632000,2025-07-23 14:58:10,,,
SPY250723C00632000,2025-07-23 14:58:13,,,
SPY250723C00632000,2025-07-23 14:58:17,,,
SPY250723C00632000,2025-07-23 14:58:20,,,
SPY250723C00632000,2025-07-23 14:58:23,,,
SPY250723C00632000,2025-07-23 14:58:27,,,
SPY250723C00632000,2025-07-23 14:58:31,,,
SPY250723C00632000,2025-07-23 14:58:34,,,
SPY250723C00632000,2025-07-23 14:58:38,,,
SPY250723C00632000,2025-07-23 14:58:41,,,
SPY250723C00632000,2025-07-23 14:58:44,,,
SPY250723C00632000,2025-07-23 14:58:48,,,
SPY250723C00632000,2025-07-23 14:58:52,,,
SPY250723C00632000,2025-07-23 14:58:55,,,
SPY250723C00632000,2025-07-23 14:58:59,,,
SPY250723C00632000,2025-07-23 14:59:02,,,
SPY250723C00632000,2025-07-23 14:59:06,,,
SPY250723C00632000,2025-07-23 14:59:09,,,
SPY250723C00632000,2025-07-23 14:59:13,,,
SPY250723C00632000,2025-07-23 14:59:16,,,
SPY250723C00632000,2025-07-23 14:59:20,,,
SPY250723C00632000,2025-07-23 14:59:23,,,
SPY250723C00632000,2025-07-23 14:59:27,,,
SPY250723C00632000,2025-07-23 14:59:30,,,
SPY250723C00632000,2025-07-23 14:59:34,,,
SPY250723C00632000,2025-07-23 14:59:37,,,
SPY250723C00632000,2025-07-23 14:59:41,,,
SPY250723C00632000,2025-07-23 14:59:44,,,
SPY250723C00632000,2025-07-23 14:59:48,,,
SPY250723C00632000,2025-07-23 14:59:51,,,
SPY250723C00632000,2025-07-23 14:59:55,,,
SPY250723C00632000,2025-07-23 14:59:58,,,
SPY250723C00632000,2025-07-23 15:00:02,,,
SPY250723C00632000,2025-07-23 15:00:05,,,
SPY250723C00632000,2025-07-23 15:00:09,,,
SPY250723C00632000,2025-07-23 15:00:12,,,
SPY250723C00632000,2025-07-23 15:00:16,,,
SPY250723C00632000,2025-07-23 15:00:19,,,
SPY250723C00632000,2025-07-23 15:00:23,,,
SPY250723C00632000,2025-07-23 15:00:26,,,
SPY250723C00632000,2025-07-23 15:00:29,,,
SPY250723C00632000,2025-07-23 15:00:33,,,
SPY250723C00632000,2025-07-23 15:00:37,,,
SPY250723C00632000,2025-07-23 15:00:40,,,
SPY250723C00632000,2025-07-23 15:00:44,,,
SPY250723C00632000,2025-07-23 15:00:47,,,
SPY250723C00632000,2025-07-23 15:00:50,,,
SPY250723C00632000,2025-07-23 15:00:54,,,
SPY250723C00632000,2025-07-23 15:00:57,,,
SPY250723C00632000,2025-07-23 15:01:01,,,
SPY250723C00632000,2025-07-23 15:01:04,,,
SPY250723C00632000,2025-07-23 15:01:08,,,
SPY250723C00632000,2025-07-23 15:01:11,,,
SPY250723C00632000,2025-07-23 15:01:15,,,
SPY250723C00632000,2025-07-23 15:01:18,,,
SPY250723C00632000,2025-07-23 15:01:22,,,
SPY250723C00632000,2025-07-23 15:01:25,,,
SPY250723C00632000,2025-07-23 15:01:29,,,
SPY250723C00632000,2025-07-23 15:01:32,,,
SPY250723C00632000,2025-07-23 15:01:36,,,
SPY250723C00632000,2025-07-23 15:01:40,,,
SPY250723C00632000,2025-07-23 15:01:43,,,
SPY250723C00632000,2025-07-23 15:01:46,,,
SPY250723C00632000,2025-07-23 15:01:50,,,
SPY250723C00632000,2025-07-23 15:01:53,,,
SPY250723C00632000,2025-07-23 15:01:57,,,
SPY250723C00632000,2025-07-23 15:02:00,,,
SPY250723C00632000,2025-07-23 15:02:04,,,
SPY250723C00632000,2025-07-23 15:02:07,,,
SPY250723C00632000,2025-07-23 15:02:11,,,
SPY250723C00632000,2025-07-23 15:02:14,,,
SPY250723C00632000,2025-07-23 15:02:18,,,
SPY250723C00632000,2025-07-23 15:02:21,,,
SPY250723C00632000,2025-07-23 15:02:25,,,
SPY250723C00632000,2025-07-23 15:02:28,,,
SPY250723C00632000,2025-07-23 15:02:32,,,
SPY250723C00632000,2025-07-23 15:02:36,,,
SPY250723C00632000,2025-07-23 15:02:39,,,
SPY250723C00632000,2025-07-23 15:02:43,,,
SPY250723C00632000,2025-07-23 15:02:46,,,
SPY250723C00632000,2025-07-23 15:02:50,,,
SPY250723C00632000,2025-07-23 15:02:53,,,
SPY250723C00632000,2025-07-23 15:02:57,,,
SPY250723C00632000,2025-07-23 15:03:00,,,
SPY250723C00632000,2025-07-23 15:03:03,,,
SPY250723C00632000,2025-07-23 15:03:07,,,
SPY250723C00632000,2025-07-23 15:03:10,,,
SPY250723C00632000,2025-07-23 15:03:14,,,
SPY250723C00632000,2025-07-23 15:03:18,,,
SPY250723C00632000,2025-07-23 15:03:21,,,
SPY250723C00632000,2025-07-23 15:03:25,,,
SPY250723C00632000,2025-07-23 15:03:28,,,
SPY250723C00632000,2025-07-23 15:03:31,,,
SPY250723C00632000,2025-07-23 15:03:35,,,
SPY250723C00632000,2025-07-23 15:03:38,,,
SPY250723C00632000,2025-07-23 15:03:42,,,
SPY250723C00632000,2025-07-23 15:03:46,,,
SPY250723C00632000,2025-07-23 15:03:49,,,
SPY250723C00632000,2025-07-23 15:03:53,,,
SPY250723C00632000,2025-07-23 15:03:56,,,
SPY250723C00632000,2025-07-23 15:04:00,,,
SPY250723C00632000,2025-07-23 15:04:03,,,
SPY250723C00632000,2025-07-23 15:04:07,,,
SPY250723C00632000,2025-07-23 15:04:10,,,
SPY250723C00632000,2025-07-23 15:04:14,,,
SPY250723C00632000,2025-07-23 15:04:17,,,
SPY250723C00632000,2025-07-23 15:04:21,,,
SPY250723C00632000,2025-07-23 15:04:24,,,
SPY250723C00632000,2025-07-23 15:04:28,,,
SPY250723C00632000,2025-07-23 15:04:31,,,
SPY250723C00632000,2025-07-23 15:04:35,,,
SPY250723C00632000,2025-07-23 15:04:38,,,
SPY250723C00632000,2025-07-23 15:04:42,,,
SPY250723C00632000,2025-07-23 15:04:45,,,
SPY250723C00632000,2025-07-23 15:04:49,,,
SPY250723C00632000,2025-07-23 15:04:52,,,
SPY250723C00632000,2025-07-23 15:04:56,,,
SPY250723C00632000,2025-07-23 15:04:59,,,
SPY250723C00632000,2025-07-23 15:05:03,,,
SPY250723C00632000,2025-07-23 15:05:06,,,
SPY250723C00632000,2025-07-23 15:05:10,,,
SPY250723C00632000,2025-07-23 15:05:13,,,
SPY250723C00632000,2025-07-23 15:05:17,,,
SPY250723C00632000,2025-07-23 15:05:21,,,
SPY250723C00632000,2025-07-23 15:05:24,,,
SPY250723C00632000,2025-07-23 15:05:27,,,
SPY250723C00632000,2025-07-23 15:05:31,,,
SPY250723C00632000,2025-07-23 15:05:34,,,
SPY250723C00632000,2025-07-23 15:05:38,,,
SPY250723C00632000,2025-07-23 15:05:41,,,
SPY250723C00632000,2025-07-23 15:05:45,,,
SPY250723C00632000,2025-07-23 15:05:49,,,
SPY250723C00632000,2025-07-23 15:05:53,,,
SPY250723C00632000,2025-07-23 15:05:57,,,
SPY250723C00632000,2025-07-23 15:06:00,,,
SPY250723C00632000,2025-07-23 15:06:04,,,
SPY250723C00632000,2025-07-23 15:06:07,,,
SPY250723C00632000,2025-07-23 15:06:11,,,
SPY250723C00632000,2025-07-23 15:06:14,,,
SPY250723C00632000,2025-07-23 15:06:18,,,
SPY250723C00632000,2025-07-23 15:06:21,,,
SPY250723C00632000,2025-07-23 15:06:25,,,
SPY250723C00632000,2025-07-23 15:06:29,,,
SPY250723C00632000,2025-07-23 15:06:32,,,
SPY250723C00632000,2025-07-23 15:06:36,,,
SPY250723C00632000,2025-07-23 15:06:39,,,
SPY250723C00632000,2025-07-23 15:06:43,,,
SPY250723C00632000,2025-07-23 15:06:46,,,
SPY250723C00632000,2025-07-23 15:06:50,,,
SPY250723C00632000,2025-07-23 15:06:54,,,
SPY250723C00632000,2025-07-23 15:06:57,,,
SPY250723C00632000,2025-07-23 15:07:01,,,
SPY250723C00632000,2025-07-23 15:07:04,,,
SPY250723C00632000,2025-07-23 15:07:08,,,
SPY250723C00632000,2025-07-23 15:07:12,,,
SPY250723C00632000,2025-07-23 15:07:15,,,
SPY250723C00632000,2025-07-23 15:07:19,,,
SPY250723C00632000,2025-07-23 15:07:22,,,
SPY250723C00632000,2025-07-23 15:07:26,,,
SPY250723C00632000,2025-07-23 15:07:29,,,
SPY250723C00632000,2025-07-23 15:07:33,,,
SPY250723C00632000,2025-07-23 15:07:36,,,
SPY250723C00632000,2025-07-23 15:07:40,,,
SPY250723C00632000,2025-07-23 15:07:43,,,
SPY250723C00632000,2025-07-23 15:07:47,,,
SPY250723C00632000,2025-07-23 15:07:50,,,
SPY250723C00632000,2025-07-23 15:07:54,,,
SPY250723C00632000,2025-07-23 15:07:57,,,
SPY250723C00632000,2025-07-23 15:08:01,,,
SPY250723C00632000,2025-07-23 15:08:04,,,
SPY250723C00632000,2025-07-23 15:08:08,,,
SPY250723C00632000,2025-07-23 15:08:11,,,
SPY250723C00632000,2025-07-23 15:08:15,,,
SPY250723C00632000,2025-07-23 15:08:18,,,
SPY250723C00632000,2025-07-23 15:08:22,,,
SPY250723C00632000,2025-07-23 15:08:25,,,
SPY250723C00632000,2025-07-23 15:08:29,,,
SPY250723C00632000,2025-07-23 15:08:32,,,
SPY250723C00632000,2025-07-23 15:08:36,,,
SPY250723C00632000,2025-07-23 15:08:39,,,
SPY250723C00632000,2025-07-23 15:08:43,,,
SPY250723C00632000,2025-07-23 15:08:46,,,
SPY250723C00632000,2025-07-23 15:08:50,,,
SPY250723C00632000,2025-07-23 15:08:53,,,
SPY250723C00632000,2025-07-23 15:08:57,,,
SPY250723C00632000,2025-07-23 15:09:00,,,
SPY250723C00632000,2025-07-23 15:09:04,,,
SPY250723C00632000,2025-07-23 15:09:07,,,
SPY250723C00632000,2025-07-23 15:09:11,,,
SPY250723C00632000,2025-07-23 15:09:14,,,
SPY250723C00632000,2025-07-23 15:09:18,,,
SPY250723C00632000,2025-07-23 15:09:21,,,
SPY250723C00632000,2025-07-23 15:09:25,,,
SPY250723C00632000,2025-07-23 15:09:28,,,
SPY250723C00632000,2025-07-23 15:09:32,,,
SPY250723C00632000,2025-07-23 15:09:36,,,
SPY250723C00632000,2025-07-23 15:09:39,,,
SPY250723C00632000,2025-07-23 15:09:43,,,
SPY250723C00632000,2025-07-23 15:09:46,,,
SPY250723C00632000,2025-07-23 15:09:50,,,
SPY250723C00632000,2025-07-23 15:09:53,,,
SPY250723C00632000,2025-07-23 15:09:57,,,
SPY250723C00632000,2025-07-23 15:10:00,,,
SPY250723C00632000,2025-07-23 15:10:04,,,
SPY250723C00632000,2025-07-23 15:10:07,,,
SPY250723C00632000,2025-07-23 15:10:11,,,
SPY250723C00632000,2025-07-23 15:10:14,,,
SPY250723C00632000,2025-07-23 15:10:18,,,
SPY250723C00632000,2025-07-23 15:10:21,,,
SPY250723C00632000,2025-07-23 15:10:25,,,
SPY250723C00632000,2025-07-23 15:10:28,,,
SPY250723C00632000,2025-07-23 15:10:32,,,
SPY250723C00632000,2025-07-23 15:10:36,,,
SPY250723C00632000,2025-07-23 15:10:39,,,
SPY250723C00632000,2025-07-23 15:10:43,,,
SPY250723C00632000,2025-07-23 15:10:46,,,
SPY250723C00632000,2025-07-23 15:10:50,,,
SPY250723C00632000,2025-07-23 15:10:53,,,
SPY250723C00632000,2025-07-23 15:10:57,,,
SPY250723C00632000,2025-07-23 15:11:00,,,
SPY250723C00632000,2025-07-23 15:11:04,,,
SPY250723C00632000,2025-07-23 15:11:07,,,
SPY250723C00632000,2025-07-23 15:11:11,,,
SPY250723C00632000,2025-07-23 15:11:14,,,
SPY250723C00632000,2025-07-23 15:11:18,,,
SPY250723C00632000,2025-07-23 15:11:21,,,
SPY250723C00632000,2025-07-23 15:11:25,,,
SPY250723C00632000,2025-07-23 15:11:28,,,
SPY250723C00632000,2025-07-23 15:11:32,,,
SPY250723C00632000,2025-07-23 15:11:35,,,
SPY250723C00632000,2025-07-23 15:11:39,,,
SPY250723C00632000,2025-07-23 15:11:42,,,
SPY250723C00632000,2025-07-23 15:11:46,,,
SPY250723C00632000,2025-07-23 15:11:49,,,
SPY250723C00632000,2025-07-23 15:11:53,,,
SPY250723C00632000,2025-07-23 15:11:56,,,
SPY250723C00632000,2025-07-23 15:12:00,,,
SPY250723C00632000,2025-07-23 15:12:03,,,
SPY250723C00632000,2025-07-23 15:12:07,,,
SPY250723C00632000,2025-07-23 15:12:10,,,
SPY250723C00632000,2025-07-23 15:12:14,,,
SPY250723C00632000,2025-07-23 15:12:17,,,
SPY250723C00632000,2025-07-23 15:12:21,,,
SPY250723C00632000,2025-07-23 15:12:24,,,
SPY250723C00632000,2025-07-23 15:12:28,,,
SPY250723C00632000,2025-07-23 15:12:31,,,
SPY250723C00632000,2025-07-23 15:12:35,,,
SPY250723C00632000,2025-07-23 15:12:38,,,
SPY250723C00632000,2025-07-23 15:12:42,,,
SPY250723C00632000,2025-07-23 15:12:45,,,
SPY250723C00632000,2025-07-23 15:12:49,,,
SPY250723C00632000,2025-07-23 15:12:52,,,
SPY250723C00632000,2025-07-23 15:12:56,,,
SPY250723C00632000,2025-07-23 15:12:59,,,
SPY250723C00632000,2025-07-23 15:13:03,,,
SPY250723C00632000,2025-07-23 15:13:06,,,
SPY250723C00632000,2025-07-23 15:13:10,,,
SPY250723C00632000,2025-07-23 15:13:13,,,
SPY250723C00632000,2025-07-23 15:13:17,,,
SPY250723C00632000,2025-07-23 15:13:20,,,
SPY250723C00632000,2025-07-23 15:13:24,,,
SPY250723C00632000,2025-07-23 15:13:27,,,
SPY250723C00632000,2025-07-23 15:13:31,,,
SPY250723C00632000,2025-07-23 15:13:34,,,
SPY250723C00632000,2025-07-23 15:13:38,,,
SPY250723C00632000,2025-07-23 15:13:41,,,
SPY250723C00632000,2025-07-23 15:13:44,,,
SPY250723C00632000,2025-07-23 15:13:48,,,
SPY250723C00632000,2025-07-23 15:13:52,,,
SPY250723C00632000,2025-07-23 15:13:55,,,
SPY250723C00632000,2025-07-23 15:13:59,,,
SPY250723C00632000,2025-07-23 15:14:02,,,
SPY250723C00632000,2025-07-23 15:14:06,,,
SPY250723C00632000,2025-07-23 15:14:09,,,
SPY250723C00632000,2025-07-23 15:14:12,,,
SPY250723C00632000,2025-07-23 15:14:16,,,
SPY250723C00632000,2025-07-23 15:14:20,,,
SPY250723C00632000,2025-07-23 15:14:23,,,
SPY250723C00632000,2025-07-23 15:14:27,,,
SPY250723C00632000,2025-07-23 15:14:30,,,
SPY250723C00632000,2025-07-23 15:14:34,,,
SPY250723C00632000,2025-07-23 15:14:37,,,
SPY250723C00632000,2025-07-23 15:14:40,,,
SPY250723C00632000,2025-07-23 15:14:44,,,
SPY250723C00632000,2025-07-23 15:14:47,,,
SPY250723C00632000,2025-07-23 15:14:51,,,
SPY250723C00632000,2025-07-23 15:14:55,,,
SPY250723C00632000,2025-07-23 15:14:58,,,
SPY250723C00632000,2025-07-23 15:15:02,,,
SPY250723C00632000,2025-07-23 15:15:05,,,
SPY250723C00632000,2025-07-23 15:15:09,,,
SPY250723C00632000,2025-07-23 15:15:12,,,
SPY250723C00632000,2025-07-23 15:15:16,,,
SPY250723C00632000,2025-07-23 15:15:19,,,
SPY250723C00632000,2025-07-23 15:15:23,,,
SPY250723C00632000,2025-07-23 15:15:26,,,
SPY250723C00632000,2025-07-23 15:15:30,,,
SPY250723C00632000,2025-07-23 15:15:33,,,
SPY250723C00632000,2025-07-23 15:15:37,,,
SPY250723C00632000,2025-07-23 15:15:40,,,
SPY250723C00632000,2025-07-23 15:15:43,,,
SPY250723C00632000,2025-07-23 15:15:47,,,
SPY250723C00632000,2025-07-23 15:15:50,,,
SPY250723C00632000,2025-07-23 15:15:54,,,
SPY250723C00632000,2025-07-23 15:15:58,,,
SPY250723C00632000,2025-07-23 15:16:01,,,
SPY250723C00632000,2025-07-23 15:16:04,,,
SPY250723C00632000,2025-07-23 15:16:08,,,
SPY250723C00632000,2025-07-23 15:16:12,,,
SPY250723C00632000,2025-07-23 15:16:15,,,
SPY250723C00632000,2025-07-23 15:16:19,,,
SPY250723C00632000,2025-07-23 15:16:22,,,
SPY250723C00632000,2025-07-23 15:16:26,,,
SPY250723C00632000,2025-07-23 15:16:30,,,
SPY250723C00632000,2025-07-23 15:16:33,,,
SPY250723C00632000,2025-07-23 15:16:37,,,
SPY250723C00632000,2025-07-23 15:16:40,,,
SPY250723C00632000,2025-07-23 15:16:43,,,
SPY250723C00632000,2025-07-23 15:16:47,,,
SPY250723C00632000,2025-07-23 15:16:50,,,
SPY250723C00632000,2025-07-23 15:16:54,,,
SPY250723C00632000,2025-07-23 15:16:58,,,
SPY250723C00632000,2025-07-23 15:17:01,,,
SPY250723C00632000,2025-07-23 15:17:05,,,
SPY250723C00632000,2025-07-23 15:17:08,,,
SPY250723C00632000,2025-07-23 15:17:12,,,
SPY250723C00632000,2025-07-23 15:17:15,,,
SPY250723C00632000,2025-07-23 15:17:18,,,
SPY250723C00632000,2025-07-23 15:17:22,,,
SPY250723C00632000,2025-07-23 15:17:25,,,
SPY250723C00632000,2025-07-23 15:17:29,,,
SPY250723C00632000,2025-07-23 15:17:33,,,
SPY250723C00632000,2025-07-23 15:17:36,,,
SPY250723C00632000,2025-07-23 15:17:39,,,
SPY250723C00632000,2025-07-23 15:17:43,,,
SPY250723C00632000,2025-07-23 15:17:52,,,
SPY250723C00632000,2025-07-23 15:17:55,,,
SPY250723C00632000,2025-07-23 15:17:59,,,
SPY250723C00632000,2025-07-23 15:18:02,,,
SPY250723C00632000,2025-07-23 15:18:06,,,
SPY250723C00632000,2025-07-23 15:18:09,,,
SPY250723C00632000,2025-07-23 15:18:13,,,
SPY250723C00632000,2025-07-23 15:18:16,,,
SPY250723C00632000,2025-07-23 15:18:20,,,
SPY250723C00632000,2025-07-23 15:18:23,,,
SPY250723C00632000,2025-07-23 15:18:26,,,
SPY250723C00632000,2025-07-23 15:18:30,,,
SPY250723C00632000,2025-07-23 15:18:34,,,
SPY250723C00632000,2025-07-23 15:18:37,,,
SPY250723C00632000,2025-07-23 15:18:41,,,
SPY250723C00632000,2025-07-23 15:18:44,,,
SPY250723C00632000,2025-07-23 15:18:47,,,
SPY250723C00632000,2025-07-23 15:18:51,,,
SPY250723C00632000,2025-07-23 15:18:54,,,
SPY250723C00632000,2025-07-23 15:18:58,,,
SPY250723C00632000,2025-07-23 15:19:01,,,
SPY250723C00632000,2025-07-23 15:19:05,,,
SPY250723C00632000,2025-07-23 15:19:08,,,
SPY250723C00632000,2025-07-23 15:19:12,,,
SPY250723C00632000,2025-07-23 15:19:15,,,
SPY250723C00632000,2025-07-23 15:19:19,,,
SPY250723C00632000,2025-07-23 15:19:22,,,
SPY250723C00632000,2025-07-23 15:19:26,,,
SPY250723C00632000,2025-07-23 15:19:29,,,
SPY250723C00632000,2025-07-23 15:19:33,,,
SPY250723C00632000,2025-07-23 15:19:36,,,
SPY250723C00632000,2025-07-23 15:19:40,,,
SPY250723C00632000,2025-07-23 15:19:43,,,
SPY250723C00632000,2025-07-23 15:19:47,,,
SPY250723C00632000,2025-07-23 15:19:50,,,
SPY250723C00632000,2025-07-23 15:19:54,,,
SPY250723C00632000,2025-07-23 15:19:57,,,
SPY250723C00632000,2025-07-23 15:20:01,,,
SPY250723C00632000,2025-07-23 15:20:04,,,
SPY250723C00632000,2025-07-23 15:20:08,,,
SPY250723C00632000,2025-07-23 15:20:12,,,
SPY250723C00632000,2025-07-23 15:20:15,,,
SPY250723C00632000,2025-07-23 15:20:19,,,
SPY250723C00632000,2025-07-23 15:20:22,,,
SPY250723C00632000,2025-07-23 15:20:25,,,
SPY250723C00632000,2025-07-23 15:20:29,,,
SPY250723C00632000,2025-07-23 15:20:32,,,
SPY250723C00632000,2025-07-23 15:20:36,,,
SPY250723C00632000,2025-07-23 15:20:40,,,
SPY250723C00632000,2025-07-23 15:20:43,,,
SPY250723C00632000,2025-07-23 15:20:47,,,
SPY250723C00632000,2025-07-23 15:20:50,,,
SPY250723C00632000,2025-07-23 15:20:54,,,
SPY250723C00632000,2025-07-23 15:20:57,,,
SPY250723C00632000,2025-07-23 15:21:01,,,
SPY250723C00632000,2025-07-23 15:21:04,,,
SPY250723C00632000,2025-07-23 15:21:07,,,
SPY250723C00632000,2025-07-23 15:21:11,,,
SPY250723C00632000,2025-07-23 15:21:15,,,
SPY250723C00632000,2025-07-23 15:21:18,,,
SPY250723C00632000,2025-07-23 15:21:22,,,
SPY250723C00632000,2025-07-23 15:21:25,,,
SPY250723C00632000,2025-07-23 15:21:29,,,
SPY250723C00632000,2025-07-23 15:21:32,,,
SPY250723C00632000,2025-07-23 15:21:35,,,
SPY250723C00632000,2025-07-23 15:21:39,,,
SPY250723C00632000,2025-07-23 15:21:43,,,
SPY250723C00632000,2025-07-23 15:21:46,,,
SPY250723C00632000,2025-07-23 15:21:50,,,
SPY250723C00632000,2025-07-23 15:21:53,,,
SPY250723C00632000,2025-07-23 15:21:57,,,
SPY250723C00632000,2025-07-23 15:22:00,,,
SPY250723C00632000,2025-07-23 15:22:03,,,
SPY250723C00632000,2025-07-23 15:22:07,,,
SPY250723C00632000,2025-07-23 15:22:10,,,
SPY250723C00632000,2025-07-23 15:22:14,,,
SPY250723C00632000,2025-07-23 15:22:18,,,
SPY250723C00632000,2025-07-23 15:22:21,,,
SPY250723C00632000,2025-07-23 15:22:25,,,
SPY250723C00632000,2025-07-23 15:22:28,,,
SPY250723C00632000,2025-07-23 15:22:32,,,
SPY250723C00632000,2025-07-23 15:22:35,,,
SPY250723C00632000,2025-07-23 15:22:38,,,
SPY250723C00632000,2025-07-23 15:22:42,,,
SPY250723C00632000,2025-07-23 15:22:46,,,
SPY250723C00632000,2025-07-23 15:22:49,,,
SPY250723C00632000,2025-07-23 15:22:53,,,
SPY250723C00632000,2025-07-23 15:22:56,,,
SPY250723C00632000,2025-07-23 15:22:59,,,
SPY250723C00632000,2025-07-23 15:23:03,,,
SPY250723C00632000,2025-07-23 15:23:06,,,
SPY250723C00632000,2025-07-23 15:23:10,,,
SPY250723C00632000,2025-07-23 15:23:13,,,
SPY250723C00632000,2025-07-23 15:23:17,,,
SPY250723C00632000,2025-07-23 15:23:21,,,
SPY250723C00632000,2025-07-23 15:23:24,,,
SPY250723C00632000,2025-07-23 15:23:27,,,
SPY250723C00632000,2025-07-23 15:23:31,,,
SPY250723C00632000,2025-07-23 15:23:34,,,
SPY250723C00632000,2025-07-23 15:23:38,,,
SPY250723C00632000,2025-07-23 15:23:41,,,
SPY250723C00632000,2025-07-23 15:23:45,,,
SPY250723C00632000,2025-07-23 15:23:49,,,
SPY250723C00632000,2025-07-23 15:23:52,,,
SPY250723C00632000,2025-07-23 15:23:55,,,
SPY250723C00632000,2025-07-23 15:23:59,,,
SPY250723C00632000,2025-07-23 15:24:02,,,
SPY250723C00632000,2025-07-23 15:24:06,,,
SPY250723C00632000,2025-07-23 15:24:09,,,
SPY250723C00632000,2025-07-23 15:24:13,,,
SPY250723C00632000,2025-07-23 15:24:16,,,
SPY250723C00632000,2025-07-23 15:24:20,,,
SPY250723C00632000,2025-07-23 15:24:23,,,
SPY250723C00632000,2025-07-23 15:24:27,,,
SPY250723C00632000,2025-07-23 15:24:30,,,
SPY250723C00632000,2025-07-23 15:24:34,,,
SPY250723C00632000,2025-07-23 15:24:37,,,
SPY250723C00632000,2025-07-23 15:24:41,,,
SPY250723C00632000,2025-07-23 15:24:44,,,
SPY250723C00632000,2025-07-23 15:24:48,,,
SPY250723C00632000,2025-07-23 15:24:52,,,
SPY250723C00632000,2025-07-23 15:24:55,,,
SPY250723C00632000,2025-07-23 15:24:59,,,
SPY250723C00632000,2025-07-23 15:25:02,,,
SPY250723C00632000,2025-07-23 15:25:06,,,
SPY250723C00632000,2025-07-23 15:25:09,,,
SPY250723C00632000,2025-07-23 15:25:13,,,
SPY250723C00632000,2025-07-23 15:25:16,,,
SPY250723C00632000,2025-07-23 15:25:19,,,
SPY250723C00632000,2025-07-23 15:25:23,,,
SPY250723C00632000,2025-07-23 15:25:27,,,
SPY250723C00632000,2025-07-23 15:25:30,,,
SPY250723C00632000,2025-07-23 15:25:34,,,
SPY250723C00632000,2025-07-23 15:25:37,,,
SPY250723C00632000,2025-07-23 15:25:41,,,
SPY250723C00632000,2025-07-23 15:25:44,,,
SPY250723C00632000,2025-07-23 15:25:48,,,
SPY250723C00632000,2025-07-23 15:25:51,,,
SPY250723C00632000,2025-07-23 15:25:55,,,
SPY250723C00632000,2025-07-23 15:25:58,,,
SPY250723C00632000,2025-07-23 15:26:02,,,
SPY250723C00632000,2025-07-23 15:26:05,,,
SPY250723C00632000,2025-07-23 15:26:09,,,
SPY250723C00632000,2025-07-23 15:26:12,,,
SPY250723C00632000,2025-07-23 15:26:15,,,
SPY250723C00632000,2025-07-23 15:26:19,,,
SPY250723C00632000,2025-07-23 15:26:22,,,
SPY250723C00632000,2025-07-23 15:26:26,,,
SPY250723C00632000,2025-07-23 15:26:30,,,
SPY250723C00632000,2025-07-23 15:26:33,,,
SPY250723C00632000,2025-07-23 15:26:37,,,
SPY250723C00632000,2025-07-23 15:26:40,,,
SPY250723C00632000,2025-07-23 15:26:44,,,
SPY250723C00632000,2025-07-23 15:26:47,,,
SPY250723C00632000,2025-07-23 15:26:51,,,
SPY250723C00632000,2025-07-23 15:26:54,,,
SPY250723C00632000,2025-07-23 15:26:58,,,
SPY250723C00632000,2025-07-23 15:27:01,,,
SPY250723C00632000,2025-07-23 15:27:05,,,
SPY250723C00632000,2025-07-23 15:27:08,,,
SPY250723C00632000,2025-07-23 15:27:12,,,
SPY250723C00632000,2025-07-23 15:27:15,,,
SPY250723C00632000,2025-07-23 15:27:19,,,
SPY250723C00632000,2025-07-23 15:27:22,,,
SPY250723C00632000,2025-07-23 15:27:26,,,
SPY250723C00632000,2025-07-23 15:27:29,,,
SPY250723C00632000,2025-07-23 15:27:33,,,
SPY250723C00632000,2025-07-23 15:27:36,,,
SPY250723C00632000,2025-07-23 15:27:40,,,
SPY250723C00632000,2025-07-23 15:27:43,,,
SPY250723C00632000,2025-07-23 15:27:47,,,
SPY250723C00632000,2025-07-23 15:27:50,,,
SPY250723C00632000,2025-07-23 15:27:54,,,
SPY250723C00632000,2025-07-23 15:27:57,,,
SPY250723C00632000,2025-07-23 15:28:01,,,
SPY250723C00632000,2025-07-23 15:28:04,,,
SPY250723C00632000,2025-07-23 15:28:08,,,
SPY250723C00632000,2025-07-23 15:28:11,,,
SPY250723C00632000,2025-07-23 15:28:15,,,
SPY250723C00632000,2025-07-23 15:28:18,,,
SPY250723C00632000,2025-07-23 15:28:22,,,
SPY250723C00632000,2025-07-23 15:28:26,,,
SPY250723C00632000,2025-07-23 15:28:30,,,
SPY250723C00632000,2025-07-23 15:28:33,,,
SPY250723C00632000,2025-07-23 15:28:37,,,
SPY250723C00632000,2025-07-23 15:28:41,,,
SPY250723C00632000,2025-07-23 15:28:44,,,
SPY250723C00632000,2025-07-23 15:28:47,,,
SPY250723C00632000,2025-07-23 15:28:51,,,
SPY250723C00632000,2025-07-23 15:28:54,,,
SPY250723C00632000,2025-07-23 15:28:58,,,
SPY250723C00632000,2025-07-23 15:29:01,,,
SPY250723C00632000,2025-07-23 15:29:05,,,
SPY250723C00632000,2025-07-23 15:29:09,,,
SPY250723C00632000,2025-07-23 15:29:12,,,
SPY250723C00632000,2025-07-23 15:29:16,,,
SPY250723C00632000,2025-07-23 15:29:19,,,
SPY250723C00632000,2025-07-23 15:29:23,,,
SPY250723C00632000,2025-07-23 15:29:26,,,
SPY250723C00632000,2025-07-23 15:29:30,,,
SPY250723C00632000,2025-07-23 15:29:33,,,
SPY250723C00632000,2025-07-23 15:29:37,,,
SPY250723C00632000,2025-07-23 15:29:40,,,
SPY250723C00632000,2025-07-23 15:29:44,,,
SPY250723C00632000,2025-07-23 15:29:47,,,
SPY250723C00632000,2025-07-23 15:29:51,,,
SPY250723C00632000,2025-07-23 15:29:54,,,
SPY250723C00632000,2025-07-23 15:29:58,,,
SPY250723C00632000,2025-07-23 15:30:01,,,
SPY250723C00632000,2025-07-23 15:30:05,,,
SPY250723C00632000,2025-07-23 15:30:09,,,
SPY250723C00632000,2025-07-23 15:30:12,,,
SPY250723C00632000,2025-07-23 15:30:16,,,
SPY250723C00632000,2025-07-23 15:30:19,,,
SPY250723C00632000,2025-07-23 15:30:23,,,
SPY250723C00632000,2025-07-23 15:30:26,,,
SPY250723C00632000,2025-07-23 15:30:29,,,
SPY250723C00632000,2025-07-23 15:30:33,,,
SPY250723C00632000,2025-07-23 15:30:36,,,
SPY250723C00632000,2025-07-23 15:30:40,,,
SPY250723C00632000,2025-07-23 15:30:44,,,
SPY250723C00632000,2025-07-23 15:30:47,,,
SPY250723C00632000,2025-07-23 15:30:51,,,
SPY250723C00632000,2025-07-23 15:30:54,,,
SPY250723C00632000,2025-07-23 15:30:57,,,
SPY250723C00632000,2025-07-23 15:31:01,,,
SPY250723C00632000,2025-07-23 15:31:04,,,
SPY250723C00632000,2025-07-23 15:31:08,,,
SPY250723C00632000,2025-07-23 15:31:12,,,
SPY250723C00632000,2025-07-23 15:31:15,,,
SPY250723C00632000,2025-07-23 15:31:19,,,
SPY250723C00632000,2025-07-23 15:31:22,,,
SPY250723C00632000,2025-07-23 15:31:26,,,
SPY250723C00632000,2025-07-23 15:31:29,,,
SPY250723C00632000,2025-07-23 15:31:33,,,
SPY250723C00632000,2025-07-23 15:31:36,,,
SPY250723C00632000,2025-07-23 15:31:40,,,
SPY250723C00632000,2025-07-23 15:31:43,,,
SPY250723C00632000,2025-07-23 15:31:47,,,
SPY250723C00632000,2025-07-23 15:31:50,,,
SPY250723C00632000,2025-07-23 15:31:54,,,
SPY250723C00632000,2025-07-23 15:31:57,,,
SPY250723C00632000,2025-07-23 15:32:01,,,
SPY250723C00632000,2025-07-23 15:32:04,,,
SPY250723C00632000,2025-07-23 15:32:08,,,
SPY250723C00632000,2025-07-23 15:32:11,,,
SPY250723C00632000,2025-07-23 15:32:15,,,
SPY250723C00632000,2025-07-23 15:32:19,,,
SPY250723C00632000,2025-07-23 15:32:22,,,
SPY250723C00632000,2025-07-23 15:32:25,,,
SPY250723C00632000,2025-07-23 15:32:29,,,
SPY250723C00632000,2025-07-23 15:32:32,,,
SPY250723C00632000,2025-07-23 15:32:36,,,
SPY250723C00632000,2025-07-23 15:32:39,,,
SPY250723C00632000,2025-07-23 15:32:43,,,
SPY250723C00632000,2025-07-23 15:32:47,,,
SPY250723C00632000,2025-07-23 15:32:50,,,
SPY250723C00632000,2025-07-23 15:32:53,,,
SPY250723C00632000,2025-07-23 15:32:57,,,
SPY250723C00632000,2025-07-23 15:33:00,,,
SPY250723C00632000,2025-07-23 15:33:04,,,
SPY250723C00632000,2025-07-23 15:33:07,,,
SPY250723C00632000,2025-07-23 15:33:11,,,
SPY250723C00632000,2025-07-23 15:33:14,,,
SPY250723C00632000,2025-07-23 15:33:18,,,
SPY250723C00632000,2025-07-23 15:33:21,,,
SPY250723C00632000,2025-07-23 15:33:25,,,
SPY250723C00632000,2025-07-23 15:33:28,,,
SPY250723C00632000,2025-07-23 15:33:32,,,
SPY250723C00632000,2025-07-23 15:33:35,,,
SPY250723C00632000,2025-07-23 15:33:39,,,
SPY250723C00632000,2025-07-23 15:33:42,,,
SPY250723C00632000,2025-07-23 15:33:46,,,
SPY250723C00632000,2025-07-23 15:33:49,,,
SPY250723C00632000,2025-07-23 15:33:53,,,
SPY250723C00632000,2025-07-23 15:33:56,,,
SPY250723C00632000,2025-07-23 15:34:00,,,
SPY250723C00632000,2025-07-23 15:34:03,,,
SPY250723C00632000,2025-07-23 15:34:07,,,
SPY250723C00632000,2025-07-23 15:34:10,,,
SPY250723C00632000,2025-07-23 15:34:14,,,
SPY250723C00632000,2025-07-23 15:34:17,,,
SPY250723C00632000,2025-07-23 15:34:21,,,
SPY250723C00632000,2025-07-23 15:34:24,,,
SPY250723C00632000,2025-07-23 15:34:28,,,
SPY250723C00632000,2025-07-23 15:34:31,,,
SPY250723C00632000,2025-07-23 15:34:35,,,
SPY250723C00632000,2025-07-23 15:34:38,,,
SPY250723C00632000,2025-07-23 15:34:42,,,
SPY250723C00632000,2025-07-23 15:34:45,,,
SPY250723C00632000,2025-07-23 15:34:49,,,
SPY250723C00632000,2025-07-23 15:34:52,,,
SPY250723C00632000,2025-07-23 15:34:56,,,
SPY250723C00632000,2025-07-23 15:34:59,,,
SPY250723C00632000,2025-07-23 15:35:03,,,
SPY250723C00632000,2025-07-23 15:35:06,,,
SPY250723C00632000,2025-07-23 15:35:10,,,
SPY250723C00632000,2025-07-23 15:35:13,,,
SPY250723C00632000,2025-07-23 15:35:17,,,
SPY250723C00632000,2025-07-23 15:35:20,,,
SPY250723C00632000,2025-07-23 15:35:24,,,
SPY250723C00632000,2025-07-23 15:35:27,,,
SPY250723C00632000,2025-07-23 15:35:31,,,
SPY250723C00632000,2025-07-23 15:35:34,,,
SPY250723C00632000,2025-07-23 15:35:38,,,
SPY250723C00632000,2025-07-23 15:35:41,,,
SPY250723C00632000,2025-07-23 15:35:44,,,
SPY250723C00632000,2025-07-23 15:35:48,,,
SPY250723C00632000,2025-07-23 15:35:51,,,
SPY250723C00632000,2025-07-23 15:35:55,,,
SPY250723C00632000,2025-07-23 15:35:59,,,
SPY250723C00632000,2025-07-23 15:36:02,,,
SPY250723C00632000,2025-07-23 15:36:06,,,
SPY250723C00632000,2025-07-23 15:36:09,,,
SPY250723C00632000,2025-07-23 15:36:12,,,
SPY250723C00632000,2025-07-23 15:36:16,,,
SPY250723C00632000,2025-07-23 15:36:19,,,
SPY250723C00632000,2025-07-23 15:36:23,,,
SPY250723C00632000,2025-07-23 15:36:27,,,
SPY250723C00632000,2025-07-23 15:36:30,,,
SPY250723C00632000,2025-07-23 15:36:33,,,
SPY250723C00632000,2025-07-23 15:36:37,,,
SPY250723C00632000,2025-07-23 15:36:40,,,
SPY250723C00632000,2025-07-23 15:36:44,,,
SPY250723C00632000,2025-07-23 15:36:47,,,
SPY250723C00632000,2025-07-23 15:36:51,,,
SPY250723C00632000,2025-07-23 15:36:54,,,
SPY250723C00632000,2025-07-23 15:36:58,,,
SPY250723C00632000,2025-07-23 15:37:02,,,
SPY250723C00632000,2025-07-23 15:37:05,,,
SPY250723C00632000,2025-07-23 15:37:08,,,
SPY250723C00632000,2025-07-23 15:37:12,,,
SPY250723C00632000,2025-07-23 15:37:15,,,
SPY250723C00632000,2025-07-23 15:37:19,,,
SPY250723C00632000,2025-07-23 15:37:22,,,
SPY250723C00632000,2025-07-23 15:37:26,,,
SPY250723C00632000,2025-07-23 15:37:30,,,
SPY250723C00632000,2025-07-23 15:37:33,,,
SPY250723C00632000,2025-07-23 15:37:36,,,
SPY250723C00632000,2025-07-23 15:37:40,,,
SPY250723C00632000,2025-07-23 15:37:43,,,
SPY250723C00632000,2025-07-23 15:37:47,,,
SPY250723C00632000,2025-07-23 15:37:50,,,
SPY250723C00632000,2025-07-23 15:37:54,,,
SPY250723C00632000,2025-07-23 15:37:57,,,
SPY250723C00632000,2025-07-23 15:38:01,,,
SPY250723C00632000,2025-07-23 15:38:04,,,
SPY250723C00632000,2025-07-23 15:38:08,,,
SPY250723C00632000,2025-07-23 15:38:11,,,
SPY250723C00632000,2025-07-23 15:38:15,,,
SPY250723C00632000,2025-07-23 15:38:18,,,
SPY250723C00632000,2025-07-23 15:38:22,,,
SPY250723C00632000,2025-07-23 15:38:25,,,
SPY250723C00632000,2025-07-23 15:38:29,,,
SPY250723C00632000,2025-07-23 15:38:33,,,
SPY250723C00632000,2025-07-23 15:38:36,,,
SPY250723C00632000,2025-07-23 15:38:40,,,
SPY250723C00632000,2025-07-23 15:38:43,,,
SPY250723C00632000,2025-07-23 15:38:46,,,
SPY250723C00632000,2025-07-23 15:38:50,,,
SPY250723C00632000,2025-07-23 15:38:53,,,
SPY250723C00632000,2025-07-23 15:38:57,,,
SPY250723C00632000,2025-07-23 15:39:00,,,
SPY250723C00632000,2025-07-23 15:39:04,,,
SPY250723C00632000,2025-07-23 15:39:08,,,
SPY250723C00632000,2025-07-23 15:39:11,,,
SPY250723C00632000,2025-07-23 15:39:15,,,
SPY250723C00632000,2025-07-23 15:39:18,,,
SPY250723C00632000,2025-07-23 15:39:21,,,
SPY250723C00632000,2025-07-23 15:39:25,,,
SPY250723C00632000,2025-07-23 15:39:28,,,
SPY250723C00632000,2025-07-23 15:39:32,,,
SPY250723C00632000,2025-07-23 15:39:36,,,
SPY250723C00632000,2025-07-23 15:39:39,,,
SPY250723C00632000,2025-07-23 15:39:42,,,
SPY250723C00632000,2025-07-23 15:39:46,,,
SPY250723C00632000,2025-07-23 15:39:50,,,
SPY250723C00632000,2025-07-23 15:39:54,,,
SPY250723C00632000,2025-07-23 15:39:58,,,
SPY250723C00632000,2025-07-23 15:40:01,,,
SPY250723C00632000,2025-07-23 15:40:05,,,
SPY250723C00632000,2025-07-23 15:40:09,,,
SPY250723C00632000,2025-07-23 15:40:12,,,
SPY250723C00632000,2025-07-23 15:40:16,,,
SPY250723C00632000,2025-07-23 15:40:19,,,
SPY250723C00632000,2025-07-23 15:40:23,,,
SPY250723C00632000,2025-07-23 15:40:26,,,
SPY250723C00632000,2025-07-23 15:40:30,,,
SPY250723C00632000,2025-07-23 15:40:33,,,
SPY250723C00632000,2025-07-23 15:40:37,,,
SPY250723C00632000,2025-07-23 15:40:40,,,
SPY250723C00632000,2025-07-23 15:40:44,,,
SPY250723C00632000,2025-07-23 15:40:47,,,
SPY250723C00632000,2025-07-23 15:40:52,,,
SPY250723C00632000,2025-07-23 15:40:55,,,
SPY250723C00632000,2025-07-23 15:40:59,,,
SPY250723C00632000,2025-07-23 15:41:02,,,
SPY250723C00632000,2025-07-23 15:41:06,,,
SPY250723C00632000,2025-07-23 15:41:09,,,
SPY250723C00632000,2025-07-23 15:41:13,,,
SPY250723C00632000,2025-07-23 15:41:16,,,
SPY250723C00632000,2025-07-23 15:41:20,,,
SPY250723C00632000,2025-07-23 15:41:23,,,
SPY250723C00632000,2025-07-23 15:41:27,,,
SPY250723C00632000,2025-07-23 15:41:30,,,
SPY250723C00632000,2025-07-23 15:41:34,,,
SPY250723C00632000,2025-07-23 15:41:37,,,
SPY250723C00632000,2025-07-23 15:41:41,,,
SPY250723C00632000,2025-07-23 15:41:44,,,
SPY250723C00632000,2025-07-23 15:41:48,,,
SPY250723C00632000,2025-07-23 15:41:51,,,
SPY250723C00632000,2025-07-23 15:41:55,,,
SPY250723C00632000,2025-07-23 15:41:58,,,
SPY250723C00632000,2025-07-23 15:42:02,,,
SPY250723C00632000,2025-07-23 15:42:05,,,
SPY250723C00632000,2025-07-23 15:42:09,,,
SPY250723C00632000,2025-07-23 15:42:12,,,
SPY250723C00632000,2025-07-23 15:42:16,,,
SPY250723C00632000,2025-07-23 15:42:19,,,
SPY250723C00632000,2025-07-23 15:42:23,,,
SPY250723C00632000,2025-07-23 15:42:26,,,
SPY250723C00632000,2025-07-23 15:42:30,,,
SPY250723C00632000,2025-07-23 15:42:33,,,
SPY250723C00632000,2025-07-23 15:42:37,,,
SPY250723C00632000,2025-07-23 15:42:40,,,
SPY250723C00632000,2025-07-23 15:42:44,,,
SPY250723C00632000,2025-07-23 15:42:47,,,
SPY250723C00632000,2025-07-23 15:42:51,,,
SPY250723C00632000,2025-07-23 15:42:54,,,
SPY250723C00632000,2025-07-23 15:42:58,,,
SPY250723C00632000,2025-07-23 15:43:01,,,
SPY250723C00632000,2025-07-23 15:43:05,,,
SPY250723C00632000,2025-07-23 15:43:08,,,
SPY250723C00632000,2025-07-23 15:43:12,,,
SPY250723C00632000,2025-07-23 15:43:15,,,
SPY250723C00632000,2025-07-23 15:43:19,,,
SPY250723C00632000,2025-07-23 15:43:22,,,
SPY250723C00632000,2025-07-23 15:43:26,,,
SPY250723C00632000,2025-07-23 15:43:29,,,
SPY250723C00632000,2025-07-23 15:43:33,,,
SPY250723C00632000,2025-07-23 15:43:36,,,
SPY250723C00632000,2025-07-23 15:43:40,,,
SPY250723C00632000,2025-07-23 15:43:43,,,
SPY250723C00632000,2025-07-23 15:43:47,,,
SPY250723C00632000,2025-07-23 15:43:50,,,
SPY250723C00632000,2025-07-23 15:43:54,,,
SPY250723C00632000,2025-07-23 15:43:57,,,
SPY250723C00632000,2025-07-23 15:44:01,,,
SPY250723C00632000,2025-07-23 15:44:04,,,
SPY250723C00632000,2025-07-23 15:44:08,,,
SPY250723C00632000,2025-07-23 15:44:11,,,
SPY250723C00632000,2025-07-23 15:44:15,,,
SPY250723C00632000,2025-07-23 15:44:18,,,
SPY250723C00632000,2025-07-23 15:44:22,,,
SPY250723C00632000,2025-07-23 15:44:25,,,
SPY250723C00632000,2025-07-23 15:44:29,,,
SPY250723C00632000,2025-07-23 15:44:32,,,
SPY250723C00632000,2025-07-23 15:44:36,,,
SPY250723C00632000,2025-07-23 15:44:39,,,
SPY250723C00632000,2025-07-23 15:44:43,,,
SPY250723C00632000,2025-07-23 15:44:46,,,
SPY250723C00632000,2025-07-23 15:44:50,,,
SPY250723C00632000,2025-07-23 15:44:53,,,
SPY250723C00632000,2025-07-23 15:44:57,,,
SPY250723C00632000,2025-07-23 15:45:00,,,
SPY250723C00632000,2025-07-23 15:45:04,,,
SPY250723C00632000,2025-07-23 15:45:07,,,
SPY250723C00632000,2025-07-23 15:45:11,,,
SPY250723C00632000,2025-07-23 15:45:14,,,
SPY250723C00632000,2025-07-23 15:45:18,,,
SPY250723C00632000,2025-07-23 15:45:21,,,
SPY250723C00632000,2025-07-23 15:45:25,,,
SPY250723C00632000,2025-07-23 15:45:29,,,
SPY250723C00632000,2025-07-23 15:45:32,,,
SPY250723C00632000,2025-07-23 15:45:36,,,
SPY250723C00632000,2025-07-23 15:45:39,,,
SPY250723C00632000,2025-07-23 15:45:43,,,
SPY250723C00632000,2025-07-23 15:45:46,,,
SPY250723C00632000,2025-07-23 15:45:50,,,
SPY250723C00632000,2025-07-23 15:45:53,,,
SPY250723C00632000,2025-07-23 15:45:57,,,
SPY250723C00632000,2025-07-23 15:46:00,,,
SPY250723C00632000,2025-07-23 15:46:04,,,
SPY250723C00632000,2025-07-23 15:46:07,,,
SPY250723C00632000,2025-07-23 15:46:11,,,
SPY250723C00632000,2025-07-23 15:46:14,,,
SPY250723C00632000,2025-07-23 15:46:18,,,
SPY250723C00632000,2025-07-23 15:46:21,,,
SPY250723C00632000,2025-07-23 15:46:25,,,
SPY250723C00632000,2025-07-23 15:46:28,,,
SPY250723C00632000,2025-07-23 15:46:32,,,
SPY250723C00632000,2025-07-23 15:46:35,,,
SPY250723C00632000,2025-07-23 15:46:39,,,
SPY250723C00632000,2025-07-23 15:46:42,,,
SPY250723C00632000,2025-07-23 15:46:46,,,
SPY250723C00632000,2025-07-23 15:46:49,,,
SPY250723C00632000,2025-07-23 15:46:53,,,
SPY250723C00632000,2025-07-23 15:46:56,,,
SPY250723C00632000,2025-07-23 15:47:00,,,
SPY250723C00632000,2025-07-23 15:47:03,,,
SPY250723C00632000,2025-07-23 15:47:07,,,
SPY250723C00632000,2025-07-23 15:47:10,,,
SPY250723C00632000,2025-07-23 15:47:14,,,
SPY250723C00632000,2025-07-23 15:47:17,,,
SPY250723C00632000,2025-07-23 15:47:21,,,
SPY250723C00632000,2025-07-23 15:47:24,,,
SPY250723C00632000,2025-07-23 15:47:28,,,
SPY250723C00632000,2025-07-23 15:47:31,,,
SPY250723C00632000,2025-07-23 15:47:35,,,
SPY250723C00632000,2025-07-23 15:47:38,,,
SPY250723C00632000,2025-07-23 15:47:42,,,
SPY250723C00632000,2025-07-23 15:47:45,,,
SPY250723C00632000,2025-07-23 15:47:49,,,
SPY250723C00632000,2025-07-23 15:47:52,,,
SPY250723C00632000,2025-07-23 15:47:56,,,
SPY250723C00632000,2025-07-23 15:47:59,,,
SPY250723C00632000,2025-07-23 15:48:03,,,
SPY250723C00632000,2025-07-23 15:48:06,,,
SPY250723C00632000,2025-07-23 15:48:10,,,
SPY250723C00632000,2025-07-23 15:48:13,,,
SPY250723C00632000,2025-07-23 15:48:17,,,
SPY250723C00632000,2025-07-23 15:48:20,,,
SPY250723C00632000,2025-07-23 15:48:24,,,
SPY250723C00632000,2025-07-23 15:48:27,,,
SPY250723C00632000,2025-07-23 15:48:31,,,
SPY250723C00632000,2025-07-23 15:48:34,,,
SPY250723C00632000,2025-07-23 15:48:38,,,
SPY250723C00632000,2025-07-23 15:48:41,,,
SPY250723C00632000,2025-07-23 15:48:45,,,
SPY250723C00632000,2025-07-23 15:48:48,,,
SPY250723C00632000,2025-07-23 15:48:52,,,
SPY250723C00632000,2025-07-23 15:48:55,,,
SPY250723C00632000,2025-07-23 15:48:59,,,
SPY250723C00632000,2025-07-23 15:49:02,,,
SPY250723C00632000,2025-07-23 15:49:06,,,
SPY250723C00632000,2025-07-23 15:49:09,,,
SPY250723C00632000,2025-07-23 15:49:13,,,
SPY250723C00632000,2025-07-23 15:49:16,,,
SPY250723C00632000,2025-07-23 15:49:20,,,
SPY250723C00632000,2025-07-23 15:49:23,,,
SPY250723C00632000,2025-07-23 15:49:27,,,
SPY250723C00632000,2025-07-23 15:49:30,,,
SPY250723C00632000,2025-07-23 15:49:34,,,
SPY250723C00632000,2025-07-23 15:49:37,,,
SPY250723C00632000,2025-07-23 15:49:41,,,
SPY250723C00632000,2025-07-23 15:49:44,,,
SPY250723C00632000,2025-07-23 15:49:48,,,
SPY250723C00632000,2025-07-23 15:49:51,,,
SPY250723C00632000,2025-07-23 15:49:55,,,
SPY250723C00632000,2025-07-23 15:49:58,,,
