合约名称,时间,最新成交价,开仓价格,平仓价格
SPY250613P00599000,2025-06-16 09:30:02,,,
SPY250613P00600000,2025-06-16 09:30:02,,,
SPY250613P00601000,2025-06-16 09:30:02,,,
SPY250613P00599000,2025-06-16 09:30:06,,,
SPY250613P00600000,2025-06-16 09:30:06,,,
SPY250613P00601000,2025-06-16 09:30:06,,,
SPY250613P00599000,2025-06-16 09:30:11,,,
SPY250613P00600000,2025-06-16 09:30:11,,,
SPY250613P00601000,2025-06-16 09:30:11,,,
SPY250613P00599000,2025-06-16 09:30:15,,,
SPY250613P00600000,2025-06-16 09:30:15,,,
SPY250613P00601000,2025-06-16 09:30:15,,,
SPY250613P00599000,2025-06-16 09:30:19,,,
SPY250613P00600000,2025-06-16 09:30:19,,,
SPY250613P00601000,2025-06-16 09:30:19,,,
SPY250613P00599000,2025-06-16 09:30:24,,,
SPY250613P00600000,2025-06-16 09:30:24,,,
SPY250613P00601000,2025-06-16 09:30:24,,,
SPY250613P00599000,2025-06-16 09:30:28,,,
SPY250613P00600000,2025-06-16 09:30:28,,,
SPY250613P00601000,2025-06-16 09:30:28,,,
SPY250613P00599000,2025-06-16 09:30:32,,,
SPY250613P00600000,2025-06-16 09:30:32,,,
SPY250613P00601000,2025-06-16 09:30:32,,,
SPY250613P00599000,2025-06-16 09:30:36,,,
SPY250613P00600000,2025-06-16 09:30:36,,,
SPY250613P00601000,2025-06-16 09:30:36,,,
SPY250613P00599000,2025-06-16 09:30:41,,,
SPY250613P00600000,2025-06-16 09:30:41,,,
SPY250613P00601000,2025-06-16 09:30:41,,,
SPY250613P00599000,2025-06-16 09:30:45,,,
SPY250613P00600000,2025-06-16 09:30:45,,,
SPY250613P00601000,2025-06-16 09:30:45,,,
SPY250613P00599000,2025-06-16 09:30:49,,,
SPY250613P00600000,2025-06-16 09:30:49,,,
SPY250613P00601000,2025-06-16 09:30:49,,,
SPY250613P00599000,2025-06-16 09:30:53,,,
SPY250613P00600000,2025-06-16 09:30:53,,,
SPY250613P00601000,2025-06-16 09:30:53,,,
SPY250613P00599000,2025-06-16 09:30:58,,,
SPY250613P00600000,2025-06-16 09:30:58,,,
SPY250613P00601000,2025-06-16 09:30:58,,,
SPY250613P00599000,2025-06-16 09:31:02,,,
SPY250613P00600000,2025-06-16 09:31:02,,,
SPY250613P00601000,2025-06-16 09:31:02,,,
SPY250613P00599000,2025-06-16 09:31:06,,,
SPY250613P00600000,2025-06-16 09:31:06,,,
SPY250613P00601000,2025-06-16 09:31:06,,,
SPY250613P00599000,2025-06-16 09:31:10,,,
SPY250613P00600000,2025-06-16 09:31:10,,,
SPY250613P00601000,2025-06-16 09:31:10,,,
SPY250613P00599000,2025-06-16 09:31:15,,,
SPY250613P00600000,2025-06-16 09:31:15,,,
SPY250613P00601000,2025-06-16 09:31:15,,,
SPY250613P00599000,2025-06-16 09:31:19,,,
SPY250613P00600000,2025-06-16 09:31:19,,,
SPY250613P00601000,2025-06-16 09:31:19,,,
SPY250613P00599000,2025-06-16 09:31:23,,,
SPY250613P00600000,2025-06-16 09:31:23,,,
SPY250613P00601000,2025-06-16 09:31:23,,,
SPY250613P00599000,2025-06-16 09:31:27,,,
SPY250613P00600000,2025-06-16 09:31:27,,,
SPY250613P00601000,2025-06-16 09:31:27,,,
SPY250613P00599000,2025-06-16 09:31:32,,,
SPY250613P00600000,2025-06-16 09:31:32,,,
SPY250613P00601000,2025-06-16 09:31:32,,,
SPY250613P00599000,2025-06-16 09:31:36,,,
SPY250613P00600000,2025-06-16 09:31:36,,,
SPY250613P00601000,2025-06-16 09:31:36,,,
SPY250613P00599000,2025-06-16 09:31:40,,,
SPY250613P00600000,2025-06-16 09:31:40,,,
SPY250613P00601000,2025-06-16 09:31:40,,,
SPY250613P00599000,2025-06-16 09:31:44,,,
SPY250613P00600000,2025-06-16 09:31:44,,,
SPY250613P00601000,2025-06-16 09:31:44,,,
SPY250613P00599000,2025-06-16 09:31:49,,,
SPY250613P00600000,2025-06-16 09:31:49,,,
SPY250613P00601000,2025-06-16 09:31:49,,,
SPY250613P00599000,2025-06-16 09:31:53,,,
SPY250613P00600000,2025-06-16 09:31:53,,,
SPY250613P00601000,2025-06-16 09:31:53,,,
SPY250613P00599000,2025-06-16 09:31:57,,,
SPY250613P00600000,2025-06-16 09:31:57,,,
SPY250613P00601000,2025-06-16 09:31:57,,,
SPY250613P00599000,2025-06-16 09:32:01,,,
SPY250613P00600000,2025-06-16 09:32:01,,,
SPY250613P00601000,2025-06-16 09:32:01,,,
SPY250613P00599000,2025-06-16 09:32:06,,,
SPY250613P00600000,2025-06-16 09:32:06,,,
SPY250613P00601000,2025-06-16 09:32:06,,,
SPY250613P00599000,2025-06-16 09:32:10,,,
SPY250613P00600000,2025-06-16 09:32:10,,,
SPY250613P00601000,2025-06-16 09:32:10,,,
SPY250613P00599000,2025-06-16 09:32:14,,,
SPY250613P00600000,2025-06-16 09:32:14,,,
SPY250613P00601000,2025-06-16 09:32:14,,,
SPY250613P00599000,2025-06-16 09:32:18,,,
SPY250613P00600000,2025-06-16 09:32:18,,,
SPY250613P00601000,2025-06-16 09:32:18,,,
SPY250613P00599000,2025-06-16 09:32:22,,,
SPY250613P00600000,2025-06-16 09:32:22,,,
SPY250613P00601000,2025-06-16 09:32:22,,,
SPY250613P00599000,2025-06-16 09:32:27,,,
SPY250613P00600000,2025-06-16 09:32:27,,,
SPY250613P00601000,2025-06-16 09:32:27,,,
SPY250613P00599000,2025-06-16 09:32:31,,,
SPY250613P00600000,2025-06-16 09:32:31,,,
SPY250613P00601000,2025-06-16 09:32:31,,,
SPY250613P00599000,2025-06-16 09:32:35,,,
SPY250613P00600000,2025-06-16 09:32:35,,,
SPY250613P00601000,2025-06-16 09:32:35,,,
SPY250613P00599000,2025-06-16 09:32:39,,,
SPY250613P00600000,2025-06-16 09:32:39,,,
SPY250613P00601000,2025-06-16 09:32:39,,,
SPY250613P00599000,2025-06-16 09:32:44,,,
SPY250613P00600000,2025-06-16 09:32:44,,,
SPY250613P00601000,2025-06-16 09:32:44,,,
SPY250613P00599000,2025-06-16 09:32:48,,,
SPY250613P00600000,2025-06-16 09:32:48,,,
SPY250613P00601000,2025-06-16 09:32:48,,,
SPY250613P00599000,2025-06-16 09:32:52,,,
SPY250613P00600000,2025-06-16 09:32:52,,,
SPY250613P00601000,2025-06-16 09:32:52,,,
SPY250613P00599000,2025-06-16 09:32:56,,,
SPY250613P00600000,2025-06-16 09:32:56,,,
SPY250613P00601000,2025-06-16 09:32:56,,,
SPY250613P00599000,2025-06-16 09:33:01,,,
SPY250613P00600000,2025-06-16 09:33:01,,,
SPY250613P00601000,2025-06-16 09:33:01,,,
SPY250613P00599000,2025-06-16 09:33:05,,,
SPY250613P00600000,2025-06-16 09:33:05,,,
SPY250613P00601000,2025-06-16 09:33:05,,,
SPY250613P00599000,2025-06-16 09:33:09,,,
SPY250613P00600000,2025-06-16 09:33:09,,,
SPY250613P00601000,2025-06-16 09:33:09,,,
SPY250613P00599000,2025-06-16 09:33:13,,,
SPY250613P00600000,2025-06-16 09:33:13,,,
SPY250613P00601000,2025-06-16 09:33:13,,,
SPY250613P00599000,2025-06-16 09:33:18,,,
SPY250613P00600000,2025-06-16 09:33:18,,,
SPY250613P00601000,2025-06-16 09:33:18,,,
SPY250613P00599000,2025-06-16 09:33:22,,,
SPY250613P00600000,2025-06-16 09:33:22,,,
SPY250613P00601000,2025-06-16 09:33:22,,,
SPY250613P00599000,2025-06-16 09:33:26,,,
SPY250613P00600000,2025-06-16 09:33:26,,,
SPY250613P00601000,2025-06-16 09:33:26,,,
SPY250613P00599000,2025-06-16 09:33:30,,,
SPY250613P00600000,2025-06-16 09:33:30,,,
SPY250613P00601000,2025-06-16 09:33:30,,,
SPY250613P00599000,2025-06-16 09:33:35,,,
SPY250613P00600000,2025-06-16 09:33:35,,,
SPY250613P00601000,2025-06-16 09:33:35,,,
SPY250613P00599000,2025-06-16 09:33:39,,,
SPY250613P00600000,2025-06-16 09:33:39,,,
SPY250613P00601000,2025-06-16 09:33:39,,,
SPY250613P00599000,2025-06-16 09:33:43,,,
SPY250613P00600000,2025-06-16 09:33:43,,,
SPY250613P00601000,2025-06-16 09:33:43,,,
SPY250613P00599000,2025-06-16 09:33:48,,,
SPY250613P00600000,2025-06-16 09:33:48,,,
SPY250613P00601000,2025-06-16 09:33:48,,,
SPY250613P00599000,2025-06-16 09:33:52,,,
SPY250613P00600000,2025-06-16 09:33:52,,,
SPY250613P00601000,2025-06-16 09:33:52,,,
SPY250613P00599000,2025-06-16 09:33:56,,,
SPY250613P00600000,2025-06-16 09:33:56,,,
SPY250613P00601000,2025-06-16 09:33:56,,,
SPY250613P00599000,2025-06-16 09:34:00,,,
SPY250613P00600000,2025-06-16 09:34:00,,,
SPY250613P00601000,2025-06-16 09:34:00,,,
SPY250613P00599000,2025-06-16 09:34:05,,,
SPY250613P00600000,2025-06-16 09:34:05,,,
SPY250613P00601000,2025-06-16 09:34:05,,,
SPY250613P00599000,2025-06-16 09:34:09,,,
SPY250613P00600000,2025-06-16 09:34:09,,,
SPY250613P00601000,2025-06-16 09:34:09,,,
SPY250613P00599000,2025-06-16 09:34:13,,,
SPY250613P00600000,2025-06-16 09:34:13,,,
SPY250613P00601000,2025-06-16 09:34:13,,,
SPY250613P00599000,2025-06-16 09:34:17,,,
SPY250613P00600000,2025-06-16 09:34:17,,,
SPY250613P00601000,2025-06-16 09:34:17,,,
SPY250613P00599000,2025-06-16 09:34:22,,,
SPY250613P00600000,2025-06-16 09:34:22,,,
SPY250613P00601000,2025-06-16 09:34:22,,,
SPY250613P00599000,2025-06-16 09:34:26,,,
SPY250613P00600000,2025-06-16 09:34:26,,,
SPY250613P00601000,2025-06-16 09:34:26,,,
SPY250613P00599000,2025-06-16 09:34:30,,,
SPY250613P00600000,2025-06-16 09:34:30,,,
SPY250613P00601000,2025-06-16 09:34:30,,,
SPY250613P00599000,2025-06-16 09:34:34,,,
SPY250613P00600000,2025-06-16 09:34:34,,,
SPY250613P00601000,2025-06-16 09:34:34,,,
SPY250613P00599000,2025-06-16 09:34:39,,,
SPY250613P00600000,2025-06-16 09:34:39,,,
SPY250613P00601000,2025-06-16 09:34:39,,,
SPY250613P00599000,2025-06-16 09:34:43,,,
SPY250613P00600000,2025-06-16 09:34:43,,,
SPY250613P00601000,2025-06-16 09:34:43,,,
SPY250613P00599000,2025-06-16 09:34:47,,,
SPY250613P00600000,2025-06-16 09:34:47,,,
SPY250613P00601000,2025-06-16 09:34:47,,,
SPY250613P00599000,2025-06-16 09:34:51,,,
SPY250613P00600000,2025-06-16 09:34:51,,,
SPY250613P00601000,2025-06-16 09:34:51,,,
SPY250613P00599000,2025-06-16 09:34:56,,,
SPY250613P00600000,2025-06-16 09:34:56,,,
SPY250613P00601000,2025-06-16 09:34:56,,,
SPY250613P00599000,2025-06-16 09:35:00,,,
SPY250613P00600000,2025-06-16 09:35:00,,,
SPY250613P00601000,2025-06-16 09:35:00,,,
SPY250613P00599000,2025-06-16 09:35:04,,,
SPY250613P00600000,2025-06-16 09:35:04,,,
SPY250613P00601000,2025-06-16 09:35:04,,,
SPY250613P00599000,2025-06-16 09:35:09,,,
SPY250613P00600000,2025-06-16 09:35:09,,,
SPY250613P00601000,2025-06-16 09:35:09,,,
SPY250613P00599000,2025-06-16 09:35:13,,,
SPY250613P00600000,2025-06-16 09:35:13,,,
SPY250613P00601000,2025-06-16 09:35:13,,,
SPY250613P00599000,2025-06-16 09:35:17,,,
SPY250613P00600000,2025-06-16 09:35:17,,,
SPY250613P00601000,2025-06-16 09:35:17,,,
SPY250613P00599000,2025-06-16 09:35:21,,,
SPY250613P00600000,2025-06-16 09:35:21,,,
SPY250613P00601000,2025-06-16 09:35:21,,,
SPY250613P00599000,2025-06-16 09:35:26,,,
SPY250613P00600000,2025-06-16 09:35:26,,,
SPY250613P00601000,2025-06-16 09:35:26,,,
SPY250613P00599000,2025-06-16 09:35:30,,,
SPY250613P00600000,2025-06-16 09:35:30,,,
SPY250613P00601000,2025-06-16 09:35:30,,,
SPY250613P00599000,2025-06-16 09:35:34,,,
SPY250613P00600000,2025-06-16 09:35:34,,,
SPY250613P00601000,2025-06-16 09:35:34,,,
SPY250613P00599000,2025-06-16 09:35:38,,,
SPY250613P00600000,2025-06-16 09:35:38,,,
SPY250613P00601000,2025-06-16 09:35:38,,,
SPY250613P00599000,2025-06-16 09:35:43,,,
SPY250613P00600000,2025-06-16 09:35:43,,,
SPY250613P00601000,2025-06-16 09:35:43,,,
SPY250613P00599000,2025-06-16 09:35:47,,,
SPY250613P00600000,2025-06-16 09:35:47,,,
SPY250613P00601000,2025-06-16 09:35:47,,,
SPY250613P00599000,2025-06-16 09:35:51,,,
SPY250613P00600000,2025-06-16 09:35:51,,,
SPY250613P00601000,2025-06-16 09:35:51,,,
SPY250613P00599000,2025-06-16 09:35:55,,,
SPY250613P00600000,2025-06-16 09:35:55,,,
SPY250613P00601000,2025-06-16 09:35:55,,,
SPY250613P00599000,2025-06-16 09:36:00,,,
SPY250613P00600000,2025-06-16 09:36:00,,,
SPY250613P00601000,2025-06-16 09:36:00,,,
SPY250613P00599000,2025-06-16 09:36:04,,,
SPY250613P00600000,2025-06-16 09:36:04,,,
SPY250613P00601000,2025-06-16 09:36:04,,,
SPY250613P00599000,2025-06-16 09:36:08,,,
SPY250613P00600000,2025-06-16 09:36:08,,,
SPY250613P00601000,2025-06-16 09:36:08,,,
SPY250613P00599000,2025-06-16 09:36:12,,,
SPY250613P00600000,2025-06-16 09:36:12,,,
SPY250613P00601000,2025-06-16 09:36:12,,,
SPY250613P00599000,2025-06-16 09:36:17,,,
SPY250613P00600000,2025-06-16 09:36:17,,,
SPY250613P00601000,2025-06-16 09:36:17,,,
SPY250613P00599000,2025-06-16 09:36:21,,,
SPY250613P00600000,2025-06-16 09:36:21,,,
SPY250613P00601000,2025-06-16 09:36:21,,,
SPY250613P00599000,2025-06-16 09:36:25,,,
SPY250613P00600000,2025-06-16 09:36:25,,,
SPY250613P00601000,2025-06-16 09:36:25,,,
SPY250613P00599000,2025-06-16 09:36:29,,,
SPY250613P00600000,2025-06-16 09:36:29,,,
SPY250613P00601000,2025-06-16 09:36:29,,,
SPY250613P00599000,2025-06-16 09:36:33,,,
SPY250613P00600000,2025-06-16 09:36:33,,,
SPY250613P00601000,2025-06-16 09:36:33,,,
SPY250613P00599000,2025-06-16 09:36:38,,,
SPY250613P00600000,2025-06-16 09:36:38,,,
SPY250613P00601000,2025-06-16 09:36:38,,,
SPY250613P00599000,2025-06-16 09:36:42,,,
SPY250613P00600000,2025-06-16 09:36:42,,,
SPY250613P00601000,2025-06-16 09:36:42,,,
SPY250613P00599000,2025-06-16 09:36:46,,,
SPY250613P00600000,2025-06-16 09:36:46,,,
SPY250613P00601000,2025-06-16 09:36:46,,,
SPY250613P00599000,2025-06-16 09:36:50,,,
SPY250613P00600000,2025-06-16 09:36:50,,,
SPY250613P00601000,2025-06-16 09:36:50,,,
SPY250613P00599000,2025-06-16 09:36:55,,,
SPY250613P00600000,2025-06-16 09:36:55,,,
SPY250613P00601000,2025-06-16 09:36:55,,,
SPY250613P00599000,2025-06-16 09:36:59,,,
SPY250613P00600000,2025-06-16 09:36:59,,,
SPY250613P00601000,2025-06-16 09:36:59,,,
SPY250613P00599000,2025-06-16 09:37:03,,,
SPY250613P00600000,2025-06-16 09:37:03,,,
SPY250613P00601000,2025-06-16 09:37:03,,,
SPY250613P00599000,2025-06-16 09:37:07,,,
SPY250613P00600000,2025-06-16 09:37:07,,,
SPY250613P00601000,2025-06-16 09:37:07,,,
SPY250613P00599000,2025-06-16 09:37:12,,,
SPY250613P00600000,2025-06-16 09:37:12,,,
SPY250613P00601000,2025-06-16 09:37:12,,,
SPY250613P00599000,2025-06-16 09:37:16,,,
SPY250613P00600000,2025-06-16 09:37:16,,,
SPY250613P00601000,2025-06-16 09:37:16,,,
SPY250613P00599000,2025-06-16 09:37:20,,,
SPY250613P00600000,2025-06-16 09:37:20,,,
SPY250613P00601000,2025-06-16 09:37:20,,,
SPY250613P00599000,2025-06-16 09:37:24,,,
SPY250613P00600000,2025-06-16 09:37:24,,,
SPY250613P00601000,2025-06-16 09:37:24,,,
SPY250613P00599000,2025-06-16 09:37:29,,,
SPY250613P00600000,2025-06-16 09:37:29,,,
SPY250613P00601000,2025-06-16 09:37:29,,,
SPY250613P00599000,2025-06-16 09:37:33,,,
SPY250613P00600000,2025-06-16 09:37:33,,,
SPY250613P00601000,2025-06-16 09:37:33,,,
SPY250613P00599000,2025-06-16 09:37:37,,,
SPY250613P00600000,2025-06-16 09:37:37,,,
SPY250613P00601000,2025-06-16 09:37:37,,,
SPY250613P00599000,2025-06-16 09:37:41,,,
SPY250613P00600000,2025-06-16 09:37:41,,,
SPY250613P00601000,2025-06-16 09:37:41,,,
SPY250613P00599000,2025-06-16 09:37:45,,,
SPY250613P00600000,2025-06-16 09:37:45,,,
SPY250613P00601000,2025-06-16 09:37:45,,,
SPY250613P00599000,2025-06-16 09:37:50,,,
SPY250613P00600000,2025-06-16 09:37:50,,,
SPY250613P00601000,2025-06-16 09:37:50,,,
SPY250613P00599000,2025-06-16 09:37:54,,,
SPY250613P00600000,2025-06-16 09:37:54,,,
SPY250613P00601000,2025-06-16 09:37:54,,,
SPY250613P00599000,2025-06-16 09:37:58,,,
SPY250613P00600000,2025-06-16 09:37:58,,,
SPY250613P00601000,2025-06-16 09:37:58,,,
SPY250613P00599000,2025-06-16 09:38:02,,,
SPY250613P00600000,2025-06-16 09:38:02,,,
SPY250613P00601000,2025-06-16 09:38:02,,,
SPY250613P00599000,2025-06-16 09:38:06,,,
SPY250613P00600000,2025-06-16 09:38:06,,,
SPY250613P00601000,2025-06-16 09:38:06,,,
SPY250613P00599000,2025-06-16 09:38:11,,,
SPY250613P00600000,2025-06-16 09:38:11,,,
SPY250613P00601000,2025-06-16 09:38:11,,,
SPY250613P00599000,2025-06-16 09:38:15,,,
SPY250613P00600000,2025-06-16 09:38:15,,,
SPY250613P00601000,2025-06-16 09:38:15,,,
SPY250613P00599000,2025-06-16 09:38:19,,,
SPY250613P00600000,2025-06-16 09:38:19,,,
SPY250613P00601000,2025-06-16 09:38:19,,,
SPY250613P00599000,2025-06-16 09:38:23,,,
SPY250613P00600000,2025-06-16 09:38:23,,,
SPY250613P00601000,2025-06-16 09:38:23,,,
SPY250613P00599000,2025-06-16 09:38:28,,,
SPY250613P00600000,2025-06-16 09:38:28,,,
SPY250613P00601000,2025-06-16 09:38:28,,,
SPY250613P00599000,2025-06-16 09:38:32,,,
SPY250613P00600000,2025-06-16 09:38:32,,,
SPY250613P00601000,2025-06-16 09:38:32,,,
SPY250613P00599000,2025-06-16 09:38:36,,,
SPY250613P00600000,2025-06-16 09:38:36,,,
SPY250613P00601000,2025-06-16 09:38:36,,,
SPY250613P00599000,2025-06-16 09:38:40,,,
SPY250613P00600000,2025-06-16 09:38:40,,,
SPY250613P00601000,2025-06-16 09:38:40,,,
SPY250613P00599000,2025-06-16 09:38:45,,,
SPY250613P00600000,2025-06-16 09:38:45,,,
SPY250613P00601000,2025-06-16 09:38:45,,,
SPY250613P00599000,2025-06-16 09:38:49,,,
SPY250613P00600000,2025-06-16 09:38:49,,,
SPY250613P00601000,2025-06-16 09:38:49,,,
SPY250613P00599000,2025-06-16 09:38:53,,,
SPY250613P00600000,2025-06-16 09:38:53,,,
SPY250613P00601000,2025-06-16 09:38:53,,,
SPY250613P00599000,2025-06-16 09:38:57,,,
SPY250613P00600000,2025-06-16 09:38:57,,,
SPY250613P00601000,2025-06-16 09:38:57,,,
SPY250613P00599000,2025-06-16 09:39:02,,,
SPY250613P00600000,2025-06-16 09:39:02,,,
SPY250613P00601000,2025-06-16 09:39:02,,,
SPY250613P00599000,2025-06-16 09:39:06,,,
SPY250613P00600000,2025-06-16 09:39:06,,,
SPY250613P00601000,2025-06-16 09:39:06,,,
SPY250613P00599000,2025-06-16 09:39:10,,,
SPY250613P00600000,2025-06-16 09:39:10,,,
SPY250613P00601000,2025-06-16 09:39:10,,,
SPY250613P00599000,2025-06-16 09:39:14,,,
SPY250613P00600000,2025-06-16 09:39:14,,,
SPY250613P00601000,2025-06-16 09:39:14,,,
SPY250613P00599000,2025-06-16 09:39:19,,,
SPY250613P00600000,2025-06-16 09:39:19,,,
SPY250613P00601000,2025-06-16 09:39:19,,,
SPY250613P00599000,2025-06-16 09:39:23,,,
SPY250613P00600000,2025-06-16 09:39:23,,,
SPY250613P00601000,2025-06-16 09:39:23,,,
SPY250613P00599000,2025-06-16 09:39:27,,,
SPY250613P00600000,2025-06-16 09:39:27,,,
SPY250613P00601000,2025-06-16 09:39:27,,,
SPY250613P00599000,2025-06-16 09:39:31,,,
SPY250613P00600000,2025-06-16 09:39:31,,,
SPY250613P00601000,2025-06-16 09:39:31,,,
SPY250613P00599000,2025-06-16 09:39:35,,,
SPY250613P00600000,2025-06-16 09:39:35,,,
SPY250613P00601000,2025-06-16 09:39:35,,,
SPY250613P00599000,2025-06-16 09:39:40,,,
SPY250613P00600000,2025-06-16 09:39:40,,,
SPY250613P00601000,2025-06-16 09:39:40,,,
SPY250613P00599000,2025-06-16 09:39:44,,,
SPY250613P00600000,2025-06-16 09:39:44,,,
SPY250613P00601000,2025-06-16 09:39:44,,,
SPY250613P00599000,2025-06-16 09:39:48,,,
SPY250613P00600000,2025-06-16 09:39:48,,,
SPY250613P00601000,2025-06-16 09:39:48,,,
SPY250613P00599000,2025-06-16 09:39:52,,,
SPY250613P00600000,2025-06-16 09:39:52,,,
SPY250613P00601000,2025-06-16 09:39:52,,,
SPY250613P00599000,2025-06-16 09:39:57,,,
SPY250613P00600000,2025-06-16 09:39:57,,,
SPY250613P00601000,2025-06-16 09:39:57,,,
SPY250613P00599000,2025-06-16 09:40:01,,,
SPY250613P00600000,2025-06-16 09:40:01,,,
SPY250613P00601000,2025-06-16 09:40:01,,,
SPY250613P00599000,2025-06-16 09:40:05,,,
SPY250613P00600000,2025-06-16 09:40:05,,,
SPY250613P00601000,2025-06-16 09:40:05,,,
SPY250613P00599000,2025-06-16 09:40:09,,,
SPY250613P00600000,2025-06-16 09:40:09,,,
SPY250613P00601000,2025-06-16 09:40:09,,,
SPY250613P00599000,2025-06-16 09:40:14,,,
SPY250613P00600000,2025-06-16 09:40:14,,,
SPY250613P00601000,2025-06-16 09:40:14,,,
SPY250613P00599000,2025-06-16 09:40:18,,,
SPY250613P00600000,2025-06-16 09:40:18,,,
SPY250613P00601000,2025-06-16 09:40:18,,,
SPY250613P00599000,2025-06-16 09:40:22,,,
SPY250613P00600000,2025-06-16 09:40:22,,,
SPY250613P00601000,2025-06-16 09:40:22,,,
SPY250613P00599000,2025-06-16 09:40:27,,,
SPY250613P00600000,2025-06-16 09:40:27,,,
SPY250613P00601000,2025-06-16 09:40:27,,,
SPY250613P00599000,2025-06-16 09:40:31,,,
SPY250613P00600000,2025-06-16 09:40:31,,,
SPY250613P00601000,2025-06-16 09:40:31,,,
SPY250613P00599000,2025-06-16 09:40:35,,,
SPY250613P00600000,2025-06-16 09:40:35,,,
SPY250613P00601000,2025-06-16 09:40:35,,,
SPY250613P00599000,2025-06-16 09:40:40,,,
SPY250613P00600000,2025-06-16 09:40:40,,,
SPY250613P00601000,2025-06-16 09:40:40,,,
SPY250613P00599000,2025-06-16 09:40:44,,,
SPY250613P00600000,2025-06-16 09:40:44,,,
SPY250613P00601000,2025-06-16 09:40:44,,,
SPY250613P00599000,2025-06-16 09:40:48,,,
SPY250613P00600000,2025-06-16 09:40:48,,,
SPY250613P00601000,2025-06-16 09:40:48,,,
SPY250613P00599000,2025-06-16 09:40:52,,,
SPY250613P00600000,2025-06-16 09:40:52,,,
SPY250613P00601000,2025-06-16 09:40:52,,,
SPY250613P00599000,2025-06-16 09:40:57,,,
SPY250613P00600000,2025-06-16 09:40:57,,,
SPY250613P00601000,2025-06-16 09:40:57,,,
SPY250613P00599000,2025-06-16 09:41:01,,,
SPY250613P00600000,2025-06-16 09:41:01,,,
SPY250613P00601000,2025-06-16 09:41:01,,,
SPY250613P00599000,2025-06-16 09:41:05,,,
SPY250613P00600000,2025-06-16 09:41:05,,,
SPY250613P00601000,2025-06-16 09:41:05,,,
SPY250613P00599000,2025-06-16 09:41:09,,,
SPY250613P00600000,2025-06-16 09:41:09,,,
SPY250613P00601000,2025-06-16 09:41:09,,,
SPY250613P00599000,2025-06-16 09:41:13,,,
SPY250613P00600000,2025-06-16 09:41:13,,,
SPY250613P00601000,2025-06-16 09:41:13,,,
SPY250613P00599000,2025-06-16 09:41:18,,,
SPY250613P00600000,2025-06-16 09:41:18,,,
SPY250613P00601000,2025-06-16 09:41:18,,,
SPY250613P00599000,2025-06-16 09:41:22,,,
SPY250613P00600000,2025-06-16 09:41:22,,,
SPY250613P00601000,2025-06-16 09:41:22,,,
SPY250613P00599000,2025-06-16 09:41:26,,,
SPY250613P00600000,2025-06-16 09:41:26,,,
SPY250613P00601000,2025-06-16 09:41:26,,,
SPY250613P00599000,2025-06-16 09:41:31,,,
SPY250613P00600000,2025-06-16 09:41:31,,,
SPY250613P00601000,2025-06-16 09:41:31,,,
SPY250613P00599000,2025-06-16 09:41:35,,,
SPY250613P00600000,2025-06-16 09:41:35,,,
SPY250613P00601000,2025-06-16 09:41:35,,,
SPY250613P00599000,2025-06-16 09:41:39,,,
SPY250613P00600000,2025-06-16 09:41:39,,,
SPY250613P00601000,2025-06-16 09:41:39,,,
SPY250613P00599000,2025-06-16 09:41:43,,,
SPY250613P00600000,2025-06-16 09:41:43,,,
SPY250613P00601000,2025-06-16 09:41:43,,,
SPY250613P00599000,2025-06-16 09:41:47,,,
SPY250613P00600000,2025-06-16 09:41:47,,,
SPY250613P00601000,2025-06-16 09:41:47,,,
SPY250613P00599000,2025-06-16 09:41:52,,,
SPY250613P00600000,2025-06-16 09:41:52,,,
SPY250613P00601000,2025-06-16 09:41:52,,,
SPY250613P00599000,2025-06-16 09:41:56,,,
SPY250613P00600000,2025-06-16 09:41:56,,,
SPY250613P00601000,2025-06-16 09:41:56,,,
SPY250613P00599000,2025-06-16 09:42:00,,,
SPY250613P00600000,2025-06-16 09:42:00,,,
SPY250613P00601000,2025-06-16 09:42:00,,,
SPY250613P00599000,2025-06-16 09:42:04,,,
SPY250613P00600000,2025-06-16 09:42:04,,,
SPY250613P00601000,2025-06-16 09:42:04,,,
SPY250613P00599000,2025-06-16 09:42:09,,,
SPY250613P00600000,2025-06-16 09:42:09,,,
SPY250613P00601000,2025-06-16 09:42:09,,,
SPY250613P00599000,2025-06-16 09:42:13,,,
SPY250613P00600000,2025-06-16 09:42:13,,,
SPY250613P00601000,2025-06-16 09:42:13,,,
SPY250613P00599000,2025-06-16 09:42:17,,,
SPY250613P00600000,2025-06-16 09:42:17,,,
SPY250613P00601000,2025-06-16 09:42:17,,,
SPY250613P00599000,2025-06-16 09:42:21,,,
SPY250613P00600000,2025-06-16 09:42:21,,,
SPY250613P00601000,2025-06-16 09:42:21,,,
SPY250613P00599000,2025-06-16 09:42:26,,,
SPY250613P00600000,2025-06-16 09:42:26,,,
SPY250613P00601000,2025-06-16 09:42:26,,,
SPY250613P00599000,2025-06-16 09:42:30,,,
SPY250613P00600000,2025-06-16 09:42:30,,,
SPY250613P00601000,2025-06-16 09:42:30,,,
SPY250613P00599000,2025-06-16 09:42:34,,,
SPY250613P00600000,2025-06-16 09:42:34,,,
SPY250613P00601000,2025-06-16 09:42:34,,,
SPY250613P00599000,2025-06-16 09:42:39,,,
SPY250613P00600000,2025-06-16 09:42:39,,,
SPY250613P00601000,2025-06-16 09:42:39,,,
SPY250613P00599000,2025-06-16 09:42:43,,,
SPY250613P00600000,2025-06-16 09:42:43,,,
SPY250613P00601000,2025-06-16 09:42:43,,,
SPY250613P00599000,2025-06-16 09:42:47,,,
SPY250613P00600000,2025-06-16 09:42:47,,,
SPY250613P00601000,2025-06-16 09:42:47,,,
SPY250613P00599000,2025-06-16 09:42:51,,,
SPY250613P00600000,2025-06-16 09:42:51,,,
SPY250613P00601000,2025-06-16 09:42:51,,,
SPY250613P00599000,2025-06-16 09:42:56,,,
SPY250613P00600000,2025-06-16 09:42:56,,,
SPY250613P00601000,2025-06-16 09:42:56,,,
SPY250613P00599000,2025-06-16 09:43:00,,,
SPY250613P00600000,2025-06-16 09:43:00,,,
SPY250613P00601000,2025-06-16 09:43:00,,,
SPY250613P00599000,2025-06-16 09:43:04,,,
SPY250613P00600000,2025-06-16 09:43:04,,,
SPY250613P00601000,2025-06-16 09:43:04,,,
SPY250613P00599000,2025-06-16 09:43:08,,,
SPY250613P00600000,2025-06-16 09:43:08,,,
SPY250613P00601000,2025-06-16 09:43:08,,,
SPY250613P00599000,2025-06-16 09:43:13,,,
SPY250613P00600000,2025-06-16 09:43:13,,,
SPY250613P00601000,2025-06-16 09:43:13,,,
SPY250613P00599000,2025-06-16 09:43:17,,,
SPY250613P00600000,2025-06-16 09:43:17,,,
SPY250613P00601000,2025-06-16 09:43:17,,,
SPY250613P00599000,2025-06-16 09:43:21,,,
SPY250613P00600000,2025-06-16 09:43:21,,,
SPY250613P00601000,2025-06-16 09:43:21,,,
SPY250613P00599000,2025-06-16 09:43:25,,,
SPY250613P00600000,2025-06-16 09:43:25,,,
SPY250613P00601000,2025-06-16 09:43:25,,,
SPY250613P00599000,2025-06-16 09:43:29,,,
SPY250613P00600000,2025-06-16 09:43:29,,,
SPY250613P00601000,2025-06-16 09:43:29,,,
SPY250613P00599000,2025-06-16 09:43:34,,,
SPY250613P00600000,2025-06-16 09:43:34,,,
SPY250613P00601000,2025-06-16 09:43:34,,,
SPY250613P00599000,2025-06-16 09:43:38,,,
SPY250613P00600000,2025-06-16 09:43:38,,,
SPY250613P00601000,2025-06-16 09:43:38,,,
SPY250613P00599000,2025-06-16 09:43:42,,,
SPY250613P00600000,2025-06-16 09:43:42,,,
SPY250613P00601000,2025-06-16 09:43:42,,,
SPY250613P00599000,2025-06-16 09:43:46,,,
SPY250613P00600000,2025-06-16 09:43:46,,,
SPY250613P00601000,2025-06-16 09:43:46,,,
SPY250613P00599000,2025-06-16 09:43:51,,,
SPY250613P00600000,2025-06-16 09:43:51,,,
SPY250613P00601000,2025-06-16 09:43:51,,,
SPY250613P00599000,2025-06-16 09:43:55,,,
SPY250613P00600000,2025-06-16 09:43:55,,,
SPY250613P00601000,2025-06-16 09:43:55,,,
SPY250613P00599000,2025-06-16 09:43:59,,,
SPY250613P00600000,2025-06-16 09:43:59,,,
SPY250613P00601000,2025-06-16 09:43:59,,,
SPY250613P00599000,2025-06-16 09:44:03,,,
SPY250613P00600000,2025-06-16 09:44:03,,,
SPY250613P00601000,2025-06-16 09:44:03,,,
SPY250613P00599000,2025-06-16 09:44:07,,,
SPY250613P00600000,2025-06-16 09:44:07,,,
SPY250613P00601000,2025-06-16 09:44:07,,,
SPY250613P00599000,2025-06-16 09:44:12,,,
SPY250613P00600000,2025-06-16 09:44:12,,,
SPY250613P00601000,2025-06-16 09:44:12,,,
SPY250613P00599000,2025-06-16 09:44:16,,,
SPY250613P00600000,2025-06-16 09:44:16,,,
SPY250613P00601000,2025-06-16 09:44:16,,,
SPY250613P00599000,2025-06-16 09:44:20,,,
SPY250613P00600000,2025-06-16 09:44:20,,,
SPY250613P00601000,2025-06-16 09:44:20,,,
SPY250613P00599000,2025-06-16 09:44:24,,,
SPY250613P00600000,2025-06-16 09:44:24,,,
SPY250613P00601000,2025-06-16 09:44:24,,,
SPY250613P00599000,2025-06-16 09:44:29,,,
SPY250613P00600000,2025-06-16 09:44:29,,,
SPY250613P00601000,2025-06-16 09:44:29,,,
SPY250613P00599000,2025-06-16 09:44:33,,,
SPY250613P00600000,2025-06-16 09:44:33,,,
SPY250613P00601000,2025-06-16 09:44:33,,,
SPY250613P00599000,2025-06-16 09:44:37,,,
SPY250613P00600000,2025-06-16 09:44:37,,,
SPY250613P00601000,2025-06-16 09:44:37,,,
SPY250613P00599000,2025-06-16 09:44:41,,,
SPY250613P00600000,2025-06-16 09:44:41,,,
SPY250613P00601000,2025-06-16 09:44:41,,,
SPY250613P00599000,2025-06-16 09:44:45,,,
SPY250613P00600000,2025-06-16 09:44:45,,,
SPY250613P00601000,2025-06-16 09:44:45,,,
SPY250613P00599000,2025-06-16 09:44:50,,,
SPY250613P00600000,2025-06-16 09:44:50,,,
SPY250613P00601000,2025-06-16 09:44:50,,,
SPY250613P00599000,2025-06-16 09:44:54,,,
SPY250613P00600000,2025-06-16 09:44:54,,,
SPY250613P00601000,2025-06-16 09:44:54,,,
SPY250613P00599000,2025-06-16 09:44:59,,,
SPY250613P00600000,2025-06-16 09:44:59,,,
SPY250613P00601000,2025-06-16 09:44:59,,,
SPY250613P00599000,2025-06-16 09:45:03,,,
SPY250613P00600000,2025-06-16 09:45:03,,,
SPY250613P00601000,2025-06-16 09:45:03,,,
SPY250613P00599000,2025-06-16 09:45:07,,,
SPY250613P00600000,2025-06-16 09:45:07,,,
SPY250613P00601000,2025-06-16 09:45:07,,,
SPY250613P00599000,2025-06-16 09:45:12,,,
SPY250613P00600000,2025-06-16 09:45:12,,,
SPY250613P00601000,2025-06-16 09:45:12,,,
SPY250613P00599000,2025-06-16 09:45:16,,,
SPY250613P00600000,2025-06-16 09:45:16,,,
SPY250613P00601000,2025-06-16 09:45:16,,,
SPY250613P00599000,2025-06-16 09:45:20,,,
SPY250613P00600000,2025-06-16 09:45:20,,,
SPY250613P00601000,2025-06-16 09:45:20,,,
SPY250613P00599000,2025-06-16 09:45:24,,,
SPY250613P00600000,2025-06-16 09:45:24,,,
SPY250613P00601000,2025-06-16 09:45:24,,,
SPY250613P00599000,2025-06-16 09:45:29,,,
SPY250613P00600000,2025-06-16 09:45:29,,,
SPY250613P00601000,2025-06-16 09:45:29,,,
SPY250613P00599000,2025-06-16 09:45:33,,,
SPY250613P00600000,2025-06-16 09:45:33,,,
SPY250613P00601000,2025-06-16 09:45:33,,,
SPY250613P00599000,2025-06-16 09:45:37,,,
SPY250613P00600000,2025-06-16 09:45:37,,,
SPY250613P00601000,2025-06-16 09:45:37,,,
SPY250613P00599000,2025-06-16 09:45:41,,,
SPY250613P00600000,2025-06-16 09:45:41,,,
SPY250613P00601000,2025-06-16 09:45:41,,,
SPY250613P00599000,2025-06-16 09:45:46,,,
SPY250613P00600000,2025-06-16 09:45:46,,,
SPY250613P00601000,2025-06-16 09:45:46,,,
SPY250613P00599000,2025-06-16 09:45:50,,,
SPY250613P00600000,2025-06-16 09:45:50,,,
SPY250613P00601000,2025-06-16 09:45:50,,,
SPY250613P00599000,2025-06-16 09:45:54,,,
SPY250613P00600000,2025-06-16 09:45:54,,,
SPY250613P00601000,2025-06-16 09:45:54,,,
SPY250613P00599000,2025-06-16 09:45:58,,,
SPY250613P00600000,2025-06-16 09:45:58,,,
SPY250613P00601000,2025-06-16 09:45:58,,,
SPY250613P00599000,2025-06-16 09:46:02,,,
SPY250613P00600000,2025-06-16 09:46:02,,,
SPY250613P00601000,2025-06-16 09:46:02,,,
SPY250613P00599000,2025-06-16 09:46:07,,,
SPY250613P00600000,2025-06-16 09:46:07,,,
SPY250613P00601000,2025-06-16 09:46:07,,,
SPY250613P00599000,2025-06-16 09:46:11,,,
SPY250613P00600000,2025-06-16 09:46:11,,,
SPY250613P00601000,2025-06-16 09:46:11,,,
SPY250613P00599000,2025-06-16 09:46:15,,,
SPY250613P00600000,2025-06-16 09:46:15,,,
SPY250613P00601000,2025-06-16 09:46:15,,,
SPY250613P00599000,2025-06-16 09:46:19,,,
SPY250613P00600000,2025-06-16 09:46:19,,,
SPY250613P00601000,2025-06-16 09:46:19,,,
SPY250613P00599000,2025-06-16 09:46:24,,,
SPY250613P00600000,2025-06-16 09:46:24,,,
SPY250613P00601000,2025-06-16 09:46:24,,,
SPY250613P00599000,2025-06-16 09:46:28,,,
SPY250613P00600000,2025-06-16 09:46:28,,,
SPY250613P00601000,2025-06-16 09:46:28,,,
SPY250613P00599000,2025-06-16 09:46:32,,,
SPY250613P00600000,2025-06-16 09:46:32,,,
SPY250613P00601000,2025-06-16 09:46:32,,,
SPY250613P00599000,2025-06-16 09:46:36,,,
SPY250613P00600000,2025-06-16 09:46:36,,,
SPY250613P00601000,2025-06-16 09:46:36,,,
SPY250613P00599000,2025-06-16 09:46:41,,,
SPY250613P00600000,2025-06-16 09:46:41,,,
SPY250613P00601000,2025-06-16 09:46:41,,,
SPY250613P00599000,2025-06-16 09:46:45,,,
SPY250613P00600000,2025-06-16 09:46:45,,,
SPY250613P00601000,2025-06-16 09:46:45,,,
SPY250613P00599000,2025-06-16 09:46:49,,,
SPY250613P00600000,2025-06-16 09:46:49,,,
SPY250613P00601000,2025-06-16 09:46:49,,,
SPY250613P00599000,2025-06-16 09:46:53,,,
SPY250613P00600000,2025-06-16 09:46:53,,,
SPY250613P00601000,2025-06-16 09:46:53,,,
SPY250613P00599000,2025-06-16 09:46:58,,,
SPY250613P00600000,2025-06-16 09:46:58,,,
SPY250613P00601000,2025-06-16 09:46:58,,,
SPY250613P00599000,2025-06-16 09:47:02,,,
SPY250613P00600000,2025-06-16 09:47:02,,,
SPY250613P00601000,2025-06-16 09:47:02,,,
SPY250613P00599000,2025-06-16 09:47:06,,,
SPY250613P00600000,2025-06-16 09:47:06,,,
SPY250613P00601000,2025-06-16 09:47:06,,,
SPY250613P00599000,2025-06-16 09:47:10,,,
SPY250613P00600000,2025-06-16 09:47:10,,,
SPY250613P00601000,2025-06-16 09:47:10,,,
SPY250613P00599000,2025-06-16 09:47:15,,,
SPY250613P00600000,2025-06-16 09:47:15,,,
SPY250613P00601000,2025-06-16 09:47:15,,,
SPY250613P00599000,2025-06-16 09:47:19,,,
SPY250613P00600000,2025-06-16 09:47:19,,,
SPY250613P00601000,2025-06-16 09:47:19,,,
SPY250613P00599000,2025-06-16 09:47:23,,,
SPY250613P00600000,2025-06-16 09:47:23,,,
SPY250613P00601000,2025-06-16 09:47:23,,,
SPY250613P00599000,2025-06-16 09:47:27,,,
SPY250613P00600000,2025-06-16 09:47:27,,,
SPY250613P00601000,2025-06-16 09:47:27,,,
SPY250613P00599000,2025-06-16 09:47:32,,,
SPY250613P00600000,2025-06-16 09:47:32,,,
SPY250613P00601000,2025-06-16 09:47:32,,,
SPY250613P00599000,2025-06-16 09:47:36,,,
SPY250613P00600000,2025-06-16 09:47:36,,,
SPY250613P00601000,2025-06-16 09:47:36,,,
SPY250613P00599000,2025-06-16 09:47:40,,,
SPY250613P00600000,2025-06-16 09:47:40,,,
SPY250613P00601000,2025-06-16 09:47:40,,,
SPY250613P00599000,2025-06-16 09:47:44,,,
SPY250613P00600000,2025-06-16 09:47:44,,,
SPY250613P00601000,2025-06-16 09:47:44,,,
SPY250613P00599000,2025-06-16 09:47:49,,,
SPY250613P00600000,2025-06-16 09:47:49,,,
SPY250613P00601000,2025-06-16 09:47:49,,,
SPY250613P00599000,2025-06-16 09:47:53,,,
SPY250613P00600000,2025-06-16 09:47:53,,,
SPY250613P00601000,2025-06-16 09:47:53,,,
SPY250613P00599000,2025-06-16 09:47:57,,,
SPY250613P00600000,2025-06-16 09:47:57,,,
SPY250613P00601000,2025-06-16 09:47:57,,,
SPY250613P00599000,2025-06-16 09:48:01,,,
SPY250613P00600000,2025-06-16 09:48:01,,,
SPY250613P00601000,2025-06-16 09:48:01,,,
SPY250613P00599000,2025-06-16 09:48:06,,,
SPY250613P00600000,2025-06-16 09:48:06,,,
SPY250613P00601000,2025-06-16 09:48:06,,,
SPY250613P00599000,2025-06-16 09:48:10,,,
SPY250613P00600000,2025-06-16 09:48:10,,,
SPY250613P00601000,2025-06-16 09:48:10,,,
SPY250613P00599000,2025-06-16 09:48:14,,,
SPY250613P00600000,2025-06-16 09:48:14,,,
SPY250613P00601000,2025-06-16 09:48:14,,,
SPY250613P00599000,2025-06-16 09:48:18,,,
SPY250613P00600000,2025-06-16 09:48:18,,,
SPY250613P00601000,2025-06-16 09:48:18,,,
SPY250613P00599000,2025-06-16 09:48:23,,,
SPY250613P00600000,2025-06-16 09:48:23,,,
SPY250613P00601000,2025-06-16 09:48:23,,,
SPY250613P00599000,2025-06-16 09:48:27,,,
SPY250613P00600000,2025-06-16 09:48:27,,,
SPY250613P00601000,2025-06-16 09:48:27,,,
SPY250613P00599000,2025-06-16 09:48:31,,,
SPY250613P00600000,2025-06-16 09:48:31,,,
SPY250613P00601000,2025-06-16 09:48:31,,,
SPY250613P00599000,2025-06-16 09:48:35,,,
SPY250613P00600000,2025-06-16 09:48:35,,,
SPY250613P00601000,2025-06-16 09:48:35,,,
SPY250613P00599000,2025-06-16 09:48:40,,,
SPY250613P00600000,2025-06-16 09:48:40,,,
SPY250613P00601000,2025-06-16 09:48:40,,,
SPY250613P00599000,2025-06-16 09:48:44,,,
SPY250613P00600000,2025-06-16 09:48:44,,,
SPY250613P00601000,2025-06-16 09:48:44,,,
SPY250613P00599000,2025-06-16 09:48:48,,,
SPY250613P00600000,2025-06-16 09:48:48,,,
SPY250613P00601000,2025-06-16 09:48:48,,,
SPY250613P00599000,2025-06-16 09:48:52,,,
SPY250613P00600000,2025-06-16 09:48:52,,,
SPY250613P00601000,2025-06-16 09:48:52,,,
SPY250613P00599000,2025-06-16 09:48:57,,,
SPY250613P00600000,2025-06-16 09:48:57,,,
SPY250613P00601000,2025-06-16 09:48:57,,,
SPY250613P00599000,2025-06-16 09:49:01,,,
SPY250613P00600000,2025-06-16 09:49:01,,,
SPY250613P00601000,2025-06-16 09:49:01,,,
SPY250613P00599000,2025-06-16 09:49:05,,,
SPY250613P00600000,2025-06-16 09:49:05,,,
SPY250613P00601000,2025-06-16 09:49:05,,,
SPY250613P00599000,2025-06-16 09:49:09,,,
SPY250613P00600000,2025-06-16 09:49:09,,,
SPY250613P00601000,2025-06-16 09:49:09,,,
SPY250613P00599000,2025-06-16 09:49:14,,,
SPY250613P00600000,2025-06-16 09:49:14,,,
SPY250613P00601000,2025-06-16 09:49:14,,,
SPY250613P00599000,2025-06-16 09:49:18,,,
SPY250613P00600000,2025-06-16 09:49:18,,,
SPY250613P00601000,2025-06-16 09:49:18,,,
SPY250613P00599000,2025-06-16 09:49:22,,,
SPY250613P00600000,2025-06-16 09:49:22,,,
SPY250613P00601000,2025-06-16 09:49:22,,,
SPY250613P00599000,2025-06-16 09:49:26,,,
SPY250613P00600000,2025-06-16 09:49:26,,,
SPY250613P00601000,2025-06-16 09:49:26,,,
SPY250613P00599000,2025-06-16 09:49:31,,,
SPY250613P00600000,2025-06-16 09:49:31,,,
SPY250613P00601000,2025-06-16 09:49:31,,,
SPY250613P00599000,2025-06-16 09:49:35,,,
SPY250613P00600000,2025-06-16 09:49:35,,,
SPY250613P00601000,2025-06-16 09:49:35,,,
SPY250613P00599000,2025-06-16 09:49:39,,,
SPY250613P00600000,2025-06-16 09:49:39,,,
SPY250613P00601000,2025-06-16 09:49:39,,,
SPY250613P00599000,2025-06-16 09:49:43,,,
SPY250613P00600000,2025-06-16 09:49:43,,,
SPY250613P00601000,2025-06-16 09:49:43,,,
SPY250613P00599000,2025-06-16 09:49:47,,,
SPY250613P00600000,2025-06-16 09:49:47,,,
SPY250613P00601000,2025-06-16 09:49:47,,,
SPY250613P00599000,2025-06-16 09:49:52,,,
SPY250613P00600000,2025-06-16 09:49:52,,,
SPY250613P00601000,2025-06-16 09:49:52,,,
SPY250613P00599000,2025-06-16 09:49:56,,,
SPY250613P00600000,2025-06-16 09:49:56,,,
SPY250613P00601000,2025-06-16 09:49:56,,,
SPY250613P00599000,2025-06-16 09:50:00,,,
SPY250613P00600000,2025-06-16 09:50:00,,,
SPY250613P00601000,2025-06-16 09:50:00,,,
SPY250613P00599000,2025-06-16 09:50:04,,,
SPY250613P00600000,2025-06-16 09:50:04,,,
SPY250613P00601000,2025-06-16 09:50:04,,,
SPY250613P00599000,2025-06-16 09:50:09,,,
SPY250613P00600000,2025-06-16 09:50:09,,,
SPY250613P00601000,2025-06-16 09:50:09,,,
SPY250613P00599000,2025-06-16 09:50:13,,,
SPY250613P00600000,2025-06-16 09:50:13,,,
SPY250613P00601000,2025-06-16 09:50:13,,,
SPY250613P00599000,2025-06-16 09:50:17,,,
SPY250613P00600000,2025-06-16 09:50:17,,,
SPY250613P00601000,2025-06-16 09:50:17,,,
SPY250613P00599000,2025-06-16 09:50:21,,,
SPY250613P00600000,2025-06-16 09:50:21,,,
SPY250613P00601000,2025-06-16 09:50:21,,,
SPY250613P00599000,2025-06-16 09:50:26,,,
SPY250613P00600000,2025-06-16 09:50:26,,,
SPY250613P00601000,2025-06-16 09:50:26,,,
SPY250613P00599000,2025-06-16 09:50:30,,,
SPY250613P00600000,2025-06-16 09:50:30,,,
SPY250613P00601000,2025-06-16 09:50:30,,,
SPY250613P00599000,2025-06-16 09:50:34,,,
SPY250613P00600000,2025-06-16 09:50:34,,,
SPY250613P00601000,2025-06-16 09:50:34,,,
SPY250613P00599000,2025-06-16 09:50:38,,,
SPY250613P00600000,2025-06-16 09:50:38,,,
SPY250613P00601000,2025-06-16 09:50:38,,,
SPY250613P00599000,2025-06-16 09:50:42,,,
SPY250613P00600000,2025-06-16 09:50:42,,,
SPY250613P00601000,2025-06-16 09:50:42,,,
SPY250613P00599000,2025-06-16 09:50:47,,,
SPY250613P00600000,2025-06-16 09:50:47,,,
SPY250613P00601000,2025-06-16 09:50:47,,,
SPY250613P00599000,2025-06-16 09:50:51,,,
SPY250613P00600000,2025-06-16 09:50:51,,,
SPY250613P00601000,2025-06-16 09:50:51,,,
SPY250613P00599000,2025-06-16 09:50:55,,,
SPY250613P00600000,2025-06-16 09:50:55,,,
SPY250613P00601000,2025-06-16 09:50:55,,,
SPY250613P00599000,2025-06-16 09:50:59,,,
SPY250613P00600000,2025-06-16 09:50:59,,,
SPY250613P00601000,2025-06-16 09:50:59,,,
SPY250613P00599000,2025-06-16 09:51:04,,,
SPY250613P00600000,2025-06-16 09:51:04,,,
SPY250613P00601000,2025-06-16 09:51:04,,,
SPY250613P00599000,2025-06-16 09:51:08,,,
SPY250613P00600000,2025-06-16 09:51:08,,,
SPY250613P00601000,2025-06-16 09:51:08,,,
SPY250613P00599000,2025-06-16 09:51:12,,,
SPY250613P00600000,2025-06-16 09:51:12,,,
SPY250613P00601000,2025-06-16 09:51:12,,,
SPY250613P00599000,2025-06-16 09:51:16,,,
SPY250613P00600000,2025-06-16 09:51:16,,,
SPY250613P00601000,2025-06-16 09:51:16,,,
SPY250613P00599000,2025-06-16 09:51:21,,,
SPY250613P00600000,2025-06-16 09:51:21,,,
SPY250613P00601000,2025-06-16 09:51:21,,,
SPY250613P00599000,2025-06-16 09:51:25,,,
SPY250613P00600000,2025-06-16 09:51:25,,,
SPY250613P00601000,2025-06-16 09:51:25,,,
SPY250613P00599000,2025-06-16 09:51:29,,,
SPY250613P00600000,2025-06-16 09:51:29,,,
SPY250613P00601000,2025-06-16 09:51:29,,,
SPY250613P00599000,2025-06-16 09:51:33,,,
SPY250613P00600000,2025-06-16 09:51:33,,,
SPY250613P00601000,2025-06-16 09:51:33,,,
SPY250613P00599000,2025-06-16 09:51:38,,,
SPY250613P00600000,2025-06-16 09:51:38,,,
SPY250613P00601000,2025-06-16 09:51:38,,,
SPY250613P00599000,2025-06-16 09:51:42,,,
SPY250613P00600000,2025-06-16 09:51:42,,,
SPY250613P00601000,2025-06-16 09:51:42,,,
SPY250613P00599000,2025-06-16 09:51:46,,,
SPY250613P00600000,2025-06-16 09:51:46,,,
SPY250613P00601000,2025-06-16 09:51:46,,,
SPY250613P00599000,2025-06-16 09:51:50,,,
SPY250613P00600000,2025-06-16 09:51:50,,,
SPY250613P00601000,2025-06-16 09:51:50,,,
SPY250613P00599000,2025-06-16 09:51:54,,,
SPY250613P00600000,2025-06-16 09:51:54,,,
SPY250613P00601000,2025-06-16 09:51:54,,,
SPY250613P00599000,2025-06-16 09:51:59,,,
SPY250613P00600000,2025-06-16 09:51:59,,,
SPY250613P00601000,2025-06-16 09:51:59,,,
SPY250613P00599000,2025-06-16 09:52:03,,,
SPY250613P00600000,2025-06-16 09:52:03,,,
SPY250613P00601000,2025-06-16 09:52:03,,,
SPY250613P00599000,2025-06-16 09:52:07,,,
SPY250613P00600000,2025-06-16 09:52:07,,,
SPY250613P00601000,2025-06-16 09:52:07,,,
SPY250613P00599000,2025-06-16 09:52:11,,,
SPY250613P00600000,2025-06-16 09:52:11,,,
SPY250613P00601000,2025-06-16 09:52:11,,,
SPY250613P00599000,2025-06-16 09:52:15,,,
SPY250613P00600000,2025-06-16 09:52:15,,,
SPY250613P00601000,2025-06-16 09:52:15,,,
SPY250613P00599000,2025-06-16 09:52:20,,,
SPY250613P00600000,2025-06-16 09:52:20,,,
SPY250613P00601000,2025-06-16 09:52:20,,,
SPY250613P00599000,2025-06-16 09:52:24,,,
SPY250613P00600000,2025-06-16 09:52:24,,,
SPY250613P00601000,2025-06-16 09:52:24,,,
SPY250613P00599000,2025-06-16 09:52:28,,,
SPY250613P00600000,2025-06-16 09:52:28,,,
SPY250613P00601000,2025-06-16 09:52:28,,,
SPY250613P00599000,2025-06-16 09:52:33,,,
SPY250613P00600000,2025-06-16 09:52:33,,,
SPY250613P00601000,2025-06-16 09:52:33,,,
SPY250613P00599000,2025-06-16 09:52:37,,,
SPY250613P00600000,2025-06-16 09:52:37,,,
SPY250613P00601000,2025-06-16 09:52:37,,,
SPY250613P00599000,2025-06-16 09:52:41,,,
SPY250613P00600000,2025-06-16 09:52:41,,,
SPY250613P00601000,2025-06-16 09:52:41,,,
SPY250613P00599000,2025-06-16 09:52:45,,,
SPY250613P00600000,2025-06-16 09:52:45,,,
SPY250613P00601000,2025-06-16 09:52:45,,,
SPY250613P00599000,2025-06-16 09:52:49,,,
SPY250613P00600000,2025-06-16 09:52:49,,,
SPY250613P00601000,2025-06-16 09:52:49,,,
SPY250613P00599000,2025-06-16 09:52:54,,,
SPY250613P00600000,2025-06-16 09:52:54,,,
SPY250613P00601000,2025-06-16 09:52:54,,,
SPY250613P00599000,2025-06-16 09:52:58,,,
SPY250613P00600000,2025-06-16 09:52:58,,,
SPY250613P00601000,2025-06-16 09:52:58,,,
SPY250613P00599000,2025-06-16 09:53:02,,,
SPY250613P00600000,2025-06-16 09:53:02,,,
SPY250613P00601000,2025-06-16 09:53:02,,,
SPY250613P00599000,2025-06-16 09:53:06,,,
SPY250613P00600000,2025-06-16 09:53:06,,,
SPY250613P00601000,2025-06-16 09:53:06,,,
SPY250613P00599000,2025-06-16 09:53:11,,,
SPY250613P00600000,2025-06-16 09:53:11,,,
SPY250613P00601000,2025-06-16 09:53:11,,,
SPY250613P00599000,2025-06-16 09:53:15,,,
SPY250613P00600000,2025-06-16 09:53:15,,,
SPY250613P00601000,2025-06-16 09:53:15,,,
SPY250613P00599000,2025-06-16 09:53:19,,,
SPY250613P00600000,2025-06-16 09:53:19,,,
SPY250613P00601000,2025-06-16 09:53:19,,,
SPY250613P00599000,2025-06-16 09:53:23,,,
SPY250613P00600000,2025-06-16 09:53:23,,,
SPY250613P00601000,2025-06-16 09:53:23,,,
SPY250613P00599000,2025-06-16 09:53:28,,,
SPY250613P00600000,2025-06-16 09:53:28,,,
SPY250613P00601000,2025-06-16 09:53:28,,,
SPY250613P00599000,2025-06-16 09:53:32,,,
SPY250613P00600000,2025-06-16 09:53:32,,,
SPY250613P00601000,2025-06-16 09:53:32,,,
SPY250613P00599000,2025-06-16 09:53:36,,,
SPY250613P00600000,2025-06-16 09:53:36,,,
SPY250613P00601000,2025-06-16 09:53:36,,,
SPY250613P00599000,2025-06-16 09:53:40,,,
SPY250613P00600000,2025-06-16 09:53:40,,,
SPY250613P00601000,2025-06-16 09:53:40,,,
SPY250613P00599000,2025-06-16 09:53:44,,,
SPY250613P00600000,2025-06-16 09:53:44,,,
SPY250613P00601000,2025-06-16 09:53:44,,,
SPY250613P00599000,2025-06-16 09:53:49,,,
SPY250613P00600000,2025-06-16 09:53:49,,,
SPY250613P00601000,2025-06-16 09:53:49,,,
SPY250613P00599000,2025-06-16 09:53:53,,,
SPY250613P00600000,2025-06-16 09:53:53,,,
SPY250613P00601000,2025-06-16 09:53:53,,,
SPY250613P00599000,2025-06-16 09:53:57,,,
SPY250613P00600000,2025-06-16 09:53:57,,,
SPY250613P00601000,2025-06-16 09:53:57,,,
SPY250613P00599000,2025-06-16 09:54:01,,,
SPY250613P00600000,2025-06-16 09:54:01,,,
SPY250613P00601000,2025-06-16 09:54:01,,,
SPY250613P00599000,2025-06-16 09:54:06,,,
SPY250613P00600000,2025-06-16 09:54:06,,,
SPY250613P00601000,2025-06-16 09:54:06,,,
SPY250613P00599000,2025-06-16 09:54:10,,,
SPY250613P00600000,2025-06-16 09:54:10,,,
SPY250613P00601000,2025-06-16 09:54:10,,,
SPY250613P00599000,2025-06-16 09:54:14,,,
SPY250613P00600000,2025-06-16 09:54:14,,,
SPY250613P00601000,2025-06-16 09:54:14,,,
SPY250613P00599000,2025-06-16 09:54:18,,,
SPY250613P00600000,2025-06-16 09:54:18,,,
SPY250613P00601000,2025-06-16 09:54:18,,,
SPY250613P00599000,2025-06-16 09:54:23,,,
SPY250613P00600000,2025-06-16 09:54:23,,,
SPY250613P00601000,2025-06-16 09:54:23,,,
SPY250613P00599000,2025-06-16 09:54:27,,,
SPY250613P00600000,2025-06-16 09:54:27,,,
SPY250613P00601000,2025-06-16 09:54:27,,,
SPY250613P00599000,2025-06-16 09:54:31,,,
SPY250613P00600000,2025-06-16 09:54:31,,,
SPY250613P00601000,2025-06-16 09:54:31,,,
SPY250613P00599000,2025-06-16 09:54:35,,,
SPY250613P00600000,2025-06-16 09:54:35,,,
SPY250613P00601000,2025-06-16 09:54:35,,,
SPY250613P00599000,2025-06-16 09:54:39,,,
SPY250613P00600000,2025-06-16 09:54:39,,,
SPY250613P00601000,2025-06-16 09:54:39,,,
SPY250613P00599000,2025-06-16 09:54:44,,,
SPY250613P00600000,2025-06-16 09:54:44,,,
SPY250613P00601000,2025-06-16 09:54:44,,,
SPY250613P00599000,2025-06-16 09:54:48,,,
SPY250613P00600000,2025-06-16 09:54:48,,,
SPY250613P00601000,2025-06-16 09:54:48,,,
SPY250613P00599000,2025-06-16 09:54:52,,,
SPY250613P00600000,2025-06-16 09:54:52,,,
SPY250613P00601000,2025-06-16 09:54:52,,,
SPY250613P00599000,2025-06-16 09:54:56,,,
SPY250613P00600000,2025-06-16 09:54:56,,,
SPY250613P00601000,2025-06-16 09:54:56,,,
SPY250613P00599000,2025-06-16 09:55:00,,,
SPY250613P00600000,2025-06-16 09:55:00,,,
SPY250613P00601000,2025-06-16 09:55:00,,,
SPY250613P00599000,2025-06-16 09:55:05,,,
SPY250613P00600000,2025-06-16 09:55:05,,,
SPY250613P00601000,2025-06-16 09:55:05,,,
SPY250613P00599000,2025-06-16 09:55:09,,,
SPY250613P00600000,2025-06-16 09:55:09,,,
SPY250613P00601000,2025-06-16 09:55:09,,,
SPY250613P00599000,2025-06-16 09:55:13,,,
SPY250613P00600000,2025-06-16 09:55:13,,,
SPY250613P00601000,2025-06-16 09:55:13,,,
SPY250613P00599000,2025-06-16 09:55:17,,,
SPY250613P00600000,2025-06-16 09:55:17,,,
SPY250613P00601000,2025-06-16 09:55:17,,,
SPY250613P00599000,2025-06-16 09:55:22,,,
SPY250613P00600000,2025-06-16 09:55:22,,,
SPY250613P00601000,2025-06-16 09:55:22,,,
SPY250613P00599000,2025-06-16 09:55:26,,,
SPY250613P00600000,2025-06-16 09:55:26,,,
SPY250613P00601000,2025-06-16 09:55:26,,,
SPY250613P00599000,2025-06-16 09:55:30,,,
SPY250613P00600000,2025-06-16 09:55:30,,,
SPY250613P00601000,2025-06-16 09:55:30,,,
SPY250613P00599000,2025-06-16 09:55:34,,,
SPY250613P00600000,2025-06-16 09:55:34,,,
SPY250613P00601000,2025-06-16 09:55:34,,,
SPY250613P00599000,2025-06-16 09:55:38,,,
SPY250613P00600000,2025-06-16 09:55:38,,,
SPY250613P00601000,2025-06-16 09:55:38,,,
SPY250613P00599000,2025-06-16 09:55:43,,,
SPY250613P00600000,2025-06-16 09:55:43,,,
SPY250613P00601000,2025-06-16 09:55:43,,,
SPY250613P00599000,2025-06-16 09:55:47,,,
SPY250613P00600000,2025-06-16 09:55:47,,,
SPY250613P00601000,2025-06-16 09:55:47,,,
SPY250613P00599000,2025-06-16 09:55:51,,,
SPY250613P00600000,2025-06-16 09:55:51,,,
SPY250613P00601000,2025-06-16 09:55:51,,,
SPY250613P00599000,2025-06-16 09:55:55,,,
SPY250613P00600000,2025-06-16 09:55:55,,,
SPY250613P00601000,2025-06-16 09:55:55,,,
SPY250613P00599000,2025-06-16 09:56:00,,,
SPY250613P00600000,2025-06-16 09:56:00,,,
SPY250613P00601000,2025-06-16 09:56:00,,,
SPY250613P00599000,2025-06-16 09:56:04,,,
SPY250613P00600000,2025-06-16 09:56:04,,,
SPY250613P00601000,2025-06-16 09:56:04,,,
SPY250613P00599000,2025-06-16 09:56:08,,,
SPY250613P00600000,2025-06-16 09:56:08,,,
SPY250613P00601000,2025-06-16 09:56:08,,,
SPY250613P00599000,2025-06-16 09:56:13,,,
SPY250613P00600000,2025-06-16 09:56:13,,,
SPY250613P00601000,2025-06-16 09:56:13,,,
SPY250613P00599000,2025-06-16 09:56:17,,,
SPY250613P00600000,2025-06-16 09:56:17,,,
SPY250613P00601000,2025-06-16 09:56:17,,,
SPY250613P00599000,2025-06-16 09:56:21,,,
SPY250613P00600000,2025-06-16 09:56:21,,,
SPY250613P00601000,2025-06-16 09:56:21,,,
SPY250613P00599000,2025-06-16 09:56:25,,,
SPY250613P00600000,2025-06-16 09:56:25,,,
SPY250613P00601000,2025-06-16 09:56:25,,,
SPY250613P00599000,2025-06-16 09:56:30,,,
SPY250613P00600000,2025-06-16 09:56:30,,,
SPY250613P00601000,2025-06-16 09:56:30,,,
SPY250613P00599000,2025-06-16 09:56:34,,,
SPY250613P00600000,2025-06-16 09:56:34,,,
SPY250613P00601000,2025-06-16 09:56:34,,,
SPY250613P00599000,2025-06-16 09:56:38,,,
SPY250613P00600000,2025-06-16 09:56:38,,,
SPY250613P00601000,2025-06-16 09:56:38,,,
SPY250613P00599000,2025-06-16 09:56:42,,,
SPY250613P00600000,2025-06-16 09:56:42,,,
SPY250613P00601000,2025-06-16 09:56:42,,,
SPY250613P00599000,2025-06-16 09:56:46,,,
SPY250613P00600000,2025-06-16 09:56:46,,,
SPY250613P00601000,2025-06-16 09:56:46,,,
SPY250613P00599000,2025-06-16 09:56:50,,,
SPY250613P00600000,2025-06-16 09:56:50,,,
SPY250613P00601000,2025-06-16 09:56:50,,,
SPY250613P00599000,2025-06-16 09:56:55,,,
SPY250613P00600000,2025-06-16 09:56:55,,,
SPY250613P00601000,2025-06-16 09:56:55,,,
SPY250613P00599000,2025-06-16 09:56:59,,,
SPY250613P00600000,2025-06-16 09:56:59,,,
SPY250613P00601000,2025-06-16 09:56:59,,,
SPY250613P00599000,2025-06-16 09:57:03,,,
SPY250613P00600000,2025-06-16 09:57:03,,,
SPY250613P00601000,2025-06-16 09:57:03,,,
SPY250613P00599000,2025-06-16 09:57:08,,,
SPY250613P00600000,2025-06-16 09:57:08,,,
SPY250613P00601000,2025-06-16 09:57:08,,,
SPY250613P00599000,2025-06-16 09:57:12,,,
SPY250613P00600000,2025-06-16 09:57:12,,,
SPY250613P00601000,2025-06-16 09:57:12,,,
SPY250613P00599000,2025-06-16 09:57:16,,,
SPY250613P00600000,2025-06-16 09:57:16,,,
SPY250613P00601000,2025-06-16 09:57:16,,,
SPY250613P00599000,2025-06-16 09:57:20,,,
SPY250613P00600000,2025-06-16 09:57:20,,,
SPY250613P00601000,2025-06-16 09:57:20,,,
SPY250613P00599000,2025-06-16 09:57:25,,,
SPY250613P00600000,2025-06-16 09:57:25,,,
SPY250613P00601000,2025-06-16 09:57:25,,,
SPY250613P00599000,2025-06-16 09:57:29,,,
SPY250613P00600000,2025-06-16 09:57:29,,,
SPY250613P00601000,2025-06-16 09:57:29,,,
SPY250613P00599000,2025-06-16 09:57:33,,,
SPY250613P00600000,2025-06-16 09:57:33,,,
SPY250613P00601000,2025-06-16 09:57:33,,,
SPY250613P00599000,2025-06-16 09:57:37,,,
SPY250613P00600000,2025-06-16 09:57:37,,,
SPY250613P00601000,2025-06-16 09:57:37,,,
SPY250613P00599000,2025-06-16 09:57:42,,,
SPY250613P00600000,2025-06-16 09:57:42,,,
SPY250613P00601000,2025-06-16 09:57:42,,,
SPY250613P00599000,2025-06-16 09:57:46,,,
SPY250613P00600000,2025-06-16 09:57:46,,,
SPY250613P00601000,2025-06-16 09:57:46,,,
SPY250613P00599000,2025-06-16 09:57:50,,,
SPY250613P00600000,2025-06-16 09:57:50,,,
SPY250613P00601000,2025-06-16 09:57:50,,,
SPY250613P00599000,2025-06-16 09:57:54,,,
SPY250613P00600000,2025-06-16 09:57:54,,,
SPY250613P00601000,2025-06-16 09:57:54,,,
SPY250613P00599000,2025-06-16 09:57:59,,,
SPY250613P00600000,2025-06-16 09:57:59,,,
SPY250613P00601000,2025-06-16 09:57:59,,,
SPY250613P00599000,2025-06-16 09:58:03,,,
SPY250613P00600000,2025-06-16 09:58:03,,,
SPY250613P00601000,2025-06-16 09:58:03,,,
SPY250613P00599000,2025-06-16 09:58:07,,,
SPY250613P00600000,2025-06-16 09:58:07,,,
SPY250613P00601000,2025-06-16 09:58:07,,,
SPY250613P00599000,2025-06-16 09:58:11,,,
SPY250613P00600000,2025-06-16 09:58:11,,,
SPY250613P00601000,2025-06-16 09:58:11,,,
SPY250613P00599000,2025-06-16 09:58:16,,,
SPY250613P00600000,2025-06-16 09:58:16,,,
SPY250613P00601000,2025-06-16 09:58:16,,,
SPY250613P00599000,2025-06-16 09:58:20,,,
SPY250613P00600000,2025-06-16 09:58:20,,,
SPY250613P00601000,2025-06-16 09:58:20,,,
SPY250613P00599000,2025-06-16 09:58:24,,,
SPY250613P00600000,2025-06-16 09:58:24,,,
SPY250613P00601000,2025-06-16 09:58:24,,,
SPY250613P00599000,2025-06-16 09:58:29,,,
SPY250613P00600000,2025-06-16 09:58:29,,,
SPY250613P00601000,2025-06-16 09:58:29,,,
SPY250613P00599000,2025-06-16 09:58:33,,,
SPY250613P00600000,2025-06-16 09:58:33,,,
SPY250613P00601000,2025-06-16 09:58:33,,,
SPY250613P00599000,2025-06-16 09:58:37,,,
SPY250613P00600000,2025-06-16 09:58:37,,,
SPY250613P00601000,2025-06-16 09:58:37,,,
SPY250613P00599000,2025-06-16 09:58:41,,,
SPY250613P00600000,2025-06-16 09:58:41,,,
SPY250613P00601000,2025-06-16 09:58:41,,,
SPY250613P00599000,2025-06-16 09:58:46,,,
SPY250613P00600000,2025-06-16 09:58:46,,,
SPY250613P00601000,2025-06-16 09:58:46,,,
SPY250613P00599000,2025-06-16 09:58:50,,,
SPY250613P00600000,2025-06-16 09:58:50,,,
SPY250613P00601000,2025-06-16 09:58:50,,,
SPY250613P00599000,2025-06-16 09:58:54,,,
SPY250613P00600000,2025-06-16 09:58:54,,,
SPY250613P00601000,2025-06-16 09:58:54,,,
SPY250613P00599000,2025-06-16 09:58:58,,,
SPY250613P00600000,2025-06-16 09:58:58,,,
SPY250613P00601000,2025-06-16 09:58:58,,,
SPY250613P00599000,2025-06-16 09:59:03,,,
SPY250613P00600000,2025-06-16 09:59:03,,,
SPY250613P00601000,2025-06-16 09:59:03,,,
SPY250613P00599000,2025-06-16 09:59:07,,,
SPY250613P00600000,2025-06-16 09:59:07,,,
SPY250613P00601000,2025-06-16 09:59:07,,,
SPY250613P00599000,2025-06-16 09:59:11,,,
SPY250613P00600000,2025-06-16 09:59:11,,,
SPY250613P00601000,2025-06-16 09:59:11,,,
SPY250613P00599000,2025-06-16 09:59:15,,,
SPY250613P00600000,2025-06-16 09:59:15,,,
SPY250613P00601000,2025-06-16 09:59:15,,,
SPY250613P00599000,2025-06-16 09:59:20,,,
SPY250613P00600000,2025-06-16 09:59:20,,,
SPY250613P00601000,2025-06-16 09:59:20,,,
SPY250613P00599000,2025-06-16 09:59:24,,,
SPY250613P00600000,2025-06-16 09:59:24,,,
SPY250613P00601000,2025-06-16 09:59:24,,,
SPY250613P00599000,2025-06-16 09:59:28,,,
SPY250613P00600000,2025-06-16 09:59:28,,,
SPY250613P00601000,2025-06-16 09:59:28,,,
SPY250613P00599000,2025-06-16 09:59:32,,,
SPY250613P00600000,2025-06-16 09:59:32,,,
SPY250613P00601000,2025-06-16 09:59:32,,,
SPY250613P00599000,2025-06-16 09:59:37,,,
SPY250613P00600000,2025-06-16 09:59:37,,,
SPY250613P00601000,2025-06-16 09:59:37,,,
SPY250613P00599000,2025-06-16 09:59:41,,,
SPY250613P00600000,2025-06-16 09:59:41,,,
SPY250613P00601000,2025-06-16 09:59:41,,,
SPY250613P00599000,2025-06-16 09:59:45,,,
SPY250613P00600000,2025-06-16 09:59:45,,,
SPY250613P00601000,2025-06-16 09:59:45,,,
SPY250613P00599000,2025-06-16 09:59:55,,,
SPY250613P00600000,2025-06-16 09:59:55,,,
SPY250613P00601000,2025-06-16 09:59:55,,,
SPY250613P00599000,2025-06-16 10:00:00,,,
SPY250613P00600000,2025-06-16 10:00:00,,,
SPY250613P00601000,2025-06-16 10:00:00,,,
SPY250613P00599000,2025-06-16 10:00:04,,,
SPY250613P00600000,2025-06-16 10:00:04,,,
SPY250613P00601000,2025-06-16 10:00:04,,,
SPY250613P00599000,2025-06-16 10:00:08,,,
SPY250613P00600000,2025-06-16 10:00:08,,,
SPY250613P00601000,2025-06-16 10:00:08,,,
SPY250613P00599000,2025-06-16 10:00:12,,,
SPY250613P00600000,2025-06-16 10:00:12,,,
SPY250613P00601000,2025-06-16 10:00:12,,,
SPY250613P00599000,2025-06-16 10:00:17,,,
SPY250613P00600000,2025-06-16 10:00:17,,,
SPY250613P00601000,2025-06-16 10:00:17,,,
SPY250613P00599000,2025-06-16 10:00:21,,,
SPY250613P00600000,2025-06-16 10:00:21,,,
SPY250613P00601000,2025-06-16 10:00:21,,,
SPY250613P00599000,2025-06-16 10:00:25,,,
SPY250613P00600000,2025-06-16 10:00:25,,,
SPY250613P00601000,2025-06-16 10:00:25,,,
SPY250613P00599000,2025-06-16 10:00:29,,,
SPY250613P00600000,2025-06-16 10:00:29,,,
SPY250613P00601000,2025-06-16 10:00:29,,,
SPY250613P00599000,2025-06-16 10:00:33,,,
SPY250613P00600000,2025-06-16 10:00:33,,,
SPY250613P00601000,2025-06-16 10:00:33,,,
SPY250613P00599000,2025-06-16 10:00:38,,,
SPY250613P00600000,2025-06-16 10:00:38,,,
SPY250613P00601000,2025-06-16 10:00:38,,,
SPY250613P00599000,2025-06-16 10:00:42,,,
SPY250613P00600000,2025-06-16 10:00:42,,,
SPY250613P00601000,2025-06-16 10:00:42,,,
SPY250613P00599000,2025-06-16 10:00:46,,,
SPY250613P00600000,2025-06-16 10:00:46,,,
SPY250613P00601000,2025-06-16 10:00:46,,,
SPY250613P00599000,2025-06-16 10:00:51,,,
SPY250613P00600000,2025-06-16 10:00:51,,,
SPY250613P00601000,2025-06-16 10:00:51,,,
SPY250613P00599000,2025-06-16 10:00:55,,,
SPY250613P00600000,2025-06-16 10:00:55,,,
SPY250613P00601000,2025-06-16 10:00:55,,,
SPY250613P00599000,2025-06-16 10:00:59,,,
SPY250613P00600000,2025-06-16 10:00:59,,,
SPY250613P00601000,2025-06-16 10:00:59,,,
SPY250613P00599000,2025-06-16 10:01:03,,,
SPY250613P00600000,2025-06-16 10:01:03,,,
SPY250613P00601000,2025-06-16 10:01:03,,,
SPY250613P00599000,2025-06-16 10:01:08,,,
SPY250613P00600000,2025-06-16 10:01:08,,,
SPY250613P00601000,2025-06-16 10:01:08,,,
SPY250613P00599000,2025-06-16 10:01:12,,,
SPY250613P00600000,2025-06-16 10:01:12,,,
SPY250613P00601000,2025-06-16 10:01:12,,,
SPY250613P00599000,2025-06-16 10:01:16,,,
SPY250613P00600000,2025-06-16 10:01:16,,,
SPY250613P00601000,2025-06-16 10:01:16,,,
SPY250613P00599000,2025-06-16 10:01:21,,,
SPY250613P00600000,2025-06-16 10:01:21,,,
SPY250613P00601000,2025-06-16 10:01:21,,,
SPY250613P00599000,2025-06-16 10:01:25,,,
SPY250613P00600000,2025-06-16 10:01:25,,,
SPY250613P00601000,2025-06-16 10:01:25,,,
SPY250613P00599000,2025-06-16 10:01:29,,,
SPY250613P00600000,2025-06-16 10:01:29,,,
SPY250613P00601000,2025-06-16 10:01:29,,,
SPY250613P00599000,2025-06-16 10:01:33,,,
SPY250613P00600000,2025-06-16 10:01:33,,,
SPY250613P00601000,2025-06-16 10:01:33,,,
SPY250613P00599000,2025-06-16 10:01:38,,,
SPY250613P00600000,2025-06-16 10:01:38,,,
SPY250613P00601000,2025-06-16 10:01:38,,,
SPY250613P00599000,2025-06-16 10:01:42,,,
SPY250613P00600000,2025-06-16 10:01:42,,,
SPY250613P00601000,2025-06-16 10:01:42,,,
SPY250613P00599000,2025-06-16 10:01:46,,,
SPY250613P00600000,2025-06-16 10:01:46,,,
SPY250613P00601000,2025-06-16 10:01:46,,,
SPY250613P00599000,2025-06-16 10:01:50,,,
SPY250613P00600000,2025-06-16 10:01:50,,,
SPY250613P00601000,2025-06-16 10:01:50,,,
SPY250613P00599000,2025-06-16 10:01:55,,,
SPY250613P00600000,2025-06-16 10:01:55,,,
SPY250613P00601000,2025-06-16 10:01:55,,,
SPY250613P00599000,2025-06-16 10:01:59,,,
SPY250613P00600000,2025-06-16 10:01:59,,,
SPY250613P00601000,2025-06-16 10:01:59,,,
SPY250613P00599000,2025-06-16 10:02:04,,,
SPY250613P00600000,2025-06-16 10:02:04,,,
SPY250613P00601000,2025-06-16 10:02:04,,,
SPY250613P00599000,2025-06-16 10:02:08,,,
SPY250613P00600000,2025-06-16 10:02:08,,,
SPY250613P00601000,2025-06-16 10:02:08,,,
SPY250613P00599000,2025-06-16 10:02:12,,,
SPY250613P00600000,2025-06-16 10:02:12,,,
SPY250613P00601000,2025-06-16 10:02:12,,,
SPY250613P00599000,2025-06-16 10:02:16,,,
SPY250613P00600000,2025-06-16 10:02:16,,,
SPY250613P00601000,2025-06-16 10:02:16,,,
SPY250613P00599000,2025-06-16 10:02:21,,,
SPY250613P00600000,2025-06-16 10:02:21,,,
SPY250613P00601000,2025-06-16 10:02:21,,,
SPY250613P00599000,2025-06-16 10:02:25,,,
SPY250613P00600000,2025-06-16 10:02:25,,,
SPY250613P00601000,2025-06-16 10:02:25,,,
SPY250613P00599000,2025-06-16 10:02:29,,,
SPY250613P00600000,2025-06-16 10:02:29,,,
SPY250613P00601000,2025-06-16 10:02:29,,,
SPY250613P00599000,2025-06-16 10:02:33,,,
SPY250613P00600000,2025-06-16 10:02:33,,,
SPY250613P00601000,2025-06-16 10:02:33,,,
SPY250613P00599000,2025-06-16 10:02:37,,,
SPY250613P00600000,2025-06-16 10:02:37,,,
SPY250613P00601000,2025-06-16 10:02:37,,,
SPY250613P00599000,2025-06-16 10:02:42,,,
SPY250613P00600000,2025-06-16 10:02:42,,,
SPY250613P00601000,2025-06-16 10:02:42,,,
SPY250613P00599000,2025-06-16 10:02:46,,,
SPY250613P00600000,2025-06-16 10:02:46,,,
SPY250613P00601000,2025-06-16 10:02:46,,,
SPY250613P00599000,2025-06-16 10:02:50,,,
SPY250613P00600000,2025-06-16 10:02:50,,,
SPY250613P00601000,2025-06-16 10:02:50,,,
SPY250613P00599000,2025-06-16 10:02:54,,,
SPY250613P00600000,2025-06-16 10:02:54,,,
SPY250613P00601000,2025-06-16 10:02:54,,,
SPY250613P00599000,2025-06-16 10:02:59,,,
SPY250613P00600000,2025-06-16 10:02:59,,,
SPY250613P00601000,2025-06-16 10:02:59,,,
SPY250613P00599000,2025-06-16 10:03:03,,,
SPY250613P00600000,2025-06-16 10:03:03,,,
SPY250613P00601000,2025-06-16 10:03:03,,,
SPY250613P00599000,2025-06-16 10:03:07,,,
SPY250613P00600000,2025-06-16 10:03:07,,,
SPY250613P00601000,2025-06-16 10:03:07,,,
SPY250613P00599000,2025-06-16 10:03:11,,,
SPY250613P00600000,2025-06-16 10:03:11,,,
SPY250613P00601000,2025-06-16 10:03:11,,,
SPY250613P00599000,2025-06-16 10:03:15,,,
SPY250613P00600000,2025-06-16 10:03:15,,,
SPY250613P00601000,2025-06-16 10:03:15,,,
SPY250613P00599000,2025-06-16 10:03:20,,,
SPY250613P00600000,2025-06-16 10:03:20,,,
SPY250613P00601000,2025-06-16 10:03:20,,,
SPY250613P00599000,2025-06-16 10:03:24,,,
SPY250613P00600000,2025-06-16 10:03:24,,,
SPY250613P00601000,2025-06-16 10:03:24,,,
SPY250613P00599000,2025-06-16 10:03:28,,,
SPY250613P00600000,2025-06-16 10:03:28,,,
SPY250613P00601000,2025-06-16 10:03:28,,,
SPY250613P00599000,2025-06-16 10:03:32,,,
SPY250613P00600000,2025-06-16 10:03:32,,,
SPY250613P00601000,2025-06-16 10:03:32,,,
SPY250613P00599000,2025-06-16 10:03:37,,,
SPY250613P00600000,2025-06-16 10:03:37,,,
SPY250613P00601000,2025-06-16 10:03:37,,,
SPY250613P00599000,2025-06-16 10:03:41,,,
SPY250613P00600000,2025-06-16 10:03:41,,,
SPY250613P00601000,2025-06-16 10:03:41,,,
SPY250613P00599000,2025-06-16 10:03:45,,,
SPY250613P00600000,2025-06-16 10:03:45,,,
SPY250613P00601000,2025-06-16 10:03:45,,,
SPY250613P00599000,2025-06-16 10:03:49,,,
SPY250613P00600000,2025-06-16 10:03:49,,,
SPY250613P00601000,2025-06-16 10:03:49,,,
SPY250613P00599000,2025-06-16 10:03:54,,,
SPY250613P00600000,2025-06-16 10:03:54,,,
SPY250613P00601000,2025-06-16 10:03:54,,,
SPY250613P00599000,2025-06-16 10:03:58,,,
SPY250613P00600000,2025-06-16 10:03:58,,,
SPY250613P00601000,2025-06-16 10:03:58,,,
SPY250613P00599000,2025-06-16 10:04:02,,,
SPY250613P00600000,2025-06-16 10:04:02,,,
SPY250613P00601000,2025-06-16 10:04:02,,,
SPY250613P00599000,2025-06-16 10:04:06,,,
SPY250613P00600000,2025-06-16 10:04:06,,,
SPY250613P00601000,2025-06-16 10:04:06,,,
SPY250613P00599000,2025-06-16 10:04:11,,,
SPY250613P00600000,2025-06-16 10:04:11,,,
SPY250613P00601000,2025-06-16 10:04:11,,,
SPY250613P00599000,2025-06-16 10:04:15,,,
SPY250613P00600000,2025-06-16 10:04:15,,,
SPY250613P00601000,2025-06-16 10:04:15,,,
SPY250613P00599000,2025-06-16 10:04:19,,,
SPY250613P00600000,2025-06-16 10:04:19,,,
SPY250613P00601000,2025-06-16 10:04:19,,,
SPY250613P00599000,2025-06-16 10:04:23,,,
SPY250613P00600000,2025-06-16 10:04:23,,,
SPY250613P00601000,2025-06-16 10:04:23,,,
SPY250613P00599000,2025-06-16 10:04:27,,,
SPY250613P00600000,2025-06-16 10:04:27,,,
SPY250613P00601000,2025-06-16 10:04:27,,,
SPY250613P00599000,2025-06-16 10:04:32,,,
SPY250613P00600000,2025-06-16 10:04:32,,,
SPY250613P00601000,2025-06-16 10:04:32,,,
SPY250613P00599000,2025-06-16 10:04:36,,,
SPY250613P00600000,2025-06-16 10:04:36,,,
SPY250613P00601000,2025-06-16 10:04:36,,,
SPY250613P00599000,2025-06-16 10:04:40,,,
SPY250613P00600000,2025-06-16 10:04:40,,,
SPY250613P00601000,2025-06-16 10:04:40,,,
SPY250613P00599000,2025-06-16 10:04:44,,,
SPY250613P00600000,2025-06-16 10:04:44,,,
SPY250613P00601000,2025-06-16 10:04:44,,,
SPY250613P00599000,2025-06-16 10:04:49,,,
SPY250613P00600000,2025-06-16 10:04:49,,,
SPY250613P00601000,2025-06-16 10:04:49,,,
SPY250613P00599000,2025-06-16 10:04:53,,,
SPY250613P00600000,2025-06-16 10:04:53,,,
SPY250613P00601000,2025-06-16 10:04:53,,,
SPY250613P00599000,2025-06-16 10:04:57,,,
SPY250613P00600000,2025-06-16 10:04:57,,,
SPY250613P00601000,2025-06-16 10:04:57,,,
SPY250613P00599000,2025-06-16 10:05:01,,,
SPY250613P00600000,2025-06-16 10:05:01,,,
SPY250613P00601000,2025-06-16 10:05:01,,,
SPY250613P00599000,2025-06-16 10:05:06,,,
SPY250613P00600000,2025-06-16 10:05:06,,,
SPY250613P00601000,2025-06-16 10:05:06,,,
SPY250613P00599000,2025-06-16 10:05:10,,,
SPY250613P00600000,2025-06-16 10:05:10,,,
SPY250613P00601000,2025-06-16 10:05:10,,,
SPY250613P00599000,2025-06-16 10:05:14,,,
SPY250613P00600000,2025-06-16 10:05:14,,,
SPY250613P00601000,2025-06-16 10:05:14,,,
SPY250613P00599000,2025-06-16 10:05:18,,,
SPY250613P00600000,2025-06-16 10:05:18,,,
SPY250613P00601000,2025-06-16 10:05:18,,,
SPY250613P00599000,2025-06-16 10:05:23,,,
SPY250613P00600000,2025-06-16 10:05:23,,,
SPY250613P00601000,2025-06-16 10:05:23,,,
SPY250613P00599000,2025-06-16 10:05:27,,,
SPY250613P00600000,2025-06-16 10:05:27,,,
SPY250613P00601000,2025-06-16 10:05:27,,,
SPY250613P00599000,2025-06-16 10:05:31,,,
SPY250613P00600000,2025-06-16 10:05:31,,,
SPY250613P00601000,2025-06-16 10:05:31,,,
SPY250613P00599000,2025-06-16 10:05:35,,,
SPY250613P00600000,2025-06-16 10:05:35,,,
SPY250613P00601000,2025-06-16 10:05:35,,,
SPY250613P00599000,2025-06-16 10:05:39,,,
SPY250613P00600000,2025-06-16 10:05:39,,,
SPY250613P00601000,2025-06-16 10:05:39,,,
SPY250613P00599000,2025-06-16 10:05:44,,,
SPY250613P00600000,2025-06-16 10:05:44,,,
SPY250613P00601000,2025-06-16 10:05:44,,,
SPY250613P00599000,2025-06-16 10:05:48,,,
SPY250613P00600000,2025-06-16 10:05:48,,,
SPY250613P00601000,2025-06-16 10:05:48,,,
SPY250613P00599000,2025-06-16 10:05:52,,,
SPY250613P00600000,2025-06-16 10:05:52,,,
SPY250613P00601000,2025-06-16 10:05:52,,,
SPY250613P00599000,2025-06-16 10:05:57,,,
SPY250613P00600000,2025-06-16 10:05:57,,,
SPY250613P00601000,2025-06-16 10:05:57,,,
SPY250613P00599000,2025-06-16 10:06:01,,,
SPY250613P00600000,2025-06-16 10:06:01,,,
SPY250613P00601000,2025-06-16 10:06:01,,,
SPY250613P00599000,2025-06-16 10:06:05,,,
SPY250613P00600000,2025-06-16 10:06:05,,,
SPY250613P00601000,2025-06-16 10:06:05,,,
SPY250613P00599000,2025-06-16 10:06:10,,,
SPY250613P00600000,2025-06-16 10:06:10,,,
SPY250613P00601000,2025-06-16 10:06:10,,,
SPY250613P00599000,2025-06-16 10:06:14,,,
SPY250613P00600000,2025-06-16 10:06:14,,,
SPY250613P00601000,2025-06-16 10:06:14,,,
SPY250613P00599000,2025-06-16 10:06:18,,,
SPY250613P00600000,2025-06-16 10:06:18,,,
SPY250613P00601000,2025-06-16 10:06:18,,,
SPY250613P00599000,2025-06-16 10:06:22,,,
SPY250613P00600000,2025-06-16 10:06:22,,,
SPY250613P00601000,2025-06-16 10:06:22,,,
SPY250613P00599000,2025-06-16 10:06:27,,,
SPY250613P00600000,2025-06-16 10:06:27,,,
SPY250613P00601000,2025-06-16 10:06:27,,,
SPY250613P00599000,2025-06-16 10:06:31,,,
SPY250613P00600000,2025-06-16 10:06:31,,,
SPY250613P00601000,2025-06-16 10:06:31,,,
SPY250613P00599000,2025-06-16 10:06:35,,,
SPY250613P00600000,2025-06-16 10:06:35,,,
SPY250613P00601000,2025-06-16 10:06:35,,,
SPY250613P00599000,2025-06-16 10:06:39,,,
SPY250613P00600000,2025-06-16 10:06:39,,,
SPY250613P00601000,2025-06-16 10:06:39,,,
SPY250613P00599000,2025-06-16 10:06:44,,,
SPY250613P00600000,2025-06-16 10:06:44,,,
SPY250613P00601000,2025-06-16 10:06:44,,,
SPY250613P00599000,2025-06-16 10:06:48,,,
SPY250613P00600000,2025-06-16 10:06:48,,,
SPY250613P00601000,2025-06-16 10:06:48,,,
SPY250613P00599000,2025-06-16 10:06:52,,,
SPY250613P00600000,2025-06-16 10:06:52,,,
SPY250613P00601000,2025-06-16 10:06:52,,,
SPY250613P00599000,2025-06-16 10:06:56,,,
SPY250613P00600000,2025-06-16 10:06:56,,,
SPY250613P00601000,2025-06-16 10:06:56,,,
SPY250613P00599000,2025-06-16 10:07:01,,,
SPY250613P00600000,2025-06-16 10:07:01,,,
SPY250613P00601000,2025-06-16 10:07:01,,,
SPY250613P00599000,2025-06-16 10:07:05,,,
SPY250613P00600000,2025-06-16 10:07:05,,,
SPY250613P00601000,2025-06-16 10:07:05,,,
SPY250613P00599000,2025-06-16 10:07:09,,,
SPY250613P00600000,2025-06-16 10:07:09,,,
SPY250613P00601000,2025-06-16 10:07:09,,,
SPY250613P00599000,2025-06-16 10:07:13,,,
SPY250613P00600000,2025-06-16 10:07:13,,,
SPY250613P00601000,2025-06-16 10:07:13,,,
SPY250613P00599000,2025-06-16 10:07:17,,,
SPY250613P00600000,2025-06-16 10:07:17,,,
SPY250613P00601000,2025-06-16 10:07:17,,,
SPY250613P00599000,2025-06-16 10:07:22,,,
SPY250613P00600000,2025-06-16 10:07:22,,,
SPY250613P00601000,2025-06-16 10:07:22,,,
SPY250613P00599000,2025-06-16 10:07:26,,,
SPY250613P00600000,2025-06-16 10:07:26,,,
SPY250613P00601000,2025-06-16 10:07:26,,,
SPY250613P00599000,2025-06-16 10:07:30,,,
SPY250613P00600000,2025-06-16 10:07:30,,,
SPY250613P00601000,2025-06-16 10:07:30,,,
SPY250613P00599000,2025-06-16 10:07:34,,,
SPY250613P00600000,2025-06-16 10:07:34,,,
SPY250613P00601000,2025-06-16 10:07:34,,,
SPY250613P00599000,2025-06-16 10:07:38,,,
SPY250613P00600000,2025-06-16 10:07:38,,,
SPY250613P00601000,2025-06-16 10:07:38,,,
SPY250613P00599000,2025-06-16 10:07:43,,,
SPY250613P00600000,2025-06-16 10:07:43,,,
SPY250613P00601000,2025-06-16 10:07:43,,,
SPY250613P00599000,2025-06-16 10:07:47,,,
SPY250613P00600000,2025-06-16 10:07:47,,,
SPY250613P00601000,2025-06-16 10:07:47,,,
SPY250613P00599000,2025-06-16 10:07:51,,,
SPY250613P00600000,2025-06-16 10:07:51,,,
SPY250613P00601000,2025-06-16 10:07:51,,,
SPY250613P00599000,2025-06-16 10:07:55,,,
SPY250613P00600000,2025-06-16 10:07:55,,,
SPY250613P00601000,2025-06-16 10:07:55,,,
SPY250613P00599000,2025-06-16 10:08:00,,,
SPY250613P00600000,2025-06-16 10:08:00,,,
SPY250613P00601000,2025-06-16 10:08:00,,,
SPY250613P00599000,2025-06-16 10:08:04,,,
SPY250613P00600000,2025-06-16 10:08:04,,,
SPY250613P00601000,2025-06-16 10:08:04,,,
SPY250613P00599000,2025-06-16 10:08:08,,,
SPY250613P00600000,2025-06-16 10:08:08,,,
SPY250613P00601000,2025-06-16 10:08:08,,,
SPY250613P00599000,2025-06-16 10:08:12,,,
SPY250613P00600000,2025-06-16 10:08:12,,,
SPY250613P00601000,2025-06-16 10:08:12,,,
SPY250613P00599000,2025-06-16 10:08:16,,,
SPY250613P00600000,2025-06-16 10:08:16,,,
SPY250613P00601000,2025-06-16 10:08:16,,,
SPY250613P00599000,2025-06-16 10:08:21,,,
SPY250613P00600000,2025-06-16 10:08:21,,,
SPY250613P00601000,2025-06-16 10:08:21,,,
SPY250613P00599000,2025-06-16 10:08:25,,,
SPY250613P00600000,2025-06-16 10:08:25,,,
SPY250613P00601000,2025-06-16 10:08:25,,,
SPY250613P00599000,2025-06-16 10:08:29,,,
SPY250613P00600000,2025-06-16 10:08:29,,,
SPY250613P00601000,2025-06-16 10:08:29,,,
SPY250613P00599000,2025-06-16 10:08:34,,,
SPY250613P00600000,2025-06-16 10:08:34,,,
SPY250613P00601000,2025-06-16 10:08:34,,,
SPY250613P00599000,2025-06-16 10:08:38,,,
SPY250613P00600000,2025-06-16 10:08:38,,,
SPY250613P00601000,2025-06-16 10:08:38,,,
SPY250613P00599000,2025-06-16 10:08:42,,,
SPY250613P00600000,2025-06-16 10:08:42,,,
SPY250613P00601000,2025-06-16 10:08:42,,,
SPY250613P00599000,2025-06-16 10:08:46,,,
SPY250613P00600000,2025-06-16 10:08:46,,,
SPY250613P00601000,2025-06-16 10:08:46,,,
SPY250613P00599000,2025-06-16 10:08:51,,,
SPY250613P00600000,2025-06-16 10:08:51,,,
SPY250613P00601000,2025-06-16 10:08:51,,,
SPY250613P00599000,2025-06-16 10:08:55,,,
SPY250613P00600000,2025-06-16 10:08:55,,,
SPY250613P00601000,2025-06-16 10:08:55,,,
SPY250613P00599000,2025-06-16 10:08:59,,,
SPY250613P00600000,2025-06-16 10:08:59,,,
SPY250613P00601000,2025-06-16 10:08:59,,,
SPY250613P00599000,2025-06-16 10:09:03,,,
SPY250613P00600000,2025-06-16 10:09:03,,,
SPY250613P00601000,2025-06-16 10:09:03,,,
SPY250613P00599000,2025-06-16 10:09:08,,,
SPY250613P00600000,2025-06-16 10:09:08,,,
SPY250613P00601000,2025-06-16 10:09:08,,,
SPY250613P00599000,2025-06-16 10:09:12,,,
SPY250613P00600000,2025-06-16 10:09:12,,,
SPY250613P00601000,2025-06-16 10:09:12,,,
SPY250613P00599000,2025-06-16 10:09:16,,,
SPY250613P00600000,2025-06-16 10:09:16,,,
SPY250613P00601000,2025-06-16 10:09:16,,,
SPY250613P00599000,2025-06-16 10:09:20,,,
SPY250613P00600000,2025-06-16 10:09:20,,,
SPY250613P00601000,2025-06-16 10:09:20,,,
SPY250613P00599000,2025-06-16 10:09:25,,,
SPY250613P00600000,2025-06-16 10:09:25,,,
SPY250613P00601000,2025-06-16 10:09:25,,,
SPY250613P00599000,2025-06-16 10:09:29,,,
SPY250613P00600000,2025-06-16 10:09:29,,,
SPY250613P00601000,2025-06-16 10:09:29,,,
SPY250613P00599000,2025-06-16 10:09:33,,,
SPY250613P00600000,2025-06-16 10:09:33,,,
SPY250613P00601000,2025-06-16 10:09:33,,,
SPY250613P00599000,2025-06-16 10:09:37,,,
SPY250613P00600000,2025-06-16 10:09:37,,,
SPY250613P00601000,2025-06-16 10:09:37,,,
SPY250613P00599000,2025-06-16 10:09:41,,,
SPY250613P00600000,2025-06-16 10:09:41,,,
SPY250613P00601000,2025-06-16 10:09:41,,,
SPY250613P00599000,2025-06-16 10:09:46,,,
SPY250613P00600000,2025-06-16 10:09:46,,,
SPY250613P00601000,2025-06-16 10:09:46,,,
SPY250613P00599000,2025-06-16 10:09:50,,,
SPY250613P00600000,2025-06-16 10:09:50,,,
SPY250613P00601000,2025-06-16 10:09:50,,,
SPY250613P00599000,2025-06-16 10:09:54,,,
SPY250613P00600000,2025-06-16 10:09:54,,,
SPY250613P00601000,2025-06-16 10:09:54,,,
SPY250613P00599000,2025-06-16 10:09:58,,,
SPY250613P00600000,2025-06-16 10:09:58,,,
SPY250613P00601000,2025-06-16 10:09:58,,,
SPY250613P00599000,2025-06-16 10:10:03,,,
SPY250613P00600000,2025-06-16 10:10:03,,,
SPY250613P00601000,2025-06-16 10:10:03,,,
SPY250613P00599000,2025-06-16 10:10:07,,,
SPY250613P00600000,2025-06-16 10:10:07,,,
SPY250613P00601000,2025-06-16 10:10:07,,,
SPY250613P00599000,2025-06-16 10:10:11,,,
SPY250613P00600000,2025-06-16 10:10:11,,,
SPY250613P00601000,2025-06-16 10:10:11,,,
SPY250613P00599000,2025-06-16 10:10:15,,,
SPY250613P00600000,2025-06-16 10:10:15,,,
SPY250613P00601000,2025-06-16 10:10:15,,,
SPY250613P00599000,2025-06-16 10:10:20,,,
SPY250613P00600000,2025-06-16 10:10:20,,,
SPY250613P00601000,2025-06-16 10:10:20,,,
SPY250613P00599000,2025-06-16 10:10:24,,,
SPY250613P00600000,2025-06-16 10:10:24,,,
SPY250613P00601000,2025-06-16 10:10:24,,,
SPY250613P00599000,2025-06-16 10:10:28,,,
SPY250613P00600000,2025-06-16 10:10:28,,,
SPY250613P00601000,2025-06-16 10:10:28,,,
SPY250613P00599000,2025-06-16 10:10:32,,,
SPY250613P00600000,2025-06-16 10:10:32,,,
SPY250613P00601000,2025-06-16 10:10:32,,,
SPY250613P00599000,2025-06-16 10:10:37,,,
SPY250613P00600000,2025-06-16 10:10:37,,,
SPY250613P00601000,2025-06-16 10:10:37,,,
SPY250613P00599000,2025-06-16 10:10:41,,,
SPY250613P00600000,2025-06-16 10:10:41,,,
SPY250613P00601000,2025-06-16 10:10:41,,,
SPY250613P00599000,2025-06-16 10:10:45,,,
SPY250613P00600000,2025-06-16 10:10:45,,,
SPY250613P00601000,2025-06-16 10:10:45,,,
SPY250613P00599000,2025-06-16 10:10:49,,,
SPY250613P00600000,2025-06-16 10:10:49,,,
SPY250613P00601000,2025-06-16 10:10:49,,,
SPY250613P00599000,2025-06-16 10:10:54,,,
SPY250613P00600000,2025-06-16 10:10:54,,,
SPY250613P00601000,2025-06-16 10:10:54,,,
SPY250613P00599000,2025-06-16 10:10:58,,,
SPY250613P00600000,2025-06-16 10:10:58,,,
SPY250613P00601000,2025-06-16 10:10:58,,,
SPY250613P00599000,2025-06-16 10:11:02,,,
SPY250613P00600000,2025-06-16 10:11:02,,,
SPY250613P00601000,2025-06-16 10:11:02,,,
SPY250613P00599000,2025-06-16 10:11:07,,,
SPY250613P00600000,2025-06-16 10:11:07,,,
SPY250613P00601000,2025-06-16 10:11:07,,,
SPY250613P00599000,2025-06-16 10:11:11,,,
SPY250613P00600000,2025-06-16 10:11:11,,,
SPY250613P00601000,2025-06-16 10:11:11,,,
SPY250613P00599000,2025-06-16 10:11:15,,,
SPY250613P00600000,2025-06-16 10:11:15,,,
SPY250613P00601000,2025-06-16 10:11:15,,,
SPY250613P00599000,2025-06-16 10:11:19,,,
SPY250613P00600000,2025-06-16 10:11:19,,,
SPY250613P00601000,2025-06-16 10:11:19,,,
SPY250613P00599000,2025-06-16 10:11:23,,,
SPY250613P00600000,2025-06-16 10:11:23,,,
SPY250613P00601000,2025-06-16 10:11:23,,,
SPY250613P00599000,2025-06-16 10:11:28,,,
SPY250613P00600000,2025-06-16 10:11:28,,,
SPY250613P00601000,2025-06-16 10:11:28,,,
SPY250613P00599000,2025-06-16 10:11:32,,,
SPY250613P00600000,2025-06-16 10:11:32,,,
SPY250613P00601000,2025-06-16 10:11:32,,,
SPY250613P00599000,2025-06-16 10:11:36,,,
SPY250613P00600000,2025-06-16 10:11:36,,,
SPY250613P00601000,2025-06-16 10:11:36,,,
SPY250613P00599000,2025-06-16 10:11:41,,,
SPY250613P00600000,2025-06-16 10:11:41,,,
SPY250613P00601000,2025-06-16 10:11:41,,,
SPY250613P00599000,2025-06-16 10:11:45,,,
SPY250613P00600000,2025-06-16 10:11:45,,,
SPY250613P00601000,2025-06-16 10:11:45,,,
SPY250613P00599000,2025-06-16 10:11:49,,,
SPY250613P00600000,2025-06-16 10:11:49,,,
SPY250613P00601000,2025-06-16 10:11:49,,,
SPY250613P00599000,2025-06-16 10:11:53,,,
SPY250613P00600000,2025-06-16 10:11:53,,,
SPY250613P00601000,2025-06-16 10:11:53,,,
SPY250613P00599000,2025-06-16 10:11:58,,,
SPY250613P00600000,2025-06-16 10:11:58,,,
SPY250613P00601000,2025-06-16 10:11:58,,,
SPY250613P00599000,2025-06-16 10:12:02,,,
SPY250613P00600000,2025-06-16 10:12:02,,,
SPY250613P00601000,2025-06-16 10:12:02,,,
SPY250613P00599000,2025-06-16 10:12:06,,,
SPY250613P00600000,2025-06-16 10:12:06,,,
SPY250613P00601000,2025-06-16 10:12:06,,,
SPY250613P00599000,2025-06-16 10:12:11,,,
SPY250613P00600000,2025-06-16 10:12:11,,,
SPY250613P00601000,2025-06-16 10:12:11,,,
SPY250613P00599000,2025-06-16 10:12:15,,,
SPY250613P00600000,2025-06-16 10:12:15,,,
SPY250613P00601000,2025-06-16 10:12:15,,,
SPY250613P00599000,2025-06-16 10:12:19,,,
SPY250613P00600000,2025-06-16 10:12:19,,,
SPY250613P00601000,2025-06-16 10:12:19,,,
SPY250613P00599000,2025-06-16 10:12:23,,,
SPY250613P00600000,2025-06-16 10:12:23,,,
SPY250613P00601000,2025-06-16 10:12:23,,,
SPY250613P00599000,2025-06-16 10:12:28,,,
SPY250613P00600000,2025-06-16 10:12:28,,,
SPY250613P00601000,2025-06-16 10:12:28,,,
SPY250613P00599000,2025-06-16 10:12:32,,,
SPY250613P00600000,2025-06-16 10:12:32,,,
SPY250613P00601000,2025-06-16 10:12:32,,,
SPY250613P00599000,2025-06-16 10:12:36,,,
SPY250613P00600000,2025-06-16 10:12:36,,,
SPY250613P00601000,2025-06-16 10:12:36,,,
SPY250613P00599000,2025-06-16 10:12:41,,,
SPY250613P00600000,2025-06-16 10:12:41,,,
SPY250613P00601000,2025-06-16 10:12:41,,,
SPY250613P00599000,2025-06-16 10:12:45,,,
SPY250613P00600000,2025-06-16 10:12:45,,,
SPY250613P00601000,2025-06-16 10:12:45,,,
SPY250613P00599000,2025-06-16 10:12:49,,,
SPY250613P00600000,2025-06-16 10:12:49,,,
SPY250613P00601000,2025-06-16 10:12:49,,,
SPY250613P00599000,2025-06-16 10:12:53,,,
SPY250613P00600000,2025-06-16 10:12:53,,,
SPY250613P00601000,2025-06-16 10:12:53,,,
SPY250613P00599000,2025-06-16 10:12:57,,,
SPY250613P00600000,2025-06-16 10:12:57,,,
SPY250613P00601000,2025-06-16 10:12:57,,,
SPY250613P00599000,2025-06-16 10:13:02,,,
SPY250613P00600000,2025-06-16 10:13:02,,,
SPY250613P00601000,2025-06-16 10:13:02,,,
SPY250613P00599000,2025-06-16 10:13:06,,,
SPY250613P00600000,2025-06-16 10:13:06,,,
SPY250613P00601000,2025-06-16 10:13:06,,,
SPY250613P00599000,2025-06-16 10:13:10,,,
SPY250613P00600000,2025-06-16 10:13:10,,,
SPY250613P00601000,2025-06-16 10:13:10,,,
SPY250613P00599000,2025-06-16 10:13:15,,,
SPY250613P00600000,2025-06-16 10:13:15,,,
SPY250613P00601000,2025-06-16 10:13:15,,,
SPY250613P00599000,2025-06-16 10:13:19,,,
SPY250613P00600000,2025-06-16 10:13:19,,,
SPY250613P00601000,2025-06-16 10:13:19,,,
SPY250613P00599000,2025-06-16 10:13:23,,,
SPY250613P00600000,2025-06-16 10:13:23,,,
SPY250613P00601000,2025-06-16 10:13:23,,,
SPY250613P00599000,2025-06-16 10:13:28,,,
SPY250613P00600000,2025-06-16 10:13:28,,,
SPY250613P00601000,2025-06-16 10:13:28,,,
SPY250613P00599000,2025-06-16 10:13:32,,,
SPY250613P00600000,2025-06-16 10:13:32,,,
SPY250613P00601000,2025-06-16 10:13:32,,,
SPY250613P00599000,2025-06-16 10:13:36,,,
SPY250613P00600000,2025-06-16 10:13:36,,,
SPY250613P00601000,2025-06-16 10:13:36,,,
SPY250613P00599000,2025-06-16 10:13:40,,,
SPY250613P00600000,2025-06-16 10:13:40,,,
SPY250613P00601000,2025-06-16 10:13:40,,,
SPY250613P00599000,2025-06-16 10:13:45,,,
SPY250613P00600000,2025-06-16 10:13:45,,,
SPY250613P00601000,2025-06-16 10:13:45,,,
SPY250613P00599000,2025-06-16 10:13:49,,,
SPY250613P00600000,2025-06-16 10:13:49,,,
SPY250613P00601000,2025-06-16 10:13:49,,,
SPY250613P00599000,2025-06-16 10:13:53,,,
SPY250613P00600000,2025-06-16 10:13:53,,,
SPY250613P00601000,2025-06-16 10:13:53,,,
SPY250613P00599000,2025-06-16 10:13:57,,,
SPY250613P00600000,2025-06-16 10:13:57,,,
SPY250613P00601000,2025-06-16 10:13:57,,,
SPY250613P00599000,2025-06-16 10:14:02,,,
SPY250613P00600000,2025-06-16 10:14:02,,,
SPY250613P00601000,2025-06-16 10:14:02,,,
SPY250613P00599000,2025-06-16 10:14:06,,,
SPY250613P00600000,2025-06-16 10:14:06,,,
SPY250613P00601000,2025-06-16 10:14:06,,,
SPY250613P00599000,2025-06-16 10:14:10,,,
SPY250613P00600000,2025-06-16 10:14:10,,,
SPY250613P00601000,2025-06-16 10:14:10,,,
SPY250613P00599000,2025-06-16 10:14:14,,,
SPY250613P00600000,2025-06-16 10:14:14,,,
SPY250613P00601000,2025-06-16 10:14:14,,,
SPY250613P00599000,2025-06-16 10:14:18,,,
SPY250613P00600000,2025-06-16 10:14:18,,,
SPY250613P00601000,2025-06-16 10:14:18,,,
SPY250613P00599000,2025-06-16 10:14:23,,,
SPY250613P00600000,2025-06-16 10:14:23,,,
SPY250613P00601000,2025-06-16 10:14:23,,,
SPY250613P00599000,2025-06-16 10:14:27,,,
SPY250613P00600000,2025-06-16 10:14:27,,,
SPY250613P00601000,2025-06-16 10:14:27,,,
SPY250613P00599000,2025-06-16 10:14:31,,,
SPY250613P00600000,2025-06-16 10:14:31,,,
SPY250613P00601000,2025-06-16 10:14:31,,,
SPY250613P00599000,2025-06-16 10:14:35,,,
SPY250613P00600000,2025-06-16 10:14:35,,,
SPY250613P00601000,2025-06-16 10:14:35,,,
SPY250613P00599000,2025-06-16 10:14:40,,,
SPY250613P00600000,2025-06-16 10:14:40,,,
SPY250613P00601000,2025-06-16 10:14:40,,,
SPY250613P00599000,2025-06-16 10:14:44,,,
SPY250613P00600000,2025-06-16 10:14:44,,,
SPY250613P00601000,2025-06-16 10:14:44,,,
SPY250613P00599000,2025-06-16 10:14:48,,,
SPY250613P00600000,2025-06-16 10:14:48,,,
SPY250613P00601000,2025-06-16 10:14:48,,,
SPY250613P00599000,2025-06-16 10:14:52,,,
SPY250613P00600000,2025-06-16 10:14:52,,,
SPY250613P00601000,2025-06-16 10:14:52,,,
SPY250613P00599000,2025-06-16 10:14:57,,,
SPY250613P00600000,2025-06-16 10:14:57,,,
SPY250613P00601000,2025-06-16 10:14:57,,,
SPY250613P00599000,2025-06-16 10:15:01,,,
SPY250613P00600000,2025-06-16 10:15:01,,,
SPY250613P00601000,2025-06-16 10:15:01,,,
SPY250613P00599000,2025-06-16 10:15:05,,,
SPY250613P00600000,2025-06-16 10:15:05,,,
SPY250613P00601000,2025-06-16 10:15:05,,,
SPY250613P00599000,2025-06-16 10:15:09,,,
SPY250613P00600000,2025-06-16 10:15:09,,,
SPY250613P00601000,2025-06-16 10:15:09,,,
SPY250613P00599000,2025-06-16 10:15:14,,,
SPY250613P00600000,2025-06-16 10:15:14,,,
SPY250613P00601000,2025-06-16 10:15:14,,,
SPY250613P00599000,2025-06-16 10:15:18,,,
SPY250613P00600000,2025-06-16 10:15:18,,,
SPY250613P00601000,2025-06-16 10:15:18,,,
SPY250613P00599000,2025-06-16 10:15:22,,,
SPY250613P00600000,2025-06-16 10:15:22,,,
SPY250613P00601000,2025-06-16 10:15:22,,,
SPY250613P00599000,2025-06-16 10:15:26,,,
SPY250613P00600000,2025-06-16 10:15:26,,,
SPY250613P00601000,2025-06-16 10:15:26,,,
SPY250613P00599000,2025-06-16 10:15:31,,,
SPY250613P00600000,2025-06-16 10:15:31,,,
SPY250613P00601000,2025-06-16 10:15:31,,,
SPY250613P00599000,2025-06-16 10:15:35,,,
SPY250613P00600000,2025-06-16 10:15:35,,,
SPY250613P00601000,2025-06-16 10:15:35,,,
SPY250613P00599000,2025-06-16 10:15:39,,,
SPY250613P00600000,2025-06-16 10:15:39,,,
SPY250613P00601000,2025-06-16 10:15:39,,,
SPY250613P00599000,2025-06-16 10:15:43,,,
SPY250613P00600000,2025-06-16 10:15:43,,,
SPY250613P00601000,2025-06-16 10:15:43,,,
SPY250613P00599000,2025-06-16 10:15:47,,,
SPY250613P00600000,2025-06-16 10:15:47,,,
SPY250613P00601000,2025-06-16 10:15:47,,,
SPY250613P00599000,2025-06-16 10:15:52,,,
SPY250613P00600000,2025-06-16 10:15:52,,,
SPY250613P00601000,2025-06-16 10:15:52,,,
SPY250613P00599000,2025-06-16 10:15:56,,,
SPY250613P00600000,2025-06-16 10:15:56,,,
SPY250613P00601000,2025-06-16 10:15:56,,,
SPY250613P00599000,2025-06-16 10:16:00,,,
SPY250613P00600000,2025-06-16 10:16:00,,,
SPY250613P00601000,2025-06-16 10:16:00,,,
SPY250613P00599000,2025-06-16 10:16:05,,,
SPY250613P00600000,2025-06-16 10:16:05,,,
SPY250613P00601000,2025-06-16 10:16:05,,,
SPY250613P00599000,2025-06-16 10:16:09,,,
SPY250613P00600000,2025-06-16 10:16:09,,,
SPY250613P00601000,2025-06-16 10:16:09,,,
SPY250613P00599000,2025-06-16 10:16:13,,,
SPY250613P00600000,2025-06-16 10:16:13,,,
SPY250613P00601000,2025-06-16 10:16:13,,,
SPY250613P00599000,2025-06-16 10:16:18,,,
SPY250613P00600000,2025-06-16 10:16:18,,,
SPY250613P00601000,2025-06-16 10:16:18,,,
SPY250613P00599000,2025-06-16 10:16:22,,,
SPY250613P00600000,2025-06-16 10:16:22,,,
SPY250613P00601000,2025-06-16 10:16:22,,,
SPY250613P00599000,2025-06-16 10:16:26,,,
SPY250613P00600000,2025-06-16 10:16:26,,,
SPY250613P00601000,2025-06-16 10:16:26,,,
SPY250613P00599000,2025-06-16 10:16:30,,,
SPY250613P00600000,2025-06-16 10:16:30,,,
SPY250613P00601000,2025-06-16 10:16:30,,,
SPY250613P00599000,2025-06-16 10:16:34,,,
SPY250613P00600000,2025-06-16 10:16:34,,,
SPY250613P00601000,2025-06-16 10:16:34,,,
SPY250613P00599000,2025-06-16 10:16:39,,,
SPY250613P00600000,2025-06-16 10:16:39,,,
SPY250613P00601000,2025-06-16 10:16:39,,,
SPY250613P00599000,2025-06-16 10:16:43,,,
SPY250613P00600000,2025-06-16 10:16:43,,,
SPY250613P00601000,2025-06-16 10:16:43,,,
SPY250613P00599000,2025-06-16 10:16:47,,,
SPY250613P00600000,2025-06-16 10:16:47,,,
SPY250613P00601000,2025-06-16 10:16:47,,,
SPY250613P00599000,2025-06-16 10:16:51,,,
SPY250613P00600000,2025-06-16 10:16:51,,,
SPY250613P00601000,2025-06-16 10:16:51,,,
SPY250613P00599000,2025-06-16 10:16:56,,,
SPY250613P00600000,2025-06-16 10:16:56,,,
SPY250613P00601000,2025-06-16 10:16:56,,,
SPY250613P00599000,2025-06-16 10:17:00,,,
SPY250613P00600000,2025-06-16 10:17:00,,,
SPY250613P00601000,2025-06-16 10:17:00,,,
SPY250613P00599000,2025-06-16 10:17:04,,,
SPY250613P00600000,2025-06-16 10:17:04,,,
SPY250613P00601000,2025-06-16 10:17:04,,,
SPY250613P00599000,2025-06-16 10:17:08,,,
SPY250613P00600000,2025-06-16 10:17:08,,,
SPY250613P00601000,2025-06-16 10:17:08,,,
SPY250613P00599000,2025-06-16 10:17:13,,,
SPY250613P00600000,2025-06-16 10:17:13,,,
SPY250613P00601000,2025-06-16 10:17:13,,,
SPY250613P00599000,2025-06-16 10:17:17,,,
SPY250613P00600000,2025-06-16 10:17:17,,,
SPY250613P00601000,2025-06-16 10:17:17,,,
SPY250613P00599000,2025-06-16 10:17:21,,,
SPY250613P00600000,2025-06-16 10:17:21,,,
SPY250613P00601000,2025-06-16 10:17:21,,,
SPY250613P00599000,2025-06-16 10:17:25,,,
SPY250613P00600000,2025-06-16 10:17:25,,,
SPY250613P00601000,2025-06-16 10:17:25,,,
SPY250613P00599000,2025-06-16 10:17:30,,,
SPY250613P00600000,2025-06-16 10:17:30,,,
SPY250613P00601000,2025-06-16 10:17:30,,,
SPY250613P00599000,2025-06-16 10:17:34,,,
SPY250613P00600000,2025-06-16 10:17:34,,,
SPY250613P00601000,2025-06-16 10:17:34,,,
SPY250613P00599000,2025-06-16 10:17:38,,,
SPY250613P00600000,2025-06-16 10:17:38,,,
SPY250613P00601000,2025-06-16 10:17:38,,,
SPY250613P00599000,2025-06-16 10:17:42,,,
SPY250613P00600000,2025-06-16 10:17:42,,,
SPY250613P00601000,2025-06-16 10:17:42,,,
SPY250613P00599000,2025-06-16 10:17:47,,,
SPY250613P00600000,2025-06-16 10:17:47,,,
SPY250613P00601000,2025-06-16 10:17:47,,,
SPY250613P00599000,2025-06-16 10:17:51,,,
SPY250613P00600000,2025-06-16 10:17:51,,,
SPY250613P00601000,2025-06-16 10:17:51,,,
SPY250613P00599000,2025-06-16 10:17:55,,,
SPY250613P00600000,2025-06-16 10:17:55,,,
SPY250613P00601000,2025-06-16 10:17:55,,,
SPY250613P00599000,2025-06-16 10:17:59,,,
SPY250613P00600000,2025-06-16 10:17:59,,,
SPY250613P00601000,2025-06-16 10:17:59,,,
SPY250613P00599000,2025-06-16 10:18:04,,,
SPY250613P00600000,2025-06-16 10:18:04,,,
SPY250613P00601000,2025-06-16 10:18:04,,,
SPY250613P00599000,2025-06-16 10:18:08,,,
SPY250613P00600000,2025-06-16 10:18:08,,,
SPY250613P00601000,2025-06-16 10:18:08,,,
SPY250613P00599000,2025-06-16 10:18:12,,,
SPY250613P00600000,2025-06-16 10:18:12,,,
SPY250613P00601000,2025-06-16 10:18:12,,,
SPY250613P00599000,2025-06-16 10:18:16,,,
SPY250613P00600000,2025-06-16 10:18:16,,,
SPY250613P00601000,2025-06-16 10:18:16,,,
SPY250613P00599000,2025-06-16 10:18:21,,,
SPY250613P00600000,2025-06-16 10:18:21,,,
SPY250613P00601000,2025-06-16 10:18:21,,,
SPY250613P00599000,2025-06-16 10:18:25,,,
SPY250613P00600000,2025-06-16 10:18:25,,,
SPY250613P00601000,2025-06-16 10:18:25,,,
SPY250613P00599000,2025-06-16 10:18:29,,,
SPY250613P00600000,2025-06-16 10:18:29,,,
SPY250613P00601000,2025-06-16 10:18:29,,,
SPY250613P00599000,2025-06-16 10:18:33,,,
SPY250613P00600000,2025-06-16 10:18:33,,,
SPY250613P00601000,2025-06-16 10:18:33,,,
SPY250613P00599000,2025-06-16 10:18:37,,,
SPY250613P00600000,2025-06-16 10:18:37,,,
SPY250613P00601000,2025-06-16 10:18:37,,,
SPY250613P00599000,2025-06-16 10:18:42,,,
SPY250613P00600000,2025-06-16 10:18:42,,,
SPY250613P00601000,2025-06-16 10:18:42,,,
SPY250613P00599000,2025-06-16 10:18:46,,,
SPY250613P00600000,2025-06-16 10:18:46,,,
SPY250613P00601000,2025-06-16 10:18:46,,,
SPY250613P00599000,2025-06-16 10:18:50,,,
SPY250613P00600000,2025-06-16 10:18:50,,,
SPY250613P00601000,2025-06-16 10:18:50,,,
SPY250613P00599000,2025-06-16 10:18:54,,,
SPY250613P00600000,2025-06-16 10:18:54,,,
SPY250613P00601000,2025-06-16 10:18:54,,,
SPY250613P00599000,2025-06-16 10:18:59,,,
SPY250613P00600000,2025-06-16 10:18:59,,,
SPY250613P00601000,2025-06-16 10:18:59,,,
SPY250613P00599000,2025-06-16 10:19:03,,,
SPY250613P00600000,2025-06-16 10:19:03,,,
SPY250613P00601000,2025-06-16 10:19:03,,,
SPY250613P00599000,2025-06-16 10:19:07,,,
SPY250613P00600000,2025-06-16 10:19:07,,,
SPY250613P00601000,2025-06-16 10:19:07,,,
SPY250613P00599000,2025-06-16 10:19:11,,,
SPY250613P00600000,2025-06-16 10:19:11,,,
SPY250613P00601000,2025-06-16 10:19:11,,,
SPY250613P00599000,2025-06-16 10:19:16,,,
SPY250613P00600000,2025-06-16 10:19:16,,,
SPY250613P00601000,2025-06-16 10:19:16,,,
SPY250613P00599000,2025-06-16 10:19:20,,,
SPY250613P00600000,2025-06-16 10:19:20,,,
SPY250613P00601000,2025-06-16 10:19:20,,,
SPY250613P00599000,2025-06-16 10:19:24,,,
SPY250613P00600000,2025-06-16 10:19:24,,,
SPY250613P00601000,2025-06-16 10:19:24,,,
SPY250613P00599000,2025-06-16 10:19:28,,,
SPY250613P00600000,2025-06-16 10:19:28,,,
SPY250613P00601000,2025-06-16 10:19:28,,,
SPY250613P00599000,2025-06-16 10:19:33,,,
SPY250613P00600000,2025-06-16 10:19:33,,,
SPY250613P00601000,2025-06-16 10:19:33,,,
SPY250613P00599000,2025-06-16 10:19:37,,,
SPY250613P00600000,2025-06-16 10:19:37,,,
SPY250613P00601000,2025-06-16 10:19:37,,,
SPY250613P00599000,2025-06-16 10:19:41,,,
SPY250613P00600000,2025-06-16 10:19:41,,,
SPY250613P00601000,2025-06-16 10:19:41,,,
SPY250613P00599000,2025-06-16 10:19:45,,,
SPY250613P00600000,2025-06-16 10:19:45,,,
SPY250613P00601000,2025-06-16 10:19:45,,,
SPY250613P00599000,2025-06-16 10:19:50,,,
SPY250613P00600000,2025-06-16 10:19:50,,,
SPY250613P00601000,2025-06-16 10:19:50,,,
SPY250613P00599000,2025-06-16 10:19:54,,,
SPY250613P00600000,2025-06-16 10:19:54,,,
SPY250613P00601000,2025-06-16 10:19:54,,,
SPY250613P00599000,2025-06-16 10:19:58,,,
SPY250613P00600000,2025-06-16 10:19:58,,,
SPY250613P00601000,2025-06-16 10:19:58,,,
SPY250613P00599000,2025-06-16 10:20:02,,,
SPY250613P00600000,2025-06-16 10:20:02,,,
SPY250613P00601000,2025-06-16 10:20:02,,,
SPY250613P00599000,2025-06-16 10:20:07,,,
SPY250613P00600000,2025-06-16 10:20:07,,,
SPY250613P00601000,2025-06-16 10:20:07,,,
SPY250613P00599000,2025-06-16 10:20:11,,,
SPY250613P00600000,2025-06-16 10:20:11,,,
SPY250613P00601000,2025-06-16 10:20:11,,,
SPY250613P00599000,2025-06-16 10:20:15,,,
SPY250613P00600000,2025-06-16 10:20:15,,,
SPY250613P00601000,2025-06-16 10:20:15,,,
SPY250613P00599000,2025-06-16 10:20:19,,,
SPY250613P00600000,2025-06-16 10:20:19,,,
SPY250613P00601000,2025-06-16 10:20:19,,,
SPY250613P00599000,2025-06-16 10:20:24,,,
SPY250613P00600000,2025-06-16 10:20:24,,,
SPY250613P00601000,2025-06-16 10:20:24,,,
SPY250613P00599000,2025-06-16 10:20:28,,,
SPY250613P00600000,2025-06-16 10:20:28,,,
SPY250613P00601000,2025-06-16 10:20:28,,,
SPY250613P00599000,2025-06-16 10:20:32,,,
SPY250613P00600000,2025-06-16 10:20:32,,,
SPY250613P00601000,2025-06-16 10:20:32,,,
SPY250613P00599000,2025-06-16 10:20:36,,,
SPY250613P00600000,2025-06-16 10:20:36,,,
SPY250613P00601000,2025-06-16 10:20:36,,,
SPY250613P00599000,2025-06-16 10:20:41,,,
SPY250613P00600000,2025-06-16 10:20:41,,,
SPY250613P00601000,2025-06-16 10:20:41,,,
SPY250613P00599000,2025-06-16 10:20:45,,,
SPY250613P00600000,2025-06-16 10:20:45,,,
SPY250613P00601000,2025-06-16 10:20:45,,,
SPY250613P00599000,2025-06-16 10:20:49,,,
SPY250613P00600000,2025-06-16 10:20:49,,,
SPY250613P00601000,2025-06-16 10:20:49,,,
SPY250613P00599000,2025-06-16 10:20:53,,,
SPY250613P00600000,2025-06-16 10:20:53,,,
SPY250613P00601000,2025-06-16 10:20:53,,,
SPY250613P00599000,2025-06-16 10:20:58,,,
SPY250613P00600000,2025-06-16 10:20:58,,,
SPY250613P00601000,2025-06-16 10:20:58,,,
SPY250613P00599000,2025-06-16 10:21:02,,,
SPY250613P00600000,2025-06-16 10:21:02,,,
SPY250613P00601000,2025-06-16 10:21:02,,,
SPY250613P00599000,2025-06-16 10:21:06,,,
SPY250613P00600000,2025-06-16 10:21:06,,,
SPY250613P00601000,2025-06-16 10:21:06,,,
SPY250613P00599000,2025-06-16 10:21:11,,,
SPY250613P00600000,2025-06-16 10:21:11,,,
SPY250613P00601000,2025-06-16 10:21:11,,,
SPY250613P00599000,2025-06-16 10:21:15,,,
SPY250613P00600000,2025-06-16 10:21:15,,,
SPY250613P00601000,2025-06-16 10:21:15,,,
SPY250613P00599000,2025-06-16 10:21:19,,,
SPY250613P00600000,2025-06-16 10:21:19,,,
SPY250613P00601000,2025-06-16 10:21:19,,,
SPY250613P00599000,2025-06-16 10:21:23,,,
SPY250613P00600000,2025-06-16 10:21:23,,,
SPY250613P00601000,2025-06-16 10:21:23,,,
SPY250613P00599000,2025-06-16 10:21:28,,,
SPY250613P00600000,2025-06-16 10:21:28,,,
SPY250613P00601000,2025-06-16 10:21:28,,,
SPY250613P00599000,2025-06-16 10:21:32,,,
SPY250613P00600000,2025-06-16 10:21:32,,,
SPY250613P00601000,2025-06-16 10:21:32,,,
SPY250613P00599000,2025-06-16 10:21:36,,,
SPY250613P00600000,2025-06-16 10:21:36,,,
SPY250613P00601000,2025-06-16 10:21:36,,,
SPY250613P00599000,2025-06-16 10:21:41,,,
SPY250613P00600000,2025-06-16 10:21:41,,,
SPY250613P00601000,2025-06-16 10:21:41,,,
SPY250613P00599000,2025-06-16 10:21:45,,,
SPY250613P00600000,2025-06-16 10:21:45,,,
SPY250613P00601000,2025-06-16 10:21:45,,,
SPY250613P00599000,2025-06-16 10:21:49,,,
SPY250613P00600000,2025-06-16 10:21:49,,,
SPY250613P00601000,2025-06-16 10:21:49,,,
SPY250613P00599000,2025-06-16 10:21:53,,,
SPY250613P00600000,2025-06-16 10:21:53,,,
SPY250613P00601000,2025-06-16 10:21:53,,,
SPY250613P00599000,2025-06-16 10:21:58,,,
SPY250613P00600000,2025-06-16 10:21:58,,,
SPY250613P00601000,2025-06-16 10:21:58,,,
SPY250613P00599000,2025-06-16 10:22:02,,,
SPY250613P00600000,2025-06-16 10:22:02,,,
SPY250613P00601000,2025-06-16 10:22:02,,,
SPY250613P00599000,2025-06-16 10:22:06,,,
SPY250613P00600000,2025-06-16 10:22:06,,,
SPY250613P00601000,2025-06-16 10:22:06,,,
SPY250613P00599000,2025-06-16 10:22:10,,,
SPY250613P00600000,2025-06-16 10:22:10,,,
SPY250613P00601000,2025-06-16 10:22:10,,,
SPY250613P00599000,2025-06-16 10:22:14,,,
SPY250613P00600000,2025-06-16 10:22:14,,,
SPY250613P00601000,2025-06-16 10:22:14,,,
SPY250613P00599000,2025-06-16 10:22:19,,,
SPY250613P00600000,2025-06-16 10:22:19,,,
SPY250613P00601000,2025-06-16 10:22:19,,,
SPY250613P00599000,2025-06-16 10:22:23,,,
SPY250613P00600000,2025-06-16 10:22:23,,,
SPY250613P00601000,2025-06-16 10:22:23,,,
SPY250613P00599000,2025-06-16 10:22:27,,,
SPY250613P00600000,2025-06-16 10:22:27,,,
SPY250613P00601000,2025-06-16 10:22:27,,,
SPY250613P00599000,2025-06-16 10:22:31,,,
SPY250613P00600000,2025-06-16 10:22:31,,,
SPY250613P00601000,2025-06-16 10:22:31,,,
SPY250613P00599000,2025-06-16 10:22:36,,,
SPY250613P00600000,2025-06-16 10:22:36,,,
SPY250613P00601000,2025-06-16 10:22:36,,,
SPY250613P00599000,2025-06-16 10:22:40,,,
SPY250613P00600000,2025-06-16 10:22:40,,,
SPY250613P00601000,2025-06-16 10:22:40,,,
SPY250613P00599000,2025-06-16 10:22:44,,,
SPY250613P00600000,2025-06-16 10:22:44,,,
SPY250613P00601000,2025-06-16 10:22:44,,,
SPY250613P00599000,2025-06-16 10:22:48,,,
SPY250613P00600000,2025-06-16 10:22:48,,,
SPY250613P00601000,2025-06-16 10:22:48,,,
SPY250613P00599000,2025-06-16 10:22:53,,,
SPY250613P00600000,2025-06-16 10:22:53,,,
SPY250613P00601000,2025-06-16 10:22:53,,,
SPY250613P00599000,2025-06-16 10:22:57,,,
SPY250613P00600000,2025-06-16 10:22:57,,,
SPY250613P00601000,2025-06-16 10:22:57,,,
SPY250613P00599000,2025-06-16 10:23:01,,,
SPY250613P00600000,2025-06-16 10:23:01,,,
SPY250613P00601000,2025-06-16 10:23:01,,,
SPY250613P00599000,2025-06-16 10:23:05,,,
SPY250613P00600000,2025-06-16 10:23:05,,,
SPY250613P00601000,2025-06-16 10:23:05,,,
SPY250613P00599000,2025-06-16 10:23:10,,,
SPY250613P00600000,2025-06-16 10:23:10,,,
SPY250613P00601000,2025-06-16 10:23:10,,,
SPY250613P00599000,2025-06-16 10:23:14,,,
SPY250613P00600000,2025-06-16 10:23:14,,,
SPY250613P00601000,2025-06-16 10:23:14,,,
SPY250613P00599000,2025-06-16 10:23:18,,,
SPY250613P00600000,2025-06-16 10:23:18,,,
SPY250613P00601000,2025-06-16 10:23:18,,,
SPY250613P00599000,2025-06-16 10:23:22,,,
SPY250613P00600000,2025-06-16 10:23:22,,,
SPY250613P00601000,2025-06-16 10:23:22,,,
SPY250613P00599000,2025-06-16 10:23:27,,,
SPY250613P00600000,2025-06-16 10:23:27,,,
SPY250613P00601000,2025-06-16 10:23:27,,,
SPY250613P00599000,2025-06-16 10:23:31,,,
SPY250613P00600000,2025-06-16 10:23:31,,,
SPY250613P00601000,2025-06-16 10:23:31,,,
SPY250613P00599000,2025-06-16 10:23:35,,,
SPY250613P00600000,2025-06-16 10:23:35,,,
SPY250613P00601000,2025-06-16 10:23:35,,,
SPY250613P00599000,2025-06-16 10:23:40,,,
SPY250613P00600000,2025-06-16 10:23:40,,,
SPY250613P00601000,2025-06-16 10:23:40,,,
SPY250613P00599000,2025-06-16 10:23:44,,,
SPY250613P00600000,2025-06-16 10:23:44,,,
SPY250613P00601000,2025-06-16 10:23:44,,,
SPY250613P00599000,2025-06-16 10:23:48,,,
SPY250613P00600000,2025-06-16 10:23:48,,,
SPY250613P00601000,2025-06-16 10:23:48,,,
SPY250613P00599000,2025-06-16 10:23:52,,,
SPY250613P00600000,2025-06-16 10:23:52,,,
SPY250613P00601000,2025-06-16 10:23:52,,,
SPY250613P00599000,2025-06-16 10:23:56,,,
SPY250613P00600000,2025-06-16 10:23:56,,,
SPY250613P00601000,2025-06-16 10:23:56,,,
SPY250613P00599000,2025-06-16 10:24:01,,,
SPY250613P00600000,2025-06-16 10:24:01,,,
SPY250613P00601000,2025-06-16 10:24:01,,,
SPY250613P00599000,2025-06-16 10:24:05,,,
SPY250613P00600000,2025-06-16 10:24:05,,,
SPY250613P00601000,2025-06-16 10:24:05,,,
SPY250613P00599000,2025-06-16 10:24:09,,,
SPY250613P00600000,2025-06-16 10:24:09,,,
SPY250613P00601000,2025-06-16 10:24:09,,,
SPY250613P00599000,2025-06-16 10:24:14,,,
SPY250613P00600000,2025-06-16 10:24:14,,,
SPY250613P00601000,2025-06-16 10:24:14,,,
SPY250613P00599000,2025-06-16 10:24:18,,,
SPY250613P00600000,2025-06-16 10:24:18,,,
SPY250613P00601000,2025-06-16 10:24:18,,,
SPY250613P00599000,2025-06-16 10:24:22,,,
SPY250613P00600000,2025-06-16 10:24:22,,,
SPY250613P00601000,2025-06-16 10:24:22,,,
SPY250613P00599000,2025-06-16 10:24:26,,,
SPY250613P00600000,2025-06-16 10:24:26,,,
SPY250613P00601000,2025-06-16 10:24:26,,,
SPY250613P00599000,2025-06-16 10:24:31,,,
SPY250613P00600000,2025-06-16 10:24:31,,,
SPY250613P00601000,2025-06-16 10:24:31,,,
SPY250613P00599000,2025-06-16 10:24:35,,,
SPY250613P00600000,2025-06-16 10:24:35,,,
SPY250613P00601000,2025-06-16 10:24:35,,,
SPY250613P00599000,2025-06-16 10:24:39,,,
SPY250613P00600000,2025-06-16 10:24:39,,,
SPY250613P00601000,2025-06-16 10:24:39,,,
SPY250613P00599000,2025-06-16 10:24:44,,,
SPY250613P00600000,2025-06-16 10:24:44,,,
SPY250613P00601000,2025-06-16 10:24:44,,,
SPY250613P00599000,2025-06-16 10:24:48,,,
SPY250613P00600000,2025-06-16 10:24:48,,,
SPY250613P00601000,2025-06-16 10:24:48,,,
SPY250613P00599000,2025-06-16 10:24:52,,,
SPY250613P00600000,2025-06-16 10:24:52,,,
SPY250613P00601000,2025-06-16 10:24:52,,,
SPY250613P00599000,2025-06-16 10:24:56,,,
SPY250613P00600000,2025-06-16 10:24:56,,,
SPY250613P00601000,2025-06-16 10:24:56,,,
SPY250613P00599000,2025-06-16 10:25:01,,,
SPY250613P00600000,2025-06-16 10:25:01,,,
SPY250613P00601000,2025-06-16 10:25:01,,,
SPY250613P00599000,2025-06-16 10:25:05,,,
SPY250613P00600000,2025-06-16 10:25:05,,,
SPY250613P00601000,2025-06-16 10:25:05,,,
SPY250613P00599000,2025-06-16 10:25:09,,,
SPY250613P00600000,2025-06-16 10:25:09,,,
SPY250613P00601000,2025-06-16 10:25:09,,,
SPY250613P00599000,2025-06-16 10:25:13,,,
SPY250613P00600000,2025-06-16 10:25:13,,,
SPY250613P00601000,2025-06-16 10:25:13,,,
SPY250613P00599000,2025-06-16 10:25:18,,,
SPY250613P00600000,2025-06-16 10:25:18,,,
SPY250613P00601000,2025-06-16 10:25:18,,,
SPY250613P00599000,2025-06-16 10:25:22,,,
SPY250613P00600000,2025-06-16 10:25:22,,,
SPY250613P00601000,2025-06-16 10:25:22,,,
SPY250613P00599000,2025-06-16 10:25:26,,,
SPY250613P00600000,2025-06-16 10:25:26,,,
SPY250613P00601000,2025-06-16 10:25:26,,,
SPY250613P00599000,2025-06-16 10:25:30,,,
SPY250613P00600000,2025-06-16 10:25:30,,,
SPY250613P00601000,2025-06-16 10:25:30,,,
SPY250613P00599000,2025-06-16 10:25:34,,,
SPY250613P00600000,2025-06-16 10:25:34,,,
SPY250613P00601000,2025-06-16 10:25:34,,,
SPY250613P00599000,2025-06-16 10:25:39,,,
SPY250613P00600000,2025-06-16 10:25:39,,,
SPY250613P00601000,2025-06-16 10:25:39,,,
SPY250613P00599000,2025-06-16 10:25:43,,,
SPY250613P00600000,2025-06-16 10:25:43,,,
SPY250613P00601000,2025-06-16 10:25:43,,,
SPY250613P00599000,2025-06-16 10:25:47,,,
SPY250613P00600000,2025-06-16 10:25:47,,,
SPY250613P00601000,2025-06-16 10:25:47,,,
SPY250613P00599000,2025-06-16 10:25:52,,,
SPY250613P00600000,2025-06-16 10:25:52,,,
SPY250613P00601000,2025-06-16 10:25:52,,,
SPY250613P00599000,2025-06-16 10:25:56,,,
SPY250613P00600000,2025-06-16 10:25:56,,,
SPY250613P00601000,2025-06-16 10:25:56,,,
SPY250613P00599000,2025-06-16 10:26:00,,,
SPY250613P00600000,2025-06-16 10:26:00,,,
SPY250613P00601000,2025-06-16 10:26:00,,,
SPY250613P00599000,2025-06-16 10:26:04,,,
SPY250613P00600000,2025-06-16 10:26:04,,,
SPY250613P00601000,2025-06-16 10:26:04,,,
SPY250613P00599000,2025-06-16 10:26:09,,,
SPY250613P00600000,2025-06-16 10:26:09,,,
SPY250613P00601000,2025-06-16 10:26:09,,,
SPY250613P00599000,2025-06-16 10:26:13,,,
SPY250613P00600000,2025-06-16 10:26:13,,,
SPY250613P00601000,2025-06-16 10:26:13,,,
SPY250613P00599000,2025-06-16 10:26:17,,,
SPY250613P00600000,2025-06-16 10:26:17,,,
SPY250613P00601000,2025-06-16 10:26:17,,,
SPY250613P00599000,2025-06-16 10:26:22,,,
SPY250613P00600000,2025-06-16 10:26:22,,,
SPY250613P00601000,2025-06-16 10:26:22,,,
SPY250613P00599000,2025-06-16 10:26:26,,,
SPY250613P00600000,2025-06-16 10:26:26,,,
SPY250613P00601000,2025-06-16 10:26:26,,,
SPY250613P00599000,2025-06-16 10:26:30,,,
SPY250613P00600000,2025-06-16 10:26:30,,,
SPY250613P00601000,2025-06-16 10:26:30,,,
SPY250613P00599000,2025-06-16 10:26:34,,,
SPY250613P00600000,2025-06-16 10:26:34,,,
SPY250613P00601000,2025-06-16 10:26:34,,,
SPY250613P00599000,2025-06-16 10:26:38,,,
SPY250613P00600000,2025-06-16 10:26:38,,,
SPY250613P00601000,2025-06-16 10:26:38,,,
SPY250613P00599000,2025-06-16 10:26:43,,,
SPY250613P00600000,2025-06-16 10:26:43,,,
SPY250613P00601000,2025-06-16 10:26:43,,,
SPY250613P00599000,2025-06-16 10:26:47,,,
SPY250613P00600000,2025-06-16 10:26:47,,,
SPY250613P00601000,2025-06-16 10:26:47,,,
SPY250613P00599000,2025-06-16 10:26:51,,,
SPY250613P00600000,2025-06-16 10:26:51,,,
SPY250613P00601000,2025-06-16 10:26:51,,,
SPY250613P00599000,2025-06-16 10:26:56,,,
SPY250613P00600000,2025-06-16 10:26:56,,,
SPY250613P00601000,2025-06-16 10:26:56,,,
SPY250613P00599000,2025-06-16 10:27:00,,,
SPY250613P00600000,2025-06-16 10:27:00,,,
SPY250613P00601000,2025-06-16 10:27:00,,,
SPY250613P00599000,2025-06-16 10:27:04,,,
SPY250613P00600000,2025-06-16 10:27:04,,,
SPY250613P00601000,2025-06-16 10:27:04,,,
SPY250613P00599000,2025-06-16 10:27:08,,,
SPY250613P00600000,2025-06-16 10:27:08,,,
SPY250613P00601000,2025-06-16 10:27:08,,,
SPY250613P00599000,2025-06-16 10:27:13,,,
SPY250613P00600000,2025-06-16 10:27:13,,,
SPY250613P00601000,2025-06-16 10:27:13,,,
SPY250613P00599000,2025-06-16 10:27:17,,,
SPY250613P00600000,2025-06-16 10:27:17,,,
SPY250613P00601000,2025-06-16 10:27:17,,,
SPY250613P00599000,2025-06-16 10:27:21,,,
SPY250613P00600000,2025-06-16 10:27:21,,,
SPY250613P00601000,2025-06-16 10:27:21,,,
SPY250613P00599000,2025-06-16 10:27:25,,,
SPY250613P00600000,2025-06-16 10:27:25,,,
SPY250613P00601000,2025-06-16 10:27:25,,,
SPY250613P00599000,2025-06-16 10:27:30,,,
SPY250613P00600000,2025-06-16 10:27:30,,,
SPY250613P00601000,2025-06-16 10:27:30,,,
SPY250613P00599000,2025-06-16 10:27:34,,,
SPY250613P00600000,2025-06-16 10:27:34,,,
SPY250613P00601000,2025-06-16 10:27:34,,,
SPY250613P00599000,2025-06-16 10:27:38,,,
SPY250613P00600000,2025-06-16 10:27:38,,,
SPY250613P00601000,2025-06-16 10:27:38,,,
SPY250613P00599000,2025-06-16 10:27:42,,,
SPY250613P00600000,2025-06-16 10:27:42,,,
SPY250613P00601000,2025-06-16 10:27:42,,,
SPY250613P00599000,2025-06-16 10:27:46,,,
SPY250613P00600000,2025-06-16 10:27:46,,,
SPY250613P00601000,2025-06-16 10:27:46,,,
SPY250613P00599000,2025-06-16 10:27:51,,,
SPY250613P00600000,2025-06-16 10:27:51,,,
SPY250613P00601000,2025-06-16 10:27:51,,,
SPY250613P00599000,2025-06-16 10:27:55,,,
SPY250613P00600000,2025-06-16 10:27:55,,,
SPY250613P00601000,2025-06-16 10:27:55,,,
SPY250613P00599000,2025-06-16 10:27:59,,,
SPY250613P00600000,2025-06-16 10:27:59,,,
SPY250613P00601000,2025-06-16 10:27:59,,,
SPY250613P00599000,2025-06-16 10:28:03,,,
SPY250613P00600000,2025-06-16 10:28:03,,,
SPY250613P00601000,2025-06-16 10:28:03,,,
SPY250613P00599000,2025-06-16 10:28:08,,,
SPY250613P00600000,2025-06-16 10:28:08,,,
SPY250613P00601000,2025-06-16 10:28:08,,,
SPY250613P00599000,2025-06-16 10:28:12,,,
SPY250613P00600000,2025-06-16 10:28:12,,,
SPY250613P00601000,2025-06-16 10:28:12,,,
SPY250613P00599000,2025-06-16 10:28:16,,,
SPY250613P00600000,2025-06-16 10:28:16,,,
SPY250613P00601000,2025-06-16 10:28:16,,,
SPY250613P00599000,2025-06-16 10:28:20,,,
SPY250613P00600000,2025-06-16 10:28:20,,,
SPY250613P00601000,2025-06-16 10:28:20,,,
SPY250613P00599000,2025-06-16 10:28:24,,,
SPY250613P00600000,2025-06-16 10:28:24,,,
SPY250613P00601000,2025-06-16 10:28:24,,,
SPY250613P00599000,2025-06-16 10:28:29,,,
SPY250613P00600000,2025-06-16 10:28:29,,,
SPY250613P00601000,2025-06-16 10:28:29,,,
SPY250613P00599000,2025-06-16 10:28:33,,,
SPY250613P00600000,2025-06-16 10:28:33,,,
SPY250613P00601000,2025-06-16 10:28:33,,,
SPY250613P00599000,2025-06-16 10:28:37,,,
SPY250613P00600000,2025-06-16 10:28:37,,,
SPY250613P00601000,2025-06-16 10:28:37,,,
SPY250613P00599000,2025-06-16 10:28:41,,,
SPY250613P00600000,2025-06-16 10:28:41,,,
SPY250613P00601000,2025-06-16 10:28:41,,,
SPY250613P00599000,2025-06-16 10:28:46,,,
SPY250613P00600000,2025-06-16 10:28:46,,,
SPY250613P00601000,2025-06-16 10:28:46,,,
SPY250613P00599000,2025-06-16 10:28:50,,,
SPY250613P00600000,2025-06-16 10:28:50,,,
SPY250613P00601000,2025-06-16 10:28:50,,,
SPY250613P00599000,2025-06-16 10:28:54,,,
SPY250613P00600000,2025-06-16 10:28:54,,,
SPY250613P00601000,2025-06-16 10:28:54,,,
SPY250613P00599000,2025-06-16 10:28:58,,,
SPY250613P00600000,2025-06-16 10:28:58,,,
SPY250613P00601000,2025-06-16 10:28:58,,,
SPY250613P00599000,2025-06-16 10:29:03,,,
SPY250613P00600000,2025-06-16 10:29:03,,,
SPY250613P00601000,2025-06-16 10:29:03,,,
SPY250613P00599000,2025-06-16 10:29:07,,,
SPY250613P00600000,2025-06-16 10:29:07,,,
SPY250613P00601000,2025-06-16 10:29:07,,,
SPY250613P00599000,2025-06-16 10:29:11,,,
SPY250613P00600000,2025-06-16 10:29:11,,,
SPY250613P00601000,2025-06-16 10:29:11,,,
SPY250613P00599000,2025-06-16 10:29:16,,,
SPY250613P00600000,2025-06-16 10:29:16,,,
SPY250613P00601000,2025-06-16 10:29:16,,,
SPY250613P00599000,2025-06-16 10:29:20,,,
SPY250613P00600000,2025-06-16 10:29:20,,,
SPY250613P00601000,2025-06-16 10:29:20,,,
SPY250613P00599000,2025-06-16 10:29:24,,,
SPY250613P00600000,2025-06-16 10:29:24,,,
SPY250613P00601000,2025-06-16 10:29:24,,,
SPY250613P00599000,2025-06-16 10:29:28,,,
SPY250613P00600000,2025-06-16 10:29:28,,,
SPY250613P00601000,2025-06-16 10:29:28,,,
SPY250613P00599000,2025-06-16 10:29:32,,,
SPY250613P00600000,2025-06-16 10:29:32,,,
SPY250613P00601000,2025-06-16 10:29:32,,,
SPY250613P00599000,2025-06-16 10:29:37,,,
SPY250613P00600000,2025-06-16 10:29:37,,,
SPY250613P00601000,2025-06-16 10:29:37,,,
SPY250613P00599000,2025-06-16 10:29:41,,,
SPY250613P00600000,2025-06-16 10:29:41,,,
SPY250613P00601000,2025-06-16 10:29:41,,,
SPY250613P00599000,2025-06-16 10:29:45,,,
SPY250613P00600000,2025-06-16 10:29:45,,,
SPY250613P00601000,2025-06-16 10:29:45,,,
SPY250613P00599000,2025-06-16 10:29:50,,,
SPY250613P00600000,2025-06-16 10:29:50,,,
SPY250613P00601000,2025-06-16 10:29:50,,,
SPY250613P00599000,2025-06-16 10:29:54,,,
SPY250613P00600000,2025-06-16 10:29:54,,,
SPY250613P00601000,2025-06-16 10:29:54,,,
SPY250613P00599000,2025-06-16 10:29:59,,,
SPY250613P00600000,2025-06-16 10:29:59,,,
SPY250613P00601000,2025-06-16 10:29:59,,,
SPY250613P00599000,2025-06-16 10:30:03,,,
SPY250613P00600000,2025-06-16 10:30:03,,,
SPY250613P00601000,2025-06-16 10:30:03,,,
SPY250613P00599000,2025-06-16 10:30:07,,,
SPY250613P00600000,2025-06-16 10:30:07,,,
SPY250613P00601000,2025-06-16 10:30:07,,,
SPY250613P00599000,2025-06-16 10:30:12,,,
SPY250613P00600000,2025-06-16 10:30:12,,,
SPY250613P00601000,2025-06-16 10:30:12,,,
SPY250613P00599000,2025-06-16 10:30:16,,,
SPY250613P00600000,2025-06-16 10:30:16,,,
SPY250613P00601000,2025-06-16 10:30:16,,,
SPY250613P00599000,2025-06-16 10:30:21,,,
SPY250613P00600000,2025-06-16 10:30:21,,,
SPY250613P00601000,2025-06-16 10:30:21,,,
SPY250613P00599000,2025-06-16 10:30:25,,,
SPY250613P00600000,2025-06-16 10:30:25,,,
SPY250613P00601000,2025-06-16 10:30:25,,,
SPY250613P00599000,2025-06-16 10:30:29,,,
SPY250613P00600000,2025-06-16 10:30:29,,,
SPY250613P00601000,2025-06-16 10:30:29,,,
SPY250613P00599000,2025-06-16 10:30:33,,,
SPY250613P00600000,2025-06-16 10:30:33,,,
SPY250613P00601000,2025-06-16 10:30:33,,,
SPY250613P00599000,2025-06-16 10:30:38,,,
SPY250613P00600000,2025-06-16 10:30:38,,,
SPY250613P00601000,2025-06-16 10:30:38,,,
SPY250613P00599000,2025-06-16 10:30:42,,,
SPY250613P00600000,2025-06-16 10:30:42,,,
SPY250613P00601000,2025-06-16 10:30:42,,,
SPY250613P00599000,2025-06-16 10:30:46,,,
SPY250613P00600000,2025-06-16 10:30:46,,,
SPY250613P00601000,2025-06-16 10:30:46,,,
SPY250613P00599000,2025-06-16 10:30:50,,,
SPY250613P00600000,2025-06-16 10:30:50,,,
SPY250613P00601000,2025-06-16 10:30:50,,,
SPY250613P00599000,2025-06-16 10:30:54,,,
SPY250613P00600000,2025-06-16 10:30:54,,,
SPY250613P00601000,2025-06-16 10:30:54,,,
SPY250613P00599000,2025-06-16 10:30:59,,,
SPY250613P00600000,2025-06-16 10:30:59,,,
SPY250613P00601000,2025-06-16 10:30:59,,,
SPY250613P00599000,2025-06-16 10:31:03,,,
SPY250613P00600000,2025-06-16 10:31:03,,,
SPY250613P00601000,2025-06-16 10:31:03,,,
SPY250613P00599000,2025-06-16 10:31:07,,,
SPY250613P00600000,2025-06-16 10:31:07,,,
SPY250613P00601000,2025-06-16 10:31:07,,,
SPY250613P00599000,2025-06-16 10:31:11,,,
SPY250613P00600000,2025-06-16 10:31:11,,,
SPY250613P00601000,2025-06-16 10:31:11,,,
SPY250613P00599000,2025-06-16 10:31:16,,,
SPY250613P00600000,2025-06-16 10:31:16,,,
SPY250613P00601000,2025-06-16 10:31:16,,,
SPY250613P00599000,2025-06-16 10:31:20,,,
SPY250613P00600000,2025-06-16 10:31:20,,,
SPY250613P00601000,2025-06-16 10:31:20,,,
SPY250613P00599000,2025-06-16 10:31:24,,,
SPY250613P00600000,2025-06-16 10:31:24,,,
SPY250613P00601000,2025-06-16 10:31:24,,,
SPY250613P00599000,2025-06-16 10:31:29,,,
SPY250613P00600000,2025-06-16 10:31:29,,,
SPY250613P00601000,2025-06-16 10:31:29,,,
SPY250613P00599000,2025-06-16 10:31:33,,,
SPY250613P00600000,2025-06-16 10:31:33,,,
SPY250613P00601000,2025-06-16 10:31:33,,,
SPY250613P00599000,2025-06-16 10:31:37,,,
SPY250613P00600000,2025-06-16 10:31:37,,,
SPY250613P00601000,2025-06-16 10:31:37,,,
SPY250613P00599000,2025-06-16 10:31:41,,,
SPY250613P00600000,2025-06-16 10:31:41,,,
SPY250613P00601000,2025-06-16 10:31:41,,,
SPY250613P00599000,2025-06-16 10:31:46,,,
SPY250613P00600000,2025-06-16 10:31:46,,,
SPY250613P00601000,2025-06-16 10:31:46,,,
SPY250613P00599000,2025-06-16 10:31:50,,,
SPY250613P00600000,2025-06-16 10:31:50,,,
SPY250613P00601000,2025-06-16 10:31:50,,,
SPY250613P00599000,2025-06-16 10:31:54,,,
SPY250613P00600000,2025-06-16 10:31:54,,,
SPY250613P00601000,2025-06-16 10:31:54,,,
SPY250613P00599000,2025-06-16 10:31:58,,,
SPY250613P00600000,2025-06-16 10:31:58,,,
SPY250613P00601000,2025-06-16 10:31:58,,,
SPY250613P00599000,2025-06-16 10:32:03,,,
SPY250613P00600000,2025-06-16 10:32:03,,,
SPY250613P00601000,2025-06-16 10:32:03,,,
SPY250613P00599000,2025-06-16 10:32:07,,,
SPY250613P00600000,2025-06-16 10:32:07,,,
SPY250613P00601000,2025-06-16 10:32:07,,,
SPY250613P00599000,2025-06-16 10:32:11,,,
SPY250613P00600000,2025-06-16 10:32:11,,,
SPY250613P00601000,2025-06-16 10:32:11,,,
SPY250613P00599000,2025-06-16 10:32:15,,,
SPY250613P00600000,2025-06-16 10:32:15,,,
SPY250613P00601000,2025-06-16 10:32:15,,,
SPY250613P00599000,2025-06-16 10:32:19,,,
SPY250613P00600000,2025-06-16 10:32:19,,,
SPY250613P00601000,2025-06-16 10:32:19,,,
SPY250613P00599000,2025-06-16 10:32:24,,,
SPY250613P00600000,2025-06-16 10:32:24,,,
SPY250613P00601000,2025-06-16 10:32:24,,,
SPY250613P00599000,2025-06-16 10:32:28,,,
SPY250613P00600000,2025-06-16 10:32:28,,,
SPY250613P00601000,2025-06-16 10:32:28,,,
SPY250613P00599000,2025-06-16 10:32:32,,,
SPY250613P00600000,2025-06-16 10:32:32,,,
SPY250613P00601000,2025-06-16 10:32:32,,,
SPY250613P00599000,2025-06-16 10:32:36,,,
SPY250613P00600000,2025-06-16 10:32:36,,,
SPY250613P00601000,2025-06-16 10:32:36,,,
SPY250613P00599000,2025-06-16 10:32:41,,,
SPY250613P00600000,2025-06-16 10:32:41,,,
SPY250613P00601000,2025-06-16 10:32:41,,,
SPY250613P00599000,2025-06-16 10:32:45,,,
SPY250613P00600000,2025-06-16 10:32:45,,,
SPY250613P00601000,2025-06-16 10:32:45,,,
SPY250613P00599000,2025-06-16 10:32:49,,,
SPY250613P00600000,2025-06-16 10:32:49,,,
SPY250613P00601000,2025-06-16 10:32:49,,,
SPY250613P00599000,2025-06-16 10:32:53,,,
SPY250613P00600000,2025-06-16 10:32:53,,,
SPY250613P00601000,2025-06-16 10:32:53,,,
SPY250613P00599000,2025-06-16 10:32:58,,,
SPY250613P00600000,2025-06-16 10:32:58,,,
SPY250613P00601000,2025-06-16 10:32:58,,,
SPY250613P00599000,2025-06-16 10:33:02,,,
SPY250613P00600000,2025-06-16 10:33:02,,,
SPY250613P00601000,2025-06-16 10:33:02,,,
SPY250613P00599000,2025-06-16 10:33:06,,,
SPY250613P00600000,2025-06-16 10:33:06,,,
SPY250613P00601000,2025-06-16 10:33:06,,,
SPY250613P00599000,2025-06-16 10:33:10,,,
SPY250613P00600000,2025-06-16 10:33:10,,,
SPY250613P00601000,2025-06-16 10:33:10,,,
SPY250613P00599000,2025-06-16 10:33:15,,,
SPY250613P00600000,2025-06-16 10:33:15,,,
SPY250613P00601000,2025-06-16 10:33:15,,,
SPY250613P00599000,2025-06-16 10:33:19,,,
SPY250613P00600000,2025-06-16 10:33:19,,,
SPY250613P00601000,2025-06-16 10:33:19,,,
SPY250613P00599000,2025-06-16 10:33:23,,,
SPY250613P00600000,2025-06-16 10:33:23,,,
SPY250613P00601000,2025-06-16 10:33:23,,,
SPY250613P00599000,2025-06-16 10:33:27,,,
SPY250613P00600000,2025-06-16 10:33:27,,,
SPY250613P00601000,2025-06-16 10:33:27,,,
SPY250613P00599000,2025-06-16 10:33:31,,,
SPY250613P00600000,2025-06-16 10:33:31,,,
SPY250613P00601000,2025-06-16 10:33:31,,,
SPY250613P00599000,2025-06-16 10:33:36,,,
SPY250613P00600000,2025-06-16 10:33:36,,,
SPY250613P00601000,2025-06-16 10:33:36,,,
SPY250613P00599000,2025-06-16 10:33:40,,,
SPY250613P00600000,2025-06-16 10:33:40,,,
SPY250613P00601000,2025-06-16 10:33:40,,,
SPY250613P00599000,2025-06-16 10:33:44,,,
SPY250613P00600000,2025-06-16 10:33:44,,,
SPY250613P00601000,2025-06-16 10:33:44,,,
SPY250613P00599000,2025-06-16 10:33:48,,,
SPY250613P00600000,2025-06-16 10:33:48,,,
SPY250613P00601000,2025-06-16 10:33:48,,,
SPY250613P00599000,2025-06-16 10:33:53,,,
SPY250613P00600000,2025-06-16 10:33:53,,,
SPY250613P00601000,2025-06-16 10:33:53,,,
SPY250613P00599000,2025-06-16 10:33:57,,,
SPY250613P00600000,2025-06-16 10:33:57,,,
SPY250613P00601000,2025-06-16 10:33:57,,,
SPY250613P00599000,2025-06-16 10:34:01,,,
SPY250613P00600000,2025-06-16 10:34:01,,,
SPY250613P00601000,2025-06-16 10:34:01,,,
SPY250613P00599000,2025-06-16 10:34:05,,,
SPY250613P00600000,2025-06-16 10:34:05,,,
SPY250613P00601000,2025-06-16 10:34:05,,,
SPY250613P00599000,2025-06-16 10:34:10,,,
SPY250613P00600000,2025-06-16 10:34:10,,,
SPY250613P00601000,2025-06-16 10:34:10,,,
SPY250613P00599000,2025-06-16 10:34:14,,,
SPY250613P00600000,2025-06-16 10:34:14,,,
SPY250613P00601000,2025-06-16 10:34:14,,,
SPY250613P00599000,2025-06-16 10:34:18,,,
SPY250613P00600000,2025-06-16 10:34:18,,,
SPY250613P00601000,2025-06-16 10:34:18,,,
SPY250613P00599000,2025-06-16 10:34:22,,,
SPY250613P00600000,2025-06-16 10:34:22,,,
SPY250613P00601000,2025-06-16 10:34:22,,,
SPY250613P00599000,2025-06-16 10:34:27,,,
SPY250613P00600000,2025-06-16 10:34:27,,,
SPY250613P00601000,2025-06-16 10:34:27,,,
SPY250613P00599000,2025-06-16 10:34:31,,,
SPY250613P00600000,2025-06-16 10:34:31,,,
SPY250613P00601000,2025-06-16 10:34:31,,,
SPY250613P00599000,2025-06-16 10:34:35,,,
SPY250613P00600000,2025-06-16 10:34:35,,,
SPY250613P00601000,2025-06-16 10:34:35,,,
SPY250613P00599000,2025-06-16 10:34:39,,,
SPY250613P00600000,2025-06-16 10:34:39,,,
SPY250613P00601000,2025-06-16 10:34:39,,,
SPY250613P00599000,2025-06-16 10:34:44,,,
SPY250613P00600000,2025-06-16 10:34:44,,,
SPY250613P00601000,2025-06-16 10:34:44,,,
SPY250613P00599000,2025-06-16 10:34:48,,,
SPY250613P00600000,2025-06-16 10:34:48,,,
SPY250613P00601000,2025-06-16 10:34:48,,,
SPY250613P00599000,2025-06-16 10:34:52,,,
SPY250613P00600000,2025-06-16 10:34:52,,,
SPY250613P00601000,2025-06-16 10:34:52,,,
SPY250613P00599000,2025-06-16 10:34:56,,,
SPY250613P00600000,2025-06-16 10:34:56,,,
SPY250613P00601000,2025-06-16 10:34:56,,,
SPY250613P00599000,2025-06-16 10:35:01,,,
SPY250613P00600000,2025-06-16 10:35:01,,,
SPY250613P00601000,2025-06-16 10:35:01,,,
SPY250613P00599000,2025-06-16 10:35:05,,,
SPY250613P00600000,2025-06-16 10:35:05,,,
SPY250613P00601000,2025-06-16 10:35:05,,,
SPY250613P00599000,2025-06-16 10:35:09,,,
SPY250613P00600000,2025-06-16 10:35:09,,,
SPY250613P00601000,2025-06-16 10:35:09,,,
SPY250613P00599000,2025-06-16 10:35:13,,,
SPY250613P00600000,2025-06-16 10:35:13,,,
SPY250613P00601000,2025-06-16 10:35:13,,,
SPY250613P00599000,2025-06-16 10:35:18,,,
SPY250613P00600000,2025-06-16 10:35:18,,,
SPY250613P00601000,2025-06-16 10:35:18,,,
SPY250613P00599000,2025-06-16 10:35:22,,,
SPY250613P00600000,2025-06-16 10:35:22,,,
SPY250613P00601000,2025-06-16 10:35:22,,,
SPY250613P00599000,2025-06-16 10:35:26,,,
SPY250613P00600000,2025-06-16 10:35:26,,,
SPY250613P00601000,2025-06-16 10:35:26,,,
SPY250613P00599000,2025-06-16 10:35:30,,,
SPY250613P00600000,2025-06-16 10:35:30,,,
SPY250613P00601000,2025-06-16 10:35:30,,,
SPY250613P00599000,2025-06-16 10:35:34,,,
SPY250613P00600000,2025-06-16 10:35:34,,,
SPY250613P00601000,2025-06-16 10:35:34,,,
SPY250613P00599000,2025-06-16 10:35:39,,,
SPY250613P00600000,2025-06-16 10:35:39,,,
SPY250613P00601000,2025-06-16 10:35:39,,,
SPY250613P00599000,2025-06-16 10:35:43,,,
SPY250613P00600000,2025-06-16 10:35:43,,,
SPY250613P00601000,2025-06-16 10:35:43,,,
SPY250613P00599000,2025-06-16 10:35:47,,,
SPY250613P00600000,2025-06-16 10:35:47,,,
SPY250613P00601000,2025-06-16 10:35:47,,,
SPY250613P00599000,2025-06-16 10:35:52,,,
SPY250613P00600000,2025-06-16 10:35:52,,,
SPY250613P00601000,2025-06-16 10:35:52,,,
SPY250613P00599000,2025-06-16 10:35:56,,,
SPY250613P00600000,2025-06-16 10:35:56,,,
SPY250613P00601000,2025-06-16 10:35:56,,,
SPY250613P00599000,2025-06-16 10:36:00,,,
SPY250613P00600000,2025-06-16 10:36:00,,,
SPY250613P00601000,2025-06-16 10:36:00,,,
SPY250613P00599000,2025-06-16 10:36:05,,,
SPY250613P00600000,2025-06-16 10:36:05,,,
SPY250613P00601000,2025-06-16 10:36:05,,,
SPY250613P00599000,2025-06-16 10:36:09,,,
SPY250613P00600000,2025-06-16 10:36:09,,,
SPY250613P00601000,2025-06-16 10:36:09,,,
SPY250613P00599000,2025-06-16 10:36:13,,,
SPY250613P00600000,2025-06-16 10:36:13,,,
SPY250613P00601000,2025-06-16 10:36:13,,,
SPY250613P00599000,2025-06-16 10:36:17,,,
SPY250613P00600000,2025-06-16 10:36:17,,,
SPY250613P00601000,2025-06-16 10:36:17,,,
SPY250613P00599000,2025-06-16 10:36:22,,,
SPY250613P00600000,2025-06-16 10:36:22,,,
SPY250613P00601000,2025-06-16 10:36:22,,,
SPY250613P00599000,2025-06-16 10:36:26,,,
SPY250613P00600000,2025-06-16 10:36:26,,,
SPY250613P00601000,2025-06-16 10:36:26,,,
SPY250613P00599000,2025-06-16 10:36:30,,,
SPY250613P00600000,2025-06-16 10:36:30,,,
SPY250613P00601000,2025-06-16 10:36:30,,,
SPY250613P00599000,2025-06-16 10:36:34,,,
SPY250613P00600000,2025-06-16 10:36:34,,,
SPY250613P00601000,2025-06-16 10:36:34,,,
SPY250613P00599000,2025-06-16 10:36:39,,,
SPY250613P00600000,2025-06-16 10:36:39,,,
SPY250613P00601000,2025-06-16 10:36:39,,,
SPY250613P00599000,2025-06-16 10:36:43,,,
SPY250613P00600000,2025-06-16 10:36:43,,,
SPY250613P00601000,2025-06-16 10:36:43,,,
SPY250613P00599000,2025-06-16 10:36:47,,,
SPY250613P00600000,2025-06-16 10:36:47,,,
SPY250613P00601000,2025-06-16 10:36:47,,,
SPY250613P00599000,2025-06-16 10:36:52,,,
SPY250613P00600000,2025-06-16 10:36:52,,,
SPY250613P00601000,2025-06-16 10:36:52,,,
SPY250613P00599000,2025-06-16 10:36:56,,,
SPY250613P00600000,2025-06-16 10:36:56,,,
SPY250613P00601000,2025-06-16 10:36:56,,,
SPY250613P00599000,2025-06-16 10:37:00,,,
SPY250613P00600000,2025-06-16 10:37:00,,,
SPY250613P00601000,2025-06-16 10:37:00,,,
SPY250613P00599000,2025-06-16 10:37:04,,,
SPY250613P00600000,2025-06-16 10:37:04,,,
SPY250613P00601000,2025-06-16 10:37:04,,,
SPY250613P00599000,2025-06-16 10:37:09,,,
SPY250613P00600000,2025-06-16 10:37:09,,,
SPY250613P00601000,2025-06-16 10:37:09,,,
SPY250613P00599000,2025-06-16 10:37:13,,,
SPY250613P00600000,2025-06-16 10:37:13,,,
SPY250613P00601000,2025-06-16 10:37:13,,,
SPY250613P00599000,2025-06-16 10:37:17,,,
SPY250613P00600000,2025-06-16 10:37:17,,,
SPY250613P00601000,2025-06-16 10:37:17,,,
SPY250613P00599000,2025-06-16 10:37:21,,,
SPY250613P00600000,2025-06-16 10:37:21,,,
SPY250613P00601000,2025-06-16 10:37:21,,,
SPY250613P00599000,2025-06-16 10:37:26,,,
SPY250613P00600000,2025-06-16 10:37:26,,,
SPY250613P00601000,2025-06-16 10:37:26,,,
SPY250613P00599000,2025-06-16 10:37:30,,,
SPY250613P00600000,2025-06-16 10:37:30,,,
SPY250613P00601000,2025-06-16 10:37:30,,,
SPY250613P00599000,2025-06-16 10:37:34,,,
SPY250613P00600000,2025-06-16 10:37:34,,,
SPY250613P00601000,2025-06-16 10:37:34,,,
SPY250613P00599000,2025-06-16 10:37:38,,,
SPY250613P00600000,2025-06-16 10:37:38,,,
SPY250613P00601000,2025-06-16 10:37:38,,,
SPY250613P00599000,2025-06-16 10:37:43,,,
SPY250613P00600000,2025-06-16 10:37:43,,,
SPY250613P00601000,2025-06-16 10:37:43,,,
SPY250613P00599000,2025-06-16 10:37:47,,,
SPY250613P00600000,2025-06-16 10:37:47,,,
SPY250613P00601000,2025-06-16 10:37:47,,,
SPY250613P00599000,2025-06-16 10:37:51,,,
SPY250613P00600000,2025-06-16 10:37:51,,,
SPY250613P00601000,2025-06-16 10:37:51,,,
SPY250613P00599000,2025-06-16 10:37:55,,,
SPY250613P00600000,2025-06-16 10:37:55,,,
SPY250613P00601000,2025-06-16 10:37:55,,,
SPY250613P00599000,2025-06-16 10:38:00,,,
SPY250613P00600000,2025-06-16 10:38:00,,,
SPY250613P00601000,2025-06-16 10:38:00,,,
SPY250613P00599000,2025-06-16 10:38:04,,,
SPY250613P00600000,2025-06-16 10:38:04,,,
SPY250613P00601000,2025-06-16 10:38:04,,,
SPY250613P00599000,2025-06-16 10:38:08,,,
SPY250613P00600000,2025-06-16 10:38:08,,,
SPY250613P00601000,2025-06-16 10:38:08,,,
SPY250613P00599000,2025-06-16 10:38:12,,,
SPY250613P00600000,2025-06-16 10:38:12,,,
SPY250613P00601000,2025-06-16 10:38:12,,,
SPY250613P00599000,2025-06-16 10:38:17,,,
SPY250613P00600000,2025-06-16 10:38:17,,,
SPY250613P00601000,2025-06-16 10:38:17,,,
SPY250613P00599000,2025-06-16 10:38:21,,,
SPY250613P00600000,2025-06-16 10:38:21,,,
SPY250613P00601000,2025-06-16 10:38:21,,,
SPY250613P00599000,2025-06-16 10:38:25,,,
SPY250613P00600000,2025-06-16 10:38:25,,,
SPY250613P00601000,2025-06-16 10:38:25,,,
SPY250613P00599000,2025-06-16 10:38:29,,,
SPY250613P00600000,2025-06-16 10:38:29,,,
SPY250613P00601000,2025-06-16 10:38:29,,,
SPY250613P00599000,2025-06-16 10:38:34,,,
SPY250613P00600000,2025-06-16 10:38:34,,,
SPY250613P00601000,2025-06-16 10:38:34,,,
SPY250613P00599000,2025-06-16 10:38:38,,,
SPY250613P00600000,2025-06-16 10:38:38,,,
SPY250613P00601000,2025-06-16 10:38:38,,,
SPY250613P00599000,2025-06-16 10:38:42,,,
SPY250613P00600000,2025-06-16 10:38:42,,,
SPY250613P00601000,2025-06-16 10:38:42,,,
SPY250613P00599000,2025-06-16 10:38:46,,,
SPY250613P00600000,2025-06-16 10:38:46,,,
SPY250613P00601000,2025-06-16 10:38:46,,,
SPY250613P00599000,2025-06-16 10:38:51,,,
SPY250613P00600000,2025-06-16 10:38:51,,,
SPY250613P00601000,2025-06-16 10:38:51,,,
SPY250613P00599000,2025-06-16 10:38:55,,,
SPY250613P00600000,2025-06-16 10:38:55,,,
SPY250613P00601000,2025-06-16 10:38:55,,,
SPY250613P00599000,2025-06-16 10:38:59,,,
SPY250613P00600000,2025-06-16 10:38:59,,,
SPY250613P00601000,2025-06-16 10:38:59,,,
SPY250613P00599000,2025-06-16 10:39:04,,,
SPY250613P00600000,2025-06-16 10:39:04,,,
SPY250613P00601000,2025-06-16 10:39:04,,,
SPY250613P00599000,2025-06-16 10:39:08,,,
SPY250613P00600000,2025-06-16 10:39:08,,,
SPY250613P00601000,2025-06-16 10:39:08,,,
SPY250613P00599000,2025-06-16 10:39:12,,,
SPY250613P00600000,2025-06-16 10:39:12,,,
SPY250613P00601000,2025-06-16 10:39:12,,,
SPY250613P00599000,2025-06-16 10:39:16,,,
SPY250613P00600000,2025-06-16 10:39:16,,,
SPY250613P00601000,2025-06-16 10:39:16,,,
SPY250613P00599000,2025-06-16 10:39:20,,,
SPY250613P00600000,2025-06-16 10:39:20,,,
SPY250613P00601000,2025-06-16 10:39:20,,,
SPY250613P00599000,2025-06-16 10:39:25,,,
SPY250613P00600000,2025-06-16 10:39:25,,,
SPY250613P00601000,2025-06-16 10:39:25,,,
SPY250613P00599000,2025-06-16 10:39:29,,,
SPY250613P00600000,2025-06-16 10:39:29,,,
SPY250613P00601000,2025-06-16 10:39:29,,,
SPY250613P00599000,2025-06-16 10:39:34,,,
SPY250613P00600000,2025-06-16 10:39:34,,,
SPY250613P00601000,2025-06-16 10:39:34,,,
SPY250613P00599000,2025-06-16 10:39:38,,,
SPY250613P00600000,2025-06-16 10:39:38,,,
SPY250613P00601000,2025-06-16 10:39:38,,,
SPY250613P00599000,2025-06-16 10:39:42,,,
SPY250613P00600000,2025-06-16 10:39:42,,,
SPY250613P00601000,2025-06-16 10:39:42,,,
SPY250613P00599000,2025-06-16 10:39:46,,,
SPY250613P00600000,2025-06-16 10:39:46,,,
SPY250613P00601000,2025-06-16 10:39:46,,,
SPY250613P00599000,2025-06-16 10:39:50,,,
SPY250613P00600000,2025-06-16 10:39:50,,,
SPY250613P00601000,2025-06-16 10:39:50,,,
SPY250613P00599000,2025-06-16 10:39:55,,,
SPY250613P00600000,2025-06-16 10:39:55,,,
SPY250613P00601000,2025-06-16 10:39:55,,,
SPY250613P00599000,2025-06-16 10:39:59,,,
SPY250613P00600000,2025-06-16 10:39:59,,,
SPY250613P00601000,2025-06-16 10:39:59,,,
SPY250613P00599000,2025-06-16 10:40:03,,,
SPY250613P00600000,2025-06-16 10:40:03,,,
SPY250613P00601000,2025-06-16 10:40:03,,,
SPY250613P00599000,2025-06-16 10:40:07,,,
SPY250613P00600000,2025-06-16 10:40:07,,,
SPY250613P00601000,2025-06-16 10:40:07,,,
SPY250613P00599000,2025-06-16 10:40:12,,,
SPY250613P00600000,2025-06-16 10:40:12,,,
SPY250613P00601000,2025-06-16 10:40:12,,,
SPY250613P00599000,2025-06-16 10:40:16,,,
SPY250613P00600000,2025-06-16 10:40:16,,,
SPY250613P00601000,2025-06-16 10:40:16,,,
SPY250613P00599000,2025-06-16 10:40:20,,,
SPY250613P00600000,2025-06-16 10:40:20,,,
SPY250613P00601000,2025-06-16 10:40:20,,,
SPY250613P00599000,2025-06-16 10:40:25,,,
SPY250613P00600000,2025-06-16 10:40:25,,,
SPY250613P00601000,2025-06-16 10:40:25,,,
SPY250613P00599000,2025-06-16 10:40:29,,,
SPY250613P00600000,2025-06-16 10:40:29,,,
SPY250613P00601000,2025-06-16 10:40:29,,,
SPY250613P00599000,2025-06-16 10:40:33,,,
SPY250613P00600000,2025-06-16 10:40:33,,,
SPY250613P00601000,2025-06-16 10:40:33,,,
SPY250613P00599000,2025-06-16 10:40:38,,,
SPY250613P00600000,2025-06-16 10:40:38,,,
SPY250613P00601000,2025-06-16 10:40:38,,,
SPY250613P00599000,2025-06-16 10:40:42,,,
SPY250613P00600000,2025-06-16 10:40:42,,,
SPY250613P00601000,2025-06-16 10:40:42,,,
SPY250613P00599000,2025-06-16 10:40:46,,,
SPY250613P00600000,2025-06-16 10:40:46,,,
SPY250613P00601000,2025-06-16 10:40:46,,,
SPY250613P00599000,2025-06-16 10:40:50,,,
SPY250613P00600000,2025-06-16 10:40:50,,,
SPY250613P00601000,2025-06-16 10:40:50,,,
SPY250613P00599000,2025-06-16 10:40:55,,,
SPY250613P00600000,2025-06-16 10:40:55,,,
SPY250613P00601000,2025-06-16 10:40:55,,,
SPY250613P00599000,2025-06-16 10:40:59,,,
SPY250613P00600000,2025-06-16 10:40:59,,,
SPY250613P00601000,2025-06-16 10:40:59,,,
SPY250613P00599000,2025-06-16 10:41:04,,,
SPY250613P00600000,2025-06-16 10:41:04,,,
SPY250613P00601000,2025-06-16 10:41:04,,,
SPY250613P00599000,2025-06-16 10:41:08,,,
SPY250613P00600000,2025-06-16 10:41:08,,,
SPY250613P00601000,2025-06-16 10:41:08,,,
SPY250613P00599000,2025-06-16 10:41:12,,,
SPY250613P00600000,2025-06-16 10:41:12,,,
SPY250613P00601000,2025-06-16 10:41:12,,,
SPY250613P00599000,2025-06-16 10:41:16,,,
SPY250613P00600000,2025-06-16 10:41:16,,,
SPY250613P00601000,2025-06-16 10:41:16,,,
SPY250613P00599000,2025-06-16 10:41:21,,,
SPY250613P00600000,2025-06-16 10:41:21,,,
SPY250613P00601000,2025-06-16 10:41:21,,,
SPY250613P00599000,2025-06-16 10:41:25,,,
SPY250613P00600000,2025-06-16 10:41:25,,,
SPY250613P00601000,2025-06-16 10:41:25,,,
SPY250613P00599000,2025-06-16 10:41:29,,,
SPY250613P00600000,2025-06-16 10:41:29,,,
SPY250613P00601000,2025-06-16 10:41:29,,,
SPY250613P00599000,2025-06-16 10:41:33,,,
SPY250613P00600000,2025-06-16 10:41:33,,,
SPY250613P00601000,2025-06-16 10:41:33,,,
SPY250613P00599000,2025-06-16 10:41:38,,,
SPY250613P00600000,2025-06-16 10:41:38,,,
SPY250613P00601000,2025-06-16 10:41:38,,,
SPY250613P00599000,2025-06-16 10:41:42,,,
SPY250613P00600000,2025-06-16 10:41:42,,,
SPY250613P00601000,2025-06-16 10:41:42,,,
SPY250613P00599000,2025-06-16 10:41:46,,,
SPY250613P00600000,2025-06-16 10:41:46,,,
SPY250613P00601000,2025-06-16 10:41:46,,,
SPY250613P00599000,2025-06-16 10:41:50,,,
SPY250613P00600000,2025-06-16 10:41:50,,,
SPY250613P00601000,2025-06-16 10:41:50,,,
SPY250613P00599000,2025-06-16 10:41:55,,,
SPY250613P00600000,2025-06-16 10:41:55,,,
SPY250613P00601000,2025-06-16 10:41:55,,,
SPY250613P00599000,2025-06-16 10:41:59,,,
SPY250613P00600000,2025-06-16 10:41:59,,,
SPY250613P00601000,2025-06-16 10:41:59,,,
SPY250613P00599000,2025-06-16 10:42:03,,,
SPY250613P00600000,2025-06-16 10:42:03,,,
SPY250613P00601000,2025-06-16 10:42:03,,,
SPY250613P00599000,2025-06-16 10:42:07,,,
SPY250613P00600000,2025-06-16 10:42:07,,,
SPY250613P00601000,2025-06-16 10:42:07,,,
SPY250613P00599000,2025-06-16 10:42:12,,,
SPY250613P00600000,2025-06-16 10:42:12,,,
SPY250613P00601000,2025-06-16 10:42:12,,,
SPY250613P00599000,2025-06-16 10:42:16,,,
SPY250613P00600000,2025-06-16 10:42:16,,,
SPY250613P00601000,2025-06-16 10:42:16,,,
SPY250613P00599000,2025-06-16 10:42:20,,,
SPY250613P00600000,2025-06-16 10:42:20,,,
SPY250613P00601000,2025-06-16 10:42:20,,,
SPY250613P00599000,2025-06-16 10:42:24,,,
SPY250613P00600000,2025-06-16 10:42:24,,,
SPY250613P00601000,2025-06-16 10:42:24,,,
SPY250613P00599000,2025-06-16 10:42:29,,,
SPY250613P00600000,2025-06-16 10:42:29,,,
SPY250613P00601000,2025-06-16 10:42:29,,,
SPY250613P00599000,2025-06-16 10:42:33,,,
SPY250613P00600000,2025-06-16 10:42:33,,,
SPY250613P00601000,2025-06-16 10:42:33,,,
SPY250613P00599000,2025-06-16 10:42:37,,,
SPY250613P00600000,2025-06-16 10:42:37,,,
SPY250613P00601000,2025-06-16 10:42:37,,,
SPY250613P00599000,2025-06-16 10:42:42,,,
SPY250613P00600000,2025-06-16 10:42:42,,,
SPY250613P00601000,2025-06-16 10:42:42,,,
SPY250613P00599000,2025-06-16 10:42:46,,,
SPY250613P00600000,2025-06-16 10:42:46,,,
SPY250613P00601000,2025-06-16 10:42:46,,,
SPY250613P00599000,2025-06-16 10:42:50,,,
SPY250613P00600000,2025-06-16 10:42:50,,,
SPY250613P00601000,2025-06-16 10:42:50,,,
SPY250613P00599000,2025-06-16 10:42:55,,,
SPY250613P00600000,2025-06-16 10:42:55,,,
SPY250613P00601000,2025-06-16 10:42:55,,,
SPY250613P00599000,2025-06-16 10:42:59,,,
SPY250613P00600000,2025-06-16 10:42:59,,,
SPY250613P00601000,2025-06-16 10:42:59,,,
SPY250613P00599000,2025-06-16 10:43:03,,,
SPY250613P00600000,2025-06-16 10:43:03,,,
SPY250613P00601000,2025-06-16 10:43:03,,,
SPY250613P00599000,2025-06-16 10:43:07,,,
SPY250613P00600000,2025-06-16 10:43:07,,,
SPY250613P00601000,2025-06-16 10:43:07,,,
SPY250613P00599000,2025-06-16 10:43:12,,,
SPY250613P00600000,2025-06-16 10:43:12,,,
SPY250613P00601000,2025-06-16 10:43:12,,,
SPY250613P00599000,2025-06-16 10:43:16,,,
SPY250613P00600000,2025-06-16 10:43:16,,,
SPY250613P00601000,2025-06-16 10:43:16,,,
SPY250613P00599000,2025-06-16 10:43:20,,,
SPY250613P00600000,2025-06-16 10:43:20,,,
SPY250613P00601000,2025-06-16 10:43:20,,,
SPY250613P00599000,2025-06-16 10:43:24,,,
SPY250613P00600000,2025-06-16 10:43:24,,,
SPY250613P00601000,2025-06-16 10:43:24,,,
SPY250613P00599000,2025-06-16 10:43:29,,,
SPY250613P00600000,2025-06-16 10:43:29,,,
SPY250613P00601000,2025-06-16 10:43:29,,,
SPY250613P00599000,2025-06-16 10:43:33,,,
SPY250613P00600000,2025-06-16 10:43:33,,,
SPY250613P00601000,2025-06-16 10:43:33,,,
SPY250613P00599000,2025-06-16 10:43:37,,,
SPY250613P00600000,2025-06-16 10:43:37,,,
SPY250613P00601000,2025-06-16 10:43:37,,,
SPY250613P00599000,2025-06-16 10:43:41,,,
SPY250613P00600000,2025-06-16 10:43:41,,,
SPY250613P00601000,2025-06-16 10:43:41,,,
SPY250613P00599000,2025-06-16 10:43:46,,,
SPY250613P00600000,2025-06-16 10:43:46,,,
SPY250613P00601000,2025-06-16 10:43:46,,,
SPY250613P00599000,2025-06-16 10:43:50,,,
SPY250613P00600000,2025-06-16 10:43:50,,,
SPY250613P00601000,2025-06-16 10:43:50,,,
SPY250613P00599000,2025-06-16 10:43:54,,,
SPY250613P00600000,2025-06-16 10:43:54,,,
SPY250613P00601000,2025-06-16 10:43:54,,,
SPY250613P00599000,2025-06-16 10:43:59,,,
SPY250613P00600000,2025-06-16 10:43:59,,,
SPY250613P00601000,2025-06-16 10:43:59,,,
SPY250613P00599000,2025-06-16 10:44:03,,,
SPY250613P00600000,2025-06-16 10:44:03,,,
SPY250613P00601000,2025-06-16 10:44:03,,,
SPY250613P00599000,2025-06-16 10:44:07,,,
SPY250613P00600000,2025-06-16 10:44:07,,,
SPY250613P00601000,2025-06-16 10:44:07,,,
SPY250613P00599000,2025-06-16 10:44:11,,,
SPY250613P00600000,2025-06-16 10:44:11,,,
SPY250613P00601000,2025-06-16 10:44:11,,,
SPY250613P00599000,2025-06-16 10:44:16,,,
SPY250613P00600000,2025-06-16 10:44:16,,,
SPY250613P00601000,2025-06-16 10:44:16,,,
SPY250613P00599000,2025-06-16 10:44:20,,,
SPY250613P00600000,2025-06-16 10:44:20,,,
SPY250613P00601000,2025-06-16 10:44:20,,,
SPY250613P00599000,2025-06-16 10:44:24,,,
SPY250613P00600000,2025-06-16 10:44:24,,,
SPY250613P00601000,2025-06-16 10:44:24,,,
SPY250613P00599000,2025-06-16 10:44:28,,,
SPY250613P00600000,2025-06-16 10:44:28,,,
SPY250613P00601000,2025-06-16 10:44:28,,,
SPY250613P00599000,2025-06-16 10:44:33,,,
SPY250613P00600000,2025-06-16 10:44:33,,,
SPY250613P00601000,2025-06-16 10:44:33,,,
SPY250613P00599000,2025-06-16 10:44:37,,,
SPY250613P00600000,2025-06-16 10:44:37,,,
SPY250613P00601000,2025-06-16 10:44:37,,,
SPY250613P00599000,2025-06-16 10:44:41,,,
SPY250613P00600000,2025-06-16 10:44:41,,,
SPY250613P00601000,2025-06-16 10:44:41,,,
SPY250613P00599000,2025-06-16 10:44:45,,,
SPY250613P00600000,2025-06-16 10:44:45,,,
SPY250613P00601000,2025-06-16 10:44:45,,,
SPY250613P00599000,2025-06-16 10:44:50,,,
SPY250613P00600000,2025-06-16 10:44:50,,,
SPY250613P00601000,2025-06-16 10:44:50,,,
SPY250613P00599000,2025-06-16 10:44:54,,,
SPY250613P00600000,2025-06-16 10:44:54,,,
SPY250613P00601000,2025-06-16 10:44:54,,,
SPY250613P00599000,2025-06-16 10:44:58,,,
SPY250613P00600000,2025-06-16 10:44:58,,,
SPY250613P00601000,2025-06-16 10:44:58,,,
SPY250613P00599000,2025-06-16 10:45:03,,,
SPY250613P00600000,2025-06-16 10:45:03,,,
SPY250613P00601000,2025-06-16 10:45:03,,,
SPY250613P00599000,2025-06-16 10:45:07,,,
SPY250613P00600000,2025-06-16 10:45:07,,,
SPY250613P00601000,2025-06-16 10:45:07,,,
SPY250613P00599000,2025-06-16 10:45:12,,,
SPY250613P00600000,2025-06-16 10:45:12,,,
SPY250613P00601000,2025-06-16 10:45:12,,,
SPY250613P00599000,2025-06-16 10:45:16,,,
SPY250613P00600000,2025-06-16 10:45:16,,,
SPY250613P00601000,2025-06-16 10:45:16,,,
SPY250613P00599000,2025-06-16 10:45:20,,,
SPY250613P00600000,2025-06-16 10:45:20,,,
SPY250613P00601000,2025-06-16 10:45:20,,,
SPY250613P00599000,2025-06-16 10:45:24,,,
SPY250613P00600000,2025-06-16 10:45:24,,,
SPY250613P00601000,2025-06-16 10:45:24,,,
SPY250613P00599000,2025-06-16 10:45:29,,,
SPY250613P00600000,2025-06-16 10:45:29,,,
SPY250613P00601000,2025-06-16 10:45:29,,,
SPY250613P00599000,2025-06-16 10:45:33,,,
SPY250613P00600000,2025-06-16 10:45:33,,,
SPY250613P00601000,2025-06-16 10:45:33,,,
SPY250613P00599000,2025-06-16 10:45:37,,,
SPY250613P00600000,2025-06-16 10:45:37,,,
SPY250613P00601000,2025-06-16 10:45:37,,,
SPY250613P00599000,2025-06-16 10:45:42,,,
SPY250613P00600000,2025-06-16 10:45:42,,,
SPY250613P00601000,2025-06-16 10:45:42,,,
SPY250613P00599000,2025-06-16 10:45:46,,,
SPY250613P00600000,2025-06-16 10:45:46,,,
SPY250613P00601000,2025-06-16 10:45:46,,,
SPY250613P00599000,2025-06-16 10:45:50,,,
SPY250613P00600000,2025-06-16 10:45:50,,,
SPY250613P00601000,2025-06-16 10:45:50,,,
SPY250613P00599000,2025-06-16 10:45:54,,,
SPY250613P00600000,2025-06-16 10:45:54,,,
SPY250613P00601000,2025-06-16 10:45:54,,,
SPY250613P00599000,2025-06-16 10:45:59,,,
SPY250613P00600000,2025-06-16 10:45:59,,,
SPY250613P00601000,2025-06-16 10:45:59,,,
SPY250613P00599000,2025-06-16 10:46:03,,,
SPY250613P00600000,2025-06-16 10:46:03,,,
SPY250613P00601000,2025-06-16 10:46:03,,,
SPY250613P00599000,2025-06-16 10:46:07,,,
SPY250613P00600000,2025-06-16 10:46:07,,,
SPY250613P00601000,2025-06-16 10:46:07,,,
SPY250613P00599000,2025-06-16 10:46:11,,,
SPY250613P00600000,2025-06-16 10:46:11,,,
SPY250613P00601000,2025-06-16 10:46:11,,,
SPY250613P00599000,2025-06-16 10:46:15,,,
SPY250613P00600000,2025-06-16 10:46:15,,,
SPY250613P00601000,2025-06-16 10:46:15,,,
SPY250613P00599000,2025-06-16 10:46:20,,,
SPY250613P00600000,2025-06-16 10:46:20,,,
SPY250613P00601000,2025-06-16 10:46:20,,,
SPY250613P00599000,2025-06-16 10:46:24,,,
SPY250613P00600000,2025-06-16 10:46:24,,,
SPY250613P00601000,2025-06-16 10:46:24,,,
SPY250613P00599000,2025-06-16 10:46:28,,,
SPY250613P00600000,2025-06-16 10:46:28,,,
SPY250613P00601000,2025-06-16 10:46:28,,,
SPY250613P00599000,2025-06-16 10:46:33,,,
SPY250613P00600000,2025-06-16 10:46:33,,,
SPY250613P00601000,2025-06-16 10:46:33,,,
SPY250613P00599000,2025-06-16 10:46:37,,,
SPY250613P00600000,2025-06-16 10:46:37,,,
SPY250613P00601000,2025-06-16 10:46:37,,,
SPY250613P00599000,2025-06-16 10:46:41,,,
SPY250613P00600000,2025-06-16 10:46:41,,,
SPY250613P00601000,2025-06-16 10:46:41,,,
SPY250613P00599000,2025-06-16 10:46:45,,,
SPY250613P00600000,2025-06-16 10:46:45,,,
SPY250613P00601000,2025-06-16 10:46:45,,,
SPY250613P00599000,2025-06-16 10:46:50,,,
SPY250613P00600000,2025-06-16 10:46:50,,,
SPY250613P00601000,2025-06-16 10:46:50,,,
SPY250613P00599000,2025-06-16 10:46:54,,,
SPY250613P00600000,2025-06-16 10:46:54,,,
SPY250613P00601000,2025-06-16 10:46:54,,,
SPY250613P00599000,2025-06-16 10:46:58,,,
SPY250613P00600000,2025-06-16 10:46:58,,,
SPY250613P00601000,2025-06-16 10:46:58,,,
SPY250613P00599000,2025-06-16 10:47:02,,,
SPY250613P00600000,2025-06-16 10:47:02,,,
SPY250613P00601000,2025-06-16 10:47:02,,,
SPY250613P00599000,2025-06-16 10:47:07,,,
SPY250613P00600000,2025-06-16 10:47:07,,,
SPY250613P00601000,2025-06-16 10:47:07,,,
SPY250613P00599000,2025-06-16 10:47:11,,,
SPY250613P00600000,2025-06-16 10:47:11,,,
SPY250613P00601000,2025-06-16 10:47:11,,,
SPY250613P00599000,2025-06-16 10:47:16,,,
SPY250613P00600000,2025-06-16 10:47:16,,,
SPY250613P00601000,2025-06-16 10:47:16,,,
SPY250613P00599000,2025-06-16 10:47:20,,,
SPY250613P00600000,2025-06-16 10:47:20,,,
SPY250613P00601000,2025-06-16 10:47:20,,,
SPY250613P00599000,2025-06-16 10:47:24,,,
SPY250613P00600000,2025-06-16 10:47:24,,,
SPY250613P00601000,2025-06-16 10:47:24,,,
SPY250613P00599000,2025-06-16 10:47:28,,,
SPY250613P00600000,2025-06-16 10:47:28,,,
SPY250613P00601000,2025-06-16 10:47:28,,,
SPY250613P00599000,2025-06-16 10:47:33,,,
SPY250613P00600000,2025-06-16 10:47:33,,,
SPY250613P00601000,2025-06-16 10:47:33,,,
SPY250613P00599000,2025-06-16 10:47:37,,,
SPY250613P00600000,2025-06-16 10:47:37,,,
SPY250613P00601000,2025-06-16 10:47:37,,,
SPY250613P00599000,2025-06-16 10:47:41,,,
SPY250613P00600000,2025-06-16 10:47:41,,,
SPY250613P00601000,2025-06-16 10:47:41,,,
SPY250613P00599000,2025-06-16 10:47:45,,,
SPY250613P00600000,2025-06-16 10:47:45,,,
SPY250613P00601000,2025-06-16 10:47:45,,,
SPY250613P00599000,2025-06-16 10:47:50,,,
SPY250613P00600000,2025-06-16 10:47:50,,,
SPY250613P00601000,2025-06-16 10:47:50,,,
SPY250613P00599000,2025-06-16 10:47:54,,,
SPY250613P00600000,2025-06-16 10:47:54,,,
SPY250613P00601000,2025-06-16 10:47:54,,,
SPY250613P00599000,2025-06-16 10:47:58,,,
SPY250613P00600000,2025-06-16 10:47:58,,,
SPY250613P00601000,2025-06-16 10:47:58,,,
SPY250613P00599000,2025-06-16 10:48:02,,,
SPY250613P00600000,2025-06-16 10:48:02,,,
SPY250613P00601000,2025-06-16 10:48:02,,,
SPY250613P00599000,2025-06-16 10:48:07,,,
SPY250613P00600000,2025-06-16 10:48:07,,,
SPY250613P00601000,2025-06-16 10:48:07,,,
SPY250613P00599000,2025-06-16 10:48:11,,,
SPY250613P00600000,2025-06-16 10:48:11,,,
SPY250613P00601000,2025-06-16 10:48:11,,,
SPY250613P00599000,2025-06-16 10:48:15,,,
SPY250613P00600000,2025-06-16 10:48:15,,,
SPY250613P00601000,2025-06-16 10:48:15,,,
SPY250613P00599000,2025-06-16 10:48:19,,,
SPY250613P00600000,2025-06-16 10:48:19,,,
SPY250613P00601000,2025-06-16 10:48:19,,,
SPY250613P00599000,2025-06-16 10:48:23,,,
SPY250613P00600000,2025-06-16 10:48:23,,,
SPY250613P00601000,2025-06-16 10:48:23,,,
SPY250613P00599000,2025-06-16 10:48:28,,,
SPY250613P00600000,2025-06-16 10:48:28,,,
SPY250613P00601000,2025-06-16 10:48:28,,,
SPY250613P00599000,2025-06-16 10:48:32,,,
SPY250613P00600000,2025-06-16 10:48:32,,,
SPY250613P00601000,2025-06-16 10:48:32,,,
SPY250613P00599000,2025-06-16 10:48:37,,,
SPY250613P00600000,2025-06-16 10:48:37,,,
SPY250613P00601000,2025-06-16 10:48:37,,,
SPY250613P00599000,2025-06-16 10:48:41,,,
SPY250613P00600000,2025-06-16 10:48:41,,,
SPY250613P00601000,2025-06-16 10:48:41,,,
SPY250613P00599000,2025-06-16 10:48:45,,,
SPY250613P00600000,2025-06-16 10:48:45,,,
SPY250613P00601000,2025-06-16 10:48:45,,,
SPY250613P00599000,2025-06-16 10:48:49,,,
SPY250613P00600000,2025-06-16 10:48:49,,,
SPY250613P00601000,2025-06-16 10:48:49,,,
SPY250613P00599000,2025-06-16 10:48:53,,,
SPY250613P00600000,2025-06-16 10:48:53,,,
SPY250613P00601000,2025-06-16 10:48:53,,,
SPY250613P00599000,2025-06-16 10:48:58,,,
SPY250613P00600000,2025-06-16 10:48:58,,,
SPY250613P00601000,2025-06-16 10:48:58,,,
SPY250613P00599000,2025-06-16 10:49:02,,,
SPY250613P00600000,2025-06-16 10:49:02,,,
SPY250613P00601000,2025-06-16 10:49:02,,,
SPY250613P00599000,2025-06-16 10:49:06,,,
SPY250613P00600000,2025-06-16 10:49:06,,,
SPY250613P00601000,2025-06-16 10:49:06,,,
SPY250613P00599000,2025-06-16 10:49:10,,,
SPY250613P00600000,2025-06-16 10:49:10,,,
SPY250613P00601000,2025-06-16 10:49:10,,,
SPY250613P00599000,2025-06-16 10:49:15,,,
SPY250613P00600000,2025-06-16 10:49:15,,,
SPY250613P00601000,2025-06-16 10:49:15,,,
SPY250613P00599000,2025-06-16 10:49:19,,,
SPY250613P00600000,2025-06-16 10:49:19,,,
SPY250613P00601000,2025-06-16 10:49:19,,,
SPY250613P00599000,2025-06-16 10:49:23,,,
SPY250613P00600000,2025-06-16 10:49:23,,,
SPY250613P00601000,2025-06-16 10:49:23,,,
SPY250613P00599000,2025-06-16 10:49:27,,,
SPY250613P00600000,2025-06-16 10:49:27,,,
SPY250613P00601000,2025-06-16 10:49:27,,,
SPY250613P00599000,2025-06-16 10:49:31,,,
SPY250613P00600000,2025-06-16 10:49:31,,,
SPY250613P00601000,2025-06-16 10:49:31,,,
SPY250613P00599000,2025-06-16 10:49:36,,,
SPY250613P00600000,2025-06-16 10:49:36,,,
SPY250613P00601000,2025-06-16 10:49:36,,,
SPY250613P00599000,2025-06-16 10:49:40,,,
SPY250613P00600000,2025-06-16 10:49:40,,,
SPY250613P00601000,2025-06-16 10:49:40,,,
SPY250613P00599000,2025-06-16 10:49:44,,,
SPY250613P00600000,2025-06-16 10:49:44,,,
SPY250613P00601000,2025-06-16 10:49:44,,,
SPY250613P00599000,2025-06-16 10:49:48,,,
SPY250613P00600000,2025-06-16 10:49:48,,,
SPY250613P00601000,2025-06-16 10:49:48,,,
SPY250613P00599000,2025-06-16 10:49:53,,,
SPY250613P00600000,2025-06-16 10:49:53,,,
SPY250613P00601000,2025-06-16 10:49:53,,,
SPY250613P00599000,2025-06-16 10:49:57,,,
SPY250613P00600000,2025-06-16 10:49:57,,,
SPY250613P00601000,2025-06-16 10:49:57,,,
SPY250613P00599000,2025-06-16 10:50:01,,,
SPY250613P00600000,2025-06-16 10:50:01,,,
SPY250613P00601000,2025-06-16 10:50:01,,,
SPY250613P00599000,2025-06-16 10:50:06,,,
SPY250613P00600000,2025-06-16 10:50:06,,,
SPY250613P00601000,2025-06-16 10:50:06,,,
SPY250613P00599000,2025-06-16 10:50:10,,,
SPY250613P00600000,2025-06-16 10:50:10,,,
SPY250613P00601000,2025-06-16 10:50:10,,,
SPY250613P00599000,2025-06-16 10:50:14,,,
SPY250613P00600000,2025-06-16 10:50:14,,,
SPY250613P00601000,2025-06-16 10:50:14,,,
SPY250613P00599000,2025-06-16 10:50:18,,,
SPY250613P00600000,2025-06-16 10:50:18,,,
SPY250613P00601000,2025-06-16 10:50:18,,,
SPY250613P00599000,2025-06-16 10:50:23,,,
SPY250613P00600000,2025-06-16 10:50:23,,,
SPY250613P00601000,2025-06-16 10:50:23,,,
SPY250613P00599000,2025-06-16 10:50:27,,,
SPY250613P00600000,2025-06-16 10:50:27,,,
SPY250613P00601000,2025-06-16 10:50:27,,,
SPY250613P00599000,2025-06-16 10:50:31,,,
SPY250613P00600000,2025-06-16 10:50:31,,,
SPY250613P00601000,2025-06-16 10:50:31,,,
SPY250613P00599000,2025-06-16 10:50:36,,,
SPY250613P00600000,2025-06-16 10:50:36,,,
SPY250613P00601000,2025-06-16 10:50:36,,,
SPY250613P00599000,2025-06-16 10:50:40,,,
SPY250613P00600000,2025-06-16 10:50:40,,,
SPY250613P00601000,2025-06-16 10:50:40,,,
SPY250613P00599000,2025-06-16 10:50:44,,,
SPY250613P00600000,2025-06-16 10:50:44,,,
SPY250613P00601000,2025-06-16 10:50:44,,,
SPY250613P00599000,2025-06-16 10:50:48,,,
SPY250613P00600000,2025-06-16 10:50:48,,,
SPY250613P00601000,2025-06-16 10:50:48,,,
SPY250613P00599000,2025-06-16 10:50:52,,,
SPY250613P00600000,2025-06-16 10:50:52,,,
SPY250613P00601000,2025-06-16 10:50:52,,,
SPY250613P00599000,2025-06-16 10:50:57,,,
SPY250613P00600000,2025-06-16 10:50:57,,,
SPY250613P00601000,2025-06-16 10:50:57,,,
SPY250613P00599000,2025-06-16 10:51:01,,,
SPY250613P00600000,2025-06-16 10:51:01,,,
SPY250613P00601000,2025-06-16 10:51:01,,,
SPY250613P00599000,2025-06-16 10:51:05,,,
SPY250613P00600000,2025-06-16 10:51:05,,,
SPY250613P00601000,2025-06-16 10:51:05,,,
SPY250613P00599000,2025-06-16 10:51:10,,,
SPY250613P00600000,2025-06-16 10:51:10,,,
SPY250613P00601000,2025-06-16 10:51:10,,,
SPY250613P00599000,2025-06-16 10:51:14,,,
SPY250613P00600000,2025-06-16 10:51:14,,,
SPY250613P00601000,2025-06-16 10:51:14,,,
SPY250613P00599000,2025-06-16 10:51:18,,,
SPY250613P00600000,2025-06-16 10:51:18,,,
SPY250613P00601000,2025-06-16 10:51:18,,,
SPY250613P00599000,2025-06-16 10:51:22,,,
SPY250613P00600000,2025-06-16 10:51:22,,,
SPY250613P00601000,2025-06-16 10:51:22,,,
SPY250613P00599000,2025-06-16 10:51:26,,,
SPY250613P00600000,2025-06-16 10:51:26,,,
SPY250613P00601000,2025-06-16 10:51:26,,,
SPY250613P00599000,2025-06-16 10:51:31,,,
SPY250613P00600000,2025-06-16 10:51:31,,,
SPY250613P00601000,2025-06-16 10:51:31,,,
SPY250613P00599000,2025-06-16 10:51:36,,,
SPY250613P00600000,2025-06-16 10:51:36,,,
SPY250613P00601000,2025-06-16 10:51:36,,,
SPY250613P00599000,2025-06-16 10:51:40,,,
SPY250613P00600000,2025-06-16 10:51:40,,,
SPY250613P00601000,2025-06-16 10:51:40,,,
SPY250613P00599000,2025-06-16 10:51:44,,,
SPY250613P00600000,2025-06-16 10:51:44,,,
SPY250613P00601000,2025-06-16 10:51:44,,,
SPY250613P00599000,2025-06-16 10:51:48,,,
SPY250613P00600000,2025-06-16 10:51:48,,,
SPY250613P00601000,2025-06-16 10:51:48,,,
SPY250613P00599000,2025-06-16 10:51:53,,,
SPY250613P00600000,2025-06-16 10:51:53,,,
SPY250613P00601000,2025-06-16 10:51:53,,,
SPY250613P00599000,2025-06-16 10:51:57,,,
SPY250613P00600000,2025-06-16 10:51:57,,,
SPY250613P00601000,2025-06-16 10:51:57,,,
SPY250613P00599000,2025-06-16 10:52:01,,,
SPY250613P00600000,2025-06-16 10:52:01,,,
SPY250613P00601000,2025-06-16 10:52:01,,,
SPY250613P00599000,2025-06-16 10:52:05,,,
SPY250613P00600000,2025-06-16 10:52:05,,,
SPY250613P00601000,2025-06-16 10:52:05,,,
SPY250613P00599000,2025-06-16 10:52:09,,,
SPY250613P00600000,2025-06-16 10:52:09,,,
SPY250613P00601000,2025-06-16 10:52:09,,,
SPY250613P00599000,2025-06-16 10:52:14,,,
SPY250613P00600000,2025-06-16 10:52:14,,,
SPY250613P00601000,2025-06-16 10:52:14,,,
SPY250613P00599000,2025-06-16 10:52:18,,,
SPY250613P00600000,2025-06-16 10:52:18,,,
SPY250613P00601000,2025-06-16 10:52:18,,,
SPY250613P00599000,2025-06-16 10:52:22,,,
SPY250613P00600000,2025-06-16 10:52:22,,,
SPY250613P00601000,2025-06-16 10:52:22,,,
SPY250613P00599000,2025-06-16 10:52:26,,,
SPY250613P00600000,2025-06-16 10:52:26,,,
SPY250613P00601000,2025-06-16 10:52:26,,,
SPY250613P00599000,2025-06-16 10:52:31,,,
SPY250613P00600000,2025-06-16 10:52:31,,,
SPY250613P00601000,2025-06-16 10:52:31,,,
SPY250613P00599000,2025-06-16 10:52:35,,,
SPY250613P00600000,2025-06-16 10:52:35,,,
SPY250613P00601000,2025-06-16 10:52:35,,,
SPY250613P00599000,2025-06-16 10:52:39,,,
SPY250613P00600000,2025-06-16 10:52:39,,,
SPY250613P00601000,2025-06-16 10:52:39,,,
SPY250613P00599000,2025-06-16 10:52:43,,,
SPY250613P00600000,2025-06-16 10:52:43,,,
SPY250613P00601000,2025-06-16 10:52:43,,,
SPY250613P00599000,2025-06-16 10:52:47,,,
SPY250613P00600000,2025-06-16 10:52:47,,,
SPY250613P00601000,2025-06-16 10:52:47,,,
SPY250613P00599000,2025-06-16 10:52:52,,,
SPY250613P00600000,2025-06-16 10:52:52,,,
SPY250613P00601000,2025-06-16 10:52:52,,,
SPY250613P00599000,2025-06-16 10:52:56,,,
SPY250613P00600000,2025-06-16 10:52:56,,,
SPY250613P00601000,2025-06-16 10:52:56,,,
SPY250613P00599000,2025-06-16 10:53:00,,,
SPY250613P00600000,2025-06-16 10:53:00,,,
SPY250613P00601000,2025-06-16 10:53:00,,,
SPY250613P00599000,2025-06-16 10:53:05,,,
SPY250613P00600000,2025-06-16 10:53:05,,,
SPY250613P00601000,2025-06-16 10:53:05,,,
SPY250613P00599000,2025-06-16 10:53:09,,,
SPY250613P00600000,2025-06-16 10:53:09,,,
SPY250613P00601000,2025-06-16 10:53:09,,,
SPY250613P00599000,2025-06-16 10:53:13,,,
SPY250613P00600000,2025-06-16 10:53:13,,,
SPY250613P00601000,2025-06-16 10:53:13,,,
SPY250613P00599000,2025-06-16 10:53:18,,,
SPY250613P00600000,2025-06-16 10:53:18,,,
SPY250613P00601000,2025-06-16 10:53:18,,,
SPY250613P00599000,2025-06-16 10:53:22,,,
SPY250613P00600000,2025-06-16 10:53:22,,,
SPY250613P00601000,2025-06-16 10:53:22,,,
SPY250613P00599000,2025-06-16 10:53:26,,,
SPY250613P00600000,2025-06-16 10:53:26,,,
SPY250613P00601000,2025-06-16 10:53:26,,,
SPY250613P00599000,2025-06-16 10:53:30,,,
SPY250613P00600000,2025-06-16 10:53:30,,,
SPY250613P00601000,2025-06-16 10:53:30,,,
SPY250613P00599000,2025-06-16 10:53:35,,,
SPY250613P00600000,2025-06-16 10:53:35,,,
SPY250613P00601000,2025-06-16 10:53:35,,,
SPY250613P00599000,2025-06-16 10:53:39,,,
SPY250613P00600000,2025-06-16 10:53:39,,,
SPY250613P00601000,2025-06-16 10:53:39,,,
SPY250613P00599000,2025-06-16 10:53:44,,,
SPY250613P00600000,2025-06-16 10:53:44,,,
SPY250613P00601000,2025-06-16 10:53:44,,,
SPY250613P00599000,2025-06-16 10:53:48,,,
SPY250613P00600000,2025-06-16 10:53:48,,,
SPY250613P00601000,2025-06-16 10:53:48,,,
SPY250613P00599000,2025-06-16 10:53:52,,,
SPY250613P00600000,2025-06-16 10:53:52,,,
SPY250613P00601000,2025-06-16 10:53:52,,,
SPY250613P00599000,2025-06-16 10:53:56,,,
SPY250613P00600000,2025-06-16 10:53:56,,,
SPY250613P00601000,2025-06-16 10:53:56,,,
SPY250613P00599000,2025-06-16 10:54:01,,,
SPY250613P00600000,2025-06-16 10:54:01,,,
SPY250613P00601000,2025-06-16 10:54:01,,,
SPY250613P00599000,2025-06-16 10:54:05,,,
SPY250613P00600000,2025-06-16 10:54:05,,,
SPY250613P00601000,2025-06-16 10:54:05,,,
SPY250613P00599000,2025-06-16 10:54:09,,,
SPY250613P00600000,2025-06-16 10:54:09,,,
SPY250613P00601000,2025-06-16 10:54:09,,,
SPY250613P00599000,2025-06-16 10:54:14,,,
SPY250613P00600000,2025-06-16 10:54:14,,,
SPY250613P00601000,2025-06-16 10:54:14,,,
SPY250613P00599000,2025-06-16 10:54:18,,,
SPY250613P00600000,2025-06-16 10:54:18,,,
SPY250613P00601000,2025-06-16 10:54:18,,,
SPY250613P00599000,2025-06-16 10:54:22,,,
SPY250613P00600000,2025-06-16 10:54:22,,,
SPY250613P00601000,2025-06-16 10:54:22,,,
SPY250613P00599000,2025-06-16 10:54:26,,,
SPY250613P00600000,2025-06-16 10:54:26,,,
SPY250613P00601000,2025-06-16 10:54:26,,,
SPY250613P00599000,2025-06-16 10:54:31,,,
SPY250613P00600000,2025-06-16 10:54:31,,,
SPY250613P00601000,2025-06-16 10:54:31,,,
SPY250613P00599000,2025-06-16 10:54:35,,,
SPY250613P00600000,2025-06-16 10:54:35,,,
SPY250613P00601000,2025-06-16 10:54:35,,,
SPY250613P00599000,2025-06-16 10:54:39,,,
SPY250613P00600000,2025-06-16 10:54:39,,,
SPY250613P00601000,2025-06-16 10:54:39,,,
SPY250613P00599000,2025-06-16 10:54:43,,,
SPY250613P00600000,2025-06-16 10:54:43,,,
SPY250613P00601000,2025-06-16 10:54:43,,,
SPY250613P00599000,2025-06-16 10:54:47,,,
SPY250613P00600000,2025-06-16 10:54:47,,,
SPY250613P00601000,2025-06-16 10:54:47,,,
SPY250613P00599000,2025-06-16 10:54:52,,,
SPY250613P00600000,2025-06-16 10:54:52,,,
SPY250613P00601000,2025-06-16 10:54:52,,,
SPY250613P00599000,2025-06-16 10:54:56,,,
SPY250613P00600000,2025-06-16 10:54:56,,,
SPY250613P00601000,2025-06-16 10:54:56,,,
SPY250613P00599000,2025-06-16 10:55:00,,,
SPY250613P00600000,2025-06-16 10:55:00,,,
SPY250613P00601000,2025-06-16 10:55:00,,,
SPY250613P00599000,2025-06-16 10:55:05,,,
SPY250613P00600000,2025-06-16 10:55:05,,,
SPY250613P00601000,2025-06-16 10:55:05,,,
SPY250613P00599000,2025-06-16 10:55:09,,,
SPY250613P00600000,2025-06-16 10:55:09,,,
SPY250613P00601000,2025-06-16 10:55:09,,,
SPY250613P00599000,2025-06-16 10:55:13,,,
SPY250613P00600000,2025-06-16 10:55:13,,,
SPY250613P00601000,2025-06-16 10:55:13,,,
SPY250613P00599000,2025-06-16 10:55:17,,,
SPY250613P00600000,2025-06-16 10:55:17,,,
SPY250613P00601000,2025-06-16 10:55:17,,,
SPY250613P00599000,2025-06-16 10:55:22,,,
SPY250613P00600000,2025-06-16 10:55:22,,,
SPY250613P00601000,2025-06-16 10:55:22,,,
SPY250613P00599000,2025-06-16 10:55:26,,,
SPY250613P00600000,2025-06-16 10:55:26,,,
SPY250613P00601000,2025-06-16 10:55:26,,,
SPY250613P00599000,2025-06-16 10:55:30,,,
SPY250613P00600000,2025-06-16 10:55:30,,,
SPY250613P00601000,2025-06-16 10:55:30,,,
SPY250613P00599000,2025-06-16 10:55:34,,,
SPY250613P00600000,2025-06-16 10:55:34,,,
SPY250613P00601000,2025-06-16 10:55:34,,,
SPY250613P00599000,2025-06-16 10:55:39,,,
SPY250613P00600000,2025-06-16 10:55:39,,,
SPY250613P00601000,2025-06-16 10:55:39,,,
SPY250613P00599000,2025-06-16 10:55:43,,,
SPY250613P00600000,2025-06-16 10:55:43,,,
SPY250613P00601000,2025-06-16 10:55:43,,,
SPY250613P00599000,2025-06-16 10:55:48,,,
SPY250613P00600000,2025-06-16 10:55:48,,,
SPY250613P00601000,2025-06-16 10:55:48,,,
SPY250613P00599000,2025-06-16 10:55:52,,,
SPY250613P00600000,2025-06-16 10:55:52,,,
SPY250613P00601000,2025-06-16 10:55:52,,,
SPY250613P00599000,2025-06-16 10:55:56,,,
SPY250613P00600000,2025-06-16 10:55:56,,,
SPY250613P00601000,2025-06-16 10:55:56,,,
SPY250613P00599000,2025-06-16 10:56:00,,,
SPY250613P00600000,2025-06-16 10:56:00,,,
SPY250613P00601000,2025-06-16 10:56:00,,,
SPY250613P00599000,2025-06-16 10:56:05,,,
SPY250613P00600000,2025-06-16 10:56:05,,,
SPY250613P00601000,2025-06-16 10:56:05,,,
SPY250613P00599000,2025-06-16 10:56:09,,,
SPY250613P00600000,2025-06-16 10:56:09,,,
SPY250613P00601000,2025-06-16 10:56:09,,,
SPY250613P00599000,2025-06-16 10:56:13,,,
SPY250613P00600000,2025-06-16 10:56:13,,,
SPY250613P00601000,2025-06-16 10:56:13,,,
SPY250613P00599000,2025-06-16 10:56:17,,,
SPY250613P00600000,2025-06-16 10:56:17,,,
SPY250613P00601000,2025-06-16 10:56:17,,,
SPY250613P00599000,2025-06-16 10:56:22,,,
SPY250613P00600000,2025-06-16 10:56:22,,,
SPY250613P00601000,2025-06-16 10:56:22,,,
SPY250613P00599000,2025-06-16 10:56:26,,,
SPY250613P00600000,2025-06-16 10:56:26,,,
SPY250613P00601000,2025-06-16 10:56:26,,,
SPY250613P00599000,2025-06-16 10:56:30,,,
SPY250613P00600000,2025-06-16 10:56:30,,,
SPY250613P00601000,2025-06-16 10:56:30,,,
SPY250613P00599000,2025-06-16 10:56:34,,,
SPY250613P00600000,2025-06-16 10:56:34,,,
SPY250613P00601000,2025-06-16 10:56:34,,,
SPY250613P00599000,2025-06-16 10:56:39,,,
SPY250613P00600000,2025-06-16 10:56:39,,,
SPY250613P00601000,2025-06-16 10:56:39,,,
SPY250613P00599000,2025-06-16 10:56:43,,,
SPY250613P00600000,2025-06-16 10:56:43,,,
SPY250613P00601000,2025-06-16 10:56:43,,,
SPY250613P00599000,2025-06-16 10:56:47,,,
SPY250613P00600000,2025-06-16 10:56:47,,,
SPY250613P00601000,2025-06-16 10:56:47,,,
SPY250613P00599000,2025-06-16 10:56:51,,,
SPY250613P00600000,2025-06-16 10:56:51,,,
SPY250613P00601000,2025-06-16 10:56:51,,,
SPY250613P00599000,2025-06-16 10:56:56,,,
SPY250613P00600000,2025-06-16 10:56:56,,,
SPY250613P00601000,2025-06-16 10:56:56,,,
SPY250613P00599000,2025-06-16 10:57:00,,,
SPY250613P00600000,2025-06-16 10:57:00,,,
SPY250613P00601000,2025-06-16 10:57:00,,,
SPY250613P00599000,2025-06-16 10:57:04,,,
SPY250613P00600000,2025-06-16 10:57:04,,,
SPY250613P00601000,2025-06-16 10:57:04,,,
SPY250613P00599000,2025-06-16 10:57:08,,,
SPY250613P00600000,2025-06-16 10:57:08,,,
SPY250613P00601000,2025-06-16 10:57:08,,,
SPY250613P00599000,2025-06-16 10:57:13,,,
SPY250613P00600000,2025-06-16 10:57:13,,,
SPY250613P00601000,2025-06-16 10:57:13,,,
SPY250613P00599000,2025-06-16 10:57:17,,,
SPY250613P00600000,2025-06-16 10:57:17,,,
SPY250613P00601000,2025-06-16 10:57:17,,,
SPY250613P00599000,2025-06-16 10:57:21,,,
SPY250613P00600000,2025-06-16 10:57:21,,,
SPY250613P00601000,2025-06-16 10:57:21,,,
SPY250613P00599000,2025-06-16 10:57:26,,,
SPY250613P00600000,2025-06-16 10:57:26,,,
SPY250613P00601000,2025-06-16 10:57:26,,,
SPY250613P00599000,2025-06-16 10:57:30,,,
SPY250613P00600000,2025-06-16 10:57:30,,,
SPY250613P00601000,2025-06-16 10:57:30,,,
SPY250613P00599000,2025-06-16 10:57:34,,,
SPY250613P00600000,2025-06-16 10:57:34,,,
SPY250613P00601000,2025-06-16 10:57:34,,,
SPY250613P00599000,2025-06-16 10:57:39,,,
SPY250613P00600000,2025-06-16 10:57:39,,,
SPY250613P00601000,2025-06-16 10:57:39,,,
SPY250613P00599000,2025-06-16 10:57:44,,,
SPY250613P00600000,2025-06-16 10:57:44,,,
SPY250613P00601000,2025-06-16 10:57:44,,,
SPY250613P00599000,2025-06-16 10:57:48,,,
SPY250613P00600000,2025-06-16 10:57:48,,,
SPY250613P00601000,2025-06-16 10:57:48,,,
SPY250613P00599000,2025-06-16 10:57:52,,,
SPY250613P00600000,2025-06-16 10:57:52,,,
SPY250613P00601000,2025-06-16 10:57:52,,,
SPY250613P00599000,2025-06-16 10:57:56,,,
SPY250613P00600000,2025-06-16 10:57:56,,,
SPY250613P00601000,2025-06-16 10:57:56,,,
SPY250613P00599000,2025-06-16 10:58:01,,,
SPY250613P00600000,2025-06-16 10:58:01,,,
SPY250613P00601000,2025-06-16 10:58:01,,,
SPY250613P00599000,2025-06-16 10:58:05,,,
SPY250613P00600000,2025-06-16 10:58:05,,,
SPY250613P00601000,2025-06-16 10:58:05,,,
SPY250613P00599000,2025-06-16 10:58:10,,,
SPY250613P00600000,2025-06-16 10:58:10,,,
SPY250613P00601000,2025-06-16 10:58:10,,,
SPY250613P00599000,2025-06-16 10:58:14,,,
SPY250613P00600000,2025-06-16 10:58:14,,,
SPY250613P00601000,2025-06-16 10:58:14,,,
SPY250613P00599000,2025-06-16 10:58:18,,,
SPY250613P00600000,2025-06-16 10:58:18,,,
SPY250613P00601000,2025-06-16 10:58:18,,,
SPY250613P00599000,2025-06-16 10:58:23,,,
SPY250613P00600000,2025-06-16 10:58:23,,,
SPY250613P00601000,2025-06-16 10:58:23,,,
SPY250613P00599000,2025-06-16 10:58:27,,,
SPY250613P00600000,2025-06-16 10:58:27,,,
SPY250613P00601000,2025-06-16 10:58:27,,,
SPY250613P00599000,2025-06-16 10:58:31,,,
SPY250613P00600000,2025-06-16 10:58:31,,,
SPY250613P00601000,2025-06-16 10:58:31,,,
SPY250613P00599000,2025-06-16 10:58:35,,,
SPY250613P00600000,2025-06-16 10:58:35,,,
SPY250613P00601000,2025-06-16 10:58:35,,,
SPY250613P00599000,2025-06-16 10:58:39,,,
SPY250613P00600000,2025-06-16 10:58:39,,,
SPY250613P00601000,2025-06-16 10:58:39,,,
SPY250613P00599000,2025-06-16 10:58:44,,,
SPY250613P00600000,2025-06-16 10:58:44,,,
SPY250613P00601000,2025-06-16 10:58:44,,,
SPY250613P00599000,2025-06-16 10:58:48,,,
SPY250613P00600000,2025-06-16 10:58:48,,,
SPY250613P00601000,2025-06-16 10:58:48,,,
SPY250613P00599000,2025-06-16 10:58:52,,,
SPY250613P00600000,2025-06-16 10:58:52,,,
SPY250613P00601000,2025-06-16 10:58:52,,,
SPY250613P00599000,2025-06-16 10:58:56,,,
SPY250613P00600000,2025-06-16 10:58:56,,,
SPY250613P00601000,2025-06-16 10:58:56,,,
SPY250613P00599000,2025-06-16 10:59:01,,,
SPY250613P00600000,2025-06-16 10:59:01,,,
SPY250613P00601000,2025-06-16 10:59:01,,,
SPY250613P00599000,2025-06-16 10:59:05,,,
SPY250613P00600000,2025-06-16 10:59:05,,,
SPY250613P00601000,2025-06-16 10:59:05,,,
SPY250613P00599000,2025-06-16 10:59:10,,,
SPY250613P00600000,2025-06-16 10:59:10,,,
SPY250613P00601000,2025-06-16 10:59:10,,,
SPY250613P00599000,2025-06-16 10:59:14,,,
SPY250613P00600000,2025-06-16 10:59:14,,,
SPY250613P00601000,2025-06-16 10:59:14,,,
SPY250613P00599000,2025-06-16 10:59:18,,,
SPY250613P00600000,2025-06-16 10:59:18,,,
SPY250613P00601000,2025-06-16 10:59:18,,,
SPY250613P00599000,2025-06-16 10:59:22,,,
SPY250613P00600000,2025-06-16 10:59:22,,,
SPY250613P00601000,2025-06-16 10:59:22,,,
SPY250613P00599000,2025-06-16 10:59:27,,,
SPY250613P00600000,2025-06-16 10:59:27,,,
SPY250613P00601000,2025-06-16 10:59:27,,,
SPY250613P00599000,2025-06-16 10:59:31,,,
SPY250613P00600000,2025-06-16 10:59:31,,,
SPY250613P00601000,2025-06-16 10:59:31,,,
SPY250613P00599000,2025-06-16 10:59:35,,,
SPY250613P00600000,2025-06-16 10:59:35,,,
SPY250613P00601000,2025-06-16 10:59:35,,,
SPY250613P00599000,2025-06-16 10:59:39,,,
SPY250613P00600000,2025-06-16 10:59:39,,,
SPY250613P00601000,2025-06-16 10:59:39,,,
SPY250613P00599000,2025-06-16 10:59:44,,,
SPY250613P00600000,2025-06-16 10:59:44,,,
SPY250613P00601000,2025-06-16 10:59:44,,,
SPY250613P00599000,2025-06-16 10:59:48,,,
SPY250613P00600000,2025-06-16 10:59:48,,,
SPY250613P00601000,2025-06-16 10:59:48,,,
SPY250613P00599000,2025-06-16 10:59:52,,,
SPY250613P00600000,2025-06-16 10:59:52,,,
SPY250613P00601000,2025-06-16 10:59:52,,,
SPY250613P00599000,2025-06-16 10:59:57,,,
SPY250613P00600000,2025-06-16 10:59:57,,,
SPY250613P00601000,2025-06-16 10:59:57,,,
SPY250613P00599000,2025-06-16 11:00:01,,,
SPY250613P00600000,2025-06-16 11:00:01,,,
SPY250613P00601000,2025-06-16 11:00:01,,,
SPY250613P00599000,2025-06-16 11:00:05,,,
SPY250613P00600000,2025-06-16 11:00:05,,,
SPY250613P00601000,2025-06-16 11:00:05,,,
SPY250613P00599000,2025-06-16 11:00:09,,,
SPY250613P00600000,2025-06-16 11:00:09,,,
SPY250613P00601000,2025-06-16 11:00:09,,,
SPY250613P00599000,2025-06-16 11:00:15,,,
SPY250613P00600000,2025-06-16 11:00:15,,,
SPY250613P00601000,2025-06-16 11:00:15,,,
SPY250613P00599000,2025-06-16 11:00:19,,,
SPY250613P00600000,2025-06-16 11:00:19,,,
SPY250613P00601000,2025-06-16 11:00:19,,,
SPY250613P00599000,2025-06-16 11:00:23,,,
SPY250613P00600000,2025-06-16 11:00:23,,,
SPY250613P00601000,2025-06-16 11:00:23,,,
SPY250613P00599000,2025-06-16 11:00:28,,,
SPY250613P00600000,2025-06-16 11:00:28,,,
SPY250613P00601000,2025-06-16 11:00:28,,,
SPY250613P00599000,2025-06-16 11:00:32,,,
SPY250613P00600000,2025-06-16 11:00:32,,,
SPY250613P00601000,2025-06-16 11:00:32,,,
SPY250613P00599000,2025-06-16 11:00:36,,,
SPY250613P00600000,2025-06-16 11:00:36,,,
SPY250613P00601000,2025-06-16 11:00:36,,,
SPY250613P00599000,2025-06-16 11:00:40,,,
SPY250613P00600000,2025-06-16 11:00:40,,,
SPY250613P00601000,2025-06-16 11:00:40,,,
SPY250613P00599000,2025-06-16 11:00:44,,,
SPY250613P00600000,2025-06-16 11:00:44,,,
SPY250613P00601000,2025-06-16 11:00:44,,,
SPY250613P00599000,2025-06-16 11:00:48,,,
SPY250613P00600000,2025-06-16 11:00:48,,,
SPY250613P00601000,2025-06-16 11:00:48,,,
SPY250613P00599000,2025-06-16 11:00:53,,,
SPY250613P00600000,2025-06-16 11:00:53,,,
SPY250613P00601000,2025-06-16 11:00:53,,,
SPY250613P00599000,2025-06-16 11:00:57,,,
SPY250613P00600000,2025-06-16 11:00:57,,,
SPY250613P00601000,2025-06-16 11:00:57,,,
SPY250613P00599000,2025-06-16 11:01:01,,,
SPY250613P00600000,2025-06-16 11:01:01,,,
SPY250613P00601000,2025-06-16 11:01:01,,,
SPY250613P00599000,2025-06-16 11:01:05,,,
SPY250613P00600000,2025-06-16 11:01:05,,,
SPY250613P00601000,2025-06-16 11:01:05,,,
SPY250613P00599000,2025-06-16 11:01:10,,,
SPY250613P00600000,2025-06-16 11:01:10,,,
SPY250613P00601000,2025-06-16 11:01:10,,,
SPY250613P00599000,2025-06-16 11:01:14,,,
SPY250613P00600000,2025-06-16 11:01:14,,,
SPY250613P00601000,2025-06-16 11:01:14,,,
SPY250613P00599000,2025-06-16 11:01:18,,,
SPY250613P00600000,2025-06-16 11:01:18,,,
SPY250613P00601000,2025-06-16 11:01:18,,,
SPY250613P00599000,2025-06-16 11:01:22,,,
SPY250613P00600000,2025-06-16 11:01:22,,,
SPY250613P00601000,2025-06-16 11:01:22,,,
SPY250613P00599000,2025-06-16 11:01:26,,,
SPY250613P00600000,2025-06-16 11:01:26,,,
SPY250613P00601000,2025-06-16 11:01:26,,,
SPY250613P00599000,2025-06-16 11:01:30,,,
SPY250613P00600000,2025-06-16 11:01:30,,,
SPY250613P00601000,2025-06-16 11:01:30,,,
SPY250613P00599000,2025-06-16 11:01:34,,,
SPY250613P00600000,2025-06-16 11:01:34,,,
SPY250613P00601000,2025-06-16 11:01:34,,,
SPY250613P00599000,2025-06-16 11:01:39,,,
SPY250613P00600000,2025-06-16 11:01:39,,,
SPY250613P00601000,2025-06-16 11:01:39,,,
SPY250613P00599000,2025-06-16 11:01:43,,,
SPY250613P00600000,2025-06-16 11:01:43,,,
SPY250613P00601000,2025-06-16 11:01:43,,,
SPY250613P00599000,2025-06-16 11:01:47,,,
SPY250613P00600000,2025-06-16 11:01:47,,,
SPY250613P00601000,2025-06-16 11:01:47,,,
SPY250613P00599000,2025-06-16 11:01:51,,,
SPY250613P00600000,2025-06-16 11:01:51,,,
SPY250613P00601000,2025-06-16 11:01:51,,,
SPY250613P00599000,2025-06-16 11:01:55,,,
SPY250613P00600000,2025-06-16 11:01:55,,,
SPY250613P00601000,2025-06-16 11:01:55,,,
SPY250613P00599000,2025-06-16 11:02:00,,,
SPY250613P00600000,2025-06-16 11:02:00,,,
SPY250613P00601000,2025-06-16 11:02:00,,,
SPY250613P00599000,2025-06-16 11:02:04,,,
SPY250613P00600000,2025-06-16 11:02:04,,,
SPY250613P00601000,2025-06-16 11:02:04,,,
SPY250613P00599000,2025-06-16 11:02:08,,,
SPY250613P00600000,2025-06-16 11:02:08,,,
SPY250613P00601000,2025-06-16 11:02:08,,,
SPY250613P00599000,2025-06-16 11:02:12,,,
SPY250613P00600000,2025-06-16 11:02:12,,,
SPY250613P00601000,2025-06-16 11:02:12,,,
SPY250613P00599000,2025-06-16 11:02:16,,,
SPY250613P00600000,2025-06-16 11:02:16,,,
SPY250613P00601000,2025-06-16 11:02:16,,,
SPY250613P00599000,2025-06-16 11:02:20,,,
SPY250613P00600000,2025-06-16 11:02:20,,,
SPY250613P00601000,2025-06-16 11:02:20,,,
SPY250613P00599000,2025-06-16 11:02:24,,,
SPY250613P00600000,2025-06-16 11:02:24,,,
SPY250613P00601000,2025-06-16 11:02:24,,,
SPY250613P00599000,2025-06-16 11:02:29,,,
SPY250613P00600000,2025-06-16 11:02:29,,,
SPY250613P00601000,2025-06-16 11:02:29,,,
SPY250613P00599000,2025-06-16 11:02:33,,,
SPY250613P00600000,2025-06-16 11:02:33,,,
SPY250613P00601000,2025-06-16 11:02:33,,,
SPY250613P00599000,2025-06-16 11:02:37,,,
SPY250613P00600000,2025-06-16 11:02:37,,,
SPY250613P00601000,2025-06-16 11:02:37,,,
SPY250613P00599000,2025-06-16 11:02:41,,,
SPY250613P00600000,2025-06-16 11:02:41,,,
SPY250613P00601000,2025-06-16 11:02:41,,,
SPY250613P00599000,2025-06-16 11:02:45,,,
SPY250613P00600000,2025-06-16 11:02:45,,,
SPY250613P00601000,2025-06-16 11:02:45,,,
SPY250613P00599000,2025-06-16 11:02:50,,,
SPY250613P00600000,2025-06-16 11:02:50,,,
SPY250613P00601000,2025-06-16 11:02:50,,,
SPY250613P00599000,2025-06-16 11:02:54,,,
SPY250613P00600000,2025-06-16 11:02:54,,,
SPY250613P00601000,2025-06-16 11:02:54,,,
SPY250613P00599000,2025-06-16 11:02:58,,,
SPY250613P00600000,2025-06-16 11:02:58,,,
SPY250613P00601000,2025-06-16 11:02:58,,,
SPY250613P00599000,2025-06-16 11:03:02,,,
SPY250613P00600000,2025-06-16 11:03:02,,,
SPY250613P00601000,2025-06-16 11:03:02,,,
SPY250613P00599000,2025-06-16 11:03:06,,,
SPY250613P00600000,2025-06-16 11:03:06,,,
SPY250613P00601000,2025-06-16 11:03:06,,,
SPY250613P00599000,2025-06-16 11:03:10,,,
SPY250613P00600000,2025-06-16 11:03:10,,,
SPY250613P00601000,2025-06-16 11:03:10,,,
SPY250613P00599000,2025-06-16 11:03:14,,,
SPY250613P00600000,2025-06-16 11:03:14,,,
SPY250613P00601000,2025-06-16 11:03:14,,,
SPY250613P00599000,2025-06-16 11:03:19,,,
SPY250613P00600000,2025-06-16 11:03:19,,,
SPY250613P00601000,2025-06-16 11:03:19,,,
SPY250613P00599000,2025-06-16 11:03:23,,,
SPY250613P00600000,2025-06-16 11:03:23,,,
SPY250613P00601000,2025-06-16 11:03:23,,,
SPY250613P00599000,2025-06-16 11:03:28,,,
SPY250613P00600000,2025-06-16 11:03:28,,,
SPY250613P00601000,2025-06-16 11:03:28,,,
SPY250613P00599000,2025-06-16 11:03:32,,,
SPY250613P00600000,2025-06-16 11:03:32,,,
SPY250613P00601000,2025-06-16 11:03:32,,,
SPY250613P00599000,2025-06-16 11:03:36,,,
SPY250613P00600000,2025-06-16 11:03:36,,,
SPY250613P00601000,2025-06-16 11:03:36,,,
SPY250613P00599000,2025-06-16 11:03:40,,,
SPY250613P00600000,2025-06-16 11:03:40,,,
SPY250613P00601000,2025-06-16 11:03:40,,,
SPY250613P00599000,2025-06-16 11:03:45,,,
SPY250613P00600000,2025-06-16 11:03:45,,,
SPY250613P00601000,2025-06-16 11:03:45,,,
SPY250613P00599000,2025-06-16 11:03:49,,,
SPY250613P00600000,2025-06-16 11:03:49,,,
SPY250613P00601000,2025-06-16 11:03:49,,,
SPY250613P00599000,2025-06-16 11:03:53,,,
SPY250613P00600000,2025-06-16 11:03:53,,,
SPY250613P00601000,2025-06-16 11:03:53,,,
SPY250613P00599000,2025-06-16 11:03:57,,,
SPY250613P00600000,2025-06-16 11:03:57,,,
SPY250613P00601000,2025-06-16 11:03:57,,,
SPY250613P00599000,2025-06-16 11:04:01,,,
SPY250613P00600000,2025-06-16 11:04:01,,,
SPY250613P00601000,2025-06-16 11:04:01,,,
SPY250613P00599000,2025-06-16 11:04:06,,,
SPY250613P00600000,2025-06-16 11:04:06,,,
SPY250613P00601000,2025-06-16 11:04:06,,,
SPY250613P00599000,2025-06-16 11:04:10,,,
SPY250613P00600000,2025-06-16 11:04:10,,,
SPY250613P00601000,2025-06-16 11:04:10,,,
SPY250613P00599000,2025-06-16 11:04:14,,,
SPY250613P00600000,2025-06-16 11:04:14,,,
SPY250613P00601000,2025-06-16 11:04:14,,,
SPY250613P00599000,2025-06-16 11:04:18,,,
SPY250613P00600000,2025-06-16 11:04:18,,,
SPY250613P00601000,2025-06-16 11:04:18,,,
SPY250613P00599000,2025-06-16 11:04:22,,,
SPY250613P00600000,2025-06-16 11:04:22,,,
SPY250613P00601000,2025-06-16 11:04:22,,,
SPY250613P00599000,2025-06-16 11:04:26,,,
SPY250613P00600000,2025-06-16 11:04:26,,,
SPY250613P00601000,2025-06-16 11:04:26,,,
SPY250613P00599000,2025-06-16 11:04:31,,,
SPY250613P00600000,2025-06-16 11:04:31,,,
SPY250613P00601000,2025-06-16 11:04:31,,,
SPY250613P00599000,2025-06-16 11:04:35,,,
SPY250613P00600000,2025-06-16 11:04:35,,,
SPY250613P00601000,2025-06-16 11:04:35,,,
SPY250613P00599000,2025-06-16 11:04:39,,,
SPY250613P00600000,2025-06-16 11:04:39,,,
SPY250613P00601000,2025-06-16 11:04:39,,,
SPY250613P00599000,2025-06-16 11:04:43,,,
SPY250613P00600000,2025-06-16 11:04:43,,,
SPY250613P00601000,2025-06-16 11:04:43,,,
SPY250613P00599000,2025-06-16 11:04:47,,,
SPY250613P00600000,2025-06-16 11:04:47,,,
SPY250613P00601000,2025-06-16 11:04:47,,,
SPY250613P00599000,2025-06-16 11:04:51,,,
SPY250613P00600000,2025-06-16 11:04:51,,,
SPY250613P00601000,2025-06-16 11:04:51,,,
SPY250613P00599000,2025-06-16 11:04:55,,,
SPY250613P00600000,2025-06-16 11:04:55,,,
SPY250613P00601000,2025-06-16 11:04:55,,,
SPY250613P00599000,2025-06-16 11:05:00,,,
SPY250613P00600000,2025-06-16 11:05:00,,,
SPY250613P00601000,2025-06-16 11:05:00,,,
SPY250613P00599000,2025-06-16 11:05:04,,,
SPY250613P00600000,2025-06-16 11:05:04,,,
SPY250613P00601000,2025-06-16 11:05:04,,,
SPY250613P00599000,2025-06-16 11:05:08,,,
SPY250613P00600000,2025-06-16 11:05:08,,,
SPY250613P00601000,2025-06-16 11:05:08,,,
SPY250613P00599000,2025-06-16 11:05:12,,,
SPY250613P00600000,2025-06-16 11:05:12,,,
SPY250613P00601000,2025-06-16 11:05:12,,,
SPY250613P00599000,2025-06-16 11:05:16,,,
SPY250613P00600000,2025-06-16 11:05:16,,,
SPY250613P00601000,2025-06-16 11:05:16,,,
SPY250613P00599000,2025-06-16 11:05:20,,,
SPY250613P00600000,2025-06-16 11:05:20,,,
SPY250613P00601000,2025-06-16 11:05:20,,,
SPY250613P00599000,2025-06-16 11:05:25,,,
SPY250613P00600000,2025-06-16 11:05:25,,,
SPY250613P00601000,2025-06-16 11:05:25,,,
SPY250613P00599000,2025-06-16 11:05:29,,,
SPY250613P00600000,2025-06-16 11:05:29,,,
SPY250613P00601000,2025-06-16 11:05:29,,,
SPY250613P00599000,2025-06-16 11:05:33,,,
SPY250613P00600000,2025-06-16 11:05:33,,,
SPY250613P00601000,2025-06-16 11:05:33,,,
SPY250613P00599000,2025-06-16 11:05:37,,,
SPY250613P00600000,2025-06-16 11:05:37,,,
SPY250613P00601000,2025-06-16 11:05:37,,,
SPY250613P00599000,2025-06-16 11:05:41,,,
SPY250613P00600000,2025-06-16 11:05:41,,,
SPY250613P00601000,2025-06-16 11:05:41,,,
SPY250613P00599000,2025-06-16 11:05:45,,,
SPY250613P00600000,2025-06-16 11:05:45,,,
SPY250613P00601000,2025-06-16 11:05:45,,,
SPY250613P00599000,2025-06-16 11:05:49,,,
SPY250613P00600000,2025-06-16 11:05:49,,,
SPY250613P00601000,2025-06-16 11:05:49,,,
SPY250613P00599000,2025-06-16 11:05:54,,,
SPY250613P00600000,2025-06-16 11:05:54,,,
SPY250613P00601000,2025-06-16 11:05:54,,,
SPY250613P00599000,2025-06-16 11:05:58,,,
SPY250613P00600000,2025-06-16 11:05:58,,,
SPY250613P00601000,2025-06-16 11:05:58,,,
SPY250613P00599000,2025-06-16 11:06:02,,,
SPY250613P00600000,2025-06-16 11:06:02,,,
SPY250613P00601000,2025-06-16 11:06:02,,,
SPY250613P00599000,2025-06-16 11:06:06,,,
SPY250613P00600000,2025-06-16 11:06:06,,,
SPY250613P00601000,2025-06-16 11:06:06,,,
SPY250613P00599000,2025-06-16 11:06:11,,,
SPY250613P00600000,2025-06-16 11:06:11,,,
SPY250613P00601000,2025-06-16 11:06:11,,,
SPY250613P00599000,2025-06-16 11:06:15,,,
SPY250613P00600000,2025-06-16 11:06:15,,,
SPY250613P00601000,2025-06-16 11:06:15,,,
SPY250613P00599000,2025-06-16 11:06:19,,,
SPY250613P00600000,2025-06-16 11:06:19,,,
SPY250613P00601000,2025-06-16 11:06:19,,,
SPY250613P00599000,2025-06-16 11:06:23,,,
SPY250613P00600000,2025-06-16 11:06:23,,,
SPY250613P00601000,2025-06-16 11:06:23,,,
SPY250613P00599000,2025-06-16 11:06:27,,,
SPY250613P00600000,2025-06-16 11:06:27,,,
SPY250613P00601000,2025-06-16 11:06:27,,,
SPY250613P00599000,2025-06-16 11:06:31,,,
SPY250613P00600000,2025-06-16 11:06:31,,,
SPY250613P00601000,2025-06-16 11:06:31,,,
SPY250613P00599000,2025-06-16 11:06:36,,,
SPY250613P00600000,2025-06-16 11:06:36,,,
SPY250613P00601000,2025-06-16 11:06:36,,,
SPY250613P00599000,2025-06-16 11:06:40,,,
SPY250613P00600000,2025-06-16 11:06:40,,,
SPY250613P00601000,2025-06-16 11:06:40,,,
SPY250613P00599000,2025-06-16 11:06:44,,,
SPY250613P00600000,2025-06-16 11:06:44,,,
SPY250613P00601000,2025-06-16 11:06:44,,,
SPY250613P00599000,2025-06-16 11:06:48,,,
SPY250613P00600000,2025-06-16 11:06:48,,,
SPY250613P00601000,2025-06-16 11:06:48,,,
SPY250613P00599000,2025-06-16 11:06:52,,,
SPY250613P00600000,2025-06-16 11:06:52,,,
SPY250613P00601000,2025-06-16 11:06:52,,,
SPY250613P00599000,2025-06-16 11:06:56,,,
SPY250613P00600000,2025-06-16 11:06:56,,,
SPY250613P00601000,2025-06-16 11:06:56,,,
SPY250613P00599000,2025-06-16 11:07:01,,,
SPY250613P00600000,2025-06-16 11:07:01,,,
SPY250613P00601000,2025-06-16 11:07:01,,,
SPY250613P00599000,2025-06-16 11:07:05,,,
SPY250613P00600000,2025-06-16 11:07:05,,,
SPY250613P00601000,2025-06-16 11:07:05,,,
SPY250613P00599000,2025-06-16 11:07:09,,,
SPY250613P00600000,2025-06-16 11:07:09,,,
SPY250613P00601000,2025-06-16 11:07:09,,,
SPY250613P00599000,2025-06-16 11:07:14,,,
SPY250613P00600000,2025-06-16 11:07:14,,,
SPY250613P00601000,2025-06-16 11:07:14,,,
SPY250613P00599000,2025-06-16 11:07:18,,,
SPY250613P00600000,2025-06-16 11:07:18,,,
SPY250613P00601000,2025-06-16 11:07:18,,,
SPY250613P00599000,2025-06-16 11:07:22,,,
SPY250613P00600000,2025-06-16 11:07:22,,,
SPY250613P00601000,2025-06-16 11:07:22,,,
SPY250613P00599000,2025-06-16 11:07:26,,,
SPY250613P00600000,2025-06-16 11:07:26,,,
SPY250613P00601000,2025-06-16 11:07:26,,,
SPY250613P00599000,2025-06-16 11:07:30,,,
SPY250613P00600000,2025-06-16 11:07:30,,,
SPY250613P00601000,2025-06-16 11:07:30,,,
SPY250613P00599000,2025-06-16 11:07:34,,,
SPY250613P00600000,2025-06-16 11:07:34,,,
SPY250613P00601000,2025-06-16 11:07:34,,,
SPY250613P00599000,2025-06-16 11:07:39,,,
SPY250613P00600000,2025-06-16 11:07:39,,,
SPY250613P00601000,2025-06-16 11:07:39,,,
SPY250613P00599000,2025-06-16 11:07:43,,,
SPY250613P00600000,2025-06-16 11:07:43,,,
SPY250613P00601000,2025-06-16 11:07:43,,,
SPY250613P00599000,2025-06-16 11:07:47,,,
SPY250613P00600000,2025-06-16 11:07:47,,,
SPY250613P00601000,2025-06-16 11:07:47,,,
SPY250613P00599000,2025-06-16 11:07:51,,,
SPY250613P00600000,2025-06-16 11:07:51,,,
SPY250613P00601000,2025-06-16 11:07:51,,,
SPY250613P00599000,2025-06-16 11:07:55,,,
SPY250613P00600000,2025-06-16 11:07:55,,,
SPY250613P00601000,2025-06-16 11:07:55,,,
SPY250613P00599000,2025-06-16 11:08:00,,,
SPY250613P00600000,2025-06-16 11:08:00,,,
SPY250613P00601000,2025-06-16 11:08:00,,,
SPY250613P00599000,2025-06-16 11:08:04,,,
SPY250613P00600000,2025-06-16 11:08:04,,,
SPY250613P00601000,2025-06-16 11:08:04,,,
SPY250613P00599000,2025-06-16 11:08:08,,,
SPY250613P00600000,2025-06-16 11:08:08,,,
SPY250613P00601000,2025-06-16 11:08:08,,,
SPY250613P00599000,2025-06-16 11:08:12,,,
SPY250613P00600000,2025-06-16 11:08:12,,,
SPY250613P00601000,2025-06-16 11:08:12,,,
SPY250613P00599000,2025-06-16 11:08:16,,,
SPY250613P00600000,2025-06-16 11:08:16,,,
SPY250613P00601000,2025-06-16 11:08:16,,,
SPY250613P00599000,2025-06-16 11:08:20,,,
SPY250613P00600000,2025-06-16 11:08:20,,,
SPY250613P00601000,2025-06-16 11:08:20,,,
SPY250613P00599000,2025-06-16 11:08:25,,,
SPY250613P00600000,2025-06-16 11:08:25,,,
SPY250613P00601000,2025-06-16 11:08:25,,,
SPY250613P00599000,2025-06-16 11:08:29,,,
SPY250613P00600000,2025-06-16 11:08:29,,,
SPY250613P00601000,2025-06-16 11:08:29,,,
SPY250613P00599000,2025-06-16 11:08:33,,,
SPY250613P00600000,2025-06-16 11:08:33,,,
SPY250613P00601000,2025-06-16 11:08:33,,,
SPY250613P00599000,2025-06-16 11:08:37,,,
SPY250613P00600000,2025-06-16 11:08:37,,,
SPY250613P00601000,2025-06-16 11:08:37,,,
SPY250613P00599000,2025-06-16 11:08:41,,,
SPY250613P00600000,2025-06-16 11:08:41,,,
SPY250613P00601000,2025-06-16 11:08:41,,,
SPY250613P00599000,2025-06-16 11:08:46,,,
SPY250613P00600000,2025-06-16 11:08:46,,,
SPY250613P00601000,2025-06-16 11:08:46,,,
SPY250613P00599000,2025-06-16 11:08:50,,,
SPY250613P00600000,2025-06-16 11:08:50,,,
SPY250613P00601000,2025-06-16 11:08:50,,,
SPY250613P00599000,2025-06-16 11:08:54,,,
SPY250613P00600000,2025-06-16 11:08:54,,,
SPY250613P00601000,2025-06-16 11:08:54,,,
SPY250613P00599000,2025-06-16 11:08:58,,,
SPY250613P00600000,2025-06-16 11:08:58,,,
SPY250613P00601000,2025-06-16 11:08:58,,,
SPY250613P00599000,2025-06-16 11:09:02,,,
SPY250613P00600000,2025-06-16 11:09:02,,,
SPY250613P00601000,2025-06-16 11:09:02,,,
SPY250613P00599000,2025-06-16 11:09:06,,,
SPY250613P00600000,2025-06-16 11:09:06,,,
SPY250613P00601000,2025-06-16 11:09:06,,,
SPY250613P00599000,2025-06-16 11:09:11,,,
SPY250613P00600000,2025-06-16 11:09:11,,,
SPY250613P00601000,2025-06-16 11:09:11,,,
SPY250613P00599000,2025-06-16 11:09:15,,,
SPY250613P00600000,2025-06-16 11:09:15,,,
SPY250613P00601000,2025-06-16 11:09:15,,,
SPY250613P00599000,2025-06-16 11:09:19,,,
SPY250613P00600000,2025-06-16 11:09:19,,,
SPY250613P00601000,2025-06-16 11:09:19,,,
SPY250613P00599000,2025-06-16 11:09:23,,,
SPY250613P00600000,2025-06-16 11:09:23,,,
SPY250613P00601000,2025-06-16 11:09:23,,,
SPY250613P00599000,2025-06-16 11:09:27,,,
SPY250613P00600000,2025-06-16 11:09:27,,,
SPY250613P00601000,2025-06-16 11:09:27,,,
SPY250613P00599000,2025-06-16 11:09:31,,,
SPY250613P00600000,2025-06-16 11:09:31,,,
SPY250613P00601000,2025-06-16 11:09:31,,,
SPY250613P00599000,2025-06-16 11:09:36,,,
SPY250613P00600000,2025-06-16 11:09:36,,,
SPY250613P00601000,2025-06-16 11:09:36,,,
SPY250613P00599000,2025-06-16 11:09:40,,,
SPY250613P00600000,2025-06-16 11:09:40,,,
SPY250613P00601000,2025-06-16 11:09:40,,,
SPY250613P00599000,2025-06-16 11:09:44,,,
SPY250613P00600000,2025-06-16 11:09:44,,,
SPY250613P00601000,2025-06-16 11:09:44,,,
SPY250613P00599000,2025-06-16 11:09:48,,,
SPY250613P00600000,2025-06-16 11:09:48,,,
SPY250613P00601000,2025-06-16 11:09:48,,,
SPY250613P00599000,2025-06-16 11:09:52,,,
SPY250613P00600000,2025-06-16 11:09:52,,,
SPY250613P00601000,2025-06-16 11:09:52,,,
SPY250613P00599000,2025-06-16 11:09:57,,,
SPY250613P00600000,2025-06-16 11:09:57,,,
SPY250613P00601000,2025-06-16 11:09:57,,,
SPY250613P00599000,2025-06-16 11:10:01,,,
SPY250613P00600000,2025-06-16 11:10:01,,,
SPY250613P00601000,2025-06-16 11:10:01,,,
SPY250613P00599000,2025-06-16 11:10:05,,,
SPY250613P00600000,2025-06-16 11:10:05,,,
SPY250613P00601000,2025-06-16 11:10:05,,,
SPY250613P00599000,2025-06-16 11:10:09,,,
SPY250613P00600000,2025-06-16 11:10:09,,,
SPY250613P00601000,2025-06-16 11:10:09,,,
SPY250613P00599000,2025-06-16 11:10:13,,,
SPY250613P00600000,2025-06-16 11:10:13,,,
SPY250613P00601000,2025-06-16 11:10:13,,,
SPY250613P00599000,2025-06-16 11:10:17,,,
SPY250613P00600000,2025-06-16 11:10:17,,,
SPY250613P00601000,2025-06-16 11:10:17,,,
SPY250613P00599000,2025-06-16 11:10:22,,,
SPY250613P00600000,2025-06-16 11:10:22,,,
SPY250613P00601000,2025-06-16 11:10:22,,,
SPY250613P00599000,2025-06-16 11:10:26,,,
SPY250613P00600000,2025-06-16 11:10:26,,,
SPY250613P00601000,2025-06-16 11:10:26,,,
SPY250613P00599000,2025-06-16 11:10:30,,,
SPY250613P00600000,2025-06-16 11:10:30,,,
SPY250613P00601000,2025-06-16 11:10:30,,,
SPY250613P00599000,2025-06-16 11:10:34,,,
SPY250613P00600000,2025-06-16 11:10:34,,,
SPY250613P00601000,2025-06-16 11:10:34,,,
SPY250613P00599000,2025-06-16 11:10:38,,,
SPY250613P00600000,2025-06-16 11:10:38,,,
SPY250613P00601000,2025-06-16 11:10:38,,,
SPY250613P00599000,2025-06-16 11:10:42,,,
SPY250613P00600000,2025-06-16 11:10:42,,,
SPY250613P00601000,2025-06-16 11:10:42,,,
SPY250613P00599000,2025-06-16 11:10:47,,,
SPY250613P00600000,2025-06-16 11:10:47,,,
SPY250613P00601000,2025-06-16 11:10:47,,,
SPY250613P00599000,2025-06-16 11:10:51,,,
SPY250613P00600000,2025-06-16 11:10:51,,,
SPY250613P00601000,2025-06-16 11:10:51,,,
SPY250613P00599000,2025-06-16 11:10:55,,,
SPY250613P00600000,2025-06-16 11:10:55,,,
SPY250613P00601000,2025-06-16 11:10:55,,,
SPY250613P00599000,2025-06-16 11:10:59,,,
SPY250613P00600000,2025-06-16 11:10:59,,,
SPY250613P00601000,2025-06-16 11:10:59,,,
SPY250613P00599000,2025-06-16 11:11:03,,,
SPY250613P00600000,2025-06-16 11:11:03,,,
SPY250613P00601000,2025-06-16 11:11:03,,,
SPY250613P00599000,2025-06-16 11:11:07,,,
SPY250613P00600000,2025-06-16 11:11:07,,,
SPY250613P00601000,2025-06-16 11:11:07,,,
SPY250613P00599000,2025-06-16 11:11:12,,,
SPY250613P00600000,2025-06-16 11:11:12,,,
SPY250613P00601000,2025-06-16 11:11:12,,,
SPY250613P00599000,2025-06-16 11:11:16,,,
SPY250613P00600000,2025-06-16 11:11:16,,,
SPY250613P00601000,2025-06-16 11:11:16,,,
SPY250613P00599000,2025-06-16 11:11:21,,,
SPY250613P00600000,2025-06-16 11:11:21,,,
SPY250613P00601000,2025-06-16 11:11:21,,,
SPY250613P00599000,2025-06-16 11:11:25,,,
SPY250613P00600000,2025-06-16 11:11:25,,,
SPY250613P00601000,2025-06-16 11:11:25,,,
SPY250613P00599000,2025-06-16 11:11:29,,,
SPY250613P00600000,2025-06-16 11:11:29,,,
SPY250613P00601000,2025-06-16 11:11:29,,,
SPY250613P00599000,2025-06-16 11:11:33,,,
SPY250613P00600000,2025-06-16 11:11:33,,,
SPY250613P00601000,2025-06-16 11:11:33,,,
SPY250613P00599000,2025-06-16 11:11:37,,,
SPY250613P00600000,2025-06-16 11:11:37,,,
SPY250613P00601000,2025-06-16 11:11:37,,,
SPY250613P00599000,2025-06-16 11:11:41,,,
SPY250613P00600000,2025-06-16 11:11:41,,,
SPY250613P00601000,2025-06-16 11:11:41,,,
SPY250613P00599000,2025-06-16 11:11:46,,,
SPY250613P00600000,2025-06-16 11:11:46,,,
SPY250613P00601000,2025-06-16 11:11:46,,,
SPY250613P00599000,2025-06-16 11:11:50,,,
SPY250613P00600000,2025-06-16 11:11:50,,,
SPY250613P00601000,2025-06-16 11:11:50,,,
SPY250613P00599000,2025-06-16 11:11:54,,,
SPY250613P00600000,2025-06-16 11:11:54,,,
SPY250613P00601000,2025-06-16 11:11:54,,,
SPY250613P00599000,2025-06-16 11:11:58,,,
SPY250613P00600000,2025-06-16 11:11:58,,,
SPY250613P00601000,2025-06-16 11:11:58,,,
SPY250613P00599000,2025-06-16 11:12:02,,,
SPY250613P00600000,2025-06-16 11:12:02,,,
SPY250613P00601000,2025-06-16 11:12:02,,,
SPY250613P00599000,2025-06-16 11:12:06,,,
SPY250613P00600000,2025-06-16 11:12:06,,,
SPY250613P00601000,2025-06-16 11:12:06,,,
SPY250613P00599000,2025-06-16 11:12:10,,,
SPY250613P00600000,2025-06-16 11:12:10,,,
SPY250613P00601000,2025-06-16 11:12:10,,,
SPY250613P00599000,2025-06-16 11:12:15,,,
SPY250613P00600000,2025-06-16 11:12:15,,,
SPY250613P00601000,2025-06-16 11:12:15,,,
SPY250613P00599000,2025-06-16 11:12:19,,,
SPY250613P00600000,2025-06-16 11:12:19,,,
SPY250613P00601000,2025-06-16 11:12:19,,,
SPY250613P00599000,2025-06-16 11:12:23,,,
SPY250613P00600000,2025-06-16 11:12:23,,,
SPY250613P00601000,2025-06-16 11:12:23,,,
SPY250613P00599000,2025-06-16 11:12:27,,,
SPY250613P00600000,2025-06-16 11:12:27,,,
SPY250613P00601000,2025-06-16 11:12:27,,,
SPY250613P00599000,2025-06-16 11:12:31,,,
SPY250613P00600000,2025-06-16 11:12:31,,,
SPY250613P00601000,2025-06-16 11:12:31,,,
SPY250613P00599000,2025-06-16 11:12:35,,,
SPY250613P00600000,2025-06-16 11:12:35,,,
SPY250613P00601000,2025-06-16 11:12:35,,,
SPY250613P00599000,2025-06-16 11:12:40,,,
SPY250613P00600000,2025-06-16 11:12:40,,,
SPY250613P00601000,2025-06-16 11:12:40,,,
SPY250613P00599000,2025-06-16 11:12:44,,,
SPY250613P00600000,2025-06-16 11:12:44,,,
SPY250613P00601000,2025-06-16 11:12:44,,,
SPY250613P00599000,2025-06-16 11:12:48,,,
SPY250613P00600000,2025-06-16 11:12:48,,,
SPY250613P00601000,2025-06-16 11:12:48,,,
SPY250613P00599000,2025-06-16 11:12:52,,,
SPY250613P00600000,2025-06-16 11:12:52,,,
SPY250613P00601000,2025-06-16 11:12:52,,,
SPY250613P00599000,2025-06-16 11:12:57,,,
SPY250613P00600000,2025-06-16 11:12:57,,,
SPY250613P00601000,2025-06-16 11:12:57,,,
SPY250613P00599000,2025-06-16 11:13:01,,,
SPY250613P00600000,2025-06-16 11:13:01,,,
SPY250613P00601000,2025-06-16 11:13:01,,,
SPY250613P00599000,2025-06-16 11:13:05,,,
SPY250613P00600000,2025-06-16 11:13:05,,,
SPY250613P00601000,2025-06-16 11:13:05,,,
SPY250613P00599000,2025-06-16 11:13:09,,,
SPY250613P00600000,2025-06-16 11:13:09,,,
SPY250613P00601000,2025-06-16 11:13:09,,,
SPY250613P00599000,2025-06-16 11:13:13,,,
SPY250613P00600000,2025-06-16 11:13:13,,,
SPY250613P00601000,2025-06-16 11:13:13,,,
SPY250613P00599000,2025-06-16 11:13:17,,,
SPY250613P00600000,2025-06-16 11:13:17,,,
SPY250613P00601000,2025-06-16 11:13:17,,,
SPY250613P00599000,2025-06-16 11:13:21,,,
SPY250613P00600000,2025-06-16 11:13:21,,,
SPY250613P00601000,2025-06-16 11:13:21,,,
SPY250613P00599000,2025-06-16 11:13:26,,,
SPY250613P00600000,2025-06-16 11:13:26,,,
SPY250613P00601000,2025-06-16 11:13:26,,,
SPY250613P00599000,2025-06-16 11:13:30,,,
SPY250613P00600000,2025-06-16 11:13:30,,,
SPY250613P00601000,2025-06-16 11:13:30,,,
SPY250613P00599000,2025-06-16 11:13:34,,,
SPY250613P00600000,2025-06-16 11:13:34,,,
SPY250613P00601000,2025-06-16 11:13:34,,,
SPY250613P00599000,2025-06-16 11:13:38,,,
SPY250613P00600000,2025-06-16 11:13:38,,,
SPY250613P00601000,2025-06-16 11:13:38,,,
SPY250613P00599000,2025-06-16 11:13:42,,,
SPY250613P00600000,2025-06-16 11:13:42,,,
SPY250613P00601000,2025-06-16 11:13:42,,,
SPY250613P00599000,2025-06-16 11:13:46,,,
SPY250613P00600000,2025-06-16 11:13:46,,,
SPY250613P00601000,2025-06-16 11:13:46,,,
SPY250613P00599000,2025-06-16 11:13:51,,,
SPY250613P00600000,2025-06-16 11:13:51,,,
SPY250613P00601000,2025-06-16 11:13:51,,,
SPY250613P00599000,2025-06-16 11:13:55,,,
SPY250613P00600000,2025-06-16 11:13:55,,,
SPY250613P00601000,2025-06-16 11:13:55,,,
SPY250613P00599000,2025-06-16 11:13:59,,,
SPY250613P00600000,2025-06-16 11:13:59,,,
SPY250613P00601000,2025-06-16 11:13:59,,,
SPY250613P00599000,2025-06-16 11:14:03,,,
SPY250613P00600000,2025-06-16 11:14:03,,,
SPY250613P00601000,2025-06-16 11:14:03,,,
SPY250613P00599000,2025-06-16 11:14:07,,,
SPY250613P00600000,2025-06-16 11:14:07,,,
SPY250613P00601000,2025-06-16 11:14:07,,,
SPY250613P00599000,2025-06-16 11:14:12,,,
SPY250613P00600000,2025-06-16 11:14:12,,,
SPY250613P00601000,2025-06-16 11:14:12,,,
SPY250613P00599000,2025-06-16 11:14:16,,,
SPY250613P00600000,2025-06-16 11:14:16,,,
SPY250613P00601000,2025-06-16 11:14:16,,,
SPY250613P00599000,2025-06-16 11:14:20,,,
SPY250613P00600000,2025-06-16 11:14:20,,,
SPY250613P00601000,2025-06-16 11:14:20,,,
SPY250613P00599000,2025-06-16 11:14:24,,,
SPY250613P00600000,2025-06-16 11:14:24,,,
SPY250613P00601000,2025-06-16 11:14:24,,,
SPY250613P00599000,2025-06-16 11:14:28,,,
SPY250613P00600000,2025-06-16 11:14:28,,,
SPY250613P00601000,2025-06-16 11:14:28,,,
SPY250613P00599000,2025-06-16 11:14:33,,,
SPY250613P00600000,2025-06-16 11:14:33,,,
SPY250613P00601000,2025-06-16 11:14:33,,,
SPY250613P00599000,2025-06-16 11:14:37,,,
SPY250613P00600000,2025-06-16 11:14:37,,,
SPY250613P00601000,2025-06-16 11:14:37,,,
SPY250613P00599000,2025-06-16 11:14:41,,,
SPY250613P00600000,2025-06-16 11:14:41,,,
SPY250613P00601000,2025-06-16 11:14:41,,,
SPY250613P00599000,2025-06-16 11:14:45,,,
SPY250613P00600000,2025-06-16 11:14:45,,,
SPY250613P00601000,2025-06-16 11:14:45,,,
SPY250613P00599000,2025-06-16 11:14:50,,,
SPY250613P00600000,2025-06-16 11:14:50,,,
SPY250613P00601000,2025-06-16 11:14:50,,,
SPY250613P00599000,2025-06-16 11:14:54,,,
SPY250613P00600000,2025-06-16 11:14:54,,,
SPY250613P00601000,2025-06-16 11:14:54,,,
SPY250613P00599000,2025-06-16 11:14:58,,,
SPY250613P00600000,2025-06-16 11:14:58,,,
SPY250613P00601000,2025-06-16 11:14:58,,,
SPY250613P00599000,2025-06-16 11:15:02,,,
SPY250613P00600000,2025-06-16 11:15:02,,,
SPY250613P00601000,2025-06-16 11:15:02,,,
SPY250613P00599000,2025-06-16 11:15:06,,,
SPY250613P00600000,2025-06-16 11:15:06,,,
SPY250613P00601000,2025-06-16 11:15:06,,,
SPY250613P00599000,2025-06-16 11:15:10,,,
SPY250613P00600000,2025-06-16 11:15:10,,,
SPY250613P00601000,2025-06-16 11:15:10,,,
SPY250613P00599000,2025-06-16 11:15:15,,,
SPY250613P00600000,2025-06-16 11:15:15,,,
SPY250613P00601000,2025-06-16 11:15:15,,,
SPY250613P00599000,2025-06-16 11:15:19,,,
SPY250613P00600000,2025-06-16 11:15:19,,,
SPY250613P00601000,2025-06-16 11:15:19,,,
SPY250613P00599000,2025-06-16 11:15:23,,,
SPY250613P00600000,2025-06-16 11:15:23,,,
SPY250613P00601000,2025-06-16 11:15:23,,,
SPY250613P00599000,2025-06-16 11:15:27,,,
SPY250613P00600000,2025-06-16 11:15:27,,,
SPY250613P00601000,2025-06-16 11:15:27,,,
SPY250613P00599000,2025-06-16 11:15:31,,,
SPY250613P00600000,2025-06-16 11:15:31,,,
SPY250613P00601000,2025-06-16 11:15:31,,,
SPY250613P00599000,2025-06-16 11:15:35,,,
SPY250613P00600000,2025-06-16 11:15:35,,,
SPY250613P00601000,2025-06-16 11:15:35,,,
SPY250613P00599000,2025-06-16 11:15:39,,,
SPY250613P00600000,2025-06-16 11:15:39,,,
SPY250613P00601000,2025-06-16 11:15:39,,,
SPY250613P00599000,2025-06-16 11:15:44,,,
SPY250613P00600000,2025-06-16 11:15:44,,,
SPY250613P00601000,2025-06-16 11:15:44,,,
SPY250613P00599000,2025-06-16 11:15:48,,,
SPY250613P00600000,2025-06-16 11:15:48,,,
SPY250613P00601000,2025-06-16 11:15:48,,,
SPY250613P00599000,2025-06-16 11:15:52,,,
SPY250613P00600000,2025-06-16 11:15:52,,,
SPY250613P00601000,2025-06-16 11:15:52,,,
SPY250613P00599000,2025-06-16 11:15:56,,,
SPY250613P00600000,2025-06-16 11:15:56,,,
SPY250613P00601000,2025-06-16 11:15:56,,,
SPY250613P00599000,2025-06-16 11:16:01,,,
SPY250613P00600000,2025-06-16 11:16:01,,,
SPY250613P00601000,2025-06-16 11:16:01,,,
SPY250613P00599000,2025-06-16 11:16:05,,,
SPY250613P00600000,2025-06-16 11:16:05,,,
SPY250613P00601000,2025-06-16 11:16:05,,,
SPY250613P00599000,2025-06-16 11:16:09,,,
SPY250613P00600000,2025-06-16 11:16:09,,,
SPY250613P00601000,2025-06-16 11:16:09,,,
SPY250613P00599000,2025-06-16 11:16:13,,,
SPY250613P00600000,2025-06-16 11:16:13,,,
SPY250613P00601000,2025-06-16 11:16:13,,,
SPY250613P00599000,2025-06-16 11:16:17,,,
SPY250613P00600000,2025-06-16 11:16:17,,,
SPY250613P00601000,2025-06-16 11:16:17,,,
SPY250613P00599000,2025-06-16 11:16:21,,,
SPY250613P00600000,2025-06-16 11:16:21,,,
SPY250613P00601000,2025-06-16 11:16:21,,,
SPY250613P00599000,2025-06-16 11:16:25,,,
SPY250613P00600000,2025-06-16 11:16:25,,,
SPY250613P00601000,2025-06-16 11:16:25,,,
SPY250613P00599000,2025-06-16 11:16:30,,,
SPY250613P00600000,2025-06-16 11:16:30,,,
SPY250613P00601000,2025-06-16 11:16:30,,,
SPY250613P00599000,2025-06-16 11:16:34,,,
SPY250613P00600000,2025-06-16 11:16:34,,,
SPY250613P00601000,2025-06-16 11:16:34,,,
SPY250613P00599000,2025-06-16 11:16:38,,,
SPY250613P00600000,2025-06-16 11:16:38,,,
SPY250613P00601000,2025-06-16 11:16:38,,,
SPY250613P00599000,2025-06-16 11:16:42,,,
SPY250613P00600000,2025-06-16 11:16:42,,,
SPY250613P00601000,2025-06-16 11:16:42,,,
SPY250613P00599000,2025-06-16 11:16:46,,,
SPY250613P00600000,2025-06-16 11:16:46,,,
SPY250613P00601000,2025-06-16 11:16:46,,,
SPY250613P00599000,2025-06-16 11:16:50,,,
SPY250613P00600000,2025-06-16 11:16:50,,,
SPY250613P00601000,2025-06-16 11:16:50,,,
SPY250613P00599000,2025-06-16 11:16:55,,,
SPY250613P00600000,2025-06-16 11:16:55,,,
SPY250613P00601000,2025-06-16 11:16:55,,,
SPY250613P00599000,2025-06-16 11:16:59,,,
SPY250613P00600000,2025-06-16 11:16:59,,,
SPY250613P00601000,2025-06-16 11:16:59,,,
SPY250613P00599000,2025-06-16 11:17:03,,,
SPY250613P00600000,2025-06-16 11:17:03,,,
SPY250613P00601000,2025-06-16 11:17:03,,,
SPY250613P00599000,2025-06-16 11:17:07,,,
SPY250613P00600000,2025-06-16 11:17:07,,,
SPY250613P00601000,2025-06-16 11:17:07,,,
SPY250613P00599000,2025-06-16 11:17:11,,,
SPY250613P00600000,2025-06-16 11:17:11,,,
SPY250613P00601000,2025-06-16 11:17:11,,,
SPY250613P00599000,2025-06-16 11:17:15,,,
SPY250613P00600000,2025-06-16 11:17:15,,,
SPY250613P00601000,2025-06-16 11:17:15,,,
SPY250613P00599000,2025-06-16 11:17:20,,,
SPY250613P00600000,2025-06-16 11:17:20,,,
SPY250613P00601000,2025-06-16 11:17:20,,,
SPY250613P00599000,2025-06-16 11:17:24,,,
SPY250613P00600000,2025-06-16 11:17:24,,,
SPY250613P00601000,2025-06-16 11:17:24,,,
SPY250613P00599000,2025-06-16 11:17:28,,,
SPY250613P00600000,2025-06-16 11:17:28,,,
SPY250613P00601000,2025-06-16 11:17:28,,,
SPY250613P00599000,2025-06-16 11:17:32,,,
SPY250613P00600000,2025-06-16 11:17:32,,,
SPY250613P00601000,2025-06-16 11:17:32,,,
SPY250613P00599000,2025-06-16 11:17:37,,,
SPY250613P00600000,2025-06-16 11:17:37,,,
SPY250613P00601000,2025-06-16 11:17:37,,,
SPY250613P00599000,2025-06-16 11:17:41,,,
SPY250613P00600000,2025-06-16 11:17:41,,,
SPY250613P00601000,2025-06-16 11:17:41,,,
SPY250613P00599000,2025-06-16 11:17:45,,,
SPY250613P00600000,2025-06-16 11:17:45,,,
SPY250613P00601000,2025-06-16 11:17:45,,,
SPY250613P00599000,2025-06-16 11:17:49,,,
SPY250613P00600000,2025-06-16 11:17:49,,,
SPY250613P00601000,2025-06-16 11:17:49,,,
SPY250613P00599000,2025-06-16 11:17:53,,,
SPY250613P00600000,2025-06-16 11:17:53,,,
SPY250613P00601000,2025-06-16 11:17:53,,,
SPY250613P00599000,2025-06-16 11:17:57,,,
SPY250613P00600000,2025-06-16 11:17:57,,,
SPY250613P00601000,2025-06-16 11:17:57,,,
SPY250613P00599000,2025-06-16 11:18:02,,,
SPY250613P00600000,2025-06-16 11:18:02,,,
SPY250613P00601000,2025-06-16 11:18:02,,,
SPY250613P00599000,2025-06-16 11:18:06,,,
SPY250613P00600000,2025-06-16 11:18:06,,,
SPY250613P00601000,2025-06-16 11:18:06,,,
SPY250613P00599000,2025-06-16 11:18:10,,,
SPY250613P00600000,2025-06-16 11:18:10,,,
SPY250613P00601000,2025-06-16 11:18:10,,,
SPY250613P00599000,2025-06-16 11:18:14,,,
SPY250613P00600000,2025-06-16 11:18:14,,,
SPY250613P00601000,2025-06-16 11:18:14,,,
SPY250613P00599000,2025-06-16 11:18:18,,,
SPY250613P00600000,2025-06-16 11:18:18,,,
SPY250613P00601000,2025-06-16 11:18:18,,,
SPY250613P00599000,2025-06-16 11:18:22,,,
SPY250613P00600000,2025-06-16 11:18:22,,,
SPY250613P00601000,2025-06-16 11:18:22,,,
SPY250613P00599000,2025-06-16 11:18:27,,,
SPY250613P00600000,2025-06-16 11:18:27,,,
SPY250613P00601000,2025-06-16 11:18:27,,,
SPY250613P00599000,2025-06-16 11:18:31,,,
SPY250613P00600000,2025-06-16 11:18:31,,,
SPY250613P00601000,2025-06-16 11:18:31,,,
SPY250613P00599000,2025-06-16 11:18:35,,,
SPY250613P00600000,2025-06-16 11:18:35,,,
SPY250613P00601000,2025-06-16 11:18:35,,,
SPY250613P00599000,2025-06-16 11:18:39,,,
SPY250613P00600000,2025-06-16 11:18:39,,,
SPY250613P00601000,2025-06-16 11:18:39,,,
SPY250613P00599000,2025-06-16 11:18:43,,,
SPY250613P00600000,2025-06-16 11:18:43,,,
SPY250613P00601000,2025-06-16 11:18:43,,,
SPY250613P00599000,2025-06-16 11:18:47,,,
SPY250613P00600000,2025-06-16 11:18:47,,,
SPY250613P00601000,2025-06-16 11:18:47,,,
SPY250613P00599000,2025-06-16 11:18:51,,,
SPY250613P00600000,2025-06-16 11:18:51,,,
SPY250613P00601000,2025-06-16 11:18:51,,,
SPY250613P00599000,2025-06-16 11:18:55,,,
SPY250613P00600000,2025-06-16 11:18:55,,,
SPY250613P00601000,2025-06-16 11:18:55,,,
SPY250613P00599000,2025-06-16 11:19:00,,,
SPY250613P00600000,2025-06-16 11:19:00,,,
SPY250613P00601000,2025-06-16 11:19:00,,,
SPY250613P00599000,2025-06-16 11:19:04,,,
SPY250613P00600000,2025-06-16 11:19:04,,,
SPY250613P00601000,2025-06-16 11:19:04,,,
SPY250613P00599000,2025-06-16 11:19:08,,,
SPY250613P00600000,2025-06-16 11:19:08,,,
SPY250613P00601000,2025-06-16 11:19:08,,,
SPY250613P00599000,2025-06-16 11:19:12,,,
SPY250613P00600000,2025-06-16 11:19:12,,,
SPY250613P00601000,2025-06-16 11:19:12,,,
SPY250613P00599000,2025-06-16 11:19:16,,,
SPY250613P00600000,2025-06-16 11:19:16,,,
SPY250613P00601000,2025-06-16 11:19:16,,,
SPY250613P00599000,2025-06-16 11:19:20,,,
SPY250613P00600000,2025-06-16 11:19:20,,,
SPY250613P00601000,2025-06-16 11:19:20,,,
SPY250613P00599000,2025-06-16 11:19:25,,,
SPY250613P00600000,2025-06-16 11:19:25,,,
SPY250613P00601000,2025-06-16 11:19:25,,,
SPY250613P00599000,2025-06-16 11:19:29,,,
SPY250613P00600000,2025-06-16 11:19:29,,,
SPY250613P00601000,2025-06-16 11:19:29,,,
SPY250613P00599000,2025-06-16 11:19:33,,,
SPY250613P00600000,2025-06-16 11:19:33,,,
SPY250613P00601000,2025-06-16 11:19:33,,,
SPY250613P00599000,2025-06-16 11:19:37,,,
SPY250613P00600000,2025-06-16 11:19:37,,,
SPY250613P00601000,2025-06-16 11:19:37,,,
SPY250613P00599000,2025-06-16 11:19:41,,,
SPY250613P00600000,2025-06-16 11:19:41,,,
SPY250613P00601000,2025-06-16 11:19:41,,,
SPY250613P00599000,2025-06-16 11:19:45,,,
SPY250613P00600000,2025-06-16 11:19:45,,,
SPY250613P00601000,2025-06-16 11:19:45,,,
SPY250613P00599000,2025-06-16 11:19:50,,,
SPY250613P00600000,2025-06-16 11:19:50,,,
SPY250613P00601000,2025-06-16 11:19:50,,,
SPY250613P00599000,2025-06-16 11:19:54,,,
SPY250613P00600000,2025-06-16 11:19:54,,,
SPY250613P00601000,2025-06-16 11:19:54,,,
SPY250613P00599000,2025-06-16 11:19:59,,,
SPY250613P00600000,2025-06-16 11:19:59,,,
SPY250613P00601000,2025-06-16 11:19:59,,,
SPY250613P00599000,2025-06-16 11:20:03,,,
SPY250613P00600000,2025-06-16 11:20:03,,,
SPY250613P00601000,2025-06-16 11:20:03,,,
SPY250613P00599000,2025-06-16 11:20:07,,,
SPY250613P00600000,2025-06-16 11:20:07,,,
SPY250613P00601000,2025-06-16 11:20:07,,,
SPY250613P00599000,2025-06-16 11:20:11,,,
SPY250613P00600000,2025-06-16 11:20:11,,,
SPY250613P00601000,2025-06-16 11:20:11,,,
SPY250613P00599000,2025-06-16 11:20:15,,,
SPY250613P00600000,2025-06-16 11:20:15,,,
SPY250613P00601000,2025-06-16 11:20:15,,,
SPY250613P00599000,2025-06-16 11:20:19,,,
SPY250613P00600000,2025-06-16 11:20:19,,,
SPY250613P00601000,2025-06-16 11:20:19,,,
SPY250613P00599000,2025-06-16 11:20:23,,,
SPY250613P00600000,2025-06-16 11:20:23,,,
SPY250613P00601000,2025-06-16 11:20:23,,,
SPY250613P00599000,2025-06-16 11:20:28,,,
SPY250613P00600000,2025-06-16 11:20:28,,,
SPY250613P00601000,2025-06-16 11:20:28,,,
SPY250613P00599000,2025-06-16 11:20:32,,,
SPY250613P00600000,2025-06-16 11:20:32,,,
SPY250613P00601000,2025-06-16 11:20:32,,,
SPY250613P00599000,2025-06-16 11:20:36,,,
SPY250613P00600000,2025-06-16 11:20:36,,,
SPY250613P00601000,2025-06-16 11:20:36,,,
SPY250613P00599000,2025-06-16 11:20:40,,,
SPY250613P00600000,2025-06-16 11:20:40,,,
SPY250613P00601000,2025-06-16 11:20:40,,,
SPY250613P00599000,2025-06-16 11:20:44,,,
SPY250613P00600000,2025-06-16 11:20:44,,,
SPY250613P00601000,2025-06-16 11:20:44,,,
SPY250613P00599000,2025-06-16 11:20:48,,,
SPY250613P00600000,2025-06-16 11:20:48,,,
SPY250613P00601000,2025-06-16 11:20:48,,,
SPY250613P00599000,2025-06-16 11:20:53,,,
SPY250613P00600000,2025-06-16 11:20:53,,,
SPY250613P00601000,2025-06-16 11:20:53,,,
SPY250613P00599000,2025-06-16 11:20:57,,,
SPY250613P00600000,2025-06-16 11:20:57,,,
SPY250613P00601000,2025-06-16 11:20:57,,,
SPY250613P00599000,2025-06-16 11:21:01,,,
SPY250613P00600000,2025-06-16 11:21:01,,,
SPY250613P00601000,2025-06-16 11:21:01,,,
SPY250613P00599000,2025-06-16 11:21:05,,,
SPY250613P00600000,2025-06-16 11:21:05,,,
SPY250613P00601000,2025-06-16 11:21:05,,,
SPY250613P00599000,2025-06-16 11:21:10,,,
SPY250613P00600000,2025-06-16 11:21:10,,,
SPY250613P00601000,2025-06-16 11:21:10,,,
SPY250613P00599000,2025-06-16 11:21:14,,,
SPY250613P00600000,2025-06-16 11:21:14,,,
SPY250613P00601000,2025-06-16 11:21:14,,,
SPY250613P00599000,2025-06-16 11:21:18,,,
SPY250613P00600000,2025-06-16 11:21:18,,,
SPY250613P00601000,2025-06-16 11:21:18,,,
SPY250613P00599000,2025-06-16 11:21:22,,,
SPY250613P00600000,2025-06-16 11:21:22,,,
SPY250613P00601000,2025-06-16 11:21:22,,,
SPY250613P00599000,2025-06-16 11:21:26,,,
SPY250613P00600000,2025-06-16 11:21:26,,,
SPY250613P00601000,2025-06-16 11:21:26,,,
SPY250613P00599000,2025-06-16 11:21:30,,,
SPY250613P00600000,2025-06-16 11:21:30,,,
SPY250613P00601000,2025-06-16 11:21:30,,,
SPY250613P00599000,2025-06-16 11:21:35,,,
SPY250613P00600000,2025-06-16 11:21:35,,,
SPY250613P00601000,2025-06-16 11:21:35,,,
SPY250613P00599000,2025-06-16 11:21:39,,,
SPY250613P00600000,2025-06-16 11:21:39,,,
SPY250613P00601000,2025-06-16 11:21:39,,,
SPY250613P00599000,2025-06-16 11:21:43,,,
SPY250613P00600000,2025-06-16 11:21:43,,,
SPY250613P00601000,2025-06-16 11:21:43,,,
SPY250613P00599000,2025-06-16 11:21:47,,,
SPY250613P00600000,2025-06-16 11:21:47,,,
SPY250613P00601000,2025-06-16 11:21:47,,,
SPY250613P00599000,2025-06-16 11:21:51,,,
SPY250613P00600000,2025-06-16 11:21:51,,,
SPY250613P00601000,2025-06-16 11:21:51,,,
SPY250613P00599000,2025-06-16 11:21:55,,,
SPY250613P00600000,2025-06-16 11:21:55,,,
SPY250613P00601000,2025-06-16 11:21:55,,,
SPY250613P00599000,2025-06-16 11:22:00,,,
SPY250613P00600000,2025-06-16 11:22:00,,,
SPY250613P00601000,2025-06-16 11:22:00,,,
SPY250613P00599000,2025-06-16 11:22:04,,,
SPY250613P00600000,2025-06-16 11:22:04,,,
SPY250613P00601000,2025-06-16 11:22:04,,,
SPY250613P00599000,2025-06-16 11:22:08,,,
SPY250613P00600000,2025-06-16 11:22:08,,,
SPY250613P00601000,2025-06-16 11:22:08,,,
SPY250613P00599000,2025-06-16 11:22:12,,,
SPY250613P00600000,2025-06-16 11:22:12,,,
SPY250613P00601000,2025-06-16 11:22:12,,,
SPY250613P00599000,2025-06-16 11:22:16,,,
SPY250613P00600000,2025-06-16 11:22:16,,,
SPY250613P00601000,2025-06-16 11:22:16,,,
SPY250613P00599000,2025-06-16 11:22:20,,,
SPY250613P00600000,2025-06-16 11:22:20,,,
SPY250613P00601000,2025-06-16 11:22:20,,,
SPY250613P00599000,2025-06-16 11:22:25,,,
SPY250613P00600000,2025-06-16 11:22:25,,,
SPY250613P00601000,2025-06-16 11:22:25,,,
SPY250613P00599000,2025-06-16 11:22:29,,,
SPY250613P00600000,2025-06-16 11:22:29,,,
SPY250613P00601000,2025-06-16 11:22:29,,,
SPY250613P00599000,2025-06-16 11:22:33,,,
SPY250613P00600000,2025-06-16 11:22:33,,,
SPY250613P00601000,2025-06-16 11:22:33,,,
SPY250613P00599000,2025-06-16 11:22:37,,,
SPY250613P00600000,2025-06-16 11:22:37,,,
SPY250613P00601000,2025-06-16 11:22:37,,,
SPY250613P00599000,2025-06-16 11:22:41,,,
SPY250613P00600000,2025-06-16 11:22:41,,,
SPY250613P00601000,2025-06-16 11:22:41,,,
SPY250613P00599000,2025-06-16 11:22:46,,,
SPY250613P00600000,2025-06-16 11:22:46,,,
SPY250613P00601000,2025-06-16 11:22:46,,,
SPY250613P00599000,2025-06-16 11:22:50,,,
SPY250613P00600000,2025-06-16 11:22:50,,,
SPY250613P00601000,2025-06-16 11:22:50,,,
SPY250613P00599000,2025-06-16 11:22:54,,,
SPY250613P00600000,2025-06-16 11:22:54,,,
SPY250613P00601000,2025-06-16 11:22:54,,,
SPY250613P00599000,2025-06-16 11:22:58,,,
SPY250613P00600000,2025-06-16 11:22:58,,,
SPY250613P00601000,2025-06-16 11:22:58,,,
SPY250613P00599000,2025-06-16 11:23:02,,,
SPY250613P00600000,2025-06-16 11:23:02,,,
SPY250613P00601000,2025-06-16 11:23:02,,,
SPY250613P00599000,2025-06-16 11:23:07,,,
SPY250613P00600000,2025-06-16 11:23:07,,,
SPY250613P00601000,2025-06-16 11:23:07,,,
SPY250613P00599000,2025-06-16 11:23:11,,,
SPY250613P00600000,2025-06-16 11:23:11,,,
SPY250613P00601000,2025-06-16 11:23:11,,,
SPY250613P00599000,2025-06-16 11:23:15,,,
SPY250613P00600000,2025-06-16 11:23:15,,,
SPY250613P00601000,2025-06-16 11:23:15,,,
SPY250613P00599000,2025-06-16 11:23:19,,,
SPY250613P00600000,2025-06-16 11:23:19,,,
SPY250613P00601000,2025-06-16 11:23:19,,,
SPY250613P00599000,2025-06-16 11:23:23,,,
SPY250613P00600000,2025-06-16 11:23:23,,,
SPY250613P00601000,2025-06-16 11:23:23,,,
SPY250613P00599000,2025-06-16 11:23:27,,,
SPY250613P00600000,2025-06-16 11:23:27,,,
SPY250613P00601000,2025-06-16 11:23:27,,,
SPY250613P00599000,2025-06-16 11:23:32,,,
SPY250613P00600000,2025-06-16 11:23:32,,,
SPY250613P00601000,2025-06-16 11:23:32,,,
SPY250613P00599000,2025-06-16 11:23:36,,,
SPY250613P00600000,2025-06-16 11:23:36,,,
SPY250613P00601000,2025-06-16 11:23:36,,,
SPY250613P00599000,2025-06-16 11:23:40,,,
SPY250613P00600000,2025-06-16 11:23:40,,,
SPY250613P00601000,2025-06-16 11:23:40,,,
SPY250613P00599000,2025-06-16 11:23:44,,,
SPY250613P00600000,2025-06-16 11:23:44,,,
SPY250613P00601000,2025-06-16 11:23:44,,,
SPY250613P00599000,2025-06-16 11:23:48,,,
SPY250613P00600000,2025-06-16 11:23:48,,,
SPY250613P00601000,2025-06-16 11:23:48,,,
SPY250613P00599000,2025-06-16 11:23:52,,,
SPY250613P00600000,2025-06-16 11:23:52,,,
SPY250613P00601000,2025-06-16 11:23:52,,,
SPY250613P00599000,2025-06-16 11:23:56,,,
SPY250613P00600000,2025-06-16 11:23:56,,,
SPY250613P00601000,2025-06-16 11:23:56,,,
SPY250613P00599000,2025-06-16 11:24:01,,,
SPY250613P00600000,2025-06-16 11:24:01,,,
SPY250613P00601000,2025-06-16 11:24:01,,,
SPY250613P00599000,2025-06-16 11:24:05,,,
SPY250613P00600000,2025-06-16 11:24:05,,,
SPY250613P00601000,2025-06-16 11:24:05,,,
SPY250613P00599000,2025-06-16 11:24:09,,,
SPY250613P00600000,2025-06-16 11:24:09,,,
SPY250613P00601000,2025-06-16 11:24:09,,,
SPY250613P00599000,2025-06-16 11:24:13,,,
SPY250613P00600000,2025-06-16 11:24:13,,,
SPY250613P00601000,2025-06-16 11:24:13,,,
SPY250613P00599000,2025-06-16 11:24:17,,,
SPY250613P00600000,2025-06-16 11:24:17,,,
SPY250613P00601000,2025-06-16 11:24:17,,,
SPY250613P00599000,2025-06-16 11:24:21,,,
SPY250613P00600000,2025-06-16 11:24:21,,,
SPY250613P00601000,2025-06-16 11:24:21,,,
SPY250613P00599000,2025-06-16 11:24:25,,,
SPY250613P00600000,2025-06-16 11:24:25,,,
SPY250613P00601000,2025-06-16 11:24:25,,,
SPY250613P00599000,2025-06-16 11:24:30,,,
SPY250613P00600000,2025-06-16 11:24:30,,,
SPY250613P00601000,2025-06-16 11:24:30,,,
SPY250613P00599000,2025-06-16 11:24:34,,,
SPY250613P00600000,2025-06-16 11:24:34,,,
SPY250613P00601000,2025-06-16 11:24:34,,,
SPY250613P00599000,2025-06-16 11:24:38,,,
SPY250613P00600000,2025-06-16 11:24:38,,,
SPY250613P00601000,2025-06-16 11:24:38,,,
SPY250613P00599000,2025-06-16 11:24:42,,,
SPY250613P00600000,2025-06-16 11:24:42,,,
SPY250613P00601000,2025-06-16 11:24:42,,,
SPY250613P00599000,2025-06-16 11:24:47,,,
SPY250613P00600000,2025-06-16 11:24:47,,,
SPY250613P00601000,2025-06-16 11:24:47,,,
SPY250613P00599000,2025-06-16 11:24:51,,,
SPY250613P00600000,2025-06-16 11:24:51,,,
SPY250613P00601000,2025-06-16 11:24:51,,,
SPY250613P00599000,2025-06-16 11:24:55,,,
SPY250613P00600000,2025-06-16 11:24:55,,,
SPY250613P00601000,2025-06-16 11:24:55,,,
SPY250613P00599000,2025-06-16 11:25:00,,,
SPY250613P00600000,2025-06-16 11:25:00,,,
SPY250613P00601000,2025-06-16 11:25:00,,,
SPY250613P00599000,2025-06-16 11:25:04,,,
SPY250613P00600000,2025-06-16 11:25:04,,,
SPY250613P00601000,2025-06-16 11:25:04,,,
SPY250613P00599000,2025-06-16 11:25:08,,,
SPY250613P00600000,2025-06-16 11:25:08,,,
SPY250613P00601000,2025-06-16 11:25:08,,,
SPY250613P00599000,2025-06-16 11:25:13,,,
SPY250613P00600000,2025-06-16 11:25:13,,,
SPY250613P00601000,2025-06-16 11:25:13,,,
SPY250613P00599000,2025-06-16 11:25:17,,,
SPY250613P00600000,2025-06-16 11:25:17,,,
SPY250613P00601000,2025-06-16 11:25:17,,,
SPY250613P00599000,2025-06-16 11:25:21,,,
SPY250613P00600000,2025-06-16 11:25:21,,,
SPY250613P00601000,2025-06-16 11:25:21,,,
SPY250613P00599000,2025-06-16 11:25:25,,,
SPY250613P00600000,2025-06-16 11:25:25,,,
SPY250613P00601000,2025-06-16 11:25:25,,,
SPY250613P00599000,2025-06-16 11:25:30,,,
SPY250613P00600000,2025-06-16 11:25:30,,,
SPY250613P00601000,2025-06-16 11:25:30,,,
SPY250613P00599000,2025-06-16 11:25:34,,,
SPY250613P00600000,2025-06-16 11:25:34,,,
SPY250613P00601000,2025-06-16 11:25:34,,,
SPY250613P00599000,2025-06-16 11:25:38,,,
SPY250613P00600000,2025-06-16 11:25:38,,,
SPY250613P00601000,2025-06-16 11:25:38,,,
SPY250613P00599000,2025-06-16 11:25:42,,,
SPY250613P00600000,2025-06-16 11:25:42,,,
SPY250613P00601000,2025-06-16 11:25:42,,,
SPY250613P00599000,2025-06-16 11:25:46,,,
SPY250613P00600000,2025-06-16 11:25:46,,,
SPY250613P00601000,2025-06-16 11:25:46,,,
SPY250613P00599000,2025-06-16 11:25:51,,,
SPY250613P00600000,2025-06-16 11:25:51,,,
SPY250613P00601000,2025-06-16 11:25:51,,,
SPY250613P00599000,2025-06-16 11:25:55,,,
SPY250613P00600000,2025-06-16 11:25:55,,,
SPY250613P00601000,2025-06-16 11:25:55,,,
SPY250613P00599000,2025-06-16 11:25:59,,,
SPY250613P00600000,2025-06-16 11:25:59,,,
SPY250613P00601000,2025-06-16 11:25:59,,,
SPY250613P00599000,2025-06-16 11:26:04,,,
SPY250613P00600000,2025-06-16 11:26:04,,,
SPY250613P00601000,2025-06-16 11:26:04,,,
SPY250613P00599000,2025-06-16 11:26:08,,,
SPY250613P00600000,2025-06-16 11:26:08,,,
SPY250613P00601000,2025-06-16 11:26:08,,,
SPY250613P00599000,2025-06-16 11:26:12,,,
SPY250613P00600000,2025-06-16 11:26:12,,,
SPY250613P00601000,2025-06-16 11:26:12,,,
SPY250613P00599000,2025-06-16 11:26:16,,,
SPY250613P00600000,2025-06-16 11:26:16,,,
SPY250613P00601000,2025-06-16 11:26:16,,,
SPY250613P00599000,2025-06-16 11:26:21,,,
SPY250613P00600000,2025-06-16 11:26:21,,,
SPY250613P00601000,2025-06-16 11:26:21,,,
SPY250613P00599000,2025-06-16 11:26:25,,,
SPY250613P00600000,2025-06-16 11:26:25,,,
SPY250613P00601000,2025-06-16 11:26:25,,,
SPY250613P00599000,2025-06-16 11:26:29,,,
SPY250613P00600000,2025-06-16 11:26:29,,,
SPY250613P00601000,2025-06-16 11:26:29,,,
SPY250613P00599000,2025-06-16 11:26:33,,,
SPY250613P00600000,2025-06-16 11:26:33,,,
SPY250613P00601000,2025-06-16 11:26:33,,,
SPY250613P00599000,2025-06-16 11:26:37,,,
SPY250613P00600000,2025-06-16 11:26:37,,,
SPY250613P00601000,2025-06-16 11:26:37,,,
SPY250613P00599000,2025-06-16 11:26:41,,,
SPY250613P00600000,2025-06-16 11:26:41,,,
SPY250613P00601000,2025-06-16 11:26:41,,,
SPY250613P00599000,2025-06-16 11:26:46,,,
SPY250613P00600000,2025-06-16 11:26:46,,,
SPY250613P00601000,2025-06-16 11:26:46,,,
SPY250613P00599000,2025-06-16 11:26:50,,,
SPY250613P00600000,2025-06-16 11:26:50,,,
SPY250613P00601000,2025-06-16 11:26:50,,,
SPY250613P00599000,2025-06-16 11:26:54,,,
SPY250613P00600000,2025-06-16 11:26:54,,,
SPY250613P00601000,2025-06-16 11:26:54,,,
SPY250613P00599000,2025-06-16 11:26:58,,,
SPY250613P00600000,2025-06-16 11:26:58,,,
SPY250613P00601000,2025-06-16 11:26:58,,,
SPY250613P00599000,2025-06-16 11:27:02,,,
SPY250613P00600000,2025-06-16 11:27:02,,,
SPY250613P00601000,2025-06-16 11:27:02,,,
SPY250613P00599000,2025-06-16 11:27:06,,,
SPY250613P00600000,2025-06-16 11:27:06,,,
SPY250613P00601000,2025-06-16 11:27:06,,,
SPY250613P00599000,2025-06-16 11:27:10,,,
SPY250613P00600000,2025-06-16 11:27:10,,,
SPY250613P00601000,2025-06-16 11:27:10,,,
SPY250613P00599000,2025-06-16 11:27:15,,,
SPY250613P00600000,2025-06-16 11:27:15,,,
SPY250613P00601000,2025-06-16 11:27:15,,,
SPY250613P00599000,2025-06-16 11:27:19,,,
SPY250613P00600000,2025-06-16 11:27:19,,,
SPY250613P00601000,2025-06-16 11:27:19,,,
SPY250613P00599000,2025-06-16 11:27:23,,,
SPY250613P00600000,2025-06-16 11:27:23,,,
SPY250613P00601000,2025-06-16 11:27:23,,,
SPY250613P00599000,2025-06-16 11:27:27,,,
SPY250613P00600000,2025-06-16 11:27:27,,,
SPY250613P00601000,2025-06-16 11:27:27,,,
SPY250613P00599000,2025-06-16 11:27:31,,,
SPY250613P00600000,2025-06-16 11:27:31,,,
SPY250613P00601000,2025-06-16 11:27:31,,,
SPY250613P00599000,2025-06-16 11:27:35,,,
SPY250613P00600000,2025-06-16 11:27:35,,,
SPY250613P00601000,2025-06-16 11:27:35,,,
SPY250613P00599000,2025-06-16 11:27:40,,,
SPY250613P00600000,2025-06-16 11:27:40,,,
SPY250613P00601000,2025-06-16 11:27:40,,,
SPY250613P00599000,2025-06-16 11:27:44,,,
SPY250613P00600000,2025-06-16 11:27:44,,,
SPY250613P00601000,2025-06-16 11:27:44,,,
SPY250613P00599000,2025-06-16 11:27:48,,,
SPY250613P00600000,2025-06-16 11:27:48,,,
SPY250613P00601000,2025-06-16 11:27:48,,,
SPY250613P00599000,2025-06-16 11:27:52,,,
SPY250613P00600000,2025-06-16 11:27:52,,,
SPY250613P00601000,2025-06-16 11:27:52,,,
SPY250613P00599000,2025-06-16 11:27:56,,,
SPY250613P00600000,2025-06-16 11:27:56,,,
SPY250613P00601000,2025-06-16 11:27:56,,,
SPY250613P00599000,2025-06-16 11:28:00,,,
SPY250613P00600000,2025-06-16 11:28:00,,,
SPY250613P00601000,2025-06-16 11:28:00,,,
SPY250613P00599000,2025-06-16 11:28:05,,,
SPY250613P00600000,2025-06-16 11:28:05,,,
SPY250613P00601000,2025-06-16 11:28:05,,,
SPY250613P00599000,2025-06-16 11:28:09,,,
SPY250613P00600000,2025-06-16 11:28:09,,,
SPY250613P00601000,2025-06-16 11:28:09,,,
SPY250613P00599000,2025-06-16 11:28:13,,,
SPY250613P00600000,2025-06-16 11:28:13,,,
SPY250613P00601000,2025-06-16 11:28:13,,,
SPY250613P00599000,2025-06-16 11:28:18,,,
SPY250613P00600000,2025-06-16 11:28:18,,,
SPY250613P00601000,2025-06-16 11:28:18,,,
SPY250613P00599000,2025-06-16 11:28:22,,,
SPY250613P00600000,2025-06-16 11:28:22,,,
SPY250613P00601000,2025-06-16 11:28:22,,,
SPY250613P00599000,2025-06-16 11:28:26,,,
SPY250613P00600000,2025-06-16 11:28:26,,,
SPY250613P00601000,2025-06-16 11:28:26,,,
SPY250613P00599000,2025-06-16 11:28:30,,,
SPY250613P00600000,2025-06-16 11:28:30,,,
SPY250613P00601000,2025-06-16 11:28:30,,,
SPY250613P00599000,2025-06-16 11:28:34,,,
SPY250613P00600000,2025-06-16 11:28:34,,,
SPY250613P00601000,2025-06-16 11:28:34,,,
SPY250613P00599000,2025-06-16 11:28:39,,,
SPY250613P00600000,2025-06-16 11:28:39,,,
SPY250613P00601000,2025-06-16 11:28:39,,,
SPY250613P00599000,2025-06-16 11:28:43,,,
SPY250613P00600000,2025-06-16 11:28:43,,,
SPY250613P00601000,2025-06-16 11:28:43,,,
SPY250613P00599000,2025-06-16 11:28:47,,,
SPY250613P00600000,2025-06-16 11:28:47,,,
SPY250613P00601000,2025-06-16 11:28:47,,,
SPY250613P00599000,2025-06-16 11:28:51,,,
SPY250613P00600000,2025-06-16 11:28:51,,,
SPY250613P00601000,2025-06-16 11:28:51,,,
SPY250613P00599000,2025-06-16 11:28:55,,,
SPY250613P00600000,2025-06-16 11:28:55,,,
SPY250613P00601000,2025-06-16 11:28:55,,,
SPY250613P00599000,2025-06-16 11:28:59,,,
SPY250613P00600000,2025-06-16 11:28:59,,,
SPY250613P00601000,2025-06-16 11:28:59,,,
SPY250613P00599000,2025-06-16 11:29:04,,,
SPY250613P00600000,2025-06-16 11:29:04,,,
SPY250613P00601000,2025-06-16 11:29:04,,,
SPY250613P00599000,2025-06-16 11:29:08,,,
SPY250613P00600000,2025-06-16 11:29:08,,,
SPY250613P00601000,2025-06-16 11:29:08,,,
SPY250613P00599000,2025-06-16 11:29:12,,,
SPY250613P00600000,2025-06-16 11:29:12,,,
SPY250613P00601000,2025-06-16 11:29:12,,,
SPY250613P00599000,2025-06-16 11:29:16,,,
SPY250613P00600000,2025-06-16 11:29:16,,,
SPY250613P00601000,2025-06-16 11:29:16,,,
SPY250613P00599000,2025-06-16 11:29:21,,,
SPY250613P00600000,2025-06-16 11:29:21,,,
SPY250613P00601000,2025-06-16 11:29:21,,,
SPY250613P00599000,2025-06-16 11:29:25,,,
SPY250613P00600000,2025-06-16 11:29:25,,,
SPY250613P00601000,2025-06-16 11:29:25,,,
SPY250613P00599000,2025-06-16 11:29:29,,,
SPY250613P00600000,2025-06-16 11:29:29,,,
SPY250613P00601000,2025-06-16 11:29:29,,,
SPY250613P00599000,2025-06-16 11:29:33,,,
SPY250613P00600000,2025-06-16 11:29:33,,,
SPY250613P00601000,2025-06-16 11:29:33,,,
SPY250613P00599000,2025-06-16 11:29:37,,,
SPY250613P00600000,2025-06-16 11:29:37,,,
SPY250613P00601000,2025-06-16 11:29:37,,,
SPY250613P00599000,2025-06-16 11:29:42,,,
SPY250613P00600000,2025-06-16 11:29:42,,,
SPY250613P00601000,2025-06-16 11:29:42,,,
SPY250613P00599000,2025-06-16 11:29:46,,,
SPY250613P00600000,2025-06-16 11:29:46,,,
SPY250613P00601000,2025-06-16 11:29:46,,,
SPY250613P00599000,2025-06-16 11:29:50,,,
SPY250613P00600000,2025-06-16 11:29:50,,,
SPY250613P00601000,2025-06-16 11:29:50,,,
SPY250613P00599000,2025-06-16 11:29:54,,,
SPY250613P00600000,2025-06-16 11:29:54,,,
SPY250613P00601000,2025-06-16 11:29:54,,,
SPY250613P00599000,2025-06-16 11:29:58,,,
SPY250613P00600000,2025-06-16 11:29:58,,,
SPY250613P00601000,2025-06-16 11:29:58,,,
SPY250613P00599000,2025-06-16 11:30:03,,,
SPY250613P00600000,2025-06-16 11:30:03,,,
SPY250613P00601000,2025-06-16 11:30:03,,,
SPY250613P00599000,2025-06-16 11:30:07,,,
SPY250613P00600000,2025-06-16 11:30:07,,,
SPY250613P00601000,2025-06-16 11:30:07,,,
SPY250613P00599000,2025-06-16 11:30:11,,,
SPY250613P00600000,2025-06-16 11:30:11,,,
SPY250613P00601000,2025-06-16 11:30:11,,,
SPY250613P00599000,2025-06-16 11:30:17,,,
SPY250613P00600000,2025-06-16 11:30:17,,,
SPY250613P00601000,2025-06-16 11:30:17,,,
SPY250613P00599000,2025-06-16 11:30:21,,,
SPY250613P00600000,2025-06-16 11:30:21,,,
SPY250613P00601000,2025-06-16 11:30:21,,,
SPY250613P00599000,2025-06-16 11:30:25,,,
SPY250613P00600000,2025-06-16 11:30:25,,,
SPY250613P00601000,2025-06-16 11:30:25,,,
SPY250613P00599000,2025-06-16 11:30:29,,,
SPY250613P00600000,2025-06-16 11:30:29,,,
SPY250613P00601000,2025-06-16 11:30:29,,,
SPY250613P00599000,2025-06-16 11:30:34,,,
SPY250613P00600000,2025-06-16 11:30:34,,,
SPY250613P00601000,2025-06-16 11:30:34,,,
SPY250613P00599000,2025-06-16 11:30:38,,,
SPY250613P00600000,2025-06-16 11:30:38,,,
SPY250613P00601000,2025-06-16 11:30:38,,,
SPY250613P00599000,2025-06-16 11:30:42,,,
SPY250613P00600000,2025-06-16 11:30:42,,,
SPY250613P00601000,2025-06-16 11:30:42,,,
SPY250613P00599000,2025-06-16 11:30:46,,,
SPY250613P00600000,2025-06-16 11:30:46,,,
SPY250613P00601000,2025-06-16 11:30:46,,,
SPY250613P00599000,2025-06-16 11:30:50,,,
SPY250613P00600000,2025-06-16 11:30:50,,,
SPY250613P00601000,2025-06-16 11:30:50,,,
SPY250613P00599000,2025-06-16 11:30:55,,,
SPY250613P00600000,2025-06-16 11:30:55,,,
SPY250613P00601000,2025-06-16 11:30:55,,,
SPY250613P00599000,2025-06-16 11:30:59,,,
SPY250613P00600000,2025-06-16 11:30:59,,,
SPY250613P00601000,2025-06-16 11:30:59,,,
SPY250613P00599000,2025-06-16 11:31:03,,,
SPY250613P00600000,2025-06-16 11:31:03,,,
SPY250613P00601000,2025-06-16 11:31:03,,,
SPY250613P00599000,2025-06-16 11:31:07,,,
SPY250613P00600000,2025-06-16 11:31:07,,,
SPY250613P00601000,2025-06-16 11:31:07,,,
SPY250613P00599000,2025-06-16 11:31:12,,,
SPY250613P00600000,2025-06-16 11:31:12,,,
SPY250613P00601000,2025-06-16 11:31:12,,,
SPY250613P00599000,2025-06-16 11:31:16,,,
SPY250613P00600000,2025-06-16 11:31:16,,,
SPY250613P00601000,2025-06-16 11:31:16,,,
SPY250613P00599000,2025-06-16 11:31:20,,,
SPY250613P00600000,2025-06-16 11:31:20,,,
SPY250613P00601000,2025-06-16 11:31:20,,,
SPY250613P00599000,2025-06-16 11:31:24,,,
SPY250613P00600000,2025-06-16 11:31:24,,,
SPY250613P00601000,2025-06-16 11:31:24,,,
SPY250613P00599000,2025-06-16 11:31:28,,,
SPY250613P00600000,2025-06-16 11:31:28,,,
SPY250613P00601000,2025-06-16 11:31:28,,,
SPY250613P00599000,2025-06-16 11:31:33,,,
SPY250613P00600000,2025-06-16 11:31:33,,,
SPY250613P00601000,2025-06-16 11:31:33,,,
SPY250613P00599000,2025-06-16 11:31:38,,,
SPY250613P00600000,2025-06-16 11:31:38,,,
SPY250613P00601000,2025-06-16 11:31:38,,,
SPY250613P00599000,2025-06-16 11:31:42,,,
SPY250613P00600000,2025-06-16 11:31:42,,,
SPY250613P00601000,2025-06-16 11:31:42,,,
SPY250613P00599000,2025-06-16 11:31:46,,,
SPY250613P00600000,2025-06-16 11:31:46,,,
SPY250613P00601000,2025-06-16 11:31:46,,,
SPY250613P00599000,2025-06-16 11:31:50,,,
SPY250613P00600000,2025-06-16 11:31:50,,,
SPY250613P00601000,2025-06-16 11:31:50,,,
SPY250613P00599000,2025-06-16 11:31:54,,,
SPY250613P00600000,2025-06-16 11:31:54,,,
SPY250613P00601000,2025-06-16 11:31:54,,,
SPY250613P00599000,2025-06-16 11:31:59,,,
SPY250613P00600000,2025-06-16 11:31:59,,,
SPY250613P00601000,2025-06-16 11:31:59,,,
SPY250613P00599000,2025-06-16 11:32:03,,,
SPY250613P00600000,2025-06-16 11:32:03,,,
SPY250613P00601000,2025-06-16 11:32:03,,,
SPY250613P00599000,2025-06-16 11:32:07,,,
SPY250613P00600000,2025-06-16 11:32:07,,,
SPY250613P00601000,2025-06-16 11:32:07,,,
SPY250613P00599000,2025-06-16 11:32:11,,,
SPY250613P00600000,2025-06-16 11:32:11,,,
SPY250613P00601000,2025-06-16 11:32:11,,,
SPY250613P00599000,2025-06-16 11:32:16,,,
SPY250613P00600000,2025-06-16 11:32:16,,,
SPY250613P00601000,2025-06-16 11:32:16,,,
SPY250613P00599000,2025-06-16 11:32:20,,,
SPY250613P00600000,2025-06-16 11:32:20,,,
SPY250613P00601000,2025-06-16 11:32:20,,,
SPY250613P00599000,2025-06-16 11:32:24,,,
SPY250613P00600000,2025-06-16 11:32:24,,,
SPY250613P00601000,2025-06-16 11:32:24,,,
SPY250613P00599000,2025-06-16 11:32:28,,,
SPY250613P00600000,2025-06-16 11:32:28,,,
SPY250613P00601000,2025-06-16 11:32:28,,,
SPY250613P00599000,2025-06-16 11:32:33,,,
SPY250613P00600000,2025-06-16 11:32:33,,,
SPY250613P00601000,2025-06-16 11:32:33,,,
SPY250613P00599000,2025-06-16 11:32:37,,,
SPY250613P00600000,2025-06-16 11:32:37,,,
SPY250613P00601000,2025-06-16 11:32:37,,,
SPY250613P00599000,2025-06-16 11:32:41,,,
SPY250613P00600000,2025-06-16 11:32:41,,,
SPY250613P00601000,2025-06-16 11:32:41,,,
SPY250613P00599000,2025-06-16 11:32:45,,,
SPY250613P00600000,2025-06-16 11:32:45,,,
SPY250613P00601000,2025-06-16 11:32:45,,,
SPY250613P00599000,2025-06-16 11:32:50,,,
SPY250613P00600000,2025-06-16 11:32:50,,,
SPY250613P00601000,2025-06-16 11:32:50,,,
SPY250613P00599000,2025-06-16 11:32:54,,,
SPY250613P00600000,2025-06-16 11:32:54,,,
SPY250613P00601000,2025-06-16 11:32:54,,,
SPY250613P00599000,2025-06-16 11:32:58,,,
SPY250613P00600000,2025-06-16 11:32:58,,,
SPY250613P00601000,2025-06-16 11:32:58,,,
SPY250613P00599000,2025-06-16 11:33:02,,,
SPY250613P00600000,2025-06-16 11:33:02,,,
SPY250613P00601000,2025-06-16 11:33:02,,,
SPY250613P00599000,2025-06-16 11:33:06,,,
SPY250613P00600000,2025-06-16 11:33:06,,,
SPY250613P00601000,2025-06-16 11:33:06,,,
SPY250613P00599000,2025-06-16 11:33:10,,,
SPY250613P00600000,2025-06-16 11:33:10,,,
SPY250613P00601000,2025-06-16 11:33:10,,,
SPY250613P00599000,2025-06-16 11:33:15,,,
SPY250613P00600000,2025-06-16 11:33:15,,,
SPY250613P00601000,2025-06-16 11:33:15,,,
SPY250613P00599000,2025-06-16 11:33:19,,,
SPY250613P00600000,2025-06-16 11:33:19,,,
SPY250613P00601000,2025-06-16 11:33:19,,,
SPY250613P00599000,2025-06-16 11:33:23,,,
SPY250613P00600000,2025-06-16 11:33:23,,,
SPY250613P00601000,2025-06-16 11:33:23,,,
SPY250613P00599000,2025-06-16 11:33:27,,,
SPY250613P00600000,2025-06-16 11:33:27,,,
SPY250613P00601000,2025-06-16 11:33:27,,,
SPY250613P00599000,2025-06-16 11:33:31,,,
SPY250613P00600000,2025-06-16 11:33:31,,,
SPY250613P00601000,2025-06-16 11:33:31,,,
SPY250613P00599000,2025-06-16 11:33:35,,,
SPY250613P00600000,2025-06-16 11:33:35,,,
SPY250613P00601000,2025-06-16 11:33:35,,,
SPY250613P00599000,2025-06-16 11:33:40,,,
SPY250613P00600000,2025-06-16 11:33:40,,,
SPY250613P00601000,2025-06-16 11:33:40,,,
SPY250613P00599000,2025-06-16 11:33:44,,,
SPY250613P00600000,2025-06-16 11:33:44,,,
SPY250613P00601000,2025-06-16 11:33:44,,,
SPY250613P00599000,2025-06-16 11:33:48,,,
SPY250613P00600000,2025-06-16 11:33:48,,,
SPY250613P00601000,2025-06-16 11:33:48,,,
SPY250613P00599000,2025-06-16 11:33:52,,,
SPY250613P00600000,2025-06-16 11:33:52,,,
SPY250613P00601000,2025-06-16 11:33:52,,,
SPY250613P00599000,2025-06-16 11:33:56,,,
SPY250613P00600000,2025-06-16 11:33:56,,,
SPY250613P00601000,2025-06-16 11:33:56,,,
SPY250613P00599000,2025-06-16 11:34:00,,,
SPY250613P00600000,2025-06-16 11:34:00,,,
SPY250613P00601000,2025-06-16 11:34:00,,,
SPY250613P00599000,2025-06-16 11:34:05,,,
SPY250613P00600000,2025-06-16 11:34:05,,,
SPY250613P00601000,2025-06-16 11:34:05,,,
SPY250613P00599000,2025-06-16 11:34:09,,,
SPY250613P00600000,2025-06-16 11:34:09,,,
SPY250613P00601000,2025-06-16 11:34:09,,,
SPY250613P00599000,2025-06-16 11:34:13,,,
SPY250613P00600000,2025-06-16 11:34:13,,,
SPY250613P00601000,2025-06-16 11:34:13,,,
SPY250613P00599000,2025-06-16 11:34:17,,,
SPY250613P00600000,2025-06-16 11:34:17,,,
SPY250613P00601000,2025-06-16 11:34:17,,,
SPY250613P00599000,2025-06-16 11:34:22,,,
SPY250613P00600000,2025-06-16 11:34:22,,,
SPY250613P00601000,2025-06-16 11:34:22,,,
SPY250613P00599000,2025-06-16 11:34:26,,,
SPY250613P00600000,2025-06-16 11:34:26,,,
SPY250613P00601000,2025-06-16 11:34:26,,,
SPY250613P00599000,2025-06-16 11:34:30,,,
SPY250613P00600000,2025-06-16 11:34:30,,,
SPY250613P00601000,2025-06-16 11:34:30,,,
SPY250613P00599000,2025-06-16 11:34:34,,,
SPY250613P00600000,2025-06-16 11:34:34,,,
SPY250613P00601000,2025-06-16 11:34:34,,,
SPY250613P00599000,2025-06-16 11:34:38,,,
SPY250613P00600000,2025-06-16 11:34:38,,,
SPY250613P00601000,2025-06-16 11:34:38,,,
SPY250613P00599000,2025-06-16 11:34:43,,,
SPY250613P00600000,2025-06-16 11:34:43,,,
SPY250613P00601000,2025-06-16 11:34:43,,,
SPY250613P00599000,2025-06-16 11:34:47,,,
SPY250613P00600000,2025-06-16 11:34:47,,,
SPY250613P00601000,2025-06-16 11:34:47,,,
SPY250613P00599000,2025-06-16 11:34:51,,,
SPY250613P00600000,2025-06-16 11:34:51,,,
SPY250613P00601000,2025-06-16 11:34:51,,,
SPY250613P00599000,2025-06-16 11:34:55,,,
SPY250613P00600000,2025-06-16 11:34:55,,,
SPY250613P00601000,2025-06-16 11:34:55,,,
SPY250613P00599000,2025-06-16 11:34:59,,,
SPY250613P00600000,2025-06-16 11:34:59,,,
SPY250613P00601000,2025-06-16 11:34:59,,,
SPY250613P00599000,2025-06-16 11:35:04,,,
SPY250613P00600000,2025-06-16 11:35:04,,,
SPY250613P00601000,2025-06-16 11:35:04,,,
SPY250613P00599000,2025-06-16 11:35:08,,,
SPY250613P00600000,2025-06-16 11:35:08,,,
SPY250613P00601000,2025-06-16 11:35:08,,,
SPY250613P00599000,2025-06-16 11:35:12,,,
SPY250613P00600000,2025-06-16 11:35:12,,,
SPY250613P00601000,2025-06-16 11:35:12,,,
SPY250613P00599000,2025-06-16 11:35:16,,,
SPY250613P00600000,2025-06-16 11:35:16,,,
SPY250613P00601000,2025-06-16 11:35:16,,,
SPY250613P00599000,2025-06-16 11:35:20,,,
SPY250613P00600000,2025-06-16 11:35:20,,,
SPY250613P00601000,2025-06-16 11:35:20,,,
SPY250613P00599000,2025-06-16 11:35:25,,,
SPY250613P00600000,2025-06-16 11:35:25,,,
SPY250613P00601000,2025-06-16 11:35:25,,,
SPY250613P00599000,2025-06-16 11:35:29,,,
SPY250613P00600000,2025-06-16 11:35:29,,,
SPY250613P00601000,2025-06-16 11:35:29,,,
SPY250613P00599000,2025-06-16 11:35:33,,,
SPY250613P00600000,2025-06-16 11:35:33,,,
SPY250613P00601000,2025-06-16 11:35:33,,,
SPY250613P00599000,2025-06-16 11:35:37,,,
SPY250613P00600000,2025-06-16 11:35:37,,,
SPY250613P00601000,2025-06-16 11:35:37,,,
SPY250613P00599000,2025-06-16 11:35:41,,,
SPY250613P00600000,2025-06-16 11:35:41,,,
SPY250613P00601000,2025-06-16 11:35:41,,,
SPY250613P00599000,2025-06-16 11:35:46,,,
SPY250613P00600000,2025-06-16 11:35:46,,,
SPY250613P00601000,2025-06-16 11:35:46,,,
SPY250613P00599000,2025-06-16 11:35:51,,,
SPY250613P00600000,2025-06-16 11:35:51,,,
SPY250613P00601000,2025-06-16 11:35:51,,,
SPY250613P00599000,2025-06-16 11:35:55,,,
SPY250613P00600000,2025-06-16 11:35:55,,,
SPY250613P00601000,2025-06-16 11:35:55,,,
SPY250613P00599000,2025-06-16 11:35:59,,,
SPY250613P00600000,2025-06-16 11:35:59,,,
SPY250613P00601000,2025-06-16 11:35:59,,,
SPY250613P00599000,2025-06-16 11:36:03,,,
SPY250613P00600000,2025-06-16 11:36:03,,,
SPY250613P00601000,2025-06-16 11:36:03,,,
SPY250613P00599000,2025-06-16 11:36:08,,,
SPY250613P00600000,2025-06-16 11:36:08,,,
SPY250613P00601000,2025-06-16 11:36:08,,,
SPY250613P00599000,2025-06-16 11:36:12,,,
SPY250613P00600000,2025-06-16 11:36:12,,,
SPY250613P00601000,2025-06-16 11:36:12,,,
SPY250613P00599000,2025-06-16 11:36:16,,,
SPY250613P00600000,2025-06-16 11:36:16,,,
SPY250613P00601000,2025-06-16 11:36:16,,,
SPY250613P00599000,2025-06-16 11:36:20,,,
SPY250613P00600000,2025-06-16 11:36:20,,,
SPY250613P00601000,2025-06-16 11:36:20,,,
SPY250613P00599000,2025-06-16 11:36:24,,,
SPY250613P00600000,2025-06-16 11:36:24,,,
SPY250613P00601000,2025-06-16 11:36:24,,,
SPY250613P00599000,2025-06-16 11:36:28,,,
SPY250613P00600000,2025-06-16 11:36:28,,,
SPY250613P00601000,2025-06-16 11:36:28,,,
SPY250613P00599000,2025-06-16 11:36:33,,,
SPY250613P00600000,2025-06-16 11:36:33,,,
SPY250613P00601000,2025-06-16 11:36:33,,,
SPY250613P00599000,2025-06-16 11:36:37,,,
SPY250613P00600000,2025-06-16 11:36:37,,,
SPY250613P00601000,2025-06-16 11:36:37,,,
SPY250613P00599000,2025-06-16 11:36:41,,,
SPY250613P00600000,2025-06-16 11:36:41,,,
SPY250613P00601000,2025-06-16 11:36:41,,,
SPY250613P00599000,2025-06-16 11:36:45,,,
SPY250613P00600000,2025-06-16 11:36:45,,,
SPY250613P00601000,2025-06-16 11:36:45,,,
SPY250613P00599000,2025-06-16 11:36:50,,,
SPY250613P00600000,2025-06-16 11:36:50,,,
SPY250613P00601000,2025-06-16 11:36:50,,,
SPY250613P00599000,2025-06-16 11:36:54,,,
SPY250613P00600000,2025-06-16 11:36:54,,,
SPY250613P00601000,2025-06-16 11:36:54,,,
SPY250613P00599000,2025-06-16 11:36:58,,,
SPY250613P00600000,2025-06-16 11:36:58,,,
SPY250613P00601000,2025-06-16 11:36:58,,,
SPY250613P00599000,2025-06-16 11:37:02,,,
SPY250613P00600000,2025-06-16 11:37:02,,,
SPY250613P00601000,2025-06-16 11:37:02,,,
SPY250613P00599000,2025-06-16 11:37:06,,,
SPY250613P00600000,2025-06-16 11:37:06,,,
SPY250613P00601000,2025-06-16 11:37:06,,,
SPY250613P00599000,2025-06-16 11:37:10,,,
SPY250613P00600000,2025-06-16 11:37:10,,,
SPY250613P00601000,2025-06-16 11:37:10,,,
SPY250613P00599000,2025-06-16 11:37:15,,,
SPY250613P00600000,2025-06-16 11:37:15,,,
SPY250613P00601000,2025-06-16 11:37:15,,,
SPY250613P00599000,2025-06-16 11:37:19,,,
SPY250613P00600000,2025-06-16 11:37:19,,,
SPY250613P00601000,2025-06-16 11:37:19,,,
SPY250613P00599000,2025-06-16 11:37:23,,,
SPY250613P00600000,2025-06-16 11:37:23,,,
SPY250613P00601000,2025-06-16 11:37:23,,,
SPY250613P00599000,2025-06-16 11:37:27,,,
SPY250613P00600000,2025-06-16 11:37:27,,,
SPY250613P00601000,2025-06-16 11:37:27,,,
SPY250613P00599000,2025-06-16 11:37:31,,,
SPY250613P00600000,2025-06-16 11:37:31,,,
SPY250613P00601000,2025-06-16 11:37:31,,,
SPY250613P00599000,2025-06-16 11:37:35,,,
SPY250613P00600000,2025-06-16 11:37:35,,,
SPY250613P00601000,2025-06-16 11:37:35,,,
SPY250613P00599000,2025-06-16 11:37:40,,,
SPY250613P00600000,2025-06-16 11:37:40,,,
SPY250613P00601000,2025-06-16 11:37:40,,,
SPY250613P00599000,2025-06-16 11:37:44,,,
SPY250613P00600000,2025-06-16 11:37:44,,,
SPY250613P00601000,2025-06-16 11:37:44,,,
SPY250613P00599000,2025-06-16 11:37:48,,,
SPY250613P00600000,2025-06-16 11:37:48,,,
SPY250613P00601000,2025-06-16 11:37:48,,,
SPY250613P00599000,2025-06-16 11:37:52,,,
SPY250613P00600000,2025-06-16 11:37:52,,,
SPY250613P00601000,2025-06-16 11:37:52,,,
SPY250613P00599000,2025-06-16 11:37:57,,,
SPY250613P00600000,2025-06-16 11:37:57,,,
SPY250613P00601000,2025-06-16 11:37:57,,,
SPY250613P00599000,2025-06-16 11:38:01,,,
SPY250613P00600000,2025-06-16 11:38:01,,,
SPY250613P00601000,2025-06-16 11:38:01,,,
SPY250613P00599000,2025-06-16 11:38:05,,,
SPY250613P00600000,2025-06-16 11:38:05,,,
SPY250613P00601000,2025-06-16 11:38:05,,,
SPY250613P00599000,2025-06-16 11:38:09,,,
SPY250613P00600000,2025-06-16 11:38:09,,,
SPY250613P00601000,2025-06-16 11:38:09,,,
SPY250613P00599000,2025-06-16 11:38:13,,,
SPY250613P00600000,2025-06-16 11:38:13,,,
SPY250613P00601000,2025-06-16 11:38:13,,,
SPY250613P00599000,2025-06-16 11:38:17,,,
SPY250613P00600000,2025-06-16 11:38:17,,,
SPY250613P00601000,2025-06-16 11:38:17,,,
SPY250613P00599000,2025-06-16 11:38:22,,,
SPY250613P00600000,2025-06-16 11:38:22,,,
SPY250613P00601000,2025-06-16 11:38:22,,,
SPY250613P00599000,2025-06-16 11:38:26,,,
SPY250613P00600000,2025-06-16 11:38:26,,,
SPY250613P00601000,2025-06-16 11:38:26,,,
SPY250613P00599000,2025-06-16 11:38:30,,,
SPY250613P00600000,2025-06-16 11:38:30,,,
SPY250613P00601000,2025-06-16 11:38:30,,,
SPY250613P00599000,2025-06-16 11:38:34,,,
SPY250613P00600000,2025-06-16 11:38:34,,,
SPY250613P00601000,2025-06-16 11:38:34,,,
SPY250613P00599000,2025-06-16 11:38:38,,,
SPY250613P00600000,2025-06-16 11:38:38,,,
SPY250613P00601000,2025-06-16 11:38:38,,,
SPY250613P00599000,2025-06-16 11:38:42,,,
SPY250613P00600000,2025-06-16 11:38:42,,,
SPY250613P00601000,2025-06-16 11:38:42,,,
SPY250613P00599000,2025-06-16 11:38:47,,,
SPY250613P00600000,2025-06-16 11:38:47,,,
SPY250613P00601000,2025-06-16 11:38:47,,,
SPY250613P00599000,2025-06-16 11:38:51,,,
SPY250613P00600000,2025-06-16 11:38:51,,,
SPY250613P00601000,2025-06-16 11:38:51,,,
SPY250613P00599000,2025-06-16 11:38:55,,,
SPY250613P00600000,2025-06-16 11:38:55,,,
SPY250613P00601000,2025-06-16 11:38:55,,,
SPY250613P00599000,2025-06-16 11:39:00,,,
SPY250613P00600000,2025-06-16 11:39:00,,,
SPY250613P00601000,2025-06-16 11:39:00,,,
SPY250613P00599000,2025-06-16 11:39:04,,,
SPY250613P00600000,2025-06-16 11:39:04,,,
SPY250613P00601000,2025-06-16 11:39:04,,,
SPY250613P00599000,2025-06-16 11:39:08,,,
SPY250613P00600000,2025-06-16 11:39:08,,,
SPY250613P00601000,2025-06-16 11:39:08,,,
SPY250613P00599000,2025-06-16 11:39:12,,,
SPY250613P00600000,2025-06-16 11:39:12,,,
SPY250613P00601000,2025-06-16 11:39:12,,,
SPY250613P00599000,2025-06-16 11:39:17,,,
SPY250613P00600000,2025-06-16 11:39:17,,,
SPY250613P00601000,2025-06-16 11:39:17,,,
SPY250613P00599000,2025-06-16 11:39:21,,,
SPY250613P00600000,2025-06-16 11:39:21,,,
SPY250613P00601000,2025-06-16 11:39:21,,,
SPY250613P00599000,2025-06-16 11:39:25,,,
SPY250613P00600000,2025-06-16 11:39:25,,,
SPY250613P00601000,2025-06-16 11:39:25,,,
SPY250613P00599000,2025-06-16 11:39:29,,,
SPY250613P00600000,2025-06-16 11:39:29,,,
SPY250613P00601000,2025-06-16 11:39:29,,,
SPY250613P00599000,2025-06-16 11:39:34,,,
SPY250613P00600000,2025-06-16 11:39:34,,,
SPY250613P00601000,2025-06-16 11:39:34,,,
SPY250613P00599000,2025-06-16 11:39:38,,,
SPY250613P00600000,2025-06-16 11:39:38,,,
SPY250613P00601000,2025-06-16 11:39:38,,,
SPY250613P00599000,2025-06-16 11:39:43,,,
SPY250613P00600000,2025-06-16 11:39:43,,,
SPY250613P00601000,2025-06-16 11:39:43,,,
SPY250613P00599000,2025-06-16 11:39:47,,,
SPY250613P00600000,2025-06-16 11:39:47,,,
SPY250613P00601000,2025-06-16 11:39:47,,,
SPY250613P00599000,2025-06-16 11:39:51,,,
SPY250613P00600000,2025-06-16 11:39:51,,,
SPY250613P00601000,2025-06-16 11:39:51,,,
SPY250613P00599000,2025-06-16 11:39:55,,,
SPY250613P00600000,2025-06-16 11:39:55,,,
SPY250613P00601000,2025-06-16 11:39:55,,,
SPY250613P00599000,2025-06-16 11:39:59,,,
SPY250613P00600000,2025-06-16 11:39:59,,,
SPY250613P00601000,2025-06-16 11:39:59,,,
SPY250613P00599000,2025-06-16 11:40:04,,,
SPY250613P00600000,2025-06-16 11:40:04,,,
SPY250613P00601000,2025-06-16 11:40:04,,,
SPY250613P00599000,2025-06-16 11:40:08,,,
SPY250613P00600000,2025-06-16 11:40:08,,,
SPY250613P00601000,2025-06-16 11:40:08,,,
SPY250613P00599000,2025-06-16 11:40:12,,,
SPY250613P00600000,2025-06-16 11:40:12,,,
SPY250613P00601000,2025-06-16 11:40:12,,,
SPY250613P00599000,2025-06-16 11:40:17,,,
SPY250613P00600000,2025-06-16 11:40:17,,,
SPY250613P00601000,2025-06-16 11:40:17,,,
SPY250613P00599000,2025-06-16 11:40:21,,,
SPY250613P00600000,2025-06-16 11:40:21,,,
SPY250613P00601000,2025-06-16 11:40:21,,,
SPY250613P00599000,2025-06-16 11:40:25,,,
SPY250613P00600000,2025-06-16 11:40:25,,,
SPY250613P00601000,2025-06-16 11:40:25,,,
SPY250613P00599000,2025-06-16 11:40:29,,,
SPY250613P00600000,2025-06-16 11:40:29,,,
SPY250613P00601000,2025-06-16 11:40:29,,,
SPY250613P00599000,2025-06-16 11:40:33,,,
SPY250613P00600000,2025-06-16 11:40:33,,,
SPY250613P00601000,2025-06-16 11:40:33,,,
SPY250613P00599000,2025-06-16 11:40:37,,,
SPY250613P00600000,2025-06-16 11:40:37,,,
SPY250613P00601000,2025-06-16 11:40:37,,,
SPY250613P00599000,2025-06-16 11:40:41,,,
SPY250613P00600000,2025-06-16 11:40:41,,,
SPY250613P00601000,2025-06-16 11:40:41,,,
SPY250613P00599000,2025-06-16 11:40:46,,,
SPY250613P00600000,2025-06-16 11:40:46,,,
SPY250613P00601000,2025-06-16 11:40:46,,,
SPY250613P00599000,2025-06-16 11:40:50,,,
SPY250613P00600000,2025-06-16 11:40:50,,,
SPY250613P00601000,2025-06-16 11:40:50,,,
SPY250613P00599000,2025-06-16 11:40:54,,,
SPY250613P00600000,2025-06-16 11:40:54,,,
SPY250613P00601000,2025-06-16 11:40:54,,,
SPY250613P00599000,2025-06-16 11:40:58,,,
SPY250613P00600000,2025-06-16 11:40:58,,,
SPY250613P00601000,2025-06-16 11:40:58,,,
SPY250613P00599000,2025-06-16 11:41:02,,,
SPY250613P00600000,2025-06-16 11:41:02,,,
SPY250613P00601000,2025-06-16 11:41:02,,,
SPY250613P00599000,2025-06-16 11:41:06,,,
SPY250613P00600000,2025-06-16 11:41:06,,,
SPY250613P00601000,2025-06-16 11:41:06,,,
SPY250613P00599000,2025-06-16 11:41:11,,,
SPY250613P00600000,2025-06-16 11:41:11,,,
SPY250613P00601000,2025-06-16 11:41:11,,,
SPY250613P00599000,2025-06-16 11:41:15,,,
SPY250613P00600000,2025-06-16 11:41:15,,,
SPY250613P00601000,2025-06-16 11:41:15,,,
SPY250613P00599000,2025-06-16 11:41:19,,,
SPY250613P00600000,2025-06-16 11:41:19,,,
SPY250613P00601000,2025-06-16 11:41:19,,,
SPY250613P00599000,2025-06-16 11:41:23,,,
SPY250613P00600000,2025-06-16 11:41:23,,,
SPY250613P00601000,2025-06-16 11:41:23,,,
SPY250613P00599000,2025-06-16 11:41:27,,,
SPY250613P00600000,2025-06-16 11:41:27,,,
SPY250613P00601000,2025-06-16 11:41:27,,,
SPY250613P00599000,2025-06-16 11:41:31,,,
SPY250613P00600000,2025-06-16 11:41:31,,,
SPY250613P00601000,2025-06-16 11:41:31,,,
SPY250613P00599000,2025-06-16 11:41:35,,,
SPY250613P00600000,2025-06-16 11:41:35,,,
SPY250613P00601000,2025-06-16 11:41:35,,,
SPY250613P00599000,2025-06-16 11:41:40,,,
SPY250613P00600000,2025-06-16 11:41:40,,,
SPY250613P00601000,2025-06-16 11:41:40,,,
SPY250613P00599000,2025-06-16 11:41:44,,,
SPY250613P00600000,2025-06-16 11:41:44,,,
SPY250613P00601000,2025-06-16 11:41:44,,,
SPY250613P00599000,2025-06-16 11:41:48,,,
SPY250613P00600000,2025-06-16 11:41:48,,,
SPY250613P00601000,2025-06-16 11:41:48,,,
SPY250613P00599000,2025-06-16 11:41:52,,,
SPY250613P00600000,2025-06-16 11:41:52,,,
SPY250613P00601000,2025-06-16 11:41:52,,,
SPY250613P00599000,2025-06-16 11:41:57,,,
SPY250613P00600000,2025-06-16 11:41:57,,,
SPY250613P00601000,2025-06-16 11:41:57,,,
SPY250613P00599000,2025-06-16 11:42:01,,,
SPY250613P00600000,2025-06-16 11:42:01,,,
SPY250613P00601000,2025-06-16 11:42:01,,,
SPY250613P00599000,2025-06-16 11:42:05,,,
SPY250613P00600000,2025-06-16 11:42:05,,,
SPY250613P00601000,2025-06-16 11:42:05,,,
SPY250613P00599000,2025-06-16 11:42:09,,,
SPY250613P00600000,2025-06-16 11:42:09,,,
SPY250613P00601000,2025-06-16 11:42:09,,,
SPY250613P00599000,2025-06-16 11:42:14,,,
SPY250613P00600000,2025-06-16 11:42:14,,,
SPY250613P00601000,2025-06-16 11:42:14,,,
SPY250613P00599000,2025-06-16 11:42:18,,,
SPY250613P00600000,2025-06-16 11:42:18,,,
SPY250613P00601000,2025-06-16 11:42:18,,,
SPY250613P00599000,2025-06-16 11:42:22,,,
SPY250613P00600000,2025-06-16 11:42:22,,,
SPY250613P00601000,2025-06-16 11:42:22,,,
SPY250613P00599000,2025-06-16 11:42:26,,,
SPY250613P00600000,2025-06-16 11:42:26,,,
SPY250613P00601000,2025-06-16 11:42:26,,,
SPY250613P00599000,2025-06-16 11:42:30,,,
SPY250613P00600000,2025-06-16 11:42:30,,,
SPY250613P00601000,2025-06-16 11:42:30,,,
SPY250613P00599000,2025-06-16 11:42:35,,,
SPY250613P00600000,2025-06-16 11:42:35,,,
SPY250613P00601000,2025-06-16 11:42:35,,,
SPY250613P00599000,2025-06-16 11:42:39,,,
SPY250613P00600000,2025-06-16 11:42:39,,,
SPY250613P00601000,2025-06-16 11:42:39,,,
SPY250613P00599000,2025-06-16 11:42:43,,,
SPY250613P00600000,2025-06-16 11:42:43,,,
SPY250613P00601000,2025-06-16 11:42:43,,,
SPY250613P00599000,2025-06-16 11:42:47,,,
SPY250613P00600000,2025-06-16 11:42:47,,,
SPY250613P00601000,2025-06-16 11:42:47,,,
SPY250613P00599000,2025-06-16 11:42:51,,,
SPY250613P00600000,2025-06-16 11:42:51,,,
SPY250613P00601000,2025-06-16 11:42:51,,,
SPY250613P00599000,2025-06-16 11:42:55,,,
SPY250613P00600000,2025-06-16 11:42:55,,,
SPY250613P00601000,2025-06-16 11:42:55,,,
SPY250613P00599000,2025-06-16 11:43:00,,,
SPY250613P00600000,2025-06-16 11:43:00,,,
SPY250613P00601000,2025-06-16 11:43:00,,,
SPY250613P00599000,2025-06-16 11:43:04,,,
SPY250613P00600000,2025-06-16 11:43:04,,,
SPY250613P00601000,2025-06-16 11:43:04,,,
SPY250613P00599000,2025-06-16 11:43:08,,,
SPY250613P00600000,2025-06-16 11:43:08,,,
SPY250613P00601000,2025-06-16 11:43:08,,,
SPY250613P00599000,2025-06-16 11:43:12,,,
SPY250613P00600000,2025-06-16 11:43:12,,,
SPY250613P00601000,2025-06-16 11:43:12,,,
SPY250613P00599000,2025-06-16 11:43:16,,,
SPY250613P00600000,2025-06-16 11:43:16,,,
SPY250613P00601000,2025-06-16 11:43:16,,,
SPY250613P00599000,2025-06-16 11:43:20,,,
SPY250613P00600000,2025-06-16 11:43:20,,,
SPY250613P00601000,2025-06-16 11:43:20,,,
SPY250613P00599000,2025-06-16 11:43:25,,,
SPY250613P00600000,2025-06-16 11:43:25,,,
SPY250613P00601000,2025-06-16 11:43:25,,,
SPY250613P00599000,2025-06-16 11:43:29,,,
SPY250613P00600000,2025-06-16 11:43:29,,,
SPY250613P00601000,2025-06-16 11:43:29,,,
SPY250613P00599000,2025-06-16 11:43:33,,,
SPY250613P00600000,2025-06-16 11:43:33,,,
SPY250613P00601000,2025-06-16 11:43:33,,,
SPY250613P00599000,2025-06-16 11:43:37,,,
SPY250613P00600000,2025-06-16 11:43:37,,,
SPY250613P00601000,2025-06-16 11:43:37,,,
SPY250613P00599000,2025-06-16 11:43:41,,,
SPY250613P00600000,2025-06-16 11:43:41,,,
SPY250613P00601000,2025-06-16 11:43:41,,,
SPY250613P00599000,2025-06-16 11:43:45,,,
SPY250613P00600000,2025-06-16 11:43:45,,,
SPY250613P00601000,2025-06-16 11:43:45,,,
SPY250613P00599000,2025-06-16 11:43:50,,,
SPY250613P00600000,2025-06-16 11:43:50,,,
SPY250613P00601000,2025-06-16 11:43:50,,,
SPY250613P00599000,2025-06-16 11:43:55,,,
SPY250613P00600000,2025-06-16 11:43:55,,,
SPY250613P00601000,2025-06-16 11:43:55,,,
SPY250613P00599000,2025-06-16 11:43:59,,,
SPY250613P00600000,2025-06-16 11:43:59,,,
SPY250613P00601000,2025-06-16 11:43:59,,,
SPY250613P00599000,2025-06-16 11:44:03,,,
SPY250613P00600000,2025-06-16 11:44:03,,,
SPY250613P00601000,2025-06-16 11:44:03,,,
SPY250613P00599000,2025-06-16 11:44:07,,,
SPY250613P00600000,2025-06-16 11:44:07,,,
SPY250613P00601000,2025-06-16 11:44:07,,,
SPY250613P00599000,2025-06-16 11:44:12,,,
SPY250613P00600000,2025-06-16 11:44:12,,,
SPY250613P00601000,2025-06-16 11:44:12,,,
SPY250613P00599000,2025-06-16 11:44:16,,,
SPY250613P00600000,2025-06-16 11:44:16,,,
SPY250613P00601000,2025-06-16 11:44:16,,,
SPY250613P00599000,2025-06-16 11:44:20,,,
SPY250613P00600000,2025-06-16 11:44:20,,,
SPY250613P00601000,2025-06-16 11:44:20,,,
SPY250613P00599000,2025-06-16 11:44:25,,,
SPY250613P00600000,2025-06-16 11:44:25,,,
SPY250613P00601000,2025-06-16 11:44:25,,,
SPY250613P00599000,2025-06-16 11:44:29,,,
SPY250613P00600000,2025-06-16 11:44:29,,,
SPY250613P00601000,2025-06-16 11:44:29,,,
SPY250613P00599000,2025-06-16 11:44:33,,,
SPY250613P00600000,2025-06-16 11:44:33,,,
SPY250613P00601000,2025-06-16 11:44:33,,,
SPY250613P00599000,2025-06-16 11:44:37,,,
SPY250613P00600000,2025-06-16 11:44:37,,,
SPY250613P00601000,2025-06-16 11:44:37,,,
SPY250613P00599000,2025-06-16 11:44:41,,,
SPY250613P00600000,2025-06-16 11:44:41,,,
SPY250613P00601000,2025-06-16 11:44:41,,,
SPY250613P00599000,2025-06-16 11:44:45,,,
SPY250613P00600000,2025-06-16 11:44:45,,,
SPY250613P00601000,2025-06-16 11:44:45,,,
SPY250613P00599000,2025-06-16 11:44:49,,,
SPY250613P00600000,2025-06-16 11:44:49,,,
SPY250613P00601000,2025-06-16 11:44:49,,,
SPY250613P00599000,2025-06-16 11:44:54,,,
SPY250613P00600000,2025-06-16 11:44:54,,,
SPY250613P00601000,2025-06-16 11:44:54,,,
SPY250613P00599000,2025-06-16 11:44:58,,,
SPY250613P00600000,2025-06-16 11:44:58,,,
SPY250613P00601000,2025-06-16 11:44:58,,,
SPY250613P00599000,2025-06-16 11:45:03,,,
SPY250613P00600000,2025-06-16 11:45:03,,,
SPY250613P00601000,2025-06-16 11:45:03,,,
SPY250613P00599000,2025-06-16 11:45:07,,,
SPY250613P00600000,2025-06-16 11:45:07,,,
SPY250613P00601000,2025-06-16 11:45:07,,,
SPY250613P00599000,2025-06-16 11:45:11,,,
SPY250613P00600000,2025-06-16 11:45:11,,,
SPY250613P00601000,2025-06-16 11:45:11,,,
SPY250613P00599000,2025-06-16 11:45:15,,,
SPY250613P00600000,2025-06-16 11:45:15,,,
SPY250613P00601000,2025-06-16 11:45:15,,,
SPY250613P00599000,2025-06-16 11:45:20,,,
SPY250613P00600000,2025-06-16 11:45:20,,,
SPY250613P00601000,2025-06-16 11:45:20,,,
SPY250613P00599000,2025-06-16 11:45:24,,,
SPY250613P00600000,2025-06-16 11:45:24,,,
SPY250613P00601000,2025-06-16 11:45:24,,,
SPY250613P00599000,2025-06-16 11:45:28,,,
SPY250613P00600000,2025-06-16 11:45:28,,,
SPY250613P00601000,2025-06-16 11:45:28,,,
SPY250613P00599000,2025-06-16 11:45:32,,,
SPY250613P00600000,2025-06-16 11:45:32,,,
SPY250613P00601000,2025-06-16 11:45:32,,,
SPY250613P00599000,2025-06-16 11:45:37,,,
SPY250613P00600000,2025-06-16 11:45:37,,,
SPY250613P00601000,2025-06-16 11:45:37,,,
SPY250613P00599000,2025-06-16 11:45:41,,,
SPY250613P00600000,2025-06-16 11:45:41,,,
SPY250613P00601000,2025-06-16 11:45:41,,,
SPY250613P00599000,2025-06-16 11:45:45,,,
SPY250613P00600000,2025-06-16 11:45:45,,,
SPY250613P00601000,2025-06-16 11:45:45,,,
SPY250613P00599000,2025-06-16 11:45:49,,,
SPY250613P00600000,2025-06-16 11:45:49,,,
SPY250613P00601000,2025-06-16 11:45:49,,,
SPY250613P00599000,2025-06-16 11:45:53,,,
SPY250613P00600000,2025-06-16 11:45:53,,,
SPY250613P00601000,2025-06-16 11:45:53,,,
SPY250613P00599000,2025-06-16 11:45:58,,,
SPY250613P00600000,2025-06-16 11:45:58,,,
SPY250613P00601000,2025-06-16 11:45:58,,,
SPY250613P00599000,2025-06-16 11:46:02,,,
SPY250613P00600000,2025-06-16 11:46:02,,,
SPY250613P00601000,2025-06-16 11:46:02,,,
SPY250613P00599000,2025-06-16 11:46:06,,,
SPY250613P00600000,2025-06-16 11:46:06,,,
SPY250613P00601000,2025-06-16 11:46:06,,,
SPY250613P00599000,2025-06-16 11:46:10,,,
SPY250613P00600000,2025-06-16 11:46:10,,,
SPY250613P00601000,2025-06-16 11:46:10,,,
SPY250613P00599000,2025-06-16 11:46:14,,,
SPY250613P00600000,2025-06-16 11:46:14,,,
SPY250613P00601000,2025-06-16 11:46:14,,,
SPY250613P00599000,2025-06-16 11:46:18,,,
SPY250613P00600000,2025-06-16 11:46:18,,,
SPY250613P00601000,2025-06-16 11:46:18,,,
SPY250613P00599000,2025-06-16 11:46:23,,,
SPY250613P00600000,2025-06-16 11:46:23,,,
SPY250613P00601000,2025-06-16 11:46:23,,,
SPY250613P00599000,2025-06-16 11:46:27,,,
SPY250613P00600000,2025-06-16 11:46:27,,,
SPY250613P00601000,2025-06-16 11:46:27,,,
SPY250613P00599000,2025-06-16 11:46:31,,,
SPY250613P00600000,2025-06-16 11:46:31,,,
SPY250613P00601000,2025-06-16 11:46:31,,,
SPY250613P00599000,2025-06-16 11:46:35,,,
SPY250613P00600000,2025-06-16 11:46:35,,,
SPY250613P00601000,2025-06-16 11:46:35,,,
SPY250613P00599000,2025-06-16 11:46:39,,,
SPY250613P00600000,2025-06-16 11:46:39,,,
SPY250613P00601000,2025-06-16 11:46:39,,,
SPY250613P00599000,2025-06-16 11:46:43,,,
SPY250613P00600000,2025-06-16 11:46:43,,,
SPY250613P00601000,2025-06-16 11:46:43,,,
SPY250613P00599000,2025-06-16 11:46:48,,,
SPY250613P00600000,2025-06-16 11:46:48,,,
SPY250613P00601000,2025-06-16 11:46:48,,,
SPY250613P00599000,2025-06-16 11:46:52,,,
SPY250613P00600000,2025-06-16 11:46:52,,,
SPY250613P00601000,2025-06-16 11:46:52,,,
SPY250613P00599000,2025-06-16 11:46:56,,,
SPY250613P00600000,2025-06-16 11:46:56,,,
SPY250613P00601000,2025-06-16 11:46:56,,,
SPY250613P00599000,2025-06-16 11:47:00,,,
SPY250613P00600000,2025-06-16 11:47:00,,,
SPY250613P00601000,2025-06-16 11:47:00,,,
SPY250613P00599000,2025-06-16 11:47:04,,,
SPY250613P00600000,2025-06-16 11:47:04,,,
SPY250613P00601000,2025-06-16 11:47:04,,,
SPY250613P00599000,2025-06-16 11:47:08,,,
SPY250613P00600000,2025-06-16 11:47:08,,,
SPY250613P00601000,2025-06-16 11:47:08,,,
SPY250613P00599000,2025-06-16 11:47:14,,,
SPY250613P00600000,2025-06-16 11:47:14,,,
SPY250613P00601000,2025-06-16 11:47:14,,,
SPY250613P00599000,2025-06-16 11:47:19,,,
SPY250613P00600000,2025-06-16 11:47:19,,,
SPY250613P00601000,2025-06-16 11:47:19,,,
SPY250613P00599000,2025-06-16 11:47:23,,,
SPY250613P00600000,2025-06-16 11:47:23,,,
SPY250613P00601000,2025-06-16 11:47:23,,,
SPY250613P00599000,2025-06-16 11:47:27,,,
SPY250613P00600000,2025-06-16 11:47:27,,,
SPY250613P00601000,2025-06-16 11:47:27,,,
SPY250613P00599000,2025-06-16 11:47:31,,,
SPY250613P00600000,2025-06-16 11:47:31,,,
SPY250613P00601000,2025-06-16 11:47:31,,,
SPY250613P00599000,2025-06-16 11:47:36,,,
SPY250613P00600000,2025-06-16 11:47:36,,,
SPY250613P00601000,2025-06-16 11:47:36,,,
SPY250613P00599000,2025-06-16 11:47:40,,,
SPY250613P00600000,2025-06-16 11:47:40,,,
SPY250613P00601000,2025-06-16 11:47:40,,,
SPY250613P00599000,2025-06-16 11:47:44,,,
SPY250613P00600000,2025-06-16 11:47:44,,,
SPY250613P00601000,2025-06-16 11:47:44,,,
SPY250613P00599000,2025-06-16 11:47:48,,,
SPY250613P00600000,2025-06-16 11:47:48,,,
SPY250613P00601000,2025-06-16 11:47:48,,,
SPY250613P00599000,2025-06-16 11:47:52,,,
SPY250613P00600000,2025-06-16 11:47:52,,,
SPY250613P00601000,2025-06-16 11:47:52,,,
SPY250613P00599000,2025-06-16 11:47:56,,,
SPY250613P00600000,2025-06-16 11:47:56,,,
SPY250613P00601000,2025-06-16 11:47:56,,,
SPY250613P00599000,2025-06-16 11:48:01,,,
SPY250613P00600000,2025-06-16 11:48:01,,,
SPY250613P00601000,2025-06-16 11:48:01,,,
SPY250613P00599000,2025-06-16 11:48:05,,,
SPY250613P00600000,2025-06-16 11:48:05,,,
SPY250613P00601000,2025-06-16 11:48:05,,,
SPY250613P00599000,2025-06-16 11:48:09,,,
SPY250613P00600000,2025-06-16 11:48:09,,,
SPY250613P00601000,2025-06-16 11:48:09,,,
SPY250613P00599000,2025-06-16 11:48:13,,,
SPY250613P00600000,2025-06-16 11:48:13,,,
SPY250613P00601000,2025-06-16 11:48:13,,,
SPY250613P00599000,2025-06-16 11:48:17,,,
SPY250613P00600000,2025-06-16 11:48:17,,,
SPY250613P00601000,2025-06-16 11:48:17,,,
SPY250613P00599000,2025-06-16 11:48:22,,,
SPY250613P00600000,2025-06-16 11:48:22,,,
SPY250613P00601000,2025-06-16 11:48:22,,,
SPY250613P00599000,2025-06-16 11:48:26,,,
SPY250613P00600000,2025-06-16 11:48:26,,,
SPY250613P00601000,2025-06-16 11:48:26,,,
SPY250613P00599000,2025-06-16 11:48:30,,,
SPY250613P00600000,2025-06-16 11:48:30,,,
SPY250613P00601000,2025-06-16 11:48:30,,,
SPY250613P00599000,2025-06-16 11:48:34,,,
SPY250613P00600000,2025-06-16 11:48:34,,,
SPY250613P00601000,2025-06-16 11:48:34,,,
SPY250613P00599000,2025-06-16 11:48:39,,,
SPY250613P00600000,2025-06-16 11:48:39,,,
SPY250613P00601000,2025-06-16 11:48:39,,,
SPY250613P00599000,2025-06-16 11:48:43,,,
SPY250613P00600000,2025-06-16 11:48:43,,,
SPY250613P00601000,2025-06-16 11:48:43,,,
SPY250613P00599000,2025-06-16 11:48:47,,,
SPY250613P00600000,2025-06-16 11:48:47,,,
SPY250613P00601000,2025-06-16 11:48:47,,,
SPY250613P00599000,2025-06-16 11:48:51,,,
SPY250613P00600000,2025-06-16 11:48:51,,,
SPY250613P00601000,2025-06-16 11:48:51,,,
SPY250613P00599000,2025-06-16 11:48:55,,,
SPY250613P00600000,2025-06-16 11:48:55,,,
SPY250613P00601000,2025-06-16 11:48:55,,,
SPY250613P00599000,2025-06-16 11:48:59,,,
SPY250613P00600000,2025-06-16 11:48:59,,,
SPY250613P00601000,2025-06-16 11:48:59,,,
SPY250613P00599000,2025-06-16 11:49:04,,,
SPY250613P00600000,2025-06-16 11:49:04,,,
SPY250613P00601000,2025-06-16 11:49:04,,,
SPY250613P00599000,2025-06-16 11:49:08,,,
SPY250613P00600000,2025-06-16 11:49:08,,,
SPY250613P00601000,2025-06-16 11:49:08,,,
SPY250613P00599000,2025-06-16 11:49:12,,,
SPY250613P00600000,2025-06-16 11:49:12,,,
SPY250613P00601000,2025-06-16 11:49:12,,,
SPY250613P00599000,2025-06-16 11:49:16,,,
SPY250613P00600000,2025-06-16 11:49:16,,,
SPY250613P00601000,2025-06-16 11:49:16,,,
SPY250613P00599000,2025-06-16 11:49:21,,,
SPY250613P00600000,2025-06-16 11:49:21,,,
SPY250613P00601000,2025-06-16 11:49:21,,,
SPY250613P00599000,2025-06-16 11:49:25,,,
SPY250613P00600000,2025-06-16 11:49:25,,,
SPY250613P00601000,2025-06-16 11:49:25,,,
SPY250613P00599000,2025-06-16 11:49:29,,,
SPY250613P00600000,2025-06-16 11:49:29,,,
SPY250613P00601000,2025-06-16 11:49:29,,,
SPY250613P00599000,2025-06-16 11:49:33,,,
SPY250613P00600000,2025-06-16 11:49:33,,,
SPY250613P00601000,2025-06-16 11:49:33,,,
SPY250613P00599000,2025-06-16 11:49:37,,,
SPY250613P00600000,2025-06-16 11:49:37,,,
SPY250613P00601000,2025-06-16 11:49:37,,,
SPY250613P00599000,2025-06-16 11:49:42,,,
SPY250613P00600000,2025-06-16 11:49:42,,,
SPY250613P00601000,2025-06-16 11:49:42,,,
SPY250613P00599000,2025-06-16 11:49:46,,,
SPY250613P00600000,2025-06-16 11:49:46,,,
SPY250613P00601000,2025-06-16 11:49:46,,,
SPY250613P00599000,2025-06-16 11:49:50,,,
SPY250613P00600000,2025-06-16 11:49:50,,,
SPY250613P00601000,2025-06-16 11:49:50,,,
SPY250613P00599000,2025-06-16 11:49:54,,,
SPY250613P00600000,2025-06-16 11:49:54,,,
SPY250613P00601000,2025-06-16 11:49:54,,,
SPY250613P00599000,2025-06-16 11:49:58,,,
SPY250613P00600000,2025-06-16 11:49:58,,,
SPY250613P00601000,2025-06-16 11:49:58,,,
SPY250613P00599000,2025-06-16 11:50:02,,,
SPY250613P00600000,2025-06-16 11:50:02,,,
SPY250613P00601000,2025-06-16 11:50:02,,,
SPY250613P00599000,2025-06-16 11:50:07,,,
SPY250613P00600000,2025-06-16 11:50:07,,,
SPY250613P00601000,2025-06-16 11:50:07,,,
SPY250613P00599000,2025-06-16 11:50:11,,,
SPY250613P00600000,2025-06-16 11:50:11,,,
SPY250613P00601000,2025-06-16 11:50:11,,,
SPY250613P00599000,2025-06-16 11:50:15,,,
SPY250613P00600000,2025-06-16 11:50:15,,,
SPY250613P00601000,2025-06-16 11:50:15,,,
SPY250613P00599000,2025-06-16 11:50:19,,,
SPY250613P00600000,2025-06-16 11:50:19,,,
SPY250613P00601000,2025-06-16 11:50:19,,,
SPY250613P00599000,2025-06-16 11:50:23,,,
SPY250613P00600000,2025-06-16 11:50:23,,,
SPY250613P00601000,2025-06-16 11:50:23,,,
SPY250613P00599000,2025-06-16 11:50:27,,,
SPY250613P00600000,2025-06-16 11:50:27,,,
SPY250613P00601000,2025-06-16 11:50:27,,,
SPY250613P00599000,2025-06-16 11:50:31,,,
SPY250613P00600000,2025-06-16 11:50:31,,,
SPY250613P00601000,2025-06-16 11:50:31,,,
SPY250613P00599000,2025-06-16 11:50:36,,,
SPY250613P00600000,2025-06-16 11:50:36,,,
SPY250613P00601000,2025-06-16 11:50:36,,,
SPY250613P00599000,2025-06-16 11:50:40,,,
SPY250613P00600000,2025-06-16 11:50:40,,,
SPY250613P00601000,2025-06-16 11:50:40,,,
SPY250613P00599000,2025-06-16 11:50:44,,,
SPY250613P00600000,2025-06-16 11:50:44,,,
SPY250613P00601000,2025-06-16 11:50:44,,,
SPY250613P00599000,2025-06-16 11:50:48,,,
SPY250613P00600000,2025-06-16 11:50:48,,,
SPY250613P00601000,2025-06-16 11:50:48,,,
SPY250613P00599000,2025-06-16 11:50:52,,,
SPY250613P00600000,2025-06-16 11:50:52,,,
SPY250613P00601000,2025-06-16 11:50:52,,,
SPY250613P00599000,2025-06-16 11:50:56,,,
SPY250613P00600000,2025-06-16 11:50:56,,,
SPY250613P00601000,2025-06-16 11:50:56,,,
SPY250613P00599000,2025-06-16 11:51:00,,,
SPY250613P00600000,2025-06-16 11:51:00,,,
SPY250613P00601000,2025-06-16 11:51:00,,,
SPY250613P00599000,2025-06-16 11:51:05,,,
SPY250613P00600000,2025-06-16 11:51:05,,,
SPY250613P00601000,2025-06-16 11:51:05,,,
SPY250613P00599000,2025-06-16 11:51:09,,,
SPY250613P00600000,2025-06-16 11:51:09,,,
SPY250613P00601000,2025-06-16 11:51:09,,,
SPY250613P00599000,2025-06-16 11:51:13,,,
SPY250613P00600000,2025-06-16 11:51:13,,,
SPY250613P00601000,2025-06-16 11:51:13,,,
SPY250613P00599000,2025-06-16 11:51:17,,,
SPY250613P00600000,2025-06-16 11:51:17,,,
SPY250613P00601000,2025-06-16 11:51:17,,,
SPY250613P00599000,2025-06-16 11:51:21,,,
SPY250613P00600000,2025-06-16 11:51:21,,,
SPY250613P00601000,2025-06-16 11:51:21,,,
SPY250613P00599000,2025-06-16 11:51:26,,,
SPY250613P00600000,2025-06-16 11:51:26,,,
SPY250613P00601000,2025-06-16 11:51:26,,,
SPY250613P00599000,2025-06-16 11:51:30,,,
SPY250613P00600000,2025-06-16 11:51:30,,,
SPY250613P00601000,2025-06-16 11:51:30,,,
SPY250613P00599000,2025-06-16 11:51:34,,,
SPY250613P00600000,2025-06-16 11:51:34,,,
SPY250613P00601000,2025-06-16 11:51:34,,,
SPY250613P00599000,2025-06-16 11:51:38,,,
SPY250613P00600000,2025-06-16 11:51:38,,,
SPY250613P00601000,2025-06-16 11:51:38,,,
SPY250613P00599000,2025-06-16 11:51:43,,,
SPY250613P00600000,2025-06-16 11:51:43,,,
SPY250613P00601000,2025-06-16 11:51:43,,,
SPY250613P00599000,2025-06-16 11:51:47,,,
SPY250613P00600000,2025-06-16 11:51:47,,,
SPY250613P00601000,2025-06-16 11:51:47,,,
SPY250613P00599000,2025-06-16 11:51:51,,,
SPY250613P00600000,2025-06-16 11:51:51,,,
SPY250613P00601000,2025-06-16 11:51:51,,,
SPY250613P00599000,2025-06-16 11:51:55,,,
SPY250613P00600000,2025-06-16 11:51:55,,,
SPY250613P00601000,2025-06-16 11:51:55,,,
SPY250613P00599000,2025-06-16 11:51:59,,,
SPY250613P00600000,2025-06-16 11:51:59,,,
SPY250613P00601000,2025-06-16 11:51:59,,,
SPY250613P00599000,2025-06-16 11:52:04,,,
SPY250613P00600000,2025-06-16 11:52:04,,,
SPY250613P00601000,2025-06-16 11:52:04,,,
SPY250613P00599000,2025-06-16 11:52:08,,,
SPY250613P00600000,2025-06-16 11:52:08,,,
SPY250613P00601000,2025-06-16 11:52:08,,,
SPY250613P00599000,2025-06-16 11:52:12,,,
SPY250613P00600000,2025-06-16 11:52:12,,,
SPY250613P00601000,2025-06-16 11:52:12,,,
SPY250613P00599000,2025-06-16 11:52:16,,,
SPY250613P00600000,2025-06-16 11:52:16,,,
SPY250613P00601000,2025-06-16 11:52:16,,,
SPY250613P00599000,2025-06-16 11:52:20,,,
SPY250613P00600000,2025-06-16 11:52:20,,,
SPY250613P00601000,2025-06-16 11:52:20,,,
SPY250613P00599000,2025-06-16 11:52:25,,,
SPY250613P00600000,2025-06-16 11:52:25,,,
SPY250613P00601000,2025-06-16 11:52:25,,,
SPY250613P00599000,2025-06-16 11:52:29,,,
SPY250613P00600000,2025-06-16 11:52:29,,,
SPY250613P00601000,2025-06-16 11:52:29,,,
SPY250613P00599000,2025-06-16 11:52:33,,,
SPY250613P00600000,2025-06-16 11:52:33,,,
SPY250613P00601000,2025-06-16 11:52:33,,,
SPY250613P00599000,2025-06-16 11:52:37,,,
SPY250613P00600000,2025-06-16 11:52:37,,,
SPY250613P00601000,2025-06-16 11:52:37,,,
SPY250613P00599000,2025-06-16 11:52:42,,,
SPY250613P00600000,2025-06-16 11:52:42,,,
SPY250613P00601000,2025-06-16 11:52:42,,,
SPY250613P00599000,2025-06-16 11:52:46,,,
SPY250613P00600000,2025-06-16 11:52:46,,,
SPY250613P00601000,2025-06-16 11:52:46,,,
SPY250613P00599000,2025-06-16 11:52:50,,,
SPY250613P00600000,2025-06-16 11:52:50,,,
SPY250613P00601000,2025-06-16 11:52:50,,,
SPY250613P00599000,2025-06-16 11:52:54,,,
SPY250613P00600000,2025-06-16 11:52:54,,,
SPY250613P00601000,2025-06-16 11:52:54,,,
SPY250613P00599000,2025-06-16 11:52:58,,,
SPY250613P00600000,2025-06-16 11:52:58,,,
SPY250613P00601000,2025-06-16 11:52:58,,,
SPY250613P00599000,2025-06-16 11:53:03,,,
SPY250613P00600000,2025-06-16 11:53:03,,,
SPY250613P00601000,2025-06-16 11:53:03,,,
SPY250613P00599000,2025-06-16 11:53:07,,,
SPY250613P00600000,2025-06-16 11:53:07,,,
SPY250613P00601000,2025-06-16 11:53:07,,,
SPY250613P00599000,2025-06-16 11:53:11,,,
SPY250613P00600000,2025-06-16 11:53:11,,,
SPY250613P00601000,2025-06-16 11:53:11,,,
SPY250613P00599000,2025-06-16 11:53:15,,,
SPY250613P00600000,2025-06-16 11:53:15,,,
SPY250613P00601000,2025-06-16 11:53:15,,,
SPY250613P00599000,2025-06-16 11:53:19,,,
SPY250613P00600000,2025-06-16 11:53:19,,,
SPY250613P00601000,2025-06-16 11:53:19,,,
SPY250613P00599000,2025-06-16 11:53:24,,,
SPY250613P00600000,2025-06-16 11:53:24,,,
SPY250613P00601000,2025-06-16 11:53:24,,,
SPY250613P00599000,2025-06-16 11:53:28,,,
SPY250613P00600000,2025-06-16 11:53:28,,,
SPY250613P00601000,2025-06-16 11:53:28,,,
SPY250613P00599000,2025-06-16 11:53:33,,,
SPY250613P00600000,2025-06-16 11:53:33,,,
SPY250613P00601000,2025-06-16 11:53:33,,,
SPY250613P00599000,2025-06-16 11:53:37,,,
SPY250613P00600000,2025-06-16 11:53:37,,,
SPY250613P00601000,2025-06-16 11:53:37,,,
SPY250613P00599000,2025-06-16 11:53:41,,,
SPY250613P00600000,2025-06-16 11:53:41,,,
SPY250613P00601000,2025-06-16 11:53:41,,,
SPY250613P00599000,2025-06-16 11:53:45,,,
SPY250613P00600000,2025-06-16 11:53:45,,,
SPY250613P00601000,2025-06-16 11:53:45,,,
SPY250613P00599000,2025-06-16 11:53:50,,,
SPY250613P00600000,2025-06-16 11:53:50,,,
SPY250613P00601000,2025-06-16 11:53:50,,,
SPY250613P00599000,2025-06-16 11:53:54,,,
SPY250613P00600000,2025-06-16 11:53:54,,,
SPY250613P00601000,2025-06-16 11:53:54,,,
SPY250613P00599000,2025-06-16 11:53:58,,,
SPY250613P00600000,2025-06-16 11:53:58,,,
SPY250613P00601000,2025-06-16 11:53:58,,,
SPY250613P00599000,2025-06-16 11:54:02,,,
SPY250613P00600000,2025-06-16 11:54:02,,,
SPY250613P00601000,2025-06-16 11:54:02,,,
SPY250613P00599000,2025-06-16 11:54:06,,,
SPY250613P00600000,2025-06-16 11:54:06,,,
SPY250613P00601000,2025-06-16 11:54:06,,,
SPY250613P00599000,2025-06-16 11:54:11,,,
SPY250613P00600000,2025-06-16 11:54:11,,,
SPY250613P00601000,2025-06-16 11:54:11,,,
SPY250613P00599000,2025-06-16 11:54:15,,,
SPY250613P00600000,2025-06-16 11:54:15,,,
SPY250613P00601000,2025-06-16 11:54:15,,,
SPY250613P00599000,2025-06-16 11:54:19,,,
SPY250613P00600000,2025-06-16 11:54:19,,,
SPY250613P00601000,2025-06-16 11:54:19,,,
SPY250613P00599000,2025-06-16 11:54:23,,,
SPY250613P00600000,2025-06-16 11:54:23,,,
SPY250613P00601000,2025-06-16 11:54:23,,,
SPY250613P00599000,2025-06-16 11:54:27,,,
SPY250613P00600000,2025-06-16 11:54:27,,,
SPY250613P00601000,2025-06-16 11:54:27,,,
SPY250613P00599000,2025-06-16 11:54:31,,,
SPY250613P00600000,2025-06-16 11:54:31,,,
SPY250613P00601000,2025-06-16 11:54:31,,,
SPY250613P00599000,2025-06-16 11:54:36,,,
SPY250613P00600000,2025-06-16 11:54:36,,,
SPY250613P00601000,2025-06-16 11:54:36,,,
SPY250613P00599000,2025-06-16 11:54:40,,,
SPY250613P00600000,2025-06-16 11:54:40,,,
SPY250613P00601000,2025-06-16 11:54:40,,,
SPY250613P00599000,2025-06-16 11:54:44,,,
SPY250613P00600000,2025-06-16 11:54:44,,,
SPY250613P00601000,2025-06-16 11:54:44,,,
SPY250613P00599000,2025-06-16 11:54:48,,,
SPY250613P00600000,2025-06-16 11:54:48,,,
SPY250613P00601000,2025-06-16 11:54:48,,,
SPY250613P00599000,2025-06-16 11:54:52,,,
SPY250613P00600000,2025-06-16 11:54:52,,,
SPY250613P00601000,2025-06-16 11:54:52,,,
SPY250613P00599000,2025-06-16 11:54:57,,,
SPY250613P00600000,2025-06-16 11:54:57,,,
SPY250613P00601000,2025-06-16 11:54:57,,,
SPY250613P00599000,2025-06-16 11:55:01,,,
SPY250613P00600000,2025-06-16 11:55:01,,,
SPY250613P00601000,2025-06-16 11:55:01,,,
SPY250613P00599000,2025-06-16 11:55:05,,,
SPY250613P00600000,2025-06-16 11:55:05,,,
SPY250613P00601000,2025-06-16 11:55:05,,,
SPY250613P00599000,2025-06-16 11:55:09,,,
SPY250613P00600000,2025-06-16 11:55:09,,,
SPY250613P00601000,2025-06-16 11:55:09,,,
SPY250613P00599000,2025-06-16 11:55:13,,,
SPY250613P00600000,2025-06-16 11:55:13,,,
SPY250613P00601000,2025-06-16 11:55:13,,,
SPY250613P00599000,2025-06-16 11:55:18,,,
SPY250613P00600000,2025-06-16 11:55:18,,,
SPY250613P00601000,2025-06-16 11:55:18,,,
SPY250613P00599000,2025-06-16 11:55:22,,,
SPY250613P00600000,2025-06-16 11:55:22,,,
SPY250613P00601000,2025-06-16 11:55:22,,,
SPY250613P00599000,2025-06-16 11:55:26,,,
SPY250613P00600000,2025-06-16 11:55:26,,,
SPY250613P00601000,2025-06-16 11:55:26,,,
SPY250613P00599000,2025-06-16 11:55:30,,,
SPY250613P00600000,2025-06-16 11:55:30,,,
SPY250613P00601000,2025-06-16 11:55:30,,,
SPY250613P00599000,2025-06-16 11:55:34,,,
SPY250613P00600000,2025-06-16 11:55:34,,,
SPY250613P00601000,2025-06-16 11:55:34,,,
SPY250613P00599000,2025-06-16 11:55:39,,,
SPY250613P00600000,2025-06-16 11:55:39,,,
SPY250613P00601000,2025-06-16 11:55:39,,,
SPY250613P00599000,2025-06-16 11:55:43,,,
SPY250613P00600000,2025-06-16 11:55:43,,,
SPY250613P00601000,2025-06-16 11:55:43,,,
SPY250613P00599000,2025-06-16 11:55:47,,,
SPY250613P00600000,2025-06-16 11:55:47,,,
SPY250613P00601000,2025-06-16 11:55:47,,,
SPY250613P00599000,2025-06-16 11:55:51,,,
SPY250613P00600000,2025-06-16 11:55:51,,,
SPY250613P00601000,2025-06-16 11:55:51,,,
SPY250613P00599000,2025-06-16 11:55:56,,,
SPY250613P00600000,2025-06-16 11:55:56,,,
SPY250613P00601000,2025-06-16 11:55:56,,,
SPY250613P00599000,2025-06-16 11:56:00,,,
SPY250613P00600000,2025-06-16 11:56:00,,,
SPY250613P00601000,2025-06-16 11:56:00,,,
SPY250613P00599000,2025-06-16 11:56:05,,,
SPY250613P00600000,2025-06-16 11:56:05,,,
SPY250613P00601000,2025-06-16 11:56:05,,,
SPY250613P00599000,2025-06-16 11:56:09,,,
SPY250613P00600000,2025-06-16 11:56:09,,,
SPY250613P00601000,2025-06-16 11:56:09,,,
SPY250613P00599000,2025-06-16 11:56:13,,,
SPY250613P00600000,2025-06-16 11:56:13,,,
SPY250613P00601000,2025-06-16 11:56:13,,,
SPY250613P00599000,2025-06-16 11:56:17,,,
SPY250613P00600000,2025-06-16 11:56:17,,,
SPY250613P00601000,2025-06-16 11:56:17,,,
SPY250613P00599000,2025-06-16 11:56:21,,,
SPY250613P00600000,2025-06-16 11:56:21,,,
SPY250613P00601000,2025-06-16 11:56:21,,,
SPY250613P00599000,2025-06-16 11:56:26,,,
SPY250613P00600000,2025-06-16 11:56:26,,,
SPY250613P00601000,2025-06-16 11:56:26,,,
SPY250613P00599000,2025-06-16 11:56:30,,,
SPY250613P00600000,2025-06-16 11:56:30,,,
SPY250613P00601000,2025-06-16 11:56:30,,,
SPY250613P00599000,2025-06-16 11:56:34,,,
SPY250613P00600000,2025-06-16 11:56:34,,,
SPY250613P00601000,2025-06-16 11:56:34,,,
SPY250613P00599000,2025-06-16 11:56:39,,,
SPY250613P00600000,2025-06-16 11:56:39,,,
SPY250613P00601000,2025-06-16 11:56:39,,,
SPY250613P00599000,2025-06-16 11:56:43,,,
SPY250613P00600000,2025-06-16 11:56:43,,,
SPY250613P00601000,2025-06-16 11:56:43,,,
SPY250613P00599000,2025-06-16 11:56:47,,,
SPY250613P00600000,2025-06-16 11:56:47,,,
SPY250613P00601000,2025-06-16 11:56:47,,,
SPY250613P00599000,2025-06-16 11:56:51,,,
SPY250613P00600000,2025-06-16 11:56:51,,,
SPY250613P00601000,2025-06-16 11:56:51,,,
SPY250613P00599000,2025-06-16 11:56:56,,,
SPY250613P00600000,2025-06-16 11:56:56,,,
SPY250613P00601000,2025-06-16 11:56:56,,,
SPY250613P00599000,2025-06-16 11:57:00,,,
SPY250613P00600000,2025-06-16 11:57:00,,,
SPY250613P00601000,2025-06-16 11:57:00,,,
SPY250613P00599000,2025-06-16 11:57:04,,,
SPY250613P00600000,2025-06-16 11:57:04,,,
SPY250613P00601000,2025-06-16 11:57:04,,,
SPY250613P00599000,2025-06-16 11:57:08,,,
SPY250613P00600000,2025-06-16 11:57:08,,,
SPY250613P00601000,2025-06-16 11:57:08,,,
SPY250613P00599000,2025-06-16 11:57:12,,,
SPY250613P00600000,2025-06-16 11:57:12,,,
SPY250613P00601000,2025-06-16 11:57:12,,,
SPY250613P00599000,2025-06-16 11:57:16,,,
SPY250613P00600000,2025-06-16 11:57:16,,,
SPY250613P00601000,2025-06-16 11:57:16,,,
SPY250613P00599000,2025-06-16 11:57:21,,,
SPY250613P00600000,2025-06-16 11:57:21,,,
SPY250613P00601000,2025-06-16 11:57:21,,,
SPY250613P00599000,2025-06-16 11:57:25,,,
SPY250613P00600000,2025-06-16 11:57:25,,,
SPY250613P00601000,2025-06-16 11:57:25,,,
SPY250613P00599000,2025-06-16 11:57:29,,,
SPY250613P00600000,2025-06-16 11:57:29,,,
SPY250613P00601000,2025-06-16 11:57:29,,,
SPY250613P00599000,2025-06-16 11:57:34,,,
SPY250613P00600000,2025-06-16 11:57:34,,,
SPY250613P00601000,2025-06-16 11:57:34,,,
SPY250613P00599000,2025-06-16 11:57:38,,,
SPY250613P00600000,2025-06-16 11:57:38,,,
SPY250613P00601000,2025-06-16 11:57:38,,,
SPY250613P00599000,2025-06-16 11:57:42,,,
SPY250613P00600000,2025-06-16 11:57:42,,,
SPY250613P00601000,2025-06-16 11:57:42,,,
SPY250613P00599000,2025-06-16 11:57:47,,,
SPY250613P00600000,2025-06-16 11:57:47,,,
SPY250613P00601000,2025-06-16 11:57:47,,,
SPY250613P00599000,2025-06-16 11:57:51,,,
SPY250613P00600000,2025-06-16 11:57:51,,,
SPY250613P00601000,2025-06-16 11:57:51,,,
SPY250613P00599000,2025-06-16 11:57:55,,,
SPY250613P00600000,2025-06-16 11:57:55,,,
SPY250613P00601000,2025-06-16 11:57:55,,,
SPY250613P00599000,2025-06-16 11:57:59,,,
SPY250613P00600000,2025-06-16 11:57:59,,,
SPY250613P00601000,2025-06-16 11:57:59,,,
SPY250613P00599000,2025-06-16 11:58:03,,,
SPY250613P00600000,2025-06-16 11:58:03,,,
SPY250613P00601000,2025-06-16 11:58:03,,,
SPY250613P00599000,2025-06-16 11:58:08,,,
SPY250613P00600000,2025-06-16 11:58:08,,,
SPY250613P00601000,2025-06-16 11:58:08,,,
SPY250613P00599000,2025-06-16 11:58:12,,,
SPY250613P00600000,2025-06-16 11:58:12,,,
SPY250613P00601000,2025-06-16 11:58:12,,,
SPY250613P00599000,2025-06-16 11:58:16,,,
SPY250613P00600000,2025-06-16 11:58:16,,,
SPY250613P00601000,2025-06-16 11:58:16,,,
SPY250613P00599000,2025-06-16 11:58:20,,,
SPY250613P00600000,2025-06-16 11:58:20,,,
SPY250613P00601000,2025-06-16 11:58:20,,,
SPY250613P00599000,2025-06-16 11:58:24,,,
SPY250613P00600000,2025-06-16 11:58:24,,,
SPY250613P00601000,2025-06-16 11:58:24,,,
SPY250613P00599000,2025-06-16 11:58:28,,,
SPY250613P00600000,2025-06-16 11:58:28,,,
SPY250613P00601000,2025-06-16 11:58:28,,,
SPY250613P00599000,2025-06-16 11:58:33,,,
SPY250613P00600000,2025-06-16 11:58:33,,,
SPY250613P00601000,2025-06-16 11:58:33,,,
SPY250613P00599000,2025-06-16 11:58:37,,,
SPY250613P00600000,2025-06-16 11:58:37,,,
SPY250613P00601000,2025-06-16 11:58:37,,,
SPY250613P00599000,2025-06-16 11:58:41,,,
SPY250613P00600000,2025-06-16 11:58:41,,,
SPY250613P00601000,2025-06-16 11:58:41,,,
SPY250613P00599000,2025-06-16 11:58:45,,,
SPY250613P00600000,2025-06-16 11:58:45,,,
SPY250613P00601000,2025-06-16 11:58:45,,,
SPY250613P00599000,2025-06-16 11:58:49,,,
SPY250613P00600000,2025-06-16 11:58:49,,,
SPY250613P00601000,2025-06-16 11:58:49,,,
SPY250613P00599000,2025-06-16 11:58:54,,,
SPY250613P00600000,2025-06-16 11:58:54,,,
SPY250613P00601000,2025-06-16 11:58:54,,,
SPY250613P00599000,2025-06-16 11:58:58,,,
SPY250613P00600000,2025-06-16 11:58:58,,,
SPY250613P00601000,2025-06-16 11:58:58,,,
SPY250613P00599000,2025-06-16 11:59:02,,,
SPY250613P00600000,2025-06-16 11:59:02,,,
SPY250613P00601000,2025-06-16 11:59:02,,,
SPY250613P00599000,2025-06-16 11:59:06,,,
SPY250613P00600000,2025-06-16 11:59:06,,,
SPY250613P00601000,2025-06-16 11:59:06,,,
SPY250613P00599000,2025-06-16 11:59:10,,,
SPY250613P00600000,2025-06-16 11:59:10,,,
SPY250613P00601000,2025-06-16 11:59:10,,,
SPY250613P00599000,2025-06-16 11:59:14,,,
SPY250613P00600000,2025-06-16 11:59:14,,,
SPY250613P00601000,2025-06-16 11:59:14,,,
SPY250613P00599000,2025-06-16 11:59:18,,,
SPY250613P00600000,2025-06-16 11:59:18,,,
SPY250613P00601000,2025-06-16 11:59:18,,,
SPY250613P00599000,2025-06-16 11:59:23,,,
SPY250613P00600000,2025-06-16 11:59:23,,,
SPY250613P00601000,2025-06-16 11:59:23,,,
SPY250613P00599000,2025-06-16 11:59:27,,,
SPY250613P00600000,2025-06-16 11:59:27,,,
SPY250613P00601000,2025-06-16 11:59:27,,,
SPY250613P00599000,2025-06-16 11:59:31,,,
SPY250613P00600000,2025-06-16 11:59:31,,,
SPY250613P00601000,2025-06-16 11:59:31,,,
SPY250613P00599000,2025-06-16 11:59:35,,,
SPY250613P00600000,2025-06-16 11:59:35,,,
SPY250613P00601000,2025-06-16 11:59:35,,,
SPY250613P00599000,2025-06-16 11:59:40,,,
SPY250613P00600000,2025-06-16 11:59:40,,,
SPY250613P00601000,2025-06-16 11:59:40,,,
SPY250613P00599000,2025-06-16 11:59:44,,,
SPY250613P00600000,2025-06-16 11:59:44,,,
SPY250613P00601000,2025-06-16 11:59:44,,,
SPY250613P00599000,2025-06-16 11:59:48,,,
SPY250613P00600000,2025-06-16 11:59:48,,,
SPY250613P00601000,2025-06-16 11:59:48,,,
SPY250613P00599000,2025-06-16 11:59:52,,,
SPY250613P00600000,2025-06-16 11:59:52,,,
SPY250613P00601000,2025-06-16 11:59:52,,,
SPY250613P00599000,2025-06-16 11:59:57,,,
SPY250613P00600000,2025-06-16 11:59:57,,,
SPY250613P00601000,2025-06-16 11:59:57,,,
SPY250613P00599000,2025-06-16 12:00:01,,,
SPY250613P00600000,2025-06-16 12:00:01,,,
SPY250613P00601000,2025-06-16 12:00:01,,,
SPY250613P00599000,2025-06-16 12:00:05,,,
SPY250613P00600000,2025-06-16 12:00:05,,,
SPY250613P00601000,2025-06-16 12:00:05,,,
SPY250613P00599000,2025-06-16 12:00:09,,,
SPY250613P00600000,2025-06-16 12:00:09,,,
SPY250613P00601000,2025-06-16 12:00:09,,,
SPY250613P00599000,2025-06-16 12:00:13,,,
SPY250613P00600000,2025-06-16 12:00:13,,,
SPY250613P00601000,2025-06-16 12:00:13,,,
SPY250613P00599000,2025-06-16 12:00:17,,,
SPY250613P00600000,2025-06-16 12:00:17,,,
SPY250613P00601000,2025-06-16 12:00:17,,,
SPY250613P00599000,2025-06-16 12:00:21,,,
SPY250613P00600000,2025-06-16 12:00:21,,,
SPY250613P00601000,2025-06-16 12:00:21,,,
SPY250613P00599000,2025-06-16 12:00:26,,,
SPY250613P00600000,2025-06-16 12:00:26,,,
SPY250613P00601000,2025-06-16 12:00:26,,,
SPY250613P00599000,2025-06-16 12:00:30,,,
SPY250613P00600000,2025-06-16 12:00:30,,,
SPY250613P00601000,2025-06-16 12:00:30,,,
SPY250613P00599000,2025-06-16 12:00:34,,,
SPY250613P00600000,2025-06-16 12:00:34,,,
SPY250613P00601000,2025-06-16 12:00:34,,,
SPY250613P00599000,2025-06-16 12:00:38,,,
SPY250613P00600000,2025-06-16 12:00:38,,,
SPY250613P00601000,2025-06-16 12:00:38,,,
SPY250613P00599000,2025-06-16 12:00:42,,,
SPY250613P00600000,2025-06-16 12:00:42,,,
SPY250613P00601000,2025-06-16 12:00:42,,,
SPY250613P00599000,2025-06-16 12:00:47,,,
SPY250613P00600000,2025-06-16 12:00:47,,,
SPY250613P00601000,2025-06-16 12:00:47,,,
SPY250613P00599000,2025-06-16 12:00:51,,,
SPY250613P00600000,2025-06-16 12:00:51,,,
SPY250613P00601000,2025-06-16 12:00:51,,,
SPY250613P00599000,2025-06-16 12:00:55,,,
SPY250613P00600000,2025-06-16 12:00:55,,,
SPY250613P00601000,2025-06-16 12:00:55,,,
SPY250613P00599000,2025-06-16 12:00:59,,,
SPY250613P00600000,2025-06-16 12:00:59,,,
SPY250613P00601000,2025-06-16 12:00:59,,,
SPY250613P00599000,2025-06-16 12:01:03,,,
SPY250613P00600000,2025-06-16 12:01:03,,,
SPY250613P00601000,2025-06-16 12:01:03,,,
SPY250613P00599000,2025-06-16 12:01:08,,,
SPY250613P00600000,2025-06-16 12:01:08,,,
SPY250613P00601000,2025-06-16 12:01:08,,,
SPY250613P00599000,2025-06-16 12:01:12,,,
SPY250613P00600000,2025-06-16 12:01:12,,,
SPY250613P00601000,2025-06-16 12:01:12,,,
SPY250613P00599000,2025-06-16 12:01:16,,,
SPY250613P00600000,2025-06-16 12:01:16,,,
SPY250613P00601000,2025-06-16 12:01:16,,,
SPY250613P00599000,2025-06-16 12:01:20,,,
SPY250613P00600000,2025-06-16 12:01:20,,,
SPY250613P00601000,2025-06-16 12:01:20,,,
SPY250613P00599000,2025-06-16 12:01:24,,,
SPY250613P00600000,2025-06-16 12:01:24,,,
SPY250613P00601000,2025-06-16 12:01:24,,,
SPY250613P00599000,2025-06-16 12:01:28,,,
SPY250613P00600000,2025-06-16 12:01:28,,,
SPY250613P00601000,2025-06-16 12:01:28,,,
SPY250613P00599000,2025-06-16 12:01:33,,,
SPY250613P00600000,2025-06-16 12:01:33,,,
SPY250613P00601000,2025-06-16 12:01:33,,,
SPY250613P00599000,2025-06-16 12:01:37,,,
SPY250613P00600000,2025-06-16 12:01:37,,,
SPY250613P00601000,2025-06-16 12:01:37,,,
SPY250613P00599000,2025-06-16 12:01:41,,,
SPY250613P00600000,2025-06-16 12:01:41,,,
SPY250613P00601000,2025-06-16 12:01:41,,,
SPY250613P00599000,2025-06-16 12:01:45,,,
SPY250613P00600000,2025-06-16 12:01:45,,,
SPY250613P00601000,2025-06-16 12:01:45,,,
SPY250613P00599000,2025-06-16 12:01:49,,,
SPY250613P00600000,2025-06-16 12:01:49,,,
SPY250613P00601000,2025-06-16 12:01:49,,,
SPY250613P00599000,2025-06-16 12:01:53,,,
SPY250613P00600000,2025-06-16 12:01:53,,,
SPY250613P00601000,2025-06-16 12:01:53,,,
SPY250613P00599000,2025-06-16 12:01:58,,,
SPY250613P00600000,2025-06-16 12:01:58,,,
SPY250613P00601000,2025-06-16 12:01:58,,,
SPY250613P00599000,2025-06-16 12:02:02,,,
SPY250613P00600000,2025-06-16 12:02:02,,,
SPY250613P00601000,2025-06-16 12:02:02,,,
SPY250613P00599000,2025-06-16 12:02:06,,,
SPY250613P00600000,2025-06-16 12:02:06,,,
SPY250613P00601000,2025-06-16 12:02:06,,,
SPY250613P00599000,2025-06-16 12:02:10,,,
SPY250613P00600000,2025-06-16 12:02:10,,,
SPY250613P00601000,2025-06-16 12:02:10,,,
SPY250613P00599000,2025-06-16 12:02:15,,,
SPY250613P00600000,2025-06-16 12:02:15,,,
SPY250613P00601000,2025-06-16 12:02:15,,,
SPY250613P00599000,2025-06-16 12:02:19,,,
SPY250613P00600000,2025-06-16 12:02:19,,,
SPY250613P00601000,2025-06-16 12:02:19,,,
SPY250613P00599000,2025-06-16 12:02:23,,,
SPY250613P00600000,2025-06-16 12:02:23,,,
SPY250613P00601000,2025-06-16 12:02:23,,,
SPY250613P00599000,2025-06-16 12:02:27,,,
SPY250613P00600000,2025-06-16 12:02:27,,,
SPY250613P00601000,2025-06-16 12:02:27,,,
SPY250613P00599000,2025-06-16 12:02:31,,,
SPY250613P00600000,2025-06-16 12:02:31,,,
SPY250613P00601000,2025-06-16 12:02:31,,,
SPY250613P00599000,2025-06-16 12:02:35,,,
SPY250613P00600000,2025-06-16 12:02:35,,,
SPY250613P00601000,2025-06-16 12:02:35,,,
SPY250613P00599000,2025-06-16 12:02:40,,,
SPY250613P00600000,2025-06-16 12:02:40,,,
SPY250613P00601000,2025-06-16 12:02:40,,,
SPY250613P00599000,2025-06-16 12:02:44,,,
SPY250613P00600000,2025-06-16 12:02:44,,,
SPY250613P00601000,2025-06-16 12:02:44,,,
SPY250613P00599000,2025-06-16 12:02:48,,,
SPY250613P00600000,2025-06-16 12:02:48,,,
SPY250613P00601000,2025-06-16 12:02:48,,,
SPY250613P00599000,2025-06-16 12:02:52,,,
SPY250613P00600000,2025-06-16 12:02:52,,,
SPY250613P00601000,2025-06-16 12:02:52,,,
SPY250613P00599000,2025-06-16 12:02:56,,,
SPY250613P00600000,2025-06-16 12:02:56,,,
SPY250613P00601000,2025-06-16 12:02:56,,,
SPY250613P00599000,2025-06-16 12:03:01,,,
SPY250613P00600000,2025-06-16 12:03:01,,,
SPY250613P00601000,2025-06-16 12:03:01,,,
SPY250613P00599000,2025-06-16 12:03:05,,,
SPY250613P00600000,2025-06-16 12:03:05,,,
SPY250613P00601000,2025-06-16 12:03:05,,,
SPY250613P00599000,2025-06-16 12:03:09,,,
SPY250613P00600000,2025-06-16 12:03:09,,,
SPY250613P00601000,2025-06-16 12:03:09,,,
SPY250613P00599000,2025-06-16 12:03:13,,,
SPY250613P00600000,2025-06-16 12:03:13,,,
SPY250613P00601000,2025-06-16 12:03:13,,,
SPY250613P00599000,2025-06-16 12:03:20,,,
SPY250613P00600000,2025-06-16 12:03:20,,,
SPY250613P00601000,2025-06-16 12:03:20,,,
SPY250613P00599000,2025-06-16 12:03:24,,,
SPY250613P00600000,2025-06-16 12:03:24,,,
SPY250613P00601000,2025-06-16 12:03:24,,,
SPY250613P00599000,2025-06-16 12:03:29,,,
SPY250613P00600000,2025-06-16 12:03:29,,,
SPY250613P00601000,2025-06-16 12:03:29,,,
SPY250613P00599000,2025-06-16 12:03:33,,,
SPY250613P00600000,2025-06-16 12:03:33,,,
SPY250613P00601000,2025-06-16 12:03:33,,,
SPY250613P00599000,2025-06-16 12:03:37,,,
SPY250613P00600000,2025-06-16 12:03:37,,,
SPY250613P00601000,2025-06-16 12:03:37,,,
SPY250613P00599000,2025-06-16 12:03:41,,,
SPY250613P00600000,2025-06-16 12:03:41,,,
SPY250613P00601000,2025-06-16 12:03:41,,,
SPY250613P00599000,2025-06-16 12:03:45,,,
SPY250613P00600000,2025-06-16 12:03:45,,,
SPY250613P00601000,2025-06-16 12:03:45,,,
SPY250613P00599000,2025-06-16 12:03:49,,,
SPY250613P00600000,2025-06-16 12:03:49,,,
SPY250613P00601000,2025-06-16 12:03:49,,,
SPY250613P00599000,2025-06-16 12:03:54,,,
SPY250613P00600000,2025-06-16 12:03:54,,,
SPY250613P00601000,2025-06-16 12:03:54,,,
SPY250613P00599000,2025-06-16 12:03:58,,,
SPY250613P00600000,2025-06-16 12:03:58,,,
SPY250613P00601000,2025-06-16 12:03:58,,,
SPY250613P00599000,2025-06-16 12:04:02,,,
SPY250613P00600000,2025-06-16 12:04:02,,,
SPY250613P00601000,2025-06-16 12:04:02,,,
SPY250613P00599000,2025-06-16 12:04:06,,,
SPY250613P00600000,2025-06-16 12:04:06,,,
SPY250613P00601000,2025-06-16 12:04:06,,,
SPY250613P00599000,2025-06-16 12:04:10,,,
SPY250613P00600000,2025-06-16 12:04:10,,,
SPY250613P00601000,2025-06-16 12:04:10,,,
SPY250613P00599000,2025-06-16 12:04:15,,,
SPY250613P00600000,2025-06-16 12:04:15,,,
SPY250613P00601000,2025-06-16 12:04:15,,,
SPY250613P00599000,2025-06-16 12:04:19,,,
SPY250613P00600000,2025-06-16 12:04:19,,,
SPY250613P00601000,2025-06-16 12:04:19,,,
SPY250613P00599000,2025-06-16 12:04:24,,,
SPY250613P00600000,2025-06-16 12:04:24,,,
SPY250613P00601000,2025-06-16 12:04:24,,,
SPY250613P00599000,2025-06-16 12:04:29,,,
SPY250613P00600000,2025-06-16 12:04:29,,,
SPY250613P00601000,2025-06-16 12:04:29,,,
SPY250613P00599000,2025-06-16 12:04:34,,,
SPY250613P00600000,2025-06-16 12:04:34,,,
SPY250613P00601000,2025-06-16 12:04:34,,,
SPY250613P00599000,2025-06-16 12:04:38,,,
SPY250613P00600000,2025-06-16 12:04:38,,,
SPY250613P00601000,2025-06-16 12:04:38,,,
SPY250613P00599000,2025-06-16 12:04:43,,,
SPY250613P00600000,2025-06-16 12:04:43,,,
SPY250613P00601000,2025-06-16 12:04:43,,,
SPY250613P00599000,2025-06-16 12:04:48,,,
SPY250613P00600000,2025-06-16 12:04:48,,,
SPY250613P00601000,2025-06-16 12:04:48,,,
SPY250613P00599000,2025-06-16 12:04:52,,,
SPY250613P00600000,2025-06-16 12:04:52,,,
SPY250613P00601000,2025-06-16 12:04:52,,,
SPY250613P00599000,2025-06-16 12:04:57,,,
SPY250613P00600000,2025-06-16 12:04:57,,,
SPY250613P00601000,2025-06-16 12:04:57,,,
SPY250613P00599000,2025-06-16 12:05:01,,,
SPY250613P00600000,2025-06-16 12:05:01,,,
SPY250613P00601000,2025-06-16 12:05:01,,,
SPY250613P00599000,2025-06-16 12:05:05,,,
SPY250613P00600000,2025-06-16 12:05:05,,,
SPY250613P00601000,2025-06-16 12:05:05,,,
SPY250613P00599000,2025-06-16 12:05:10,,,
SPY250613P00600000,2025-06-16 12:05:10,,,
SPY250613P00601000,2025-06-16 12:05:10,,,
SPY250613P00599000,2025-06-16 12:05:14,,,
SPY250613P00600000,2025-06-16 12:05:14,,,
SPY250613P00601000,2025-06-16 12:05:14,,,
SPY250613P00599000,2025-06-16 12:05:20,,,
SPY250613P00600000,2025-06-16 12:05:20,,,
SPY250613P00601000,2025-06-16 12:05:20,,,
SPY250613P00599000,2025-06-16 12:05:24,,,
SPY250613P00600000,2025-06-16 12:05:24,,,
SPY250613P00601000,2025-06-16 12:05:24,,,
SPY250613P00599000,2025-06-16 12:05:29,,,
SPY250613P00600000,2025-06-16 12:05:29,,,
SPY250613P00601000,2025-06-16 12:05:29,,,
SPY250613P00599000,2025-06-16 12:05:33,,,
SPY250613P00600000,2025-06-16 12:05:33,,,
SPY250613P00601000,2025-06-16 12:05:33,,,
SPY250613P00599000,2025-06-16 12:05:38,,,
SPY250613P00600000,2025-06-16 12:05:38,,,
SPY250613P00601000,2025-06-16 12:05:38,,,
SPY250613P00599000,2025-06-16 12:05:42,,,
SPY250613P00600000,2025-06-16 12:05:42,,,
SPY250613P00601000,2025-06-16 12:05:42,,,
SPY250613P00599000,2025-06-16 12:05:46,,,
SPY250613P00600000,2025-06-16 12:05:46,,,
SPY250613P00601000,2025-06-16 12:05:46,,,
SPY250613P00599000,2025-06-16 12:05:50,,,
SPY250613P00600000,2025-06-16 12:05:50,,,
SPY250613P00601000,2025-06-16 12:05:50,,,
SPY250613P00599000,2025-06-16 12:05:54,,,
SPY250613P00600000,2025-06-16 12:05:54,,,
SPY250613P00601000,2025-06-16 12:05:54,,,
SPY250613P00599000,2025-06-16 12:05:59,,,
SPY250613P00600000,2025-06-16 12:05:59,,,
SPY250613P00601000,2025-06-16 12:05:59,,,
SPY250613P00599000,2025-06-16 12:06:03,,,
SPY250613P00600000,2025-06-16 12:06:03,,,
SPY250613P00601000,2025-06-16 12:06:03,,,
SPY250613P00599000,2025-06-16 12:06:08,,,
SPY250613P00600000,2025-06-16 12:06:08,,,
SPY250613P00601000,2025-06-16 12:06:08,,,
SPY250613P00599000,2025-06-16 12:06:12,,,
SPY250613P00600000,2025-06-16 12:06:12,,,
SPY250613P00601000,2025-06-16 12:06:12,,,
SPY250613P00599000,2025-06-16 12:06:16,,,
SPY250613P00600000,2025-06-16 12:06:16,,,
SPY250613P00601000,2025-06-16 12:06:16,,,
SPY250613P00599000,2025-06-16 12:06:20,,,
SPY250613P00600000,2025-06-16 12:06:20,,,
SPY250613P00601000,2025-06-16 12:06:20,,,
SPY250613P00599000,2025-06-16 12:06:24,,,
SPY250613P00600000,2025-06-16 12:06:24,,,
SPY250613P00601000,2025-06-16 12:06:24,,,
SPY250613P00599000,2025-06-16 12:06:28,,,
SPY250613P00600000,2025-06-16 12:06:28,,,
SPY250613P00601000,2025-06-16 12:06:28,,,
SPY250613P00599000,2025-06-16 12:06:33,,,
SPY250613P00600000,2025-06-16 12:06:33,,,
SPY250613P00601000,2025-06-16 12:06:33,,,
SPY250613P00599000,2025-06-16 12:06:37,,,
SPY250613P00600000,2025-06-16 12:06:37,,,
SPY250613P00601000,2025-06-16 12:06:37,,,
SPY250613P00599000,2025-06-16 12:06:41,,,
SPY250613P00600000,2025-06-16 12:06:41,,,
SPY250613P00601000,2025-06-16 12:06:41,,,
SPY250613P00599000,2025-06-16 12:06:45,,,
SPY250613P00600000,2025-06-16 12:06:45,,,
SPY250613P00601000,2025-06-16 12:06:45,,,
SPY250613P00599000,2025-06-16 12:06:49,,,
SPY250613P00600000,2025-06-16 12:06:49,,,
SPY250613P00601000,2025-06-16 12:06:49,,,
SPY250613P00599000,2025-06-16 12:06:53,,,
SPY250613P00600000,2025-06-16 12:06:53,,,
SPY250613P00601000,2025-06-16 12:06:53,,,
SPY250613P00599000,2025-06-16 12:06:57,,,
SPY250613P00600000,2025-06-16 12:06:57,,,
SPY250613P00601000,2025-06-16 12:06:57,,,
SPY250613P00599000,2025-06-16 12:07:01,,,
SPY250613P00600000,2025-06-16 12:07:01,,,
SPY250613P00601000,2025-06-16 12:07:01,,,
SPY250613P00599000,2025-06-16 12:07:06,,,
SPY250613P00600000,2025-06-16 12:07:06,,,
SPY250613P00601000,2025-06-16 12:07:06,,,
SPY250613P00599000,2025-06-16 12:07:10,,,
SPY250613P00600000,2025-06-16 12:07:10,,,
SPY250613P00601000,2025-06-16 12:07:10,,,
SPY250613P00599000,2025-06-16 12:07:14,,,
SPY250613P00600000,2025-06-16 12:07:14,,,
SPY250613P00601000,2025-06-16 12:07:14,,,
SPY250613P00599000,2025-06-16 12:07:18,,,
SPY250613P00600000,2025-06-16 12:07:18,,,
SPY250613P00601000,2025-06-16 12:07:18,,,
SPY250613P00599000,2025-06-16 12:07:22,,,
SPY250613P00600000,2025-06-16 12:07:22,,,
SPY250613P00601000,2025-06-16 12:07:22,,,
SPY250613P00599000,2025-06-16 12:07:26,,,
SPY250613P00600000,2025-06-16 12:07:26,,,
SPY250613P00601000,2025-06-16 12:07:26,,,
SPY250613P00599000,2025-06-16 12:07:30,,,
SPY250613P00600000,2025-06-16 12:07:30,,,
SPY250613P00601000,2025-06-16 12:07:30,,,
SPY250613P00599000,2025-06-16 12:07:35,,,
SPY250613P00600000,2025-06-16 12:07:35,,,
SPY250613P00601000,2025-06-16 12:07:35,,,
SPY250613P00599000,2025-06-16 12:07:39,,,
SPY250613P00600000,2025-06-16 12:07:39,,,
SPY250613P00601000,2025-06-16 12:07:39,,,
SPY250613P00599000,2025-06-16 12:07:43,,,
SPY250613P00600000,2025-06-16 12:07:43,,,
SPY250613P00601000,2025-06-16 12:07:43,,,
SPY250613P00599000,2025-06-16 12:07:47,,,
SPY250613P00600000,2025-06-16 12:07:47,,,
SPY250613P00601000,2025-06-16 12:07:47,,,
SPY250613P00599000,2025-06-16 12:07:51,,,
SPY250613P00600000,2025-06-16 12:07:51,,,
SPY250613P00601000,2025-06-16 12:07:51,,,
SPY250613P00599000,2025-06-16 12:07:55,,,
SPY250613P00600000,2025-06-16 12:07:55,,,
SPY250613P00601000,2025-06-16 12:07:55,,,
SPY250613C00500000,2025-06-16 12:07:59,2.5,2.5,
SPY250613P00599000,2025-06-16 12:07:59,,,
SPY250613P00600000,2025-06-16 12:07:59,,,
SPY250613P00601000,2025-06-16 12:07:59,,,
SPY250613P00599000,2025-06-16 12:08:04,,,
SPY250613P00600000,2025-06-16 12:08:04,,,
SPY250613P00601000,2025-06-16 12:08:04,,,
SPY250613C00500000,2025-06-16 12:08:05,2.55,2.55,
SPY250613P00599000,2025-06-16 12:08:08,,,
SPY250613P00600000,2025-06-16 12:08:08,,,
SPY250613P00601000,2025-06-16 12:08:08,,,
SPY250613P00599000,2025-06-16 12:08:12,,,
SPY250613P00600000,2025-06-16 12:08:12,,,
SPY250613P00601000,2025-06-16 12:08:12,,,
SPY250613P00599000,2025-06-16 12:08:17,,,
SPY250613P00600000,2025-06-16 12:08:17,,,
SPY250613P00601000,2025-06-16 12:08:17,,,
SPY250613P00599000,2025-06-16 12:08:21,,,
SPY250613P00600000,2025-06-16 12:08:21,,,
SPY250613P00601000,2025-06-16 12:08:21,,,
SPY250613P00599000,2025-06-16 12:08:25,,,
SPY250613P00600000,2025-06-16 12:08:25,,,
SPY250613P00601000,2025-06-16 12:08:25,,,
SPY250613P00599000,2025-06-16 12:08:29,,,
SPY250613P00600000,2025-06-16 12:08:29,,,
SPY250613P00601000,2025-06-16 12:08:29,,,
SPY250613P00599000,2025-06-16 12:08:33,,,
SPY250613P00600000,2025-06-16 12:08:33,,,
SPY250613P00601000,2025-06-16 12:08:33,,,
SPY250613P00599000,2025-06-16 12:08:37,,,
SPY250613P00600000,2025-06-16 12:08:37,,,
SPY250613P00601000,2025-06-16 12:08:37,,,
SPY250613P00599000,2025-06-16 12:08:41,,,
SPY250613P00600000,2025-06-16 12:08:41,,,
SPY250613P00601000,2025-06-16 12:08:41,,,
SPY250613P00599000,2025-06-16 12:08:45,,,
SPY250613P00600000,2025-06-16 12:08:45,,,
SPY250613P00601000,2025-06-16 12:08:45,,,
SPY250613P00599000,2025-06-16 12:08:50,,,
SPY250613P00600000,2025-06-16 12:08:50,,,
SPY250613P00601000,2025-06-16 12:08:50,,,
SPY250613P00599000,2025-06-16 12:08:54,,,
SPY250613P00600000,2025-06-16 12:08:54,,,
SPY250613P00601000,2025-06-16 12:08:54,,,
SPY250613P00599000,2025-06-16 12:08:58,,,
SPY250613P00600000,2025-06-16 12:08:58,,,
SPY250613P00601000,2025-06-16 12:08:58,,,
SPY250613P00599000,2025-06-16 12:09:02,,,
SPY250613P00600000,2025-06-16 12:09:02,,,
SPY250613P00601000,2025-06-16 12:09:02,,,
SPY250613P00599000,2025-06-16 12:09:06,,,
SPY250613P00600000,2025-06-16 12:09:06,,,
SPY250613P00601000,2025-06-16 12:09:06,,,
SPY250613P00599000,2025-06-16 12:09:10,,,
SPY250613P00600000,2025-06-16 12:09:10,,,
SPY250613P00601000,2025-06-16 12:09:10,,,
SPY250613P00599000,2025-06-16 12:09:14,,,
SPY250613P00600000,2025-06-16 12:09:14,,,
SPY250613P00601000,2025-06-16 12:09:14,,,
SPY250613P00599000,2025-06-16 12:09:18,,,
SPY250613P00600000,2025-06-16 12:09:18,,,
SPY250613P00601000,2025-06-16 12:09:18,,,
SPY250613P00599000,2025-06-16 12:09:23,,,
SPY250613P00600000,2025-06-16 12:09:23,,,
SPY250613P00601000,2025-06-16 12:09:23,,,
SPY250613P00599000,2025-06-16 12:09:27,,,
SPY250613P00600000,2025-06-16 12:09:27,,,
SPY250613P00601000,2025-06-16 12:09:27,,,
SPY250613P00599000,2025-06-16 12:09:31,,,
SPY250613P00600000,2025-06-16 12:09:31,,,
SPY250613P00601000,2025-06-16 12:09:31,,,
SPY250613P00599000,2025-06-16 12:09:35,,,
SPY250613P00600000,2025-06-16 12:09:35,,,
SPY250613P00601000,2025-06-16 12:09:35,,,
SPY250613P00599000,2025-06-16 12:09:39,,,
SPY250613P00600000,2025-06-16 12:09:39,,,
SPY250613P00601000,2025-06-16 12:09:39,,,
SPY250613C00500000,2025-06-16 12:09:43,2.5,2.5,
SPY250613P00599000,2025-06-16 12:09:43,,,
SPY250613P00600000,2025-06-16 12:09:43,,,
SPY250613P00601000,2025-06-16 12:09:43,,,
SPY250613P00599000,2025-06-16 12:09:48,,,
SPY250613P00600000,2025-06-16 12:09:48,,,
SPY250613P00601000,2025-06-16 12:09:48,,,
SPY250613P00599000,2025-06-16 12:09:52,,,
SPY250613P00600000,2025-06-16 12:09:52,,,
SPY250613P00601000,2025-06-16 12:09:52,,,
SPY250613P00599000,2025-06-16 12:09:56,,,
SPY250613P00600000,2025-06-16 12:09:56,,,
SPY250613P00601000,2025-06-16 12:09:56,,,
SPY250613P00599000,2025-06-16 12:10:00,,,
SPY250613P00600000,2025-06-16 12:10:00,,,
SPY250613P00601000,2025-06-16 12:10:00,,,
SPY250613P00599000,2025-06-16 12:10:05,,,
SPY250613P00600000,2025-06-16 12:10:05,,,
SPY250613P00601000,2025-06-16 12:10:05,,,
SPY250613P00599000,2025-06-16 12:10:09,,,
SPY250613P00600000,2025-06-16 12:10:09,,,
SPY250613P00601000,2025-06-16 12:10:09,,,
SPY250613P00599000,2025-06-16 12:10:13,,,
SPY250613P00600000,2025-06-16 12:10:13,,,
SPY250613P00601000,2025-06-16 12:10:13,,,
SPY250613P00599000,2025-06-16 12:10:17,,,
SPY250613P00600000,2025-06-16 12:10:17,,,
SPY250613P00601000,2025-06-16 12:10:17,,,
SPY250613P00599000,2025-06-16 12:10:21,,,
SPY250613P00600000,2025-06-16 12:10:21,,,
SPY250613P00601000,2025-06-16 12:10:21,,,
SPY250613P00599000,2025-06-16 12:10:25,,,
SPY250613P00600000,2025-06-16 12:10:25,,,
SPY250613P00601000,2025-06-16 12:10:25,,,
SPY250613P00599000,2025-06-16 12:10:29,,,
SPY250613P00600000,2025-06-16 12:10:29,,,
SPY250613P00601000,2025-06-16 12:10:29,,,
SPY250613P00599000,2025-06-16 12:10:33,,,
SPY250613P00600000,2025-06-16 12:10:33,,,
SPY250613P00601000,2025-06-16 12:10:33,,,
SPY250613P00599000,2025-06-16 12:10:37,,,
SPY250613P00600000,2025-06-16 12:10:37,,,
SPY250613P00601000,2025-06-16 12:10:37,,,
SPY250613P00599000,2025-06-16 12:10:42,,,
SPY250613P00600000,2025-06-16 12:10:42,,,
SPY250613P00601000,2025-06-16 12:10:42,,,
SPY250613P00599000,2025-06-16 12:10:46,,,
SPY250613P00600000,2025-06-16 12:10:46,,,
SPY250613P00601000,2025-06-16 12:10:46,,,
SPY250613P00599000,2025-06-16 12:10:50,,,
SPY250613P00600000,2025-06-16 12:10:50,,,
SPY250613P00601000,2025-06-16 12:10:50,,,
SPY250613P00599000,2025-06-16 12:10:54,,,
SPY250613P00600000,2025-06-16 12:10:54,,,
SPY250613P00601000,2025-06-16 12:10:54,,,
SPY250613P00599000,2025-06-16 12:10:58,,,
SPY250613P00600000,2025-06-16 12:10:58,,,
SPY250613P00601000,2025-06-16 12:10:58,,,
SPY250613P00599000,2025-06-16 12:11:02,,,
SPY250613P00600000,2025-06-16 12:11:02,,,
SPY250613P00601000,2025-06-16 12:11:02,,,
SPY250613P00599000,2025-06-16 12:11:06,,,
SPY250613P00600000,2025-06-16 12:11:06,,,
SPY250613P00601000,2025-06-16 12:11:06,,,
SPY250613P00599000,2025-06-16 12:11:11,,,
SPY250613P00600000,2025-06-16 12:11:11,,,
SPY250613P00601000,2025-06-16 12:11:11,,,
SPY250613P00599000,2025-06-16 12:11:15,,,
SPY250613P00600000,2025-06-16 12:11:15,,,
SPY250613P00601000,2025-06-16 12:11:15,,,
SPY250613P00599000,2025-06-16 12:11:19,,,
SPY250613P00600000,2025-06-16 12:11:19,,,
SPY250613P00601000,2025-06-16 12:11:19,,,
SPY250613P00599000,2025-06-16 12:11:23,,,
SPY250613P00600000,2025-06-16 12:11:23,,,
SPY250613P00601000,2025-06-16 12:11:23,,,
SPY250613P00599000,2025-06-16 12:11:27,,,
SPY250613P00600000,2025-06-16 12:11:27,,,
SPY250613P00601000,2025-06-16 12:11:27,,,
SPY250613P00599000,2025-06-16 12:11:31,,,
SPY250613P00600000,2025-06-16 12:11:31,,,
SPY250613P00601000,2025-06-16 12:11:31,,,
SPY250613P00599000,2025-06-16 12:11:35,,,
SPY250613P00600000,2025-06-16 12:11:35,,,
SPY250613P00601000,2025-06-16 12:11:35,,,
SPY250613P00599000,2025-06-16 12:11:39,,,
SPY250613P00600000,2025-06-16 12:11:39,,,
SPY250613P00601000,2025-06-16 12:11:39,,,
SPY250613P00599000,2025-06-16 12:11:44,,,
SPY250613P00600000,2025-06-16 12:11:44,,,
SPY250613P00601000,2025-06-16 12:11:44,,,
SPY250613P00599000,2025-06-16 12:11:48,,,
SPY250613P00600000,2025-06-16 12:11:48,,,
SPY250613P00601000,2025-06-16 12:11:48,,,
SPY250613P00599000,2025-06-16 12:11:52,,,
SPY250613P00600000,2025-06-16 12:11:52,,,
SPY250613P00601000,2025-06-16 12:11:52,,,
SPY250613P00599000,2025-06-16 12:11:56,,,
SPY250613P00600000,2025-06-16 12:11:56,,,
SPY250613P00601000,2025-06-16 12:11:56,,,
SPY250613P00599000,2025-06-16 12:12:00,,,
SPY250613P00600000,2025-06-16 12:12:00,,,
SPY250613P00601000,2025-06-16 12:12:00,,,
SPY250613P00599000,2025-06-16 12:12:05,,,
SPY250613P00600000,2025-06-16 12:12:05,,,
SPY250613P00601000,2025-06-16 12:12:05,,,
SPY250613P00599000,2025-06-16 12:12:09,,,
SPY250613P00600000,2025-06-16 12:12:09,,,
SPY250613P00601000,2025-06-16 12:12:09,,,
SPY250613P00599000,2025-06-16 12:12:13,,,
SPY250613P00600000,2025-06-16 12:12:13,,,
SPY250613P00601000,2025-06-16 12:12:13,,,
SPY250613P00599000,2025-06-16 12:12:17,,,
SPY250613P00600000,2025-06-16 12:12:17,,,
SPY250613P00601000,2025-06-16 12:12:17,,,
SPY250613P00599000,2025-06-16 12:12:21,,,
SPY250613P00600000,2025-06-16 12:12:21,,,
SPY250613P00601000,2025-06-16 12:12:21,,,
SPY250613P00599000,2025-06-16 12:12:26,,,
SPY250613P00600000,2025-06-16 12:12:26,,,
SPY250613P00601000,2025-06-16 12:12:26,,,
SPY250613P00599000,2025-06-16 12:12:30,,,
SPY250613P00600000,2025-06-16 12:12:30,,,
SPY250613P00601000,2025-06-16 12:12:30,,,
SPY250613P00599000,2025-06-16 12:12:34,,,
SPY250613P00600000,2025-06-16 12:12:34,,,
SPY250613P00601000,2025-06-16 12:12:34,,,
SPY250613P00599000,2025-06-16 12:12:38,,,
SPY250613P00600000,2025-06-16 12:12:38,,,
SPY250613P00601000,2025-06-16 12:12:38,,,
SPY250613P00599000,2025-06-16 12:12:42,,,
SPY250613P00600000,2025-06-16 12:12:42,,,
SPY250613P00601000,2025-06-16 12:12:42,,,
SPY250613P00599000,2025-06-16 12:12:46,,,
SPY250613P00600000,2025-06-16 12:12:46,,,
SPY250613P00601000,2025-06-16 12:12:46,,,
SPY250613P00599000,2025-06-16 12:12:50,,,
SPY250613P00600000,2025-06-16 12:12:50,,,
SPY250613P00601000,2025-06-16 12:12:50,,,
SPY250613P00599000,2025-06-16 12:12:54,,,
SPY250613P00600000,2025-06-16 12:12:54,,,
SPY250613P00601000,2025-06-16 12:12:54,,,
SPY250613P00599000,2025-06-16 12:12:59,,,
SPY250613P00600000,2025-06-16 12:12:59,,,
SPY250613P00601000,2025-06-16 12:12:59,,,
SPY250613P00599000,2025-06-16 12:13:03,,,
SPY250613P00600000,2025-06-16 12:13:03,,,
SPY250613P00601000,2025-06-16 12:13:03,,,
SPY250613P00599000,2025-06-16 12:13:07,,,
SPY250613P00600000,2025-06-16 12:13:07,,,
SPY250613P00601000,2025-06-16 12:13:07,,,
SPY250613P00599000,2025-06-16 12:13:11,,,
SPY250613P00600000,2025-06-16 12:13:11,,,
SPY250613P00601000,2025-06-16 12:13:11,,,
SPY250613C00500000,2025-06-16 12:13:15,<Mock name='mock.get_option_latest_trade_for_tracking()' id='4987091456'>,2.5,
SPY250613P00599000,2025-06-16 12:13:15,,,
SPY250613P00600000,2025-06-16 12:13:15,,,
SPY250613P00601000,2025-06-16 12:13:15,,,
SPY250613C00500000,2025-06-16 12:13:17,2.75,,2.75
SPY250613C00500000,2025-06-16 12:13:19,2.5,2.45,
SPY250613C00500000,2025-06-16 12:13:19,2.75,,2.7
SPY250613P00599000,2025-06-16 12:13:19,,,
SPY250613P00600000,2025-06-16 12:13:19,,,
SPY250613P00601000,2025-06-16 12:13:19,,,
SPY250613P00599000,2025-06-16 12:13:24,,,
SPY250613P00600000,2025-06-16 12:13:24,,,
SPY250613P00601000,2025-06-16 12:13:24,,,
SPY250613P00599000,2025-06-16 12:13:28,,,
SPY250613P00600000,2025-06-16 12:13:28,,,
SPY250613P00601000,2025-06-16 12:13:28,,,
SPY250613P00599000,2025-06-16 12:13:32,,,
SPY250613P00600000,2025-06-16 12:13:32,,,
SPY250613P00601000,2025-06-16 12:13:32,,,
SPY250613P00599000,2025-06-16 12:13:36,,,
SPY250613P00600000,2025-06-16 12:13:36,,,
SPY250613P00601000,2025-06-16 12:13:36,,,
SPY250613P00599000,2025-06-16 12:13:40,,,
SPY250613P00600000,2025-06-16 12:13:40,,,
SPY250613P00601000,2025-06-16 12:13:40,,,
