2025-06-04 10:04:24 | ERROR    | src.trading.executor:_close_position:576 | 平仓失败: {"code":40310000,"message":"account not eligible to trade uncovered option contracts"}
2025-06-04 10:08:59 | ERROR    | src.trading.executor:_close_position:576 | 平仓失败: {"code":40310000,"message":"account not eligible to trade uncovered option contracts"}
2025-06-04 11:21:49 | ERROR    | src.data.market_data:_get_option_chain_sdk:268 | SDK获取期权链失败: <html>
<head><title>502 Bad Gateway</title></head>
<body>
<center><h1>502 Bad Gateway</h1></center>
<hr><center>nginx</center>
</body>
</html>

2025-06-04 11:37:19 | ERROR    | src.data.market_data:_get_option_chain_sdk:268 | SDK获取期权链失败: <html>
<head><title>502 Bad Gateway</title></head>
<body>
<center><h1>502 Bad Gateway</h1></center>
<hr><center>nginx</center>
</body>
</html>

2025-06-04 12:45:52 | ERROR    | src.trading.executor:_close_position:576 | 平仓失败: {"code":40310000,"message":"account not eligible to trade uncovered option contracts"}
2025-06-04 12:46:01 | ERROR    | src.trading.executor:_close_position:576 | 平仓失败: {"code":40310000,"message":"account not eligible to trade uncovered option contracts"}
2025-06-04 12:47:02 | ERROR    | src.trading.executor:_close_position:576 | 平仓失败: {"code":40310000,"message":"account not eligible to trade uncovered option contracts"}
2025-06-04 12:47:11 | ERROR    | src.trading.executor:_close_position:576 | 平仓失败: {"code":40310000,"message":"account not eligible to trade uncovered option contracts"}
2025-06-04 12:48:13 | ERROR    | src.trading.executor:_close_position:576 | 平仓失败: {"code":40310000,"message":"account not eligible to trade uncovered option contracts"}
2025-06-04 12:48:22 | ERROR    | src.trading.executor:_close_position:576 | 平仓失败: {"code":40310000,"message":"account not eligible to trade uncovered option contracts"}
2025-06-04 12:49:23 | ERROR    | src.trading.executor:_close_position:576 | 平仓失败: {"code":40310000,"message":"account not eligible to trade uncovered option contracts"}
2025-06-04 12:49:32 | ERROR    | src.trading.executor:_close_position:576 | 平仓失败: {"code":40310000,"message":"account not eligible to trade uncovered option contracts"}
2025-06-04 12:50:24 | ERROR    | src.trading.executor:_close_position:576 | 平仓失败: {"code":40310000,"message":"account not eligible to trade uncovered option contracts"}
2025-06-04 12:50:33 | ERROR    | src.trading.executor:_close_position:576 | 平仓失败: {"code":40310000,"message":"account not eligible to trade uncovered option contracts"}
2025-06-04 12:51:25 | ERROR    | src.trading.executor:_close_position:576 | 平仓失败: {"code":40310000,"message":"account not eligible to trade uncovered option contracts"}
2025-06-04 12:51:34 | ERROR    | src.trading.executor:_close_position:576 | 平仓失败: {"code":40310000,"message":"account not eligible to trade uncovered option contracts"}
2025-06-04 12:52:25 | ERROR    | src.trading.executor:_close_position:576 | 平仓失败: {"code":40310000,"message":"account not eligible to trade uncovered option contracts"}
2025-06-04 12:52:34 | ERROR    | src.trading.executor:_close_position:576 | 平仓失败: {"code":40310000,"message":"account not eligible to trade uncovered option contracts"}
2025-06-04 12:53:26 | ERROR    | src.trading.executor:_close_position:576 | 平仓失败: {"code":40310000,"message":"account not eligible to trade uncovered option contracts"}
2025-06-04 12:53:35 | ERROR    | src.trading.executor:_close_position:576 | 平仓失败: {"code":40310000,"message":"account not eligible to trade uncovered option contracts"}
2025-06-04 12:54:26 | ERROR    | src.trading.executor:_close_position:576 | 平仓失败: {"code":40310000,"message":"account not eligible to trade uncovered option contracts"}
2025-06-04 12:54:36 | ERROR    | src.trading.executor:_close_position:576 | 平仓失败: {"code":40310000,"message":"account not eligible to trade uncovered option contracts"}
2025-06-04 12:55:27 | ERROR    | src.trading.executor:_close_position:576 | 平仓失败: {"code":40310000,"message":"account not eligible to trade uncovered option contracts"}
2025-06-04 12:55:36 | ERROR    | src.trading.executor:_close_position:576 | 平仓失败: {"code":40310000,"message":"account not eligible to trade uncovered option contracts"}
2025-06-04 12:56:28 | ERROR    | src.trading.executor:_close_position:576 | 平仓失败: {"code":40310000,"message":"account not eligible to trade uncovered option contracts"}
2025-06-04 12:56:37 | ERROR    | src.trading.executor:_close_position:576 | 平仓失败: {"code":40310000,"message":"account not eligible to trade uncovered option contracts"}
2025-06-04 12:57:28 | ERROR    | src.trading.executor:_close_position:576 | 平仓失败: {"code":40310000,"message":"account not eligible to trade uncovered option contracts"}
2025-06-04 12:57:37 | ERROR    | src.trading.executor:_close_position:576 | 平仓失败: {"code":40310000,"message":"account not eligible to trade uncovered option contracts"}
2025-06-04 12:58:29 | ERROR    | src.trading.executor:_close_position:576 | 平仓失败: {"code":40310000,"message":"account not eligible to trade uncovered option contracts"}
2025-06-04 12:58:38 | ERROR    | src.trading.executor:_close_position:576 | 平仓失败: {"code":40310000,"message":"account not eligible to trade uncovered option contracts"}
2025-06-04 12:59:29 | ERROR    | src.trading.executor:_close_position:576 | 平仓失败: {"code":40310000,"message":"account not eligible to trade uncovered option contracts"}
2025-06-04 12:59:39 | ERROR    | src.trading.executor:_close_position:576 | 平仓失败: {"code":40310000,"message":"account not eligible to trade uncovered option contracts"}
2025-06-04 13:00:30 | ERROR    | src.trading.executor:_close_position:576 | 平仓失败: {"code":40310000,"message":"account not eligible to trade uncovered option contracts"}
2025-06-04 13:00:39 | ERROR    | src.trading.executor:_close_position:576 | 平仓失败: {"code":40310000,"message":"account not eligible to trade uncovered option contracts"}
2025-06-04 13:01:31 | ERROR    | src.trading.executor:_close_position:576 | 平仓失败: {"code":40310000,"message":"account not eligible to trade uncovered option contracts"}
2025-06-04 13:01:40 | ERROR    | src.trading.executor:_close_position:576 | 平仓失败: {"code":40310000,"message":"account not eligible to trade uncovered option contracts"}
2025-06-04 13:02:31 | ERROR    | src.trading.executor:_close_position:576 | 平仓失败: {"code":40310000,"message":"account not eligible to trade uncovered option contracts"}
2025-06-04 13:02:40 | ERROR    | src.trading.executor:_close_position:576 | 平仓失败: {"code":40310000,"message":"account not eligible to trade uncovered option contracts"}
2025-06-04 13:03:32 | ERROR    | src.trading.executor:_close_position:576 | 平仓失败: {"code":40310000,"message":"account not eligible to trade uncovered option contracts"}
2025-06-04 13:03:41 | ERROR    | src.trading.executor:_close_position:576 | 平仓失败: {"code":40310000,"message":"account not eligible to trade uncovered option contracts"}
2025-06-04 13:04:32 | ERROR    | src.trading.executor:_close_position:576 | 平仓失败: {"code":40310000,"message":"account not eligible to trade uncovered option contracts"}
2025-06-04 13:04:42 | ERROR    | src.trading.executor:_close_position:576 | 平仓失败: {"code":40310000,"message":"account not eligible to trade uncovered option contracts"}
2025-06-04 13:05:33 | ERROR    | src.trading.executor:_close_position:576 | 平仓失败: {"code":40310000,"message":"account not eligible to trade uncovered option contracts"}
2025-06-04 13:05:42 | ERROR    | src.trading.executor:_close_position:576 | 平仓失败: {"code":40310000,"message":"account not eligible to trade uncovered option contracts"}
2025-06-04 13:06:33 | ERROR    | src.trading.executor:_close_position:576 | 平仓失败: {"code":40310000,"message":"account not eligible to trade uncovered option contracts"}
2025-06-04 13:06:43 | ERROR    | src.trading.executor:_close_position:576 | 平仓失败: {"code":40310000,"message":"account not eligible to trade uncovered option contracts"}
2025-06-04 13:07:34 | ERROR    | src.trading.executor:_close_position:576 | 平仓失败: {"code":40310000,"message":"account not eligible to trade uncovered option contracts"}
2025-06-04 13:07:44 | ERROR    | src.trading.executor:_close_position:576 | 平仓失败: {"code":40310000,"message":"account not eligible to trade uncovered option contracts"}
2025-06-04 13:08:35 | ERROR    | src.trading.executor:_close_position:576 | 平仓失败: {"code":40310000,"message":"account not eligible to trade uncovered option contracts"}
2025-06-04 13:08:44 | ERROR    | src.trading.executor:_close_position:576 | 平仓失败: {"code":40310000,"message":"account not eligible to trade uncovered option contracts"}
2025-06-04 13:09:36 | ERROR    | src.trading.executor:_close_position:576 | 平仓失败: {"code":40310000,"message":"account not eligible to trade uncovered option contracts"}
2025-06-04 13:09:45 | ERROR    | src.trading.executor:_close_position:576 | 平仓失败: {"code":40310000,"message":"account not eligible to trade uncovered option contracts"}
2025-06-04 13:10:36 | ERROR    | src.trading.executor:_close_position:576 | 平仓失败: {"code":40310000,"message":"account not eligible to trade uncovered option contracts"}
2025-06-04 13:10:45 | ERROR    | src.trading.executor:_close_position:576 | 平仓失败: {"code":40310000,"message":"account not eligible to trade uncovered option contracts"}
2025-06-04 13:11:37 | ERROR    | src.trading.executor:_close_position:576 | 平仓失败: {"code":40310000,"message":"account not eligible to trade uncovered option contracts"}
2025-06-04 13:11:46 | ERROR    | src.trading.executor:_close_position:576 | 平仓失败: {"code":40310000,"message":"account not eligible to trade uncovered option contracts"}
2025-06-04 13:12:37 | ERROR    | src.trading.executor:_close_position:576 | 平仓失败: {"code":40310000,"message":"account not eligible to trade uncovered option contracts"}
2025-06-04 13:12:47 | ERROR    | src.trading.executor:_close_position:576 | 平仓失败: {"code":40310000,"message":"account not eligible to trade uncovered option contracts"}
2025-06-04 13:13:38 | ERROR    | src.trading.executor:_close_position:576 | 平仓失败: {"code":40310000,"message":"account not eligible to trade uncovered option contracts"}
2025-06-04 13:13:47 | ERROR    | src.trading.executor:_close_position:576 | 平仓失败: {"code":40310000,"message":"account not eligible to trade uncovered option contracts"}
2025-06-04 13:14:38 | ERROR    | src.trading.executor:_close_position:576 | 平仓失败: {"code":40310000,"message":"account not eligible to trade uncovered option contracts"}
2025-06-04 13:14:48 | ERROR    | src.trading.executor:_close_position:576 | 平仓失败: {"code":40310000,"message":"account not eligible to trade uncovered option contracts"}
2025-06-04 13:15:39 | ERROR    | src.trading.executor:_close_position:576 | 平仓失败: {"code":42210000,"message":"options market orders are only allowed during market hours"}
2025-06-04 13:15:49 | ERROR    | src.trading.executor:_close_position:576 | 平仓失败: {"code":42210000,"message":"options market orders are only allowed during market hours"}
2025-06-04 13:16:40 | ERROR    | src.trading.executor:_close_position:576 | 平仓失败: {"code":42210000,"message":"options market orders are only allowed during market hours"}
2025-06-04 13:16:49 | ERROR    | src.trading.executor:_close_position:576 | 平仓失败: {"code":42210000,"message":"options market orders are only allowed during market hours"}
2025-06-04 13:17:40 | ERROR    | src.trading.executor:_close_position:576 | 平仓失败: {"code":42210000,"message":"options market orders are only allowed during market hours"}
2025-06-04 13:17:50 | ERROR    | src.trading.executor:_close_position:576 | 平仓失败: {"code":42210000,"message":"options market orders are only allowed during market hours"}
2025-06-04 13:18:41 | ERROR    | src.trading.executor:_close_position:576 | 平仓失败: {"code":42210000,"message":"options market orders are only allowed during market hours"}
2025-06-04 13:18:50 | ERROR    | src.trading.executor:_close_position:576 | 平仓失败: {"code":42210000,"message":"options market orders are only allowed during market hours"}
2025-06-04 13:19:41 | ERROR    | src.trading.executor:_close_position:576 | 平仓失败: {"code":42210000,"message":"options market orders are only allowed during market hours"}
2025-06-04 13:19:51 | ERROR    | src.trading.executor:_close_position:576 | 平仓失败: {"code":42210000,"message":"options market orders are only allowed during market hours"}
2025-06-04 13:20:42 | ERROR    | src.trading.executor:_close_position:576 | 平仓失败: {"code":42210000,"message":"options market orders are only allowed during market hours"}
2025-06-04 13:20:52 | ERROR    | src.trading.executor:_close_position:576 | 平仓失败: {"code":42210000,"message":"options market orders are only allowed during market hours"}
2025-06-04 13:21:43 | ERROR    | src.trading.executor:_close_position:576 | 平仓失败: {"code":42210000,"message":"options market orders are only allowed during market hours"}
2025-06-04 13:21:52 | ERROR    | src.trading.executor:_close_position:576 | 平仓失败: {"code":42210000,"message":"options market orders are only allowed during market hours"}
2025-06-04 13:22:43 | ERROR    | src.trading.executor:_close_position:576 | 平仓失败: {"code":42210000,"message":"options market orders are only allowed during market hours"}
2025-06-04 13:22:53 | ERROR    | src.trading.executor:_close_position:576 | 平仓失败: {"code":42210000,"message":"options market orders are only allowed during market hours"}
2025-06-04 13:23:44 | ERROR    | src.trading.executor:_close_position:576 | 平仓失败: {"code":42210000,"message":"options market orders are only allowed during market hours"}
2025-06-04 13:23:53 | ERROR    | src.trading.executor:_close_position:576 | 平仓失败: {"code":42210000,"message":"options market orders are only allowed during market hours"}
2025-06-04 13:24:44 | ERROR    | src.trading.executor:_close_position:576 | 平仓失败: {"code":42210000,"message":"options market orders are only allowed during market hours"}
2025-06-04 13:24:54 | ERROR    | src.trading.executor:_close_position:576 | 平仓失败: {"code":42210000,"message":"options market orders are only allowed during market hours"}
2025-06-04 13:25:45 | ERROR    | src.trading.executor:_close_position:576 | 平仓失败: {"code":42210000,"message":"options market orders are only allowed during market hours"}
2025-06-04 13:25:55 | ERROR    | src.trading.executor:_close_position:576 | 平仓失败: {"code":42210000,"message":"options market orders are only allowed during market hours"}
2025-06-04 13:26:46 | ERROR    | src.trading.executor:_close_position:576 | 平仓失败: {"code":42210000,"message":"options market orders are only allowed during market hours"}
2025-06-04 13:26:55 | ERROR    | src.trading.executor:_close_position:576 | 平仓失败: {"code":42210000,"message":"options market orders are only allowed during market hours"}
2025-06-04 13:27:46 | ERROR    | src.trading.executor:_close_position:576 | 平仓失败: {"code":42210000,"message":"options market orders are only allowed during market hours"}
2025-06-04 13:27:56 | ERROR    | src.trading.executor:_close_position:576 | 平仓失败: {"code":42210000,"message":"options market orders are only allowed during market hours"}
2025-06-04 13:28:47 | ERROR    | src.trading.executor:_close_position:576 | 平仓失败: {"code":42210000,"message":"options market orders are only allowed during market hours"}
2025-06-04 13:28:56 | ERROR    | src.trading.executor:_close_position:576 | 平仓失败: {"code":42210000,"message":"options market orders are only allowed during market hours"}
2025-06-04 13:29:47 | ERROR    | src.trading.executor:_close_position:576 | 平仓失败: {"code":42210000,"message":"options market orders are only allowed during market hours"}
2025-06-04 13:29:57 | ERROR    | src.trading.executor:_close_position:576 | 平仓失败: {"code":42210000,"message":"options market orders are only allowed during market hours"}
2025-06-04 13:30:48 | ERROR    | src.trading.executor:_close_position:576 | 平仓失败: {"code":42210000,"message":"options market orders are only allowed during market hours"}
2025-06-04 13:30:58 | ERROR    | src.trading.executor:_close_position:576 | 平仓失败: {"code":42210000,"message":"options market orders are only allowed during market hours"}
2025-06-04 13:31:49 | ERROR    | src.trading.executor:_close_position:576 | 平仓失败: {"code":42210000,"message":"options market orders are only allowed during market hours"}
2025-06-04 13:31:58 | ERROR    | src.trading.executor:_close_position:576 | 平仓失败: {"code":42210000,"message":"options market orders are only allowed during market hours"}
2025-06-04 13:32:49 | ERROR    | src.trading.executor:_close_position:576 | 平仓失败: {"code":42210000,"message":"options market orders are only allowed during market hours"}
2025-06-04 13:32:59 | ERROR    | src.trading.executor:_close_position:576 | 平仓失败: {"code":42210000,"message":"options market orders are only allowed during market hours"}
2025-06-04 13:33:50 | ERROR    | src.trading.executor:_close_position:576 | 平仓失败: {"code":42210000,"message":"options market orders are only allowed during market hours"}
2025-06-04 13:34:00 | ERROR    | src.trading.executor:_close_position:576 | 平仓失败: {"code":42210000,"message":"options market orders are only allowed during market hours"}
2025-06-04 13:34:50 | ERROR    | src.trading.executor:_close_position:576 | 平仓失败: {"code":42210000,"message":"options market orders are only allowed during market hours"}
2025-06-04 13:35:00 | ERROR    | src.trading.executor:_close_position:576 | 平仓失败: {"code":42210000,"message":"options market orders are only allowed during market hours"}
2025-06-04 13:35:51 | ERROR    | src.trading.executor:_close_position:576 | 平仓失败: {"code":42210000,"message":"options market orders are only allowed during market hours"}
2025-06-04 13:36:01 | ERROR    | src.trading.executor:_close_position:576 | 平仓失败: {"code":42210000,"message":"options market orders are only allowed during market hours"}
2025-06-04 13:36:52 | ERROR    | src.trading.executor:_close_position:576 | 平仓失败: {"code":42210000,"message":"options market orders are only allowed during market hours"}
2025-06-04 13:37:01 | ERROR    | src.trading.executor:_close_position:576 | 平仓失败: {"code":42210000,"message":"options market orders are only allowed during market hours"}
2025-06-04 13:37:52 | ERROR    | src.trading.executor:_close_position:576 | 平仓失败: {"code":42210000,"message":"options market orders are only allowed during market hours"}
2025-06-04 13:38:02 | ERROR    | src.trading.executor:_close_position:576 | 平仓失败: {"code":42210000,"message":"options market orders are only allowed during market hours"}
2025-06-04 13:38:53 | ERROR    | src.trading.executor:_close_position:576 | 平仓失败: {"code":42210000,"message":"options market orders are only allowed during market hours"}
2025-06-04 13:39:02 | ERROR    | src.trading.executor:_close_position:576 | 平仓失败: {"code":42210000,"message":"options market orders are only allowed during market hours"}
2025-06-04 13:39:53 | ERROR    | src.trading.executor:_close_position:576 | 平仓失败: {"code":42210000,"message":"options market orders are only allowed during market hours"}
2025-06-04 13:40:03 | ERROR    | src.trading.executor:_close_position:576 | 平仓失败: {"code":42210000,"message":"options market orders are only allowed during market hours"}
2025-06-04 13:40:54 | ERROR    | src.trading.executor:_close_position:576 | 平仓失败: {"code":42210000,"message":"options market orders are only allowed during market hours"}
2025-06-04 13:41:04 | ERROR    | src.trading.executor:_close_position:576 | 平仓失败: {"code":42210000,"message":"options market orders are only allowed during market hours"}
2025-06-04 13:41:55 | ERROR    | src.trading.executor:_close_position:576 | 平仓失败: {"code":42210000,"message":"options market orders are only allowed during market hours"}
2025-06-04 13:42:04 | ERROR    | src.trading.executor:_close_position:576 | 平仓失败: {"code":42210000,"message":"options market orders are only allowed during market hours"}
2025-06-04 13:42:55 | ERROR    | src.trading.executor:_close_position:576 | 平仓失败: {"code":42210000,"message":"options market orders are only allowed during market hours"}
2025-06-04 13:43:05 | ERROR    | src.trading.executor:_close_position:576 | 平仓失败: {"code":42210000,"message":"options market orders are only allowed during market hours"}
2025-06-04 13:43:56 | ERROR    | src.trading.executor:_close_position:576 | 平仓失败: {"code":42210000,"message":"options market orders are only allowed during market hours"}
2025-06-04 13:44:05 | ERROR    | src.trading.executor:_close_position:576 | 平仓失败: {"code":42210000,"message":"options market orders are only allowed during market hours"}
2025-06-04 13:44:56 | ERROR    | src.trading.executor:_close_position:576 | 平仓失败: {"code":42210000,"message":"options market orders are only allowed during market hours"}
2025-06-04 13:45:06 | ERROR    | src.trading.executor:_close_position:576 | 平仓失败: {"code":42210000,"message":"options market orders are only allowed during market hours"}
2025-06-04 13:45:57 | ERROR    | src.trading.executor:_close_position:576 | 平仓失败: {"code":42210000,"message":"options market orders are only allowed during market hours"}
2025-06-04 13:46:07 | ERROR    | src.trading.executor:_close_position:576 | 平仓失败: {"code":42210000,"message":"options market orders are only allowed during market hours"}
2025-06-04 13:46:58 | ERROR    | src.trading.executor:_close_position:576 | 平仓失败: {"code":42210000,"message":"options market orders are only allowed during market hours"}
2025-06-04 13:47:07 | ERROR    | src.trading.executor:_close_position:576 | 平仓失败: {"code":42210000,"message":"options market orders are only allowed during market hours"}
2025-06-04 13:47:58 | ERROR    | src.trading.executor:_close_position:576 | 平仓失败: {"code":42210000,"message":"options market orders are only allowed during market hours"}
2025-06-04 13:48:08 | ERROR    | src.trading.executor:_close_position:576 | 平仓失败: {"code":42210000,"message":"options market orders are only allowed during market hours"}
2025-06-04 13:48:59 | ERROR    | src.trading.executor:_close_position:576 | 平仓失败: {"code":42210000,"message":"options market orders are only allowed during market hours"}
2025-06-04 13:49:08 | ERROR    | src.trading.executor:_close_position:576 | 平仓失败: {"code":42210000,"message":"options market orders are only allowed during market hours"}
2025-06-04 13:49:59 | ERROR    | src.trading.executor:_close_position:576 | 平仓失败: {"code":42210000,"message":"options market orders are only allowed during market hours"}
2025-06-04 13:50:09 | ERROR    | src.trading.executor:_close_position:576 | 平仓失败: {"code":42210000,"message":"options market orders are only allowed during market hours"}
2025-06-04 13:51:00 | ERROR    | src.trading.executor:_close_position:576 | 平仓失败: {"code":42210000,"message":"options market orders are only allowed during market hours"}
2025-06-04 13:51:10 | ERROR    | src.trading.executor:_close_position:576 | 平仓失败: {"code":42210000,"message":"options market orders are only allowed during market hours"}
2025-06-04 13:52:01 | ERROR    | src.trading.executor:_close_position:576 | 平仓失败: {"code":42210000,"message":"options market orders are only allowed during market hours"}
2025-06-04 13:52:10 | ERROR    | src.trading.executor:_close_position:576 | 平仓失败: {"code":42210000,"message":"options market orders are only allowed during market hours"}
2025-06-04 13:53:01 | ERROR    | src.trading.executor:_close_position:576 | 平仓失败: {"code":42210000,"message":"options market orders are only allowed during market hours"}
2025-06-04 13:53:11 | ERROR    | src.trading.executor:_close_position:576 | 平仓失败: {"code":42210000,"message":"options market orders are only allowed during market hours"}
2025-06-04 13:54:02 | ERROR    | src.trading.executor:_close_position:576 | 平仓失败: {"code":42210000,"message":"options market orders are only allowed during market hours"}
2025-06-04 13:54:11 | ERROR    | src.trading.executor:_close_position:576 | 平仓失败: {"code":42210000,"message":"options market orders are only allowed during market hours"}
2025-06-04 13:55:02 | ERROR    | src.trading.executor:_close_position:576 | 平仓失败: {"code":42210000,"message":"options market orders are only allowed during market hours"}
2025-06-04 13:55:12 | ERROR    | src.trading.executor:_close_position:576 | 平仓失败: {"code":42210000,"message":"options market orders are only allowed during market hours"}
2025-06-04 13:56:03 | ERROR    | src.trading.executor:_close_position:576 | 平仓失败: {"code":42210000,"message":"options market orders are only allowed during market hours"}
2025-06-04 13:56:13 | ERROR    | src.trading.executor:_close_position:576 | 平仓失败: {"code":42210000,"message":"options market orders are only allowed during market hours"}
2025-06-04 13:57:04 | ERROR    | src.trading.executor:_close_position:576 | 平仓失败: {"code":42210000,"message":"options market orders are only allowed during market hours"}
2025-06-04 13:57:13 | ERROR    | src.trading.executor:_close_position:576 | 平仓失败: {"code":42210000,"message":"options market orders are only allowed during market hours"}
2025-06-04 13:58:04 | ERROR    | src.trading.executor:_close_position:576 | 平仓失败: {"code":42210000,"message":"options market orders are only allowed during market hours"}
2025-06-04 13:58:14 | ERROR    | src.trading.executor:_close_position:576 | 平仓失败: {"code":42210000,"message":"options market orders are only allowed during market hours"}
2025-06-04 13:59:05 | ERROR    | src.trading.executor:_close_position:576 | 平仓失败: {"code":42210000,"message":"options market orders are only allowed during market hours"}
2025-06-04 13:59:15 | ERROR    | src.trading.executor:_close_position:576 | 平仓失败: {"code":42210000,"message":"options market orders are only allowed during market hours"}
2025-06-04 14:00:05 | ERROR    | src.trading.executor:_close_position:576 | 平仓失败: {"code":42210000,"message":"options market orders are only allowed during market hours"}
2025-06-04 14:00:15 | ERROR    | src.trading.executor:_close_position:576 | 平仓失败: {"code":42210000,"message":"options market orders are only allowed during market hours"}
2025-06-04 14:01:06 | ERROR    | src.trading.executor:_close_position:576 | 平仓失败: {"code":42210000,"message":"options market orders are only allowed during market hours"}
2025-06-04 14:01:16 | ERROR    | src.trading.executor:_close_position:576 | 平仓失败: {"code":42210000,"message":"options market orders are only allowed during market hours"}
2025-06-04 14:02:07 | ERROR    | src.trading.executor:_close_position:576 | 平仓失败: {"code":42210000,"message":"options market orders are only allowed during market hours"}
2025-06-04 14:02:16 | ERROR    | src.trading.executor:_close_position:576 | 平仓失败: {"code":42210000,"message":"options market orders are only allowed during market hours"}
2025-06-04 14:03:07 | ERROR    | src.trading.executor:_close_position:576 | 平仓失败: {"code":42210000,"message":"options market orders are only allowed during market hours"}
2025-06-04 14:03:17 | ERROR    | src.trading.executor:_close_position:576 | 平仓失败: {"code":42210000,"message":"options market orders are only allowed during market hours"}
2025-06-04 14:04:08 | ERROR    | src.trading.executor:_close_position:576 | 平仓失败: {"code":42210000,"message":"options market orders are only allowed during market hours"}
2025-06-04 14:04:18 | ERROR    | src.trading.executor:_close_position:576 | 平仓失败: {"code":42210000,"message":"options market orders are only allowed during market hours"}
2025-06-04 14:05:08 | ERROR    | src.trading.executor:_close_position:576 | 平仓失败: {"code":42210000,"message":"options market orders are only allowed during market hours"}
2025-06-04 14:05:18 | ERROR    | src.trading.executor:_close_position:576 | 平仓失败: {"code":42210000,"message":"options market orders are only allowed during market hours"}
2025-06-04 14:06:09 | ERROR    | src.trading.executor:_close_position:576 | 平仓失败: {"code":42210000,"message":"options market orders are only allowed during market hours"}
2025-06-04 14:06:19 | ERROR    | src.trading.executor:_close_position:576 | 平仓失败: {"code":42210000,"message":"options market orders are only allowed during market hours"}
2025-06-04 14:07:10 | ERROR    | src.trading.executor:_close_position:576 | 平仓失败: {"code":42210000,"message":"options market orders are only allowed during market hours"}
2025-06-04 14:07:20 | ERROR    | src.trading.executor:_close_position:576 | 平仓失败: {"code":42210000,"message":"options market orders are only allowed during market hours"}
2025-06-04 14:08:10 | ERROR    | src.trading.executor:_close_position:576 | 平仓失败: {"code":42210000,"message":"options market orders are only allowed during market hours"}
2025-06-04 14:08:20 | ERROR    | src.trading.executor:_close_position:576 | 平仓失败: {"code":42210000,"message":"options market orders are only allowed during market hours"}
2025-06-04 14:09:11 | ERROR    | src.trading.executor:_close_position:576 | 平仓失败: {"code":42210000,"message":"options market orders are only allowed during market hours"}
2025-06-04 14:09:21 | ERROR    | src.trading.executor:_close_position:576 | 平仓失败: {"code":42210000,"message":"options market orders are only allowed during market hours"}
2025-06-04 14:10:12 | ERROR    | src.trading.executor:_close_position:576 | 平仓失败: {"code":42210000,"message":"options market orders are only allowed during market hours"}
2025-06-04 14:10:21 | ERROR    | src.trading.executor:_close_position:576 | 平仓失败: {"code":42210000,"message":"options market orders are only allowed during market hours"}
2025-06-04 14:11:12 | ERROR    | src.trading.executor:_close_position:576 | 平仓失败: {"code":42210000,"message":"options market orders are only allowed during market hours"}
2025-06-04 14:11:22 | ERROR    | src.trading.executor:_close_position:576 | 平仓失败: {"code":42210000,"message":"options market orders are only allowed during market hours"}
2025-06-04 14:12:13 | ERROR    | src.trading.executor:_close_position:576 | 平仓失败: {"code":42210000,"message":"options market orders are only allowed during market hours"}
2025-06-04 14:12:23 | ERROR    | src.trading.executor:_close_position:576 | 平仓失败: {"code":42210000,"message":"options market orders are only allowed during market hours"}
2025-06-04 14:13:14 | ERROR    | src.trading.executor:_close_position:576 | 平仓失败: {"code":42210000,"message":"options market orders are only allowed during market hours"}
2025-06-04 14:13:23 | ERROR    | src.trading.executor:_close_position:576 | 平仓失败: {"code":42210000,"message":"options market orders are only allowed during market hours"}
2025-06-04 14:14:14 | ERROR    | src.trading.executor:_close_position:576 | 平仓失败: {"code":42210000,"message":"options market orders are only allowed during market hours"}
2025-06-04 14:14:24 | ERROR    | src.trading.executor:_close_position:576 | 平仓失败: {"code":42210000,"message":"options market orders are only allowed during market hours"}
2025-06-04 14:15:15 | ERROR    | src.trading.executor:_close_position:576 | 平仓失败: {"code":42210000,"message":"options market orders are only allowed during market hours"}
2025-06-04 14:15:25 | ERROR    | src.trading.executor:_close_position:576 | 平仓失败: {"code":42210000,"message":"options market orders are only allowed during market hours"}
2025-06-04 14:16:15 | ERROR    | src.trading.executor:_close_position:576 | 平仓失败: {"code":42210000,"message":"options market orders are only allowed during market hours"}
2025-06-04 14:16:25 | ERROR    | src.trading.executor:_close_position:576 | 平仓失败: {"code":42210000,"message":"options market orders are only allowed during market hours"}
2025-06-04 14:17:16 | ERROR    | src.trading.executor:_close_position:576 | 平仓失败: {"code":42210000,"message":"options market orders are only allowed during market hours"}
2025-06-04 14:17:26 | ERROR    | src.trading.executor:_close_position:576 | 平仓失败: {"code":42210000,"message":"options market orders are only allowed during market hours"}
2025-06-04 14:18:17 | ERROR    | src.trading.executor:_close_position:576 | 平仓失败: {"code":42210000,"message":"options market orders are only allowed during market hours"}
2025-06-04 14:18:26 | ERROR    | src.trading.executor:_close_position:576 | 平仓失败: {"code":42210000,"message":"options market orders are only allowed during market hours"}
2025-06-04 14:19:17 | ERROR    | src.trading.executor:_close_position:576 | 平仓失败: {"code":42210000,"message":"options market orders are only allowed during market hours"}
2025-06-04 14:19:27 | ERROR    | src.trading.executor:_close_position:576 | 平仓失败: {"code":42210000,"message":"options market orders are only allowed during market hours"}
2025-06-04 14:20:18 | ERROR    | src.trading.executor:_close_position:576 | 平仓失败: {"code":42210000,"message":"options market orders are only allowed during market hours"}
2025-06-04 14:20:28 | ERROR    | src.trading.executor:_close_position:576 | 平仓失败: {"code":42210000,"message":"options market orders are only allowed during market hours"}
2025-06-04 14:21:18 | ERROR    | src.trading.executor:_close_position:576 | 平仓失败: {"code":42210000,"message":"options market orders are only allowed during market hours"}
2025-06-04 14:21:28 | ERROR    | src.trading.executor:_close_position:576 | 平仓失败: {"code":42210000,"message":"options market orders are only allowed during market hours"}
2025-06-04 14:22:19 | ERROR    | src.trading.executor:_close_position:576 | 平仓失败: {"code":42210000,"message":"options market orders are only allowed during market hours"}
2025-06-04 14:22:29 | ERROR    | src.trading.executor:_close_position:576 | 平仓失败: {"code":42210000,"message":"options market orders are only allowed during market hours"}
2025-06-04 14:23:20 | ERROR    | src.trading.executor:_close_position:576 | 平仓失败: {"code":42210000,"message":"options market orders are only allowed during market hours"}
2025-06-04 14:23:29 | ERROR    | src.trading.executor:_close_position:576 | 平仓失败: {"code":42210000,"message":"options market orders are only allowed during market hours"}
2025-06-04 14:24:20 | ERROR    | src.trading.executor:_close_position:576 | 平仓失败: {"code":42210000,"message":"options market orders are only allowed during market hours"}
2025-06-04 14:24:30 | ERROR    | src.trading.executor:_close_position:576 | 平仓失败: {"code":42210000,"message":"options market orders are only allowed during market hours"}
2025-06-04 14:25:21 | ERROR    | src.trading.executor:_close_position:576 | 平仓失败: {"code":42210000,"message":"options market orders are only allowed during market hours"}
2025-06-04 14:25:31 | ERROR    | src.trading.executor:_close_position:576 | 平仓失败: {"code":42210000,"message":"options market orders are only allowed during market hours"}
2025-06-04 14:26:22 | ERROR    | src.trading.executor:_close_position:576 | 平仓失败: {"code":42210000,"message":"options market orders are only allowed during market hours"}
2025-06-04 14:26:31 | ERROR    | src.trading.executor:_close_position:576 | 平仓失败: {"code":42210000,"message":"options market orders are only allowed during market hours"}
2025-06-04 14:27:22 | ERROR    | src.trading.executor:_close_position:576 | 平仓失败: {"code":42210000,"message":"options market orders are only allowed during market hours"}
2025-06-04 14:27:32 | ERROR    | src.trading.executor:_close_position:576 | 平仓失败: {"code":42210000,"message":"options market orders are only allowed during market hours"}
2025-06-04 14:28:23 | ERROR    | src.trading.executor:_close_position:576 | 平仓失败: {"code":42210000,"message":"options market orders are only allowed during market hours"}
2025-06-04 14:28:32 | ERROR    | src.trading.executor:_close_position:576 | 平仓失败: {"code":42210000,"message":"options market orders are only allowed during market hours"}
2025-06-04 14:29:23 | ERROR    | src.trading.executor:_close_position:576 | 平仓失败: {"code":42210000,"message":"options market orders are only allowed during market hours"}
2025-06-04 14:29:33 | ERROR    | src.trading.executor:_close_position:576 | 平仓失败: {"code":42210000,"message":"options market orders are only allowed during market hours"}
2025-06-04 14:30:24 | ERROR    | src.trading.executor:_close_position:576 | 平仓失败: {"code":42210000,"message":"options market orders are only allowed during market hours"}
2025-06-04 14:30:34 | ERROR    | src.trading.executor:_close_position:576 | 平仓失败: {"code":42210000,"message":"options market orders are only allowed during market hours"}
2025-06-04 14:31:25 | ERROR    | src.trading.executor:_close_position:576 | 平仓失败: {"code":42210000,"message":"options market orders are only allowed during market hours"}
2025-06-04 14:31:34 | ERROR    | src.trading.executor:_close_position:576 | 平仓失败: {"code":42210000,"message":"options market orders are only allowed during market hours"}
2025-06-04 14:32:25 | ERROR    | src.trading.executor:_close_position:576 | 平仓失败: {"code":42210000,"message":"options market orders are only allowed during market hours"}
2025-06-04 14:32:35 | ERROR    | src.trading.executor:_close_position:576 | 平仓失败: {"code":42210000,"message":"options market orders are only allowed during market hours"}
2025-06-04 14:33:26 | ERROR    | src.trading.executor:_close_position:576 | 平仓失败: {"code":42210000,"message":"options market orders are only allowed during market hours"}
2025-06-04 14:33:35 | ERROR    | src.trading.executor:_close_position:576 | 平仓失败: {"code":42210000,"message":"options market orders are only allowed during market hours"}
2025-06-04 14:34:27 | ERROR    | src.trading.executor:_close_position:576 | 平仓失败: {"code":42210000,"message":"options market orders are only allowed during market hours"}
2025-06-04 14:34:36 | ERROR    | src.trading.executor:_close_position:576 | 平仓失败: {"code":42210000,"message":"options market orders are only allowed during market hours"}
2025-06-04 14:35:27 | ERROR    | src.trading.executor:_close_position:576 | 平仓失败: {"code":42210000,"message":"options market orders are only allowed during market hours"}
2025-06-04 14:35:37 | ERROR    | src.trading.executor:_close_position:576 | 平仓失败: {"code":42210000,"message":"options market orders are only allowed during market hours"}
2025-06-04 14:36:28 | ERROR    | src.trading.executor:_close_position:576 | 平仓失败: {"code":42210000,"message":"options market orders are only allowed during market hours"}
2025-06-04 14:36:37 | ERROR    | src.trading.executor:_close_position:576 | 平仓失败: {"code":42210000,"message":"options market orders are only allowed during market hours"}
2025-06-04 14:37:28 | ERROR    | src.trading.executor:_close_position:576 | 平仓失败: {"code":42210000,"message":"options market orders are only allowed during market hours"}
2025-06-04 14:37:38 | ERROR    | src.trading.executor:_close_position:576 | 平仓失败: {"code":42210000,"message":"options market orders are only allowed during market hours"}
2025-06-04 14:38:29 | ERROR    | src.trading.executor:_close_position:576 | 平仓失败: {"code":42210000,"message":"options market orders are only allowed during market hours"}
2025-06-04 14:38:38 | ERROR    | src.trading.executor:_close_position:576 | 平仓失败: {"code":42210000,"message":"options market orders are only allowed during market hours"}
2025-06-04 14:39:30 | ERROR    | src.trading.executor:_close_position:576 | 平仓失败: {"code":42210000,"message":"options market orders are only allowed during market hours"}
2025-06-04 14:39:39 | ERROR    | src.trading.executor:_close_position:576 | 平仓失败: {"code":42210000,"message":"options market orders are only allowed during market hours"}
2025-06-04 14:40:30 | ERROR    | src.trading.executor:_close_position:576 | 平仓失败: {"code":42210000,"message":"options market orders are only allowed during market hours"}
2025-06-04 14:40:40 | ERROR    | src.trading.executor:_close_position:576 | 平仓失败: {"code":42210000,"message":"options market orders are only allowed during market hours"}
2025-06-04 14:41:31 | ERROR    | src.trading.executor:_close_position:576 | 平仓失败: {"code":42210000,"message":"options market orders are only allowed during market hours"}
2025-06-04 14:41:40 | ERROR    | src.trading.executor:_close_position:576 | 平仓失败: {"code":42210000,"message":"options market orders are only allowed during market hours"}
2025-06-04 14:42:31 | ERROR    | src.trading.executor:_close_position:576 | 平仓失败: {"code":42210000,"message":"options market orders are only allowed during market hours"}
2025-06-04 14:42:41 | ERROR    | src.trading.executor:_close_position:576 | 平仓失败: {"code":42210000,"message":"options market orders are only allowed during market hours"}
2025-06-04 14:43:32 | ERROR    | src.trading.executor:_close_position:576 | 平仓失败: {"code":42210000,"message":"options market orders are only allowed during market hours"}
2025-06-04 14:43:41 | ERROR    | src.trading.executor:_close_position:576 | 平仓失败: {"code":42210000,"message":"options market orders are only allowed during market hours"}
2025-06-04 14:44:32 | ERROR    | src.trading.executor:_close_position:576 | 平仓失败: {"code":42210000,"message":"options market orders are only allowed during market hours"}
2025-06-04 14:44:42 | ERROR    | src.trading.executor:_close_position:576 | 平仓失败: {"code":42210000,"message":"options market orders are only allowed during market hours"}
2025-06-04 14:45:33 | ERROR    | src.trading.executor:_close_position:576 | 平仓失败: {"code":42210000,"message":"options market orders are only allowed during market hours"}
2025-06-04 14:45:43 | ERROR    | src.trading.executor:_close_position:576 | 平仓失败: {"code":42210000,"message":"options market orders are only allowed during market hours"}
2025-06-04 14:46:34 | ERROR    | src.trading.executor:_close_position:576 | 平仓失败: {"code":42210000,"message":"options market orders are only allowed during market hours"}
2025-06-04 14:46:43 | ERROR    | src.trading.executor:_close_position:576 | 平仓失败: {"code":42210000,"message":"options market orders are only allowed during market hours"}
2025-06-04 14:47:34 | ERROR    | src.trading.executor:_close_position:576 | 平仓失败: {"code":42210000,"message":"options market orders are only allowed during market hours"}
2025-06-04 14:47:44 | ERROR    | src.trading.executor:_close_position:576 | 平仓失败: {"code":42210000,"message":"options market orders are only allowed during market hours"}
2025-06-04 14:48:35 | ERROR    | src.trading.executor:_close_position:576 | 平仓失败: {"code":42210000,"message":"options market orders are only allowed during market hours"}
2025-06-04 14:48:44 | ERROR    | src.trading.executor:_close_position:576 | 平仓失败: {"code":42210000,"message":"options market orders are only allowed during market hours"}
2025-06-04 14:49:35 | ERROR    | src.trading.executor:_close_position:576 | 平仓失败: {"code":42210000,"message":"options market orders are only allowed during market hours"}
2025-06-04 14:49:45 | ERROR    | src.trading.executor:_close_position:576 | 平仓失败: {"code":42210000,"message":"options market orders are only allowed during market hours"}
2025-06-04 14:50:36 | ERROR    | src.trading.executor:_close_position:576 | 平仓失败: {"code":42210000,"message":"options market orders are only allowed during market hours"}
2025-06-04 14:50:45 | ERROR    | src.trading.executor:_close_position:576 | 平仓失败: {"code":42210000,"message":"options market orders are only allowed during market hours"}
2025-06-04 14:51:37 | ERROR    | src.trading.executor:_close_position:576 | 平仓失败: {"code":42210000,"message":"options market orders are only allowed during market hours"}
2025-06-04 14:51:46 | ERROR    | src.trading.executor:_close_position:576 | 平仓失败: {"code":42210000,"message":"options market orders are only allowed during market hours"}
2025-06-04 14:52:37 | ERROR    | src.trading.executor:_close_position:576 | 平仓失败: {"code":42210000,"message":"options market orders are only allowed during market hours"}
2025-06-04 14:52:47 | ERROR    | src.trading.executor:_close_position:576 | 平仓失败: {"code":42210000,"message":"options market orders are only allowed during market hours"}
2025-06-04 14:53:38 | ERROR    | src.trading.executor:_close_position:576 | 平仓失败: {"code":42210000,"message":"options market orders are only allowed during market hours"}
2025-06-04 14:53:47 | ERROR    | src.trading.executor:_close_position:576 | 平仓失败: {"code":42210000,"message":"options market orders are only allowed during market hours"}
2025-06-04 14:54:38 | ERROR    | src.trading.executor:_close_position:576 | 平仓失败: {"code":42210000,"message":"options market orders are only allowed during market hours"}
2025-06-04 14:54:48 | ERROR    | src.trading.executor:_close_position:576 | 平仓失败: {"code":42210000,"message":"options market orders are only allowed during market hours"}
2025-06-04 14:55:39 | ERROR    | src.trading.executor:_close_position:576 | 平仓失败: {"code":42210000,"message":"options market orders are only allowed during market hours"}
2025-06-04 14:55:48 | ERROR    | src.trading.executor:_close_position:576 | 平仓失败: {"code":42210000,"message":"options market orders are only allowed during market hours"}
2025-06-04 14:56:39 | ERROR    | src.trading.executor:_close_position:576 | 平仓失败: {"code":42210000,"message":"options market orders are only allowed during market hours"}
2025-06-04 14:56:49 | ERROR    | src.trading.executor:_close_position:576 | 平仓失败: {"code":42210000,"message":"options market orders are only allowed during market hours"}
2025-06-04 14:57:40 | ERROR    | src.trading.executor:_close_position:576 | 平仓失败: {"code":42210000,"message":"options market orders are only allowed during market hours"}
2025-06-04 14:57:50 | ERROR    | src.trading.executor:_close_position:576 | 平仓失败: {"code":42210000,"message":"options market orders are only allowed during market hours"}
2025-06-04 14:58:41 | ERROR    | src.trading.executor:_close_position:576 | 平仓失败: {"code":42210000,"message":"options market orders are only allowed during market hours"}
2025-06-04 14:58:50 | ERROR    | src.trading.executor:_close_position:576 | 平仓失败: {"code":42210000,"message":"options market orders are only allowed during market hours"}
2025-06-04 14:59:42 | ERROR    | src.trading.executor:_close_position:576 | 平仓失败: {"code":42210000,"message":"options market orders are only allowed during market hours"}
2025-06-04 14:59:51 | ERROR    | src.trading.executor:_close_position:576 | 平仓失败: {"code":42210000,"message":"options market orders are only allowed during market hours"}
2025-06-04 15:00:42 | ERROR    | src.trading.executor:_close_position:576 | 平仓失败: {"code":42210000,"message":"options market orders are only allowed during market hours"}
2025-06-04 15:00:51 | ERROR    | src.trading.executor:_close_position:576 | 平仓失败: {"code":42210000,"message":"options market orders are only allowed during market hours"}
2025-06-04 15:01:43 | ERROR    | src.trading.executor:_close_position:576 | 平仓失败: {"code":42210000,"message":"options market orders are only allowed during market hours"}
2025-06-04 15:01:52 | ERROR    | src.trading.executor:_close_position:576 | 平仓失败: {"code":42210000,"message":"options market orders are only allowed during market hours"}
2025-06-04 15:02:43 | ERROR    | src.trading.executor:_close_position:576 | 平仓失败: {"code":42210000,"message":"options market orders are only allowed during market hours"}
2025-06-04 15:02:53 | ERROR    | src.trading.executor:_close_position:576 | 平仓失败: {"code":42210000,"message":"options market orders are only allowed during market hours"}
2025-06-04 15:03:44 | ERROR    | src.trading.executor:_close_position:576 | 平仓失败: {"code":42210000,"message":"options market orders are only allowed during market hours"}
2025-06-04 15:03:53 | ERROR    | src.trading.executor:_close_position:576 | 平仓失败: {"code":42210000,"message":"options market orders are only allowed during market hours"}
2025-06-04 15:04:45 | ERROR    | src.trading.executor:_close_position:576 | 平仓失败: {"code":42210000,"message":"options market orders are only allowed during market hours"}
2025-06-04 15:04:54 | ERROR    | src.trading.executor:_close_position:576 | 平仓失败: {"code":42210000,"message":"options market orders are only allowed during market hours"}
2025-06-04 15:05:45 | ERROR    | src.trading.executor:_close_position:576 | 平仓失败: {"code":42210000,"message":"options market orders are only allowed during market hours"}
2025-06-04 15:05:55 | ERROR    | src.trading.executor:_close_position:576 | 平仓失败: {"code":42210000,"message":"options market orders are only allowed during market hours"}
2025-06-04 15:06:46 | ERROR    | src.trading.executor:_close_position:576 | 平仓失败: {"code":42210000,"message":"options market orders are only allowed during market hours"}
2025-06-04 15:06:55 | ERROR    | src.trading.executor:_close_position:576 | 平仓失败: {"code":42210000,"message":"options market orders are only allowed during market hours"}
2025-06-04 15:07:46 | ERROR    | src.trading.executor:_close_position:576 | 平仓失败: {"code":42210000,"message":"options market orders are only allowed during market hours"}
2025-06-04 15:07:56 | ERROR    | src.trading.executor:_close_position:576 | 平仓失败: {"code":42210000,"message":"options market orders are only allowed during market hours"}
2025-06-04 15:08:47 | ERROR    | src.trading.executor:_close_position:576 | 平仓失败: {"code":42210000,"message":"options market orders are only allowed during market hours"}
2025-06-04 15:08:56 | ERROR    | src.trading.executor:_close_position:576 | 平仓失败: {"code":42210000,"message":"options market orders are only allowed during market hours"}
2025-06-04 15:09:48 | ERROR    | src.trading.executor:_close_position:576 | 平仓失败: {"code":42210000,"message":"options market orders are only allowed during market hours"}
2025-06-04 15:09:57 | ERROR    | src.trading.executor:_close_position:576 | 平仓失败: {"code":42210000,"message":"options market orders are only allowed during market hours"}
2025-06-04 15:10:48 | ERROR    | src.trading.executor:_close_position:576 | 平仓失败: {"code":42210000,"message":"options market orders are only allowed during market hours"}
2025-06-04 15:10:57 | ERROR    | src.trading.executor:_close_position:576 | 平仓失败: {"code":42210000,"message":"options market orders are only allowed during market hours"}
2025-06-04 15:11:49 | ERROR    | src.trading.executor:_close_position:576 | 平仓失败: {"code":42210000,"message":"options market orders are only allowed during market hours"}
2025-06-04 15:11:58 | ERROR    | src.trading.executor:_close_position:576 | 平仓失败: {"code":42210000,"message":"options market orders are only allowed during market hours"}
2025-06-04 15:12:50 | ERROR    | src.trading.executor:_close_position:576 | 平仓失败: {"code":42210000,"message":"options market orders are only allowed during market hours"}
2025-06-04 15:12:59 | ERROR    | src.trading.executor:_close_position:576 | 平仓失败: {"code":42210000,"message":"options market orders are only allowed during market hours"}
2025-06-04 15:13:50 | ERROR    | src.trading.executor:_close_position:576 | 平仓失败: {"code":42210000,"message":"options market orders are only allowed during market hours"}
2025-06-04 15:13:59 | ERROR    | src.trading.executor:_close_position:576 | 平仓失败: {"code":42210000,"message":"options market orders are only allowed during market hours"}
2025-06-04 15:14:51 | ERROR    | src.trading.executor:_close_position:576 | 平仓失败: {"code":42210000,"message":"options market orders are only allowed during market hours"}
2025-06-04 15:15:00 | ERROR    | src.trading.executor:_close_position:576 | 平仓失败: {"code":42210000,"message":"options market orders are only allowed during market hours"}
2025-06-04 15:15:51 | ERROR    | src.trading.executor:_close_position:576 | 平仓失败: {"code":42210000,"message":"options market orders are only allowed during market hours"}
2025-06-04 15:16:01 | ERROR    | src.trading.executor:_close_position:576 | 平仓失败: {"code":42210000,"message":"options market orders are only allowed during market hours"}
2025-06-04 15:16:52 | ERROR    | src.trading.executor:_close_position:576 | 平仓失败: {"code":42210000,"message":"options market orders are only allowed during market hours"}
2025-06-04 15:17:01 | ERROR    | src.trading.executor:_close_position:576 | 平仓失败: {"code":42210000,"message":"options market orders are only allowed during market hours"}
2025-06-04 15:17:53 | ERROR    | src.trading.executor:_close_position:576 | 平仓失败: {"code":42210000,"message":"options market orders are only allowed during market hours"}
2025-06-04 15:18:02 | ERROR    | src.trading.executor:_close_position:576 | 平仓失败: {"code":42210000,"message":"options market orders are only allowed during market hours"}
2025-06-04 15:18:53 | ERROR    | src.trading.executor:_close_position:576 | 平仓失败: {"code":42210000,"message":"options market orders are only allowed during market hours"}
2025-06-04 15:19:03 | ERROR    | src.trading.executor:_close_position:576 | 平仓失败: {"code":42210000,"message":"options market orders are only allowed during market hours"}
2025-06-04 15:19:54 | ERROR    | src.trading.executor:_close_position:576 | 平仓失败: {"code":42210000,"message":"options market orders are only allowed during market hours"}
2025-06-04 15:20:03 | ERROR    | src.trading.executor:_close_position:576 | 平仓失败: {"code":42210000,"message":"options market orders are only allowed during market hours"}
2025-06-04 15:20:54 | ERROR    | src.trading.executor:_close_position:576 | 平仓失败: {"code":42210000,"message":"options market orders are only allowed during market hours"}
2025-06-04 15:21:04 | ERROR    | src.trading.executor:_close_position:576 | 平仓失败: {"code":42210000,"message":"options market orders are only allowed during market hours"}
2025-06-04 15:21:55 | ERROR    | src.trading.executor:_close_position:576 | 平仓失败: {"code":42210000,"message":"options market orders are only allowed during market hours"}
2025-06-04 15:22:04 | ERROR    | src.trading.executor:_close_position:576 | 平仓失败: {"code":42210000,"message":"options market orders are only allowed during market hours"}
2025-06-04 15:22:56 | ERROR    | src.trading.executor:_close_position:576 | 平仓失败: {"code":42210000,"message":"options market orders are only allowed during market hours"}
2025-06-04 15:23:05 | ERROR    | src.trading.executor:_close_position:576 | 平仓失败: {"code":42210000,"message":"options market orders are only allowed during market hours"}
2025-06-04 15:23:56 | ERROR    | src.trading.executor:_close_position:576 | 平仓失败: {"code":42210000,"message":"options market orders are only allowed during market hours"}
2025-06-04 15:24:06 | ERROR    | src.trading.executor:_close_position:576 | 平仓失败: {"code":42210000,"message":"options market orders are only allowed during market hours"}
2025-06-04 15:24:57 | ERROR    | src.trading.executor:_close_position:576 | 平仓失败: {"code":42210000,"message":"options market orders are only allowed during market hours"}
2025-06-04 15:25:06 | ERROR    | src.trading.executor:_close_position:576 | 平仓失败: {"code":42210000,"message":"options market orders are only allowed during market hours"}
2025-06-04 15:25:58 | ERROR    | src.trading.executor:_close_position:576 | 平仓失败: {"code":42210000,"message":"options market orders are only allowed during market hours"}
2025-06-04 15:26:07 | ERROR    | src.trading.executor:_close_position:576 | 平仓失败: {"code":42210000,"message":"options market orders are only allowed during market hours"}
2025-06-04 15:26:58 | ERROR    | src.trading.executor:_close_position:576 | 平仓失败: {"code":42210000,"message":"options market orders are only allowed during market hours"}
2025-06-04 15:27:07 | ERROR    | src.trading.executor:_close_position:576 | 平仓失败: {"code":42210000,"message":"options market orders are only allowed during market hours"}
2025-06-04 15:27:59 | ERROR    | src.trading.executor:_close_position:576 | 平仓失败: {"code":42210000,"message":"options market orders are only allowed during market hours"}
2025-06-04 15:28:08 | ERROR    | src.trading.executor:_close_position:576 | 平仓失败: {"code":42210000,"message":"options market orders are only allowed during market hours"}
2025-06-04 15:28:59 | ERROR    | src.trading.executor:_close_position:576 | 平仓失败: {"code":42210000,"message":"options market orders are only allowed during market hours"}
2025-06-04 15:29:09 | ERROR    | src.trading.executor:_close_position:576 | 平仓失败: {"code":42210000,"message":"options market orders are only allowed during market hours"}
2025-06-04 15:30:00 | ERROR    | src.trading.executor:_close_position:576 | 平仓失败: {"code":42210000,"message":"options market orders are only allowed during market hours"}
2025-06-04 15:30:09 | ERROR    | src.trading.executor:_close_position:576 | 平仓失败: {"code":42210000,"message":"options market orders are only allowed during market hours"}
2025-06-04 15:31:01 | ERROR    | src.trading.executor:_close_position:576 | 平仓失败: {"code":42210000,"message":"options market orders are only allowed during market hours"}
2025-06-04 15:31:10 | ERROR    | src.trading.executor:_close_position:576 | 平仓失败: {"code":42210000,"message":"options market orders are only allowed during market hours"}
2025-06-04 15:32:01 | ERROR    | src.trading.executor:_close_position:576 | 平仓失败: {"code":42210000,"message":"options market orders are only allowed during market hours"}
2025-06-04 15:32:10 | ERROR    | src.trading.executor:_close_position:576 | 平仓失败: {"code":42210000,"message":"options market orders are only allowed during market hours"}
2025-06-04 15:33:02 | ERROR    | src.trading.executor:_close_position:576 | 平仓失败: {"code":42210000,"message":"options market orders are only allowed during market hours"}
2025-06-04 15:33:11 | ERROR    | src.trading.executor:_close_position:576 | 平仓失败: {"code":42210000,"message":"options market orders are only allowed during market hours"}
2025-06-04 15:34:02 | ERROR    | src.trading.executor:_close_position:576 | 平仓失败: {"code":42210000,"message":"options market orders are only allowed during market hours"}
2025-06-04 15:34:12 | ERROR    | src.trading.executor:_close_position:576 | 平仓失败: {"code":42210000,"message":"options market orders are only allowed during market hours"}
2025-06-04 15:35:03 | ERROR    | src.trading.executor:_close_position:576 | 平仓失败: {"code":42210000,"message":"options market orders are only allowed during market hours"}
2025-06-04 15:35:12 | ERROR    | src.trading.executor:_close_position:576 | 平仓失败: {"code":42210000,"message":"options market orders are only allowed during market hours"}
2025-06-04 15:36:04 | ERROR    | src.trading.executor:_close_position:576 | 平仓失败: {"code":42210000,"message":"options market orders are only allowed during market hours"}
2025-06-04 15:36:13 | ERROR    | src.trading.executor:_close_position:576 | 平仓失败: {"code":42210000,"message":"options market orders are only allowed during market hours"}
2025-06-04 15:37:04 | ERROR    | src.trading.executor:_close_position:576 | 平仓失败: {"code":42210000,"message":"options market orders are only allowed during market hours"}
2025-06-04 15:37:13 | ERROR    | src.trading.executor:_close_position:576 | 平仓失败: {"code":42210000,"message":"options market orders are only allowed during market hours"}
2025-06-04 15:38:05 | ERROR    | src.trading.executor:_close_position:576 | 平仓失败: {"code":42210000,"message":"options market orders are only allowed during market hours"}
2025-06-04 15:38:14 | ERROR    | src.trading.executor:_close_position:576 | 平仓失败: {"code":42210000,"message":"options market orders are only allowed during market hours"}
2025-06-04 15:39:05 | ERROR    | src.trading.executor:_close_position:576 | 平仓失败: {"code":42210000,"message":"options market orders are only allowed during market hours"}
2025-06-04 15:39:15 | ERROR    | src.trading.executor:_close_position:576 | 平仓失败: {"code":42210000,"message":"options market orders are only allowed during market hours"}
2025-06-04 15:40:06 | ERROR    | src.trading.executor:_close_position:576 | 平仓失败: {"code":42210000,"message":"options market orders are only allowed during market hours"}
2025-06-04 15:40:15 | ERROR    | src.trading.executor:_close_position:576 | 平仓失败: {"code":42210000,"message":"options market orders are only allowed during market hours"}
2025-06-04 15:41:07 | ERROR    | src.trading.executor:_close_position:576 | 平仓失败: {"code":42210000,"message":"options market orders are only allowed during market hours"}
2025-06-04 15:41:16 | ERROR    | src.trading.executor:_close_position:576 | 平仓失败: {"code":42210000,"message":"options market orders are only allowed during market hours"}
2025-06-04 15:42:07 | ERROR    | src.trading.executor:_close_position:576 | 平仓失败: {"code":42210000,"message":"options market orders are only allowed during market hours"}
2025-06-04 15:42:16 | ERROR    | src.trading.executor:_close_position:576 | 平仓失败: {"code":42210000,"message":"options market orders are only allowed during market hours"}
2025-06-04 15:43:08 | ERROR    | src.trading.executor:_close_position:576 | 平仓失败: {"code":42210000,"message":"options market orders are only allowed during market hours"}
2025-06-04 15:43:17 | ERROR    | src.trading.executor:_close_position:576 | 平仓失败: {"code":42210000,"message":"options market orders are only allowed during market hours"}
2025-06-04 15:44:09 | ERROR    | src.trading.executor:_close_position:576 | 平仓失败: {"code":42210000,"message":"options market orders are only allowed during market hours"}
2025-06-04 15:44:18 | ERROR    | src.trading.executor:_close_position:576 | 平仓失败: {"code":42210000,"message":"options market orders are only allowed during market hours"}
2025-06-04 15:45:09 | ERROR    | src.trading.executor:_close_position:576 | 平仓失败: {"code":42210000,"message":"options market orders are only allowed during market hours"}
2025-06-04 15:45:18 | ERROR    | src.trading.executor:_close_position:576 | 平仓失败: {"code":42210000,"message":"options market orders are only allowed during market hours"}
2025-06-04 15:46:10 | ERROR    | src.trading.executor:_close_position:576 | 平仓失败: {"code":42210000,"message":"options market orders are only allowed during market hours"}
2025-06-04 15:46:19 | ERROR    | src.trading.executor:_close_position:576 | 平仓失败: {"code":42210000,"message":"options market orders are only allowed during market hours"}
2025-06-04 15:47:10 | ERROR    | src.trading.executor:_close_position:576 | 平仓失败: {"code":42210000,"message":"options market orders are only allowed during market hours"}
2025-06-04 15:47:19 | ERROR    | src.trading.executor:_close_position:576 | 平仓失败: {"code":42210000,"message":"options market orders are only allowed during market hours"}
2025-06-04 15:48:11 | ERROR    | src.trading.executor:_close_position:576 | 平仓失败: {"code":42210000,"message":"options market orders are only allowed during market hours"}
2025-06-04 15:48:20 | ERROR    | src.trading.executor:_close_position:576 | 平仓失败: {"code":42210000,"message":"options market orders are only allowed during market hours"}
2025-06-04 15:49:12 | ERROR    | src.trading.executor:_close_position:576 | 平仓失败: {"code":42210000,"message":"options market orders are only allowed during market hours"}
2025-06-04 15:49:21 | ERROR    | src.trading.executor:_close_position:576 | 平仓失败: {"code":42210000,"message":"options market orders are only allowed during market hours"}
2025-06-04 15:50:12 | ERROR    | src.trading.executor:_close_position:576 | 平仓失败: {"code":42210000,"message":"options market orders are only allowed during market hours"}
2025-06-04 15:50:21 | ERROR    | src.trading.executor:_close_position:576 | 平仓失败: {"code":42210000,"message":"options market orders are only allowed during market hours"}
2025-06-04 15:51:13 | ERROR    | src.trading.executor:_close_position:576 | 平仓失败: {"code":42210000,"message":"options market orders are only allowed during market hours"}
2025-06-04 15:51:22 | ERROR    | src.trading.executor:_close_position:576 | 平仓失败: {"code":42210000,"message":"options market orders are only allowed during market hours"}
2025-06-04 15:52:14 | ERROR    | src.trading.executor:_close_position:576 | 平仓失败: {"code":42210000,"message":"options market orders are only allowed during market hours"}
2025-06-04 15:52:23 | ERROR    | src.trading.executor:_close_position:576 | 平仓失败: {"code":42210000,"message":"options market orders are only allowed during market hours"}
2025-06-04 15:53:14 | ERROR    | src.trading.executor:_close_position:576 | 平仓失败: {"code":42210000,"message":"options market orders are only allowed during market hours"}
2025-06-04 15:53:23 | ERROR    | src.trading.executor:_close_position:576 | 平仓失败: {"code":42210000,"message":"options market orders are only allowed during market hours"}
2025-06-04 15:54:15 | ERROR    | src.trading.executor:_close_position:576 | 平仓失败: {"code":42210000,"message":"options market orders are only allowed during market hours"}
2025-06-04 15:54:24 | ERROR    | src.trading.executor:_close_position:576 | 平仓失败: {"code":42210000,"message":"options market orders are only allowed during market hours"}
2025-06-04 15:55:16 | ERROR    | src.trading.executor:_close_position:576 | 平仓失败: {"code":42210000,"message":"options market orders are only allowed during market hours"}
2025-06-04 15:55:25 | ERROR    | src.trading.executor:_close_position:576 | 平仓失败: {"code":42210000,"message":"options market orders are only allowed during market hours"}
2025-06-04 15:56:16 | ERROR    | src.trading.executor:_close_position:576 | 平仓失败: {"code":42210000,"message":"options market orders are only allowed during market hours"}
2025-06-04 15:56:25 | ERROR    | src.trading.executor:_close_position:576 | 平仓失败: {"code":42210000,"message":"options market orders are only allowed during market hours"}
2025-06-04 15:57:17 | ERROR    | src.trading.executor:_close_position:576 | 平仓失败: {"code":42210000,"message":"options market orders are only allowed during market hours"}
2025-06-04 15:57:26 | ERROR    | src.trading.executor:_close_position:576 | 平仓失败: {"code":42210000,"message":"options market orders are only allowed during market hours"}
2025-06-04 15:58:18 | ERROR    | src.trading.executor:_close_position:576 | 平仓失败: {"code":42210000,"message":"options market orders are only allowed during market hours"}
2025-06-04 15:58:26 | ERROR    | src.trading.executor:_close_position:576 | 平仓失败: {"code":42210000,"message":"options market orders are only allowed during market hours"}
2025-06-04 15:59:18 | ERROR    | src.trading.executor:_close_position:576 | 平仓失败: {"code":42210000,"message":"options market orders are only allowed during market hours"}
2025-06-04 15:59:27 | ERROR    | src.trading.executor:_close_position:576 | 平仓失败: {"code":42210000,"message":"options market orders are only allowed during market hours"}
2025-06-04 16:00:19 | ERROR    | src.trading.executor:_close_position:576 | 平仓失败: {"code":42210000,"message":"options market orders are only allowed during market hours"}
2025-06-04 16:00:28 | ERROR    | src.trading.executor:_close_position:576 | 平仓失败: {"code":42210000,"message":"options market orders are only allowed during market hours"}
2025-06-04 16:01:19 | ERROR    | src.trading.executor:_close_position:576 | 平仓失败: {"code":42210000,"message":"options market orders are only allowed during market hours"}
2025-06-04 16:01:28 | ERROR    | src.trading.executor:_close_position:576 | 平仓失败: {"code":42210000,"message":"options market orders are only allowed during market hours"}
2025-06-04 16:02:20 | ERROR    | src.trading.executor:_close_position:576 | 平仓失败: {"code":42210000,"message":"options market orders are only allowed during market hours"}
2025-06-04 16:02:29 | ERROR    | src.trading.executor:_close_position:576 | 平仓失败: {"code":42210000,"message":"options market orders are only allowed during market hours"}
2025-06-04 16:03:21 | ERROR    | src.trading.executor:_close_position:576 | 平仓失败: {"code":42210000,"message":"options market orders are only allowed during market hours"}
2025-06-04 16:03:29 | ERROR    | src.trading.executor:_close_position:576 | 平仓失败: {"code":42210000,"message":"options market orders are only allowed during market hours"}
2025-06-04 16:04:21 | ERROR    | src.trading.executor:_close_position:576 | 平仓失败: {"code":42210000,"message":"options market orders are only allowed during market hours"}
2025-06-04 16:04:30 | ERROR    | src.trading.executor:_close_position:576 | 平仓失败: {"code":42210000,"message":"options market orders are only allowed during market hours"}
2025-06-04 16:05:22 | ERROR    | src.trading.executor:_close_position:576 | 平仓失败: {"code":42210000,"message":"options market orders are only allowed during market hours"}
2025-06-04 16:05:31 | ERROR    | src.trading.executor:_close_position:576 | 平仓失败: {"code":42210000,"message":"options market orders are only allowed during market hours"}
2025-06-04 16:06:23 | ERROR    | src.trading.executor:_close_position:576 | 平仓失败: {"code":42210000,"message":"options market orders are only allowed during market hours"}
2025-06-04 16:06:31 | ERROR    | src.trading.executor:_close_position:576 | 平仓失败: {"code":42210000,"message":"options market orders are only allowed during market hours"}
2025-06-04 16:07:23 | ERROR    | src.trading.executor:_close_position:576 | 平仓失败: {"code":42210000,"message":"options market orders are only allowed during market hours"}
2025-06-04 16:07:32 | ERROR    | src.trading.executor:_close_position:576 | 平仓失败: {"code":42210000,"message":"options market orders are only allowed during market hours"}
2025-06-04 16:08:24 | ERROR    | src.trading.executor:_close_position:576 | 平仓失败: {"code":42210000,"message":"options market orders are only allowed during market hours"}
2025-06-04 16:08:33 | ERROR    | src.trading.executor:_close_position:576 | 平仓失败: {"code":42210000,"message":"options market orders are only allowed during market hours"}
2025-06-04 16:09:24 | ERROR    | src.trading.executor:_close_position:576 | 平仓失败: {"code":42210000,"message":"options market orders are only allowed during market hours"}
2025-06-04 16:09:33 | ERROR    | src.trading.executor:_close_position:576 | 平仓失败: {"code":42210000,"message":"options market orders are only allowed during market hours"}
2025-06-04 16:10:25 | ERROR    | src.trading.executor:_close_position:576 | 平仓失败: {"code":42210000,"message":"options market orders are only allowed during market hours"}
2025-06-04 16:10:34 | ERROR    | src.trading.executor:_close_position:576 | 平仓失败: {"code":42210000,"message":"options market orders are only allowed during market hours"}
2025-06-04 16:11:26 | ERROR    | src.trading.executor:_close_position:576 | 平仓失败: {"code":42210000,"message":"options market orders are only allowed during market hours"}
2025-06-04 16:11:35 | ERROR    | src.trading.executor:_close_position:576 | 平仓失败: {"code":42210000,"message":"options market orders are only allowed during market hours"}
2025-06-04 16:12:26 | ERROR    | src.trading.executor:_close_position:576 | 平仓失败: {"code":42210000,"message":"options market orders are only allowed during market hours"}
2025-06-04 16:12:35 | ERROR    | src.trading.executor:_close_position:576 | 平仓失败: {"code":42210000,"message":"options market orders are only allowed during market hours"}
2025-06-04 16:13:27 | ERROR    | src.trading.executor:_close_position:576 | 平仓失败: {"code":42210000,"message":"options market orders are only allowed during market hours"}
2025-06-04 16:13:36 | ERROR    | src.trading.executor:_close_position:576 | 平仓失败: {"code":42210000,"message":"options market orders are only allowed during market hours"}
2025-06-04 16:14:28 | ERROR    | src.trading.executor:_close_position:576 | 平仓失败: {"code":42210000,"message":"options market orders are only allowed during market hours"}
2025-06-04 16:14:36 | ERROR    | src.trading.executor:_close_position:576 | 平仓失败: {"code":42210000,"message":"options market orders are only allowed during market hours"}
2025-06-04 16:15:28 | ERROR    | src.trading.executor:_close_position:576 | 平仓失败: {"code":42210000,"message":"options market orders are only allowed during market hours"}
2025-06-04 16:15:37 | ERROR    | src.trading.executor:_close_position:576 | 平仓失败: {"code":42210000,"message":"options market orders are only allowed during market hours"}
2025-06-04 16:16:29 | ERROR    | src.trading.executor:_close_position:576 | 平仓失败: {"code":42210000,"message":"options market orders are only allowed during market hours"}
2025-06-04 16:16:38 | ERROR    | src.trading.executor:_close_position:576 | 平仓失败: {"code":42210000,"message":"options market orders are only allowed during market hours"}
2025-06-04 16:17:30 | ERROR    | src.trading.executor:_close_position:576 | 平仓失败: {"code":42210000,"message":"options market orders are only allowed during market hours"}
2025-06-04 16:17:38 | ERROR    | src.trading.executor:_close_position:576 | 平仓失败: {"code":42210000,"message":"options market orders are only allowed during market hours"}
2025-06-04 16:18:30 | ERROR    | src.trading.executor:_close_position:576 | 平仓失败: {"code":42210000,"message":"options market orders are only allowed during market hours"}
2025-06-04 16:18:39 | ERROR    | src.trading.executor:_close_position:576 | 平仓失败: {"code":42210000,"message":"options market orders are only allowed during market hours"}
2025-06-04 16:19:31 | ERROR    | src.trading.executor:_close_position:576 | 平仓失败: {"code":42210000,"message":"options market orders are only allowed during market hours"}
2025-06-04 16:19:40 | ERROR    | src.trading.executor:_close_position:576 | 平仓失败: {"code":42210000,"message":"options market orders are only allowed during market hours"}
2025-06-04 16:20:32 | ERROR    | src.trading.executor:_close_position:576 | 平仓失败: {"code":42210000,"message":"options market orders are only allowed during market hours"}
2025-06-04 16:20:40 | ERROR    | src.trading.executor:_close_position:576 | 平仓失败: {"code":42210000,"message":"options market orders are only allowed during market hours"}
2025-06-04 16:21:32 | ERROR    | src.trading.executor:_close_position:576 | 平仓失败: {"code":42210000,"message":"options market orders are only allowed during market hours"}
2025-06-04 16:21:41 | ERROR    | src.trading.executor:_close_position:576 | 平仓失败: {"code":42210000,"message":"options market orders are only allowed during market hours"}
2025-06-04 16:22:33 | ERROR    | src.trading.executor:_close_position:576 | 平仓失败: {"code":42210000,"message":"options market orders are only allowed during market hours"}
2025-06-04 16:22:42 | ERROR    | src.trading.executor:_close_position:576 | 平仓失败: {"code":42210000,"message":"options market orders are only allowed during market hours"}
2025-06-04 16:23:33 | ERROR    | src.trading.executor:_close_position:576 | 平仓失败: {"code":42210000,"message":"options market orders are only allowed during market hours"}
2025-06-04 16:23:42 | ERROR    | src.trading.executor:_close_position:576 | 平仓失败: {"code":42210000,"message":"options market orders are only allowed during market hours"}
2025-06-04 16:24:34 | ERROR    | src.trading.executor:_close_position:576 | 平仓失败: {"code":42210000,"message":"options market orders are only allowed during market hours"}
2025-06-04 16:24:43 | ERROR    | src.trading.executor:_close_position:576 | 平仓失败: {"code":42210000,"message":"options market orders are only allowed during market hours"}
2025-06-04 16:25:35 | ERROR    | src.trading.executor:_close_position:576 | 平仓失败: {"code":42210000,"message":"options market orders are only allowed during market hours"}
2025-06-04 16:25:43 | ERROR    | src.trading.executor:_close_position:576 | 平仓失败: {"code":42210000,"message":"options market orders are only allowed during market hours"}
2025-06-04 16:26:35 | ERROR    | src.trading.executor:_close_position:576 | 平仓失败: {"code":42210000,"message":"options market orders are only allowed during market hours"}
2025-06-04 16:26:44 | ERROR    | src.trading.executor:_close_position:576 | 平仓失败: {"code":42210000,"message":"options market orders are only allowed during market hours"}
2025-06-04 16:27:36 | ERROR    | src.trading.executor:_close_position:576 | 平仓失败: {"code":42210000,"message":"options market orders are only allowed during market hours"}
2025-06-04 16:27:45 | ERROR    | src.trading.executor:_close_position:576 | 平仓失败: {"code":42210000,"message":"options market orders are only allowed during market hours"}
2025-06-04 16:28:36 | ERROR    | src.trading.executor:_close_position:576 | 平仓失败: {"code":42210000,"message":"options market orders are only allowed during market hours"}
2025-06-04 16:28:45 | ERROR    | src.trading.executor:_close_position:576 | 平仓失败: {"code":42210000,"message":"options market orders are only allowed during market hours"}
2025-06-04 16:29:37 | ERROR    | src.trading.executor:_close_position:576 | 平仓失败: {"code":42210000,"message":"options market orders are only allowed during market hours"}
2025-06-04 16:29:46 | ERROR    | src.trading.executor:_close_position:576 | 平仓失败: {"code":42210000,"message":"options market orders are only allowed during market hours"}
2025-06-04 16:30:38 | ERROR    | src.trading.executor:_close_position:576 | 平仓失败: {"code":42210000,"message":"options market orders are only allowed during market hours"}
2025-06-04 16:30:47 | ERROR    | src.trading.executor:_close_position:576 | 平仓失败: {"code":42210000,"message":"options market orders are only allowed during market hours"}
2025-06-04 16:31:38 | ERROR    | src.trading.executor:_close_position:576 | 平仓失败: {"code":42210000,"message":"options market orders are only allowed during market hours"}
2025-06-04 16:31:47 | ERROR    | src.trading.executor:_close_position:576 | 平仓失败: {"code":42210000,"message":"options market orders are only allowed during market hours"}
2025-06-04 16:32:39 | ERROR    | src.trading.executor:_close_position:576 | 平仓失败: {"code":42210000,"message":"options market orders are only allowed during market hours"}
2025-06-04 16:32:48 | ERROR    | src.trading.executor:_close_position:576 | 平仓失败: {"code":42210000,"message":"options market orders are only allowed during market hours"}
2025-06-04 16:33:40 | ERROR    | src.trading.executor:_close_position:576 | 平仓失败: {"code":42210000,"message":"options market orders are only allowed during market hours"}
2025-06-04 16:33:49 | ERROR    | src.trading.executor:_close_position:576 | 平仓失败: {"code":42210000,"message":"options market orders are only allowed during market hours"}
2025-06-04 16:34:40 | ERROR    | src.trading.executor:_close_position:576 | 平仓失败: {"code":42210000,"message":"options market orders are only allowed during market hours"}
2025-06-04 16:34:49 | ERROR    | src.trading.executor:_close_position:576 | 平仓失败: {"code":42210000,"message":"options market orders are only allowed during market hours"}
2025-06-04 16:35:41 | ERROR    | src.trading.executor:_close_position:576 | 平仓失败: {"code":42210000,"message":"options market orders are only allowed during market hours"}
2025-06-04 16:35:50 | ERROR    | src.trading.executor:_close_position:576 | 平仓失败: {"code":42210000,"message":"options market orders are only allowed during market hours"}
2025-06-04 16:36:41 | ERROR    | src.trading.executor:_close_position:576 | 平仓失败: {"code":42210000,"message":"options market orders are only allowed during market hours"}
2025-06-04 16:36:51 | ERROR    | src.trading.executor:_close_position:576 | 平仓失败: {"code":42210000,"message":"options market orders are only allowed during market hours"}
2025-06-04 16:37:42 | ERROR    | src.trading.executor:_close_position:576 | 平仓失败: {"code":42210000,"message":"options market orders are only allowed during market hours"}
2025-06-04 16:37:51 | ERROR    | src.trading.executor:_close_position:576 | 平仓失败: {"code":42210000,"message":"options market orders are only allowed during market hours"}
2025-06-04 16:38:43 | ERROR    | src.trading.executor:_close_position:576 | 平仓失败: {"code":42210000,"message":"options market orders are only allowed during market hours"}
2025-06-04 16:38:52 | ERROR    | src.trading.executor:_close_position:576 | 平仓失败: {"code":42210000,"message":"options market orders are only allowed during market hours"}
2025-06-04 16:39:43 | ERROR    | src.trading.executor:_close_position:576 | 平仓失败: {"code":42210000,"message":"options market orders are only allowed during market hours"}
2025-06-04 16:39:52 | ERROR    | src.trading.executor:_close_position:576 | 平仓失败: {"code":42210000,"message":"options market orders are only allowed during market hours"}
2025-06-04 16:40:44 | ERROR    | src.trading.executor:_close_position:576 | 平仓失败: {"code":42210000,"message":"options market orders are only allowed during market hours"}
2025-06-04 16:40:53 | ERROR    | src.trading.executor:_close_position:576 | 平仓失败: {"code":42210000,"message":"options market orders are only allowed during market hours"}
2025-06-04 16:41:45 | ERROR    | src.trading.executor:_close_position:576 | 平仓失败: {"code":42210000,"message":"options market orders are only allowed during market hours"}
2025-06-04 16:41:54 | ERROR    | src.trading.executor:_close_position:576 | 平仓失败: {"code":42210000,"message":"options market orders are only allowed during market hours"}
2025-06-04 16:42:45 | ERROR    | src.trading.executor:_close_position:576 | 平仓失败: {"code":42210000,"message":"options market orders are only allowed during market hours"}
2025-06-04 16:42:54 | ERROR    | src.trading.executor:_close_position:576 | 平仓失败: {"code":42210000,"message":"options market orders are only allowed during market hours"}
2025-06-04 16:43:46 | ERROR    | src.trading.executor:_close_position:576 | 平仓失败: {"code":42210000,"message":"options market orders are only allowed during market hours"}
2025-06-04 16:43:55 | ERROR    | src.trading.executor:_close_position:576 | 平仓失败: {"code":42210000,"message":"options market orders are only allowed during market hours"}
2025-06-04 16:44:47 | ERROR    | src.trading.executor:_close_position:576 | 平仓失败: {"code":42210000,"message":"options market orders are only allowed during market hours"}
2025-06-04 16:44:56 | ERROR    | src.trading.executor:_close_position:576 | 平仓失败: {"code":42210000,"message":"options market orders are only allowed during market hours"}
2025-06-04 16:45:47 | ERROR    | src.trading.executor:_close_position:576 | 平仓失败: {"code":42210000,"message":"options market orders are only allowed during market hours"}
2025-06-04 16:45:56 | ERROR    | src.trading.executor:_close_position:576 | 平仓失败: {"code":42210000,"message":"options market orders are only allowed during market hours"}
2025-06-04 16:46:48 | ERROR    | src.trading.executor:_close_position:576 | 平仓失败: {"code":42210000,"message":"options market orders are only allowed during market hours"}
2025-06-04 16:46:57 | ERROR    | src.trading.executor:_close_position:576 | 平仓失败: {"code":42210000,"message":"options market orders are only allowed during market hours"}
2025-06-04 16:47:49 | ERROR    | src.trading.executor:_close_position:576 | 平仓失败: {"code":42210000,"message":"options market orders are only allowed during market hours"}
2025-06-04 16:47:58 | ERROR    | src.trading.executor:_close_position:576 | 平仓失败: {"code":42210000,"message":"options market orders are only allowed during market hours"}
2025-06-04 16:48:49 | ERROR    | src.trading.executor:_close_position:576 | 平仓失败: {"code":42210000,"message":"options market orders are only allowed during market hours"}
2025-06-04 16:48:58 | ERROR    | src.trading.executor:_close_position:576 | 平仓失败: {"code":42210000,"message":"options market orders are only allowed during market hours"}
2025-06-04 16:49:50 | ERROR    | src.trading.executor:_close_position:576 | 平仓失败: {"code":42210000,"message":"options market orders are only allowed during market hours"}
2025-06-04 16:49:59 | ERROR    | src.trading.executor:_close_position:576 | 平仓失败: {"code":42210000,"message":"options market orders are only allowed during market hours"}
2025-06-04 16:50:50 | ERROR    | src.trading.executor:_close_position:576 | 平仓失败: {"code":42210000,"message":"options market orders are only allowed during market hours"}
2025-06-04 16:50:59 | ERROR    | src.trading.executor:_close_position:576 | 平仓失败: {"code":42210000,"message":"options market orders are only allowed during market hours"}
2025-06-04 16:51:51 | ERROR    | src.trading.executor:_close_position:576 | 平仓失败: {"code":42210000,"message":"options market orders are only allowed during market hours"}
2025-06-04 16:52:00 | ERROR    | src.trading.executor:_close_position:576 | 平仓失败: {"code":42210000,"message":"options market orders are only allowed during market hours"}
2025-06-04 16:52:52 | ERROR    | src.trading.executor:_close_position:576 | 平仓失败: {"code":42210000,"message":"options market orders are only allowed during market hours"}
2025-06-04 16:53:01 | ERROR    | src.trading.executor:_close_position:576 | 平仓失败: {"code":42210000,"message":"options market orders are only allowed during market hours"}
2025-06-04 16:53:52 | ERROR    | src.trading.executor:_close_position:576 | 平仓失败: {"code":42210000,"message":"options market orders are only allowed during market hours"}
2025-06-04 16:54:01 | ERROR    | src.trading.executor:_close_position:576 | 平仓失败: {"code":42210000,"message":"options market orders are only allowed during market hours"}
2025-06-04 16:54:53 | ERROR    | src.trading.executor:_close_position:576 | 平仓失败: {"code":42210000,"message":"options market orders are only allowed during market hours"}
2025-06-04 16:55:02 | ERROR    | src.trading.executor:_close_position:576 | 平仓失败: {"code":42210000,"message":"options market orders are only allowed during market hours"}
2025-06-04 16:55:54 | ERROR    | src.trading.executor:_close_position:576 | 平仓失败: {"code":42210000,"message":"options market orders are only allowed during market hours"}
2025-06-04 16:56:02 | ERROR    | src.trading.executor:_close_position:576 | 平仓失败: {"code":42210000,"message":"options market orders are only allowed during market hours"}
2025-06-04 16:56:54 | ERROR    | src.trading.executor:_close_position:576 | 平仓失败: {"code":42210000,"message":"options market orders are only allowed during market hours"}
2025-06-04 16:57:03 | ERROR    | src.trading.executor:_close_position:576 | 平仓失败: {"code":42210000,"message":"options market orders are only allowed during market hours"}
2025-06-04 16:57:55 | ERROR    | src.trading.executor:_close_position:576 | 平仓失败: {"code":42210000,"message":"options market orders are only allowed during market hours"}
2025-06-04 16:58:04 | ERROR    | src.trading.executor:_close_position:576 | 平仓失败: {"code":42210000,"message":"options market orders are only allowed during market hours"}
2025-06-04 16:58:55 | ERROR    | src.trading.executor:_close_position:576 | 平仓失败: {"code":42210000,"message":"options market orders are only allowed during market hours"}
2025-06-04 16:59:04 | ERROR    | src.trading.executor:_close_position:576 | 平仓失败: {"code":42210000,"message":"options market orders are only allowed during market hours"}
2025-06-04 16:59:56 | ERROR    | src.trading.executor:_close_position:576 | 平仓失败: {"code":42210000,"message":"options market orders are only allowed during market hours"}
2025-06-04 17:00:04 | ERROR    | src.trading.executor:_close_position:576 | 平仓失败: {"code":42210000,"message":"options market orders are only allowed during market hours"}
2025-06-04 17:00:56 | ERROR    | src.trading.executor:_close_position:576 | 平仓失败: {"code":42210000,"message":"options market orders are only allowed during market hours"}
2025-06-04 17:01:05 | ERROR    | src.trading.executor:_close_position:576 | 平仓失败: {"code":42210000,"message":"options market orders are only allowed during market hours"}
2025-06-04 17:01:57 | ERROR    | src.trading.executor:_close_position:576 | 平仓失败: {"code":42210000,"message":"options market orders are only allowed during market hours"}
2025-06-04 17:02:05 | ERROR    | src.trading.executor:_close_position:576 | 平仓失败: {"code":42210000,"message":"options market orders are only allowed during market hours"}
2025-06-04 17:02:57 | ERROR    | src.trading.executor:_close_position:576 | 平仓失败: {"code":42210000,"message":"options market orders are only allowed during market hours"}
2025-06-04 17:03:06 | ERROR    | src.trading.executor:_close_position:576 | 平仓失败: {"code":42210000,"message":"options market orders are only allowed during market hours"}
2025-06-04 17:03:58 | ERROR    | src.trading.executor:_close_position:576 | 平仓失败: {"code":42210000,"message":"options market orders are only allowed during market hours"}
2025-06-04 17:04:07 | ERROR    | src.trading.executor:_close_position:576 | 平仓失败: {"code":42210000,"message":"options market orders are only allowed during market hours"}
2025-06-04 17:04:58 | ERROR    | src.trading.executor:_close_position:576 | 平仓失败: {"code":42210000,"message":"options market orders are only allowed during market hours"}
2025-06-04 17:05:07 | ERROR    | src.trading.executor:_close_position:576 | 平仓失败: {"code":42210000,"message":"options market orders are only allowed during market hours"}
2025-06-04 17:05:59 | ERROR    | src.trading.executor:_close_position:576 | 平仓失败: {"code":42210000,"message":"options market orders are only allowed during market hours"}
2025-06-04 17:06:07 | ERROR    | src.trading.executor:_close_position:576 | 平仓失败: {"code":42210000,"message":"options market orders are only allowed during market hours"}
2025-06-04 17:07:00 | ERROR    | src.trading.executor:_close_position:576 | 平仓失败: {"code":42210000,"message":"options market orders are only allowed during market hours"}
2025-06-04 17:07:08 | ERROR    | src.trading.executor:_close_position:576 | 平仓失败: {"code":42210000,"message":"options market orders are only allowed during market hours"}
2025-06-04 17:08:00 | ERROR    | src.trading.executor:_close_position:576 | 平仓失败: {"code":42210000,"message":"options market orders are only allowed during market hours"}
2025-06-04 17:08:08 | ERROR    | src.trading.executor:_close_position:576 | 平仓失败: {"code":42210000,"message":"options market orders are only allowed during market hours"}
2025-06-04 17:09:01 | ERROR    | src.trading.executor:_close_position:576 | 平仓失败: {"code":42210000,"message":"options market orders are only allowed during market hours"}
2025-06-04 17:09:09 | ERROR    | src.trading.executor:_close_position:576 | 平仓失败: {"code":42210000,"message":"options market orders are only allowed during market hours"}
2025-06-04 17:10:01 | ERROR    | src.trading.executor:_close_position:576 | 平仓失败: {"code":42210000,"message":"options market orders are only allowed during market hours"}
2025-06-04 17:10:10 | ERROR    | src.trading.executor:_close_position:576 | 平仓失败: {"code":42210000,"message":"options market orders are only allowed during market hours"}
2025-06-04 17:11:02 | ERROR    | src.trading.executor:_close_position:576 | 平仓失败: {"code":42210000,"message":"options market orders are only allowed during market hours"}
2025-06-04 17:11:10 | ERROR    | src.trading.executor:_close_position:576 | 平仓失败: {"code":42210000,"message":"options market orders are only allowed during market hours"}
2025-06-04 17:12:02 | ERROR    | src.trading.executor:_close_position:576 | 平仓失败: {"code":42210000,"message":"options market orders are only allowed during market hours"}
2025-06-04 17:12:11 | ERROR    | src.trading.executor:_close_position:576 | 平仓失败: {"code":42210000,"message":"options market orders are only allowed during market hours"}
2025-06-04 17:13:03 | ERROR    | src.trading.executor:_close_position:576 | 平仓失败: {"code":42210000,"message":"options market orders are only allowed during market hours"}
2025-06-04 17:13:12 | ERROR    | src.trading.executor:_close_position:576 | 平仓失败: {"code":42210000,"message":"options market orders are only allowed during market hours"}
2025-06-04 17:14:04 | ERROR    | src.trading.executor:_close_position:576 | 平仓失败: {"code":42210000,"message":"options market orders are only allowed during market hours"}
2025-06-04 17:14:12 | ERROR    | src.trading.executor:_close_position:576 | 平仓失败: {"code":42210000,"message":"options market orders are only allowed during market hours"}
2025-06-04 17:15:05 | ERROR    | src.trading.executor:_close_position:576 | 平仓失败: {"code":42210000,"message":"options market orders are only allowed during market hours"}
2025-06-04 17:15:13 | ERROR    | src.trading.executor:_close_position:576 | 平仓失败: {"code":42210000,"message":"options market orders are only allowed during market hours"}
2025-06-04 17:16:05 | ERROR    | src.trading.executor:_close_position:576 | 平仓失败: {"code":42210000,"message":"options market orders are only allowed during market hours"}
2025-06-04 17:16:13 | ERROR    | src.trading.executor:_close_position:576 | 平仓失败: {"code":42210000,"message":"options market orders are only allowed during market hours"}
2025-06-04 17:17:06 | ERROR    | src.trading.executor:_close_position:576 | 平仓失败: {"code":42210000,"message":"options market orders are only allowed during market hours"}
2025-06-04 17:17:14 | ERROR    | src.trading.executor:_close_position:576 | 平仓失败: {"code":42210000,"message":"options market orders are only allowed during market hours"}
2025-06-04 17:18:06 | ERROR    | src.trading.executor:_close_position:576 | 平仓失败: {"code":42210000,"message":"options market orders are only allowed during market hours"}
2025-06-04 17:18:15 | ERROR    | src.trading.executor:_close_position:576 | 平仓失败: {"code":42210000,"message":"options market orders are only allowed during market hours"}
2025-06-04 17:19:07 | ERROR    | src.trading.executor:_close_position:576 | 平仓失败: {"code":42210000,"message":"options market orders are only allowed during market hours"}
2025-06-04 17:19:15 | ERROR    | src.trading.executor:_close_position:576 | 平仓失败: {"code":42210000,"message":"options market orders are only allowed during market hours"}
2025-06-04 17:20:08 | ERROR    | src.trading.executor:_close_position:576 | 平仓失败: {"code":42210000,"message":"options market orders are only allowed during market hours"}
2025-06-04 17:20:16 | ERROR    | src.trading.executor:_close_position:576 | 平仓失败: {"code":42210000,"message":"options market orders are only allowed during market hours"}
2025-06-04 17:21:08 | ERROR    | src.trading.executor:_close_position:576 | 平仓失败: {"code":42210000,"message":"options market orders are only allowed during market hours"}
2025-06-04 17:21:17 | ERROR    | src.trading.executor:_close_position:576 | 平仓失败: {"code":42210000,"message":"options market orders are only allowed during market hours"}
2025-06-04 17:22:09 | ERROR    | src.trading.executor:_close_position:576 | 平仓失败: {"code":42210000,"message":"options market orders are only allowed during market hours"}
2025-06-04 17:22:17 | ERROR    | src.trading.executor:_close_position:576 | 平仓失败: {"code":42210000,"message":"options market orders are only allowed during market hours"}
2025-06-04 17:23:09 | ERROR    | src.trading.executor:_close_position:576 | 平仓失败: {"code":42210000,"message":"options market orders are only allowed during market hours"}
2025-06-04 17:23:18 | ERROR    | src.trading.executor:_close_position:576 | 平仓失败: {"code":42210000,"message":"options market orders are only allowed during market hours"}
2025-06-04 17:24:10 | ERROR    | src.trading.executor:_close_position:576 | 平仓失败: {"code":42210000,"message":"options market orders are only allowed during market hours"}
2025-06-04 17:24:18 | ERROR    | src.trading.executor:_close_position:576 | 平仓失败: {"code":42210000,"message":"options market orders are only allowed during market hours"}
2025-06-04 17:25:11 | ERROR    | src.trading.executor:_close_position:576 | 平仓失败: {"code":42210000,"message":"options market orders are only allowed during market hours"}
2025-06-04 17:25:19 | ERROR    | src.trading.executor:_close_position:576 | 平仓失败: {"code":42210000,"message":"options market orders are only allowed during market hours"}
2025-06-04 17:26:11 | ERROR    | src.trading.executor:_close_position:576 | 平仓失败: {"code":42210000,"message":"options market orders are only allowed during market hours"}
2025-06-04 17:26:20 | ERROR    | src.trading.executor:_close_position:576 | 平仓失败: {"code":42210000,"message":"options market orders are only allowed during market hours"}
2025-06-04 17:27:12 | ERROR    | src.trading.executor:_close_position:576 | 平仓失败: {"code":42210000,"message":"options market orders are only allowed during market hours"}
2025-06-04 17:27:20 | ERROR    | src.trading.executor:_close_position:576 | 平仓失败: {"code":42210000,"message":"options market orders are only allowed during market hours"}
2025-06-04 17:28:12 | ERROR    | src.trading.executor:_close_position:576 | 平仓失败: {"code":42210000,"message":"options market orders are only allowed during market hours"}
2025-06-04 17:28:21 | ERROR    | src.trading.executor:_close_position:576 | 平仓失败: {"code":42210000,"message":"options market orders are only allowed during market hours"}
2025-06-04 17:29:13 | ERROR    | src.trading.executor:_close_position:576 | 平仓失败: {"code":42210000,"message":"options market orders are only allowed during market hours"}
2025-06-04 17:29:21 | ERROR    | src.trading.executor:_close_position:576 | 平仓失败: {"code":42210000,"message":"options market orders are only allowed during market hours"}
2025-06-04 17:30:14 | ERROR    | src.trading.executor:_close_position:576 | 平仓失败: {"code":42210000,"message":"options market orders are only allowed during market hours"}
2025-06-04 17:30:22 | ERROR    | src.trading.executor:_close_position:576 | 平仓失败: {"code":42210000,"message":"options market orders are only allowed during market hours"}
2025-06-04 17:31:14 | ERROR    | src.trading.executor:_close_position:576 | 平仓失败: {"code":42210000,"message":"options market orders are only allowed during market hours"}
2025-06-04 17:31:23 | ERROR    | src.trading.executor:_close_position:576 | 平仓失败: {"code":42210000,"message":"options market orders are only allowed during market hours"}
2025-06-04 17:32:15 | ERROR    | src.trading.executor:_close_position:576 | 平仓失败: {"code":42210000,"message":"options market orders are only allowed during market hours"}
2025-06-04 17:32:23 | ERROR    | src.trading.executor:_close_position:576 | 平仓失败: {"code":42210000,"message":"options market orders are only allowed during market hours"}
2025-06-04 17:33:15 | ERROR    | src.trading.executor:_close_position:576 | 平仓失败: {"code":42210000,"message":"options market orders are only allowed during market hours"}
2025-06-04 17:33:24 | ERROR    | src.trading.executor:_close_position:576 | 平仓失败: {"code":42210000,"message":"options market orders are only allowed during market hours"}
2025-06-04 17:34:16 | ERROR    | src.trading.executor:_close_position:576 | 平仓失败: {"code":42210000,"message":"options market orders are only allowed during market hours"}
2025-06-04 17:34:24 | ERROR    | src.trading.executor:_close_position:576 | 平仓失败: {"code":42210000,"message":"options market orders are only allowed during market hours"}
2025-06-04 17:35:17 | ERROR    | src.trading.executor:_close_position:576 | 平仓失败: {"code":42210000,"message":"options market orders are only allowed during market hours"}
2025-06-04 17:35:25 | ERROR    | src.trading.executor:_close_position:576 | 平仓失败: {"code":42210000,"message":"options market orders are only allowed during market hours"}
2025-06-04 17:36:17 | ERROR    | src.trading.executor:_close_position:576 | 平仓失败: {"code":42210000,"message":"options market orders are only allowed during market hours"}
2025-06-04 17:36:25 | ERROR    | src.trading.executor:_close_position:576 | 平仓失败: {"code":42210000,"message":"options market orders are only allowed during market hours"}
2025-06-04 17:37:18 | ERROR    | src.trading.executor:_close_position:576 | 平仓失败: {"code":42210000,"message":"options market orders are only allowed during market hours"}
2025-06-04 17:37:26 | ERROR    | src.trading.executor:_close_position:576 | 平仓失败: {"code":42210000,"message":"options market orders are only allowed during market hours"}
2025-06-04 17:38:18 | ERROR    | src.trading.executor:_close_position:576 | 平仓失败: {"code":42210000,"message":"options market orders are only allowed during market hours"}
2025-06-04 17:38:27 | ERROR    | src.trading.executor:_close_position:576 | 平仓失败: {"code":42210000,"message":"options market orders are only allowed during market hours"}
2025-06-04 17:39:19 | ERROR    | src.trading.executor:_close_position:576 | 平仓失败: {"code":42210000,"message":"options market orders are only allowed during market hours"}
2025-06-04 17:39:27 | ERROR    | src.trading.executor:_close_position:576 | 平仓失败: {"code":42210000,"message":"options market orders are only allowed during market hours"}
2025-06-04 17:40:20 | ERROR    | src.trading.executor:_close_position:576 | 平仓失败: {"code":42210000,"message":"options market orders are only allowed during market hours"}
2025-06-04 17:40:28 | ERROR    | src.trading.executor:_close_position:576 | 平仓失败: {"code":42210000,"message":"options market orders are only allowed during market hours"}
2025-06-04 17:41:20 | ERROR    | src.trading.executor:_close_position:576 | 平仓失败: {"code":42210000,"message":"options market orders are only allowed during market hours"}
2025-06-04 17:41:29 | ERROR    | src.trading.executor:_close_position:576 | 平仓失败: {"code":42210000,"message":"options market orders are only allowed during market hours"}
2025-06-04 17:42:21 | ERROR    | src.trading.executor:_close_position:576 | 平仓失败: {"code":42210000,"message":"options market orders are only allowed during market hours"}
2025-06-04 17:42:29 | ERROR    | src.trading.executor:_close_position:576 | 平仓失败: {"code":42210000,"message":"options market orders are only allowed during market hours"}
2025-06-04 17:43:21 | ERROR    | src.trading.executor:_close_position:576 | 平仓失败: {"code":42210000,"message":"options market orders are only allowed during market hours"}
2025-06-04 17:43:30 | ERROR    | src.trading.executor:_close_position:576 | 平仓失败: {"code":42210000,"message":"options market orders are only allowed during market hours"}
2025-06-04 17:44:22 | ERROR    | src.trading.executor:_close_position:576 | 平仓失败: {"code":42210000,"message":"options market orders are only allowed during market hours"}
2025-06-04 17:44:30 | ERROR    | src.trading.executor:_close_position:576 | 平仓失败: {"code":42210000,"message":"options market orders are only allowed during market hours"}
2025-06-04 17:45:23 | ERROR    | src.trading.executor:_close_position:576 | 平仓失败: {"code":42210000,"message":"options market orders are only allowed during market hours"}
2025-06-04 17:45:31 | ERROR    | src.trading.executor:_close_position:576 | 平仓失败: {"code":42210000,"message":"options market orders are only allowed during market hours"}
2025-06-04 17:46:23 | ERROR    | src.trading.executor:_close_position:576 | 平仓失败: {"code":42210000,"message":"options market orders are only allowed during market hours"}
2025-06-04 17:46:32 | ERROR    | src.trading.executor:_close_position:576 | 平仓失败: {"code":42210000,"message":"options market orders are only allowed during market hours"}
2025-06-04 17:47:24 | ERROR    | src.trading.executor:_close_position:576 | 平仓失败: {"code":42210000,"message":"options market orders are only allowed during market hours"}
2025-06-04 17:47:32 | ERROR    | src.trading.executor:_close_position:576 | 平仓失败: {"code":42210000,"message":"options market orders are only allowed during market hours"}
2025-06-04 17:48:24 | ERROR    | src.trading.executor:_close_position:576 | 平仓失败: {"code":42210000,"message":"options market orders are only allowed during market hours"}
2025-06-04 17:48:33 | ERROR    | src.trading.executor:_close_position:576 | 平仓失败: {"code":42210000,"message":"options market orders are only allowed during market hours"}
2025-06-04 17:49:25 | ERROR    | src.trading.executor:_close_position:576 | 平仓失败: {"code":42210000,"message":"options market orders are only allowed during market hours"}
2025-06-04 17:49:33 | ERROR    | src.trading.executor:_close_position:576 | 平仓失败: {"code":42210000,"message":"options market orders are only allowed during market hours"}
2025-06-04 17:50:26 | ERROR    | src.trading.executor:_close_position:576 | 平仓失败: {"code":42210000,"message":"options market orders are only allowed during market hours"}
2025-06-04 17:50:34 | ERROR    | src.trading.executor:_close_position:576 | 平仓失败: {"code":42210000,"message":"options market orders are only allowed during market hours"}
2025-06-04 17:51:26 | ERROR    | src.trading.executor:_close_position:576 | 平仓失败: {"code":42210000,"message":"options market orders are only allowed during market hours"}
2025-06-04 17:51:35 | ERROR    | src.trading.executor:_close_position:576 | 平仓失败: {"code":42210000,"message":"options market orders are only allowed during market hours"}
2025-06-04 17:52:27 | ERROR    | src.trading.executor:_close_position:576 | 平仓失败: {"code":42210000,"message":"options market orders are only allowed during market hours"}
2025-06-04 17:52:35 | ERROR    | src.trading.executor:_close_position:576 | 平仓失败: {"code":42210000,"message":"options market orders are only allowed during market hours"}
2025-06-04 17:53:27 | ERROR    | src.trading.executor:_close_position:576 | 平仓失败: {"code":42210000,"message":"options market orders are only allowed during market hours"}
2025-06-04 17:53:36 | ERROR    | src.trading.executor:_close_position:576 | 平仓失败: {"code":42210000,"message":"options market orders are only allowed during market hours"}
2025-06-04 17:54:28 | ERROR    | src.trading.executor:_close_position:576 | 平仓失败: {"code":42210000,"message":"options market orders are only allowed during market hours"}
2025-06-04 17:54:36 | ERROR    | src.trading.executor:_close_position:576 | 平仓失败: {"code":42210000,"message":"options market orders are only allowed during market hours"}
2025-06-04 17:55:29 | ERROR    | src.trading.executor:_close_position:576 | 平仓失败: {"code":42210000,"message":"options market orders are only allowed during market hours"}
2025-06-04 17:55:37 | ERROR    | src.trading.executor:_close_position:576 | 平仓失败: {"code":42210000,"message":"options market orders are only allowed during market hours"}
2025-06-04 17:56:29 | ERROR    | src.trading.executor:_close_position:576 | 平仓失败: {"code":42210000,"message":"options market orders are only allowed during market hours"}
2025-06-04 17:56:38 | ERROR    | src.trading.executor:_close_position:576 | 平仓失败: {"code":42210000,"message":"options market orders are only allowed during market hours"}
2025-06-04 17:57:30 | ERROR    | src.trading.executor:_close_position:576 | 平仓失败: {"code":42210000,"message":"options market orders are only allowed during market hours"}
2025-06-04 17:57:38 | ERROR    | src.trading.executor:_close_position:576 | 平仓失败: {"code":42210000,"message":"options market orders are only allowed during market hours"}
2025-06-04 17:58:30 | ERROR    | src.trading.executor:_close_position:576 | 平仓失败: {"code":42210000,"message":"options market orders are only allowed during market hours"}
2025-06-04 17:58:39 | ERROR    | src.trading.executor:_close_position:576 | 平仓失败: {"code":42210000,"message":"options market orders are only allowed during market hours"}
2025-06-04 17:59:31 | ERROR    | src.trading.executor:_close_position:576 | 平仓失败: {"code":42210000,"message":"options market orders are only allowed during market hours"}
2025-06-04 17:59:40 | ERROR    | src.trading.executor:_close_position:576 | 平仓失败: {"code":42210000,"message":"options market orders are only allowed during market hours"}
2025-06-04 18:00:32 | ERROR    | src.trading.executor:_close_position:576 | 平仓失败: {"code":42210000,"message":"options market orders are only allowed during market hours"}
2025-06-04 18:00:40 | ERROR    | src.trading.executor:_close_position:576 | 平仓失败: {"code":42210000,"message":"options market orders are only allowed during market hours"}
2025-06-04 18:01:32 | ERROR    | src.trading.executor:_close_position:576 | 平仓失败: {"code":42210000,"message":"options market orders are only allowed during market hours"}
2025-06-04 18:01:41 | ERROR    | src.trading.executor:_close_position:576 | 平仓失败: {"code":42210000,"message":"options market orders are only allowed during market hours"}
2025-06-04 18:02:33 | ERROR    | src.trading.executor:_close_position:576 | 平仓失败: {"code":42210000,"message":"options market orders are only allowed during market hours"}
2025-06-04 18:02:41 | ERROR    | src.trading.executor:_close_position:576 | 平仓失败: {"code":42210000,"message":"options market orders are only allowed during market hours"}
2025-06-04 18:03:33 | ERROR    | src.trading.executor:_close_position:576 | 平仓失败: {"code":42210000,"message":"options market orders are only allowed during market hours"}
2025-06-04 18:03:42 | ERROR    | src.trading.executor:_close_position:576 | 平仓失败: {"code":42210000,"message":"options market orders are only allowed during market hours"}
2025-06-04 18:04:34 | ERROR    | src.trading.executor:_close_position:576 | 平仓失败: {"code":42210000,"message":"options market orders are only allowed during market hours"}
2025-06-04 18:04:43 | ERROR    | src.trading.executor:_close_position:576 | 平仓失败: {"code":42210000,"message":"options market orders are only allowed during market hours"}
2025-06-04 18:05:35 | ERROR    | src.trading.executor:_close_position:576 | 平仓失败: {"code":42210000,"message":"options market orders are only allowed during market hours"}
2025-06-04 18:05:43 | ERROR    | src.trading.executor:_close_position:576 | 平仓失败: {"code":42210000,"message":"options market orders are only allowed during market hours"}
2025-06-04 18:06:35 | ERROR    | src.trading.executor:_close_position:576 | 平仓失败: {"code":42210000,"message":"options market orders are only allowed during market hours"}
2025-06-04 18:06:44 | ERROR    | src.trading.executor:_close_position:576 | 平仓失败: {"code":42210000,"message":"options market orders are only allowed during market hours"}
2025-06-04 18:07:36 | ERROR    | src.trading.executor:_close_position:576 | 平仓失败: {"code":42210000,"message":"options market orders are only allowed during market hours"}
2025-06-04 18:07:44 | ERROR    | src.trading.executor:_close_position:576 | 平仓失败: {"code":42210000,"message":"options market orders are only allowed during market hours"}
2025-06-04 18:08:36 | ERROR    | src.trading.executor:_close_position:576 | 平仓失败: {"code":42210000,"message":"options market orders are only allowed during market hours"}
2025-06-04 18:08:45 | ERROR    | src.trading.executor:_close_position:576 | 平仓失败: {"code":42210000,"message":"options market orders are only allowed during market hours"}
2025-06-04 18:09:37 | ERROR    | src.trading.executor:_close_position:576 | 平仓失败: {"code":42210000,"message":"options market orders are only allowed during market hours"}
2025-06-04 18:09:46 | ERROR    | src.trading.executor:_close_position:576 | 平仓失败: {"code":42210000,"message":"options market orders are only allowed during market hours"}
2025-06-04 18:10:38 | ERROR    | src.trading.executor:_close_position:576 | 平仓失败: {"code":42210000,"message":"options market orders are only allowed during market hours"}
2025-06-04 18:10:46 | ERROR    | src.trading.executor:_close_position:576 | 平仓失败: {"code":42210000,"message":"options market orders are only allowed during market hours"}
2025-06-04 18:11:38 | ERROR    | src.trading.executor:_close_position:576 | 平仓失败: {"code":42210000,"message":"options market orders are only allowed during market hours"}
2025-06-04 18:11:47 | ERROR    | src.trading.executor:_close_position:576 | 平仓失败: {"code":42210000,"message":"options market orders are only allowed during market hours"}
2025-06-04 18:12:39 | ERROR    | src.trading.executor:_close_position:576 | 平仓失败: {"code":42210000,"message":"options market orders are only allowed during market hours"}
2025-06-04 18:12:47 | ERROR    | src.trading.executor:_close_position:576 | 平仓失败: {"code":42210000,"message":"options market orders are only allowed during market hours"}
2025-06-04 18:13:39 | ERROR    | src.trading.executor:_close_position:576 | 平仓失败: {"code":42210000,"message":"options market orders are only allowed during market hours"}
2025-06-04 18:13:48 | ERROR    | src.trading.executor:_close_position:576 | 平仓失败: {"code":42210000,"message":"options market orders are only allowed during market hours"}
2025-06-04 18:14:40 | ERROR    | src.trading.executor:_close_position:576 | 平仓失败: {"code":42210000,"message":"options market orders are only allowed during market hours"}
2025-06-04 18:14:48 | ERROR    | src.trading.executor:_close_position:576 | 平仓失败: {"code":42210000,"message":"options market orders are only allowed during market hours"}
2025-06-04 18:15:41 | ERROR    | src.trading.executor:_close_position:576 | 平仓失败: {"code":42210000,"message":"options market orders are only allowed during market hours"}
2025-06-04 18:15:49 | ERROR    | src.trading.executor:_close_position:576 | 平仓失败: {"code":42210000,"message":"options market orders are only allowed during market hours"}
2025-06-04 18:16:42 | ERROR    | src.trading.executor:_close_position:576 | 平仓失败: {"code":42210000,"message":"options market orders are only allowed during market hours"}
2025-06-04 18:16:50 | ERROR    | src.trading.executor:_close_position:576 | 平仓失败: {"code":42210000,"message":"options market orders are only allowed during market hours"}
2025-06-04 18:17:42 | ERROR    | src.trading.executor:_close_position:576 | 平仓失败: {"code":42210000,"message":"options market orders are only allowed during market hours"}
2025-06-04 18:17:50 | ERROR    | src.trading.executor:_close_position:576 | 平仓失败: {"code":42210000,"message":"options market orders are only allowed during market hours"}
2025-06-04 18:18:43 | ERROR    | src.trading.executor:_close_position:576 | 平仓失败: {"code":42210000,"message":"options market orders are only allowed during market hours"}
2025-06-04 18:18:51 | ERROR    | src.trading.executor:_close_position:576 | 平仓失败: {"code":42210000,"message":"options market orders are only allowed during market hours"}
2025-06-04 18:19:44 | ERROR    | src.trading.executor:_close_position:576 | 平仓失败: {"code":42210000,"message":"options market orders are only allowed during market hours"}
2025-06-04 18:19:51 | ERROR    | src.trading.executor:_close_position:576 | 平仓失败: {"code":42210000,"message":"options market orders are only allowed during market hours"}
2025-06-04 18:20:44 | ERROR    | src.trading.executor:_close_position:576 | 平仓失败: {"code":42210000,"message":"options market orders are only allowed during market hours"}
2025-06-04 18:20:52 | ERROR    | src.trading.executor:_close_position:576 | 平仓失败: {"code":42210000,"message":"options market orders are only allowed during market hours"}
2025-06-04 18:21:45 | ERROR    | src.trading.executor:_close_position:576 | 平仓失败: {"code":42210000,"message":"options market orders are only allowed during market hours"}
2025-06-04 18:21:53 | ERROR    | src.trading.executor:_close_position:576 | 平仓失败: {"code":42210000,"message":"options market orders are only allowed during market hours"}
2025-06-04 18:22:45 | ERROR    | src.trading.executor:_close_position:576 | 平仓失败: {"code":42210000,"message":"options market orders are only allowed during market hours"}
2025-06-04 18:22:53 | ERROR    | src.trading.executor:_close_position:576 | 平仓失败: {"code":42210000,"message":"options market orders are only allowed during market hours"}
2025-06-04 18:23:46 | ERROR    | src.trading.executor:_close_position:576 | 平仓失败: {"code":42210000,"message":"options market orders are only allowed during market hours"}
2025-06-04 18:23:54 | ERROR    | src.trading.executor:_close_position:576 | 平仓失败: {"code":42210000,"message":"options market orders are only allowed during market hours"}
2025-06-04 18:24:46 | ERROR    | src.trading.executor:_close_position:576 | 平仓失败: {"code":42210000,"message":"options market orders are only allowed during market hours"}
2025-06-04 18:24:55 | ERROR    | src.trading.executor:_close_position:576 | 平仓失败: {"code":42210000,"message":"options market orders are only allowed during market hours"}
2025-06-04 18:25:47 | ERROR    | src.trading.executor:_close_position:576 | 平仓失败: {"code":42210000,"message":"options market orders are only allowed during market hours"}
2025-06-04 18:25:55 | ERROR    | src.trading.executor:_close_position:576 | 平仓失败: {"code":42210000,"message":"options market orders are only allowed during market hours"}
2025-06-04 18:26:48 | ERROR    | src.trading.executor:_close_position:576 | 平仓失败: {"code":42210000,"message":"options market orders are only allowed during market hours"}
2025-06-04 18:26:56 | ERROR    | src.trading.executor:_close_position:576 | 平仓失败: {"code":42210000,"message":"options market orders are only allowed during market hours"}
2025-06-04 18:27:48 | ERROR    | src.trading.executor:_close_position:576 | 平仓失败: {"code":42210000,"message":"options market orders are only allowed during market hours"}
2025-06-04 18:27:57 | ERROR    | src.trading.executor:_close_position:576 | 平仓失败: {"code":42210000,"message":"options market orders are only allowed during market hours"}
2025-06-04 18:28:49 | ERROR    | src.trading.executor:_close_position:576 | 平仓失败: {"code":42210000,"message":"options market orders are only allowed during market hours"}
2025-06-04 18:28:57 | ERROR    | src.trading.executor:_close_position:576 | 平仓失败: {"code":42210000,"message":"options market orders are only allowed during market hours"}
2025-06-04 18:29:49 | ERROR    | src.trading.executor:_close_position:576 | 平仓失败: {"code":42210000,"message":"options market orders are only allowed during market hours"}
2025-06-04 18:29:58 | ERROR    | src.trading.executor:_close_position:576 | 平仓失败: {"code":42210000,"message":"options market orders are only allowed during market hours"}
2025-06-04 18:30:50 | ERROR    | src.trading.executor:_close_position:576 | 平仓失败: {"code":42210000,"message":"options market orders are only allowed during market hours"}
2025-06-04 18:30:58 | ERROR    | src.trading.executor:_close_position:576 | 平仓失败: {"code":42210000,"message":"options market orders are only allowed during market hours"}
2025-06-04 18:31:51 | ERROR    | src.trading.executor:_close_position:576 | 平仓失败: {"code":42210000,"message":"options market orders are only allowed during market hours"}
2025-06-04 18:31:59 | ERROR    | src.trading.executor:_close_position:576 | 平仓失败: {"code":42210000,"message":"options market orders are only allowed during market hours"}
2025-06-04 18:32:51 | ERROR    | src.trading.executor:_close_position:576 | 平仓失败: {"code":42210000,"message":"options market orders are only allowed during market hours"}
2025-06-04 18:33:00 | ERROR    | src.trading.executor:_close_position:576 | 平仓失败: {"code":42210000,"message":"options market orders are only allowed during market hours"}
2025-06-04 18:33:52 | ERROR    | src.trading.executor:_close_position:576 | 平仓失败: {"code":42210000,"message":"options market orders are only allowed during market hours"}
2025-06-04 18:34:00 | ERROR    | src.trading.executor:_close_position:576 | 平仓失败: {"code":42210000,"message":"options market orders are only allowed during market hours"}
2025-06-04 18:34:52 | ERROR    | src.trading.executor:_close_position:576 | 平仓失败: {"code":42210000,"message":"options market orders are only allowed during market hours"}
2025-06-04 18:35:01 | ERROR    | src.trading.executor:_close_position:576 | 平仓失败: {"code":42210000,"message":"options market orders are only allowed during market hours"}
2025-06-04 18:35:53 | ERROR    | src.trading.executor:_close_position:576 | 平仓失败: {"code":42210000,"message":"options market orders are only allowed during market hours"}
2025-06-04 18:36:01 | ERROR    | src.trading.executor:_close_position:576 | 平仓失败: {"code":42210000,"message":"options market orders are only allowed during market hours"}
2025-06-04 18:36:53 | ERROR    | src.trading.executor:_close_position:576 | 平仓失败: {"code":42210000,"message":"options market orders are only allowed during market hours"}
2025-06-04 18:37:02 | ERROR    | src.trading.executor:_close_position:576 | 平仓失败: {"code":42210000,"message":"options market orders are only allowed during market hours"}
2025-06-04 18:37:54 | ERROR    | src.trading.executor:_close_position:576 | 平仓失败: {"code":42210000,"message":"options market orders are only allowed during market hours"}
2025-06-04 18:38:02 | ERROR    | src.trading.executor:_close_position:576 | 平仓失败: {"code":42210000,"message":"options market orders are only allowed during market hours"}
2025-06-04 18:39:03 | ERROR    | src.trading.executor:_close_position:576 | 平仓失败: {"code":42210000,"message":"options market orders are only allowed during market hours"}
2025-06-04 18:40:03 | ERROR    | src.trading.executor:_close_position:576 | 平仓失败: {"code":42210000,"message":"options market orders are only allowed during market hours"}
2025-06-04 18:41:03 | ERROR    | src.trading.executor:_close_position:576 | 平仓失败: {"code":42210000,"message":"options market orders are only allowed during market hours"}
2025-06-04 18:59:17 | ERROR    | src.trading.executor:_close_position:576 | 平仓失败: ('Connection aborted.', ConnectionResetError(54, 'Connection reset by peer'))
2025-06-04 19:02:16 | ERROR    | src.trading.executor:_close_position:576 | 平仓失败: {"code":42210000,"message":"options market orders are only allowed during market hours"}
2025-06-04 19:06:20 | ERROR    | src.trading.executor:_close_position:576 | 平仓失败: ('Connection aborted.', ConnectionResetError(54, 'Connection reset by peer'))
2025-06-04 19:07:21 | ERROR    | src.trading.executor:_close_position:576 | 平仓失败: {"code":42210000,"message":"options market orders are only allowed during market hours"}
2025-06-04 19:08:21 | ERROR    | src.trading.executor:_close_position:576 | 平仓失败: {"code":42210000,"message":"options market orders are only allowed during market hours"}
2025-06-04 19:09:22 | ERROR    | src.trading.executor:_close_position:576 | 平仓失败: {"code":42210000,"message":"options market orders are only allowed during market hours"}
2025-06-04 19:10:22 | ERROR    | src.trading.executor:_close_position:576 | 平仓失败: {"code":42210000,"message":"options market orders are only allowed during market hours"}
2025-06-04 19:11:23 | ERROR    | src.trading.executor:_close_position:576 | 平仓失败: {"code":42210000,"message":"options market orders are only allowed during market hours"}
2025-06-04 19:12:23 | ERROR    | src.trading.executor:_close_position:576 | 平仓失败: {"code":42210000,"message":"options market orders are only allowed during market hours"}
2025-06-04 19:13:24 | ERROR    | src.trading.executor:_close_position:576 | 平仓失败: {"code":42210000,"message":"options market orders are only allowed during market hours"}
2025-06-04 19:14:24 | ERROR    | src.trading.executor:_close_position:576 | 平仓失败: {"code":42210000,"message":"options market orders are only allowed during market hours"}
2025-06-04 19:15:24 | ERROR    | src.trading.executor:_close_position:576 | 平仓失败: {"code":42210000,"message":"options market orders are only allowed during market hours"}
2025-06-04 19:16:25 | ERROR    | src.trading.executor:_close_position:576 | 平仓失败: {"code":42210000,"message":"options market orders are only allowed during market hours"}
2025-06-04 19:17:25 | ERROR    | src.trading.executor:_close_position:576 | 平仓失败: {"code":42210000,"message":"options market orders are only allowed during market hours"}
2025-06-04 19:18:26 | ERROR    | src.trading.executor:_close_position:576 | 平仓失败: {"code":42210000,"message":"options market orders are only allowed during market hours"}
2025-06-04 19:19:26 | ERROR    | src.trading.executor:_close_position:576 | 平仓失败: {"code":42210000,"message":"options market orders are only allowed during market hours"}
2025-06-04 19:20:27 | ERROR    | src.trading.executor:_close_position:576 | 平仓失败: {"code":42210000,"message":"options market orders are only allowed during market hours"}
2025-06-04 19:21:27 | ERROR    | src.trading.executor:_close_position:576 | 平仓失败: {"code":42210000,"message":"options market orders are only allowed during market hours"}
2025-06-04 19:22:28 | ERROR    | src.trading.executor:_close_position:576 | 平仓失败: {"code":42210000,"message":"options market orders are only allowed during market hours"}
2025-06-04 19:23:28 | ERROR    | src.trading.executor:_close_position:576 | 平仓失败: {"code":42210000,"message":"options market orders are only allowed during market hours"}
2025-06-04 19:24:28 | ERROR    | src.trading.executor:_close_position:576 | 平仓失败: {"code":42210000,"message":"options market orders are only allowed during market hours"}
2025-06-04 19:25:29 | ERROR    | src.trading.executor:_close_position:576 | 平仓失败: {"code":42210000,"message":"options market orders are only allowed during market hours"}
2025-06-04 19:26:29 | ERROR    | src.trading.executor:_close_position:576 | 平仓失败: {"code":42210000,"message":"options market orders are only allowed during market hours"}
2025-06-04 19:43:06 | ERROR    | src.trading.executor:_close_position:576 | 平仓失败: ('Connection aborted.', ConnectionResetError(54, 'Connection reset by peer'))
2025-06-04 20:00:12 | ERROR    | src.trading.executor:_close_position:576 | 平仓失败: {"code":42210000,"message":"options market orders are only allowed during market hours"}
2025-06-04 20:17:54 | ERROR    | src.trading.executor:_close_position:576 | 平仓失败: ('Connection aborted.', ConnectionResetError(54, 'Connection reset by peer'))
2025-06-04 20:34:58 | ERROR    | src.trading.executor:_close_position:576 | 平仓失败: {"code":42210000,"message":"options market orders are only allowed during market hours"}
2025-06-04 20:52:48 | ERROR    | src.trading.executor:_close_position:576 | 平仓失败: ('Connection aborted.', ConnectionResetError(54, 'Connection reset by peer'))
2025-06-05 07:01:31 | ERROR    | src.trading.executor:update_account_info:131 | 更新账户信息失败: ('Connection aborted.', ConnectionResetError(54, 'Connection reset by peer'))
2025-06-05 07:01:31 | ERROR    | src.data.market_data:get_current_price:369 | 获取当前价格失败: ('Connection aborted.', ConnectionResetError(54, 'Connection reset by peer'))
2025-06-05 07:01:31 | ERROR    | src.data.market_data:_get_option_chain_sdk:268 | SDK获取期权链失败: ('Connection aborted.', ConnectionResetError(54, 'Connection reset by peer'))
2025-06-05 07:01:31 | ERROR    | src.bot.trading_bot:_risk_check:207 | 接近最大日亏损限制，停止新交易
2025-06-05 07:18:59 | ERROR    | src.data.market_data:get_current_price:369 | 获取当前价格失败: ('Connection aborted.', ConnectionResetError(54, 'Connection reset by peer'))
2025-06-05 07:18:59 | ERROR    | src.data.market_data:_get_option_chain_sdk:268 | SDK获取期权链失败: ('Connection aborted.', ConnectionResetError(54, 'Connection reset by peer'))
2025-06-05 07:19:01 | ERROR    | src.trading.executor:update_account_info:131 | 更新账户信息失败: ('Connection aborted.', ConnectionResetError(54, 'Connection reset by peer'))
2025-06-05 07:19:01 | ERROR    | src.bot.trading_bot:_risk_check:207 | 接近最大日亏损限制，停止新交易
2025-06-05 07:39:06 | ERROR    | src.trading.executor:update_account_info:131 | 更新账户信息失败: ('Connection aborted.', ConnectionResetError(54, 'Connection reset by peer'))
2025-06-05 07:39:07 | ERROR    | src.data.market_data:get_current_price:369 | 获取当前价格失败: ('Connection aborted.', ConnectionResetError(54, 'Connection reset by peer'))
2025-06-05 07:39:07 | ERROR    | src.data.market_data:_get_option_chain_sdk:268 | SDK获取期权链失败: ('Connection aborted.', ConnectionResetError(54, 'Connection reset by peer'))
2025-06-05 07:39:08 | ERROR    | src.bot.trading_bot:_risk_check:207 | 接近最大日亏损限制，停止新交易
2025-06-05 07:55:12 | ERROR    | src.trading.executor:update_account_info:131 | 更新账户信息失败: ('Connection aborted.', ConnectionResetError(54, 'Connection reset by peer'))
2025-06-05 07:55:13 | ERROR    | src.data.market_data:get_current_price:369 | 获取当前价格失败: ('Connection aborted.', ConnectionResetError(54, 'Connection reset by peer'))
2025-06-05 07:55:22 | ERROR    | src.bot.trading_bot:_risk_check:207 | 接近最大日亏损限制，停止新交易
2025-06-05 08:00:13 | ERROR    | src.trading.executor:update_account_info:131 | 更新账户信息失败: ('Connection aborted.', ConnectionResetError(54, 'Connection reset by peer'))
2025-06-05 08:00:13 | ERROR    | src.data.market_data:get_current_price:369 | 获取当前价格失败: ('Connection aborted.', ConnectionResetError(54, 'Connection reset by peer'))
2025-06-05 08:00:13 | ERROR    | src.data.market_data:_get_option_chain_sdk:268 | SDK获取期权链失败: ('Connection aborted.', ConnectionResetError(54, 'Connection reset by peer'))
2025-06-05 08:00:23 | ERROR    | src.bot.trading_bot:_risk_check:207 | 接近最大日亏损限制，停止新交易
2025-06-05 08:18:35 | ERROR    | src.data.market_data:get_current_price:369 | 获取当前价格失败: ('Connection aborted.', ConnectionResetError(54, 'Connection reset by peer'))
2025-06-05 08:18:36 | ERROR    | src.data.market_data:_get_option_chain_sdk:268 | SDK获取期权链失败: ('Connection aborted.', ConnectionResetError(54, 'Connection reset by peer'))
2025-06-05 08:18:37 | ERROR    | src.trading.executor:update_account_info:131 | 更新账户信息失败: ('Connection aborted.', ConnectionResetError(54, 'Connection reset by peer'))
2025-06-05 08:18:37 | ERROR    | src.bot.trading_bot:_risk_check:207 | 接近最大日亏损限制，停止新交易
2025-06-05 08:35:58 | ERROR    | src.trading.executor:update_account_info:131 | 更新账户信息失败: ('Connection aborted.', ConnectionResetError(54, 'Connection reset by peer'))
2025-06-05 08:35:58 | ERROR    | src.data.market_data:get_current_price:369 | 获取当前价格失败: ('Connection aborted.', ConnectionResetError(54, 'Connection reset by peer'))
2025-06-05 08:35:58 | ERROR    | src.data.market_data:_get_option_chain_sdk:268 | SDK获取期权链失败: ('Connection aborted.', ConnectionResetError(54, 'Connection reset by peer'))
2025-06-05 08:35:59 | ERROR    | src.bot.trading_bot:_risk_check:207 | 接近最大日亏损限制，停止新交易
2025-06-05 08:54:28 | ERROR    | src.trading.executor:update_account_info:131 | 更新账户信息失败: ('Connection aborted.', ConnectionResetError(54, 'Connection reset by peer'))
2025-06-05 08:54:28 | ERROR    | src.data.market_data:get_current_price:369 | 获取当前价格失败: ('Connection aborted.', ConnectionResetError(54, 'Connection reset by peer'))
2025-06-05 08:54:29 | ERROR    | src.data.market_data:_get_option_chain_sdk:268 | SDK获取期权链失败: ('Connection aborted.', ConnectionResetError(54, 'Connection reset by peer'))
2025-06-05 08:54:29 | ERROR    | src.bot.trading_bot:_risk_check:207 | 接近最大日亏损限制，停止新交易
2025-06-05 09:00:00 | ERROR    | src.trading.executor:update_account_info:131 | 更新账户信息失败: ('Connection aborted.', ConnectionResetError(54, 'Connection reset by peer'))
2025-06-05 09:00:00 | ERROR    | src.data.market_data:get_current_price:369 | 获取当前价格失败: ('Connection aborted.', ConnectionResetError(54, 'Connection reset by peer'))
2025-06-05 09:00:11 | ERROR    | src.bot.trading_bot:_risk_check:207 | 接近最大日亏损限制，停止新交易
2025-06-05 09:15:53 | ERROR    | src.trading.executor:update_account_info:131 | 更新账户信息失败: ('Connection aborted.', ConnectionResetError(54, 'Connection reset by peer'))
2025-06-05 09:15:53 | ERROR    | src.data.market_data:get_current_price:369 | 获取当前价格失败: ('Connection aborted.', ConnectionResetError(54, 'Connection reset by peer'))
2025-06-05 09:15:54 | ERROR    | src.data.market_data:_get_option_chain_sdk:268 | SDK获取期权链失败: ('Connection aborted.', ConnectionResetError(54, 'Connection reset by peer'))
2025-06-05 09:15:54 | ERROR    | src.bot.trading_bot:_risk_check:207 | 接近最大日亏损限制，停止新交易
2025-06-05 09:19:59 | ERROR    | src.trading.executor:update_account_info:131 | 更新账户信息失败: ('Connection aborted.', ConnectionResetError(54, 'Connection reset by peer'))
2025-06-05 09:19:59 | ERROR    | src.data.market_data:get_current_price:369 | 获取当前价格失败: ('Connection aborted.', ConnectionResetError(54, 'Connection reset by peer'))
2025-06-05 09:19:59 | ERROR    | src.data.market_data:_get_option_chain_sdk:268 | SDK获取期权链失败: ('Connection aborted.', ConnectionResetError(54, 'Connection reset by peer'))
2025-06-05 09:33:23 | ERROR    | src.bot.trading_bot:_risk_check:207 | 接近最大日亏损限制，停止新交易
2025-06-05 09:33:23 | ERROR    | src.trading.executor:update_account_info:131 | 更新账户信息失败: ('Connection aborted.', ConnectionResetError(54, 'Connection reset by peer'))
2025-06-05 09:33:23 | ERROR    | src.data.market_data:get_current_price:369 | 获取当前价格失败: ('Connection aborted.', ConnectionResetError(54, 'Connection reset by peer'))
2025-06-05 09:33:35 | ERROR    | src.trading.executor:_close_position:576 | 平仓失败: {"code":42210000,"message":"contract \"SPY250604C00569000\" is not active"}
